/**
 * generated by fontconvert.py
 * name: lato_16_italic
 * size: 16
 * mode: 2-bit  compressed: true
 * Command used: fontconvert.py lato_16_italic 16 ../builtinFonts/source/Lato/Lato-Italic.ttf --2bit --compress --pnum --darken-aa
 */
#pragma once
#include "EpdFontData.h"

static const uint8_t lato_16_italicBitmaps[34678] = {
    0xAD, 0x5A, 0xBD, 0xAF, 0xEC, 0xC4, 0x15, 0x1F, 0xDB, 0x08, 0xA3, 0x58, 0x8A, 0x29, 0x28, 0x90,
    0xA2, 0xC4, 0x29, 0x28, 0x28, 0x02, 0x6E, 0x28, 0x90, 0x72, 0xEF, 0x8E, 0x43, 0xA4, 0x50, 0xF0,
    0x6F, 0xA4, 0x48, 0x47, 0x93, 0xF2, 0xBE, 0xB5, 0x81, 0x22, 0x45, 0x0A, 0xEE, 0x7F, 0x00, 0x45,
    0x7A, 0x28, 0x90, 0x82, 0x94, 0xBD, 0xBB, 0x26, 0x14, 0x14, 0x14, 0xF1, 0x83, 0x82, 0x82, 0xE2,
    0x19, 0x84, 0x44, 0x11, 0x29, 0xD7, 0x80, 0x11, 0x46, 0xCF, 0xF6, 0xE4, 0xF7, 0x3B, 0x67, 0xBC,
    0x1F, 0xF7, 0xDD, 0x07, 0x89, 0x92, 0x7D, 0xF6, 0xD9, 0x8B, 0x77, 0x3C, 0x73, 0xE6, 0x7C, 0xFC,
    0xCE, 0xC7, 0x10, 0x75, 0x91, 0xFE, 0x6B, 0xE3, 0x36, 0x69, 0x92, 0x3A, 0xD5, 0x7F, 0x55, 0x5A,
    0xA4, 0x26, 0x35, 0x87, 0xCF, 0xCA, 0xB8, 0xC2, 0x15, 0x2B, 0x93, 0x27, 0x35, 0x2E, 0x9B, 0xF2,
    0x5A, 0xA5, 0xD5, 0x79, 0x5A, 0x9C, 0xA5, 0xE6, 0x79, 0x8E, 0xEC, 0xE2, 0xDA, 0x84, 0x5D, 0x5A,
    0x9B, 0xA8, 0x4D, 0x2B, 0x13, 0xD5, 0x99, 0x31, 0x18, 0x6B, 0x4C, 0x5A, 0xAD, 0x40, 0x8A, 0x33,
    0x93, 0x3A, 0xE7, 0x3A, 0x92, 0x16, 0xB3, 0xF5, 0xC6, 0x5C, 0x04, 0x9D, 0x31, 0x9B, 0x10, 0x64,
    0x88, 0x5A, 0x63, 0xFA, 0xA8, 0x31, 0x41, 0x97, 0xD4, 0x06, 0x23, 0x9C, 0x92, 0xA8, 0xD9, 0x4F,
    0x52, 0xCB, 0x24, 0xE7, 0xC6, 0x64, 0x66, 0x63, 0x8C, 0x35, 0x83, 0x31, 0xE7, 0x9C, 0x04, 0x9F,
    0x4B, 0xDC, 0x61, 0x03, 0x12, 0xD5, 0x9E, 0x04, 0xBB, 0xC9, 0x70, 0xB9, 0xCA, 0x58, 0xAE, 0x36,
    0x27, 0x2F, 0xD6, 0xC1, 0x00, 0x1E, 0xC1, 0x1E, 0x06, 0x28, 0xF9, 0x05, 0xC8, 0xF8, 0x0C, 0xC6,
    0xBA, 0x0B, 0xBC, 0xE5, 0x46, 0x90, 0xDC, 0x61, 0x96, 0x50, 0xFE, 0xFC, 0x9B, 0xE3, 0x8E, 0x76,
    0x05, 0x48, 0x5E, 0x81, 0x60, 0x47, 0x41, 0x9B, 0x55, 0x58, 0x27, 0x2F, 0x9E, 0x8C, 0x6A, 0x6B,
    0xCA, 0xDF, 0xD6, 0x93, 0xB1, 0xF7, 0xAF, 0x07, 0xAE, 0x03, 0xC6, 0xDD, 0x8C, 0x17, 0x12, 0xB2,
    0x93, 0xEE, 0xC9, 0x63, 0x24, 0x25, 0xA5, 0x12, 0xB9, 0xCE, 0x40, 0xBA, 0x77, 0x47, 0x93, 0x41,
    0xB2, 0x1B, 0xEC, 0x3F, 0x37, 0x67, 0x66, 0x34, 0xCF, 0x9A, 0xB3, 0xA8, 0xC3, 0x7F, 0x9D, 0x25,
    0x0D, 0xE8, 0x06, 0x0B, 0xE4, 0x66, 0xC0, 0x4E, 0xB3, 0xD7, 0xBA, 0x91, 0x3B, 0x78, 0x1F, 0xC2,
    0x09, 0xE7, 0x84, 0x9B, 0x33, 0xD9, 0xAB, 0x5C, 0x62, 0x95, 0x62, 0x57, 0x66, 0xB4, 0x78, 0x16,
    0x75, 0x1B, 0xC8, 0x2D, 0x69, 0x06, 0x88, 0x30, 0xAB, 0xBA, 0x90, 0x13, 0x41, 0x8F, 0x98, 0xB6,
    0x8B, 0x1A, 0x4C, 0xDB, 0xC7, 0x35, 0x46, 0x4D, 0x59, 0x85, 0x69, 0xED, 0x6C, 0x28, 0x40, 0x0A,
    0x2C, 0x1F, 0x28, 0x2F, 0xC7, 0x0D, 0xC6, 0xBD, 0xAD, 0x28, 0x5B, 0x28, 0xCD, 0x64, 0x05, 0x44,
    0x8F, 0xE5, 0x03, 0x43, 0xF1, 0xF2, 0x93, 0x2B, 0xAD, 0x64, 0x3F, 0xB5, 0xD0, 0xCE, 0x2C, 0x13,
    0x18, 0x37, 0x99, 0x3B, 0x26, 0xEA, 0x77, 0x50, 0x47, 0xDA, 0xD8, 0x7A, 0xC4, 0xC0, 0xF4, 0xB3,
    0x01, 0xAF, 0xC6, 0xDF, 0x75, 0xA0, 0x21, 0xE4, 0x8E, 0x69, 0x76, 0x35, 0xA9, 0x05, 0xAD, 0x02,
    0x3C, 0xC9, 0xFA, 0xEC, 0x7E, 0x6F, 0x62, 0xE7, 0x5E, 0xC5, 0xF6, 0x76, 0x83, 0xD9, 0x61, 0x91,
    0x1C, 0x23, 0x2C, 0xB8, 0x3B, 0x87, 0x44, 0x9E, 0x37, 0xE6, 0x11, 0x11, 0x1E, 0x5E, 0xBA, 0x83,
    0x6D, 0x42, 0x74, 0xD8, 0x26, 0xF6, 0x48, 0x06, 0x52, 0x4A, 0x87, 0xBF, 0xAC, 0xA8, 0x7B, 0xFE,
    0xBE, 0xB9, 0xED, 0xBA, 0x90, 0x9F, 0x56, 0x32, 0x32, 0xE7, 0xBE, 0xF8, 0x22, 0xF6, 0x16, 0x82,
    0xE9, 0xC7, 0xA1, 0x4A, 0x43, 0xDB, 0x19, 0x65, 0xE8, 0xF9, 0xD1, 0x38, 0xBD, 0xB2, 0xA3, 0x4B,
    0x9F, 0xD8, 0x65, 0xC9, 0x8D, 0xBC, 0x35, 0x2C, 0x2C, 0xD5, 0x64, 0x29, 0x5F, 0x7E, 0xF9, 0x25,
    0x26, 0x7F, 0xD2, 0x98, 0x5F, 0x99, 0x47, 0xCE, 0xCC, 0xB3, 0xCF, 0xBF, 0x93, 0xB8, 0x26, 0x98,
    0xB1, 0xCF, 0x22, 0xFF, 0x6B, 0xFB, 0xDC, 0xDB, 0x6F, 0x9A, 0xB7, 0x65, 0x5D, 0xF3, 0x07, 0x0A,
    0x6E, 0x43, 0x32, 0x9C, 0x12, 0x31, 0x64, 0x8E, 0xA0, 0x4B, 0xC0, 0x66, 0x5D, 0x5D, 0x3A, 0x9A,
    0x6F, 0xC4, 0x67, 0x74, 0x0E, 0x4F, 0xF6, 0x56, 0x1E, 0x93, 0xA8, 0xC2, 0xCA, 0xAA, 0xAC, 0xF3,
    0x2A, 0x86, 0xBF, 0x3E, 0x03, 0xF9, 0x3D, 0x8E, 0xD7, 0x2B, 0x5C, 0x79, 0x61, 0x6B, 0x5B, 0xE7,
    0x30, 0x60, 0x88, 0x55, 0x17, 0xED, 0xE9, 0x00, 0x3A, 0x09, 0xDF, 0x4C, 0x0B, 0x55, 0xF1, 0xF9,
    0x0F, 0xFF, 0xBC, 0xF2, 0x3F, 0x0F, 0xFE, 0xE7, 0xD6, 0xFF, 0x5C, 0x1D, 0x7E, 0x7E, 0x8A, 0xDC,
    0x53, 0xBD, 0xB0, 0x58, 0x88, 0xA8, 0xAC, 0x76, 0x14, 0x55, 0x5E, 0x81, 0xFB, 0xB4, 0x8E, 0x61,
    0xA2, 0x2D, 0x51, 0x41, 0xA0, 0xA1, 0x03, 0x47, 0x51, 0x67, 0xCD, 0x43, 0x48, 0x89, 0x9D, 0xB5,
    0xF8, 0x2B, 0x69, 0x2C, 0x6D, 0x0E, 0x24, 0xAB, 0x6C, 0x01, 0x05, 0xC0, 0x84, 0xD7, 0x78, 0x10,
    0x8C, 0x26, 0x1E, 0x7E, 0xD6, 0x61, 0x31, 0x57, 0x7B, 0x43, 0x8C, 0x61, 0xFC, 0xAD, 0xD9, 0xB5,
    0xA1, 0x6B, 0x52, 0x57, 0xDB, 0xD7, 0xEB, 0x75, 0x5A, 0x3F, 0x91, 0x8A, 0x76, 0xF0, 0x12, 0x3D,
    0xAA, 0xE0, 0x65, 0xCD, 0xE1, 0x5A, 0xCB, 0x75, 0x25, 0xD7, 0xB8, 0x5C, 0x21, 0x9D, 0x3F, 0x13,
    0xFE, 0x5F, 0x99, 0xF9, 0x04, 0x36, 0xDC, 0x1B, 0x5B, 0x60, 0x13, 0x90, 0x6E, 0x63, 0x44, 0x94,
    0xB6, 0x58, 0xBC, 0x63, 0xC7, 0x2D, 0x13, 0x29, 0xA2, 0x61, 0x71, 0x0C, 0x4B, 0x9D, 0xD0, 0xAD,
    0xA2, 0xF1, 0x47, 0x1F, 0x39, 0x2C, 0x24, 0x44, 0x1C, 0x65, 0x59, 0xD7, 0xED, 0xD7, 0x15, 0xE1,
    0xE5, 0x55, 0x50, 0xA9, 0xFF, 0xE5, 0xFB, 0x75, 0x27, 0xEA, 0x9D, 0xE6, 0x42, 0x18, 0x10, 0x99,
    0x9B, 0x64, 0x58, 0x7E, 0x30, 0x5B, 0x92, 0x35, 0x7D, 0x68, 0xCD, 0xE1, 0x57, 0x24, 0xD0, 0x44,
    0x1D, 0xF5, 0x58, 0x1C, 0x62, 0x8A, 0x69, 0x54, 0x74, 0xBC, 0x65, 0x70, 0x40, 0x4C, 0x89, 0xF8,
    0x6E, 0x4A, 0x0E, 0x2D, 0xC9, 0x76, 0xC3, 0xAD, 0x8D, 0xD4, 0x07, 0x41, 0xA8, 0x19, 0x08, 0x02,
    0x20, 0x25, 0x4D, 0x64, 0x0C, 0x7A, 0x3C, 0x87, 0x99, 0xA6, 0x6D, 0x48, 0x0E, 0x41, 0x4A, 0x9A,
    0xE9, 0x6E, 0x31, 0xDA, 0xDA, 0x9B, 0x69, 0xDC, 0x1C, 0x9B, 0xA9, 0x12, 0xC1, 0x19, 0x22, 0x8F,
    0x25, 0x5C, 0xD2, 0xF0, 0xE8, 0xAD, 0xC7, 0x2E, 0xD1, 0x7B, 0x1F, 0x10, 0x5B, 0x33, 0x11, 0x87,
    0x45, 0xC4, 0xD7, 0xB0, 0xCD, 0xBA, 0x45, 0xD8, 0x22, 0x76, 0x73, 0x4A, 0xE4, 0x59, 0xC8, 0xB7,
    0xC1, 0xCB, 0xD3, 0x60, 0xDA, 0xEC, 0x2A, 0xA0, 0x77, 0x09, 0x94, 0xC2, 0xA6, 0x05, 0x3F, 0x63,
    0xFC, 0x9A, 0x42, 0x5E, 0x84, 0x3C, 0xB0, 0x10, 0x8E, 0x62, 0x3B, 0xC2, 0x13, 0xD5, 0x3A, 0x11,
    0x69, 0x5D, 0x81, 0xD5, 0xDA, 0x74, 0x48, 0xFA, 0xAC, 0x0E, 0x47, 0x3C, 0x1E, 0x21, 0xC0, 0x89,
    0xC6, 0x72, 0xA5, 0xF7, 0xB8, 0x26, 0xF8, 0x62, 0x25, 0xE0, 0x5C, 0x97, 0x35, 0x65, 0x9D, 0x90,
    0xC5, 0x5D, 0x8B, 0xD8, 0xE1, 0x5C, 0x41, 0xCF, 0x15, 0xCC, 0x5F, 0x14, 0x12, 0x8E, 0xCA, 0x91,
    0xAE, 0x6C, 0x32, 0x0A, 0x81, 0xEB, 0xDF, 0x36, 0x22, 0x69, 0x17, 0x9C, 0xBD, 0x6D, 0x04, 0xB7,
    0x96, 0x74, 0xCB, 0x08, 0x31, 0x0A, 0x45, 0xE9, 0x18, 0x1A, 0x2D, 0x5D, 0x17, 0xCC, 0xD1, 0x88,
    0x69, 0x26, 0xB8, 0xDB, 0x1A, 0xB2, 0x5E, 0x61, 0x18, 0xBF, 0xAF, 0xE2, 0x36, 0x18, 0x23, 0xEC,
    0x07, 0x0A, 0x6A, 0xE0, 0x35, 0x08, 0x01, 0x59, 0x43, 0xE3, 0xA2, 0x61, 0xC0, 0x00, 0x46, 0xAC,
    0x40, 0x55, 0xE3, 0x0E, 0xC6, 0x19, 0xF2, 0x2D, 0xB1, 0x8A, 0xC5, 0xBE, 0x10, 0xD5, 0x60, 0x5E,
    0x5F, 0x60, 0x51, 0xEE, 0xCF, 0x35, 0xD1, 0xF7, 0x49, 0x97, 0x36, 0xE1, 0x00, 0x87, 0xA2, 0x4C,
    0x36, 0xFE, 0x1E, 0xF5, 0x0E, 0x46, 0x5B, 0x45, 0x7D, 0xD6, 0xE6, 0x5D, 0xE2, 0xB8, 0xCE, 0x5B,
    0xB5, 0xB2, 0x37, 0xA9, 0xCA, 0xC8, 0x78, 0xE6, 0xE5, 0x3C, 0xAB, 0x33, 0xC8, 0xA3, 0x86, 0xDB,
    0xC9, 0xDB, 0xBC, 0xD5, 0xF0, 0x72, 0xFC, 0x59, 0x43, 0x47, 0x0E, 0x34, 0xA9, 0xB3, 0x2E, 0xEB,
    0x92, 0x07, 0x7E, 0x5F, 0xC1, 0x03, 0x77, 0x85, 0x45, 0xAC, 0xF8, 0x29, 0x00, 0xEE, 0x1D, 0x22,
    0xBB, 0x7E, 0xFE, 0xA8, 0xFE, 0x01, 0x95, 0x24, 0xF3, 0xFE, 0xCB, 0xB6, 0x7A, 0xF3, 0x6F, 0x3E,
    0x33, 0xE9, 0x44, 0xEF, 0xA9, 0x95, 0xAD, 0x50, 0x66, 0x87, 0xF2, 0x46, 0x2B, 0x2E, 0x79, 0xFA,
    0x81, 0x4E, 0x07, 0xDC, 0x02, 0xD1, 0x49, 0xA1, 0xB3, 0xC7, 0xCE, 0xCF, 0x23, 0x13, 0x0A, 0x72,
    0xD0, 0x4B, 0x7A, 0x78, 0x73, 0x45, 0x58, 0xF2, 0x5F, 0xA2, 0xC9, 0xE7, 0xFC, 0x3C, 0x78, 0x96,
    0xBB, 0xBE, 0x7C, 0x61, 0x7C, 0x8A, 0xB8, 0xB3, 0xF6, 0x01, 0x8C, 0x88, 0x06, 0x3F, 0xAA, 0xB1,
    0x9D, 0x70, 0xA0, 0x21, 0x00, 0x60, 0xE1, 0x3F, 0x61, 0x75, 0xC2, 0x03, 0xC1, 0x0C, 0x36, 0xD6,
    0xAA, 0xF6, 0x13, 0x77, 0x49, 0xEE, 0x69, 0xDB, 0xC9, 0xF7, 0xC1, 0xAE, 0xE2, 0x32, 0x08, 0x91,
    0x04, 0x93, 0x4E, 0xFC, 0x66, 0x88, 0x6B, 0x40, 0xC3, 0x05, 0xB2, 0x38, 0xD7, 0x9D, 0x65, 0xC8,
    0x55, 0x9A, 0xB3, 0x95, 0x19, 0xA3, 0xFA, 0x0C, 0xD9, 0x46, 0x52, 0x9F, 0x5D, 0x44, 0x35, 0xF2,
    0xB1, 0x0D, 0x92, 0x3D, 0x73, 0xB1, 0x49, 0xAB, 0xDC, 0xBC, 0xFB, 0x6E, 0x8A, 0xD4, 0xAE, 0x03,
    0xBD, 0x8A, 0xDA, 0x4D, 0xFA, 0xF7, 0x39, 0xAD, 0x2F, 0x12, 0xF7, 0x86, 0x33, 0x67, 0xE1, 0x04,
    0x74, 0x59, 0x09, 0x0F, 0x59, 0x71, 0x48, 0x04, 0x68, 0x8E, 0x88, 0x90, 0xEE, 0xF2, 0xD1, 0x99,
    0x69, 0x13, 0x85, 0x13, 0x4A, 0x06, 0xA4, 0x68, 0x07, 0xE6, 0x64, 0x94, 0x2B, 0x84, 0x72, 0x2F,
    0xE9, 0x3F, 0xEA, 0x3D, 0xB5, 0x2F, 0xD1, 0x21, 0x6D, 0x4C, 0x83, 0xBF, 0x12, 0xDB, 0xA7, 0xE9,
    0xC2, 0xA9, 0x48, 0xA3, 0x2E, 0xA4, 0xC5, 0xB4, 0xF4, 0x68, 0x2C, 0x36, 0x8A, 0xB1, 0x8F, 0xA2,
    0x1E, 0xB1, 0x44, 0x27, 0x20, 0x49, 0x94, 0xA4, 0x7C, 0xC5, 0x75, 0x6C, 0x41, 0x6B, 0x42, 0xFE,
    0x41, 0x3D, 0xD4, 0xD4, 0x28, 0x42, 0x47, 0x41, 0xE8, 0x0A, 0xC9, 0x5A, 0x24, 0xA9, 0x24, 0x3C,
    0xA0, 0x66, 0x40, 0x62, 0x66, 0x94, 0xB6, 0x8C, 0xE0, 0x6D, 0x4C, 0x92, 0xF0, 0x19, 0x7C, 0x2F,
    0xAB, 0xE1, 0xA2, 0xB6, 0xC0, 0x3B, 0x13, 0x53, 0xBA, 0x96, 0x64, 0x60, 0xC8, 0x71, 0xB4, 0x11,
    0x5B, 0x81, 0x64, 0x88, 0xB3, 0x34, 0x58, 0x12, 0x88, 0x3C, 0xE3, 0x22, 0xB6, 0x60, 0x96, 0xC3,
    0xB4, 0x67, 0x84, 0x1B, 0x22, 0xCD, 0x2B, 0xDD, 0x5C, 0x48, 0x2E, 0x59, 0x31, 0xC9, 0x1A, 0x60,
    0x18, 0xA1, 0x83, 0xA5, 0x9A, 0xB3, 0xE0, 0x16, 0x4F, 0x57, 0x3F, 0xDE, 0x83, 0x7B, 0xF9, 0x30,
    0x22, 0xBF, 0x0A, 0x2C, 0xE4, 0xB5, 0x07, 0x93, 0x0A, 0x76, 0x18, 0x23, 0xEA, 0x15, 0x65, 0x4B,
    0xA9, 0xD0, 0x2A, 0x5A, 0xAE, 0xF8, 0xBD, 0x20, 0x26, 0x4C, 0x1B, 0x3B, 0xCE, 0x88, 0xD5, 0x04,
    0x10, 0x2E, 0xEB, 0xBC, 0xAC, 0x08, 0x7A, 0xB6, 0x52, 0x97, 0x24, 0x27, 0x29, 0x37, 0x4E, 0xDA,
    0x1C, 0x51, 0xF1, 0x0C, 0xA5, 0x94, 0x67, 0x5E, 0xA9, 0xFB, 0x72, 0xF5, 0x52, 0xB8, 0x9E, 0xC9,
    0x0E, 0xB6, 0x04, 0xE6, 0x23, 0x86, 0x49, 0x3A, 0x33, 0xB3, 0x3E, 0x62, 0xAE, 0x63, 0xB0, 0x90,
    0x48, 0x13, 0x92, 0x13, 0x61, 0x27, 0xEA, 0x97, 0xDD, 0x1F, 0x48, 0xDC, 0x2D, 0xA0, 0xA6, 0x12,
    0x39, 0x10, 0x2F, 0x7F, 0x6F, 0xEF, 0xD9, 0x9E, 0xE4, 0x07, 0xA1, 0x1D, 0x24, 0x77, 0x10, 0x1F,
    0xB5, 0x2D, 0x4A, 0xF8, 0x8F, 0xD7, 0xED, 0x4E, 0xD7, 0x6D, 0x74, 0xF1, 0x4E, 0xC9, 0x8F, 0xAC,
    0x6B, 0x1E, 0x54, 0x1B, 0xF5, 0x7E, 0x29, 0x0A, 0x98, 0x8C, 0x68, 0xBE, 0xA2, 0xEA, 0x73, 0x1F,
    0xB2, 0x64, 0x71, 0x5D, 0xC9, 0xFB, 0x91, 0x26, 0xD7, 0x32, 0x9D, 0x87, 0xF3, 0xF2, 0x94, 0x5A,
    0x27, 0x74, 0x96, 0x27, 0x5B, 0x19, 0x73, 0x25, 0x3C, 0x5C, 0x09, 0x4F, 0xA3, 0xCC, 0xC6, 0xA4,
    0x48, 0x92, 0x65, 0x57, 0x64, 0x2A, 0xFA, 0x86, 0x10, 0xC5, 0x8C, 0x6D, 0xE0, 0xA6, 0x08, 0xC1,
    0xA9, 0x48, 0x42, 0x69, 0x46, 0x47, 0x60, 0x56, 0x20, 0x5E, 0x13, 0x0B, 0x4D, 0xD4, 0x8F, 0x88,
    0x93, 0x85, 0x44, 0x49, 0x11, 0x86, 0x95, 0xA2, 0xCD, 0x2D, 0xB4, 0xA6, 0xA9, 0x53, 0x20, 0x5B,
    0xA1, 0xB3, 0xF0, 0x3F, 0x09, 0x15, 0x4B, 0x50, 0x4A, 0xAB, 0x30, 0x9E, 0xC2, 0xF6, 0x4A, 0x61,
    0xA3, 0x94, 0x48, 0x10, 0x0E, 0xD1, 0x10, 0xF5, 0x5A, 0x71, 0xC6, 0x5D, 0xD2, 0x21, 0x33, 0x6C,
    0xD3, 0x06, 0xFF, 0x60, 0x6B, 0xB4, 0xB4, 0xBC, 0xCA, 0x2B, 0x5B, 0xD1, 0xA7, 0x50, 0x61, 0xC9,
    0x9E, 0xD5, 0x1E, 0x7D, 0xEA, 0xE0, 0x6F, 0xAE, 0xC7, 0x9B, 0x2B, 0xCA, 0xED, 0xA5, 0x57, 0xFA,
    0x7B, 0xEB, 0xEF, 0xC9, 0xDF, 0xA3, 0xE6, 0x07, 0x4C, 0x0F, 0xB0, 0xD9, 0xC7, 0x73, 0x24, 0x07,
    0xB0, 0xD3, 0x9D, 0x97, 0xCF, 0x8E, 0x8C, 0x05, 0x13, 0xCD, 0x38, 0x16, 0x7F, 0xC1, 0xF6, 0x41,
    0xAD, 0x64, 0xDF, 0x33, 0x5F, 0xD1, 0x78, 0x45, 0x09, 0x25, 0x2D, 0xA5, 0x9E, 0xB6, 0xC2, 0xD9,
    0x5D, 0x49, 0x9B, 0x24, 0x30, 0x48, 0xDE, 0x6B, 0xD2, 0xF7, 0x66, 0x31, 0x98, 0x9D, 0x50, 0xAB,
    0x7E, 0xD3, 0x1C, 0xA4, 0x4B, 0x3D, 0xD8, 0x02, 0x4B, 0x91, 0x5B, 0xA7, 0xD9, 0x68, 0x45, 0x8E,
    0xB1, 0xA9, 0x52, 0xD2, 0x43, 0xF2, 0xC3, 0x51, 0xD4, 0x92, 0xDC, 0x9D, 0xDE, 0xD4, 0x91, 0xAE,
    0xAF, 0xF6, 0x23, 0x52, 0xB9, 0x4D, 0x32, 0x5E, 0x3A, 0xF6, 0x86, 0x74, 0x68, 0x12, 0xB8, 0x6B,
    0x9F, 0x4B, 0xF8, 0x6C, 0x34, 0x12, 0x76, 0x51, 0x9C, 0x52, 0x7E, 0x9D, 0xA0, 0xF5, 0x0E, 0x5F,
    0x98, 0xC3, 0x75, 0xF1, 0x35, 0x10, 0xE4, 0xBB, 0x36, 0xF9, 0x14, 0x01, 0xF4, 0xCB, 0x36, 0xF9,
    0x18, 0x62, 0xF9, 0xB0, 0x49, 0xDF, 0x47, 0x66, 0xFA, 0x52, 0x9D, 0xBE, 0x07, 0x7D, 0x52, 0x65,
    0xA3, 0x19, 0xF9, 0x75, 0x15, 0x0E, 0x6C, 0x19, 0x58, 0xA6, 0xF8, 0xC8, 0xD7, 0xA1, 0xCE, 0x2A,
    0x2B, 0xF2, 0x37, 0x50, 0x77, 0xE6, 0x45, 0xEA, 0x90, 0xBC, 0xE6, 0x26, 0x99, 0xA4, 0xCE, 0x8B,
    0x47, 0x29, 0xF6, 0x28, 0x5E, 0xF2, 0x75, 0xA9, 0x5F, 0xE4, 0x71, 0xAD, 0x41, 0x7D, 0xAD, 0xB1,
    0x9F, 0x51, 0x2C, 0x69, 0x22, 0x09, 0x01, 0xCC, 0x4E, 0x41, 0x9D, 0xD2, 0x42, 0x28, 0x8B, 0xC1,
    0xF8, 0x1A, 0xA0, 0x5D, 0x25, 0x9F, 0x74, 0x2C, 0x5D, 0x3F, 0x1E, 0xB0, 0x0C, 0x19, 0xCA, 0xF1,
    0x3B, 0xE1, 0x98, 0x11, 0x80, 0x34, 0x47, 0x11, 0x81, 0x38, 0xD8, 0xB0, 0x84, 0x88, 0xBB, 0x35,
    0x68, 0x34, 0xAC, 0x99, 0x4F, 0x8F, 0x57, 0xAC, 0x5F, 0x90, 0xEB, 0x5A, 0x49, 0x7B, 0x59, 0x04,
    0x0A, 0x4D, 0x85, 0x82, 0xD1, 0xB5, 0xA8, 0x62, 0xED, 0x33, 0xD3, 0x9C, 0xD2, 0x89, 0x24, 0xD2,
    0x65, 0x7D, 0xCC, 0x48, 0x04, 0xA4, 0x2B, 0x68, 0x56, 0xEA, 0x47, 0xB0, 0xE3, 0x96, 0x7A, 0xA2,
    0x36, 0x22, 0xE9, 0x19, 0x44, 0x3D, 0xA5, 0x0F, 0x2A, 0x79, 0x6B, 0x29, 0x82, 0x3F, 0xA2, 0xAC,
    0x75, 0x30, 0xBE, 0x14, 0xF4, 0xB3, 0x62, 0xE9, 0x1C, 0x9F, 0xD7, 0xB9, 0xE4, 0x4E, 0x9C, 0x6D,
    0x16, 0x83, 0x64, 0x36, 0x41, 0x90, 0xA7, 0x12, 0x25, 0xDF, 0x6B, 0x05, 0x57, 0x5B, 0x45, 0x99,
    0xA8, 0x0F, 0x1C, 0x6B, 0x14, 0x2B, 0xC1, 0x4D, 0x23, 0x5C, 0x2C, 0x21, 0xCD, 0xC7, 0x35, 0x81,
    0xF7, 0x8C, 0xB8, 0x6E, 0x19, 0x20, 0x77, 0x2C, 0xC9, 0x46, 0x8F, 0x6F, 0x8C, 0xA8, 0xD9, 0x1E,
    0xDA, 0xF2, 0x5B, 0x20, 0xF5, 0x16, 0x7C, 0xFB, 0x3F, 0xC8, 0x61, 0x78, 0x88, 0x1C, 0xBA, 0x07,
    0xE4, 0x20, 0x58, 0xE4, 0x44, 0x0E, 0x82, 0x6F, 0x65, 0x27, 0x72, 0xA8, 0x29, 0x87, 0x6B, 0x49,
    0xEB, 0x05, 0xC2, 0xB5, 0xBE, 0xF2, 0xC9, 0x07, 0x0A, 0x50, 0xD2, 0x9F, 0x54, 0xA7, 0x52, 0x52,
    0xA7, 0x8E, 0x3A, 0x85, 0x3F, 0x48, 0x81, 0x24, 0x11, 0xD2, 0x32, 0x79, 0x68, 0x15, 0xF3, 0x66,
    0x8A, 0x6D, 0x5C, 0x42, 0x90, 0x08, 0xC8, 0x19, 0x8D, 0xF5, 0x40, 0xA7, 0x5A, 0xD3, 0x0C, 0xC9,
    0x38, 0xC4, 0xA1, 0x2D, 0x21, 0xCE, 0x52, 0x57, 0x25, 0xA1, 0xA4, 0x14, 0xDF, 0xF3, 0x35, 0x1D,
    0x5E, 0x2E, 0x0B, 0xA9, 0x85, 0x7F, 0xEE, 0xEB, 0x99, 0x1B, 0x64, 0x5C, 0xD2, 0xA3, 0x80, 0xF1,
    0x02, 0xA8, 0x44, 0x77, 0x76, 0xFC, 0x49, 0x4A, 0xB4, 0x64, 0x5C, 0xD2, 0xFF, 0xA3, 0x6A, 0x67,
    0x30, 0x4F, 0x18, 0x69, 0xF5, 0x20, 0x7D, 0xDA, 0x35, 0x64, 0x88, 0xEB, 0xC8, 0x8A, 0x2C, 0x3F,
    0x3A, 0x21, 0x1A, 0x70, 0xB4, 0x28, 0x1A, 0x16, 0x22, 0xC5, 0xD3, 0x8D, 0x78, 0x18, 0x3F, 0x34,
    0x0E, 0x37, 0x7B, 0xB2, 0x54, 0x6E, 0xC7, 0xF1, 0xF0, 0xC4, 0x5E, 0x38, 0x6C, 0xC7, 0x11, 0x5B,
    0x92, 0x99, 0x23, 0x26, 0x92, 0x51, 0x42, 0x94, 0x44, 0x07, 0x49, 0x16, 0x30, 0x56, 0x8A, 0xAA,
    0x70, 0x60, 0xB1, 0x2F, 0x84, 0x36, 0x10, 0x75, 0x3B, 0x92, 0xAD, 0x27, 0x31, 0x49, 0xD2, 0x6E,
    0xB9, 0x68, 0xE9, 0x25, 0x6F, 0x89, 0x6C, 0xD0, 0x4C, 0x8F, 0x6C, 0x54, 0xEA, 0x41, 0xF3, 0xB2,
    0xA2, 0xA8, 0x66, 0x62, 0x90, 0xB9, 0xA0, 0x9E, 0x8F, 0x4D, 0xA9, 0x46, 0xC6, 0x86, 0xDB, 0x4E,
    0x04, 0xCC, 0x99, 0xE9, 0x49, 0xDB, 0x26, 0x95, 0xBC, 0x08, 0x93, 0x85, 0x83, 0x0F, 0x52, 0xA5,
    0x08, 0x56, 0xC2, 0x84, 0xC8, 0x6B, 0x2B, 0x12, 0x5A, 0x8B, 0x4C, 0xAC, 0x08, 0xC0, 0x6A, 0xAA,
    0xF6, 0x32, 0x9D, 0x22, 0xDB, 0x49, 0xF0, 0x96, 0x62, 0x5B, 0x2A, 0x66, 0x2D, 0xC6, 0x55, 0x84,
    0x93, 0xB4, 0x45, 0xC2, 0x61, 0x16, 0x20, 0x96, 0x6D, 0x21, 0x08, 0x24, 0xB4, 0x6D, 0x74, 0x01,
    0xD3, 0xA6, 0x94, 0x52, 0x21, 0x63, 0x5B, 0xE3, 0x3E, 0xAC, 0x0D, 0x71, 0x2E, 0xFC, 0x46, 0x90,
    0xB0, 0x8A, 0xF0, 0xBD, 0x63, 0x2C, 0xFE, 0xA8, 0x63, 0x3C, 0x05, 0xC2, 0xF6, 0x60, 0x06, 0x5E,
    0x5B, 0x21, 0x60, 0x12, 0xC5, 0xD0, 0x22, 0xED, 0xA4, 0x09, 0x3A, 0x8A, 0x5F, 0x6F, 0xCC, 0x06,
    0xAC, 0x25, 0xED, 0x88, 0x9E, 0x21, 0x56, 0xF8, 0xAA, 0x37, 0x77, 0x20, 0x86, 0x18, 0xB3, 0xAC,
    0x28, 0xD5, 0x6F, 0xD0, 0x61, 0xA5, 0x4C, 0xEF, 0x23, 0x71, 0x65, 0x09, 0x06, 0xBB, 0xCA, 0xA5,
    0xD5, 0x50, 0x48, 0x55, 0x12, 0xD2, 0xA0, 0xC1, 0x30, 0x23, 0x91, 0x28, 0x7B, 0xF4, 0xAA, 0x66,
    0x32, 0x37, 0x90, 0xF7, 0x94, 0x8B, 0xF0, 0x0F, 0xAC, 0x56, 0x16, 0x3E, 0x10, 0x22, 0x78, 0x73,
    0xC7, 0xA3, 0xEC, 0x75, 0xAB, 0x2F, 0x68, 0x3A, 0xE4, 0x0E, 0xE2, 0x50, 0x9A, 0x8B, 0x80, 0x4A,
    0x11, 0xD6, 0x2C, 0xEE, 0x2F, 0xB6, 0x90, 0x08, 0x2C, 0x64, 0x8D, 0x84, 0xC3, 0x4A, 0x93, 0x52,
    0x28, 0x22, 0x94, 0x0E, 0x0C, 0xEB, 0xF3, 0x59, 0xF8, 0x29, 0xA5, 0x49, 0x42, 0xF9, 0x60, 0x1D,
    0xEA, 0x6A, 0xD4, 0xFE, 0x11, 0x1C, 0x92, 0x39, 0x3B, 0xFC, 0xD7, 0xFB, 0x1D, 0x6C, 0x64, 0xA2,
    0xD2, 0xB6, 0x92, 0xD9, 0x4A, 0xF2, 0xF2, 0xBA, 0xB4, 0x18, 0xC8, 0xC8, 0xBC, 0x78, 0xD0, 0xAD,
    0xD6, 0xDE, 0xEE, 0xAD, 0xFD, 0x16, 0x43, 0x97, 0x6C, 0xC7, 0xD3, 0x05, 0x5B, 0x54, 0xCF, 0xD2,
    0x85, 0xD0, 0x1E, 0x8E, 0x91, 0xEA, 0x26, 0x9C, 0x0F, 0x43, 0x7C, 0x7B, 0xB4, 0x39, 0x60, 0x90,
    0xBE, 0x2F, 0xC2, 0xD0, 0x2E, 0x4D, 0x7A, 0xF4, 0x3E, 0xBB, 0xCB, 0xDA, 0x80, 0x39, 0x7D, 0xBF,
    0xF5, 0xD5, 0x28, 0xB4, 0xA6, 0x0D, 0x15, 0xD4, 0x72, 0x21, 0x62, 0xB7, 0x18, 0xB0, 0xAF, 0x10,
    0xA5, 0x48, 0x44, 0x77, 0x05, 0x57, 0x52, 0xFB, 0x66, 0x24, 0x6C, 0x8F, 0x57, 0x71, 0xB3, 0x7D,
    0xB9, 0x5A, 0x3A, 0xA6, 0x17, 0x72, 0x69, 0x97, 0x14, 0x18, 0x81, 0xEB, 0xEC, 0xB8, 0x51, 0x6A,
    0xFC, 0x0C, 0x89, 0x4C, 0x8B, 0xF9, 0xB1, 0x0A, 0x16, 0x65, 0x3B, 0xA6, 0x97, 0x20, 0xA8, 0xCD,
    0x55, 0x6D, 0x9A, 0xFA, 0x17, 0x8A, 0xC3, 0x0B, 0x81, 0x74, 0x78, 0x61, 0xE0, 0xCA, 0xD9, 0x83,
    0x6C, 0x29, 0x67, 0x0F, 0xB2, 0x75, 0x7E, 0xC4, 0xD6, 0xE8, 0x9B, 0xAC, 0xBC, 0x7A, 0x2E, 0xBD,
    0x13, 0x3E, 0x45, 0x2D, 0x14, 0xAC, 0xC5, 0xDF, 0xDB, 0x5E, 0xFA, 0x15, 0x11, 0xA2, 0x39, 0x9B,
    0x85, 0x4C, 0x3D, 0x90, 0x07, 0xD4, 0x4C, 0x2B, 0x9E, 0x36, 0xE6, 0x4D, 0x86, 0x07, 0x14, 0x44,
    0xB0, 0x1E, 0xD4, 0x37, 0xAC, 0xF6, 0xDE, 0x14, 0x38, 0x25, 0x96, 0x97, 0x97, 0x13, 0x6C, 0x9E,
    0xC5, 0xE6, 0x08, 0x63, 0xA2, 0x55, 0x01, 0x9D, 0x02, 0xF6, 0x73, 0x00, 0x46, 0x04, 0x24, 0x34,
    0xC4, 0xA1, 0x05, 0xE0, 0x08, 0x6E, 0xDB, 0xE5, 0xEF, 0x7D, 0xD3, 0xB1, 0x07, 0x1F, 0xCD, 0xD2,
    0x55, 0x87, 0xB2, 0xF6, 0x58, 0xAA, 0xAD, 0xA6, 0x9B, 0xB5, 0x45, 0x4E, 0xB0, 0x41, 0x2A, 0x18,
    0x7F, 0x79, 0x77, 0x36, 0xC9, 0x35, 0x0C, 0x39, 0x61, 0x70, 0x40, 0xDB, 0x9D, 0xD3, 0x6A, 0x7C,
    0x21, 0xC3, 0x4A, 0x98, 0x8C, 0x20, 0x8F, 0x67, 0x47, 0x85, 0x8D, 0xB4, 0x5E, 0xF3, 0x44, 0xCB,
    0x14, 0xD3, 0xD2, 0xF2, 0xCE, 0xB5, 0xBF, 0x29, 0xA7, 0x18, 0x70, 0x40, 0x9C, 0x22, 0xF4, 0xA6,
    0xD0, 0x8A, 0xED, 0x28, 0xFF, 0x35, 0x37, 0x6E, 0x89, 0x9D, 0x28, 0xF0, 0xBB, 0xBC, 0x8E, 0x39,
    0xCB, 0xAE, 0x37, 0x27, 0xB6, 0xAD, 0x48, 0xBE, 0xC7, 0xEF, 0xA5, 0xAD, 0x99, 0xCC, 0xD6, 0xE8,
    0xB2, 0x33, 0xE0, 0x21, 0x62, 0x6B, 0x1E, 0x8E, 0xC2, 0x9E, 0x2B, 0x93, 0x7D, 0xF2, 0x89, 0x91,
    0x93, 0xF6, 0x13, 0xAD, 0x26, 0xF7, 0xD1, 0xB8, 0x64, 0x74, 0x29, 0xFC, 0xB1, 0x58, 0x01, 0x39,
    0xEE, 0x7E, 0x8B, 0x46, 0xA3, 0xFB, 0x08, 0x7D, 0x90, 0x99, 0x66, 0x83, 0x06, 0x38, 0xE6, 0xC4,
    0x01, 0x0C, 0x72, 0xE8, 0x3E, 0x18, 0x50, 0xD4, 0x0F, 0x4C, 0x51, 0x90, 0x17, 0xB6, 0xF6, 0x2D,
    0xB6, 0xA9, 0x21, 0x98, 0xBF, 0x9C, 0xF2, 0xCF, 0x8E, 0x62, 0xDA, 0x66, 0x2D, 0x50, 0xBE, 0x10,
    0xDE, 0x29, 0xC1, 0x11, 0xC0, 0x10, 0x0C, 0x8B, 0xF9, 0xB3, 0xD9, 0xD8, 0xE1, 0x4A, 0x5A, 0x39,
    0x18, 0xD0, 0xB3, 0x81, 0xE5, 0xCA, 0xA4, 0xED, 0x9B, 0x57, 0x37, 0x7B, 0xBE, 0xAB, 0xE5, 0xC0,
    0xE0, 0x5D, 0x69, 0xA0, 0x14, 0xB2, 0x59, 0xC4, 0x14, 0x88, 0x37, 0xEC, 0x75, 0xEE, 0x81, 0x06,
    0x4F, 0x12, 0xB2, 0x0C, 0xE0, 0x4A, 0x43, 0xC6, 0xEC, 0x43, 0x5A, 0xCD, 0xD7, 0xC5, 0xFE, 0x68,
    0xA7, 0x50, 0x29, 0x06, 0xE8, 0x8A, 0x69, 0x1E, 0x65, 0x2F, 0x63, 0xC2, 0x36, 0x7C, 0x65, 0x54,
    0xC2, 0xD0, 0x5C, 0xBC, 0xCC, 0xD0, 0x0C, 0x79, 0x3E, 0xEA, 0xDA, 0xA3, 0x1A, 0xC4, 0x17, 0x1D,
    0xC7, 0xC9, 0x3D, 0xED, 0x26, 0xFA, 0xCA, 0x8D, 0xF1, 0x77, 0x77, 0x47, 0xF4, 0x93, 0xB6, 0xD8,
    0xF1, 0x16, 0xD6, 0xB2, 0x85, 0x89, 0x32, 0xA0, 0x5E, 0xE1, 0x9E, 0x68, 0xAA, 0x19, 0xEF, 0x4A,
    0x4D, 0x36, 0x2F, 0x16, 0xB3, 0x15, 0xD3, 0xC5, 0xD9, 0x59, 0xDA, 0xA5, 0x9D, 0xF4, 0x5C, 0x8D,
    0x16, 0xF0, 0x4C, 0xC5, 0x59, 0x4E, 0xE5, 0x52, 0x4C, 0x69, 0x41, 0xB5, 0x86, 0x2E, 0xAF, 0xC0,
    0xE9, 0x28, 0xED, 0x59, 0x82, 0x7C, 0x67, 0x96, 0x77, 0xBC, 0x95, 0xEC, 0x3B, 0xE7, 0x5E, 0x84,
    0xA7, 0x52, 0x2C, 0xA5, 0x71, 0xB5, 0x3D, 0xED, 0x9C, 0x8F, 0xD4, 0x0D, 0x24, 0x00, 0x71, 0xB8,
    0x42, 0x77, 0xEA, 0x77, 0x19, 0xF6, 0x37, 0x77, 0x6A, 0x66, 0x48, 0x76, 0x88, 0x91, 0x24, 0xA2,
    0x94, 0xAA, 0x92, 0x06, 0xC1, 0xFA, 0x23, 0x84, 0xEA, 0x0F, 0x59, 0x71, 0xD7, 0x7A, 0xE3, 0xEF,
    0x8C, 0x75, 0xC6, 0x2B, 0xF4, 0x8A, 0xD9, 0x68, 0x31, 0x28, 0x69, 0x7C, 0xC3, 0xA6, 0xAB, 0x94,
    0x8E, 0x78, 0x3B, 0xF1, 0x65, 0xE3, 0x7E, 0xA7, 0x85, 0xDD, 0xEF, 0xF4, 0xB0, 0x4F, 0xC0, 0x04,
    0x9B, 0x99, 0xE0, 0xEF, 0x73, 0xD8, 0xCC, 0x64, 0xE2, 0x7B, 0xAF, 0x7D, 0x8D, 0xB8, 0x9C, 0x4C,
    0xC1, 0xFD, 0xCA, 0x02, 0x93, 0x91, 0x16, 0xD2, 0x35, 0x83, 0x49, 0x52, 0x6E, 0x49, 0xE5, 0xD2,
    0x5A, 0x72, 0x03, 0x29, 0x95, 0xAD, 0xA6, 0xD4, 0x52, 0x36, 0x40, 0x23, 0xDA, 0x96, 0xC7, 0x17,
    0x33, 0x6E, 0xC4, 0x69, 0xF6, 0x52, 0xC4, 0x09, 0x5A, 0xF9, 0x4A, 0xFC, 0x57, 0x23, 0xCB, 0xE6,
    0x2D, 0xD6, 0x1C, 0xE3, 0x4F, 0xEF, 0x4E, 0xC9, 0xBF, 0x44, 0xA9, 0x6B, 0x48, 0x7B, 0x2D, 0x4A,
    0x6D, 0x44, 0xB1, 0xAA, 0x54, 0x51, 0xA8, 0xBF, 0x4F, 0x94, 0x1A, 0xF6, 0x47, 0xFE, 0x83, 0xAA,
    0x19, 0xA1, 0x5F, 0x0D, 0x62, 0x8D, 0xB1, 0x25, 0x14, 0x53, 0xF2, 0x28, 0x03, 0xF7, 0x76, 0xDF,
    0x87, 0x2D, 0xD0, 0x83, 0xAD, 0x59, 0x53, 0x03, 0x01, 0xA4, 0x5B, 0xF6, 0x85, 0xF0, 0x61, 0xA2,
    0xCF, 0x08, 0x4A, 0x9F, 0x10, 0x94, 0xEE, 0xFD, 0x8F, 0xA0, 0x64, 0xA5, 0xAD, 0xB9, 0x2F, 0x08,
    0xD6, 0xFB, 0x53, 0x87, 0xAB, 0xFD, 0x21, 0xC4, 0x7F, 0x09, 0xB7, 0xBD, 0xC0, 0x6D, 0xF1, 0x6B,
    0x0F, 0xB7, 0x1F, 0x00, 0x6E, 0xD9, 0x19, 0x24, 0xD0, 0x25, 0x37, 0xCA, 0x5C, 0x28, 0xA3, 0x59,
    0xC7, 0x9F, 0xCF, 0xF1, 0xA7, 0x53, 0x72, 0x5D, 0x30, 0x4B, 0xEF, 0x7D, 0xAA, 0x72, 0x62, 0xB6,
    0xA7, 0xCE, 0xBF, 0x74, 0xB0, 0x83, 0x29, 0x91, 0x0A, 0x25, 0x6A, 0x35, 0x07, 0x60, 0x58, 0x96,
    0xB4, 0x79, 0x37, 0xFA, 0x86, 0xAE, 0x60, 0xA7, 0x1C, 0x7B, 0x3D, 0x46, 0x33, 0xFA, 0x0D, 0x34,
    0xEC, 0x7A, 0x01, 0x60, 0xF3, 0x7B, 0x89, 0x81, 0x9D, 0x09, 0x8F, 0x20, 0xC8, 0xED, 0x21, 0xE8,
    0x61, 0xF8, 0x23, 0x57, 0xFE, 0x01, 0x84, 0x51, 0xC5, 0x93, 0xC9, 0x8E, 0xD5, 0x4D, 0x55, 0x17,
    0xC1, 0x5E, 0xD5, 0x56, 0x0A, 0x24, 0x16, 0x43, 0xCC, 0x81, 0x13, 0xDC, 0x29, 0x6E, 0x8B, 0x2C,
    0x78, 0xD7, 0xDA, 0x17, 0xBF, 0x6C, 0x72, 0xF7, 0xE7, 0x26, 0x41, 0x5B, 0x77, 0x92, 0xB6, 0x7D,
    0x30, 0x94, 0x72, 0x62, 0x86, 0xF0, 0x57, 0xB0, 0x1F, 0x89, 0x00, 0x48, 0xFF, 0x40, 0x7A, 0x98,
    0xD6, 0x1B, 0x9E, 0x08, 0x9B, 0xE8, 0x73, 0x70, 0x89, 0x74, 0x90, 0x29, 0x60, 0x28, 0x15, 0xBD,
    0xCF, 0x46, 0xC4, 0x5F, 0x11, 0x98, 0x31, 0x0B, 0xC4, 0xC6, 0x52, 0x18, 0xE7, 0x38, 0xD8, 0x6C,
    0xCB, 0xF9, 0x4A, 0x20, 0x88, 0x35, 0x73, 0xC7, 0x84, 0xF3, 0x5B, 0x9C, 0x79, 0xE7, 0x2F, 0x7C,
    0xD5, 0xE7, 0x38, 0x8C, 0x6E, 0xC1, 0x63, 0xFA, 0xA7, 0x7A, 0xB8, 0x83, 0x06, 0x6E, 0x85, 0xD0,
    0x9B, 0xDE, 0x33, 0x9B, 0x81, 0x01, 0x6E, 0xDD, 0xB1, 0xB2, 0x47, 0x67, 0x9D, 0x61, 0xA0, 0x66,
    0xD8, 0x20, 0xED, 0x44, 0x8A, 0xA3, 0xC6, 0x0E, 0x41, 0x90, 0x2D, 0x81, 0x9D, 0x59, 0x26, 0x0F,
    0xB4, 0x93, 0x7F, 0x36, 0xBE, 0xEC, 0x09, 0xE5, 0x68, 0xCC, 0x2D, 0x88, 0x9C, 0xDD, 0xAB, 0x7D,
    0xB6, 0x3D, 0x25, 0xEC, 0x85, 0x48, 0xE2, 0x1E, 0x8E, 0xDA, 0x06, 0xC6, 0x3C, 0x5B, 0xB3, 0x6C,
    0xDF, 0xFA, 0xED, 0xB3, 0xE6, 0xC7, 0x89, 0x7A, 0x95, 0xFA, 0xED, 0x27, 0x0D, 0xC1, 0x17, 0xDB,
    0xFF, 0xBA, 0x93, 0x2C, 0x38, 0x94, 0xEC, 0x49, 0x0F, 0x7C, 0x98, 0xC2, 0x4A, 0x14, 0x1F, 0x7C,
    0x4F, 0xC5, 0x47, 0xD2, 0xAC, 0x52, 0x33, 0x41, 0xC4, 0x19, 0x23, 0xE9, 0x5D, 0xCA, 0xB1, 0x50,
    0x73, 0x7A, 0x52, 0xB4, 0x1C, 0x1E, 0x49, 0x0B, 0x4C, 0x32, 0x67, 0xE9, 0xAA, 0x75, 0xDA, 0x73,
    0xB1, 0x7A, 0xF8, 0xC5, 0x9E, 0x30, 0xDA, 0xCC, 0xBE, 0x91, 0x7F, 0x94, 0x06, 0xC5, 0xF5, 0x21,
    0x59, 0xE3, 0xB1, 0x71, 0x41, 0x66, 0xB4, 0x82, 0x61, 0x62, 0xB4, 0xE4, 0x6B, 0xFB, 0x20, 0xB5,
    0xC7, 0xD6, 0xAD, 0x9C, 0x5B, 0xC0, 0xCC, 0x86, 0x1F, 0xFE, 0x70, 0x32, 0x88, 0x30, 0xD3, 0xD5,
    0x9A, 0xC3, 0x52, 0xFB, 0xA4, 0x4B, 0x9D, 0x01, 0x2B, 0xA7, 0x8D, 0x7A, 0xBC, 0x4F, 0xBA, 0xC6,
    0x07, 0x2E, 0x74, 0xC3, 0x7A, 0xCA, 0x60, 0x57, 0x1B, 0x6D, 0xE9, 0x67, 0xCC, 0x72, 0x73, 0xB6,
    0xBA, 0xD0, 0xFB, 0xFD, 0x1D, 0xA0, 0x04, 0xFF, 0xFB, 0x42, 0xA7, 0xC7, 0x77, 0xFF, 0x06, 0xD5,
    0x5A, 0xBD, 0x93, 0xE4, 0x46, 0x15, 0x7F, 0x52, 0x53, 0x27, 0xB0, 0xA8, 0x6A, 0x87, 0x40, 0x15,
    0x56, 0x6A, 0x57, 0xE1, 0x6B, 0xC2, 0x0B, 0x76, 0x57, 0xBA, 0xBB, 0x2A, 0x1C, 0x38, 0xF1, 0x9F,
    0xE0, 0xC0, 0x21, 0x55, 0x4E, 0x2F, 0x98, 0x1D, 0x09, 0x12, 0x07, 0x0E, 0xCE, 0x7F, 0xC2, 0x06,
    0x04, 0x64, 0x26, 0x20, 0xB8, 0x60, 0x76, 0x25, 0xDF, 0x05, 0x84, 0xC8, 0x10, 0x10, 0x38, 0x40,
    0xB8, 0xAE, 0xEA, 0x32, 0xDC, 0xE0, 0xC1, 0xC8, 0x20, 0x8D, 0xF8, 0xFD, 0x5E, 0x6B, 0x3E, 0x76,
    0xEF, 0x70, 0x51, 0xD4, 0x1A, 0x2F, 0x33, 0xD2, 0xD3, 0x8C, 0x3E, 0xBA, 0x5F, 0xBF, 0x7E, 0xEF,
    0xF7, 0x3E, 0x5A, 0xC6, 0xA7, 0xEB, 0xB4, 0x37, 0x5E, 0xE6, 0x8F, 0x69, 0x92, 0x2A, 0xAD, 0x6C,
    0x65, 0x0B, 0x7C, 0x25, 0x13, 0x87, 0x6F, 0x2E, 0x27, 0xF8, 0x1E, 0xE3, 0x2B, 0x62, 0xE7, 0xFD,
    0x15, 0xEC, 0xB7, 0x45, 0xD2, 0xA9, 0x93, 0x7A, 0x1A, 0xCC, 0x97, 0xC7, 0x2B, 0xDB, 0xDE, 0x11,
    0x57, 0x3D, 0xC0, 0xDD, 0xBF, 0x96, 0xA5, 0x78, 0x39, 0xC7, 0x3E, 0x70, 0x8F, 0x3A, 0x19, 0xE2,
    0x56, 0xCE, 0x4D, 0x23, 0x25, 0xF6, 0xFC, 0x7E, 0xF3, 0x56, 0xF6, 0xEC, 0x3D, 0x9F, 0x4E, 0x53,
    0x1B, 0x4D, 0xE3, 0xBE, 0x49, 0xEE, 0x3F, 0x24, 0x0F, 0x6E, 0x23, 0x12, 0xE1, 0xAA, 0x24, 0x7D,
    0xEA, 0xC5, 0x36, 0x71, 0x2F, 0x79, 0x21, 0x67, 0x68, 0x19, 0x9F, 0x0B, 0x92, 0x73, 0x92, 0xE1,
    0x79, 0x92, 0x4F, 0x53, 0x4F, 0xB2, 0x16, 0x3C, 0x23, 0x12, 0xAF, 0x39, 0x22, 0x25, 0xFE, 0x12,
    0x49, 0x3B, 0x76, 0xD3, 0x80, 0x4C, 0xF8, 0xB4, 0x24, 0xFC, 0xF3, 0xF2, 0x42, 0xE4, 0x51, 0xE9,
    0xBE, 0xE8, 0xB3, 0x69, 0xEA, 0xD2, 0xB5, 0x6B, 0x6C, 0x93, 0x36, 0xB6, 0x30, 0x6D, 0x26, 0xA6,
    0xE3, 0xCE, 0xDF, 0x3C, 0xC7, 0x6B, 0xBC, 0xA7, 0x7C, 0xF7, 0x8B, 0x9E, 0xCF, 0xBC, 0x8C, 0x67,
    0x73, 0x76, 0x95, 0x57, 0x92, 0xFA, 0xAC, 0x01, 0xD3, 0xB6, 0x05, 0xD3, 0xE8, 0xA7, 0x64, 0x8F,
    0x03, 0x2E, 0x81, 0x99, 0x68, 0x48, 0xD0, 0xFB, 0x60, 0xD1, 0xD7, 0x85, 0x2B, 0xC0, 0x2E, 0x47,
    0xE4, 0xC8, 0xB8, 0x05, 0x93, 0x6E, 0x66, 0x1E, 0x9C, 0xE3, 0x61, 0x90, 0x46, 0x07, 0xE4, 0x03,
    0xD1, 0xBF, 0x92, 0x29, 0xA9, 0xF8, 0x98, 0x12, 0x34, 0xD2, 0x1F, 0x7E, 0x74, 0x0E, 0x2F, 0x9F,
    0x89, 0xA7, 0x0A, 0x4D, 0x7B, 0xA9, 0xEF, 0x91, 0x0F, 0x89, 0xD0, 0x53, 0x84, 0xFB, 0xA2, 0x91,
    0xA3, 0x47, 0x73, 0x25, 0x6E, 0xF9, 0xE7, 0x54, 0xA4, 0x4D, 0xDD, 0x60, 0xDA, 0xBB, 0xAC, 0x32,
    0x18, 0x80, 0xF1, 0x76, 0x6D, 0xBA, 0x64, 0x4A, 0x1B, 0x48, 0x08, 0x3D, 0xF2, 0xC1, 0x89, 0x02,
    0x66, 0xA7, 0xBA, 0x7F, 0x0B, 0x2A, 0x91, 0xDF, 0x1D, 0xC0, 0xDC, 0x5A, 0x12, 0x74, 0x71, 0xDB,
    0x74, 0xE5, 0x1B, 0x6B, 0x6C, 0xF8, 0xC1, 0xB1, 0x90, 0x3D, 0xA3, 0x83, 0x11, 0xF7, 0x34, 0x9A,
    0x0A, 0x9D, 0x39, 0xC8, 0x23, 0x5E, 0xA7, 0xD3, 0xCF, 0xF0, 0x48, 0x53, 0x4E, 0x7E, 0x21, 0xF6,
    0xDE, 0x18, 0xFB, 0xDB, 0x92, 0x71, 0x56, 0xAC, 0xBC, 0xCE, 0x31, 0x26, 0xD5, 0x11, 0x0F, 0xA6,
    0x39, 0xB2, 0x15, 0x0F, 0x77, 0xB2, 0x70, 0x08, 0xFF, 0x76, 0xD7, 0xF4, 0xF0, 0x23, 0xCA, 0x33,
    0xA9, 0x5E, 0x89, 0xC7, 0x78, 0x6D, 0xC5, 0x16, 0xF5, 0xE4, 0x33, 0x34, 0x9D, 0x4E, 0xC5, 0x91,
    0x4E, 0x3E, 0x07, 0x1B, 0xBA, 0x25, 0x13, 0x75, 0xB1, 0x63, 0x29, 0x30, 0x18, 0x0F, 0x92, 0x4D,
    0xF2, 0x1D, 0x5B, 0x48, 0x5A, 0xDD, 0x9A, 0x2A, 0x37, 0x15, 0x4B, 0x5B, 0xF4, 0x56, 0xFA, 0x12,
    0x4A, 0x2D, 0xF9, 0x43, 0x95, 0xA6, 0x7F, 0x10, 0xF9, 0xB5, 0xF9, 0x9D, 0xB7, 0xEF, 0x35, 0xCE,
    0x16, 0xA7, 0xB9, 0xAC, 0x8E, 0x65, 0x01, 0x93, 0xC8, 0x24, 0x83, 0xBC, 0xDE, 0x6B, 0x92, 0x27,
    0xAD, 0xB9, 0x5B, 0x95, 0xD3, 0x34, 0xD4, 0xD8, 0x29, 0xFE, 0x79, 0x9F, 0xFB, 0x8F, 0xFC, 0x57,
    0x8B, 0x43, 0xEF, 0x4A, 0x9A, 0x69, 0x2A, 0x20, 0x8E, 0x02, 0x4A, 0x05, 0x71, 0x48, 0x9F, 0x78,
    0x88, 0x43, 0xFA, 0x68, 0x0D, 0x71, 0xE0, 0xE0, 0x31, 0x64, 0x9E, 0x84, 0x1C, 0x30, 0x21, 0x8D,
    0x1E, 0x46, 0xD1, 0x93, 0x65, 0x38, 0xB8, 0x0A, 0xE2, 0x90, 0xDE, 0xB6, 0x10, 0x87, 0xC0, 0xA0,
    0x29, 0x8E, 0x3E, 0xEE, 0x29, 0x8E, 0x5E, 0x56, 0xFF, 0x91, 0x38, 0xD0, 0x30, 0xB6, 0x78, 0x2A,
    0xEC, 0xD4, 0xE5, 0xF7, 0xD6, 0x0B, 0x59, 0xAD, 0xE4, 0xE8, 0x91, 0x1C, 0x81, 0xE2, 0x37, 0xCE,
    0xE0, 0x7C, 0x4C, 0xD6, 0x7F, 0x20, 0xB3, 0x1A, 0x04, 0x72, 0xB2, 0x23, 0xC7, 0x33, 0xB1, 0x30,
    0x28, 0xAF, 0x44, 0x64, 0xC5, 0x73, 0x4A, 0xFA, 0xCB, 0x84, 0x76, 0x29, 0x6F, 0xCD, 0xB8, 0x93,
    0xD3, 0x04, 0x21, 0x44, 0xF0, 0x51, 0x57, 0x66, 0xF2, 0x29, 0x04, 0x5E, 0x78, 0x0A, 0x0F, 0x90,
    0x81, 0x09, 0x3A, 0xE2, 0x4F, 0x68, 0xA3, 0x9B, 0xDA, 0x1C, 0xB8, 0xB1, 0x01, 0xF2, 0x54, 0x59,
    0xDA, 0xBC, 0xCE, 0xAB, 0x95, 0x00, 0x30, 0xA8, 0xA5, 0xD5, 0xDB, 0x69, 0x35, 0x64, 0x45, 0xB9,
    0x91, 0x0C, 0x08, 0x00, 0x63, 0xB3, 0x4D, 0x2E, 0xAF, 0x0A, 0x94, 0xA4, 0xE4, 0xA0, 0x97, 0x24,
    0x17, 0x34, 0xAE, 0x73, 0x92, 0x91, 0x26, 0x35, 0x1C, 0x90, 0x4C, 0x49, 0x05, 0xEB, 0x70, 0x55,
    0x3C, 0x93, 0xBC, 0x02, 0x7E, 0xE4, 0x0D, 0xEC, 0x33, 0xEF, 0x4A, 0x6A, 0x7B, 0x3F, 0x35, 0xCB,
    0xBA, 0x2A, 0xAB, 0xE5, 0x0E, 0x87, 0xAE, 0x80, 0x91, 0x0E, 0x15, 0x7A, 0x05, 0xC9, 0x46, 0x04,
    0x96, 0x75, 0x82, 0x99, 0xEA, 0x21, 0x92, 0x31, 0xA2, 0x79, 0x0F, 0x98, 0x04, 0xD0, 0xD8, 0xEF,
    0xA9, 0x21, 0x25, 0x06, 0x67, 0x4A, 0xD3, 0x09, 0xA6, 0x07, 0x73, 0x23, 0x95, 0x5B, 0x3E, 0x01,
    0x16, 0xC4, 0x3E, 0xA5, 0xBE, 0xCF, 0xD4, 0xEE, 0x69, 0xA7, 0x16, 0xD3, 0xD1, 0x36, 0x92, 0x96,
    0x34, 0x6D, 0xB2, 0x82, 0xD4, 0x29, 0x80, 0x04, 0x9A, 0xEF, 0x69, 0x45, 0xFA, 0x52, 0xF1, 0x1A,
    0x85, 0x85, 0x01, 0x75, 0x39, 0xEC, 0x3D, 0x82, 0xE6, 0xA4, 0x1D, 0x98, 0x1B, 0xF2, 0xDE, 0x75,
    0xD1, 0x3A, 0xF5, 0xB9, 0x3F, 0xF5, 0x91, 0x8F, 0x3B, 0xD3, 0x99, 0xD6, 0x40, 0xD9, 0xEA, 0x01,
    0xAC, 0x4E, 0x18, 0x42, 0xE3, 0xDE, 0xE8, 0x8E, 0x63, 0xBF, 0x88, 0xFC, 0x0A, 0x5B, 0xEC, 0x57,
    0xA6, 0x3B, 0x41, 0x5F, 0x40, 0x0F, 0x1D, 0xFA, 0xEB, 0x56, 0x60, 0x22, 0xF6, 0xCD, 0x26, 0x7D,
    0x02, 0xB3, 0xE8, 0xCC, 0x9F, 0x7C, 0xEC, 0xD7, 0xF8, 0x61, 0xDF, 0xA7, 0xE9, 0x2C, 0x4E, 0x04,
    0x3A, 0x75, 0xF6, 0x63, 0x9D, 0xF9, 0x75, 0x82, 0x19, 0xF2, 0xCE, 0x43, 0x3D, 0x8F, 0x81, 0xF1,
    0x05, 0x66, 0xD7, 0xE1, 0x84, 0x2C, 0x24, 0xEE, 0x70, 0xDD, 0x74, 0xF8, 0x6D, 0xDA, 0xA4, 0xC1,
    0xF4, 0x63, 0xF6, 0xEB, 0x01, 0x23, 0xA9, 0x87, 0x85, 0xAA, 0x4D, 0xC4, 0x27, 0x0D, 0x9F, 0xB4,
    0x7C, 0xF2, 0x88, 0x4F, 0x7A, 0x2F, 0x47, 0xA6, 0xC5, 0x93, 0xF6, 0x2E, 0x9E, 0xCC, 0x20, 0xD3,
    0xC6, 0x4E, 0x03, 0x9E, 0x34, 0x94, 0x01, 0x0D, 0x84, 0x7A, 0x04, 0xCD, 0x5C, 0x10, 0xF7, 0x3C,
    0xD8, 0x05, 0x90, 0x1F, 0x51, 0xA1, 0x16, 0xF4, 0x3B, 0x0B, 0x5E, 0x7A, 0xC4, 0xA9, 0x7B, 0x04,
    0x8F, 0x25, 0x2A, 0xF9, 0xB5, 0x6A, 0x9B, 0xA5, 0x6D, 0xA8, 0x6E, 0xAF, 0x52, 0x68, 0xAD, 0xCF,
    0x37, 0xE0, 0x6D, 0xE5, 0xF0, 0x24, 0x90, 0xC6, 0xD2, 0x07, 0xE2, 0xE2, 0x11, 0x9F, 0xF4, 0x42,
    0x96, 0xF0, 0x64, 0xC6, 0x66, 0x57, 0xB8, 0x18, 0x4F, 0xE3, 0x31, 0x2C, 0x6C, 0x84, 0x46, 0xE3,
    0xA4, 0x81, 0xAB, 0x44, 0x8F, 0x8F, 0x3D, 0x86, 0x67, 0x21, 0x5D, 0x22, 0x17, 0xA4, 0x0B, 0xD5,
    0x2F, 0x38, 0x71, 0xA5, 0x4E, 0x56, 0xD2, 0x82, 0xD3, 0xEF, 0x99, 0x16, 0x5D, 0x9D, 0xF0, 0x56,
    0x74, 0x7E, 0x1F, 0xB7, 0xA4, 0x23, 0x6F, 0xA1, 0xB9, 0x91, 0x95, 0x23, 0xEA, 0x3B, 0x6C, 0x7C,
    0x54, 0xC5, 0xF8, 0x29, 0x87, 0x76, 0xFB, 0x88, 0x93, 0xFB, 0x08, 0xD4, 0x45, 0x1D, 0xE8, 0x91,
    0xA1, 0x25, 0xF5, 0xA0, 0x05, 0x3B, 0x7A, 0xC0, 0xD1, 0xC3, 0x2F, 0x43, 0x20, 0xA0, 0xB4, 0x3F,
    0x33, 0x70, 0x8B, 0x7A, 0xD9, 0x7F, 0x20, 0xAC, 0x96, 0xF7, 0x25, 0x74, 0x5F, 0x52, 0x17, 0xB8,
    0x0E, 0x01, 0xC3, 0x4B, 0xE6, 0xB2, 0xDB, 0xBE, 0xED, 0xDA, 0x0B, 0x4B, 0x65, 0x00, 0x3B, 0x39,
    0x7D, 0x91, 0xD8, 0x4E, 0xB6, 0x4E, 0x76, 0x36, 0x00, 0x59, 0xCA, 0xD5, 0x0F, 0x5D, 0x47, 0x70,
    0x20, 0x10, 0x43, 0xA1, 0x94, 0xE3, 0xB1, 0xBF, 0x6D, 0x76, 0x34, 0x7F, 0x93, 0x3E, 0x2F, 0x4F,
    0xD8, 0xDC, 0xB9, 0x3A, 0x69, 0xDA, 0x05, 0x60, 0x8B, 0xD4, 0x78, 0xFA, 0x73, 0x28, 0xE9, 0x20,
    0xC1, 0x54, 0xE9, 0xFE, 0x06, 0x45, 0x0D, 0x88, 0x02, 0xB8, 0x3B, 0x69, 0xDF, 0xB9, 0xBA, 0xFD,
    0x5C, 0x7D, 0x3C, 0x9C, 0x2F, 0xC5, 0x57, 0xD1, 0x95, 0x66, 0x0D, 0xFD, 0x26, 0x4C, 0xA0, 0x98,
    0x5D, 0x6B, 0x60, 0x28, 0x56, 0x76, 0x53, 0x8D, 0x7D, 0xD4, 0x9D, 0xFE, 0x1F, 0x70, 0x9E, 0x2B,
    0x9F, 0x35, 0x7F, 0xC6, 0x7F, 0xD5, 0x50, 0xA6, 0xE1, 0x28, 0x5E, 0x02, 0xCC, 0xDD, 0x54, 0x9E,
    0xE9, 0x9A, 0xD1, 0xDC, 0xE6, 0x36, 0x7B, 0x67, 0x24, 0x21, 0xAF, 0xEC, 0xE3, 0xCD, 0x1B, 0xCA,
    0xB3, 0xAD, 0x56, 0x1A, 0x21, 0x32, 0x48, 0x72, 0x1F, 0x8D, 0xB2, 0x3D, 0x73, 0xA3, 0x75, 0xC3,
    0xED, 0x75, 0x43, 0xFE, 0xC2, 0x1E, 0xA3, 0x46, 0x7F, 0x7F, 0xAA, 0x86, 0x5A, 0xDE, 0x60, 0xCE,
    0x93, 0x29, 0x84, 0x4E, 0x0C, 0x19, 0xFA, 0x6D, 0x4C, 0xCC, 0xA0, 0x62, 0x3E, 0xAE, 0xE6, 0x63,
    0x1F, 0x8E, 0xC6, 0x87, 0x63, 0xD2, 0x85, 0xA3, 0x6D, 0xC2, 0xD1, 0x15, 0xE1, 0x98, 0xCF, 0x40,
    0x34, 0x8A, 0xF2, 0x03, 0x94, 0x9B, 0x98, 0x68, 0x68, 0x20, 0x1E, 0xA2, 0x7F, 0x3D, 0xDA, 0xD0,
    0x29, 0xB9, 0x1E, 0x66, 0x09, 0x6D, 0xDD, 0x38, 0x8F, 0xE4, 0x7D, 0x98, 0x33, 0x86, 0x61, 0x4E,
    0x1A, 0x86, 0x39, 0x06, 0xE7, 0x08, 0xC9, 0xBD, 0x8E, 0x54, 0xA3, 0xA7, 0x98, 0x9C, 0x67, 0x3D,
    0xDC, 0x24, 0xE2, 0xAA, 0xA3, 0x68, 0xB8, 0x94, 0x6A, 0x68, 0xEC, 0xAE, 0xD3, 0xC3, 0x87, 0x42,
    0x22, 0x53, 0xFE, 0x3B, 0xA2, 0x57, 0xD5, 0xCE, 0x35, 0x43, 0x21, 0xC0, 0x56, 0x29, 0x42, 0x44,
    0xC6, 0x5E, 0x25, 0xD3, 0x2D, 0xCC, 0x58, 0x3A, 0x3D, 0x95, 0x00, 0xE5, 0xEA, 0x0B, 0x84, 0x4E,
    0x3F, 0xD2, 0x08, 0x99, 0xFC, 0x18, 0x55, 0x58, 0xCD, 0x76, 0xFA, 0x1D, 0x2C, 0x6B, 0xB3, 0x9A,
    0x3A, 0x6C, 0x3F, 0x31, 0x63, 0x2E, 0xA3, 0xE4, 0x05, 0x39, 0x52, 0xE2, 0xB7, 0xE0, 0x18, 0x86,
    0xB0, 0x27, 0x88, 0x51, 0x67, 0xB2, 0x4F, 0x49, 0x9A, 0x2D, 0xBB, 0x61, 0x94, 0xFB, 0xA1, 0xEE,
    0xC7, 0xCB, 0xB4, 0xAC, 0xD4, 0x90, 0x10, 0x7F, 0xAA, 0x99, 0x73, 0xED, 0x39, 0x20, 0x9B, 0xDC,
    0x08, 0xD6, 0xF4, 0x3A, 0x6D, 0x48, 0xE1, 0x55, 0xD1, 0x75, 0x07, 0xAE, 0xDF, 0x18, 0x57, 0x69,
    0xB3, 0xA0, 0x94, 0x36, 0x24, 0xD3, 0xFC, 0xF7, 0x1B, 0x97, 0x55, 0x8D, 0x3B, 0x6D, 0xB7, 0x35,
    0xAA, 0xB8, 0x37, 0xBD, 0x01, 0x38, 0xF0, 0x9B, 0xF8, 0xD4, 0xA7, 0x9D, 0xED, 0x6C, 0x8B, 0x2F,
    0x92, 0x68, 0xDA, 0xBB, 0xAB, 0x5C, 0x95, 0x57, 0x79, 0x91, 0xA3, 0x99, 0x92, 0x8A, 0x1E, 0x8F,
    0x02, 0xAD, 0x46, 0x8F, 0xE5, 0x9C, 0x0F, 0x04, 0x93, 0x83, 0xC6, 0x62, 0x18, 0x68, 0x35, 0x6C,
    0x60, 0x1F, 0xCC, 0x83, 0x75, 0xF0, 0x0C, 0x35, 0xE1, 0xA6, 0xE1, 0x49, 0xA6, 0x1B, 0xB8, 0xC4,
    0x06, 0x36, 0xC1, 0x5F, 0x08, 0x51, 0xCA, 0x60, 0x44, 0x1B, 0x1A, 0x02, 0x80, 0xCC, 0x99, 0xEE,
    0xD5, 0xE8, 0xEC, 0x1A, 0x5B, 0x3E, 0x89, 0x7D, 0x69, 0x7A, 0x6C, 0x27, 0xB1, 0xBF, 0x66, 0x9E,
    0x4B, 0x1A, 0x36, 0xCD, 0x5B, 0xB3, 0xB4, 0x64, 0x43, 0xFC, 0x92, 0xB2, 0x20, 0x75, 0x8A, 0xB1,
    0x56, 0x71, 0x2B, 0x55, 0x81, 0x1B, 0x4F, 0x88, 0x41, 0x55, 0x21, 0xD0, 0x9E, 0x94, 0xC8, 0x60,
    0xD6, 0x84, 0x24, 0x4C, 0xC2, 0x9A, 0xF7, 0x50, 0x03, 0x12, 0xA5, 0x69, 0x97, 0x68, 0x0D, 0x81,
    0xD4, 0x35, 0xD4, 0x87, 0x5C, 0x15, 0x62, 0x64, 0xAB, 0x49, 0x4F, 0x26, 0x4B, 0x55, 0x87, 0x69,
    0xD6, 0x0C, 0xEA, 0x40, 0xC7, 0x21, 0xD6, 0xFA, 0xC7, 0xD7, 0xD5, 0x25, 0xDF, 0xC7, 0xD1, 0xA7,
    0xAD, 0x51, 0xFC, 0x27, 0xDC, 0x80, 0x4E, 0x81, 0x16, 0x4A, 0x99, 0x96, 0x25, 0x9F, 0x21, 0x18,
    0xAE, 0xD2, 0x3F, 0x20, 0xB1, 0x29, 0xD2, 0xDF, 0x23, 0xA1, 0x2A, 0x08, 0xD4, 0x0E, 0xD7, 0x6B,
    0xF4, 0x4E, 0xF8, 0x27, 0x75, 0xC8, 0x4C, 0x90, 0x48, 0xB7, 0x39, 0xEE, 0x4D, 0xFC, 0x12, 0xD4,
    0xF4, 0x4B, 0x56, 0x36, 0x86, 0x73, 0xA6, 0x97, 0x17, 0x2B, 0x95, 0xD2, 0x40, 0xEA, 0x94, 0x5A,
    0xA5, 0xC9, 0xC0, 0x68, 0x0D, 0x92, 0x5F, 0xCE, 0xF9, 0x64, 0x59, 0xC8, 0x56, 0x79, 0xE7, 0x98,
    0x2E, 0x3E, 0x0C, 0x4A, 0x0F, 0x3E, 0x6E, 0x0A, 0x99, 0x2F, 0x2E, 0x67, 0x6B, 0xCA, 0x19, 0x88,
    0x5D, 0x16, 0x94, 0xA7, 0x6B, 0xB4, 0x10, 0xD1, 0xD1, 0x40, 0x92, 0x39, 0xCF, 0xA2, 0x25, 0xA0,
    0xB0, 0x53, 0x28, 0x55, 0x48, 0x2D, 0x15, 0xB7, 0x0E, 0xA8, 0x2F, 0xD5, 0xD0, 0x4A, 0x35, 0x32,
    0xCD, 0xB3, 0x5A, 0xDE, 0xEF, 0x1A, 0x72, 0x93, 0xAB, 0xB9, 0x6D, 0x04, 0x09, 0x8F, 0x61, 0x35,
    0x86, 0x18, 0xCE, 0xB9, 0x56, 0xB7, 0xD7, 0x05, 0x7F, 0x16, 0xDC, 0x91, 0xDF, 0x01, 0x7F, 0xA8,
    0x72, 0xCD, 0xFC, 0xDF, 0x64, 0xCE, 0x7F, 0xA9, 0x7C, 0xAA, 0x0B, 0x4A, 0xFF, 0xC8, 0x09, 0xC8,
    0x98, 0xA2, 0xCA, 0xE9, 0x73, 0x01, 0xDE, 0x4D, 0xE3, 0xDC, 0x36, 0x0F, 0x28, 0xEC, 0x35, 0xF9,
    0x5C, 0xD4, 0xA4, 0xBF, 0x52, 0xF0, 0xBB, 0xC9, 0x3C, 0xBB, 0x48, 0x1D, 0xD4, 0xFD, 0x7E, 0x47,
    0xC3, 0x99, 0x1B, 0xAD, 0x21, 0x68, 0x02, 0x35, 0x51, 0x62, 0x4D, 0x0E, 0x70, 0x22, 0x98, 0x8D,
    0x1A, 0x0E, 0x6A, 0x04, 0xA8, 0x37, 0x6A, 0x6C, 0x35, 0xCC, 0x75, 0x5F, 0x19, 0xC1, 0x93, 0x59,
    0x2B, 0x6C, 0xB2, 0xF2, 0x42, 0xF3, 0x45, 0x3E, 0x7B, 0xE7, 0x70, 0x88, 0xA2, 0x75, 0xE7, 0x95,
    0x6C, 0xC1, 0x32, 0x19, 0x23, 0x76, 0x96, 0xB5, 0x40, 0x2C, 0x85, 0xD2, 0x3C, 0x44, 0x6C, 0x75,
    0x4F, 0x70, 0x8E, 0xFE, 0x36, 0x28, 0x2E, 0x23, 0x56, 0x24, 0x24, 0x23, 0xA4, 0x47, 0xE3, 0x0E,
    0x4C, 0x43, 0x04, 0xA7, 0x38, 0x80, 0x91, 0x1E, 0x6C, 0xB1, 0xE6, 0xA9, 0x87, 0x34, 0x94, 0x82,
    0x32, 0x54, 0x6B, 0x71, 0x38, 0x66, 0x13, 0x16, 0x25, 0x34, 0x5C, 0xB5, 0x9F, 0x2A, 0xB0, 0xDB,
    0xBF, 0x2B, 0x9A, 0x27, 0x90, 0x34, 0x8C, 0x95, 0xB0, 0x47, 0xBE, 0xA7, 0x36, 0xEB, 0x67, 0x5F,
    0x0C, 0xF6, 0x1E, 0x6B, 0x18, 0x9B, 0x05, 0x86, 0xB7, 0xA9, 0x99, 0xA2, 0x52, 0xB0, 0xF5, 0xCD,
    0x2E, 0x22, 0xB3, 0x87, 0x5A, 0xC7, 0x40, 0xA8, 0xD6, 0xF2, 0x30, 0xC9, 0x86, 0x32, 0x1A, 0x49,
    0x06, 0xA7, 0x04, 0xB3, 0x35, 0xA0, 0xCB, 0x68, 0xC0, 0x0C, 0xC4, 0x4A, 0x7A, 0x56, 0x9D, 0x95,
    0x70, 0xB6, 0x8C, 0xAF, 0x49, 0x2E, 0x66, 0x92, 0x78, 0x2D, 0xF6, 0x5D, 0xB0, 0x93, 0x92, 0xCE,
    0x5D, 0x3D, 0x0E, 0x9A, 0xC2, 0xD8, 0x51, 0xF4, 0xA7, 0x9A, 0xA0, 0xBF, 0x77, 0xC7, 0x10, 0x33,
    0x37, 0x73, 0x5E, 0xA0, 0x21, 0x63, 0x28, 0x90, 0x17, 0x37, 0x82, 0xB5, 0x5B, 0x44, 0xC4, 0x8C,
    0xB2, 0x3B, 0xD5, 0x1A, 0x26, 0x26, 0xDE, 0xB4, 0xF9, 0x4D, 0x60, 0xCD, 0x74, 0x8E, 0xF7, 0xA3,
    0xF1, 0x84, 0x95, 0x7F, 0xFD, 0x7B, 0x13, 0xE6, 0x92, 0x95, 0x5D, 0x2D, 0x6E, 0x68, 0xF0, 0xA7,
    0xB8, 0x76, 0xA9, 0xB2, 0x41, 0x03, 0xBE, 0xC0, 0xB3, 0x31, 0x97, 0x22, 0x50, 0x49, 0x64, 0xA4,
    0x82, 0x5B, 0x61, 0x02, 0x3D, 0x73, 0xB6, 0x81, 0xEE, 0x67, 0x24, 0x66, 0x5C, 0xA8, 0xA9, 0x52,
    0x19, 0xF2, 0x87, 0x0D, 0x8B, 0x9A, 0x1C, 0xD7, 0x66, 0x6B, 0xAF, 0x57, 0x82, 0xCC, 0x64, 0x17,
    0x64, 0x86, 0x48, 0xB3, 0x95, 0x83, 0x85, 0x0C, 0x25, 0xBA, 0x28, 0xA3, 0xFA, 0x65, 0xAE, 0xAC,
    0xCC, 0x4C, 0xD3, 0x07, 0x4C, 0x02, 0x61, 0xA2, 0x1E, 0x19, 0x94, 0x82, 0x05, 0xB8, 0x72, 0x5C,
    0x45, 0xC9, 0x66, 0xD2, 0xF0, 0x2F, 0x8A, 0x51, 0x55, 0xC6, 0x8A, 0x54, 0xC6, 0x91, 0xBB, 0x0A,
    0x23, 0x77, 0x8C, 0x56, 0x72, 0xE6, 0x79, 0xFB, 0x20, 0xF5, 0x4A, 0x82, 0x85, 0x03, 0x61, 0x82,
    0xF7, 0x64, 0x5D, 0x59, 0x68, 0xF0, 0xA1, 0xE5, 0xDF, 0x88, 0x95, 0x5F, 0xB0, 0xE1, 0xAA, 0x89,
    0x35, 0xE2, 0xDA, 0xC7, 0xE4, 0x00, 0x3D, 0xA7, 0x1D, 0x26, 0x28, 0xA5, 0x96, 0xD9, 0xB6, 0xD4,
    0x54, 0x95, 0x41, 0x9C, 0xE3, 0xED, 0xC9, 0x14, 0xCA, 0x63, 0x19, 0xE3, 0x38, 0xDC, 0x95, 0x55,
    0xB0, 0x93, 0xAC, 0xC8, 0x7F, 0x82, 0x66, 0x73, 0xC6, 0xE8, 0xB9, 0xE5, 0x3A, 0x0E, 0x4B, 0x64,
    0x5A, 0x37, 0x3C, 0xDD, 0x17, 0x85, 0x35, 0x14, 0x29, 0x67, 0x08, 0x63, 0xB6, 0x16, 0x1F, 0x04,
    0x55, 0x35, 0x6B, 0xC4, 0x1B, 0x29, 0x3F, 0x18, 0x51, 0xA2, 0x64, 0xAE, 0x3D, 0x30, 0xDE, 0x63,
    0x76, 0xED, 0x2A, 0x68, 0x89, 0xEA, 0x07, 0xD5, 0x03, 0xAA, 0x86, 0x50, 0x01, 0x12, 0xC0, 0x9E,
    0x7B, 0xF7, 0xD1, 0xE7, 0x28, 0xB4, 0x3F, 0xF1, 0x66, 0xC3, 0x9A, 0x65, 0x10, 0xC1, 0xB8, 0x8D,
    0x1D, 0x58, 0x3A, 0x96, 0x5B, 0x97, 0x1D, 0x44, 0xCD, 0xE5, 0x25, 0x4A, 0x02, 0x1D, 0x71, 0x11,
    0x68, 0x08, 0x69, 0xB1, 0xC6, 0x96, 0x9A, 0xCA, 0xB3, 0xB7, 0x90, 0xB9, 0xB3, 0x3F, 0x61, 0x87,
    0x14, 0x98, 0xA7, 0xD0, 0x49, 0x00, 0xAE, 0xEC, 0x54, 0xD8, 0xAB, 0xCC, 0xDD, 0x52, 0xC5, 0x72,
    0xFC, 0xF8, 0x92, 0x95, 0xDB, 0x15, 0x2C, 0xF6, 0xB5, 0xEB, 0x1D, 0xD7, 0x85, 0xA5, 0x8E, 0x80,
    0x69, 0xF3, 0x9B, 0x5E, 0x5E, 0xFC, 0xF9, 0x3A, 0xC6, 0x85, 0x02, 0xB5, 0x9A, 0x64, 0x11, 0x88,
    0xFE, 0xFD, 0x5F, 0xF4, 0x1B, 0x56, 0x68, 0xD0, 0xF0, 0x1D, 0xB8, 0xBE, 0x07, 0x0B, 0xC6, 0x29,
    0xEA, 0xDE, 0xAE, 0x53, 0xA6, 0x0E, 0xA5, 0x8A, 0x0A, 0xEE, 0x2A, 0xC3, 0x5A, 0xCB, 0xDA, 0xD5,
    0xF7, 0x7A, 0x53, 0xD9, 0x7E, 0x9F, 0x5F, 0xA4, 0x9D, 0x56, 0x78, 0xDA, 0x77, 0x3D, 0x0D, 0x6C,
    0xAA, 0x98, 0x5F, 0x3E, 0x95, 0xEC, 0x4B, 0x1B, 0x0A, 0xD6, 0x0D, 0x97, 0x3D, 0x14, 0xCD, 0x04,
    0x96, 0x01, 0x8D, 0x2B, 0xBD, 0xAC, 0xEA, 0xF8, 0x1F, 0x23, 0x7A, 0x9C, 0xDA, 0x7A, 0x6A, 0x53,
    0x38, 0xD6, 0x51, 0x74, 0x65, 0x30, 0x87, 0x6D, 0x6D, 0x62, 0x66, 0x24, 0x5C, 0x0F, 0x55, 0x20,
    0x20, 0xFA, 0x51, 0x55, 0x73, 0xB9, 0xB2, 0x6B, 0x64, 0x81, 0xDA, 0xBD, 0x77, 0xB0, 0x33, 0xA0,
    0x4D, 0xBD, 0x0E, 0x4B, 0xCD, 0x8C, 0x8A, 0x59, 0x8A, 0xBA, 0xDF, 0xD1, 0xD3, 0x62, 0x2F, 0x42,
    0x43, 0xC4, 0x1C, 0x4D, 0xC4, 0x86, 0x03, 0x3F, 0xAB, 0xD1, 0x07, 0xAC, 0x1C, 0xB8, 0xB0, 0x41,
    0xF6, 0xB3, 0x8E, 0x7A, 0x2E, 0x6F, 0xC0, 0xD0, 0x3D, 0x6C, 0xB5, 0xCB, 0x3F, 0x9C, 0x2A, 0x2E,
    0x5A, 0xE6, 0xBF, 0xB8, 0xDC, 0x37, 0x96, 0x7B, 0x60, 0xF9, 0x59, 0xC7, 0x9A, 0xB9, 0xF6, 0xAB,
    0xF8, 0xA4, 0xE5, 0xAA, 0x2A, 0x2C, 0x6F, 0xBD, 0x73, 0xCD, 0xED, 0xD7, 0x8C, 0x17, 0x0A, 0x49,
    0x3E, 0x41, 0x3C, 0x81, 0x81, 0xBD, 0x26, 0x67, 0xD7, 0xDA, 0xBE, 0x2D, 0x70, 0xD3, 0x93, 0x41,
    0x77, 0x7B, 0xF7, 0x72, 0x2E, 0x71, 0x0D, 0xED, 0xD7, 0xAA, 0x07, 0x49, 0x13, 0x7D, 0x10, 0xC2,
    0x18, 0x4D, 0xF4, 0x2B, 0x42, 0xA2, 0xD3, 0x24, 0x3F, 0x24, 0xFA, 0x4B, 0xF8, 0x92, 0x73, 0x19,
    0xB5, 0x1A, 0xC8, 0x54, 0x16, 0xB8, 0x04, 0x54, 0xDA, 0x61, 0x52, 0x48, 0x8C, 0x99, 0x1B, 0x57,
    0x73, 0x62, 0xEC, 0x8A, 0xC3, 0xF5, 0x06, 0xA2, 0xE5, 0x52, 0xD3, 0xA1, 0x73, 0xC5, 0x35, 0xAE,
    0x43, 0x0F, 0x42, 0x08, 0x7E, 0x58, 0x9C, 0x24, 0xCD, 0x3B, 0xD1, 0x0C, 0xA0, 0xFB, 0xDC, 0x9B,
    0xD8, 0xAD, 0x5B, 0xBB, 0x6F, 0x7C, 0xCE, 0xBD, 0x77, 0xED, 0x6B, 0x17, 0xC8, 0x54, 0xF2, 0x87,
    0x2D, 0x36, 0x97, 0xEE, 0x43, 0xB0, 0xFF, 0xA2, 0x9D, 0x30, 0x8E, 0xEA, 0xBB, 0xC8, 0x4B, 0xB1,
    0x78, 0xC5, 0x78, 0x94, 0x48, 0x08, 0x9D, 0x8F, 0x59, 0x9D, 0x2C, 0x16, 0xBA, 0x36, 0x9A, 0x8D,
    0x0E, 0xB5, 0xC2, 0x0F, 0xCD, 0x98, 0x4C, 0xB0, 0xD4, 0x09, 0x0D, 0x95, 0x6C, 0x20, 0x0F, 0xEF,
    0x00, 0x2C, 0xB1, 0x9F, 0x33, 0xD4, 0xA5, 0xE5, 0x42, 0xF3, 0x3D, 0xF5, 0xDF, 0x6C, 0xF5, 0x3F,
    0xE9, 0x1F, 0xC1, 0xDA, 0xBD, 0xDC, 0x76, 0xED, 0x55, 0xF0, 0x31, 0xAD, 0xEB, 0x92, 0x4F, 0xA7,
    0x21, 0xF9, 0xE4, 0xE3, 0x31, 0xFD, 0xB3, 0x5C, 0xC0, 0x2D, 0x2F, 0x81, 0x2C, 0x4B, 0xF4, 0x71,
    0x01, 0xCD, 0x65, 0xE4, 0x31, 0x12, 0x15, 0xC0, 0x32, 0x23, 0x8E, 0xB0, 0x17, 0x5B, 0x84, 0xD0,
    0x7D, 0xAD, 0x60, 0xA3, 0xAE, 0x98, 0x36, 0x44, 0x76, 0xBF, 0xFF, 0x22, 0x3D, 0x41, 0x71, 0x47,
    0x06, 0xAE, 0x9F, 0xA2, 0xBD, 0x25, 0xDA, 0x29, 0x31, 0xFA, 0x72, 0xE6, 0xFD, 0x22, 0xF0, 0x8E,
    0x1D, 0x21, 0x3E, 0x22, 0x68, 0xE4, 0x18, 0xE4, 0x9F, 0xD9, 0xC7, 0xD3, 0x03, 0x3B, 0x62, 0x3C,
    0x49, 0x6F, 0x78, 0x76, 0xCD, 0xED, 0x97, 0xAC, 0x65, 0x23, 0xFC, 0x7A, 0x86, 0xA9, 0xFA, 0xB9,
    0xC7, 0xEA, 0xF4, 0xD9, 0xB5, 0xB6, 0x6F, 0xF0, 0x8A, 0x87, 0xC5, 0xBC, 0x66, 0x59, 0xF7, 0x1C,
    0xFA, 0x5F, 0x47, 0xFB, 0xB6, 0x42, 0x10, 0xF3, 0x78, 0xD0, 0x9D, 0xBF, 0xAF, 0xBB, 0xFD, 0x50,
    0xCC, 0x1E, 0xB7, 0x44, 0x9E, 0xF7, 0xA0, 0x07, 0x8B, 0xEF, 0x57, 0xC7, 0xD7, 0x6E, 0x0B, 0x13,
    0x36, 0x2C, 0x36, 0x05, 0x6D, 0x27, 0x63, 0x4B, 0x3E, 0x87, 0xA6, 0x37, 0x09, 0x5D, 0x1E, 0x6A,
    0x40, 0x69, 0x6B, 0x99, 0x54, 0xB9, 0x12, 0x13, 0xBD, 0xA0, 0xF5, 0xC3, 0xF9, 0xE4, 0x58, 0x20,
    0x46, 0x00, 0xD9, 0x9C, 0x22, 0xE1, 0x43, 0x10, 0x94, 0x1F, 0xD3, 0x61, 0xF4, 0x50, 0x3A, 0xE7,
    0x61, 0x61, 0x54, 0x73, 0x04, 0x95, 0xE0, 0xF3, 0xB8, 0x86, 0x6C, 0xDF, 0x96, 0xED, 0x4A, 0x5C,
    0x58, 0xDB, 0x0E, 0xEF, 0x4E, 0xCC, 0xA7, 0x25, 0x84, 0x19, 0x7B, 0x55, 0xA6, 0x1A, 0x17, 0xD1,
    0x4E, 0x8D, 0x73, 0x4D, 0x61, 0x99, 0xAE, 0x32, 0x5E, 0x4E, 0xB1, 0x5B, 0xEC, 0x39, 0x22, 0xE6,
    0xBA, 0xCB, 0xDF, 0x78, 0xD6, 0xBA, 0xE9, 0xFD, 0x36, 0xED, 0x93, 0x26, 0xA4, 0x61, 0x1A, 0xB0,
    0xCC, 0xA2, 0x39, 0xBB, 0xDE, 0xF6, 0x19, 0x37, 0x27, 0xAC, 0x85, 0x3D, 0x2C, 0x04, 0x10, 0x25,
    0x3B, 0x8C, 0xBA, 0xA6, 0xF6, 0x8F, 0x31, 0x27, 0x13, 0x66, 0x83, 0xFB, 0x71, 0x72, 0x09, 0x12,
    0xAE, 0x47, 0x3E, 0xCC, 0x4F, 0xCA, 0x20, 0x1B, 0x5D, 0xF1, 0xD9, 0x2B, 0x05, 0x01, 0xF8, 0x42,
    0xD8, 0xA6, 0x41, 0x40, 0x91, 0x74, 0x2C, 0xE8, 0x65, 0x7C, 0x59, 0x8C, 0x25, 0xBC, 0xE6, 0x04,
    0x1A, 0x00, 0x6C, 0xEE, 0x90, 0x8C, 0xA0, 0x74, 0x6E, 0x3E, 0xC7, 0xCB, 0x2D, 0xC8, 0x85, 0x23,
    0x7D, 0xB3, 0x64, 0x4E, 0x79, 0xE7, 0xD7, 0x63, 0xB4, 0x2C, 0x39, 0x87, 0x02, 0x74, 0xAE, 0xF9,
    0x36, 0x36, 0xD6, 0xF5, 0xE8, 0xAF, 0x78, 0x75, 0x0B, 0xF9, 0xBD, 0xF1, 0x50, 0xBA, 0xE4, 0xD9,
    0xC7, 0x28, 0x3A, 0x7C, 0xC6, 0xD7, 0x3A, 0x18, 0x5B, 0xA5, 0xBB, 0x88, 0x8A, 0x6F, 0x5D, 0xB1,
    0x59, 0x25, 0xAC, 0x25, 0x32, 0x4C, 0xE1, 0xD2, 0x94, 0x2B, 0xA8, 0x74, 0x15, 0xE6, 0x3E, 0xEF,
    0xB8, 0xA4, 0x4D, 0x70, 0xCD, 0x5D, 0x7F, 0x98, 0x2F, 0x2C, 0x5F, 0xF0, 0x7A, 0x19, 0x5E, 0xA8,
    0xA9, 0x22, 0xA4, 0x6D, 0xDC, 0xF9, 0xFB, 0x50, 0xDA, 0x5F, 0xA7, 0x34, 0xFE, 0x05, 0xCD, 0x5B,
    0x3D, 0x93, 0xE4, 0xD6, 0x75, 0x7D, 0x0D, 0xB8, 0x08, 0xD7, 0x42, 0x65, 0x30, 0x70, 0xC2, 0x72,
    0x59, 0xA8, 0x52, 0x24, 0xB9, 0x2C, 0xC2, 0x3F, 0x60, 0x66, 0x00, 0x89, 0xAA, 0x62, 0xA0, 0x1F,
    0xE1, 0x84, 0x81, 0x32, 0x26, 0x0A, 0x36, 0xD8, 0x1D, 0xC0, 0x52, 0xC0, 0x80, 0x55, 0xE6, 0x46,
    0x8E, 0x37, 0x60, 0xC0, 0x4C, 0x0A, 0x14, 0x6C, 0x30, 0xD3, 0x0D, 0xD6, 0x06, 0x0C, 0x14, 0x08,
    0x4B, 0x06, 0x0E, 0x14, 0x10, 0x94, 0x54, 0xA5, 0x40, 0x55, 0x22, 0xE8, 0x85, 0x45, 0xD8, 0x44,
    0x37, 0x7C, 0xCE, 0xB9, 0x00, 0xFA, 0x63, 0x66, 0x97, 0xA4, 0xB6, 0xE9, 0x99, 0x99, 0xC6, 0x9D,
    0x9E, 0x6E, 0xE0, 0xE1, 0xDE, 0xF3, 0xDE, 0xBB, 0xDF, 0x70, 0x2E, 0x1A, 0x7A, 0xE7, 0x46, 0xBA,
    0xF7, 0x33, 0x90, 0x2C, 0x44, 0xFD, 0x21, 0x13, 0x2D, 0x78, 0xE6, 0x6F, 0xCA, 0x99, 0xA6, 0x3F,
    0xAE, 0x48, 0x83, 0x1A, 0xF4, 0xD2, 0x6F, 0x40, 0x7B, 0x52, 0xAF, 0x25, 0xF5, 0x1B, 0xAF, 0x73,
    0x2E, 0xAC, 0x17, 0x18, 0x39, 0x2A, 0x1D, 0x68, 0x52, 0x90, 0xA6, 0xC3, 0xB0, 0x71, 0x6E, 0x35,
    0x0C, 0x18, 0x9A, 0xFF, 0x3A, 0x9E, 0x96, 0x3A, 0x5E, 0x92, 0x66, 0x61, 0xC3, 0xD3, 0x22, 0x0C,
    0x1B, 0x97, 0x71, 0xC9, 0x0B, 0x53, 0xDC, 0x1A, 0xFF, 0xFB, 0x3C, 0x5D, 0xE4, 0xF0, 0x67, 0xD5,
    0x91, 0x7D, 0x0C, 0x99, 0x3F, 0x58, 0xBB, 0xC5, 0x1A, 0x63, 0x62, 0xA8, 0xDE, 0x45, 0x35, 0x09,
    0xEF, 0x9B, 0x14, 0x60, 0x41, 0xB7, 0xC1, 0x5D, 0x48, 0x82, 0x16, 0x24, 0x6A, 0x40, 0x62, 0x92,
    0xB4, 0x71, 0xC9, 0xFB, 0x4F, 0x1B, 0x0C, 0xF2, 0xB8, 0x71, 0xFE, 0xC6, 0xA7, 0x34, 0x2F, 0x65,
    0xDF, 0xA5, 0x94, 0xC5, 0x09, 0x68, 0x58, 0xF5, 0x92, 0xBE, 0x11, 0x1E, 0xC5, 0xED, 0xC6, 0xC9,
    0x35, 0x91, 0x1B, 0x49, 0x77, 0x46, 0x74, 0xC8, 0x7B, 0x52, 0x7F, 0xF3, 0x88, 0x3D, 0x13, 0x87,
    0x8F, 0x77, 0x70, 0x78, 0x47, 0x38, 0x84, 0x3C, 0x7F, 0x19, 0x6C, 0x71, 0x10, 0xF5, 0x5B, 0x9F,
    0x38, 0x34, 0x1E, 0x71, 0xA8, 0x88, 0x46, 0x22, 0x34, 0xD2, 0xC2, 0xCD, 0x38, 0x0C, 0xA4, 0x9E,
    0xD0, 0xE0, 0xC9, 0x33, 0x0E, 0xF5, 0x55, 0x1C, 0x30, 0x94, 0xA6, 0xEA, 0xDB, 0x12, 0xF9, 0x44,
    0xF4, 0xFE, 0xCB, 0xA4, 0x29, 0x6F, 0xEC, 0xE2, 0x5A, 0x40, 0x10, 0x07, 0xC0, 0x40, 0x14, 0x08,
    0x02, 0x58, 0xEB, 0x09, 0x01, 0x11, 0x20, 0x00, 0xBC, 0x0F, 0xC5, 0x87, 0xF4, 0x2D, 0x85, 0x4F,
    0xB3, 0xB4, 0xA1, 0xE8, 0x94, 0xDC, 0x04, 0xE7, 0x5D, 0x5E, 0x1D, 0xEF, 0x70, 0xF6, 0xB2, 0x8D,
    0xCE, 0xB1, 0x9D, 0xAF, 0x7D, 0xC5, 0x7B, 0xA5, 0x64, 0xE4, 0xD2, 0x71, 0xC2, 0xF7, 0xE6, 0x21,
    0x01, 0x40, 0xDE, 0x30, 0x74, 0x2E, 0xEE, 0xBC, 0xC1, 0xAD, 0x32, 0x77, 0xB2, 0xD0, 0x4A, 0xE3,
    0x35, 0xC2, 0x28, 0x22, 0x68, 0x09, 0xAF, 0xA6, 0x54, 0x10, 0x1A, 0x3F, 0xF9, 0xB3, 0x88, 0xBE,
    0xD5, 0xAD, 0x12, 0x21, 0x8E, 0x01, 0x8A, 0xB0, 0x75, 0x41, 0xED, 0x0D, 0x59, 0x5E, 0x13, 0x40,
    0x8C, 0x3A, 0x88, 0xB3, 0xD6, 0x20, 0x4A, 0x30, 0xE8, 0x29, 0xFE, 0x7F, 0x63, 0xCB, 0x52, 0x00,
    0x96, 0x52, 0xAC, 0xF4, 0x8D, 0xD7, 0xE0, 0xAC, 0x8C, 0x5C, 0x90, 0x09, 0xF2, 0x40, 0x16, 0x52,
    0x77, 0x70, 0x64, 0xBC, 0x9B, 0x5F, 0x46, 0x4D, 0x52, 0x06, 0xBC, 0xC1, 0x4A, 0x12, 0xBE, 0x47,
    0x59, 0x37, 0x94, 0xE2, 0x63, 0x9C, 0x10, 0x87, 0x18, 0xE1, 0xBE, 0x5F, 0xDF, 0x06, 0xD1, 0x57,
    0xB6, 0x85, 0xFD, 0x3F, 0x96, 0x2E, 0xFA, 0x59, 0xE3, 0x5E, 0x71, 0x0F, 0x8F, 0x27, 0xFA, 0x1F,
    0xB4, 0xC4, 0xE6, 0xAD, 0x30, 0xCC, 0xFF, 0xDE, 0xB8, 0xD4, 0xF7, 0x47, 0x76, 0x86, 0x2B, 0x1C,
    0x1D, 0x67, 0xC2, 0xD3, 0x05, 0x57, 0xD4, 0xEB, 0x58, 0x52, 0x01, 0x27, 0xDC, 0x5F, 0x73, 0xE4,
    0x77, 0xAF, 0x91, 0x3A, 0x90, 0xD4, 0x4B, 0x4A, 0xFD, 0xCF, 0xC7, 0x93, 0x3A, 0x83, 0xD4, 0x3E,
    0xA5, 0x7E, 0x73, 0x57, 0xEA, 0xC4, 0xB5, 0x2E, 0x7A, 0x0C, 0xCB, 0xF1, 0x69, 0x61, 0x8B, 0xF1,
    0xBD, 0xEB, 0xA4, 0xAE, 0xB9, 0x19, 0xBE, 0xA2, 0xD4, 0xD5, 0xDE, 0x5C, 0x7B, 0x4D, 0x44, 0x2E,
    0x7A, 0x6A, 0x59, 0x77, 0xDA, 0x49, 0x52, 0x69, 0x96, 0x3B, 0xB3, 0x89, 0x80, 0xD4, 0xFF, 0x23,
    0xAB, 0x35, 0x94, 0xDC, 0x74, 0x71, 0xCB, 0xA9, 0xF6, 0xA4, 0x6E, 0x31, 0x17, 0xA6, 0xC9, 0xA9,
    0x06, 0xD3, 0x82, 0x7A, 0x2C, 0x2E, 0x8D, 0x8F, 0xC8, 0x68, 0xB5, 0x43, 0x4B, 0x7E, 0x6B, 0x34,
    0x16, 0x9F, 0xA4, 0x69, 0x46, 0x04, 0x72, 0x71, 0xBD, 0x21, 0x24, 0x54, 0xDA, 0x19, 0x6F, 0x04,
    0x1A, 0x57, 0x54, 0xE0, 0xD0, 0xC3, 0x39, 0x91, 0x27, 0x35, 0xAE, 0x88, 0x08, 0xE8, 0x07, 0xC2,
    0xEE, 0xD7, 0xFC, 0x2C, 0x7E, 0x47, 0xAC, 0xFF, 0xBB, 0x68, 0xE6, 0x46, 0x71, 0xC3, 0x8D, 0x04,
    0x97, 0xC1, 0xDD, 0x78, 0xB4, 0xBD, 0x1D, 0x37, 0x0F, 0xB8, 0x3D, 0x17, 0x56, 0x4B, 0x5C, 0x58,
    0x50, 0xA9, 0xE1, 0x92, 0xB5, 0x50, 0x92, 0x56, 0x5E, 0x98, 0x6E, 0x16, 0x0D, 0x44, 0x23, 0xE9,
    0xE9, 0x33, 0xD0, 0xE4, 0xC9, 0x7F, 0x73, 0x99, 0x0C, 0x1F, 0xB6, 0xD4, 0x0E, 0x0B, 0x62, 0x05,
    0xB6, 0x32, 0xE9, 0x76, 0x7C, 0xB4, 0x74, 0x01, 0x66, 0x09, 0x63, 0xE5, 0x1A, 0xD1, 0x94, 0xBF,
    0x6C, 0x12, 0x8C, 0x02, 0xA9, 0xDF, 0x70, 0x74, 0xBF, 0xF5, 0x8C, 0x76, 0xA4, 0xB8, 0x34, 0xF3,
    0x5B, 0x5A, 0x05, 0x9F, 0xEB, 0x97, 0xB4, 0x21, 0x97, 0xA4, 0x61, 0x4D, 0x6C, 0xA3, 0x92, 0x34,
    0x29, 0x89, 0x70, 0xAA, 0x99, 0x5E, 0x73, 0xD4, 0xA0, 0xA3, 0x0A, 0xC4, 0x36, 0x89, 0x64, 0x58,
    0x40, 0x4D, 0x3F, 0x69, 0x2D, 0x8A, 0xC8, 0x9C, 0xD0, 0x2D, 0x8A, 0x08, 0xA0, 0x41, 0x03, 0x64,
    0x04, 0x8C, 0x70, 0x21, 0x2C, 0xB8, 0xE7, 0x8A, 0x83, 0x9E, 0x1B, 0x26, 0x82, 0x24, 0x25, 0xFF,
    0x02, 0x24, 0xE5, 0x64, 0x0B, 0x0E, 0xA1, 0x21, 0x30, 0x84, 0x85, 0xA0, 0x10, 0x12, 0x06, 0x44,
    0xC0, 0xFB, 0x84, 0x7B, 0x3E, 0x98, 0xC7, 0x55, 0xA3, 0xA5, 0x43, 0xB9, 0x4C, 0x47, 0x6C, 0x89,
    0x8C, 0x67, 0xB8, 0xDD, 0x41, 0x5B, 0x42, 0x41, 0x8C, 0x4C, 0x42, 0x18, 0x49, 0xB6, 0x9B, 0x6C,
    0xBB, 0xD3, 0xB6, 0xDB, 0x8D, 0x53, 0x00, 0xC2, 0x65, 0x08, 0x71, 0x93, 0xA1, 0x3D, 0xD0, 0x12,
    0x19, 0x64, 0xAE, 0xDD, 0x06, 0xC8, 0xB6, 0x8B, 0x0E, 0xCE, 0x4A, 0x17, 0x95, 0x7E, 0x13, 0x17,
    0x49, 0x9D, 0xFE, 0x62, 0x28, 0x52, 0x9C, 0x9E, 0xBE, 0xBB, 0xBF, 0x67, 0x92, 0x02, 0x1B, 0xA4,
    0x8E, 0x6B, 0x9F, 0x53, 0x4C, 0x2D, 0xE1, 0x15, 0xAF, 0x60, 0xA0, 0x12, 0xDB, 0x25, 0xA8, 0x2F,
    0xB8, 0x2B, 0x88, 0xEA, 0xAA, 0xBA, 0x0D, 0x22, 0x47, 0x54, 0x15, 0xAE, 0x91, 0x49, 0x08, 0xB0,
    0x57, 0xBD, 0xE1, 0xB8, 0xA2, 0xBB, 0x58, 0xDB, 0xAA, 0x9C, 0x48, 0xE2, 0x6E, 0x83, 0xD4, 0xCF,
    0x37, 0x0B, 0x2F, 0x2C, 0xF5, 0xCD, 0xC9, 0x15, 0xF2, 0xD3, 0xEF, 0xCF, 0x6E, 0x9F, 0xBC, 0xBE,
    0x9C, 0x5F, 0x24, 0xD5, 0x8B, 0x4A, 0x56, 0xC8, 0xA1, 0xA6, 0x43, 0xC3, 0x29, 0x3D, 0x3D, 0xF0,
    0xF9, 0x42, 0xAE, 0x6E, 0xBF, 0xE1, 0xC2, 0xFE, 0x9C, 0xF7, 0x5B, 0x91, 0xE5, 0x7F, 0xBA, 0xE9,
    0x79, 0x7E, 0xBE, 0x21, 0x3C, 0xC2, 0xEA, 0x76, 0x3F, 0x71, 0x93, 0xC3, 0x67, 0x0E, 0x80, 0x8B,
    0x7F, 0x4C, 0xE6, 0xEE, 0x4B, 0xB2, 0x7D, 0x07, 0xE8, 0x81, 0xEC, 0x21, 0xF4, 0x3B, 0x5D, 0xA0,
    0x82, 0xDE, 0x40, 0x22, 0xA3, 0x31, 0xC2, 0x60, 0x32, 0x9B, 0xA8, 0x26, 0x9C, 0xC9, 0x64, 0x42,
    0x99, 0x07, 0xB0, 0xA5, 0xE9, 0x20, 0xBA, 0xD1, 0x27, 0x4B, 0x9D, 0x73, 0x29, 0x34, 0x2E, 0x85,
    0x8E, 0x42, 0x1A, 0x50, 0xE8, 0x7A, 0x50, 0x18, 0xC3, 0xD8, 0x2C, 0xA1, 0x56, 0x41, 0x37, 0xFB,
    0x11, 0x9C, 0x25, 0x8F, 0xF3, 0x15, 0x54, 0xF8, 0xF0, 0x8E, 0x22, 0xBF, 0xF9, 0x27, 0xA4, 0x81,
    0x4A, 0x69, 0xC0, 0x37, 0x70, 0x1A, 0x3C, 0x60, 0x44, 0x46, 0x41, 0x6A, 0x11, 0xAF, 0x35, 0x93,
    0xE3, 0x77, 0x9C, 0x7F, 0x9E, 0xE6, 0x92, 0x4F, 0xC9, 0x70, 0x24, 0x31, 0x32, 0x93, 0x65, 0xB1,
    0xC2, 0x3D, 0x23, 0x4E, 0x46, 0xFA, 0x00, 0x13, 0xBD, 0x86, 0xEF, 0x40, 0x86, 0x48, 0x10, 0x13,
    0xAE, 0xB2, 0x37, 0x4B, 0x20, 0x83, 0x5D, 0xF8, 0x92, 0x19, 0xA1, 0xEF, 0xCA, 0x2B, 0x3D, 0x95,
    0x85, 0xB4, 0xA0, 0x31, 0xE6, 0xC0, 0xB2, 0x8F, 0xB7, 0x1A, 0xCF, 0x80, 0xF1, 0x72, 0x50, 0xDE,
    0x03, 0x79, 0xD2, 0x4E, 0x21, 0xF3, 0x7E, 0xC4, 0x7C, 0x13, 0x78, 0xBA, 0x0B, 0x85, 0xA6, 0x9B,
    0x2D, 0xB5, 0x4F, 0x6E, 0xF3, 0xCA, 0x94, 0x89, 0xC8, 0x8B, 0x89, 0x24, 0x57, 0xF3, 0x1E, 0x37,
    0x81, 0xE4, 0x6D, 0x43, 0xC9, 0x7E, 0xE4, 0x81, 0x4B, 0x19, 0x4F, 0x13, 0x6B, 0x5F, 0x9A, 0xF6,
    0x09, 0x8A, 0x59, 0xDE, 0x19, 0xD8, 0xB3, 0x1B, 0x47, 0xD2, 0x13, 0x66, 0xB6, 0xA3, 0xE3, 0x7F,
    0xE5, 0x18, 0xF7, 0x69, 0x55, 0xDC, 0xBB, 0xDE, 0x83, 0xC9, 0x5E, 0x30, 0x4B, 0x53, 0x31, 0xCD,
    0x11, 0xC9, 0x62, 0x18, 0x8D, 0x4B, 0x5F, 0xEE, 0xAC, 0x68, 0x21, 0xD7, 0x56, 0xC1, 0x43, 0xAA,
    0xD0, 0x2D, 0xCD, 0x88, 0x58, 0xAA, 0xE8, 0x3E, 0x95, 0x6B, 0x3B, 0x4C, 0xB4, 0x64, 0xF0, 0x4B,
    0xC3, 0xB1, 0x14, 0xDD, 0x68, 0x76, 0xD6, 0xA2, 0x0A, 0x1B, 0x8C, 0x2A, 0xEF, 0x33, 0x52, 0xB0,
    0x98, 0x8B, 0x8D, 0x5C, 0xDE, 0x3F, 0xDD, 0x04, 0x3A, 0x47, 0xC9, 0x5B, 0xB5, 0xFB, 0xDE, 0x14,
    0x37, 0xF7, 0x3A, 0x59, 0xBC, 0x9A, 0x43, 0x6E, 0xEB, 0xC0, 0x8E, 0xA4, 0xF6, 0x3F, 0x1B, 0xFA,
    0xE0, 0xF3, 0x27, 0x7D, 0xB8, 0x71, 0xCB, 0xB0, 0x77, 0x4B, 0xA4, 0x43, 0x96, 0xE0, 0x70, 0x09,
    0x6E, 0x2E, 0x71, 0xAC, 0x99, 0x6A, 0x89, 0x79, 0x14, 0x96, 0x72, 0x49, 0xB2, 0x29, 0xED, 0xA2,
    0xD4, 0x4B, 0xAB, 0x9C, 0x58, 0x6D, 0x19, 0xA1, 0xAB, 0x78, 0xE4, 0x94, 0x6C, 0xBD, 0x12, 0x35,
    0x54, 0x82, 0x19, 0x15, 0x84, 0x54, 0xC2, 0x23, 0xDC, 0xC5, 0xA0, 0xE2, 0xAA, 0x33, 0x24, 0xFE,
    0x3A, 0x3C, 0x76, 0xE5, 0x4D, 0xB1, 0x04, 0x73, 0x4C, 0xF7, 0x81, 0xBC, 0x5D, 0xF0, 0xA7, 0x6B,
    0xE5, 0x5D, 0x7F, 0x15, 0x79, 0xC3, 0xEA, 0x24, 0xE9, 0x1E, 0x9D, 0xE4, 0xCD, 0x5D, 0xDB, 0x41,
    0xBA, 0x13, 0x44, 0xF6, 0x15, 0x39, 0xDA, 0x0B, 0xD2, 0x61, 0xC2, 0x21, 0x1D, 0x06, 0x86, 0x44,
    0x7C, 0x95, 0x7C, 0xC5, 0x7A, 0x81, 0x7F, 0xBC, 0xB0, 0x87, 0xC0, 0x7C, 0xAA, 0x6D, 0x97, 0xEB,
    0x15, 0x7D, 0xD2, 0xA4, 0x43, 0x75, 0x37, 0xDF, 0x53, 0xC6, 0xDB, 0x31, 0x6B, 0x0E, 0xC8, 0xD7,
    0x34, 0xDA, 0x76, 0x4C, 0x0D, 0x88, 0xE8, 0x67, 0x1C, 0x70, 0x68, 0xD2, 0xA1, 0x39, 0x2E, 0x6F,
    0x1A, 0xB3, 0x7E, 0x11, 0xAE, 0x5E, 0x71, 0x6F, 0xBC, 0xEA, 0xDA, 0xE4, 0x87, 0xC8, 0xCB, 0x55,
    0xFE, 0xE0, 0x8E, 0xCB, 0xDE, 0xAF, 0x82, 0xF2, 0x51, 0x58, 0x5C, 0xC6, 0x54, 0x54, 0xD1, 0x14,
    0x17, 0x6D, 0x99, 0x29, 0xC6, 0x0B, 0x93, 0xE9, 0xAA, 0xF9, 0xDA, 0x73, 0x2E, 0x2E, 0xC6, 0xC8,
    0x6B, 0x2D, 0x9C, 0xC3, 0xD1, 0xED, 0xA4, 0x95, 0x4E, 0xB2, 0xC8, 0xD7, 0xCE, 0xEB, 0xB9, 0xC4,
    0xF0, 0x02, 0xFF, 0x07, 0x22, 0x04, 0xF6, 0x2A, 0x98, 0xD4, 0x3C, 0x95, 0xEB, 0x09, 0xCF, 0x93,
    0x4A, 0xE9, 0x54, 0xBB, 0x73, 0xD8, 0x77, 0xE3, 0xFB, 0x69, 0xB4, 0x6E, 0x1C, 0xCA, 0xDB, 0x81,
    0x62, 0x1C, 0x6D, 0x86, 0xD7, 0xA0, 0x90, 0xC7, 0xFC, 0x48, 0xD7, 0xAD, 0x6A, 0xC5, 0x2A, 0x17,
    0x8B, 0x0D, 0x4C, 0xE6, 0x85, 0xE1, 0xE9, 0x77, 0x48, 0xD2, 0x36, 0xFC, 0x0D, 0x9A, 0xB0, 0x09,
    0xEB, 0xA8, 0x8E, 0x2A, 0xFC, 0x22, 0x33, 0xC1, 0xBC, 0x44, 0x52, 0x24, 0x45, 0x5A, 0x20, 0x43,
    0x0A, 0xC9, 0x72, 0x6D, 0x34, 0x7D, 0x53, 0xF0, 0xF3, 0x44, 0x9F, 0xDA, 0x37, 0xE7, 0x10, 0xF8,
    0xD2, 0x31, 0xED, 0xCC, 0x6D, 0x94, 0x14, 0xCA, 0xE4, 0x16, 0xDC, 0xD2, 0x69, 0xA6, 0x9C, 0x88,
    0xDB, 0xA5, 0xDC, 0xCC, 0xB9, 0x3C, 0x63, 0x05, 0xDA, 0xB8, 0x36, 0x32, 0x5A, 0x29, 0x92, 0x37,
    0x6A, 0xC6, 0x42, 0x14, 0x13, 0xB9, 0x98, 0x28, 0x00, 0xC7, 0x2D, 0x48, 0x5B, 0x22, 0x8F, 0x01,
    0x01, 0x7E, 0xC0, 0x0C, 0x36, 0x2F, 0x4C, 0x5D, 0x86, 0xED, 0x90, 0x3B, 0x65, 0xC2, 0x1D, 0x17,
    0x60, 0x50, 0x85, 0xC8, 0x6C, 0xD9, 0x2F, 0xDF, 0xEF, 0xEE, 0x15, 0xCA, 0x48, 0x69, 0x22, 0xC8,
    0x09, 0x99, 0x32, 0xC8, 0x9A, 0x49, 0xAA, 0x59, 0x32, 0xFE, 0x9E, 0xE3, 0x58, 0x62, 0xB4, 0x4B,
    0xBC, 0x5B, 0xE3, 0x5D, 0x8F, 0x77, 0xBD, 0x64, 0xED, 0x27, 0xDD, 0xB1, 0xE8, 0x2C, 0x11, 0x4C,
    0xC1, 0x06, 0x69, 0x1E, 0x62, 0x4B, 0x7D, 0x1A, 0x2A, 0xCF, 0xC0, 0x29, 0xBC, 0x07, 0x2B, 0xB5,
    0x68, 0xA3, 0x7D, 0x06, 0xAA, 0x2B, 0xE9, 0x89, 0x31, 0x10, 0x28, 0xF6, 0xD3, 0x67, 0x73, 0x0C,
    0x70, 0x90, 0x48, 0x5B, 0xCE, 0x64, 0x3D, 0x13, 0x2E, 0x4B, 0x99, 0x6F, 0xA5, 0xA6, 0xC9, 0xD2,
    0xCB, 0x0C, 0x92, 0x56, 0x4A, 0xCB, 0xC8, 0x8A, 0x2A, 0x87, 0x82, 0x33, 0xCE, 0x60, 0x33, 0x3B,
    0x04, 0x3D, 0x0F, 0x5E, 0xCA, 0x76, 0x30, 0xD9, 0x1E, 0xD8, 0x07, 0x62, 0x82, 0x79, 0x92, 0xEB,
    0x72, 0x68, 0x64, 0xE1, 0x7C, 0x64, 0xE0, 0x72, 0xBC, 0xF3, 0xCE, 0x41, 0x54, 0x84, 0x08, 0xEE,
    0xCE, 0x9B, 0x73, 0x69, 0xAC, 0xB8, 0xF8, 0x91, 0x99, 0xC7, 0xD2, 0x08, 0xB4, 0x74, 0x31, 0xF3,
    0x9C, 0x43, 0xCD, 0xE4, 0x46, 0x69, 0x1E, 0x25, 0x87, 0x42, 0x25, 0x7B, 0xE8, 0x31, 0x44, 0x35,
    0x6F, 0x13, 0x3D, 0x59, 0x2B, 0x70, 0x6A, 0xE7, 0xC2, 0x56, 0xF4, 0xFE, 0x46, 0x68, 0xAD, 0x44,
    0x53, 0x4B, 0xA1, 0x55, 0x5B, 0xDB, 0x69, 0xC5, 0x84, 0x85, 0x25, 0xB2, 0x06, 0xDB, 0x9D, 0x5C,
    0x1A, 0x04, 0x38, 0x1F, 0xB3, 0xF8, 0xE6, 0x4C, 0x68, 0x4A, 0x6C, 0x65, 0x28, 0xFD, 0x67, 0x4E,
    0xC0, 0x58, 0x65, 0x98, 0x66, 0x77, 0x9C, 0xE1, 0x7D, 0x6B, 0xE8, 0x36, 0xD8, 0x38, 0x5D, 0x80,
    0x4D, 0x03, 0x5E, 0x8B, 0xB0, 0xC2, 0x12, 0xFE, 0x10, 0x8B, 0xF6, 0xD7, 0x2C, 0xA3, 0x94, 0x76,
    0xE0, 0x7D, 0xFC, 0xB8, 0x75, 0xC9, 0xBF, 0x71, 0xE9, 0x6E, 0xC6, 0xA5, 0x95, 0x94, 0xB4, 0xE7,
    0xB6, 0x11, 0x46, 0xFF, 0x25, 0x1D, 0xDD, 0x1D, 0x38, 0xDA, 0xDC, 0xAD, 0x47, 0x19, 0x9B, 0x8E,
    0xB1, 0x8C, 0x6B, 0x65, 0xE3, 0xEF, 0xE4, 0xA2, 0x64, 0xD9, 0x27, 0xEB, 0xBE, 0x23, 0x13, 0x39,
    0x32, 0xEC, 0xCD, 0xEF, 0x53, 0xB2, 0xB2, 0xDA, 0x59, 0x12, 0xE3, 0x91, 0x4C, 0xA9, 0xD5, 0x29,
    0xBD, 0x3A, 0x2E, 0x0F, 0xBA, 0x72, 0x39, 0xFD, 0x29, 0x26, 0xE3, 0x6A, 0xCB, 0x9B, 0xCD, 0x21,
    0xE3, 0x9E, 0x09, 0xD8, 0xD1, 0xD5, 0x7B, 0x5A, 0x37, 0xDB, 0xD3, 0xA6, 0xE9, 0x15, 0x95, 0xDB,
    0xFF, 0x3F, 0x30, 0xEF, 0xC6, 0xFC, 0x4E, 0x32, 0xFA, 0x95, 0x27, 0x36, 0x29, 0xA3, 0x3A, 0x98,
    0x54, 0x9D, 0x7E, 0x17, 0x9D, 0xD7, 0xA1, 0xE8, 0x37, 0xEA, 0x50, 0x68, 0x51, 0x4C, 0x57, 0x38,
    0x6A, 0x50, 0x7A, 0x92, 0x71, 0x96, 0x60, 0x88, 0x13, 0x6A, 0xDA, 0x1A, 0xD3, 0x59, 0xC1, 0x21,
    0x80, 0xAB, 0x13, 0x41, 0x2B, 0xFE, 0xDD, 0x51, 0x79, 0x46, 0x8A, 0xC2, 0x6F, 0x9A, 0xE0, 0x93,
    0x26, 0xFC, 0x7D, 0x15, 0x7E, 0x54, 0x46, 0x4F, 0xBE, 0x51, 0x6C, 0xCF, 0xC0, 0xE3, 0x90, 0xE9,
    0x40, 0x7E, 0xE4, 0xEB, 0xF1, 0xF9, 0xEC, 0x35, 0xF0, 0x7E, 0x1B, 0xFF, 0xBC, 0x4F, 0xF0, 0xFA,
    0x41, 0xFB, 0xA5, 0x7C, 0xEE, 0x29, 0xA1, 0xD5, 0xA8, 0x84, 0x96, 0xA3, 0x0E, 0xE4, 0xD1, 0x7B,
    0xAC, 0xF9, 0x95, 0x8B, 0xCD, 0x90, 0x2D, 0xE0, 0xD6, 0xB1, 0x72, 0x99, 0xF4, 0xA6, 0x01, 0xBF,
    0x80, 0x5C, 0x3F, 0x6F, 0x9E, 0x21, 0xDB, 0x30, 0xF4, 0x11, 0xF3, 0xEB, 0xD7, 0x5A, 0x7D, 0xDE,
    0xFB, 0xA1, 0x1B, 0x1A, 0x6F, 0xA8, 0x12, 0x24, 0x84, 0x3B, 0xF7, 0x9D, 0xE7, 0x9B, 0x60, 0x2D,
    0x25, 0x4F, 0x65, 0x13, 0x53, 0x38, 0xCA, 0x4E, 0x98, 0xC6, 0xB6, 0xCA, 0xA1, 0xB7, 0xAD, 0x2C,
    0x90, 0x83, 0xCA, 0x57, 0xC9, 0x98, 0xE5, 0x16, 0xD0, 0xC1, 0x68, 0x26, 0x0A, 0x80, 0x8A, 0xE0,
    0xD3, 0x1A, 0x73, 0x19, 0xFE, 0x27, 0x36, 0x7E, 0x16, 0x7E, 0x04, 0x3B, 0x08, 0xFC, 0xB1, 0xF9,
    0xF1, 0xFD, 0x8A, 0xC1, 0x41, 0x49, 0x15, 0x00, 0x6B, 0x46, 0x15, 0x50, 0x50, 0x09, 0xC4, 0x70,
    0x9C, 0xCF, 0x41, 0xFD, 0xEE, 0x9C, 0xB3, 0xDF, 0x5F, 0x72, 0x49, 0x2F, 0x2F, 0x24, 0x99, 0x1C,
    0xE0, 0x44, 0x34, 0x12, 0x45, 0x3A, 0xFB, 0x5C, 0x93, 0x7F, 0x3E, 0x86, 0x5B, 0x96, 0x6B, 0x37,
    0x98, 0xE9, 0x2E, 0x6C, 0x0B, 0x6B, 0x7E, 0x95, 0xD4, 0xC1, 0xEF, 0x10, 0x08, 0xFC, 0xF6, 0xC9,
    0x3A, 0xFC, 0xB3, 0x1C, 0xE3, 0x73, 0x08, 0x78, 0x2E, 0xC7, 0xB8, 0x9A, 0x9D, 0xE3, 0xD1, 0x29,
    0x1E, 0x8F, 0x3D, 0xC7, 0xD8, 0x6B, 0x6F, 0x9F, 0xBC, 0xF6, 0xF3, 0xC6, 0xA4, 0xF7, 0xF1, 0xA3,
    0x29, 0x52, 0xD2, 0xC6, 0x79, 0xF5, 0x3C, 0x5D, 0xC7, 0x90, 0xDE, 0x4D, 0xE6, 0x86, 0x07, 0x75,
    0xCD, 0xAB, 0x73, 0x6E, 0x53, 0xFA, 0x32, 0x31, 0xB7, 0xE0, 0x17, 0x6E, 0x2A, 0x3B, 0xBB, 0xC5,
    0xC3, 0x5B, 0xBB, 0x52, 0x62, 0xA5, 0x23, 0x6B, 0x6D, 0x32, 0xB5, 0x0B, 0xBC, 0x77, 0xD4, 0x95,
    0x12, 0xCE, 0x41, 0x7E, 0x9C, 0x4D, 0x99, 0xF7, 0x78, 0x8E, 0xF9, 0xEF, 0xCD, 0x79, 0x81, 0xD7,
    0x9A, 0x84, 0x7B, 0x11, 0xEE, 0x81, 0xFF, 0xB4, 0xDE, 0x80, 0x1B, 0x7A, 0x9C, 0xAC, 0xDB, 0x04,
    0xDC, 0xCE, 0x61, 0x63, 0xC5, 0xA2, 0x94, 0x3B, 0x33, 0xB7, 0xE2, 0xCE, 0x44, 0xD6, 0x46, 0x18,
    0xC7, 0x51, 0x57, 0xF6, 0xD6, 0xAF, 0x41, 0x3E, 0xBE, 0x49, 0xB0, 0xB3, 0xAF, 0x0D, 0xF6, 0xA2,
    0xDB, 0x6A, 0x0E, 0x33, 0xAB, 0x46, 0xE9, 0xF8, 0x20, 0xE7, 0xC1, 0xC5, 0x19, 0xAE, 0x5F, 0x04,
    0xF4, 0xC5, 0xCE, 0x02, 0xDD, 0x55, 0x8F, 0x40, 0x86, 0x29, 0x95, 0x68, 0xAD, 0x0A, 0x62, 0x33,
    0xD3, 0xFD, 0x7C, 0x5B, 0xA6, 0x4C, 0x12, 0x53, 0x1A, 0x2D, 0xD3, 0x20, 0xC8, 0x24, 0xE5, 0x99,
    0x75, 0x7D, 0x70, 0x1C, 0x84, 0x16, 0x74, 0xC8, 0x1B, 0xAE, 0x6C, 0x44, 0xD6, 0x05, 0x0D, 0x0C,
    0xCD, 0x03, 0x28, 0x05, 0xE9, 0x72, 0xF5, 0x31, 0xEC, 0xD0, 0x26, 0x97, 0x12, 0xCA, 0x95, 0x41,
    0x4F, 0xE5, 0x2F, 0x5B, 0xD9, 0x36, 0x91, 0x52, 0xE2, 0x68, 0x1B, 0xB9, 0x91, 0x9D, 0xB3, 0xFA,
    0x38, 0xAD, 0x8C, 0x32, 0xE0, 0xF5, 0xE8, 0x26, 0x1E, 0xF6, 0x40, 0x6D, 0x73, 0xE3, 0x08, 0x7B,
    0xD4, 0x1A, 0x42, 0x2C, 0xCE, 0xC1, 0x4B, 0x8E, 0x91, 0x73, 0x5A, 0x1A, 0x1C, 0x4B, 0x56, 0xFA,
    0x74, 0xA0, 0x10, 0xC9, 0x12, 0x6E, 0x04, 0x4F, 0xD4, 0x57, 0xEB, 0x0E, 0x1B, 0x02, 0xAC, 0xC3,
    0xE0, 0x4C, 0x6B, 0x2E, 0x79, 0xAD, 0xD1, 0xAD, 0xAA, 0x67, 0xE4, 0x72, 0x6F, 0x15, 0x22, 0x61,
    0x76, 0x0F, 0xBD, 0x2D, 0x8F, 0x5C, 0xF8, 0x04, 0x96, 0x8A, 0x9F, 0x0C, 0xD9, 0x71, 0x91, 0xE1,
    0x2A, 0xA2, 0x7A, 0xBA, 0x2F, 0xB7, 0x5A, 0xBE, 0xFA, 0x6B, 0xBC, 0xF1, 0xAB, 0x51, 0x71, 0xBB,
    0x91, 0x71, 0x67, 0xD4, 0x2C, 0x17, 0x74, 0xC0, 0x59, 0xEA, 0xF1, 0x3F, 0xE4, 0xCD, 0xDF, 0x2A,
    0x0E, 0x97, 0x8E, 0x10, 0x22, 0x44, 0x74, 0x8D, 0x7A, 0x2A, 0x13, 0x69, 0x8F, 0x73, 0xAA, 0x8B,
    0x9C, 0xAE, 0x4E, 0x6E, 0xCE, 0x4A, 0x3A, 0xA6, 0x3E, 0xFB, 0x91, 0x64, 0xEC, 0x14, 0x28, 0x95,
    0xA4, 0x00, 0x3B, 0xC2, 0x6B, 0x04, 0x6C, 0xB5, 0x66, 0x0D, 0xA9, 0xC0, 0xE8, 0xC3, 0xE3, 0x81,
    0xD5, 0x97, 0xF4, 0x0F, 0xF1, 0xD3, 0xC6, 0x7A, 0x4D, 0x3C, 0xED, 0x30, 0xA6, 0xA8, 0x86, 0xA9,
    0x9C, 0x94, 0x4E, 0x35, 0xA4, 0x74, 0x6A, 0xB2, 0x60, 0x68, 0x27, 0x87, 0x4B, 0x2A, 0x80, 0x22,
    0x2B, 0x80, 0x4C, 0xDD, 0xEE, 0x1B, 0xE6, 0x57, 0x73, 0xA1, 0x3E, 0x94, 0xF6, 0xA6, 0x18, 0x3D,
    0xA7, 0x74, 0x7E, 0x33, 0x85, 0x98, 0xF9, 0x14, 0x70, 0x2A, 0xE7, 0x02, 0x76, 0xAD, 0xFF, 0x0B,
    0x6A, 0x23, 0xD0, 0x1B, 0xA8, 0xD1, 0xD8, 0x3A, 0xC2, 0x36, 0x8B, 0xC1, 0xD2, 0xBE, 0xAB, 0xA1,
    0xB3, 0xB2, 0xD4, 0x3F, 0x0C, 0x85, 0xBD, 0x01, 0x58, 0x89, 0xFA, 0xDD, 0x3E, 0xA1, 0x4C, 0x9B,
    0xE0, 0xF3, 0x56, 0x49, 0xCE, 0xA1, 0x0C, 0x4B, 0x28, 0xDF, 0x01, 0xD1, 0x96, 0xD5, 0xD6, 0x11,
    0x78, 0x23, 0x1D, 0x31, 0x64, 0x04, 0x6C, 0x25, 0xB4, 0x08, 0x06, 0xFE, 0x6C, 0xB2, 0xA9, 0x01,
    0xC1, 0x2A, 0xEE, 0x63, 0x0B, 0xC2, 0x02, 0x0C, 0x47, 0xBC, 0x3C, 0xAE, 0xF3, 0xA4, 0xCC, 0x91,
    0x0A, 0x84, 0xB3, 0x86, 0x86, 0xB7, 0xA1, 0xF2, 0xB4, 0x05, 0xC5, 0xB4, 0x75, 0x69, 0xD5, 0x93,
    0x98, 0x97, 0x07, 0x95, 0xD9, 0xDA, 0xB2, 0xDD, 0xC8, 0x44, 0x0E, 0x16, 0x7A, 0x82, 0x88, 0x3B,
    0xB5, 0x15, 0x44, 0xEC, 0x2A, 0x88, 0x38, 0x57, 0xEA, 0x41, 0x53, 0xDE, 0x15, 0x39, 0xA2, 0x2A,
    0xEC, 0xA7, 0xB2, 0xDD, 0x86, 0xC8, 0x0E, 0x0A, 0x3A, 0x91, 0x29, 0x2F, 0x92, 0xD2, 0xBA, 0xF6,
    0xD4, 0xB8, 0xA6, 0xB0, 0x73, 0x6C, 0x11, 0x70, 0x1B, 0xCB, 0x05, 0xE5, 0x86, 0x72, 0x6E, 0x4E,
    0x85, 0x14, 0x2A, 0x26, 0xE6, 0xCE, 0x4E, 0xCA, 0xAE, 0x3A, 0x77, 0xC1, 0xEF, 0xB0, 0x3A, 0x7F,
    0xBB, 0x76, 0x21, 0xB2, 0xD0, 0x21, 0x6D, 0x4D, 0x6B, 0x1E, 0xE3, 0x5E, 0x28, 0x30, 0x85, 0xE3,
    0x53, 0x48, 0xBE, 0xE3, 0x05, 0xDF, 0x9C, 0x5C, 0x92, 0xA0, 0x9C, 0x22, 0x68, 0x6D, 0xF4, 0x68,
    0x0E, 0x9F, 0xDB, 0xB8, 0x58, 0x74, 0xAB, 0x62, 0xF1, 0x97, 0x21, 0xF3, 0xBE, 0xA8, 0x54, 0x84,
    0xA7, 0x0D, 0xF5, 0xFB, 0x83, 0xE0, 0xA2, 0x36, 0xE7, 0x5B, 0x47, 0xB5, 0x9F, 0x84, 0x98, 0x12,
    0xF2, 0x53, 0x3C, 0x76, 0x3A, 0xF9, 0x49, 0x51, 0xC9, 0x96, 0x03, 0x16, 0xA5, 0xBC, 0xCF, 0x39,
    0xF7, 0x52, 0x66, 0xDF, 0xBB, 0xE1, 0x79, 0xF6, 0x1A, 0xF0, 0xD9, 0x41, 0xFF, 0x9D, 0xB5, 0xD6,
    0xA3, 0x79, 0x27, 0x3B, 0xEA, 0x3C, 0x8F, 0xC5, 0x23, 0xA6, 0x35, 0x84, 0xA0, 0x41, 0x94, 0xBA,
    0xFD, 0x35, 0xCE, 0xDE, 0x49, 0xA5, 0xC0, 0xB2, 0x15, 0x17, 0xDD, 0x3F, 0xCA, 0x89, 0x39, 0x2C,
    0x4F, 0xFB, 0xFD, 0xD4, 0xD0, 0xB9, 0x60, 0xF1, 0x07, 0xBB, 0x58, 0xDD, 0x31, 0xCD, 0xD8, 0x4D,
    0x2A, 0xF6, 0xC6, 0x9A, 0xC6, 0x96, 0x74, 0xEE, 0xEF, 0x39, 0xD8, 0x99, 0x0A, 0x20, 0x15, 0x31,
    0xE1, 0x7D, 0x3C, 0x53, 0xA2, 0xD6, 0xF1, 0xB4, 0xCD, 0x35, 0x3C, 0xDC, 0xA9, 0xC7, 0xA8, 0xDF,
    0xB3, 0x5A, 0xAC, 0x43, 0xA9, 0x77, 0xBF, 0x36, 0x7D, 0xC6, 0xC5, 0xA0, 0x8B, 0x59, 0x82, 0x97,
    0x7E, 0x91, 0xD2, 0xE6, 0xE1, 0xFE, 0x96, 0xE1, 0xF6, 0x0F, 0xD6, 0x6A, 0x5C, 0x09, 0xE4, 0xDA,
    0xA8, 0x0B, 0x4B, 0x9A, 0x6F, 0xC9, 0x16, 0xD3, 0xA6, 0x1F, 0xCB, 0xF3, 0xB7, 0x40, 0x74, 0x66,
    0x5A, 0xD8, 0xA5, 0x86, 0x9E, 0xD8, 0xD8, 0xAF, 0xC6, 0x72, 0xEF, 0xF1, 0x44, 0xFF, 0xAA, 0x72,
    0x69, 0x59, 0x48, 0x13, 0xCA, 0xC6, 0xA4, 0x7C, 0x6B, 0x66, 0x24, 0xEE, 0xE7, 0x40, 0x62, 0x9F,
    0x20, 0xE0, 0x3F, 0xE5, 0xD5, 0xAB, 0x02, 0xA6, 0x24, 0xA5, 0xFA, 0x0D, 0x0D, 0x93, 0x07, 0x53,
    0xC7, 0x85, 0xFA, 0x5B, 0xD4, 0xEB, 0x29, 0x63, 0xAE, 0xFC, 0x88, 0x36, 0xDB, 0x97, 0x49, 0x96,
    0xEB, 0xCD, 0x64, 0x96, 0x24, 0xD9, 0xB7, 0x28, 0xD9, 0x7F, 0xC0, 0xC9, 0x06, 0x53, 0x1E, 0x95,
    0xFC, 0xDD, 0x51, 0x69, 0x43, 0x71, 0x2C, 0x70, 0xD0, 0xAB, 0xF6, 0x78, 0xFB, 0x00, 0x6E, 0x32,
    0xD8, 0x22, 0x87, 0xFF, 0xDB, 0x4C, 0x5D, 0x45, 0x69, 0x71, 0x1B, 0x26, 0x3B, 0x41, 0x40, 0x18,
    0xBD, 0x85, 0x14, 0x17, 0xF6, 0xB0, 0x7F, 0xD0, 0x7C, 0x71, 0x84, 0xC9, 0xC6, 0x1C, 0xB0, 0x78,
    0x42, 0x3B, 0xBA, 0xD8, 0xE6, 0x72, 0xBB, 0x89, 0xF8, 0xDD, 0xB4, 0xF5, 0x0F, 0x3A, 0x4D, 0xAE,
    0x6D, 0x37, 0xA9, 0xBE, 0x46, 0x96, 0xF9, 0xFB, 0x73, 0x69, 0x37, 0xE0, 0x15, 0xAF, 0xEF, 0x4F,
    0x76, 0xCB, 0x17, 0x24, 0xF7, 0x94, 0xE5, 0x58, 0x0D, 0x0D, 0x18, 0xBC, 0x5A, 0xC7, 0x39, 0xCC,
    0x35, 0xFD, 0x8C, 0xAD, 0xA2, 0xD1, 0x40, 0x75, 0x09, 0x23, 0x41, 0xDE, 0xEF, 0xB9, 0xBF, 0xB9,
    0x60, 0x7C, 0xC3, 0x1A, 0x47, 0x9C, 0x71, 0x0B, 0x3F, 0x26, 0x40, 0x7F, 0x2A, 0xA7, 0x4E, 0xF3,
    0x9F, 0x8C, 0x50, 0xDE, 0x18, 0x0E, 0x0C, 0xC5, 0x4F, 0x5D, 0x7B, 0xE2, 0xDA, 0x5F, 0x2D, 0x9A,
    0x87, 0xFE, 0x73, 0xE5, 0x3D, 0xAC, 0x5B, 0xC1, 0x52, 0x7C, 0x80, 0xC5, 0x55, 0x04, 0x6B, 0x35,
    0xB6, 0xD7, 0x24, 0xD5, 0x97, 0x34, 0x06, 0xCD, 0x6C, 0xA6, 0x2A, 0x35, 0x5B, 0xFB, 0xDA, 0x3E,
    0x9B, 0xD7, 0x36, 0x06, 0xB9, 0xAB, 0x45, 0x01, 0x26, 0xC2, 0x10, 0x9F, 0x30, 0x30, 0x3E, 0x55,
    0x64, 0x7C, 0xC1, 0xF5, 0x9C, 0x0C, 0x3D, 0x5E, 0x8B, 0xA9, 0x60, 0x94, 0xD3, 0x5D, 0x6B, 0xF7,
    0x2A, 0x68, 0x73, 0x55, 0xAE, 0x79, 0xC0, 0xC0, 0x80, 0x9B, 0xE5, 0xD2, 0x67, 0x8B, 0xEF, 0xDB,
    0x58, 0xE2, 0x1F, 0x50, 0xB1, 0x65, 0xFD, 0x41, 0xDD, 0x62, 0x45, 0xEE, 0x18, 0x23, 0xB8, 0x0D,
    0x59, 0x5C, 0x93, 0xF4, 0x2A, 0xF1, 0xAB, 0xDE, 0xAA, 0xDE, 0x55, 0xF0, 0xE9, 0x89, 0x74, 0xDC,
    0xCC, 0x22, 0xF4, 0xD6, 0xFD, 0x66, 0x45, 0xB2, 0x1C, 0x49, 0x40, 0x12, 0xD6, 0x4B, 0xD5, 0x7F,
    0x47, 0x7B, 0xCB, 0x3C, 0x36, 0xED, 0x71, 0x1B, 0x32, 0x75, 0x47, 0x35, 0xF6, 0xA6, 0x0A, 0x00,
    0x9F, 0xD4, 0x52, 0x6A, 0x77, 0xF3, 0xEC, 0x30, 0xD6, 0x8A, 0x77, 0xE3, 0x59, 0xC6, 0xB2, 0xD9,
    0x36, 0x96, 0x4D, 0x15, 0x37, 0x30, 0x46, 0xE0, 0x0D, 0x43, 0x1C, 0x11, 0x8E, 0x14, 0xB7, 0x5C,
    0xD5, 0xE9, 0xEB, 0x7F, 0xAC, 0x92, 0xE1, 0xED, 0x2A, 0xEC, 0x82, 0xF2, 0xBA, 0x47, 0x52, 0x6E,
    0x4C, 0x56, 0xC6, 0x1A, 0xF9, 0x50, 0x1F, 0x5D, 0xC6, 0x45, 0x71, 0x87, 0x8A, 0x29, 0x22, 0x47,
    0x2C, 0x84, 0x2B, 0x44, 0xCE, 0xEB, 0xDB, 0x20, 0xF2, 0x09, 0x92, 0x6C, 0xA7, 0x30, 0x9F, 0x49,
    0xC8, 0x0A, 0x07, 0xEA, 0x7A, 0xEB, 0xE3, 0x8A, 0x6E, 0x2A, 0x40, 0x0F, 0x8B, 0xDC, 0xFD, 0x29,
    0xC8, 0x2F, 0xFF, 0x05, 0xE4, 0xA7, 0xBF, 0x9C, 0xFB, 0x5A, 0x6E, 0x50, 0x74, 0x7A, 0x74, 0x34,
    0x0C, 0x11, 0x3A, 0x1D, 0xA3, 0xC8, 0x0C, 0x89, 0xDF, 0x1D, 0x59, 0xFC, 0xF0, 0x7D, 0x56, 0x67,
    0xE9, 0x6D, 0x9F, 0xD2, 0x51, 0xE7, 0xD3, 0x44, 0x8B, 0xFA, 0xD1, 0x6D, 0x98, 0x79, 0x77, 0x71,
    0x06, 0xE3, 0x82, 0x8F, 0x3E, 0x82, 0x36, 0x7A, 0xBB, 0x14, 0x04, 0x47, 0x14, 0xFD, 0x45, 0xE5,
    0x6A, 0x9F, 0x25, 0x57, 0x35, 0xCB, 0x95, 0x4D, 0x72, 0xF5, 0x94, 0x8B, 0xDE, 0xCF, 0x66, 0x72,
    0x9B, 0xC2, 0x39, 0x28, 0x8A, 0x7F, 0xE4, 0xAC, 0xF4, 0xAA, 0xC2, 0xF0, 0x91, 0xD6, 0xF4, 0x18,
    0x10, 0x5D, 0x8C, 0xBE, 0xCB, 0x8A, 0x96, 0xA4, 0x9A, 0x2C, 0x0C, 0x6F, 0x3A, 0x2E, 0xA3, 0xFB,
    0xD6, 0x49, 0xB0, 0x68, 0xAD, 0xF3, 0xCC, 0x7B, 0xB0, 0x13, 0x9B, 0xB0, 0x64, 0x12, 0xB1, 0xB4,
    0xBE, 0x91, 0xB1, 0xD1, 0x44, 0xC2, 0xEF, 0x0B, 0x99, 0x50, 0xC9, 0x4B, 0x93, 0x13, 0x93, 0x05,
    0x51, 0x51, 0x3E, 0x81, 0x0E, 0x46, 0xA5, 0xDC, 0x7B, 0xAA, 0xE7, 0xC6, 0x0A, 0x1F, 0x7F, 0x57,
    0x6C, 0xD1, 0xF9, 0x90, 0x2D, 0x52, 0x49, 0x89, 0x32, 0x8E, 0xAA, 0xF5, 0x51, 0x81, 0xE6, 0x02,
    0xA6, 0x3D, 0x5D, 0xA7, 0xA0, 0xEB, 0x0C, 0x59, 0x25, 0xFC, 0xAD, 0x2E, 0xDC, 0x05, 0xA6, 0x23,
    0xAC, 0x7B, 0x77, 0xC1, 0xAC, 0xE2, 0x67, 0xAD, 0xBB, 0x0F, 0xEC, 0x03, 0x8C, 0x72, 0x46, 0xBC,
    0x9F, 0xD6, 0xEE, 0x8C, 0x68, 0x7F, 0x51, 0xBA, 0x94, 0xA1, 0x22, 0xDB, 0x93, 0x58, 0x97, 0x82,
    0x3A, 0x48, 0x3A, 0xF3, 0x27, 0xF1, 0xC0, 0x9A, 0xF6, 0x8B, 0x4C, 0x7B, 0x3F, 0x3D, 0x1B, 0x26,
    0x5F, 0xC0, 0xC0, 0x75, 0xA9, 0xA2, 0x82, 0x5E, 0x8D, 0x5C, 0xBB, 0xD5, 0x6D, 0xF3, 0xEF, 0xA0,
    0x5D, 0x90, 0x72, 0xC5, 0x55, 0x4C, 0xBF, 0xD6, 0x1E, 0xB4, 0x60, 0x5A, 0x53, 0x17, 0xE6, 0x0D,
    0xBD, 0xCE, 0x4D, 0x43, 0x9E, 0xFF, 0x82, 0x47, 0x41, 0x92, 0x1F, 0x7E, 0x06, 0xAC, 0xE2, 0xD7,
    0x6A, 0x6C, 0x94, 0xE8, 0xED, 0x12, 0x61, 0x5D, 0xF4, 0x9B, 0xA2, 0x47, 0x80, 0xF8, 0xB1, 0xBB,
    0xE8, 0x10, 0xC2, 0xB9, 0xF3, 0x86, 0xE9, 0x56, 0x44, 0x24, 0x7C, 0x12, 0x40, 0xEE, 0x0D, 0x69,
    0x33, 0x3E, 0x58, 0x50, 0x8C, 0x6E, 0xAB, 0xF7, 0x5F, 0x4C, 0x21, 0x97, 0x6C, 0x44, 0x75, 0x63,
    0x23, 0x2A, 0x0D, 0xF8, 0x12, 0x38, 0x7B, 0x7C, 0x32, 0xCD, 0x6F, 0xD8, 0xBB, 0xC2, 0x27, 0x1B,
    0x10, 0x9E, 0x8E, 0x61, 0x25, 0xD6, 0xD6, 0x9A, 0x0E, 0xCF, 0x52, 0x1D, 0x13, 0xEA, 0x7B, 0x7A,
    0x87, 0xA1, 0xA1, 0x5C, 0xE5, 0xCD, 0xE4, 0xB5, 0x5E, 0xEB, 0xF9, 0x6C, 0x5D, 0x8A, 0x6B, 0x9C,
    0x1E, 0x75, 0x59, 0x4D, 0xA5, 0xFF, 0x68, 0x0F, 0x1C, 0x96, 0xD6, 0x96, 0x4A, 0x00, 0x13, 0x8B,
    0xA0, 0x66, 0x12, 0x1B, 0xBD, 0x11, 0xE8, 0x8E, 0x48, 0x35, 0x7B, 0x7C, 0x66, 0x32, 0xA8, 0xB1,
    0x45, 0x21, 0x0E, 0x67, 0xC9, 0x1B, 0x4A, 0x7B, 0x76, 0x72, 0xB0, 0xF8, 0x47, 0x8B, 0xAF, 0xDB,
    0x06, 0xF4, 0x53, 0x28, 0x9B, 0x5A, 0xA5, 0xE3, 0x82, 0xEB, 0x9D, 0x31, 0x75, 0xB5, 0x19, 0xFF,
    0x9D, 0x7F, 0x6E, 0x0C, 0x8D, 0xFD, 0xAA, 0xDC, 0x66, 0xBB, 0x8A, 0xC2, 0xEA, 0xF0, 0x89, 0xD0,
    0xED, 0xB3, 0x8A, 0x73, 0x1C, 0x15, 0xEA, 0xD4, 0xB8, 0x99, 0x63, 0x24, 0x73, 0x94, 0xAD, 0x69,
    0xDA, 0x4E, 0xB1, 0xE1, 0x95, 0xA3, 0xE3, 0x36, 0x9A, 0x1E, 0x21, 0xB3, 0xA7, 0xA9, 0xD4, 0x1B,
    0x32, 0x71, 0xA0, 0x2F, 0x57, 0xD9, 0xDC, 0xCE, 0x3A, 0x5E, 0xAF, 0x5B, 0xD8, 0xB3, 0x9E, 0xA9,
    0x9E, 0x39, 0xCA, 0x07, 0x2B, 0x50, 0x3F, 0xA7, 0x36, 0x87, 0x0A, 0xA6, 0xAF, 0x27, 0x84, 0x82,
    0x31, 0xB1, 0x90, 0xDA, 0x24, 0x31, 0xC6, 0x09, 0xDA, 0xD1, 0xD5, 0x2C, 0xED, 0xC1, 0xB9, 0xF5,
    0xD8, 0x21, 0xD0, 0x98, 0x8F, 0xC9, 0x8E, 0x49, 0x7B, 0xAE, 0x48, 0x91, 0x94, 0xDA, 0x34, 0x27,
    0xEA, 0x35, 0xDF, 0x00, 0x26, 0xC5, 0x5F, 0x81, 0x49, 0xF3, 0x2C, 0x4C, 0x2E, 0x76, 0x1E, 0x7E,
    0xD8, 0xEF, 0x06, 0x3E, 0x0E, 0x26, 0xBD, 0xE2, 0xA2, 0x53, 0x15, 0xA1, 0xD4, 0xD3, 0xA3, 0x27,
    0xA1, 0xA8, 0x49, 0x6F, 0x2D, 0x26, 0x57, 0x1E, 0x14, 0x78, 0xF7, 0xB8, 0x98, 0x60, 0xE3, 0xA1,
    0x62, 0x35, 0xA8, 0xB7, 0x6D, 0xAA, 0x83, 0x23, 0x7E, 0x59, 0x35, 0x3B, 0x6D, 0x7E, 0x5F, 0xA1,
    0xCD, 0xE3, 0x4C, 0x6D, 0x6E, 0x17, 0xCE, 0xFD, 0x1F, 0xED, 0x5B, 0x3D, 0x93, 0xE4, 0xC8, 0x71,
    0x2D, 0x00, 0x11, 0x0B, 0x71, 0x61, 0x14, 0x0D, 0x19, 0x17, 0x52, 0x50, 0x70, 0xCE, 0x38, 0xC9,
    0x38, 0xFC, 0x81, 0x9D, 0x06, 0xEE, 0x68, 0xC8, 0xB8, 0x3F, 0x41, 0x83, 0xC6, 0xC9, 0x5A, 0x87,
    0x06, 0x8D, 0xDD, 0x69, 0x90, 0x67, 0xD0, 0x90, 0xB3, 0x3F, 0x61, 0x8D, 0x33, 0xCE, 0xA3, 0x0C,
    0x1A, 0x34, 0x66, 0xA7, 0x41, 0xAE, 0x71, 0x06, 0x0D, 0x61, 0x8F, 0x06, 0x0D, 0x1A, 0x04, 0x37,
    0x2E, 0x82, 0x86, 0x22, 0xB4, 0x60, 0x10, 0x8C, 0xC3, 0x91, 0xE8, 0x86, 0xDE, 0x7B, 0x59, 0x40,
    0xF7, 0xCC, 0xAE, 0xBE, 0x4E, 0xB3, 0xDC, 0x21, 0x43, 0x3D, 0xDD, 0x55, 0x35, 0x3D, 0xDD, 0x55,
    0x99, 0x59, 0x59, 0x99, 0x2F, 0x33, 0x6B, 0x9C, 0xC3, 0x23, 0x7A, 0xCC, 0xD6, 0xA5, 0xFD, 0xDA,
    0x15, 0x73, 0x9D, 0xF4, 0x2E, 0x99, 0xE7, 0x31, 0xE9, 0x5C, 0x3E, 0xA4, 0xB3, 0x6F, 0xDC, 0xAE,
    0x72, 0xDB, 0xD9, 0x45, 0x13, 0xFE, 0xDA, 0x39, 0xFC, 0xD5, 0xF9, 0x8E, 0x4F, 0x7E, 0x1E, 0x7F,
    0xE5, 0x3B, 0x45, 0x8D, 0x6E, 0x70, 0x65, 0x85, 0x6E, 0x74, 0xA5, 0x53, 0xB7, 0x75, 0x7A, 0xF3,
    0xB4, 0xEB, 0xD5, 0xA5, 0xD6, 0x65, 0x9D, 0x3E, 0x89, 0x29, 0xF8, 0xBD, 0xA2, 0xE1, 0x93, 0xEF,
    0x70, 0xEA, 0x3D, 0x3E, 0x35, 0x70, 0x12, 0x17, 0xCF, 0xD5, 0xB6, 0xC5, 0xC7, 0xB6, 0xF3, 0x2C,
    0x1A, 0xE7, 0xCE, 0xD9, 0xE3, 0x6F, 0xD8, 0x6C, 0xAD, 0x49, 0xE7, 0x6A, 0xE3, 0xCA, 0xB9, 0x7F,
    0xE0, 0x0E, 0xE9, 0x1F, 0x06, 0xAC, 0x36, 0x37, 0x98, 0xFD, 0x92, 0x73, 0x6F, 0x49, 0xDC, 0x96,
    0x4B, 0x6C, 0x39, 0xF9, 0x39, 0x9B, 0x4B, 0x36, 0x53, 0x68, 0x2A, 0x7C, 0x3C, 0xE7, 0xC7, 0x7D,
    0x57, 0x36, 0xE0, 0xFC, 0x80, 0x19, 0x77, 0x9F, 0x87, 0x45, 0xE2, 0x47, 0xEA, 0xBC, 0x09, 0xC8,
    0x77, 0x1E, 0xA4, 0xEC, 0xB2, 0x8E, 0x6C, 0x5F, 0x66, 0x0D, 0xBB, 0x43, 0x51, 0xE7, 0xE8, 0xF0,
    0x35, 0x75, 0x83, 0xB8, 0xA0, 0xA8, 0x6A, 0x75, 0x65, 0x2D, 0xC1, 0x61, 0xF9, 0x38, 0x74, 0xA3,
    0x98, 0x4C, 0x42, 0x37, 0x88, 0x07, 0x0A, 0x75, 0x67, 0xDD, 0xE5, 0xDA, 0xA5, 0xD6, 0x81, 0x32,
    0x76, 0x5C, 0x0B, 0x9F, 0xE4, 0x22, 0x98, 0x85, 0x82, 0xC3, 0x42, 0xA4, 0xD5, 0x0F, 0xD9, 0x48,
    0xD9, 0xCE, 0x33, 0xC5, 0xE4, 0xEE, 0xEF, 0x03, 0xE9, 0xEE, 0xAE, 0xDA, 0x32, 0xB4, 0xF8, 0xE2,
    0x54, 0xB8, 0xBC, 0x76, 0xD3, 0x86, 0xB4, 0x1D, 0x46, 0x57, 0x54, 0x11, 0xBE, 0x52, 0x56, 0x91,
    0x48, 0x31, 0xBA, 0xE2, 0x81, 0x6D, 0x62, 0x6D, 0xCF, 0x15, 0x8D, 0x98, 0x4C, 0xAD, 0x57, 0x5B,
    0x8A, 0xA0, 0x1D, 0xDA, 0xF2, 0x1F, 0x7F, 0xD3, 0x52, 0x65, 0xFE, 0x19, 0x6D, 0x36, 0xA6, 0xCD,
    0xB2, 0xB2, 0xCB, 0xAB, 0x69, 0x19, 0x66, 0x4F, 0xFB, 0x65, 0x98, 0xFC, 0xDB, 0xF1, 0x13, 0xF3,
    0x3A, 0x72, 0x1F, 0xBA, 0xD3, 0x47, 0x3C, 0xCF, 0x5F, 0x72, 0xCE, 0x79, 0xEE, 0xC0, 0xD2, 0xDC,
    0x68, 0xD8, 0x72, 0x8F, 0x06, 0xED, 0x75, 0x03, 0x82, 0xE2, 0xC9, 0xA6, 0x20, 0x6D, 0x9C, 0x28,
    0xD9, 0x6B, 0x48, 0x35, 0x82, 0x2C, 0x28, 0x37, 0x88, 0x9D, 0xD4, 0x92, 0x6C, 0x49, 0xAC, 0x91,
    0x18, 0x29, 0x43, 0x28, 0xB3, 0xB7, 0x61, 0x04, 0xE9, 0x71, 0x3F, 0x31, 0x4C, 0xA6, 0x75, 0xE8,
    0x07, 0xFB, 0x1C, 0xBE, 0x56, 0x74, 0xEB, 0x70, 0x6B, 0x1D, 0x25, 0xC7, 0x05, 0x6D, 0x17, 0xE2,
    0xBD, 0xED, 0x02, 0x15, 0x90, 0x5B, 0xC0, 0x2D, 0x3F, 0x98, 0xAE, 0xD8, 0xB6, 0x97, 0xE4, 0x17,
    0x54, 0x81, 0xFA, 0x5D, 0x6D, 0xC3, 0xBC, 0x8D, 0x66, 0xDB, 0x10, 0x28, 0x76, 0x22, 0x3E, 0xA0,
    0xD9, 0xA3, 0xCB, 0xC0, 0xE5, 0xC4, 0x61, 0xED, 0xFC, 0xCC, 0x37, 0x4C, 0x0E, 0x69, 0x73, 0xE6,
    0x4C, 0x0C, 0x71, 0x3F, 0xBA, 0x20, 0x85, 0x59, 0xA7, 0x30, 0x36, 0xED, 0x5A, 0x64, 0xE0, 0x56,
    0x11, 0xB8, 0x55, 0x02, 0x2E, 0x08, 0x00, 0x13, 0x04, 0xFE, 0x39, 0x0A, 0xEC, 0xE3, 0x8C, 0x2D,
    0xDC, 0x8F, 0x2B, 0xF3, 0xFD, 0xCA, 0x7B, 0xB3, 0xB2, 0x5E, 0x2D, 0x9C, 0x1F, 0x16, 0xC6, 0x49,
    0xB7, 0xF1, 0xCD, 0xF9, 0x8D, 0xED, 0xBC, 0x5D, 0xB9, 0xAE, 0x17, 0xA6, 0xE7, 0x85, 0x67, 0x6D,
    0x98, 0x58, 0x96, 0xA9, 0x11, 0xC7, 0x60, 0xB3, 0x5F, 0x19, 0x96, 0x8E, 0x78, 0x1C, 0xA8, 0x07,
    0xEA, 0x93, 0x5F, 0xF7, 0xEA, 0xE3, 0x3F, 0x52, 0xA7, 0xA1, 0xB4, 0x73, 0x65, 0xF2, 0xFD, 0x07,
    0x7E, 0xAE, 0xA8, 0x4C, 0x55, 0x8C, 0xD9, 0xEC, 0x50, 0xBA, 0x19, 0xC7, 0xAF, 0x9C, 0xE7, 0x68,
    0x9E, 0xF7, 0xEE, 0x10, 0x63, 0xD9, 0x78, 0x02, 0x53, 0x3B, 0x4A, 0x02, 0x0B, 0x9E, 0x73, 0x73,
    0xC1, 0xCD, 0x25, 0x29, 0xC4, 0x64, 0x4F, 0x28, 0x31, 0x4C, 0xB2, 0xA7, 0x0C, 0x65, 0x04, 0x60,
    0x6B, 0x4A, 0x92, 0xEE, 0x69, 0x92, 0x12, 0x6D, 0x5C, 0xE9, 0xD2, 0x89, 0x33, 0x94, 0xCE, 0x8F,
    0xD1, 0x9E, 0x8B, 0x6D, 0x46, 0x1E, 0xDA, 0xE2, 0xD9, 0xEF, 0x07, 0x6E, 0xB1, 0x9F, 0x3F, 0x1B,
    0x72, 0x28, 0x69, 0x7C, 0x88, 0x7A, 0xA8, 0x68, 0xCB, 0xF3, 0x03, 0x99, 0x26, 0xA1, 0x93, 0xB2,
    0x4E, 0x4B, 0x47, 0x6E, 0xA2, 0xA5, 0x93, 0x08, 0xE2, 0x31, 0x0B, 0x5D, 0x27, 0x6B, 0xE9, 0xD5,
    0x0D, 0xDC, 0x07, 0x6C, 0xE4, 0xD2, 0x35, 0xC7, 0x2E, 0xED, 0x29, 0x7B, 0x08, 0xDC, 0xBA, 0x8E,
    0xF2, 0x07, 0x5B, 0x14, 0x3E, 0x04, 0x55, 0x86, 0xCE, 0xC4, 0xA4, 0xAE, 0x24, 0x6B, 0x11, 0x48,
    0x87, 0x8C, 0x7F, 0x01, 0xBB, 0x84, 0xEE, 0x53, 0x08, 0x9B, 0x74, 0xA6, 0x2D, 0xC9, 0xF4, 0x3D,
    0xC9, 0x43, 0xDB, 0xEB, 0x9D, 0x7E, 0xD1, 0xA1, 0xC5, 0x1F, 0x90, 0x40, 0xDF, 0x98, 0xDE, 0x98,
    0xCE, 0x90, 0xAC, 0xBC, 0x66, 0x5B, 0xD4, 0x24, 0xAA, 0xA8, 0xBC, 0xF4, 0x41, 0x5A, 0x11, 0xCC,
    0xB7, 0xB5, 0xD2, 0x01, 0xB5, 0x32, 0xBD, 0x66, 0x76, 0xCD, 0xEE, 0x42, 0xFC, 0x20, 0xA5, 0x95,
    0xB2, 0x37, 0x66, 0x26, 0x4E, 0xDA, 0x68, 0x3C, 0x12, 0x60, 0x06, 0x0D, 0x5B, 0x9F, 0xF4, 0x19,
    0x8E, 0xBD, 0xEF, 0xD3, 0xCE, 0xF7, 0x59, 0x97, 0x35, 0x59, 0xBB, 0x1E, 0x57, 0x29, 0x8D, 0x6F,
    0x40, 0x55, 0x03, 0x43, 0x5C, 0x17, 0x55, 0xC1, 0x57, 0x85, 0xB5, 0xF9, 0x5A, 0x7F, 0x68, 0xFB,
    0xCF, 0xF1, 0x73, 0x89, 0x9F, 0x27, 0xF8, 0x99, 0xB0, 0xF9, 0xD3, 0xFA, 0xA3, 0xB5, 0xB9, 0x32,
    0xCD, 0x1F, 0xD7, 0x9E, 0x1B, 0x1D, 0xAA, 0x18, 0x43, 0xAC, 0x25, 0x65, 0xE2, 0x62, 0xF1, 0x28,
    0x43, 0xC1, 0x13, 0x93, 0xCC, 0x36, 0x18, 0x12, 0xD0, 0xC7, 0x41, 0x9F, 0xE0, 0x4B, 0x9E, 0xE7,
    0x31, 0x7D, 0xD1, 0x52, 0x65, 0x41, 0xF4, 0x2F, 0x7A, 0x58, 0x42, 0x4C, 0x98, 0xFD, 0x9C, 0xD6,
    0x16, 0x03, 0x0F, 0x86, 0x0B, 0xEE, 0x9E, 0x6F, 0x24, 0x0B, 0x0E, 0xB4, 0x4F, 0xD4, 0xCF, 0xA2,
    0xB1, 0x41, 0xED, 0x35, 0x00, 0x4F, 0x69, 0xBF, 0xB1, 0x41, 0x32, 0x9C, 0xF3, 0xEC, 0x61, 0x8E,
    0xE9, 0x89, 0x06, 0x90, 0xE2, 0x85, 0x76, 0x1A, 0x62, 0x96, 0x5F, 0xC1, 0xA0, 0x98, 0xC2, 0xA6,
    0xFB, 0x89, 0x87, 0x1B, 0x03, 0x68, 0x30, 0x9E, 0xE7, 0xD2, 0x2F, 0x18, 0x0D, 0x0C, 0xDC, 0xE8,
    0x0F, 0x95, 0xF1, 0xD5, 0xF8, 0xDA, 0xD8, 0x2A, 0x5A, 0xE3, 0x0A, 0xBD, 0x98, 0xC2, 0xFB, 0xC6,
    0x93, 0x0B, 0x2C, 0xB9, 0xF4, 0x45, 0x47, 0x8E, 0x1C, 0x19, 0xA2, 0x74, 0x8D, 0x9F, 0xB2, 0x22,
    0x3B, 0x5C, 0xD1, 0xB8, 0x61, 0x5F, 0x86, 0xBE, 0xD0, 0x08, 0xAC, 0xB4, 0x1B, 0x2C, 0x4B, 0x4E,
    0x28, 0xFB, 0x02, 0xBE, 0xF6, 0x21, 0xA4, 0x6F, 0x7C, 0x88, 0xC4, 0xCB, 0x0B, 0x73, 0xC4, 0xE5,
    0x64, 0x7D, 0x11, 0x7A, 0xCF, 0x7E, 0x43, 0x16, 0xB0, 0x2F, 0xE2, 0x00, 0x8A, 0xFB, 0x90, 0xBB,
    0x14, 0x0F, 0xC1, 0x51, 0x84, 0x3E, 0xE9, 0xAF, 0xF6, 0xDE, 0x00, 0x42, 0x34, 0x9B, 0xB3, 0x89,
    0x0F, 0xC1, 0xB1, 0x6C, 0xAE, 0x38, 0x9E, 0xF9, 0xCA, 0x9B, 0xD7, 0x1F, 0x49, 0x0B, 0xDB, 0x0F,
    0xE1, 0x3D, 0x9F, 0x49, 0x46, 0xFA, 0xCB, 0x67, 0xD4, 0x96, 0xEC, 0xDF, 0xC1, 0x02, 0x3A, 0x48,
    0x14, 0x34, 0xC1, 0x06, 0x9C, 0x83, 0x24, 0xAC, 0x76, 0x09, 0x4A, 0xA0, 0x8D, 0xEA, 0x1A, 0x1C,
    0x7D, 0xD9, 0x50, 0x1E, 0x76, 0x3A, 0x5B, 0x03, 0x47, 0x4B, 0x97, 0x52, 0x7E, 0xB0, 0x00, 0x9D,
    0x1C, 0x6E, 0x16, 0xBA, 0x56, 0x8E, 0xD7, 0x1B, 0xBD, 0x57, 0xBB, 0xBC, 0xB9, 0x62, 0xE9, 0xCC,
    0xA3, 0x0E, 0xF6, 0x81, 0x0B, 0x12, 0xFA, 0x8C, 0xBF, 0xC4, 0x5F, 0x2C, 0x27, 0x05, 0x8F, 0xBF,
    0x3F, 0xE1, 0x63, 0x36, 0x49, 0x88, 0x25, 0xFD, 0x35, 0x99, 0x65, 0x28, 0xFE, 0xB5, 0x59, 0xDB,
    0xF2, 0x03, 0x7E, 0xB7, 0x4C, 0x29, 0xB5, 0x27, 0x92, 0xA1, 0xEC, 0x54, 0x3C, 0xB0, 0x4D, 0x7A,
    0x9A, 0x8B, 0xAC, 0x8B, 0x4C, 0xED, 0x0D, 0xD6, 0x50, 0xCD, 0x68, 0x70, 0xDD, 0x8E, 0xDE, 0x44,
    0xBF, 0x06, 0xF4, 0x60, 0x1E, 0xC8, 0x7C, 0x82, 0x6C, 0x45, 0x93, 0x37, 0x8B, 0x59, 0xC2, 0xEF,
    0x51, 0xEF, 0x31, 0x98, 0x28, 0xF3, 0x8D, 0xFC, 0x25, 0x57, 0xBB, 0x5B, 0x5F, 0x91, 0xFC, 0x8E,
    0x2A, 0xC9, 0xC9, 0xB7, 0x8F, 0xF6, 0x2E, 0xA2, 0xD8, 0x31, 0xA9, 0x0C, 0xF3, 0x64, 0x14, 0x14,
    0x35, 0x5D, 0x0C, 0x17, 0x2C, 0x0D, 0x6B, 0xCA, 0x76, 0x63, 0x37, 0x00, 0x71, 0xD8, 0x94, 0x10,
    0xF1, 0x4F, 0x7E, 0x87, 0x3D, 0x98, 0x01, 0x3C, 0x92, 0x03, 0x50, 0x6C, 0x19, 0x0D, 0xFE, 0x07,
    0x6D, 0xFA, 0xAB, 0x3A, 0xC1, 0xB4, 0x9F, 0x48, 0x27, 0x46, 0x7E, 0x15, 0xD6, 0x8F, 0x50, 0x57,
    0xCF, 0x54, 0x58, 0x41, 0x20, 0x90, 0x94, 0xF2, 0x29, 0x07, 0x98, 0xEB, 0x09, 0xA6, 0xF1, 0x84,
    0x35, 0x33, 0xE4, 0x55, 0x0A, 0x89, 0xE1, 0x79, 0x96, 0x74, 0x39, 0xCE, 0xCB, 0x4C, 0x97, 0x11,
    0xA0, 0xB4, 0x3B, 0x99, 0xB3, 0xE3, 0x84, 0x7C, 0x2E, 0xB3, 0x1D, 0xE7, 0xD4, 0x84, 0x38, 0x06,
    0x01, 0xCA, 0x61, 0xD3, 0x3E, 0xE6, 0x6E, 0x7F, 0x93, 0x12, 0xC9, 0x7E, 0x26, 0xB3, 0x6F, 0x7B,
    0x37, 0x5D, 0x57, 0xCD, 0x82, 0xFB, 0x08, 0x48, 0x80, 0x7D, 0x07, 0x3C, 0x3F, 0x08, 0xD0, 0x6C,
    0x2B, 0x81, 0xF3, 0xC6, 0xB0, 0xB9, 0x41, 0x73, 0x43, 0xE6, 0x06, 0xCC, 0x85, 0xCB, 0x07, 0x83,
    0xE5, 0x06, 0xC7, 0x4F, 0xDA, 0xDE, 0x20, 0xB9, 0x21, 0x72, 0x01, 0xF2, 0xD6, 0xF0, 0xB8, 0x59,
    0x72, 0xCE, 0x76, 0x08, 0x60, 0x9C, 0x58, 0xBC, 0x5B, 0xA0, 0xB8, 0x21, 0x71, 0x5F, 0x8D, 0x82,
    0x78, 0x34, 0x15, 0x52, 0xB4, 0x4F, 0x8E, 0xA4, 0x02, 0x95, 0x43, 0x53, 0x3A, 0x60, 0xF2, 0x11,
    0xB2, 0x9E, 0x88, 0xC8, 0x41, 0xD5, 0x39, 0xF1, 0x38, 0xE1, 0x38, 0xD1, 0x38, 0x2D, 0x00, 0x3D,
    0xB0, 0x5E, 0xB0, 0x0E, 0x04, 0xE2, 0x1E, 0xBE, 0x4D, 0x30, 0x9C, 0x28, 0x3C, 0x7E, 0x74, 0x97,
    0x76, 0x98, 0x3A, 0x33, 0x0A, 0x44, 0xF4, 0x01, 0x73, 0xAD, 0x0F, 0x41, 0x72, 0x01, 0x72, 0xC1,
    0x71, 0x6A, 0xDC, 0x9E, 0xCD, 0x24, 0x20, 0x2E, 0x18, 0x2E, 0x5C, 0x22, 0x08, 0x2E, 0x00, 0x2E,
    0xF8, 0x5D, 0x06, 0x01, 0x24, 0xBD, 0x80, 0xF7, 0x65, 0x68, 0xD2, 0x5E, 0x90, 0x5B, 0x80, 0x5B,
    0x70, 0x5B, 0x3B, 0x24, 0xA8, 0x2D, 0xA0, 0x6D, 0x30, 0x5B, 0x20, 0xFB, 0x8C, 0x11, 0x12, 0xB7,
    0x14, 0x6C, 0xD3, 0x82, 0xAE, 0x1A, 0xA0, 0x63, 0x3B, 0xF1, 0xF4, 0xF3, 0xB4, 0xF0, 0xC0, 0x13,
    0x64, 0x97, 0x5A, 0x39, 0x1E, 0x4A, 0x6D, 0x05, 0xC5, 0xCE, 0x05, 0xB3, 0x9E, 0xB0, 0x9A, 0xA0,
    0x9A, 0x90, 0x9A, 0x80, 0x9A, 0x70, 0x5A, 0x60, 0x3A, 0xA2, 0x98, 0x63, 0x36, 0x49, 0x47, 0xA7,
    0xD1, 0x83, 0x14, 0x34, 0xB5, 0xFD, 0xFA, 0xE6, 0xF9, 0x2F, 0x80, 0xDA, 0xCA, 0x79, 0x45, 0xF7,
    0x90, 0x47, 0x8B, 0xD8, 0xA8, 0xD7, 0x8B, 0xE3, 0x93, 0xC7, 0x8D, 0xC8, 0x23, 0x84, 0x61, 0x02,
    0xD5, 0x3B, 0x3B, 0xC5, 0x8E, 0x87, 0xEC, 0x96, 0x8A, 0x47, 0x40, 0xC2, 0x5B, 0x48, 0xEB, 0x08,
    0x6B, 0x1F, 0xBF, 0x7E, 0x11, 0x45, 0xF2, 0x22, 0x17, 0x5C, 0x71, 0x43, 0xF7, 0x90, 0x53, 0x60,
    0x77, 0xEA, 0xDB, 0x2A, 0xA2, 0xDC, 0xC1, 0x65, 0x3E, 0x6D, 0x5D, 0xF2, 0xA2, 0x36, 0x3F, 0xFD,
    0xC9, 0x89, 0x26, 0x61, 0xB3, 0xF9, 0x3A, 0x11, 0xD3, 0x8D, 0x88, 0x48, 0x3A, 0x14, 0x50, 0xFA,
    0x1A, 0x1F, 0xFB, 0x5B, 0x2B, 0x22, 0xBA, 0x47, 0x2E, 0x4E, 0xD3, 0x1E, 0xD1, 0xD7, 0x5F, 0xFC,
    0x97, 0x22, 0xBA, 0x31, 0x31, 0xDD, 0x57, 0x04, 0x5A, 0xC3, 0x16, 0xB7, 0x85, 0x34, 0xD9, 0x40,
    0x81, 0x9D, 0xBA, 0xBF, 0x05, 0xFC, 0x9B, 0x81, 0x7C, 0xFF, 0xD8, 0x7B, 0xC0, 0x04, 0x78, 0xFC,
    0x8E, 0x98, 0x6F, 0x43, 0x18, 0xFA, 0x1E, 0x22, 0x41, 0xF8, 0xA6, 0x58, 0x38, 0x23, 0x9D, 0xF7,
    0x6A, 0x27, 0x89, 0x58, 0x0A, 0xD9, 0x1C, 0xD6, 0xD6, 0xDE, 0xB9, 0xF2, 0xB8, 0x65, 0x78, 0x85,
    0xC1, 0x29, 0xA4, 0x50, 0x9D, 0x22, 0xC3, 0x8E, 0xA0, 0x94, 0x7B, 0xAA, 0x46, 0xBF, 0x5E, 0x7F,
    0xBC, 0x06, 0x0C, 0xB3, 0x48, 0x31, 0x9B, 0x4F, 0x00, 0x81, 0x29, 0xE8, 0xB6, 0x3E, 0xB6, 0x85,
    0xFB, 0xF3, 0x92, 0x68, 0xC6, 0xF5, 0xF3, 0x6E, 0x69, 0xB2, 0xE6, 0x4F, 0x24, 0xCC, 0xE0, 0x57,
    0x2D, 0x6D, 0xF6, 0xAA, 0x00, 0x20, 0x55, 0x3A, 0xC6, 0x85, 0x5C, 0x8C, 0xC5, 0x56, 0x8A, 0x17,
    0x42, 0x7F, 0x11, 0xFA, 0x71, 0x0A, 0x98, 0xCF, 0xFA, 0xB4, 0x9B, 0x02, 0x7A, 0xB7, 0xBE, 0x08,
    0x79, 0xB0, 0x32, 0x84, 0xB8, 0x7B, 0x65, 0x2A, 0x18, 0x6A, 0x32, 0x53, 0x61, 0x9C, 0x58, 0x26,
    0x54, 0xBD, 0xB7, 0x45, 0x29, 0xDC, 0x29, 0x64, 0x37, 0xA7, 0x10, 0x19, 0x4F, 0xC1, 0xE1, 0x4D,
    0x21, 0xD2, 0x99, 0xEC, 0x6B, 0xEA, 0x95, 0x78, 0x04, 0x1F, 0x14, 0xB2, 0x36, 0x24, 0xB8, 0xE5,
    0x72, 0xCD, 0x95, 0x5E, 0x45, 0x90, 0x23, 0x4E, 0x27, 0xF8, 0xCF, 0xE7, 0x3E, 0x1B, 0x8A, 0xDD,
    0xFB, 0x63, 0x52, 0xFB, 0x91, 0x13, 0x65, 0x22, 0x27, 0xEB, 0xB4, 0xE3, 0xED, 0xFD, 0x5E, 0xA9,
    0xB7, 0x9A, 0xE9, 0xA7, 0xCF, 0x5D, 0xFE, 0xA5, 0x85, 0xFA, 0x6C, 0x9F, 0x68, 0x45, 0x08, 0xBD,
    0x25, 0x47, 0xDB, 0xDE, 0x5D, 0xEC, 0xE2, 0x3F, 0xEC, 0xD3, 0xA1, 0x9C, 0xDB, 0xDD, 0xDC, 0x22,
    0x4A, 0xC9, 0x0D, 0x1E, 0x74, 0x12, 0x33, 0xB3, 0x46, 0x5C, 0x91, 0x40, 0xB5, 0x08, 0x80, 0xD6,
    0x62, 0x35, 0x8B, 0xD4, 0x2C, 0xD2, 0x51, 0x1E, 0x23, 0xC4, 0x39, 0x96, 0xB2, 0xDC, 0x2E, 0x6D,
    0x39, 0x1F, 0x5B, 0x84, 0x82, 0xDB, 0x25, 0x91, 0xB0, 0x9B, 0x69, 0xA7, 0x77, 0x73, 0x67, 0x19,
    0x57, 0x2F, 0x69, 0x20, 0x11, 0x87, 0x25, 0xA2, 0xB9, 0x2A, 0x46, 0x01, 0xD5, 0x86, 0x7B, 0x29,
    0x6B, 0xBF, 0x1B, 0xB4, 0xDB, 0xFC, 0xE0, 0x96, 0xE1, 0x2B, 0x11, 0x3D, 0x0D, 0xFF, 0x86, 0x68,
    0xFC, 0x5C, 0x60, 0x5C, 0xE0, 0xFE, 0x7B, 0x7B, 0x6E, 0x04, 0xC8, 0x4C, 0x0E, 0x0A, 0xB4, 0x44,
    0xEA, 0x10, 0xB6, 0xA1, 0xC0, 0xB6, 0x45, 0x94, 0x71, 0xFA, 0x25, 0x08, 0x41, 0x62, 0xBA, 0xE8,
    0xB7, 0x4C, 0x55, 0x82, 0x89, 0x0D, 0x02, 0xB3, 0x3B, 0x13, 0x39, 0x06, 0x21, 0xF7, 0x0F, 0x27,
    0xA8, 0xFE, 0xFD, 0x97, 0x50, 0xFD, 0xFE, 0x65, 0x54, 0xFF, 0x48, 0xD4, 0xED, 0xFF, 0xAF, 0xC2,
    0xBA, 0x22, 0xB2, 0xC3, 0x51, 0x58, 0xD8, 0x34, 0x66, 0x63, 0x9E, 0xB8, 0x6B, 0xC2, 0x72, 0xA4,
    0xB8, 0xCA, 0x4D, 0x58, 0xED, 0x22, 0x2C, 0xA2, 0x7A, 0xCB, 0xDC, 0x26, 0x0A, 0xA3, 0x45, 0xF5,
    0x3F, 0x5D, 0xA1, 0x38, 0xE3, 0x21, 0x2E, 0x29, 0xE0, 0x43, 0x0A, 0x75, 0x1A, 0xA0, 0xD3, 0x20,
    0x14, 0x4D, 0xA7, 0x26, 0x66, 0x70, 0xC5, 0x38, 0x68, 0xE4, 0xC9, 0xD6, 0x3E, 0x14, 0x2F, 0x48,
    0xB0, 0x17, 0x1B, 0x95, 0xF1, 0x12, 0x41, 0x5F, 0x2C, 0xFD, 0x57, 0x3E, 0x82, 0x93, 0xD9, 0x33,
    0x33, 0x31, 0x59, 0x03, 0x73, 0xB4, 0xAB, 0xEE, 0x2B, 0xFD, 0x0B, 0x08, 0x23, 0x4D, 0x4E, 0xFA,
    0x9C, 0xDF, 0x1B, 0xCF, 0x38, 0xC5, 0x43, 0x6D, 0x6A, 0x21, 0xA9, 0x1C, 0x63, 0x48, 0xAA, 0xEE,
    0x8E, 0x66, 0x00, 0x22, 0x46, 0xCC, 0x91, 0x2A, 0xC4, 0xF3, 0xCA, 0x97, 0x5A, 0xAE, 0xF4, 0x40,
    0xEF, 0x9B, 0x48, 0xD9, 0x69, 0xA5, 0x2C, 0x8F, 0x06, 0x8D, 0x20, 0x3D, 0xCF, 0xF6, 0x3A, 0x83,
    0x83, 0x0B, 0x0A, 0xE0, 0xFC, 0x4F, 0xCC, 0x5B, 0xED, 0xD4, 0x96, 0xCA, 0x82, 0xE6, 0xCA, 0x7E,
    0x65, 0xB2, 0x73, 0x4A, 0xE2, 0x57, 0xCA, 0x0E, 0x4A, 0x46, 0xA5, 0x52, 0xA0, 0x96, 0xA5, 0xDF,
    0x0A, 0xAE, 0x16, 0x10, 0x86, 0x7F, 0x8A, 0xF5, 0x7F, 0x45, 0xBB, 0x77, 0x12, 0x1E, 0x2D, 0x09,
    0xA7, 0x90, 0x74, 0x62, 0x26, 0x2E, 0xE9, 0xD7, 0xD7, 0x01, 0xB2, 0x1B, 0x91, 0xED, 0xEA, 0x40,
    0x5F, 0x9D, 0xB5, 0xF0, 0xD2, 0x9F, 0x61, 0xCF, 0x7E, 0x46, 0x23, 0xD6, 0xD8, 0x0B, 0xE3, 0xFC,
    0x29, 0x8A, 0x0D, 0xDF, 0xA3, 0x01, 0x3C, 0x84, 0x6C, 0x17, 0xB3, 0x2E, 0x88, 0xDE, 0x42, 0x21,
    0xE7, 0x35, 0xC6, 0x89, 0xFD, 0x4B, 0x71, 0x62, 0xC5, 0xD9, 0x66, 0x09, 0x5C, 0x1A, 0xB5, 0xED,
    0x9D, 0x25, 0x77, 0x97, 0xE3, 0xF7, 0xAE, 0xD8, 0xFE, 0xB1, 0x5B, 0x8F, 0x94, 0x1B, 0xA5, 0xBF,
    0x96, 0xA6, 0xD9, 0xD6, 0xFF, 0xAB, 0x78, 0x71, 0x1F, 0xE2, 0xC5, 0xB1, 0x68, 0xB2, 0xDE, 0xE2,
    0xC5, 0x39, 0xB8, 0x8A, 0xDA, 0x96, 0xBA, 0x47, 0x15, 0xF9, 0xBA, 0xC5, 0x8B, 0x85, 0x92, 0xC8,
    0xDA, 0xD7, 0xFC, 0x24, 0x5E, 0xF9, 0x13, 0xC4, 0xD3, 0xAF, 0x47, 0x4E, 0x54, 0x4E, 0x3F, 0x4F,
    0xD7, 0x1C, 0xD6, 0xEB, 0x93, 0x5D, 0xF4, 0x98, 0x21, 0xC4, 0xC8, 0xC3, 0xF7, 0xF0, 0x4C, 0x0E,
    0xE4, 0x98, 0x66, 0x5B, 0x60, 0x06, 0xDC, 0x24, 0xED, 0xE2, 0xB0, 0x9C, 0x49, 0xD6, 0x3B, 0x04,
    0xE9, 0x95, 0xAD, 0xD2, 0x0E, 0x40, 0xB0, 0x56, 0xB9, 0x51, 0xE6, 0x20, 0xA3, 0xAD, 0xBB, 0xF3,
    0x43, 0x59, 0x96, 0x5D, 0xB3, 0x04, 0xF5, 0x4A, 0x7C, 0x5B, 0xD3, 0x2C, 0x8D, 0xAC, 0x1D, 0x9C,
    0x39, 0xF3, 0x10, 0xE5, 0xE7, 0x99, 0x6A, 0x25, 0x84, 0xE3, 0x9C, 0x7D, 0x03, 0x5B, 0xE1, 0x3F,
    0x40, 0x75, 0xE7, 0x85, 0xC5, 0xE0, 0x32, 0xB8, 0x6E, 0xF1, 0xEC, 0x80, 0xA8, 0xB3, 0x95, 0x2B,
    0x65, 0xFC, 0x76, 0x96, 0x4F, 0x49, 0x96, 0xB8, 0xAC, 0xB2, 0x14, 0x83, 0x3C, 0x32, 0xE9, 0x15,
    0x54, 0x69, 0x95, 0xF2, 0xB5, 0x57, 0x13, 0xEA, 0x3F, 0xF5, 0xD7, 0xB1, 0xFE, 0x25, 0xCA, 0x3D,
    0x3B, 0x30, 0x28, 0xC3, 0x37, 0x40, 0x56, 0x0F, 0x42, 0xF2, 0x95, 0x11, 0xC5, 0x9D, 0x93, 0x2C,
    0x96, 0x6F, 0x8E, 0x2F, 0x66, 0x4D, 0x49, 0x3F, 0x4B, 0x16, 0x5C, 0xAF, 0x74, 0x57, 0x5F, 0xE6,
    0xD2, 0x54, 0xE0, 0x63, 0x59, 0x62, 0xC9, 0x45, 0x9F, 0xE6, 0xA4, 0x95, 0x8F, 0x6E, 0x2D, 0xBB,
    0xF7, 0xFF, 0xC5, 0xB1, 0xD3, 0xE2, 0x58, 0xD8, 0xE5, 0x90, 0xE8, 0x5D, 0xA5, 0xE0, 0x56, 0x21,
    0xFC, 0x8F, 0x8A, 0x63, 0xBB, 0x3F, 0x97, 0xE2, 0x98, 0x73, 0xAF, 0xEA, 0xF3, 0xA0, 0x79, 0xC5,
    0xD2, 0x5F, 0x2F, 0x8E, 0xC5, 0x94, 0x1D, 0x1C, 0xB5, 0x7A, 0x15, 0xC7, 0x92, 0xD1, 0x8A, 0x63,
    0x3E, 0x14, 0xC7, 0x8A, 0xC6, 0x8A, 0x63, 0xDB, 0xCA, 0x8A, 0x63, 0x07, 0x2B, 0x8E, 0x25, 0xA1,
    0x38, 0x96, 0xF5, 0x56, 0x1C, 0xCB, 0xDB, 0x50, 0x1C, 0xAB, 0xAD, 0x38, 0x36, 0x5B, 0x71, 0xCC,
    0xEA, 0xDA, 0x9B, 0x51, 0x4E, 0x87, 0xC5, 0xB1, 0xD6, 0x8A, 0x63, 0x50, 0xCD, 0x86, 0xC5, 0xB1,
    0xD2, 0x36, 0x48, 0xFA, 0x20, 0x91, 0x2C, 0xF9, 0xBB, 0xF3, 0x63, 0xBD, 0xE7, 0x16, 0x43, 0xA1,
    0x60, 0xB2, 0xFA, 0xD5, 0x1A, 0xF1, 0xBD, 0x77, 0xDE, 0x30, 0x14, 0x8A, 0xAD, 0x1E, 0xE5, 0x92,
    0xA5, 0x1F, 0x8E, 0x7D, 0x6E, 0x57, 0x32, 0xC4, 0x5D, 0x12, 0x34, 0x30, 0x0D, 0xBD, 0xC1, 0x96,
    0x9D, 0x8A, 0x7A, 0x65, 0x35, 0xF7, 0xB2, 0x8C, 0xA1, 0xEC, 0xC8, 0x10, 0x8A, 0xA7, 0x6B, 0x3E,
    0xED, 0x99, 0xF1, 0x40, 0x9F, 0xAB, 0x4F, 0x86, 0x42, 0x27, 0xC3, 0xDC, 0xE0, 0xD2, 0x43, 0x41,
    0xE4, 0xE0, 0xA6, 0x10, 0xE6, 0x4D, 0x2C, 0x0D, 0x29, 0xD6, 0xD1, 0x85, 0x0B, 0xB7, 0x7B, 0x7F,
    0x92, 0xEC, 0xE9, 0x9D, 0xB6, 0x4B, 0x15, 0xE3, 0x42, 0xF7, 0x07, 0x26, 0x85, 0xB3, 0x53, 0xF9,
    0x1E, 0x83, 0xC8, 0x91, 0xBB, 0x78, 0x68, 0x49, 0x37, 0x36, 0x3D, 0x6F, 0x68, 0x0A, 0xF2, 0x86,
    0xD2, 0x5F, 0x5A, 0x95, 0x5F, 0x1B, 0x5D, 0x4E, 0xA8, 0x75, 0x39, 0xA1, 0xB2, 0xF3, 0xCD, 0xF3,
    0xBE, 0x57, 0x0A, 0x7F, 0x62, 0x5B, 0x28, 0x91, 0xBF, 0xA3, 0x55, 0x53, 0x21, 0xAB, 0x65, 0xF0,
    0xE6, 0x7F, 0x2A, 0x4F, 0xF0, 0x82, 0x9E, 0x36, 0x80, 0x3B, 0x95, 0x17, 0x15, 0xAA, 0x04, 0x85,
    0x0C, 0xBA, 0xF4, 0x92, 0x46, 0x95, 0x61, 0x9F, 0xCB, 0x93, 0x03, 0x67, 0xDA, 0x67, 0xC1, 0x64,
    0x74, 0x0D, 0x53, 0x58, 0xD9, 0xD0, 0x8A, 0x6A, 0xC9, 0x5E, 0xED, 0x6C, 0x6D, 0xA5, 0x96, 0x45,
    0x35, 0x2B, 0xA9, 0x59, 0x85, 0xD0, 0xCA, 0x69, 0x56, 0x1B, 0xF4, 0x00, 0x9B, 0x2A, 0xA4, 0x55,
    0x4B, 0x19, 0x8D, 0x45, 0xB4, 0x32, 0x94, 0xD0, 0x50, 0x09, 0x1C, 0xCF, 0x43, 0xF9, 0xAC, 0x50,
    0xF1, 0xCC, 0x7C, 0x90, 0x15, 0xCE, 0xAC, 0x6C, 0x66, 0x75, 0x3F, 0x95, 0xCC, 0xAC, 0xE2, 0x67,
    0xEC, 0x5D, 0x49, 0x22, 0x7D, 0xFB, 0x4A, 0xA5, 0x8B, 0x65, 0x2E, 0xD6, 0xB8, 0x58, 0xE0, 0x62,
    0x75, 0x8B, 0xA5, 0x2D, 0xD6, 0xB5, 0x58, 0xD4, 0x62, 0x45, 0xCB, 0x9F, 0x26, 0x94, 0x96, 0xA4,
    0x92, 0x25, 0x94, 0xC6, 0x32, 0xD4, 0xE1, 0x24, 0x35, 0x8B, 0x6B, 0x52, 0xC3, 0xE4, 0x27, 0x59,
    0x13, 0x13, 0xE6, 0x73, 0x8A, 0x2C, 0x6A, 0x24, 0xB8, 0xCF, 0xD4, 0xEE, 0x6E, 0x6D, 0xA2, 0x02,
    0xB3, 0x3E, 0x5E, 0x90, 0x88, 0x2C, 0xAA, 0x8C, 0x95, 0xEC, 0xC1, 0xE3, 0x10, 0x79, 0x1B, 0x0C,
    0xBA, 0x47, 0xB0, 0xF4, 0x1D, 0x36, 0xDF, 0xFD, 0xEE, 0x52, 0x9E, 0x90, 0x6E, 0xBC, 0xA6, 0xBC,
    0x45, 0xC0, 0x52, 0x47, 0xE1, 0x05, 0x4F, 0x17, 0xA4, 0x7E, 0xF4, 0x07, 0x7F, 0x51, 0xF9, 0x0C,
    0x67, 0x17, 0x29, 0xB4, 0x1D, 0xC1, 0xC3, 0x3D, 0x74, 0xCB, 0x66, 0xBC, 0x81, 0xDC, 0x86, 0xE0,
    0xD1, 0x9A, 0x47, 0x0E, 0x74, 0x05, 0x35, 0x77, 0xD7, 0x4B, 0x76, 0x85, 0x5C, 0x44, 0xC7, 0x64,
    0xE7, 0x4E, 0x08, 0x39, 0xDD, 0x47, 0x34, 0xE2, 0xF0, 0xA7, 0x04, 0x51, 0x5B, 0xD3, 0x9A, 0x49,
    0x2A, 0x03, 0xF2, 0xA2, 0xDF, 0x4B, 0x55, 0x12, 0x88, 0x9E, 0xF5, 0xC8, 0x46, 0x48, 0xA4, 0x20,
    0x76, 0x6A, 0xC0, 0xB4, 0xAE, 0x99, 0x8D, 0x20, 0x2D, 0x27, 0xD6, 0x63, 0x97, 0x51, 0x99, 0xA0,
    0xBE, 0x72, 0xD1, 0xB8, 0x2E, 0xC4, 0xA2, 0x74, 0x23, 0x0F, 0xE4, 0x9F, 0x0B, 0xE4, 0xF9, 0x2F,
    0x04, 0x57, 0x14, 0x21, 0xD4, 0xCA, 0x40, 0x1C, 0x74, 0xB9, 0x22, 0xD7, 0xED, 0x3A, 0xF9, 0xA3,
    0xEC, 0xA7, 0xD2, 0x8A, 0xDC, 0x08, 0x5E, 0xBD, 0xDB, 0x35, 0xD7, 0x57, 0x5E, 0x73, 0x7D, 0x9E,
    0x7A, 0x75, 0xCE, 0xED, 0xC5, 0xE7, 0x0E, 0x29, 0xC9, 0x86, 0xB9, 0xCB, 0x5A, 0x4F, 0x5A, 0x0B,
    0x5C, 0xBC, 0xAB, 0x1E, 0x30, 0x2A, 0x45, 0xA0, 0x54, 0x32, 0x4F, 0x5A, 0x66, 0xCD, 0x43, 0x57,
    0xE6, 0xB0, 0xFD, 0xE5, 0x19, 0x25, 0xCC, 0x4A, 0x7E, 0x81, 0x3B, 0x1D, 0xD0, 0x79, 0x18, 0xA8,
    0x9C, 0x8A, 0x74, 0x46, 0xAF, 0xF0, 0x2D, 0xAB, 0xDF, 0x3F, 0xD6, 0x4A, 0x93, 0xFC, 0xED, 0x43,
    0x86, 0x26, 0xAE, 0x50, 0x11, 0x28, 0xFB, 0x7E, 0x77, 0xBB, 0x93, 0x9C, 0x05, 0xB1, 0xE2, 0xA7,
    0x40, 0x8E, 0x3F, 0xEF, 0xE0, 0x1A, 0xF0, 0xA9, 0x1F, 0xFD, 0xE8, 0x4A, 0x3A, 0x93, 0x56, 0x01,
    0x46, 0x81, 0x36, 0x81, 0x07, 0x86, 0x16, 0x81, 0x8B, 0xD2, 0x1E, 0x98, 0x45, 0x65, 0xDD, 0x00,
    0x1A, 0x07, 0xB9, 0xD0, 0x14, 0xD0, 0x12, 0xD0, 0x10, 0xD0, 0x0E, 0x04, 0x33, 0xA0, 0x78, 0x29,
    0x9D, 0x6D, 0x63, 0x14, 0x8C, 0xA9, 0x2C, 0x70, 0xD7, 0xBD, 0x7D, 0x6B, 0xED, 0x29, 0x35, 0x7D,
    0x26, 0x9E, 0x79, 0xE8, 0x12, 0x2A, 0x69, 0xFD, 0xD6, 0x8D, 0xCA, 0xE4, 0x63, 0xDE, 0x06, 0x7D,
    0x42, 0x2D, 0x29, 0xA9, 0x24, 0xFE, 0x23, 0x96, 0x05, 0x9B, 0xFE, 0xEA, 0xBD, 0xC2, 0xB9, 0x51,
    0xB4, 0x20, 0x5B, 0x22, 0x76, 0x8F, 0x8D, 0x94, 0x5C, 0xE0, 0x54, 0xA6, 0xDD, 0x1F, 0x1B, 0xA6,
    0xF3, 0xAC, 0x69, 0x96, 0xFB, 0x18, 0xF9, 0x1A, 0xAE, 0x5A, 0x68, 0x5A, 0x2F, 0x67, 0x3F, 0xDC,
    0xBB, 0x32, 0x10, 0xAF, 0x1B, 0x57, 0xBD, 0xEE, 0xED, 0xB9, 0x11, 0xF5, 0xBF, 0x7B, 0xA8, 0x14,
    0x14, 0x38, 0x32, 0xFE, 0x83, 0xEA, 0x15, 0x51, 0x3B, 0xEE, 0x62, 0x45, 0xB8, 0x10, 0x12, 0x01,
    0x72, 0x21, 0xCD, 0x55, 0x17, 0x5D, 0xF9, 0xC3, 0xB9, 0x2E, 0x31, 0x49, 0xF9, 0xF1, 0xD5, 0x88,
    0xB1, 0xA8, 0x63, 0xC0, 0xB6, 0x9C, 0xF1, 0x5F, 0xA5, 0x9C, 0xA6, 0x90, 0x54, 0x32, 0xCB, 0xAE,
    0x5D, 0x30, 0x88, 0xBF, 0x47, 0x4D, 0x78, 0xE7, 0xCD, 0x72, 0xCD, 0x0C, 0x2C, 0x8C, 0x1E, 0x10,
    0xED, 0x47, 0xBD, 0xFB, 0x3B, 0x00, 0xA4, 0xB7, 0xDC, 0xA3, 0x9B, 0xE4, 0xFA, 0xC3, 0xBB, 0x15,
    0xCC, 0x09, 0xB6, 0x39, 0x6D, 0xFA, 0xB8, 0xFF, 0xB1, 0x5B, 0x63, 0xA0, 0xD3, 0x4B, 0x1A, 0x76,
    0x4F, 0x63, 0xA7, 0xE8, 0xFA, 0xA0, 0x72, 0xDF, 0x3E, 0xF8, 0x9E, 0x48, 0xCF, 0x78, 0xBC, 0x7E,
    0x13, 0x24, 0xD5, 0xF3, 0x61, 0x81, 0x8D, 0xAA, 0xFD, 0x0F, 0x9A, 0xE4, 0x69, 0x1B, 0xFD, 0xBA,
    0x3B, 0xA2, 0x3F, 0x7B, 0x9E, 0x6B, 0xC2, 0x4B, 0x05, 0xEC, 0xD3, 0xF1, 0xC9, 0x39, 0x35, 0x21,
    0xF1, 0xBE, 0x26, 0x44, 0x34, 0x01, 0x90, 0x59, 0x7C, 0xB3, 0x3F, 0x8B, 0xFA, 0x77, 0xE4, 0xAA,
    0x6E, 0xEA, 0xE2, 0x49, 0xCA, 0x2A, 0x5B, 0xBD, 0xC9, 0x9A, 0x7B, 0x49, 0xF3, 0x76, 0x5C, 0x7F,
    0xF5, 0x8B, 0x27, 0x77, 0xEA, 0xC7, 0x82, 0xB1, 0x34, 0xF4, 0xD1, 0xA0, 0xC4, 0xEA, 0x85, 0xBC,
    0xC0, 0xBB, 0x59, 0x75, 0xAB, 0x2F, 0x9E, 0xC4, 0x44, 0x28, 0x13, 0x08, 0x3E, 0x43, 0xC6, 0x2A,
    0xC7, 0xB1, 0xCA, 0x5E, 0x79, 0xAC, 0xBE, 0xFA, 0xC5, 0x93, 0x90, 0xAA, 0xCF, 0x15, 0xBC, 0x9A,
    0x8D, 0x7C, 0x40, 0x60, 0xEF, 0xDE, 0x8E, 0x1E, 0xDD, 0xD6, 0xCB, 0x38, 0x11, 0x4C, 0x3C, 0x47,
    0xFE, 0xFB, 0xF0, 0xFA, 0xC8, 0x1E, 0x7E, 0xED, 0x04, 0x1F, 0xDD, 0x80, 0x4C, 0xEE, 0xD4, 0x1F,
    0x93, 0x44, 0xDE, 0x65, 0x60, 0x65, 0x1B, 0x5E, 0x99, 0x02, 0x4A, 0xEB, 0xAB, 0x56, 0xB6, 0xB3,
    0xE0, 0x1D, 0x27, 0x7B, 0xB6, 0xB4, 0x3B, 0x6F, 0xC2, 0x35, 0xBA, 0x15, 0xA7, 0x7F, 0x18, 0xC8,
    0x7A, 0xBB, 0x55, 0x0A, 0x3F, 0xC1, 0xFB, 0x6F, 0xD0, 0x78, 0xC0, 0x85, 0x36, 0x9B, 0x16, 0xA3,
    0xA3, 0x44, 0xCA, 0x1C, 0xAA, 0xE2, 0xB8, 0xCD, 0xD9, 0x98, 0x47, 0x91, 0x73, 0x51, 0xCA, 0xBD,
    0x0C, 0xD7, 0x76, 0x0F, 0x76, 0xBA, 0x89, 0x9F, 0x6A, 0x3B, 0xAF, 0xE9, 0xD3, 0x36, 0xC6, 0xCD,
    0xE1, 0xFE, 0x5F, 0x96, 0xD8, 0xE6, 0x3C, 0x7D, 0x7E, 0x48, 0x7F, 0xB9, 0xCF, 0x5E, 0x54, 0x9C,
    0x7F, 0x50, 0x0A, 0x67, 0x3D, 0x61, 0x75, 0x38, 0x5E, 0xC5, 0x89, 0xBD, 0x90, 0x08, 0x61, 0xB8,
    0x98, 0x19, 0x82, 0x10, 0x91, 0x0E, 0xC5, 0xD6, 0xBE, 0xB5, 0x88, 0xF1, 0x4D, 0x71, 0xE7, 0x0A,
    0xE4, 0xC8, 0xA6, 0x68, 0xD8, 0xC4, 0xDD, 0xBB, 0x51, 0xFD, 0xB5, 0xAF, 0xCE, 0xDD, 0x87, 0x8C,
    0xCA, 0xCA, 0x94, 0x19, 0x9A, 0x8F, 0xE8, 0xE3, 0x5B, 0x5A, 0x6A, 0x6D, 0xE8, 0x9B, 0xBE, 0xE8,
    0x90, 0x3C, 0x3F, 0x75, 0x95, 0x67, 0x76, 0xA6, 0x6F, 0xF4, 0xF6, 0x50, 0x41, 0x07, 0x68, 0x51,
    0x0A, 0xA9, 0x05, 0x60, 0x06, 0x0A, 0xB9, 0xFB, 0x86, 0xAF, 0x77, 0xD0, 0x66, 0xC0, 0x92, 0x3B,
    0x98, 0x72, 0x07, 0x5B, 0xEE, 0x56, 0x63, 0x7E, 0x43, 0x5C, 0xC7, 0x0A, 0x34, 0x14, 0x86, 0x56,
    0x3B, 0x7A, 0xA9, 0x6F, 0x28, 0x3B, 0x71, 0x1D, 0x08, 0x28, 0xD7, 0x2A, 0x80, 0x18, 0xE9, 0xCA,
    0xC6, 0x8E, 0x56, 0xCF, 0x0B, 0x60, 0x32, 0x8E, 0x65, 0x62, 0x65, 0x89, 0x34, 0x8F, 0xCD, 0xE8,
    0xFE, 0x9A, 0x93, 0x6D, 0x94, 0x9F, 0x6A, 0xA9, 0xC9, 0x5C, 0x27, 0x3E, 0x16, 0x9D, 0x95, 0xDA,
    0xCA, 0xD7, 0x7B, 0x09, 0xF2, 0x2E, 0xF7, 0x96, 0x8B, 0xAC, 0x88, 0xA6, 0xA2, 0x7D, 0x26, 0x2B,
    0x99, 0xD8, 0xFF, 0x12, 0x31, 0x53, 0x6D, 0x5F, 0xDF, 0x4D, 0xB4, 0x57, 0x01, 0x5A, 0x30, 0xDC,
    0x2B, 0xDC, 0x5F, 0x31, 0x22, 0x7E, 0x6F, 0xCF, 0x7B, 0x27, 0xF8, 0x53, 0x10, 0xD2, 0x59, 0xB8,
    0x0F, 0x33, 0x59, 0x85, 0x96, 0x79, 0x18, 0xC0, 0xD3, 0xB9, 0x57, 0x63, 0x29, 0xC3, 0x68, 0x09,
    0x34, 0xAD, 0x51, 0xC0, 0x76, 0x0D, 0x0A, 0xA5, 0xFF, 0x29, 0x14, 0x7A, 0x45, 0x31, 0xE2, 0x04,
    0x0A, 0xD5, 0x2B, 0x14, 0x5A, 0x3D, 0xCF, 0x66, 0x6D, 0x1E, 0xAC, 0x55, 0x1C, 0x81, 0xD0, 0x6F,
    0x8B, 0x40, 0xAA, 0x78, 0xF0, 0xD1, 0x28, 0x5E, 0x83, 0xC6, 0xFF, 0xDE, 0x47, 0xC3, 0x48, 0x7C,
    0x8A, 0x9D, 0xA8, 0xD3, 0x7D, 0xC8, 0x37, 0xE1, 0xF0, 0x66, 0xBA, 0x95, 0xED, 0xDF, 0x5C, 0xD9,
    0xE5, 0xB5, 0x96, 0x56, 0xDC, 0x85, 0x62, 0x9C, 0x52, 0x21, 0x9F, 0x57, 0xDE, 0x45, 0xEA, 0x67,
    0x19, 0x99, 0xB5, 0xCA, 0xEB, 0xED, 0x7F, 0x18, 0x1A, 0x4B, 0x7D, 0x5A, 0xE2, 0xD3, 0xD2, 0x9E,
    0x96, 0xF4, 0xB4, 0x94, 0xA7, 0x25, 0x3C, 0x2D, 0xDD, 0x69, 0xC9, 0x4E, 0x4B, 0x75, 0x5A, 0x82,
    0x33, 0xB4, 0x2C, 0x7C, 0x38, 0x4B, 0x71, 0xB2, 0x3D, 0x38, 0x4B, 0x6F, 0x5A, 0x72, 0xD3, 0x52,
    0x9A, 0x68, 0x95, 0xAD, 0x09, 0x6D, 0xAC, 0x94, 0x66, 0xAC, 0xFF, 0x71, 0x03, 0x19, 0xC7, 0x2A,
    0x6F, 0xF3, 0x72, 0x95, 0x77, 0x0A, 0x55, 0xDE, 0xF1, 0x7A, 0x95, 0xB7, 0xE8, 0x92, 0xDF, 0x22,
    0xF1, 0xF6, 0xC5, 0xB3, 0x09, 0xE7, 0x81, 0x89, 0xB7, 0x4B, 0x18, 0xF0, 0x4B, 0x6F, 0x8E, 0xF9,
    0xC9, 0x9A, 0x78, 0x5B, 0xCD, 0x40, 0x74, 0x2D, 0xF1, 0x96, 0x0C, 0xFF, 0x01, 0x85, 0x55, 0xBF,
    0x8F, 0xDC, 0x44, 0x14, 0xFE, 0xD6, 0x8E, 0xCE, 0x04, 0xA3, 0x9B, 0x2B, 0x23, 0x11, 0xCE, 0x29,
    0x4E, 0xE2, 0x9A, 0x3D, 0x37, 0x29, 0xAE, 0xB0, 0x3D, 0x23, 0x28, 0x28, 0xEE, 0x4F, 0xA0, 0x80,
    0x22, 0x45, 0x10, 0x05, 0x29, 0x22, 0xE1, 0xC2, 0x17, 0x4F, 0x47, 0x49, 0xFE, 0x02, 0x74, 0xC5,
    0xFD, 0x01, 0x41, 0x72, 0xE1, 0x62, 0xC3, 0x8E, 0x44, 0x49, 0x11, 0x2B, 0x94, 0x34, 0x16, 0x8A,
    0x84, 0x68, 0x72, 0x23, 0xB4, 0x48, 0x06, 0xF9, 0x76, 0xF8, 0xC6, 0xBB, 0x77, 0x1C, 0x91, 0x22,
    0x66, 0xC6, 0xF6, 0xBE, 0x37, 0x6F, 0xDE, 0xBC, 0xF7, 0xBD, 0x1F, 0x2B, 0x91, 0xE8, 0xD8, 0x84,
    0x3D, 0xCE, 0xC2, 0x21, 0xEE, 0x13, 0x5D, 0xE0, 0x01, 0x30, 0x22, 0x74, 0x10, 0x2F, 0xB4, 0x8C,
    0xCC, 0xE1, 0xEC, 0x69, 0xDC, 0x5B, 0xE9, 0xFA, 0xAC, 0xD6, 0xD2, 0xD9, 0x69, 0x39, 0x37, 0xD6,
    0xFE, 0xD5, 0x44, 0xA6, 0x8D, 0xF5, 0xF3, 0x04, 0x72, 0x0D, 0xB1, 0x42, 0x81, 0xA5, 0x5A, 0xAA,
    0x02, 0x45, 0xD8, 0x2F, 0x63, 0xCB, 0xC5, 0x1F, 0x49, 0x2F, 0xED, 0x9E, 0x85, 0x8D, 0x4C, 0x8C,
    0x1D, 0x88, 0x4E, 0xDA, 0xA6, 0xB4, 0xCD, 0xD2, 0xA6, 0x7A, 0x66, 0xC7, 0xF0, 0xA5, 0x15, 0xDF,
    0x98, 0x44, 0x20, 0xCB, 0x50, 0x04, 0x56, 0x9C, 0x98, 0xF8, 0x02, 0xE1, 0x25, 0x70, 0x4E, 0x4E,
    0x55, 0xB5, 0xED, 0x2A, 0xCB, 0xAB, 0xAC, 0xE5, 0x5C, 0x55, 0xAB, 0xD2, 0xB6, 0x0B, 0x09, 0x29,
    0x94, 0x38, 0xD1, 0xD1, 0x8F, 0x26, 0x78, 0xD9, 0x21, 0x07, 0x96, 0x80, 0x03, 0x2A, 0x64, 0x68,
    0x33, 0xAC, 0x64, 0x68, 0x13, 0xD7, 0x45, 0x6B, 0xC4, 0x23, 0xA4, 0xC3, 0x69, 0xA2, 0x56, 0xB1,
    0x3E, 0xDB, 0x51, 0xBB, 0xF3, 0xAC, 0x1A, 0xB2, 0xF5, 0xFA, 0xF4, 0xEE, 0xFD, 0x5E, 0xD1, 0x5C,
    0x55, 0xE3, 0x09, 0xEE, 0xE3, 0x18, 0xEF, 0xE1, 0x16, 0x84, 0x11, 0x3A, 0xC1, 0x11, 0x55, 0x1C,
    0xE0, 0x0B, 0x48, 0xD2, 0x1E, 0x8F, 0xD9, 0x79, 0x64, 0x85, 0x91, 0x54, 0x8D, 0x77, 0xC1, 0x6D,
    0xB7, 0x76, 0x97, 0xBC, 0x30, 0xC3, 0xE1, 0x6D, 0x50, 0xD8, 0x2F, 0xE9, 0x88, 0x88, 0xCA, 0x40,
    0x26, 0x0E, 0x3D, 0xE9, 0x17, 0x04, 0x28, 0xEE, 0xD7, 0x46, 0xE8, 0x0E, 0xF0, 0x70, 0x36, 0x12,
    0xD1, 0x21, 0xB2, 0xB2, 0x2B, 0x10, 0xA9, 0x94, 0x47, 0x32, 0x7F, 0x0F, 0x70, 0x06, 0xD8, 0xED,
    0x9A, 0x4D, 0x8B, 0xFA, 0x6A, 0x87, 0xDA, 0x2D, 0x5D, 0x68, 0x42, 0x43, 0xD0, 0x4C, 0xAC, 0x77,
    0x54, 0xA0, 0x3D, 0xE5, 0x2D, 0x88, 0x26, 0x7A, 0xB2, 0x45, 0x6C, 0xAF, 0xCA, 0x0B, 0xC8, 0x11,
    0xA2, 0xC7, 0x02, 0x2D, 0xE7, 0xA2, 0x92, 0x43, 0xD2, 0xA7, 0xD4, 0x5F, 0xD3, 0xDC, 0x24, 0xB0,
    0xF2, 0x63, 0x2B, 0x3F, 0xB1, 0x47, 0x61, 0x17, 0xDB, 0x74, 0xCC, 0x38, 0xE4, 0x20, 0xFA, 0x04,
    0xE9, 0xE4, 0x4C, 0x09, 0xEA, 0xD6, 0xA2, 0x0B, 0x06, 0x8C, 0x72, 0x95, 0x76, 0x40, 0x44, 0x2C,
    0x72, 0x14, 0x7B, 0xD2, 0x26, 0x3D, 0x83, 0x50, 0xB6, 0xCD, 0x4A, 0xBA, 0x4B, 0xE9, 0x46, 0x62,
    0x5C, 0x32, 0x2C, 0x79, 0x9E, 0x3F, 0xA9, 0xA4, 0x1B, 0xC4, 0x2F, 0xFD, 0x79, 0xA0, 0x2B, 0xA1,
    0x25, 0x3D, 0x19, 0x11, 0xD1, 0x89, 0x87, 0x08, 0xD6, 0x88, 0x2E, 0x54, 0x72, 0x62, 0xF2, 0xB0,
    0x7F, 0x10, 0xE8, 0x36, 0x32, 0x0C, 0x01, 0x41, 0x11, 0xC3, 0x9B, 0x11, 0x89, 0xBA, 0x67, 0xC9,
    0x60, 0xB3, 0xBA, 0xCB, 0x12, 0xED, 0x9C, 0xE1, 0x5A, 0x3A, 0xA7, 0x6F, 0x3E, 0x71, 0x47, 0x4B,
    0x17, 0x55, 0x6D, 0x5B, 0x61, 0xE8, 0xD7, 0x80, 0x15, 0x51, 0xE2, 0x9C, 0xD9, 0xC0, 0x06, 0x7D,
    0xD8, 0x87, 0x1D, 0xE7, 0x35, 0x48, 0x42, 0x33, 0x31, 0x94, 0x20, 0x24, 0xDE, 0xB5, 0x23, 0xCE,
    0x7C, 0x72, 0x30, 0x63, 0x00, 0x99, 0xAA, 0xCA, 0x3F, 0x98, 0x22, 0x45, 0x3D, 0x08, 0x7A, 0x3A,
    0x6A, 0x08, 0xA0, 0x9A, 0x62, 0x74, 0xCD, 0xA6, 0x13, 0xA1, 0x67, 0xEB, 0x29, 0x80, 0x13, 0x7B,
    0x80, 0x8F, 0xCB, 0xC4, 0x8E, 0x6F, 0xB0, 0xFD, 0x28, 0xFC, 0x6B, 0xC1, 0x67, 0xC6, 0xB3, 0x08,
    0x29, 0x85, 0x98, 0x62, 0xD3, 0x71, 0xE2, 0xBF, 0xDD, 0xF4, 0x1A, 0x36, 0x9B, 0x51, 0x77, 0xB5,
    0x99, 0x7A, 0xFE, 0xA9, 0x7F, 0x8D, 0xD8, 0x5C, 0x0B, 0x56, 0x20, 0x37, 0xFD, 0xF1, 0x44, 0xFD,
    0x9F, 0xEE, 0x69, 0xF3, 0x66, 0x22, 0x1D, 0xE2, 0x4E, 0x86, 0x9C, 0x54, 0xED, 0x2B, 0x73, 0x4C,
    0x9D, 0xE1, 0xCA, 0x22, 0xED, 0x57, 0xAC, 0x36, 0x49, 0x15, 0xFF, 0x66, 0x53, 0x37, 0xE6, 0xA7,
    0x95, 0x4F, 0x69, 0xE0, 0x03, 0x22, 0x55, 0x20, 0x1E, 0xBC, 0x6E, 0x86, 0x27, 0xCF, 0x71, 0xFF,
    0xAE, 0xE7, 0x87, 0x46, 0x98, 0x23, 0xCC, 0x09, 0x0B, 0xC1, 0x24, 0xA0, 0x92, 0x39, 0xE2, 0x2B,
    0xFE, 0x72, 0x2A, 0x7B, 0x5C, 0x8F, 0x7F, 0xBB, 0x80, 0x54, 0xC2, 0x44, 0x1D, 0x9D, 0x38, 0x0B,
    0xC6, 0x4D, 0xCD, 0x1C, 0x22, 0xFD, 0x99, 0xF1, 0x34, 0xF6, 0x07, 0x5C, 0x15, 0x9D, 0x87, 0x9A,
    0x55, 0x54, 0x64, 0x32, 0x7B, 0x9E, 0x97, 0x15, 0x3E, 0xDF, 0x46, 0xA7, 0x20, 0x16, 0x37, 0xF3,
    0xEB, 0x2A, 0xFA, 0xFF, 0x2D, 0xFC, 0xB7, 0x96, 0x56, 0xA8, 0x10, 0x2B, 0xF1, 0xFA, 0x58, 0x8E,
    0x4D, 0xE9, 0xEC, 0xF7, 0x17, 0xCC, 0x07, 0x84, 0xB4, 0x6E, 0x8F, 0x33, 0xEC, 0x08, 0xA0, 0x37,
    0x53, 0x4D, 0x2F, 0xC6, 0x9B, 0x91, 0x50, 0x9C, 0x11, 0x15, 0xA5, 0x5A, 0x9A, 0xA5, 0x49, 0xA6,
    0x4C, 0x01, 0x1B, 0x41, 0x41, 0x03, 0x63, 0x9D, 0xF2, 0xC4, 0x33, 0x8F, 0x32, 0xDD, 0x6E, 0x99,
    0x6C, 0x03, 0xDB, 0xC4, 0x1C, 0x81, 0xD3, 0x82, 0x6D, 0xEF, 0x23, 0x5B, 0xB5, 0xCD, 0xE3, 0xF1,
    0x31, 0xAB, 0xD9, 0x27, 0xCB, 0xDB, 0x21, 0x9C, 0xE9, 0x88, 0x9A, 0x7D, 0x4F, 0x4A, 0x68, 0xDD,
    0x0C, 0xEF, 0xD0, 0x47, 0xA1, 0x59, 0x80, 0x26, 0x25, 0x6F, 0x8F, 0xB4, 0x77, 0x62, 0x8F, 0x01,
    0xAD, 0x10, 0xFE, 0xCA, 0x92, 0xF9, 0xE9, 0x85, 0x4E, 0x44, 0xA8, 0xAE, 0xF2, 0xEA, 0x78, 0x8A,
    0xA9, 0xCF, 0xE4, 0xE7, 0xBC, 0x88, 0xED, 0x4A, 0xD7, 0x6C, 0xCB, 0xA1, 0xFA, 0xF0, 0x51, 0xDA,
    0xA7, 0xDD, 0xD7, 0x8F, 0xD8, 0x8F, 0xBE, 0x35, 0xEC, 0xC8, 0xED, 0x9F, 0x7D, 0xED, 0xBA, 0xF4,
    0x33, 0x1D, 0xD0, 0x74, 0x81, 0x7D, 0xF6, 0x01, 0x39, 0xB0, 0x40, 0xFA, 0xD0, 0x04, 0xFA, 0x60,
    0xA3, 0xEB, 0x60, 0xF9, 0xD4, 0x7F, 0xDE, 0x67, 0xA8, 0xCE, 0x81, 0x2F, 0xDD, 0xAB, 0xC0, 0xF9,
    0xF1, 0x17, 0xAD, 0x24, 0xCC, 0xBF, 0x53, 0xE0, 0x2D, 0x72, 0xB3, 0x37, 0xE4, 0x96, 0x13, 0xED,
    0x86, 0xED, 0x77, 0x75, 0x45, 0xBB, 0x2D, 0x4D, 0x01, 0xAF, 0x61, 0x11, 0x93, 0x60, 0x8E, 0x0E,
    0xE9, 0xD3, 0x1D, 0xB7, 0x56, 0xFC, 0x0F, 0x00, 0x76, 0xC8, 0x32, 0xC7, 0xF0, 0x3F, 0xD8, 0xDB,
    0xA9, 0xDC, 0xFD, 0xCD, 0x14, 0xFF, 0xCA, 0x1F, 0x5B, 0xAB, 0xC4, 0x2B, 0xFF, 0xD4, 0x0D, 0xF2,
    0xD5, 0x94, 0xD4, 0x97, 0x87, 0x1B, 0x7B, 0xB6, 0x9F, 0x5B, 0x5B, 0x48, 0x84, 0xDA, 0xDE, 0x67,
    0xB7, 0xF7, 0xD9, 0x0D, 0x3F, 0xDD, 0xEE, 0x13, 0xCC, 0x3E, 0x1D, 0xEE, 0xB4, 0x28, 0x93, 0xA1,
    0x6D, 0x1A, 0x5B, 0x3F, 0xDB, 0x74, 0xBB, 0xE5, 0xD8, 0xA0, 0xBA, 0x27, 0x57, 0x49, 0xB7, 0xBF,
    0xCF, 0xC2, 0xE5, 0x38, 0x2E, 0x9B, 0x78, 0x95, 0x8E, 0x79, 0xDE, 0x1E, 0x35, 0xF3, 0x4D, 0xB3,
    0xCC, 0xE6, 0x7E, 0xA3, 0xCC, 0xCA, 0xAA, 0x1E, 0xD3, 0x92, 0x07, 0x87, 0xFC, 0x5E, 0x8B, 0x06,
    0x0B, 0xDF, 0x04, 0xCD, 0x14, 0x8A, 0xFD, 0xF8, 0x75, 0x7A, 0x99, 0x33, 0x1F, 0x9B, 0xAC, 0x5D,
    0x50, 0xEA, 0x78, 0x1F, 0x53, 0x91, 0x0C, 0x72, 0xCC, 0xB3, 0xED, 0x69, 0xEE, 0xE5, 0x7F, 0xB0,
    0x59, 0x52, 0x77, 0xB6, 0x19, 0xE5, 0x34, 0x9A, 0xA6, 0xC9, 0x7B, 0xD9, 0x6D, 0xF2, 0xBD, 0x84,
    0xD7, 0x2C, 0xB0, 0x8B, 0xB4, 0x5B, 0x9A, 0xF9, 0xC4, 0x63, 0x0D, 0x33, 0xF3, 0x0E, 0x6E, 0x4F,
    0x76, 0x34, 0x73, 0xBB, 0xDB, 0xF1, 0x2F, 0x49, 0x89, 0x58, 0xC5, 0xDF, 0x21, 0x1C, 0x7D, 0x7B,
    0x88, 0x06, 0x08, 0xCA, 0x1D, 0xE1, 0x1F, 0xDD, 0x7D, 0xBF, 0xB3, 0xE4, 0xD6, 0x95, 0x1E, 0xBA,
    0x9B, 0x22, 0x2C, 0xA1, 0x76, 0x41, 0x57, 0x29, 0xD0, 0x16, 0x77, 0x0B, 0x1B, 0x6C, 0x20, 0x97,
    0x65, 0xC2, 0x81, 0x82, 0x0D, 0x86, 0x0F, 0xA0, 0x18, 0x30, 0x50, 0x95, 0xF7, 0x0F, 0x70, 0xE2,
    0xC0, 0x99, 0xAB, 0x4C, 0x07, 0x0E, 0x14, 0x70, 0x1E, 0x40, 0xB1, 0x6A, 0x19, 0x28, 0x20, 0xFF,
    0x83, 0x55, 0xC0, 0x60, 0x33, 0x6E, 0xA0, 0x60, 0x83, 0x79, 0x0D, 0x50, 0x53, 0x65, 0x06, 0x0C,
    0x04, 0xAE, 0xCA, 0x56, 0xA0, 0x80, 0x20, 0x45, 0x97, 0x02, 0x95, 0x77, 0x40, 0xB1, 0x57, 0x02,
    0x45, 0x34, 0xE0, 0xEF, 0xFB, 0xCE, 0xBD, 0x68, 0x74, 0xBF, 0xF7, 0x86, 0x33, 0x9C, 0x27, 0xCD,
    0x68, 0xDF, 0x4C, 0x5F, 0xF4, 0xBC, 0x79, 0x0F, 0xB8, 0xF7, 0xDC, 0x73, 0xCF, 0x8F, 0xEF, 0xFC,
    0xE8, 0x20, 0xDC, 0x05, 0x41, 0xB0, 0x1E, 0x30, 0x04, 0x15, 0x87, 0x34, 0xC7, 0x10, 0xD7, 0xC1,
    0xE1, 0x6B, 0x3D, 0x4D, 0x53, 0xBD, 0xD1, 0xC0, 0x9F, 0xDD, 0x74, 0x47, 0x43, 0xC8, 0x21, 0xD2,
    0xD0, 0xF2, 0x37, 0x0F, 0xC3, 0x34, 0xB5, 0x6E, 0xE0, 0xDD, 0x92, 0x79, 0x48, 0x35, 0x94, 0x18,
    0x32, 0x0D, 0xF9, 0x3C, 0xF0, 0x69, 0xC5, 0x34, 0xED, 0x38, 0xE0, 0x8E, 0x9B, 0xE6, 0x8C, 0xB7,
    0x2E, 0x70, 0x2F, 0x0E, 0xFA, 0xE7, 0x63, 0x9F, 0x55, 0xC6, 0x47, 0xBA, 0xD1, 0x1E, 0xE3, 0xC6,
    0xC8, 0x46, 0x3E, 0xC4, 0x1E, 0x15, 0xC4, 0xCD, 0x62, 0xAC, 0x0F, 0x63, 0x32, 0x4D, 0xF8, 0x5E,
    0x3A, 0x4D, 0x03, 0x1F, 0xBB, 0x9A, 0xF4, 0x5C, 0x3C, 0x0B, 0x0F, 0xCE, 0xF4, 0x86, 0xFF, 0x0C,
    0xDC, 0x88, 0x7F, 0x16, 0x9A, 0x04, 0xC6, 0x91, 0x7B, 0x14, 0xE2, 0xB7, 0xB6, 0x21, 0x16, 0x10,
    0x8C, 0xD1, 0x28, 0x52, 0x54, 0x98, 0xE6, 0x6A, 0xEF, 0x27, 0xA2, 0xD5, 0x2C, 0x29, 0x25, 0x52,
    0x95, 0x1B, 0x0D, 0x0F, 0x4A, 0xAA, 0xC6, 0x4F, 0xF6, 0x30, 0x9C, 0x50, 0x29, 0xBD, 0x82, 0x4A,
    0x46, 0xAA, 0x79, 0xE0, 0x1A, 0xCB, 0x00, 0x0F, 0xEE, 0x83, 0x74, 0x17, 0x8E, 0x9C, 0xE7, 0x2B,
    0x2B, 0x72, 0x9A, 0xA6, 0x61, 0x0F, 0x9A, 0x6F, 0x6A, 0x54, 0xD7, 0x5D, 0x48, 0x98, 0x42, 0xC3,
    0xF1, 0xFD, 0xEC, 0x7F, 0x4B, 0xFF, 0x1B, 0xBC, 0x41, 0x19, 0xED, 0x82, 0x4D, 0xBB, 0x9E, 0xF2,
    0xA2, 0x0D, 0xAA, 0x09, 0x94, 0x8C, 0x48, 0x98, 0x35, 0x87, 0x64, 0x02, 0x75, 0x8A, 0x17, 0xF0,
    0xBD, 0x21, 0xF8, 0x8B, 0x60, 0xDD, 0x5D, 0x5E, 0xF9, 0x46, 0x73, 0xC1, 0x14, 0x83, 0xD5, 0x44,
    0xF2, 0x55, 0xDC, 0xD2, 0x84, 0x9C, 0x17, 0x54, 0x3D, 0xE9, 0x31, 0xCC, 0x47, 0x63, 0x1E, 0x56,
    0x7D, 0xF0, 0x75, 0xDE, 0xEC, 0xF9, 0x20, 0xC4, 0x13, 0x9B, 0x97, 0x6B, 0xAC, 0x71, 0x74, 0x4F,
    0x5C, 0xF7, 0x9B, 0x7E, 0xB3, 0xDB, 0x74, 0xFC, 0x13, 0x76, 0x51, 0x17, 0xB5, 0x71, 0x1B, 0x37,
    0xF8, 0x53, 0xC7, 0x75, 0x82, 0x3F, 0x69, 0x99, 0x96, 0x59, 0x99, 0xE5, 0x19, 0x56, 0x52, 0xE0,
    0xCF, 0x73, 0xAB, 0xAE, 0x78, 0xB1, 0xC7, 0xDF, 0x54, 0xB3, 0xE3, 0xC3, 0xFA, 0x60, 0xD3, 0x93,
    0x3C, 0x98, 0x9F, 0xFD, 0xC5, 0xEE, 0x60, 0x6F, 0xB0, 0x33, 0x58, 0x2D, 0x76, 0x85, 0x7F, 0x6B,
    0xFE, 0x4D, 0xF4, 0x17, 0x9B, 0x90, 0x7A, 0xA6, 0xC9, 0x3C, 0x97, 0x14, 0x9E, 0xEB, 0x48, 0x5C,
    0xBE, 0x12, 0xF7, 0xE2, 0x96, 0xF1, 0xC5, 0x0D, 0xD3, 0xCB, 0xD1, 0xB4, 0x70, 0xAF, 0xAD, 0x7B,
    0xED, 0xDD, 0x0B, 0xEB, 0xE5, 0x76, 0xAD, 0x77, 0x62, 0x92, 0x67, 0xD2, 0x06, 0x14, 0xCA, 0x8D,
    0x34, 0x3C, 0x42, 0xA2, 0xC9, 0xE1, 0x4D, 0x52, 0xAF, 0xEC, 0x4D, 0x5A, 0xAE, 0xDD, 0x9B, 0xDC,
    0xBD, 0xC9, 0xB8, 0xAA, 0xD3, 0x37, 0x3B, 0xBD, 0x39, 0xF7, 0x6F, 0x2E, 0x6C, 0x4F, 0xF8, 0xD4,
    0x70, 0x7E, 0xC3, 0x73, 0xCA, 0x39, 0x44, 0x13, 0x37, 0x08, 0xD4, 0x89, 0xDA, 0x15, 0xA6, 0x80,
    0x9F, 0x04, 0x39, 0xB2, 0x5A, 0x6F, 0x1A, 0xAE, 0x2D, 0x6C, 0x0F, 0xA4, 0x99, 0xFF, 0x1A, 0x8D,
    0xB0, 0x52, 0x8E, 0x25, 0x97, 0x08, 0xBE, 0x29, 0xB4, 0xA6, 0xB4, 0x7C, 0x7A, 0x08, 0xB2, 0x9D,
    0x98, 0xAD, 0xE3, 0x9D, 0xF0, 0x66, 0xCC, 0xF9, 0x04, 0x51, 0x8E, 0xB3, 0x24, 0xE5, 0x38, 0x37,
    0x7F, 0x25, 0x05, 0x39, 0xC5, 0x74, 0x71, 0xE5, 0x4C, 0x49, 0x51, 0x1E, 0x1F, 0x32, 0x26, 0x4F,
    0x10, 0x29, 0x4B, 0xD6, 0xCC, 0xDC, 0x2E, 0x64, 0x46, 0x24, 0x7C, 0x8D, 0xEE, 0x3A, 0x35, 0xBC,
    0x67, 0x15, 0x24, 0x3B, 0xDE, 0x73, 0x0B, 0x3E, 0xE4, 0x75, 0xC4, 0xC4, 0x78, 0x2F, 0x2C, 0x54,
    0x57, 0xCC, 0x72, 0xE0, 0xBD, 0x06, 0x7C, 0x1F, 0x57, 0xCC, 0x7A, 0xD3, 0x67, 0xA2, 0x46, 0xD8,
    0x65, 0xE2, 0xCB, 0x97, 0xEB, 0xC2, 0x0E, 0x37, 0x97, 0x86, 0x63, 0xF6, 0xF1, 0x23, 0x0A, 0xA7,
    0xFF, 0x35, 0xED, 0x24, 0x9C, 0x30, 0x83, 0xE4, 0x33, 0x89, 0xA5, 0xDA, 0xCB, 0xA1, 0xDC, 0x33,
    0x59, 0x7E, 0x60, 0xB5, 0x25, 0xC3, 0x15, 0xD2, 0x1E, 0x95, 0xF8, 0x67, 0x2B, 0x41, 0x35, 0x1A,
    0x0F, 0x05, 0x49, 0x3B, 0x9F, 0x5A, 0xFB, 0x86, 0xED, 0xF7, 0x91, 0x86, 0x31, 0xCE, 0xC7, 0x4D,
    0x48, 0xF7, 0xBD, 0xF8, 0xBF, 0x27, 0x8D, 0x23, 0x1D, 0x81, 0x44, 0xFB, 0x8C, 0xC7, 0x62, 0x29,
    0x23, 0x97, 0x42, 0xAE, 0x8A, 0x5A, 0x2E, 0x8C, 0xE7, 0x8B, 0x8B, 0x28, 0x4A, 0xD2, 0x78, 0x6F,
    0x94, 0xD6, 0xDD, 0x33, 0xF1, 0x7C, 0x42, 0x39, 0x5B, 0xC7, 0xDA, 0x25, 0x2A, 0xBA, 0xB4, 0xE4,
    0x99, 0xCF, 0x72, 0x4A, 0x4B, 0xDC, 0x70, 0xB2, 0x15, 0xD8, 0x82, 0xC8, 0x1A, 0xA4, 0x47, 0xE1,
    0xA8, 0x45, 0xA9, 0xEA, 0x24, 0x8D, 0x23, 0xD9, 0xCC, 0xA0, 0x97, 0x66, 0x1E, 0xD7, 0x9C, 0x79,
    0x26, 0x55, 0x04, 0x85, 0xD4, 0x41, 0xA0, 0x70, 0xDC, 0x68, 0x8C, 0xEF, 0x95, 0x98, 0x6B, 0xFA,
    0x76, 0x89, 0xDB, 0x16, 0x59, 0x8E, 0x4D, 0xC0, 0x7E, 0xC6, 0xED, 0x66, 0x97, 0xE1, 0x71, 0x51,
    0xCB, 0x31, 0xC6, 0x4E, 0x62, 0xCE, 0x01, 0xC7, 0x2D, 0x08, 0x98, 0xBC, 0x33, 0x60, 0x4C, 0xEF,
    0x72, 0xC1, 0xE9, 0x1B, 0x0D, 0x68, 0x82, 0x5F, 0xC7, 0x83, 0xB3, 0x8A, 0x8F, 0xCF, 0xC8, 0x12,
    0xE4, 0x5E, 0x8E, 0x2D, 0x39, 0xA1, 0xA8, 0x39, 0x8D, 0xC2, 0x18, 0x77, 0x5D, 0x7E, 0x03, 0xDB,
    0x5E, 0x43, 0x05, 0x84, 0xED, 0x05, 0x19, 0x83, 0x13, 0xAE, 0x1A, 0x9B, 0x2D, 0x39, 0x6A, 0xC4,
    0x5A, 0x57, 0xE4, 0xB9, 0x4D, 0x8F, 0x85, 0x51, 0x52, 0x61, 0x0A, 0x98, 0x68, 0xCA, 0x55, 0x80,
    0x38, 0x03, 0x37, 0x72, 0xCF, 0x75, 0x6E, 0xB9, 0xB8, 0x8C, 0xEB, 0xCE, 0xBE, 0x0B, 0x12, 0xA4,
    0x6F, 0x50, 0xA2, 0xDC, 0x23, 0x83, 0x93, 0xCA, 0xE1, 0x7E, 0x16, 0xA2, 0x12, 0xA7, 0xB3, 0x40,
    0x4F, 0x4A, 0x27, 0x51, 0xE2, 0xC1, 0x13, 0x4F, 0x37, 0xCA, 0x37, 0x36, 0xEE, 0xBC, 0x00, 0xC8,
    0xF4, 0x9B, 0x85, 0x1B, 0xB9, 0xA3, 0x5B, 0x11, 0x7F, 0x2B, 0x56, 0x1D, 0xF5, 0xAB, 0x7B, 0x31,
    0xE9, 0xE0, 0x47, 0x4E, 0xDD, 0x8D, 0x58, 0x01, 0xD6, 0x9E, 0x6A, 0xED, 0x29, 0x57, 0x43, 0x56,
    0xC5, 0x6D, 0xC1, 0x6C, 0xC6, 0x30, 0x1C, 0x03, 0x37, 0xE2, 0xE6, 0xD0, 0x29, 0x93, 0x8D, 0xAD,
    0x4D, 0xC8, 0x64, 0x9B, 0xDF, 0xD8, 0xA3, 0xB1, 0xB5, 0xBD, 0xD5, 0x5E, 0x6B, 0x89, 0x81, 0x29,
    0xDB, 0x58, 0x63, 0x6A, 0xFA, 0x48, 0x0A, 0xE9, 0x42, 0x16, 0xD3, 0xC0, 0x35, 0xAF, 0x7B, 0x09,
    0x8B, 0x8E, 0x63, 0xD4, 0x46, 0x12, 0xC1, 0x61, 0x2B, 0xB6, 0xEB, 0xFC, 0x62, 0x4D, 0xE0, 0x4D,
    0x54, 0x8A, 0xAB, 0x89, 0xB2, 0x93, 0xDF, 0x34, 0x99, 0x67, 0x2B, 0xDD, 0x4A, 0xD2, 0x14, 0x4E,
    0x42, 0x17, 0xDA, 0xB3, 0xBD, 0x89, 0x55, 0xCE, 0x7C, 0xA3, 0xE1, 0x21, 0x4D, 0x9E, 0x37, 0x4D,
    0x4C, 0xC7, 0xF5, 0x7A, 0xE4, 0xDD, 0x0B, 0x9D, 0xEC, 0x5C, 0xAA, 0x43, 0xA7, 0x9B, 0x87, 0xDB,
    0x2C, 0x8D, 0x8C, 0xD3, 0xC8, 0x82, 0xA8, 0x27, 0x9D, 0x5A, 0x0C, 0x52, 0x6E, 0x10, 0x0C, 0x7C,
    0x2E, 0xA7, 0x5E, 0x89, 0xA5, 0x1B, 0x89, 0x60, 0x1E, 0x51, 0x9E, 0x43, 0xAC, 0xB5, 0x13, 0x2F,
    0xE3, 0xE6, 0x14, 0xCC, 0x79, 0xDC, 0xAC, 0xF7, 0xB3, 0xA9, 0xD5, 0xE3, 0xB9, 0x90, 0x26, 0x12,
    0xC2, 0x12, 0xC9, 0x78, 0x64, 0x6C, 0x03, 0x9E, 0x9B, 0xD4, 0x92, 0x29, 0x19, 0xA5, 0x47, 0x46,
    0xE3, 0xA6, 0xB0, 0x4D, 0xA2, 0x34, 0x7E, 0x6C, 0x76, 0x4B, 0x4C, 0x61, 0xAD, 0xCB, 0xDE, 0x6E,
    0x33, 0x1C, 0x2E, 0x49, 0x29, 0x3D, 0x97, 0xDA, 0x25, 0x33, 0x1D, 0x97, 0x19, 0x3F, 0x39, 0xFD,
    0x56, 0x98, 0x90, 0xDB, 0xDA, 0xC5, 0xB6, 0xF8, 0x70, 0xE1, 0xC4, 0xA9, 0xCA, 0xBA, 0xC0, 0xC9,
    0x38, 0x5D, 0xDA, 0xC0, 0x69, 0x79, 0x29, 0xAF, 0x46, 0x87, 0x88, 0xF3, 0xCF, 0x6C, 0x19, 0xA3,
    0x16, 0x92, 0x49, 0x7D, 0xE4, 0xFE, 0x62, 0x73, 0x3F, 0xBE, 0x9C, 0xDB, 0x65, 0x6B, 0xCA, 0xF5,
    0x8E, 0xA9, 0xD6, 0xC7, 0x65, 0x2C, 0x93, 0x44, 0x99, 0xB6, 0x65, 0x34, 0x7D, 0x51, 0x3A, 0x63,
    0xB6, 0xD2, 0xFB, 0x73, 0xFD, 0x00, 0xEE, 0x68, 0x94, 0xC2, 0x33, 0xB7, 0x7A, 0x30, 0x66, 0xB5,
    0x37, 0x3D, 0xDB, 0x07, 0xCE, 0x0A, 0x1C, 0xF0, 0x47, 0xEA, 0x63, 0x1B, 0x0C, 0x66, 0x43, 0x64,
    0xF9, 0x60, 0x5A, 0x8D, 0x4A, 0xB5, 0x74, 0x86, 0xE3, 0x24, 0x31, 0x37, 0xAE, 0x7B, 0xFD, 0x97,
    0xCC, 0x31, 0x59, 0x72, 0xB0, 0xC8, 0xB4, 0x5D, 0x09, 0xB9, 0x77, 0xD4, 0x6F, 0xE3, 0x0D, 0xEF,
    0x3C, 0x4A, 0x3E, 0x94, 0x3C, 0xEA, 0xA1, 0x74, 0x4D, 0xB8, 0x30, 0xB7, 0x22, 0x8A, 0x47, 0xFE,
    0x2F, 0xCE, 0x32, 0x6E, 0xB4, 0xB5, 0xBD, 0xA0, 0x4D, 0x34, 0x99, 0xED, 0x80, 0x93, 0x9C, 0x57,
    0x75, 0xF0, 0x23, 0xC7, 0x6F, 0xAD, 0xA7, 0x61, 0x34, 0x33, 0x22, 0xA9, 0xB4, 0x1A, 0x29, 0x86,
    0x69, 0x46, 0x4D, 0xF2, 0xB6, 0xC6, 0x99, 0xE9, 0x44, 0xC3, 0xE4, 0x84, 0x57, 0xCB, 0xAF, 0xF2,
    0x7F, 0x21, 0x56, 0x46, 0x08, 0x79, 0x9C, 0xC4, 0x48, 0x02, 0xAB, 0x1A, 0x9F, 0x40, 0x5D, 0x13,
    0x7C, 0x73, 0xC5, 0x15, 0xBC, 0xB2, 0xE1, 0x7A, 0x6F, 0x47, 0x32, 0xE4, 0xB5, 0x19, 0xF1, 0xFE,
    0x49, 0xD5, 0x8F, 0x4F, 0x9E, 0xA5, 0x61, 0x26, 0xB4, 0x8D, 0x66, 0x45, 0x9B, 0x09, 0x0D, 0xFB,
    0xB9, 0xF7, 0x32, 0x65, 0x1E, 0x77, 0x52, 0x21, 0x9D, 0x37, 0x98, 0x4D, 0x9C, 0x68, 0xA4, 0x9D,
    0xDC, 0x99, 0x91, 0xEC, 0x2C, 0x64, 0x33, 0x8F, 0xC3, 0xF6, 0xD4, 0x2A, 0x36, 0x93, 0x58, 0xF6,
    0xB0, 0x3D, 0x4D, 0x96, 0x70, 0x29, 0x33, 0xD8, 0xE4, 0x19, 0xCE, 0x8D, 0x44, 0x5E, 0xB7, 0x21,
    0xAF, 0x26, 0xDD, 0x86, 0x6B, 0xCD, 0x70, 0xC1, 0x21, 0xAF, 0x70, 0xC1, 0x4F, 0x4E, 0x5D, 0x78,
    0x0F, 0xF4, 0xFA, 0x6D, 0x1B, 0xFD, 0xBC, 0x0D, 0xA2, 0x5F, 0xB6, 0xD1, 0x4F, 0xF1, 0xB4, 0xF7,
    0x9A, 0xF8, 0xEE, 0x2E, 0x48, 0xBF, 0x5B, 0xC7, 0xEF, 0x80, 0xDE, 0x74, 0x7C, 0x70, 0x70, 0x79,
    0xB9, 0xA0, 0x6E, 0x8C, 0xCB, 0x8C, 0xCA, 0x31, 0x29, 0x33, 0x6C, 0x69, 0x99, 0xE4, 0xE9, 0xDF,
    0x95, 0x49, 0x99, 0xE6, 0x30, 0x26, 0xD2, 0x3C, 0x0D, 0x22, 0xEC, 0xA2, 0xA9, 0x80, 0xCC, 0x74,
    0xA5, 0x64, 0xDA, 0x9B, 0x27, 0xA2, 0xED, 0xCC, 0x2E, 0xE7, 0xCE, 0x56, 0x37, 0x4B, 0xDD, 0xEC,
    0x74, 0xB3, 0xD2, 0xCD, 0x36, 0xDF, 0xD8, 0x4E, 0x68, 0x94, 0x75, 0x9E, 0x9B, 0x6D, 0x6E, 0x96,
    0xB9, 0xD9, 0xE5, 0xB2, 0xC6, 0xFD, 0x68, 0x16, 0x79, 0xED, 0xF5, 0xEF, 0x18, 0x98, 0x2D, 0x6E,
    0x96, 0xB8, 0xD9, 0xE1, 0x66, 0x85, 0x9B, 0x0D, 0x6E, 0x16, 0x78, 0x11, 0x2C, 0xCF, 0x42, 0x4A,
    0xEA, 0x6C, 0x26, 0x59, 0xD1, 0xF4, 0x77, 0x69, 0x42, 0x16, 0xB9, 0x28, 0xAC, 0xF9, 0x80, 0x87,
    0x5A, 0x4A, 0x5B, 0x33, 0x12, 0x78, 0x67, 0xF0, 0x78, 0xAE, 0x51, 0xC2, 0xAA, 0x10, 0xE1, 0x17,
    0x23, 0x51, 0x0F, 0xFC, 0x7C, 0x21, 0xA9, 0x62, 0xFE, 0x04, 0x7F, 0x3E, 0xAD, 0x53, 0x29, 0x86,
    0x58, 0x36, 0x52, 0x28, 0x1E, 0x36, 0x17, 0x98, 0x52, 0x97, 0xBF, 0x62, 0x4E, 0x30, 0x75, 0xC4,
    0xC6, 0xC6, 0xD9, 0xD6, 0x5A, 0x5A, 0x5C, 0xD5, 0xC2, 0xE2, 0x1A, 0xAF, 0xB2, 0xB8, 0xEA, 0xFB,
    0x5A, 0x5C, 0xE5, 0xC2, 0xE2, 0xCA, 0x8F, 0x2C, 0xAE, 0x70, 0xB6, 0xB8, 0xC4, 0xE1, 0x85, 0x84,
    0xE2, 0x9A, 0x52, 0x6C, 0x43, 0x8D, 0xBA, 0xD9, 0xC1, 0x89, 0xE3, 0x4F, 0xEA, 0xF4, 0x9B, 0x3D,
    0x11, 0xCA, 0x80, 0x70, 0x56, 0x44, 0x4C, 0x2B, 0x02, 0xA6, 0x44, 0x03, 0xA6, 0xC4, 0x50, 0xD1,
    0x8C, 0x1A, 0xB8, 0x51, 0x9D, 0x79, 0xF5, 0xC9, 0xC3, 0xA3, 0x10, 0x6B, 0x9E, 0xAE, 0xA4, 0x5F,
    0x4F, 0xDC, 0x94, 0xE7, 0x57, 0xB3, 0xD1, 0x1A, 0xB5, 0x4B, 0x41, 0xBD, 0x54, 0x62, 0xD7, 0x0D,
    0xD7, 0xA0, 0x10, 0xE1, 0x29, 0x0A, 0x41, 0x6D, 0xD4, 0x69, 0x90, 0x96, 0xB3, 0x41, 0x56, 0x82,
    0x06, 0x71, 0xCC, 0x89, 0x36, 0x0E, 0xEF, 0x6F, 0xD7, 0x34, 0x97, 0xED, 0x9A, 0x2B, 0x28, 0xF1,
    0xB8, 0x2C, 0x7C, 0xEF, 0xD9, 0x2D, 0xCC, 0xE8, 0x15, 0x2D, 0x4F, 0x07, 0x74, 0x4D, 0xAF, 0x7F,
    0x08, 0xFB, 0x71, 0x00, 0x1F, 0xD7, 0x40, 0x46, 0x80, 0x8A, 0x70, 0x7F, 0xA3, 0x0E, 0x1B, 0x5C,
    0xD3, 0x9F, 0x25, 0x1B, 0x14, 0x1A, 0xB7, 0x6E, 0xE4, 0x49, 0xAE, 0x74, 0x7A, 0x61, 0xAE, 0x82,
    0x0D, 0xA8, 0x11, 0x61, 0x3B, 0xC2, 0x5C, 0xE4, 0x29, 0xCE, 0xA0, 0x53, 0xC3, 0x7D, 0xF6, 0xAC,
    0x59, 0xD1, 0x34, 0x97, 0xA6, 0xCF, 0x4C, 0x2E, 0x04, 0x0E, 0xC5, 0xA0, 0x84, 0x34, 0x92, 0x6C,
    0xE4, 0x1E, 0xC4, 0x12, 0x86, 0x78, 0x43, 0x8E, 0x14, 0xA7, 0x4A, 0xA1, 0x6A, 0x75, 0x83, 0x88,
    0xBE, 0x15, 0x85, 0x33, 0x33, 0x69, 0xA6, 0xC0, 0xAF, 0xCE, 0x8D, 0xA9, 0x34, 0x5A, 0x21, 0x90,
    0x74, 0xD4, 0xB1, 0x1D, 0xC8, 0x00, 0x91, 0x8E, 0x73, 0xD2, 0x18, 0x04, 0xC0, 0x65, 0x4F, 0xDC,
    0x60, 0x4A, 0xD1, 0x81, 0x67, 0xD3, 0x9D, 0xA9, 0xC2, 0x40, 0x86, 0xF2, 0x41, 0xFD, 0xA0, 0xEA,
    0x86, 0xFC, 0xA0, 0xDD, 0x35, 0x7E, 0xD0, 0x54, 0xDB, 0xB8, 0x40, 0x25, 0x6D, 0x2C, 0x67, 0xB3,
    0xC4, 0xA0, 0x60, 0xCA, 0x99, 0xDA, 0x7C, 0x9A, 0x4D, 0x27, 0xF3, 0x28, 0x21, 0x09, 0x49, 0xC7,
    0x96, 0x36, 0x7C, 0x8B, 0xA7, 0x48, 0x2C, 0xD9, 0x50, 0xDB, 0x20, 0x33, 0xBF, 0x7D, 0x7A, 0xAA,
    0x65, 0x9C, 0x85, 0xB2, 0xD0, 0xFE, 0xFB, 0x5B, 0x59, 0x79, 0xF9, 0xA0, 0x1E, 0x0E, 0x5B, 0x35,
    0xEF, 0xDC, 0x68, 0x60, 0xC1, 0xBA, 0x37, 0x4A, 0x6E, 0x7A, 0xD3, 0xDB, 0xD4, 0xD6, 0x3B, 0x19,
    0x75, 0xBA, 0xEE, 0x1C, 0x48, 0xE6, 0xAF, 0xC0, 0xDC, 0xB8, 0xBA, 0x0D, 0xB9, 0x5D, 0x6F, 0x41,
    0x3B, 0xBD, 0x05, 0xF5, 0xF8, 0x96, 0x1A, 0x3C, 0xF6, 0xD7, 0x46, 0x56, 0x85, 0xD9, 0xDA, 0x5E,
    0x35, 0x26, 0xEE, 0x9A, 0x3A, 0xE8, 0x08, 0xD7, 0xD4, 0xF9, 0x2B, 0xFC, 0x5B, 0x1B, 0x3E, 0x0B,
    0x6D, 0x69, 0x20, 0x48, 0x69, 0xE8, 0xAC, 0x7C, 0x17, 0xFD, 0x2D, 0x0C, 0xDD, 0x99, 0xAF, 0x37,
    0x3C, 0xFF, 0xEE, 0x64, 0xFE, 0xED, 0x0D, 0xCF, 0x3F, 0x77, 0xF3, 0xDE, 0xFB, 0xAB, 0x33, 0xE0,
    0x86, 0xFB, 0x5F, 0x57, 0xFE, 0xBA, 0xCB, 0x26, 0x39, 0x3F, 0xD3, 0x25, 0x9F, 0xFA, 0x21, 0x90,
    0x28, 0x99, 0xF2, 0x09, 0x9D, 0x46, 0x4C, 0x9C, 0x86, 0x32, 0x56, 0x50, 0x5D, 0x89, 0x41, 0x79,
    0x18, 0xAA, 0xD2, 0x38, 0x90, 0x89, 0x20, 0x86, 0x49, 0xFC, 0x86, 0x50, 0xEE, 0xDE, 0xC9, 0xD9,
    0xA4, 0x36, 0xDD, 0x6C, 0x9E, 0x4F, 0x6A, 0xAE, 0xA4, 0x1D, 0x54, 0x73, 0x02, 0x78, 0xD1, 0xD4,
    0x32, 0x9B, 0x9B, 0xBB, 0x14, 0x36, 0x3B, 0x77, 0xD9, 0x9A, 0x17, 0xBD, 0x35, 0x2B, 0x6D, 0x34,
    0x4F, 0x7A, 0x6F, 0x56, 0xD4, 0x60, 0xDE, 0xF4, 0xA0, 0x49, 0xBE, 0x6A, 0x97, 0x17, 0x06, 0x4D,
    0x76, 0x2D, 0xA3, 0xA1, 0xC0, 0x44, 0xE8, 0x57, 0x53, 0xF6, 0xC2, 0xB3, 0xDE, 0xC8, 0x39, 0xA2,
    0xF3, 0x4C, 0xEF, 0x7A, 0xD3, 0x5D, 0xD2, 0x07, 0xBB, 0xEB, 0xBC, 0xB3, 0xEE, 0x66, 0xFD, 0x7A,
    0x03, 0xCB, 0x2B, 0x4E, 0x62, 0x5C, 0x55, 0x25, 0xA4, 0xBB, 0xC0, 0xBA, 0xB0, 0xF3, 0xD3, 0x59,
    0x1D, 0xB0, 0xEF, 0xFD, 0x7C, 0x2E, 0x47, 0x0A, 0xF4, 0x91, 0xEA, 0x6D, 0x3F, 0xFF, 0xC7, 0x0C,
    0x94, 0x6B, 0xEE, 0xBA, 0x41, 0xDC, 0x7C, 0x9D, 0xA6, 0xEE, 0x6D, 0xCA, 0xC3, 0xAA, 0x79, 0x76,
    0xB0, 0xA8, 0xC7, 0xAA, 0x72, 0xFB, 0x12, 0x4D, 0x32, 0x1F, 0xF0, 0x74, 0xE1, 0xDD, 0xE1, 0x7E,
    0x2D, 0x74, 0x21, 0x69, 0x6C, 0x6F, 0x64, 0xA1, 0xCA, 0x0D, 0xC4, 0x5A, 0x43, 0xF9, 0x6E, 0xD4,
    0x62, 0xBC, 0x3D, 0xCE, 0x07, 0x69, 0x87, 0x9F, 0x8E, 0x65, 0x99, 0xE3, 0x4A, 0x9B, 0x81, 0x57,
    0xF9, 0x49, 0xBA, 0x36, 0x06, 0xC3, 0x08, 0xCB, 0xED, 0x64, 0x49, 0x48, 0x70, 0xF1, 0x4A, 0xB1,
    0x15, 0xC9, 0xCD, 0x76, 0xF6, 0x61, 0x6D, 0x6C, 0x40, 0x42, 0x71, 0x66, 0x23, 0x69, 0x35, 0x52,
    0xEB, 0xD1, 0x62, 0x6F, 0xD2, 0x96, 0xD2, 0x09, 0x93, 0x57, 0x1C, 0x66, 0x65, 0xCC, 0x1D, 0x49,
    0x72, 0x56, 0x1C, 0x09, 0x74, 0x48, 0xA7, 0xD8, 0xE9, 0x4B, 0x17, 0xB8, 0xBC, 0x43, 0xE7, 0x73,
    0x3F, 0xD6, 0xCE, 0x17, 0xC6, 0x18, 0x89, 0x23, 0x84, 0xDD, 0x0A, 0x7A, 0x16, 0xDE, 0xB8, 0x15,
    0x11, 0xF7, 0x22, 0xE0, 0x5E, 0x3F, 0x39, 0xC8, 0xD2, 0xA0, 0xF6, 0x24, 0x8D, 0xD7, 0xF2, 0x6B,
    0xA0, 0x53, 0xF0, 0x06, 0x1C, 0x40, 0xAE, 0x32, 0x22, 0x12, 0x93, 0x8F, 0x71, 0x93, 0xE2, 0xCD,
    0x3D, 0xFC, 0x8D, 0x01, 0xAB, 0x19, 0xF0, 0xFF, 0x03, 0x01, 0x0B, 0xC2, 0x14, 0x04, 0x27, 0x32,
    0xA1, 0xC7, 0x21, 0x7D, 0x2A, 0x68, 0xDB, 0x04, 0xAF, 0xAC, 0x4B, 0xDF, 0xF9, 0xB4, 0x8B, 0xA7,
    0xBB, 0xB0, 0xF1, 0xA5, 0xD8, 0x57, 0x78, 0x3D, 0x8D, 0x6D, 0x59, 0xF1, 0x0C, 0xC6, 0x54, 0xA7,
    0xD9, 0xC7, 0x6E, 0xD3, 0x6D, 0x5B, 0x0F, 0xF6, 0xC7, 0x0B, 0xF8, 0x89, 0x94, 0x91, 0x92, 0xB3,
    0x73, 0xD0, 0xE9, 0x6C, 0x47, 0xE3, 0x98, 0x5E, 0x58, 0x46, 0x57, 0x1E, 0xCA, 0x75, 0x4B, 0x5A,
    0x5D, 0x70, 0xD8, 0x73, 0xC0, 0x8F, 0x98, 0xCD, 0x4C, 0x75, 0xC4, 0xD5, 0xC1, 0xE6, 0xA7, 0xE0,
    0x82, 0x29, 0x16, 0x5A, 0xE4, 0x45, 0x7C, 0x07, 0x12, 0x67, 0xD8, 0xC1, 0x31, 0xC4, 0x3E, 0xAF,
    0xB1, 0xCB, 0x6B, 0xEC, 0xE0, 0xA6, 0x49, 0x18, 0x35, 0x79, 0x7B, 0x20, 0xC3, 0x95, 0xD9, 0x5B,
    0xB4, 0x83, 0x37, 0x9D, 0x7F, 0xD1, 0x2E, 0x88, 0xDB, 0x02, 0x0A, 0x66, 0xB4, 0x9B, 0x54, 0x3B,
    0xEC, 0x0D, 0x6C, 0xD9, 0xA6, 0x08, 0x0E, 0xF1, 0x8D, 0xC9, 0x42, 0x39, 0x19, 0x4E, 0x1A, 0x57,
    0x46, 0x7B, 0xBC, 0x95, 0x33, 0x26, 0x6D, 0x73, 0x11, 0x3C, 0x85, 0x30, 0x11, 0x2C, 0xFD, 0x89,
    0x01, 0x87, 0xD2, 0x2C, 0x19, 0x99, 0xAA, 0x7B, 0xD2, 0x23, 0x37, 0xCD, 0x18, 0x1A, 0x4C, 0xC3,
    0xF8, 0x4F, 0xDA, 0xF7, 0x20, 0xD1, 0x10, 0xF6, 0xD1, 0x10, 0x37, 0xA0, 0x2E, 0x36, 0x88, 0x02,
    0x08, 0xF7, 0x1A, 0xF6, 0xF8, 0x7F, 0xEC, 0xD3, 0x8E, 0x58, 0x8F, 0xBD, 0xA2, 0x86, 0xFC, 0x81,
    0x83, 0x99, 0x67, 0xAF, 0x12, 0xFF, 0xDF, 0x69, 0x0E, 0xC7, 0x6B, 0x5D, 0xF5, 0x08, 0x6B, 0xF4,
    0xB4, 0x7A, 0xB0, 0xD6, 0x36, 0x7B, 0x1B, 0xEB, 0xC4, 0xCF, 0x65, 0x6F, 0x1D, 0x56, 0x90, 0x19,
    0xFE, 0x07, 0x4D, 0x90, 0x10, 0x00, 0xCC, 0xB9, 0x4E, 0x9C, 0x58, 0xEC, 0x08, 0x8E, 0xED, 0xD4,
    0x46, 0x35, 0x3D, 0xE9, 0xD7, 0xC8, 0xF0, 0xEF, 0xC3, 0x47, 0xD9, 0x49, 0x0B, 0x07, 0x41, 0x9F,
    0xD6, 0xB2, 0x62, 0xFA, 0xEC, 0xAE, 0x4E, 0xE9, 0xAE, 0xFA, 0x81, 0xCE, 0xF2, 0xBF, 0x4C, 0x7F,
    0x47, 0x5C, 0x68, 0xF5, 0xE9, 0x4F, 0xEE, 0xC8, 0x1C, 0xFD, 0xFC, 0x8D, 0x5E, 0xC2, 0x67, 0x4A,
    0x3A, 0x5D, 0x87, 0xA4, 0x35, 0xD0, 0x24, 0xAD, 0x7B, 0x9D, 0xE4, 0xB4, 0xC4, 0xEF, 0x3D, 0x55,
    0x40, 0x51, 0xEC, 0xFF, 0x9C, 0xDE, 0x35, 0x54, 0xDD, 0x48, 0x1A, 0x9E, 0xC1, 0xCF, 0xC1, 0xC4,
    0x46, 0xB2, 0x0C, 0xE4, 0x6B, 0xDC, 0xAD, 0x74, 0x92, 0xF8, 0x12, 0xEC, 0x09, 0x86, 0xDF, 0x3B,
    0x53, 0x4A, 0xA6, 0x52, 0x63, 0x4C, 0x14, 0x35, 0x4F, 0xC9, 0x50, 0xA8, 0x00, 0x64, 0xED, 0x41,
    0x62, 0xDA, 0xFA, 0x02, 0x50, 0x19, 0xF7, 0x18, 0xD2, 0x9C, 0xF1, 0x8E, 0x55, 0x6F, 0x5C, 0xBB,
    0xDE, 0x65, 0xF2, 0x8F, 0x68, 0x1D, 0xD2, 0x2A, 0x8C, 0x68, 0x1F, 0xE2, 0x95, 0xB5, 0x5B, 0x6C,
    0x78, 0xF6, 0xD2, 0x2F, 0x9B, 0x74, 0xFA, 0x41, 0x13, 0xF5, 0x61, 0x0D, 0xAB, 0x1E, 0x61, 0x39,
    0x44, 0xD2, 0x32, 0x3C, 0x3B, 0xC5, 0xC9, 0x74, 0xD1, 0x51, 0x67, 0xDB, 0x3C, 0xF2, 0xFD, 0xB1,
    0xAA, 0x6D, 0xD8, 0xAD, 0xC7, 0xB0, 0x0D, 0x77, 0xD0, 0xC1, 0x75, 0x04, 0x7B, 0x87, 0x68, 0x44,
    0x0C, 0x2C, 0x22, 0xBE, 0x07, 0xE3, 0x12, 0xC7, 0x21, 0xFE, 0x3F, 0x90, 0x73, 0x25, 0xBD, 0x46,
    0xED, 0x38, 0xFE, 0x00, 0xDE, 0x14, 0x72, 0x11, 0xB6, 0x66, 0xE3, 0x49, 0xE4, 0x16, 0x94, 0x84,
    0x23, 0xCE, 0xB7, 0xCC, 0xAA, 0xC8, 0x14, 0x38, 0x87, 0x92, 0x12, 0x24, 0x4F, 0x28, 0xB5, 0x15,
    0xFD, 0x85, 0x05, 0x76, 0xCE, 0xE1, 0x8E, 0xA9, 0x38, 0xA1, 0x8C, 0x99, 0xB9, 0x57, 0x45, 0xAD,
    0x18, 0x22, 0x0D, 0x5E, 0x09, 0x49, 0x72, 0x79, 0xDA, 0x32, 0x6A, 0x93, 0x35, 0x64, 0xB1, 0x8A,
    0x3C, 0x41, 0xB0, 0xE5, 0x9E, 0x98, 0xE3, 0xE7, 0x4D, 0xF8, 0x41, 0x1D, 0xBE, 0xDB, 0xC5, 0x6F,
    0xD4, 0xD1, 0xDD, 0x2E, 0xC5, 0x93, 0x7E, 0xBC, 0x3B, 0xC3, 0xF8, 0x6A, 0x7F, 0x07, 0x7E, 0x78,
    0x3E, 0xEC, 0x30, 0x5D, 0xB8, 0xF4, 0x74, 0xC0, 0xAB, 0x9A, 0xAE, 0x36, 0xCD, 0x83, 0x3B, 0xF2,
    0xBD, 0x87, 0xE0, 0x39, 0xEC, 0xB4, 0xAC, 0x47, 0x3D, 0x19, 0xE4, 0xCD, 0xA8, 0xC0, 0xCF, 0xB9,
    0xA1, 0x5B, 0x8A, 0x29, 0x9A, 0xEC, 0xC1, 0xDE, 0xE9, 0x22, 0x53, 0x48, 0x81, 0xCC, 0xD2, 0xC1,
    0x60, 0xD2, 0x94, 0x66, 0xAF, 0xD0, 0x0C, 0x12, 0xDC, 0xCB, 0x01, 0xB1, 0xC9, 0x7C, 0x0E, 0xA8,
    0x16, 0xE1, 0x1D, 0xC0, 0x08, 0xAF, 0x83, 0x73, 0x2C, 0xBE, 0xA0, 0xDA, 0xC2, 0xAA, 0xCF, 0xF1,
    0xDA, 0x72, 0xF5, 0x7A, 0xC1, 0x66, 0x4E, 0x6A, 0xC6, 0x55, 0xA1, 0xCF, 0x75, 0xE6, 0x3F, 0x46,
    0x5A, 0x40, 0xDA, 0x86, 0x1F, 0xE1, 0x3C, 0xFE, 0xFC, 0xFD, 0x7D, 0xF4, 0xCF, 0xC1, 0x16, 0x47,
    0xFD, 0x1C, 0xB6, 0xFE, 0x39, 0xD1, 0x44, 0xCE, 0x8D, 0x53, 0x8B, 0x97, 0xFB, 0xEF, 0x79, 0xC0,
    0xF6, 0x5F, 0x3C, 0xC0, 0x7B, 0x04, 0x9B, 0x0F, 0x29, 0x01, 0x7E, 0xF6, 0x3E, 0xC4, 0xC7, 0x07,
    0x34, 0x26, 0x48, 0xEF, 0x98, 0x13, 0x8D, 0x3B, 0x83, 0x0C, 0x64, 0x09, 0x6B, 0x38, 0xA7, 0x9D,
    0x7C, 0xC1, 0x41, 0x8B, 0xDB, 0x19, 0xC8, 0x90, 0xB5, 0x69, 0x6D, 0xA0, 0x60, 0x96, 0xF6, 0x4B,
    0xCB, 0xF6, 0x7C, 0xB6, 0x6C, 0x2F, 0x66, 0x95, 0x29, 0x59, 0x93, 0x81, 0x67, 0xC6, 0x35, 0xD5,
    0x5A, 0x6E, 0x2A, 0x69, 0x11, 0xA0, 0x0D, 0x4E, 0x5E, 0x72, 0xFC, 0x37, 0x80, 0x98, 0xD2, 0x3A,
    0xE4, 0x33, 0x20, 0x02, 0x36, 0x4D, 0x51, 0xC7, 0x7D, 0x80, 0xD5, 0x77, 0xD0, 0xAB, 0xE1, 0x07,
    0xAF, 0xFD, 0x1A, 0x1E, 0x53, 0xB4, 0x5F, 0x7D, 0x5E, 0x52, 0xD3, 0x83, 0x17, 0x38, 0xF7, 0xD5,
    0x5E, 0x50, 0xC1, 0x5A, 0xCB, 0xA9, 0xB5, 0x07, 0x82, 0x4A, 0xCC, 0xE7, 0xD2, 0x52, 0xC8, 0xDA,
    0x16, 0xA4, 0xC0, 0x25, 0x37, 0xF4, 0x95, 0x36, 0xD1, 0x60, 0xBB, 0x3D, 0xD8, 0x7E, 0xEB, 0xD2,
    0x18, 0x0E, 0x0B, 0x69, 0xC7, 0x13, 0x44, 0x29, 0x1C, 0xB6, 0x94, 0xE6, 0x49, 0x49, 0xE6, 0xE5,
    0x3D, 0xCF, 0xF0, 0x43, 0x77, 0xF0, 0x5D, 0xE8, 0xF5, 0x5F, 0xC3, 0x9A, 0xFD, 0x94, 0x9E, 0x3F,
    0xDC, 0x14, 0x4A, 0xBD, 0xC9, 0xA9, 0x13, 0x4A, 0x9F, 0xFE, 0x20, 0x27, 0xE4, 0x40, 0x95, 0x8E,
    0x60, 0xF6, 0xBF, 0xDE, 0xBA, 0x5C, 0x8C, 0xAB, 0xDE, 0xA3, 0x89, 0x2E, 0x6C, 0x13, 0x7D, 0xFE,
    0x1B, 0x2A, 0x65, 0xC6, 0x43, 0x56, 0x63, 0xB8, 0x8F, 0x14, 0x77, 0xDF, 0xEC, 0x68, 0x1D, 0x10,
    0x6C, 0x0A, 0x5B, 0x78, 0xC0, 0xD0, 0xF4, 0x88, 0xAA, 0xE6, 0x94, 0xAF, 0x9C, 0x3C, 0x77, 0x9B,
    0x8B, 0xB7, 0xB5, 0x73, 0x34, 0xDF, 0x93, 0xD2, 0x48, 0xF1, 0xF9, 0xA6, 0x6A, 0x2A, 0x21, 0x42,
    0x90, 0xE2, 0xD3, 0xCB, 0x52, 0x4B, 0x59, 0x10, 0xDC, 0x67, 0xBC, 0x6D, 0xF3, 0x8B, 0xA9, 0xF8,
    0x64, 0x92, 0x6E, 0xB9, 0x85, 0x84, 0xF3, 0xEE, 0xF2, 0xB4, 0xFF, 0xAA, 0x71, 0x19, 0x06, 0xEB,
    0x49, 0x12, 0x56, 0xB6, 0x03, 0x55, 0xCA, 0x07, 0xF4, 0x06, 0xB9, 0xF0, 0xBD, 0x30, 0x3B, 0x45,
    0xFA, 0xD7, 0xEE, 0xE0, 0x64, 0xB9, 0x81, 0x50, 0x83, 0x67, 0x30, 0x0E, 0x74, 0xDA, 0x29, 0xB6,
    0xBC, 0x10, 0x38, 0x3A, 0x47, 0xF2, 0x1C, 0x05, 0xE4, 0x50, 0x7A, 0x71, 0x2A, 0x84, 0xD2, 0x31,
    0x7D, 0x08, 0x30, 0x0A, 0xC3, 0x1F, 0x4C, 0xE0, 0x87, 0x70, 0x0A, 0x7C, 0x66, 0xC8, 0xF3, 0x1C,
    0x5E, 0x99, 0x89, 0x2D, 0x9A, 0xEE, 0xB4, 0xBD, 0x64, 0x74, 0xFA, 0xE1, 0xE7, 0x42, 0x5A, 0x81,
    0xDB, 0xE1, 0x45, 0x2C, 0x1E, 0x4C, 0x04, 0xB9, 0x36, 0x95, 0xD5, 0x4B, 0x0C, 0x3F, 0x80, 0x46,
    0xFD, 0x92, 0x39, 0x0B, 0xC7, 0xE4, 0xE6, 0xB5, 0x07, 0xE7, 0xC6, 0x52, 0xE2, 0xA8, 0x0B, 0x31,
    0xD4, 0x20, 0x1B, 0x7B, 0x30, 0x76, 0x32, 0x6E, 0x32, 0x66, 0x22, 0xF5, 0x57, 0xFD, 0xB9, 0x38,
    0x53, 0xBF, 0xBD, 0xC3, 0xE4, 0xEB, 0x70, 0x07, 0xE3, 0xA1, 0xA6, 0x1C, 0x9E, 0xEA, 0xAC, 0x2B,
    0xC2, 0xF7, 0x3E, 0xFC, 0x2D, 0xA0, 0x94, 0x70, 0xFA, 0x69, 0x17, 0xF7, 0xAB, 0x91, 0x16, 0xDD,
    0x25, 0xCE, 0xBD, 0x30, 0xCE, 0x1D, 0xCC, 0x9A, 0xBF, 0x86, 0x73, 0xED, 0x69, 0x81, 0x3D, 0xCE,
    0x66, 0xBB, 0x0B, 0xEC, 0x81, 0x81, 0x3D, 0x31, 0xB0, 0x47, 0x06, 0xF6, 0xCC, 0x40, 0x0F, 0x9D,
    0x4A, 0x3D, 0x75, 0x72, 0x68, 0x52, 0xB0, 0xD8, 0x7E, 0x9F, 0x68, 0x73, 0x7B, 0xC9, 0xBA, 0xA0,
    0x67, 0x2A, 0x00, 0xC8, 0xE5, 0x60, 0x24, 0xEE, 0x38, 0xDF, 0x4E, 0x30, 0x31, 0x70, 0xD6, 0xD4,
    0x8E, 0x3C, 0x9B, 0xB0, 0x1C, 0xE5, 0x20, 0x60, 0x26, 0xE7, 0xD8, 0xCD, 0x61, 0xD5, 0xE3, 0x1D,
    0xD9, 0xA1, 0x00, 0xC3, 0x24, 0x7B, 0x83, 0xDF, 0x78, 0x2E, 0x28, 0xB2, 0xC8, 0xC5, 0x14, 0x56,
    0x1A, 0x04, 0x19, 0x86, 0xB0, 0xF3, 0xB2, 0x6C, 0xC2, 0xB0, 0xCB, 0x5E, 0xEB, 0x30, 0xF7, 0xBB,
    0x04, 0x50, 0xDE, 0x25, 0x72, 0xF2, 0x3A, 0xE2, 0xBE, 0x59, 0xD4, 0xEE, 0x21, 0x0C, 0x9B, 0x6A,
    0x03, 0x2B, 0x05, 0x22, 0x16, 0x4C, 0x3E, 0x9A, 0x96, 0xD1, 0x59, 0x53, 0x2E, 0x88, 0x17, 0x33,
    0x21, 0x18, 0x0A, 0x5A, 0x3A, 0xEB, 0x89, 0x01, 0x27, 0x75, 0x91, 0x0B, 0x6F, 0x2F, 0x29, 0x0C,
    0x70, 0x23, 0x9C, 0xF7, 0x8B, 0xA0, 0xE2, 0xCF, 0x60, 0x41, 0x8C, 0x7F, 0xAE, 0x14, 0x15, 0x82,
    0xC7, 0x51, 0x56, 0xCE, 0x3A, 0x32, 0xBB, 0x3A, 0x10, 0x08, 0xA6, 0x10, 0xA5, 0x45, 0xB3, 0xE6,
    0x0C, 0x94, 0x2C, 0x7F, 0x06, 0x7E, 0xDA, 0x85, 0xA2, 0x7B, 0x00, 0xDB, 0x47, 0x41, 0x12, 0x29,
    0x91, 0x77, 0x58, 0x0E, 0x01, 0x35, 0x6A, 0x56, 0x52, 0xA7, 0x9A, 0x56, 0xE5, 0xBB, 0x4C, 0x38,
    0xE9, 0x96, 0x23, 0x6C, 0x04, 0x8E, 0x90, 0xCD, 0x2D, 0xE1, 0xE4, 0xA8, 0x4D, 0xCA, 0x41, 0xD6,
    0xBB, 0xC6, 0x9C, 0x1B, 0x9F, 0x61, 0x1F, 0xE8, 0xE3, 0x64, 0xDF, 0xD7, 0x1E, 0x33, 0xA5, 0x83,
    0x88, 0x28, 0x85, 0xEC, 0x34, 0xC7, 0x69, 0x0E, 0x2A, 0xF4, 0x8C, 0xA7, 0xE7, 0x9C, 0x12, 0xE5,
    0x36, 0x05, 0xD2, 0x05, 0x7F, 0x84, 0x48, 0xBF, 0x12, 0xB2, 0x4A, 0xB9, 0x92, 0x82, 0x6F, 0xE0,
    0xB4, 0xC3, 0x38, 0xC3, 0xB1, 0x5A, 0x31, 0xEE, 0x89, 0xDF, 0xA9, 0x94, 0x47, 0xE4, 0x42, 0x54,
    0x76, 0x6E, 0x78, 0x8A, 0xBE, 0x71, 0xC8, 0x06, 0xB8, 0x01, 0xC3, 0x2E, 0x48, 0x5E, 0xC0, 0xFC,
    0xEF, 0x0E, 0x7A, 0x25, 0x2F, 0xEC, 0x8E, 0xB2, 0x0D, 0x6E, 0xE2, 0xFE, 0x6F, 0xB9, 0xDC, 0x9E,
    0xDE, 0xC4, 0xE9, 0x5A, 0x5E, 0xF3, 0x28, 0x9F, 0xD9, 0x9B, 0x6F, 0x26, 0x9A, 0x8B, 0x26, 0xFA,
    0xC5, 0xB4, 0x8B, 0xEE, 0xBD, 0x36, 0xC4, 0x84, 0xF1, 0xA1, 0x17, 0xB0, 0xD1, 0xFB, 0x4B, 0x0A,
    0x95, 0xC6, 0x54, 0x2E, 0x43, 0xAA, 0x33, 0x43, 0x67, 0x29, 0xD0, 0xCF, 0xDD, 0xC3, 0xB8, 0x8C,
    0x67, 0x9C, 0x21, 0x58, 0xD8, 0xF7, 0xF8, 0x90, 0x75, 0x79, 0x58, 0xDB, 0x4D, 0x18, 0xEF, 0x46,
    0x1F, 0xAF, 0x55, 0x83, 0xC8, 0x1D, 0x41, 0xB1, 0x3A, 0xD6, 0xC7, 0x7D, 0xBE, 0x42, 0xAB, 0x36,
    0x07, 0xAD, 0xFA, 0xB1, 0x45, 0xFA, 0xAB, 0xA9, 0x59, 0xED, 0x23, 0xC1, 0xF6, 0x9B, 0xD6, 0x99,
    0xFF, 0x7B, 0x97, 0xE7, 0x55, 0xD1, 0x1B, 0x9D, 0xFC, 0x6F, 0xF3, 0x15, 0xFC, 0x1B, 0x32, 0x9F,
    0xE6, 0xB1, 0xD3, 0x3C, 0x78, 0xC7, 0xB8, 0x0B, 0x5D, 0xD2, 0x05, 0x19, 0x9B, 0x2A, 0x92, 0x09,
    0x60, 0xA9, 0xD2, 0xBF, 0x2C, 0x05, 0xEC, 0x1C, 0x6B, 0xB8, 0x10, 0x0E, 0x9B, 0x44, 0x75, 0xF6,
    0x46, 0x83, 0xBF, 0x49, 0x74, 0x48, 0x8C, 0x39, 0x24, 0x81, 0x39, 0x00, 0x8B, 0xCB, 0x39, 0x4D,
    0x70, 0x32, 0x37, 0xD3, 0xE3, 0x21, 0xB4, 0xAF, 0x09, 0x74, 0x76, 0x81, 0x7F, 0xB6, 0x03, 0xF8,
    0xDC, 0x2F, 0x1C, 0xFF, 0xF4, 0x32, 0x89, 0xE7, 0x5C, 0x04, 0xBD, 0xB0, 0xBC, 0x23, 0xF7, 0x17,
    0x1C, 0x82, 0x85, 0xE3, 0xD4, 0xF3, 0x28, 0xC1, 0x50, 0xEF, 0x2C, 0xCA, 0x2A, 0xD4, 0x66, 0x24,
    0x5C, 0x0C, 0x39, 0xA4, 0x48, 0x27, 0x4F, 0xA6, 0xAD, 0xF3, 0x1D, 0xD0, 0x0E, 0x96, 0xC0, 0x4F,
    0x26, 0x1A, 0xB2, 0xF1, 0xC8, 0x6C, 0x00, 0xCC, 0x46, 0x76, 0x63, 0xD2, 0x48, 0x68, 0x83, 0xDC,
    0x2D, 0x04, 0x25, 0x94, 0xB2, 0x24, 0x72, 0x6E, 0x36, 0x49, 0x2E, 0x83, 0x23, 0xC5, 0xAF, 0xC3,
    0xB0, 0xA5, 0x9B, 0x54, 0x98, 0xE2, 0x3C, 0x0A, 0x28, 0xB4, 0x2E, 0x94, 0x70, 0x1E, 0x98, 0xE9,
    0x49, 0xB9, 0x73, 0x91, 0xD0, 0x86, 0x1E, 0xAA, 0x81, 0x5A, 0xBB, 0xDD, 0xC6, 0x0A, 0x8C, 0xE3,
    0x3B, 0x70, 0xE3, 0xA5, 0x42, 0x33, 0x58, 0xA0, 0x3D, 0x2D, 0x4A, 0x3C, 0x65, 0xA0, 0x87, 0x4F,
    0xF9, 0x89, 0xAD, 0x65, 0x3C, 0x85, 0x1E, 0x65, 0x40, 0x39, 0x14, 0xFC, 0xBD, 0x81, 0x1D, 0xFE,
    0x48, 0x10, 0xC9, 0xA2, 0xA4, 0x3A, 0x1C, 0x87, 0xB4, 0xDD, 0x7C, 0x32, 0xF5, 0xE1, 0xAF, 0xDE,
    0x1F, 0xC0, 0x1D, 0xB4, 0x31, 0xB7, 0xD4, 0x15, 0x71, 0x3B, 0xDB, 0x97, 0x76, 0x24, 0x6A, 0x6F,
    0x63, 0x1E, 0xF9, 0x18, 0xBD, 0xA1, 0xBC, 0x8A, 0x23, 0x5A, 0x48, 0x5F, 0x9A, 0xE2, 0x87, 0xCB,
    0x9D, 0x7E, 0x74, 0xDF, 0x82, 0x22, 0x3D, 0x76, 0xC9, 0x69, 0x2B, 0x6E, 0xD5, 0x7F, 0xBD, 0x51,
    0xFF, 0x27, 0xD8, 0xE1, 0xD5, 0x47, 0x76, 0xA7, 0x02, 0xEC, 0x9F, 0xF4, 0xF3, 0xFD, 0xBF, 0xD8,
    0x22, 0x1C, 0xEE, 0x6F, 0x11, 0x0E, 0xD7, 0x5B, 0x84, 0x5F, 0x7E, 0xEE, 0xBF, 0x85, 0xDE, 0x7B,
    0xAF, 0x89, 0xC6, 0xD0, 0x12, 0x37, 0xDC, 0x33, 0xF8, 0xA2, 0x34, 0x12, 0x89, 0xD6, 0x60, 0x6E,
    0xEE, 0x7F, 0x3A, 0x21, 0x34, 0x04, 0x2E, 0x9F, 0x5E, 0xE8, 0x70, 0xD7, 0x1A, 0x6A, 0xF9, 0x99,
    0x20, 0x57, 0x82, 0x4B, 0x60, 0x88, 0x93, 0xC5, 0x37, 0x0C, 0x29, 0x5F, 0xF7, 0x86, 0x95, 0xAF,
    0x07, 0xC3, 0xC9, 0x95, 0x9F, 0x67, 0xD7, 0x20, 0xF8, 0x0A, 0x34, 0xF4, 0x60, 0x38, 0x8F, 0x34,
    0xF5, 0x7C, 0xAD, 0x2D, 0xC2, 0xC7, 0x2B, 0xE3, 0x7D, 0x8A, 0x35, 0xDB, 0x55, 0xF9, 0x7C, 0x8C,
    0x50, 0x34, 0x86, 0x15, 0x09, 0xC1, 0x15, 0xD6, 0x89, 0x5F, 0x9E, 0xC8, 0xE8, 0xC0, 0x1A, 0xC0,
    0x7C, 0xB4, 0x49, 0xA7, 0x8F, 0xA4, 0x5C, 0xE1, 0x73, 0xA7, 0x04, 0x47, 0x03, 0xF2, 0x0A, 0xA9,
    0xAD, 0x38, 0xB9, 0x1B, 0xC9, 0x0F, 0x09, 0xC0, 0x01, 0x8E, 0x11, 0x92, 0xA6, 0x71, 0xD4, 0x60,
    0xCF, 0x91, 0xA3, 0x6C, 0x84, 0xE8, 0x21, 0xA6, 0x12, 0x90, 0xFB, 0xB3, 0xD5, 0xE7, 0xE0, 0xB3,
    0xF4, 0xB5, 0x5F, 0x60, 0x87, 0xE2, 0x9F, 0xDC, 0xFD, 0x94, 0x40, 0xD2, 0x0B, 0xE4, 0xFC, 0x31,
    0x98, 0x6A, 0xB3, 0x34, 0xAF, 0x04, 0x23, 0x33, 0x9F, 0x87, 0x72, 0xBF, 0xA4, 0x1B, 0x02, 0x49,
    0x29, 0xE3, 0xA1, 0x59, 0x19, 0xCA, 0xAC, 0x1D, 0x67, 0x30, 0xD2, 0x0D, 0x05, 0xA5, 0x8E, 0x62,
    0x51, 0x15, 0x51, 0x2D, 0xD8, 0x2E, 0x5D, 0xA0, 0xB0, 0xC4, 0x44, 0xFC, 0xE9, 0x6B, 0xB9, 0x8F,
    0x48, 0x58, 0x88, 0xCB, 0x47, 0x0E, 0x32, 0x97, 0xE5, 0x58, 0x5F, 0x72, 0xB2, 0x2E, 0xE0, 0xB0,
    0x05, 0x17, 0x04, 0x19, 0xA7, 0x16, 0xB7, 0xD5, 0xF9, 0x9E, 0xBC, 0xF3, 0x6C, 0x38, 0x54, 0x0F,
    0x21, 0xB7, 0xEA, 0x79, 0xD2, 0x69, 0x6B, 0x05, 0x02, 0x9C, 0xD3, 0xDE, 0xA3, 0x92, 0x6F, 0x0A,
    0x50, 0xB3, 0x28, 0x65, 0x10, 0x7E, 0xE6, 0x50, 0x49, 0x80, 0x0B, 0x66, 0x66, 0x43, 0xDD, 0x18,
    0x2A, 0x49, 0x52, 0x98, 0x2F, 0x42, 0xBF, 0xC3, 0x20, 0x6D, 0x03, 0xB8, 0xE3, 0xD6, 0x81, 0xDB,
    0xCD, 0x0C, 0x69, 0xFB, 0xF8, 0xBE, 0x5D, 0x6B, 0x17, 0x69, 0x71, 0xD7, 0xB4, 0x36, 0xAE, 0x22,
    0x96, 0xE5, 0xAE, 0x96, 0x32, 0x99, 0x1B, 0x54, 0x6E, 0xD1, 0x22, 0xA2, 0x01, 0x30, 0x18, 0xD7,
    0x12, 0x84, 0xD5, 0x9B, 0xA9, 0x26, 0x23, 0x02, 0x2B, 0x07, 0xF4, 0x63, 0xED, 0x4F, 0x81, 0x13,
    0x46, 0x35, 0x4F, 0x79, 0xDC, 0xA6, 0xB4, 0xE6, 0x41, 0x31, 0xEE, 0x3D, 0x9F, 0x3A, 0x1C, 0xC6,
    0xC9, 0xE5, 0xF5, 0xD0, 0x9E, 0xFB, 0xBE, 0x40, 0x72, 0x8D, 0xE9, 0x0B, 0x1A, 0x73, 0x4B, 0x68,
    0xDA, 0x07, 0x7F, 0x45, 0x35, 0xF5, 0x2A, 0x29, 0x97, 0x4C, 0x72, 0x34, 0xA4, 0x06, 0x5C, 0x54,
    0x55, 0xEF, 0x75, 0x86, 0x03, 0xA5, 0x03, 0x04, 0xCC, 0x06, 0x08, 0x98, 0x01, 0xC0, 0xFB, 0xBD,
    0x2B, 0xCF, 0xE9, 0x45, 0x01, 0xE9, 0x22, 0xCF, 0x9E, 0xC4, 0x5A, 0x0D, 0x14, 0xB2, 0x74, 0xF4,
    0x65, 0x99, 0xED, 0x7D, 0xA2, 0x55, 0x42, 0xD3, 0x95, 0x3F, 0x9E, 0xE9, 0xC7, 0x31, 0xEB, 0x3D,
    0x46, 0xE4, 0x40, 0x84, 0x1D, 0x71, 0x7B, 0x49, 0x44, 0x66, 0x53, 0x37, 0xFA, 0xD3, 0x92, 0x62,
    0x88, 0x1C, 0xE6, 0xF2, 0x5F, 0x8D, 0xD5, 0x18, 0x5C, 0x0B, 0x18, 0x00, 0x0F, 0x3E, 0xA7, 0xF4,
    0xFB, 0x35, 0x65, 0xF6, 0x87, 0xD4, 0xFF, 0x44, 0xB0, 0x62, 0x9A, 0x74, 0xB4, 0x10, 0x0C, 0x69,
    0xBD, 0x73, 0x1B, 0x8F, 0xE9, 0x6F, 0xA7, 0x20, 0x26, 0xB0, 0x8F, 0x4D, 0x7B, 0x47, 0x69, 0x0A,
    0x14, 0x58, 0x03, 0xFD, 0x9F, 0x01, 0x46, 0x6C, 0xEF, 0x34, 0x3E, 0x7F, 0x79, 0xE7, 0xD2, 0x7F,
    0x7B, 0xBB, 0x66, 0xCE, 0x70, 0x39, 0x73, 0x57, 0xE2, 0x7E, 0x4A, 0xC1, 0xB0, 0x58, 0x37, 0x65,
    0x92, 0x65, 0x93, 0x64, 0x32, 0x14, 0x71, 0x3A, 0x4B, 0x25, 0x13, 0x29, 0x3A, 0xD3, 0x70, 0x77,
    0x6B, 0x97, 0x06, 0xDC, 0xB8, 0xAB, 0xC1, 0x5F, 0xD9, 0x4B, 0x0A, 0xCF, 0xEE, 0x32, 0x85, 0x69,
    0x21, 0x12, 0x36, 0x3B, 0x0B, 0x7B, 0x0A, 0xE6, 0x85, 0x51, 0x2E, 0xFF, 0x2F, 0x2B, 0xCF, 0xC5,
    0xCA, 0x05, 0x8E, 0x0A, 0xFD, 0x7A, 0x1A, 0xAF, 0x00, 0x5B, 0x57, 0x83, 0x80, 0xD6, 0x42, 0xA4,
    0xCD, 0x5C, 0xDE, 0x38, 0xD4, 0x6C, 0x2C, 0xDB, 0x01, 0x53, 0x87, 0xBA, 0xC4, 0x84, 0x21, 0xBC,
    0xEF, 0xDC, 0xE1, 0x01, 0xED, 0x6F, 0xD3, 0x03, 0xEA, 0xCE, 0xE8, 0x06, 0xB7, 0x47, 0x89, 0x10,
    0x48, 0xC8, 0xC8, 0x92, 0xBF, 0x81, 0x59, 0x7D, 0xAE, 0x71, 0x48, 0x21, 0x46, 0x56, 0x7D, 0x8A,
    0x9F, 0xC2, 0x8A, 0xF0, 0x17, 0xB2, 0x05, 0x4B, 0x84, 0x0C, 0xC1, 0x01, 0xAA, 0xA6, 0xC9, 0x57,
    0x44, 0x4C, 0xB5, 0x65, 0x2D, 0xE6, 0x2E, 0x29, 0x41, 0x86, 0x4B, 0x2F, 0x3C, 0x5B, 0x5C, 0xBC,
    0xB7, 0x6D, 0x2A, 0x5C, 0x08, 0xBD, 0xD4, 0x09, 0x8A, 0xEF, 0xDA, 0x01, 0xFA, 0x55, 0x6B, 0xB1,
    0x62, 0x0B, 0x49, 0xE8, 0x58, 0xA7, 0x8D, 0x92, 0xBB, 0x60, 0x87, 0x93, 0xE6, 0xB0, 0x90, 0x40,
    0x05, 0x72, 0x0F, 0xB3, 0xA0, 0x69, 0x92, 0x0F, 0x76, 0xFC, 0xF6, 0x04, 0x36, 0x76, 0xC2, 0x9F,
    0x98, 0x9A, 0x68, 0xB1, 0x83, 0xC2, 0x65, 0x8F, 0x00, 0x4F, 0x57, 0x6A, 0x97, 0x52, 0x20, 0x94,
    0x72, 0x39, 0xF8, 0x9C, 0xBC, 0xCC, 0x19, 0x86, 0x94, 0x28, 0x51, 0x4B, 0x43, 0x72, 0xF3, 0x49,
    0x2F, 0x13, 0xA7, 0x37, 0xF1, 0xC2, 0x18, 0x7A, 0xF5, 0x76, 0xCD, 0xED, 0x84, 0x21, 0xB5, 0x69,
    0xCF, 0x98, 0x23, 0x54, 0x9F, 0x29, 0x5F, 0xE1, 0x36, 0xF1, 0x9E, 0xFC, 0x42, 0xAE, 0xF8, 0x1D,
    0xCC, 0xE4, 0x42, 0xE3, 0xBA, 0x57, 0xC2, 0xC5, 0xC4, 0x70, 0xD3, 0xE4, 0x93, 0x2E, 0x68, 0xA6,
    0x8E, 0x7C, 0xA2, 0x85, 0x65, 0x2D, 0x1F, 0xC7, 0x72, 0x8D, 0x22, 0x6E, 0xB3, 0xB6, 0xA9, 0xF7,
    0x89, 0x40, 0x42, 0x56, 0x28, 0x3C, 0xB6, 0x62, 0xBC, 0xD6, 0xC5, 0xE4, 0x95, 0x0C, 0x48, 0xBC,
    0xC0, 0xD8, 0xC5, 0x8B, 0x12, 0x4E, 0x92, 0x78, 0xD4, 0x8B, 0x3B, 0x8B, 0x39, 0xC0, 0x1D, 0xC4,
    0xAF, 0xA4, 0x35, 0xC1, 0x04, 0x9A, 0x52, 0xA5, 0x15, 0x22, 0x10, 0x9A, 0x6A, 0x89, 0x8B, 0x48,
    0xF4, 0xC3, 0x6B, 0x90, 0xB1, 0x85, 0xEF, 0xAD, 0x2D, 0xCF, 0x86, 0x00, 0x09, 0x41, 0x3F, 0x0B,
    0x37, 0x14, 0xC1, 0xDE, 0xB0, 0xBC, 0x62, 0xED, 0x40, 0x8D, 0x8D, 0xE5, 0x30, 0x6C, 0x5A, 0x3E,
    0x14, 0xAA, 0x05, 0xF3, 0xA3, 0xE9, 0x26, 0x8F, 0x3B, 0x02, 0xFC, 0xBD, 0xEA, 0xF5, 0x0B, 0x1B,
    0x25, 0x19, 0x65, 0xB1, 0x92, 0x16, 0xD3, 0x97, 0x4B, 0x9B, 0xE3, 0xCE, 0x4B, 0x3D, 0x18, 0x03,
    0x77, 0x3B, 0xE6, 0xD4, 0x90, 0x87, 0x70, 0x83, 0xDB, 0x64, 0x3B, 0x9C, 0xB5, 0x0D, 0x4C, 0x05,
    0x30, 0x54, 0x08, 0x94, 0x1F, 0xFF, 0x13, 0x11, 0x88, 0x89, 0x1A, 0x5E, 0x0C, 0x28, 0xE5, 0xAF,
    0xAE, 0x46, 0xD6, 0x70, 0x74, 0x96, 0x72, 0x71, 0xA2, 0x66, 0x0E, 0x89, 0x1B, 0x85, 0x8B, 0x40,
    0xD1, 0x52, 0x92, 0xFD, 0x18, 0x50, 0x5C, 0x1E, 0xE7, 0x6C, 0xE4, 0x97, 0x13, 0x3C, 0x28, 0xEA,
    0x22, 0xBA, 0x1D, 0x38, 0x8D, 0xF4, 0x0F, 0x0C, 0xA5, 0x1B, 0xE6, 0x60, 0x57, 0x61, 0xD9, 0x1C,
    0x12, 0x70, 0x1B, 0x0E, 0xEB, 0xDA, 0xB2, 0xDD, 0xCE, 0x18, 0x81, 0xCD, 0xCC, 0x37, 0x79, 0x96,
    0xA0, 0x3E, 0x84, 0xEE, 0xEF, 0xE0, 0x23, 0x6A, 0x4A, 0x91, 0x73, 0x7B, 0x29, 0xD4, 0x98, 0x6D,
    0x36, 0xB8, 0xE8, 0x36, 0xD9, 0x8D, 0xEA, 0xCC, 0x99, 0x36, 0x2B, 0x06, 0x04, 0xCC, 0xAD, 0x1E,
    0x04, 0xC0, 0xD8, 0x6B, 0x70, 0x41, 0xD4, 0x58, 0x89, 0xDB, 0xB7, 0x0E, 0xA0, 0x9D, 0x52, 0x8D,
    0xC4, 0xE9, 0x85, 0x21, 0x17, 0x95, 0xC1, 0x2D, 0x5B, 0xCB, 0x2F, 0x1A, 0x2D, 0xE1, 0x89, 0x48,
    0x8D, 0x21, 0x20, 0x54, 0x20, 0xBA, 0xD8, 0x16, 0x1B, 0x06, 0x08, 0x9B, 0x42, 0xA9, 0x01, 0xCA,
    0x07, 0x49, 0x6A, 0xC5, 0xC8, 0x18, 0x4A, 0x66, 0x28, 0x69, 0x9F, 0xFC, 0x98, 0xAB, 0xD6, 0xC6,
    0x61, 0x59, 0xCC, 0xC1, 0x9D, 0x73, 0xF7, 0x8D, 0x72, 0x33, 0xEE, 0x71, 0x7C, 0x29, 0x66, 0x33,
    0xF6, 0x10, 0xF3, 0x6D, 0x0F, 0x71, 0xDE, 0xE8, 0xA4, 0x04, 0x2A, 0xC9, 0x29, 0x72, 0x29, 0x0A,
    0x01, 0xBA, 0xD1, 0x54, 0x24, 0xFC, 0x26, 0x63, 0x31, 0xB5, 0x51, 0x46, 0x8A, 0x99, 0x2A, 0x98,
    0x37, 0x64, 0x1E, 0x4D, 0x99, 0x73, 0x01, 0xE2, 0xE7, 0xB3, 0xEF, 0x74, 0xAE, 0x94, 0x30, 0x2C,
    0xA9, 0xBE, 0x00, 0x53, 0xC7, 0x9F, 0x8D, 0x90, 0xFF, 0x96, 0x69, 0xA0, 0xA8, 0xE2, 0x0C, 0xB4,
    0x0E, 0x87, 0x28, 0xF5, 0x25, 0x0C, 0xF1, 0xEA, 0xA4, 0xAD, 0xCA, 0x27, 0x6D, 0xED, 0x7C, 0xD2,
    0x56, 0xE4, 0x93, 0xB6, 0x54, 0x0C, 0x92, 0x95, 0x8B, 0xA4, 0x2D, 0xF1, 0xB9, 0x1B, 0xAF, 0x4B,
    0xDA, 0x2A, 0x1F, 0x34, 0x69, 0xEB, 0xE0, 0xDF, 0x6F, 0x88, 0x09, 0x42, 0x21, 0x01, 0xC8, 0xAE,
    0x83, 0x33, 0xBA, 0x6C, 0x3C, 0x87, 0x78, 0x8D, 0x47, 0x80, 0x78, 0xE0, 0x01, 0xF1, 0x6C, 0x06,
    0xC4, 0xF5, 0xCC, 0x96, 0xDB, 0x55, 0x30, 0x43, 0x23, 0x50, 0x68, 0x78, 0xDD, 0x5B, 0x1A, 0x87,
    0x12, 0x02, 0x2D, 0xC3, 0x55, 0x6F, 0xEC, 0x9B, 0xA9, 0xCF, 0x11, 0x21, 0x16, 0x25, 0x62, 0xC9,
    0x60, 0x16, 0xB9, 0x06, 0xD3, 0xDF, 0x1A, 0xB7, 0xDA, 0x49, 0xE1, 0x96, 0x70, 0xAF, 0x94, 0xCD,
    0xA1, 0xAD, 0x4F, 0xB7, 0xA7, 0xD9, 0x32, 0xF1, 0x6E, 0x0E, 0xF6, 0x53, 0xEA, 0x42, 0x8E, 0x8C,
    0x45, 0x60, 0x60, 0x2B, 0x77, 0x94, 0xF9, 0x7E, 0x38, 0xF2, 0x0E, 0x60, 0x84, 0x92, 0x78, 0x1F,
    0xD6, 0xD6, 0x2F, 0xCC, 0x39, 0xD8, 0x7C, 0x5E, 0xCB, 0xD7, 0x5F, 0x2D, 0x9D, 0x83, 0xB7, 0xBE,
    0x26, 0x98, 0x2D, 0x96, 0x1D, 0x18, 0xEA, 0xEC, 0x7F, 0x5F, 0x0E, 0x68, 0xD3, 0x1D, 0x97, 0x63,
    0x3C, 0x69, 0xAB, 0x4F, 0xBE, 0x0B, 0x59, 0x76, 0x17, 0xAB, 0xFA, 0x08, 0xFF, 0xEA, 0xF0, 0xFA,
    0xDE, 0xF7, 0x96, 0x6E, 0x13, 0x28, 0xB3, 0x7E, 0x34, 0xCA, 0x18, 0x07, 0x5B, 0xD4, 0x72, 0x72,
    0x60, 0x91, 0x71, 0xB2, 0xAB, 0x0D, 0x2C, 0x72, 0x7F, 0x00, 0xAC, 0x98, 0x65, 0xD3, 0xCD, 0x99,
    0x17, 0xAD, 0xCF, 0xCA, 0x30, 0xEE, 0xC6, 0xE2, 0xCF, 0x53, 0xCF, 0xDB, 0x83, 0x4B, 0x4D, 0xCC,
    0xE5, 0xBE, 0x80, 0x5D, 0xA9, 0x51, 0x2C, 0x39, 0x31, 0x81, 0x1E, 0x28, 0x9C, 0x43, 0x44, 0xA8,
    0x50, 0xC1, 0x76, 0x88, 0x70, 0xE3, 0x7C, 0x72, 0xBD, 0x71, 0x3F, 0xEF, 0x68, 0x27, 0x80, 0xA1,
    0x50, 0x87, 0xB5, 0x7C, 0xA2, 0x24, 0x25, 0x9A, 0xB3, 0x9F, 0x77, 0xDE, 0x5A, 0x00, 0xC3, 0xDB,
    0x89, 0x90, 0xD3, 0x61, 0xA7, 0xA2, 0x2A, 0xFD, 0xC9, 0x28, 0xE6, 0xD3, 0x71, 0x7B, 0x26, 0xDD,
    0x5C, 0x84, 0xB3, 0xDA, 0x2D, 0x9C, 0x68, 0xF7, 0x15, 0x35, 0x0B, 0xE4, 0xC3, 0x7D, 0xC9, 0x79,
    0xC0, 0xE9, 0x32, 0x20, 0x25, 0x53, 0xFE, 0x05, 0x61, 0x82, 0xB0, 0x17, 0x07, 0xD0, 0x72, 0x12,
    0xA4, 0xCE, 0x10, 0x94, 0x7C, 0x04, 0x85, 0x79, 0x06, 0xC3, 0xDF, 0x0B, 0xFB, 0x4F, 0xFA, 0x2E,
    0x17, 0xC6, 0x2A, 0x10, 0x3F, 0xA1, 0x22, 0xF9, 0x5B, 0x31, 0x84, 0x79, 0x18, 0x49, 0x6E, 0x6F,
    0x58, 0x1E, 0xA2, 0xF4, 0xAE, 0x84, 0xA5, 0x54, 0x35, 0xD9, 0x8D, 0xAA, 0x89, 0xE1, 0x21, 0x99,
    0x93, 0xD3, 0xE8, 0x6B, 0x8C, 0x3E, 0x0E, 0x0E, 0x40, 0xCD, 0x3C, 0xD7, 0x34, 0x0F, 0x8E, 0xA4,
    0xAB, 0x0B, 0x1B, 0x2D, 0x97, 0xED, 0x84, 0x97, 0xFD, 0xFB, 0x59, 0x66, 0xD9, 0xAD, 0xBD, 0x3D,
    0x4D, 0x97, 0xA0, 0x1D, 0x40, 0x41, 0x3D, 0x84, 0x34, 0xDD, 0xC8, 0x96, 0x5A, 0x0D, 0xF2, 0x2F,
    0xF6, 0x62, 0x82, 0xAD, 0x84, 0x7A, 0x25, 0x99, 0x5E, 0xE9, 0x31, 0x55, 0x71, 0x18, 0xB7, 0x1A,
    0xF7, 0xA6, 0x21, 0x8B, 0xD9, 0xC3, 0x05, 0x33, 0x28, 0xE1, 0x8D, 0xB9, 0xCE, 0x49, 0xC3, 0x5C,
    0xE7, 0xA2, 0xDC, 0x8C, 0xE9, 0x4B, 0xA3, 0x57, 0x19, 0xF2, 0x47, 0xCC, 0x1B, 0x99, 0xB3, 0xC7,
    0x58, 0x9B, 0x6A, 0xE5, 0xAE, 0x7B, 0x65, 0x4C, 0x20, 0xBF, 0x18, 0xC0, 0x8C, 0x0E, 0x61, 0xEC,
    0xB2, 0xC9, 0x20, 0x56, 0x73, 0x33, 0x98, 0x35, 0xC8, 0x1D, 0x96, 0xE8, 0xE4, 0x89, 0xB0, 0xFC,
    0x25, 0xE8, 0x87, 0x77, 0xDB, 0x91, 0x9A, 0xB8, 0xB7, 0x44, 0x52, 0x4B, 0xC7, 0x33, 0x25, 0xA3,
    0x92, 0x58, 0x73, 0xB5, 0x4C, 0x55, 0x9D, 0x45, 0x06, 0x4D, 0xDC, 0x32, 0xFF, 0x24, 0xF8, 0xDE,
    0x2B, 0x96, 0xD6, 0x36, 0xF3, 0xCF, 0x9F, 0xB8, 0xEB, 0x2D, 0x2B, 0x8F, 0x6D, 0x7E, 0xB8, 0xC4,
    0x00, 0xAA, 0x23, 0x0C, 0xA0, 0xFB, 0x12, 0x18, 0x80, 0xBE, 0x7F, 0x72, 0xED, 0xED, 0x6A, 0x59,
    0xBE, 0x5E, 0x7D, 0xB8, 0x15, 0x07, 0x6E, 0xD1, 0x3E, 0xC3, 0x37, 0xC9, 0x1D, 0x06, 0x50, 0x3B,
    0x0C, 0xA0, 0x65, 0xAE, 0xEE, 0x35, 0x18, 0x00, 0xDE, 0x88, 0x19, 0x94, 0x6B, 0xB9, 0xDA, 0x91,
    0x2E, 0xEB, 0xC6, 0x92, 0x4D, 0x17, 0xEA, 0x38, 0xF8, 0x87, 0xC0, 0x59, 0x2F, 0xC8, 0xC6, 0x81,
    0xD1, 0xB2, 0x61, 0x6E, 0x2A, 0x58, 0xB2, 0xFD, 0x66, 0x2A, 0x2B, 0x58, 0xA4, 0xC6, 0xC1, 0x39,
    0x17, 0x55, 0xEF, 0x68, 0x1C, 0x0E, 0x63, 0x23, 0x43, 0xA9, 0x19, 0x8E, 0x3C, 0xC9, 0x7F, 0x07,
    0x41, 0xB5, 0x55, 0xD9, 0x4E, 0xF6, 0x9D, 0xE9, 0x9D, 0x3D, 0x93, 0x64, 0x04, 0x7F, 0x7E, 0x47,
    0x54, 0x5F, 0xBB, 0xB2, 0x8C, 0x95, 0x2C, 0x55, 0x5C, 0xEB, 0xBF, 0x8E, 0x34, 0x93, 0xFA, 0xDB,
    0x5F, 0x0B, 0x2E, 0x7F, 0xFD, 0x91, 0x23, 0x31, 0x47, 0x49, 0xFC, 0x31, 0xD6, 0x1A, 0x04, 0x5F,
    0x5D, 0xD5, 0xFF, 0xF1, 0x68, 0x89, 0x7F, 0x20, 0xB4, 0xE6, 0x50, 0x75, 0x9D, 0xF4, 0x4F, 0x2F,
    0xF3, 0x9D, 0x4F, 0xAA, 0xAE, 0xBF, 0x7C, 0xBE, 0xB3, 0x12, 0xED, 0x28, 0xA7, 0xFF, 0x0B, 0x8F,
    0xB4, 0xB2, 0x1A, 0x4E, 0x2A, 0xAB, 0x5B, 0x7F, 0x38, 0x25, 0xDD, 0x68, 0x0F, 0x7F, 0xA9, 0x70,
    0x37, 0x2B, 0x10, 0xBE, 0x81, 0x5F, 0x1D, 0x0C, 0x74, 0xBF, 0x04, 0xE1, 0xED, 0x3C, 0x93, 0x07,
    0x5F, 0x0D, 0x7C, 0xF6, 0xEA, 0x8F, 0x38, 0x59, 0x98, 0xD6, 0xD4, 0x1C, 0xD5, 0x8F, 0x55, 0xF4,
    0xF3, 0x5B, 0xCD, 0xC9, 0x6A, 0x83, 0x2C, 0xE5, 0xB5, 0x32, 0x97, 0x73, 0x20, 0x9E, 0xF3, 0x2F,
    0xA8, 0x4D, 0xA3, 0xC9, 0xD0, 0x64, 0x0D, 0x91, 0x85, 0x18, 0xBC, 0xB1, 0xCE, 0xD7, 0x96, 0xDD,
    0x56, 0xF4, 0xA6, 0x4E, 0x35, 0x5A, 0xD9, 0x8E, 0x98, 0x7A, 0x4C, 0x19, 0xBB, 0x18, 0x42, 0xE5,
    0xA5, 0xD1, 0x6A, 0x07, 0x7F, 0xFC, 0x25, 0xDE, 0x97, 0xCB, 0xFD, 0x7E, 0x9A, 0xE4, 0x2A, 0xA1,
    0xC3, 0x6A, 0x3A, 0xA0, 0xBC, 0xD3, 0x5F, 0x05, 0x2E, 0xA9, 0x1A, 0xF8, 0x69, 0xB8, 0x4F, 0x72,
    0x1C, 0x45, 0xB8, 0xC2, 0x51, 0x79, 0x7B, 0x1C, 0xDA, 0xEF, 0x7D, 0x3D, 0x61, 0xDA, 0x5E, 0x1E,
    0x22, 0xDD, 0xE2, 0x2F, 0x83, 0xB9, 0x4C, 0x68, 0x21, 0xD6, 0x64, 0x4B, 0x18, 0x27, 0x6D, 0x9C,
    0xD2, 0x78, 0x6A, 0x95, 0x1F, 0xB3, 0x98, 0x70, 0x97, 0xC6, 0x91, 0x8B, 0x32, 0x79, 0x77, 0x46,
    0x1A, 0xE1, 0x40, 0x77, 0xCF, 0x51, 0x30, 0xDC, 0x0A, 0xEE, 0xF3, 0xE5, 0xC4, 0x66, 0x95, 0x9B,
    0x5C, 0x41, 0x66, 0xD1, 0xF3, 0x89, 0x66, 0xFC, 0xE3, 0xEE, 0x95, 0x98, 0x0F, 0x8A, 0xCA, 0xEE,
    0x99, 0x95, 0x0E, 0x98, 0x62, 0x39, 0xD7, 0x7E, 0x3D, 0xE4, 0x34, 0xAE, 0x58, 0xE9, 0x4B, 0x6E,
    0xA5, 0xCF, 0xF9, 0x95, 0x22, 0xC4, 0xE2, 0xBE, 0xBE, 0xE5, 0xDF, 0xFC, 0x0F, 0xFF, 0xC6, 0x58,
    0xE0, 0x6B, 0x5E, 0x3D, 0x46, 0xDE, 0xF2, 0x8F, 0x54, 0xD7, 0x40, 0x20, 0xE7, 0x0E, 0x7C, 0xF4,
    0xE2, 0x4D, 0x8B, 0xC0, 0x9B, 0x13, 0x30, 0xFA, 0xEA, 0xCE, 0x6F, 0xFA, 0x37, 0xB3, 0x94, 0xBC,
    0xF6, 0xEB, 0x7F, 0x2A, 0xDA, 0x0B, 0x4B, 0x25, 0xB5, 0xEC, 0x70, 0x44, 0xD5, 0xDD, 0x9B, 0xDA,
    0xDC, 0xC5, 0xB0, 0x69, 0xEF, 0x7B, 0x03, 0x8F, 0xF8, 0xF3, 0x81, 0xAB, 0x37, 0x5D, 0x6E, 0xBD,
    0x3A, 0x70, 0x70, 0x52, 0xEA, 0x37, 0xF0, 0xDF, 0x90, 0xF6, 0xB6, 0xF9, 0x7F, 0x81, 0xC3, 0x0D,
    0xFE, 0xD4, 0x29, 0x8D, 0x20, 0xF2, 0x6A, 0x3F, 0x3C, 0x99, 0xA8, 0x7F, 0xE0, 0xC6, 0x5B, 0x0F,
    0x6B, 0x77, 0xFD, 0xA6, 0x1E, 0x70, 0x4B, 0xE7, 0xE3, 0x4C, 0x67, 0x31, 0x13, 0xEF, 0x1F, 0xD2,
    0xA2, 0x1E, 0x7F, 0x65, 0xD6, 0xF8, 0x26, 0x2B, 0xB3, 0xA6, 0xB6, 0xF0, 0x20, 0xA2, 0x33, 0x82,
    0x7C, 0xE6, 0xF9, 0x21, 0x97, 0x7F, 0x76, 0xE2, 0x6E, 0xAD, 0xB1, 0x94, 0x5B, 0x14, 0x30, 0x59,
    0xD4, 0x98, 0xAC, 0x63, 0xE5, 0xD0, 0xE2, 0xEB, 0x11, 0x33, 0x27, 0xBA, 0x2F, 0xCE, 0x9C, 0xB8,
    0x33, 0xCF, 0xA8, 0x77, 0xEC, 0x77, 0x22, 0x42, 0xB7, 0x06, 0x1D, 0xD4, 0x34, 0x78, 0xCA, 0x45,
    0x8E, 0x6C, 0x30, 0x17, 0x82, 0x98, 0x82, 0x76, 0xE6, 0xCC, 0x44, 0x88, 0xB7, 0xE0, 0x1E, 0x58,
    0x4D, 0x6D, 0x27, 0x00, 0x2F, 0x74, 0xC3, 0xA1, 0xBA, 0x16, 0xE2, 0x89, 0x19, 0x5E, 0x3E, 0xCF,
    0xAA, 0x9C, 0xE3, 0x53, 0x7C, 0xCF, 0x97, 0xAA, 0x48, 0xDF, 0xC7, 0x4F, 0xBC, 0x87, 0xCC, 0xFB,
    0x11, 0x16, 0xD6, 0x8E, 0xA0, 0x10, 0xB3, 0xCC, 0x18, 0x22, 0x46, 0x5C, 0xA6, 0x8C, 0xD5, 0x85,
    0x22, 0x69, 0xB6, 0x82, 0x1E, 0xD6, 0x56, 0x19, 0xF3, 0x30, 0x75, 0x39, 0xB7, 0x98, 0x45, 0x7B,
    0x4E, 0xFC, 0x80, 0xF6, 0x43, 0x9D, 0x2A, 0xED, 0x6B, 0x67, 0xD9, 0xBD, 0x42, 0x23, 0x10, 0xFB,
    0x52, 0x2C, 0xAA, 0xFC, 0x82, 0xBA, 0x9C, 0x87, 0xCD, 0xB9, 0x2A, 0x7C, 0xCE, 0xD5, 0x3F, 0x60,
    0x4F, 0x5F, 0xFD, 0x0D, 0x8B, 0x1C, 0x08, 0x3E, 0xB6, 0x55, 0x6D, 0x80, 0x5D, 0x46, 0x3F, 0xC8,
    0xFD, 0x64, 0x48, 0xDB, 0x7D, 0x7D, 0x39, 0xE7, 0x8A, 0x4F, 0xE5, 0x31, 0xAD, 0x9D, 0x52, 0xB2,
    0x01, 0xC8, 0xCA, 0x63, 0xAB, 0x34, 0x56, 0xFE, 0xC0, 0x41, 0xA5, 0xAD, 0x98, 0x1E, 0xC1, 0x32,
    0xA7, 0xE6, 0xA0, 0x0A, 0xCF, 0xDD, 0x1A, 0x86, 0xC5, 0xAB, 0x77, 0xB1, 0xCA, 0xDD, 0xC1, 0x9D,
    0xAB, 0x6A, 0xB7, 0xDE, 0x84, 0xEC, 0xA1, 0xA2, 0x9B, 0xD3, 0x0A, 0xDD, 0xE0, 0x9A, 0x69, 0x54,
    0xC7, 0x31, 0x95, 0x6B, 0xD9, 0xF5, 0x50, 0xBC, 0x74, 0x45, 0x9E, 0xBA, 0xA2, 0x0F, 0xAC, 0x11,
    0x47, 0x45, 0xC8, 0x6A, 0xD6, 0xED, 0x45, 0xF0, 0x75, 0xA2, 0x4E, 0xE0, 0x90, 0x7F, 0x0F, 0xEA,
    0xAE, 0xF7, 0x2F, 0xAB, 0x02, 0x2F, 0x2D, 0xFD, 0xF2, 0x9E, 0xC2, 0xFC, 0x00, 0x63, 0x81, 0xFB,
    0x68, 0x00, 0x7E, 0x99, 0x7D, 0xC0, 0x59, 0x8D, 0x7F, 0xC6, 0x03, 0x71, 0xEF, 0x85, 0x91, 0x7E,
    0x16, 0xB3, 0x9B, 0xF1, 0x00, 0x16, 0x3F, 0x30, 0x09, 0x5E, 0xEE, 0x83, 0x8A, 0xCC, 0xFD, 0x10,
    0xC8, 0xBF, 0x86, 0x5C, 0x28, 0x5C, 0x81, 0x7D, 0x36, 0x8B, 0x19, 0x6F, 0x26, 0xB1, 0xD7, 0x89,
    0x9A, 0x9D, 0x28, 0x5F, 0x62, 0x63, 0xC5, 0xD3, 0x2A, 0xE5, 0xD7, 0x09, 0x5B, 0xF4, 0x56, 0x89,
    0xDF, 0xED, 0x55, 0x09, 0x8A, 0x7C, 0x28, 0x9C, 0x2A, 0x03, 0xB5, 0x0C, 0xBE, 0x3A, 0x7E, 0x1D,
    0xE2, 0x99, 0x85, 0x89, 0x7F, 0x2A, 0x45, 0xBA, 0xF2, 0x7F, 0x2C, 0x15, 0xD2, 0xF9, 0xA5, 0x0A,
    0xE9, 0xE6, 0x52, 0x85, 0xF4, 0xD4, 0xBA, 0x0A, 0xE9, 0xA9, 0x3D, 0xF5, 0xC4, 0x67, 0xE7, 0xF6,
    0x3E, 0x6F, 0x50, 0x59, 0xFF, 0x44, 0xE4, 0x34, 0x7B, 0x05, 0xF9, 0x7C, 0x70, 0x94, 0xD5, 0x35,
    0x3B, 0xDF, 0x3E, 0xEE, 0xED, 0x7C, 0x70, 0x6A, 0x58, 0xE5, 0x85, 0x28, 0xBA, 0x84, 0x7A, 0xF0,
    0x32, 0xF8, 0x47, 0x57, 0xD3, 0xDD, 0xCC, 0xF5, 0xE0, 0xC7, 0x32, 0x23, 0x53, 0xCF, 0x21, 0x4E,
    0x8F, 0x91, 0x26, 0x81, 0x95, 0xAB, 0x71, 0x06, 0x59, 0x93, 0x53, 0x7C, 0xFB, 0x29, 0xD5, 0x83,
    0x0B, 0x6B, 0xF8, 0xD8, 0x0A, 0x21, 0x5B, 0xA4, 0x7F, 0x8F, 0xB3, 0x1D, 0x70, 0x6B, 0x4E, 0xE7,
    0x53, 0xE8, 0x4E, 0x85, 0x2E, 0x8D, 0x59, 0xAC, 0x96, 0x99, 0x1D, 0x7D, 0xE9, 0xCC, 0x6C, 0xD9,
    0x15, 0x54, 0xB9, 0x7C, 0xBD, 0xD4, 0x9A, 0xFD, 0x5C, 0xFD, 0xDE, 0xFA, 0xB5, 0xD4, 0x8B, 0x2A,
    0xEA, 0x6E, 0x51, 0x45, 0x3D, 0x2C, 0xAB, 0xA8, 0x83, 0x45, 0x15, 0xB5, 0x7A, 0xDF, 0x98, 0x15,
    0x76, 0xB9, 0xF6, 0xEF, 0x24, 0x89, 0x54, 0x9A, 0x9E, 0x69, 0x16, 0xA0, 0x01, 0xE6, 0x2C, 0x00,
    0x82, 0xFE, 0x98, 0xD2, 0x1D, 0x95, 0x6B, 0xA1, 0x64, 0x0B, 0xDC, 0x94, 0xCE, 0xC9, 0x2F, 0x79,
    0xF0, 0x18, 0xA8, 0x62, 0xC2, 0x85, 0x72, 0xCC, 0x88, 0x42, 0xD4, 0x5E, 0x23, 0x45, 0x93, 0x22,
    0xA2, 0xB3, 0x61, 0x70, 0x76, 0x9C, 0x52, 0x39, 0x18, 0x83, 0xAC, 0x7B, 0x5F, 0x81, 0x64, 0xE5,
    0x7E, 0x56, 0xEF, 0x33, 0xCC, 0xA9, 0x3D, 0x9D, 0xCA, 0x33, 0x55, 0x4D, 0xF7, 0x89, 0x60, 0x8F,
    0x0F, 0x3B, 0xA2, 0x38, 0x1F, 0xFD, 0x9A, 0xA6, 0xD9, 0x3F, 0x7D, 0xAE, 0xC9, 0x4C, 0xB5, 0xEB,
    0xC4, 0x80, 0x80, 0xD9, 0xCF, 0x19, 0xF0, 0xBC, 0xCB, 0xB8, 0x59, 0xFA, 0x2E, 0x7D, 0x9B, 0xF4,
    0xF5, 0x9A, 0x69, 0x00, 0x7F, 0x5B, 0x56, 0xC1, 0xA1, 0x40, 0xCA, 0x15, 0x9A, 0xB4, 0x1A, 0x75,
    0x86, 0x43, 0xCB, 0xA7, 0xD1, 0x73, 0x23, 0xEA, 0xF4, 0x8C, 0xC2, 0x0C, 0x66, 0xCF, 0x2F, 0xB0,
    0xE8, 0xE8, 0xA7, 0xB0, 0xD6, 0xE2, 0xBB, 0xA8, 0xFC, 0x8C, 0xDF, 0x7D, 0x1B, 0xC4, 0xB8, 0xB7,
    0x77, 0xDB, 0x12, 0xDF, 0xC3, 0x3E, 0x25, 0x6F, 0x30, 0xA0, 0xF3, 0x06, 0xAD, 0x8F, 0xBF, 0xE1,
    0xB6, 0xFE, 0x27, 0xF3, 0x32, 0x07, 0x5F, 0x51, 0x14, 0x78, 0x8F, 0x3A, 0x48, 0x7C, 0x19, 0x4C,
    0x52, 0x5B, 0x1D, 0x12, 0x2B, 0x8B, 0x46, 0xC6, 0xD2, 0xD7, 0x83, 0x2F, 0xB2, 0xF2, 0xA5, 0xD7,
    0x99, 0x54, 0x03, 0xF5, 0x4E, 0x21, 0xE3, 0xBB, 0xB2, 0xAE, 0x5B, 0x3A, 0x09, 0xA3, 0xBE, 0xB3,
    0x97, 0x03, 0xB7, 0x17, 0x7A, 0x39, 0x28, 0xBE, 0x3B, 0x50, 0x2B, 0xB2, 0xE8, 0x51, 0x14, 0x0C,
    0x45, 0x5C, 0x2E, 0xA9, 0x67, 0xF3, 0x33, 0xD9, 0xAF, 0x16, 0xDB, 0x93, 0x09, 0xC3, 0x95, 0x4E,
    0x78, 0xF6, 0xF7, 0x19, 0x8D, 0x7B, 0xBD, 0xB5, 0x0C, 0x25, 0xBA, 0xDA, 0xAA, 0xC8, 0x08, 0xA2,
    0x7B, 0x24, 0x30, 0x1F, 0x17, 0xFF, 0xDF, 0xD1, 0xA1, 0x1F, 0x92, 0x30, 0x89, 0x5A, 0x94, 0x94,
    0x8A, 0xD4, 0xAA, 0x50, 0x45, 0x37, 0xA3, 0x05, 0x39, 0x89, 0xE3, 0xA9, 0xC9, 0x28, 0x66, 0x8D,
    0xE7, 0x05, 0x29, 0x77, 0xD2, 0x4C, 0xAE, 0x1D, 0x94, 0x22, 0xEE, 0x26, 0x40, 0x15, 0x62, 0xB3,
    0xFA, 0x25, 0x5D, 0xEC, 0x44, 0x37, 0x82, 0x63, 0x8D, 0xF9, 0x1D, 0xF7, 0x83, 0x60, 0x85, 0xF9,
    0xD7, 0xCE, 0x78, 0x90, 0x66, 0x53, 0x14, 0x47, 0xCB, 0xB1, 0x3E, 0x23, 0xD6, 0x6E, 0xC4, 0x52,
    0x66, 0xAC, 0x97, 0x80, 0x4E, 0x82, 0x85, 0x99, 0x68, 0x2F, 0x54, 0x7A, 0x32, 0x8C, 0x7C, 0xA0,
    0x1F, 0x50, 0x56, 0xBD, 0x2D, 0xC3, 0xE9, 0x3A, 0xF2, 0xF1, 0x77, 0xC8, 0x86, 0xDA, 0x05, 0x6A,
    0x03, 0xA5, 0xA7, 0x66, 0xDF, 0xE5, 0x3F, 0xC9, 0xA5, 0xE7, 0xC2, 0xE9, 0x2D, 0x07, 0x2C, 0x73,
    0xD5, 0xEE, 0x2E, 0x87, 0x3F, 0xAA, 0x0F, 0x9E, 0xC2, 0x4D, 0xD7, 0xDA, 0xA7, 0x0F, 0x55, 0x6B,
    0x3F, 0xA9, 0x0F, 0xE0, 0xB4, 0x2C, 0x2A, 0xBC, 0x36, 0xCC, 0xE4, 0xB9, 0x40, 0x89, 0xC0, 0xE7,
    0x73, 0xC1, 0xC2, 0x85, 0x92, 0xC6, 0x2C, 0xD1, 0xFA, 0xB4, 0x60, 0xC1, 0x6A, 0x15, 0x56, 0xBE,
    0x56, 0x21, 0x5F, 0xEF, 0xFC, 0x2D, 0xA0, 0x8B, 0x32, 0x4B, 0xE4, 0x0E, 0xE4, 0x08, 0x27, 0x73,
    0x26, 0xF0, 0x32, 0x9F, 0x5A, 0x64, 0x02, 0xBF, 0x6F, 0xEC, 0x3A, 0xDC, 0xB7, 0x7D, 0x58, 0x79,
    0xD2, 0x3E, 0x2C, 0x77, 0xED, 0xC3, 0x82, 0x6B, 0xDA, 0x87, 0x2D, 0xAF, 0xCE, 0xD4, 0x4B, 0xDC,
    0x35, 0x75, 0x46, 0x9B, 0x6B, 0x1F, 0xE6, 0x08, 0x19, 0x38, 0x52, 0x06, 0x8E, 0x98, 0x81, 0x23,
    0x67, 0xE0, 0x08, 0x1A, 0xB8, 0xF6, 0x05, 0xC1, 0xDC, 0xC0, 0x80, 0x4B, 0x9D, 0x06, 0x1B, 0x43,
    0x4B, 0xB3, 0xF3, 0xC9, 0x76, 0x17, 0x96, 0x6C, 0xE7, 0xBB, 0xE0, 0x1C, 0xA1, 0x5D, 0xFA, 0x4E,
    0x42, 0xBA, 0x19, 0xF5, 0x7C, 0xE3, 0x0A, 0xD2, 0xEF, 0xA8, 0xED, 0x80, 0x8D, 0xD6, 0x98, 0x40,
    0x66, 0x95, 0x5D, 0x77, 0xC1, 0x9C, 0x65, 0xE4, 0xAF, 0x85, 0xBB, 0x56, 0x6E, 0xA3, 0xB7, 0xCE,
    0xF2, 0x1B, 0xDD, 0x66, 0x8F, 0x8E, 0x4A, 0x7B, 0x47, 0xA5, 0x21, 0x72, 0xF9, 0xD2, 0xE8, 0xE1,
    0xC7, 0xA2, 0xE8, 0x71, 0x97, 0xF2, 0xBC, 0x01, 0xFF, 0x15, 0xC2, 0xBC, 0x1E, 0x2D, 0x76, 0xB7,
    0x66, 0x71, 0x96, 0x35, 0x2E, 0x58, 0xF7, 0x56, 0x24, 0xAD, 0x9C, 0x6A, 0x15, 0x61, 0xCE, 0x57,
    0x3D, 0x52, 0x89, 0x1C, 0x2A, 0xC7, 0x2D, 0x5C, 0x42, 0x87, 0xE5, 0x1E, 0x3A, 0xC8, 0xD9, 0xD5,
    0xAB, 0xFA, 0x98, 0x8A, 0xB7, 0xE7, 0x57, 0x4F, 0xEF, 0x1D, 0x90, 0x61, 0x98, 0x04, 0x93, 0xFD,
    0xD5, 0x39, 0xC9, 0x8D, 0x33, 0x55, 0xB7, 0x33, 0x55, 0x6B, 0xD5, 0xEF, 0x18, 0x55, 0x31, 0x16,
    0x9C, 0xFF, 0x38, 0x31, 0xDE, 0x38, 0xBD, 0xD6, 0x83, 0xAA, 0x7B, 0xA5, 0x13, 0xF6, 0x4C, 0x7E,
    0x03, 0x3D, 0xF7, 0x99, 0x8D, 0x81, 0x92, 0xEA, 0x17, 0xE3, 0x22, 0xBC, 0xB9, 0xA8, 0xBF, 0x35,
    0x53, 0x42, 0xF8, 0x6B, 0xBC, 0x6C, 0x51, 0x41, 0x74, 0x6D, 0xF7, 0x15, 0xDF, 0xE5, 0xCC, 0xB5,
    0xB9, 0xEA, 0x08, 0x4D, 0x31, 0x87, 0x60, 0x62, 0x79, 0xDE, 0x56, 0x96, 0xF3, 0x80, 0xC4, 0xD4,
    0x9C, 0x01, 0x7A, 0x3E, 0x85, 0x51, 0x9F, 0xE3, 0x91, 0xB9, 0xBA, 0x9B, 0x56, 0x63, 0x47, 0x21,
    0x8A, 0xB1, 0xA4, 0x00, 0x46, 0x8A, 0x41, 0xCD, 0x26, 0x16, 0x2C, 0x90, 0x1B, 0x08, 0x17, 0xAA,
    0xF0, 0x2D, 0x57, 0x89, 0x9E, 0x7A, 0x5F, 0x45, 0xD3, 0x87, 0x6A, 0x0B, 0x69, 0x1E, 0x8F, 0xB4,
    0x24, 0x8B, 0x12, 0xAB, 0xA1, 0x58, 0xF5, 0x5B, 0xC4, 0x58, 0x32, 0xA4, 0x06, 0x64, 0x60, 0x42,
    0xBE, 0xCE, 0xF0, 0xBA, 0x0D, 0xB6, 0x1C, 0xB6, 0x9B, 0x4F, 0x76, 0x05, 0xB2, 0xCF, 0xB3, 0xC6,
    0x0A, 0xCB, 0x57, 0xD3, 0xCF, 0xA6, 0xEB, 0xDB, 0x3B, 0xEC, 0xEE, 0xD7, 0xDE, 0x21, 0x7B, 0xD4,
    0xF6, 0x0E, 0xF8, 0x2F, 0x6D, 0x70, 0xE9, 0x86, 0x15, 0xED, 0x7B, 0xD9, 0x03, 0xA2, 0xE6, 0x0D,
    0x54, 0xF7, 0x18, 0xAE, 0xF5, 0x23, 0x33, 0x34, 0xFF, 0x2D, 0x93, 0xB4, 0xAD, 0xCB, 0xE0, 0x1F,
    0xB0, 0xB1, 0x84, 0x65, 0xF1, 0x71, 0x7E, 0xE3, 0x15, 0x25, 0x4C, 0x47, 0x9D, 0x31, 0x7D, 0x2D,
    0xD2, 0x2F, 0xFE, 0x20, 0xB5, 0x48, 0x20, 0x00, 0xCF, 0x8F, 0xF3, 0x33, 0x1C, 0x46, 0xE8, 0x52,
    0xA7, 0x9D, 0x3F, 0x11, 0x1B, 0x94, 0x98, 0xE4, 0x0E, 0x7B, 0x27, 0x89, 0xB7, 0x92, 0x01, 0xD6,
    0xCF, 0xA0, 0x35, 0xCD, 0x2C, 0xEB, 0x2C, 0xB3, 0xE4, 0xC3, 0x60, 0x4F, 0x5A, 0x6E, 0x25, 0x88,
    0x24, 0x8B, 0xDF, 0x50, 0x43, 0x50, 0xDF, 0xF6, 0x2D, 0x1A, 0xAE, 0x23, 0xEA, 0x89, 0x89, 0x7F,
    0x44, 0xCF, 0xC1, 0xE5, 0xC6, 0x16, 0x8B, 0xF4, 0x78, 0xD6, 0xF8, 0xC5, 0x0A, 0xF2, 0x9E, 0xBB,
    0x20, 0x2F, 0x4C, 0x19, 0x17, 0xE4, 0x5D, 0x7F, 0x7E, 0x45, 0x6E, 0xEC, 0xC9, 0xCB, 0xE7, 0x29,
    0x0B, 0xC4, 0x2C, 0x14, 0x3D, 0x62, 0x17, 0x06, 0x55, 0x1E, 0xAB, 0xB1, 0x90, 0xF2, 0x40, 0x50,
    0x45, 0xCB, 0xF6, 0x03, 0xCA, 0x4E, 0x93, 0xCA, 0x50, 0x16, 0x3C, 0xB9, 0x3C, 0x1D, 0x7C, 0x90,
    0x7A, 0xE6, 0x82, 0xD4, 0xA5, 0x72, 0x75, 0xF7, 0x6B, 0x2F, 0x52, 0x1E, 0x94, 0xCA, 0x51, 0xBE,
    0xAF, 0xD6, 0x54, 0xFA, 0x35, 0xF1, 0x75, 0x47, 0xD1, 0x22, 0x06, 0xBD, 0x37, 0x9F, 0x42, 0x98,
    0x7E, 0xDE, 0x10, 0x58, 0xB4, 0xAC, 0xC1, 0xE9, 0xD0, 0x5E, 0xD4, 0xF2, 0xAC, 0xFB, 0x79, 0x4D,
    0x12, 0x60, 0x0F, 0xD1, 0xB1, 0x63, 0xBC, 0xD4, 0xB1, 0x23, 0x59, 0x76, 0xEC, 0xD0, 0x58, 0x58,
    0xD5, 0xBA, 0x34, 0xCB, 0x60, 0xDA, 0xD6, 0x75, 0xEC, 0x68, 0x0F, 0x1D, 0x3B, 0x36, 0xCB, 0x8E,
    0x1D, 0x7B, 0xD9, 0x74, 0x85, 0xA2, 0x9D, 0x59, 0x77, 0x75, 0x83, 0x40, 0x53, 0x03, 0xA1, 0xB7,
    0x3B, 0x1E, 0xB8, 0x02, 0xCC, 0x72, 0xDC, 0x38, 0xD1, 0x7B, 0xE5, 0x5C, 0x01, 0xD6, 0xCE, 0x15,
    0x60, 0xCA, 0x53, 0x98, 0x98, 0x01, 0x59, 0xCD, 0x71, 0x94, 0x13, 0xC8, 0x2A, 0x36, 0x23, 0x44,
    0x4D, 0x3E, 0x33, 0x5D, 0xCA, 0x6C, 0x56, 0x9E, 0x4E, 0x77, 0x5A, 0x07, 0x11, 0x7F, 0xB1, 0x4E,
    0x22, 0x5E, 0x6F, 0x3A, 0xB5, 0x69, 0x6D, 0x44, 0xE6, 0x8B, 0x1A, 0x89, 0xF8, 0x8B, 0x35, 0x14,
    0x71, 0x1D, 0x45, 0x5C, 0xA3, 0x1F, 0xD7, 0x4D, 0x64, 0xBE, 0xE4, 0xCB, 0x47, 0x9A, 0xAA, 0xF4,
    0x79, 0x6C, 0xAE, 0xB3, 0x48, 0x35, 0x37, 0x18, 0x71, 0xBD, 0x45, 0x5C, 0x73, 0x11, 0xD7, 0x5D,
    0xC4, 0x87, 0xB9, 0xE7, 0x4C, 0x22, 0x82, 0x4F, 0x7B, 0x8D, 0x32, 0x27, 0x02, 0x15, 0xE3, 0x1C,
    0x46, 0xE7, 0x05, 0x5A, 0x7E, 0xBE, 0x1F, 0x17, 0xBD, 0x53, 0x6C, 0x02, 0xDA, 0xB9, 0x20, 0xD5,
    0x28, 0x79, 0xF9, 0xFD, 0x4F, 0xE9, 0xEF, 0x4E, 0xAF, 0x83, 0xF3, 0xA2, 0xBD, 0xAB, 0xE1, 0xCA,
    0x16, 0xA5, 0x5B, 0xCF, 0x5F, 0xAA, 0x39, 0xEC, 0x17, 0x0D, 0x4F, 0xE2, 0x87, 0x69, 0x78, 0x92,
    0xB1, 0xE1, 0x09, 0x83, 0xA0, 0x35, 0xB3, 0x18, 0xCB, 0xD5, 0xF4, 0xD9, 0x83, 0x36, 0x3C, 0x51,
    0xA6, 0xD7, 0x34, 0x8B, 0xF0, 0xF5, 0x15, 0xE0, 0x17, 0x13, 0xE6, 0x1E, 0xB8, 0x3C, 0x2F, 0xBF,
    0x5C, 0x9E, 0x57, 0xEC, 0x02, 0xF1, 0xD4, 0xDA, 0x97, 0x34, 0xB4, 0xC6, 0x54, 0xCA, 0x55, 0x2B,
    0x2F, 0xB7, 0x78, 0x09, 0xE7, 0x15, 0x47, 0x7E, 0xC5, 0xBD, 0x0D, 0x58, 0xF1, 0xCE, 0x0F, 0x35,
    0x7E, 0x34, 0x69, 0x7F, 0x33, 0x95, 0x6E, 0xC5, 0x23, 0xCE, 0xE9, 0x9A, 0xD9, 0x37, 0x9C, 0x2E,
    0x38, 0xD7, 0x0F, 0xAB, 0xFC, 0xEA, 0x16, 0x2F, 0x47, 0x6B, 0xFA, 0x0A, 0xD6, 0xF4, 0xA7, 0x58,
    0xD3, 0x9F, 0x60, 0x4D, 0x7F, 0x91, 0xD4, 0xFB, 0x6F, 0x61, 0x4D, 0xDF, 0xC2, 0x9A, 0x0A, 0x57,
    0x72, 0x08, 0xAB, 0x27, 0xF8, 0x6B, 0xBC, 0xBE, 0x7D, 0x5C, 0x72, 0xF8, 0x25, 0xDA, 0x67, 0x7C,
    0x34, 0x09, 0xB5, 0x83, 0x2B, 0xF2, 0x19, 0xD0, 0x26, 0xB5, 0x6D, 0xF0, 0x1D, 0x53, 0x5C, 0xFB,
    0x14, 0x03, 0x0D, 0xD5, 0x35, 0x85, 0x91, 0x60, 0x21, 0x73, 0xD6, 0x24, 0x65, 0x06, 0x0D, 0x79,
    0x2E, 0xC3, 0xD6, 0x5E, 0x51, 0xE3, 0x60, 0xC1, 0x77, 0x60, 0x3B, 0xBD, 0x87, 0x06, 0xBF, 0xFF,
    0x0C, 0x29, 0x43, 0xF0, 0xBD, 0xB3, 0x62, 0x45, 0x3A, 0x49, 0x54, 0x6A, 0x54, 0x65, 0x74, 0x8F,
    0xB2, 0xC0, 0xC2, 0x27, 0xCA, 0xDE, 0x28, 0x7D, 0x28, 0x00, 0xBF, 0xFF, 0x99, 0xC4, 0x84, 0xF9,
    0xF1, 0xAE, 0xE9, 0xA3, 0x39, 0x5F, 0x86, 0xF3, 0xD6, 0x4F, 0x09, 0x3E, 0xAD, 0x53, 0xD5, 0x91,
    0x94, 0x2C, 0x71, 0x81, 0x6A, 0x3D, 0xE3, 0x94, 0x07, 0xCA, 0xC1, 0x67, 0x27, 0x9A, 0x6F, 0x4A,
    0x05, 0xC1, 0x8E, 0xFC, 0x2E, 0x3F, 0xA4, 0xEF, 0xB9, 0x43, 0x97, 0x1C, 0xEB, 0x48, 0x97, 0x3F,
    0x81, 0x5B, 0x7F, 0x5B, 0xF8, 0x80, 0x6C, 0x97, 0xA9, 0x4C, 0xCD, 0x56, 0xD4, 0xE9, 0xB5, 0x9C,
    0x58, 0x0B, 0x1B, 0x15, 0x6A, 0x78, 0x11, 0x75, 0xDF, 0x84, 0xA8, 0xEA, 0x6E, 0x31, 0x85, 0xF8,
    0x15, 0x3A, 0x7E, 0xAF, 0x80, 0x22, 0xCD, 0x59, 0xF1, 0xF6, 0xC4, 0xDF, 0xF9, 0x18, 0x33, 0x7A,
    0xCB, 0x6F, 0xF3, 0xF9, 0x22, 0xFB, 0x12, 0xF4, 0x4A, 0x1A, 0xE0, 0x52, 0x11, 0xED, 0x9B, 0x95,
    0x25, 0x89, 0x3C, 0xEB, 0x53, 0x04, 0x04, 0xCE, 0x7D, 0xA6, 0x40, 0xA0, 0xB2, 0x1E, 0x02, 0xD7,
    0xF5, 0xC5, 0x49, 0x25, 0xE7, 0x49, 0x85, 0xCA, 0xF7, 0xFE, 0x33, 0xF9, 0x45, 0xA5, 0x84, 0x27,
    0x00, 0x3C, 0xB3, 0xEF, 0x49, 0x83, 0x94, 0x75, 0x8C, 0xE5, 0x7F, 0x66, 0x26, 0xC1, 0xA4, 0x02,
    0x82, 0x68, 0xB2, 0xAE, 0x50, 0x9E, 0x06, 0x47, 0xD2, 0xC8, 0x59, 0xF0, 0x94, 0x18, 0x08, 0x66,
    0x86, 0xBD, 0x35, 0xBB, 0xC6, 0xE2, 0x0D, 0x90, 0x90, 0x6D, 0xA1, 0x76, 0x63, 0x98, 0x60, 0xF5,
    0xE6, 0x02, 0x61, 0xF2, 0x97, 0x8B, 0xA3, 0x8B, 0x8B, 0x3D, 0x5E, 0x4D, 0xA6, 0x5B, 0x57, 0x90,
    0xE9, 0xE9, 0x03, 0x99, 0xB6, 0x07, 0xF3, 0x93, 0x64, 0x4A, 0x49, 0xA6, 0x98, 0x56, 0xFA, 0xDA,
    0x12, 0x92, 0x67, 0x2A, 0x1E, 0xA0, 0xA6, 0xDB, 0x0E, 0x6F, 0x7A, 0xD8, 0xA6, 0xE3, 0xE4, 0xB5,
    0xF2, 0xCF, 0x5C, 0x31, 0x61, 0xED, 0xCA, 0x57, 0xD5, 0x28, 0xD8, 0x42, 0xBE, 0x1E, 0xE4, 0xAC,
    0x9A, 0x65, 0x4C, 0xED, 0x5F, 0x6D, 0x23, 0xCF, 0x20, 0xF8, 0x47, 0x17, 0x39, 0xED, 0x43, 0xBB,
    0x5E, 0x38, 0xF6, 0xC8, 0x5C, 0xBD, 0xEF, 0xA2, 0xCC, 0x69, 0x41, 0x8F, 0x27, 0xA4, 0xF9, 0xC6,
    0x4D, 0xC0, 0xB0, 0xCC, 0x1B, 0xB2, 0x3A, 0x0C, 0x14, 0x47, 0x57, 0x82, 0xEF, 0x94, 0x48, 0x2E,
    0x54, 0x4B, 0xDA, 0x1E, 0xA3, 0xA5, 0xBF, 0x09, 0x15, 0x71, 0x79, 0x26, 0x02, 0x47, 0x5C, 0x55,
    0x8C, 0x8D, 0xAE, 0xC1, 0x53, 0x73, 0x38, 0x63, 0xD9, 0xEC, 0x12, 0x5B, 0x4A, 0xB6, 0x3C, 0x51,
    0x9A, 0xF6, 0x1B, 0x15, 0xBB, 0x6D, 0xAE, 0x29, 0x76, 0x43, 0x1C, 0xE7, 0x7F, 0x57, 0xA8, 0xC7,
    0x88, 0x9C, 0xCC, 0x5C, 0xEF, 0xAC, 0xBE, 0xD4, 0xD7, 0x98, 0x7A, 0x28, 0xDB, 0x07, 0x62, 0x0A,
    0x2B, 0xCB, 0xC8, 0xDA, 0xFB, 0x37, 0xD3, 0x1C, 0x6E, 0xA8, 0x99, 0x66, 0xF3, 0x00, 0xCD, 0x34,
    0x27, 0x19, 0x8F, 0x8B, 0x04, 0x64, 0x4B, 0x3A, 0xDE, 0x2C, 0x7A, 0x60, 0xC5, 0x33, 0xA1, 0x6E,
    0xB4, 0x29, 0x08, 0x53, 0x9B, 0x8A, 0x9D, 0x4F, 0xFF, 0xDA, 0x1C, 0x9B, 0x91, 0x3E, 0xDE, 0x79,
    0xE3, 0x78, 0xDE, 0x76, 0x81, 0xE7, 0xED, 0xAF, 0xC6, 0xF3, 0x82, 0xEB, 0x7A, 0x67, 0xEE, 0x4E,
    0x3B, 0x85, 0x49, 0x3B, 0xE5, 0xC2, 0x44, 0x4D, 0xFE, 0x4E, 0x26, 0x4B, 0x58, 0x1B, 0xC3, 0xEE,
    0x2E, 0xE7, 0x84, 0xA5, 0x08, 0x9F, 0x10, 0x92, 0x22, 0x68, 0xC2, 0xED, 0xD6, 0x4B, 0xB5, 0x82,
    0xA8, 0x57, 0xE1, 0x8B, 0x89, 0xAB, 0xF9, 0x81, 0x65, 0x16, 0x6C, 0xE3, 0x9C, 0x71, 0xAA, 0xF7,
    0x49, 0xF1, 0x92, 0xDF, 0x2F, 0x3D, 0x1E, 0x04, 0xDF, 0x1C, 0x7F, 0xB8, 0xC0, 0x37, 0x17, 0x38,
    0xA6, 0xA9, 0xED, 0x6C, 0x01, 0x31, 0xED, 0x0F, 0xD1, 0x8C, 0x73, 0x17, 0xD2, 0x68, 0x59, 0x8B,
    0x41, 0xDF, 0xD8, 0x3C, 0x11, 0xE7, 0x8E, 0x1C, 0xF0, 0xCD, 0xDE, 0xB6, 0x3C, 0xB1, 0x4E, 0x25,
    0x3C, 0xD0, 0x82, 0xB5, 0xF3, 0x03, 0x44, 0xBA, 0xA1, 0x13, 0x11, 0x4E, 0xC7, 0xD0, 0x66, 0x76,
    0x1A, 0xD7, 0x78, 0x54, 0xBB, 0xB8, 0x7C, 0x30, 0xBB, 0x78, 0x4E, 0xA1, 0x10, 0xEA, 0xA0, 0x43,
    0x74, 0xF2, 0x63, 0x87, 0x86, 0x2A, 0x77, 0x54, 0xCC, 0xD3, 0x9E, 0xDA, 0xC5, 0x5B, 0xD9, 0xC5,
    0x89, 0xEC, 0xE2, 0xF1, 0x7E, 0x76, 0x31, 0x83, 0x7D, 0x7A, 0xE5, 0x86, 0xEC, 0xD2, 0xBB, 0x5A,
    0xBC, 0x1E, 0xB9, 0x19, 0x6E, 0xF7, 0x25, 0x9B, 0xE1, 0xC6, 0x57, 0x35, 0xC3, 0x5D, 0x1D, 0x9A,
    0xE1, 0xFE, 0xBD, 0x59, 0x56, 0x83, 0x2E, 0xC5, 0x6E, 0x99, 0x00, 0x6D, 0x60, 0xB8, 0x37, 0xF1,
    0xBC, 0x36, 0x9B, 0x9D, 0xAD, 0x2B, 0xBB, 0x05, 0x31, 0xC0, 0x5D, 0xAF, 0x96, 0xDD, 0x82, 0x7E,
    0x72, 0xDC, 0x2D, 0xE8, 0xAE, 0x75, 0x0B, 0x1A, 0x06, 0x76, 0x0B, 0xDA, 0x5F, 0xDF, 0x2D, 0x08,
    0xED, 0xAF, 0xFE, 0x83, 0x45, 0x20, 0xAD, 0xC0, 0xD6, 0x27, 0xA1, 0xB6, 0x07, 0x9C, 0xC6, 0xF4,
    0x2C, 0x83, 0x0A, 0x0F, 0x6B, 0xB9, 0x7C, 0x55, 0x09, 0x54, 0xCF, 0x09, 0x17, 0x4B, 0x55, 0x5C,
    0x98, 0xE8, 0xAC, 0x84, 0xD3, 0x22, 0x97, 0x6C, 0xD9, 0xB2, 0x7F, 0xFF, 0xB8, 0x5B, 0xF6, 0x63,
    0xE1, 0x31, 0x5E, 0xA9, 0x92, 0xEB, 0x99, 0x6F, 0x68, 0x45, 0x8A, 0xDE, 0xC6, 0xBA, 0x81, 0xB6,
    0x6D, 0x67, 0x6B, 0x2B, 0xB2, 0x14, 0x8E, 0xFF, 0x22, 0xC7, 0xB3, 0x75, 0x77, 0x9A, 0x5B, 0xFB,
    0xA4, 0xD1, 0xE4, 0xCC, 0x55, 0xC8, 0x84, 0x2C, 0x99, 0xD1, 0x3F, 0x4F, 0xBF, 0x2A, 0x85, 0x50,
    0xF8, 0x09, 0x3E, 0x6F, 0xEE, 0x19, 0xDF, 0x1B, 0x0C, 0xE4, 0x26, 0x7D, 0x4C, 0xB6, 0xA9, 0xB1,
    0x94, 0xD3, 0x7D, 0x42, 0xF0, 0xC2, 0x39, 0x6D, 0x28, 0xD1, 0x69, 0x61, 0x37, 0x81, 0x4F, 0x69,
    0x4D, 0xDC, 0x65, 0x7E, 0xAC, 0x31, 0x60, 0x68, 0xF5, 0x73, 0x92, 0xD3, 0xFD, 0x8C, 0x10, 0x59,
    0x31, 0xA7, 0xA4, 0x89, 0xBB, 0xF6, 0x83, 0x3B, 0x50, 0x83, 0x33, 0x8F, 0xDD, 0x67, 0xDD, 0xD4,
    0xFE, 0x83, 0x6D, 0xFC, 0xE7, 0xDA, 0x0C, 0x4E, 0x24, 0xCB, 0x7C, 0x5A, 0xF5, 0x2A, 0x1C, 0x9E,
    0xE1, 0x78, 0x89, 0xE4, 0xC5, 0x47, 0xE4, 0x64, 0xEE, 0x5A, 0x1C, 0x50, 0x53, 0x0F, 0xDD, 0x7A,
    0x64, 0x71, 0x70, 0xE7, 0x77, 0x70, 0x27, 0x97, 0xEA, 0x84, 0x14, 0x54, 0xF0, 0x20, 0x05, 0xBE,
    0xCD, 0x0F, 0x81, 0x40, 0xE3, 0xBD, 0x68, 0x97, 0x56, 0xDF, 0xE9, 0x37, 0x68, 0x4C, 0xC3, 0x1F,
    0x55, 0x9D, 0x17, 0xE3, 0x8D, 0x4C, 0x22, 0x6C, 0x5E, 0xEE, 0xE4, 0xFE, 0x28, 0x8F, 0xE6, 0x63,
    0x7C, 0x92, 0x8B, 0x35, 0x60, 0xE1, 0x78, 0xA1, 0x7B, 0xAA, 0x57, 0x1F, 0x23, 0xAB, 0x5D, 0x70,
    0xA7, 0x5A, 0xFF, 0x6E, 0x0F, 0xEE, 0x9A, 0x1A, 0xF4, 0xBB, 0x80, 0xEB, 0xC2, 0x7A, 0x05, 0x79,
    0x07, 0xD7, 0x7D, 0x7C, 0xC8, 0x63, 0xFB, 0x2C, 0xB0, 0x04, 0x20, 0x78, 0x8A, 0x57, 0xF2, 0x1A,
    0xB7, 0xB4, 0xB1, 0xEE, 0x2E, 0x37, 0xD8, 0x13, 0xE5, 0x69, 0xFA, 0xA3, 0x04, 0xF7, 0xC3, 0x11,
    0x59, 0xB9, 0x2C, 0xDC, 0xED, 0xD6, 0x0E, 0x55, 0x58, 0x94, 0x03, 0x56, 0x57, 0x45, 0x0D, 0x5C,
    0xBB, 0x54, 0xD7, 0x31, 0x75, 0x14, 0xB4, 0xB9, 0xA7, 0x62, 0xDF, 0xBA, 0x46, 0xDE, 0x74, 0xF9,
    0x0D, 0x57, 0x40, 0x67, 0x9D, 0x3E, 0x64, 0xAA, 0x13, 0x97, 0xA4, 0x24, 0xDB, 0x97, 0x95, 0x34,
    0x85, 0x88, 0x6F, 0xD2, 0xAC, 0x2C, 0x3A, 0xB6, 0x73, 0x30, 0xA8, 0x50, 0x4E, 0xB2, 0x0C, 0xEE,
    0x8F, 0x7A, 0xDD, 0xF5, 0x8E, 0x25, 0xE8, 0x67, 0x0E, 0x6C, 0x4D, 0xD0, 0x3B, 0x31, 0xC2, 0xF3,
    0x56, 0xEA, 0xF4, 0x0D, 0xF9, 0x42, 0x19, 0x51, 0xDA, 0x40, 0x71, 0xB3, 0xCC, 0x42, 0x7E, 0x4C,
    0x2B, 0x7B, 0x1E, 0xD2, 0xBE, 0x02, 0x33, 0xF0, 0xF5, 0xFC, 0xE6, 0xC8, 0x9B, 0xBC, 0x91, 0x55,
    0x33, 0x63, 0xC5, 0x09, 0x8E, 0xB8, 0xAB, 0x4E, 0xDE, 0x84, 0xCD, 0xD9, 0x95, 0x09, 0xB8, 0xFF,
    0x8A, 0xFD, 0xD8, 0x3B, 0x16, 0xFE, 0x58, 0xED, 0x93, 0x66, 0x79, 0xF5, 0xDF, 0xBF, 0xFA, 0xEB,
    0x89, 0x69, 0x22, 0xB9, 0x6E, 0x93, 0x25, 0x0F, 0xAF, 0xBB, 0xF4, 0xB8, 0x38, 0xE4, 0xB1, 0x7C,
    0xDC, 0x46, 0x70, 0x06, 0xB5, 0xE1, 0x79, 0xF8, 0x6C, 0x73, 0x9C, 0xDB, 0x7D, 0x03, 0x6D, 0x2F,
    0xA5, 0x3F, 0x57, 0xAE, 0xDC, 0x56, 0x39, 0xF3, 0x2C, 0x7A, 0xD3, 0x7C, 0xA3, 0x39, 0x89, 0x8B,
    0x11, 0x5A, 0x17, 0x52, 0x24, 0xD0, 0xA8, 0xAE, 0xA4, 0x6F, 0x6B, 0x4B, 0xAA, 0x59, 0x82, 0x5E,
    0x15, 0xC6, 0x33, 0xA9, 0x4A, 0x73, 0x1E, 0xEB, 0xFA, 0xD8, 0xD6, 0xD5, 0xD8, 0xBA, 0x58, 0x28,
    0xB8, 0xB1, 0x50, 0x4F, 0x3B, 0x77, 0x64, 0x5A, 0xB9, 0x86, 0x06, 0xBE, 0x5D, 0x12, 0x6B, 0xD3,
    0x84, 0xD4, 0x55, 0xAE, 0xAF, 0x4C, 0xE4, 0x9A, 0x7C, 0x2D, 0x53, 0x20, 0x93, 0xF2, 0x19, 0x46,
    0x3C, 0x50, 0x6A, 0x5D, 0x4D, 0x3B, 0x35, 0xF5, 0x35, 0xF4, 0xCB, 0x7D, 0x98, 0xDE, 0x93, 0xFC,
    0x31, 0x59, 0x85, 0xDA, 0x20, 0xB7, 0xA7, 0x99, 0xE3, 0x8F, 0xDC, 0x26, 0xC7, 0x7D, 0x18, 0xCA,
    0x18, 0x77, 0xF3, 0x78, 0x27, 0x6C, 0x9E, 0x6C, 0x5A, 0xDC, 0xC6, 0x04, 0x27, 0x4C, 0x95, 0xAF,
    0xDB, 0xC7, 0x93, 0xBD, 0x19, 0x9A, 0x3C, 0x67, 0x56, 0xEA, 0x8B, 0xF7, 0xB3, 0x52, 0x9F, 0xAC,
    0x8F, 0xCF, 0x08, 0x92, 0xD5, 0xA2, 0x0B, 0xDB, 0xAA, 0xBB, 0xA6, 0x0B, 0xDB, 0x97, 0x6E, 0x5B,
    0xFA, 0x84, 0x56, 0x9E, 0x33, 0x63, 0x81, 0x9E, 0xC8, 0xDE, 0x55, 0x9E, 0x67, 0x8B, 0xCA, 0xF3,
    0xC9, 0xAD, 0x69, 0x6F, 0x6B, 0x62, 0xF1, 0x1D, 0x9B, 0xD3, 0x73, 0x4D, 0x3E, 0x63, 0x21, 0x15,
    0xA1, 0xB2, 0xC5, 0x3E, 0xA7, 0xAB, 0x07, 0xD9, 0xE7, 0xC7, 0xB8, 0xEE, 0x2F, 0xDE, 0xE7, 0x47,
    0xA3, 0x89, 0xCC, 0x31, 0x7C, 0x88, 0x45, 0x6E, 0xC3, 0x89, 0x75, 0xF6, 0xB8, 0x5A, 0xB0, 0x43,
    0xBF, 0xF2, 0xF4, 0x6C, 0x08, 0x91, 0x1D, 0xEB, 0xDA, 0x2F, 0x6A, 0xEF, 0xD8, 0x5D, 0xD1, 0xDE,
    0xB1, 0x3C, 0x6D, 0xEF, 0x68, 0xCD, 0x2B, 0xE2, 0x69, 0xF9, 0x59, 0x89, 0x8F, 0xEB, 0x83, 0x49,
    0x56, 0xC2, 0x9C, 0xA6, 0xA3, 0x42, 0xB9, 0xDF, 0x67, 0xC3, 0x32, 0xE0, 0x46, 0x77, 0x48, 0xB7,
    0xD1, 0x0D, 0xFA, 0xE7, 0x63, 0xA7, 0x42, 0xB0, 0x8B, 0x91, 0x49, 0x0A, 0x7D, 0x83, 0x17, 0xDF,
    0xFF, 0xC1, 0xA8, 0x81, 0x76, 0x0D, 0xAD, 0xEB, 0xDC, 0xC0, 0x03, 0xBC, 0x66, 0x71, 0x31, 0x0A,
    0x0A, 0x9F, 0x04, 0x92, 0x20, 0x9D, 0x4C, 0xBD, 0x19, 0x62, 0x4C, 0xEE, 0xF9, 0xE7, 0x4E, 0x5B,
    0x33, 0xFC, 0x41, 0x18, 0xA4, 0xB9, 0xC4, 0x20, 0x8F, 0xED, 0xD3, 0x56, 0x28, 0x12, 0x50, 0xC5,
    0xC2, 0xD7, 0xA9, 0x48, 0xB8, 0x89, 0xCE, 0xC0, 0x5F, 0xB6, 0xC6, 0xAA, 0xB9, 0xAE, 0xC6, 0xEA,
    0x2A, 0xE8, 0xE0, 0xB0, 0xC6, 0xC1, 0x0F, 0xA7, 0x95, 0x4C, 0x87, 0x2C, 0x8B, 0xEE, 0x01, 0x9B,
    0x8E, 0x46, 0xD7, 0x36, 0x1D, 0x85, 0x5A, 0x99, 0x2E, 0x1C, 0x3E, 0xEE, 0x9A, 0x5A, 0x07, 0xAE,
    0xB5, 0xA0, 0xEE, 0xEE, 0x76, 0x96, 0x44, 0xE2, 0xE5, 0x9D, 0x7D, 0x10, 0x9C, 0x6E, 0xF7, 0x6C,
    0x10, 0xFE, 0x31, 0x7C, 0x52, 0x09, 0xCE, 0xD3, 0xF3, 0xDC, 0xA6, 0xCA, 0x0D, 0xFA, 0xE7, 0xF1,
    0x57, 0x72, 0x55, 0xD7, 0x62, 0xF5, 0x3F, 0x40, 0xC3, 0xE2, 0x9D, 0x35, 0x2C, 0xEE, 0xD1, 0xB0,
    0x18, 0x8D, 0x86, 0xD1, 0xF5, 0x2D, 0xB7, 0xAE, 0xC5, 0xAF, 0xC3, 0x6C, 0x4C, 0x5F, 0xF2, 0x5D,
    0x8B, 0x2F, 0xD0, 0xB5, 0x38, 0x64, 0xB2, 0x09, 0x3F, 0x28, 0x59, 0x5D, 0x8B, 0x6D, 0x31, 0x2A,
    0x6C, 0x7B, 0x80, 0xCF, 0xFE, 0x9A, 0x99, 0x5C, 0xE5, 0x6C, 0xAA, 0xC3, 0xF4, 0x4C, 0x1E, 0x5C,
    0x59, 0xDD, 0xB6, 0x1E, 0x8E, 0x93, 0x27, 0x15, 0x6E, 0x9A, 0xE6, 0xF2, 0xF5, 0xB9, 0x86, 0xDD,
    0x05, 0xEB, 0x7C, 0x2A, 0x20, 0x2B, 0xDE, 0xC2, 0xB9, 0xE2, 0xCD, 0x77, 0x55, 0x3E, 0xAA, 0x78,
    0xCB, 0xAF, 0xAF, 0x78, 0x9B, 0xD4, 0x34, 0xCA, 0xBE, 0x7B, 0xE6, 0x12, 0x91, 0x06, 0xAB, 0xDE,
    0x21, 0x3E, 0xF7, 0x48, 0x59, 0x70, 0xF1, 0xCD, 0x65, 0xC1, 0xF5, 0x0A, 0x64, 0xF6, 0x87, 0x56,
    0x2B, 0x4B, 0x58, 0x5F, 0xF9, 0x6F, 0x6B, 0x79, 0x7A, 0xF4, 0x5A, 0x4F, 0xB3, 0xE0, 0x5E, 0xBD,
    0x7F, 0x1F, 0xF4, 0xE0, 0xBA, 0x3E, 0xE8, 0x7B, 0xA2, 0x95, 0x13, 0xD3, 0x88, 0xAA, 0x93, 0xDC,
    0x37, 0x2F, 0xC9, 0x6D, 0x13, 0xFA, 0xB9, 0xE8, 0x21, 0xA7, 0xDD, 0x64, 0x1D, 0x33, 0xF4, 0x81,
    0x71, 0xEC, 0xD9, 0x2C, 0x24, 0x56, 0x4D, 0xE8, 0x0C, 0x7C, 0x19, 0x04, 0x88, 0x8C, 0x22, 0x93,
    0x7D, 0x8C, 0x57, 0x36, 0xF8, 0x6C, 0xF4, 0xB5, 0xCB, 0xAC, 0xA7, 0x6D, 0x04, 0xE8, 0x44, 0x66,
    0x65, 0xAF, 0x4F, 0xF2, 0x96, 0x01, 0x9A, 0xEA, 0x93, 0x63, 0x8A, 0xDC, 0x52, 0xD0, 0xE9, 0xA6,
    0x0D, 0xBE, 0xB5, 0xDD, 0xE0, 0x6A, 0x2F, 0xB2, 0xD2, 0xA5, 0xA5, 0x29, 0x5B, 0x4D, 0x8D, 0x61,
    0xB8, 0x9B, 0x3C, 0xC4, 0xE9, 0xEB, 0x54, 0x00, 0x1F, 0x38, 0xDE, 0x89, 0xDC, 0x07, 0x81, 0x8F,
    0x4E, 0x63, 0x65, 0x12, 0x2B, 0x4C, 0xE4, 0x19, 0x14, 0xFC, 0x0D, 0xF5, 0xC9, 0xBA, 0x6C, 0x19,
    0xB7, 0x76, 0x45, 0x36, 0xFF, 0x1F, 0xD5, 0x9B, 0xBF, 0x8F, 0xDC, 0xC6, 0x15, 0xC7, 0x1F, 0xC9,
    0x8B, 0x19, 0x89, 0x80, 0xE8, 0x28, 0x2A, 0xA4, 0x4B, 0x62, 0x26, 0x80, 0x0B, 0x39, 0xB0, 0xC4,
    0x26, 0x85, 0x8B, 0xBB, 0x23, 0x01, 0x05, 0x70, 0xA1, 0xC2, 0x01, 0xD2, 0xA4, 0x74, 0x91, 0xC2,
    0xA9, 0xD2, 0xB8, 0x70, 0xA1, 0x1C, 0x09, 0x39, 0x89, 0x0B, 0x21, 0xB0, 0xFE, 0x04, 0x15, 0x2E,
    0xDC, 0x25, 0x85, 0x8A, 0x14, 0xD2, 0x2E, 0x13, 0x01, 0x56, 0x91, 0x22, 0x9B, 0xB8, 0x4C, 0x11,
    0x0A, 0x36, 0xE0, 0xD2, 0x8C, 0xC4, 0x20, 0x44, 0xCC, 0x5D, 0xE6, 0x7D, 0xBF, 0x33, 0xFC, 0x71,
    0x77, 0xB2, 0x83, 0x20, 0x77, 0xB7, 0x7B, 0xBB, 0xC7, 0xC7, 0x5D, 0x2E, 0xC9, 0x79, 0xF3, 0xE1,
    0x9B, 0x79, 0x6F, 0xDE, 0xCC, 0x89, 0x48, 0x27, 0xFA, 0x72, 0x28, 0xBD, 0x2E, 0xA5, 0xCC, 0x55,
    0x86, 0x7F, 0x2E, 0x06, 0x99, 0xDC, 0x5C, 0x40, 0xFA, 0xA5, 0xCA, 0x87, 0x5E, 0xA5, 0xB2, 0x85,
    0x74, 0x6B, 0x48, 0xAF, 0x72, 0x1B, 0x91, 0xA0, 0x74, 0x5A, 0x3D, 0xBD, 0x10, 0x95, 0x71, 0x0E,
    0x99, 0x74, 0xDD, 0x4A, 0x64, 0xDE, 0x75, 0x7A, 0x6B, 0x7C, 0x15, 0x9C, 0x96, 0x08, 0x2E, 0x49,
    0xD2, 0xA0, 0xC2, 0x69, 0xA1, 0xDE, 0x36, 0x2A, 0xA2, 0x02, 0x17, 0x26, 0x5A, 0x34, 0xBE, 0x4F,
    0x5F, 0x11, 0xD4, 0x91, 0xA4, 0x18, 0xA5, 0x39, 0x32, 0x6F, 0x24, 0xD4, 0x9B, 0x67, 0x77, 0x97,
    0xCE, 0x92, 0xAA, 0xB4, 0x61, 0xA9, 0x9B, 0x16, 0x1E, 0xE7, 0x4E, 0x8B, 0x92, 0xB4, 0x1C, 0xDD,
    0xFC, 0x3A, 0x91, 0xB0, 0x4A, 0x24, 0xD2, 0x2D, 0xA9, 0xE2, 0x3F, 0x3C, 0xAB, 0xC2, 0xEE, 0x51,
    0xE5, 0xAD, 0xBC, 0x72, 0x2C, 0xC2, 0xDE, 0x1A, 0x5B, 0xC4, 0x23, 0x73, 0xD4, 0x5E, 0x3A, 0x16,
    0x77, 0x83, 0x32, 0xE0, 0x91, 0x6B, 0xFC, 0xF5, 0xF2, 0x44, 0xBD, 0x0D, 0x23, 0x17, 0xE9, 0x96,
    0xE8, 0xAF, 0x2F, 0xA2, 0x18, 0xDD, 0x02, 0xFD, 0x35, 0xD0, 0x8F, 0x5F, 0x3B, 0x3E, 0x62, 0x19,
    0x25, 0xF4, 0x55, 0x25, 0x6E, 0x54, 0x3C, 0xF4, 0x27, 0xD4, 0xD9, 0xF9, 0x17, 0x4F, 0xF0, 0x9E,
    0xD4, 0xD8, 0x85, 0xF9, 0x03, 0x39, 0xFA, 0xEA, 0x64, 0xE4, 0x65, 0x81, 0x59, 0x62, 0x16, 0x56,
    0xBF, 0x33, 0xD0, 0x2C, 0x35, 0x8B, 0xCD, 0x70, 0xB3, 0xE0, 0x2C, 0x39, 0x8B, 0xCE, 0xB2, 0xB3,
    0xF0, 0x2C, 0x3D, 0x8B, 0xCF, 0xF0, 0xB3, 0x00, 0x2D, 0x41, 0x31, 0x08, 0x0D, 0xB3, 0x42, 0x0C,
    0x44, 0x99, 0xD8, 0xDF, 0x79, 0xEA, 0x94, 0xF0, 0x33, 0xEF, 0xFF, 0x57, 0x94, 0x99, 0x54, 0xD0,
    0xB8, 0x45, 0xB9, 0x6E, 0x75, 0x0B, 0x32, 0xBF, 0x72, 0xB8, 0x8A, 0x73, 0xFC, 0x1A, 0xB2, 0x7C,
    0x45, 0xAD, 0x95, 0x5D, 0xE2, 0x06, 0xC0, 0xAD, 0x87, 0x4B, 0x99, 0x3C, 0x67, 0x67, 0xFA, 0x60,
    0x29, 0xFD, 0x1A, 0x32, 0x84, 0x8A, 0x8A, 0x1F, 0x12, 0x0F, 0x13, 0x8F, 0x00, 0xB7, 0x7C, 0x04,
    0x7B, 0x31, 0x8F, 0xC1, 0x68, 0x69, 0xA8, 0x48, 0x13, 0x43, 0xDE, 0x9A, 0x03, 0x9C, 0xCB, 0x87,
    0xE0, 0x53, 0xDB, 0x28, 0x6D, 0x9F, 0xCB, 0x7F, 0x53, 0xCC, 0xD5, 0xBD, 0x67, 0xED, 0xE8, 0x21,
    0x9E, 0x9C, 0xFE, 0xBE, 0x85, 0xDA, 0x2A, 0x5D, 0xB0, 0x3D, 0x40, 0xF6, 0x78, 0x4C, 0xD7, 0x40,
    0x8B, 0x09, 0x6D, 0x8B, 0xD2, 0xC1, 0xF1, 0xE4, 0x3D, 0x20, 0xF8, 0xE2, 0x23, 0xD0, 0x20, 0xB7,
    0x30, 0xC7, 0x23, 0xDC, 0x92, 0xCD, 0x6D, 0xE6, 0xE2, 0xA1, 0x8D, 0x05, 0x60, 0xE7, 0xEC, 0x40,
    0xA9, 0xD7, 0xF4, 0xF8, 0x5F, 0x70, 0xD1, 0xD3, 0xDC, 0xD8, 0x27, 0xCD, 0xF3, 0xB0, 0x75, 0xC2,
    0x34, 0x69, 0x99, 0x30, 0x4C, 0xDA, 0x25, 0xCD, 0x92, 0x56, 0x49, 0xAD, 0x68, 0x93, 0x54, 0x82,
    0x16, 0x49, 0x83, 0xA4, 0x3D, 0xD2, 0x1C, 0x69, 0x8D, 0x34, 0x46, 0xDA, 0xA2, 0xC5, 0xEA, 0x34,
    0x01, 0x79, 0xA0, 0xE7, 0x0C, 0xDE, 0x5F, 0x82, 0x07, 0x1B, 0xA6, 0x7D, 0x25, 0x6C, 0xE3, 0x5F,
    0x80, 0x90, 0xF7, 0xC9, 0x94, 0xEE, 0xA5, 0x8D, 0xA5, 0xBB, 0xEF, 0xE9, 0xD7, 0xEE, 0x71, 0x21,
    0xEE, 0x27, 0xAA, 0x8D, 0x57, 0x3C, 0xEC, 0xF5, 0x24, 0xFA, 0xA4, 0x92, 0xD3, 0x46, 0x6C, 0x21,
    0xD2, 0x1F, 0x79, 0xCF, 0x08, 0xB1, 0x80, 0x01, 0x6C, 0xCB, 0x5B, 0x9B, 0x6B, 0xA2, 0x53, 0x1F,
    0x6E, 0x2C, 0x21, 0x1F, 0x65, 0x34, 0xF0, 0x1C, 0x9A, 0xFC, 0xAE, 0xB2, 0xDC, 0x3E, 0xEE, 0x26,
    0x6F, 0x8A, 0x49, 0x47, 0xFF, 0x1E, 0xA6, 0x32, 0x46, 0x12, 0x84, 0x65, 0x8C, 0x35, 0x80, 0xCA,
    0xE7, 0xA2, 0x9F, 0xE0, 0x74, 0xD9, 0x19, 0xFC, 0x57, 0xD0, 0x81, 0xB3, 0x6B, 0x3C, 0xD4, 0x26,
    0x77, 0x08, 0xDB, 0x79, 0xEF, 0xAE, 0xD0, 0x02, 0x1D, 0x68, 0x0D, 0x02, 0xFE, 0x47, 0x37, 0x53,
    0xF1, 0x8B, 0x10, 0xDF, 0x32, 0x54, 0x04, 0x5D, 0xC6, 0xBC, 0x3C, 0x79, 0x93, 0x8D, 0x69, 0x02,
    0x41, 0x35, 0x12, 0x16, 0xC6, 0x03, 0xE7, 0xAE, 0x5F, 0x3E, 0x9B, 0x88, 0x9D, 0x0F, 0xFA, 0x50,
    0x40, 0xF6, 0x87, 0xD0, 0x00, 0xD6, 0xE4, 0xFF, 0xFA, 0x8D, 0x01, 0xF1, 0xFE, 0x69, 0x22, 0xEE,
    0x8D, 0x98, 0x9F, 0x2F, 0x52, 0x22, 0xDC, 0x93, 0xAD, 0x0B, 0x70, 0x5D, 0xE1, 0xD6, 0xB5, 0x23,
    0x88, 0x8B, 0x0D, 0xB7, 0xE2, 0x90, 0xEE, 0x18, 0xBA, 0x6E, 0xD1, 0x64, 0x18, 0xE6, 0xD1, 0xDD,
    0x81, 0xF3, 0xED, 0x70, 0x3D, 0x9C, 0xBF, 0xDA, 0xC1, 0x9D, 0x93, 0x2B, 0xFF, 0xDD, 0xA0, 0x37,
    0xD0, 0xC1, 0x39, 0x9D, 0x06, 0xED, 0xDE, 0xC7, 0x7A, 0xE1, 0xE8, 0xE0, 0xFC, 0x7C, 0x4D, 0x88,
    0x5F, 0x48, 0xAF, 0x12, 0xDF, 0x0E, 0x7B, 0xE2, 0x96, 0x80, 0x6A, 0x22, 0xDB, 0xF8, 0x8E, 0xF7,
    0xA8, 0x9B, 0x9B, 0x0E, 0x55, 0xA9, 0xE6, 0xE2, 0xBA, 0x6E, 0xEA, 0xDE, 0x2A, 0xB5, 0x0E, 0x54,
    0x2B, 0x5B, 0x9C, 0x88, 0x9B, 0x8B, 0x26, 0x6E, 0x4E, 0x3F, 0xBB, 0x5A, 0x95, 0xC2, 0xA3, 0xA8,
    0xFB, 0xB1, 0xC2, 0x28, 0xFC, 0xAA, 0xEF, 0x9E, 0x03, 0x8E, 0x27, 0x46, 0xD1, 0x69, 0x87, 0x62,
    0x04, 0xAA, 0x10, 0x0D, 0x22, 0x2E, 0xCC, 0xF8, 0xCA, 0xBA, 0x70, 0x86, 0x24, 0x46, 0x70, 0x08,
    0xD8, 0x69, 0xCD, 0x54, 0x54, 0x53, 0x20, 0x74, 0xB6, 0xF1, 0x70, 0x31, 0xBF, 0xFA, 0xFA, 0xD0,
    0x12, 0xBD, 0xFB, 0xCA, 0xAF, 0xBC, 0x5A, 0x9B, 0x56, 0xE9, 0x34, 0x61, 0xE1, 0x55, 0x51, 0x1E,
    0x97, 0xC9, 0x6F, 0xBB, 0x3C, 0xD1, 0xDB, 0x24, 0x1F, 0x98, 0x9B, 0xF6, 0x5B, 0x9C, 0xBB, 0x55,
    0x58, 0x46, 0xA5, 0x56, 0x26, 0x95, 0x79, 0x3D, 0xDE, 0x3F, 0xB6, 0xCA, 0x60, 0x8B, 0x07, 0xEA,
    0x73, 0xE8, 0x70, 0x91, 0x95, 0x64, 0xA9, 0xF8, 0xE1, 0xEB, 0xF6, 0x8A, 0xF5, 0x41, 0xE9, 0x6C,
    0x97, 0x70, 0x33, 0x37, 0x2A, 0xED, 0xEA, 0xF6, 0x03, 0xDD, 0xBE, 0x7B, 0x3C, 0x48, 0xF4, 0x12,
    0xDB, 0x47, 0x85, 0x6F, 0x2C, 0x0F, 0x85, 0xE0, 0xEB, 0xAB, 0xB5, 0x5F, 0xDF, 0x97, 0x48, 0x3F,
    0xEC, 0xC6, 0x47, 0x5C, 0xCF, 0x71, 0x19, 0x82, 0x09, 0x8D, 0xD9, 0x2B, 0xBF, 0xCB, 0x21, 0xFA,
    0xC7, 0x28, 0x6A, 0x65, 0x6A, 0xC7, 0x04, 0x41, 0xF1, 0x8B, 0x83, 0x05, 0x93, 0x86, 0x78, 0x46,
    0xD6, 0xE3, 0x38, 0x7A, 0x2A, 0xC9, 0xC4, 0x86, 0x2F, 0x81, 0x19, 0x3C, 0x4E, 0x25, 0x98, 0xF4,
    0xD2, 0x34, 0xF4, 0x89, 0x34, 0x75, 0x8D, 0x27, 0xD1, 0xAE, 0xD1, 0xD1, 0x4A, 0x19, 0x18, 0x4D,
    0xDA, 0xCB, 0x87, 0x7D, 0x98, 0x84, 0x38, 0x74, 0xC5, 0xD6, 0xFB, 0x43, 0xD5, 0xE2, 0x6F, 0x68,
    0xCA, 0x37, 0xB4, 0x94, 0x57, 0xE4, 0xDE, 0x61, 0x76, 0x84, 0x07, 0x7A, 0x02, 0x7C, 0xE8, 0xD1,
    0xB4, 0x2B, 0x51, 0x80, 0x02, 0x82, 0x02, 0x84, 0x02, 0x86, 0x84, 0x68, 0x4A, 0x1D, 0x05, 0x40,
    0x0A, 0x48, 0x0A, 0x51, 0x92, 0x25, 0xAB, 0x6C, 0xCC, 0xE6, 0x41, 0xA8, 0x6A, 0xEF, 0x26, 0x0B,
    0x0B, 0x92, 0x1C, 0x0F, 0x62, 0x5C, 0x97, 0x45, 0x7D, 0xDF, 0x5E, 0x80, 0xBE, 0xDD, 0xA9, 0xB4,
    0xC3, 0xFE, 0xB1, 0xB6, 0xAB, 0x40, 0x7B, 0xFD, 0x48, 0xE3, 0x84, 0xAB, 0xCE, 0xBD, 0x63, 0xB6,
    0x2E, 0x56, 0x24, 0xE4, 0x78, 0xF5, 0x35, 0x7C, 0xFF, 0x9D, 0x9E, 0xF5, 0x48, 0xB1, 0xCC, 0x9F,
    0x62, 0xF8, 0x47, 0x2A, 0xB7, 0x64, 0xCC, 0x15, 0xAC, 0xB1, 0xCB, 0x8D, 0x71, 0x38, 0xC3, 0xF9,
    0x17, 0x39, 0x4A, 0x54, 0xB1, 0x62, 0x8F, 0xF0, 0x6D, 0xC3, 0x87, 0x80, 0x0E, 0x10, 0x3A, 0x21,
    0x33, 0x82, 0xCB, 0xD5, 0x91, 0x73, 0x77, 0x47, 0xA3, 0x8B, 0xC7, 0x1D, 0x62, 0x8A, 0x21, 0x09,
    0xC5, 0xEA, 0x64, 0x7C, 0x72, 0xB0, 0xB7, 0xE2, 0x01, 0xF2, 0x92, 0xEB, 0x46, 0xE7, 0x55, 0xDF,
    0x91, 0x70, 0xB9, 0x23, 0x61, 0xD4, 0xC8, 0x35, 0xDF, 0x7A, 0xD3, 0x15, 0x14, 0x4A, 0xD9, 0xFE,
    0xD0, 0xFC, 0xA6, 0xAD, 0xEF, 0x58, 0x0C, 0x2B, 0x1A, 0x48, 0xFC, 0x13, 0x24, 0x16, 0x4A, 0xE2,
    0x7C, 0xFA, 0xCA, 0xDA, 0x8D, 0xE8, 0xAB, 0xFC, 0xF6, 0x89, 0x33, 0x79, 0x7E, 0x32, 0xDE, 0x59,
    0x21, 0xCC, 0x73, 0x54, 0x05, 0x75, 0xF0, 0x6F, 0xD3, 0x5D, 0xB2, 0x97, 0xD2, 0xC8, 0x52, 0xF1,
    0x28, 0x12, 0xF3, 0xA7, 0x58, 0x14, 0x8A, 0x22, 0x51, 0x16, 0x1A, 0x96, 0xE1, 0xAF, 0xC0, 0x9F,
    0xC9, 0xED, 0x6A, 0xED, 0xF5, 0x4F, 0xAB, 0xAF, 0xF5, 0x4E, 0x58, 0x7E, 0xC6, 0xBF, 0xA0, 0x8A,
    0x9A, 0xAD, 0x07, 0x72, 0xDF, 0x2B, 0xBD, 0xDC, 0xD5, 0xD3, 0xF1, 0x56, 0xA5, 0xF1, 0x4E, 0x13,
    0x31, 0xEF, 0x4C, 0x87, 0x7B, 0x33, 0xCD, 0x50, 0x32, 0x8B, 0x3B, 0x53, 0x0A, 0xF8, 0xA0, 0x6F,
    0xA7, 0x75, 0x5B, 0xB7, 0xF1, 0x1A, 0xAF, 0xD6, 0x77, 0xE5, 0x55, 0xBE, 0xBE, 0x83, 0x32, 0x28,
    0xC3, 0x32, 0x5C, 0xF0, 0x3E, 0x85, 0xF1, 0x06, 0x7B, 0x92, 0xA5, 0x59, 0xBA, 0x27, 0x52, 0x7B,
    0xAD, 0xD7, 0x3A, 0xB6, 0xA6, 0xB8, 0x42, 0xAF, 0x29, 0x71, 0x45, 0xB0, 0x30, 0x25, 0xF3, 0x1A,
    0x53, 0x76, 0x6A, 0xBC, 0xC4, 0xAE, 0x46, 0x0D, 0x1D, 0x23, 0x85, 0x18, 0xCD, 0xCB, 0xA3, 0xD3,
    0x88, 0x6A, 0x1F, 0x81, 0x6A, 0xAA, 0xF7, 0x45, 0x0C, 0x1B, 0xA3, 0xAD, 0x6A, 0xB5, 0x61, 0x04,
    0x7E, 0x85, 0x67, 0xEF, 0x55, 0x78, 0xDA, 0x5E, 0x8D, 0x87, 0xAC, 0x12, 0xA5, 0x35, 0x19, 0x73,
    0x86, 0x13, 0x59, 0x65, 0x34, 0xA6, 0x8C, 0x86, 0x94, 0x30, 0x17, 0x83, 0xF3, 0xE3, 0x02, 0x4F,
    0x3C, 0xA1, 0x49, 0xAD, 0x10, 0xB9, 0x2B, 0x67, 0x7D, 0xEA, 0x30, 0xD5, 0x8C, 0xB9, 0x74, 0xBF,
    0x2B, 0x0F, 0x3B, 0x72, 0xE3, 0x42, 0xDB, 0x51, 0x9A, 0x23, 0xA3, 0x51, 0x28, 0x23, 0x69, 0xF5,
    0xD9, 0xCC, 0x54, 0xBB, 0x7D, 0xD5, 0x2D, 0xD3, 0x92, 0x32, 0x2D, 0x73, 0x5F, 0xB7, 0x99, 0x6E,
    0x2D, 0xB7, 0xD4, 0xAB, 0xA3, 0x02, 0xFC, 0xB4, 0x46, 0x0C, 0xC5, 0x3F, 0x1D, 0x8B, 0xD8, 0x43,
    0x58, 0x67, 0xB7, 0x3D, 0x5A, 0xC0, 0xCA, 0x0C, 0x00, 0x38, 0x18, 0x60, 0x84, 0x27, 0xD7, 0x29,
    0xEF, 0x53, 0xBE, 0x39, 0x89, 0x11, 0x37, 0x8C, 0x5C, 0x96, 0x9A, 0x44, 0x1E, 0xA6, 0x95, 0xD0,
    0x4B, 0x23, 0x6E, 0x7D, 0x55, 0xB7, 0x4B, 0xC7, 0x46, 0xCC, 0x6D, 0x07, 0xD7, 0xF5, 0x21, 0x6A,
    0xE5, 0x74, 0x40, 0xE3, 0x7F, 0xFE, 0x4B, 0xE8, 0x7A, 0x07, 0x46, 0xB9, 0xC7, 0xAE, 0xE4, 0x92,
    0xFC, 0x68, 0x63, 0x29, 0x89, 0xFC, 0xAC, 0x8F, 0x46, 0xD0, 0x27, 0xCF, 0xB5, 0xFD, 0x3B, 0xDD,
    0xAF, 0xF4, 0xBE, 0x9F, 0x61, 0xF4, 0x75, 0x5B, 0x35, 0xBA, 0xF2, 0xE5, 0x11, 0x11, 0xBB, 0x86,
    0x16, 0xBD, 0xC1, 0x0C, 0x7D, 0xC0, 0x3E, 0x1A, 0x7F, 0x86, 0xB6, 0x9F, 0xA1, 0xE9, 0xEF, 0x43,
    0xCC, 0x20, 0x5A, 0x2B, 0x94, 0xA3, 0x00, 0xA4, 0x80, 0xA4, 0x78, 0x66, 0xEA, 0xE8, 0xD3, 0x21,
    0x62, 0x33, 0x11, 0x9E, 0x57, 0x22, 0xD7, 0xEA, 0xFC, 0x83, 0x26, 0xE7, 0x7F, 0x9E, 0x9F, 0x19,
    0x98, 0xDB, 0x76, 0xA4, 0x4A, 0x35, 0x1B, 0x6D, 0x41, 0xDF, 0x53, 0x97, 0x0E, 0x8E, 0xC0, 0x78,
    0xE5, 0xB9, 0xBD, 0xF8, 0xFF, 0x65, 0x7E, 0x06, 0x1A, 0x27, 0xA3, 0xE4, 0x9B, 0x06, 0x1D, 0x23,
    0xF2, 0x88, 0x0D, 0xF6, 0xF2, 0x38, 0x4A, 0xE7, 0xD0, 0xF5, 0xE5, 0x89, 0x02, 0x1B, 0x67, 0x84,
    0xEC, 0xC1, 0x13, 0x7C, 0xFE, 0x06, 0x13, 0x41, 0x8B, 0xDE, 0x12, 0x7F, 0x73, 0xDA, 0x96, 0xA8,
    0x75, 0x61, 0x3A, 0x6F, 0x89, 0x0C, 0xC9, 0xF5, 0x18, 0xED, 0x62, 0xC7, 0x9F, 0xF4, 0xC4, 0xCB,
    0xB1, 0x3B, 0x9C, 0xD2, 0xBD, 0xBA, 0xB9, 0x74, 0xDD, 0xFA, 0x82, 0x04, 0xAB, 0x5D, 0x8D, 0xBB,
    0x5A, 0xB9, 0x60, 0x27, 0x32, 0xD1, 0xBF, 0x3B, 0x27, 0x6A, 0x9D, 0x6F, 0x8D, 0xD9, 0x23, 0xFF,
    0xEF, 0x68, 0xC3, 0xD1, 0xCD, 0xB1, 0x0D, 0x4F, 0x5F, 0x9B, 0xEC, 0x70, 0x9B, 0xB1, 0x97, 0x37,
    0xD2, 0x1C, 0x39, 0x79, 0x7A, 0x5F, 0x92, 0x75, 0x11, 0x97, 0xE6, 0x67, 0x87, 0xCB, 0x76, 0x14,
    0xDC, 0xAF, 0x13, 0x68, 0xC4, 0x8E, 0x39, 0xCC, 0x90, 0x9A, 0xBB, 0xB8, 0xCB, 0x11, 0xB6, 0x75,
    0x5D, 0xA3, 0x56, 0xAA, 0x78, 0x3B, 0xD5, 0x05, 0x7C, 0x3B, 0x4E, 0x07, 0xEB, 0xB0, 0xC3, 0x10,
    0x16, 0x83, 0x58, 0x0C, 0x63, 0x31, 0x90, 0xD9, 0xBF, 0x30, 0xAF, 0xC8, 0x9D, 0x21, 0x7C, 0x60,
    0x57, 0x89, 0x41, 0x2D, 0x86, 0x35, 0xCF, 0xB4, 0x93, 0xFB, 0xCA, 0xDA, 0xE0, 0xE6, 0xAD, 0x97,
    0x62, 0x81, 0x93, 0xF8, 0x42, 0x7A, 0xE4, 0x03, 0x73, 0xAF, 0xE9, 0xE3, 0xEC, 0x28, 0xEF, 0x23,
    0x8F, 0x9F, 0xCA, 0xF6, 0x50, 0xBB, 0x0C, 0x5C, 0xF7, 0x14, 0xAC, 0xCE, 0x04, 0xAE, 0xFC, 0x7F,
    0x6B, 0x24, 0xA8, 0xAE, 0xBD, 0x6F, 0xEC, 0xD9, 0xFF, 0xD0, 0xD8, 0x93, 0x83, 0x8D, 0xDD, 0x24,
    0x0F, 0x6D, 0xB2, 0xA1, 0x9F, 0xE5, 0x77, 0xEC, 0x38, 0x6A, 0xFF, 0xEC, 0x02, 0x9D, 0xA4, 0x18,
    0xDA, 0x3E, 0xAC, 0x93, 0xF3, 0xA7, 0x00, 0xD4, 0x59, 0x4D, 0x17, 0x9C, 0x38, 0x76, 0x12, 0xD0,
    0x18, 0xAF, 0x8E, 0x2A, 0x08, 0xF4, 0xCD, 0xB3, 0x68, 0xA1, 0xAA, 0x93, 0xB6, 0x79, 0x98, 0xCB,
    0xEB, 0x05, 0x13, 0xF8, 0x0C, 0x84, 0x15, 0xE8, 0x0E, 0xEE, 0xFD, 0xF2, 0x89, 0x01, 0x0D, 0x16,
    0xCC, 0x87, 0xC4, 0x0D, 0xE3, 0xED, 0x9D, 0x8C, 0xE4, 0xDE, 0x0E, 0x8B, 0x33, 0x6B, 0x9A, 0x5E,
    0xF3, 0x0E, 0xC6, 0xD0, 0xDA, 0xDD, 0xBF, 0x14, 0x4D, 0xD2, 0xF3, 0x27, 0x6F, 0x9A, 0xB0, 0xC7,
    0x33, 0xDB, 0x41, 0x3E, 0x67, 0x20, 0xD8, 0x8F, 0x01, 0xED, 0x4E, 0xEA, 0x53, 0x45, 0x29, 0xE3,
    0x50, 0x30, 0x4B, 0x7B, 0x71, 0xDD, 0x2E, 0x35, 0x98, 0x83, 0x13, 0xFC, 0x9E, 0x06, 0xA3, 0x2A,
    0x96, 0x10, 0x6D, 0x4C, 0x81, 0x55, 0x33, 0xEA, 0xCF, 0x74, 0xC6, 0x45, 0x53, 0xAF, 0x14, 0x0D,
    0xD6, 0x8A, 0x51, 0xC0, 0x7F, 0x7B, 0xD5, 0x1C, 0x62, 0x66, 0x85, 0x0F, 0x11, 0x94, 0x33, 0x70,
    0xCB, 0xE0, 0xF1, 0x98, 0x58, 0xD0, 0x5B, 0xAD, 0x24, 0xAC, 0x83, 0x06, 0x4F, 0x4E, 0xCB, 0xFB,
    0xF9, 0xF2, 0x80, 0x56, 0x48, 0xAA, 0x1E, 0xCA, 0xAA, 0xA8, 0x06, 0xAD, 0xBA, 0x16, 0x94, 0xDF,
    0xC6, 0x29, 0x4A, 0x77, 0x1A, 0x33, 0xE7, 0xE3, 0x6A, 0x1C, 0x81, 0x58, 0x02, 0x71, 0x03, 0x8A,
    0x0C, 0x74, 0x0B, 0x75, 0x4B, 0xB4, 0xD0, 0x79, 0x99, 0xBC, 0xFE, 0xD9, 0x22, 0xEE, 0xEE, 0x2C,
    0x82, 0xC6, 0x1F, 0x13, 0xEB, 0x0F, 0x4C, 0x92, 0x86, 0x1B, 0xE7, 0xDA, 0x39, 0x07, 0xCF, 0xA6,
    0xC9, 0xE5, 0x80, 0x2E, 0x9E, 0x19, 0xA6, 0x32, 0xB9, 0x1A, 0x50, 0xD6, 0x09, 0x05, 0xC6, 0x11,
    0xA8, 0x9E, 0x0E, 0x1E, 0xCD, 0x8E, 0xB5, 0x12, 0x68, 0x9B, 0x1F, 0x17, 0x12, 0xB3, 0xFE, 0x80,
    0x09, 0x83, 0x21, 0x4A, 0xB2, 0x0D, 0x4C, 0xEF, 0xEE, 0xDE, 0x35, 0xF5, 0xAF, 0xAC, 0x9F, 0x25,
    0x08, 0x0D, 0x77, 0x80, 0x22, 0x28, 0x08, 0x23, 0xCE, 0x41, 0x42, 0xAD, 0x8B, 0xBB, 0x9A, 0xCF,
    0xCC, 0x4C, 0x16, 0x72, 0x7A, 0x30, 0x67, 0x4B, 0x24, 0x18, 0xB3, 0xB3, 0xAB, 0x0B, 0xED, 0xAE,
    0xA6, 0xA9, 0xA3, 0x95, 0xCE, 0xCD, 0x6E, 0x36, 0xEC, 0x7C, 0xB3, 0x43, 0x58, 0x31, 0x33, 0x83,
    0xCB, 0xCC, 0xC4, 0x4C, 0x26, 0x39, 0x65, 0x80, 0x89, 0x41, 0x26, 0x16, 0xDA, 0x68, 0x4B, 0x66,
    0xCE, 0xD1, 0x8C, 0xB1, 0x1E, 0x8E, 0x0D, 0xCC, 0xB9, 0xAB, 0x7E, 0x74, 0x9C, 0x5E, 0x48, 0x88,
    0x31, 0x46, 0x55, 0xDB, 0x3D, 0xE8, 0xBC, 0x6A, 0x34, 0x43, 0xEC, 0xE8, 0xAD, 0x80, 0x73, 0x9C,
    0xDD, 0x74, 0xB9, 0xDE, 0xD0, 0xAB, 0xFB, 0x99, 0xCE, 0xCC, 0x2A, 0x19, 0x50, 0x86, 0x94, 0x09,
    0x15, 0xC5, 0x2C, 0x30, 0x10, 0xA3, 0x6F, 0xBA, 0xA3, 0xD2, 0x62, 0x0E, 0xEA, 0x29, 0x60, 0x54,
    0x68, 0x54, 0x0F, 0x75, 0x3B, 0xB3, 0xA0, 0x93, 0x49, 0x28, 0x1B, 0xD8, 0x04, 0x00, 0x0F, 0xDD,
    0x5B, 0x0F, 0x68, 0x89, 0x4C, 0xF1, 0x89, 0x21, 0xF9, 0xA2, 0xE5, 0x6E, 0x0E, 0xFA, 0x29, 0x41,
    0xBF, 0x70, 0x16, 0x41, 0xDB, 0x6C, 0x15, 0x03, 0x34, 0xC7, 0x44, 0x64, 0xD7, 0xEC, 0x98, 0x06,
    0xA0, 0x8D, 0x77, 0xCA, 0x4F, 0x11, 0xF4, 0x43, 0x2F, 0x67, 0x16, 0xFE, 0x0E, 0x17, 0x17, 0x3C,
    0xA6, 0xBF, 0x0B, 0x74, 0x25, 0xED, 0x99, 0x35, 0xE5, 0xF0, 0x09, 0xE7, 0x45, 0x79, 0xEC, 0x9D,
    0x2C, 0x9D, 0xBA, 0xA4, 0xF5, 0x98, 0x32, 0xF0, 0x9E, 0xD9, 0x0E, 0x58, 0x8E, 0x4C, 0x94, 0x0C,
    0xE3, 0xB5, 0x7E, 0xD8, 0x96, 0xAE, 0x1D, 0x6F, 0xFF, 0xBA, 0x35, 0x59, 0x74, 0xDF, 0x4D, 0x8E,
    0x30, 0xC4, 0xE5, 0x70, 0xDD, 0x34, 0xBF, 0xE5, 0xA8, 0xE7, 0x64, 0xD9, 0xEE, 0x4C, 0x49, 0xB8,
    0x58, 0x8B, 0xE2, 0x55, 0x8C, 0x35, 0x15, 0x5C, 0x54, 0x30, 0xB2, 0xD4, 0xAB, 0x14, 0xDD, 0x12,
    0x4F, 0x60, 0xC6, 0x15, 0x32, 0x80, 0x99, 0xBC, 0x8F, 0x29, 0x1B, 0x14, 0x13, 0xAE, 0xFA, 0xD5,
    0xC9, 0x87, 0x26, 0xAE, 0xFC, 0x61, 0xE2, 0x2A, 0x18, 0x56, 0xB1, 0x1B, 0x51, 0xF4, 0x62, 0x66,
    0x35, 0x41, 0xB4, 0x84, 0xFA, 0x38, 0x77, 0xA7, 0x49, 0xAE, 0x76, 0x26, 0x08, 0x07, 0x3C, 0x5D,
    0x05, 0xE3, 0x97, 0x71, 0x8A, 0xE9, 0x9A, 0x30, 0xD7, 0xD5, 0x38, 0x7A, 0xED, 0x1E, 0x57, 0x0E,
    0xF9, 0xA5, 0x06, 0x1A, 0x4F, 0x35, 0x76, 0x7E, 0x56, 0x72, 0xC1, 0x1B, 0x57, 0x10, 0x75, 0x36,
    0x2A, 0x6A, 0x4D, 0xAA, 0x04, 0xFA, 0xF8, 0x76, 0xEA, 0x1E, 0x03, 0xFB, 0x64, 0x9D, 0xF5, 0x3D,
    0x98, 0x57, 0xB1, 0x73, 0x74, 0xB9, 0xFD, 0x7A, 0xBC, 0x35, 0xAE, 0x25, 0xFC, 0x63, 0x2B, 0xD1,
    0x6D, 0x44, 0xD2, 0xB5, 0x1D, 0x3C, 0x9A, 0x45, 0x81, 0xFC, 0x1F, 0x97, 0x6F, 0xA5, 0x36, 0x18,
    0xD3, 0x71, 0xE3, 0x9A, 0x8D, 0x00, 0xA6, 0xA9, 0x79, 0x41, 0xD9, 0x82, 0xB9, 0xFE, 0xDE, 0xF8,
    0x5E, 0x74, 0xCB, 0x6E, 0x7A, 0xA2, 0x46, 0xA0, 0x8D, 0x2F, 0x44, 0x60, 0xAA, 0x51, 0x29, 0xD2,
    0x92, 0xF2, 0xD2, 0x81, 0xB4, 0xE0, 0xDA, 0x68, 0xE0, 0x1F, 0x14, 0x74, 0x9A, 0xD4, 0x79, 0x72,
    0xB4, 0x0B, 0x3A, 0x49, 0x1A, 0xFF, 0x01, 0xB5, 0x54, 0xBD, 0x72, 0xD4, 0x30, 0x10, 0xDE, 0xB3,
    0x99, 0x78, 0x06, 0x15, 0x4A, 0x4D, 0x81, 0x9E, 0x80, 0xD3, 0x0B, 0x9C, 0x2D, 0x41, 0x1E, 0x80,
    0xD7, 0xB9, 0xE2, 0x7E, 0x4C, 0x52, 0x50, 0xF0, 0x12, 0x79, 0x08, 0x8A, 0x14, 0x77, 0x44, 0x33,
    0x29, 0x68, 0xC5, 0xF0, 0x02, 0x66, 0x78, 0x80, 0x68, 0x26, 0x2E, 0x5C, 0x98, 0x13, 0xDF, 0xEA,
    0x14, 0x1F, 0x19, 0x18, 0x1A, 0x06, 0x5B, 0xDF, 0x9E, 0xBC, 0xDA, 0x5D, 0x7D, 0xBB, 0x5A, 0x9D,
    0x89, 0xAD, 0xE1, 0x11, 0x1D, 0xD0, 0xDE, 0xE2, 0x37, 0xC6, 0xF4, 0x1D, 0xA3, 0x4F, 0xD2, 0xFD,
    0x3A, 0x1F, 0xA4, 0xFD, 0x7F, 0xC3, 0x1C, 0xB7, 0xF1, 0x94, 0x9F, 0x4C, 0xCA, 0x11, 0x95, 0x4E,
    0xB4, 0x8A, 0x1A, 0xAA, 0x69, 0x9D, 0x24, 0xD1, 0x99, 0x95, 0xAD, 0x74, 0x78, 0xA1, 0xAF, 0xE9,
    0x86, 0xCE, 0xA9, 0x48, 0xDF, 0x02, 0x1A, 0x09, 0x9B, 0x25, 0x34, 0x44, 0x73, 0x32, 0xC9, 0x9E,
    0xDF, 0x39, 0x49, 0x12, 0x36, 0x05, 0x2E, 0x5D, 0x27, 0xAE, 0xBC, 0x92, 0x6D, 0x23, 0xA9, 0xD6,
    0xB4, 0xD6, 0xD4, 0x68, 0xAA, 0x5F, 0xF2, 0xD2, 0xD9, 0x1B, 0x27, 0x3F, 0x78, 0xF9, 0xD9, 0xCB,
    0x3B, 0x2F, 0xDF, 0x3B, 0x25, 0xDA, 0x5A, 0xD1, 0xCD, 0x82, 0xCE, 0xB1, 0xC1, 0x3B, 0x97, 0xF4,
    0x9D, 0xC0, 0xD2, 0x95, 0x93, 0xC2, 0xC1, 0x7D, 0x59, 0xD3, 0xF9, 0x33, 0x76, 0x9C, 0x83, 0xBF,
    0x6A, 0x39, 0xCE, 0x71, 0x28, 0x68, 0x08, 0x36, 0xE2, 0xC2, 0xA5, 0x2D, 0x3B, 0xA2, 0x8A, 0x81,
    0xEC, 0x84, 0x3B, 0x41, 0x3A, 0xBA, 0xBD, 0xBF, 0x0F, 0xA8, 0x6D, 0x0F, 0x7E, 0x94, 0xA0, 0x00,
    0x9D, 0xD1, 0x64, 0xD4, 0x19, 0x0B, 0x60, 0x05, 0xEC, 0x32, 0xC6, 0x8C, 0x81, 0x68, 0x96, 0x51,
    0xF4, 0xD8, 0x0E, 0x28, 0x42, 0x2A, 0x22, 0x8B, 0xCD, 0x24, 0xF6, 0x94, 0x1D, 0x8F, 0x02, 0xAE,
    0xE2, 0x70, 0x88, 0x56, 0x82, 0x00, 0x6A, 0xD3, 0xB3, 0x8E, 0xDD, 0x66, 0x93, 0x28, 0x26, 0xC1,
    0x29, 0x64, 0xE1, 0x53, 0x11, 0xB3, 0xD8, 0xC6, 0x38, 0xF2, 0x59, 0x0D, 0xC7, 0x8C, 0x38, 0x25,
    0x88, 0xF6, 0x51, 0x28, 0x16, 0xDA, 0x4E, 0x82, 0x03, 0xE3, 0x8C, 0x05, 0xEC, 0x75, 0x3C, 0xB0,
    0x23, 0x47, 0xE0, 0xCE, 0x9B, 0xC0, 0x3A, 0x5E, 0x63, 0x1B, 0xB6, 0xD5, 0x38, 0x6C, 0xE1, 0x8D,
    0xD3, 0x5E, 0x86, 0xA3, 0x84, 0xC6, 0x09, 0x4F, 0x5B, 0x97, 0xA9, 0xC5, 0x40, 0x82, 0x49, 0x89,
    0x2F, 0xE3, 0x71, 0x43, 0x69, 0x77, 0xA9, 0x6E, 0xD8, 0x6F, 0x91, 0x0A, 0x84, 0xF3, 0x5F, 0x94,
    0xA9, 0x22, 0x0D, 0x2D, 0x92, 0x2D, 0x26, 0xBB, 0x64, 0x0B, 0x9B, 0x21, 0xD9, 0x92, 0xBA, 0x0A,
    0xC9, 0x96, 0x64, 0xBC, 0x4B, 0xB6, 0x54, 0x1C, 0xC4, 0x63, 0x3F, 0xAA, 0x4B, 0x30, 0x1A, 0xD8,
    0x4F, 0x32, 0x45, 0xAE, 0x9E, 0x11, 0x7E, 0x54, 0x96, 0xCA, 0xB0, 0x2B, 0xBF, 0x05, 0xE4, 0x2D,
    0xFC, 0x50, 0x3C, 0x74, 0xA8, 0x82, 0x6A, 0x43, 0xF1, 0xE0, 0x31, 0x69, 0x28, 0x94, 0xDF, 0x79,
    0x32, 0x62, 0xF2, 0xD5, 0xCB, 0x16, 0x1C, 0xFA, 0xEA, 0xAE, 0x93, 0xCC, 0xF7, 0x87, 0xBA, 0xEC,
    0x37, 0xCC, 0xD7, 0x1C, 0x08, 0x35, 0x04, 0x07, 0xD9, 0x93, 0x41, 0x85, 0xAF, 0x8B, 0xA1, 0x0C,
    0x15, 0x02, 0xA1, 0xA5, 0x2D, 0x9A, 0x09, 0x39, 0x2C, 0xA1, 0x7D, 0x4E, 0xC5, 0xA0, 0x11, 0xC1,
    0xA0, 0x95, 0x36, 0x28, 0xF6, 0x0E, 0xB5, 0x1E, 0x91, 0x6A, 0x4F, 0x1A, 0x65, 0xA8, 0x71, 0x2C,
    0x0B, 0x1C, 0xC8, 0x52, 0x20, 0xA9, 0xEB, 0x17, 0x33, 0x04, 0x31, 0x17, 0x3D, 0xAC, 0x39, 0xD4,
    0x86, 0xA3, 0x8D, 0x7C, 0x43, 0x06, 0x5C, 0x90, 0xD7, 0x41, 0xB1, 0x8B, 0x66, 0x9F, 0x9A, 0x9D,
    0x56, 0xF0, 0xB2, 0x1F, 0xD3, 0xE9, 0xCF, 0x42, 0x09, 0x9A, 0xB8, 0x15, 0xE8, 0x90, 0x15, 0x38,
    0x29, 0x1C, 0x63, 0xE5, 0x4A, 0x9C, 0xDD, 0x2B, 0x14, 0x4A, 0x5A, 0xE1, 0xF0, 0xD5, 0x15, 0xA1,
    0x72, 0x6C, 0xB5, 0x42, 0xCF, 0x5C, 0x13, 0x53, 0x3A, 0xA1, 0x41, 0x97, 0x6C, 0x40, 0x71, 0x8D,
    0x1C, 0xF7, 0x27, 0x9A, 0x8F, 0x68, 0x87, 0x44, 0x59, 0xA2, 0xD1, 0x24, 0x05, 0xFA, 0xD3, 0xD3,
    0xA0, 0xCD, 0xE2, 0xDB, 0x00, 0xF4, 0x69, 0x8E, 0x1B, 0x36, 0x6E, 0xBB, 0x71, 0x3B, 0xEE, 0xE8,
    0xB0, 0x27, 0xB3, 0x26, 0xD3, 0xF0, 0xF8, 0x64, 0x66, 0xA3, 0xA9, 0x7A, 0xAD, 0xBD, 0xDE, 0x92,
    0x42, 0xD8, 0x8E, 0x9B, 0x0F, 0x5D, 0x97, 0xEF, 0xF9, 0x14, 0x8E, 0xE8, 0xD6, 0xF2, 0x30, 0xE9,
    0x4F, 0x25, 0x8E, 0x49, 0xF0, 0x0A, 0x37, 0x7C, 0xC1, 0x2D, 0x5D, 0xA5, 0xA6, 0xB5, 0xA9, 0x4F,
    0xF2, 0x15, 0xFB, 0xD7, 0xC5, 0xF0, 0x64, 0x51, 0x4F, 0x8B, 0xCA, 0x1A, 0x67, 0x9C, 0x7A, 0x42,
    0xF1, 0x77, 0xDD, 0xDF, 0xAC, 0x7E, 0x02, 0x3D, 0x53, 0xB1, 0x8E, 0xD4, 0x30, 0x10, 0x7D, 0xB1,
    0x91, 0x52, 0x58, 0x3A, 0x37, 0x14, 0x47, 0x83, 0x1B, 0x8A, 0x2B, 0xD8, 0x4B, 0x43, 0x41, 0x91,
    0x5D, 0x5B, 0xBA, 0x82, 0xE2, 0x7E, 0x86, 0x82, 0xE2, 0x8A, 0xAC, 0x62, 0x89, 0x1F, 0xE1, 0x0B,
    0x10, 0xC5, 0x16, 0x2B, 0xB4, 0xC7, 0x8E, 0x44, 0x41, 0x41, 0x13, 0x89, 0x0F, 0x20, 0x9F, 0x60,
    0xE9, 0x52, 0xA4, 0xC8, 0xAE, 0x99, 0x49, 0xF6, 0xC8, 0x3C, 0x45, 0x96, 0x3D, 0xF3, 0x3C, 0x33,
    0x6F, 0xAC, 0xCE, 0xB0, 0x39, 0xFA, 0x7B, 0xAA, 0x75, 0xB7, 0xD7, 0xFD, 0xA8, 0xFB, 0x41, 0x77,
    0x83, 0xA6, 0xB1, 0xA4, 0x47, 0x17, 0x3C, 0x9F, 0x0E, 0xB0, 0xC1, 0x42, 0x3E, 0x87, 0x5B, 0xB6,
    0x35, 0x5B, 0x3D, 0x1B, 0x74, 0x07, 0x4B, 0xF0, 0x84, 0x27, 0xD2, 0x7F, 0xC8, 0xDE, 0xD1, 0xAA,
    0x8C, 0x6D, 0x1E, 0x7C, 0x4E, 0x30, 0x80, 0x15, 0xE8, 0x4C, 0x65, 0x8E, 0xF3, 0x12, 0x6E, 0x44,
    0x95, 0x79, 0x15, 0x60, 0x23, 0xFF, 0x3F, 0x55, 0xC8, 0x27, 0x54, 0x3D, 0x1F, 0x04, 0x6C, 0x81,
    0x61, 0xE6, 0x3B, 0xB3, 0x4F, 0xDC, 0x18, 0x3A, 0x68, 0xDA, 0x97, 0xB4, 0x7D, 0xCE, 0xA1, 0xCA,
    0xC9, 0xE7, 0x1E, 0x9A, 0x24, 0xDC, 0x41, 0x6E, 0xDF, 0xA3, 0x48, 0x12, 0x62, 0x48, 0xC8, 0x37,
    0x80, 0x3A, 0xC3, 0xE4, 0xE8, 0xEE, 0xE9, 0x56, 0xD3, 0x4A, 0x93, 0xB3, 0xC2, 0xE6, 0x72, 0xD8,
    0x5A, 0xDA, 0x33, 0xA1, 0x0B, 0x6D, 0x96, 0x1C, 0xD4, 0x52, 0x72, 0xC9, 0x25, 0x13, 0x5F, 0xC4,
    0xD7, 0x19, 0xCE, 0x6A, 0x0D, 0x8C, 0xD0, 0x49, 0x0A, 0xAA, 0xB8, 0xD6, 0x6F, 0x40, 0x12, 0xB4,
    0x99, 0x18, 0x45, 0x8F, 0xA2, 0x83, 0xEA, 0x50, 0x44, 0xE4, 0x73, 0x3E, 0xFB, 0x4C, 0x3E, 0x47,
    0x76, 0xF3, 0x39, 0x30, 0x14, 0x4A, 0x2E, 0xF1, 0xF5, 0xDC, 0x94, 0x07, 0xEC, 0x38, 0x4C, 0x6C,
    0xC7, 0xF6, 0xC0, 0x3B, 0x37, 0x28, 0x38, 0x41, 0xCB, 0x3E, 0x9A, 0x9E, 0xAD, 0x8C, 0x86, 0x9B,
    0xEA, 0x66, 0xFF, 0x8F, 0xCC, 0x73, 0xD5, 0x72, 0xA2, 0xE4, 0x3E, 0x48, 0xEA, 0x8C, 0x75, 0x49,
    0x6B, 0x13, 0x6B, 0x06, 0x57, 0x9B, 0x43, 0x99, 0x3B, 0xFB, 0x39, 0x55, 0x48, 0x6B, 0xA4, 0x7A,
    0x41, 0x91, 0xD6, 0xBA, 0xF7, 0x86, 0x2C, 0x9F, 0x4E, 0x50, 0xC9, 0x26, 0x9F, 0xBE, 0xF7, 0xBA,
    0xD7, 0xDD, 0xE5, 0x02, 0xCA, 0x53, 0x1E, 0x71, 0x8C, 0x9A, 0x63, 0x7F, 0x26, 0xAB, 0x92, 0xA4,
    0x5F, 0x92, 0xF4, 0xAE, 0x81, 0xEA, 0x45, 0x02, 0x3F, 0xD7, 0xB6, 0xF8, 0x98, 0xC5, 0xA7, 0xEC,
    0xD0, 0x06, 0xB4, 0xC4, 0x8B, 0x1B, 0xDD, 0xCD, 0xDD, 0x09, 0x66, 0xC2, 0x1C, 0x48, 0xBC, 0x5F,
    0x3C, 0x45, 0xFD, 0x2B, 0x5A, 0x13, 0x6A, 0x13, 0x8E, 0x39, 0xB5, 0xAC, 0xB4, 0xBD, 0x28, 0x5D,
    0xE4, 0xC4, 0x3C, 0x2C, 0x50, 0x19, 0x61, 0x4E, 0xD2, 0x62, 0x89, 0xD2, 0x82, 0x95, 0xE3, 0x76,
    0xC1, 0x8E, 0x90, 0xD6, 0x1E, 0x44, 0x36, 0x3E, 0xB1, 0x27, 0x4E, 0x00, 0x8F, 0x36, 0x0E, 0x46,
    0x30, 0x55, 0x68, 0x4F, 0x70, 0x03, 0x6F, 0xF6, 0x3E, 0xCF, 0xA9, 0x32, 0xED, 0xAD, 0x64, 0xCB,
    0x93, 0xA1, 0x16, 0xE9, 0xA3, 0x10, 0xB0, 0xF4, 0x4A, 0xF8, 0x43, 0x65, 0x23, 0x37, 0xAA, 0x2E,
    0xE3, 0xC6, 0x0A, 0x1B, 0xCF, 0xD6, 0xC1, 0xC5, 0xC1, 0x86, 0xB1, 0xC2, 0x91, 0xC7, 0x88, 0xE7,
    0xE9, 0x24, 0xF2, 0x6F, 0x4C, 0x6C, 0x34, 0xF1, 0x10, 0xB0, 0x52, 0x36, 0x0B, 0x61, 0xC1, 0x47,
    0x4B, 0x07, 0x30, 0xCB, 0xDC, 0x0B, 0x8E, 0x39, 0x32, 0x14, 0x41, 0xCD, 0x59, 0x2B, 0xE9, 0x8F,
    0x4C, 0x0C, 0x0B, 0xCD, 0x0B, 0x76, 0xE4, 0xF5, 0x31, 0x43, 0x41, 0x94, 0x5B, 0x71, 0x16, 0xFB,
    0x8B, 0xCE, 0xE9, 0xBF, 0xDE, 0xEF, 0xF1, 0x0E, 0x2F, 0x70, 0x35, 0xAB, 0x6D, 0x42, 0x19, 0x17,
    0x13, 0xFF, 0x25, 0x62, 0x87, 0x2F, 0xCC, 0xF3, 0xF6, 0xC7, 0x3C, 0x36, 0xF6, 0xA2, 0x6F, 0x23,
    0xC0, 0x7E, 0x86, 0x19, 0xAA, 0xE9, 0x9A, 0x1F, 0x98, 0x9B, 0xB6, 0xF5, 0xD0, 0x1C, 0xA7, 0x57,
    0x6F, 0xF4, 0xE8, 0xCE, 0x1B, 0xD7, 0xD8, 0x63, 0x7E, 0xC0, 0xF6, 0xDA, 0x4F, 0x36, 0xE9, 0x89,
    0x8B, 0xC2, 0x46, 0xA2, 0xE2, 0x41, 0x10, 0x9A, 0x0A, 0xFE, 0x34, 0x3F, 0xD4, 0xBB, 0xCE, 0xFC,
    0x8E, 0xFA, 0x2F, 0xD4, 0x84, 0x62, 0x02, 0x7B, 0x9A, 0xAF, 0xE0, 0x67, 0x50, 0xDB, 0x68, 0x06,
    0x7F, 0x7A, 0x59, 0x81, 0x79, 0x76, 0x55, 0xB3, 0xF5, 0x93, 0xEB, 0xFF, 0x01, 0x75, 0x57, 0x31,
    0x8F, 0xDD, 0x44, 0x10, 0x1E, 0xDB, 0x02, 0x47, 0x72, 0xB1, 0x14, 0x74, 0x48, 0x71, 0x0A, 0x0A,
    0x8A, 0x1C, 0xDB, 0x52, 0x5C, 0x6E, 0x0D, 0x57, 0x50, 0x86, 0x3F, 0xC0, 0x3F, 0x40, 0x0A, 0x05,
    0x45, 0x8A, 0x90, 0x67, 0x8E, 0x82, 0x82, 0x02, 0x24, 0x7E, 0x02, 0x3D, 0xA2, 0x48, 0x41, 0x71,
    0xF7, 0xBC, 0x90, 0x32, 0x05, 0x8F, 0x50, 0x52, 0xE0, 0x22, 0x12, 0x65, 0x16, 0xC9, 0x20, 0x23,
    0xEC, 0xB7, 0x7C, 0xDF, 0xAC, 0x9F, 0xEF, 0x2E, 0xC0, 0x53, 0xF4, 0xD9, 0xE7, 0xB5, 0x77, 0x66,
    0xE7, 0x9B, 0xF9, 0x66, 0x22, 0x55, 0x6C, 0x45, 0x64, 0x13, 0x07, 0x91, 0x6C, 0x9F, 0x07, 0x91,
    0x22, 0x48, 0x23, 0x62, 0x3C, 0x9E, 0x4A, 0xCD, 0x35, 0x71, 0x92, 0xB0, 0x8A, 0xB1, 0x51, 0xC4,
    0x3D, 0xD7, 0xAF, 0x61, 0x43, 0xAC, 0x3D, 0xD1, 0x0C, 0xFC, 0xAE, 0x88, 0x31, 0x62, 0xBB, 0x4E,
    0x51, 0xAC, 0x5C, 0xDD, 0xE9, 0x45, 0xDC, 0xC4, 0xF1, 0xE0, 0x84, 0x64, 0x9F, 0xF0, 0xE3, 0xC7,
    0x7E, 0x81, 0xF2, 0xB3, 0x96, 0x9B, 0xF4, 0x52, 0xC6, 0x38, 0x89, 0x8D, 0x26, 0x4A, 0xB7, 0xBF,
    0xF9, 0x20, 0x8F, 0xEF, 0xBF, 0x29, 0xC5, 0x74, 0xFB, 0x48, 0x4C, 0x38, 0x3E, 0x16, 0xB3, 0x03,
    0x58, 0xFF, 0xD6, 0x5B, 0xE2, 0xDA, 0x8F, 0xBE, 0x83, 0x37, 0xDF, 0x3E, 0xC2, 0xD6, 0x21, 0xC8,
    0x26, 0x41, 0xDF, 0xCB, 0x26, 0x7B, 0xDA, 0x8B, 0xCB, 0x7F, 0xD8, 0x89, 0xE3, 0xC6, 0xEE, 0x14,
    0x60, 0x1F, 0x7F, 0xDA, 0x8A, 0xF9, 0xE5, 0xDD, 0xB6, 0xAD, 0x62, 0x75, 0xDA, 0x17, 0xF1, 0xEE,
    0xBD, 0x9E, 0x1E, 0x37, 0x30, 0x04, 0x5F, 0x8E, 0x8E, 0xE0, 0x0F, 0x36, 0x5E, 0xE0, 0xD6, 0x2D,
    0xFA, 0x6A, 0xE3, 0x97, 0x22, 0x39, 0x9D, 0x91, 0x7A, 0xCC, 0x23, 0xDC, 0x6E, 0xE4, 0x8E, 0x64,
    0x13, 0xD7, 0x0A, 0x1E, 0x40, 0xAA, 0x9E, 0xB8, 0x44, 0x50, 0xD1, 0xB5, 0xD5, 0x59, 0x60, 0xA4,
    0x9E, 0x28, 0xFE, 0xAA, 0xF8, 0x1D, 0x3E, 0x85, 0xF7, 0x8A, 0x3B, 0x46, 0xA2, 0xD6, 0x38, 0x5A,
    0x9C, 0xD7, 0x79, 0x0B, 0x0E, 0xEC, 0x8E, 0xD1, 0x31, 0xC1, 0xE5, 0x38, 0xFD, 0xEC, 0xEA, 0x40,
    0xB3, 0xD1, 0x33, 0x50, 0x7B, 0x9A, 0x89, 0xB4, 0x63, 0xE8, 0x49, 0xAD, 0xB1, 0xA1, 0x29, 0x7E,
    0x0D, 0x73, 0x84, 0x66, 0x85, 0x35, 0xD0, 0x1B, 0x42, 0xA7, 0x00, 0x16, 0x25, 0x12, 0xB8, 0x95,
    0xCC, 0x84, 0xE9, 0x00, 0x1B, 0x3E, 0x57, 0xC8, 0xF9, 0x67, 0x4E, 0x72, 0x8A, 0xF1, 0x70, 0xBE,
    0x22, 0x28, 0x67, 0x9A, 0x38, 0x1D, 0xC2, 0x94, 0xCF, 0x78, 0xAB, 0x0A, 0xB2, 0xE5, 0x91, 0xDF,
    0x58, 0x3C, 0xB8, 0x6E, 0xD7, 0x25, 0x47, 0xF7, 0x09, 0xF0, 0x26, 0x7E, 0x17, 0x1A, 0x4B, 0xE5,
    0x94, 0xB1, 0x9C, 0xAE, 0x79, 0x90, 0x4C, 0x86, 0x43, 0x30, 0x1D, 0x73, 0xC9, 0xA5, 0x84, 0xC2,
    0x23, 0xB5, 0x7F, 0xA4, 0x78, 0x5F, 0xCC, 0xDB, 0x51, 0x62, 0x6F, 0x3E, 0x8F, 0x8F, 0xE3, 0x58,
    0x7F, 0x63, 0x9E, 0x3C, 0x9D, 0xEC, 0x50, 0x3E, 0x97, 0xC9, 0xF6, 0xE5, 0x04, 0xF4, 0xE5, 0x20,
    0x93, 0x6B, 0xCB, 0x00, 0xE4, 0x66, 0x40, 0x44, 0x1B, 0x68, 0x77, 0xD9, 0xB4, 0x41, 0xA4, 0xB3,
    0xF1, 0xA1, 0x44, 0x9F, 0x8F, 0xDB, 0xFC, 0x57, 0x9F, 0x0F, 0x17, 0xC5, 0x17, 0xBE, 0x18, 0x26,
    0x53, 0xFB, 0x22, 0x4C, 0x47, 0xB6, 0x05, 0xDE, 0x27, 0x8A, 0x5A, 0xCE, 0x77, 0xC4, 0x52, 0xAB,
    0xE2, 0x25, 0x49, 0xA9, 0xDB, 0xF0, 0xD8, 0x9D, 0x3F, 0x60, 0x0B, 0x67, 0x14, 0x83, 0xD4, 0x8D,
    0xEC, 0x07, 0x66, 0xFE, 0x38, 0x2D, 0xE8, 0x24, 0x1B, 0x1E, 0x02, 0x79, 0x94, 0x38, 0x24, 0x2C,
    0x82, 0x69, 0x4F, 0x70, 0x56, 0xE3, 0x3F, 0x26, 0x2B, 0x38, 0x23, 0x21, 0xF6, 0x45, 0x5F, 0x84,
    0x73, 0x29, 0x77, 0x19, 0xBE, 0x2B, 0xE1, 0x31, 0x62, 0xEC, 0xE5, 0x62, 0x24, 0xBA, 0x91, 0xD6,
    0xDC, 0x40, 0xAC, 0x07, 0x5A, 0x43, 0x1A, 0x01, 0x41, 0x02, 0xAA, 0xAE, 0x25, 0x0C, 0xD8, 0x31,
    0x9F, 0x19, 0xC2, 0x0D, 0xC1, 0x09, 0x02, 0x60, 0x9B, 0xB2, 0x47, 0x49, 0xAB, 0x55, 0x05, 0x04,
    0x42, 0xAB, 0x57, 0x61, 0x06, 0xBC, 0x36, 0x30, 0x95, 0x76, 0x80, 0xBF, 0x96, 0x54, 0xB2, 0xFF,
    0x26, 0xF2, 0x4A, 0x2A, 0x3D, 0x24, 0x28, 0x9B, 0x6A, 0x57, 0x58, 0xA4, 0x4C, 0x91, 0x32, 0x94,
    0x53, 0xE2, 0x6E, 0x9F, 0x2E, 0x7C, 0x5B, 0xAD, 0x5D, 0x5E, 0x7C, 0x7A, 0xE8, 0xF5, 0x7B, 0xA4,
    0xFE, 0xA4, 0x97, 0x02, 0x25, 0xD5, 0x58, 0x6F, 0x7B, 0x13, 0x7B, 0x24, 0x46, 0x63, 0xCF, 0x7A,
    0x87, 0x2D, 0xF1, 0x85, 0x3B, 0x9D, 0xF4, 0x92, 0xCD, 0xE2, 0xB8, 0x45, 0x94, 0x7A, 0x8F, 0x4B,
    0x07, 0x9B, 0xED, 0x86, 0x29, 0x6F, 0x7D, 0xC7, 0x1A, 0xA8, 0x3C, 0x12, 0x11, 0x14, 0x78, 0x64,
    0x5B, 0x18, 0x6C, 0x3B, 0x4B, 0x89, 0xD3, 0x62, 0xFB, 0x02, 0x89, 0xC1, 0xC4, 0x42, 0x26, 0x23,
    0x36, 0x08, 0x2A, 0xFE, 0xF1, 0x5A, 0x4D, 0x78, 0x1F, 0xF5, 0x6B, 0x26, 0x7A, 0x83, 0x62, 0x3A,
    0x4F, 0xEE, 0xD8, 0x07, 0x3C, 0xFD, 0x24, 0x77, 0x3E, 0xA6, 0xDD, 0x59, 0x1E, 0xDC, 0x81, 0xC7,
    0xCA, 0x59, 0x8C, 0xE3, 0x72, 0x1D, 0x64, 0x9B, 0x85, 0x13, 0xFA, 0xBE, 0x2D, 0x7A, 0x97, 0x0F,
    0x89, 0x41, 0x70, 0x78, 0xB8, 0x8A, 0x33, 0xAD, 0xAD, 0x58, 0xD8, 0xA6, 0xA9, 0x55, 0x28, 0xAD,
    0xD4, 0x77, 0x59, 0xE2, 0x27, 0x62, 0xEE, 0x31, 0x98, 0x10, 0x2F, 0x06, 0xC2, 0x9E, 0x8B, 0x61,
    0x24, 0xEC, 0x48, 0x47, 0x10, 0x8A, 0xB0, 0x5E, 0x2B, 0x86, 0x14, 0x47, 0xAA, 0x82, 0xC6, 0x79,
    0x94, 0x89, 0xDA, 0x0A, 0x84, 0x9E, 0xB5, 0x23, 0x72, 0xC3, 0x24, 0xFC, 0x7E, 0xA8, 0xFC, 0x64,
    0x3E, 0x51, 0x3C, 0x43, 0x3E, 0x8D, 0xF5, 0x3B, 0x44, 0x7B, 0x1A, 0xB0, 0x64, 0x91, 0x61, 0x67,
    0x83, 0x2B, 0x7A, 0x2C, 0x01, 0xEB, 0xD3, 0xE0, 0xCA, 0x1D, 0x1E, 0x9E, 0x28, 0x22, 0x6A, 0x2E,
    0x61, 0xCE, 0xDC, 0x72, 0x94, 0x06, 0x7F, 0xC2, 0xD2, 0x6C, 0x0F, 0x52, 0xA6, 0x40, 0x89, 0x32,
    0x2C, 0x57, 0xA3, 0x8A, 0x7D, 0xC8, 0x8E, 0x6A, 0xEF, 0xB4, 0x48, 0xA1, 0x26, 0x50, 0x44, 0xA8,
    0x44, 0x47, 0xD2, 0xB7, 0x89, 0x5D, 0x34, 0x83, 0x99, 0x82, 0xA0, 0xF4, 0x11, 0x72, 0x42, 0x41,
    0x28, 0x09, 0x66, 0xC4, 0xEA, 0xC9, 0x28, 0xF6, 0xA7, 0x3F, 0x90, 0xCB, 0xF1, 0x29, 0x48, 0xDA,
    0x67, 0x49, 0x63, 0xD2, 0x0F, 0xBE, 0xCC, 0x04, 0x15, 0x06, 0xCD, 0x2F, 0x35, 0x95, 0xC5, 0x66,
    0xE3, 0x41, 0xAE, 0x54, 0x8D, 0x0A, 0xE8, 0xA2, 0x7B, 0x4B, 0x4B, 0xB9, 0x90, 0x55, 0x50, 0x9C,
    0xAA, 0x26, 0xF4, 0x0C, 0x87, 0x51, 0x61, 0x59, 0x74, 0xBA, 0xD3, 0x2D, 0xC9, 0xE6, 0xE1, 0x49,
    0x5A, 0x4D, 0x98, 0xBE, 0x4D, 0xF2, 0xC8, 0x2A, 0xC7, 0x43, 0xFB, 0xAC, 0x1A, 0x29, 0x7C, 0x91,
    0xD6, 0xBA, 0xBF, 0x92, 0x2D, 0x10, 0xC3, 0xC3, 0xB3, 0x8A, 0x84, 0xB2, 0xA9, 0x9A, 0xD9, 0x29,
    0x59, 0x38, 0xFB, 0x8E, 0x3B, 0x50, 0x0D, 0x67, 0xDD, 0x69, 0x56, 0x19, 0x9D, 0xA8, 0xFA, 0xD4,
    0x26, 0xF5, 0x01, 0x4E, 0x74, 0xEA, 0x44, 0x3E, 0x3A, 0x76, 0xBD, 0x11, 0x3B, 0xC2, 0x1F, 0xB2,
    0x5E, 0x0C, 0x08, 0x13, 0xB2, 0x35, 0xDB, 0xAB, 0x1A, 0x76, 0xAC, 0x2C, 0x9A, 0xC2, 0xE6, 0xD8,
    0x19, 0x21, 0xC6, 0x46, 0x40, 0x6C, 0x8A, 0x00, 0xC0, 0xEE, 0xE6, 0x90, 0x7A, 0xFD, 0xA2, 0xA0,
    0xC3, 0xA5, 0x68, 0xBF, 0x4A, 0xC0, 0xC3, 0xF2, 0xEF, 0xC0, 0x3A, 0x65, 0x8F, 0xE7, 0x42, 0xD7,
    0x7F, 0x88, 0xBF, 0x7E, 0x43, 0xB6, 0x7D, 0x81, 0xF0, 0xDC, 0xD0, 0x9C, 0x43, 0x7D, 0x21, 0xD0,
    0xEC, 0xE7, 0xCF, 0x01, 0x47, 0x24, 0xFD, 0x95, 0xA4, 0x06, 0xFF, 0xD3, 0x58, 0x8A, 0x98, 0x12,
    0x25, 0xDD, 0xA5, 0xF0, 0x15, 0x7B, 0xC8, 0xC8, 0x25, 0x87, 0xFE, 0x70, 0xE7, 0x76, 0xE9, 0x7A,
    0xAE, 0xBD, 0x8F, 0x0D, 0x5F, 0xBB, 0xC7, 0x12, 0x78, 0xCA, 0x54, 0xA2, 0xA3, 0x18, 0x72, 0xB2,
    0x8C, 0x63, 0x33, 0x16, 0x88, 0x15, 0x96, 0x8A, 0x80, 0x09, 0x43, 0x0F, 0x5E, 0x06, 0x55, 0x73,
    0xFE, 0x11, 0xB6, 0x7A, 0x07, 0xED, 0xDD, 0x4D, 0xBC, 0x83, 0xBB, 0xB5, 0x67, 0x4D, 0xD3, 0x5D,
    0x77, 0xA6, 0xB1, 0x81, 0xBB, 0xAE, 0x18, 0x92, 0xD6, 0x81, 0x84, 0xC0, 0xA5, 0x0E, 0xF6, 0x54,
    0x1A, 0xC1, 0x4D, 0x15, 0x54, 0xAB, 0x72, 0x76, 0x51, 0xA3, 0xE2, 0x10, 0x5E, 0x86, 0x7E, 0x4C,
    0xA8, 0x3E, 0xC7, 0x2A, 0x36, 0xCC, 0xA0, 0x8E, 0xBD, 0xCB, 0x7E, 0x3E, 0x1F, 0x0E, 0xD2, 0xAC,
    0x47, 0x92, 0x7F, 0xDF, 0x6D, 0xD7, 0xBB, 0x79, 0xBD, 0x9B, 0x96, 0x6B, 0xD7, 0x30, 0x50, 0x88,
    0x83, 0xF9, 0x19, 0x07, 0x47, 0x59, 0x62, 0xDB, 0x6C, 0xA4, 0xB6, 0x5D, 0x02, 0x9E, 0x39, 0x8E,
    0x63, 0x2C, 0x4B, 0xB1, 0xA7, 0x78, 0xB9, 0x7E, 0xC2, 0xE2, 0xFB, 0xB1, 0x65, 0x06, 0x8A, 0xDC,
    0x40, 0x7C, 0xE5, 0x36, 0x73, 0xED, 0x18, 0x8A, 0x08, 0xF9, 0x61, 0x3F, 0x07, 0xAD, 0xF9, 0xF3,
    0xBB, 0x9B, 0xB6, 0x78, 0xD2, 0xD5, 0xBE, 0xFA, 0x74, 0x32, 0xDE, 0x14, 0x83, 0xF1, 0x6F, 0xE6,
    0x7D, 0xE5, 0x8F, 0xC5, 0x57, 0x6B, 0x1D, 0x9B, 0xE6, 0x30, 0x93, 0xDD, 0x21, 0x8C, 0x6B, 0x6F,
    0xD3, 0x72, 0x6B, 0x08, 0x30, 0x3B, 0xA1, 0x3E, 0xC1, 0xCE, 0x2C, 0x70, 0xE9, 0x84, 0xEC, 0xB8,
    0x2B, 0x9D, 0x58, 0x43, 0xC7, 0x84, 0xEB, 0x15, 0xC0, 0xCE, 0x39, 0x29, 0x22, 0x05, 0x88, 0x74,
    0xD5, 0xDB, 0x9E, 0x51, 0x6B, 0x92, 0x52, 0x5C, 0x2A, 0xC8, 0x2A, 0x23, 0xF2, 0x42, 0x46, 0xE1,
    0x77, 0x43, 0xF1, 0xF8, 0x45, 0xBC, 0xC7, 0x41, 0xA7, 0xD0, 0xC9, 0xC1, 0x3E, 0xFB, 0x3D, 0x92,
    0xB9, 0x50, 0x83, 0xAB, 0x8C, 0x8F, 0x03, 0xFD, 0x36, 0x7D, 0xC1, 0xD8, 0x78, 0x22, 0xBA, 0xB5,
    0xCE, 0x51, 0xEC, 0xD2, 0x8E, 0xDA, 0x40, 0x89, 0xD1, 0x86, 0xB5, 0x20, 0xB2, 0x72, 0x23, 0x37,
    0xED, 0x1E, 0x78, 0x24, 0xEC, 0xC6, 0xC7, 0x10, 0x0B, 0xD7, 0x12, 0x2D, 0xA2, 0xC4, 0xCC, 0xB9,
    0x0F, 0x2C, 0xC7, 0x47, 0xC0, 0x2C, 0x86, 0x7A, 0xD4, 0x61, 0x68, 0xC7, 0xAA, 0x61, 0xA0, 0x32,
    0x1D, 0xEF, 0x72, 0x4D, 0xE8, 0x42, 0x31, 0x4F, 0xFE, 0x17, 0xCA, 0xAF, 0x76, 0xBE, 0xA4, 0xDD,
    0x62, 0x94, 0x7B, 0xAB, 0x6D, 0xD2, 0x69, 0x6E, 0x5C, 0x28, 0x4E, 0x0C, 0x7D, 0x8E, 0xE6, 0xC4,
    0x10, 0x21, 0x96, 0x8A, 0xCC, 0x61, 0x1D, 0x9F, 0x15, 0x6D, 0x5B, 0xE9, 0x50, 0x88, 0xBC, 0xB4,
    0x5C, 0xF5, 0x09, 0xD9, 0xC7, 0x82, 0xB6, 0x30, 0x76, 0x78, 0x72, 0x82, 0x17, 0x32, 0xED, 0x5C,
    0x6C, 0x59, 0x2D, 0xD3, 0xCD, 0x25, 0xD9, 0x7A, 0x0D, 0x91, 0xCA, 0xC8, 0x63, 0x3E, 0xD3, 0xA7,
    0x5D, 0x4A, 0xC4, 0xED, 0x3A, 0x02, 0x6E, 0x59, 0x18, 0x48, 0xFD, 0xF8, 0xD5, 0xC4, 0x97, 0x07,
    0x79, 0x5D, 0x10, 0x62, 0xF7, 0x3C, 0xDE, 0xD3, 0xBF, 0x18, 0xF1, 0x2F, 0xA1, 0x11, 0x76, 0xA2,
    0xE2, 0x7C, 0x90, 0x48, 0xBA, 0x1C, 0x20, 0x71, 0xF7, 0x1E, 0xB5, 0x1C, 0xA5, 0xB4, 0xB3, 0x43,
    0x2A, 0x90, 0x6C, 0x29, 0xFD, 0x1B, 0x2B, 0x75, 0xC7, 0x87, 0x14, 0xB3, 0x38, 0x5E, 0xA1, 0xA3,
    0xEA, 0xB3, 0x3F, 0xF7, 0x24, 0xF0, 0x41, 0x46, 0xFE, 0x94, 0xBE, 0x6A, 0x97, 0xFB, 0x44, 0x9E,
    0x72, 0xA7, 0xD4, 0x29, 0x73, 0x8E, 0xA3, 0x9E, 0xF2, 0xB6, 0xC0, 0x4D, 0x51, 0xD2, 0xB0, 0x70,
    0x9B, 0x14, 0x63, 0x77, 0x32, 0x86, 0x73, 0xDC, 0x97, 0xB6, 0x1A, 0x1E, 0x95, 0x3D, 0xDA, 0xC3,
    0xA6, 0x4F, 0xC3, 0xAD, 0x8E, 0xC7, 0xCA, 0x95, 0x52, 0xA5, 0x4C, 0x91, 0xA8, 0x35, 0x83, 0x7B,
    0xF9, 0x8F, 0x1F, 0xC5, 0xD3, 0xA7, 0x48, 0xEB, 0xF8, 0x59, 0xEA, 0x0C, 0xBA, 0x0E, 0xA2, 0x0A,
    0xDA, 0x6C, 0x12, 0x5C, 0xCF, 0xE8, 0x17, 0xD3, 0xFA, 0xDA, 0x24, 0x5C, 0x51, 0x23, 0x4D, 0x6A,
    0x42, 0xF3, 0x3A, 0x41, 0xE9, 0x32, 0xDE, 0xAE, 0xD9, 0xD1, 0xAD, 0x0E, 0xE4, 0x57, 0xE6, 0x2B,
    0x1D, 0xA2, 0xA8, 0x04, 0x94, 0x4F, 0xB7, 0x5F, 0x83, 0xAF, 0x3B, 0xAB, 0x35, 0xB3, 0x3A, 0xA9,
    0xD9, 0x97, 0xE9, 0xCE, 0x71, 0x69, 0x59, 0xA2, 0xFF, 0x27, 0xF8, 0xCF, 0xFF, 0x17, 0x5C, 0x19,
    0xE6, 0xF0, 0x70, 0x43, 0x65, 0xE8, 0x3A, 0x0E, 0xF4, 0x34, 0xC2, 0xD0, 0x94, 0x31, 0xC3, 0x57,
    0x33, 0xC2, 0xEE, 0x26, 0xD8, 0xBC, 0x85, 0x16, 0x0C, 0x7E, 0xFB, 0x97, 0xD1, 0xEB, 0x31, 0xD8,
    0x3A, 0x4E, 0xB4, 0x1D, 0x05, 0xE1, 0xEB, 0x11, 0x75, 0x53, 0x0C, 0x19, 0xF3, 0xB2, 0xD6, 0xF9,
    0x13, 0x4A, 0xCD, 0xF1, 0xF1, 0x1F, 0xB5, 0x54, 0x3B, 0x6E, 0xE3, 0x40, 0x0C, 0x1D, 0x45, 0x06,
    0x64, 0xC0, 0x85, 0xDA, 0x14, 0x41, 0x74, 0x01, 0xEF, 0xFA, 0x04, 0x09, 0x7D, 0x94, 0x2D, 0xF6,
    0x1C, 0x91, 0x2E, 0x96, 0x58, 0x47, 0xC8, 0x11, 0x74, 0x04, 0x15, 0x29, 0xB8, 0x88, 0x3C, 0x13,
    0xF2, 0x91, 0x23, 0x47, 0x5A, 0x04, 0xDE, 0x2D, 0x32, 0xC5, 0x23, 0xC4, 0xFF, 0xE7, 0x41, 0x21,
    0xE4, 0xB7, 0x77, 0xF9, 0x6C, 0xE2, 0x66, 0x32, 0xB9, 0x1B, 0x4D, 0x1E, 0x7A, 0x93, 0x27, 0x13,
    0xA5, 0x9B, 0x6B, 0x37, 0x53, 0xC2, 0x1B, 0xB3, 0xCC, 0xFA, 0x9C, 0x26, 0xC7, 0xCD, 0x79, 0x76,
    0x6B, 0x87, 0x97, 0x55, 0x1F, 0x8B, 0xF7, 0x03, 0x29, 0x8E, 0xE2, 0x9E, 0x5E, 0x25, 0x36, 0xBD,
    0x49, 0xA2, 0x74, 0x16, 0x15, 0xD1, 0xF1, 0x66, 0xA2, 0xFA, 0x75, 0x37, 0x52, 0xF9, 0x76, 0xE8,
    0x29, 0x9C, 0x29, 0x50, 0x78, 0xD8, 0x08, 0x6C, 0xA4, 0x2B, 0xB4, 0xF6, 0x1D, 0xF0, 0xE9, 0x0D,
    0x3E, 0x08, 0xFB, 0x77, 0x74, 0x49, 0x9D, 0xAF, 0xC8, 0x1D, 0xCA, 0xEC, 0x90, 0xB2, 0x43, 0xBF,
    0xDE, 0x5A, 0xD6, 0x2F, 0x12, 0xE5, 0xB8, 0x9C, 0x27, 0xE7, 0x75, 0x73, 0xC1, 0xCB, 0x3E, 0xDC,
    0xE9, 0x9B, 0x00, 0x8B, 0x3D, 0x08, 0x3C, 0x62, 0xD9, 0x58, 0x3B, 0x0E, 0x80, 0x53, 0x84, 0x43,
    0x3C, 0xFB, 0x79, 0x70, 0x28, 0x9C, 0xCC, 0x8E, 0xB7, 0x78, 0x7B, 0xEF, 0xF6, 0xD9, 0xB6, 0xA6,
    0x1C, 0x88, 0xCE, 0x09, 0x9D, 0x4E, 0x39, 0xA2, 0xD3, 0x9E, 0x6C, 0x7A, 0xE3, 0x5A, 0x72, 0xAE,
    0xFD, 0xBD, 0xB5, 0xAC, 0x37, 0xBF, 0x38, 0xC7, 0xCD, 0x79, 0x72, 0xDE, 0x5C, 0x47, 0xB8, 0x66,
    0x5B, 0xDB, 0xAF, 0xB6, 0xB6, 0x51, 0x78, 0x44, 0x35, 0x71, 0x2F, 0x93, 0x18, 0xEB, 0x24, 0x9E,
    0xF4, 0x22, 0x61, 0x91, 0xA8, 0x2B, 0x99, 0xEA, 0xA1, 0x1E, 0x48, 0x64, 0x47, 0x21, 0xFE, 0x54,
    0xAE, 0xFD, 0xFF, 0x12, 0xEF, 0x35, 0x0C, 0x09, 0x90, 0x0A, 0x49, 0x91, 0x3E, 0xD0, 0x29, 0x7A,
    0x49, 0x14, 0x47, 0x1B, 0xD6, 0xD0, 0x56, 0x3E, 0xC0, 0x10, 0x41, 0xB1, 0x24, 0x70, 0xC4, 0x18,
    0xF3, 0x8E, 0xB9, 0x19, 0xB4, 0x62, 0x90, 0x87, 0xB1, 0x12, 0xC6, 0x42, 0x18, 0x7C, 0x63, 0xB0,
    0x8A, 0xB1, 0xC3, 0xBC, 0x51, 0x27, 0xA2, 0xD1, 0xCD, 0x96, 0xF8, 0xB5, 0xA1, 0x9F, 0x99, 0x95,
    0xB0, 0x11, 0xA0, 0x58, 0x81, 0xAD, 0x62, 0x11, 0x15, 0x2B, 0x56, 0x6C, 0x06, 0xC5, 0xB6, 0x63,
    0x55, 0x4B, 0x41, 0x51, 0x2B, 0x36, 0x83, 0x62, 0xDB, 0x09, 0x8A, 0x5A, 0xB0, 0x42, 0x78, 0x83,
    0x23, 0xB4, 0x1D, 0x92, 0x04, 0x24, 0xB9, 0xA8, 0x8D, 0xEE, 0xF7, 0x9F, 0xAE, 0xB4, 0xBD, 0x30,
    0xFC, 0x1F, 0x9B, 0x17, 0xC3, 0x6F, 0x18, 0x18, 0x06, 0x86, 0x81, 0x61, 0x60, 0x44, 0x30, 0x22,
    0x18, 0x11, 0x8C, 0x08, 0x74, 0x60, 0x33, 0xD2, 0x3C, 0xE9, 0x72, 0xF6, 0x02, 0x9D, 0x55, 0xC3,
    0xD5, 0x11, 0x44, 0xFD, 0x2B, 0x14, 0x28, 0x5F, 0x4D, 0x8A, 0x0D, 0xAE, 0xD0, 0xEA, 0x45, 0x0A,
    0x5C, 0xA7, 0xC2, 0xA5, 0x1A, 0x5C, 0x4D, 0xD5, 0xE1, 0x0F, 0xA6, 0x48, 0xD3, 0xE5, 0xCA, 0x7E,
    0x71, 0xBB, 0xFE, 0xFC, 0xAF, 0xF8, 0xE2, 0xDF, 0x18, 0xAF, 0xFC, 0x1B, 0xD7, 0x8C, 0xDC, 0x0A,
    0xDC, 0xAA, 0xF5, 0xA9, 0xE9, 0xA9, 0x98, 0xAA, 0x91, 0xAA, 0xB1, 0x98, 0xA8, 0xE9, 0x43, 0x4B,
    0xAD, 0x8C, 0xA1, 0x8D, 0x54, 0x5A, 0xB3, 0x40, 0x1B, 0xAD, 0x86, 0xDD, 0x2D, 0xFE, 0x37, 0xD2,
    0x52, 0x04, 0x7C, 0x00, 0xA5, 0x94, 0xBD, 0x6E, 0xDB, 0x30, 0x10, 0xC7, 0x4F, 0x12, 0x6A, 0x15,
    0xE0, 0xA0, 0x25, 0x3B, 0xDF, 0xA0, 0xEC, 0xD0, 0xB1, 0x31, 0x85, 0xE6, 0x01, 0xFA, 0x42, 0x86,
    0x25, 0x20, 0x2F, 0x90, 0x87, 0xE8, 0x03, 0x74, 0xCC, 0x90, 0x84, 0xDA, 0x3B, 0x54, 0x7D, 0x03,
    0x0D, 0xDD, 0xAD, 0x41, 0x40, 0x35, 0xC8, 0xBE, 0xDE, 0xFF, 0x28, 0x59, 0x71, 0xD2, 0x0E, 0x45,
    0x09, 0xF8, 0x67, 0x9B, 0xF7, 0xC9, 0xBB, 0x23, 0x89, 0xAA, 0x81, 0x28, 0xE3, 0x93, 0xA0, 0xAB,
    0x48, 0x96, 0xAD, 0x05, 0x45, 0x23, 0x30, 0xCF, 0xB1, 0xE1, 0xCF, 0x0D, 0x79, 0x3E, 0x34, 0xC4,
    0x9F, 0xB8, 0xC9, 0x06, 0x0A, 0xB5, 0xE9, 0xC8, 0x97, 0xA2, 0xE9, 0xC9, 0xD5, 0x02, 0x5F, 0xD2,
    0x5E, 0xBE, 0x68, 0x5A, 0x90, 0xF6, 0x82, 0x7C, 0x56, 0x72, 0x6D, 0x10, 0xB7, 0x3C, 0x11, 0xA5,
    0xDC, 0x12, 0x55, 0x2C, 0xAB, 0x09, 0xCA, 0x74, 0xA4, 0xBC, 0xA7, 0x74, 0x80, 0xAE, 0x38, 0x16,
    0xB7, 0x59, 0x3F, 0xB3, 0x68, 0x95, 0x0D, 0x14, 0xC0, 0x0E, 0x34, 0x91, 0x2D, 0xD9, 0x06, 0x0A,
    0x12, 0x1C, 0xFE, 0x23, 0x4B, 0xD0, 0x47, 0x12, 0x14, 0x84, 0x9A, 0x1D, 0x28, 0xE7, 0x73, 0x48,
    0x12, 0x0A, 0x4F, 0x84, 0xCD, 0xC8, 0x23, 0xC5, 0x94, 0xA1, 0x20, 0xDC, 0x2B, 0x9F, 0x94, 0x8F,
    0x94, 0x4C, 0x50, 0x48, 0x46, 0xA2, 0x04, 0xD9, 0xF6, 0x91, 0xC4, 0x25, 0x8A, 0x55, 0xA1, 0x3A,
    0xE4, 0x3A, 0xB0, 0xE8, 0x41, 0x33, 0x82, 0xD9, 0x04, 0x26, 0x0C, 0x52, 0x50, 0x55, 0xAF, 0xAA,
    0xB6, 0x5D, 0x55, 0x33, 0x55, 0x4D, 0xA7, 0x95, 0x66, 0x50, 0x9D, 0x6E, 0x75, 0xCD, 0xAB, 0xB7,
    0x62, 0x58, 0x63, 0x85, 0xE6, 0xEC, 0xFE, 0xB9, 0xD0, 0x47, 0xA1, 0x24, 0x38, 0x11, 0xD2, 0x1C,
    0x51, 0xE7, 0x29, 0xE0, 0xAF, 0xAC, 0x7B, 0xC4, 0x41, 0xE4, 0x0C, 0xD6, 0x05, 0xFA, 0xEC, 0xB0,
    0xFF, 0x11, 0x18, 0x5F, 0x0B, 0xED, 0x85, 0x30, 0xF9, 0x83, 0xF0, 0xFA, 0x52, 0xD8, 0xBE, 0xB6,
    0xB4, 0xB5, 0xEF, 0xAA, 0xCE, 0x77, 0x3A, 0x55, 0x44, 0x5F, 0x68, 0x51, 0x46, 0x5F, 0x65, 0xE5,
    0xB1, 0x1E, 0x7A, 0x56, 0x35, 0x8D, 0x29, 0xD1, 0x56, 0xF9, 0x40, 0x4B, 0x80, 0x0B, 0x23, 0x0D,
    0x14, 0x27, 0x73, 0x35, 0xF2, 0x47, 0x18, 0xF9, 0x13, 0xED, 0x50, 0x08, 0xF4, 0x8E, 0x7C, 0x82,
    0xAA, 0xB8, 0x1B, 0x18, 0xD9, 0x5B, 0xCD, 0xEE, 0x9B, 0x1E, 0xE0, 0x3B, 0x8C, 0xCC, 0x41, 0x13,
    0x38, 0xAD, 0x45, 0x8C, 0x4C, 0x07, 0xAD, 0x6D, 0xE9, 0x3A, 0xC3, 0x2D, 0x4F, 0xF6, 0xF6, 0x57,
    0xFF, 0xB8, 0x25, 0x6E, 0xFC, 0x35, 0x05, 0x72, 0x3B, 0x0C, 0xF9, 0x83, 0xF4, 0x65, 0xBB, 0x4B,
    0xB9, 0xDE, 0x79, 0x73, 0xF8, 0x31, 0x3A, 0xBE, 0xE1, 0x3E, 0x9F, 0xE4, 0x4A, 0xDC, 0x2F, 0x75,
    0xFE, 0x2F, 0xA0, 0x81, 0xB5, 0x82, 0xDC, 0x49, 0xE7, 0xAE, 0x93, 0xD1, 0xD8, 0x8C, 0xB8, 0x9B,
    0x7B, 0x9C, 0xD2, 0xA2, 0xB8, 0x45, 0x29, 0x27, 0x35, 0x08, 0x99, 0x2B, 0x9A, 0x7F, 0xC2, 0x3C,
    0x44, 0x86, 0x9B, 0x79, 0x28, 0xFD, 0xB9, 0xEC, 0x8F, 0x67, 0x4C, 0x7F, 0x41, 0x32, 0x2E, 0xD0,
    0x62, 0x45, 0xF4, 0x4B, 0x7F, 0x5E, 0x02, 0x43, 0x99, 0x9F, 0x61, 0xDA, 0x05, 0xDA, 0xF5, 0x15,
    0x0E, 0xD7, 0x24, 0x60, 0xF2, 0x11, 0xA2, 0x52, 0x5D, 0xBE, 0xBB, 0x72, 0x32, 0xC6, 0x57, 0x1B,
    0xD6, 0xC6, 0x2F, 0x17, 0xCC, 0x73, 0xFB, 0xF5, 0x83, 0x95, 0xBD, 0x24, 0x48, 0x27, 0x0B, 0xD9,
    0x7D, 0x37, 0x0F, 0xDC, 0x10, 0x27, 0x05, 0x73, 0x6A, 0x66, 0x11, 0xCE, 0xB4, 0x8B, 0xA2, 0xF4,
    0x85, 0x08, 0xF3, 0x5B, 0xC8, 0xED, 0xB0, 0xF3, 0x0D, 0x59, 0x96, 0x67, 0x1E, 0x3C, 0xAF, 0x31,
    0x97, 0x25, 0x3D, 0xE9, 0x03, 0xBA, 0x41, 0xF4, 0x36, 0x8E, 0xA7, 0x9D, 0xA4, 0x3D, 0xF2, 0x12,
    0x1D, 0xE5, 0x59, 0xAB, 0xC9, 0x4A, 0x6E, 0xEE, 0xA7, 0x1C, 0x14, 0xAF, 0x03, 0x1E, 0x56, 0x83,
    0x1F, 0x41, 0xF4, 0x0D, 0x6C, 0xEE, 0x16, 0x3F, 0x78, 0xF5, 0xF0, 0x79, 0x83, 0xF8, 0x52, 0x8A,
    0x42, 0x9F, 0x45, 0x49, 0xCC, 0x8D, 0xA4, 0x8E, 0xC8, 0x89, 0xB1, 0x1D, 0xF4, 0xB7, 0xEC, 0xE5,
    0xF2, 0xE5, 0x07, 0x7D, 0xB7, 0xE8, 0xFD, 0x65, 0x3E, 0x2D, 0xFC, 0xFC, 0x06, 0x65, 0x92, 0xB1,
    0x75, 0xC3, 0x30, 0x0C, 0x44, 0x4F, 0x52, 0xA1, 0x42, 0x85, 0x46, 0xD0, 0x08, 0xDC, 0x20, 0xE4,
    0x62, 0x91, 0x39, 0x42, 0xC6, 0x71, 0x11, 0x59, 0x1C, 0x81, 0x23, 0x68, 0x04, 0x15, 0x29, 0x5C,
    0x30, 0x66, 0x70, 0x00, 0xFD, 0xEC, 0xF7, 0x52, 0xF0, 0xD0, 0xC8, 0xC0, 0xDD, 0x7D, 0x63, 0x2A,
    0xD8, 0x13, 0x7C, 0x19, 0x6B, 0xC4, 0x03, 0x4B, 0x46, 0x77, 0x87, 0x07, 0x86, 0xB3, 0xE9, 0xAA,
    0xBA, 0x01, 0x7B, 0xAD, 0xF5, 0xD1, 0x74, 0x3A, 0x50, 0x80, 0x29, 0xBF, 0x74, 0x4E, 0xA6, 0xF2,
    0x6B, 0xD1, 0xDE, 0xF4, 0x07, 0x58, 0xD2, 0x40, 0x8D, 0xB2, 0x03, 0xCE, 0x34, 0x50, 0xBD, 0x29,
    0x46, 0xD3, 0x83, 0x2A, 0x9B, 0xF0, 0x81, 0x29, 0x01, 0x9F, 0xDC, 0x87, 0xEF, 0xA7, 0x06, 0x00,
    0x7D, 0xCD, 0x58, 0x6A, 0xC2, 0xE5, 0x0B, 0xBC, 0xC4, 0xDD, 0xDC, 0xC0, 0x27, 0x9E, 0x0A, 0x1F,
    0x5D, 0x4D, 0xB9, 0xBB, 0xCF, 0xB9, 0xBF, 0xD3, 0x03, 0x1D, 0xCC, 0x69, 0x38, 0xF9, 0x16, 0x3E,
    0xB9, 0xEF, 0xE2, 0x78, 0xBA, 0x30, 0x1E, 0x72, 0x8D, 0x2F, 0x7B, 0xCC, 0x7C, 0xE9, 0x03, 0xBC,
    0xCA, 0x6B, 0xC0, 0x15, 0x7A, 0x4F, 0x0A, 0x71, 0xB5, 0x06, 0xEC, 0xC1, 0x07, 0x39, 0xE9, 0x79,
    0xD3, 0x5B, 0x31, 0x2A, 0x7B, 0x3D, 0x2E, 0x94, 0x95, 0x75, 0xDC, 0xE8, 0x7E, 0x93, 0x65, 0xF2,
    0xA5, 0x76, 0xF1, 0x2E, 0x5D, 0x91, 0x1E, 0xA4, 0x99, 0x25, 0x4A, 0x31, 0x2E, 0xCA, 0x1E, 0x2D,
    0xE1, 0x7D, 0x99, 0x8A, 0x94, 0x41, 0x1F, 0x6A, 0x44, 0x9D, 0x98, 0x15, 0x08, 0x23, 0x27, 0x99,
    0x7D, 0xE9, 0xAB, 0x8C, 0x07, 0x66, 0x09, 0xDF, 0x71, 0xD3, 0x93, 0x53, 0x03, 0xD5, 0x48, 0x29,
    0x24, 0xB1, 0xDF, 0x86, 0xC2, 0x72, 0x41, 0x39, 0xF9, 0x36, 0xCC, 0x99, 0x37, 0x60, 0xDE, 0x88,
    0x79, 0x43, 0xB6, 0x1A, 0xB3, 0xD5, 0xA0, 0x6D, 0x46, 0x6D, 0x33, 0xC7, 0xC5, 0xB8, 0x15, 0xF3,
    0x5A, 0x8C, 0x5C, 0x31, 0x74, 0xA5, 0xB1, 0x6B, 0xF0, 0x1A, 0xBD, 0x27, 0x3E, 0x66, 0xB8, 0x54,
    0x31, 0x5B, 0x86, 0x2A, 0x83, 0x19, 0x86, 0x53, 0x33, 0x8C, 0xA7, 0x65, 0x3F, 0x34, 0xC3, 0x74,
    0xE8, 0xB5, 0x29, 0xEB, 0x1F, 0x6D, 0x4E, 0x6D, 0x68, 0x06, 0x19, 0x56, 0xAF, 0xB6, 0xBC, 0x24,
    0x2B, 0x36, 0x6A, 0x06, 0x17, 0x35, 0x83, 0x0B, 0x9A, 0xC1, 0x07, 0x31, 0x4F, 0x5A, 0x6A, 0xFE,
    0x35, 0xAC, 0x75, 0x6F, 0x75, 0xA9, 0xF9, 0x1B, 0xCD, 0x1F, 0x72, 0x51, 0x33, 0xFC, 0xD2, 0xC1,
    0xFF, 0x0C, 0x57, 0xCB, 0xF0, 0x07,
};

static const EpdGlyph lato_16_italicGlyphs[] = {
    { 0, 0, 0, 0, 0, 0, 0 }, // U+0000
    { 0, 0, 0, 0, 0, 0, 0 }, // U+0001
    { 0, 0, 0, 0, 0, 0, 0 }, // U+0002
    { 0, 0, 0, 0, 0, 0, 0 }, // U+0003
    { 0, 0, 0, 0, 0, 0, 0 }, // U+0004
    { 0, 0, 0, 0, 0, 0, 0 }, // U+0005
    { 0, 0, 0, 0, 0, 0, 0 }, // U+0006
    { 0, 0, 0, 0, 0, 0, 0 }, // U+0007
    { 0, 0, 0, 0, 0, 0, 0 }, // U+0008
    { 0, 0, 0, 0, 0, 0, 0 }, // U+0009
    { 0, 0, 0, 0, 0, 0, 0 }, // U+000A
    { 0, 0, 0, 0, 0, 0, 0 }, // U+000B
    { 0, 0, 0, 0, 0, 0, 0 }, // U+000C
    { 0, 0, 0, 0, 0, 0, 0 }, // U+000D
    { 0, 0, 0, 0, 0, 0, 0 }, // U+000E
    { 0, 0, 0, 0, 0, 0, 0 }, // U+000F
    { 0, 0, 0, 0, 0, 0, 0 }, // U+0010
    { 0, 0, 0, 0, 0, 0, 0 }, // U+0011
    { 0, 0, 0, 0, 0, 0, 0 }, // U+0012
    { 0, 0, 0, 0, 0, 0, 0 }, // U+0013
    { 0, 0, 0, 0, 0, 0, 0 }, // U+0014
    { 0, 0, 0, 0, 0, 0, 0 }, // U+0015
    { 0, 0, 0, 0, 0, 0, 0 }, // U+0016
    { 0, 0, 0, 0, 0, 0, 0 }, // U+0017
    { 0, 0, 0, 0, 0, 0, 0 }, // U+0018
    { 0, 0, 0, 0, 0, 0, 0 }, // U+0019
    { 0, 0, 0, 0, 0, 0, 0 }, // U+001A
    { 0, 0, 0, 0, 0, 0, 0 }, // U+001B
    { 0, 0, 0, 0, 0, 0, 0 }, // U+001C
    { 0, 0, 0, 0, 0, 0, 0 }, // U+001D
    { 0, 0, 0, 0, 0, 0, 0 }, // U+001E
    { 0, 0, 0, 0, 0, 0, 0 }, // U+001F
    { 0, 0, 125, 0, 0, 0, 0 }, // U+0020
    { 7, 24, 135, 1, 24, 42, 0 }, // !
    { 10, 8, 185, 2, 24, 20, 42 }, // "
    { 19, 24, 320, 1, 24, 114, 62 }, // #
    { 18, 32, 298, 0, 28, 144, 176 }, // $
    { 23, 24, 397, 1, 24, 138, 320 }, // %
    { 21, 24, 350, 0, 24, 126, 458 }, // &
    { 5, 8, 104, 2, 24, 10, 584 }, // '
    { 9, 31, 138, 1, 26, 70, 594 }, // (
    { 9, 31, 138, -1, 26, 70, 664 }, // )
    { 11, 11, 211, 2, 25, 31, 734 }, // *
    { 17, 17, 309, 1, 20, 73, 765 }, // +
    { 5, 9, 120, 0, 4, 12, 838 }, // ,
    { 9, 2, 187, 1, 11, 5, 850 }, // -
    { 5, 4, 125, 0, 4, 5, 855 }, // .
    { 16, 26, 223, -1, 24, 104, 860 }, // /
    { 19, 24, 329, 1, 24, 114, 964 }, // 0
    { 10, 24, 198, 1, 24, 60, 1078 }, // 1
    { 17, 24, 280, 0, 24, 102, 1138 }, // 2
    { 17, 24, 286, 0, 24, 102, 1240 }, // 3
    { 17, 24, 295, 0, 24, 102, 1342 }, // 4
    { 17, 24, 270, 0, 24, 102, 1444 }, // 5
    { 16, 24, 275, 1, 24, 96, 1546 }, // 6
    { 17, 24, 262, 1, 24, 102, 1642 }, // 7
    { 16, 24, 292, 1, 24, 96, 1744 }, // 8
    { 16, 24, 272, 1, 24, 96, 1840 }, // 9
    { 6, 16, 133, 1, 16, 24, 1936 }, // :
    { 6, 21, 138, 1, 16, 32, 1960 }, // ;
    { 15, 16, 309, 2, 19, 60, 1992 }, // <
    { 16, 8, 309, 2, 15, 32, 2052 }, // =
    { 15, 16, 309, 2, 19, 60, 2084 }, // >
    { 12, 24, 223, 2, 24, 72, 2144 }, // ?
    { 24, 26, 410, 1, 22, 156, 2216 }, // @
    { 22, 24, 336, -2, 24, 132, 2372 }, // A
    { 18, 24, 321, 1, 24, 108, 2504 }, // B
    { 20, 24, 333, 1, 24, 120, 2612 }, // C
    { 22, 24, 377, 1, 24, 132, 2732 }, // D
    { 17, 24, 287, 1, 24, 102, 2864 }, // E
    { 17, 24, 283, 1, 24, 102, 2966 }, // F
    { 21, 24, 363, 1, 24, 126, 3068 }, // G
    { 22, 24, 379, 1, 24, 132, 3194 }, // H
    { 7, 24, 142, 1, 24, 42, 3326 }, // I
    { 14, 24, 214, -1, 24, 84, 3368 }, // J
    { 21, 24, 330, 1, 24, 126, 3452 }, // K
    { 14, 24, 254, 1, 24, 84, 3578 }, // L
    { 27, 24, 460, 1, 24, 162, 3662 }, // M
    { 22, 24, 379, 1, 24, 132, 3824 }, // N
    { 23, 24, 398, 1, 24, 138, 3956 }, // O
    { 18, 24, 300, 1, 24, 108, 4094 }, // P
    { 23, 29, 398, 1, 24, 167, 4202 }, // Q
    { 18, 24, 311, 1, 24, 108, 4369 }, // R
    { 17, 24, 271, 0, 24, 102, 4477 }, // S
    { 19, 24, 291, 1, 24, 114, 4579 }, // T
    { 20, 24, 365, 2, 24, 120, 4693 }, // U
    { 22, 24, 336, 1, 24, 132, 4813 }, // V
    { 31, 24, 509, 2, 24, 186, 4945 }, // W
    { 23, 24, 325, -2, 24, 138, 5131 }, // X
    { 20, 24, 310, 1, 24, 120, 5269 }, // Y
    { 21, 24, 296, -1, 24, 126, 5389 }, // Z
    { 10, 30, 155, 1, 25, 75, 5515 }, // [
    { 10, 26, 221, 2, 24, 65, 5590 }, // <backslash>
    { 10, 30, 155, -1, 25, 75, 5655 }, // ]
    { 15, 11, 309, 3, 24, 42, 5730 }, // ^
    { 13, 2, 237, -1, -3, 7, 5772 }, // _
    { 7, 5, 196, 4, 24, 9, 5779 }, // `
    { 16, 17, 272, 0, 17, 68, 5788 }, // a
    { 17, 24, 282, 0, 24, 102, 5856 }, // b
    { 15, 17, 242, 0, 17, 64, 5958 }, // c
    { 18, 24, 282, 0, 24, 108, 6022 }, // d
    { 15, 17, 255, 0, 17, 64, 6130 }, // e
    { 12, 28, 171, 1, 24, 84, 6194 }, // f
    { 18, 23, 258, -1, 17, 104, 6278 }, // g
    { 16, 24, 282, 0, 24, 96, 6382 }, // h
    { 7, 24, 123, 1, 24, 42, 6478 }, // i
    { 11, 30, 122, -3, 24, 83, 6520 }, // j
    { 16, 24, 253, 0, 24, 96, 6603 }, // k
    { 6, 24, 120, 1, 24, 36, 6699 }, // l
    { 25, 17, 420, 0, 17, 107, 6735 }, // m
    { 16, 17, 283, 0, 17, 68, 6842 }, // n
    { 16, 17, 277, 0, 17, 68, 6910 }, // o
    { 17, 23, 282, 0, 17, 98, 6978 }, // p
    { 16, 23, 273, 0, 17, 92, 7076 }, // q
    { 12, 17, 182, 0, 17, 51, 7168 }, // r
    { 14, 17, 213, -1, 17, 60, 7219 }, // s
    { 11, 23, 189, 1, 23, 64, 7279 }, // t
    { 16, 17, 282, 1, 17, 68, 7343 }, // u
    { 16, 17, 255, 1, 17, 68, 7411 }, // v
    { 24, 17, 386, 1, 17, 102, 7479 }, // w
    { 18, 17, 247, -2, 17, 77, 7581 }, // x
    { 16, 23, 256, 1, 17, 92, 7658 }, // y
    { 15, 17, 226, -1, 17, 64, 7750 }, // z
    { 10, 30, 151, 1, 25, 75, 7814 }, // {
    { 3, 31, 138, 3, 25, 24, 7889 }, // |
    { 10, 30, 152, -1, 25, 75, 7913 }, // }
    { 17, 6, 309, 1, 13, 26, 7988 }, // ~
    { 0, 0, 0, 0, 0, 0, 8014 }, // U+007F
    { 0, 0, 0, 0, 0, 0, 0 }, // U+0080
    { 0, 0, 0, 0, 0, 0, 0 }, // U+0081
    { 0, 0, 0, 0, 0, 0, 0 }, // U+0082
    { 0, 0, 0, 0, 0, 0, 0 }, // U+0083
    { 0, 0, 0, 0, 0, 0, 0 }, // U+0084
    { 0, 0, 0, 0, 0, 0, 0 }, // U+0085
    { 0, 0, 0, 0, 0, 0, 0 }, // U+0086
    { 0, 0, 0, 0, 0, 0, 0 }, // U+0087
    { 0, 0, 0, 0, 0, 0, 0 }, // U+0088
    { 0, 0, 0, 0, 0, 0, 0 }, // U+0089
    { 0, 0, 0, 0, 0, 0, 0 }, // U+008A
    { 0, 0, 0, 0, 0, 0, 0 }, // U+008B
    { 0, 0, 0, 0, 0, 0, 0 }, // U+008C
    { 0, 0, 0, 0, 0, 0, 0 }, // U+008D
    { 0, 0, 0, 0, 0, 0, 0 }, // U+008E
    { 0, 0, 0, 0, 0, 0, 0 }, // U+008F
    { 0, 0, 0, 0, 0, 0, 0 }, // U+0090
    { 0, 0, 0, 0, 0, 0, 0 }, // U+0091
    { 0, 0, 0, 0, 0, 0, 0 }, // U+0092
    { 0, 0, 0, 0, 0, 0, 0 }, // U+0093
    { 0, 0, 0, 0, 0, 0, 0 }, // U+0094
    { 0, 0, 0, 0, 0, 0, 0 }, // U+0095
    { 0, 0, 0, 0, 0, 0, 0 }, // U+0096
    { 0, 0, 0, 0, 0, 0, 0 }, // U+0097
    { 0, 0, 0, 0, 0, 0, 0 }, // U+0098
    { 0, 0, 0, 0, 0, 0, 0 }, // U+0099
    { 0, 0, 0, 0, 0, 0, 0 }, // U+009A
    { 0, 0, 0, 0, 0, 0, 0 }, // U+009B
    { 0, 0, 0, 0, 0, 0, 0 }, // U+009C
    { 0, 0, 0, 0, 0, 0, 0 }, // U+009D
    { 0, 0, 0, 0, 0, 0, 0 }, // U+009E
    { 0, 0, 0, 0, 0, 0, 0 }, // U+009F
    { 0, 0, 125, 0, 0, 0, 0 }, // U+00A0
    { 7, 23, 125, 0, 17, 41, 0 }, // U+00A1
    { 16, 25, 284, 1, 21, 100, 41 }, // U+00A2
    { 19, 24, 309, 0, 24, 114, 141 }, // U+00A3
    { 16, 16, 309, 2, 19, 64, 255 }, // U+00A4
    { 19, 24, 326, 2, 24, 114, 319 }, // U+00A5
    { 3, 31, 138, 3, 25, 24, 433 }, // U+00A6
    { 15, 26, 246, 0, 24, 98, 457 }, // U+00A7
    { 11, 4, 196, 3, 24, 11, 555 }, // U+00A8
    { 25, 24, 443, 1, 24, 150, 566 }, // U+00A9
    { 9, 11, 183, 2, 24, 25, 716 }, // U+00AA
    { 11, 14, 210, 1, 16, 39, 741 }, // U+00AB
    { 15, 7, 309, 2, 12, 27, 780 }, // U+00AC
    { 0, 0, 0, 0, 0, 0, 807 }, // U+00AD
    { 25, 24, 443, 1, 24, 150, 807 }, // U+00AE
    { 9, 2, 196, 4, 22, 5, 957 }, // U+00AF
    { 12, 11, 219, 2, 24, 33, 962 }, // U+00B0
    { 18, 19, 309, 0, 20, 86, 995 }, // U+00B1
    { 11, 12, 178, 1, 27, 33, 1081 }, // U+00B2
    { 10, 12, 178, 2, 27, 30, 1114 }, // U+00B3
    { 8, 5, 196, 6, 24, 10, 1144 }, // U+00B4
    { 18, 23, 323, 1, 17, 104, 1154 }, // U+00B5
    { 23, 27, 371, 1, 24, 156, 1258 }, // U+00B6
    { 6, 5, 137, 1, 12, 8, 1414 }, // U+00B7
    { 7, 7, 196, 2, 1, 13, 1422 }, // U+00B8
    { 7, 12, 178, 3, 27, 21, 1435 }, // U+00B9
    { 11, 11, 200, 2, 24, 31, 1456 }, // U+00BA
    { 11, 14, 210, 1, 16, 39, 1487 }, // U+00BB
    { 20, 24, 372, 2, 24, 120, 1526 }, // U+00BC
    { 20, 24, 367, 1, 24, 120, 1646 }, // U+00BD
    { 21, 24, 377, 1, 24, 126, 1766 }, // U+00BE
    { 12, 23, 218, -1, 17, 69, 1892 }, // U+00BF
    { 22, 31, 336, -2, 31, 171, 1961 }, // U+00C0
    { 22, 31, 336, -2, 31, 171, 2132 }, // U+00C1
    { 22, 30, 336, -2, 30, 165, 2303 }, // U+00C2
    { 22, 30, 336, -2, 30, 165, 2468 }, // U+00C3
    { 22, 30, 336, -2, 30, 165, 2633 }, // U+00C4
    { 22, 31, 336, -2, 31, 171, 2798 }, // U+00C5
    { 31, 24, 463, -2, 24, 186, 2969 }, // U+00C6
    { 20, 30, 333, 1, 24, 150, 3155 }, // U+00C7
    { 17, 31, 287, 1, 31, 132, 3305 }, // U+00C8
    { 18, 31, 287, 1, 31, 140, 3437 }, // U+00C9
    { 17, 30, 287, 1, 30, 128, 3577 }, // U+00CA
    { 17, 30, 287, 1, 30, 128, 3705 }, // U+00CB
    { 8, 31, 142, 1, 31, 62, 3833 }, // U+00CC
    { 12, 31, 142, 1, 31, 93, 3895 }, // U+00CD
    { 11, 30, 142, 1, 30, 83, 3988 }, // U+00CE
    { 11, 30, 142, 1, 30, 83, 4071 }, // U+00CF
    { 23, 24, 380, 0, 24, 138, 4154 }, // U+00D0
    { 22, 29, 379, 1, 29, 160, 4292 }, // U+00D1
    { 23, 31, 398, 1, 31, 179, 4452 }, // U+00D2
    { 23, 31, 398, 1, 31, 179, 4631 }, // U+00D3
    { 23, 31, 398, 1, 31, 179, 4810 }, // U+00D4
    { 23, 30, 398, 1, 30, 173, 4989 }, // U+00D5
    { 23, 30, 398, 1, 30, 173, 5162 }, // U+00D6
    { 17, 16, 309, 1, 19, 68, 5335 }, // U+00D7
    { 25, 27, 398, 0, 25, 169, 5403 }, // U+00D8
    { 20, 31, 365, 2, 31, 155, 5572 }, // U+00D9
    { 20, 31, 365, 2, 31, 155, 5727 }, // U+00DA
    { 20, 31, 365, 2, 31, 155, 5882 }, // U+00DB
    { 20, 30, 365, 2, 30, 150, 6037 }, // U+00DC
    { 20, 31, 310, 1, 31, 155, 6187 }, // U+00DD
    { 17, 24, 299, 1, 24, 102, 6342 }, // U+00DE
    { 17, 27, 309, 1, 24, 115, 6444 }, // U+00DF
    { 16, 24, 272, 0, 24, 96, 6559 }, // U+00E0
    { 17, 24, 272, 0, 24, 102, 6655 }, // U+00E1
    { 16, 24, 272, 0, 24, 96, 6757 }, // U+00E2
    { 17, 24, 272, 0, 24, 102, 6853 }, // U+00E3
    { 17, 24, 272, 0, 24, 102, 6955 }, // U+00E4
    { 16, 25, 272, 0, 25, 100, 7057 }, // U+00E5
    { 24, 17, 396, 0, 17, 102, 7157 }, // U+00E6
    { 15, 23, 242, 0, 17, 87, 7259 }, // U+00E7
    { 15, 24, 255, 0, 24, 90, 7346 }, // U+00E8
    { 15, 24, 255, 0, 24, 90, 7436 }, // U+00E9
    { 15, 24, 255, 0, 24, 90, 7526 }, // U+00EA
    { 15, 24, 255, 0, 24, 90, 7616 }, // U+00EB
    { 6, 24, 123, 1, 24, 36, 7706 }, // U+00EC
    { 9, 24, 123, 1, 24, 54, 7742 }, // U+00ED
    { 10, 24, 123, 0, 24, 60, 7796 }, // U+00EE
    { 10, 24, 123, 0, 24, 60, 7856 }, // U+00EF
    { 16, 24, 281, 0, 24, 96, 7916 }, // U+00F0
    { 16, 24, 283, 0, 24, 96, 8012 }, // U+00F1
    { 16, 24, 277, 0, 24, 96, 8108 }, // U+00F2
    { 16, 24, 277, 0, 24, 96, 8204 }, // U+00F3
    { 16, 24, 277, 0, 24, 96, 8300 }, // U+00F4
    { 16, 24, 277, 0, 24, 96, 8396 }, // U+00F5
    { 16, 24, 277, 0, 24, 96, 8492 }, // U+00F6
    { 17, 16, 309, 1, 19, 68, 8588 }, // U+00F7
    { 17, 19, 276, 0, 18, 81, 8656 }, // U+00F8
    { 16, 24, 282, 1, 24, 96, 8737 }, // U+00F9
    { 16, 24, 282, 1, 24, 96, 8833 }, // U+00FA
    { 16, 24, 282, 1, 24, 96, 8929 }, // U+00FB
    { 16, 24, 282, 1, 24, 96, 9025 }, // U+00FC
    { 16, 30, 256, 1, 24, 120, 9121 }, // U+00FD
    { 17, 30, 282, 0, 24, 128, 9241 }, // U+00FE
    { 16, 30, 256, 1, 24, 120, 9369 }, // U+00FF
    { 22, 28, 336, -2, 28, 154, 0 }, // U+0100
    { 17, 22, 272, 0, 22, 94, 154 }, // U+0101
    { 22, 31, 336, -2, 31, 171, 248 }, // U+0102
    { 17, 24, 272, 0, 24, 102, 419 }, // U+0103
    { 23, 30, 336, -2, 24, 173, 521 }, // U+0104
    { 16, 23, 272, 0, 17, 92, 694 }, // U+0105
    { 20, 31, 333, 1, 31, 155, 786 }, // U+0106
    { 15, 24, 242, 0, 24, 90, 941 }, // U+0107
    { 20, 31, 333, 1, 31, 155, 1031 }, // U+0108
    { 15, 24, 242, 0, 24, 90, 1186 }, // U+0109
    { 20, 30, 333, 1, 30, 150, 1276 }, // U+010A
    { 15, 24, 242, 0, 24, 90, 1426 }, // U+010B
    { 20, 30, 333, 1, 30, 150, 1516 }, // U+010C
    { 15, 24, 242, 0, 24, 90, 1666 }, // U+010D
    { 22, 30, 377, 1, 30, 165, 1756 }, // U+010E
    { 22, 24, 282, 0, 24, 132, 1921 }, // U+010F
    { 23, 24, 380, 0, 24, 138, 2053 }, // U+0110
    { 19, 24, 282, 0, 24, 114, 2191 }, // U+0111
    { 17, 28, 287, 1, 28, 119, 2305 }, // U+0112
    { 15, 22, 255, 0, 22, 83, 2424 }, // U+0113
    { 17, 31, 287, 1, 31, 132, 2507 }, // U+0114
    { 15, 24, 255, 0, 24, 90, 2639 }, // U+0115
    { 17, 30, 287, 1, 30, 128, 2729 }, // U+0116
    { 15, 24, 255, 0, 24, 90, 2857 }, // U+0117
    { 17, 30, 287, 1, 24, 128, 2947 }, // U+0118
    { 15, 23, 255, 0, 17, 87, 3075 }, // U+0119
    { 17, 30, 287, 1, 30, 128, 3162 }, // U+011A
    { 15, 24, 255, 0, 24, 90, 3290 }, // U+011B
    { 21, 31, 363, 1, 31, 163, 3380 }, // U+011C
    { 18, 30, 258, -1, 24, 135, 3543 }, // U+011D
    { 21, 31, 363, 1, 31, 163, 3678 }, // U+011E
    { 18, 30, 258, -1, 24, 135, 3841 }, // U+011F
    { 21, 30, 363, 1, 30, 158, 3976 }, // U+0120
    { 18, 30, 258, -1, 24, 135, 4134 }, // U+0121
    { 21, 30, 363, 1, 24, 158, 4269 }, // U+0122
    { 18, 30, 258, -1, 24, 135, 4427 }, // U+0123
    { 22, 30, 379, 1, 30, 165, 4562 }, // U+0124
    { 16, 29, 282, 0, 29, 116, 4727 }, // U+0125
    { 24, 24, 384, 1, 24, 144, 4843 }, // U+0126
    { 16, 24, 282, 0, 24, 96, 4987 }, // U+0127
    { 11, 30, 142, 1, 30, 83, 5083 }, // U+0128
    { 10, 24, 123, 0, 24, 60, 5166 }, // U+0129
    { 10, 28, 142, 1, 28, 70, 5226 }, // U+012A
    { 10, 22, 123, 0, 22, 55, 5296 }, // U+012B
    { 11, 31, 142, 1, 31, 86, 5351 }, // U+012C
    { 9, 24, 123, 1, 24, 54, 5437 }, // U+012D
    { 9, 30, 142, -1, 24, 68, 5491 }, // U+012E
    { 9, 30, 123, -1, 24, 68, 5559 }, // U+012F
    { 8, 30, 142, 1, 30, 60, 5627 }, // U+0130
    { 6, 17, 123, 1, 17, 26, 5687 }, // U+0131
    { 21, 24, 364, 1, 24, 126, 5713 }, // U+0132
    { 14, 30, 247, 1, 24, 105, 5839 }, // U+0133
    { 17, 31, 214, -1, 31, 132, 5944 }, // U+0134
    { 13, 30, 122, -3, 24, 98, 6076 }, // U+0135
    { 21, 30, 330, 1, 24, 158, 6174 }, // U+0136
    { 16, 30, 253, 0, 24, 120, 6332 }, // U+0137
    { 16, 17, 252, 0, 17, 68, 6452 }, // U+0138
    { 14, 31, 254, 1, 31, 109, 6520 }, // U+0139
    { 12, 31, 120, 1, 31, 93, 6629 }, // U+013A
    { 14, 30, 254, 1, 24, 105, 6722 }, // U+013B
    { 8, 30, 120, -1, 24, 60, 6827 }, // U+013C
    { 14, 24, 254, 1, 24, 84, 6887 }, // U+013D
    { 11, 24, 120, 1, 24, 66, 6971 }, // U+013E
    { 14, 24, 259, 1, 24, 84, 7037 }, // U+013F
    { 12, 24, 195, 1, 24, 72, 7121 }, // U+0140
    { 15, 24, 262, 0, 24, 90, 7193 }, // U+0141
    { 10, 24, 154, 0, 24, 60, 7283 }, // U+0142
    { 22, 31, 379, 1, 31, 171, 7343 }, // U+0143
    { 16, 24, 283, 0, 24, 96, 7514 }, // U+0144
    { 22, 31, 379, 1, 24, 171, 7610 }, // U+0145
    { 16, 23, 283, 0, 17, 92, 7781 }, // U+0146
    { 22, 30, 379, 1, 30, 165, 7873 }, // U+0147
    { 16, 24, 283, 0, 24, 96, 8038 }, // U+0148
    { 17, 25, 306, 1, 25, 107, 8134 }, // U+0149
    { 22, 30, 379, 1, 24, 165, 8241 }, // U+014A
    { 16, 23, 283, 0, 17, 92, 8406 }, // U+014B
    { 23, 28, 398, 1, 28, 161, 8498 }, // U+014C
    { 16, 22, 277, 0, 22, 88, 8659 }, // U+014D
    { 23, 31, 398, 1, 31, 179, 8747 }, // U+014E
    { 16, 24, 277, 0, 24, 96, 8926 }, // U+014F
    { 23, 31, 398, 1, 31, 179, 9022 }, // U+0150
    { 17, 24, 277, 0, 24, 102, 9201 }, // U+0151
    { 33, 24, 538, 1, 24, 198, 9303 }, // U+0152
    { 26, 17, 429, 0, 17, 111, 9501 }, // U+0153
    { 18, 31, 311, 1, 31, 140, 9612 }, // U+0154
    { 13, 24, 182, 0, 24, 78, 9752 }, // U+0155
    { 18, 30, 311, 1, 24, 135, 9830 }, // U+0156
    { 13, 23, 182, -1, 17, 75, 9965 }, // U+0157
    { 18, 30, 311, 1, 30, 135, 10040 }, // U+0158
    { 13, 24, 182, 0, 24, 78, 10175 }, // U+0159
    { 18, 31, 271, 0, 31, 140, 10253 }, // U+015A
    { 15, 24, 213, -1, 24, 90, 10393 }, // U+015B
    { 17, 31, 271, 0, 31, 132, 10483 }, // U+015C
    { 15, 24, 213, -1, 24, 90, 10615 }, // U+015D
    { 17, 30, 271, 0, 24, 128, 10705 }, // U+015E
    { 14, 23, 213, -1, 17, 81, 10833 }, // U+015F
    { 17, 31, 271, 0, 31, 132, 10914 }, // U+0160
    { 15, 24, 213, -1, 24, 90, 11046 }, // U+0161
    { 19, 30, 291, 1, 24, 143, 11136 }, // U+0162
    { 11, 28, 189, 1, 22, 77, 11279 }, // U+0163
    { 19, 30, 291, 1, 30, 143, 11356 }, // U+0164
    { 12, 24, 189, 1, 24, 72, 11499 }, // U+0165
    { 18, 24, 300, 2, 24, 108, 11571 }, // U+0166
    { 12, 23, 192, 0, 23, 69, 11679 }, // U+0167
    { 20, 30, 365, 2, 30, 150, 11748 }, // U+0168
    { 16, 24, 282, 1, 24, 96, 11898 }, // U+0169
    { 20, 28, 365, 2, 28, 140, 11994 }, // U+016A
    { 16, 22, 282, 1, 22, 88, 12134 }, // U+016B
    { 20, 31, 365, 2, 31, 155, 12222 }, // U+016C
    { 16, 24, 282, 1, 24, 96, 12377 }, // U+016D
    { 20, 31, 365, 2, 31, 155, 12473 }, // U+016E
    { 16, 25, 282, 1, 25, 100, 12628 }, // U+016F
    { 20, 31, 365, 2, 31, 155, 12728 }, // U+0170
    { 16, 24, 282, 1, 24, 96, 12883 }, // U+0171
    { 20, 30, 365, 2, 24, 150, 12979 }, // U+0172
    { 16, 23, 282, 1, 17, 92, 13129 }, // U+0173
    { 31, 30, 509, 2, 30, 233, 13221 }, // U+0174
    { 24, 24, 385, 1, 24, 144, 13454 }, // U+0175
    { 20, 30, 310, 1, 30, 150, 13598 }, // U+0176
    { 16, 30, 256, 1, 24, 120, 13748 }, // U+0177
    { 20, 30, 310, 1, 30, 150, 13868 }, // U+0178
    { 21, 31, 297, -1, 31, 163, 14018 }, // U+0179
    { 15, 24, 226, -1, 24, 90, 14181 }, // U+017A
    { 21, 30, 296, -1, 30, 158, 14271 }, // U+017B
    { 15, 24, 226, -1, 24, 90, 14429 }, // U+017C
    { 21, 30, 296, -1, 30, 158, 14519 }, // U+017D
    { 15, 24, 226, -1, 24, 90, 14677 }, // U+017E
    { 12, 27, 144, 1, 24, 81, 14767 }, // U+017F
    { 27, 27, 419, 1, 27, 183, 0 }, // U+01A0
    { 20, 20, 301, 0, 20, 100, 183 }, // U+01A1
    { 26, 27, 419, 2, 27, 176, 283 }, // U+01AF
    { 21, 20, 321, 1, 20, 105, 459 }, // U+01B0
    { 42, 30, 677, 1, 30, 315, 564 }, // U+01C4
    { 37, 24, 602, 1, 24, 222, 879 }, // U+01C5
    { 32, 24, 513, 0, 24, 192, 1101 }, // U+01C6
    { 28, 24, 475, 1, 24, 168, 1293 }, // U+01C7
    { 23, 30, 381, 1, 24, 173, 1461 }, // U+01C8
    { 14, 30, 248, 1, 24, 105, 1634 }, // U+01C9
    { 35, 24, 593, 1, 24, 210, 1739 }, // U+01CA
    { 30, 30, 499, 1, 24, 225, 1949 }, // U+01CB
    { 25, 30, 399, 0, 24, 188, 2174 }, // U+01CC
    { 22, 30, 336, -2, 30, 165, 2362 }, // U+01CD
    { 17, 24, 272, 0, 24, 102, 2527 }, // U+01CE
    { 11, 30, 142, 1, 30, 83, 2629 }, // U+01CF
    { 10, 24, 123, 0, 24, 60, 2712 }, // U+01D0
    { 23, 31, 398, 1, 31, 179, 2772 }, // U+01D1
    { 16, 24, 277, 0, 24, 96, 2951 }, // U+01D2
    { 20, 31, 365, 2, 31, 155, 3047 }, // U+01D3
    { 16, 24, 282, 1, 24, 96, 3202 }, // U+01D4
    { 20, 32, 365, 2, 32, 160, 3298 }, // U+01D5
    { 16, 28, 282, 1, 28, 112, 3458 }, // U+01D6
    { 20, 35, 365, 2, 35, 175, 3570 }, // U+01D7
    { 16, 29, 282, 1, 29, 116, 3745 }, // U+01D8
    { 20, 35, 365, 2, 35, 175, 3861 }, // U+01D9
    { 16, 29, 282, 1, 29, 116, 4036 }, // U+01DA
    { 20, 35, 365, 2, 35, 175, 4152 }, // U+01DB
    { 16, 30, 282, 1, 30, 120, 4327 }, // U+01DC
    { 15, 17, 255, 0, 17, 64, 4447 }, // U+01DD
    { 22, 32, 336, -2, 32, 176, 4511 }, // U+01DE
    { 17, 28, 272, 0, 28, 119, 4687 }, // U+01DF
    { 22, 33, 336, -2, 33, 182, 4806 }, // U+01E0
    { 17, 27, 272, 0, 27, 115, 4988 }, // U+01E1
    { 31, 28, 463, -2, 28, 217, 5103 }, // U+01E2
    { 24, 22, 396, 0, 22, 132, 5320 }, // U+01E3
    { 22, 24, 377, 1, 24, 132, 5452 }, // U+01E4
    { 20, 23, 274, -2, 17, 115, 5584 }, // U+01E5
    { 21, 31, 363, 1, 31, 163, 5699 }, // U+01E6
    { 18, 30, 258, -1, 24, 135, 5862 }, // U+01E7
    { 21, 30, 330, 1, 30, 158, 5997 }, // U+01E8
    { 16, 30, 253, 0, 30, 120, 6155 }, // U+01E9
    { 23, 30, 398, 1, 24, 173, 6275 }, // U+01EA
    { 16, 23, 277, 0, 17, 92, 6448 }, // U+01EB
    { 23, 34, 398, 1, 28, 196, 6540 }, // U+01EC
    { 16, 28, 277, 0, 22, 112, 6736 }, // U+01ED
    { 19, 31, 290, -1, 31, 148, 6848 }, // U+01EE
    { 15, 30, 217, -2, 24, 113, 6996 }, // U+01EF
    { 13, 30, 122, -3, 24, 98, 7109 }, // U+01F0
    { 42, 24, 677, 1, 24, 252, 7207 }, // U+01F1
    { 37, 24, 602, 1, 24, 222, 7459 }, // U+01F2
    { 32, 24, 508, 0, 24, 192, 7681 }, // U+01F3
    { 21, 31, 363, 1, 31, 163, 7873 }, // U+01F4
    { 18, 30, 258, -1, 24, 135, 8036 }, // U+01F5
    { 31, 24, 526, 1, 24, 186, 8171 }, // U+01F6
    { 21, 30, 349, 0, 24, 158, 8357 }, // U+01F7
    { 22, 31, 379, 1, 31, 171, 8515 }, // U+01F8
    { 16, 24, 283, 0, 24, 96, 8686 }, // U+01F9
    { 22, 35, 336, -2, 35, 193, 8782 }, // U+01FA
    { 19, 30, 272, 0, 30, 143, 8975 }, // U+01FB
    { 31, 31, 463, -2, 31, 241, 9118 }, // U+01FC
    { 24, 24, 396, 0, 24, 144, 9359 }, // U+01FD
    { 25, 33, 398, 0, 31, 207, 9503 }, // U+01FE
    { 17, 25, 276, 0, 24, 107, 9710 }, // U+01FF
    { 22, 31, 336, -2, 31, 171, 9817 }, // U+0200
    { 16, 24, 272, 0, 24, 96, 9988 }, // U+0201
    { 22, 30, 336, -2, 30, 165, 10084 }, // U+0202
    { 16, 24, 272, 0, 24, 96, 10249 }, // U+0203
    { 17, 31, 287, 1, 31, 132, 10345 }, // U+0204
    { 15, 24, 255, 0, 24, 90, 10477 }, // U+0205
    { 17, 30, 287, 1, 30, 128, 10567 }, // U+0206
    { 15, 24, 255, 0, 24, 90, 10695 }, // U+0207
    { 11, 31, 142, -1, 31, 86, 10785 }, // U+0208
    { 10, 24, 123, -2, 24, 60, 10871 }, // U+0209
    { 11, 30, 142, 1, 30, 83, 10931 }, // U+020A
    { 10, 24, 123, 0, 24, 60, 11014 }, // U+020B
    { 23, 31, 398, 1, 31, 179, 11074 }, // U+020C
    { 16, 24, 277, 0, 24, 96, 11253 }, // U+020D
    { 23, 30, 398, 1, 30, 173, 11349 }, // U+020E
    { 16, 24, 277, 0, 24, 96, 11522 }, // U+020F
    { 18, 31, 311, 1, 31, 140, 11618 }, // U+0210
    { 12, 24, 182, 0, 24, 72, 11758 }, // U+0211
    { 18, 30, 311, 1, 30, 135, 11830 }, // U+0212
    { 12, 24, 182, 0, 24, 72, 11965 }, // U+0213
    { 20, 31, 365, 2, 31, 155, 12037 }, // U+0214
    { 16, 24, 282, 1, 24, 96, 12192 }, // U+0215
    { 20, 30, 365, 2, 30, 150, 12288 }, // U+0216
    { 16, 24, 282, 1, 24, 96, 12438 }, // U+0217
    { 17, 30, 271, 0, 24, 128, 12534 }, // U+0218
    { 14, 23, 213, -1, 17, 81, 12662 }, // U+0219
    { 19, 30, 291, 1, 24, 143, 12743 }, // U+021A
    { 11, 29, 189, 1, 23, 80, 12886 }, // U+021B
    { 19, 24, 290, -1, 24, 114, 12966 }, // U+021C
    { 15, 23, 216, -2, 17, 87, 13080 }, // U+021D
    { 22, 30, 379, 1, 30, 165, 13167 }, // U+021E
    { 16, 30, 282, 0, 30, 120, 13332 }, // U+021F
    { 7, 5, 0, -8, 24, 9, 0 }, // U+0300
    { 8, 5, 0, -6, 24, 10, 9 }, // U+0301
    { 10, 5, 0, -9, 24, 13, 19 }, // U+0302
    { 11, 3, 0, -9, 24, 9, 32 }, // U+0303
    { 10, 2, 0, -9, 22, 5, 41 }, // U+0304
    { 19, 2, 0, -7, 28, 10, 46 }, // U+0305
    { 9, 5, 0, -8, 24, 12, 56 }, // U+0306
    { 5, 4, 0, -6, 24, 5, 68 }, // U+0307
    { 11, 4, 0, -9, 24, 11, 73 }, // U+0308
    { 7, 7, 0, -7, 24, 13, 84 }, // U+0309
    { 7, 6, 0, -7, 25, 11, 97 }, // U+030A
    { 12, 5, 0, -8, 24, 15, 108 }, // U+030B
    { 11, 5, 0, -9, 24, 14, 123 }, // U+030C
    { 4, 7, 0, 7, 26, 7, 137 }, // U+030D
    { 8, 7, 0, 5, 26, 14, 144 }, // U+030E
    { 10, 5, 0, 2, 24, 13, 158 }, // U+030F
    { 11, 9, 0, 3, 28, 25, 171 }, // U+0310
    { 9, 5, 0, 4, 24, 12, 196 }, // U+0311
    { 4, 5, 0, -5, 24, 5, 208 }, // U+0312
    { 4, 8, 0, 7, 26, 8, 213 }, // U+0313
    { 5, 8, 0, 6, 26, 10, 221 }, // U+0314
    { 5, 6, 0, 6, 24, 8, 231 }, // U+0315
    { 6, 5, 0, -9, -1, 8, 239 }, // U+0316
    { 7, 5, 0, -10, -1, 9, 247 }, // U+0317
    { 8, 8, 0, 1, -1, 16, 256 }, // U+0318
    { 9, 8, 0, 0, -1, 18, 272 }, // U+0319
    { 9, 8, 0, 4, 27, 18, 290 }, // U+031A
    { 7, 7, 0, 4, 20, 13, 308 }, // U+031B
    { 5, 6, 0, 3, 25, 8, 321 }, // U+031C
    { 9, 8, 0, 0, 0, 18, 329 }, // U+031D
    { 8, 8, 0, 1, -1, 16, 347 }, // U+031E
    { 8, 8, 0, 1, -1, 16, 363 }, // U+031F
    { 8, 2, 0, 1, -4, 4, 379 }, // U+0320
    { 9, 6, 0, 0, 0, 14, 383 }, // U+0321
    { 8, 6, 0, 2, 0, 12, 397 }, // U+0322
    { 5, 4, 0, -9, -2, 5, 409 }, // U+0323
    { 11, 4, 0, -12, -1, 11, 414 }, // U+0324
    { 8, 6, 0, 1, -1, 12, 425 }, // U+0325
    { 5, 5, 0, -9, -1, 7, 437 }, // U+0326
    { 7, 7, 0, -10, 1, 13, 444 }, // U+0327
    { 7, 7, 0, -10, 1, 13, 457 }, // U+0328
    { 3, 7, 0, 4, -1, 6, 470 }, // U+0329
    { 12, 4, 0, -1, -2, 12, 476 }, // U+032A
    { 12, 4, 0, -1, -1, 12, 488 }, // U+032B
    { 10, 5, 0, -11, -1, 13, 500 }, // U+032C
    { 10, 5, 0, -12, -1, 13, 513 }, // U+032D
    { 9, 5, 0, -11, -1, 12, 526 }, // U+032E
    { 9, 5, 0, 4, 24, 12, 538 }, // U+032F
    { 11, 4, 0, -12, -2, 11, 550 }, // U+0330
    { 9, 2, 0, -11, -2, 5, 561 }, // U+0331
    { 13, 2, 0, -2, -3, 7, 566 }, // U+0332
    { 13, 2, 0, -2, -3, 7, 573 }, // U+0333
    { 12, 4, 0, -10, 16, 12, 580 }, // U+0334
    { 7, 31, 0, -7, 25, 55, 592 }, // U+0335
    { 13, 2, 0, -6, 11, 7, 647 }, // U+0336
    { 16, 19, 0, -7, 18, 76, 654 }, // U+0337
    { 20, 26, 0, -9, 24, 130, 730 }, // U+0338
    { 5, 6, 0, 3, 25, 8, 860 }, // U+0339
    { 12, 5, 0, -1, -1, 15, 868 }, // U+033A
    { 9, 7, 0, 0, -1, 16, 883 }, // U+033B
    { 11, 4, 0, -1, -1, 11, 899 }, // U+033C
    { 9, 9, 0, 4, 27, 21, 910 }, // U+033D
    { 5, 10, 0, 6, 29, 13, 931 }, // U+033E
    { 20, 6, 0, -7, 32, 30, 944 }, // U+033F
    { 7, 5, 0, -8, 24, 9, 974 }, // U+0340
    { 8, 5, 0, -6, 24, 10, 983 }, // U+0341
    { 10, 3, 0, -8, 24, 8, 993 }, // U+0342
    { 4, 8, 0, 7, 26, 8, 1001 }, // U+0343
    { 12, 6, 0, -9, 25, 18, 1009 }, // U+0344
    { 5, 5, 0, -6, -1, 7, 1027 }, // U+0345
    { 12, 4, 0, -1, -2, 12, 1034 }, // U+0346
    { 13, 2, 0, -2, -3, 7, 1046 }, // U+0347
    { 8, 7, 0, 5, 26, 14, 1053 }, // U+0348
    { 9, 8, 0, 4, 27, 18, 1067 }, // U+0349
    { 11, 8, 0, 3, 26, 22, 1085 }, // U+034A
    { 0, 0, 0, 0, 0, 0, 1107 }, // U+034B
    { 0, 0, 0, 0, 0, 0, 1107 }, // U+034C
    { 17, 6, 0, -1, -2, 26, 1107 }, // U+034D
    { 6, 8, 0, 5, -1, 12, 1133 }, // U+034E
    { 0, 0, 0, 0, 0, 0, 1145 }, // U+034F
    { 5, 9, 0, 6, 27, 12, 1145 }, // U+0350
    { 5, 7, 0, 6, 26, 9, 1157 }, // U+0351
    { 11, 7, 0, 3, 26, 20, 1166 }, // U+0352
    { 9, 9, 0, 4, 27, 21, 1186 }, // U+0353
    { 6, 8, 0, 2, -1, 12, 1207 }, // U+0354
    { 6, 8, 0, 2, -1, 12, 1219 }, // U+0355
    { 13, 8, 0, -2, -1, 26, 1231 }, // U+0356
    { 5, 7, 0, 7, 27, 9, 1257 }, // U+0357
    { 5, 4, 0, -6, 24, 5, 1266 }, // U+0358
    { 7, 6, 0, 0, -1, 11, 1271 }, // U+0359
    { 10, 5, 0, 1, -1, 13, 1282 }, // U+035A
    { 8, 10, 0, 5, 28, 20, 1295 }, // U+035B
    { 31, 5, 0, 0, -3, 39, 1315 }, // U+035C
    { 31, 5, 0, 3, 24, 39, 1354 }, // U+035D
    { 31, 2, 0, 3, 23, 16, 1393 }, // U+035E
    { 31, 2, 0, 0, -4, 16, 1409 }, // U+035F
    { 31, 5, 0, 3, 24, 39, 1425 }, // U+0360
    { 32, 5, 0, -14, 25, 40, 1464 }, // U+0361
    { 31, 6, 0, 0, -2, 47, 1504 }, // U+0362
    { 7, 8, 0, 3, 27, 14, 1551 }, // U+0363
    { 7, 8, 0, 3, 26, 14, 1565 }, // U+0364
    { 4, 11, 0, 3, 30, 11, 1579 }, // U+0365
    { 8, 8, 0, 3, 26, 16, 1590 }, // U+0366
    { 8, 7, 0, 3, 26, 14, 1606 }, // U+0367
    { 7, 8, 0, 3, 26, 14, 1620 }, // U+0368
    { 8, 11, 0, 3, 30, 22, 1634 }, // U+0369
    { 8, 11, 0, 3, 30, 22, 1656 }, // U+036A
    { 12, 8, 0, 3, 27, 24, 1678 }, // U+036B
    { 6, 8, 0, 3, 27, 12, 1702 }, // U+036C
    { 6, 10, 0, 3, 28, 15, 1714 }, // U+036D
    { 8, 8, 0, 3, 27, 16, 1729 }, // U+036E
    { 9, 7, 0, 2, 26, 16, 1745 }, // U+036F
    { 17, 31, 287, 1, 31, 132, 0 }, // U+0400
    { 17, 30, 287, 1, 30, 128, 132 }, // U+0401
    { 21, 24, 368, 1, 24, 126, 260 }, // U+0402
    { 17, 31, 268, 1, 31, 132, 386 }, // U+0403
    { 20, 24, 335, 1, 24, 120, 518 }, // U+0404
    { 17, 24, 270, 0, 24, 102, 638 }, // U+0405
    { 7, 24, 142, 1, 24, 42, 740 }, // U+0406
    { 11, 30, 142, 1, 30, 83, 782 }, // U+0407
    { 14, 24, 209, -1, 24, 84, 865 }, // U+0408
    { 34, 24, 522, -2, 24, 204, 949 }, // U+0409
    { 32, 24, 538, 1, 24, 192, 1153 }, // U+040A
    { 21, 24, 370, 1, 24, 126, 1345 }, // U+040B
    { 21, 31, 333, 1, 31, 163, 1471 }, // U+040C
    { 22, 31, 378, 1, 31, 171, 1634 }, // U+040D
    { 20, 30, 312, 1, 30, 150, 1805 }, // U+040E
    { 21, 30, 365, 1, 24, 158, 1955 }, // U+040F
    { 21, 24, 339, -1, 24, 126, 2113 }, // U+0410
    { 18, 24, 310, 1, 24, 108, 2239 }, // U+0411
    { 18, 24, 321, 1, 24, 108, 2347 }, // U+0412
    { 17, 24, 268, 1, 24, 102, 2455 }, // U+0413
    { 25, 30, 388, -2, 24, 188, 2557 }, // U+0414
    { 17, 24, 287, 1, 24, 102, 2745 }, // U+0415
    { 34, 24, 514, -1, 24, 204, 2847 }, // U+0416
    { 18, 24, 286, -1, 24, 108, 3051 }, // U+0417
    { 22, 24, 378, 1, 24, 132, 3159 }, // U+0418
    { 22, 30, 378, 1, 30, 165, 3291 }, // U+0419
    { 21, 24, 333, 1, 24, 126, 3456 }, // U+041A
    { 24, 24, 361, -2, 24, 144, 3582 }, // U+041B
    { 27, 24, 460, 1, 24, 162, 3726 }, // U+041C
    { 22, 24, 379, 1, 24, 132, 3888 }, // U+041D
    { 23, 24, 398, 1, 24, 138, 4020 }, // U+041E
    { 21, 24, 365, 1, 24, 126, 4158 }, // U+041F
    { 18, 24, 300, 1, 24, 108, 4284 }, // U+0420
    { 20, 24, 333, 1, 24, 120, 4392 }, // U+0421
    { 19, 24, 291, 1, 24, 114, 4512 }, // U+0422
    { 20, 24, 312, 1, 24, 120, 4626 }, // U+0423
    { 23, 25, 388, 1, 25, 144, 4746 }, // U+0424
    { 23, 24, 325, -2, 24, 138, 4890 }, // U+0425
    { 22, 30, 385, 1, 24, 165, 5028 }, // U+0426
    { 19, 24, 328, 1, 24, 114, 5193 }, // U+0427
    { 31, 24, 532, 1, 24, 186, 5307 }, // U+0428
    { 32, 30, 552, 1, 24, 240, 5493 }, // U+0429
    { 21, 24, 364, 1, 24, 126, 5733 }, // U+042A
    { 25, 24, 437, 1, 24, 150, 5859 }, // U+042B
    { 17, 24, 303, 1, 24, 102, 6009 }, // U+042C
    { 20, 24, 335, 0, 24, 120, 6111 }, // U+042D
    { 31, 24, 526, 1, 24, 186, 6231 }, // U+042E
    { 22, 24, 330, -2, 24, 132, 6417 }, // U+042F
    { 16, 17, 272, 0, 17, 68, 6549 }, // U+0430
    { 17, 26, 287, 1, 26, 111, 6617 }, // U+0431
    { 15, 17, 254, 0, 17, 64, 6728 }, // U+0432
    { 13, 17, 216, 0, 17, 56, 6792 }, // U+0433
    { 15, 25, 280, 1, 25, 94, 6848 }, // U+0434
    { 15, 17, 257, 0, 17, 64, 6942 }, // U+0435
    { 30, 17, 464, -1, 17, 128, 7006 }, // U+0436
    { 14, 17, 231, -1, 17, 60, 7134 }, // U+0437
    { 16, 17, 282, 1, 17, 68, 7194 }, // U+0438
    { 16, 24, 282, 1, 24, 96, 7262 }, // U+0439
    { 16, 17, 257, 0, 17, 68, 7358 }, // U+043A
    { 18, 17, 289, -1, 17, 77, 7426 }, // U+043B
    { 22, 17, 371, 0, 17, 94, 7503 }, // U+043C
    { 17, 17, 282, 0, 17, 73, 7597 }, // U+043D
    { 16, 17, 277, 0, 17, 68, 7670 }, // U+043E
    { 16, 17, 283, 0, 17, 68, 7738 }, // U+043F
    { 17, 23, 282, 0, 17, 98, 7806 }, // U+0440
    { 15, 17, 242, 0, 17, 64, 7904 }, // U+0441
    { 25, 17, 420, 0, 17, 107, 7968 }, // U+0442
    { 16, 23, 256, 1, 17, 92, 8075 }, // U+0443
    { 23, 30, 388, 0, 24, 173, 8167 }, // U+0444
    { 18, 17, 247, -2, 17, 77, 8340 }, // U+0445
    { 17, 23, 300, 1, 17, 98, 8417 }, // U+0446
    { 14, 17, 255, 1, 17, 60, 8515 }, // U+0447
    { 24, 17, 420, 1, 17, 102, 8575 }, // U+0448
    { 25, 23, 436, 1, 17, 144, 8677 }, // U+0449
    { 16, 17, 276, 0, 17, 68, 8821 }, // U+044A
    { 19, 17, 345, 1, 17, 81, 8889 }, // U+044B
    { 13, 17, 241, 1, 17, 56, 8970 }, // U+044C
    { 14, 17, 244, 0, 17, 60, 9026 }, // U+044D
    { 22, 17, 374, 0, 17, 94, 9086 }, // U+044E
    { 17, 17, 266, -1, 17, 73, 9180 }, // U+044F
    { 15, 24, 257, 0, 24, 90, 9253 }, // U+0450
    { 15, 24, 257, 0, 24, 90, 9343 }, // U+0451
    { 16, 31, 275, 0, 25, 124, 9433 }, // U+0452
    { 14, 24, 216, 0, 24, 84, 9557 }, // U+0453
    { 15, 17, 244, 0, 17, 64, 9641 }, // U+0454
    { 14, 17, 213, -1, 17, 60, 9705 }, // U+0455
    { 7, 24, 123, 1, 24, 42, 9765 }, // U+0456
    { 10, 24, 123, 0, 24, 60, 9807 }, // U+0457
    { 11, 30, 122, -3, 24, 83, 9867 }, // U+0458
    { 26, 17, 419, -1, 17, 111, 9950 }, // U+0459
    { 24, 17, 406, 0, 17, 102, 10061 }, // U+045A
    { 16, 25, 282, 0, 25, 100, 10163 }, // U+045B
    { 16, 24, 257, 0, 24, 96, 10263 }, // U+045C
    { 16, 24, 282, 1, 24, 96, 10359 }, // U+045D
    { 16, 30, 256, 1, 24, 120, 10455 }, // U+045E
    { 16, 23, 282, 1, 17, 92, 10575 }, // U+045F
    { 31, 24, 534, 1, 24, 186, 10667 }, // U+0460
    { 22, 17, 384, 1, 17, 94, 10853 }, // U+0461
    { 20, 24, 359, 1, 24, 120, 10947 }, // U+0462
    { 17, 22, 282, 0, 22, 94, 11067 }, // U+0463
    { 29, 24, 471, 1, 24, 174, 11161 }, // U+0464
    { 21, 17, 339, 0, 17, 90, 11335 }, // U+0465
    { 23, 24, 348, -2, 24, 138, 11425 }, // U+0466
    { 18, 17, 276, -2, 17, 77, 11563 }, // U+0467
    { 29, 24, 494, 1, 24, 174, 11640 }, // U+0468
    { 23, 17, 389, 0, 17, 98, 11814 }, // U+0469
    { 27, 24, 406, -1, 24, 162, 11912 }, // U+046A
    { 21, 17, 319, -1, 17, 90, 12074 }, // U+046B
    { 34, 24, 554, 1, 24, 204, 12164 }, // U+046C
    { 27, 17, 432, 0, 17, 115, 12368 }, // U+046D
    { 17, 31, 278, -1, 24, 132, 12483 }, // U+046E
    { 14, 28, 218, -1, 21, 98, 12615 }, // U+046F
    { 25, 24, 403, 1, 24, 150, 12713 }, // U+0470
    { 21, 30, 378, 1, 24, 158, 12863 }, // U+0471
    { 23, 24, 398, 1, 24, 138, 13021 }, // U+0472
    { 16, 17, 277, 0, 17, 68, 13159 }, // U+0473
    { 22, 24, 347, 1, 24, 132, 13227 }, // U+0474
    { 16, 17, 266, 1, 17, 68, 13359 }, // U+0475
    { 22, 31, 347, 1, 31, 171, 13427 }, // U+0476
    { 16, 24, 266, 1, 24, 96, 13598 }, // U+0477
    { 40, 30, 649, 1, 24, 300, 13694 }, // U+0478
    { 34, 23, 535, 0, 17, 196, 13994 }, // U+0479
    { 24, 27, 420, 1, 26, 162, 14190 }, // U+047A
    { 18, 20, 311, 0, 19, 90, 14352 }, // U+047B
    { 31, 32, 534, 1, 32, 248, 14442 }, // U+047C
    { 22, 25, 387, 1, 25, 138, 14690 }, // U+047D
    { 31, 30, 534, 1, 30, 233, 14828 }, // U+047E
    { 22, 23, 384, 1, 23, 127, 15061 }, // U+047F
    { 20, 30, 319, 1, 24, 150, 15188 }, // U+0480
    { 15, 23, 232, 0, 17, 87, 15338 }, // U+0481
    { 22, 25, 359, 0, 24, 138, 15425 }, // U+0482
    { 13, 6, 0, 2, 24, 20, 15563 }, // U+0483
    { 13, 5, 0, 2, 24, 17, 15583 }, // U+0484
    { 4, 6, 0, 7, 24, 6, 15600 }, // U+0485
    { 5, 6, 0, 6, 24, 8, 15606 }, // U+0486
    { 35, 30, 593, 1, 27, 263, 15614 }, // U+0488
    { 34, 34, 579, 1, 28, 289, 15877 }, // U+0489
    { 22, 36, 393, 1, 30, 198, 16166 }, // U+048A
    { 17, 30, 299, 1, 24, 128, 16364 }, // U+048B
    { 18, 24, 325, 1, 24, 108, 16492 }, // U+048C
    { 14, 17, 261, 1, 17, 60, 16600 }, // U+048D
    { 18, 24, 300, 1, 24, 108, 16660 }, // U+048E
    { 17, 23, 282, 0, 17, 98, 16768 }, // U+048F
    { 18, 29, 268, 1, 29, 131, 16866 }, // U+0490
    { 15, 21, 203, -1, 21, 79, 16997 }, // U+0491
    { 19, 24, 290, 0, 24, 114, 17076 }, // U+0492
    { 13, 17, 230, 0, 17, 56, 17190 }, // U+0493
    { 17, 30, 315, 1, 24, 128, 17246 }, // U+0494
    { 14, 23, 243, 0, 17, 81, 17374 }, // U+0495
    { 34, 30, 542, -1, 24, 255, 17455 }, // U+0496
    { 30, 23, 464, -1, 17, 173, 17710 }, // U+0497
    { 18, 30, 286, -1, 24, 135, 17883 }, // U+0498
    { 14, 23, 231, -1, 17, 81, 18018 }, // U+0499
    { 21, 30, 354, 1, 24, 158, 18099 }, // U+049A
    { 17, 23, 280, 0, 17, 98, 18257 }, // U+049B
    { 22, 24, 350, 1, 24, 132, 18355 }, // U+049C
    { 18, 17, 284, 0, 17, 77, 18487 }, // U+049D
    { 23, 24, 373, 1, 24, 138, 18564 }, // U+049E
    { 17, 17, 282, 1, 17, 73, 18702 }, // U+049F
    { 25, 24, 396, 1, 24, 150, 18775 }, // U+04A0
    { 19, 17, 307, 0, 17, 81, 18925 }, // U+04A1
    { 22, 30, 399, 1, 24, 165, 19006 }, // U+04A2
    { 17, 23, 296, 0, 17, 98, 19171 }, // U+04A3
    { 32, 24, 505, 1, 24, 192, 19269 }, // U+04A4
    { 24, 17, 367, 0, 17, 102, 19461 }, // U+04A5
    { 31, 30, 536, 1, 24, 233, 19563 }, // U+04A6
    { 24, 23, 403, 0, 17, 138, 19796 }, // U+04A7
    { 23, 24, 409, 1, 24, 138, 19934 }, // U+04A8
    { 16, 17, 304, 1, 17, 68, 20072 }, // U+04A9
    { 20, 30, 333, 1, 24, 150, 20140 }, // U+04AA
    { 15, 23, 242, 0, 17, 87, 20290 }, // U+04AB
    { 19, 30, 293, 1, 24, 143, 20377 }, // U+04AC
    { 26, 23, 439, 0, 17, 150, 20520 }, // U+04AD
    { 20, 24, 310, 1, 24, 120, 20670 }, // U+04AE
    { 16, 23, 255, 1, 17, 92, 20790 }, // U+04AF
    { 20, 24, 321, 2, 24, 120, 20882 }, // U+04B0
    { 16, 23, 256, 1, 17, 92, 21002 }, // U+04B1
    { 23, 30, 346, -2, 24, 173, 21094 }, // U+04B2
    { 19, 23, 278, -2, 17, 110, 21267 }, // U+04B3
    { 25, 30, 448, 1, 24, 188, 21377 }, // U+04B4
    { 21, 23, 351, 0, 17, 121, 21565 }, // U+04B5
    { 19, 30, 347, 1, 24, 143, 21686 }, // U+04B6
    { 15, 23, 272, 1, 17, 87, 21829 }, // U+04B7
    { 19, 24, 328, 1, 24, 114, 21916 }, // U+04B8
    { 14, 17, 255, 1, 17, 60, 22030 }, // U+04B9
    { 18, 24, 315, 1, 24, 108, 22090 }, // U+04BA
    { 15, 17, 255, 0, 17, 64, 22198 }, // U+04BB
    { 25, 24, 412, 0, 24, 150, 22262 }, // U+04BC
    { 19, 17, 315, 0, 17, 81, 22412 }, // U+04BD
    { 25, 30, 412, 0, 24, 188, 22493 }, // U+04BE
    { 19, 23, 315, 0, 17, 110, 22681 }, // U+04BF
    { 7, 24, 142, 1, 24, 42, 22791 }, // U+04C0
    { 34, 30, 514, -1, 30, 255, 22833 }, // U+04C1
    { 30, 24, 464, -1, 24, 180, 23088 }, // U+04C2
    { 21, 30, 349, 1, 24, 158, 23268 }, // U+04C3
    { 16, 23, 266, 0, 17, 92, 23426 }, // U+04C4
    { 24, 30, 378, -2, 24, 180, 23518 }, // U+04C5
    { 19, 23, 307, -1, 17, 110, 23698 }, // U+04C6
    { 22, 30, 378, 1, 24, 165, 23808 }, // U+04C7
    { 16, 23, 279, 0, 17, 92, 23973 }, // U+04C8
    { 23, 30, 396, 1, 24, 173, 24065 }, // U+04C9
    { 17, 23, 293, 0, 17, 98, 24238 }, // U+04CA
    { 19, 30, 328, 1, 24, 143, 24336 }, // U+04CB
    { 14, 23, 256, 1, 17, 81, 24479 }, // U+04CC
    { 28, 30, 477, 1, 24, 210, 24560 }, // U+04CD
    { 23, 23, 389, 0, 17, 133, 24770 }, // U+04CE
    { 7, 24, 142, 1, 24, 42, 24903 }, // U+04CF
    { 21, 30, 339, -1, 30, 158, 24945 }, // U+04D0
    { 16, 24, 272, 0, 24, 96, 25103 }, // U+04D1
    { 21, 30, 339, -1, 30, 158, 25199 }, // U+04D2
    { 17, 24, 272, 0, 24, 102, 25357 }, // U+04D3
    { 31, 24, 463, -2, 24, 186, 25459 }, // U+04D4
    { 24, 17, 396, 0, 17, 102, 25645 }, // U+04D5
    { 17, 30, 287, 1, 30, 128, 25747 }, // U+04D6
    { 15, 24, 257, 0, 24, 90, 25875 }, // U+04D7
    { 20, 24, 358, 1, 24, 120, 25965 }, // U+04D8
    { 15, 17, 262, 0, 17, 64, 26085 }, // U+04D9
    { 20, 30, 358, 1, 30, 150, 26149 }, // U+04DA
    { 15, 24, 262, 0, 24, 90, 26299 }, // U+04DB
    { 34, 30, 514, -1, 30, 255, 26389 }, // U+04DC
    { 30, 24, 464, -1, 24, 180, 26644 }, // U+04DD
    { 18, 30, 286, -1, 30, 135, 26824 }, // U+04DE
    { 15, 24, 231, -1, 24, 90, 26959 }, // U+04DF
    { 19, 24, 290, -1, 24, 114, 27049 }, // U+04E0
    { 15, 23, 218, -2, 17, 87, 27163 }, // U+04E1
    { 22, 28, 378, 1, 28, 154, 27250 }, // U+04E2
    { 16, 22, 282, 1, 22, 88, 27404 }, // U+04E3
    { 22, 30, 378, 1, 30, 165, 27492 }, // U+04E4
    { 16, 24, 282, 1, 24, 96, 27657 }, // U+04E5
    { 23, 30, 398, 1, 30, 173, 27753 }, // U+04E6
    { 16, 24, 277, 0, 24, 96, 27926 }, // U+04E7
    { 23, 24, 398, 1, 24, 138, 28022 }, // U+04E8
    { 16, 17, 279, 0, 17, 68, 28160 }, // U+04E9
    { 23, 30, 398, 1, 30, 173, 28228 }, // U+04EA
    { 16, 24, 279, 0, 24, 96, 28401 }, // U+04EB
    { 20, 30, 335, 0, 30, 150, 28497 }, // U+04EC
    { 14, 24, 244, 0, 24, 84, 28647 }, // U+04ED
    { 20, 28, 312, 1, 28, 140, 28731 }, // U+04EE
    { 16, 28, 256, 1, 22, 112, 28871 }, // U+04EF
    { 20, 30, 312, 1, 30, 150, 28983 }, // U+04F0
    { 16, 30, 256, 1, 24, 120, 29133 }, // U+04F1
    { 20, 31, 312, 1, 31, 155, 29253 }, // U+04F2
    { 16, 30, 256, 1, 24, 120, 29408 }, // U+04F3
    { 19, 30, 328, 1, 30, 143, 29528 }, // U+04F4
    { 14, 24, 255, 1, 24, 84, 29671 }, // U+04F5
    { 17, 30, 269, 1, 24, 128, 29755 }, // U+04F6
    { 13, 23, 218, 0, 17, 75, 29883 }, // U+04F7
    { 25, 30, 437, 1, 30, 188, 29958 }, // U+04F8
    { 19, 24, 344, 1, 24, 114, 30146 }, // U+04F9
    { 20, 30, 292, 0, 24, 150, 30260 }, // U+04FA
    { 13, 23, 231, 0, 17, 75, 30410 }, // U+04FB
    { 23, 30, 350, -2, 24, 173, 30485 }, // U+04FC
    { 18, 23, 271, -2, 17, 104, 30658 }, // U+04FD
    { 23, 24, 344, -1, 24, 138, 30762 }, // U+04FE
    { 17, 17, 264, -1, 17, 73, 30900 }, // U+04FF
    { 22, 30, 336, -2, 24, 165, 0 }, // U+1EA0
    { 16, 23, 272, 0, 17, 92, 165 }, // U+1EA1
    { 22, 31, 336, -2, 31, 171, 257 }, // U+1EA2
    { 16, 24, 272, 0, 24, 96, 428 }, // U+1EA3
    { 25, 33, 336, -2, 33, 207, 524 }, // U+1EA4
    { 22, 27, 272, 0, 27, 149, 731 }, // U+1EA5
    { 22, 33, 336, -2, 33, 182, 880 }, // U+1EA6
    { 16, 27, 272, 0, 27, 108, 1062 }, // U+1EA7
    { 23, 34, 336, -2, 34, 196, 1170 }, // U+1EA8
    { 19, 28, 272, 0, 28, 133, 1366 }, // U+1EA9
    { 22, 35, 336, -2, 35, 193, 1499 }, // U+1EAA
    { 18, 29, 272, 0, 29, 131, 1692 }, // U+1EAB
    { 22, 36, 336, -2, 30, 198, 1823 }, // U+1EAC
    { 16, 30, 272, 0, 24, 120, 2021 }, // U+1EAD
    { 22, 35, 336, -2, 35, 193, 2141 }, // U+1EAE
    { 17, 29, 272, 0, 29, 124, 2334 }, // U+1EAF
    { 22, 35, 336, -2, 35, 193, 2458 }, // U+1EB0
    { 17, 29, 272, 0, 29, 124, 2651 }, // U+1EB1
    { 22, 35, 336, -2, 35, 193, 2775 }, // U+1EB2
    { 17, 30, 272, 0, 30, 128, 2968 }, // U+1EB3
    { 22, 35, 336, -2, 35, 193, 3096 }, // U+1EB4
    { 17, 29, 272, 0, 29, 124, 3289 }, // U+1EB5
    { 22, 37, 336, -2, 31, 204, 3413 }, // U+1EB6
    { 16, 30, 272, 0, 24, 120, 3617 }, // U+1EB7
    { 17, 30, 287, 1, 24, 128, 3737 }, // U+1EB8
    { 15, 23, 255, 0, 17, 87, 3865 }, // U+1EB9
    { 17, 31, 287, 1, 31, 132, 3952 }, // U+1EBA
    { 15, 24, 255, 0, 24, 90, 4084 }, // U+1EBB
    { 17, 30, 287, 1, 30, 128, 4174 }, // U+1EBC
    { 15, 24, 255, 0, 24, 90, 4302 }, // U+1EBD
    { 21, 33, 287, 1, 33, 174, 4392 }, // U+1EBE
    { 20, 27, 255, 0, 27, 135, 4566 }, // U+1EBF
    { 17, 33, 287, 1, 33, 141, 4701 }, // U+1EC0
    { 15, 27, 255, 0, 27, 102, 4842 }, // U+1EC1
    { 19, 34, 287, 1, 34, 162, 4944 }, // U+1EC2
    { 18, 28, 255, 0, 28, 126, 5106 }, // U+1EC3
    { 17, 35, 287, 1, 35, 149, 5232 }, // U+1EC4
    { 16, 29, 255, 0, 29, 116, 5381 }, // U+1EC5
    { 17, 36, 287, 1, 30, 153, 5497 }, // U+1EC6
    { 15, 30, 255, 0, 24, 113, 5650 }, // U+1EC7
    { 9, 31, 142, 1, 31, 70, 5763 }, // U+1EC8
    { 7, 24, 123, 1, 24, 42, 5833 }, // U+1EC9
    { 8, 30, 142, 0, 24, 60, 5875 }, // U+1ECA
    { 8, 30, 123, 0, 24, 60, 5935 }, // U+1ECB
    { 23, 30, 398, 1, 24, 173, 5995 }, // U+1ECC
    { 16, 23, 277, 0, 17, 92, 6168 }, // U+1ECD
    { 23, 31, 398, 1, 31, 179, 6260 }, // U+1ECE
    { 16, 24, 277, 0, 24, 96, 6439 }, // U+1ECF
    { 24, 33, 398, 1, 33, 198, 6535 }, // U+1ED0
    { 20, 27, 277, 0, 27, 135, 6733 }, // U+1ED1
    { 23, 33, 398, 1, 33, 190, 6868 }, // U+1ED2
    { 16, 27, 277, 0, 27, 108, 7058 }, // U+1ED3
    { 23, 34, 398, 1, 34, 196, 7166 }, // U+1ED4
    { 18, 28, 277, 0, 28, 126, 7362 }, // U+1ED5
    { 23, 35, 398, 1, 35, 202, 7488 }, // U+1ED6
    { 16, 29, 277, 0, 29, 116, 7690 }, // U+1ED7
    { 23, 37, 398, 1, 31, 213, 7806 }, // U+1ED8
    { 16, 30, 277, 0, 24, 120, 8019 }, // U+1ED9
    { 27, 31, 418, 1, 31, 210, 8139 }, // U+1EDA
    { 20, 24, 301, 0, 24, 120, 8349 }, // U+1EDB
    { 27, 31, 418, 1, 31, 210, 8469 }, // U+1EDC
    { 20, 24, 301, 0, 24, 120, 8679 }, // U+1EDD
    { 27, 31, 418, 1, 31, 210, 8799 }, // U+1EDE
    { 20, 24, 301, 0, 24, 120, 9009 }, // U+1EDF
    { 27, 30, 418, 1, 30, 203, 9129 }, // U+1EE0
    { 20, 24, 301, 0, 24, 120, 9332 }, // U+1EE1
    { 27, 33, 419, 1, 27, 223, 9452 }, // U+1EE2
    { 20, 26, 301, 0, 20, 130, 9675 }, // U+1EE3
    { 20, 30, 365, 2, 24, 150, 9805 }, // U+1EE4
    { 16, 23, 282, 1, 17, 92, 9955 }, // U+1EE5
    { 20, 31, 365, 2, 31, 155, 10047 }, // U+1EE6
    { 16, 24, 282, 1, 24, 96, 10202 }, // U+1EE7
    { 26, 31, 419, 2, 31, 202, 10298 }, // U+1EE8
    { 21, 24, 321, 1, 24, 126, 10500 }, // U+1EE9
    { 26, 31, 419, 2, 31, 202, 10626 }, // U+1EEA
    { 21, 24, 321, 1, 24, 126, 10828 }, // U+1EEB
    { 26, 31, 419, 2, 31, 202, 10954 }, // U+1EEC
    { 21, 24, 321, 1, 24, 126, 11156 }, // U+1EED
    { 26, 30, 419, 2, 30, 195, 11282 }, // U+1EEE
    { 21, 24, 321, 1, 24, 126, 11477 }, // U+1EEF
    { 26, 33, 419, 2, 27, 215, 11603 }, // U+1EF0
    { 21, 26, 321, 1, 20, 137, 11818 }, // U+1EF1
    { 20, 31, 310, 1, 31, 155, 11955 }, // U+1EF2
    { 16, 30, 256, 1, 24, 120, 12110 }, // U+1EF3
    { 20, 30, 310, 1, 24, 150, 12230 }, // U+1EF4
    { 16, 23, 256, 1, 17, 92, 12380 }, // U+1EF5
    { 20, 31, 310, 1, 31, 155, 12472 }, // U+1EF6
    { 16, 30, 256, 1, 24, 120, 12627 }, // U+1EF7
    { 20, 30, 310, 1, 30, 150, 12747 }, // U+1EF8
    { 16, 30, 256, 1, 24, 120, 12897 }, // U+1EF9
    { 0, 0, 245, 0, 0, 0, 0 }, // U+2000
    { 0, 0, 368, 0, 0, 0, 0 }, // U+2001
    { 0, 0, 245, 0, 0, 0, 0 }, // U+2002
    { 0, 0, 368, 0, 0, 0, 0 }, // U+2003
    { 0, 0, 163, 0, 0, 0, 0 }, // U+2004
    { 0, 0, 123, 0, 0, 0, 0 }, // U+2005
    { 0, 0, 82, 0, 0, 0, 0 }, // U+2006
    { 0, 0, 284, 0, 0, 0, 0 }, // U+2007
    { 0, 0, 105, 0, 0, 0, 0 }, // U+2008
    { 0, 0, 61, 0, 0, 0, 0 }, // U+2009
    { 0, 0, 31, 0, 0, 0, 0 }, // U+200A
    { 0, 0, 0, 0, 0, 0, 0 }, // U+200B
    { 0, 0, 0, 0, 0, 0, 0 }, // U+200C
    { 0, 0, 0, 0, 0, 0, 0 }, // U+200D
    { 0, 0, 0, 0, 0, 0, 0 }, // U+200E
    { 0, 0, 0, 0, 0, 0, 0 }, // U+200F
    { 9, 2, 187, 1, 11, 5, 0 }, // U+2010
    { 13, 2, 288, 2, 11, 7, 5 }, // U+2012
    { 13, 2, 309, 3, 11, 7, 12 }, // U+2013
    { 22, 2, 392, 1, 11, 11, 19 }, // U+2014
    { 22, 2, 392, 1, 11, 11, 30 }, // U+2015
    { 9, 31, 232, 3, 25, 70, 41 }, // U+2016
    { 14, 6, 253, -1, -2, 21, 111 }, // U+2017
    { 6, 10, 109, 2, 26, 15, 132 }, // U+2018
    { 5, 9, 110, 2, 25, 12, 147 }, // U+2019
    { 5, 9, 107, -1, 4, 12, 159 }, // U+201A
    { 5, 11, 115, 2, 26, 14, 171 }, // U+201B
    { 10, 10, 183, 2, 26, 25, 185 }, // U+201C
    { 10, 9, 184, 2, 25, 23, 210 }, // U+201D
    { 10, 9, 182, -1, 4, 23, 233 }, // U+201E
    { 10, 11, 189, 2, 26, 28, 256 }, // U+201F
    { 15, 30, 309, 3, 24, 113, 284 }, // U+2020
    { 17, 30, 309, 1, 24, 128, 397 }, // U+2021
    { 13, 12, 309, 3, 16, 39, 525 }, // U+2022
    { 22, 4, 399, 0, 4, 22, 564 }, // U+2026
    { 0, 0, 0, 0, 0, 0, 586 }, // U+202A
    { 0, 0, 0, 0, 0, 0, 586 }, // U+202B
    { 0, 0, 0, 0, 0, 0, 586 }, // U+202C
    { 0, 0, 0, 0, 0, 0, 586 }, // U+202D
    { 0, 0, 0, 0, 0, 0, 586 }, // U+202E
    { 0, 0, 123, 0, 0, 0, 586 }, // U+202F
    { 33, 24, 574, 1, 24, 198, 586 }, // U+2030
    { 7, 11, 161, 4, 27, 20, 784 }, // U+2032
    { 13, 11, 258, 4, 27, 36, 804 }, // U+2033
    { 19, 11, 353, 4, 27, 53, 840 }, // U+2034
    { 7, 14, 138, 1, 16, 25, 893 }, // U+2039
    { 6, 14, 138, 1, 16, 21, 918 }, // U+203A
    { 13, 24, 231, 1, 24, 78, 939 }, // U+203C
    { 12, 25, 243, 3, 25, 75, 1017 }, // U+203D
    { 20, 2, 324, 2, 28, 10, 1092 }, // U+203E
    { 19, 24, 75, -7, 24, 114, 1102 }, // U+2044
    { 6, 33, 162, 2, 27, 50, 1216 }, // U+205E
    { 0, 0, 98, 0, 0, 0, 1266 }, // U+205F
    { 0, 0, 0, 0, 0, 0, 1266 }, // U+2060
    { 0, 0, 0, 0, 0, 0, 1266 }, // U+2061
    { 0, 0, 0, 0, 0, 0, 1266 }, // U+2062
    { 0, 0, 0, 0, 0, 0, 1266 }, // U+2063
    { 0, 0, 0, 0, 0, 0, 1266 }, // U+2064
    { 0, 0, 0, 0, 0, 0, 1266 }, // U+2066
    { 0, 0, 0, 0, 0, 0, 1266 }, // U+2067
    { 0, 0, 0, 0, 0, 0, 1266 }, // U+2068
    { 0, 0, 0, 0, 0, 0, 1266 }, // U+2069
    { 0, 0, 0, 0, 0, 0, 1266 }, // U+206A
    { 0, 0, 0, 0, 0, 0, 1266 }, // U+206B
    { 0, 0, 0, 0, 0, 0, 1266 }, // U+206C
    { 0, 0, 0, 0, 0, 0, 1266 }, // U+206D
    { 0, 0, 0, 0, 0, 0, 1266 }, // U+206E
    { 0, 0, 0, 0, 0, 0, 1266 }, // U+206F
    { 10, 12, 178, 2, 27, 30, 0 }, // U+2070
    { 5, 12, 103, 2, 28, 15, 30 }, // U+2071
    { 11, 12, 178, 1, 27, 33, 45 }, // U+2074
    { 9, 12, 178, 2, 27, 27, 78 }, // U+2075
    { 9, 12, 178, 2, 27, 27, 105 }, // U+2076
    { 10, 12, 178, 2, 27, 30, 132 }, // U+2077
    { 9, 13, 178, 2, 28, 30, 162 }, // U+2078
    { 10, 12, 178, 2, 27, 30, 192 }, // U+2079
    { 9, 9, 178, 2, 25, 21, 222 }, // U+207A
    { 8, 2, 178, 3, 22, 4, 243 }, // U+207B
    { 9, 5, 178, 2, 24, 12, 247 }, // U+207C
    { 5, 16, 89, 2, 29, 20, 259 }, // U+207D
    { 5, 17, 89, 1, 29, 22, 279 }, // U+207E
    { 10, 9, 159, 1, 24, 23, 301 }, // U+207F
    { 11, 12, 178, -1, 8, 33, 324 }, // U+2080
    { 7, 12, 178, 1, 8, 21, 357 }, // U+2081
    { 10, 12, 178, -1, 8, 30, 378 }, // U+2082
    { 10, 12, 178, -1, 8, 30, 408 }, // U+2083
    { 10, 12, 178, -1, 8, 30, 438 }, // U+2084
    { 10, 12, 178, -1, 8, 30, 468 }, // U+2085
    { 9, 12, 178, 0, 8, 27, 498 }, // U+2086
    { 10, 12, 178, 0, 8, 30, 525 }, // U+2087
    { 9, 13, 178, 0, 9, 30, 555 }, // U+2088
    { 9, 12, 178, 0, 8, 27, 585 }, // U+2089
    { 9, 9, 178, 0, 6, 21, 612 }, // U+208A
    { 9, 2, 178, 0, 3, 5, 633 }, // U+208B
    { 9, 5, 178, 0, 5, 12, 638 }, // U+208C
    { 5, 16, 89, 0, 10, 20, 650 }, // U+208D
    { 5, 17, 89, -1, 10, 22, 670 }, // U+208E
    { 9, 9, 181, 0, 5, 21, 692 }, // U+208F
    { 8, 9, 137, -1, 5, 18, 713 }, // U+2090
    { 8, 9, 142, -1, 5, 18, 731 }, // U+2091
    { 9, 9, 153, -1, 5, 21, 749 }, // U+2092
    { 10, 9, 142, -2, 5, 23, 770 }, // U+2093
    { 8, 9, 142, -1, 5, 18, 793 }, // U+2094
    { 21, 24, 363, 1, 24, 126, 0 }, // U+20A0
    { 20, 32, 341, 1, 28, 160, 126 }, // U+20A1
    { 21, 24, 348, 1, 24, 126, 286 }, // U+20A2
    { 19, 24, 302, 0, 24, 114, 412 }, // U+20A3
    { 20, 24, 330, 0, 24, 120, 526 }, // U+20A4
    { 24, 24, 421, 1, 20, 144, 646 }, // U+20A5
    { 23, 24, 393, 1, 24, 138, 790 }, // U+20A6
    { 19, 24, 333, 2, 24, 114, 928 }, // U+20A7
    { 26, 24, 472, 2, 24, 156, 1042 }, // U+20A8
    { 31, 24, 522, 1, 24, 186, 1198 }, // U+20A9
    { 23, 19, 419, 1, 19, 110, 1384 }, // U+20AA
    { 19, 28, 305, 0, 24, 133, 1494 }, // U+20AB
    { 22, 24, 364, 1, 24, 132, 1627 }, // U+20AC
    { 23, 24, 369, 1, 24, 138, 1759 }, // U+20AD
    { 18, 24, 311, 2, 24, 108, 1897 }, // U+20AE
    { 38, 30, 628, 0, 24, 285, 2005 }, // U+20AF
    { 19, 32, 312, -1, 25, 152, 2290 }, // U+20B0
    { 19, 24, 309, 1, 24, 114, 2442 }, // U+20B1
    { 21, 32, 365, 1, 28, 168, 2556 }, // U+20B2
    { 22, 24, 368, 0, 24, 132, 2724 }, // U+20B3
    { 17, 24, 298, 1, 24, 102, 2856 }, // U+20B4
    { 20, 32, 342, 1, 28, 160, 2958 }, // U+20B5
    { 18, 24, 318, 2, 24, 108, 3118 }, // U+20B8
    { 17, 24, 285, 1, 24, 102, 3226 }, // U+20B9
    { 17, 24, 309, 1, 24, 102, 3328 }, // U+20BA
    { 31, 20, 533, 1, 20, 155, 0 }, // U+2190
    { 20, 30, 400, 2, 26, 150, 155 }, // U+2191
    { 31, 20, 533, 1, 20, 155, 305 }, // U+2192
    { 20, 30, 400, 2, 24, 150, 460 }, // U+2193
    { 31, 20, 533, 1, 20, 155, 610 }, // U+2194
    { 20, 32, 400, 2, 26, 160, 765 }, // U+2195
    { 22, 22, 400, 2, 21, 121, 925 }, // U+2196
    { 23, 22, 400, 0, 21, 127, 1046 }, // U+2197
    { 23, 22, 400, 0, 22, 127, 1173 }, // U+2198
    { 22, 22, 400, 2, 22, 121, 1300 }, // U+2199
    { 20, 30, 400, 2, 26, 150, 1421 }, // U+21A8
    { 18, 24, 286, 0, 24, 108, 0 }, // U+2202
    { 22, 30, 367, 2, 24, 165, 108 }, // U+220F
    { 23, 30, 336, -1, 24, 173, 273 }, // U+2211
    { 15, 2, 309, 2, 12, 8, 446 }, // U+2212
    { 19, 24, 243, -2, 24, 114, 454 }, // U+2215
    { 6, 5, 137, 1, 12, 8, 568 }, // U+2219
    { 23, 29, 333, 0, 29, 167, 576 }, // U+221A
    { 20, 11, 363, 1, 15, 55, 743 }, // U+221E
    { 17, 16, 327, 2, 16, 68, 798 }, // U+221F
    { 17, 18, 325, 1, 18, 77, 866 }, // U+2229
    { 18, 33, 217, -2, 27, 149, 943 }, // U+222B
    { 15, 9, 309, 2, 15, 34, 1092 }, // U+2248
    { 13, 16, 309, 3, 19, 52, 1126 }, // U+2260
    { 16, 13, 309, 2, 18, 52, 1178 }, // U+2261
    { 16, 18, 309, 2, 19, 72, 1230 }, // U+2264
    { 15, 18, 309, 2, 19, 68, 1302 }, // U+2265
    { 21, 28, 329, 1, 24, 147, 0 }, // U+FB00
    { 16, 28, 284, 1, 24, 112, 147 }, // U+FB01
    { 17, 28, 293, 1, 24, 119, 259 }, // U+FB02
    { 25, 28, 439, 1, 24, 175, 378 }, // U+FB03
    { 27, 28, 447, 1, 24, 189, 553 }, // U+FB04
};

static const EpdUnicodeInterval lato_16_italicIntervals[] = {
    { 0x0, 0x17F, 0x0 },
    { 0x1A0, 0x1A1, 0x180 },
    { 0x1AF, 0x1B0, 0x182 },
    { 0x1C4, 0x21F, 0x184 },
    { 0x300, 0x36F, 0x1E0 },
    { 0x400, 0x486, 0x250 },
    { 0x488, 0x4FF, 0x2D7 },
    { 0x1EA0, 0x1EF9, 0x34F },
    { 0x2000, 0x2010, 0x3A9 },
    { 0x2012, 0x2022, 0x3BA },
    { 0x2026, 0x2026, 0x3CB },
    { 0x202A, 0x2030, 0x3CC },
    { 0x2032, 0x2034, 0x3D3 },
    { 0x2039, 0x203A, 0x3D6 },
    { 0x203C, 0x203E, 0x3D8 },
    { 0x2044, 0x2044, 0x3DB },
    { 0x205E, 0x2064, 0x3DC },
    { 0x2066, 0x2071, 0x3E3 },
    { 0x2074, 0x2094, 0x3EF },
    { 0x20A0, 0x20B5, 0x410 },
    { 0x20B8, 0x20BA, 0x426 },
    { 0x2190, 0x2199, 0x429 },
    { 0x21A8, 0x21A8, 0x433 },
    { 0x2202, 0x2202, 0x434 },
    { 0x220F, 0x220F, 0x435 },
    { 0x2211, 0x2212, 0x436 },
    { 0x2215, 0x2215, 0x438 },
    { 0x2219, 0x221A, 0x439 },
    { 0x221E, 0x221F, 0x43B },
    { 0x2229, 0x2229, 0x43D },
    { 0x222B, 0x222B, 0x43E },
    { 0x2248, 0x2248, 0x43F },
    { 0x2260, 0x2261, 0x440 },
    { 0x2264, 0x2265, 0x442 },
    { 0xFB00, 0xFB04, 0x444 },
};

static const EpdFontGroup lato_16_italicGroups[] = {
    { 0, 3935, 8767, 128, 0 },
    { 3935, 3343, 10135, 128, 128 },
    { 7278, 4331, 16061, 128, 256 },
    { 11609, 4228, 14276, 96, 384 },
    { 15837, 1146, 1966, 112, 480 },
    { 16983, 10511, 33188, 255, 592 },
    { 27494, 2657, 13848, 90, 847 },
    { 30151, 672, 1460, 68, 937 },
    { 30823, 630, 1018, 35, 1005 },
    { 31453, 1769, 3674, 25, 1040 },
    { 33222, 494, 1618, 11, 1065 },
    { 33716, 601, 1478, 16, 1076 },
    { 34317, 361, 812, 5, 1092 },
};

static const EpdKernClassEntry lato_16_italicKernLeftClasses[] = {
    { 0x0022, 1 }, // "
    { 0x0026, 2 }, // &
    { 0x0027, 1 }, // '
    { 0x0028, 3 }, // (
    { 0x002A, 4 }, // *
    { 0x002C, 5 }, // ,
    { 0x002E, 6 }, // .
    { 0x002F, 7 }, // /
    { 0x0030, 8 }, // 0
    { 0x0032, 9 }, // 2
    { 0x0033, 10 }, // 3
    { 0x0034, 11 }, // 4
    { 0x0037, 12 }, // 7
    { 0x0038, 13 }, // 8
    { 0x0039, 14 }, // 9
    { 0x003A, 15 }, // :
    { 0x003B, 16 }, // ;
    { 0x0040, 17 }, // @
    { 0x0041, 18 }, // A
    { 0x0042, 19 }, // B
    { 0x0043, 20 }, // C
    { 0x0044, 21 }, // D
    { 0x0045, 22 }, // E
    { 0x0046, 23 }, // F
    { 0x0047, 24 }, // G
    { 0x0048, 25 }, // H
    { 0x0049, 25 }, // I
    { 0x004A, 26 }, // J
    { 0x004B, 27 }, // K
    { 0x004C, 28 }, // L
    { 0x004D, 25 }, // M
    { 0x004E, 25 }, // N
    { 0x004F, 29 }, // O
    { 0x0050, 30 }, // P
    { 0x0051, 31 }, // Q
    { 0x0052, 32 }, // R
    { 0x0053, 33 }, // S
    { 0x0054, 34 }, // T
    { 0x0055, 35 }, // U
    { 0x0056, 36 }, // V
    { 0x0057, 37 }, // W
    { 0x0058, 38 }, // X
    { 0x0059, 39 }, // Y
    { 0x005A, 40 }, // Z
    { 0x005B, 41 }, // [
    { 0x005C, 42 }, // <backslash>
    { 0x0061, 43 }, // a
    { 0x0062, 44 }, // b
    { 0x0063, 45 }, // c
    { 0x0064, 46 }, // d
    { 0x0065, 47 }, // e
    { 0x0066, 48 }, // f
    { 0x0067, 49 }, // g
    { 0x0068, 50 }, // h
    { 0x0069, 51 }, // i
    { 0x006A, 52 }, // j
    { 0x006B, 53 }, // k
    { 0x006C, 54 }, // l
    { 0x006D, 50 }, // m
    { 0x006E, 50 }, // n
    { 0x006F, 55 }, // o
    { 0x0070, 44 }, // p
    { 0x0071, 56 }, // q
    { 0x0072, 57 }, // r
    { 0x0073, 58 }, // s
    { 0x0074, 59 }, // t
    { 0x0075, 56 }, // u
    { 0x0076, 60 }, // v
    { 0x0077, 61 }, // w
    { 0x0078, 62 }, // x
    { 0x0079, 63 }, // y
    { 0x007A, 64 }, // z
    { 0x007B, 65 }, // {
    { 0x007C, 66 }, // |
    { 0x00A0, 67 }, // U+00A0
    { 0x00A1, 68 }, // U+00A1
    { 0x00AB, 69 }, // U+00AB
    { 0x00AD, 70 }, // U+00AD
    { 0x00B0, 71 }, // U+00B0
    { 0x00BB, 72 }, // U+00BB
    { 0x00BF, 73 }, // U+00BF
    { 0x00C0, 18 }, // U+00C0
    { 0x00C1, 18 }, // U+00C1
    { 0x00C2, 18 }, // U+00C2
    { 0x00C3, 18 }, // U+00C3
    { 0x00C4, 18 }, // U+00C4
    { 0x00C5, 18 }, // U+00C5
    { 0x00C6, 22 }, // U+00C6
    { 0x00C7, 20 }, // U+00C7
    { 0x00C8, 22 }, // U+00C8
    { 0x00C9, 22 }, // U+00C9
    { 0x00CA, 22 }, // U+00CA
    { 0x00CB, 22 }, // U+00CB
    { 0x00CC, 25 }, // U+00CC
    { 0x00CD, 25 }, // U+00CD
    { 0x00CE, 74 }, // U+00CE
    { 0x00CF, 75 }, // U+00CF
    { 0x00D0, 21 }, // U+00D0
    { 0x00D1, 25 }, // U+00D1
    { 0x00D2, 29 }, // U+00D2
    { 0x00D3, 29 }, // U+00D3
    { 0x00D4, 29 }, // U+00D4
    { 0x00D5, 29 }, // U+00D5
    { 0x00D6, 29 }, // U+00D6
    { 0x00D8, 76 }, // U+00D8
    { 0x00D9, 35 }, // U+00D9
    { 0x00DA, 35 }, // U+00DA
    { 0x00DB, 35 }, // U+00DB
    { 0x00DC, 35 }, // U+00DC
    { 0x00DD, 39 }, // U+00DD
    { 0x00DE, 77 }, // U+00DE
    { 0x00DF, 78 }, // U+00DF
    { 0x00E0, 43 }, // U+00E0
    { 0x00E1, 79 }, // U+00E1
    { 0x00E2, 43 }, // U+00E2
    { 0x00E3, 43 }, // U+00E3
    { 0x00E4, 43 }, // U+00E4
    { 0x00E5, 43 }, // U+00E5
    { 0x00E6, 47 }, // U+00E6
    { 0x00E7, 45 }, // U+00E7
    { 0x00E8, 47 }, // U+00E8
    { 0x00E9, 47 }, // U+00E9
    { 0x00EA, 47 }, // U+00EA
    { 0x00EB, 47 }, // U+00EB
    { 0x00EC, 51 }, // U+00EC
    { 0x00ED, 80 }, // U+00ED
    { 0x00EE, 81 }, // U+00EE
    { 0x00EF, 82 }, // U+00EF
    { 0x00F0, 83 }, // U+00F0
    { 0x00F1, 50 }, // U+00F1
    { 0x00F2, 55 }, // U+00F2
    { 0x00F3, 55 }, // U+00F3
    { 0x00F4, 55 }, // U+00F4
    { 0x00F5, 55 }, // U+00F5
    { 0x00F6, 55 }, // U+00F6
    { 0x00F8, 84 }, // U+00F8
    { 0x00F9, 56 }, // U+00F9
    { 0x00FA, 56 }, // U+00FA
    { 0x00FB, 56 }, // U+00FB
    { 0x00FC, 56 }, // U+00FC
    { 0x00FD, 63 }, // U+00FD
    { 0x00FE, 44 }, // U+00FE
    { 0x00FF, 63 }, // U+00FF
    { 0x0100, 18 }, // U+0100
    { 0x0101, 43 }, // U+0101
    { 0x0102, 18 }, // U+0102
    { 0x0103, 43 }, // U+0103
    { 0x0104, 85 }, // U+0104
    { 0x0105, 86 }, // U+0105
    { 0x0106, 20 }, // U+0106
    { 0x0107, 87 }, // U+0107
    { 0x0108, 20 }, // U+0108
    { 0x0109, 45 }, // U+0109
    { 0x010A, 20 }, // U+010A
    { 0x010B, 45 }, // U+010B
    { 0x010C, 20 }, // U+010C
    { 0x010D, 88 }, // U+010D
    { 0x010E, 21 }, // U+010E
    { 0x010F, 89 }, // U+010F
    { 0x0110, 21 }, // U+0110
    { 0x0111, 90 }, // U+0111
    { 0x0112, 22 }, // U+0112
    { 0x0113, 47 }, // U+0113
    { 0x0114, 22 }, // U+0114
    { 0x0115, 47 }, // U+0115
    { 0x0116, 22 }, // U+0116
    { 0x0117, 47 }, // U+0117
    { 0x0118, 91 }, // U+0118
    { 0x0119, 47 }, // U+0119
    { 0x011A, 22 }, // U+011A
    { 0x011B, 47 }, // U+011B
    { 0x011C, 24 }, // U+011C
    { 0x011D, 49 }, // U+011D
    { 0x011E, 24 }, // U+011E
    { 0x011F, 49 }, // U+011F
    { 0x0120, 24 }, // U+0120
    { 0x0121, 49 }, // U+0121
    { 0x0122, 24 }, // U+0122
    { 0x0123, 49 }, // U+0123
    { 0x0124, 25 }, // U+0124
    { 0x0125, 50 }, // U+0125
    { 0x0126, 92 }, // U+0126
    { 0x0127, 50 }, // U+0127
    { 0x0128, 25 }, // U+0128
    { 0x0129, 93 }, // U+0129
    { 0x012A, 94 }, // U+012A
    { 0x012B, 95 }, // U+012B
    { 0x012C, 25 }, // U+012C
    { 0x012D, 96 }, // U+012D
    { 0x012E, 25 }, // U+012E
    { 0x012F, 97 }, // U+012F
    { 0x0130, 25 }, // U+0130
    { 0x0131, 51 }, // U+0131
    { 0x0132, 26 }, // U+0132
    { 0x0133, 51 }, // U+0133
    { 0x0134, 98 }, // U+0134
    { 0x0135, 99 }, // U+0135
    { 0x0136, 27 }, // U+0136
    { 0x0137, 53 }, // U+0137
    { 0x0138, 53 }, // U+0138
    { 0x0139, 28 }, // U+0139
    { 0x013A, 54 }, // U+013A
    { 0x013B, 28 }, // U+013B
    { 0x013C, 54 }, // U+013C
    { 0x013D, 100 }, // U+013D
    { 0x013E, 101 }, // U+013E
    { 0x013F, 102 }, // U+013F
    { 0x0140, 103 }, // U+0140
    { 0x0141, 28 }, // U+0141
    { 0x0142, 104 }, // U+0142
    { 0x0143, 25 }, // U+0143
    { 0x0144, 50 }, // U+0144
    { 0x0145, 25 }, // U+0145
    { 0x0146, 50 }, // U+0146
    { 0x0147, 25 }, // U+0147
    { 0x0148, 50 }, // U+0148
    { 0x0149, 50 }, // U+0149
    { 0x014A, 25 }, // U+014A
    { 0x014B, 50 }, // U+014B
    { 0x014C, 29 }, // U+014C
    { 0x014D, 55 }, // U+014D
    { 0x014E, 29 }, // U+014E
    { 0x014F, 55 }, // U+014F
    { 0x0150, 29 }, // U+0150
    { 0x0151, 105 }, // U+0151
    { 0x0152, 22 }, // U+0152
    { 0x0153, 47 }, // U+0153
    { 0x0154, 32 }, // U+0154
    { 0x0155, 106 }, // U+0155
    { 0x0156, 32 }, // U+0156
    { 0x0157, 57 }, // U+0157
    { 0x0158, 32 }, // U+0158
    { 0x0159, 107 }, // U+0159
    { 0x015A, 33 }, // U+015A
    { 0x015B, 108 }, // U+015B
    { 0x015C, 33 }, // U+015C
    { 0x015D, 58 }, // U+015D
    { 0x015E, 33 }, // U+015E
    { 0x015F, 58 }, // U+015F
    { 0x0160, 33 }, // U+0160
    { 0x0161, 109 }, // U+0161
    { 0x0162, 34 }, // U+0162
    { 0x0163, 59 }, // U+0163
    { 0x0164, 34 }, // U+0164
    { 0x0165, 110 }, // U+0165
    { 0x0166, 111 }, // U+0166
    { 0x0167, 59 }, // U+0167
    { 0x0168, 35 }, // U+0168
    { 0x0169, 56 }, // U+0169
    { 0x016A, 35 }, // U+016A
    { 0x016B, 56 }, // U+016B
    { 0x016C, 35 }, // U+016C
    { 0x016D, 56 }, // U+016D
    { 0x016E, 35 }, // U+016E
    { 0x016F, 56 }, // U+016F
    { 0x0170, 35 }, // U+0170
    { 0x0171, 56 }, // U+0171
    { 0x0172, 35 }, // U+0172
    { 0x0173, 112 }, // U+0173
    { 0x0174, 37 }, // U+0174
    { 0x0175, 61 }, // U+0175
    { 0x0176, 39 }, // U+0176
    { 0x0177, 63 }, // U+0177
    { 0x0178, 39 }, // U+0178
    { 0x0179, 40 }, // U+0179
    { 0x017A, 64 }, // U+017A
    { 0x017B, 40 }, // U+017B
    { 0x017C, 64 }, // U+017C
    { 0x017D, 40 }, // U+017D
    { 0x017E, 64 }, // U+017E
    { 0x017F, 113 }, // U+017F
    { 0x01A0, 114 }, // U+01A0
    { 0x01A1, 115 }, // U+01A1
    { 0x01AF, 116 }, // U+01AF
    { 0x01B0, 117 }, // U+01B0
    { 0x01C4, 40 }, // U+01C4
    { 0x01C5, 118 }, // U+01C5
    { 0x01C6, 64 }, // U+01C6
    { 0x01C7, 26 }, // U+01C7
    { 0x01C8, 52 }, // U+01C8
    { 0x01C9, 51 }, // U+01C9
    { 0x01CA, 26 }, // U+01CA
    { 0x01CB, 52 }, // U+01CB
    { 0x01CC, 51 }, // U+01CC
    { 0x01CD, 18 }, // U+01CD
    { 0x01CE, 43 }, // U+01CE
    { 0x01CF, 25 }, // U+01CF
    { 0x01D0, 119 }, // U+01D0
    { 0x01D1, 29 }, // U+01D1
    { 0x01D2, 55 }, // U+01D2
    { 0x01D3, 35 }, // U+01D3
    { 0x01D4, 56 }, // U+01D4
    { 0x01D5, 35 }, // U+01D5
    { 0x01D6, 56 }, // U+01D6
    { 0x01D7, 35 }, // U+01D7
    { 0x01D8, 56 }, // U+01D8
    { 0x01D9, 35 }, // U+01D9
    { 0x01DA, 56 }, // U+01DA
    { 0x01DB, 35 }, // U+01DB
    { 0x01DC, 56 }, // U+01DC
    { 0x01DD, 55 }, // U+01DD
    { 0x01DE, 18 }, // U+01DE
    { 0x01DF, 43 }, // U+01DF
    { 0x01E0, 18 }, // U+01E0
    { 0x01E1, 43 }, // U+01E1
    { 0x01E2, 22 }, // U+01E2
    { 0x01E3, 47 }, // U+01E3
    { 0x01E4, 120 }, // U+01E4
    { 0x01E5, 121 }, // U+01E5
    { 0x01E6, 24 }, // U+01E6
    { 0x01E7, 49 }, // U+01E7
    { 0x01E8, 27 }, // U+01E8
    { 0x01E9, 53 }, // U+01E9
    { 0x01EA, 29 }, // U+01EA
    { 0x01EB, 55 }, // U+01EB
    { 0x01EC, 29 }, // U+01EC
    { 0x01ED, 55 }, // U+01ED
    { 0x01EE, 122 }, // U+01EE
    { 0x01EF, 123 }, // U+01EF
    { 0x01F0, 124 }, // U+01F0
    { 0x01F1, 40 }, // U+01F1
    { 0x01F2, 64 }, // U+01F2
    { 0x01F3, 64 }, // U+01F3
    { 0x01F4, 24 }, // U+01F4
    { 0x01F5, 49 }, // U+01F5
    { 0x01F7, 125 }, // U+01F7
    { 0x01F8, 25 }, // U+01F8
    { 0x01F9, 50 }, // U+01F9
    { 0x01FA, 18 }, // U+01FA
    { 0x01FB, 43 }, // U+01FB
    { 0x01FC, 22 }, // U+01FC
    { 0x01FD, 47 }, // U+01FD
    { 0x01FE, 76 }, // U+01FE
    { 0x01FF, 126 }, // U+01FF
    { 0x0200, 18 }, // U+0200
    { 0x0201, 43 }, // U+0201
    { 0x0202, 18 }, // U+0202
    { 0x0203, 43 }, // U+0203
    { 0x0204, 22 }, // U+0204
    { 0x0205, 47 }, // U+0205
    { 0x0206, 22 }, // U+0206
    { 0x0207, 47 }, // U+0207
    { 0x0208, 25 }, // U+0208
    { 0x0209, 51 }, // U+0209
    { 0x020A, 127 }, // U+020A
    { 0x020B, 128 }, // U+020B
    { 0x020C, 29 }, // U+020C
    { 0x020D, 55 }, // U+020D
    { 0x020E, 29 }, // U+020E
    { 0x020F, 55 }, // U+020F
    { 0x0210, 32 }, // U+0210
    { 0x0211, 57 }, // U+0211
    { 0x0212, 32 }, // U+0212
    { 0x0213, 57 }, // U+0213
    { 0x0214, 35 }, // U+0214
    { 0x0215, 56 }, // U+0215
    { 0x0216, 35 }, // U+0216
    { 0x0217, 56 }, // U+0217
    { 0x0218, 33 }, // U+0218
    { 0x0219, 58 }, // U+0219
    { 0x021A, 34 }, // U+021A
    { 0x021B, 59 }, // U+021B
    { 0x021C, 122 }, // U+021C
    { 0x021D, 123 }, // U+021D
    { 0x021E, 25 }, // U+021E
    { 0x021F, 50 }, // U+021F
    { 0x0401, 129 }, // U+0401
    { 0x0402, 130 }, // U+0402
    { 0x0403, 131 }, // U+0403
    { 0x0404, 132 }, // U+0404
    { 0x0405, 133 }, // U+0405
    { 0x0406, 134 }, // U+0406
    { 0x0407, 135 }, // U+0407
    { 0x0408, 136 }, // U+0408
    { 0x0409, 137 }, // U+0409
    { 0x040A, 137 }, // U+040A
    { 0x040B, 138 }, // U+040B
    { 0x040C, 139 }, // U+040C
    { 0x040D, 134 }, // U+040D
    { 0x040E, 140 }, // U+040E
    { 0x040F, 134 }, // U+040F
    { 0x0410, 141 }, // U+0410
    { 0x0411, 142 }, // U+0411
    { 0x0412, 143 }, // U+0412
    { 0x0413, 131 }, // U+0413
    { 0x0414, 144 }, // U+0414
    { 0x0415, 129 }, // U+0415
    { 0x0416, 145 }, // U+0416
    { 0x0417, 146 }, // U+0417
    { 0x0418, 134 }, // U+0418
    { 0x0419, 134 }, // U+0419
    { 0x041A, 139 }, // U+041A
    { 0x041B, 134 }, // U+041B
    { 0x041C, 134 }, // U+041C
    { 0x041D, 134 }, // U+041D
    { 0x041E, 147 }, // U+041E
    { 0x041F, 134 }, // U+041F
    { 0x0420, 148 }, // U+0420
    { 0x0421, 149 }, // U+0421
    { 0x0422, 150 }, // U+0422
    { 0x0423, 140 }, // U+0423
    { 0x0424, 151 }, // U+0424
    { 0x0425, 152 }, // U+0425
    { 0x0426, 153 }, // U+0426
    { 0x0427, 134 }, // U+0427
    { 0x0428, 134 }, // U+0428
    { 0x0429, 153 }, // U+0429
    { 0x042A, 137 }, // U+042A
    { 0x042B, 134 }, // U+042B
    { 0x042C, 137 }, // U+042C
    { 0x042D, 147 }, // U+042D
    { 0x042E, 147 }, // U+042E
    { 0x042F, 134 }, // U+042F
    { 0x0430, 154 }, // U+0430
    { 0x0431, 155 }, // U+0431
    { 0x0432, 156 }, // U+0432
    { 0x0433, 157 }, // U+0433
    { 0x0434, 158 }, // U+0434
    { 0x0435, 159 }, // U+0435
    { 0x0436, 160 }, // U+0436
    { 0x0437, 161 }, // U+0437
    { 0x0438, 162 }, // U+0438
    { 0x0439, 162 }, // U+0439
    { 0x043A, 163 }, // U+043A
    { 0x043B, 162 }, // U+043B
    { 0x043C, 162 }, // U+043C
    { 0x043D, 162 }, // U+043D
    { 0x043E, 164 }, // U+043E
    { 0x043F, 165 }, // U+043F
    { 0x0440, 166 }, // U+0440
    { 0x0441, 167 }, // U+0441
    { 0x0442, 165 }, // U+0442
    { 0x0443, 168 }, // U+0443
    { 0x0444, 166 }, // U+0444
    { 0x0445, 169 }, // U+0445
    { 0x0446, 170 }, // U+0446
    { 0x0447, 162 }, // U+0447
    { 0x0448, 162 }, // U+0448
    { 0x0449, 170 }, // U+0449
    { 0x044A, 171 }, // U+044A
    { 0x044B, 162 }, // U+044B
    { 0x044C, 171 }, // U+044C
    { 0x044D, 164 }, // U+044D
    { 0x044E, 164 }, // U+044E
    { 0x044F, 162 }, // U+044F
    { 0x0451, 159 }, // U+0451
    { 0x0452, 172 }, // U+0452
    { 0x0453, 173 }, // U+0453
    { 0x0454, 174 }, // U+0454
    { 0x0455, 175 }, // U+0455
    { 0x0456, 176 }, // U+0456
    { 0x0457, 177 }, // U+0457
    { 0x0458, 176 }, // U+0458
    { 0x0459, 171 }, // U+0459
    { 0x045A, 171 }, // U+045A
    { 0x045B, 165 }, // U+045B
    { 0x045C, 163 }, // U+045C
    { 0x045D, 162 }, // U+045D
    { 0x045E, 168 }, // U+045E
    { 0x045F, 162 }, // U+045F
    { 0x0460, 178 }, // U+0460
    { 0x0461, 179 }, // U+0461
    { 0x0462, 137 }, // U+0462
    { 0x0463, 171 }, // U+0463
    { 0x0464, 132 }, // U+0464
    { 0x0465, 174 }, // U+0465
    { 0x0466, 180 }, // U+0466
    { 0x0467, 181 }, // U+0467
    { 0x0468, 180 }, // U+0468
    { 0x0469, 181 }, // U+0469
    { 0x046A, 182 }, // U+046A
    { 0x046B, 183 }, // U+046B
    { 0x046C, 182 }, // U+046C
    { 0x046D, 183 }, // U+046D
    { 0x046E, 184 }, // U+046E
    { 0x046F, 185 }, // U+046F
    { 0x0470, 186 }, // U+0470
    { 0x0471, 187 }, // U+0471
    { 0x0472, 147 }, // U+0472
    { 0x0473, 164 }, // U+0473
    { 0x0474, 188 }, // U+0474
    { 0x0475, 189 }, // U+0475
    { 0x0476, 188 }, // U+0476
    { 0x0477, 189 }, // U+0477
    { 0x0478, 190 }, // U+0478
    { 0x0479, 168 }, // U+0479
    { 0x047A, 147 }, // U+047A
    { 0x047B, 164 }, // U+047B
    { 0x047C, 178 }, // U+047C
    { 0x047D, 191 }, // U+047D
    { 0x047E, 178 }, // U+047E
    { 0x047F, 179 }, // U+047F
    { 0x0480, 192 }, // U+0480
    { 0x0481, 193 }, // U+0481
    { 0x048A, 194 }, // U+048A
    { 0x048B, 170 }, // U+048B
    { 0x048C, 137 }, // U+048C
    { 0x048D, 171 }, // U+048D
    { 0x048E, 148 }, // U+048E
    { 0x048F, 164 }, // U+048F
    { 0x0490, 131 }, // U+0490
    { 0x0491, 195 }, // U+0491
    { 0x0492, 196 }, // U+0492
    { 0x0493, 157 }, // U+0493
    { 0x0494, 197 }, // U+0494
    { 0x0495, 198 }, // U+0495
    { 0x0496, 199 }, // U+0496
    { 0x0497, 160 }, // U+0497
    { 0x0498, 146 }, // U+0498
    { 0x0499, 161 }, // U+0499
    { 0x049A, 200 }, // U+049A
    { 0x049B, 201 }, // U+049B
    { 0x049C, 202 }, // U+049C
    { 0x049D, 203 }, // U+049D
    { 0x049E, 139 }, // U+049E
    { 0x049F, 163 }, // U+049F
    { 0x04A0, 139 }, // U+04A0
    { 0x04A1, 163 }, // U+04A1
    { 0x04A2, 144 }, // U+04A2
    { 0x04A3, 170 }, // U+04A3
    { 0x04A4, 131 }, // U+04A4
    { 0x04A5, 204 }, // U+04A5
    { 0x04A6, 205 }, // U+04A6
    { 0x04A7, 206 }, // U+04A7
    { 0x04A8, 207 }, // U+04A8
    { 0x04A9, 208 }, // U+04A9
    { 0x04AA, 149 }, // U+04AA
    { 0x04AB, 167 }, // U+04AB
    { 0x04AC, 150 }, // U+04AC
    { 0x04AD, 209 }, // U+04AD
    { 0x04AE, 210 }, // U+04AE
    { 0x04AF, 211 }, // U+04AF
    { 0x04B0, 212 }, // U+04B0
    { 0x04B1, 213 }, // U+04B1
    { 0x04B2, 214 }, // U+04B2
    { 0x04B3, 215 }, // U+04B3
    { 0x04B4, 144 }, // U+04B4
    { 0x04B5, 170 }, // U+04B5
    { 0x04B6, 144 }, // U+04B6
    { 0x04B7, 170 }, // U+04B7
    { 0x04B8, 134 }, // U+04B8
    { 0x04B9, 162 }, // U+04B9
    { 0x04BA, 216 }, // U+04BA
    { 0x04BB, 217 }, // U+04BB
    { 0x04BC, 218 }, // U+04BC
    { 0x04BD, 159 }, // U+04BD
    { 0x04BE, 218 }, // U+04BE
    { 0x04BF, 159 }, // U+04BF
    { 0x04C0, 134 }, // U+04C0
    { 0x04C1, 145 }, // U+04C1
    { 0x04C2, 160 }, // U+04C2
    { 0x04C3, 219 }, // U+04C3
    { 0x04C4, 220 }, // U+04C4
    { 0x04C5, 144 }, // U+04C5
    { 0x04C6, 170 }, // U+04C6
    { 0x04C7, 134 }, // U+04C7
    { 0x04C8, 162 }, // U+04C8
    { 0x04C9, 144 }, // U+04C9
    { 0x04CA, 170 }, // U+04CA
    { 0x04CB, 134 }, // U+04CB
    { 0x04CC, 162 }, // U+04CC
    { 0x04CD, 144 }, // U+04CD
    { 0x04CE, 170 }, // U+04CE
    { 0x04CF, 134 }, // U+04CF
    { 0x04D0, 141 }, // U+04D0
    { 0x04D1, 154 }, // U+04D1
    { 0x04D2, 141 }, // U+04D2
    { 0x04D3, 154 }, // U+04D3
    { 0x04D4, 129 }, // U+04D4
    { 0x04D5, 159 }, // U+04D5
    { 0x04D6, 129 }, // U+04D6
    { 0x04D7, 159 }, // U+04D7
    { 0x04D8, 147 }, // U+04D8
    { 0x04D9, 164 }, // U+04D9
    { 0x04DA, 147 }, // U+04DA
    { 0x04DB, 164 }, // U+04DB
    { 0x04DC, 145 }, // U+04DC
    { 0x04DD, 160 }, // U+04DD
    { 0x04DE, 146 }, // U+04DE
    { 0x04DF, 161 }, // U+04DF
    { 0x04E0, 221 }, // U+04E0
    { 0x04E1, 222 }, // U+04E1
    { 0x04E2, 134 }, // U+04E2
    { 0x04E3, 162 }, // U+04E3
    { 0x04E4, 134 }, // U+04E4
    { 0x04E5, 162 }, // U+04E5
    { 0x04E6, 147 }, // U+04E6
    { 0x04E7, 164 }, // U+04E7
    { 0x04E8, 147 }, // U+04E8
    { 0x04E9, 164 }, // U+04E9
    { 0x04EA, 147 }, // U+04EA
    { 0x04EB, 164 }, // U+04EB
    { 0x04EC, 147 }, // U+04EC
    { 0x04ED, 164 }, // U+04ED
    { 0x04EE, 140 }, // U+04EE
    { 0x04EF, 168 }, // U+04EF
    { 0x04F0, 140 }, // U+04F0
    { 0x04F1, 168 }, // U+04F1
    { 0x04F2, 140 }, // U+04F2
    { 0x04F3, 168 }, // U+04F3
    { 0x04F4, 134 }, // U+04F4
    { 0x04F5, 162 }, // U+04F5
    { 0x04F6, 131 }, // U+04F6
    { 0x04F7, 157 }, // U+04F7
    { 0x04F8, 134 }, // U+04F8
    { 0x04F9, 162 }, // U+04F9
    { 0x04FA, 223 }, // U+04FA
    { 0x04FB, 157 }, // U+04FB
    { 0x04FC, 224 }, // U+04FC
    { 0x04FD, 225 }, // U+04FD
    { 0x04FE, 226 }, // U+04FE
    { 0x04FF, 227 }, // U+04FF
    { 0x1EA0, 18 }, // U+1EA0
    { 0x1EA1, 43 }, // U+1EA1
    { 0x1EA2, 18 }, // U+1EA2
    { 0x1EA3, 43 }, // U+1EA3
    { 0x1EA4, 18 }, // U+1EA4
    { 0x1EA5, 228 }, // U+1EA5
    { 0x1EA6, 18 }, // U+1EA6
    { 0x1EA7, 43 }, // U+1EA7
    { 0x1EA8, 18 }, // U+1EA8
    { 0x1EA9, 229 }, // U+1EA9
    { 0x1EAA, 18 }, // U+1EAA
    { 0x1EAB, 43 }, // U+1EAB
    { 0x1EAC, 18 }, // U+1EAC
    { 0x1EAD, 43 }, // U+1EAD
    { 0x1EAE, 18 }, // U+1EAE
    { 0x1EAF, 43 }, // U+1EAF
    { 0x1EB0, 18 }, // U+1EB0
    { 0x1EB1, 43 }, // U+1EB1
    { 0x1EB2, 18 }, // U+1EB2
    { 0x1EB3, 43 }, // U+1EB3
    { 0x1EB4, 18 }, // U+1EB4
    { 0x1EB5, 43 }, // U+1EB5
    { 0x1EB6, 18 }, // U+1EB6
    { 0x1EB7, 43 }, // U+1EB7
    { 0x1EB8, 22 }, // U+1EB8
    { 0x1EB9, 47 }, // U+1EB9
    { 0x1EBA, 22 }, // U+1EBA
    { 0x1EBB, 47 }, // U+1EBB
    { 0x1EBC, 22 }, // U+1EBC
    { 0x1EBD, 47 }, // U+1EBD
    { 0x1EBE, 22 }, // U+1EBE
    { 0x1EBF, 230 }, // U+1EBF
    { 0x1EC0, 22 }, // U+1EC0
    { 0x1EC1, 47 }, // U+1EC1
    { 0x1EC2, 22 }, // U+1EC2
    { 0x1EC3, 231 }, // U+1EC3
    { 0x1EC4, 22 }, // U+1EC4
    { 0x1EC5, 47 }, // U+1EC5
    { 0x1EC6, 22 }, // U+1EC6
    { 0x1EC7, 47 }, // U+1EC7
    { 0x1EC8, 25 }, // U+1EC8
    { 0x1EC9, 51 }, // U+1EC9
    { 0x1ECA, 25 }, // U+1ECA
    { 0x1ECB, 51 }, // U+1ECB
    { 0x1ECC, 29 }, // U+1ECC
    { 0x1ECD, 55 }, // U+1ECD
    { 0x1ECE, 29 }, // U+1ECE
    { 0x1ECF, 55 }, // U+1ECF
    { 0x1ED0, 29 }, // U+1ED0
    { 0x1ED1, 232 }, // U+1ED1
    { 0x1ED2, 29 }, // U+1ED2
    { 0x1ED3, 55 }, // U+1ED3
    { 0x1ED4, 29 }, // U+1ED4
    { 0x1ED5, 233 }, // U+1ED5
    { 0x1ED6, 29 }, // U+1ED6
    { 0x1ED7, 55 }, // U+1ED7
    { 0x1ED8, 29 }, // U+1ED8
    { 0x1ED9, 55 }, // U+1ED9
    { 0x1EDA, 114 }, // U+1EDA
    { 0x1EDB, 115 }, // U+1EDB
    { 0x1EDC, 114 }, // U+1EDC
    { 0x1EDD, 115 }, // U+1EDD
    { 0x1EDE, 114 }, // U+1EDE
    { 0x1EDF, 115 }, // U+1EDF
    { 0x1EE0, 114 }, // U+1EE0
    { 0x1EE1, 115 }, // U+1EE1
    { 0x1EE2, 114 }, // U+1EE2
    { 0x1EE3, 115 }, // U+1EE3
    { 0x1EE4, 35 }, // U+1EE4
    { 0x1EE5, 56 }, // U+1EE5
    { 0x1EE6, 35 }, // U+1EE6
    { 0x1EE7, 56 }, // U+1EE7
    { 0x1EE8, 116 }, // U+1EE8
    { 0x1EE9, 117 }, // U+1EE9
    { 0x1EEA, 116 }, // U+1EEA
    { 0x1EEB, 117 }, // U+1EEB
    { 0x1EEC, 116 }, // U+1EEC
    { 0x1EED, 117 }, // U+1EED
    { 0x1EEE, 116 }, // U+1EEE
    { 0x1EEF, 117 }, // U+1EEF
    { 0x1EF0, 116 }, // U+1EF0
    { 0x1EF1, 117 }, // U+1EF1
    { 0x1EF2, 39 }, // U+1EF2
    { 0x1EF3, 63 }, // U+1EF3
    { 0x1EF4, 39 }, // U+1EF4
    { 0x1EF5, 234 }, // U+1EF5
    { 0x1EF6, 39 }, // U+1EF6
    { 0x1EF7, 63 }, // U+1EF7
    { 0x1EF8, 39 }, // U+1EF8
    { 0x1EF9, 63 }, // U+1EF9
    { 0x2014, 70 }, // U+2014
    { 0x2015, 70 }, // U+2015
    { 0x2018, 235 }, // U+2018
    { 0x2019, 236 }, // U+2019
    { 0x201A, 237 }, // U+201A
    { 0x201B, 238 }, // U+201B
    { 0x201C, 239 }, // U+201C
    { 0x201D, 236 }, // U+201D
    { 0x201E, 237 }, // U+201E
    { 0x201F, 240 }, // U+201F
    { 0x2039, 69 }, // U+2039
    { 0x203A, 72 }, // U+203A
    { 0x2219, 241 }, // U+2219
    { 0xFB00, 242 }, // U+FB00
    { 0xFB01, 243 }, // U+FB01
    { 0xFB02, 54 }, // U+FB02
    { 0xFB03, 243 }, // U+FB03
    { 0xFB04, 54 }, // U+FB04
};

static const EpdKernClassEntry lato_16_italicKernRightClasses[] = {
    { 0x0021, 1 }, // !
    { 0x0022, 2 }, // "
    { 0x0026, 3 }, // &
    { 0x0027, 2 }, // '
    { 0x0029, 4 }, // )
    { 0x002A, 5 }, // *
    { 0x002C, 6 }, // ,
    { 0x002E, 7 }, // .
    { 0x002F, 8 }, // /
    { 0x0030, 9 }, // 0
    { 0x0031, 10 }, // 1
    { 0x0032, 11 }, // 2
    { 0x0033, 12 }, // 3
    { 0x0034, 13 }, // 4
    { 0x0035, 14 }, // 5
    { 0x0037, 15 }, // 7
    { 0x0038, 16 }, // 8
    { 0x0039, 17 }, // 9
    { 0x003A, 18 }, // :
    { 0x003B, 19 }, // ;
    { 0x003F, 20 }, // ?
    { 0x0040, 21 }, // @
    { 0x0041, 22 }, // A
    { 0x0042, 23 }, // B
    { 0x0043, 24 }, // C
    { 0x0044, 23 }, // D
    { 0x0045, 23 }, // E
    { 0x0046, 23 }, // F
    { 0x0047, 24 }, // G
    { 0x0048, 23 }, // H
    { 0x0049, 23 }, // I
    { 0x004A, 25 }, // J
    { 0x004B, 23 }, // K
    { 0x004C, 23 }, // L
    { 0x004D, 23 }, // M
    { 0x004E, 23 }, // N
    { 0x004F, 24 }, // O
    { 0x0050, 23 }, // P
    { 0x0051, 24 }, // Q
    { 0x0052, 23 }, // R
    { 0x0053, 26 }, // S
    { 0x0054, 27 }, // T
    { 0x0055, 28 }, // U
    { 0x0056, 29 }, // V
    { 0x0057, 30 }, // W
    { 0x0058, 31 }, // X
    { 0x0059, 32 }, // Y
    { 0x005A, 33 }, // Z
    { 0x005C, 34 }, // <backslash>
    { 0x005D, 35 }, // ]
    { 0x0061, 36 }, // a
    { 0x0062, 37 }, // b
    { 0x0063, 38 }, // c
    { 0x0064, 39 }, // d
    { 0x0065, 38 }, // e
    { 0x0066, 40 }, // f
    { 0x0067, 41 }, // g
    { 0x0068, 37 }, // h
    { 0x0069, 42 }, // i
    { 0x006A, 43 }, // j
    { 0x006B, 37 }, // k
    { 0x006C, 44 }, // l
    { 0x006D, 45 }, // m
    { 0x006E, 45 }, // n
    { 0x006F, 38 }, // o
    { 0x0070, 45 }, // p
    { 0x0071, 36 }, // q
    { 0x0072, 45 }, // r
    { 0x0073, 46 }, // s
    { 0x0074, 47 }, // t
    { 0x0075, 48 }, // u
    { 0x0076, 49 }, // v
    { 0x0077, 50 }, // w
    { 0x0078, 51 }, // x
    { 0x0079, 52 }, // y
    { 0x007A, 53 }, // z
    { 0x007C, 54 }, // |
    { 0x007D, 55 }, // }
    { 0x00A0, 56 }, // U+00A0
    { 0x00A9, 57 }, // U+00A9
    { 0x00AA, 58 }, // U+00AA
    { 0x00AB, 59 }, // U+00AB
    { 0x00AD, 60 }, // U+00AD
    { 0x00AE, 61 }, // U+00AE
    { 0x00B0, 62 }, // U+00B0
    { 0x00BA, 63 }, // U+00BA
    { 0x00BB, 64 }, // U+00BB
    { 0x00C0, 22 }, // U+00C0
    { 0x00C1, 22 }, // U+00C1
    { 0x00C2, 22 }, // U+00C2
    { 0x00C3, 22 }, // U+00C3
    { 0x00C4, 22 }, // U+00C4
    { 0x00C5, 22 }, // U+00C5
    { 0x00C6, 65 }, // U+00C6
    { 0x00C7, 24 }, // U+00C7
    { 0x00C8, 23 }, // U+00C8
    { 0x00C9, 23 }, // U+00C9
    { 0x00CA, 23 }, // U+00CA
    { 0x00CB, 23 }, // U+00CB
    { 0x00CC, 23 }, // U+00CC
    { 0x00CD, 23 }, // U+00CD
    { 0x00CE, 66 }, // U+00CE
    { 0x00CF, 67 }, // U+00CF
    { 0x00D0, 68 }, // U+00D0
    { 0x00D1, 23 }, // U+00D1
    { 0x00D2, 24 }, // U+00D2
    { 0x00D3, 24 }, // U+00D3
    { 0x00D4, 24 }, // U+00D4
    { 0x00D5, 24 }, // U+00D5
    { 0x00D6, 24 }, // U+00D6
    { 0x00D8, 24 }, // U+00D8
    { 0x00D9, 28 }, // U+00D9
    { 0x00DA, 28 }, // U+00DA
    { 0x00DB, 28 }, // U+00DB
    { 0x00DC, 28 }, // U+00DC
    { 0x00DD, 32 }, // U+00DD
    { 0x00DE, 23 }, // U+00DE
    { 0x00DF, 69 }, // U+00DF
    { 0x00E0, 36 }, // U+00E0
    { 0x00E1, 36 }, // U+00E1
    { 0x00E2, 36 }, // U+00E2
    { 0x00E3, 36 }, // U+00E3
    { 0x00E4, 36 }, // U+00E4
    { 0x00E5, 36 }, // U+00E5
    { 0x00E6, 70 }, // U+00E6
    { 0x00E7, 38 }, // U+00E7
    { 0x00E8, 71 }, // U+00E8
    { 0x00E9, 38 }, // U+00E9
    { 0x00EA, 72 }, // U+00EA
    { 0x00EB, 73 }, // U+00EB
    { 0x00EC, 74 }, // U+00EC
    { 0x00ED, 75 }, // U+00ED
    { 0x00EE, 76 }, // U+00EE
    { 0x00EF, 77 }, // U+00EF
    { 0x00F0, 78 }, // U+00F0
    { 0x00F1, 45 }, // U+00F1
    { 0x00F2, 79 }, // U+00F2
    { 0x00F3, 38 }, // U+00F3
    { 0x00F4, 38 }, // U+00F4
    { 0x00F5, 38 }, // U+00F5
    { 0x00F6, 80 }, // U+00F6
    { 0x00F8, 81 }, // U+00F8
    { 0x00F9, 82 }, // U+00F9
    { 0x00FA, 48 }, // U+00FA
    { 0x00FB, 48 }, // U+00FB
    { 0x00FC, 48 }, // U+00FC
    { 0x00FD, 52 }, // U+00FD
    { 0x00FE, 37 }, // U+00FE
    { 0x00FF, 83 }, // U+00FF
    { 0x0100, 22 }, // U+0100
    { 0x0101, 36 }, // U+0101
    { 0x0102, 22 }, // U+0102
    { 0x0103, 36 }, // U+0103
    { 0x0104, 22 }, // U+0104
    { 0x0105, 36 }, // U+0105
    { 0x0106, 24 }, // U+0106
    { 0x0107, 38 }, // U+0107
    { 0x0108, 24 }, // U+0108
    { 0x0109, 84 }, // U+0109
    { 0x010A, 24 }, // U+010A
    { 0x010B, 38 }, // U+010B
    { 0x010C, 24 }, // U+010C
    { 0x010D, 85 }, // U+010D
    { 0x010E, 23 }, // U+010E
    { 0x010F, 39 }, // U+010F
    { 0x0110, 68 }, // U+0110
    { 0x0111, 39 }, // U+0111
    { 0x0112, 23 }, // U+0112
    { 0x0113, 38 }, // U+0113
    { 0x0114, 23 }, // U+0114
    { 0x0115, 86 }, // U+0115
    { 0x0116, 23 }, // U+0116
    { 0x0117, 38 }, // U+0117
    { 0x0118, 23 }, // U+0118
    { 0x0119, 38 }, // U+0119
    { 0x011A, 23 }, // U+011A
    { 0x011B, 87 }, // U+011B
    { 0x011C, 24 }, // U+011C
    { 0x011D, 88 }, // U+011D
    { 0x011E, 24 }, // U+011E
    { 0x011F, 89 }, // U+011F
    { 0x0120, 24 }, // U+0120
    { 0x0121, 41 }, // U+0121
    { 0x0122, 24 }, // U+0122
    { 0x0123, 41 }, // U+0123
    { 0x0124, 23 }, // U+0124
    { 0x0125, 90 }, // U+0125
    { 0x0126, 91 }, // U+0126
    { 0x0127, 92 }, // U+0127
    { 0x0128, 93 }, // U+0128
    { 0x0129, 94 }, // U+0129
    { 0x012A, 95 }, // U+012A
    { 0x012B, 96 }, // U+012B
    { 0x012C, 23 }, // U+012C
    { 0x012D, 97 }, // U+012D
    { 0x012E, 23 }, // U+012E
    { 0x012F, 42 }, // U+012F
    { 0x0130, 23 }, // U+0130
    { 0x0131, 98 }, // U+0131
    { 0x0132, 23 }, // U+0132
    { 0x0133, 42 }, // U+0133
    { 0x0134, 25 }, // U+0134
    { 0x0135, 99 }, // U+0135
    { 0x0136, 23 }, // U+0136
    { 0x0137, 37 }, // U+0137
    { 0x0138, 45 }, // U+0138
    { 0x0139, 23 }, // U+0139
    { 0x013A, 44 }, // U+013A
    { 0x013B, 23 }, // U+013B
    { 0x013C, 44 }, // U+013C
    { 0x013D, 23 }, // U+013D
    { 0x013E, 44 }, // U+013E
    { 0x013F, 23 }, // U+013F
    { 0x0140, 44 }, // U+0140
    { 0x0141, 100 }, // U+0141
    { 0x0142, 101 }, // U+0142
    { 0x0143, 23 }, // U+0143
    { 0x0144, 45 }, // U+0144
    { 0x0145, 23 }, // U+0145
    { 0x0146, 45 }, // U+0146
    { 0x0147, 23 }, // U+0147
    { 0x0148, 102 }, // U+0148
    { 0x0149, 103 }, // U+0149
    { 0x014A, 23 }, // U+014A
    { 0x014B, 45 }, // U+014B
    { 0x014C, 24 }, // U+014C
    { 0x014D, 38 }, // U+014D
    { 0x014E, 24 }, // U+014E
    { 0x014F, 104 }, // U+014F
    { 0x0150, 24 }, // U+0150
    { 0x0151, 38 }, // U+0151
    { 0x0152, 24 }, // U+0152
    { 0x0153, 38 }, // U+0153
    { 0x0154, 23 }, // U+0154
    { 0x0155, 45 }, // U+0155
    { 0x0156, 23 }, // U+0156
    { 0x0157, 45 }, // U+0157
    { 0x0158, 23 }, // U+0158
    { 0x0159, 105 }, // U+0159
    { 0x015A, 26 }, // U+015A
    { 0x015B, 46 }, // U+015B
    { 0x015C, 26 }, // U+015C
    { 0x015D, 106 }, // U+015D
    { 0x015E, 26 }, // U+015E
    { 0x015F, 46 }, // U+015F
    { 0x0160, 26 }, // U+0160
    { 0x0161, 107 }, // U+0161
    { 0x0162, 27 }, // U+0162
    { 0x0163, 47 }, // U+0163
    { 0x0164, 27 }, // U+0164
    { 0x0165, 47 }, // U+0165
    { 0x0166, 108 }, // U+0166
    { 0x0167, 109 }, // U+0167
    { 0x0168, 28 }, // U+0168
    { 0x0169, 48 }, // U+0169
    { 0x016A, 28 }, // U+016A
    { 0x016B, 48 }, // U+016B
    { 0x016C, 28 }, // U+016C
    { 0x016D, 48 }, // U+016D
    { 0x016E, 28 }, // U+016E
    { 0x016F, 48 }, // U+016F
    { 0x0170, 28 }, // U+0170
    { 0x0171, 48 }, // U+0171
    { 0x0172, 28 }, // U+0172
    { 0x0173, 48 }, // U+0173
    { 0x0174, 30 }, // U+0174
    { 0x0175, 50 }, // U+0175
    { 0x0176, 32 }, // U+0176
    { 0x0177, 52 }, // U+0177
    { 0x0178, 32 }, // U+0178
    { 0x0179, 33 }, // U+0179
    { 0x017A, 53 }, // U+017A
    { 0x017B, 33 }, // U+017B
    { 0x017C, 53 }, // U+017C
    { 0x017D, 33 }, // U+017D
    { 0x017E, 110 }, // U+017E
    { 0x017F, 111 }, // U+017F
    { 0x01A0, 24 }, // U+01A0
    { 0x01A1, 38 }, // U+01A1
    { 0x01AF, 28 }, // U+01AF
    { 0x01B0, 48 }, // U+01B0
    { 0x01C4, 23 }, // U+01C4
    { 0x01C6, 39 }, // U+01C6
    { 0x01C7, 23 }, // U+01C7
    { 0x01C9, 44 }, // U+01C9
    { 0x01CA, 23 }, // U+01CA
    { 0x01CC, 45 }, // U+01CC
    { 0x01CD, 22 }, // U+01CD
    { 0x01CE, 36 }, // U+01CE
    { 0x01CF, 23 }, // U+01CF
    { 0x01D0, 112 }, // U+01D0
    { 0x01D1, 24 }, // U+01D1
    { 0x01D2, 113 }, // U+01D2
    { 0x01D3, 28 }, // U+01D3
    { 0x01D4, 82 }, // U+01D4
    { 0x01D5, 28 }, // U+01D5
    { 0x01D6, 48 }, // U+01D6
    { 0x01D7, 28 }, // U+01D7
    { 0x01D8, 48 }, // U+01D8
    { 0x01D9, 28 }, // U+01D9
    { 0x01DA, 48 }, // U+01DA
    { 0x01DB, 28 }, // U+01DB
    { 0x01DC, 48 }, // U+01DC
    { 0x01DD, 114 }, // U+01DD
    { 0x01DE, 22 }, // U+01DE
    { 0x01DF, 36 }, // U+01DF
    { 0x01E0, 22 }, // U+01E0
    { 0x01E1, 36 }, // U+01E1
    { 0x01E2, 65 }, // U+01E2
    { 0x01E3, 70 }, // U+01E3
    { 0x01E4, 24 }, // U+01E4
    { 0x01E5, 115 }, // U+01E5
    { 0x01E6, 24 }, // U+01E6
    { 0x01E7, 116 }, // U+01E7
    { 0x01E8, 23 }, // U+01E8
    { 0x01E9, 37 }, // U+01E9
    { 0x01EA, 24 }, // U+01EA
    { 0x01EB, 38 }, // U+01EB
    { 0x01EC, 24 }, // U+01EC
    { 0x01ED, 38 }, // U+01ED
    { 0x01EE, 117 }, // U+01EE
    { 0x01EF, 118 }, // U+01EF
    { 0x01F0, 119 }, // U+01F0
    { 0x01F1, 23 }, // U+01F1
    { 0x01F3, 39 }, // U+01F3
    { 0x01F4, 24 }, // U+01F4
    { 0x01F5, 41 }, // U+01F5
    { 0x01F7, 23 }, // U+01F7
    { 0x01F8, 23 }, // U+01F8
    { 0x01F9, 45 }, // U+01F9
    { 0x01FA, 22 }, // U+01FA
    { 0x01FB, 36 }, // U+01FB
    { 0x01FC, 65 }, // U+01FC
    { 0x01FD, 70 }, // U+01FD
    { 0x01FE, 24 }, // U+01FE
    { 0x01FF, 81 }, // U+01FF
    { 0x0200, 22 }, // U+0200
    { 0x0201, 36 }, // U+0201
    { 0x0202, 22 }, // U+0202
    { 0x0203, 36 }, // U+0203
    { 0x0204, 23 }, // U+0204
    { 0x0205, 120 }, // U+0205
    { 0x0206, 23 }, // U+0206
    { 0x0207, 38 }, // U+0207
    { 0x0208, 23 }, // U+0208
    { 0x0209, 121 }, // U+0209
    { 0x020A, 122 }, // U+020A
    { 0x020B, 123 }, // U+020B
    { 0x020C, 24 }, // U+020C
    { 0x020D, 124 }, // U+020D
    { 0x020E, 24 }, // U+020E
    { 0x020F, 38 }, // U+020F
    { 0x0210, 23 }, // U+0210
    { 0x0211, 125 }, // U+0211
    { 0x0212, 23 }, // U+0212
    { 0x0213, 45 }, // U+0213
    { 0x0214, 28 }, // U+0214
    { 0x0215, 126 }, // U+0215
    { 0x0216, 28 }, // U+0216
    { 0x0217, 48 }, // U+0217
    { 0x0218, 26 }, // U+0218
    { 0x0219, 46 }, // U+0219
    { 0x021A, 27 }, // U+021A
    { 0x021B, 47 }, // U+021B
    { 0x021C, 117 }, // U+021C
    { 0x021D, 127 }, // U+021D
    { 0x021E, 23 }, // U+021E
    { 0x021F, 37 }, // U+021F
    { 0x0401, 128 }, // U+0401
    { 0x0402, 129 }, // U+0402
    { 0x0403, 128 }, // U+0403
    { 0x0404, 130 }, // U+0404
    { 0x0405, 131 }, // U+0405
    { 0x0406, 128 }, // U+0406
    { 0x0407, 132 }, // U+0407
    { 0x0408, 133 }, // U+0408
    { 0x0409, 134 }, // U+0409
    { 0x040A, 128 }, // U+040A
    { 0x040B, 129 }, // U+040B
    { 0x040C, 128 }, // U+040C
    { 0x040D, 128 }, // U+040D
    { 0x040E, 135 }, // U+040E
    { 0x040F, 128 }, // U+040F
    { 0x0410, 136 }, // U+0410
    { 0x0411, 128 }, // U+0411
    { 0x0412, 128 }, // U+0412
    { 0x0413, 128 }, // U+0413
    { 0x0414, 137 }, // U+0414
    { 0x0415, 128 }, // U+0415
    { 0x0416, 138 }, // U+0416
    { 0x0417, 139 }, // U+0417
    { 0x0418, 128 }, // U+0418
    { 0x0419, 128 }, // U+0419
    { 0x041A, 128 }, // U+041A
    { 0x041B, 134 }, // U+041B
    { 0x041C, 128 }, // U+041C
    { 0x041D, 128 }, // U+041D
    { 0x041E, 130 }, // U+041E
    { 0x041F, 128 }, // U+041F
    { 0x0420, 128 }, // U+0420
    { 0x0421, 130 }, // U+0421
    { 0x0422, 129 }, // U+0422
    { 0x0423, 135 }, // U+0423
    { 0x0424, 140 }, // U+0424
    { 0x0425, 141 }, // U+0425
    { 0x0426, 128 }, // U+0426
    { 0x0427, 142 }, // U+0427
    { 0x0428, 128 }, // U+0428
    { 0x0429, 128 }, // U+0429
    { 0x042A, 143 }, // U+042A
    { 0x042B, 128 }, // U+042B
    { 0x042C, 128 }, // U+042C
    { 0x042D, 144 }, // U+042D
    { 0x042E, 128 }, // U+042E
    { 0x042F, 145 }, // U+042F
    { 0x0430, 146 }, // U+0430
    { 0x0431, 147 }, // U+0431
    { 0x0432, 148 }, // U+0432
    { 0x0433, 149 }, // U+0433
    { 0x0434, 150 }, // U+0434
    { 0x0435, 148 }, // U+0435
    { 0x0436, 151 }, // U+0436
    { 0x0437, 152 }, // U+0437
    { 0x0438, 153 }, // U+0438
    { 0x0439, 154 }, // U+0439
    { 0x043A, 155 }, // U+043A
    { 0x043B, 156 }, // U+043B
    { 0x043C, 157 }, // U+043C
    { 0x043D, 155 }, // U+043D
    { 0x043E, 148 }, // U+043E
    { 0x043F, 155 }, // U+043F
    { 0x0440, 155 }, // U+0440
    { 0x0441, 148 }, // U+0441
    { 0x0442, 155 }, // U+0442
    { 0x0443, 158 }, // U+0443
    { 0x0444, 159 }, // U+0444
    { 0x0445, 160 }, // U+0445
    { 0x0446, 161 }, // U+0446
    { 0x0447, 162 }, // U+0447
    { 0x0448, 153 }, // U+0448
    { 0x0449, 161 }, // U+0449
    { 0x044A, 163 }, // U+044A
    { 0x044B, 161 }, // U+044B
    { 0x044C, 161 }, // U+044C
    { 0x044D, 164 }, // U+044D
    { 0x044E, 155 }, // U+044E
    { 0x044F, 165 }, // U+044F
    { 0x0451, 166 }, // U+0451
    { 0x0452, 167 }, // U+0452
    { 0x0453, 149 }, // U+0453
    { 0x0454, 148 }, // U+0454
    { 0x0455, 168 }, // U+0455
    { 0x0456, 169 }, // U+0456
    { 0x0457, 170 }, // U+0457
    { 0x0458, 171 }, // U+0458
    { 0x0459, 156 }, // U+0459
    { 0x045A, 155 }, // U+045A
    { 0x045B, 172 }, // U+045B
    { 0x045C, 155 }, // U+045C
    { 0x045D, 173 }, // U+045D
    { 0x045E, 174 }, // U+045E
    { 0x045F, 153 }, // U+045F
    { 0x0460, 175 }, // U+0460
    { 0x0461, 176 }, // U+0461
    { 0x0462, 177 }, // U+0462
    { 0x0463, 178 }, // U+0463
    { 0x0464, 128 }, // U+0464
    { 0x0465, 153 }, // U+0465
    { 0x0466, 179 }, // U+0466
    { 0x0467, 180 }, // U+0467
    { 0x0468, 128 }, // U+0468
    { 0x0469, 155 }, // U+0469
    { 0x046A, 181 }, // U+046A
    { 0x046B, 182 }, // U+046B
    { 0x046C, 128 }, // U+046C
    { 0x046D, 155 }, // U+046D
    { 0x046E, 183 }, // U+046E
    { 0x046F, 184 }, // U+046F
    { 0x0470, 185 }, // U+0470
    { 0x0471, 186 }, // U+0471
    { 0x0472, 130 }, // U+0472
    { 0x0473, 148 }, // U+0473
    { 0x0474, 187 }, // U+0474
    { 0x0475, 188 }, // U+0475
    { 0x0476, 187 }, // U+0476
    { 0x0477, 189 }, // U+0477
    { 0x0478, 130 }, // U+0478
    { 0x0479, 148 }, // U+0479
    { 0x047A, 130 }, // U+047A
    { 0x047B, 148 }, // U+047B
    { 0x047C, 175 }, // U+047C
    { 0x047D, 190 }, // U+047D
    { 0x047E, 175 }, // U+047E
    { 0x047F, 176 }, // U+047F
    { 0x0480, 130 }, // U+0480
    { 0x0481, 148 }, // U+0481
    { 0x048A, 128 }, // U+048A
    { 0x048B, 153 }, // U+048B
    { 0x048C, 191 }, // U+048C
    { 0x048D, 153 }, // U+048D
    { 0x048E, 128 }, // U+048E
    { 0x048F, 155 }, // U+048F
    { 0x0490, 128 }, // U+0490
    { 0x0491, 192 }, // U+0491
    { 0x0492, 128 }, // U+0492
    { 0x0493, 193 }, // U+0493
    { 0x0494, 128 }, // U+0494
    { 0x0495, 155 }, // U+0495
    { 0x0496, 138 }, // U+0496
    { 0x0497, 151 }, // U+0497
    { 0x0498, 139 }, // U+0498
    { 0x0499, 152 }, // U+0499
    { 0x049A, 128 }, // U+049A
    { 0x049B, 155 }, // U+049B
    { 0x049C, 128 }, // U+049C
    { 0x049D, 155 }, // U+049D
    { 0x049E, 194 }, // U+049E
    { 0x049F, 155 }, // U+049F
    { 0x04A0, 129 }, // U+04A0
    { 0x04A1, 195 }, // U+04A1
    { 0x04A2, 128 }, // U+04A2
    { 0x04A3, 155 }, // U+04A3
    { 0x04A4, 128 }, // U+04A4
    { 0x04A5, 155 }, // U+04A5
    { 0x04A6, 128 }, // U+04A6
    { 0x04A7, 155 }, // U+04A7
    { 0x04A8, 130 }, // U+04A8
    { 0x04A9, 148 }, // U+04A9
    { 0x04AA, 130 }, // U+04AA
    { 0x04AB, 148 }, // U+04AB
    { 0x04AC, 129 }, // U+04AC
    { 0x04AD, 155 }, // U+04AD
    { 0x04AE, 196 }, // U+04AE
    { 0x04AF, 197 }, // U+04AF
    { 0x04B0, 198 }, // U+04B0
    { 0x04B1, 199 }, // U+04B1
    { 0x04B2, 141 }, // U+04B2
    { 0x04B3, 160 }, // U+04B3
    { 0x04B4, 129 }, // U+04B4
    { 0x04B5, 200 }, // U+04B5
    { 0x04B6, 142 }, // U+04B6
    { 0x04B7, 162 }, // U+04B7
    { 0x04B8, 142 }, // U+04B8
    { 0x04B9, 162 }, // U+04B9
    { 0x04BA, 128 }, // U+04BA
    { 0x04BB, 201 }, // U+04BB
    { 0x04BC, 202 }, // U+04BC
    { 0x04BD, 203 }, // U+04BD
    { 0x04BE, 202 }, // U+04BE
    { 0x04BF, 203 }, // U+04BF
    { 0x04C0, 204 }, // U+04C0
    { 0x04C1, 138 }, // U+04C1
    { 0x04C2, 151 }, // U+04C2
    { 0x04C3, 128 }, // U+04C3
    { 0x04C4, 155 }, // U+04C4
    { 0x04C5, 134 }, // U+04C5
    { 0x04C6, 156 }, // U+04C6
    { 0x04C7, 128 }, // U+04C7
    { 0x04C8, 155 }, // U+04C8
    { 0x04C9, 128 }, // U+04C9
    { 0x04CA, 155 }, // U+04CA
    { 0x04CB, 142 }, // U+04CB
    { 0x04CC, 162 }, // U+04CC
    { 0x04CD, 128 }, // U+04CD
    { 0x04CE, 157 }, // U+04CE
    { 0x04CF, 128 }, // U+04CF
    { 0x04D0, 136 }, // U+04D0
    { 0x04D1, 205 }, // U+04D1
    { 0x04D2, 136 }, // U+04D2
    { 0x04D3, 205 }, // U+04D3
    { 0x04D4, 206 }, // U+04D4
    { 0x04D5, 146 }, // U+04D5
    { 0x04D6, 128 }, // U+04D6
    { 0x04D7, 207 }, // U+04D7
    { 0x04D8, 208 }, // U+04D8
    { 0x04D9, 209 }, // U+04D9
    { 0x04DA, 208 }, // U+04DA
    { 0x04DB, 210 }, // U+04DB
    { 0x04DC, 138 }, // U+04DC
    { 0x04DD, 151 }, // U+04DD
    { 0x04DE, 139 }, // U+04DE
    { 0x04DF, 211 }, // U+04DF
    { 0x04E0, 212 }, // U+04E0
    { 0x04E1, 213 }, // U+04E1
    { 0x04E2, 128 }, // U+04E2
    { 0x04E3, 214 }, // U+04E3
    { 0x04E4, 128 }, // U+04E4
    { 0x04E5, 153 }, // U+04E5
    { 0x04E6, 215 }, // U+04E6
    { 0x04E7, 216 }, // U+04E7
    { 0x04E8, 130 }, // U+04E8
    { 0x04E9, 148 }, // U+04E9
    { 0x04EA, 130 }, // U+04EA
    { 0x04EB, 217 }, // U+04EB
    { 0x04EC, 144 }, // U+04EC
    { 0x04ED, 218 }, // U+04ED
    { 0x04EE, 135 }, // U+04EE
    { 0x04EF, 219 }, // U+04EF
    { 0x04F0, 135 }, // U+04F0
    { 0x04F1, 220 }, // U+04F1
    { 0x04F2, 135 }, // U+04F2
    { 0x04F3, 158 }, // U+04F3
    { 0x04F4, 142 }, // U+04F4
    { 0x04F5, 221 }, // U+04F5
    { 0x04F6, 128 }, // U+04F6
    { 0x04F7, 149 }, // U+04F7
    { 0x04F8, 128 }, // U+04F8
    { 0x04F9, 153 }, // U+04F9
    { 0x04FA, 128 }, // U+04FA
    { 0x04FB, 153 }, // U+04FB
    { 0x04FC, 141 }, // U+04FC
    { 0x04FD, 160 }, // U+04FD
    { 0x04FE, 222 }, // U+04FE
    { 0x04FF, 223 }, // U+04FF
    { 0x1EA0, 22 }, // U+1EA0
    { 0x1EA1, 36 }, // U+1EA1
    { 0x1EA2, 22 }, // U+1EA2
    { 0x1EA3, 36 }, // U+1EA3
    { 0x1EA4, 22 }, // U+1EA4
    { 0x1EA5, 36 }, // U+1EA5
    { 0x1EA6, 22 }, // U+1EA6
    { 0x1EA7, 224 }, // U+1EA7
    { 0x1EA8, 22 }, // U+1EA8
    { 0x1EA9, 36 }, // U+1EA9
    { 0x1EAA, 22 }, // U+1EAA
    { 0x1EAB, 36 }, // U+1EAB
    { 0x1EAC, 22 }, // U+1EAC
    { 0x1EAD, 36 }, // U+1EAD
    { 0x1EAE, 22 }, // U+1EAE
    { 0x1EAF, 225 }, // U+1EAF
    { 0x1EB0, 22 }, // U+1EB0
    { 0x1EB1, 225 }, // U+1EB1
    { 0x1EB2, 22 }, // U+1EB2
    { 0x1EB3, 225 }, // U+1EB3
    { 0x1EB4, 22 }, // U+1EB4
    { 0x1EB5, 225 }, // U+1EB5
    { 0x1EB6, 22 }, // U+1EB6
    { 0x1EB7, 36 }, // U+1EB7
    { 0x1EB8, 23 }, // U+1EB8
    { 0x1EB9, 38 }, // U+1EB9
    { 0x1EBA, 23 }, // U+1EBA
    { 0x1EBB, 38 }, // U+1EBB
    { 0x1EBC, 23 }, // U+1EBC
    { 0x1EBD, 38 }, // U+1EBD
    { 0x1EBE, 23 }, // U+1EBE
    { 0x1EBF, 226 }, // U+1EBF
    { 0x1EC0, 23 }, // U+1EC0
    { 0x1EC1, 227 }, // U+1EC1
    { 0x1EC2, 23 }, // U+1EC2
    { 0x1EC3, 228 }, // U+1EC3
    { 0x1EC4, 23 }, // U+1EC4
    { 0x1EC5, 226 }, // U+1EC5
    { 0x1EC6, 23 }, // U+1EC6
    { 0x1EC7, 226 }, // U+1EC7
    { 0x1EC8, 23 }, // U+1EC8
    { 0x1EC9, 229 }, // U+1EC9
    { 0x1ECA, 23 }, // U+1ECA
    { 0x1ECB, 42 }, // U+1ECB
    { 0x1ECC, 24 }, // U+1ECC
    { 0x1ECD, 38 }, // U+1ECD
    { 0x1ECE, 24 }, // U+1ECE
    { 0x1ECF, 38 }, // U+1ECF
    { 0x1ED0, 24 }, // U+1ED0
    { 0x1ED1, 230 }, // U+1ED1
    { 0x1ED2, 24 }, // U+1ED2
    { 0x1ED3, 231 }, // U+1ED3
    { 0x1ED4, 24 }, // U+1ED4
    { 0x1ED5, 230 }, // U+1ED5
    { 0x1ED6, 24 }, // U+1ED6
    { 0x1ED7, 230 }, // U+1ED7
    { 0x1ED8, 24 }, // U+1ED8
    { 0x1ED9, 230 }, // U+1ED9
    { 0x1EDA, 24 }, // U+1EDA
    { 0x1EDB, 38 }, // U+1EDB
    { 0x1EDC, 24 }, // U+1EDC
    { 0x1EDD, 86 }, // U+1EDD
    { 0x1EDE, 24 }, // U+1EDE
    { 0x1EDF, 38 }, // U+1EDF
    { 0x1EE0, 24 }, // U+1EE0
    { 0x1EE1, 38 }, // U+1EE1
    { 0x1EE2, 24 }, // U+1EE2
    { 0x1EE3, 38 }, // U+1EE3
    { 0x1EE4, 28 }, // U+1EE4
    { 0x1EE5, 48 }, // U+1EE5
    { 0x1EE6, 28 }, // U+1EE6
    { 0x1EE7, 48 }, // U+1EE7
    { 0x1EE8, 28 }, // U+1EE8
    { 0x1EE9, 48 }, // U+1EE9
    { 0x1EEA, 28 }, // U+1EEA
    { 0x1EEB, 48 }, // U+1EEB
    { 0x1EEC, 28 }, // U+1EEC
    { 0x1EED, 48 }, // U+1EED
    { 0x1EEE, 28 }, // U+1EEE
    { 0x1EEF, 48 }, // U+1EEF
    { 0x1EF0, 28 }, // U+1EF0
    { 0x1EF1, 48 }, // U+1EF1
    { 0x1EF2, 32 }, // U+1EF2
    { 0x1EF3, 52 }, // U+1EF3
    { 0x1EF4, 32 }, // U+1EF4
    { 0x1EF5, 52 }, // U+1EF5
    { 0x1EF6, 32 }, // U+1EF6
    { 0x1EF7, 52 }, // U+1EF7
    { 0x1EF8, 32 }, // U+1EF8
    { 0x1EF9, 52 }, // U+1EF9
    { 0x2014, 232 }, // U+2014
    { 0x2015, 232 }, // U+2015
    { 0x2018, 233 }, // U+2018
    { 0x2019, 234 }, // U+2019
    { 0x201A, 235 }, // U+201A
    { 0x201B, 236 }, // U+201B
    { 0x201C, 233 }, // U+201C
    { 0x201D, 234 }, // U+201D
    { 0x201E, 235 }, // U+201E
    { 0x201F, 237 }, // U+201F
    { 0x2026, 7 }, // U+2026
    { 0x2039, 59 }, // U+2039
    { 0x203A, 64 }, // U+203A
    { 0x203C, 1 }, // U+203C
    { 0x203D, 238 }, // U+203D
    { 0x2219, 239 }, // U+2219
    { 0xFB00, 40 }, // U+FB00
    { 0xFB01, 240 }, // U+FB01
    { 0xFB02, 241 }, // U+FB02
    { 0xFB03, 40 }, // U+FB03
    { 0xFB04, 111 }, // U+FB04
};

static const int8_t lato_16_italicKernMatrix[] = {
       0,    0,  -12,    0,    0,  -52,  -52,  -27,    0,    0,    0,    0,  -20,    0,    0,    0,    0,    0,    0,    0,    0,  -32,    0,    0,  -38,    0,    0,    0,    0,    0,    0,    0,    0,    0,    0,  -18,    0,  -13,  -16,    0,  -10,    0,    0,    0,    0,   -5,    0,    0,    0,    0,    0,    0,    0,    0,    0,    0,    0,    0,  -16,  -23,    0,    0,    0,    0,  -46,    0,    0,    0,    0,  -18,  -13,  -13,  -13,    8,    0,    9,    7,  -14,  -13,  -13,  -13,    0,    0,  -13,  -13,  -13,  -13,  -10,  -10,    0,   -3,    0,    0,    5,    0,    0,    0,    0,    8,   -3,    0,    0,    0,  -13,    0,   -5,   -5,    0,    0,    0,    0,   12,  -13,    0,  -10,  -10,    0,    0,   12,  -25,   33,    0,    6,  -13,   12,    0,    0,    0,    0,    0,    0,    0,  -33,  -33,    0,  -34,  -34,    0,    0,    0,    0,    0,    0,    0,    0,  -18,    0,  -13,    0,  -13,    0,   -3,    0,    0,    0,  -28,   -5,    0,  -14,    0,    0,    0,    0,    0,  -12,  -13,    0,   -5,    0,    8,    0,    0,    0,    0,    0,    0,    0,    0,    0,    0,    0,    0,    0,    0,    0,    0,    0,    0,    0,    0,    0,  -19,    0,    0,    0,    0,    0,    0,    0,    0,    0,    0,   -7,    0,  -18,  -46,  -13,    0,   -4,   -4,   -3,    0,    0,    0,    0,  -13,  -13,    0,    0,    0,    0,    0,    0,  -18,  -18,  -13,  -17,  -13,    0,  -13,  -22,  -23,    0,    0,  -52,    0,    0,    0,    0,    0,    0,
       0,  -17,    0,    0,    0,    0,    0,    0,    0,    0,    0,    0,    0,    0,    0,    0,    0,    0,    0,    0,    0,   11,    0,    0,    2,    0,  -23,    0,  -21,  -14,   13,  -27,    5,    0,    0,    0,    0,    0,    0,    0,    6,    0,    0,    0,    0,    0,    0,    0,   -5,    0,   11,   -5,    0,    0,    0,    0,    0,    0,    0,    0,    0,    0,    0,    0,   11,    0,    0,    0,    0,    0,    0,    0,    0,    0,    0,    0,    0,    0,    0,    0,    0,    0,   -5,    0,    0,    0,    0,    6,    6,    0,    0,    0,    0,    0,    0,    0,    0,    0,    0,    0,    0,    0,    0,    0,    0,    0,    0,  -20,    0,    0,    0,    0,    0,    0,   12,    6,    0,   -5,    0,    0,    0,    0,    0,    0,    0,    0,   -5,    0,    0,    0,    0,    0,    0,    0,    0,    0,    0,    0,    0,    0,    0,    0,    0,    0,    0,    0,    0,    0,    0,    0,    0,    0,    0,    0,    0,    0,    0,    0,    0,    0,    0,    0,    0,    0,    0,    0,    0,    0,    0,    0,    0,    0,    0,    0,    0,    0,    0,    0,    0,    0,    0,    0,    0,    0,    0,    0,    0,    0,    0,    0,    0,    0,    0,    0,    0,    0,    0,    0,    0,    0,    0,    0,    0,    0,    0,    0,    0,    0,    0,    0,    0,    0,    0,    0,    0,    0,    0,    0,    0,    0,    0,    0,    0,    0,    0,    0,    0,    0,    0,    0,    0,    0,    0,  -18,    0,  -20,  -20,    0,    0,    0,    0,
       0,    0,    0,    0,    0,    0,    0,    0,   -4,    0,    0,    0,  -11,    0,    0,    0,    0,    0,    0,    0,    0,    0,    0,  -10,    0,    0,    0,    0,    0,    0,    0,    0,    0,    0,    0,  -14,    0,  -15,  -14,    0,    0,    0,    7,    0,   -4,   -4,   -6,  -11,  -12,  -11,    0,   -5,    0,    0,    0,    0,    0,    0,    0,    0,    0,    0,    0,    0,    0,    0,    0,    0,    0,  -14,  -15,  -15,  -15,   13,    0,    0,    7,  -13,  -15,  -15,  -15,  -11,   -5,  -15,  -15,  -15,  -15,    0,    0,    6,    0,    0,    0,    0,    0,    3,    5,    0,    7,    0,    0,   -4,   -1,  -15,   -4,   -4,   -4,    0,   -6,    0,    0,   16,  -15,  -11,    0,    0,    0,    4,   15,   -7,   46,    0,    0,   -8,   13,  -11,    4,    0,    0,  -10,    0,    0,    0,    0,    3,    0,    0,    0,    0,  -11,    0,    0,    0,    0,    0,  -14,  -11,  -15,  -10,  -15,    0,    0,  -11,  -11,    0,    0,    0,   -5,  -14,    0,  -11,  -13,  -12,   -4,    0,  -15,    0,   -4,    0,    8,    7,    0,  -11,   -5,    0,    0,    0,    0,    0,    0,    0,    0,    0,    0,    0,    0,    0,    0,    0,    0,    0,    0,  -10,    0,  -11,    0,  -11,    0,  -11,  -11,    0,  -10,  -14,    0,  -14,    0,  -15,    0,  -11,  -11,    0,    0,    3,  -11,  -10,  -15,  -15,   -4,   -5,   -5,  -13,    0,    0,  -14,  -14,  -15,    1,  -15,    0,  -15,   -4,    0,    0,    0,    0,    0,    0,    0,    0,    0,    0,
       0,    0,    0,    0,    0,    0,    0,    0,    0,    0,    0,    0,    0,    0,    0,    0,    0,    0,    0,    0,    0,  -33,    0,    0,  -39,    0,    0,    0,    0,    0,    0,    0,    0,    0,    0,  -22,    0,  -17,  -19,    0,  -14,    0,    0,    0,   -3,  -12,    0,    0,    0,    0,    0,    0,    0,    0,    0,    0,    0,    0,    0,    0,    0,    0,    0,    0,  -48,    0,    0,    0,    0,  -22,  -17,  -17,  -17,    0,    0,    2,   10,  -17,  -17,  -17,  -17,    0,    0,  -17,  -17,  -17,  -17,  -14,  -14,    0,   -4,    5,    0,    8,    0,    3,    0,    0,    0,   -4,    0,   -3,    0,  -17,   -3,  -12,  -12,    0,    0,    0,    0,    0,  -17,    0,  -14,  -14,    0,    0,    0,  -17,   20,    0,    8,  -17,   -3,    0,    0,    0,    0,    0,    0,    0,  -34,  -33,    0,  -35,  -34,    0,    0,    0,    0,    0,    0,    0,    0,  -22,    0,  -17,   -5,  -17,   -4,   -6,    0,    0,   -3,  -31,  -11,    0,  -18,    0,    0,    0,    0,   -5,  -16,  -17,    5,  -12,    0,   11,    0,    5,    0,    0,    0,    0,    0,    0,    0,    0,    0,    0,    0,    0,    0,    0,    0,    0,    0,    0,    0,  -23,   -5,    3,    0,    0,    0,    0,    0,    0,   -3,    0,  -10,    0,  -22,  -48,  -17,   -3,  -10,  -10,   -6,    0,    0,    0,    0,  -17,  -17,   -5,    0,    0,    0,    0,    0,  -22,  -22,  -17,  -17,  -17,    0,  -17,  -17,    0,    0,    0,    0,    0,    0,    0,    0,    0,    0,
       0,  -52,    0,    0,    0,    0,    0,    0,  -14,  -26,    0,    0,   -4,    0,   -4,   -4,  -12,    0,    0,    0,    0,    0,    0,  -20,    0,    0,  -37,  -18,  -41,  -31,    0,  -42,    0,    0,    0,    0,    0,    0,    0,   -4,    0,    0,    0,    0,    0,    0,   -5,    0,  -22,  -15,    0,  -21,    0,    0,    0,    0,    0,    0,    0,    0,    0,    0,    0,    0,    0,    0,    0,    0,   -4,    0,    0,    0,    0,    0,    0,    0,    0,    0,    0,    0,    0,    0,  -21,    0,    0,    0,    0,    0,    0,    0,   -6,    0,    0,    0,    0,    0,    0,    0,    0,   -6,    0,    0,    0,    0,    0,    0,    0,  -37,   -5,    0,   -4,    0,    0,    0,    0,    0,    0,   -6,    0,    0,    0,    0,    0,    0,    0,    0,   -6,    0,  -37,  -20,    0,    0,    0,    0,  -16,    0,    0,    0,    0,  -22,    0,  -53,  -33,    0,    0,    0,   -9,    0,    0,    0,    0,    0,    0,    0,    0,    0,    0,  -21,    0,    0,    0,  -23,  -18,    0,    0,    0,    0,    0,    0,    0,    0,    0,    0,  -21,    0,    0,    0,    0,    0,    0,    0,    0,    0,    0,    0,    0,    0,    0,    0,    0,    0,    0,    0,    0,  -18,  -42,  -23,  -40,  -23,  -23,    0,  -40,  -21,    0,    0,    0,    0,  -13,    0,    0,    0,    0,   -7,    0,  -20,    0,    0,    0,  -21,  -21,  -23,    0,    0,    0,    0,    0,    0,    0,    0,    0,    0,    0,  -54,  -55,    0,  -57,  -60,    0,    0,   -4,   -4,
       0,  -52,    0,    0,    0,    0,    0,    0,  -14,  -26,    0,   -4,   -4,    0,  -10,   -4,  -13,    0,    0,    0,    0,    0,    0,  -19,    0,    0,  -37,  -17,  -41,  -31,    0,  -43,    0,    0,    0,    0,    0,    0,    0,   -4,    0,    0,    0,    0,    0,    0,   -5,    0,  -22,  -15,    0,  -23,    0,    0,    0,    0,    0,    0,    0,  -27,    0,    0,    0,    0,    0,    0,    0,    0,   -4,    0,    0,    0,    0,    0,    0,    0,    0,    0,    0,    0,    0,    0,  -23,    0,    0,    0,    0,    0,    0,    0,   -6,    0,    0,    0,    0,    0,    0,    0,    0,   -6,    0,    0,    0,    0,    0,    0,    0,  -37,   -5,    0,   -4,    0,    0,    0,    0,    0,    0,  -19,    0,    0,    0,    0,    0,    0,    0,    0,  -19,    0,  -37,  -19,    0,    0,    0,    0,  -18,    0,    0,    0,    0,  -21,    0,  -55,  -34,    0,    0,    0,   -9,    0,    0,    0,    0,    0,    0,    0,    0,    0,    0,  -23,    0,    0,    0,  -22,  -17,    0,    0,    0,    0,    0,    0,    0,    0,    0,    0,  -23,    0,    0,    0,    0,    0,    0,    0,    0,    0,    0,    0,    0,    0,    0,    0,    0,    0,    0,    0,    0,  -19,  -43,  -23,  -41,  -23,  -23,    0,  -39,  -21,    0,    0,    0,    0,  -13,    0,    0,    0,    0,  -21,    0,  -19,    0,    0,    0,  -23,  -23,  -22,    0,    0,    0,    0,    0,    0,    0,    0,    0,    0,  -27,  -54,  -55,    0,  -57,  -62,    0,    0,   -4,   -4,
       0,    0,    0,    0,    0,    0,    0, -106,    0,    0,    0,    0,  -17,    0,    0,    0,    0,    0,    0,    0,    0,  -26,    0,    0,  -26,    0,    0,    0,    2,    0,    0,    2,    0,    0,    0,  -24,    0,  -21,  -22,    0,  -19,    0,    0,    0,  -12,  -17,    0,  -11,    0,    0,   -9,    0,   -6,    0,    0,    0,    0,    0,    0,    0,    0,    0,    0,    0,  -35,    0,    0,    0,    0,  -24,  -21,  -21,  -21,   12,    0,    0,    6,  -15,  -21,  -21,  -21,  -11,    0,  -21,  -21,  -21,  -21,  -19,  -19,    0,    0,    0,    0,    0,    0,    2,    6,    0,    0,    0,    0,  -12,   -3,  -21,  -12,  -17,  -17,    0,    0,   -6,    0,   17,  -21,    0,  -19,  -19,    0,    0,   17,  -11,   50,    0,    0,  -11,   11,  -11,    0,    0,    0,    0,    0,    0,  -29,  -22,    4,  -28,  -24,    0,    0,    0,    0,    0,    0,    0,   -5,  -24,   -5,  -21,  -15,  -21,  -12,  -15,  -11,  -11,  -12,  -37,  -19,    0,  -21,   -9,  -11,    0,   -5,  -12,  -22,  -21,    0,  -17,    0,    7,    0,    0,  -11,    0,    0,    0,    0,    0,    0,    0,    0,    0,    0,    0,    0,    0,    0,    0,    0,    0,    0,  -29,  -15,    0,    0,    2,    0,    0,    0,    0,  -12,    0,   -7,    0,  -24,  -35,  -21,    0,  -15,  -15,  -15,    0,    0,  -11,    0,  -21,  -21,   -8,    0,    0,    0,    0,   -9,  -19,  -24,  -21,   -3,  -21,    0,  -21,   -7,    0,    0,    0,    0,    0,    0,    0,    0,    0,    0,
       0,    0,    0,   -9,    0,  -11,  -10,    0,    0,    0,    0,    0,    0,    0,   -4,    0,    0,    0,    0,    0,    0,    0,    0,    0,    0,    0,    0,    0,    0,    0,    0,    0,    0,    0,  -11,    0,    0,    0,    0,    0,    0,    0,    0,    0,    0,    0,    0,    0,    0,    0,    0,    0,    0,    0,  -10,    0,    0,    0,    0,    0,    0,    0,    0,    0,    0,    0,    0,    0,    0,    0,    0,    0,    0,    0,    0,    0,    0,    0,    0,    0,    0,    0,    0,    0,    0,    0,    0,    0,    0,    0,    0,    0,    0,    0,    0,    0,    0,    0,    0,    0,    0,    0,    0,    0,    0,    0,    0,    0,    0,    0,    0,    0,    0,    0,    0,    0,    0,    0,    0,    0,    0,    0,    0,    0,    0,    0,    0,    0,    0,    0,    0,    0,    0,    0,    0,    0,    0,    0,    0,    0,    0,    0,    0,    0,    0,    0,    0,    0,    0,    0,    0,    0,    0,    0,    0,    0,    0,    0,    0,    0,    0,    0,    0,    0,    0,    0,    0,    0,    0,    0,    0,    0,    0,    0,    0,    0,    0,    0,    0,    0,    0,    0,    0,    0,    0,    0,    0,    0,    0,    0,    0,    0,    0,    0,    0,    0,    0,    0,    0,    0,    0,    0,    0,    0,    0,    0,    0,    0,    0,    0,    0,    0,    0,    0,    0,    0,    0,    0,    0,    0,    0,    0,    0,    0,    0,    0,    0,    0,    0,    0,    0,    0,    0,    0,    0,    0,    0,    0,    0,    0,    0,
       0,    0,    0,    0,    0,    0,    0,    0,    0,    0,    0,    0,   -4,    0,    0,    0,    0,    0,    0,    0,    0,    0,    0,    0,    0,    0,    0,    0,    0,    0,    0,    0,    0,    0,    0,    0,    0,    0,    0,    0,    0,    0,    0,    0,    0,    0,    0,    0,    0,    0,    0,    0,    0,    0,    0,    0,    0,    0,    0,    0,    0,    0,    0,    0,    0,    0,    0,    0,    0,    0,    0,    0,    0,    0,    0,    0,    0,    0,    0,    0,    0,    0,    0,    0,    0,    0,    0,    0,    0,    0,    0,    0,    0,    0,    0,    0,    0,    0,    0,    0,    0,    0,    0,    0,    0,    0,    0,    0,    0,    0,    0,    0,    0,    0,    0,    0,    0,    0,    0,    0,    0,    0,    0,    0,    0,    0,    0,    0,    0,    0,    0,    0,    0,    0,    0,    0,    0,    0,    0,    0,    0,    0,    0,    0,    0,    0,    0,    0,    0,    0,    0,    0,    0,    0,    0,    0,    0,    0,    0,    0,    0,    0,    0,    0,    0,    0,    0,    0,    0,    0,    0,    0,    0,    0,    0,    0,    0,    0,    0,    0,    0,    0,    0,    0,    0,    0,    0,    0,    0,    0,    0,    0,    0,    0,    0,    0,    0,    0,    0,    0,    0,    0,    0,    0,    0,    0,    0,    0,    0,    0,    0,    0,    0,    0,    0,    0,    0,    0,    0,    0,    0,    0,    0,    0,    0,    0,    0,    0,    0,    0,    0,    0,    0,    0,    0,    0,    0,    0,   -5,    0,    0,
       0,    0,    0,    0,    0,    0,    0,    0,    0,    0,    0,    0,    0,    0,    0,    0,    0,    0,    0,    0,    0,    0,    0,    0,    0,    0,    0,    0,    0,    0,    0,    0,    0,    0,   -5,    0,    0,    0,    0,    0,    0,    0,    0,    0,    0,    0,    0,    0,    0,    0,    0,    0,    0,    0,   -4,    0,    0,    0,    0,    0,    0,    0,    0,    0,    0,    0,    0,    0,    0,    0,    0,    0,    0,    0,    0,    0,    0,    0,    0,    0,    0,    0,    0,    0,    0,    0,    0,    0,    0,    0,    0,    0,    0,    0,    0,    0,    0,    0,    0,    0,    0,    0,    0,    0,    0,    0,    0,    0,    0,    0,    0,    0,    0,    0,    0,    0,    0,    0,    0,    0,    0,    0,    0,    0,    0,    0,    0,    0,    0,    0,    0,    0,    0,    0,    0,    0,    0,    0,    0,    0,    0,    0,    0,    0,    0,    0,    0,    0,    0,    0,    0,    0,    0,    0,    0,    0,    0,    0,    0,    0,    0,    0,    0,    0,    0,    0,    0,    0,    0,    0,    0,    0,    0,    0,    0,    0,    0,    0,    0,    0,    0,    0,    0,    0,    0,    0,    0,    0,    0,    0,    0,    0,    0,    0,    0,    0,    0,    0,    0,    0,    0,    0,    0,    0,    0,    0,    0,    0,    0,    0,    0,    0,    0,    0,    0,    0,    0,    0,    0,    0,    0,    0,    0,    0,    0,    0,    0,    0,    0,    0,    0,    0,    0,    0,    0,    0,    0,    0,    0,    0,    0,
       0,   -7,    0,   -5,    0,    0,    0,    0,    0,   -5,    0,    0,    0,    0,   -5,    0,   -4,    0,    0,    0,    0,    0,    0,    0,    0,    0,    0,    0,    0,    0,    0,    0,    0,   -5,   -5,    0,    0,    0,    0,    0,    0,    0,    0,    0,    0,    0,    0,    0,    0,    0,    0,    0,    0,    0,    0,    0,    0,    0,    0,    0,    0,   -7,    0,    0,    0,    0,    0,    0,    0,    0,    0,    0,    0,    0,    0,    0,    0,    0,    0,    0,    0,    0,    0,    0,    0,    0,    0,    0,    0,    0,    0,    0,    0,    0,    0,    0,    0,    0,    0,    0,    0,    0,    0,    0,    0,    0,    0,    0,    0,    0,    0,    0,    0,    0,    0,    0,    0,    0,    0,    0,    0,    0,    0,    0,    0,    0,    0,    0,    0,    0,    0,    0,    0,    0,    0,    0,    0,    0,    0,    0,    0,    0,    0,    0,    0,    0,    0,    0,    0,    0,    0,    0,    0,    0,    0,    0,    0,    0,    0,    0,    0,    0,    0,    0,    0,    0,    0,    0,    0,    0,    0,    0,    0,    0,    0,    0,    0,    0,    0,    0,    0,    0,    0,    0,    0,    0,    0,    0,    0,    0,    0,    0,    0,    0,    0,    0,    0,    0,    0,    0,    0,    0,    0,    0,    0,    0,    0,    0,    0,    0,    0,    0,    0,    0,    0,    0,    0,    0,    0,    0,    0,    0,    0,    0,    0,    0,    0,    0,    0,    0,    0,    0,    0,    0,    0,    0,    0,    0,    0,    0,    0,
       0,    0,    0,    0,    0,  -39,  -39,  -30,    0,    0,    0,    0,  -19,    0,    0,    0,    0,    0,    0,    0,    0,    0,    0,    0,    0,    0,    0,    0,    0,    0,    0,    0,    0,    0,    0,    0,    0,    0,    0,    0,    0,    0,    0,    0,    0,    0,    0,    0,    0,    0,    0,    0,    0,    0,    0,    0,    0,    0,    0,  -17,    0,    0,    0,    0,    0,    0,    0,    0,    0,    0,    0,    0,    0,    0,    0,    0,    0,    0,    0,    0,    0,    0,    0,    0,    0,    0,    0,    0,    0,    0,    0,    0,    0,    0,    0,    0,    0,    0,    0,    0,    0,    0,    0,    0,    0,    0,    0,    0,    0,    0,    0,    0,    0,    0,    0,    0,    0,    0,    0,    0,    0,    0,    0,    0,    0,    0,    0,    0,    0,    0,    0,    0,    0,    0,    0,    0,    0,    0,    0,    0,    0,    0,    0,    0,    0,    0,    0,    0,    0,    0,    0,    0,    0,    0,    0,    0,    0,    0,    0,    0,    0,    0,    0,    0,    0,    0,    0,    0,    0,    0,    0,    0,    0,    0,    0,    0,    0,    0,    0,    0,    0,    0,    0,    0,    0,    0,    0,    0,    0,    0,    0,    0,    0,    0,    0,    0,    0,    0,    0,    0,    0,    0,    0,    0,    0,    0,    0,    0,    0,    0,    0,    0,    0,    0,    0,    0,    0,    0,    0,    0,    0,    0,    0,    0,    0,    0,    0,    0,    0,    0,    0,  -17,    0,    0,    0,    0,    0,    0,  -18,    0,    0,
       0,    0,    0,    0,    0,    0,    0,    0,    0,    0,    0,    0,    0,    0,    0,    0,    0,    0,    0,    0,    0,    0,    0,    0,    0,    0,    0,    0,    0,    0,    0,    0,    0,    0,   -5,    0,    0,    0,    0,    0,    0,    0,    0,    0,    0,    0,    0,    0,    0,    0,    0,    0,    0,    0,   -5,    0,    0,    0,    0,    0,    0,    0,    0,    0,    0,    0,    0,    0,    0,    0,    0,    0,    0,    0,    0,    0,    0,    0,    0,    0,    0,    0,    0,    0,    0,    0,    0,    0,    0,    0,    0,    0,    0,    0,    0,    0,    0,    0,    0,    0,    0,    0,    0,    0,    0,    0,    0,    0,    0,    0,    0,    0,    0,    0,    0,    0,    0,    0,    0,    0,    0,    0,    0,    0,    0,    0,    0,    0,    0,    0,    0,    0,    0,    0,    0,    0,    0,    0,    0,    0,    0,    0,    0,    0,    0,    0,    0,    0,    0,    0,    0,    0,    0,    0,    0,    0,    0,    0,    0,    0,    0,    0,    0,    0,    0,    0,    0,    0,    0,    0,    0,    0,    0,    0,    0,    0,    0,    0,    0,    0,    0,    0,    0,    0,    0,    0,    0,    0,    0,    0,    0,    0,    0,    0,    0,    0,    0,    0,    0,    0,    0,    0,    0,    0,    0,    0,    0,    0,    0,    0,    0,    0,    0,    0,    0,    0,    0,    0,    0,    0,    0,    0,    0,    0,    0,    0,    0,    0,    0,    0,    0,    0,    0,    0,    0,    0,    0,    0,    0,    0,    0,
       0,    0,    0,    0,    0,  -32,  -31,  -20,    0,    0,    0,    0,    0,    0,    0,    0,    0,    0,    0,    0,    0,    0,    0,    0,    0,    0,    0,    0,    0,    0,    0,    0,    0,    0,  -11,    0,    0,    0,    0,    0,    0,    0,    0,    0,    0,    0,    0,    0,    0,    0,    0,    0,    0,    0,   -5,    0,    0,    0,    0,    0,    0,    0,    0,    0,    0,    0,    0,    0,    0,    0,    0,    0,    0,    0,    0,    0,    0,    0,    0,    0,    0,    0,    0,    0,    0,    0,    0,    0,    0,    0,    0,    0,    0,    0,    0,    0,    0,    0,    0,    0,    0,    0,    0,    0,    0,    0,    0,    0,    0,    0,    0,    0,    0,    0,    0,    0,    0,    0,    0,    0,    0,    0,    0,    0,    0,    0,    0,    0,    0,    0,    0,    0,    0,    0,    0,    0,    0,    0,    0,    0,    0,    0,    0,    0,    0,    0,    0,    0,    0,    0,    0,    0,    0,    0,    0,    0,    0,    0,    0,    0,    0,    0,    0,    0,    0,    0,    0,    0,    0,    0,    0,    0,    0,    0,    0,    0,    0,    0,    0,    0,    0,    0,    0,    0,    0,    0,    0,    0,    0,    0,    0,    0,    0,    0,    0,    0,    0,    0,    0,    0,    0,    0,    0,    0,    0,    0,    0,    0,    0,    0,    0,    0,    0,    0,    0,    0,    0,    0,    0,    0,    0,    0,    0,    0,    0,    0,    0,    0,    0,    0,    0,    0,    0,    0,    0,    0,    0,    0,   -5,    0,    0,
       0,   -5,    0,    0,    0,    0,    0,    0,    0,    0,    0,    0,    0,    0,    0,    0,    0,    0,    0,    0,    0,    0,    0,    0,    0,    0,  -28,    0,  -14,   -6,    0,  -23,    0,    0,    0,    0,    0,    0,    0,    0,    0,    0,    0,    0,    0,    0,    0,    0,    0,    0,    0,    0,    0,    0,    0,    0,    0,    0,    0,    0,    0,    0,    0,    0,    0,    0,    0,    0,    0,    0,    0,    0,    0,    0,    0,    0,    0,    0,    0,    0,    0,    0,    0,    0,    0,    0,    0,    0,    0,    0,    0,    0,    0,    0,    0,    0,    0,    0,    0,    0,    0,    0,    0,    0,    0,    0,    0,  -20,    0,    0,    0,    0,    0,    0,    0,    0,    0,    0,    0,    0,    0,    0,    0,    0,    0,    0,    0,    0,  -28,    0,    0,    0,    0,    0,  -11,    0,    0,    0,    0,    0,    0,    0,  -24,    0,    0,    0,    0,    0,    0,    0,    0,    0,    0,    0,    0,    0,    0,    0,    0,    0,    0,    0,    0,    0,    0,    0,    0,    0,    0,    0,    0,    0,    0,    0,    0,    0,    0,    0,    0,    0,    0,    0,    0,    0,    0,    0,    0,    0,    0,    0,    0,    0,    0,    0,    0,  -23,    0,  -23,    0,    0,    0,    0,    0,    0,    0,    0,    0,    0,    0,    0,    0,    0,    0,    0,    0,    0,    0,    0,    0,    0,    0,    0,    0,    0,    0,    0,    0,    0,    0,    0,    0,    0,    0,   -3,    0,  -13,  -13,    0,    0,    0,    0,
       0,   -5,    0,    0,    0,    0,    0,    0,    0,    0,    0,    0,    0,    0,    0,    0,    0,    0,    0,    0,    0,    0,    0,    0,    0,    0,  -28,    0,  -13,   -6,    0,  -22,    0,    0,    0,    0,    0,    0,    0,    0,    0,    0,    0,    0,    0,    0,    0,    0,    0,    0,    0,    0,    0,    0,    0,    0,    0,    0,    0,    0,    0,    0,    0,    0,    0,    0,    0,    0,    0,    0,    0,    0,    0,    0,    0,    0,    0,    0,    0,    0,    0,    0,    0,    0,    0,    0,    0,    0,    0,    0,    0,    0,    0,    0,    0,    0,    0,    0,    0,    0,    0,    0,    0,    0,    0,    0,    0,  -20,    0,    0,    0,    0,    0,    0,    0,    0,    0,    0,    0,    0,    0,    0,    0,    0,    0,    0,    0,    0,  -28,    0,    0,    0,    0,    0,  -11,    0,    0,    0,    0,    0,    0,    0,  -24,    0,    0,    0,    0,    0,    0,    0,    0,    0,    0,    0,    0,    0,    0,    0,    0,    0,    0,    0,    0,    0,    0,    0,    0,    0,    0,    0,    0,    0,    0,    0,    0,    0,    0,    0,    0,    0,    0,    0,    0,    0,    0,    0,    0,    0,    0,    0,    0,    0,    0,    0,    0,  -22,    0,  -22,    0,    0,    0,    0,    0,    0,    0,    0,    0,    0,    0,    0,    0,    0,    0,    0,    0,    0,    0,    0,    0,    0,    0,    0,    0,    0,    0,    0,    0,    0,    0,    0,    0,    0,    0,   -3,    0,  -12,  -12,    0,    0,    0,    0,
       0,    0,    0,    0,    0,    0,    0,    0,    0,    0,    0,    0,    0,    0,    0,    0,    0,    0,    0,    0,    0,    0,    0,    0,    0,    0,  -18,    0,   -6,    0,    0,  -19,    0,    0,    0,    0,    0,    0,    0,    0,    0,    0,    0,    0,    0,    0,    0,    0,    0,    0,    0,    0,    0,    0,    0,    0,    0,    0,    0,    0,    0,    0,    0,    0,    0,    0,    0,    0,    0,    0,    0,    0,    0,    0,    0,    0,    0,    0,    0,    0,    0,    0,    0,    0,    0,    0,    0,    0,    0,    0,    0,    0,    0,    0,    0,    0,    0,    0,    0,    0,    0,    0,    0,    0,    0,    0,    0,  -18,    0,    0,    0,    0,    0,    0,    0,    0,    0,    0,    0,    0,    0,    0,    0,    0,    0,    0,    0,    0,    0,    0,    0,    0,    0,    0,    0,    0,    0,    0,    0,    0,    0,    0,    0,    0,    0,    0,    0,    0,    0,    0,    0,    0,    0,    0,    0,    0,    0,    0,    0,    0,    0,    0,    0,    0,    0,    0,    0,    0,    0,    0,    0,    0,    0,    0,    0,    0,    0,    0,    0,    0,    0,    0,    0,    0,    0,    0,    0,    0,    0,    0,    0,    0,    0,    0,    0,    0,    0,    0,    0,    0,    0,    0,    0,    0,    0,    0,    0,    0,    0,    0,    0,    0,    0,    0,    0,    0,    0,    0,    0,    0,    0,    0,    0,    0,    0,    0,    0,    0,    0,    0,    0,    0,    0,   -4,    0,   -6,   -6,    0,    0,    0,    0,
       0,  -35,    0,    0,  -35,    0,    0,    0,    0,    0,    0,    0,    0,    0,    0,    0,    0,    0,    0,  -10,    0,    0,    0,  -12,    0,   -3,  -36,  -11,  -29,  -22,    0,  -37,    0,  -28,   -9,   -5,    0,   -8,   -6,  -12,    0,    0,    0,    0,    0,    0,  -17,   -7,  -20,  -16,    0,  -21,    0,   -5,   -5,  -17,  -12,  -30,    0,   -9,  -13,    0,  -33,    0,    0,    0,    0,   -2,  -12,   -5,   -8,   -8,   -8,    0,    0,    0,    0,   -8,   -8,   -8,   -8,   -7,  -21,   -8,   -8,   -8,   -8,    0,    0,    0,   -4,    0,    0,    0,    0,    0,    0,    0,    0,   -4,    0,    0,    0,   -8,    0,    0,    0,  -71,  -17,    0,  -12,    0,   -8,    0,    9,    0,   -3,  -22,    0,   -8,    0,    0,    0,   -8,    0,   -7,  -22,    0,    0,    0,    0,    0,    0,    0,    0,    0,    0,    0,    0,    0,    0,    0,    0,    0,    0,    0,    0,    0,    0,    0,    0,    0,    0,    0,    0,    0,    0,    0,    0,    0,    0,    0,    0,    0,    0,    0,    0,    0,    0,    0,    0,    0,    0,    0,    0,    0,    0,    0,    0,    0,    0,    0,    0,    0,    0,    0,    0,    0,    0,    0,    0,    0,    0,    0,    0,    0,    0,    0,    0,    0,    0,    0,    0,    0,    0,    0,    0,    0,    0,    0,    0,    0,    0,    0,    0,    0,    0,    0,    0,    0,    0,    0,    0,   -5,   -5,   -8,   -8,   -8,    0,   -8,   -8,   -9,  -38,  -35,    0,  -40,  -40,   -6,    0,  -12,  -12,
       0,    0,    0,    0,    0,    0,    0,    0,    0,    0,    0,    0,    0,    0,    0,    0,    0,    0,    0,    0,    0,   -5,    0,    0,   -3,    0,  -10,    0,   -8,   -2,   -6,  -14,    0,    0,   -6,   -3,   -5,   -4,   -3,   -7,  -11,   -5,   -5,   -5,   -5,   -9,   -6,   -5,   -6,   -3,   -9,   -6,   -7,    0,   -5,    0,    0,    0,    0,    0,    0,    0,    0,    0,  -10,    0,    0,    0,   -7,   -3,   -4,   -4,   -4,   -5,   -5,   -6,   -5,   -4,   -4,   -4,   -4,   -5,   -6,   -4,   -4,   -4,   -4,  -11,  -11,   -5,   -2,   -5,    0,   -5,    0,   -5,   -5,   -5,   -7,   -2,   -5,   -5,   -5,   -4,   -5,   -9,   -9,  -10,   -6,   -7,   -7,   -5,   -4,    0,  -11,  -11,    0,   -5,   -5,   -4,   -5,    0,   -5,   -4,   -5,   -5,   -5,    0,    0,    0,    0,    0,    0,    0,    0,    0,    0,    0,    0,    0,    0,    0,    0,    0,    0,    0,    0,    0,    0,    0,    0,    0,    0,    0,    0,    0,    0,    0,    0,    0,    0,    0,    0,    0,    0,    0,    0,    0,    0,    0,    0,    0,    0,    0,    0,    0,    0,    0,    0,    0,    0,    0,    0,    0,    0,    0,    0,    0,    0,    0,    0,    0,    0,    0,    0,    0,    0,    0,    0,    0,    0,    0,    0,    0,    0,    0,    0,    0,    0,    0,    0,    0,    0,    0,    0,    0,    0,    0,    0,    0,    0,    0,    0,   -3,   -3,   -4,   -4,   -4,   -5,   -4,   -4,    0,    0,    0,    0,    0,    0,    0,    0,   -7,   -7,
       0,    0,    0,    0,    0,    0,    0,    0,    0,    0,    0,    0,    0,    0,    0,    0,    0,    0,    0,    0,    0,    0,    0,   -7,    0,    0,    0,    0,   -2,    0,    0,   -3,    0,    0,    0,   -4,    0,   -8,   -6,   -5,   -6,    0,    0,    0,   -3,   -2,   -6,   -5,   -8,   -6,    0,   -8,    0,    0,    0,    0,    0,    0,    0,   -9,    0,    0,    0,    0,   -5,    0,    0,    0,   -5,   -4,   -8,   -8,   -8,    0,    0,    6,   11,   -7,   -8,   -8,   -8,   -5,   -8,   -8,   -8,   -8,   -8,   -6,   -6,    0,    0,    7,    0,   10,    0,    5,    0,   -3,    5,    0,    0,   -3,   -3,   -8,   -3,   -2,   -2,    0,   -6,    0,   -5,    0,   -8,    0,   -6,   -6,    0,   -7,    0,   -8,    0,    0,    0,   -8,   -3,   -5,   -7,    0,    0,    0,    0,    0,    0,    0,    0,    0,    0,    0,    0,    0,    0,    0,    0,    0,    0,    0,    0,    0,    0,    0,    0,    0,    0,    0,    0,    0,    0,    0,    0,    0,    0,    0,    0,    0,    0,    0,    0,    0,    0,    0,    0,    0,    0,    0,    0,    0,    0,    0,    0,    0,    0,    0,    0,    0,    0,    0,    0,    0,    0,    0,    0,    0,    0,    0,    0,    0,    0,    0,    0,    0,    0,    0,    0,    0,    0,    0,    0,    0,    0,    0,    0,    0,    0,    0,    0,    0,    0,    0,    0,    0,    0,    0,    0,   -4,   -4,   -8,   -8,   -8,    0,   -8,   -8,   -9,    0,    0,    0,    0,    0,    0,    0,   -5,   -5,
       0,    0,    0,  -10,    0,  -15,  -14,    0,    0,    0,    0,    0,    0,    0,    0,    0,    0,    0,    0,    0,    0,   -9,    0,    0,  -17,   -2,  -19,    0,  -13,   -6,  -15,  -24,   -9,    0,  -12,   -4,   -5,   -2,   -3,   -3,   -5,   -5,   -5,   -5,   -5,   -5,   -2,   -2,   -3,    0,  -11,   -3,   -6,    0,  -10,    0,    0,    0,    0,    0,    0,    0,    0,    0,  -16,    0,    0,   -2,   -3,   -4,   -2,   -2,   -2,   -5,   -5,   -5,   -5,   -3,   -2,   -2,   -2,   -2,   -3,   -2,   -2,   -2,   -2,   -5,   -5,   -5,   -5,   -5,    0,   -5,    0,   -5,   -5,   -5,   -5,   -5,   -5,   -5,   -5,   -2,   -5,   -5,   -5,  -31,   -2,   -6,   -3,   -5,   -2,    0,   -5,   -5,   -8,    0,   -5,   -2,   -5,    0,   -5,   -2,   -5,   -2,    0,    0,    0,    0,    0,    0,    0,    0,    0,    0,    0,    0,    0,    0,    0,    0,    0,    0,    0,    0,    0,    0,    0,    0,    0,    0,    0,    0,    0,    0,    0,    0,    0,    0,    0,    0,    0,    0,    0,    0,    0,    0,    0,    0,    0,    0,    0,    0,    0,    0,    0,    0,    0,    0,    0,    0,    0,    0,    0,    0,    0,    0,    0,    0,    0,    0,    0,    0,    0,    0,    0,    0,    0,    0,    0,    0,    0,    0,    0,    0,    0,    0,    0,    0,    0,    0,    0,    0,    0,    0,    0,    0,    0,    0,    0,    0,    0,   -4,   -4,   -2,   -2,   -2,   -5,   -2,   -2,    0,   -4,   -3,  -17,  -11,  -11,    0,    0,   -3,   -3,
       0,    0,    0,    0,    0,    0,    0,    0,    0,    0,    0,    0,    0,    0,    0,    0,    0,    0,    0,    0,    0,    0,    0,   -8,    0,    0,    0,    0,    0,    0,    0,    0,    0,    0,    0,  -11,   -2,  -14,  -11,  -12,   -3,   -1,   -1,   -2,   -8,   -4,  -12,  -12,  -13,  -11,    0,  -13,    0,    0,    0,    0,    0,    0,   -9,   -6,    0,    0,    0,    0,    0,    0,    0,    0,  -12,  -11,  -14,  -14,  -14,    4,   -1,    3,    3,  -14,  -14,  -14,  -14,  -12,  -13,  -14,  -14,  -14,  -14,   -3,   -3,   -2,    0,   -2,    0,    1,    0,   -1,   -1,  -10,    2,    0,   -2,   -8,   -8,  -14,   -8,   -4,   -4,    0,  -12,    0,  -12,    8,  -14,    0,   -3,   -3,    0,  -11,   -1,  -14,   -1,    0,   -1,  -14,   -8,  -12,  -11,    0,    0,    0,    0,    0,    0,    0,    0,    0,    0,    0,    0,    0,    0,    0,    0,    0,    0,    0,    0,    0,    0,    0,    0,    0,    0,    0,    0,    0,    0,    0,    0,    0,    0,    0,    0,    0,    0,    0,    0,    0,    0,    0,    0,    0,    0,    0,    0,    0,    0,    0,    0,    0,    0,    0,    0,    0,    0,    0,    0,    0,    0,    0,    0,    0,    0,    0,    0,    0,    0,    0,    0,    0,    0,    0,    0,    0,    0,    0,    0,    0,    0,    0,    0,    0,    0,    0,    0,    0,    0,    0,    0,    0,    0,    0,    0,  -11,  -11,  -14,  -21,  -14,   -1,  -14,  -26,   -6,    0,    0,    0,    0,    0,    0,    0,  -12,  -12,
       0,    0,    0,    0,    0,  -47,  -50,  -23,    0,    0,    0,    0,    0,    0,    0,    0,    0,  -10,  -10,    0,    0,  -28,    0,   -4,  -46,   -8,    0,    0,    0,    0,    0,    0,    0,    0,    0,  -30,   -6,  -24,  -26,  -14,  -26,   -3,   -3,   -6,  -24,  -26,  -13,  -21,  -11,   -9,  -24,  -11,  -25,    0,    0,  -11,    0,    0,  -11,  -10,    0,    0,    0,  -12,  -43,    0,    0,    0,  -30,  -30,  -24,  -24,  -24,    3,  -15,    1,    1,  -27,  -24,  -24,  -24,  -21,  -11,  -24,  -24,  -24,  -24,  -26,  -26,   -6,    0,   -8,    0,   -1,    0,   -3,   -4,  -27,    0,    0,   -6,  -24,  -24,  -24,  -24,  -26,  -26,    0,  -13,  -25,  -14,    6,  -24,    0,  -26,  -26,    0,  -10,   -3,  -24,   -3,    0,   -3,  -24,  -24,  -21,  -10,    0,    0,    0,    0,    0,    0,    0,    0,    0,    0,    0,    0,    0,    0,    0,    0,    0,    0,    0,    0,    0,    0,    0,    0,    0,    0,    0,    0,    0,    0,    0,    0,    0,    0,    0,    0,    0,    0,    0,    0,    0,    0,    0,    0,    0,    0,    0,    0,    0,    0,    0,    0,    0,    0,    0,    0,    0,    0,    0,    0,    0,    0,    0,    0,    0,    0,    0,    0,    0,    0,    0,    0,    0,    0,    0,    0,    0,    0,    0,    0,    0,    0,    0,    0,    0,    0,    0,    0,    0,    0,    0,    0,    0,    0,    0,    0,  -30,  -30,  -24,  -33,  -24,   -3,  -24,  -38,  -10,    0,    0,  -46,    0,    0,    0,    0,  -14,  -14,
       0,    0,    0,    0,   -3,    0,    0,    0,    0,    0,    0,    0,    0,    0,    0,    0,    0,    0,    0,    0,    0,   -3,    0,    0,    0,    0,   -2,    0,   -7,    0,    0,  -10,    0,    0,   -4,   -3,   -4,   -3,   -3,   -9,   -5,   -2,   -2,   -4,   -5,   -3,   -9,   -5,  -10,   -7,   -4,  -10,   -5,    0,    0,    0,    0,   -3,    0,    0,    0,    0,    0,    0,   -7,    0,    0,    0,   -9,   -3,   -3,   -3,   -3,   -2,   -2,   -2,   -3,   -4,   -3,   -3,   -3,   -5,  -10,   -3,   -3,   -3,   -3,   -5,   -5,   -4,    0,   -4,    0,   -2,    0,   -2,   -2,   -2,   -2,    0,   -4,   -5,   -5,   -3,   -5,   -3,   -3,   -2,   -9,   -5,   -9,   -2,   -3,    0,   -5,   -5,    0,   -6,   -2,   -3,   -2,    0,   -2,   -3,   -5,   -5,   -6,    0,    0,    0,    0,    0,    0,    0,    0,    0,    0,    0,    0,    0,    0,    0,    0,    0,    0,    0,    0,    0,    0,    0,    0,    0,    0,    0,    0,    0,    0,    0,    0,    0,    0,    0,    0,    0,    0,    0,    0,    0,    0,    0,    0,    0,    0,    0,    0,    0,    0,    0,    0,    0,    0,    0,    0,    0,    0,    0,    0,    0,    0,    0,    0,    0,    0,    0,    0,    0,    0,    0,    0,    0,    0,    0,    0,    0,    0,    0,    0,    0,    0,    0,    0,    0,    0,    0,    0,    0,    0,    0,    0,    0,    0,    0,    0,   -3,   -3,   -3,   -3,   -3,   -2,   -3,   -3,    0,    0,    0,    0,    0,    0,    0,    0,   -9,   -9,
       0,    0,    0,    0,    0,    0,    0,    0,    0,    0,    0,    0,    0,    0,    0,    0,    0,    0,    0,    0,    0,    0,    0,    0,    0,    0,    0,    0,    0,    0,    0,    0,    0,    0,    0,   -9,   -3,   -8,   -7,   -7,   -9,   -3,   -3,   -3,   -3,   -7,   -7,   -4,   -6,   -5,   -2,   -6,   -5,    0,    0,    0,    0,    0,    0,    0,    0,    0,    0,    0,    0,    0,    0,    0,   -7,   -9,   -8,   -8,   -8,   -3,   -3,   -3,   -3,   -9,   -8,   -8,   -8,   -4,   -6,   -8,   -8,   -8,   -8,   -9,   -9,   -3,    0,   -3,    0,   -3,    0,   -3,   -3,   -3,   -3,    0,   -3,   -3,   -3,   -8,   -3,   -7,   -7,    0,   -7,   -5,   -7,   -4,   -8,    0,   -9,   -9,    0,   -3,   -3,   -8,   -3,    0,   -3,   -8,   -3,   -4,   -3,    0,    0,    0,    0,    0,    0,    0,    0,    0,    0,    0,    0,    0,    0,    0,    0,    0,    0,    0,    0,    0,    0,    0,    0,    0,    0,    0,    0,    0,    0,    0,    0,    0,    0,    0,    0,    0,    0,    0,    0,    0,    0,    0,    0,    0,    0,    0,    0,    0,    0,    0,    0,    0,    0,    0,    0,    0,    0,    0,    0,    0,    0,    0,    0,    0,    0,    0,    0,    0,    0,    0,    0,    0,    0,    0,    0,    0,    0,    0,    0,    0,    0,    0,    0,    0,    0,    0,    0,    0,    0,    0,    0,    0,    0,    0,    0,   -9,   -9,   -8,   -8,   -8,   -3,   -8,   -8,    0,    0,    0,    0,    0,    0,    0,    0,   -7,   -7,
       0,    0,    0,    0,    0,  -10,   -9,    0,    0,    0,    0,    0,    0,    0,    0,    0,    0,    0,    0,    0,    0,   -2,    0,    0,   -5,    0,    0,    0,    0,    0,    0,    0,    0,    0,    0,  -10,   -4,   -9,   -9,   -6,  -13,   -4,   -4,   -4,   -5,  -10,   -6,   -6,   -5,   -2,   -7,   -4,   -8,    0,    0,    0,    0,    0,    0,    0,    0,    0,    0,    0,   -7,    0,    0,    0,   -6,  -10,   -9,   -9,   -9,   -4,   -4,   -6,   -4,  -10,   -9,   -9,   -9,   -6,   -4,   -9,   -9,   -9,   -9,  -13,  -13,   -4,    0,   -4,    0,   -4,    0,   -4,   -4,   -4,   -4,    0,   -4,   -5,   -5,   -9,   -5,  -10,  -10,    0,   -6,   -8,   -6,   -3,   -9,    0,  -13,  -13,    0,   -2,   -4,   -9,   -4,    0,   -4,   -9,   -5,   -6,   -2,    0,    0,    0,    0,    0,    0,    0,    0,    0,    0,    0,    0,    0,    0,    0,    0,    0,    0,    0,    0,    0,    0,    0,    0,    0,    0,    0,    0,    0,    0,    0,    0,    0,    0,    0,    0,    0,    0,    0,    0,    0,    0,    0,    0,    0,    0,    0,    0,    0,    0,    0,    0,    0,    0,    0,    0,    0,    0,    0,    0,    0,    0,    0,    0,    0,    0,    0,    0,    0,    0,    0,    0,    0,    0,    0,    0,    0,    0,    0,    0,    0,    0,    0,    0,    0,    0,    0,    0,    0,    0,    0,    0,    0,    0,    0,    0,  -10,  -10,   -9,   -9,   -9,   -4,   -9,   -9,    0,    0,    0,  -11,    0,    0,    0,    0,   -6,   -6,
       0,    0,    0,    0,    0,    0,    0,    0,    0,    0,    0,    0,    0,    0,    0,    0,    0,    0,    0,    0,    0,    0,    0,  -22,    0,    0,    0,    0,    0,    0,    0,    0,    0,    0,    0,  -14,    0,  -21,  -15,  -13,    0,    0,    0,    0,   -2,   -2,  -18,  -14,  -26,  -21,    0,  -25,    0,    0,    0,    0,  -11,    0,  -15,  -18,  -11,    0,    0,    0,    0,    0,    0,    0,  -13,  -14,  -21,  -21,  -21,   15,   -2,    0,    5,  -20,  -21,  -21,  -34,  -14,  -25,  -21,  -21,  -21,  -21,    0,    0,    0,    0,    0,    0,    0,    0,    0,    7,   -2,    0,    0,    0,   -2,   -2,  -21,   -2,   -2,   -2,    0,  -18,    0,  -13,   18,  -21,    0,   10,    0,    0,  -14,    0,  -21,    0,    0,    0,  -21,   -2,  -14,  -28,    0,    0,    0,    0,    0,    0,    0,    0,    0,    0,    0,    0,    0,    0,    0,    0,    0,    0,    0,    0,    0,    0,    0,    0,    0,    0,    0,    0,    0,    0,    0,    0,    0,    0,    0,    0,    0,    0,    0,    0,    0,    0,    0,    0,    0,    0,    0,    0,    0,    0,    0,    0,    0,    0,    0,    0,    0,    0,    0,    0,    0,    0,    0,    0,    0,    0,    0,    0,    0,    0,    0,    0,    0,    0,    0,    0,    0,    0,    0,    0,    0,    0,    0,    0,    0,    0,    0,    0,    0,    0,    0,    0,    0,    0,    0,    0,  -14,  -14,  -21,  -22,  -21,    0,  -21,  -26,  -18,    0,    0,    0,    0,    0,    0,    0,  -13,  -13,
       0,  -50,    0,    0,  -53,    0,    0,    0,    0,    0,    0,    0,    0,    0,    0,    0,    0,    0,    0,   -9,    0,    0,    0,  -19,    0,    0,  -46,  -14,  -44,  -32,    0,  -46,    0,  -33,    0,   -9,   -2,  -20,  -11,  -16,    0,   -2,   -2,   -2,   -2,   -2,  -21,  -14,  -45,  -36,    0,  -46,    0,   -5,    0,  -16,  -24,  -52,  -25,  -38,  -24,    0,  -52,   -8,    0,    0,    0,    0,  -16,   -9,  -20,  -20,  -20,   -2,   -2,   -2,   -2,  -19,  -20,  -20,  -20,  -14,  -46,  -20,  -20,  -20,  -20,    0,    0,   -2,    0,   -2,    0,   -2,    0,   -2,   -2,   -2,   -2,    0,   -2,   -2,   -2,  -20,   -2,   -2,   -2,  -46,  -21,    0,  -16,   -2,  -20,    0,    3,    0,    0,  -53,   -2,  -20,   -2,    0,   -2,  -20,   -2,  -14,  -53,    0,    0,    0,    0,    0,    0,    0,    0,    0,    0,    0,    0,    0,    0,    0,    0,    0,    0,    0,    0,    0,    0,    0,    0,    0,    0,    0,    0,    0,    0,    0,    0,    0,    0,    0,    0,    0,    0,    0,    0,    0,    0,    0,    0,    0,    0,    0,    0,    0,    0,    0,    0,    0,    0,    0,    0,    0,    0,    0,    0,    0,    0,    0,    0,    0,    0,    0,    0,    0,    0,    0,    0,    0,    0,    0,    0,    0,    0,    0,    0,    0,    0,    0,    0,    0,    0,    0,    0,    0,    0,    0,    0,    0,    0,    0,    0,   -9,   -9,  -20,  -20,  -20,   -2,  -20,  -20,  -38,  -51,  -51,    0,  -51,  -52,   -6,  -82,  -16,  -16,
       0,    0,    0,  -10,    0,  -15,  -14,    0,    0,    0,    0,    0,    0,    0,    0,    0,    0,    0,    0,    0,    0,   -9,    0,    0,  -15,   -2,  -19,    0,  -12,   -5,  -14,  -23,   -8,    0,  -12,   -3,   -5,   -2,   -2,   -3,   -5,   -5,   -5,   -5,   -5,   -5,    0,   -2,   -3,    0,  -11,   -1,   -6,    0,  -10,    0,    0,    0,    0,    0,    0,    0,    0,    0,  -15,    0,    0,   -2,   -3,   -3,   -2,   -2,   -2,   -5,   -5,   -5,   -5,   -3,   -2,   -2,   -2,   -2,   -1,   -2,   -2,   -2,   -2,   -5,   -5,   -5,   -4,   -5,    0,   -5,    0,   -5,   -5,   -5,   -5,   -4,   -5,   -5,   -5,   -2,   -5,   -5,   -5,  -31,    0,   -6,   -3,   -5,   -2,    0,   -5,   -5,   -8,    0,   -5,   -2,   -5,    0,   -5,   -2,   -5,   -2,    0,    0,    0,    0,    0,    0,    0,    0,    0,    0,    0,    0,    0,    0,    0,    0,    0,    0,    0,    0,    0,    0,    0,    0,    0,    0,    0,    0,    0,    0,    0,    0,    0,    0,    0,    0,    0,    0,    0,    0,    0,    0,    0,    0,    0,    0,    0,    0,    0,    0,    0,    0,    0,    0,    0,    0,    0,    0,    0,    0,    0,    0,    0,    0,    0,    0,    0,    0,    0,    0,    0,    0,    0,    0,    0,    0,    0,    0,    0,    0,    0,    0,    0,    0,    0,    0,    0,    0,    0,    0,    0,    0,    0,    0,    0,    0,    0,   -3,   -3,   -2,   -2,   -2,   -5,   -2,   -2,    0,   -4,   -3,  -17,  -10,  -10,    0,    0,   -3,   -3,
       0,    0,    0,    0,    0,  -49,  -51,  -21,    0,    0,    0,    0,    0,    0,    0,    0,    0,    0,    0,    0,    0,  -25,    0,    0,  -42,    0,    0,    0,   -6,    0,  -15,   -9,   -2,    0,   -5,  -21,   -3,  -13,  -15,    0,  -10,   -1,   -1,   -3,   -4,   -6,    0,   -2,    0,    0,    0,    0,    0,    0,    0,  -13,    0,    0,   -4,  -12,    0,    0,    0,    0,  -41,    0,    0,    0,    0,  -21,  -13,  -13,  -13,   -1,   -1,    5,   -1,  -18,  -13,  -13,  -13,   -2,    0,  -13,  -13,  -13,  -13,  -10,  -10,   -3,   -2,   -3,    0,   -1,    0,   -1,   -1,   -4,    3,   -2,   -3,   -4,   -4,  -13,   -4,   -6,   -6,    0,    0,    0,    0,   -1,  -13,    0,  -10,  -10,   -4,    0,   -1,  -13,   -1,    0,   -1,  -13,   -4,   -2,    0,    0,    0,    0,    0,    0,    0,    0,    0,    0,    0,    0,    0,    0,    0,    0,    0,    0,    0,    0,    0,    0,    0,    0,    0,    0,    0,    0,    0,    0,    0,    0,    0,    0,    0,    0,    0,    0,    0,    0,    0,    0,    0,    0,    0,    0,    0,    0,    0,    0,    0,    0,    0,    0,    0,    0,    0,    0,    0,    0,    0,    0,    0,    0,    0,    0,    0,    0,    0,    0,    0,    0,    0,    0,    0,    0,    0,    0,    0,    0,    0,    0,    0,    0,    0,    0,    0,    0,    0,    0,    0,    0,    0,    0,    0,    0,    0,  -21,  -21,  -13,  -13,  -13,   -1,  -13,  -13,  -12,    0,    0,  -47,    0,    0,    0,    0,    0,    0,
       0,    0,    0,  -10,    0,  -15,  -14,    0,    0,    0,    0,    0,    0,    0,    0,    0,    0,    0,    0,    0,    0,   -9,    0,    0,  -15,   -2,  -19,    0,  -12,   -5,  -14,  -23,   -8,    0,   -3,   -3,   -5,   -2,   -2,   -3,   -5,   -5,   -5,   -5,   -5,   -5,    0,   -2,   -3,    0,  -11,   -1,   -6,    0,   -3,    0,    0,    0,    0,    0,    0,    0,    0,    0,  -15,    0,    0,   -2,   -3,   -3,   -2,   -2,   -2,   -5,   -5,   -5,   -5,   -3,   -2,   -2,   -2,   -2,   -1,   -2,   -2,   -2,   -2,   -5,   -5,   -5,   -4,   -5,    0,   -5,    0,   -5,   -5,   -5,   -5,   -4,   -5,   -5,   -5,   -2,   -5,   -5,   -5,  -31,    0,   -6,   -3,   -5,   -2,    0,   -5,   -5,   -8,    0,   -5,   -2,   -5,    0,   -5,   -2,   -5,   -2,    0,    0,    0,    0,    0,    0,    0,    0,    0,    0,    0,    0,    0,    0,    0,    0,    0,    0,    0,    0,    0,    0,    0,    0,    0,    0,    0,    0,    0,    0,    0,    0,    0,    0,    0,    0,    0,    0,    0,    0,    0,    0,    0,    0,    0,    0,    0,    0,    0,    0,    0,    0,    0,    0,    0,    0,    0,    0,    0,    0,    0,    0,    0,    0,    0,    0,    0,    0,    0,    0,    0,    0,    0,    0,    0,    0,    0,    0,    0,    0,    0,    0,    0,    0,    0,    0,    0,    0,    0,    0,    0,    0,    0,    0,    0,    0,    0,   -3,   -3,   -2,   -2,   -2,   -5,   -2,   -2,    0,   -4,   -3,  -30,  -10,  -10,    0,    0,   -3,   -3,
       0,    0,    0,    0,    0,    0,    0,    0,    0,    0,    0,    0,    0,    0,    0,    0,    0,    0,    0,    0,    0,    0,    0,   -3,    0,    0,  -12,   -2,  -11,   -5,    0,  -16,    0,    0,    0,  -13,   -4,  -17,  -13,   -6,    0,   -4,   -4,   -4,   -4,   -4,   -8,  -10,   -8,   -6,    0,   -7,    0,    0,    0,    0,    0,    0,  -10,    0,    0,    0,    0,    0,    0,    0,    0,   -2,   -6,  -13,  -17,  -17,  -17,   -4,   -4,   -6,   -4,  -18,  -17,  -17,  -29,  -10,   -7,  -17,  -17,  -17,  -17,    0,    0,   -4,   -2,   -4,    0,   -4,    0,   -4,   -4,   -4,   -4,   -2,   -4,   -4,   -4,  -17,   -4,   -4,   -4,  -12,   -8,    0,   -6,   -4,  -17,    0,    9,    0,   -2,   -8,   -4,  -17,   -4,    0,   -4,  -17,   -4,  -10,   -8,    0,    0,    0,    0,    0,    0,    0,    0,    0,    0,    0,    0,    0,    0,    0,    0,    0,    0,    0,    0,    0,    0,    0,    0,    0,    0,    0,    0,    0,    0,    0,    0,    0,    0,    0,    0,    0,    0,    0,    0,    0,    0,    0,    0,    0,    0,    0,    0,    0,    0,    0,    0,    0,    0,    0,    0,    0,    0,    0,    0,    0,    0,    0,    0,    0,    0,    0,    0,    0,    0,    0,    0,    0,    0,    0,    0,    0,    0,    0,    0,    0,    0,    0,    0,    0,    0,    0,    0,    0,    0,    0,    0,    0,    0,    0,    0,  -13,  -13,  -17,  -17,  -17,   -4,  -17,  -17,    0,    0,    0,    0,    0,    0,    0,    0,   -6,   -6,
       0,    0,    0,    0,    0,    0,    0,    0,    0,    0,    0,    0,    0,    0,    0,    0,    0,    0,    0,    0,    0,   -6,    0,    0,    0,    0,    0,    0,   -7,    0,    0,   -8,    0,    0,   -4,   -1,   -4,   -2,   -1,  -11,   -9,   -2,   -2,   -4,   -6,   -7,  -11,   -5,  -13,  -10,  -11,  -14,   -7,    0,    0,    0,    0,   -3,    0,    0,    0,    0,    0,    0,  -11,    0,    0,    0,  -11,   -1,   -2,   -2,   -2,   -2,   -2,   -2,   -1,   -2,   -2,   -2,   -2,   -5,  -14,   -2,   -2,   -2,   -2,   -9,   -9,   -4,   -1,   -4,    0,   -2,    0,   -2,   -2,   -2,   -2,   -1,   -4,   -6,   -6,   -2,   -6,   -7,   -7,    0,  -11,   -7,  -11,   -2,   -2,    0,   -9,   -9,    0,   -8,   -2,   -2,   -2,    0,   -2,   -2,   -6,   -5,   -8,    0,    0,    0,    0,    0,    0,    0,    0,    0,    0,    0,    0,    0,    0,    0,    0,    0,    0,    0,    0,    0,    0,    0,    0,    0,    0,    0,    0,    0,    0,    0,    0,    0,    0,    0,    0,    0,    0,    0,    0,    0,    0,    0,    0,    0,    0,    0,    0,    0,    0,    0,    0,    0,    0,    0,    0,    0,    0,    0,    0,    0,    0,    0,    0,    0,    0,    0,    0,    0,    0,    0,    0,    0,    0,    0,    0,    0,    0,    0,    0,    0,    0,    0,    0,    0,    0,    0,    0,    0,    0,    0,    0,    0,    0,    0,    0,   -1,   -1,   -2,   -2,   -2,   -2,   -2,   -2,    0,    0,    0,   -4,    0,    0,    0,    0,  -11,  -11,
       0,    0,  -12,    0,    0,  -37,  -37,  -29,    0,    0,    0,    0,    0,    0,    0,    0,    0,  -28,  -27,    0,  -21,  -33,    0,  -13,  -31,    0,    0,    0,    0,    0,    0,    0,    0,    0,    0,  -59,   -4,  -58,  -58,  -27,  -56,    0,    0,   -4,  -49,  -54,  -29,  -46,  -42,  -40,  -41,  -41,  -46,    0,    0,  -14,   -5,    0,  -39,  -31,   -5,    0,    0,  -36,  -46,    0,    0,    0,  -66,  -59, -110, -112, -109,   12,  -17,   11,   10,  -41,  -58, -111,  -58,  -46,  -41, -113, -108,  -58, -109, -109,  -56,   -4,    0,    0,    0,    9,    0,    4,    6,  -45,   10,    0,   -4,  -49,  -49,  -58,  -71,  -97,  -90,    0,  -29,  -83,  -27,   19, -113,    0,  -56, -102,    0,  -17,    0,  -58,    0,    0,    0,  -58,  -49,  -46,  -45,    0,    0,    0,    0,    0,    0,    0,    0,    0,    0,    0,    0,    0,    0,    0,    0,    0,    0,    0,    0,    0,    0,    0,    0,    0,    0,    0,    0,    0,    0,    0,    0,    0,    0,    0,    0,    0,    0,    0,    0,    0,    0,    0,    0,    0,    0,    0,    0,    0,    0,    0,    0,    0,    0,    0,    0,    0,    0,    0,    0,    0,    0,    0,    0,    0,    0,    0,    0,    0,    0,    0,    0,    0,    0,    0,    0,    0,    0,    0,    0,    0,    0,    0,    0,    0,    0,    0,    0,    0,    0,    0,    0,    0,    0,    0,    0,  -97,  -59, -111,  -79, -109,    0, -114,  -85,  -31,    0,    0,  -38,    0,    0,    0,    0,  -57,  -58,
       0,    0,    0,    0,    0,  -14,  -13,   -5,    0,    0,    0,    0,    0,    0,    0,    0,    0,    0,    0,    0,    0,   -6,    0,    0,  -14,    0,    0,    0,    0,    0,    0,    0,    0,    0,    0,  -10,   -6,   -9,  -10,   -6,  -14,   -5,   -5,   -6,   -7,  -12,   -5,   -8,   -4,   -2,   -9,   -4,   -9,    0,    0,    0,    0,    0,    0,    0,    0,    0,    0,    0,  -13,    0,    0,    0,   -6,  -10,   -9,   -9,   -9,   -9,  -12,   -7,   -5,  -10,   -9,   -9,   -9,   -8,   -4,   -9,   -9,   -9,   -9,  -14,  -14,   -6,   -2,   -6,    0,   -5,    0,   -5,   -5,  -13,   -9,   -2,   -6,   -7,   -7,   -9,   -7,  -12,  -12,    0,   -5,   -9,   -6,   -5,   -9,    0,  -14,  -14,    0,    0,   -5,   -9,   -5,    0,   -5,   -9,   -7,   -8,    0,    0,    0,    0,    0,    0,    0,    0,    0,    0,    0,    0,    0,    0,    0,    0,    0,    0,    0,    0,    0,    0,    0,    0,    0,    0,    0,    0,    0,    0,    0,    0,    0,    0,    0,    0,    0,    0,    0,    0,    0,    0,    0,    0,    0,    0,    0,    0,    0,    0,    0,    0,    0,    0,    0,    0,    0,    0,    0,    0,    0,    0,    0,    0,    0,    0,    0,    0,    0,    0,    0,    0,    0,    0,    0,    0,    0,    0,    0,    0,    0,    0,    0,    0,    0,    0,    0,    0,    0,    0,    0,    0,    0,    0,    0,    0,    0,  -10,  -10,   -9,   -9,   -9,   -5,   -9,   -9,    0,    0,    0,  -16,    0,    0,    0,    0,   -6,   -6,
       0,    0,  -12,    0,    0,  -39,  -39,  -30,    0,    0,    0,    0,    0,    0,    0,    0,    0,  -11,   -7,    0,  -11,  -28,    0,   -9,  -35,   -8,    0,    0,    0,    0,    0,    0,    0,    2,    3,  -37,    0,  -37,  -35,  -12,  -38,    0,    0,    0,  -26,  -34,  -12,  -25,  -11,  -11,  -18,  -11,  -21,    0,    2,  -17,    0,    0,  -23,  -18,    0,    0,    0,  -16,  -41,    0,    0,    0,  -12,  -37,  -68,  -37,  -37,   19,   -8,    6,   12,  -32,  -37,  -37,  -37,  -25,  -20,  -37,  -66,  -37,  -67,  -38,  -38,    0,    0,    5,    0,    6,    0,    8,   12,  -26,    4,    0,    0,  -26,  -26,  -37,  -37,  -34,  -53,    0,  -12,  -36,  -12,   23,  -71,    0,  -38,  -63,    0,    2,    0,  -37,    0,    0,    0,  -37,  -26,  -25,  -10,    0,    0,    0,    0,    0,    0,    0,    0,    0,    0,    0,    0,    0,    0,    0,    0,    0,    0,    0,    0,    0,    0,    0,    0,    0,    0,    0,    0,    0,    0,    0,    0,    0,    0,    0,    0,    0,    0,    0,    0,    0,    0,    0,    0,    0,    0,    0,    0,    0,    0,    0,    0,    0,    0,    0,    0,    0,    0,    0,    0,    0,    0,    0,    0,    0,    0,    0,    0,    0,    0,    0,    0,    0,    0,    0,    0,    0,    0,    0,    0,    0,    0,    0,    0,    0,    0,    0,    0,    0,    0,    0,    0,    0,    0,    0,    0,  -55,  -37,  -37,  -38,  -37,    5,  -37,  -42,  -18,    0,    0,  -41,    0,    0,    0,    0,  -12,  -12,
       0,    0,   -6,    0,    0,  -30,  -30,  -22,    0,    0,    0,    0,    0,    0,    0,    0,    0,   -4,   -4,    0,    0,  -21,    0,   -4,  -28,   -4,    0,    0,    0,    0,    0,    0,    0,    0,    0,  -28,    0,  -27,  -26,   -9,  -27,    0,    0,    0,  -21,  -24,   -9,  -18,   -6,   -6,  -12,   -6,  -15,    0,    0,  -14,    0,    0,  -16,  -11,    0,    0,    0,   -6,  -35,    0,    0,    0,   -9,  -28,  -27,  -27,  -27,   16,   -6,    6,   10,  -26,  -27,  -27,  -27,  -18,   -6,  -27,  -27,  -27,  -27,  -27,  -27,    0,    0,    4,    0,    5,    0,    6,    9,  -20,    5,    0,    0,  -21,  -21,  -27,  -31,  -24,  -42,    0,   -9,  -15,   -9,   20,  -27,    0,  -27,  -52,    0,    2,    0,  -27,    0,    0,    0,  -27,  -21,  -18,   -5,    0,    0,    0,    0,    0,    0,    0,    0,    0,    0,    0,    0,    0,    0,    0,    0,    0,    0,    0,    0,    0,    0,    0,    0,    0,    0,    0,    0,    0,    0,    0,    0,    0,    0,    0,    0,    0,    0,    0,    0,    0,    0,    0,    0,    0,    0,    0,    0,    0,    0,    0,    0,    0,    0,    0,    0,    0,    0,    0,    0,    0,    0,    0,    0,    0,    0,    0,    0,    0,    0,    0,    0,    0,    0,    0,    0,    0,    0,    0,    0,    0,    0,    0,    0,    0,    0,    0,    0,    0,    0,    0,    0,    0,    0,    0,    0,  -45,  -28,  -27,  -28,  -27,    2,  -27,  -33,  -11,    0,    0,  -31,    0,    0,    0,    0,   -9,   -9,
       0,    0,    0,    0,    0,    0,    0,    0,    0,    0,    0,    0,    0,    0,    0,    0,    0,    0,    0,    0,    0,    0,    0,  -15,    0,    0,    0,    0,    0,    0,    0,    0,    0,    0,    0,  -11,   -1,  -18,  -12,  -13,    0,    0,    0,   -1,   -4,    0,  -19,  -14,  -25,  -22,    0,  -25,    0,    0,    0,    0,  -10,    0,  -13,  -15,  -10,    0,    0,    0,    0,    0,    0,    0,  -13,  -11,  -18,  -18,  -18,   13,    0,    0,    4,  -17,  -18,  -18,  -29,  -14,  -25,  -18,  -18,  -18,  -18,    0,    0,   -1,    0,   -1,    0,    0,    0,    0,    6,    0,    0,    0,   -1,   -4,   -4,  -18,   -4,    0,    0,    0,  -19,    0,  -13,   17,  -18,    0,   10,    0,    0,  -13,    0,  -18,    0,    0,    0,  -18,   -4,  -14,  -26,    0,    0,    0,    0,    0,    0,    0,    0,    0,    0,    0,    0,    0,    0,    0,    0,    0,    0,    0,    0,    0,    0,    0,    0,    0,    0,    0,    0,    0,    0,    0,    0,    0,    0,    0,    0,    0,    0,    0,    0,    0,    0,    0,    0,    0,    0,    0,    0,    0,    0,    0,    0,    0,    0,    0,    0,    0,    0,    0,    0,    0,    0,    0,    0,    0,    0,    0,    0,    0,    0,    0,    0,    0,    0,    0,    0,    0,    0,    0,    0,    0,    0,    0,    0,    0,    0,    0,    0,    0,    0,    0,    0,    0,    0,    0,    0,  -11,  -11,  -18,  -18,  -18,    0,  -18,  -23,  -15,    0,    0,    0,    0,    0,    0,    0,  -13,  -13,
       0,    0,  -18,    0,    0,  -42,  -43,  -35,    0,    0,    0,    0,    0,    0,    0,    0,    0,  -19,  -19,    0,  -21,  -35,    0,  -16,  -36,  -10,    0,    0,    0,    0,    0,    0,    0,    2,    3,  -59,    0,  -53,  -54,  -22,  -53,    0,    0,    0,  -41,  -52,  -23,  -41,  -27,  -26,  -29,  -27,  -36,    0,    2,  -18,   -6,    0,  -37,  -34,   -6,    0,    0,  -27,  -49,    0,    0,    0,  -49,  -59,  -92,  -53,  -98,   19,  -13,    0,   10,  -39,  -97, -100,  -53,  -79,  -51,  -53,  -90,  -98,  -91,  -53,  -96,    0,   -2,    2,    0,    3,    0,    6,   12,  -41,    0,   -2,   -2,  -77,  -41, -102,  -55,  -52,  -80,    0,  -23,  -58,  -22,   25,  -95,    0,  -53,  -86,    0,   -3,    0,  -53,    0,    0,    0,  -53,  -41,  -41,  -24,    0,    0,    0,    0,    0,    0,    0,    0,    0,    0,    0,    0,    0,    0,    0,    0,    0,    0,    0,    0,    0,    0,    0,    0,    0,    0,    0,    0,    0,    0,    0,    0,    0,    0,    0,    0,    0,    0,    0,    0,    0,    0,    0,    0,    0,    0,    0,    0,    0,    0,    0,    0,    0,    0,    0,    0,    0,    0,    0,    0,    0,    0,    0,    0,    0,    0,    0,    0,    0,    0,    0,    0,    0,    0,    0,    0,    0,    0,    0,    0,    0,    0,    0,    0,    0,    0,    0,    0,    0,    0,    0,    0,    0,    0,    0,    0,  -87, -112,  -53,  -62,  -53,    5,  -53,  -66,  -34,    0,    0,  -43,    0,    0,    0,    0,  -22,  -46,
       0,    0,    0,    0,    0,    0,    0,    0,    0,    0,    0,    0,    0,    0,    0,    0,    0,    0,    0,    0,    0,    0,    0,   -8,    0,    0,    0,    0,    0,    0,    0,    0,    0,    0,    0,   -9,   -2,  -13,  -10,  -11,   -2,    0,    0,   -2,   -7,   -4,  -13,  -12,  -17,  -15,    0,  -17,   -2,    0,    0,    0,    0,    0,   -4,  -10,    0,    0,    0,    0,    0,    0,    0,    0,  -11,   -9,  -13,  -13,  -13,   10,   -2,    0,    9,  -13,  -13,  -13,  -13,  -12,  -17,  -13,  -13,  -13,  -13,   -2,   -2,   -2,   -1,    0,    0,    3,    0,    2,    3,   -7,    0,   -1,   -2,   -7,   -7,  -13,   -7,   -4,   -4,    0,  -13,   -2,  -11,   14,  -13,    0,   -2,   -2,    0,  -11,    0,  -13,    0,    0,    0,  -13,   -7,  -12,  -14,    0,    0,    0,    0,    0,    0,    0,    0,    0,    0,    0,    0,    0,    0,    0,    0,    0,    0,    0,    0,    0,    0,    0,    0,    0,    0,    0,    0,    0,    0,    0,    0,    0,    0,    0,    0,    0,    0,    0,    0,    0,    0,    0,    0,    0,    0,    0,    0,    0,    0,    0,    0,    0,    0,    0,    0,    0,    0,    0,    0,    0,    0,    0,    0,    0,    0,    0,    0,    0,    0,    0,    0,    0,    0,    0,    0,    0,    0,    0,    0,    0,    0,    0,    0,    0,    0,    0,    0,    0,    0,    0,    0,    0,    0,    0,    0,   -9,   -9,  -13,  -15,  -13,    0,  -13,  -20,  -10,    0,    0,    0,    0,    0,    0,    0,  -11,  -11,
       0,    0,    0,    0,    0,    0,    0,    0,  -11,   -5,    0,   -4,  -11,    0,    0,   -5,    0,    0,    0,    0,    0,   -5,    0,  -12,    0,   -5,    0,    0,    3,    0,    0,    3,    0,    0,    0,  -16,    0,  -16,  -16,    0,    0,    0,    9,    0,  -12,  -14,  -12,  -13,  -14,  -13,   -5,   -6,  -10,    0,    0,    0,    0,    0,    0,    0,    0,    0,    0,    0,  -13,   12,    7,    0,    0,  -16,  -16,  -16,  -16,   15,    0,    0,    8,  -14,  -16,  -16,  -16,  -13,   -6,  -16,  -16,  -16,  -16,    0,    0,   19,   -5,    0,   11,    0,    4,    4,    6,    0,    9,   -5,    0,  -12,   -2,  -16,  -12,  -14,  -14,    0,  -12,  -10,    0,   17,  -16,  -14,    0,    0,    0,    6,   17,   -7,   47,    7,    0,   -7,   13,  -11,    6,    0,    0,  -12,   -5,    6,   -6,    0,    4,   -7,    0,    0,    0,  -13,    0,    0,    0,    0,    0,  -16,  -13,  -16,  -13,  -16,  -11,  -13,  -13,  -13,  -12,  -15,  -13,   -6,  -16,   -5,  -13,  -13,  -14,  -13,  -13,  -16,    0,  -14,    0,    9,    9,    0,  -13,   -6,    0,    0,    0,    0,    0,    0,    0,    0,    0,    0,    0,    0,    0,    0,    0,    0,    0,  -13,  -13,    0,  -13,    3,  -13,    0,  -13,  -13,  -12,  -10,  -13,    0,  -16,  -13,  -16,   -4,  -14,  -14,  -13,    0,    5,  -13,  -12,  -16,  -16,   -8,   -6,   -6,  -13,    0,   -5,   -3,  -16,  -16,   13,  -16,    0,  -16,    9,    0,    0,    0,    0,    0,    0,    0,    0,    0,    0,
       0,  -28,    0,    0,    0,    0,    0,    0,   -6,  -21,    0,    0,    0,    0,    0,    0,   -4,    0,    0,    0,    0,    0,    0,  -10,    0,    0,  -31,   -6,  -33,  -23,    0,  -37,    0,    0,    0,    0,    0,    0,    0,    0,    0,    0,    0,    0,    0,    0,   -7,    0,  -19,  -14,    0,  -17,    0,    0,    0,    0,    0,    0,    0,    0,    0,    0,    0,    0,    0,    0,    0,    0,    0,    0,    0,    0,    0,    0,    0,    0,    0,    0,    0,    0,    0,    0,  -17,    0,    0,    0,    0,    0,    0,    0,    0,    0,    0,    0,    0,    0,    0,    0,    0,    0,    0,    0,    0,    0,    0,    0,    0,  -29,   -7,    0,    0,    0,    0,    0,    3,    0,    0,   -6,    0,    0,    0,    0,    0,    0,    0,    0,   -6,    0,  -31,  -10,    0,    0,    0,    0,   -9,    0,    0,    0,    0,  -13,    0,  -25,  -27,    0,    0,    0,   -6,    0,    0,    0,    0,    0,    0,    0,    0,    0,    0,  -17,    0,    0,    0,  -13,  -17,    0,    0,    0,    0,    0,    0,    0,    0,    0,    0,  -17,    0,    0,    0,    0,    0,    0,    0,    0,    0,    0,    0,    0,    0,    0,    0,    0,    0,    0,    0,    0,  -17,  -37,  -18,  -30,  -18,  -21,    0,  -14,  -10,    0,    0,    0,    0,    0,    0,    0,    0,    0,   -6,    0,  -10,    0,    0,    0,  -17,  -17,  -13,    0,    0,    0,    0,    0,    0,    0,    0,    0,    0,    0,    0,  -28,    0,  -32,  -32,    0,    0,    0,    0,
       0,    0,    0,    0,   -5,    0,    0,    0,    0,    0,    0,    0,    0,    0,    0,    0,    0,    0,    0,   -5,    0,    0,   -4,   -5,   -2,   -5,  -57,   -7,  -30,  -21,   -1,  -42,   -5,  -13,  -13,    0,    0,    0,    0,    0,    0,    0,    0,    0,    0,    0,    0,    0,    0,    0,    0,    0,    0,    0,  -11,    0,    0,    0,    0,    0,    0,    0,    0,    0,    0,   -4,   -4,   -4,    0,    0,    0,    0,    0,    0,    0,    0,    0,    0,    0,    0,    0,    0,    0,    0,    0,    0,    0,    0,    0,    0,   -4,    0,   -4,    0,   -4,    0,    0,    0,    0,   -4,    0,    0,    0,    0,    0,    0,    0,  -57,    0,    0,    0,    0,    0,    0,    0,    0,    0,    0,    0,    0,    0,   -4,    0,    0,    0,    0,    0,    0,    0,    0,    0,    0,    0,    0,    0,    0,    0,    0,    0,    0,    0,    0,    0,    0,    0,    0,    0,    0,    0,    0,    0,    0,    0,    0,    0,    0,    0,    0,    0,    0,    0,    0,    0,    0,    0,    0,    0,    0,    0,    0,    0,    0,    0,    0,    0,    0,    0,    0,    0,    0,    0,    0,    0,    0,    0,    0,    0,    0,    0,    0,    0,    0,    0,    0,    0,    0,    0,    0,    0,    0,    0,    0,    0,    0,    0,    0,    0,    0,    0,    0,    0,    0,    0,    0,    0,    0,    0,    0,    0,    0,    0,    0,    0,    0,    0,    0,    0,    0,    0,    0,    0,    0,   -4,   -3,    0,  -11,  -11,   -6,    0,    0,    0,
       0,  -13,    0,  -15,  -17,    0,    0,   -5,    0,    0,    0,    0,    0,    0,    0,    0,    0,    0,    0,  -15,    0,   -7,   -7,   -3,  -18,   -8,  -58,   -9,  -37,  -25,  -18,  -50,  -15,  -19,  -16,    0,    0,    0,    0,   -4,   -1,    0,    0,    0,    0,    0,   -2,    0,   -6,   -2,  -11,   -6,   -5,   -5,  -15,    0,    0,   -9,    0,    0,    0,    0,  -12,    0,    0,   -7,   -7,   -7,   -4,    0,    0,    0,    0,    0,    0,    0,    0,    0,    0,    0,    0,    0,   -6,    0,    0,    0,    0,   -1,   -1,    0,   -7,    0,   -7,    0,   -7,    0,    0,    0,    0,   -7,    0,    0,    0,    0,    0,    0,    0,  -58,   -2,   -5,   -4,    0,    0,    0,   -1,   -1,    0,   -1,    0,    0,    0,   -7,    0,    0,    0,    0,   -1,    0,    0,    0,    0,    0,    0,    0,    0,    0,    0,    0,    0,    0,    0,    0,    0,    0,    0,    0,    0,    0,    0,    0,    0,    0,    0,    0,    0,    0,    0,    0,    0,    0,    0,    0,    0,    0,    0,    0,    0,    0,    0,    0,    0,    0,    0,    0,    0,    0,    0,    0,    0,    0,    0,    0,    0,    0,    0,    0,    0,    0,    0,    0,    0,    0,    0,    0,    0,    0,    0,    0,    0,    0,    0,    0,    0,    0,    0,    0,    0,    0,    0,    0,    0,    0,    0,    0,    0,    0,    0,    0,    0,    0,    0,    0,    0,    0,    0,    0,    0,    0,    0,    0,    0,    0,  -21,  -18,   -4,  -23,  -23,  -14,    0,   -4,   -4,
       0,   -8,    0,   -4,  -11,    0,    0,    0,    0,    0,    0,    0,    0,    0,    0,    0,    0,    0,    0,  -10,    0,    0,   -6,   -8,   -3,   -3,  -54,  -13,  -34,  -24,    0,  -49,   -1,  -15,  -14,   -4,    0,   -5,   -4,    0,    0,    0,    0,    0,    0,    0,    0,    0,   -3,    0,    0,   -3,    0,    0,  -13,    0,    0,    0,   -5,   -9,    0,    0,   -3,    0,    0,   -6,   -6,   -6,    0,   -4,   -5,   -5,   -5,    0,    0,    0,    0,   -6,   -5,   -5,   -5,    0,   -3,   -5,   -5,   -5,   -5,    0,    0,    0,   -6,    0,   -6,    0,   -6,    0,    0,    0,    0,   -6,    0,    0,    0,   -5,    0,    0,    0,  -54,    0,    0,    0,    0,   -5,    0,    0,    0,    0,   -1,    0,   -5,    0,   -6,    0,   -5,    0,    0,    0,    0,    0,    0,    0,    0,    0,    0,    0,    0,    0,    0,    0,    0,    0,    0,    0,    0,    0,    0,    0,    0,    0,    0,    0,    0,    0,    0,    0,    0,    0,    0,    0,    0,    0,    0,    0,    0,    0,    0,    0,    0,    0,    0,    0,    0,    0,    0,    0,    0,    0,    0,    0,    0,    0,    0,    0,    0,    0,    0,    0,    0,    0,    0,    0,    0,    0,    0,    0,    0,    0,    0,    0,    0,    0,    0,    0,    0,    0,    0,    0,    0,    0,    0,    0,    0,    0,    0,    0,    0,    0,    0,    0,    0,    0,    0,    0,   -4,   -4,   -5,   -5,   -5,    0,   -5,   -5,   -9,  -12,   -7,    0,  -16,  -16,   -5,    0,    0,    0,
       0,    0,    0,    0,    0,    0,    0,    0,    0,    0,    0,    0,    0,    0,    0,    0,    0,    0,    0,    0,    0,    0,   -4,   -5,   -2,   -2,   -5,   -6,   -2,   -1,   -2,   -2,   -5,    0,    0,    0,    0,    0,    0,    0,    0,    0,    0,    0,    0,    0,    0,    0,    0,    0,    0,    0,    0,    0,    0,    0,    0,    0,    0,    0,    0,    0,    0,    0,    0,   -4,   -4,   -4,    0,    0,    0,    0,    0,    4,    0,    3,    0,    0,    0,    0,    0,    0,    0,    0,    0,    0,    0,    0,    0,    0,   -4,    0,   -4,    0,   -4,    0,    0,    0,    2,   -4,    0,    0,    0,    0,    0,    0,    0,   -5,    0,    0,    0,    6,    0,    0,    0,    0,    0,    0,    6,    0,   29,   -4,    0,    0,    8,    0,    0,    0,    0,    0,    0,    0,    0,    0,    0,    0,    0,    0,    0,    0,    0,    0,    0,    0,    0,    0,    0,    0,    0,    0,    0,    0,    0,    0,    0,    0,    0,    0,    0,    0,    0,    0,    0,    0,    0,    0,    0,    0,    0,    0,    0,    0,    0,    0,    0,    0,    0,    0,    0,    0,    0,    0,    0,    0,    0,    0,    0,    0,    0,    0,    0,    0,    0,    0,    0,    0,    0,    0,    0,    0,    0,    0,    0,    0,    0,    0,    0,    0,    0,    0,    0,    0,    0,    0,    0,    0,    0,    0,    0,    0,    0,    0,    0,    0,    0,    0,    0,    0,    0,    0,    0,    0,    0,    0,    0,    0,    0,    0,    0,    0,    0,
       0,  -10,    0,  -10,  -14,    0,    0,    0,    0,    0,    0,    0,    0,    0,    0,    0,    0,    0,    0,  -12,    0,    0,   -7,   -6,   -4,   -2,  -54,  -12,  -37,  -26,   -3,  -55,   -2,  -18,  -14,    0,    0,   -1,    0,   -2,    0,    0,    0,    0,    0,    0,   -2,    0,   -5,    0,    0,   -6,    0,    0,  -13,    0,    0,   -4,    0,    0,    0,    0,   -9,    0,    0,   -7,   -7,   -7,   -2,    0,   -1,   -1,   -1,    0,    0,    0,    0,   -1,   -1,   -1,   -1,    0,   -6,   -1,   -1,   -1,   -1,    0,    0,    0,   -7,    0,   -7,    0,   -7,    0,    0,    0,    0,   -7,    0,    0,    0,   -1,    0,    0,    0,  -54,   -2,    0,   -2,    0,   -1,    0,    0,    0,    0,   -2,    0,   -1,    0,   -7,    0,   -1,    0,    0,   -2,    0,    0,    0,    0,    0,    0,    0,    0,    0,    0,    0,    0,    0,    0,    0,    0,    0,    0,    0,    0,    0,    0,    0,    0,    0,    0,    0,    0,    0,    0,    0,    0,    0,    0,    0,    0,    0,    0,    0,    0,    0,    0,    0,    0,    0,    0,    0,    0,    0,    0,    0,    0,    0,    0,    0,    0,    0,    0,    0,    0,    0,    0,    0,    0,    0,    0,    0,    0,    0,    0,    0,    0,    0,    0,    0,    0,    0,    0,    0,    0,    0,    0,    0,    0,    0,    0,    0,    0,    0,    0,    0,    0,    0,    0,    0,    0,    0,    0,   -1,   -1,   -1,    0,   -1,   -1,    0,  -14,  -11,    0,  -18,  -18,  -11,    0,   -2,   -2,
       0,    0,    0,    3,   -1,  -14,  -14,  -13,    0,    0,    0,    0,    0,    0,    0,    0,    0,    0,    0,    0,    0,  -19,   -1,    0,  -28,   -1,    2,    0,   10,    8,    2,    9,    0,    4,    4,  -13,    0,   -8,  -10,    0,   -1,    0,    0,    0,    0,    0,    0,    0,    0,    0,    0,    0,    0,    2,    3,   -5,    0,    0,   -5,   -7,    0,    0,    0,    0,    0,   -1,   -1,   -1,    0,  -13,   -8,   -8,   -8,   19,    0,    5,   16,  -13,   -8,   -8,   -8,    0,    0,   -8,   -8,   -8,   -8,   -1,   -1,    0,   -1,    0,   -1,   11,   -1,   10,   11,    0,    3,   -1,    0,    0,    9,   -8,    0,    0,    0,    2,    0,    0,    0,   22,   -8,    0,   -1,   -1,    0,    0,   24,   -9,   57,   -1,   12,  -10,   23,    0,    0,    0,    0,    0,    0,    0,    0,    0,    0,    0,    0,    0,    0,    0,    0,    0,    0,    0,    0,    0,    0,    0,    0,    0,    0,    0,    0,    0,    0,    0,    0,    0,    0,    0,    0,    0,    0,    0,    0,    0,    0,    0,    0,    0,    0,    0,    0,    0,    0,    0,    0,    0,    0,    0,    0,    0,    0,    0,    0,    0,    0,    0,    0,    0,    0,    0,    0,    0,    0,    0,    0,    0,    0,    0,    0,    0,    0,    0,    0,    0,    0,    0,    0,    0,    0,    0,    0,    0,    0,    0,    0,    0,    0,    0,    0,    0,    0,  -13,  -13,   -8,   -1,   -8,    4,   -8,   -5,   -7,    0,    0,  -13,    3,    3,    0,    0,    0,    0,
       0,    0,    0,    0,    0,    0,    0,    0,    0,    0,    0,    0,    0,    0,    0,    0,    0,    0,    0,    0,    0,    0,   -5,   -3,   -4,   -4,  -48,   -5,  -17,   -9,   -2,  -32,   -3,   -5,    0,   -8,    0,   -6,   -6,    0,    0,    0,    0,    0,    0,    0,    0,    0,    0,    0,    0,    0,    0,    0,    0,    0,    0,    0,    0,    0,    0,    0,    0,    0,    0,   -5,   -5,   -5,    0,   -8,   -6,   -6,   -6,    0,    0,    0,    0,   -9,   -6,   -6,   -6,    0,    0,   -6,   -6,   -6,   -6,    0,    0,    0,   -5,    0,   -5,    0,   -5,    0,    0,    0,    0,   -5,    0,    0,    0,   -6,    0,    0,    0,  -48,    0,    0,    0,    0,   -6,    0,    0,    0,    0,    0,    0,   -6,    0,   -5,    0,   -6,    0,    0,    0,    0,    0,    0,    0,    0,    0,    0,    0,    0,    0,    0,    0,    0,    0,    0,    0,    0,    0,    0,    0,    0,    0,    0,    0,    0,    0,    0,    0,    0,    0,    0,    0,    0,    0,    0,    0,    0,    0,    0,    0,    0,    0,    0,    0,    0,    0,    0,    0,    0,    0,    0,    0,    0,    0,    0,    0,    0,    0,    0,    0,    0,    0,    0,    0,    0,    0,    0,    0,    0,    0,    0,    0,    0,    0,    0,    0,    0,    0,    0,    0,    0,    0,    0,    0,    0,    0,    0,    0,    0,    0,    0,    0,    0,    0,    0,    0,   -8,   -8,   -6,   -6,   -6,    0,   -6,   -6,    0,   -4,   -3,    0,   -7,   -7,    0,    0,    0,    0,
       0,  -11,    0,   -4,  -14,    0,    0,    0,    0,    0,    0,    0,    0,    0,    0,    0,    0,    0,    0,  -13,    0,    0,   -5,   -7,    0,   -5,  -59,   -9,  -33,  -21,    0,  -53,   -5,  -19,  -14,    0,    0,    0,    0,   -4,    0,    0,    0,    0,    0,    0,   -3,    0,   -6,   -3,    0,   -7,    0,    0,  -12,    0,    0,   -5,    0,    0,    0,    0,  -10,    0,    0,   -5,   -5,   -5,   -4,    0,    0,    0,    0,    0,    0,    0,    0,    0,    0,    0,    0,    0,   -7,    0,    0,    0,    0,    0,    0,    0,   -5,    0,   -5,    0,   -5,    0,    0,    0,    0,   -5,    0,    0,    0,    0,    0,    0,    0,  -59,   -3,    0,   -4,    0,    0,    0,    0,    0,    0,   -2,    0,    0,    0,   -5,    0,    0,    0,    0,   -2,    0,    0,    0,    0,    0,    0,    0,    0,    0,    0,    0,    0,    0,    0,    0,    0,    0,    0,    0,    0,    0,    0,    0,    0,    0,    0,    0,    0,    0,    0,    0,    0,    0,    0,    0,    0,    0,    0,    0,    0,    0,    0,    0,    0,    0,    0,    0,    0,    0,    0,    0,    0,    0,    0,    0,    0,    0,    0,    0,    0,    0,    0,    0,    0,    0,    0,    0,    0,    0,    0,    0,    0,    0,    0,    0,    0,    0,    0,    0,    0,    0,    0,    0,    0,    0,    0,    0,    0,    0,    0,    0,    0,    0,    0,    0,    0,    0,    0,    0,    0,    0,    0,    0,    0,    0,  -14,  -12,    0,  -18,  -18,  -11,    0,   -4,   -4,
       0,    0,    0,    0,    0,    0,    0,    0,    0,    0,    0,    0,    0,    0,    0,    0,    0,    0,    0,    0,    0,    0,   -3,   -5,   -2,   -3,   -3,   -6,    0,    0,    0,   -2,   -4,    0,    0,    0,    0,    0,    0,    0,    0,    0,    0,    0,    0,    0,    0,    0,    0,    0,    0,    0,    0,    0,    0,    0,    0,    0,    0,    0,    0,    0,    0,    0,    0,   -3,   -3,   -3,    0,    0,    0,    0,    0,    0,    0,    0,    3,    0,    0,    0,    0,    0,    0,    0,    0,    0,    0,    0,    0,    0,   -3,    0,   -3,    0,   -3,    0,    0,    0,    0,   -3,    0,    0,    0,    0,    0,    0,    0,   -3,    0,    0,    0,    0,    0,    0,    0,    0,    0,    0,    0,    0,   18,   -3,    0,    0,    0,    0,    0,    0,    0,    0,    0,    0,    0,    0,    0,    0,    0,    0,    0,    0,    0,    0,    0,    0,    0,    0,    0,    0,    0,    0,    0,    0,    0,    0,    0,    0,    0,    0,    0,    0,    0,    0,    0,    0,    0,    0,    0,    0,    0,    0,    0,    0,    0,    0,    0,    0,    0,    0,    0,    0,    0,    0,    0,    0,    0,    0,    0,    0,    0,    0,    0,    0,    0,    0,    0,    0,    0,    0,    0,    0,    0,    0,    0,    0,    0,    0,    0,    0,    0,    0,    0,    0,    0,    0,    0,    0,    0,    0,    0,    0,    0,    0,    0,    0,    0,    0,    0,    0,    0,    0,    0,    0,    0,    0,    0,    0,    0,    0,    0,    0,    0,
       0,    0,    0,    0,    0,    0,    0,    0,    0,    0,    0,    0,    0,    0,    0,    0,    0,    0,    0,    0,    0,    0,   -3,   -5,   -2,   -3,   -3,   -6,    0,    0,    0,   -2,   -4,    0,    0,    0,    0,    0,    0,    0,    0,    0,    0,    0,    0,    0,    0,    0,    0,    0,    0,    0,    0,    0,    0,    0,    0,    0,    0,    0,    0,    0,    0,    0,    0,   -3,   -3,   -3,    0,    0,    0,    0,    0,    0,    0,    0,    3,    0,    0,    0,    0,    0,    0,    0,    0,    0,    0,    0,    0,    0,   -3,    0,   -3,    0,   -3,    0,    0,    0,    0,   -3,    0,    0,    0,    0,    0,    0,    0,   -3,    0,    0,    0,    0,    0,    0,    0,    0,    0,    0,    0,    0,   17,   -3,    0,    0,    0,    0,    0,    0,    0,    0,    0,    0,    0,    0,    0,    0,    0,    0,    0,    0,    0,    0,    0,    0,    0,    0,    0,    0,    0,    0,    0,    0,    0,    0,    0,    0,    0,    0,    0,    0,    0,    0,    0,    0,    0,    0,    0,    0,    0,    0,    0,    0,    0,    0,    0,    0,    0,    0,    0,    0,    0,    0,    0,    0,    0,    0,    0,    0,    0,    0,    0,    0,    0,    0,    0,    0,    0,    0,    0,    0,    0,    0,    0,    0,    0,    0,    0,    0,    0,    0,    0,    0,    0,    0,    0,    0,    0,    0,    0,    0,    0,    0,    0,    0,    0,    0,    0,    0,    0,    0,    0,    0,    0,    0,    0,    0,    0,    0,    0,    0,    0,
       0,    0,    0,    0,   -3,    0,    0,    0,    0,    0,    0,    0,    0,    0,    0,    0,    0,    0,    0,    0,    0,    0,    0,  -10,    0,    0,  -45,   -7,  -17,   -9,    0,  -29,    0,    0,  -10,  -12,    0,  -15,  -12,    0,    0,    0,    0,    0,    0,    0,    0,    0,    0,    0,    0,    0,    0,    0,   -5,    0,    0,    0,  -13,  -13,    0,    0,    0,    0,    0,    0,    0,    0,    0,  -12,  -15,  -15,  -15,    0,    0,    0,    0,  -16,  -15,  -15,  -15,    0,    0,  -15,  -15,  -15,  -15,    0,    0,    0,    0,    0,    0,    0,    0,    0,    0,    0,    0,    0,    0,    0,    7,  -15,    0,    0,    0,  -45,    0,    0,    0,    0,  -15,    0,    8,    0,    0,    0,    0,  -15,    0,    0,    0,  -15,    0,    0,    0,    0,    0,    0,    0,    0,    0,    0,    0,    0,    0,    0,    0,    0,    0,    0,    0,    0,    0,    0,    0,    0,    0,    0,    0,    0,    0,    0,    0,    0,    0,    0,    0,    0,    0,    0,    0,    0,    0,    0,    0,    0,    0,    0,    0,    0,    0,    0,    0,    0,    0,    0,    0,    0,    0,    0,    0,    0,    0,    0,    0,    0,    0,    0,    0,    0,    0,    0,    0,    0,    0,    0,    0,    0,    0,    0,    0,    0,    0,    0,    0,    0,    0,    0,    0,    0,    0,    0,    0,    0,    0,    0,    0,    0,    0,    0,    0,  -12,  -12,  -15,  -15,  -15,    0,  -15,  -15,  -13,   -7,   -6,    0,   -5,   -5,    0,    0,    0,    0,
       0,    0,    0,    0,    0,    0,    0,    0,    0,    0,    0,    0,    0,    0,    0,    0,    0,    0,    0,    0,    0,    0,   -3,   -5,   -2,   -2,   -5,   -6,   -2,   -1,   -2,   -3,   -5,    0,    0,    0,    0,    0,    0,    0,    0,    0,    0,    0,    0,    0,    0,    0,    0,    0,    0,    0,    0,    0,    0,    0,    0,    0,    0,    0,    0,    0,    0,    0,    0,   -3,   -3,   -3,    0,    0,    0,    0,    0,    3,    0,    3,    0,    0,    0,    0,    0,    0,    0,    0,    0,    0,    0,    0,    0,    0,   -3,    0,   -3,    0,   -3,    0,    0,    0,    2,   -3,    0,    0,    0,    0,    0,    0,    0,   -5,    0,    0,    0,    6,    0,    0,    0,    0,    0,    0,    6,    0,   29,   -3,    0,    0,    8,    0,    0,    0,    0,    0,    0,    0,    0,    0,    0,    0,    0,    0,    0,    0,    0,    0,    0,    0,    0,    0,    0,    0,    0,    0,    0,    0,    0,    0,    0,    0,    0,    0,    0,    0,    0,    0,    0,    0,    0,    0,    0,    0,    0,    0,    0,    0,    0,    0,    0,    0,    0,    0,    0,    0,    0,    0,    0,    0,    0,    0,    0,    0,    0,    0,    0,    0,    0,    0,    0,    0,    0,    0,    0,    0,    0,    0,    0,    0,    0,    0,    0,    0,    0,    0,    0,    0,    0,    0,    0,    0,    0,    0,    0,    0,    0,    0,    0,    0,    0,    0,    0,    0,    0,    0,    0,    0,    0,    0,    0,    0,    0,    0,  -17,    0,    0,
       0,  -15,    0,  -15,  -19,    0,    0,    0,    0,    0,    0,    0,    0,    0,    0,    0,    0,    0,    0,  -15,    0,   -7,   -8,   -4,  -17,   -8,  -58,  -10,  -38,  -27,  -17,  -56,  -15,  -21,  -16,    0,    0,    0,    0,   -6,   -2,    0,    0,    0,    0,    0,   -5,    0,   -8,   -4,  -11,   -9,   -5,   -5,  -14,    0,    0,  -10,    0,    0,    0,    0,  -13,    0,    0,   -8,   -8,   -8,   -6,    0,    0,    0,    0,    0,    0,    0,    0,    0,    0,    0,    0,    0,   -9,    0,    0,    0,    0,   -2,   -2,    0,   -8,    0,   -8,    0,   -8,    0,    0,    0,    0,   -8,    0,    0,    0,    0,    0,    0,    0,  -58,   -5,   -5,   -6,    0,    0,    0,   -2,   -2,    0,   -3,    0,    0,    0,   -8,    0,    0,    0,    0,   -3,    0,    0,    0,    0,    0,    0,    0,    0,    0,    0,    0,    0,    0,    0,    0,    0,    0,    0,    0,    0,    0,    0,    0,    0,    0,    0,    0,    0,    0,    0,    0,    0,    0,    0,    0,    0,    0,    0,    0,    0,    0,    0,    0,    0,    0,    0,    0,    0,    0,    0,    0,    0,    0,    0,    0,    0,    0,    0,    0,    0,    0,    0,    0,    0,    0,    0,    0,    0,    0,    0,    0,    0,    0,    0,    0,    0,    0,    0,    0,    0,    0,    0,    0,    0,    0,    0,    0,    0,    0,    0,    0,    0,    0,    0,    0,    0,    0,    0,    0,    0,    0,    0,    0,    0,    0,  -19,  -17,    0,  -23,  -23,  -15,    0,   -6,   -6,
       0,    0,    0,    0,   -3,    0,    0,    0,    0,    0,    0,    0,    0,    0,    0,    0,    0,    0,    0,   -5,    0,    0,   -4,   -6,   -2,   -5,  -55,   -7,  -29,  -20,   -2,  -42,   -5,  -12,  -13,    0,    0,    0,    0,    0,    0,    0,    0,    0,    0,    0,    0,    0,    0,    0,    0,    0,    0,    0,  -11,    0,    0,    0,    0,    0,    0,    0,    0,    0,    0,   -4,   -4,   -4,    0,    0,    0,    0,    0,    0,    0,    0,    0,    0,    0,    0,    0,    0,    0,    0,    0,    0,    0,    0,    0,    0,   -4,    0,   -4,    0,   -4,    0,    0,    0,    0,   -4,    0,    0,    0,    0,    0,    0,    0,  -55,    0,    0,    0,    0,    0,    0,    0,    0,    0,    0,    0,    0,    0,   -4,    0,    0,    0,    0,    0,    0,    0,    0,    0,    0,    0,    0,    0,    0,    0,    0,    0,    0,    0,    0,    0,    0,    0,    0,    0,    0,    0,    0,    0,    0,    0,    0,    0,    0,    0,    0,    0,    0,    0,    0,    0,    0,    0,    0,    0,    0,    0,    0,    0,    0,    0,    0,    0,    0,    0,    0,    0,    0,    0,    0,    0,    0,    0,    0,    0,    0,    0,    0,    0,    0,    0,    0,    0,    0,    0,    0,    0,    0,    0,    0,    0,    0,    0,    0,    0,    0,    0,    0,    0,    0,    0,    0,    0,    0,    0,    0,    0,    0,    0,    0,    0,    0,    0,    0,    0,    0,    0,    0,    0,    0,   -3,    0,    0,   -9,   -9,   -5,    0,    0,    0,
       0,    0,    0,  -10,    0,  -23,  -23,  -19,    0,    0,    0,    0,    0,    0,    0,    0,    0,    0,    0,    0,    0,  -26,   -5,    0,  -38,   -3,  -42,   -1,  -11,   -5,  -27,  -27,  -16,    0,  -12,  -14,    0,  -10,  -10,    0,   -3,    0,    0,    0,    0,   -2,    0,    0,    0,    0,    0,    0,    0,    0,  -10,  -10,    0,    0,   -7,  -10,    0,    0,    0,    0,    0,   -5,   -5,   -5,    0,  -14,  -10,  -10,  -10,    0,    0,    0,    0,  -14,  -10,  -10,  -10,    0,    0,  -10,  -10,  -10,  -10,   -3,   -3,    0,   -5,    0,   -5,    0,   -5,    0,    0,    0,    0,   -5,    0,    0,    6,  -10,    0,   -2,   -2,  -42,    0,    0,    0,    0,  -10,    0,   -3,   -3,    0,    0,    0,  -10,    0,   -5,    0,  -10,    0,    0,    0,    0,    0,    0,    0,    0,    0,    0,    0,    0,    0,    0,    0,    0,    0,    0,    0,    0,    0,    0,    0,    0,    0,    0,    0,    0,    0,    0,    0,    0,    0,    0,    0,    0,    0,    0,    0,    0,    0,    0,    0,    0,    0,    0,    0,    0,    0,    0,    0,    0,    0,    0,    0,    0,    0,    0,    0,    0,    0,    0,    0,    0,    0,    0,    0,    0,    0,    0,    0,    0,    0,    0,    0,    0,    0,    0,    0,    0,    0,    0,    0,    0,    0,    0,    0,    0,    0,    0,    0,    0,    0,    0,    0,    0,    0,    0,    0,  -14,  -14,  -10,  -10,  -10,    0,  -10,  -10,  -10,    0,    0,  -23,    0,    0,    0,    0,    0,    0,
       0,    0,    0,  -10,   -9,    0,    0,    0,    0,    0,    0,    0,    0,    0,    0,    0,    0,    0,    0,   -6,    0,   -3,   -7,   -5,   -3,   -1,  -54,  -10,  -29,  -23,   -6,  -47,   -5,  -14,  -14,    0,    0,    0,    0,    0,   -2,    0,    0,    0,    0,    0,    0,    0,   -3,    0,    0,   -4,    0,    0,  -12,    0,    0,    0,    0,    0,    0,    0,    0,    0,    0,   -7,   -7,   -7,    0,    0,    0,    0,    0,    0,    0,    0,    0,    0,    0,    0,    0,    0,   -4,    0,    0,    0,    0,   -2,   -2,    0,   -7,    0,   -7,    0,   -7,    0,    0,    0,    0,   -7,    0,    0,    0,    0,    0,    0,    0,  -54,    0,    0,    0,    0,    0,    0,   -2,   -2,    0,    0,    0,    0,    0,   -7,    0,    0,    0,    0,    0,    0,    0,    0,    0,    0,    0,    0,    0,    0,    0,    0,    0,    0,    0,    0,    0,    0,    0,    0,    0,    0,    0,    0,    0,    0,    0,    0,    0,    0,    0,    0,    0,    0,    0,    0,    0,    0,    0,    0,    0,    0,    0,    0,    0,    0,    0,    0,    0,    0,    0,    0,    0,    0,    0,    0,    0,    0,    0,    0,    0,    0,    0,    0,    0,    0,    0,    0,    0,    0,    0,    0,    0,    0,    0,    0,    0,    0,    0,    0,    0,    0,    0,    0,    0,    0,    0,    0,    0,    0,    0,    0,    0,    0,    0,    0,    0,    0,    0,    0,    0,    0,    0,    0,    0,    0,  -10,   -5,    0,  -13,  -13,   -6,    0,    0,    0,
       0,    0,    0,    0,   -6,    0,    0,    0,    0,    0,    0,    0,    0,    0,    0,    0,    0,    0,    0,    0,    0,    0,   -7,   -5,    0,   -3,  -47,  -11,  -25,  -16,    0,  -35,    0,  -10,  -12,   -5,    0,   -6,   -5,    0,    0,    0,    0,    0,    0,    0,    0,    0,    0,    0,    0,    0,    0,    0,  -11,    0,    0,    0,  -10,   -5,    0,    0,    0,    0,    0,   -7,   -7,   -7,    0,   -5,   -6,   -6,   -6,    0,    0,    0,    0,   -7,   -6,   -6,   -6,    0,    0,   -6,   -6,   -6,   -6,    0,    0,    0,   -7,    0,   -7,    0,   -7,    0,    0,    0,    0,   -7,    0,    0,    0,   -6,    0,    0,    0,  -47,    0,    0,    0,    0,   -6,    0,    0,    0,    0,    0,    0,   -6,    0,   -7,    0,   -6,    0,    0,    0,    0,    0,    0,    0,    0,    0,    0,    0,    0,    0,    0,    0,    0,    0,    0,    0,    0,    0,    0,    0,    0,    0,    0,    0,    0,    0,    0,    0,    0,    0,    0,    0,    0,    0,    0,    0,    0,    0,    0,    0,    0,    0,    0,    0,    0,    0,    0,    0,    0,    0,    0,    0,    0,    0,    0,    0,    0,    0,    0,    0,    0,    0,    0,    0,    0,    0,    0,    0,    0,    0,    0,    0,    0,    0,    0,    0,    0,    0,    0,    0,    0,    0,    0,    0,    0,    0,    0,    0,    0,    0,    0,    0,    0,    0,    0,    0,   -5,   -5,   -6,   -6,   -6,    0,   -6,   -6,   -5,   -9,   -9,    0,  -12,  -12,    0,    0,    0,    0,
       0,    0,    0,   -5,    0,  -20,  -20,  -17,    0,    0,    0,    0,    0,    0,    0,    0,    0,    0,    0,    0,    0,  -19,   -5,    0,  -37,   -2,  -50,   -2,  -11,   -5,  -24,  -27,  -13,    0,  -13,   -9,    0,   -6,   -7,    0,   -5,    0,    0,    0,    0,   -5,    0,    0,    0,    0,    0,    0,    0,    0,  -11,  -11,    0,    0,    0,    0,    0,    0,    0,    0,    0,   -5,   -5,   -5,    0,   -9,   -6,   -6,   -6,    0,    0,    0,    0,   -9,   -6,   -6,   -6,    0,    0,   -6,   -6,   -6,   -6,   -5,   -5,    0,   -5,    0,   -5,    0,   -5,    0,    0,    0,    0,   -5,    0,    0,    0,   -6,    0,   -5,   -5,  -50,    0,    0,    0,    0,   -6,    0,   -5,   -5,    0,    0,    0,   -6,    0,   -5,    0,   -6,    0,    0,    0,    0,    0,    0,    0,    0,    0,    0,    0,    0,    0,    0,    0,    0,    0,    0,    0,    0,    0,    0,    0,    0,    0,    0,    0,    0,    0,    0,    0,    0,    0,    0,    0,    0,    0,    0,    0,    0,    0,    0,    0,    0,    0,    0,    0,    0,    0,    0,    0,    0,    0,    0,    0,    0,    0,    0,    0,    0,    0,    0,    0,    0,    0,    0,    0,    0,    0,    0,    0,    0,    0,    0,    0,    0,    0,    0,    0,    0,    0,    0,    0,    0,    0,    0,    0,    0,    0,    0,    0,    0,    0,    0,    0,    0,    0,    0,    0,   -9,   -9,   -6,   -6,   -6,    0,   -6,   -6,    0,    0,    0,  -21,    0,    0,    0,    0,    0,    0,
       0,    0,    0,   -5,    0,  -14,  -14,  -13,    0,    0,    0,    0,    0,    0,    0,    0,    0,    0,    0,    0,    0,  -14,   -3,    0,  -30,   -2,  -47,   -2,  -13,   -6,  -21,  -29,  -12,    0,  -11,   -6,    0,   -4,   -4,    0,   -3,    0,    0,    0,    0,   -2,    0,    0,    0,    0,    0,    0,    0,    0,   -9,  -10,    0,    0,    0,    0,    0,    0,    0,    0,    0,   -3,   -3,   -3,    0,   -6,   -4,   -4,   -4,    0,    0,    0,    0,   -5,   -4,   -4,   -4,    0,    0,   -4,   -4,   -4,   -4,   -3,   -3,    0,   -3,    0,   -3,    0,   -3,    0,    0,    0,    0,   -3,    0,    0,    0,   -4,    0,   -2,   -2,  -47,    0,    0,    0,    0,   -4,    0,   -3,   -3,    0,    0,    0,   -4,    0,   -3,    0,   -4,    0,    0,    0,    0,    0,    0,    0,    0,    0,    0,    0,    0,    0,    0,    0,    0,    0,    0,    0,    0,    0,    0,    0,    0,    0,    0,    0,    0,    0,    0,    0,    0,    0,    0,    0,    0,    0,    0,    0,    0,    0,    0,    0,    0,    0,    0,    0,    0,    0,    0,    0,    0,    0,    0,    0,    0,    0,    0,    0,    0,    0,    0,    0,    0,    0,    0,    0,    0,    0,    0,    0,    0,    0,    0,    0,    0,    0,    0,    0,    0,    0,    0,    0,    0,    0,    0,    0,    0,    0,    0,    0,    0,    0,    0,    0,    0,    0,    0,    0,   -6,   -6,   -4,   -4,   -4,    0,   -4,   -4,    0,    0,    0,  -15,    0,    0,    0,    0,    0,    0,
       0,    0,    0,    0,    0,    0,    0,    0,    0,    0,    0,    0,    0,    0,    0,    0,    0,    0,    0,    0,    0,    0,   -2,   -8,    0,   -1,  -47,   -8,  -17,  -10,    0,  -29,    0,    0,   -5,  -10,    0,  -11,   -9,    0,    0,    0,    0,    0,    0,    0,    0,    0,    0,    0,    0,    0,    0,    0,   -5,    0,    0,    0,  -12,  -10,    0,    0,    0,    0,    0,   -2,   -2,   -2,    0,  -10,  -11,  -11,  -11,    0,    0,    0,    0,  -13,  -11,  -11,  -11,    0,    0,  -11,  -11,  -11,  -11,    0,    0,    0,   -2,    0,   -2,    0,   -2,    0,    0,    0,    0,   -2,    0,    0,    0,  -11,    0,    0,    0,  -47,    0,    0,    0,    0,  -11,    0,    9,    0,    0,    0,    0,  -11,    0,   -2,    0,  -11,    0,    0,    0,    0,    0,    0,    0,    0,    0,    0,    0,    0,    0,    0,    0,    0,    0,    0,    0,    0,    0,    0,    0,    0,    0,    0,    0,    0,    0,    0,    0,    0,    0,    0,    0,    0,    0,    0,    0,    0,    0,    0,    0,    0,    0,    0,    0,    0,    0,    0,    0,    0,    0,    0,    0,    0,    0,    0,    0,    0,    0,    0,    0,    0,    0,    0,    0,    0,    0,    0,    0,    0,    0,    0,    0,    0,    0,    0,    0,    0,    0,    0,    0,    0,    0,    0,    0,    0,    0,    0,    0,    0,    0,    0,    0,    0,    0,    0,    0,  -10,  -10,  -11,  -11,  -11,    0,  -11,  -11,  -10,    0,    0,    0,    0,    0,    0,    0,    0,    0,
       0,    0,    0,   -5,    0,  -21,  -21,  -17,    0,    0,    0,    0,    0,    0,    0,    0,    0,    0,    0,    0,    0,  -20,   -5,    0,  -37,   -2,  -49,   -2,  -11,   -5,  -24,  -27,  -13,    0,  -12,  -10,    0,   -7,   -7,    0,   -6,    0,    0,    0,    0,   -5,    0,    0,    0,    0,    0,    0,    0,    0,  -10,  -12,    0,    0,    0,    0,    0,    0,    0,    0,    0,   -5,   -5,   -5,    0,  -10,   -7,   -7,   -7,    0,    0,    0,    0,   -9,   -7,   -7,   -7,    0,    0,   -7,   -7,   -7,   -7,   -6,   -6,    0,   -5,    0,   -5,    0,   -5,    0,    0,    0,    0,   -5,    0,    0,    0,   -7,    0,   -5,   -5,  -49,    0,    0,    0,    0,   -7,    0,   -6,   -6,    0,    0,    0,   -7,    0,   -5,    0,   -7,    0,    0,    0,    0,    0,    0,    0,    0,    0,    0,    0,    0,    0,    0,    0,    0,    0,    0,    0,    0,    0,    0,    0,    0,    0,    0,    0,    0,    0,    0,    0,    0,    0,    0,    0,    0,    0,    0,    0,    0,    0,    0,    0,    0,    0,    0,    0,    0,    0,    0,    0,    0,    0,    0,    0,    0,    0,    0,    0,    0,    0,    0,    0,    0,    0,    0,    0,    0,    0,    0,    0,    0,    0,    0,    0,    0,    0,    0,    0,    0,    0,    0,    0,    0,    0,    0,    0,    0,    0,    0,    0,    0,    0,    0,    0,    0,    0,    0,    0,  -10,  -10,   -7,   -7,   -7,    0,   -7,   -7,    0,    0,    0,  -22,    0,    0,    0,    0,    0,    0,
       0,    0,    0,    0,    0,    0,    0,    0,    0,    0,    0,    0,    0,    0,    0,    0,    0,    0,    0,    0,    0,    0,   -6,   -4,    0,   -2,  -49,   -9,  -20,  -12,    0,  -35,    0,   -5,  -11,   -6,    0,   -5,   -5,    0,    0,    0,    0,    0,    0,    0,    0,    0,    0,    0,    0,    0,    0,    0,   -5,    0,    0,    0,   -5,   -5,    0,    0,    0,    0,    0,   -6,   -6,   -6,    0,   -6,   -5,   -5,   -5,    0,    0,    0,    0,   -7,   -5,   -5,   -5,    0,    0,   -5,   -5,   -5,   -5,    0,    0,    0,   -6,    0,   -6,    0,   -6,    0,    0,    0,    0,   -6,    0,    0,    0,   -5,    0,    0,    0,  -49,    0,    0,    0,    0,   -5,    0,    0,    0,    0,    0,    0,   -5,    0,   -6,    0,   -5,    0,    0,    0,    0,    0,    0,    0,    0,    0,    0,    0,    0,    0,    0,    0,    0,    0,    0,    0,    0,    0,    0,    0,    0,    0,    0,    0,    0,    0,    0,    0,    0,    0,    0,    0,    0,    0,    0,    0,    0,    0,    0,    0,    0,    0,    0,    0,    0,    0,    0,    0,    0,    0,    0,    0,    0,    0,    0,    0,    0,    0,    0,    0,    0,    0,    0,    0,    0,    0,    0,    0,    0,    0,    0,    0,    0,    0,    0,    0,    0,    0,    0,    0,    0,    0,    0,    0,    0,    0,    0,    0,    0,    0,    0,    0,    0,    0,    0,    0,   -6,   -6,   -5,   -5,   -5,    0,   -5,   -5,   -5,    0,    0,    0,    0,    0,    0,    0,    0,    0,
       0,    0,    0,    0,    0,    0,    0,    0,   -4,   -5,    0,    0,   -9,    0,    0,    0,    0,    0,    0,    0,    0,   -5,    0,  -10,    0,   -4,    0,    0,    2,    0,    0,    2,    0,    0,    0,  -14,    0,  -14,  -14,    0,    0,    0,    8,    0,  -11,  -13,  -10,  -11,  -12,  -11,   -5,   -5,   -5,    0,    0,    0,    0,    0,    0,    0,    0,    0,    0,    0,  -13,   11,    7,    0,    0,  -14,  -14,  -14,  -14,   14,    0,    0,    8,  -13,  -14,  -14,  -14,  -11,   -5,  -14,  -14,  -14,  -14,    0,    0,   18,   -4,    0,   10,    0,    3,    4,    6,    0,    8,   -4,    0,  -11,   -2,  -14,  -11,  -13,  -13,    0,  -10,   -5,    0,   17,  -14,  -12,    0,    0,    0,    5,   16,   -6,   46,    6,    0,   -7,   13,  -11,    5,    0,    0,  -10,   -4,    5,   -7,    0,    3,   -7,    0,    0,    0,  -11,    0,    0,    0,    0,    0,  -14,  -11,  -14,  -12,  -14,  -11,  -12,  -11,  -11,  -11,  -15,  -12,   -5,  -14,   -5,  -11,  -12,  -12,  -11,  -12,  -14,    0,  -13,    0,    9,    8,    0,  -11,   -5,    0,    0,    0,    0,    0,    0,    0,    0,    0,    0,    0,    0,    0,    0,    0,    0,    0,  -13,  -12,    0,  -11,    2,  -11,    0,  -11,  -11,  -10,   -5,  -11,    0,  -14,  -13,  -14,    0,  -12,  -12,  -12,    0,    3,  -11,  -10,  -14,  -14,   -7,   -5,   -5,  -12,    0,   -5,   -3,  -14,  -14,   14,  -14,    0,  -14,    9,    0,    0,    0,    0,    0,    0,    0,    0,    0,    0,
       0,  -13,    0,    0,    0,    0,    0,    0,    0,    0,    0,    0,    0,    0,    0,    0,    0,    0,    0,    0,    0,    0,    0,    0,    0,    0,  -11,    0,  -15,  -11,    0,  -17,    0,    0,    0,    0,    0,    0,    0,    0,    0,    0,    9,    0,    0,    0,   -5,    0,  -10,   -5,    0,    0,    0,    0,    0,    0,    0,    0,    0,    0,    0,    0,    0,    0,    0,    0,    0,    0,    0,    0,    0,    0,    0,    0,    0,    0,    0,    0,    0,    0,    0,    0,    0,    0,    0,    0,    0,    0,    0,    0,    0,    0,    0,    0,    0,    0,    0,    0,    9,    0,    0,    0,    0,    0,    0,    0,    0,  -11,   -5,    0,    0,    0,    0,    0,    0,    0,    0,    5,    9,    0,    8,    0,    0,    0,    0,    0,    5,    0,    0,    0,    0,    0,    0,    0,    0,    0,    0,    0,    0,    0,    0,    0,    0,    0,    0,    0,    0,    0,    0,    0,    0,    0,    0,    0,    0,    0,    0,    0,    0,    0,    0,    0,    0,    0,    0,    0,    0,    0,    0,    0,    0,    0,    0,    0,    0,    0,    0,    0,    0,    0,    0,    0,    0,    0,    0,    0,    0,    0,    0,    0,    0,    0,    0,    0,    0,    0,    0,    0,    0,    0,    0,    0,    0,    0,    0,    0,    0,    0,    0,    0,    0,    0,    0,    0,    0,    0,    0,    0,    0,    0,    0,    0,    0,    0,    0,    0,    0,    0,    0,    0,    0,    0,    0,  -13,    0,  -13,  -13,    0,    0,    0,    0,
       0,    0,    0,    0,    0,    0,    0,    0,    0,    0,    0,    0,    0,    0,    0,    0,    0,    0,    0,    0,    0,  -15,    0,    0,  -13,    0,  -16,    0,  -19,   -7,    0,  -21,    0,    0,    0,    0,    0,    0,    0,    0,    0,    0,    0,    0,    0,    0,   -4,    0,  -13,   -5,    0,  -13,    0,    0,    0,    0,    0,    0,    0,    0,    0,    0,    0,    0,  -17,    0,    0,    0,    0,   -9,    0,    0,    0,    0,    0,    0,    0,    0,    0,    0,    0,    0,  -13,    0,    0,    0,    0,    0,    0,    0,    0,    0,    0,    0,    0,    0,    0,    0,    0,   -6,  -19,    0,  -23,    0,    0,    0,    0,  -14,   -6,    0,    0,    0,    0,    0,  -14,    0,    0,  -10,    0,    0,    8,    0,    0,    0,    0,    0,  -10,    0,    0,    0,    0,    0,    0,    0,    0,    0,    0,    0,    0,    0,    0,    0,    0,    0,    0,    0,    0,    0,    0,    0,    0,    0,    0,    0,    0,    0,    0,    0,    0,    0,    0,    0,    0,    0,    0,    0,    0,    0,    0,    0,    0,    0,    0,    0,    0,    0,    0,    0,    0,    0,    0,    0,    0,    0,    0,    0,    0,    0,    0,    0,    0,    0,    0,    0,    0,    0,    0,    0,    0,    0,    0,    0,    0,    0,    0,    0,    0,    0,    0,    0,    0,    0,    0,    0,    0,    0,    0,    0,    0,    0,    0,    0,    0,    0,    0,    0,    0,    0,    0,    0,    0,    0,    0,    0,    0,    0,    0,    0,    0,    0,    0,
       0,    0,    0,    0,    0,    0,    0,    0,    0,    0,    0,    0,    0,    0,    0,    0,    0,    0,    0,    0,    0,    0,    0,    0,    0,    0,  -33,    0,  -15,   -6,    0,  -23,    0,    0,    0,    0,    0,    0,    0,    0,    0,    0,    0,    0,    0,    0,    0,    0,    0,    0,    0,    0,    0,    0,    0,    0,    0,    0,    0,    0,    0,    0,    0,    0,    0,    0,    0,    0,    0,    0,    0,    0,    0,    0,    0,    0,    0,    0,    0,    0,    0,    0,    0,    0,    0,    0,    0,    0,    0,    0,    0,    0,    0,    0,    0,    0,    0,    0,    0,    0,    0,    0,    0,    0,    0,    0,    0,  -24,    0,    0,    0,    0,    0,    0,    0,    0,    0,    0,    0,    0,    0,    0,    0,    0,    0,    0,    0,    0,    0,    0,    0,    0,    0,    0,    0,    0,    0,    0,    0,    0,    0,    0,    0,    0,    0,    0,    0,    0,    0,    0,    0,    0,    0,    0,    0,    0,    0,    0,    0,    0,    0,    0,    0,    0,    0,    0,    0,    0,    0,    0,    0,    0,    0,    0,    0,    0,    0,    0,    0,    0,    0,    0,    0,    0,    0,    0,    0,    0,    0,    0,    0,    0,    0,    0,    0,    0,    0,    0,    0,    0,    0,    0,    0,    0,    0,    0,    0,    0,    0,    0,    0,    0,    0,    0,    0,    0,    0,    0,    0,    0,    0,    0,    0,    0,    0,    0,    0,    0,    0,    0,    0,    0,    0,    0,    0,    0,    0,    0,    0,    0,    0,
       0,    0,    0,    0,    0,    0,    0,    0,    0,    0,    0,    0,    0,    0,    0,    0,    0,    0,    0,    0,    0,    0,    0,    0,   -5,    0,  -36,    0,  -18,   -7,    0,  -29,    0,    0,    0,    0,    0,    0,    0,    0,    0,    0,    0,    0,    0,    0,    0,    0,    0,    0,    0,    0,    0,    0,    0,    0,    0,    0,    0,    0,    0,    0,    0,    0,    0,    0,    0,    0,    0,    0,    0,    0,    0,    0,    0,    0,    0,    0,    0,    0,    0,    0,    0,    0,    0,    0,    0,    0,    0,    0,    0,    0,    0,    0,    0,    0,    0,    0,    0,    0,    0,    0,    0,    0,    0,    0,    0,  -63,    0,    0,    0,    0,    0,    0,    0,    0,    0,    0,    0,    0,    0,    0,    0,    0,    0,    0,    0,    0,  -36,    0,    0,    0,   -4,   -4,  -17,    0,    0,    0,    0,    0,    0,    0,  -32,    0,    0,    0,    0,    0,    0,    0,    0,    0,    0,    0,    0,   -6,    0,    0,    0,    0,    0,    0,    0,    0,    0,    0,    0,    0,    0,    0,    0,    0,    0,    0,    0,    0,    0,    0,    0,    0,    0,    0,    0,    0,    0,    0,    0,    0,    0,    0,    0,    0,    0,    0,    0,  -29,    0,  -54,    0,    0,    0,    0,    0,    0,    0,    0,    0,    0,    0,    0,    0,    0,    0,    0,    0,    0,    0,    0,    0,    0,    0,    0,    0,    0,    0,    0,    0,    0,    0,    0,    0,    0,    0,  -14,    0,  -22,  -22,    0,    0,    0,    0,
       0,  -30,    0,    0,    0,    0,    0,    0,    0,   -6,   -6,    0,    0,    0,  -18,    0,    0,    0,    0,    0,    0,   -8,    0,    0,  -29,   -4,  -31,    0,  -19,  -11,  -14,  -35,  -10,    0,    0,    0,    0,    0,    0,    0,    0,    0,    0,    0,    0,    0,    0,    0,    0,    0,  -12,   -4,   -6,    0,    0,    0,    0,    0,    0,    0,    0,    0,    0,    0,  -12,    0,    0,    0,    0,    0,    0,    0,    0,    0,    0,    0,    0,    0,    0,    0,    0,    0,   -4,    0,    0,    0,    0,    0,    0,    0,    0,    0,    0,    0,    0,    0,    0,    0,    0,    0,    0,    0,    0,    0,    0,    0,    0,  -58,    0,   -6,    0,    0,    0,    0,    0,    0,   -5,   -4,    0,    0,    0,    0,    0,    0,    0,    0,   -4,    0,  -31,    0,   -4,    0,  -31,  -19,  -26,   -5,  -20,  -15,   -5,    0,  -14,  -18,  -28,   -4,   -4,    0,    0,    0,   -3,    0,  -11,   -9,    0,    0,    0,  -18,    0,   -4,    0,  -12,    0,    0,   -3,   -7,    0,    0,    0,    0,    0,    0,    0,    0,    0,   -4,    0,    0,    0,    0,    0,    0,    0,    0,    0,    0,    0,    0,    0,    0,    0,    0,    0,   -7,   -3,    0,   -7,  -35,   -3,  -65,   -3,   -7,    0,    0,    0,    0,    0,  -12,    0,    0,    0,    0,   -9,   -5,   -4,    0,    0,    0,    0,   -7,   -4,   -4,    0,  -21,  -16,    0,    0,    0,    0,    0,    0,    0,    0,    0,    0,  -37,    0,  -41,  -41,    0,    0,    0,    0,
       0,    0,    0,    0,    0,    0,    0,    0,    0,    0,    0,    0,  -16,    0,    0,    0,    0,    0,    0,    0,    0,    0,    0,    0,    0,    0,    0,    0,    0,    0,    0,    0,    0,    0,    0,    0,    0,    0,    0,    0,    0,    0,    0,    0,    0,    0,    0,    0,    0,    0,    0,    0,    0,    0,    0,    0,    0,    0,    0,    0,    0,    0,    0,    0,    0,    0,    0,    0,    0,    0,    0,    0,    0,    0,    0,    0,    0,    0,    0,    0,    0,    0,    0,    0,    0,    0,    0,    0,    0,    0,    0,    0,    0,    0,    0,    0,    0,    0,    0,    0,    0,    0,    0,    0,    0,    0,    0,    0,    0,    0,    0,    0,    0,    0,    0,    0,    0,    0,    0,    0,    0,    0,    0,    0,    0,    0,    0,    0,    0,    0,    0,    0,    0,    0,    0,    0,    0,    0,    0,    0,    0,    0,    0,    0,    0,    0,    0,    0,    0,    0,    0,    0,    0,    0,    0,    0,    0,    0,    0,    0,    0,    0,    0,    0,    0,    0,    0,    0,    0,    0,    0,    0,    0,    0,    0,    0,    0,    0,    0,    0,    0,    0,    0,    0,    0,    0,    0,    0,    0,    0,    0,    0,    0,    0,    0,    0,    0,    0,    0,    0,    0,    0,    0,    0,    0,    0,    0,    0,    0,    0,    0,    0,    0,    0,    0,    0,    0,    0,    0,    0,    0,    0,    0,    0,    0,    0,    0,    0,    0,    0,    0,    0,    0,    0,    0,    0,    0,    0,    0,    0,    0,
       0,  -19,    0,    0,    0,    0,    0,    0,    0,    0,    0,    0,    0,    0,    0,    0,    0,    0,    0,    0,    0,    0,    0,    0,  -19,    0,  -39,    0,  -26,  -18,  -12,  -39,   -6,    0,    0,    0,    0,    0,    0,    0,    0,    0,    0,    0,    0,    0,    0,    0,   -5,    0,  -12,  -10,   -5,    0,    0,    0,    0,    0,    0,    0,    0,    0,    0,    0,   -5,    0,    0,    0,    0,    0,    0,    0,    0,    0,    0,    0,    0,    0,    0,    0,    0,    0,  -10,    0,    0,    0,    0,    0,    0,    0,    0,    0,    0,    0,    0,    0,    0,    0,    0,    0,    0,    0,    0,    0,    0,    0,    0,  -70,    0,   -5,    0,    0,    0,    0,    0,    0,    0,    0,    0,    0,    0,    0,    0,    0,    0,    0,    0,    0,  -39,    0,    0,    0,  -19,  -14,  -30,    0,  -14,  -13,    0,    0,  -12,  -14,  -35,    0,   -6,    0,    0,    0,    0,    0,  -11,   -5,    0,    0,    0,  -15,    0,  -10,    0,  -12,    0,    0,   -9,    0,    0,    0,    0,    0,    0,    0,    0,    0,    0,  -10,    0,    0,    0,    0,    0,    0,    0,    0,    0,    0,    0,    0,    0,    0,    0,    0,    0,    0,    0,    0,  -12,  -39,  -10,  -67,  -10,  -12,    0,    0,    0,    0,    0,   -5,    0,    0,    0,    0,   -5,    0,    0,    0,    0,    0,    0,    0,  -10,  -10,    0,  -18,  -15,    0,    0,    0,    0,    0,    0,    0,    0,    0,    0,  -29,    0,  -33,  -33,    0,    0,    0,    0,
       0,    0,    0,    0,    0,    0,    0,    0,    0,    0,    0,    0,    0,    0,    0,    0,    0,    0,    0,    0,    0,   -8,   -5,  -12,  -11,   -5,  -43,  -13,  -28,  -21,   -8,  -36,   -6,    0,    0,  -15,   -5,  -15,  -15,    0,    0,   -5,    1,   -5,   -5,  -12,   -5,  -11,  -11,   -5,   -6,   -4,   -6,    0,    0,    0,    0,    0,    0,    0,    0,    0,    0,    0,   -9,   -5,   -5,  -11,    0,  -15,  -15,  -15,  -15,   -5,   -5,   -5,   -5,  -16,  -15,  -15,  -15,  -11,   -4,  -15,  -15,  -15,  -15,    0,    0,   -5,  -14,   -5,   -5,   -5,   -5,   -5,   -5,   -5,    1,  -14,   -5,   -5,   -5,  -15,   -5,  -12,  -12,  -36,   -5,   -6,    0,   -5,  -15,    0,    0,    0,  -12,    3,    1,  -15,   -5,   -5,   -5,  -15,   -5,  -11,    3,    0,    0,    0,    0,    0,    0,    0,    0,    0,    0,    0,    0,    0,    0,    0,    0,    0,    0,    0,    0,    0,    0,    0,    0,    0,    0,    0,    0,    0,    0,    0,    0,    0,    0,    0,    0,    0,    0,    0,    0,    0,    0,    0,    0,    0,    0,    0,    0,    0,    0,    0,    0,    0,    0,    0,    0,    0,    0,    0,    0,    0,    0,    0,    0,    0,    0,    0,    0,    0,    0,    0,    0,    0,    0,    0,    0,    0,    0,    0,    0,    0,    0,    0,    0,    0,    0,    0,    0,    0,    0,    0,    0,    0,    0,    0,    0,  -15,  -15,  -15,  -15,  -15,   -5,  -15,  -15,    0,    0,    0,    0,    0,    0,    0,    0,    0,    0,
       0,    0,    0,    0,    0,    0,    0,    0,    0,    0,    0,    0,    0,    0,    0,    0,    0,    0,    0,    0,    0,    0,    0,    0,    0,    0,    0,    0,    0,    0,    0,    0,    0,    0,   12,   -9,   -3,   -8,   -7,   -7,   -9,   -3,   -3,   -3,   -3,   -7,   -7,   -4,   -6,   -5,   -2,   -6,   -5,   12,   11,    0,    0,    0,    0,    0,    0,    0,    0,    0,    0,    0,    0,    0,   -7,   -9,   -8,   -8,   -8,   -3,   -3,   -3,   -3,   -9,   -8,   -8,   -8,   -4,   -6,   -8,   -8,   -8,   -8,   -9,   -9,   -3,    0,   -3,    0,   -3,    0,   -3,   -3,   -3,   -3,    0,   -3,   -3,   -3,   -8,   -3,   -7,   -7,    0,   -7,   -5,   -7,   -4,   -8,    0,   -9,   -9,    0,   -3,   -3,   -8,   -3,    0,   -3,   -8,   -3,   -4,   -3,    0,    0,    0,    0,    0,    0,    0,    0,    0,    0,    0,    0,    0,    0,    0,    0,    0,    0,    0,    0,    0,    0,    0,    0,    0,    0,    0,    0,    0,    0,    0,    0,    0,    0,    0,    0,    0,    0,    0,    0,    0,    0,    0,    0,    0,    0,    0,    0,    0,    0,    0,    0,    0,    0,    0,    0,    0,    0,    0,    0,    0,    0,    0,    0,    0,    0,    0,    0,    0,    0,    0,    0,    0,    0,    0,    0,    0,    0,    0,    0,    0,    0,    0,    0,    0,    0,    0,    0,    0,    0,    0,    0,    0,    0,    0,    0,   -9,   -9,   -8,   -8,   -8,   -3,   -8,   -8,    0,    0,    0,    0,    4,    4,    0,    0,   -7,   -7,
       0,    0,    0,    0,    0,    0,    0,    0,    0,    0,    0,    0,    0,    0,    0,    0,    0,    0,    0,    0,    0,    0,    0,    0,    0,    0,    0,    0,    0,    0,    0,    0,    0,    0,   10,   -9,   -3,   -8,   -7,   -7,   -9,   -3,   -3,   -3,   -3,   -7,   -7,   -4,   -6,   -5,   -2,   -6,   -5,    9,    9,    0,    0,    0,    0,    0,    0,    0,    0,    0,    0,    0,    0,    0,   -7,   -9,   -8,   -8,   -8,   -3,   -3,   -3,   -3,   -9,   -8,   -8,   -8,   -4,   -6,   -8,   -8,   -8,   -8,   -9,   -9,   -3,    0,   -3,    0,   -3,    0,   -3,   -3,   -3,   -3,    0,   -3,   -3,   -3,   -8,   -3,   -7,   -7,    0,   -7,   -5,   -7,   -4,   -8,    0,   -9,   -9,    0,   -3,   -3,   -8,   -3,    0,   -3,   -8,   -3,   -4,   -3,    0,    0,    0,    0,    0,    0,    0,    0,    0,    0,    0,    0,    0,    0,    0,    0,    0,    0,    0,    0,    0,    0,    0,    0,    0,    0,    0,    0,    0,    0,    0,    0,    0,    0,    0,    0,    0,    0,    0,    0,    0,    0,    0,    0,    0,    0,    0,    0,    0,    0,    0,    0,    0,    0,    0,    0,    0,    0,    0,    0,    0,    0,    0,    0,    0,    0,    0,    0,    0,    0,    0,    0,    0,    0,    0,    0,    0,    0,    0,    0,    0,    0,    0,    0,    0,    0,    0,    0,    0,    0,    0,    0,    0,    0,    0,    0,   -9,   -9,   -8,   -8,   -8,   -3,   -8,   -8,    0,    0,    0,    0,    2,    2,    0,    0,   -7,   -7,
       0,    0,    0,  -10,    0,  -15,  -14,    0,    0,    0,    0,    0,    0,    0,    0,    0,    0,    0,    0,    0,    0,   -9,    0,    0,  -15,   -2,  -19,    0,  -12,   -5,  -14,  -44,   -8,    0,  -12,   -3,   -5,   -2,   -2,   -3,   -5,   -5,   -5,   -5,   -5,   -5,    0,   -2,   -3,    0,  -11,   -1,   -6,    0,  -10,    0,    0,    0,    0,    0,    0,    0,    0,    0,  -15,    0,    0,   -2,   -3,   -3,   -2,   -2,   -2,   -5,   -5,   -5,   -5,   -3,   -2,   -2,   -2,   -2,   -1,   -2,   -2,   -2,   -2,   -5,   -5,   -5,   -4,   -5,    0,   -5,    0,   -5,   -5,   -5,   -5,   -4,   -5,   -5,   -5,   -2,   -5,   -5,   -5,  -31,    0,   -6,   -3,   -5,   -2,    0,   -5,   -5,   -8,    0,   -5,   -2,   -5,    0,   -5,   -2,   -5,   -2,    0,    0,    0,    0,    0,    0,    0,    0,    0,    0,    0,    0,    0,    0,    0,    0,    0,    0,    0,    0,    0,    0,    0,    0,    0,    0,    0,    0,    0,    0,    0,    0,    0,    0,    0,    0,    0,    0,    0,    0,    0,    0,    0,    0,    0,    0,    0,    0,    0,    0,    0,    0,    0,    0,    0,    0,    0,    0,    0,    0,    0,    0,    0,    0,    0,    0,    0,    0,    0,    0,    0,    0,    0,    0,    0,    0,    0,    0,    0,    0,    0,    0,    0,    0,    0,    0,    0,    0,    0,    0,    0,    0,    0,    0,    0,    0,    0,   -3,   -3,   -2,   -2,   -2,   -5,   -2,   -2,    0,   -4,   -3,  -17,  -10,  -10,    0,    0,   -3,   -3,
       0,    0,    0,   -5,   -5,  -17,  -19,    0,    0,    0,    0,    0,    0,    0,    0,    0,    0,    0,    0,   -5,    0,  -10,    0,    0,  -21,   -1,  -21,    0,  -13,   -6,  -19,  -26,  -12,    0,  -10,   -1,   -1,    0,    0,    0,    0,   -1,   -1,   -1,   -1,    0,    0,    0,    0,    0,   -6,    0,   -1,    0,   -4,    0,    0,    0,    0,    0,    0,    0,    0,    0,    0,    0,    0,    0,    0,   -1,    0,    0,    0,   -1,   -1,   -1,   -1,    0,    0,    0,    0,    0,    0,    0,    0,    0,    0,    0,    0,   -1,    0,   -1,    0,   -1,    0,   -1,   -1,   -1,   -1,    0,   -1,   -1,   -1,    0,   -1,    0,    0,  -21,    0,   -1,    0,   -1,    0,    0,    0,    0,    0,    0,   -1,    0,   -1,    0,   -1,    0,   -1,    0,    0,    0,    0,    0,    0,    0,    0,    0,    0,    0,    0,    0,    0,    0,    0,    0,    0,    0,    0,    0,    0,    0,    0,    0,    0,    0,    0,    0,    0,    0,    0,    0,    0,    0,    0,    0,    0,    0,    0,    0,    0,    0,    0,    0,    0,    0,    0,    0,    0,    0,    0,    0,    0,    0,    0,    0,    0,    0,    0,    0,    0,    0,    0,    0,    0,    0,    0,    0,    0,    0,    0,    0,    0,    0,    0,    0,    0,    0,    0,    0,    0,    0,    0,    0,    0,    0,    0,    0,    0,    0,    0,    0,    0,    0,    0,    0,    0,   -1,   -1,    0,    0,    0,   -1,    0,    0,    0,   -8,   -6,  -19,  -15,  -15,    0,    0,    0,    0,
       0,    0,    0,    0,   -4,    0,    0,    0,    0,    0,    0,    0,    0,    0,    0,    0,    0,    0,    0,    0,    0,    0,    0,    0,    0,    0,    0,    0,    0,    0,    0,    0,    0,   -5,  -11,    0,    0,    0,    0,   -6,   -2,    0,    0,    0,    0,    0,   -5,    0,   -9,   -5,   -2,   -9,    0,    0,  -10,    0,    0,    0,    0,    0,    0,    0,    0,    0,    0,    0,    0,    0,   -6,    0,    0,    0,    0,    0,    0,    0,    0,    0,    0,    0,    0,    0,   -9,    0,    0,    0,    0,   -2,   -2,    0,    0,    0,    0,    0,    0,    0,    0,    0,    0,    0,    0,    0,    0,    0,    0,    0,    0,    0,   -5,    0,   -6,    0,    0,    0,   -2,   -2,    0,    0,    0,    0,    0,    0,    0,    0,    0,    0,    0,    0,    0,    0,    0,    0,    0,    0,    0,    0,    0,    0,    0,    0,    0,    0,    0,    0,    0,    0,    0,    0,    0,    0,    0,    0,    0,    0,    0,    0,    0,    0,    0,    0,    0,    0,    0,    0,    0,    0,    0,    0,    0,    0,    0,    0,    0,    0,    0,    0,    0,    0,    0,    0,    0,    0,    0,    0,    0,    0,    0,    0,    0,    0,    0,    0,    0,    0,    0,    0,    0,    0,    0,    0,    0,    0,    0,    0,    0,    0,    0,    0,    0,    0,    0,    0,    0,    0,    0,    0,    0,    0,    0,    0,    0,    0,    0,    0,    0,    0,    0,    0,    0,    0,    0,    0,    0,   -4,    0,   -4,   -4,    0,    0,   -6,   -6,
       0,    0,    0,    0,   -5,    0,    0,    0,    0,    0,    0,    0,    0,    0,    0,    0,    0,    0,    0,   -5,    0,    0,   -4,   -5,   -2,   -5,  -57,   -7,  -30,  -21,   -1,  -42,   -5,  -11,  -13,    0,    0,    0,    0,    0,    0,    0,    0,    0,    0,    0,    0,    0,    0,    0,    0,    0,    0,    0,  -11,    0,    0,    0,    0,    0,    0,    0,    0,    0,    0,   -4,   -4,   -4,    0,    0,    0,    0,    0,    0,    0,    0,    0,    0,    0,    0,    0,    0,    0,    0,    0,    0,    0,    0,    0,    0,   -4,    0,   -4,    0,   -4,    0,    0,    0,    0,   -4,    0,    0,    0,    0,    0,    0,    0,  -57,    0,    0,    0,    0,    0,    0,    0,    0,    0,    0,    0,    0,    0,   -4,    0,    0,    0,    0,    0,    0,    0,    0,    0,    0,    0,    0,    0,    0,    0,    0,    0,    0,    0,    0,    0,    0,    0,    0,    0,    0,    0,    0,    0,    0,    0,    0,    0,    0,    0,    0,    0,    0,    0,    0,    0,    0,    0,    0,    0,    0,    0,    0,    0,    0,    0,    0,    0,    0,    0,    0,    0,    0,    0,    0,    0,    0,    0,    0,    0,    0,    0,    0,    0,    0,    0,    0,    0,    0,    0,    0,    0,    0,    0,    0,    0,    0,    0,    0,    0,    0,    0,    0,    0,    0,    0,    0,    0,    0,    0,    0,    0,    0,    0,    0,    0,    0,    0,    0,    0,    0,    0,    0,    0,    0,   -4,   -3,    0,  -11,  -11,   -6,    0,    0,    0,
       0,    7,    0,   11,    0,    0,    0,    0,    0,    0,    0,    0,    0,    0,    0,    0,    0,    0,    0,    0,    0,    0,   -3,   -5,   -2,   -3,   -3,   -6,    0,    0,    0,   -2,   -4,   11,   14,    0,    2,    0,    0,    0,    0,    0,    0,    2,    0,    0,    0,    0,    0,    0,    0,    0,    0,   12,   13,    0,    0,    0,    0,    0,    0,    0,    0,    0,    0,   -3,   -3,   -3,    0,    0,    0,    0,    0,    0,    0,    0,    3,    0,    0,    0,    0,    0,    0,    0,    0,    0,    0,    0,    0,    2,   -3,    2,   -3,    0,   -3,    0,    0,    0,    0,   -3,    2,    0,    0,    0,    7,    0,    0,   -3,    0,    0,    0,    0,    0,    0,    0,    0,    0,    0,    0,    0,   18,   -3,    0,    0,    0,    0,    0,    0,    0,    0,    0,    0,    0,    0,    0,    0,    0,    0,    0,    0,    0,    0,    0,    0,    0,    0,    0,    0,    0,    0,    0,    0,    0,    0,    0,    0,    0,    0,    0,    0,    0,    0,    0,    0,    0,    0,    0,    0,    0,    0,    0,    0,    0,    0,    0,    0,    0,    0,    0,    0,    0,    0,    0,    0,    0,    0,    0,    0,    0,    0,    0,    0,    0,    0,    0,    0,    0,    0,    0,    0,    0,    0,    0,    0,    0,    0,    0,    0,    0,    0,    0,    0,    0,    0,    0,    0,    0,    0,    0,    0,    0,    0,    0,    0,    0,    0,    0,    0,    0,    0,    0,    0,    0,    6,    0,   10,   10,    7,    0,    0,    0,
       3,   10,    0,    0,    3,    0,    0,    0,    0,    0,    0,    0,    0,    0,    0,    0,    0,    0,    0,    0,    0,    0,   -3,   -5,   -2,   -3,   -3,   -6,    0,    0,    0,   -2,   -4,    0,    0,    0,    4,    0,    0,    0,    0,    0,    0,    4,    0,    0,    0,    0,    0,    0,    0,    0,    0,    8,    0,    0,    0,    0,    0,    0,    0,    0,   14,    0,    0,   -3,   -3,   -3,    0,    0,    0,    0,    0,    0,    0,    0,    3,    0,    0,    0,    0,    0,    0,    0,    0,    0,    0,    0,    0,    4,   -3,    4,   -3,    0,   -3,    0,    0,    0,    0,   -3,    4,    0,    0,    0,    0,    0,    0,   -3,    0,    0,    0,    0,    0,    0,    0,    0,    0,    0,    0,    0,   18,   -3,    0,    0,    0,    0,    0,    0,    0,    0,    0,    0,    0,    0,    0,    0,    0,    0,    0,    0,    0,    0,    0,    0,    0,    0,    0,    0,    0,    0,    0,    0,    0,    0,    0,    0,    0,    0,    0,    0,    0,    0,    0,    0,    0,    0,    0,    0,    0,    0,    0,    0,    0,    0,    0,    0,    0,    0,    0,    0,    0,    0,    0,    0,    0,    0,    0,    0,    0,    0,    0,    0,    0,    0,    0,    0,    0,    0,    0,    0,    0,    0,    0,    0,    0,    0,    0,    0,    0,    0,    0,    0,    0,    0,    0,    0,    0,    0,    0,    0,    0,    0,    0,    0,    0,    0,    0,    0,    0,    0,    0,    0,   13,    2,    0,   10,   10,    2,    0,    0,    0,
       0,    9,    0,    6,   13,    0,    0,    0,    0,    0,    0,    0,    0,    0,    0,    0,    0,    0,    0,   11,    0,    0,   -3,   -5,   -2,   -3,   -3,   -6,    0,    0,    0,   -2,   -4,    6,    6,    0,    3,    0,    0,    0,    0,    6,    8,    3,    0,    0,    0,    0,    0,    0,    0,    0,    0,    9,    6,    0,    0,    3,    0,    0,    0,    0,   11,    0,    0,   -3,   -3,   -3,    0,    0,    0,    0,    0,    6,    6,    6,    3,    0,    0,    0,    0,    0,    0,    0,    0,    0,    0,    0,    0,    3,   -3,    3,   -3,    6,   -3,    6,    6,    6,    6,   -3,    3,    0,    0,    0,    0,    0,    0,   -3,    0,    0,    0,    6,    0,    0,    0,    0,    0,    0,    6,    0,   18,   -3,    6,    0,    0,    0,    0,    0,    0,    0,    0,    0,    0,    0,    0,    0,    0,    0,    0,    0,    0,    0,    0,    0,    0,    0,    0,    0,    0,    0,    0,    0,    0,    0,    0,    0,    0,    0,    0,    0,    0,    0,    0,    0,    0,    0,    0,    0,    0,    0,    0,    0,    0,    0,    0,    0,    0,    0,    0,    0,    0,    0,    0,    0,    0,    0,    0,    0,    0,    0,    0,    0,    0,    0,    0,    0,    0,    0,    0,    0,    0,    0,    0,    0,    0,    0,    0,    0,    0,    0,    0,    0,    0,    0,    0,    0,    0,    0,    0,    0,    0,    0,    0,    0,    0,    0,    0,    0,    6,    0,    0,    0,   11,    0,    0,   13,   13,    6,    0,    0,    0,
       0,    0,    0,  -10,   -8,    0,    0,    0,    0,    0,    0,    0,    0,    0,    0,    0,    0,    0,    0,   -4,    0,    0,    0,    0,    0,    0,    0,    0,    0,    0,    0,    0,    0,   -4,  -12,    0,    0,    0,    0,   -2,    0,    0,    0,    0,    0,    0,    0,    0,   -3,    0,   -9,   -3,   -3,    0,  -11,    0,    0,    0,    0,    0,    0,    0,    0,    0,    0,    0,    0,    0,   -2,    0,    0,    0,    0,    0,    0,    0,    0,    0,    0,    0,    0,    0,   -3,    0,    0,    0,    0,    0,    0,    0,    0,    0,    0,    0,    0,    0,    0,    0,    0,    0,    0,    0,    0,    0,    0,    0,    0,    0,    0,   -3,   -2,    0,    0,    0,    0,    0,    0,    0,    0,    0,    0,    0,    0,    0,    0,    0,    0,    0,    0,    0,    0,    0,    0,    0,    0,    0,    0,    0,    0,    0,    0,    0,    0,    0,    0,    0,    0,    0,    0,    0,    0,    0,    0,    0,    0,    0,    0,    0,    0,    0,    0,    0,    0,    0,    0,    0,    0,    0,    0,    0,    0,    0,    0,    0,    0,    0,    0,    0,    0,    0,    0,    0,    0,    0,    0,    0,    0,    0,    0,    0,    0,    0,    0,    0,    0,    0,    0,    0,    0,    0,    0,    0,    0,    0,    0,    0,    0,    0,    0,    0,    0,    0,    0,    0,    0,    0,    0,    0,    0,    0,    0,    0,    0,    0,    0,    0,    0,    0,    0,    0,    0,    0,   -4,   -4,    0,   -8,   -8,    0,    0,   -2,   -2,
       0,  -15,    0,  -15,  -16,    0,    0,    0,    0,    0,    0,    0,    0,    0,    0,    0,    0,    0,    0,  -15,    0,   -7,   -8,   -4,  -17,   -8,  -58,  -10,  -38,  -27,  -17,  -56,  -15,  -21,  -16,    0,    0,    0,    0,   -6,   -2,    0,    0,    0,    0,    0,   -5,    0,   -8,   -4,  -11,   -9,   -5,   -5,  -14,    0,    0,  -10,    0,    0,    0,    0,  -11,    0,    0,   -8,   -8,   -8,   -6,    0,    0,    0,    0,    0,    0,    0,    0,    0,    0,    0,    0,    0,   -9,    0,    0,    0,    0,   -2,   -2,    0,   -8,    0,   -8,    0,   -8,    0,    0,    0,    0,   -8,    0,    0,    0,    0,    0,    0,    0,  -58,   -5,   -5,   -6,    0,    0,    0,   -2,   -2,    0,   -3,    0,    0,    0,   -8,    0,    0,    0,    0,   -3,    0,    0,    0,    0,    0,    0,    0,    0,    0,    0,    0,    0,    0,    0,    0,    0,    0,    0,    0,    0,    0,    0,    0,    0,    0,    0,    0,    0,    0,    0,    0,    0,    0,    0,    0,    0,    0,    0,    0,    0,    0,    0,    0,    0,    0,    0,    0,    0,    0,    0,    0,    0,    0,    0,    0,    0,    0,    0,    0,    0,    0,    0,    0,    0,    0,    0,    0,    0,    0,    0,    0,    0,    0,    0,    0,    0,    0,    0,    0,    0,    0,    0,    0,    0,    0,    0,    0,    0,    0,    0,    0,    0,    0,    0,    0,    0,    0,    0,    0,    0,    0,    0,    0,    0,    0,  -19,  -17,    0,  -23,  -23,  -15,    0,   -6,   -6,
       0,  -35,    0,    4,  -35,    0,    0,    0,    0,    0,    0,    0,    0,    0,    0,    0,    0,    0,    0,  -10,    0,    0,    0,  -12,    0,   -3,  -36,  -11,  -29,  -22,    0,  -37,    0,  -28,    5,   -5,    0,   -8,   -6,  -12,    0,    0,   24,    0,    0,    0,  -17,   -7,  -20,  -16,    0,  -21,    0,   -5,    4,  -17,  -12,  -30,    0,   -9,  -13,    0,  -33,    0,    0,    0,    0,   -2,  -12,   -5,   -8,   -8,   -8,    0,    0,    0,    0,   -8,   -8,   -8,   -8,   -7,  -21,   -8,   -8,   -8,   -8,    0,    0,    0,   -4,    0,    0,    0,    0,    0,    0,    0,    0,   -4,    0,    0,    0,   -8,    0,    0,    0,  -71,  -17,    0,  -12,    0,   -8,    0,    9,    0,   -3,  -22,    0,   -8,    0,    0,    0,   -8,    0,   -7,  -22,    0,    0,    0,    0,    0,    0,    0,    0,    0,    0,    0,    0,    0,    0,    0,    0,    0,    0,    0,    0,    0,    0,    0,    0,    0,    0,    0,    0,    0,    0,    0,    0,    0,    0,    0,    0,    0,    0,    0,    0,    0,    0,    0,    0,    0,    0,    0,    0,    0,    0,    0,    0,    0,    0,    0,    0,    0,    0,    0,    0,    0,    0,    0,    0,    0,    0,    0,    0,    0,    0,    0,    0,    0,    0,    0,    0,    0,    0,    0,    0,    0,    0,    0,    0,    0,    0,    0,    0,    0,    0,    0,    0,    0,    0,    0,    0,   -5,   -5,   -8,   -8,   -8,    0,   -8,   -8,   -9,  -38,  -35,    5,  -40,  -40,   -6,    0,  -12,  -12,
       0,    0,    0,    0,   -5,    0,    0,    0,    0,    0,    0,    0,    0,    0,    0,    0,    0,    0,    0,   -5,    0,    0,   -4,   -5,   -2,   -5,  -57,   -7,  -30,  -21,   -1,  -42,   -5,  -13,  -13,    0,    0,    0,    0,    0,    0,    0,    7,    0,    0,    0,    0,    0,    0,    0,    0,    0,    0,    0,  -11,    0,    0,    0,    0,    0,    0,    0,    0,    0,    0,   -4,   -4,   -4,    0,    0,    0,    0,    0,    0,    0,    0,    0,    0,    0,    0,    0,    0,    0,    0,    0,    0,    0,    0,    0,    0,   -4,    0,   -4,    0,   -4,    0,    0,    0,    0,   -4,    0,    0,    0,    0,    0,    0,    0,  -57,    0,    0,    0,    0,    0,    0,    0,    0,    0,    0,    0,    0,    0,   -4,    0,    0,    0,    0,    0,    0,    0,    0,    0,    0,    0,    0,    0,    0,    0,    0,    0,    0,    0,    0,    0,    0,    0,    0,    0,    0,    0,    0,    0,    0,    0,    0,    0,    0,    0,    0,    0,    0,    0,    0,    0,    0,    0,    0,    0,    0,    0,    0,    0,    0,    0,    0,    0,    0,    0,    0,    0,    0,    0,    0,    0,    0,    0,    0,    0,    0,    0,    0,    0,    0,    0,    0,    0,    0,    0,    0,    0,    0,    0,    0,    0,    0,    0,    0,    0,    0,    0,    0,    0,    0,    0,    0,    0,    0,    0,    0,    0,    0,    0,    0,    0,    0,    0,    0,    0,    0,    0,    0,    0,    0,   -4,   -3,    0,  -11,  -11,   -6,    0,    0,    0,
       0,   -8,    0,   -4,  -11,    0,    0,    0,    0,    0,    0,    0,    0,    0,    0,    0,    0,    0,    0,  -10,    0,    0,   -6,   -8,   -3,   -3,  -54,  -13,  -34,  -24,    0,  -49,   -1,  -11,   -9,   -4,    0,   -5,   -4,    0,    0,    0,    0,    0,    0,    0,    0,    0,   -3,    0,    0,   -3,    0,    0,   -9,    0,    0,    0,   -5,   -9,    0,    0,   -3,    0,    0,   -6,   -6,   -6,    0,   -4,   -5,   -5,   -5,    0,    0,    0,    0,   -6,   -5,   -5,   -5,    0,   -3,   -5,   -5,   -5,   -5,    0,    0,    0,   -6,    0,   -6,    0,   -6,    0,    0,    0,    0,   -6,    0,    0,    0,   -5,    0,    0,    0,  -54,    0,    0,    0,    0,   -5,    0,    0,    0,    0,   -1,    0,   -5,    0,   -6,    0,   -5,    0,    0,    0,    0,    0,    0,    0,    0,    0,    0,    0,    0,    0,    0,    0,    0,    0,    0,    0,    0,    0,    0,    0,    0,    0,    0,    0,    0,    0,    0,    0,    0,    0,    0,    0,    0,    0,    0,    0,    0,    0,    0,    0,    0,    0,    0,    0,    0,    0,    0,    0,    0,    0,    0,    0,    0,    0,    0,    0,    0,    0,    0,    0,    0,    0,    0,    0,    0,    0,    0,    0,    0,    0,    0,    0,    0,    0,    0,    0,    0,    0,    0,    0,    0,    0,    0,    0,    0,    0,    0,    0,    0,    0,    0,    0,    0,    0,    0,    0,   -4,   -4,   -5,   -5,   -5,    0,   -5,   -5,   -9,  -12,   -7,    0,  -12,  -12,   -5,    0,    0,    0,
       0,   -8,    0,   -4,  -11,    0,    0,    0,    0,    0,    0,    0,    0,    0,    0,    0,    0,    0,    0,  -10,    0,    0,   -6,   -8,   -3,   -3,  -54,  -13,  -34,  -24,    0,  -49,   -1,  -12,  -12,   -4,    0,   -5,   -4,    0,    0,    0,    0,    0,    0,    0,    0,    0,   -3,    0,    0,   -3,    0,    0,  -13,    0,    0,    0,   -5,   -9,    0,    0,   -3,    0,    0,   -6,   -6,   -6,    0,   -4,   -5,   -5,   -5,    0,    0,    0,    0,   -6,   -5,   -5,   -5,    0,   -3,   -5,   -5,   -5,   -5,    0,    0,    0,   -6,    0,   -6,    0,   -6,    0,    0,    0,    0,   -6,    0,    0,    0,   -5,    0,    0,    0,  -54,    0,    0,    0,    0,   -5,    0,    0,    0,    0,   -1,    0,   -5,    0,   -6,    0,   -5,    0,    0,    0,    0,    0,    0,    0,    0,    0,    0,    0,    0,    0,    0,    0,    0,    0,    0,    0,    0,    0,    0,    0,    0,    0,    0,    0,    0,    0,    0,    0,    0,    0,    0,    0,    0,    0,    0,    0,    0,    0,    0,    0,    0,    0,    0,    0,    0,    0,    0,    0,    0,    0,    0,    0,    0,    0,    0,    0,    0,    0,    0,    0,    0,    0,    0,    0,    0,    0,    0,    0,    0,    0,    0,    0,    0,    0,    0,    0,    0,    0,    0,    0,    0,    0,    0,    0,    0,    0,    0,    0,    0,    0,    0,    0,    0,    0,    0,    0,   -4,   -4,   -5,   -5,   -5,    0,   -5,   -5,   -9,  -12,   -7,    0,  -16,  -16,   -5,    0,    0,    0,
      15,   23,    0,   29,   21,    0,    0,    0,    0,    0,    0,    0,    0,    0,    0,    0,    0,    0,    0,   20,    0,    0,   -4,   -5,   -2,   -2,   -5,   -6,   -2,   -1,   -2,   -2,   -5,   34,   28,    0,   19,    0,    0,    0,    0,   20,   22,   19,    0,    0,    0,    0,    3,    2,    0,    2,    0,   28,   27,    0,    0,   18,    0,    0,    0,    0,   15,    0,    0,   -4,   -4,   -4,    0,    0,    0,    0,    0,    4,   20,    3,   20,    0,    0,    0,    0,    0,    2,    0,    0,    0,    0,    0,    0,   19,   -4,   19,   -4,   20,   -4,   20,   20,   20,    2,   -4,   19,    0,    0,    0,    0,    0,    0,   -5,    0,   19,    0,    6,    0,    0,    0,    0,    0,    0,    6,    0,   29,   -4,   20,    0,    8,    0,    0,    0,    0,    0,    0,    0,    0,    0,    0,    0,    0,    0,    0,    0,    0,    0,    0,    0,    0,    0,    0,    0,    0,    0,    0,    0,    0,    0,    0,    0,    0,    0,    0,    0,    0,    0,    0,    0,    0,    0,    0,    0,    0,    0,    0,    0,    0,    0,    0,    0,    0,    0,    0,    0,    0,    0,    0,    0,    0,    0,    0,    0,    0,    0,    0,    0,    0,    0,    0,    0,    0,    0,    0,    0,    0,    0,    0,    0,    0,    0,    0,    0,    0,    0,    0,    0,    0,    0,    0,    0,    0,    0,    0,    0,    0,    0,    0,    0,    0,    0,    0,    0,   20,    0,    0,    0,   17,   22,    0,   26,   26,   24,    0,    0,    0,
       0,    0,    0,    0,    5,    0,    0,    0,    0,    0,    0,    0,    0,    0,    0,    0,    0,    0,    0,    0,    0,    0,   -4,   -5,   -2,   -2,   -5,   -6,   -2,   -1,   -2,   -2,   -5,    0,    0,    0,    0,    0,    0,    0,    0,    0,    0,    0,    0,    0,    0,    0,    0,    0,    0,    0,    0,    0,    0,    0,    0,    0,    0,    0,    0,    0,    2,    0,    0,   -4,   -4,   -4,    0,    0,    0,    0,    0,    4,    0,    3,    0,    0,    0,    0,    0,    0,    0,    0,    0,    0,    0,    0,    0,    0,   -4,    0,   -4,    0,   -4,    0,    0,    0,    2,   -4,    0,    0,    0,    0,    0,    0,    0,   -5,    0,    0,    0,    6,    0,    0,    0,    0,    0,    0,    6,    0,   29,   -4,    0,    0,    8,    0,    0,    0,    0,    0,    0,    0,    0,    0,    0,    0,    0,    0,    0,    0,    0,    0,    0,    0,    0,    0,    0,    0,    0,    0,    0,    0,    0,    0,    0,    0,    0,    0,    0,    0,    0,    0,    0,    0,    0,    0,    0,    0,    0,    0,    0,    0,    0,    0,    0,    0,    0,    0,    0,    0,    0,    0,    0,    0,    0,    0,    0,    0,    0,    0,    0,    0,    0,    0,    0,    0,    0,    0,    0,    0,    0,    0,    0,    0,    0,    0,    0,    0,    0,    0,    0,    0,    0,    0,    0,    0,    0,    0,    0,    0,    0,    0,    0,    0,    0,    0,    0,    0,    0,    0,    0,    0,    0,    0,    0,    2,    2,    0,    0,    0,    0,
       0,    0,    0,    0,    0,    0,    0,    0,    0,    0,    0,    0,    0,    0,    0,    0,    0,    0,    0,    0,    0,    0,    0,   -8,    0,    0,    0,    0,    0,    0,    0,    0,    0,    0,    0,  -11,   -2,  -14,  -11,  -12,   -3,   -1,    9,   -2,   -8,   -4,  -12,  -12,  -13,  -11,    0,  -13,    0,    0,    0,    0,    0,    0,   -9,   -6,    0,    0,    0,    0,    0,    0,    0,    0,  -12,  -11,  -14,  -14,  -14,    4,   -1,    3,    3,  -14,  -14,  -14,  -14,  -12,  -13,  -14,  -14,  -14,  -14,   -3,   -3,   -2,    0,   -2,    0,    1,    0,   -1,   -1,  -10,    2,    0,   -2,   -8,   -8,  -14,   -8,   -4,   -4,    0,  -12,    0,  -12,    8,  -14,    0,   -3,   -3,    0,  -11,   -1,  -14,   -1,    0,   -1,  -14,   -8,  -12,  -11,    0,    0,    0,    0,    0,    0,    0,    0,    0,    0,    0,    0,    0,    0,    0,    0,    0,    0,    0,    0,    0,    0,    0,    0,    0,    0,    0,    0,    0,    0,    0,    0,    0,    0,    0,    0,    0,    0,    0,    0,    0,    0,    0,    0,    0,    0,    0,    0,    0,    0,    0,    0,    0,    0,    0,    0,    0,    0,    0,    0,    0,    0,    0,    0,    0,    0,    0,    0,    0,    0,    0,    0,    0,    0,    0,    0,    0,    0,    0,    0,    0,    0,    0,    0,    0,    0,    0,    0,    0,    0,    0,    0,    0,    0,    0,    0,  -11,  -11,  -14,  -21,  -14,   -1,  -14,  -26,   -6,    0,    0,    0,    0,    0,    0,    0,  -12,  -12,
       0,    0,    0,    0,    0,    0,    0,    0,    0,    0,    0,    0,    0,    0,    0,    0,    0,    0,    0,    0,    0,    0,    0,   -2,    0,    0,    0,    0,   -2,   -2,    0,   -3,    0,    0,    0,  -19,   -9,  -18,  -17,  -13,  -19,   -9,   -9,   -9,   -9,  -17,  -16,  -10,   -6,   -5,   -2,   -6,  -12,    0,    0,    0,    0,    0,    0,    0,    0,    0,    0,    0,    0,    0,    0,    0,  -13,  -19,  -18,  -18,  -18,   -9,   -9,   -9,   -9,   -9,  -18,  -18,  -18,  -10,   -6,  -18,  -18,  -18,  -18,  -19,  -19,   -9,    0,   -9,    0,   -9,    0,   -9,   -9,   -9,   -9,    0,   -9,   -9,   -9,  -18,   -9,  -17,  -17,    0,  -16,  -12,  -17,   -4,  -18,    0,  -19,  -19,    0,   -3,   -9,  -18,   -9,    0,   -9,  -18,   -9,  -10,   -3,    0,    0,    0,    0,    0,    0,    0,    0,    0,    0,    0,    0,    0,    0,    0,    0,    0,    0,    0,    0,    0,    0,    0,    0,    0,    0,    0,    0,    0,    0,    0,    0,    0,    0,    0,    0,    0,    0,    0,    0,    0,    0,    0,    0,    0,    0,    0,    0,    0,    0,    0,    0,    0,    0,    0,    0,    0,    0,    0,    0,    0,    0,    0,    0,    0,    0,    0,    0,    0,    0,    0,    0,    0,    0,    0,    0,    0,    0,    0,    0,    0,    0,    0,    0,    0,    0,    0,    0,    0,    0,    0,    0,    0,    0,    0,    0,  -19,  -19,  -18,  -18,  -18,   -9,  -18,  -18,    0,    0,    0,    0,    0,    0,    0,    0,  -13,  -13,
       0,    6,    0,    9,    6,    0,    0,    0,    0,    0,    0,    0,    0,    0,    0,    0,    0,    0,    0,    6,    0,    0,   -3,   -5,   -2,   -3,   -3,   -6,    0,    0,    0,   -2,   -4,   10,   10,    0,    0,    0,    0,    0,    0,    2,    3,    0,    0,    0,    0,    0,    0,    0,    0,    0,    0,    9,    9,    0,    0,    3,    0,    0,    0,    0,    2,    0,    0,   -3,   -3,   -3,    0,    0,    0,    0,    0,    2,    2,    2,    3,    0,    0,    0,    0,    0,    0,    0,    0,    0,    0,    0,    0,    0,   -3,    0,   -3,    2,   -3,    2,    2,    2,    2,   -3,    0,    0,    0,    0,    0,    0,    0,   -3,    0,    0,    0,    2,    0,    0,    0,    0,    0,    0,    2,    0,   18,   -3,    2,    0,    0,    0,    0,    0,    0,    0,    0,    0,    0,    0,    0,    0,    0,    0,    0,    0,    0,    0,    0,    0,    0,    0,    0,    0,    0,    0,    0,    0,    0,    0,    0,    0,    0,    0,    0,    0,    0,    0,    0,    0,    0,    0,    0,    0,    0,    0,    0,    0,    0,    0,    0,    0,    0,    0,    0,    0,    0,    0,    0,    0,    0,    0,    0,    0,    0,    0,    0,    0,    0,    0,    0,    0,    0,    0,    0,    0,    0,    0,    0,    0,    0,    0,    0,    0,    0,    0,    0,    0,    0,    0,    0,    0,    0,    0,    0,    0,    0,    0,    0,    0,    0,    0,    0,    0,    2,    0,    0,    0,    3,    5,    0,    9,    9,    8,    0,    0,    0,
       0,    0,    0,    0,    0,    0,    0,    0,    0,    0,    0,    0,    0,    0,    0,    0,    0,    0,    0,    0,    0,    0,    0,    0,    0,    0,    0,    0,    0,    0,    0,    0,    0,    0,    3,   -9,   -3,   -8,   -7,   -7,   -9,   -3,   -3,   -3,   -3,   -7,   -7,   -4,   -6,   -5,   -2,   -6,   -5,    3,    2,    0,    0,    0,    0,    0,    0,    0,    0,    0,    0,    0,    0,    0,   -7,   -9,   -8,   -8,   -8,   -3,   -3,   -3,   -3,   -9,   -8,   -8,   -8,   -4,   -6,   -8,   -8,   -8,   -8,   -9,   -9,   -3,    0,   -3,    0,   -3,    0,   -3,   -3,   -3,   -3,    0,   -3,   -3,   -3,   -8,   -3,   -7,   -7,    0,   -7,   -5,   -7,   -4,   -8,    0,   -9,   -9,    0,   -3,   -3,   -8,   -3,    0,   -3,   -8,   -3,   -4,   -3,    0,    0,    0,    0,    0,    0,    0,    0,    0,    0,    0,    0,    0,    0,    0,    0,    0,    0,    0,    0,    0,    0,    0,    0,    0,    0,    0,    0,    0,    0,    0,    0,    0,    0,    0,    0,    0,    0,    0,    0,    0,    0,    0,    0,    0,    0,    0,    0,    0,    0,    0,    0,    0,    0,    0,    0,    0,    0,    0,    0,    0,    0,    0,    0,    0,    0,    0,    0,    0,    0,    0,    0,    0,    0,    0,    0,    0,    0,    0,    0,    0,    0,    0,    0,    0,    0,    0,    0,    0,    0,    0,    0,    0,    0,    0,    0,   -9,   -9,   -8,   -8,   -8,   -3,   -8,   -8,    0,    0,    0,    0,    0,    0,    0,    0,   -7,   -7,
       0,    0,    0,    4,    5,    0,    0,    0,    0,    0,    0,    0,    0,    0,    0,    0,    0,    0,    0,   10,    0,    0,   -3,   -5,   -2,   -3,   -3,   -6,    0,    0,    0,   -2,   -4,    3,    5,    0,    0,    0,    0,    0,    0,    0,    0,    0,    0,    0,    0,    0,    0,    0,    0,    0,    0,    3,    5,    0,    0,    0,    0,    0,    0,    0,    5,    0,    0,   -3,   -3,   -3,    0,    0,    0,    0,    0,    0,    0,    0,    3,    0,    0,    0,    0,    0,    0,    0,    0,    0,    0,    0,    0,    0,   -3,    0,   -3,    0,   -3,    0,    0,    0,    0,   -3,    0,    0,    0,    0,    0,    0,    0,   -3,    0,    0,    0,    0,    0,    0,    0,    0,    0,    0,    0,    0,   18,   -3,    0,    0,    0,    0,    0,    0,    0,    0,    0,    0,    0,    0,    0,    0,    0,    0,    0,    0,    0,    0,    0,    0,    0,    0,    0,    0,    0,    0,    0,    0,    0,    0,    0,    0,    0,    0,    0,    0,    0,    0,    0,    0,    0,    0,    0,    0,    0,    0,    0,    0,    0,    0,    0,    0,    0,    0,    0,    0,    0,    0,    0,    0,    0,    0,    0,    0,    0,    0,    0,    0,    0,    0,    0,    0,    0,    0,    0,    0,    0,    0,    0,    0,    0,    0,    0,    0,    0,    0,    0,    0,    0,    0,    0,    0,    0,    0,    0,    0,    0,    0,    0,    0,    0,    0,    0,    0,    0,    0,    0,    0,    4,    0,    0,    6,    6,    3,    0,    0,    0,
       0,    5,    0,    9,    5,    0,    0,    0,    0,    0,    0,    0,    0,    0,    0,    0,    0,    0,    0,    6,    0,    0,   -3,   -5,   -2,   -3,   -3,   -6,    0,    0,    0,   -2,   -4,   10,   10,    0,    0,    0,    0,    0,    0,    0,    3,    0,    0,    0,    0,    0,    0,    0,    0,    0,    0,    8,    9,    0,    0,    2,    0,    0,    0,    0,    2,    0,    0,   -3,   -3,   -3,    0,    0,    0,    0,    0,    0,    0,    0,    3,    0,    0,    0,    0,    0,    0,    0,    0,    0,    0,    0,    0,    0,   -3,    0,   -3,    0,   -3,    0,    0,    0,    0,   -3,    0,    0,    0,    0,    0,    0,    0,   -3,    0,    0,    0,    0,    0,    0,    0,    0,    0,    0,    0,    0,   18,   -3,    0,    0,    0,    0,    0,    0,    0,    0,    0,    0,    0,    0,    0,    0,    0,    0,    0,    0,    0,    0,    0,    0,    0,    0,    0,    0,    0,    0,    0,    0,    0,    0,    0,    0,    0,    0,    0,    0,    0,    0,    0,    0,    0,    0,    0,    0,    0,    0,    0,    0,    0,    0,    0,    0,    0,    0,    0,    0,    0,    0,    0,    0,    0,    0,    0,    0,    0,    0,    0,    0,    0,    0,    0,    0,    0,    0,    0,    0,    0,    0,    0,    0,    0,    0,    0,    0,    0,    0,    0,    0,    0,    0,    0,    0,    0,    0,    0,    0,    0,    0,    0,    0,    0,    0,    0,    0,    0,    0,    0,    0,    3,    5,    0,    8,    8,    7,    0,    0,    0,
       0,    0,    0,    0,    0,    0,    0,    0,    0,    0,    0,    0,    0,    0,    0,    0,    0,    0,    0,    0,    0,    0,   -3,   -5,   -2,   -3,   -3,   -6,    0,    0,    0,   -2,   -4,    0,    0,    0,    0,    0,    0,    0,    0,    0,    4,    0,    0,    0,    0,    0,    0,    0,    0,    0,    0,    0,    0,    0,    0,    0,    0,    0,    0,    0,    0,    0,    0,   -3,   -3,   -3,    0,    0,    0,    0,    0,    0,    0,    0,    3,    0,    0,    0,    0,    0,    0,    0,    0,    0,    0,    0,    0,    0,   -3,    0,   -3,    0,   -3,    0,    0,    0,    0,   -3,    0,    0,    0,    0,    0,    0,    0,   -3,    0,    0,    0,    0,    0,    0,    0,    0,    0,    0,    0,    0,   18,   -3,    0,    0,    0,    0,    0,    0,    0,    0,    0,    0,    0,    0,    0,    0,    0,    0,    0,    0,    0,    0,    0,    0,    0,    0,    0,    0,    0,    0,    0,    0,    0,    0,    0,    0,    0,    0,    0,    0,    0,    0,    0,    0,    0,    0,    0,    0,    0,    0,    0,    0,    0,    0,    0,    0,    0,    0,    0,    0,    0,    0,    0,    0,    0,    0,    0,    0,    0,    0,    0,    0,    0,    0,    0,    0,    0,    0,    0,    0,    0,    0,    0,    0,    0,    0,    0,    0,    0,    0,    0,    0,    0,    0,    0,    0,    0,    0,    0,    0,    0,    0,    0,    0,    0,    0,    0,    0,    0,    0,    0,    0,    0,    0,    0,    0,    0,    0,    0,    0,    0,
       0,    0,    0,    6,    0,  -10,   -9,    0,    0,    0,    0,    0,    0,    0,    0,    0,    0,    0,    0,    0,    0,   -2,    0,    0,   -5,    0,    0,    0,    0,    0,    0,    0,    0,    0,   17,  -10,   -4,   -9,   -9,   -6,  -13,   -4,   -4,   -4,   -5,  -10,   -6,   -6,   -5,   -2,   -7,   -4,   -8,   17,   16,    0,    0,    0,    0,    0,    0,    0,    0,    0,   -7,    0,    0,    0,   -6,  -10,   -9,   -9,   -9,   -4,   -4,   -6,   -4,  -10,   -9,   -9,   -9,   -6,   -4,   -9,   -9,   -9,   -9,  -13,  -13,   -4,    0,   -4,    0,   -4,    0,   -4,   -4,   -4,   -4,    0,   -4,   -5,   -5,   -9,   -5,  -10,  -10,    0,   -6,   -8,   -6,   -3,   -9,    0,  -13,  -13,    0,   -2,   -4,   -9,   -4,    0,   -4,   -9,   -5,   -6,   -2,    0,    0,    0,    0,    0,    0,    0,    0,    0,    0,    0,    0,    0,    0,    0,    0,    0,    0,    0,    0,    0,    0,    0,    0,    0,    0,    0,    0,    0,    0,    0,    0,    0,    0,    0,    0,    0,    0,    0,    0,    0,    0,    0,    0,    0,    0,    0,    0,    0,    0,    0,    0,    0,    0,    0,    0,    0,    0,    0,    0,    0,    0,    0,    0,    0,    0,    0,    0,    0,    0,    0,    0,    0,    0,    0,    0,    0,    0,    0,    0,    0,    0,    0,    0,    0,    0,    0,    0,    0,    0,    0,    0,    0,    0,    0,    0,  -10,  -10,   -9,   -9,   -9,   -4,   -9,   -9,    0,    0,    0,  -11,    9,    9,    0,    0,   -6,   -6,
       5,   12,    0,    3,    5,    0,    0,    0,    0,    0,    0,    0,    0,    0,    0,    0,    0,    0,    0,    2,    0,    0,   -3,   -5,   -2,   -3,   -3,   -6,    0,    0,    0,   -2,   -4,    3,    0,    0,    6,    0,    0,    0,    0,    0,    0,    6,    0,    0,    0,    0,    0,    0,    0,    0,    0,   10,    0,    0,    0,    3,    0,    0,    0,    0,   16,    0,    0,   -3,   -3,   -3,    0,    0,    0,    0,    0,    0,    0,    0,    3,    0,    0,    0,    0,    0,    0,    0,    0,    0,    0,    0,    0,    6,   -3,    6,   -3,    0,   -3,    0,    0,    0,    0,   -3,    6,    0,    0,    0,    0,    0,    0,   -3,    0,    0,    0,    0,    0,    0,    0,    0,    0,    0,    0,    0,   18,   -3,    0,    0,    0,    0,    0,    0,    0,    0,    0,    0,    0,    0,    0,    0,    0,    0,    0,    0,    0,    0,    0,    0,    0,    0,    0,    0,    0,    0,    0,    0,    0,    0,    0,    0,    0,    0,    0,    0,    0,    0,    0,    0,    0,    0,    0,    0,    0,    0,    0,    0,    0,    0,    0,    0,    0,    0,    0,    0,    0,    0,    0,    0,    0,    0,    0,    0,    0,    0,    0,    0,    0,    0,    0,    0,    0,    0,    0,    0,    0,    0,    0,    0,    0,    0,    0,    0,    0,    0,    0,    0,    0,    0,    0,    0,    0,    0,    0,    0,    0,    0,    0,    0,    0,    0,    0,    0,    0,    0,    0,    0,   15,    4,    0,   12,   12,    4,    0,    0,    0,
       0,  -90,    0,    0,  -42,    0,    0,    0,    0,    0,    0,    0,    0,    0,    0,    0,    0,    0,    0,   -9,    0,    0,    0,  -19,    0,    0,  -79,  -14,  -68,  -51,    0,  -71,    0,  -28,    0,   -9,   -2,  -20,  -11,  -16,    0,   -2,   -2,   -2,   -2,   -2,  -21,  -14,  -45,  -36,    0,  -46,    0,   -5,    0,  -16,  -24,  -46,  -25,  -38,  -24,    0,  -49,   -8,    0,    0,    0,    0,  -16,   -9,  -20,  -20,  -20,   -2,   -2,   -2,   -2,  -19,  -20,  -20,  -20,  -14,  -46,  -20,  -20,  -20,  -20,    0,    0,   -2,    0,   -2,    0,   -2,    0,   -2,   -2,   -2,   -2,    0,   -2,   -2,   -2,  -20,   -2,   -2,   -2,  -79,  -21,    0,  -16,   -2,  -20,    0,    3,    0,    0,  -53,   -2,  -20,   -2,    0,   -2,  -20,   -2,  -14,  -53,    0,    0,    0,    0,    0,    0,    0,    0,    0,    0,    0,    0,    0,    0,    0,    0,    0,    0,    0,    0,    0,    0,    0,    0,    0,    0,    0,    0,    0,    0,    0,    0,    0,    0,    0,    0,    0,    0,    0,    0,    0,    0,    0,    0,    0,    0,    0,    0,    0,    0,    0,    0,    0,    0,    0,    0,    0,    0,    0,    0,    0,    0,    0,    0,    0,    0,    0,    0,    0,    0,    0,    0,    0,    0,    0,    0,    0,    0,    0,    0,    0,    0,    0,    0,    0,    0,    0,    0,    0,    0,    0,    0,    0,    0,    0,    0,   -9,   -9,  -20,  -20,  -20,   -2,  -20,  -20,  -38,  -97,  -94,    0,  -39,  -40,   -6,  -82,  -16,  -16,
      16,   23,    0,   32,   24,    0,    0,    0,    0,    0,    0,    0,    0,    0,    0,    0,    0,    0,    0,   20,    0,    0,   -3,   -5,   -2,   -2,   -5,   -6,   -2,   -1,   -2,   -3,   -5,   37,   30,    0,   20,    0,    0,    0,    0,   23,   25,   20,    0,    0,    0,    0,    3,    2,    0,    3,    0,   30,   29,    0,    0,   19,    0,    0,    0,    0,   16,    0,    0,   -3,   -3,   -3,    0,    0,    0,    0,    0,    3,   23,    3,   23,    0,    0,    0,    0,    0,    3,    0,   11,    0,    0,    0,    0,   20,   -3,   20,   -3,   23,   -3,   23,   23,   23,    2,   -3,   20,    7,    0,    0,    0,    0,   20,   -5,    0,   19,    0,    6,    0,    0,    0,    0,    0,    0,    6,    0,   29,   -3,   23,    0,    8,    0,    0,    0,    0,    0,    0,    0,    0,    0,    0,    0,    0,    0,    0,    0,    0,    0,    0,    0,    0,    0,    0,    0,    0,    0,    0,    0,    0,    0,    0,    0,    0,    0,    0,    0,    0,    0,    0,    0,    0,    0,    0,    0,    0,    0,    0,    0,    0,    0,    0,    0,    0,    0,    0,    0,    0,    0,    0,    0,    0,    0,    0,    0,    0,    0,    0,    0,    0,    0,    0,    0,    0,    0,    0,    0,    0,    0,    0,    0,    0,    0,    0,    0,    0,    0,    0,    0,    0,    0,    0,    0,    0,    0,    0,    0,    0,    0,    0,    0,    0,    0,    0,    0,   23,    0,    0,    0,   18,   22,    0,   29,   29,   25,  -17,    0,    0,
       0,  -29,    0,    0,  -30,    0,    0,    0,    0,    0,    0,    0,    0,    0,    0,    0,    0,    0,    0,  -10,    0,    0,    0,   -6,    0,    0,  -44,   -9,  -33,  -22,    0,  -40,    0,  -21,    0,   -4,   -2,   -6,   -4,   -9,    0,   -2,   -2,   -2,   -2,    0,  -10,   -6,  -22,  -18,    0,  -22,    0,    0,    0,  -14,   -6,  -19,    0,   -8,   -6,    0,  -25,    0,    0,    0,    0,    0,   -9,   -4,   -6,   -6,   -6,   -2,   -2,   -2,   -2,    0,   -6,   -6,   -6,   -6,  -22,   -6,   -6,   -6,   -6,    0,    0,   -2,    0,   -2,    0,   -2,    0,   -2,   -2,   -2,   -2,    0,   -2,   -2,   -2,   -6,   -2,    0,    0,  -44,  -10,    0,   -9,   -2,   -6,    0,    0,    0,    0,    0,   -2,   -6,   -2,    0,   -2,   -6,   -2,   -6,    0,    0,    0,    0,    0,    0,    0,    0,    0,    0,    0,    0,    0,    0,    0,    0,    0,    0,    0,    0,    0,    0,    0,    0,    0,    0,    0,    0,    0,    0,    0,    0,    0,    0,    0,    0,    0,    0,    0,    0,    0,    0,    0,    0,    0,    0,    0,    0,    0,    0,    0,    0,    0,    0,    0,    0,    0,    0,    0,    0,    0,    0,    0,    0,    0,    0,    0,    0,    0,    0,    0,    0,    0,    0,    0,    0,    0,    0,    0,    0,    0,    0,    0,    0,    0,    0,    0,    0,    0,    0,    0,    0,    0,    0,    0,    0,    0,   -4,   -4,   -6,   -6,   -6,   -2,   -6,   -6,   -8,  -34,  -32,    0,  -39,  -39,   -5,    0,   -9,   -9,
       0,  -13,    0,  -15,  -14,  -27,  -27,  -18,    0,    0,    0,    0,    0,    0,    0,    0,    0,    0,    0,  -13,    0,    0,    0,    0,    0,    0,    0,    0,    0,    0,    0,    0,    0,  -13,  -15,    0,    0,    0,    0,   -2,    0,    0,    0,    0,    0,    0,   -2,    0,    0,    0,  -10,    0,   -6,    0,  -14,  -11,    0,   -3,    0,    0,    0,    0,   -9,    0,    0,    0,    0,    0,   -2,    0,    0,    0,    0,    0,    0,    0,    0,    0,    0,    0,    0,    0,    0,    0,    0,    0,    0,    0,    0,    0,    0,    0,    0,    0,    0,    0,    0,    0,    0,    0,    0,    0,    0,    0,    0,    0,    0,    0,   -2,   -6,   -2,    0,    0,    0,    0,    0,    0,    0,    0,    0,    0,    0,    0,    0,    0,    0,    0,    0,    0,    0,    0,    0,    0,    0,    0,    0,    0,    0,    0,    0,    0,    0,    0,    0,    0,    0,    0,    0,    0,    0,    0,    0,    0,    0,    0,    0,    0,    0,    0,    0,    0,    0,    0,    0,    0,    0,    0,    0,    0,    0,    0,    0,    0,    0,    0,    0,    0,    0,    0,    0,    0,    0,    0,    0,    0,    0,    0,    0,    0,    0,    0,    0,    0,    0,    0,    0,    0,    0,    0,    0,    0,    0,    0,    0,    0,    0,    0,    0,    0,    0,    0,    0,    0,    0,    0,    0,    0,    0,    0,    0,    0,    0,    0,    0,    0,    0,    0,    0,    0,    0,    0,    0,  -16,  -15,  -27,  -19,  -19,   -8,    0,   -2,   -2,
       0,    0,    0,    0,    0,    0,    0,    0,    0,    0,    0,    0,    0,    0,    0,    0,    0,    0,    0,    0,    0,    0,   -3,   -5,   -2,   -2,   -5,   -6,   -2,   -1,   -2,   -3,   -5,    0,    0,    0,    0,    0,    0,    0,    0,    0,    0,    0,    0,    0,    0,    0,    0,    0,    0,    0,    0,    0,    0,  -15,    0,    0,    0,    0,    0,    0,    0,    0,    0,   -3,   -3,   -3,    0,    0,    0,    0,    0,    3,    0,    3,    0,    0,    0,    0,    0,    0,    0,    0,    0,    0,    0,    0,    0,    0,   -3,    0,   -3,    0,   -3,    0,    0,    0,    2,   -3,   -2,    0,    0,    0,    0,    0,    0,   -5,    0,    0,    0,    6,    0,    0,    0,    0,    0,    0,    6,    0,   29,   -3,    0,    0,    8,    0,    0,    0,    0,    0,    0,    0,    0,    0,    0,    0,    0,    0,    0,    0,    0,    0,    0,    0,    0,    0,    0,    0,    0,    0,    0,    0,    0,    0,    0,    0,    0,    0,    0,    0,    0,    0,    0,    0,    0,    0,    0,    0,    0,    0,    0,    0,    0,    0,    0,    0,    0,    0,    0,    0,    0,    0,    0,    0,    0,    0,    0,    0,    0,    0,    0,    0,    0,    0,    0,    0,    0,    0,    0,    0,    0,    0,    0,    0,    0,    0,    0,    0,    0,    0,    0,    0,    0,    0,    0,    0,    0,    0,    0,    0,    0,    0,    0,    0,    0,    0,    0,    0,    0,    0,    0,    0,    0,    0,    0,    0,    0,    0,  -17,    0,    0,
       0,  -15,    0,  -15,  -19,    0,    0,    0,    0,    0,    0,    0,    0,    0,    0,    0,    0,    0,    0,  -15,    0,   -7,   -8,   -4,  -17,   -8,  -58,  -10,  -38,  -27,  -17,  -56,  -15,  -17,  -16,    0,    0,    0,    0,   -6,   -2,    0,    0,    0,    0,    0,   -5,    0,   -8,   -4,  -11,   -9,   -5,   -5,  -14,    0,    0,  -10,    0,    0,    0,    0,  -13,    0,    0,   -8,   -8,   -8,   -6,    0,    0,    0,    0,    0,    0,    0,    0,    0,    0,    0,    0,    0,   -9,    0,    0,    0,    0,   -2,   -2,    0,   -8,    0,   -8,    0,   -8,    0,    0,    0,    0,   -8,    0,    0,    0,    0,    0,    0,    0,  -58,   -5,   -5,   -6,    0,    0,    0,   -2,   -2,    0,   -3,    0,    0,    0,   -8,    0,    0,    0,    0,   -3,    0,    0,    0,    0,    0,    0,    0,    0,    0,    0,    0,    0,    0,    0,    0,    0,    0,    0,    0,    0,    0,    0,    0,    0,    0,    0,    0,    0,    0,    0,    0,    0,    0,    0,    0,    0,    0,    0,    0,    0,    0,    0,    0,    0,    0,    0,    0,    0,    0,    0,    0,    0,    0,    0,    0,    0,    0,    0,    0,    0,    0,    0,    0,    0,    0,    0,    0,    0,    0,    0,    0,    0,    0,    0,    0,    0,    0,    0,    0,    0,    0,    0,    0,    0,    0,    0,    0,    0,    0,    0,    0,    0,    0,    0,    0,    0,    0,    0,    0,    0,    0,    0,    0,    0,    0,  -19,  -17,    0,  -20,  -20,  -15,    0,   -6,   -6,
       0,    0,    0,    1,    0,  -23,  -23,  -19,    0,    0,    0,    0,    0,    0,    0,    0,    0,    0,    0,    0,    0,  -26,   -5,    0,  -38,   -3,  -42,   -1,  -11,   -5,  -27,  -27,  -16,    5,    1,  -14,    0,  -10,  -10,    0,   -3,    0,    0,    0,    0,   -2,    0,    0,    0,    0,    0,    0,    0,    5,    1,  -10,    0,    0,   -7,  -10,    0,    0,    0,    0,    0,   -5,   -5,   -5,    0,  -14,  -10,  -10,  -10,    0,    0,    0,    0,  -14,  -10,  -10,  -10,    0,    0,  -10,  -10,  -10,  -10,   -3,   -3,    0,   -5,    0,   -5,    0,   -5,    0,    0,    0,    0,   -5,    0,    0,    6,  -10,    0,   -2,   -2,  -42,    0,    0,    0,    0,  -10,    0,   -3,   -3,    0,    0,    0,  -10,    0,   -5,    0,  -10,    0,    0,    0,    0,    0,    0,    0,    0,    0,    0,    0,    0,    0,    0,    0,    0,    0,    0,    0,    0,    0,    0,    0,    0,    0,    0,    0,    0,    0,    0,    0,    0,    0,    0,    0,    0,    0,    0,    0,    0,    0,    0,    0,    0,    0,    0,    0,    0,    0,    0,    0,    0,    0,    0,    0,    0,    0,    0,    0,    0,    0,    0,    0,    0,    0,    0,    0,    0,    0,    0,    0,    0,    0,    0,    0,    0,    0,    0,    0,    0,    0,    0,    0,    0,    0,    0,    0,    0,    0,    0,    0,    0,    0,    0,    0,    0,    0,    0,    0,  -14,  -14,  -10,  -10,  -10,    0,  -10,  -10,  -10,    0,    0,  -23,    4,    4,    0,    0,    0,    0,
       0,    0,    0,   -1,    0,  -23,  -23,  -19,    0,    0,    0,    0,    0,    0,    0,    0,    0,    0,    0,    0,    0,  -26,   -5,    0,  -38,   -3,  -42,   -1,  -11,   -5,  -27,  -27,  -16,    5,   -1,  -14,    0,  -10,  -10,    0,   -3,    0,    0,    0,    0,   -2,    0,    0,    0,    0,    0,    0,    0,    3,   -1,  -10,    0,    0,   -7,  -10,    0,    0,    0,    0,    0,   -5,   -5,   -5,    0,  -14,  -10,  -10,  -10,    0,    0,    0,    0,  -14,  -10,  -10,  -10,    0,    0,  -10,  -10,  -10,  -10,   -3,   -3,    0,   -5,    0,   -5,    0,   -5,    0,    0,    0,    0,   -5,    0,    0,    6,  -10,    0,   -2,   -2,  -42,    0,    0,    0,    0,  -10,    0,   -3,   -3,    0,    0,    0,  -10,    0,   -5,    0,  -10,    0,    0,    0,    0,    0,    0,    0,    0,    0,    0,    0,    0,    0,    0,    0,    0,    0,    0,    0,    0,    0,    0,    0,    0,    0,    0,    0,    0,    0,    0,    0,    0,    0,    0,    0,    0,    0,    0,    0,    0,    0,    0,    0,    0,    0,    0,    0,    0,    0,    0,    0,    0,    0,    0,    0,    0,    0,    0,    0,    0,    0,    0,    0,    0,    0,    0,    0,    0,    0,    0,    0,    0,    0,    0,    0,    0,    0,    0,    0,    0,    0,    0,    0,    0,    0,    0,    0,    0,    0,    0,    0,    0,    0,    0,    0,    0,    0,    0,    0,  -14,  -14,  -10,  -10,  -10,    0,  -10,  -10,  -10,    0,    0,  -23,    3,    3,    0,    0,    0,    0,
       0,    0,    0,   -6,   -9,    0,    0,    0,    0,    0,    0,    0,    0,    0,    0,    0,    0,    0,    0,   -6,    0,   -3,   -7,   -5,   -3,   -1,  -54,  -10,  -29,  -23,   -6,  -47,   -5,   -9,   -7,    0,    0,    0,    0,    0,   -2,    0,    0,    0,    0,    0,    0,    0,   -3,    0,    0,   -4,    0,    0,   -7,    0,    0,    0,    0,    0,    0,    0,    0,    0,    0,   -7,   -7,   -7,    0,    0,    0,    0,    0,    0,    0,    0,    0,    0,    0,    0,    0,    0,   -4,    0,    0,    0,    0,   -2,   -2,    0,   -7,    0,   -7,    0,   -7,    0,    0,    0,    0,   -7,    0,    0,    0,    0,    0,    0,    0,  -54,    0,    0,    0,    0,    0,    0,   -2,   -2,    0,    0,    0,    0,    0,   -7,    0,    0,    0,    0,    0,    0,    0,    0,    0,    0,    0,    0,    0,    0,    0,    0,    0,    0,    0,    0,    0,    0,    0,    0,    0,    0,    0,    0,    0,    0,    0,    0,    0,    0,    0,    0,    0,    0,    0,    0,    0,    0,    0,    0,    0,    0,    0,    0,    0,    0,    0,    0,    0,    0,    0,    0,    0,    0,    0,    0,    0,    0,    0,    0,    0,    0,    0,    0,    0,    0,    0,    0,    0,    0,    0,    0,    0,    0,    0,    0,    0,    0,    0,    0,    0,    0,    0,    0,    0,    0,    0,    0,    0,    0,    0,    0,    0,    0,    0,    0,    0,    0,    0,    0,    0,    0,    0,    0,    0,    0,  -10,   -5,    0,  -10,  -10,   -6,    0,    0,    0,
       0,    0,    0,  -10,   -9,    0,    0,    0,    0,    0,    0,    0,    0,    0,    0,    0,    0,    0,    0,   -6,    0,   -3,   -7,   -5,   -3,   -1,  -54,  -10,  -29,  -23,   -6,  -47,   -5,   -9,   -9,    0,    0,    0,    0,    0,   -2,    0,    0,    0,    0,    0,    0,    0,   -3,    0,    0,   -4,    0,    0,   -9,    0,    0,    0,    0,    0,    0,    0,    0,    0,    0,   -7,   -7,   -7,    0,    0,    0,    0,    0,    0,    0,    0,    0,    0,    0,    0,    0,    0,   -4,    0,    0,    0,    0,   -2,   -2,    0,   -7,    0,   -7,    0,   -7,    0,    0,    0,    0,   -7,    0,    0,    0,    0,    0,    0,    0,  -54,    0,    0,    0,    0,    0,    0,   -2,   -2,    0,    0,    0,    0,    0,   -7,    0,    0,    0,    0,    0,    0,    0,    0,    0,    0,    0,    0,    0,    0,    0,    0,    0,    0,    0,    0,    0,    0,    0,    0,    0,    0,    0,    0,    0,    0,    0,    0,    0,    0,    0,    0,    0,    0,    0,    0,    0,    0,    0,    0,    0,    0,    0,    0,    0,    0,    0,    0,    0,    0,    0,    0,    0,    0,    0,    0,    0,    0,    0,    0,    0,    0,    0,    0,    0,    0,    0,    0,    0,    0,    0,    0,    0,    0,    0,    0,    0,    0,    0,    0,    0,    0,    0,    0,    0,    0,    0,    0,    0,    0,    0,    0,    0,    0,    0,    0,    0,    0,    0,    0,    0,    0,    0,    0,    0,    0,  -10,   -5,    0,  -11,  -11,   -6,    0,    0,    0,
       0,    5,    0,    9,   -4,    0,    0,    0,    0,    0,    0,    0,    0,    0,    0,    0,    0,    0,    0,    3,    0,    0,   -7,   -5,    0,   -3,  -47,  -11,  -25,  -16,    0,  -35,    0,    5,    4,   -5,    0,   -6,   -5,    0,    0,    0,    0,    0,    0,    0,    0,    0,    0,    0,    0,    0,    0,    8,    3,    0,    0,    0,  -10,   -5,    0,    0,    0,    0,    0,   -7,   -7,   -7,    0,   -5,   -6,   -6,   -6,    0,    0,    0,    0,   -7,   -6,   -6,   -6,    0,    0,   -6,   -6,   -6,   -6,    0,    0,    0,   -7,    0,   -7,    0,   -7,    0,    0,    0,    0,   -7,    0,    0,    0,   -6,    0,    0,    0,  -47,    0,    0,    0,    0,   -6,    0,    0,    0,    0,    0,    0,   -6,    0,   -7,    0,   -6,    0,    0,    0,    0,    0,    0,    0,    0,    0,    0,    0,    0,    0,    0,    0,    0,    0,    0,    0,    0,    0,    0,    0,    0,    0,    0,    0,    0,    0,    0,    0,    0,    0,    0,    0,    0,    0,    0,    0,    0,    0,    0,    0,    0,    0,    0,    0,    0,    0,    0,    0,    0,    0,    0,    0,    0,    0,    0,    0,    0,    0,    0,    0,    0,    0,    0,    0,    0,    0,    0,    0,    0,    0,    0,    0,    0,    0,    0,    0,    0,    0,    0,    0,    0,    0,    0,    0,    0,    0,    0,    0,    0,    0,    0,    0,    0,    0,    0,    0,   -5,   -5,   -6,   -6,   -6,    0,   -6,   -6,   -5,   -9,  -12,    0,  -12,  -12,    6,    0,    0,    0,
       0,    0,  -10,    0,    0,  -37,  -37,  -28,    0,    0,    0,    0,    0,    0,    0,    0,    0,  -19,  -19,    0,  -21,  -63,    0,  -19,  -31,    0,    0,    0,    0,    0,    0,    0,    0,    0,    0, -105,   -4, -101, -102,  -50,  -96,    0,    0,   -4,  -85,  -94,  -54,  -79,  -74,  -70,  -77,  -73,  -87,    0,    0,  -12,   -2,    0,  -69,  -57,   -2,    0,    0,  -62,  -46,    0,    0,    0,  -66, -105, -110, -112, -109,   12,  -17,   11,   10,  -41, -101, -111, -101,  -79,  -73, -113, -108, -101, -109, -109,  -96,   -4,    0,    0,    0,    9,    0,    4,    6,  -45,   10,    0,   -4,  -85,  -85, -101,  -71,  -97,  -90,    0,  -54,  -83,  -50,   19, -113,    0,  -96, -102,    0,  -17,    0, -101,    0,    0,    0, -101,  -85,  -79,  -45,    0,    0,    0,    0,    0,    0,    0,    0,    0,    0,    0,    0,    0,    0,    0,    0,    0,    0,    0,    0,    0,    0,    0,    0,    0,    0,    0,    0,    0,    0,    0,    0,    0,    0,    0,    0,    0,    0,    0,    0,    0,    0,    0,    0,    0,    0,    0,    0,    0,    0,    0,    0,    0,    0,    0,    0,    0,    0,    0,    0,    0,    0,    0,    0,    0,    0,    0,    0,    0,    0,    0,    0,    0,    0,    0,    0,    0,    0,    0,    0,    0,    0,    0,    0,    0,    0,    0,    0,    0,    0,    0,    0,    0,    0,    0,    0,  -97, -105, -111,  -79, -109,    0, -114,  -85,  -57,    0,    0,  -38,    0,    0,    0,    0,  -57,  -53,
       0,    0,    0,    0,   -3,    0,    0,    0,    0,    0,    0,    0,    0,    0,    0,    0,    0,    0,    0,   -5,    0,    0,   -4,   -6,   -2,   -5,  -55,   -7,  -29,  -20,   -2,  -42,   -5,  -12,  -13,    0,    0,    0,    0,    0,    0,    0,    6,    0,    0,    0,    0,    0,    0,    0,    0,    0,    0,    0,  -11,    0,    0,    0,    0,    0,    0,    0,    0,    0,    0,   -4,   -4,   -4,    0,    0,    0,    0,    0,    0,    0,    0,    0,    0,    0,    0,    0,    0,    0,    0,    0,    0,    0,    0,    0,    0,   -4,    0,   -4,    0,   -4,    0,    0,    0,    0,   -4,    0,    0,    0,    0,    0,    0,    0,  -55,    0,    0,    0,    0,    0,    0,    0,    0,    0,    0,    0,    0,    0,   -4,    0,    0,    0,    0,    0,    0,    0,    0,    0,    0,    0,    0,    0,    0,    0,    0,    0,    0,    0,    0,    0,    0,    0,    0,    0,    0,    0,    0,    0,    0,    0,    0,    0,    0,    0,    0,    0,    0,    0,    0,    0,    0,    0,    0,    0,    0,    0,    0,    0,    0,    0,    0,    0,    0,    0,    0,    0,    0,    0,    0,    0,    0,    0,    0,    0,    0,    0,    0,    0,    0,    0,    0,    0,    0,    0,    0,    0,    0,    0,    0,    0,    0,    0,    0,    0,    0,    0,    0,    0,    0,    0,    0,    0,    0,    0,    0,    0,    0,    0,    0,    0,    0,    0,    0,    0,    0,    0,    0,    0,    0,   -3,    0,    0,   -9,   -9,   -5,    0,    0,    0,
       0,    0,    0,    0,    0,    0,    0,    0,    0,    0,    0,    0,    0,    0,    0,    0,    0,    0,    0,    0,    0,    0,    0,    0,    0,    0,    0,    0,    0,    0,    0,    0,    0,    0,    0,    0,    0,    0,    0,    0,    0,    7,    9,    0,    0,    0,    0,    0,    0,    0,    0,    0,    0,    0,    0,    0,    0,    0,    0,    0,    0,    0,    0,    0,    0,    0,    0,    0,    0,    0,    0,    0,    0,   41,    0,   14,   25,    0,    0,    0,    0,    0,    0,    0,    0,    0,    0,    0,    0,    0,    0,    0,    0,   21,    0,   19,   40,    0,   13,    0,    0,    0,   22,    0,   10,    0,    0,    0,    0,    0,    0,    7,    0,    0,    0,    0,    0,    0,    7,    0,    7,    0,    7,    0,    0,    0,    0,    0,    0,    0,    0,    0,    0,    0,    0,    0,    0,    0,    0,    0,    0,    0,    0,    0,    0,    0,    0,    0,    0,    0,    0,    0,    0,    0,    0,    0,    0,    0,    0,    0,    0,    0,    0,    0,    0,    0,    0,    0,    0,    0,    0,    0,    0,    0,    0,    0,    0,    0,    0,    0,    0,    0,    0,    0,    0,    0,    0,    0,    0,    0,    0,    0,    0,    0,    0,    0,    0,    0,    0,    0,    0,    0,    0,    0,    0,    0,    0,    0,    0,    0,    0,    0,    0,    0,    0,    0,    0,    0,    0,    0,    0,    0,    0,    0,    0,    0,    0,    0,    7,    0,    0,    0,    0,    0,    0,    0,    0,    0,    0,    0,    0,
       0,    0,    0,    0,    0,  -27,  -26,  -18,    0,    0,    0,    0,    0,    0,    0,    0,    0,   -8,   -5,    0,    0,  -14,    0,    0,  -19,    0,    0,    0,    6,    3,    0,    5,    0,    0,    0,  -14,    0,  -13,  -14,  -12,  -17,    0,    0,    0,  -11,  -16,  -10,  -12,  -14,  -12,  -17,  -14,  -15,    0,    0,    0,    0,    0,   -7,   -9,    0,    0,    0,  -11,    0,    0,    0,    0,  -12,  -14,  -13,  -13,  -13,    0,    0,    0,    0,    0,  -13,  -13,  -13,  -12,  -14,  -13,  -13,  -13,  -13,  -17,  -17,    0,    0,    0,    0,    0,    0,    0,    0,    0,    0,    0,    0,  -11,  -11,  -13,  -11,  -16,  -16,    0,  -10,  -15,  -12,    0,  -13,    0,  -17,  -17,    0,    0,    0,  -13,    0,    0,    0,  -13,  -11,  -12,    0,    0,    0,    0,    0,    0,    0,    0,    0,    0,    0,    0,    0,    0,    0,    0,    0,    0,    0,    0,    0,    0,    0,    0,    0,    0,    0,    0,    0,    0,    0,    0,    0,    0,    0,    0,    0,    0,    0,    0,    0,    0,    0,    0,    0,    0,    0,    0,    0,    0,    0,    0,    0,    0,    0,    0,    0,    0,    0,    0,    0,    0,    0,    0,    0,    0,    0,    0,    0,    0,    0,    0,    0,    0,    0,    0,    0,    0,    0,    0,    0,    0,    0,    0,    0,    0,    0,    0,    0,    0,    0,    0,    0,    0,    0,    0,    0,  -14,  -14,  -13,  -13,  -13,    0,  -13,  -13,   -9,    0,    0,  -29,    0,    0,    0,    0,  -12,  -12,
       0,    0,    0,    0,    0,  -14,  -14,  -14,    0,    0,    0,    0,    0,    0,    0,    0,    0,    0,    0,    0,    0,    0,    0,    0,    0,    0,    0,    0,    0,    0,    0,    0,    0,    0,   -5,   -2,    0,    0,    0,    3,    0,    0,    0,    0,    0,    0,    4,    0,    9,    9,    5,    9,    0,    0,   -4,  -14,    0,    3,    0,    0,    0,    0,    4,    0,    0,    0,    0,    0,    3,   -2,    0,    0,    0,    0,    0,    0,    0,    0,    0,    0,    0,    0,    9,    0,    0,    0,    0,    0,    0,    0,    0,    0,    0,    0,    0,    0,    0,    0,    0,    0,    0,    0,    0,    0,    0,    0,    0,    0,    4,    0,    3,    0,    0,    0,    0,    0,    0,    0,    0,    0,    0,    0,    0,    0,    0,    0,    0,    0,    0,    0,    0,    0,    0,    0,    0,    0,    0,    0,    0,    0,    0,    0,    0,    0,    0,    0,    0,    0,    0,    0,    0,    0,    0,    0,    0,    0,    0,    0,    0,    0,    0,    0,    0,    0,    0,    0,    0,    0,    0,    0,    0,    0,    0,    0,    0,    0,    0,    0,    0,    0,    0,    0,    0,    0,    0,    0,    0,    0,    0,    0,    0,    0,    0,    0,    0,    0,    0,    0,    0,    0,    0,    0,    0,    0,    0,    0,    0,    0,    0,    0,    0,    0,    0,    0,    0,    0,    0,    0,    0,    0,    0,    0,    0,   -2,   -2,    0,    0,    0,    0,    0,    0,    0,    2,    3,  -15,    0,    0,    0,    0,    3,    3,
       0,    0,  -15,    0,    0,  -40,  -40,  -33,    0,    0,    0,    0,    0,    0,    0,    0,    0,  -24,  -23,    0,    0,  -23,    0,   -4,  -28,    0,    0,    0,    8,    6,    0,    8,    0,    2,    3,  -45,    0,  -43,  -42,  -20,  -48,    0,    0,    0,  -37,  -48,  -21,  -34,  -34,  -31,  -32,  -34,  -37,    2,    0,  -20,   -6,    0,  -34,  -27,   -6,    0,    0,  -32,    0,    0,    0,    0,  -20,  -45,  -43,  -43,  -43,    0,    0,    0,    0,    0,  -43,  -43,  -43,  -34,  -34,  -43,  -43,  -43,  -43,  -48,  -48,    0,    0,    0,    0,    0,    0,    0,    0,    0,    0,    0,    0,  -37,  -37,  -43,  -37,  -48,  -48,    0,  -21,  -37,  -20,    0,  -43,    0,  -48,  -48,    0,    0,    0,  -43,    0,    0,    0,  -43,  -37,  -34,    0,    0,    0,    0,    0,    0,    0,    0,    0,    0,    0,    0,    0,    0,    0,    0,    0,    0,    0,    0,    0,    0,    0,    0,    0,    0,    0,    0,    0,    0,    0,    0,    0,    0,    0,    0,    0,    0,    0,    0,    0,    0,    0,    0,    0,    0,    0,    0,    0,    0,    0,    0,    0,    0,    0,    0,    0,    0,    0,    0,    0,    0,    0,    0,    0,    0,    0,    0,    0,    0,    0,    0,    0,    0,    0,    0,    0,    0,    0,    0,    0,    0,    0,    0,    0,    0,    0,    0,    0,    0,    0,    0,    0,    0,    0,    0,    0,  -45,  -45,  -43,  -43,  -43,    0,  -43,  -43,  -27,    0,    0,  -41,    0,    0,    0,    0,  -20,  -20,
       0,    0,    0,    0,    0,  -17,  -17,  -15,    0,    0,    0,    0,    0,    0,    0,    0,    0,    0,    0,    0,    0,    0,    0,    0,    0,    0,    0,    0,    0,    0,    0,    0,    0,    0,   -5,   -8,    0,   -2,   -2,    4,    0,    0,    0,    0,    0,    0,    5,    0,   10,    9,    6,   10,    0,    0,    0,  -14,    0,    3,   -6,   -3,    0,    0,    5,    0,    0,    0,    0,    0,    4,   -8,   -2,   -2,   -2,    0,    0,    0,    0,    0,   -2,   -2,   -2,    0,   10,   -2,   -2,   -2,   -2,    0,    0,    0,    0,    0,    0,    0,    0,    0,    0,    0,    0,    0,    0,    0,    0,   -2,    0,    0,    0,    0,    5,    0,    4,    0,   -2,    0,    0,    0,    0,    0,    0,   -2,    0,    0,    0,   -2,    0,    0,    0,    0,    0,    0,    0,    0,    0,    0,    0,    0,    0,    0,    0,    0,    0,    0,    0,    0,    0,    0,    0,    0,    0,    0,    0,    0,    0,    0,    0,    0,    0,    0,    0,    0,    0,    0,    0,    0,    0,    0,    0,    0,    0,    0,    0,    0,    0,    0,    0,    0,    0,    0,    0,    0,    0,    0,    0,    0,    0,    0,    0,    0,    0,    0,    0,    0,    0,    0,    0,    0,    0,    0,    0,    0,    0,    0,    0,    0,    0,    0,    0,    0,    0,    0,    0,    0,    0,    0,    0,    0,    0,    0,    0,    0,    0,    0,    0,   -8,   -8,   -2,   -2,   -2,    0,   -2,   -2,   -3,    3,    4,  -18,    0,    0,    0,    0,    4,    4,
       0,    0,    0,    0,    0,    0,    0,    0,    0,    0,    0,    0,    0,    0,    0,    0,    0,    0,    0,    0,    0,    0,   -6,   -4,    0,   -2,  -49,   -9,  -20,  -12,    0,  -35,    0,   -5,  -11,   -6,    0,   -5,   -5,    0,    0,    0,    0,    0,    0,    0,    0,    0,    0,    0,    0,    0,    0,    0,   -5,    0,    0,    0,   -5,   -5,    0,    0,    0,    0,    0,   -6,   -6,   -6,    0,   -6,   -5,   -5,   -5,    3,    0,    0,    0,   -7,   -5,   -5,   -5,    0,    0,   -5,   -5,   -5,   -5,    0,    0,    0,   -6,    0,   -6,    0,   -6,    0,    0,    0,    0,   -6,    0,    0,    0,   -5,    0,    0,    0,  -49,    0,    0,    0,    8,   -5,    0,    0,    0,    0,    0,    8,   -5,   29,   -6,    0,   -5,    8,    0,    0,    0,    0,    0,    0,    0,    0,    0,    0,    0,    0,    0,    0,    0,    0,    0,    0,    0,    0,    0,    0,    0,    0,    0,    0,    0,    0,    0,    0,    0,    0,    0,    0,    0,    0,    0,    0,    0,    0,    0,    0,    0,    0,    0,    0,    0,    0,    0,    0,    0,    0,    0,    0,    0,    0,    0,    0,    0,    0,    0,    0,    0,    0,    0,    0,    0,    0,    0,    0,    0,    0,    0,    0,    0,    0,    0,    0,    0,    0,    0,    0,    0,    0,    0,    0,    0,    0,    0,    0,    0,    0,    0,    0,    0,    0,    0,    0,   -6,   -6,   -5,   -5,   -5,    0,   -5,   -5,   -5,    0,    0,    0,    0,    0,    0,    0,    0,    0,
       0,    7,    0,   11,    0,    0,    0,    0,    0,    0,    0,    0,    0,    0,    0,    0,    0,    0,    0,    0,    0,    0,   -3,   -5,   -2,   -3,   -3,   -6,    0,    0,    0,   -2,   -4,   12,   12,    0,    0,    0,    0,    0,    0,    0,    0,    0,    0,    0,    0,    0,    0,    0,    0,    0,    0,   10,   11,    0,    0,    0,    0,    0,    0,    0,    0,    0,    0,   -3,   -3,   -3,    0,    0,    0,    0,    0,    0,    0,    0,    3,    0,    0,    0,    0,    0,    0,    0,    0,    0,    0,    0,    0,    0,   -3,    0,   -3,    0,   -3,    0,    0,    0,    0,   -3,    0,    0,    0,    0,    0,    0,    0,   -3,    0,    0,    0,    0,    0,    0,    0,    0,    0,    0,    0,    0,   18,   -3,    0,    0,    0,    0,    0,    0,    0,    0,    0,    0,    0,    0,    0,    0,    0,    0,    0,    0,    0,    0,    0,    0,    0,    0,    0,    0,    0,    0,    0,    0,    0,    0,    0,    0,    0,    0,    0,    0,    0,    0,    0,    0,    0,    0,    0,    0,    0,    0,    0,    0,    0,    0,    0,    0,    0,    0,    0,    0,    0,    0,    0,    0,    0,    0,    0,    0,    0,    0,    0,    0,    0,    0,    0,    0,    0,    0,    0,    0,    0,    0,    0,    0,    0,    0,    0,    0,    0,    0,    0,    0,    0,    0,    0,    0,    0,    0,    0,    0,    0,    0,    0,    0,    0,    0,    0,    0,    0,    0,    0,    0,    0,    6,    0,   10,   10,    7,    0,    0,    0,
       0,    0,    0,    0,   -3,    0,    0,    0,    0,    0,    0,    0,    0,    0,    0,    0,    0,    0,    0,    0,    0,   -3,    0,    0,    0,    0,   -2,    0,   -7,    0,    0,  -10,    0,    0,   -4,   -3,   -4,   -3,   -3,   -9,   -5,   -2,   -2,   -4,   -5,   -3,   -9,   -5,  -10,   -7,   -4,  -10,   -5,    0,    0,  -13,    0,   -3,    0,    0,    0,    0,    0,    0,   -7,    0,    0,    0,   -9,   -3,   -3,   -3,   -3,   -2,   -2,   -2,   -3,   -4,   -3,   -3,   -3,   -5,  -10,   -3,   -3,   -3,   -3,   -5,   -5,   -4,    0,   -4,    0,   -2,    0,   -2,   -2,   -2,   -2,    0,   -4,   -5,   -5,   -3,   -5,   -3,   -3,   -2,   -9,   -5,   -9,   -2,   -3,    0,   -5,   -5,    0,   -6,   -2,   -3,   -2,    0,   -2,   -3,   -5,   -5,   -6,    0,    0,    0,    0,    0,    0,    0,    0,    0,    0,    0,    0,    0,    0,    0,    0,    0,    0,    0,    0,    0,    0,    0,    0,    0,    0,    0,    0,    0,    0,    0,    0,    0,    0,    0,    0,    0,    0,    0,    0,    0,    0,    0,    0,    0,    0,    0,    0,    0,    0,    0,    0,    0,    0,    0,    0,    0,    0,    0,    0,    0,    0,    0,    0,    0,    0,    0,    0,    0,    0,    0,    0,    0,    0,    0,    0,    0,    0,    0,    0,    0,    0,    0,    0,    0,    0,    0,    0,    0,    0,    0,    0,    0,    0,    0,    0,   -3,   -3,   -3,   -3,   -3,   -2,   -3,   -3,    0,    0,    0,    0,    0,    0,    0,    0,   -9,   -9,
       0,    0,    0,    0,    0,    0,    0,    0,    0,    0,    0,    0,    0,    0,    0,    0,    0,    0,    0,    0,    0,    0,   -5,   -3,   -4,   -4,  -48,   -5,  -17,   -9,   -2,  -32,   -3,   -5,    0,   -8,    0,   -6,   -6,    0,    0,    0,    7,    0,    0,    0,    0,    0,    0,    0,    6,    0,    0,    0,    0,    0,    0,    0,    0,    0,    0,    0,    0,    0,    0,   -5,   -5,   -5,    0,   -8,   -6,   -6,   -6,    0,    0,    0,    0,   -9,   -6,   -6,   -6,    0,    0,   -6,   -6,   -6,   -6,    0,    0,    0,   -5,    0,   -5,    0,   -5,    0,    0,    0,    0,   -5,    0,    0,    0,   -6,    0,    0,    0,  -48,    0,    0,    0,    0,   -6,    0,    0,    0,    0,    0,    0,   -6,    0,   -5,    0,   -6,    0,    0,    0,    0,    0,    0,    0,    0,    0,    0,    0,    0,    0,    0,    0,    0,    0,    0,    0,    0,    0,    0,    0,    0,    0,    0,    0,    0,    0,    0,    0,    0,    0,    0,    0,    0,    0,    0,    0,    0,    0,    0,    0,    0,    0,    0,    0,    0,    0,    0,    0,    0,    0,    0,    0,    0,    0,    0,    0,    0,    0,    0,    0,    0,    0,    0,    0,    0,    0,    0,    0,    0,    0,    0,    0,    0,    0,    0,    0,    0,    0,    0,    0,    0,    0,    0,    0,    0,    0,    0,    0,    0,    0,    0,    0,    0,    0,    0,    0,   -8,   -8,   -6,   -6,   -6,    0,   -6,   -6,    0,   -4,   -3,    0,   -7,   -7,    0,    0,    0,    0,
       0,    0,    0,    0,    0,    0,    0,    0,    0,    0,    0,    0,    0,    0,    0,    0,    0,    0,    0,    0,    0,   -6,    0,    0,    0,    0,    0,    0,   -6,    0,   -2,   -6,    0,    0,    0,   -1,   -5,   -3,   -3,  -15,   -9,   -4,   -4,   -5,   -6,   -7,  -14,   -6,  -17,  -12,  -17,  -18,  -11,    0,    0,    0,    0,    0,    0,    0,    0,    0,    0,    0,    0,    0,    0,    0,  -15,   -1,   -3,   -3,   -3,   -4,   -4,   -4,   -4,    0,   -3,   -3,   -3,   -6,  -18,   -3,   -3,   -3,   -3,   -9,   -9,   -5,    0,   -5,    0,   -4,    0,   -4,   -4,   -4,   -4,    0,   -5,   -6,   -6,   -3,   -6,   -7,   -7,    0,  -14,  -11,  -15,   -4,   -3,    0,   -9,   -9,    0,    0,   -4,   -3,   -4,    0,   -4,   -3,   -6,   -6,    0,    0,    0,    0,    0,    0,    0,    0,    0,    0,    0,    0,    0,    0,    0,    0,    0,    0,    0,    0,    0,    0,    0,    0,    0,    0,    0,    0,    0,    0,    0,    0,    0,    0,    0,    0,    0,    0,    0,    0,    0,    0,    0,    0,    0,    0,    0,    0,    0,    0,    0,    0,    0,    0,    0,    0,    0,    0,    0,    0,    0,    0,    0,    0,    0,    0,    0,    0,    0,    0,    0,    0,    0,    0,    0,    0,    0,    0,    0,    0,    0,    0,    0,    0,    0,    0,    0,    0,    0,    0,    0,    0,    0,    0,    0,    0,    0,   -1,   -1,   -3,   -3,   -3,   -4,   -3,   -3,    0,    0,    0,   -5,    0,    0,    0,    0,  -15,  -15,
       0,    0,    0,    0,   -4,    0,    0,    0,    0,    0,    0,    0,    0,    0,    0,    0,    0,    0,    0,    0,    0,    0,    0,    0,    0,    0,    0,    0,    0,    0,    0,    0,    0,  -13,    0,   -2,    0,   -4,   -2,   -2,    0,    0,    0,    0,    0,    0,    0,    0,   -3,    0,    0,   -3,    0,    0,    0,    0,    0,    0,   -5,   -9,    0,    0,    0,    0,    0,    0,    0,    0,   -2,   -2,   -4,   -4,   -4,    0,    0,    0,    0,    0,   -4,   -4,   -4,    0,   -3,   -4,   -4,   -4,   -4,    0,    0,    0,    0,    0,    0,    0,    0,    0,    0,    0,    0,    0,    0,    0,    0,   -4,    0,    0,    0,    0,    0,    0,   -2,    0,   -4,    0,    0,    0,    0,    0,    0,   -4,    0,    0,    0,   -4,    0,    0,    0,    0,    0,    0,    0,    0,    0,    0,    0,    0,    0,    0,    0,    0,    0,    0,    0,    0,    0,    0,    0,    0,    0,    0,    0,    0,    0,    0,    0,    0,    0,    0,    0,    0,    0,    0,    0,    0,    0,    0,    0,    0,    0,    0,    0,    0,    0,    0,    0,    0,    0,    0,    0,    0,    0,    0,    0,    0,    0,    0,    0,    0,    0,    0,    0,    0,    0,    0,    0,    0,    0,    0,    0,    0,    0,    0,    0,    0,    0,    0,    0,    0,    0,    0,    0,    0,    0,    0,    0,    0,    0,    0,    0,    0,    0,    0,    0,   -2,   -2,   -4,   -4,   -4,    0,   -4,   -4,   -9,   -4,   -3,    0,   -9,   -9,    0,    0,   -2,   -2,
       0,    8,    0,   11,    0,    0,    0,    0,    0,    0,    0,    0,    0,    0,    0,    0,    0,    0,    0,    0,    0,    0,   -3,   -5,   -2,   -3,   -3,   -6,    0,    0,    0,   -2,   -4,   12,   13,    0,    0,    0,    0,    0,    0,    0,    0,    0,    0,    0,    0,    0,    0,    0,    0,    0,    0,   11,   11,    0,    0,    0,    0,    0,    0,    0,    0,    0,    0,   -3,   -3,   -3,    0,    0,    0,    0,    0,    0,    0,    0,    3,    0,    0,    0,    0,    0,    0,    0,    0,    0,    0,    0,    0,    0,   -3,    0,   -3,    0,   -3,    0,    0,    0,    0,   -3,    0,    0,    0,    0,    0,    0,    0,   -3,    0,    0,    0,    0,    0,    0,    0,    0,    0,    0,    0,    0,   18,   -3,    0,    0,    0,    0,    0,    0,    0,    0,    0,    0,    0,    0,    0,    0,    0,    0,    0,    0,    0,    0,    0,    0,    0,    0,    0,    0,    0,    0,    0,    0,    0,    0,    0,    0,    0,    0,    0,    0,    0,    0,    0,    0,    0,    0,    0,    0,    0,    0,    0,    0,    0,    0,    0,    0,    0,    0,    0,    0,    0,    0,    0,    0,    0,    0,    0,    0,    0,    0,    0,    0,    0,    0,    0,    0,    0,    0,    0,    0,    0,    0,    0,    0,    0,    0,    0,    0,    0,    0,    0,    0,    0,    0,    0,    0,    0,    0,    0,    0,    0,    0,    0,    0,    0,    0,    0,    0,    0,    0,    0,    0,    0,    7,    0,   10,   10,    8,    0,    0,    0,
       0,    0,    0,   -4,    0,  -38,  -36,  -18,    0,    0,    0,    0,    0,    0,    0,    0,    0,    0,    0,    0,    0,  -21,    0,    0,  -33,    0,   -2,    0,   -7,    0,  -18,  -11,   -9,    0,  -11,  -15,   -6,  -10,  -12,    0,  -10,   -6,   -6,   -6,   -7,   -8,    0,   -6,    0,    0,   -7,    0,   -4,    0,   -5,    0,    0,    0,    0,    0,    0,    0,    0,    0,    0,    0,    0,    0,    0,  -15,  -10,  -10,  -10,   -6,   -6,   -6,   -6,    0,  -10,  -10,  -10,   -6,    0,  -10,  -10,  -10,  -10,  -10,  -10,   -6,    0,   -6,    0,   -6,    0,   -6,   -6,   -6,   -6,    0,   -6,   -7,   -7,  -10,   -7,   -8,   -8,   -2,    0,   -4,    0,   -6,  -10,    0,  -10,  -10,    0,    0,   -6,  -10,   -6,    0,   -6,  -10,   -7,   -6,    0,    0,    0,    0,    0,    0,    0,    0,    0,    0,    0,    0,    0,    0,    0,    0,    0,    0,    0,    0,    0,    0,    0,    0,    0,    0,    0,    0,    0,    0,    0,    0,    0,    0,    0,    0,    0,    0,    0,    0,    0,    0,    0,    0,    0,    0,    0,    0,    0,    0,    0,    0,    0,    0,    0,    0,    0,    0,    0,    0,    0,    0,    0,    0,    0,    0,    0,    0,    0,    0,    0,    0,    0,    0,    0,    0,    0,    0,    0,    0,    0,    0,    0,    0,    0,    0,    0,    0,    0,    0,    0,    0,    0,    0,    0,    0,    0,  -15,  -15,  -10,  -10,  -10,   -6,  -10,  -10,    0,    0,    0,  -39,    0,    0,    0,    0,    0,    0,
       0,  -15,    0,  -15,  -16,    0,    0,    0,    0,    0,    0,    0,    0,    0,    0,    0,    0,    0,    0,  -15,    0,   -7,   -8,   -4,  -17,   -8,  -58,  -10,  -38,  -27,  -17,  -56,  -15,  -21,  -16,    0,    0,    0,    0,   -6,   -2,    0,    0,    0,    0,    0,   -5,    0,   -8,   -4,  -11,   -9,   -5,   -5,  -14,    0,    0,  -10,    0,    0,    0,    0,  -13,    0,    0,   -8,   -8,   -8,   -6,    0,    0,    0,    0,    0,    0,    0,    0,    0,    0,    0,    0,    0,   -9,    0,    0,    0,    0,   -2,   -2,    0,   -8,    0,   -8,    0,   -8,    0,    0,    0,    0,   -8,    0,    0,    0,    0,    0,    0,    0,  -58,   -5,   -5,   -6,    0,    0,    0,   -2,   -2,    0,   -3,    0,    0,    0,   -8,    0,    0,    0,    0,   -3,    0,    0,    0,    0,    0,    0,    0,    0,    0,    0,    0,    0,    0,    0,    0,    0,    0,    0,    0,    0,    0,    0,    0,    0,    0,    0,    0,    0,    0,    0,    0,    0,    0,    0,    0,    0,    0,    0,    0,    0,    0,    0,    0,    0,    0,    0,    0,    0,    0,    0,    0,    0,    0,    0,    0,    0,    0,    0,    0,    0,    0,    0,    0,    0,    0,    0,    0,    0,    0,    0,    0,    0,    0,    0,    0,    0,    0,    0,    0,    0,    0,    0,    0,    0,    0,    0,    0,    0,    0,    0,    0,    0,    0,    0,    0,    0,    0,    0,    0,    0,    0,    0,    0,    0,    0,  -19,  -17,    0,  -23,  -23,  -15,    0,   -6,   -6,
       0,    0,    0,    0,    0,    0,    0,    0,    0,    0,    0,    0,    0,    0,    0,    0,    0,    0,    0,    0,    0,    0,    0,    0,    0,    0,    0,    0,    0,    0,    0,    0,    0,    0,    9,   -9,   -3,   -8,   -7,   -7,   -9,   -3,   -3,   -3,   -3,   -7,   -7,   -4,   -6,   -5,   -2,   -6,   -5,    9,    8,    0,    0,    0,    0,    0,    0,    0,    0,    0,    0,    0,    0,    0,   -7,   -9,   -8,   -8,   -8,   -3,   -3,   -3,   -3,   -9,   -8,   -8,   -8,   -4,   -6,   -8,   -8,   -8,   -8,   -9,   -9,   -3,    0,   -3,    0,   -3,    0,   -3,   -3,   -3,   -3,    0,   -3,   -3,   -3,   -8,   -3,   -7,   -7,    0,   -7,   -5,   -7,   -4,   -8,    0,   -9,   -9,    0,   -3,   -3,   -8,   -3,    0,   -3,   -8,   -3,   -4,   -3,    0,    0,    0,    0,    0,    0,    0,    0,    0,    0,    0,    0,    0,    0,    0,    0,    0,    0,    0,    0,    0,    0,    0,    0,    0,    0,    0,    0,    0,    0,    0,    0,    0,    0,    0,    0,    0,    0,    0,    0,    0,    0,    0,    0,    0,    0,    0,    0,    0,    0,    0,    0,    0,    0,    0,    0,    0,    0,    0,    0,    0,    0,    0,    0,    0,    0,    0,    0,    0,    0,    0,    0,    0,    0,    0,    0,    0,    0,    0,    0,    0,    0,    0,    0,    0,    0,    0,    0,    0,    0,    0,    0,    0,    0,    0,    0,   -9,   -9,   -8,   -8,   -8,   -3,   -8,   -8,    0,    0,    0,    0,    2,    2,    0,    0,   -7,   -7,
       0,    0,    0,    0,    2,    0,    0,    0,    0,    0,    0,    0,    0,    0,    0,    0,    0,    0,    0,    0,    0,    0,   -3,   -5,   -2,   -3,   -3,   -6,    0,    0,    0,   -2,   -4,    0,    0,    0,    0,    0,    0,    0,    0,    0,    0,    0,    0,    0,    0,    0,    0,    0,    0,    0,    0,    0,    0,    0,    0,    0,    0,    0,    0,    0,    5,    0,    0,   -3,   -3,   -3,    0,    0,    0,    0,    0,    0,    0,    0,    3,    0,    0,    0,    0,    0,    0,    0,    0,    0,    0,    0,    0,    0,   -3,    0,   -3,    0,   -3,    0,    0,    0,    0,   -3,    0,    0,    0,    0,    0,    0,    0,   -3,    0,    0,    0,    0,    0,    0,    0,    0,    0,    0,    0,    0,   18,   -3,    0,    0,    0,    0,    0,    0,    0,    0,    0,    0,    0,    0,    0,    0,    0,    0,    0,    0,    0,    0,    0,    0,    0,    0,    0,    0,    0,    0,    0,    0,    0,    0,    0,    0,    0,    0,    0,    0,    0,    0,    0,    0,    0,    0,    0,    0,    0,    0,    0,    0,    0,    0,    0,    0,    0,    0,    0,    0,    0,    0,    0,    0,    0,    0,    0,    0,    0,    0,    0,    0,    0,    0,    0,    0,    0,    0,    0,    0,    0,    0,    0,    0,    0,    0,    0,    0,    0,    0,    0,    0,    0,    0,    0,    0,    0,    0,    0,    0,    0,    0,    0,    0,    0,    0,    0,    0,    0,    0,    0,    0,    3,    0,    0,    3,    3,    0,    0,    0,    0,
       0,    0,    0,    0,    0,    0,    0,    0,    0,    0,    0,    0,    0,    0,    0,    0,    0,    0,    0,    0,    0,    0,    0,    0,    0,    0,    0,    0,    0,    0,    0,    0,    0,    0,    0,    0,    0,    0,    0,    0,    0,    0,    0,    0,    0,    0,    0,    0,    0,    0,    0,    0,    0,    0,    0,    0,    0,    0,   -9,   -6,    0,    0,    0,    0,    0,    0,    0,    0,    0,    0,    0,    0,    0,    0,    0,    0,    0,    0,    0,    0,    0,    0,    0,    0,    0,    0,    0,    0,    0,    0,    0,    0,    0,    0,    0,    0,    0,    0,    0,    0,    0,    0,    0,    0,    0,    0,    0,    0,    0,    0,    0,    0,    0,    0,    0,    0,    0,    0,    0,    0,    0,    0,    0,    0,    0,    0,    0,    0,    0,   -8,    0,    0,    0,    0,    0,    0,    0,    0,    0,  -10,    0,    0,    0,    0,    0,  -11,  -17,  -14,   -6,  -14,   -3,   -3,  -12,  -12,   -8,    0,   -4,  -13,  -11,    0,  -12,  -14,  -15,   -5,    0,  -14,    0,   -4,   -1,    4,   -1,    0,  -12,  -13,   -6,  -16,   -3,  -12,    0,    0,    0,    0,    0,   -5,    0,  -15,    0,  -13,  -23,  -13,    0,    0,   -6,    0,  -12,    0,  -13,    0,  -13,  -12,   -8,  -11,  -15,    0,  -11,    0,  -14,   -3,  -10,  -10,   -3,    0,  -13,  -12,   -8,  -14,  -14,   -5,  -13,  -13,  -14,    0,    0,    0,    0,    0,    0,    0,    0,    0,    0,   -6,    0,    0,    0,    0,    0,    0,    0,    0,    0,
       0,  -28,    0,    0,  -30,    0,    0,    0,    0,    0,    0,    0,    0,    0,    0,    0,    0,    0,    0,  -10,    0,    0,    0,    0,    0,    0,    0,    0,    0,    0,    0,    0,    0,  -15,   -5,    0,    0,    0,    0,    0,    0,    0,    0,    0,    0,    0,    0,    0,    0,    0,    0,    0,    0,    0,    0,    0,    0,    0,    0,    0,    0,    0,    0,    0,    0,    0,    0,    0,    0,    0,    0,    0,    0,    0,    0,    0,    0,    0,    0,    0,    0,    0,    0,    0,    0,    0,    0,    0,    0,    0,    0,    0,    0,    0,    0,    0,    0,    0,    0,    0,    0,    0,    0,    0,    0,    0,    0,    0,    0,    0,    0,    0,    0,    0,    0,    0,    0,    0,    0,    0,    0,    0,    0,    0,    0,    0,    0,    0,  -32,    0,    0,    0,   -2,    0,  -20,   -4,    0,    0,    0,    0,    0,  -11,  -31,    0,    0,    0,   -2,    0,    0,    0,   -9,   -5,    0,    0,    0,   -3,    0,  -19,    0,   -9,    0,   -2,  -21,   -7,   -2,    0,    0,    0,    0,    0,    0,    0,    0,  -19,    0,    0,    0,    0,    0,    0,    0,    0,    0,    0,    0,    0,    0,    0,    0,    0,    0,    0,    0,    0,    0,    0,    0,    0,    0,    0,    0,    0,    0,    0,    0,    0,    0,    0,    0,    0,   -5,    0,    0,    0,    0,    0,    0,   -7,  -19,  -19,   -2,    0,   -9,    0,    0,    0,    0,    0,    0,    0,    0,    0,  -29,  -30,    0,  -27,  -27,   -6,    0,    0,    0,
       0,    0,    0,    0,    0,  -49,  -51,  -38,    0,    0,    0,    0,    0,    0,    0,    0,    0,  -31,  -32,    0,    0,    0,    0,    0,    0,    0,    0,    0,    0,    0,    0,    0,    0,    0,    0,    0,    0,    0,    0,    0,    0,    0,    0,    0,    0,    0,    0,    0,    0,    0,    0,    0,    0,    0,    0,    0,    0,    0,  -50,  -41,    0,    0,    0,  -41,    0,    0,    0,    0,    0,    0,    0,    0,    0,    0,    0,    0,    0,    0,    0,    0,    0,    0,    0,    0,    0,    0,    0,    0,    0,    0,    0,    0,    0,    0,    0,    0,    0,    0,    0,    0,    0,    0,    0,    0,    0,    0,    0,    0,    0,    0,    0,    0,    0,    0,    0,    0,    0,    0,    0,    0,    0,    0,    0,    0,    0,    0,    0,    0,    0,  -16,   -1,    0,  -50,  -34,    0,  -50,  -39,    0,    0,  -17,    0,    0,    0,    0,  -21,  -89,  -40,  -81,  -56, -121,  -61,  -63,  -50,  -50,  -52, -102,  -68,  -46,  -78,  -50,  -50,  -52,  -49,  -62,  -77, -128,    5,  -67,   -2,    5,   -2,    5,  -50,  -46,   -7,  -49,  -10,  -39,  -48, -102,    0,  -50,    0,  -31,    0,  -50,    0,  -48,  -63,  -56,    0,  -85,  -56,    0,  -46,    0,  -46,    0,  -46,  -46,  -51,  -30,  -58,    0, -128,  -57, -128,    0,  -63, -109, -102,    0,  -50,  -50,  -16, -128, -128,  -93,  -46,  -85,  -91,    0,  -50,    0,    0,    0,    0,    0,    0,    0,    0,  -41,    0,    0,  -46,    0,    0,    0,    0,    0,    0,
       0,    0,    0,    0,    0,    0,    0,    0,    0,    0,    0,    0,    0,    0,    0,    0,    0,    0,    0,    0,    0,    0,    0,    0,    0,    0,    0,    0,    0,    0,    0,    0,    0,    0,    0,    0,    0,    0,    0,    0,    0,    0,    0,    0,    0,    0,    0,    0,    0,    0,    0,    0,    0,    0,    0,    0,    0,    0,    0,   -8,    0,    0,    0,    0,    0,    0,    0,    0,    0,    0,    0,    0,    0,    0,    0,    0,    0,    0,    0,    0,    0,    0,    0,    0,    0,    0,    0,    0,    0,    0,    0,    0,    0,    0,    0,    0,    0,    0,    0,    0,    0,    0,    0,    0,    0,    0,    0,    0,    0,    0,    0,    0,    0,    0,    0,    0,    0,    0,    0,    0,    0,    0,    0,    0,    0,    0,    0,    0,    0,   -9,    0,    0,    0,    0,    0,   -1,    0,    0,    0,  -12,    0,    0,    0,    0,   -2,   -6,  -12,   -9,    0,   -9,   -2,   -2,   -7,   -7,   -6,   -2,   -4,  -12,   -7,    0,   -7,  -13,  -13,   -5,   -2,   -9,    0,    0,   -2,    7,   -2,    0,   -7,  -12,    0,    0,    0,    0,    0,    0,    0,    0,    0,    0,    0,    0,    0,    0,    0,    0,    0,    0,    0,    0,    0,    0,    0,    0,    0,    0,    0,    0,    0,    0,   -6,    0,   -9,    0,   -5,   -5,   -2,    0,    0,   -7,   -9,   -9,   -9,   -5,  -12,  -12,  -13,    0,    0,    0,    0,    0,    0,    0,    0,    0,    0,   -8,    0,    0,    0,    0,    0,    0,    0,    0,    0,
       0,    0,    0,    0,    0,    0,    0,    0,    0,    0,    0,    0,    0,    0,    0,    0,    0,    0,    0,    0,    0,    0,    0,    0,    0,    0,    0,    0,    0,    0,    0,    0,    0,    0,   -4,    0,    0,    0,    0,    0,    0,    0,    0,    0,    0,    0,    0,    0,    0,    0,    0,    0,    0,    0,    0,    0,    0,    0,    0,    0,    0,    0,    0,    0,    0,    0,    0,    0,    0,    0,    0,    0,    0,    0,    0,    0,    0,    0,    0,    0,    0,    0,    0,    0,    0,    0,    0,    0,    0,    0,    0,    0,    0,    0,    0,    0,    0,    0,    0,    0,    0,    0,    0,    0,    0,    0,    0,    0,    0,    0,    0,    0,    0,    0,    0,    0,    0,    0,    0,    0,    0,    0,    0,    0,    0,    0,    0,    0,    0,    0,    0,    0,   -5,    0,    0,   -8,    0,    0,    0,   -2,    0,    0,    0,    0,   -3,   -1,   -7,   -2,   -3,   -2,  -12,  -10,   -5,   -5,   -5,  -11,   -7,  -14,   -1,  -10,   -5,   -5,  -14,  -11,   -9,   -2,    0,   -7,    0,    0,   -2,    0,   -5,  -14,    0,    0,    0,    0,    0,    0,    0,    0,    0,    0,    0,    0,    0,    0,    0,    0,    0,    0,   -3,    0,    0,    0,    0,    0,    0,    0,    0,    0,    0,    0,   -1,    0,   -2,    0,    0,    0,  -10,    0,    0,   -5,    0,   -2,   -2,  -11,  -14,  -14,   -5,    0,  -10,    0,    0,    0,    0,    0,    0,    0,    0,    0,    0,    0,   -4,    0,    0,    0,    0,    0,    0,
       0,    0,    0,    0,    0,    0,    0,    0,    0,    0,    0,    0,    0,    0,    0,    0,    0,    0,    0,    0,    0,    0,    0,    0,    0,    0,    0,    0,    0,    0,    0,    0,    0,    0,    0,    0,    0,    0,    0,    0,    0,    0,    0,    0,    0,    0,    0,    0,    0,    0,    0,    0,    0,    0,    0,    0,    0,    0,    0,    0,    0,    0,    0,    0,    0,    0,    0,    0,    0,    0,    0,    0,    0,    0,    0,    0,    0,    0,    0,    0,    0,    0,    0,    0,    0,    0,    0,    0,    0,    0,    0,    0,    0,    0,    0,    0,    0,    0,    0,    0,    0,    0,    0,    0,    0,    0,    0,    0,    0,    0,    0,    0,    0,    0,    0,    0,    0,    0,    0,    0,    0,    0,    0,    0,    0,    0,    0,    0,    0,    0,    0,    0,   -5,    0,    0,    0,    0,    0,    0,    0,    0,    0,    0,    0,    0,   -9,   -6,   -8,   -7,   -8,   -6,   -6,   -4,   -4,   -3,  -10,   -6,   -6,   -7,   -2,   -4,   -7,   -6,   -6,   -7,   -8,    0,   -7,   -3,   -3,   -3,    0,   -4,   -6,    0,   -7,    0,   -5,    0,   -7,    0,   -3,    0,   -6,    0,   -6,    0,   -6,   -6,   -7,    0,   -9,   -7,    0,   -5,    0,   -6,    0,   -6,   -5,   -3,    0,   -5,    0,   -9,    0,   -8,    0,   -7,   -7,   -6,    0,   -4,   -4,    0,   -8,   -8,   -6,   -6,   -6,   -7,    0,   -2,    0,    0,    0,    0,    0,    0,    0,    0,    0,    0,    0,    0,    0,    0,    0,    0,    0,    0,
       0,    0,    0,    0,    0,    0,    0,    0,    0,    0,    0,    0,    0,    0,    0,    0,    0,    0,    0,    0,    0,    0,    0,    0,    0,    0,    0,    0,    0,    0,    0,    0,    0,    0,   12,    0,    0,    0,    0,    0,    0,    0,    0,    0,    0,    0,    0,    0,    0,    0,    0,    0,    0,    0,   10,    0,    0,    0,    0,    0,    0,    0,    0,    0,    0,    0,    0,    0,    0,    0,    0,    0,    0,    0,    0,    0,    0,    0,    0,    0,    0,    0,    0,    0,    0,    0,    0,    0,    0,    0,    0,    0,    0,    0,    0,    0,    0,    0,    0,    0,    0,    0,    0,    0,    0,    0,    0,    0,    0,    0,    0,    0,    0,    0,    0,    0,    0,    0,    0,    0,    0,    0,    0,    0,    0,    0,    0,    0,    0,    0,    0,    0,   -5,    0,    0,    0,    0,    0,    0,    0,    0,    0,    0,    0,    0,   -9,   -6,   -8,   -7,   -8,   -6,   -6,   -4,   -4,   -3,  -10,   -6,   -6,   -7,   -2,   -4,   -7,   -6,   -6,   -7,   -8,    0,   -7,   -3,   -3,   -3,    0,   -4,   -6,    0,   -7,    0,   -5,    0,   -7,    0,   -3,    0,   -6,    0,   -6,    0,   -6,   -6,   -7,    0,   -9,   -7,    0,   -5,    0,   -6,    0,   -6,   -5,   -3,    0,   -5,    0,   -9,    0,   -8,    0,   -7,   -7,   -6,    0,   -4,   -4,    0,   -8,   -8,   -6,   -6,   -6,   -7,    0,   -2,    0,    0,    0,    0,    0,    0,    0,    0,    0,    0,    0,    0,    3,    3,    0,    0,    0,    0,
       0,    0,    0,    0,    0,   -4,   -4,    0,    0,    0,    0,    0,    0,    0,    0,    0,    0,    0,    0,    0,    0,    0,    0,    0,    0,    0,    0,    0,    0,    0,    0,    0,    0,    0,   -5,    0,    0,    0,    0,    0,    0,    0,    0,    0,    0,    0,    0,    0,    0,    0,    0,    0,    0,    0,   -4,    0,    0,    0,    0,    0,    0,    0,    0,    0,    0,    0,    0,    0,    0,    0,    0,    0,    0,    0,    0,    0,    0,    0,    0,    0,    0,    0,    0,    0,    0,    0,    0,    0,    0,    0,    0,    0,    0,    0,    0,    0,    0,    0,    0,    0,    0,    0,    0,    0,    0,    0,    0,    0,    0,    0,    0,    0,    0,    0,    0,    0,    0,    0,    0,    0,    0,    0,    0,    0,    0,    0,    0,   -2,   -2,   -3,   -3,   -2,  -10,   -6,   -2,   -6,  -11,   -3,   -2,   -2,   -5,   -1,   -2,   -2,   -7,   -4,   -4,   -4,   -3,   -4,   -4,   -5,   -3,   -3,   -3,  -19,   -6,   -2,   -4,   -3,   -3,   -2,   -3,   -4,   -9,   -4,    0,   -5,    0,    0,   -2,    0,   -3,   -2,    0,    0,    0,    0,    0,    0,    0,    0,    0,    0,    0,    0,    0,    0,    0,    0,   -2,    0,   -3,   -2,    0,   -2,   -2,   -2,   -2,    0,   -3,    0,    0,   -2,   -4,    0,   -4,   -2,   -3,   -3,   -5,    0,    0,   -3,   -3,   -4,   -4,   -4,   -2,   -2,   -2,   -5,   -3,    0,    0,    0,    0,    0,    0,    0,    0,    0,    0,    0,   -9,    0,    0,    0,    0,    0,    0,
       0,  -43,    0,    0,  -45,    0,   -5,    0,    0,    0,    0,    0,    0,    0,    0,    0,    0,    0,    0,  -12,    0,    0,    0,    0,    0,    0,    0,    0,    0,    0,    0,    0,    0,  -21,  -11,    0,    0,    0,    0,    0,    0,    0,    0,    0,    0,    0,    0,    0,    0,    0,    0,    0,    0,    0,   -4,    0,    0,    0,    0,   -5,    0,    0,    0,    0,    0,    0,    0,    0,    0,    0,    0,    0,    0,    0,    0,    0,    0,    0,    0,    0,    0,    0,    0,    0,    0,    0,    0,    0,    0,    0,    0,    0,    0,    0,    0,    0,    0,    0,    0,    0,    0,    0,    0,    0,    0,    0,    0,    0,    0,    0,    0,    0,    0,    0,    0,    0,    0,    0,    0,    0,    0,    0,    0,    0,    0,    0,    0,    0,  -43,    0,    0,    0,    0,    0,  -27,   -4,    0,    0,    0,    0,    0,  -15,  -37,    0,    0,    0,   -2,    0,    0,    0,   -6,   -2,   -1,   -1,   -1,   -3,   -1,  -20,    0,   -9,   -1,   -1,  -22,   -6,   -1,    0,   -1,    0,   -1,   -1,   -1,   -1,   -1,  -20,    0,   -2,  -32,  -23,   -2,   -2,    0,   -6,    0,   -8,   -7,   -1,  -31,  -17,  -17,    0,    0,    0,    0,    0,  -28,  -42,  -19,  -69,  -19,  -28,   -1,   -2,   -1,    0,    0,   -5,    0,    0,    0,    0,   -2,    0,   -9,   -1,    0,    0,    0,   -6,  -20,  -20,   -1,    0,  -12,    0,    0,    0,    0,    0,    0,    0,    0,   -5,  -48,  -45,    0,  -49,  -54,  -11,    0,    0,    0,
       0,  -25,    0,    0,  -28,    0,    0,    0,    0,    0,    0,    0,    0,    0,    0,    0,    0,    0,    0,   -5,    0,    0,    0,    0,    0,    0,    0,    0,    0,    0,    0,    0,    0,  -16,   -5,    0,    0,    0,    0,    0,    0,    0,    0,    0,    0,    0,    0,    0,    0,    0,    0,    0,    0,    0,    0,    0,    0,    0,    0,    0,    0,    0,    0,    0,    0,    0,    0,    0,    0,    0,    0,    0,    0,    0,    0,    0,    0,    0,    0,    0,    0,    0,    0,    0,    0,    0,    0,    0,    0,    0,    0,    0,    0,    0,    0,    0,    0,    0,    0,    0,    0,    0,    0,    0,    0,    0,    0,    0,    0,    0,    0,    0,    0,    0,    0,    0,    0,    0,    0,    0,    0,    0,    0,    0,    0,    0,    0,    0,  -32,    0,    0,    0,    0,    0,  -15,    0,    0,    0,    0,    0,    0,   -8,  -30,    0,    0,    0,   -3,    0,    0,    0,   -1,    0,   -1,   -1,    0,    0,    0,  -18,    0,    0,   -1,   -1,  -19,    0,    0,    0,    0,    0,    0,    0,    0,    0,   -1,  -18,    0,    0,    0,    0,    0,    0,    0,    0,    0,    0,    0,    0,    0,    0,    0,    0,    0,    0,    0,    0,    0,    0,    0,    0,    0,    0,    0,    0,    0,    0,    0,    0,    0,    0,    0,    0,    0,    0,    0,   -1,    0,    0,    0,    0,  -18,  -18,   -1,    0,    0,    0,    0,    0,    0,    0,    0,    0,    0,    0,  -27,  -28,    0,  -27,  -27,   -5,    0,    0,    0,
       0,    0,    0,    0,    0,    0,    0,    0,    0,    0,    0,    0,    0,    0,    0,    0,    0,    0,    0,    0,    0,    0,    0,    0,    0,    0,    0,    0,    0,    0,    0,    0,    0,    0,    0,    0,    0,    0,    0,    0,    0,    0,    0,    0,    0,    0,    0,    0,    0,    0,    0,    0,    0,    0,    0,    0,    0,    0,  -14,  -16,    0,    0,    0,    0,    0,    0,    0,    0,    0,    0,    0,    0,    0,    0,    0,    0,    0,    0,    0,    0,    0,    0,    0,    0,    0,    0,    0,    0,    0,    0,    0,    0,    0,    0,    0,    0,    0,    0,    0,    0,    0,    0,    0,    0,    0,    0,    0,    0,    0,    0,    0,    0,    0,    0,    0,    0,    0,    0,    0,    0,    0,    0,    0,    0,    0,    0,    0,    0,    0,  -17,    0,    0,    0,    0,    0,    0,    0,    0,    0,  -23,    0,    0,    0,    0,    0,  -14,  -21,  -20,   -6,  -20,    0,    0,  -16,  -16,   -5,    0,    0,  -25,  -15,    0,  -16,  -28,  -26,   -5,    0,  -20,    0,   -3,    0,    4,    0,    0,  -16,  -25,  -12,  -22,    0,  -24,    0,    0,    0,    0,    0,    0,    0,  -20,    0,  -26,  -32,  -19,   -2,    0,   -6,    0,  -27,    0,  -25,    0,  -25,  -28,   -5,  -28,  -25,    0,  -14,    0,  -20,   -4,  -14,  -14,    0,    0,  -29,  -16,  -17,  -20,  -20,   -5,  -25,  -25,  -28,    0,    0,    0,    0,    0,    0,    0,    0,    0,    0,  -16,    0,    0,    0,    0,    0,    0,    0,    0,    0,
       0,    0,    0,    0,    0,  -47,  -47,  -36,    0,    0,    0,    0,    0,    0,    0,    0,    0,  -16,  -15,    0,    0,    0,    0,    0,    0,    0,    0,    0,    0,    0,    0,    0,    0,    2,    3,    0,    0,    0,    0,    0,    0,    0,    0,    0,    0,    0,    0,    0,    0,    0,    0,    0,    0,    0,    0,    0,    0,    0,  -30,  -25,    0,    0,    0,  -22,    0,    0,    0,    0,    0,    0,    0,    0,    0,    0,    0,    0,    0,    0,    0,    0,    0,    0,    0,    0,    0,    0,    0,    0,    0,    0,    0,    0,    0,    0,    0,    0,    0,    0,    0,    0,    0,    0,    0,    0,    0,    0,    0,    0,    0,    0,    0,    0,    0,    0,    0,    0,    0,    0,    0,    0,    0,    0,    0,    0,    0,    0,    0,    0,    0,  -14,  -12,    0,  -47,  -34,    0,  -39,  -38,    0,   -7,  -15,    0,    0,    0,   -3,  -16,  -47,  -26,  -47,  -37,  -76,  -33,  -41,  -32,  -32,  -35,  -75,  -43,  -17,  -45,  -25,  -32,  -26,  -19,  -33,  -50,  -86,    6,  -43,    0,   12,    0,    4,  -32,  -31,  -12,  -30,   -4,  -15,  -38,  -69,   -3,  -26,    0,  -15,    0,  -32,    0,  -19,  -14,  -45,    0,  -46,  -37,    0,  -15,    0,  -17,    0,  -17,  -15,  -34,  -13,  -29,    0,  -47,  -49,  -87,  -10,  -40,  -71,  -65,    0,  -17,  -32,  -14,  -85,  -85,  -46,  -31,  -29,  -49,    0,  -25,    0,    0,    0,    0,    0,    0,    0,    0,  -25,    0,    0,  -46,    0,    0,    0,    0,    0,    0,
       0,  -35,    0,    0,  -35,    0,    0,    0,    0,    0,    0,    0,    0,    0,    0,    0,    0,    0,    0,  -10,    0,    0,    0,    0,    0,    0,    0,    0,    0,    0,    0,    0,    0,  -29,  -10,    0,    0,    0,    0,    0,    0,    0,    0,    0,    0,    0,    0,    0,    0,    0,    0,    0,    0,    0,   -5,    0,    0,    0,    0,  -11,    0,    0,    0,    0,    0,    0,    0,    0,    0,    0,    0,    0,    0,    0,    0,    0,    0,    0,    0,    0,    0,    0,    0,    0,    0,    0,    0,    0,    0,    0,    0,    0,    0,    0,    0,    0,    0,    0,    0,    0,    0,    0,    0,    0,    0,    0,    0,    0,    0,    0,    0,    0,    0,    0,    0,    0,    0,    0,    0,    0,    0,    0,    0,    0,    0,    0,    0,    0,  -36,  -12,   -3,    0,    0,    3,  -18,    0,    3,    0,    0,  -16,    0,  -31,  -32,   -2,    0,   -6,  -13,   -8,   -3,   -8,    0,    0,   -7,   -7,    0,    0,    0,  -20,   -6,    0,   -7,  -21,  -24,    0,    0,   -8,    0,    0,    0,    0,    0,    0,   -7,  -20,  -11,  -14,  -30,  -24,    0,    0,    0,    0,    0,    0,  -29,  -13,  -27,  -18,  -18,   -8,   -2,    0,   -3,    0,  -26,  -36,  -20,  -68,  -20,  -27,    0,  -17,  -17,    0,   -6,    0,   -8,   -9,   -6,   -6,    0,   -3,  -23,   -7,  -12,   -8,   -8,    0,  -20,  -20,  -21,    0,    0,    0,    0,    0,    0,    0,    0,    0,    0,  -11,  -38,  -36,    0,  -41,  -41,   -6,    0,    0,    0,
       0,    0,    0,    0,    0,    0,    0,    0,    0,    0,    0,    0,    0,    0,    0,    0,    0,    0,    0,    0,    0,    0,    0,    0,    0,    0,    0,    0,    0,    0,    0,    0,    0,    0,    0,    0,    0,    0,    0,    0,    0,    0,    0,    0,    0,    0,    0,    0,    0,    0,    0,    0,    0,    0,    0,    0,    0,    0,    0,    0,    0,    0,    0,    0,    0,    0,    0,    0,    0,    0,    0,    0,    0,    0,    0,    0,    0,    0,    0,    0,    0,    0,    0,    0,    0,    0,    0,    0,    0,    0,    0,    0,    0,    0,    0,    0,    0,    0,    0,    0,    0,    0,    0,    0,    0,    0,    0,    0,    0,    0,    0,    0,    0,    0,    0,    0,    0,    0,    0,    0,    0,    0,    0,    0,    0,    0,    0,    0,    0,    0,    0,    0,   -4,    0,    0,   -8,    0,    0,    0,    0,    0,    0,    0,    0,   -3,   -1,   -6,   -2,   -2,   -2,  -11,   -9,   -5,   -5,   -5,  -10,   -6,  -14,   -1,  -10,   -5,   -5,  -15,  -10,   -9,   -2,    0,   -6,   -2,   -2,   -2,    0,   -5,  -14,    0,   -7,   -5,  -15,   -5,   -7,    0,   -7,    0,  -11,    0,   -6,   -5,  -13,  -13,   -2,    0,   -7,   -2,    0,  -17,   -5,  -14,   -5,  -14,  -17,   -5,   -4,   -3,    0,   -1,  -10,   -2,    0,   -1,   -1,   -9,    0,  -10,   -5,    0,   -2,   -2,  -10,  -14,  -14,   -5,    0,   -5,    0,    0,    0,    0,    0,    0,    0,    0,    0,    0,    0,    0,    0,    0,    0,    0,    0,    0,
       0,    0,    0,    0,    0,    0,    0,    0,    0,    0,    0,    0,    0,    0,    0,    0,    0,    0,    0,    0,    0,    0,    0,    0,    0,    0,    0,    0,    0,    0,    0,    0,    0,    0,   -6,    0,    0,    0,    0,    0,    0,    0,    0,    0,    0,    0,    0,    0,    0,    0,    0,    0,    0,    0,   -5,    0,    0,    0,    0,    0,    0,    0,    0,    0,    0,    0,    0,    0,    0,    0,    0,    0,    0,    0,    0,    0,    0,    0,    0,    0,    0,    0,    0,    0,    0,    0,    0,    0,    0,    0,    0,    0,    0,    0,    0,    0,    0,    0,    0,    0,    0,    0,    0,    0,    0,    0,    0,    0,    0,    0,    0,    0,    0,    0,    0,    0,    0,    0,    0,    0,    0,    0,    0,    0,    0,    0,    0,    0,  -10,    0,    0,    0,   -9,    0,   -7,   -8,   -2,   -4,    0,    0,   -6,    0,   -8,   -2,   -2,   -3,   -6,   -4,   -3,   -4,  -11,  -11,   -5,   -5,   -5,  -15,   -7,   -6,   -3,   -9,   -5,   -5,   -7,  -11,  -12,   -4,    0,   -9,   -5,   -5,   -5,    0,   -5,   -6,    0,   -7,    0,   -6,   -5,   -9,    0,   -7,   -5,  -14,    0,   -6,   -7,   -6,   -6,   -4,    0,  -11,   -3,    0,   -7,  -14,   -6,  -14,   -6,   -7,   -5,    0,   -5,    0,   -3,  -10,   -4,    0,   -2,   -2,  -11,    0,   -6,   -5,    0,   -4,   -4,  -11,   -6,   -6,   -5,   -3,   -7,    0,    0,    0,    0,    0,    0,    0,    0,    0,    0,    0,    0,    0,    0,    0,    0,    0,    0,
       0,  -13,    0,    0,  -14,    0,    0,    0,    0,    0,    0,    0,    0,    0,    0,    0,    0,    0,    0,    0,    0,    0,    0,    0,    0,    0,    0,    0,    0,    0,    0,    0,    0,    0,    0,    0,    0,    0,    0,    0,    0,    0,    0,    0,    0,    0,    0,    0,    0,    0,    0,    0,    0,    0,    0,    0,    0,    0,  -11,  -11,    0,    0,    0,    0,    0,    0,    0,    0,    0,    0,    0,    0,    0,    0,    0,    0,    0,    0,    0,    0,    0,    0,    0,    0,    0,    0,    0,    0,    0,    0,    0,    0,    0,    0,    0,    0,    0,    0,    0,    0,    0,    0,    0,    0,    0,    0,    0,    0,    0,    0,    0,    0,    0,    0,    0,    0,    0,    0,    0,    0,    0,    0,    0,    0,    0,    0,    0,    0,  -11,   -9,    0,    0,    0,    0,   -8,    0,    0,    0,    0,  -12,    0,  -13,  -10,    0,    0,  -10,  -17,  -15,   -3,  -15,    0,   -1,  -12,  -12,   -5,    0,    0,  -23,  -11,    0,  -12,  -23,  -21,   -3,    0,  -15,   -2,   -2,   -5,   -5,   -5,   -2,  -12,  -23,   -7,  -17,  -10,  -21,    2,    0,    0,    0,    0,    0,  -13,  -17,  -15,  -24,  -24,  -14,   -3,    0,   -3,    0,  -21,  -18,  -25,  -18,  -25,  -21,   -5,  -11,  -17,    0,  -10,    0,  -15,   -5,  -10,  -10,   -1,    0,    0,  -12,   -9,  -15,  -15,   -3,  -23,  -23,  -23,    0,    0,    0,    0,    0,    0,    0,    0,    0,    0,  -11,  -13,  -14,    0,  -13,  -13,    0,    0,    0,    0,
       0,    0,    0,    0,    0,    0,    0,    0,    0,    0,    0,    0,    0,    0,    0,    0,    0,    0,    0,    0,    0,    0,    0,    0,    0,    0,    0,    0,    0,    0,    0,    0,    0,    0,    0,    0,    0,    0,    0,    0,    0,    0,    0,    0,    0,    0,    0,    0,    0,    0,    0,    0,    0,    0,    0,    0,    0,    0,  -14,  -16,    0,    0,    0,    0,    0,    0,    0,    0,    0,    0,    0,    0,    0,    0,    0,    0,    0,    0,    0,    0,    0,    0,    0,    0,    0,    0,    0,    0,    0,    0,    0,    0,    0,    0,    0,    0,    0,    0,    0,    0,    0,    0,    0,    0,    0,    0,    0,    0,    0,    0,    0,    0,    0,    0,    0,    0,    0,    0,    0,    0,    0,    0,    0,    0,    0,    0,    0,    0,    0,  -16,    0,    0,    0,    0,    0,    0,    0,    0,    0,  -22,    0,    0,    0,    0,    0,  -14,  -22,  -20,   -7,  -20,    0,    0,  -16,  -16,   -6,    0,    0,  -25,  -15,    0,  -16,  -28,  -26,   -5,    0,  -20,    0,   -3,    0,    3,    0,    0,  -16,  -25,  -12,  -22,    0,  -24,    0,    0,    0,    0,    0,    0,    0,  -20,    0,  -25,  -32,  -19,    0,    0,   -7,    0,  -26,    0,  -25,    0,  -25,  -28,   -6,  -28,  -25,    0,  -14,    0,  -20,   -4,  -14,  -14,    0,    0,  -28,  -16,  -16,  -20,  -20,   -5,  -25,  -25,  -28,    0,    0,    0,    0,    0,    0,    0,    0,    0,    0,  -16,    0,    0,    0,    0,    0,    0,    0,    0,    0,
       0,    0,    0,    0,    0,   -4,    0,    0,    0,    0,    0,    0,    0,    0,    0,    0,    0,    0,    0,    0,    0,    0,    0,    0,    0,    0,    0,    0,    0,    0,    0,    0,    0,    0,   -5,    0,    0,    0,    0,    0,    0,    0,    0,    0,    0,    0,    0,    0,    0,    0,    0,    0,    0,    0,   -4,    0,    0,    0,    0,    0,    0,    0,    0,    0,    0,    0,    0,    0,    0,    0,    0,    0,    0,    0,    0,    0,    0,    0,    0,    0,    0,    0,    0,    0,    0,    0,    0,    0,    0,    0,    0,    0,    0,    0,    0,    0,    0,    0,    0,    0,    0,    0,    0,    0,    0,    0,    0,    0,    0,    0,    0,    0,    0,    0,    0,    0,    0,    0,    0,    0,    0,    0,    0,    0,    0,    0,    0,    0,   -3,    0,    0,    0,   -8,    0,   -6,   -8,   -2,   -2,    0,    0,   -5,    0,   -2,    0,   -2,   -3,   -7,   -4,   -2,   -4,   -8,   -9,   -5,   -5,   -5,  -14,   -7,   -4,   -3,   -7,   -5,   -4,   -5,   -7,  -11,   -4,    0,   -8,   -5,   -5,   -5,    0,   -5,   -4,    0,   -6,    0,   -4,   -5,   -9,    0,   -6,   -2,  -10,    0,   -6,   -7,   -4,   -4,   -4,   -2,  -10,   -2,    0,   -5,  -13,   -4,  -13,   -4,   -5,   -5,    0,   -4,    0,   -3,   -9,   -4,    0,   -2,   -2,   -9,    0,   -3,   -5,    0,   -4,   -4,   -7,   -4,   -4,   -4,   -9,  -13,    0,    0,    0,    0,    0,    0,    0,    0,    0,    0,    0,   -6,    0,    0,    0,    0,    0,    0,
       0,    0,    0,  -10,    0,  -15,  -14,    0,    0,    0,    0,    0,    0,    0,    0,    0,    0,    0,    0,    0,    0,    0,    0,    0,    0,    0,    0,    0,    0,    0,    0,    0,    0,    0,  -12,    0,    0,    0,    0,    0,    0,    0,    0,    0,    0,    0,    0,    0,    0,    0,    0,    0,    0,    0,  -10,    0,    0,    0,    0,    0,    0,    0,    0,    0,    0,    0,    0,    0,    0,    0,    0,    0,    0,    0,    0,    0,    0,    0,    0,    0,    0,    0,    0,    0,    0,    0,    0,    0,    0,    0,    0,    0,    0,    0,    0,    0,    0,    0,    0,    0,    0,    0,    0,    0,    0,    0,    0,    0,    0,    0,    0,    0,    0,    0,    0,    0,    0,    0,    0,    0,    0,    0,    0,    0,    0,    0,    0,    0,  -19,    0,    0,    0,  -21,   -9,  -16,  -11,  -13,  -16,   -7,    0,  -14,    0,  -16,   -8,   -4,   -3,   -2,   -2,   -5,   -2,   -6,   -8,   -2,   -2,   -5,  -25,  -10,   -1,   -2,  -11,   -2,    0,    0,   -5,  -10,   -2,    0,   -5,   -4,   -4,   -4,    0,   -2,   -1,    0,   -2,   -2,    0,   -9,  -21,   -6,  -11,  -11,   -6,    0,   -2,  -12,   -1,   -1,   -1,   -2,  -17,   -5,    0,   -1,  -23,   -3,  -41,   -3,    0,   -5,    0,    0,    0,   -3,  -15,   -2,    0,   -2,   -2,   -8,   -8,    0,   -2,    0,   -2,   -2,   -5,   -1,   -1,    0,  -22,  -17,    0,    0,    0,    0,    0,    0,    0,    0,    0,   -4,   -3,  -17,  -10,  -10,    0,    0,    0,    0,
       0,    0,    0,    0,    0,  -49,  -51,  -21,    0,    0,    0,    0,    0,    0,    0,    0,    0,    0,    0,    0,    0,    0,    0,    0,    0,    0,    0,    0,    0,    0,    0,    0,    0,    0,   -5,    0,    0,    0,    0,    0,    0,    0,    0,    0,    0,    0,    0,    0,    0,    0,    0,    0,    0,    0,    0,    0,    0,    0,   -4,  -12,    0,    0,    0,    0,    0,    0,    0,    0,    0,    0,    0,    0,    0,    0,    0,    0,    0,    0,    0,    0,    0,    0,    0,    0,    0,    0,    0,    0,    0,    0,    0,    0,    0,    0,    0,    0,    0,    0,    0,    0,    0,    0,    0,    0,    0,    0,    0,    0,    0,    0,    0,    0,    0,    0,    0,    0,    0,    0,    0,    0,    0,    0,    0,    0,    0,    0,    0,    0,    0,    0,    0,    0,  -49,  -29,    0,  -29,  -34,  -13,   -5,    0,  -15,    0,    0,   -2,   -3,  -21,   -2,  -13,   -3,  -13,    0,   -5,   -2,   -2,   -4,  -49,  -18,    0,  -13,    0,   -2,    0,    0,    0,  -17,  -13,    2,   -6,   -1,   -1,   -1,    2,   -2,    0,    0,    0,    0,    0,  -27,  -46,  -14,   -2,   -2,    0,    0,   -2,   -5,    0,    0,   -8,    0,  -30,   -3,    0,    0,   -9,    0,   -9,    0,    0,   -4,    0,   -1,    0,  -21,  -41,  -13,    0,   -3,   -3,   -5,   -4,    0,   -2,    0,  -13,  -13,    0,    0,    0,    0,  -21,    0,    0,    0,    0,    0,    0,    0,    0,    0,  -12,    0,    0,  -47,    0,    0,    0,    0,    0,    0,
       0,    0,    0,    0,    0,    0,    0,    0,    0,    0,    0,    0,    0,    0,    0,    0,    0,    0,    0,    0,    0,    0,    0,    0,    0,    0,    0,    0,    0,    0,    0,    0,    0,    0,    0,    0,    0,    0,    0,    0,    0,    0,    0,    0,    0,    0,    0,    0,    0,    0,    0,    0,    0,    0,    0,    0,    0,    0,    0,   -9,    0,    0,    0,    0,    0,    0,    0,    0,    0,    0,    0,    0,    0,    0,    0,    0,    0,    0,    0,    0,    0,    0,    0,    0,    0,    0,    0,    0,    0,    0,    0,    0,    0,    0,    0,    0,    0,    0,    0,    0,    0,    0,    0,    0,    0,    0,    0,    0,    0,    0,    0,    0,    0,    0,    0,    0,    0,    0,    0,    0,    0,    0,    0,    0,    0,    0,    0,    0,    0,   -7,    0,    0,    0,    0,    0,    0,    0,    0,    0,  -12,    0,    0,    0,    0,    0,   -4,  -10,   -8,    0,   -8,   -2,    0,   -5,   -5,   -3,    0,   -2,   -8,   -6,    0,   -5,  -10,  -11,   -2,    0,   -8,    7,   -2,    0,   12,    0,    7,   -5,   -8,   -5,  -11,    0,   -8,    0,    0,    0,    0,    0,   -2,    0,   -8,    0,   -9,   -9,   -7,    0,    0,    0,    0,   -8,   -3,   -8,   -3,   -8,   -8,   -3,  -19,  -20,    0,   -4,   -5,   -8,    0,   -3,   -3,    0,    0,   -7,   -5,   -7,   -8,   -8,   -2,   -8,   -8,  -10,    0,    0,    0,    0,    0,    0,    0,    0,    0,    0,   -9,    0,    0,    0,    0,    0,    0,    0,    0,    0,
       0,    0,    0,    0,    0,  -37,  -37,  -29,    0,    0,    0,    0,    0,    0,    0,    0,    0,  -28,  -27,    0,    0,    0,    0,    0,    0,    0,    0,    0,    0,    0,    0,    0,    0,    0,    0,    0,    0,    0,    0,    0,    0,    0,    0,    0,    0,    0,    0,    0,    0,    0,    0,    0,    0,    0,    0,    0,    0,    0,  -39,  -31,    0,    0,    0,  -36,    0,    0,    0,    0,    0,    0,    0,    0,    0,    0,    0,    0,    0,    0,    0,    0,    0,    0,    0,    0,    0,    0,    0,    0,    0,    0,    0,    0,    0,    0,    0,    0,    0,    0,    0,    0,    0,    0,    0,    0,    0,    0,    0,    0,    0,    0,    0,    0,    0,    0,    0,    0,    0,    0,    0,    0,    0,    0,    0,    0,    0,    0,    0,    0,    0,  -13,    0,    0,  -39,  -24,    0,  -37,  -28,    0,    0,  -18,    0,    0,    0,    0,  -14,  -59,  -30,  -58,  -52,  -97,  -50,  -51,  -45,  -45,  -49,  -61,  -58,  -41,  -57,  -41,  -45,  -40,  -41,  -53,  -54, -107,    6,  -53,    0,   10,    0,    6,  -45,  -41,   -3,  -44,  -10,  -37,  -35,  -57,    0,  -45,    0,  -25,    0,  -46,    0,  -43,  -55,  -47,    0,  -54,  -52,    0,  -41,    0,  -41,    0,  -41,  -42,  -48,  -29,  -44,    0,  -59,  -46, -111,    0,  -53,  -94,  -83,    0,  -45,  -45,  -13, -106, -106,  -79,  -41,  -76,  -72,    0,  -41,    0,    0,    0,    0,    0,    0,    0,    0,  -31,    0,    0,  -38,    0,    0,    0,    0,    0,    0,
       0,    0,    0,  -11,    0,  -18,  -17,   -7,    0,    0,    0,    0,    0,    0,    0,    0,    0,    0,    0,   -5,    0,    0,    0,    0,    0,    0,    0,    0,    0,    0,    0,    0,    0,    0,  -13,    0,    0,    0,    0,    0,    0,    0,    0,    0,    0,    0,    0,    0,    0,    0,    0,    0,    0,    0,  -11,    0,    0,    0,    0,    0,    0,    0,    0,    0,    0,    0,    0,    0,    0,    0,    0,    0,    0,    0,    0,    0,    0,    0,    0,    0,    0,    0,    0,    0,    0,    0,    0,    0,    0,    0,    0,    0,    0,    0,    0,    0,    0,    0,    0,    0,    0,    0,    0,    0,    0,    0,    0,    0,    0,    0,    0,    0,    0,    0,    0,    0,    0,    0,    0,    0,    0,    0,    0,    0,    0,    0,    0,    0,  -21,    0,   -4,    0,  -26,  -19,  -19,  -14,  -23,  -22,  -12,    0,  -21,    0,  -21,  -13,   -8,   -4,   -1,   -2,   -5,   -2,   -5,   -7,   -2,   -2,   -4,  -25,  -11,    0,   -2,  -11,   -2,    0,    0,   -4,   -9,   -2,    0,   -3,   -4,   -4,   -4,    0,   -2,    0,    0,   -1,   -4,    0,  -12,  -23,  -10,  -11,  -15,   -5,    0,   -2,  -12,    0,    0,   -1,   -3,  -17,   -5,    0,    0,  -25,    0,  -20,    0,    0,   -4,    0,    0,    0,   -4,  -21,   -2,    0,   -2,   -2,   -7,  -13,    0,   -2,    0,   -2,   -2,   -4,    0,    0,    0,  -11,   -6,    0,    0,    0,    0,    0,    0,    0,    0,    0,   -5,   -3,  -19,  -12,  -12,    0,    0,    0,    0,
       0,    0,    0,    0,    0,    0,    0,    0,    0,    0,    0,    0,    0,    0,    0,    0,    0,    0,    0,    0,    0,    0,    0,    0,    0,    0,    0,    0,    0,    0,    0,    0,    0,    0,    0,    0,    0,    0,    0,    0,    0,    0,    0,    0,    0,    0,    0,    0,    0,    0,    0,    0,    0,    0,    0,    0,    0,    0,  -13,  -15,    0,    0,    0,    0,    0,    0,    0,    0,    0,    0,    0,    0,    0,    0,    0,    0,    0,    0,    0,    0,    0,    0,    0,    0,    0,    0,    0,    0,    0,    0,    0,    0,    0,    0,    0,    0,    0,    0,    0,    0,    0,    0,    0,    0,    0,    0,    0,    0,    0,    0,    0,    0,    0,    0,    0,    0,    0,    0,    0,    0,    0,    0,    0,    0,    0,    0,    0,    0,    0,  -15,    0,    0,    0,    3,    0,    0,    3,    0,    0,  -21,    0,    0,    0,    0,    0,  -11,  -21,  -18,   -5,  -18,    0,    0,  -14,  -14,   -4,    0,    0,  -25,  -13,    0,  -14,  -27,  -27,   -2,    0,  -18,    0,    0,    0,    5,    0,    0,  -14,  -25,  -11,  -21,    0,  -23,    0,    0,    0,    0,    0,    0,    0,  -19,    0,  -25,  -31,  -17,    0,    0,   -5,    0,  -25,    0,  -25,    0,  -25,  -27,   -4,  -29,  -26,    0,  -11,    0,  -18,   -6,  -12,  -12,    0,    0,  -27,  -14,  -15,  -18,  -18,   -2,  -25,  -25,  -27,    0,    0,    0,    0,    0,    0,    0,    0,    0,    0,  -15,    0,    0,    0,    0,    0,    0,    0,    0,    0,
       0,  -13,    0,    0,  -14,    0,    0,    0,    0,    0,    0,    0,    0,    0,    0,    0,    0,    0,    0,    0,    0,    0,    0,    0,    0,    0,    0,    0,    0,    0,    0,    0,    0,    0,    0,    0,    0,    0,    0,    0,    0,    0,    0,    0,    0,    0,    0,    0,    0,    0,    0,    0,    0,    0,    0,    0,    0,    0,  -11,  -11,    0,    0,    0,    0,    0,    0,    0,    0,    0,    0,    0,    0,    0,    0,    0,    0,    0,    0,    0,    0,    0,    0,    0,    0,    0,    0,    0,    0,    0,    0,    0,    0,    0,    0,    0,    0,    0,    0,    0,    0,    0,    0,    0,    0,    0,    0,    0,    0,    0,    0,    0,    0,    0,    0,    0,    0,    0,    0,    0,    0,    0,    0,    0,    0,    0,    0,    0,    0,  -11,   -9,    0,    0,    0,    0,   -8,    0,    0,    0,    0,  -12,    0,  -13,  -10,    0,    0,  -10,  -17,  -15,   -3,  -15,    0,   -1,  -12,  -12,   -5,    0,    0,  -23,  -11,    0,  -12,  -23,  -21,   -3,    0,  -15,   -2,   -2,   -5,   -5,   -5,   -2,  -12,  -23,   -7,  -17,  -10,  -21,    1,    0,    0,    0,    0,    0,  -13,  -17,  -15,  -24,  -24,  -14,   -3,    0,   -3,    0,  -21,  -18,  -25,  -18,  -25,  -21,   -5,  -11,  -17,    0,  -10,    0,  -15,   -5,  -10,  -10,   -1,    0,    0,  -12,   -9,  -15,  -15,   -3,  -23,  -23,  -23,    0,    0,    0,    0,    0,    0,    0,    0,    0,    0,  -11,  -13,  -14,    0,  -13,  -13,    0,    0,    0,    0,
       0,    0,    0,    0,   -5,    0,    0,    0,    0,    0,    0,    0,    0,    0,    0,    0,    0,    0,    0,   -5,    0,    0,    0,    0,    0,    0,    0,    0,    0,    0,    0,    0,    0,  -13,  -13,    0,    0,    0,    0,    0,    0,    0,    0,    0,    0,    0,    0,    0,    0,    0,    0,    0,    0,    0,  -11,    0,    0,    0,    0,    0,    0,    0,    0,    0,    0,    0,    0,    0,    0,    0,    0,    0,    0,    0,    0,    0,    0,    0,    0,    0,    0,    0,    0,    0,    0,    0,    0,    0,    0,    0,    0,    0,    0,    0,    0,    0,    0,    0,    0,    0,    0,    0,    0,    0,    0,    0,    0,    0,    0,    0,    0,    0,    0,    0,    0,    0,    0,    0,    0,    0,    0,    0,    0,    0,    0,    0,    0,    0,    0,    0,    0,    0,    0,    0,    0,    0,    0,    0,    0,    0,    0,    0,    0,    0,    0,    0,    0,    0,    0,    0,    0,    0,    0,    0,    0,    0,    0,    0,    0,    0,    0,    0,    0,    0,    0,    0,    0,    0,    0,    0,    0,    0,    0,    0,    0,    0,    0,    0,    0,    0,    0,    0,    0,    0,    0,    0,    0,    0,    0,    0,    0,    0,    0,    0,    0,    0,    0,    0,    0,    0,    0,    0,    0,   -4,    0,    0,    0,    0,    0,    0,    0,    0,    0,    0,   -5,    0,    0,    0,    0,    0,    0,    0,    0,    0,    0,    0,    0,    0,    0,    0,    0,    0,   -4,   -3,    0,  -11,  -11,   -6,    0,    0,    0,
       0,   -6,    0,    0,   -9,    0,    0,    0,    0,    0,    0,    0,    0,    0,    0,    0,    0,    0,    0,   -6,    0,    0,    0,    0,    0,    0,    0,    0,    0,    0,    0,    0,    0,    0,    0,    0,    0,    0,    0,    0,    0,    0,    0,    0,    0,    0,    0,    0,    0,    0,    0,    0,    0,    0,    0,    0,    0,    0,    0,    0,    0,    0,    0,    0,    0,    0,    0,    0,    0,    0,    0,    0,    0,    0,    0,    0,    0,    0,    0,    0,    0,    0,    0,    0,    0,    0,    0,    0,    0,    0,    0,    0,    0,    0,    0,    0,    0,    0,    0,    0,    0,    0,    0,    0,    0,    0,    0,    0,    0,    0,    0,    0,    0,    0,    0,    0,    0,    0,    0,    0,    0,    0,    0,    0,    0,    0,    0,    0,    0,    0,    0,    0,    0,    0,    0,    0,    0,    0,    0,    0,    0,    0,    0,    0,    0,    0,    0,    0,    0,    0,   -6,   -6,    0,    0,    0,  -15,   -2,   -8,    0,  -12,    0,    0,   -5,   -6,   -5,    0,    0,    0,    0,    3,    0,    0,    0,   -8,    0,    0,    0,   -7,    0,   -8,    0,   -9,    0,   -7,    0,    0,    0,   -6,   -6,    0,    0,   -6,    0,    0,   -8,    0,   -8,    0,   -8,   -8,    0,    0,    0,   -7,    0,    0,    0,    0,    0,    0,   -6,    0,   -3,    0,   -4,    0,    0,   -6,   -8,   -8,    0,    0,   -4,    0,    0,    0,    0,    0,    0,    0,    0,    0,    0,    0,    0,    0,    0,   -5,    0,    0,    0,
       0,  -11,    0,  -12,  -14,    0,    0,    0,    0,    0,    0,    0,    0,    0,    0,    0,    0,    0,    0,  -13,    0,    0,    0,    0,    0,    0,    0,    0,    0,    0,    0,    0,    0,  -19,  -15,    0,    0,    0,    0,    0,    0,    0,    0,    0,    0,    0,    0,    0,    0,    0,    0,    0,    0,    0,  -13,    0,    0,    0,    0,    0,    0,    0,    0,    0,    0,    0,    0,    0,    0,    0,    0,    0,    0,    0,    0,    0,    0,    0,    0,    0,    0,    0,    0,    0,    0,    0,    0,    0,    0,    0,    0,    0,    0,    0,    0,    0,    0,    0,    0,    0,    0,    0,    0,    0,    0,    0,    0,    0,    0,    0,    0,    0,    0,    0,    0,    0,    0,    0,    0,    0,    0,    0,    0,    0,    0,    0,    0,    0,    0,    0,    0,    0,    0,    0,    0,    0,    0,    0,    0,    0,    0,    0,    0,    0,    0,    0,    0,    0,    0,    0,   -1,    0,    0,    0,    0,   -7,    0,   -7,    0,   -4,    0,    0,   -3,    0,   -2,    0,    0,    0,    0,    0,    0,    0,    0,   -7,    0,    0,    0,   -3,    0,   -4,    0,   -2,    0,   -3,    0,    0,    0,   -6,   -6,    0,    0,   -1,    0,    0,   -4,    0,   -7,    0,   -7,   -4,    0,    0,   -2,   -7,    0,    0,    0,    0,    0,    0,    0,    0,    0,    0,   -6,    0,    0,    0,   -7,   -7,    0,    0,   -3,    0,    0,    0,    0,    0,    0,    0,    0,    0,  -14,  -11,    0,  -18,  -18,  -12,    0,    0,    0,
       0,   -9,    0,   -5,  -13,    0,    0,    0,    0,    0,    0,    0,    0,    0,    0,    0,    0,    0,    0,  -11,    0,    0,    0,    0,    0,    0,    0,    0,    0,    0,    0,    0,    0,  -17,  -14,    0,    0,    0,    0,    0,    0,    0,    0,    0,    0,    0,    0,    0,    0,    0,    0,    0,    0,    0,  -13,    0,    0,    0,    0,    0,    0,    0,    0,    0,    0,    0,    0,    0,    0,    0,    0,    0,    0,    0,    0,    0,    0,    0,    0,    0,    0,    0,    0,    0,    0,    0,    0,    0,    0,    0,    0,    0,    0,    0,    0,    0,    0,    0,    0,    0,    0,    0,    0,    0,    0,    0,    0,    0,    0,    0,    0,    0,    0,    0,    0,    0,    0,    0,    0,    0,    0,    0,    0,    0,    0,    0,    0,    0,    0,    0,    0,    0,    0,    0,    0,    0,    0,    0,    0,    0,    0,    0,    0,    0,    0,    0,    0,   -1,    0,   -1,    0,    0,    0,    0,    0,   -2,    0,   -6,    0,    0,    0,    0,   -1,    0,    0,   -1,    0,    0,    0,    0,    0,    0,    0,   -6,    0,   -1,    0,   -1,    0,    0,    0,    0,    0,    0,    0,    0,    0,   -5,   -5,    0,    0,    0,    0,    0,   -1,    0,   -6,    0,   -6,   -1,    0,    0,    0,   -7,    0,    0,   -1,    0,    0,    0,    0,    0,    0,    0,   -6,   -1,   -1,    0,   -6,   -6,    0,    0,    0,    0,    0,    0,    0,    0,    0,    0,    0,    0,  -12,  -10,    0,  -17,  -17,  -11,    0,    0,    0,
       0,   -4,    0,  -12,   -7,    0,    0,   -6,    0,    0,    0,    0,    0,    0,    0,    0,    0,    0,    0,   -6,    0,    0,    0,    0,    0,    0,    0,    0,    0,    0,    0,    0,    0,  -11,  -14,    0,    0,    0,    0,    0,    0,    0,    0,    0,    0,    0,    0,    0,    0,    0,    0,    0,    0,    0,  -12,    0,    0,    0,    0,    0,    0,    0,    0,    0,    0,    0,    0,    0,    0,    0,    0,    0,    0,    0,    0,    0,    0,    0,    0,    0,    0,    0,    0,    0,    0,    0,    0,    0,    0,    0,    0,    0,    0,    0,    0,    0,    0,    0,    0,    0,    0,    0,    0,    0,    0,    0,    0,    0,    0,    0,    0,    0,    0,    0,    0,    0,    0,    0,    0,    0,    0,    0,    0,    0,    0,    0,    0,    0,    0,    0,    0,    0,    0,    0,    0,    0,    0,    0,    0,    0,    0,    0,    0,    0,    0,    0,    0,    0,    0,    0,   -3,   -4,    0,    0,    0,  -15,   -2,   -2,    0,   -7,    0,    0,    0,   -1,   -6,    0,    0,    0,    0,    0,    0,    0,    0,   -2,    0,    0,    0,    0,    0,  -10,    0,   -6,    0,   -4,    0,    0,    0,   -1,   -1,    0,    0,   -9,    0,    0,    0,    0,   -2,    0,   -2,    0,    0,    0,    0,   -6,    0,    0,    0,    0,    0,    0,   -4,    0,    0,    0,   -2,    0,    0,   -1,   -2,   -2,    0,    0,   -2,    0,    0,    0,    0,    0,    0,    0,    0,    0,   -7,   -3,   -4,  -10,  -10,   -6,    0,    0,    0,
       0,  -10,    0,   -5,  -12,    0,    0,    0,    0,    0,    0,    0,    0,    0,    0,    0,    0,    0,    0,   -5,    0,    0,    0,    0,    0,    0,    0,    0,    0,    0,    0,    0,    0,  -15,   -7,    0,    0,    0,    0,    0,    0,    0,    0,    0,    0,    0,    0,    0,    0,    0,    0,    0,    0,    0,   -6,    0,    0,    0,    0,    0,    0,    0,    0,    0,    0,    0,    0,    0,    0,    0,    0,    0,    0,    0,    0,    0,    0,    0,    0,    0,    0,    0,    0,    0,    0,    0,    0,    0,    0,    0,    0,    0,    0,    0,    0,    0,    0,    0,    0,    0,    0,    0,    0,    0,    0,    0,    0,    0,    0,    0,    0,    0,    0,    0,    0,    0,    0,    0,    0,    0,    0,    0,    0,    0,    0,    0,    0,    0,    0,    0,    0,    0,    0,    0,    0,    0,    0,    0,    0,    0,    0,    0,    0,    0,    0,   -2,   -3,   -3,    0,   -3,    0,    0,   -2,   -2,    0,   -5,    0,   -7,   -2,   -2,   -2,   -2,   -3,    0,   -2,   -3,    0,    0,    0,    0,    0,    0,   -2,   -7,    0,   -3,    0,   -3,    0,    0,    0,    0,    0,    0,    0,   -3,    0,   -6,   -6,   -2,    0,    0,    0,    0,   -3,    0,   -6,    0,   -6,   -3,    0,    0,    0,   -4,   -2,    0,   -3,    0,   -2,   -2,    0,    0,   -5,   -2,   -4,   -3,   -3,    0,   -7,   -7,   -2,    0,   -2,    0,    0,    0,    0,    0,    0,    0,    0,    0,  -14,  -10,    0,  -19,  -19,   -4,    0,    0,    0,
       0,    0,    0,    0,   -3,    0,    0,    0,    0,    0,    0,    0,    0,    0,    0,    0,    0,    0,    0,    0,    0,    0,    0,    0,    0,    0,    0,    0,    0,    0,    0,    0,    0,   -6,  -12,    0,    0,    0,    0,    0,    0,    0,    0,    0,    0,    0,    0,    0,    0,    0,    0,    0,    0,    0,  -10,    0,    0,    0,  -11,  -10,    0,    0,    0,    0,    0,    0,    0,    0,    0,    0,    0,    0,    0,    0,    0,    0,    0,    0,    0,    0,    0,    0,    0,    0,    0,    0,    0,    0,    0,    0,    0,    0,    0,    0,    0,    0,    0,    0,    0,    0,    0,    0,    0,    0,    0,    0,    0,    0,    0,    0,    0,    0,    0,    0,    0,    0,    0,    0,    0,    0,    0,    0,    0,    0,    0,    0,    0,    0,    0,    0,    0,    0,    0,    0,    0,    0,    0,    0,    0,    0,    0,    0,    0,    0,    0,   -6,    0,   -7,    0,   -7,    0,    0,    0,    0,    0,   -2,    0,    0,   -5,    0,    0,    0,    0,    0,    0,   -7,    0,    0,    0,    0,    0,    0,    0,    0,    0,    0,    0,    0,    0,    0,    0,    0,    0,    0,    0,    0,    0,    0,    0,   -5,    0,    0,    0,    0,    0,    0,    0,    0,    0,    0,    0,    0,   -4,   -6,   -6,    0,   -7,    0,    0,    0,    0,    0,    0,    0,   -5,   -7,   -7,    0,    0,    0,    0,    0,    0,    0,    0,    0,    0,    0,    0,    0,    0,  -10,   -4,   -3,    0,   -9,   -9,    0,    0,    0,    0,
       0,  -10,    0,  -11,  -14,    0,    0,    0,    0,    0,    0,    0,    0,    0,    0,    0,    0,    0,    0,  -13,    0,    0,    0,    0,    0,    0,    0,    0,    0,    0,    0,    0,    0,  -18,  -15,    0,    0,    0,    0,    0,    0,    0,    0,    0,    0,    0,    0,    0,    0,    0,    0,    0,    0,    0,  -13,    0,    0,    0,    0,    0,    0,    0,    0,    0,    0,    0,    0,    0,    0,    0,    0,    0,    0,    0,    0,    0,    0,    0,    0,    0,    0,    0,    0,    0,    0,    0,    0,    0,    0,    0,    0,    0,    0,    0,    0,    0,    0,    0,    0,    0,    0,    0,    0,    0,    0,    0,    0,    0,    0,    0,    0,    0,    0,    0,    0,    0,    0,    0,    0,    0,    0,    0,    0,    0,    0,    0,    0,    0,    0,    0,    0,    0,    0,    0,    0,    0,    0,    0,    0,    0,    0,    0,    0,    0,    0,    0,    0,    0,    0,    0,    0,    0,    0,    0,    0,   -7,    0,   -6,    0,   -4,    0,    0,   -2,    0,   -2,    0,    0,    0,    0,    0,    0,    0,    0,   -6,    0,    0,    0,   -2,    0,   -4,    0,   -2,    0,   -2,    0,    0,    0,   -5,   -5,    0,    0,   -1,    0,    0,   -2,    0,   -6,    0,   -6,   -2,    0,    0,    0,   -7,    0,    0,    0,    0,    0,    0,    0,    0,    0,    0,   -5,    0,    0,    0,   -6,   -6,    0,    0,   -6,    0,    0,    0,    0,    0,    0,    0,    0,    0,  -13,  -11,    0,  -18,  -18,  -12,    0,    0,    0,
       0,    0,    0,    0,   -3,    0,    0,    0,    0,    0,    0,    0,    0,    0,    0,    0,    0,    0,    0,   -5,    0,    0,    0,    0,    0,    0,    0,    0,    0,    0,    0,    0,    0,  -12,  -12,    0,    0,    0,    0,    0,    0,    0,    0,    0,    0,    0,    0,    0,    0,    0,    0,    0,    0,    0,  -11,    0,    0,    0,    0,    0,    0,    0,    0,    0,    0,    0,    0,    0,    0,    0,    0,    0,    0,    0,    0,    0,    0,    0,    0,    0,    0,    0,    0,    0,    0,    0,    0,    0,    0,    0,    0,    0,    0,    0,    0,    0,    0,    0,    0,    0,    0,    0,    0,    0,    0,    0,    0,    0,    0,    0,    0,    0,    0,    0,    0,    0,    0,    0,    0,    0,    0,    0,    0,    0,    0,    0,    0,    0,    0,    0,    0,    0,    0,    0,    0,    0,    0,    0,    0,    0,    0,    0,    0,    0,    0,    0,    0,    0,    0,    0,    0,    0,    0,    0,    0,    0,    0,    0,    0,    0,    0,    0,    0,    0,    0,    0,    0,    0,    0,    0,    0,    0,    0,    0,    0,    0,    0,    0,    0,    0,    0,    0,    0,    0,    0,    0,    0,    0,    0,    0,    0,    0,    0,    0,    0,    0,    0,    0,    0,    0,    0,    0,    0,   -3,    0,    0,    0,    0,    0,    0,    0,    0,    0,    0,   -5,    0,    0,    0,    0,    0,    0,    0,    0,    0,    0,    0,    0,    0,    0,    0,    0,    0,   -3,    0,    0,   -9,   -9,   -5,    0,    0,    0,
       0,    0,    0,    0,    0,    0,    0,    0,    0,    0,    0,    0,    0,    0,    0,    0,    0,    0,    0,    0,    0,    0,    0,    0,    0,    0,    0,    0,    0,    0,    0,    0,    0,   -6,  -11,    0,    0,    0,    0,    0,    0,    0,    0,    0,    0,    0,    0,    0,    0,    0,    0,    0,    0,    0,   -9,    0,    0,    0,  -12,  -11,    0,    0,    0,    0,    0,    0,    0,    0,    0,    0,    0,    0,    0,    0,    0,    0,    0,    0,    0,    0,    0,    0,    0,    0,    0,    0,    0,    0,    0,    0,    0,    0,    0,    0,    0,    0,    0,    0,    0,    0,    0,    0,    0,    0,    0,    0,    0,    0,    0,    0,    0,    0,    0,    0,    0,    0,    0,    0,    0,    0,    0,    0,    0,    0,    0,    0,    0,    0,    0,    0,    0,    0,    0,    0,    0,    0,    0,    0,    0,    0,    0,    0,    0,    0,    0,   -9,   -4,   -9,    0,   -9,    0,    0,    0,    0,    0,    0,    0,    0,   -8,    0,    0,    0,    0,    0,    0,   -9,    0,    0,    0,    0,    0,    0,    0,    0,    0,   -2,    0,    0,    0,    0,    0,    0,    0,    0,    0,   -2,    0,    0,    0,   -8,    0,    0,    0,    0,    0,    0,    0,    0,    0,    0,    0,    0,  -13,   -3,   -9,    0,   -9,    0,   -3,   -3,    0,    0,    0,    0,   -7,   -9,   -9,    0,    0,    0,    0,    0,    0,    0,    0,    0,    0,    0,    0,    0,    0,  -11,    0,    0,    0,   -4,   -4,    0,    0,    0,    0,
       0,  -15,    0,  -15,  -19,    0,    0,    0,    0,    0,    0,    0,    0,    0,    0,    0,    0,    0,    0,  -15,    0,    0,    0,    0,    0,    0,    0,    0,    0,    0,    0,    0,    0,  -21,  -16,    0,    0,    0,    0,    0,    0,    0,    0,    0,    0,    0,    0,    0,    0,    0,    0,    0,    0,    0,  -14,    0,    0,    0,    0,    0,    0,    0,    0,    0,    0,    0,    0,    0,    0,    0,    0,    0,    0,    0,    0,    0,    0,    0,    0,    0,    0,    0,    0,    0,    0,    0,    0,    0,    0,    0,    0,    0,    0,    0,    0,    0,    0,    0,    0,    0,    0,    0,    0,    0,    0,    0,    0,    0,    0,    0,    0,    0,    0,    0,    0,    0,    0,    0,    0,    0,    0,    0,    0,    0,    0,    0,    0,    0,    0,    0,    0,    0,    0,    0,    0,    0,    0,    0,    0,    0,    0,    0,    0,    0,    0,    0,    0,    0,    0,    0,   -7,   -6,    0,    0,    0,  -14,   -2,   -9,    0,  -11,    0,    0,   -7,   -6,   -6,    0,    0,    0,    0,    0,    0,    0,    0,   -9,    0,    0,    0,   -9,    0,   -7,    0,   -8,    0,   -8,    0,    0,    0,   -7,   -7,    0,    0,   -6,    0,    0,  -10,    0,   -9,    0,   -9,  -10,    0,    0,    0,   -8,    0,    0,    0,    0,    0,    0,   -6,    0,   -4,    0,   -4,    0,    0,   -6,   -9,   -9,    0,    0,  -15,    0,    0,    0,    0,    0,    0,    0,    0,    0,  -19,  -17,    0,  -23,  -23,  -15,    0,    0,    0,
       0,  -11,    0,   -4,  -14,    0,    0,    0,    0,    0,    0,    0,    0,    0,    0,    0,    0,    0,    0,  -13,    0,    0,    0,    0,    0,    0,    0,    0,    0,    0,    0,    0,    0,  -19,  -14,    0,    0,    0,    0,    0,    0,    0,    0,    0,    0,    0,    0,    0,    0,    0,    0,    0,    0,    0,  -12,    0,    0,    0,    0,    0,    0,    0,    0,    0,    0,    0,    0,    0,    0,    0,    0,    0,    0,    0,    0,    0,    0,    0,    0,    0,    0,    0,    0,    0,    0,    0,    0,    0,    0,    0,    0,    0,    0,    0,    0,    0,    0,    0,    0,    0,    0,    0,    0,    0,    0,    0,    0,    0,    0,    0,    0,    0,    0,    0,    0,    0,    0,    0,    0,    0,    0,    0,    0,    0,    0,    0,    0,    0,    0,    0,    0,    0,    0,    0,    0,    0,    0,    0,    0,    0,    0,    0,    0,    0,    0,    0,    0,    0,    0,    0,    0,    0,    0,    0,    0,    0,    0,   -7,    0,    0,    0,    0,   -5,    0,    0,    0,    0,    0,    0,    0,    0,    0,    0,   -7,    0,    0,    0,   -5,    0,    0,    0,    0,    0,    0,    0,    0,    0,   -6,   -6,    0,    0,    0,    0,    0,   -6,    0,   -6,    0,   -6,   -6,    0,    0,    0,   -5,    0,    0,    0,    0,    0,    0,    0,    0,   -2,    0,   -7,    0,    0,    0,   -7,   -7,    0,    0,    0,    0,    0,    0,    0,    0,    0,    0,    0,    0,  -14,  -12,    0,  -18,  -18,  -11,    0,    0,    0,
       0,  -11,    0,  -15,  -15,    0,    0,    0,    0,    0,    0,    0,    0,    0,    0,    0,    0,    0,    0,  -14,    0,    0,    0,    0,    0,    0,    0,    0,    0,    0,    0,    0,    0,  -19,  -16,    0,    0,    0,    0,    0,    0,    0,    0,    0,    0,    0,    0,    0,    0,    0,    0,    0,    0,    0,  -14,    0,    0,    0,    0,    0,    0,    0,    0,    0,    0,    0,    0,    0,    0,    0,    0,    0,    0,    0,    0,    0,    0,    0,    0,    0,    0,    0,    0,    0,    0,    0,    0,    0,    0,    0,    0,    0,    0,    0,    0,    0,    0,    0,    0,    0,    0,    0,    0,    0,    0,    0,    0,    0,    0,    0,    0,    0,    0,    0,    0,    0,    0,    0,    0,    0,    0,    0,    0,    0,    0,    0,    0,    0,    0,    0,    0,    0,    0,    0,    0,    0,    0,    0,    0,    0,    0,    0,    0,    0,    0,    0,    0,    0,    0,    0,   -5,   -5,    0,    0,    0,  -14,   -2,   -6,    0,  -11,    0,    0,   -2,   -5,   -5,    0,    0,    0,    0,    0,    0,    0,    0,   -6,    0,    0,    0,   -5,    0,   -8,    0,   -8,    0,   -6,    0,    0,    0,   -5,   -5,    0,    0,   -6,    0,    0,   -5,    0,   -6,    0,   -6,   -5,    0,    0,    0,   -7,    0,    0,    0,    0,    0,    0,   -5,    0,   -1,    0,   -3,    0,    0,   -5,   -6,   -6,    0,    0,  -14,    0,    0,    0,    0,    0,    0,    0,    0,    0,  -15,  -13,   -5,  -19,  -19,  -13,    0,    0,    0,
       0,   -8,    0,   -4,  -11,    0,    0,    0,    0,    0,    0,    0,    0,    0,    0,    0,    0,    0,    0,  -10,    0,    0,    0,    0,    0,    0,    0,    0,    0,    0,    0,    0,    0,  -15,  -14,    0,    0,    0,    0,    0,    0,    0,    0,    0,    0,    0,    0,    0,    0,    0,    0,    0,    0,    0,  -13,    0,    0,    0,   -5,   -9,    0,    0,    0,    0,    0,    0,    0,    0,    0,    0,    0,    0,    0,    0,    0,    0,    0,    0,    0,    0,    0,    0,    0,    0,    0,    0,    0,    0,    0,    0,    0,    0,    0,    0,    0,    0,    0,    0,    0,    0,    0,    0,    0,    0,    0,    0,    0,    0,    0,    0,    0,    0,    0,    0,    0,    0,    0,    0,    0,    0,    0,    0,    0,    0,    0,    0,    0,    0,    0,    0,    0,    0,    0,    0,    0,    0,    0,    0,    0,    0,    0,    0,    0,    0,    0,   -4,   -3,   -5,    0,   -5,    0,    0,    0,    0,    0,   -5,    0,   -3,   -3,    0,    0,    0,    0,    0,   -2,   -5,    0,    0,    0,    0,    0,    0,    0,   -3,    0,    0,    0,    0,    0,    0,    0,    0,    0,    0,    0,    0,    0,   -2,   -2,   -4,    0,    0,    0,    0,    0,    0,   -3,    0,   -3,    0,    0,    0,   -6,   -6,   -4,    0,   -5,    0,    0,    0,    0,    0,   -1,    0,   -8,   -5,   -5,    0,   -3,   -3,    0,    0,    0,    0,    0,    0,    0,    0,    0,    0,    0,   -9,  -12,   -7,    0,  -16,  -16,   -5,    0,    0,    0,
       0,    0,    0,   -5,    0,  -21,  -21,  -17,    0,    0,    0,    0,    0,    0,    0,    0,    0,    0,    0,    0,    0,    0,    0,    0,    0,    0,    0,    0,    0,    0,    0,    0,    0,    0,  -12,    0,    0,    0,    0,    0,    0,    0,    0,    0,    0,    0,    0,    0,    0,    0,    0,    0,    0,    0,  -10,    0,    0,    0,    0,    0,    0,    0,    0,    0,    0,    0,    0,    0,    0,    0,    0,    0,    0,    0,    0,    0,    0,    0,    0,    0,    0,    0,    0,    0,    0,    0,    0,    0,    0,    0,    0,    0,    0,    0,    0,    0,    0,    0,    0,    0,    0,    0,    0,    0,    0,    0,    0,    0,    0,    0,    0,    0,    0,    0,    0,    0,    0,    0,    0,    0,    0,    0,    0,    0,    0,    0,    0,    0,    0,    0,    0,    0,    0,    0,    0,    0,    0,    0,    0,    0,    0,    0,    0,    0,    0,  -10,    0,   -7,   -3,   -7,    0,   -2,    0,    0,    0,  -29,   -7,    0,   -6,    0,    0,    0,    0,    0,   -7,   -7,    0,   -5,    0,    0,    0,    0,    0,    0,    0,    0,    0,    2,    0,  -24,    0,    0,    0,    0,    0,    0,    0,    0,    0,   -5,    0,  -19,   -3,    0,    0,    0,    0,    0,    3,    0,    0,    0,    0,   -5,  -10,    0,   -7,    0,   -3,   -3,   -2,    0,    0,    0,    0,   -7,   -7,    0,    0,    0,    0,    0,    0,    0,    0,    0,    0,    0,    0,    0,    0,    0,    0,    0,  -22,    0,    0,    0,    0,    0,    0,
       0,    0,    0,    0,    0,    0,    0,    0,    0,    0,    0,    0,    0,    0,    0,    0,    0,    0,    0,    0,    0,    0,    0,    0,    0,    0,    0,    0,    0,    0,    0,    0,    0,    0,   -5,    0,    0,    0,    0,    0,    0,    0,    0,    0,    0,    0,    0,    0,    0,    0,    0,    0,    0,    0,   -5,    0,    0,    0,  -12,  -10,    0,    0,    0,    0,    0,    0,    0,    0,    0,    0,    0,    0,    0,    0,    0,    0,    0,    0,    0,    0,    0,    0,    0,    0,    0,    0,    0,    0,    0,    0,    0,    0,    0,    0,    0,    0,    0,    0,    0,    0,    0,    0,    0,    0,    0,    0,    0,    0,    0,    0,    0,    0,    0,    0,    0,    0,    0,    0,    0,    0,    0,    0,    0,    0,    0,    0,    0,    0,    0,    0,    0,    0,    0,    0,    0,    0,    0,    0,    0,    0,    0,    0,    0,    0,    0,  -10,   -3,  -11,    0,  -11,    0,    0,    0,    0,    0,    0,    0,    0,   -9,    0,    0,    0,    0,    0,    0,  -11,    0,    0,    0,    0,    0,    0,    0,    0,    0,    0,    0,    0,    0,    0,    0,    0,    0,    0,    0,    0,    0,    0,    0,   -9,    0,    0,    0,    0,    0,    0,    0,    0,    0,    0,    0,    0,  -10,   -2,  -10,    0,  -11,    0,   -4,   -4,    0,    0,    0,    0,   -8,  -11,  -11,    0,    0,    0,    0,    0,    0,    0,    0,    0,    0,    0,    0,    0,    0,  -10,    0,    0,    0,    0,    0,    0,    0,    0,    0,
       0,  -11,    0,    0,  -13,    0,    0,    0,    0,    0,    0,    0,    0,    0,    0,    0,    0,    0,    0,  -11,    0,    0,    0,    0,    0,    0,    0,    0,    0,    0,    0,    0,    0,  -21,    0,    0,    0,    0,    0,    0,    0,    0,    0,    0,    0,    0,    0,    0,    0,    0,    0,    0,    0,    0,    0,    0,    0,    0,   -5,   -5,    0,    0,    0,    0,    0,    0,    0,    0,    0,    0,    0,    0,    0,    0,    0,    0,    0,    0,    0,    0,    0,    0,    0,    0,    0,    0,    0,    0,    0,    0,    0,    0,    0,    0,    0,    0,    0,    0,    0,    0,    0,    0,    0,    0,    0,    0,    0,    0,    0,    0,    0,    0,    0,    0,    0,    0,    0,    0,    0,    0,    0,    0,    0,    0,    0,    0,    0,    0,    0,    0,    0,    0,    0,    0,    0,    0,    0,    0,    0,    0,    0,    0,    0,    0,    0,   -1,   -6,   -4,    0,   -4,    0,    0,   -1,   -1,    0,    0,    0,  -11,   -1,    0,   -1,   -9,   -9,    0,    0,   -4,    0,    0,    0,    0,    0,    0,   -1,  -11,    0,   -8,    0,   -8,    0,    0,    0,    0,    0,    0,    0,   -6,    0,  -10,  -10,   -3,    0,    0,    0,    0,   -8,    0,  -11,    0,  -11,   -9,    0,    0,  -10,   -8,   -1,    0,   -4,    0,    0,    0,    0,    0,   -8,   -1,  -16,   -4,   -4,    0,  -11,  -11,   -9,    0,    0,    0,    0,    0,    0,    0,    0,    0,    0,   -5,  -13,  -11,    0,  -16,  -16,   -7,    0,    0,    0,
       0,  -38,    0,  -13,  -39,    0,    0,    0,    0,    0,    0,    0,    0,    0,    0,    0,    0,    0,    0,  -17,    0,    0,    0,    0,    0,    0,    0,    0,    0,    0,    0,    0,    0,  -28,  -15,    0,    0,    0,    0,    0,    0,    0,    0,    0,    0,    0,    0,    0,    0,    0,    0,    0,    0,    0,  -14,    0,    0,    0,    0,    0,    0,    0,    0,    0,    0,    0,    0,    0,    0,    0,    0,    0,    0,    0,    0,    0,    0,    0,    0,    0,    0,    0,    0,    0,    0,    0,    0,    0,    0,    0,    0,    0,    0,    0,    0,    0,    0,    0,    0,    0,    0,    0,    0,    0,    0,    0,    0,    0,    0,    0,    0,    0,    0,    0,    0,    0,    0,    0,    0,    0,    0,    0,    0,    0,    0,    0,    0,    0,    0,    0,    0,    0,    0,    0,    0,    0,    0,    0,    0,    0,    0,    0,    0,    0,    0,    0,    0,    0,    0,    0,   -6,   -3,    0,    0,    0,   -7,    0,  -18,    0,   -8,    0,    0,  -18,   -5,   -3,    0,    0,    0,    0,    0,    0,    0,    0,  -18,    0,    0,    0,  -21,    0,   -4,    0,   -3,    0,   -9,    0,    0,    0,  -16,  -16,    0,    0,   -1,    0,    0,  -28,    0,  -18,    0,  -18,  -29,    0,    0,   -1,   -8,    0,    0,    0,    0,    0,    0,   -3,    0,   -7,    0,   -6,    0,    0,   -5,  -18,  -18,    0,    0,  -10,    0,    0,    0,    0,    0,    0,    0,    0,    0,  -39,  -38,    0,  -42,  -42,  -17,    0,    0,    0,
       0,  -18,    0,  -10,  -21,    0,    0,    0,    0,    0,    0,    0,    0,    0,    0,    0,    0,    0,    0,  -15,    0,    0,    0,    0,    0,    0,    0,    0,    0,    0,    0,    0,    0,  -22,  -11,    0,    0,    0,    0,    0,    0,    0,    0,    0,    0,    0,    0,    0,    0,    0,    0,    0,    0,    0,  -10,    0,    0,    0,    0,    0,    0,    0,    0,    0,    0,    0,    0,    0,    0,    0,    0,    0,    0,    0,    0,    0,    0,    0,    0,    0,    0,    0,    0,    0,    0,    0,    0,    0,    0,    0,    0,    0,    0,    0,    0,    0,    0,    0,    0,    0,    0,    0,    0,    0,    0,    0,    0,    0,    0,    0,    0,    0,    0,    0,    0,    0,    0,    0,    0,    0,    0,    0,    0,    0,    0,    0,    0,    0,    0,    0,    0,    0,    0,    0,    0,    0,    0,    0,    0,    0,    0,    0,    0,    0,    0,    0,    0,    0,    0,    0,   -3,   -2,    0,    0,    0,   -4,    0,  -11,    0,   -6,    0,    0,  -10,   -4,   -1,    0,    0,    0,    0,    0,    0,    0,    0,  -11,    0,    0,    0,    0,    0,    0,    0,    0,    0,    0,    0,    0,    0,    0,    0,    0,    0,    0,    0,    0,    0,    0,    0,    0,    0,    0,    0,    0,    0,    0,    0,    0,    0,    0,    0,    0,   -2,    0,    0,    0,    0,    0,    0,   -4,  -11,  -11,    0,    0,   -6,    0,    0,    0,    0,    0,    0,    0,    0,    0,  -21,  -21,    0,  -23,  -23,  -15,    0,    0,    0,
       0,   -9,    0,   -3,  -13,    0,    0,    0,    0,    0,    0,    0,    0,    0,    0,    0,    0,    0,    0,  -11,    0,    0,    0,    0,    0,    0,    0,    0,    0,    0,    0,    0,    0,  -11,   -8,    0,    0,    0,    0,    0,    0,    0,    0,    0,    0,    0,    0,    0,    0,    0,    0,    0,    0,    0,   -9,    0,    0,    0,    0,    0,    0,    0,    0,    0,    0,    0,    0,    0,    0,    0,    0,    0,    0,    0,    0,    0,    0,    0,    0,    0,    0,    0,    0,    0,    0,    0,    0,    0,    0,    0,    0,    0,    0,    0,    0,    0,    0,    0,    0,    0,    0,    0,    0,    0,    0,    0,    0,    0,    0,    0,    0,    0,    0,    0,    0,    0,    0,    0,    0,    0,    0,    0,    0,    0,    0,    0,    0,    0,    0,    0,    0,    0,    0,    0,    0,    0,    0,    0,    0,    0,    0,    0,    0,    0,    0,    0,    0,   -1,    0,   -1,    0,    0,    0,    0,    0,   -2,    0,   -6,    0,    0,    0,    0,   -1,    0,    0,   -1,    0,    0,    0,    0,    0,    0,    0,   -6,    0,   -1,    0,   -1,    0,    0,    0,    0,    0,    0,    0,    0,    0,   -5,   -5,    0,    0,    0,    0,    0,   -1,    0,   -6,    0,   -6,   -1,    0,    0,    0,   -7,    0,    0,   -1,    0,    0,    0,    0,    0,    0,    0,   -6,   -1,   -1,    0,   -6,   -6,    0,    0,    0,    0,    0,    0,    0,    0,    0,    0,    0,    0,  -12,  -10,    0,  -11,  -11,  -11,    0,    0,    0,
       0,   -8,    0,   -4,  -11,    0,    0,    0,    0,    0,    0,    0,    0,    0,    0,    0,    0,    0,    0,  -10,    0,    0,    0,    0,    0,    0,    0,    0,    0,    0,    0,    0,    0,  -15,  -14,    0,    0,    0,    0,    0,    0,    0,    0,    0,    0,    0,    0,    0,    0,    0,    0,    0,    0,    0,  -13,    0,    0,    0,    0,   -8,    0,    0,    0,    0,    0,    0,    0,    0,    0,    0,    0,    0,    0,    0,    0,    0,    0,    0,    0,    0,    0,    0,    0,    0,    0,    0,    0,    0,    0,    0,    0,    0,    0,    0,    0,    0,    0,    0,    0,    0,    0,    0,    0,    0,    0,    0,    0,    0,    0,    0,    0,    0,    0,    0,    0,    0,    0,    0,    0,    0,    0,    0,    0,    0,    0,    0,    0,    0,    0,    0,    0,    0,    0,    0,    0,    0,    0,    0,    0,    0,    0,    0,    0,    0,    0,   -2,   -2,   -5,    0,   -5,    0,    0,    0,    0,    0,   -5,    0,   -3,   -3,    0,    0,    0,    0,    0,   -2,   -5,    0,    0,    0,    0,    0,    0,    0,   -3,    0,    0,    0,    0,    0,    0,    0,    0,    0,    0,    0,    0,    0,    0,    0,    0,    0,    0,    0,    0,    0,    0,    0,    0,    0,    0,    0,    0,    0,    0,   -2,    0,   -5,    0,    0,    0,    0,    0,    0,    0,    0,   -5,   -5,    0,   -3,   -3,    0,    0,    0,    0,    0,    0,    0,    0,    0,    0,    0,   -8,  -12,   -7,    0,  -16,  -16,   -5,    0,    0,    0,
       0,    0,    0,  -10,   -9,    0,    0,    0,    0,    0,    0,    0,    0,    0,    0,    0,    0,    0,    0,   -6,    0,    0,    0,    0,    0,    0,    0,    0,    0,    0,    0,    0,    0,  -14,  -14,    0,    0,    0,    0,    0,    0,    0,    0,    0,    0,    0,    0,    0,    0,    0,    0,    0,    0,    0,  -12,    0,    0,    0,    0,    0,    0,    0,    0,    0,    0,    0,    0,    0,    0,    0,    0,    0,    0,    0,    0,    0,    0,    0,    0,    0,    0,    0,    0,    0,    0,    0,    0,    0,    0,    0,    0,    0,    0,    0,    0,    0,    0,    0,    0,    0,    0,    0,    0,    0,    0,    0,    0,    0,    0,    0,    0,    0,    0,    0,    0,    0,    0,    0,    0,    0,    0,    0,    0,    0,    0,    0,    0,    0,    0,    0,    0,    0,    0,    0,    0,    0,    0,    0,    0,    0,    0,    0,    0,    0,    0,    0,    0,    0,    0,    0,    0,    0,    0,    0,    0,   -7,    0,   -4,    0,    0,    0,    0,    0,    0,   -1,    0,    0,    0,    0,    0,    0,    0,    0,   -4,    0,    0,    0,    0,    0,    0,    0,    0,    0,    0,    0,    0,    0,    0,    0,    0,    0,    0,    0,    0,    0,    0,    0,    0,    0,    0,    0,    0,    0,    0,    0,    0,    0,    0,    0,    0,    0,    0,    0,    0,    0,    0,    0,    0,   -4,   -4,    0,    0,    0,    0,    0,    0,    0,    0,    0,    0,    0,    0,  -10,   -5,    0,  -13,  -13,   -6,    0,    0,    0,
       0,    0,    0,    0,    0,    0,    0,    0,    0,    0,    0,    0,    0,    0,    0,    0,    0,    0,    0,    0,    0,    0,    0,    0,    0,    0,    0,    0,    0,    0,    0,    0,    0,    0,    0,    0,    0,    0,    0,    0,    0,    0,    0,    0,    0,    0,    0,    0,    0,    0,    0,    0,    0,    0,    0,    0,    0,    0,    0,    0,    0,    0,    0,    0,    0,    0,    0,    0,    0,    0,    0,    0,    0,    0,    0,    0,    0,    0,    0,    0,    0,    0,    0,    0,    0,    0,    0,    0,    0,    0,    0,    0,    0,    0,    0,    0,    0,    0,    0,    0,    0,    0,    0,    0,    0,    0,    0,    0,    0,    0,    0,    0,    0,    0,    0,    0,    0,    0,    0,    0,    0,    0,    0,    0,    0,    0,    0,    0,    0,    0,    0,    0,    0,    0,    0,    0,    0,    0,    0,    0,    0,    0,    0,    0,    0,    0,    0,    0,    0,    0,    0,    0,    0,    0,    0,    0,    0,    0,    0,    0,    0,    0,    0,    0,    0,    0,    0,    0,    0,    4,    0,    0,    0,    0,    0,    0,    0,    0,    0,    0,    0,    0,    0,    0,    0,    0,    0,    0,    0,    0,    0,    0,    0,    0,    0,    0,    0,    0,    0,    0,    0,    0,    0,    0,    0,    0,    0,    0,    0,    0,    0,    0,    0,    0,   -5,    0,    0,    0,    0,    0,    0,    0,    0,    0,    0,    0,    0,    0,    0,    0,    0,    0,    0,    0,    0,    0,    0,    0,    0,    0,    0,
       0,    8,    0,    5,   12,    0,    0,    0,    0,    0,    0,    0,    0,    0,    0,    0,    0,    0,    0,   10,    0,    0,    0,    0,    0,    0,    0,    0,    0,    0,    0,    0,    0,    5,    5,    0,    0,    0,    0,    0,    0,    0,    0,    0,    0,    0,    0,    0,    0,    0,    0,    0,    0,    0,    5,    0,    0,    0,    0,    0,    0,    0,    0,    0,    0,    0,    0,    0,    0,    0,    0,    0,    0,    0,    0,    0,    0,    0,    0,    0,    0,    0,    0,    0,    0,    0,    0,    0,    0,    0,    0,    0,    0,    0,    0,    0,    0,    0,    0,    0,    0,    0,    0,    0,    0,    0,    0,    0,    0,    0,    0,    0,    0,    0,    0,    0,    0,    0,    0,    0,    0,    0,    0,    0,    0,    0,    0,    0,    0,    0,    0,    0,    0,    0,    0,    0,    0,    0,    0,    0,    0,    0,    0,    0,    0,    0,    0,    0,    0,    0,    0,    0,    0,    0,    0,    0,    0,    0,    0,    0,    0,    0,    0,    0,    0,    0,    0,    0,    5,   26,    5,    0,    0,    0,    0,    0,    0,    0,    0,    0,    0,    0,    0,    0,    0,    0,    0,    0,    0,    0,    0,    0,    0,    0,    0,    0,    0,    0,    0,    0,    0,    0,    0,    0,    0,    0,    0,    0,    0,    0,    0,    0,    0,    0,   -5,    0,    0,    0,    0,    0,    0,    0,    0,    0,    0,    0,    0,    0,    0,    0,    0,    0,   10,    0,    0,   12,   12,    6,    0,    0,    0,
       0,    0,    0,    0,    0,    0,    0,    0,    0,    0,    0,    0,    0,    0,    0,    0,    0,    0,    0,    0,    0,    0,    0,    0,    0,    0,    0,    0,    0,    0,    0,    0,    0,    0,    0,    0,    0,    0,    0,    0,    0,    0,    0,    0,    0,    0,    0,    0,    0,    0,    0,    0,    0,    0,    0,    0,    0,    0,    0,    0,    0,    0,    0,    0,    0,    0,    0,    0,    0,    0,    0,    0,    0,    0,    0,    0,    0,    0,    0,    0,    0,    0,    0,    0,    0,    0,    0,    0,    0,    0,    0,    0,    0,    0,    0,    0,    0,    0,    0,    0,    0,    0,    0,    0,    0,    0,    0,    0,    0,    0,    0,    0,    0,    0,    0,    0,    0,    0,    0,    0,    0,    0,    0,    0,    0,    0,    0,    0,  -11,    0,    0,    0,    0,   -5,  -11,  -10,   -9,  -12,   -5,    0,  -11,    0,  -10,   -6,   -3,   -4,   -2,   -2,   -4,   -2,   -6,   -7,   -4,   -4,   -5,  -22,   -8,   -1,   -2,   -9,   -4,    0,    0,   -5,  -10,   -2,    0,    0,    0,    0,    0,    0,   -4,   -1,    0,    0,    0,    0,    0,    0,    0,    0,    0,    0,    0,    0,    0,    0,    0,    0,    0,    0,   -4,    0,    0,    0,    0,    0,    0,    0,    0,    0,    0,    0,   -4,    0,   -2,    0,    0,    0,   -7,    0,    0,   -4,    0,   -2,   -2,   -5,   -1,   -1,    0,  -11,   -9,    0,    0,    0,    0,    0,    0,    0,    0,    0,    0,    0,    0,    0,    0,    0,    0,    0,    0,
       0,    0,    0,    0,    0,    0,    0,    0,    0,    0,    0,    0,    0,    0,    0,    0,    0,    0,    0,    0,    0,    0,    0,    0,    0,    0,    0,    0,    0,    0,    0,    0,    0,    0,    0,    0,    0,    0,    0,    0,    0,    0,    0,    0,    0,    0,    0,    0,    0,    0,    0,    0,    0,    0,    0,    0,    0,    0,    0,    0,    0,    0,    0,    0,    0,    0,    0,    0,    0,    0,    0,    0,    0,    0,    0,    0,    0,    0,    0,    0,    0,    0,    0,    0,    0,    0,    0,    0,    0,    0,    0,    0,    0,    0,    0,    0,    0,    0,    0,    0,    0,    0,    0,    0,    0,    0,    0,    0,    0,    0,    0,    0,    0,    0,    0,    0,    0,    0,    0,    0,    0,    0,    0,    0,    0,    0,    0,    0,    0,    0,    0,    0,    0,    0,    0,    0,    0,    0,    0,    0,    0,    0,    0,    0,    0,    0,    0,    0,    0,    0,   -1,   -5,    0,    0,    0,  -18,   -4,    0,    0,   -5,    0,    0,    0,    0,   -6,    0,    0,    0,    0,    0,    0,    0,    0,    0,    0,    0,    0,    0,    0,    0,    0,    0,    0,    0,    0,    0,    0,    0,    0,    0,    0,    0,    0,    0,    0,    0,    0,    0,    0,    0,    0,    0,    0,    0,    0,    0,    0,    0,    0,    0,   -5,    0,    0,    0,    0,    0,    0,    0,    0,    0,    0,    0,   -5,    0,    0,    0,    0,    0,    0,    0,    0,    0,    0,    0,    0,    0,    0,    0,    0,    0,    0,
       0,    0,    0,    0,    0,    0,    0,    0,    0,    0,    0,    0,    0,    0,    0,    0,    0,    0,    0,    0,    0,    0,    0,    0,    0,    0,    0,    0,    0,    0,    0,    0,    0,    0,    0,    0,    0,    0,    0,    0,    0,    0,    0,    0,    0,    0,    0,    0,    0,    0,    0,    0,    0,    0,    0,    0,    0,    0,    0,    0,    0,    0,    0,    0,    0,    0,    0,    0,    0,    0,    0,    0,    0,    0,    0,    0,    0,    0,    0,    0,    0,    0,    0,    0,    0,    0,    0,    0,    0,    0,    0,    0,    0,    0,    0,    0,    0,    0,    0,    0,    0,    0,    0,    0,    0,    0,    0,    0,    0,    0,    0,    0,    0,    0,    0,    0,    0,    0,    0,    0,    0,    0,    0,    0,    0,    0,    0,    0,  -37,  -13,    0,    0,    0,    4,  -18,    0,    4,    0,    0,  -18,    0,  -31,  -33,   -3,    0,   -6,  -14,   -9,   -3,   -9,    0,    0,   -8,   -8,    0,    0,    0,  -21,   -6,    0,   -8,  -23,  -25,    0,    0,   -9,    0,    0,    0,    0,    0,    0,   -8,  -21,    0,    0,    0,    0,    0,    0,    0,    0,    0,    0,    0,    0,    0,    0,    0,    0,    0,    0,   -3,    0,    0,    0,    0,    0,    0,    0,    0,    0,    0,    0,   -6,    0,   -9,    0,    0,    0,    0,    0,    0,   -8,  -13,   -9,   -9,    0,  -21,  -21,  -23,    0,    0,    0,    0,    0,    0,    0,    0,    0,    0,    0,    0,    0,    0,    0,    0,    0,    0,    0,    0,
       0,    0,    0,    0,    0,    0,    0,    0,    0,    0,    0,    0,    0,    0,    0,    0,    0,    0,    0,    0,    0,    0,    0,    0,    0,    0,    0,    0,    0,    0,    0,    0,    0,    0,    0,    0,    0,    0,    0,    0,    0,    0,    0,    0,    0,    0,    0,    0,    0,    0,    0,    0,    0,    0,    0,    0,    0,    0,    0,    0,    0,    0,    0,    0,    0,    0,    0,    0,    0,    0,    0,    0,    0,    0,    0,    0,    0,    0,    0,    0,    0,    0,    0,    0,    0,    0,    0,    0,    0,    0,    0,    0,    0,    0,    0,    0,    0,    0,    0,    0,    0,    0,    0,    0,    0,    0,    0,    0,    0,    0,    0,    0,    0,    0,    0,    0,    0,    0,    0,    0,    0,    0,    0,    0,    0,    0,    0,    0,    0,    0,    0,    0,    0,    0,    0,    0,    0,    0,    0,    0,    0,    0,    0,    0,    0,   -6,  -15,   -9,   -3,   -9,    0,    0,   -7,   -7,    0,    0,    0,  -23,   -6,    0,   -7,  -21,  -23,    0,    0,   -9,    0,    0,    0,    0,    0,    0,   -7,  -23,    0,    0,    0,    0,    0,    0,    0,    0,    0,    0,    0,    0,    0,    0,    0,    0,    0,    0,   -3,    0,    0,    0,    0,    0,    0,    0,    0,    0,    0,    0,   -6,    0,   -9,    0,    0,    0,    0,    0,    0,   -7,    0,   -9,   -9,    0,  -23,  -23,  -21,    0,    0,    0,    0,    0,    0,    0,    0,    0,    0,    0,    0,    0,    0,    0,    0,    0,    0,    0,    0,
       0,    0,    0,    0,    0,    0,    0,    0,    0,    0,    0,    0,    0,    0,    0,    0,    0,    0,    0,    0,    0,    0,    0,    0,    0,    0,    0,    0,    0,    0,    0,    0,    0,    0,    0,    0,    0,    0,    0,    0,    0,    0,    0,    0,    0,    0,    0,    0,    0,    0,    0,    0,    0,    0,    0,    0,    0,    0,    0,    0,    0,    0,    0,    0,    0,    0,    0,    0,    0,    0,    0,    0,    0,    0,    0,    0,    0,    0,    0,    0,    0,    0,    0,    0,    0,    0,    0,    0,    0,    0,    0,    0,    0,    0,    0,    0,    0,    0,    0,    0,    0,    0,    0,    0,    0,    0,    0,    0,    0,    0,    0,    0,    0,    0,    0,    0,    0,    0,    0,    0,    0,    0,    0,    0,    0,    0,    0,    0,    0,   -8,    0,    0,    0,    0,    0,    0,    0,    0,    0,  -13,    0,    0,    0,    0,    0,   -7,  -19,  -11,   -3,  -11,    0,    0,  -11,  -11,   -5,    0,    0,  -29,   -8,    0,  -11,  -23,  -26,   -1,    0,  -11,    0,    0,    0,    0,    0,    0,  -11,  -29,    0,    0,    0,    0,    0,    0,    0,    0,    0,    0,    0,    0,    0,    0,    0,    0,    0,    0,   -3,    0,    0,    0,    0,    0,    0,    0,    0,    0,    0,    0,   -7,    0,  -11,    0,    0,    0,    0,    0,    0,  -11,   -8,  -11,  -11,   -1,  -29,  -29,  -23,    0,    0,    0,    0,    0,    0,    0,    0,    0,    0,    0,    0,    0,    0,    0,    0,    0,    0,    0,    0,
       0,    0,    0,    0,    0,    0,    0,    0,    0,    0,    0,    0,    0,    0,    0,    0,    0,    0,    0,    0,    0,    0,    0,    0,    0,    0,    0,    0,    0,    0,    0,    0,    0,    0,    0,    0,    0,    0,    0,    0,    0,    0,    0,    0,    0,    0,    0,    0,    0,    0,    0,    0,    0,    0,    0,    0,    0,    0,    0,    0,    0,    0,    0,    0,    0,    0,    0,    0,    0,    0,    0,    0,    0,    0,    0,    0,    0,    0,    0,    0,    0,    0,    0,    0,    0,    0,    0,    0,    0,    0,    0,    0,    0,    0,    0,    0,    0,    0,    0,    0,    0,    0,    0,    0,    0,    0,    0,    0,    0,    0,    0,    0,    0,    0,    0,    0,    0,    0,    0,    0,    0,    0,    0,    0,    0,    0,    0,    0,    0,    0,    0,    0,    0,    0,    0,    0,    0,    0,    0,    0,    0,    0,    0,    0,    0,   -6,   -5,   -8,    0,   -8,    0,    0,    0,    0,    0,    0,    0,    0,   -6,    0,    0,    0,    0,    0,    0,   -8,    0,    0,    0,    0,    0,    0,    0,    0,    0,    0,    0,    0,    0,    0,    0,    0,    0,    0,    0,    0,    0,    0,    0,    0,    0,    0,    0,    0,    0,    0,    0,    0,    0,    0,    0,    0,    0,    0,   -6,    0,   -8,    0,    0,    0,    0,    0,    0,    0,    0,   -8,   -8,    0,    0,    0,    0,    0,    0,    0,    0,    0,    0,    0,    0,    0,    0,    0,    0,    0,    0,    0,    0,    0,    0,    0,    0,
       0,    0,    0,    0,    0,    0,    0,    0,    0,    0,    0,    0,    0,    0,    0,    0,    0,    0,    0,    0,    0,    0,    0,    0,    0,    0,    0,    0,    0,    0,    0,    0,    0,    0,    0,    0,    0,    0,    0,    0,    0,    0,    0,    0,    0,    0,    0,    0,    0,    0,    0,    0,    0,    0,    0,    0,    0,    0,    0,    0,    0,    0,    0,    0,    0,    0,    0,    0,    0,    0,    0,    0,    0,    0,    0,    0,    0,    0,    0,    0,    0,    0,    0,    0,    0,    0,    0,    0,    0,    0,    0,    0,    0,    0,    0,    0,    0,    0,    0,    0,    0,    0,    0,    0,    0,    0,    0,    0,    0,    0,    0,    0,    0,    0,    0,    0,    0,    0,    0,    0,    0,    0,    0,    0,    0,    0,    0,    0,   -3,    0,    0,    0,    0,    0,   -6,   -5,   -2,   -3,    0,    0,   -6,    0,   -3,    0,   -2,   -3,   -6,   -4,   -2,   -4,   -8,   -9,   -5,   -5,   -5,  -15,   -8,   -2,   -3,   -8,   -5,   -4,   -5,   -8,  -11,   -4,    0,    0,    0,    0,    0,    0,   -5,   -2,    0,    0,    0,    0,    0,    0,    0,    0,    0,    0,    0,    0,    0,    0,    0,    0,    0,    0,   -2,    0,    0,    0,    0,    0,    0,    0,    0,    0,    0,    0,   -3,    0,   -4,    0,    0,    0,   -9,    0,    0,   -5,    0,   -4,   -4,   -8,   -2,   -2,   -4,   -6,   -8,    0,    0,    0,    0,    0,    0,    0,    0,    0,    0,    0,    0,    0,    0,    0,    0,    0,    0,
       0,    0,    0,    0,    0,    0,    0,    0,    0,    0,    0,    0,    0,    0,    0,    0,    0,    0,    0,    0,    0,    0,    0,    0,    0,    0,    0,    0,    0,    0,    0,    0,    0,    0,    0,    0,    0,    0,    0,    0,    0,    0,    0,    0,    0,    0,    0,    0,    0,    0,    0,    0,    0,    0,    0,    0,    0,    0,    0,    0,    0,    0,    0,    0,    0,    0,    0,    0,    0,    0,    0,    0,    0,    0,    0,    0,    0,    0,    0,    0,    0,    0,    0,    0,    0,    0,    0,    0,    0,    0,    0,    0,    0,    0,    0,    0,    0,    0,    0,    0,    0,    0,    0,    0,    0,    0,    0,    0,    0,    0,    0,    0,    0,    0,    0,    0,    0,    0,    0,    0,    0,    0,    0,    0,    0,    0,    0,    0,    0,    0,    0,    0,    0,    0,    0,    0,    0,    0,    0,    0,    0,    0,    0,    0,    0,    0,    0,    0,    0,    0,    0,    0,    0,    0,    0,   -5,    0,   -6,    0,   -2,    0,    0,   -2,    0,   -1,    0,    0,    0,    0,    0,    0,    0,    0,   -6,    0,    0,    0,    0,    0,    0,    0,    0,    0,    0,    0,    0,    0,    0,    0,    0,    0,    0,    0,    0,    0,    0,    0,    0,    0,    0,    0,    0,    0,    0,    0,    0,    0,    0,    0,    0,    0,    0,    0,    0,    0,    0,    0,    0,   -6,   -6,    0,    0,   -2,    0,    0,    0,    0,    0,    0,    0,    0,    0,    0,    0,    0,    0,    0,    0,    0,    0,    0,
       0,    0,    0,    0,    0,    0,    0,    0,    0,    0,    0,    0,    0,    0,    0,    0,    0,    0,    0,    0,    0,    0,    0,    0,    0,    0,    0,    0,    0,    0,    0,    0,    0,    0,    0,    0,    0,    0,    0,    0,    0,    0,    0,    0,    0,    0,    0,    0,    0,    0,    0,    0,    0,    0,    0,    0,    0,    0,    0,    0,    0,    0,    0,    0,    0,    0,    0,    0,    0,    0,    0,    0,    0,    0,    0,    0,    0,    0,    0,    0,    0,    0,    0,    0,    0,    0,    0,    0,    0,    0,    0,    0,    0,    0,    0,    0,    0,    0,    0,    0,    0,    0,    0,    0,    0,    0,    0,    0,    0,    0,    0,    0,    0,    0,    0,    0,    0,    0,    0,    0,    0,    0,    0,    0,    0,    0,    0,    0,    0,    0,    0,    0,    0,  -26,    0,  -25,  -30,    0,    0,    0,    0,    0,    0,    0,   -3,  -16,   -5,  -11,   -5,  -11,    0,   -4,   -5,   -5,   -6,  -41,  -20,    0,  -11,    0,   -5,    0,    0,    0,  -17,  -11,    0,    0,    0,    0,    0,    0,   -5,    0,    0,    0,    0,    0,    0,    0,    0,    0,    0,    0,    0,    0,    0,    0,    0,    0,    0,    0,   -5,    0,    0,    0,    0,    0,    0,    0,    0,    0,    0,    0,  -16,    0,  -11,    0,    0,    0,   -4,    0,    0,   -5,    0,  -11,  -11,    0,    0,    0,    0,    0,    0,    0,    0,    0,    0,    0,    0,    0,    0,    0,    0,    0,    0,    0,    0,    0,    0,    0,    0,
       0,    0,    0,    0,    0,    0,    0,    0,    0,    0,    0,    0,    0,    0,    0,    0,    0,    0,    0,    0,    0,    0,    0,    0,    0,    0,    0,    0,    0,    0,    0,    0,    0,    0,    0,    0,    0,    0,    0,    0,    0,    0,    0,    0,    0,    0,    0,    0,    0,    0,    0,    0,    0,    0,    0,    0,    0,    0,    0,    0,    0,    0,    0,    0,    0,    0,    0,    0,    0,    0,    0,    0,    0,    0,    0,    0,    0,    0,    0,    0,    0,    0,    0,    0,    0,    0,    0,    0,    0,    0,    0,    0,    0,    0,    0,    0,    0,    0,    0,    0,    0,    0,    0,    0,    0,    0,    0,    0,    0,    0,    0,    0,    0,    0,    0,    0,    0,    0,    0,    0,    0,    0,    0,    0,    0,    0,    0,    0,    0,    0,    0,    0,    0,    0,    0,    0,    0,    0,    0,    0,    0,    0,    0,    0,    0,    0,    0,    0,    0,    0,   -3,   -5,    0,    0,    0,  -16,   -3,    0,    0,   -6,    0,    0,    0,   -3,   -6,    0,    0,    0,    0,    0,    0,    0,    0,    0,    0,    0,    0,    0,    0,    0,    0,    0,    0,    0,    0,    0,    0,    0,    0,    0,    0,    0,    0,    0,    0,    0,    0,    0,    0,    0,    0,    0,    0,    0,    0,    0,    0,    0,    0,    0,   -5,    0,    0,    0,    0,    0,    0,   -3,    0,    0,    0,    0,   -6,    0,    0,    0,    0,    0,    0,    0,    0,    0,    0,    0,    0,    0,    0,    0,    0,    0,    0,
       0,    0,    0,    0,    0,    0,    0,    0,    0,    0,    0,    0,    0,    0,    0,    0,    0,    0,    0,    0,    0,    0,    0,    0,    0,    0,    0,    0,    0,    0,    0,    0,    0,    0,    0,    0,    0,    0,    0,    0,    0,    0,    0,    0,    0,    0,    0,    0,    0,    0,    0,    0,    0,    0,    0,    0,    0,    0,    0,    0,    0,    0,    0,    0,    0,    0,    0,    0,    0,    0,    0,    0,    0,    0,    0,    0,    0,    0,    0,    0,    0,    0,    0,    0,    0,    0,    0,    0,    0,    0,    0,    0,    0,    0,    0,    0,    0,    0,    0,    0,    0,    0,    0,    0,    0,    0,    0,    0,    0,    0,    0,    0,    0,    0,    0,    0,    0,    0,    0,    0,    0,    0,    0,    0,    0,    0,    0,    0,    0,  -14,    0,    0,    0,  -29,    0,  -37,  -33,    0,   -5,  -15,    0,    0,    0,   -2,  -15,  -50,  -29,  -46,  -46,  -83,  -40,  -47,  -39,  -39,  -38,  -77,  -46,  -27,  -45,  -33,  -39,  -33,  -30,  -42,  -47,  -87,    0,    0,    0,    0,    0,    0,  -39,  -27,    0,    0,    0,    0,    0,    0,    0,    0,    0,    0,    0,    0,    0,    0,    0,    0,    0,    0,  -46,    0,    0,    0,    0,    0,    0,    0,    0,    0,    0,    0,  -50,    0,  -46,    0,    0,    0,  -47,    0,    0,  -39,  -14,  -46,  -46,  -42,  -27,  -27,  -33,    0,  -33,    0,    0,    0,    0,    0,    0,    0,    0,    0,    0,    0,    0,    0,    0,    0,    0,    0,    0,
       0,    0,    0,    0,    0,    0,    0,    0,    0,    0,    0,    0,    0,    0,    0,    0,    0,    0,    0,    0,    0,    0,    0,    0,    0,    0,    0,    0,    0,    0,    0,    0,    0,    0,    0,    0,    0,    0,    0,    0,    0,    0,    0,    0,    0,    0,    0,    0,    0,    0,    0,    0,    0,    0,    0,    0,    0,    0,    0,    0,    0,    0,    0,    0,    0,    0,    0,    0,    0,    0,    0,    0,    0,    0,    0,    0,    0,    0,    0,    0,    0,    0,    0,    0,    0,    0,    0,    0,    0,    0,    0,    0,    0,    0,    0,    0,    0,    0,    0,    0,    0,    0,    0,    0,    0,    0,    0,    0,    0,    0,    0,    0,    0,    0,    0,    0,    0,    0,    0,    0,    0,    0,    0,    0,    0,    0,    0,    0,    0,    0,    0,    0,    0,    0,    0,    0,    0,    0,    0,    0,    0,    0,    0,    0,    0,  -17,    0,  -11,   -6,  -11,   -2,   -5,    0,    0,    0,  -33,   -8,    0,  -10,    0,    0,    0,    0,   -2,  -11,  -11,    0,    0,    0,    0,    0,    0,    0,    0,    0,    0,    0,    0,    0,    0,    0,    0,    0,    0,    0,    0,    0,    0,    0,    0,    0,    0,   -6,    0,    0,    0,    0,    0,    0,    0,    0,    0,    0,    0,  -17,    0,  -11,    0,    0,    0,   -5,    0,    0,    0,    0,  -11,  -11,   -2,    0,    0,    0,    0,    0,    0,    0,    0,    0,    0,    0,    0,    0,    0,    0,    0,    0,    0,    0,    0,    0,    0,    0,
       0,    0,    0,   -5,    0,  -21,  -21,  -17,    0,    0,    0,    0,    0,    0,    0,    0,    0,    0,    0,    0,    0,    0,    0,    0,    0,    0,    0,    0,    0,    0,    0,    0,    0,    0,  -12,    0,    0,    0,    0,    0,    0,    0,    0,    0,    0,    0,    0,    0,    0,    0,    0,    0,    0,    0,  -10,    0,    0,    0,    0,    0,    0,    0,    0,    0,    0,    0,    0,    0,    0,    0,    0,    0,    0,    0,    0,    0,    0,    0,    0,    0,    0,    0,    0,    0,    0,    0,    0,    0,    0,    0,    0,    0,    0,    0,    0,    0,    0,    0,    0,    0,    0,    0,    0,    0,    0,    0,    0,    0,    0,    0,    0,    0,    0,    0,    0,    0,    0,    0,    0,    0,    0,    0,    0,    0,    0,    0,    0,   -5,  -49,    0,    0,   -5,    0,  -26,  -21,  -22,  -30,  -23,  -14,    0,  -24,    0,  -42,  -10,  -12,  -10,    0,   -7,   -3,   -7,    0,   -2,    0,    0,    0,  -29,   -7,    0,   -6,    0,    0,    0,    0,    0,   -7,   -7,    0,   -5,    0,    0,    0,    0,    0,    0,    0,    0,    0,    2,    0,  -24,    0,    0,    0,    0,    0,    0,    0,    0,    0,   -5,   -5,  -19,   -3,   -5,    0,    0,    0,    0,    3,    0,    0,    0,    0,   -5,  -10,    0,   -7,    0,   -3,   -3,   -2,    0,    0,    0,    0,   -7,   -7,    0,    0,    0,    0,  -24,    0,    0,    0,    0,    0,    0,    0,    0,    0,    0,    0,    0,  -22,    0,    0,    0,    0,    0,    0,
       0,    0,    0,    0,    0,    0,    0,    0,    0,    0,    0,    0,    0,    0,    0,    0,    0,    0,    0,    0,    0,    0,    0,    0,    0,    0,    0,    0,    0,    0,    0,    0,    0,    0,    0,    0,    0,    0,    0,    0,    0,    0,    0,    0,    0,    0,    0,    0,    0,    0,    0,    0,    0,    0,    0,    0,    0,    0,    0,    0,    0,    0,    0,    0,    0,    0,    0,    0,    0,    0,    0,    0,    0,    0,    0,    0,    0,    0,    0,    0,    0,    0,    0,    0,    0,    0,    0,    0,    0,    0,    0,    0,    0,    0,    0,    0,    0,    0,    0,    0,    0,    0,    0,    0,    0,    0,    0,    0,    0,    0,    0,    0,    0,    0,    0,    0,    0,    0,    0,    0,    0,    0,    0,    0,    0,    0,    0,    0,    0,    0,    0,    0,    0,    0,    0,    0,    0,    0,    0,    0,    0,    0,    0,    0,    0,    0,    0,    0,    0,    0,   -5,   -4,    0,    0,    0,  -10,    0,   -8,    0,   -9,    0,    0,   -5,   -4,   -3,    0,    0,    0,    0,    0,    0,    0,    0,   -8,    0,    0,    0,    0,    0,    0,    0,    0,    0,    0,    0,    0,    0,    0,    0,    0,    0,    0,    0,    0,    0,    0,    0,    0,    0,    0,    0,    0,    0,    0,    0,    0,    0,    0,    0,    0,   -4,    0,    0,    0,    0,    0,    0,   -4,   -8,   -8,    0,    0,   -9,    0,    0,    0,    0,    0,    0,    0,    0,    0,    0,    0,    0,    0,    0,    0,    0,    0,    0,
       0,    0,    0,    0,    0,    0,    0,    0,    0,    0,    0,    0,    0,    0,    0,    0,    0,    0,    0,    0,    0,    0,    0,    0,    0,    0,    0,    0,    0,    0,    0,    0,    0,    0,    0,    0,    0,    0,    0,    0,    0,    0,    0,    0,    0,    0,    0,    0,    0,    0,    0,    0,    0,    0,    0,    0,    0,    0,    0,    0,    0,    0,    0,    0,    0,    0,    0,    0,    0,    0,    0,    0,    0,    0,    0,    0,    0,    0,    0,    0,    0,    0,    0,    0,    0,    0,    0,    0,    0,    0,    0,    0,    0,    0,    0,    0,    0,    0,    0,    0,    0,    0,    0,    0,    0,    0,    0,    0,    0,    0,    0,    0,    0,    0,    0,    0,    0,    0,    0,    0,    0,    0,    0,    0,    0,    0,    0,    0,    0,   -8,    0,    0,    0,   -8,    0,  -15,  -10,    0,   -2,  -10,    0,    0,    0,    0,   -4,  -33,  -12,  -30,  -15,  -30,  -10,  -16,  -15,  -15,  -17,  -32,  -24,    0,  -29,   -4,  -15,   -8,   -5,  -11,  -22,  -30,    0,    0,    0,    0,    0,    0,  -15,    0,    0,    0,    0,    0,    0,    0,    0,    0,    0,    0,    0,    0,    0,    0,    0,    0,    0,    0,  -15,    0,    0,    0,    0,    0,    0,    0,    0,    0,    0,    0,  -33,    0,  -30,    0,    0,    0,  -16,    0,    0,  -15,   -8,  -30,  -30,  -11,    0,    0,   -8,    0,   -4,    0,    0,    0,    0,    0,    0,    0,    0,    0,    0,    0,    0,    0,    0,    0,    0,    0,    0,
       0,    0,    0,    0,    0,    0,    0,    0,    0,    0,    0,    0,    0,    0,    0,    0,    0,    0,    0,    0,    0,    0,    0,    0,    0,    0,    0,    0,    0,    0,    0,    0,    0,    0,    0,    0,    0,    0,    0,    0,    0,    0,    0,    0,    0,    0,    0,    0,    0,    0,    0,    0,    0,    0,    0,    0,    0,    0,    0,    0,    0,    0,    0,    0,    0,    0,    0,    0,    0,    0,    0,    0,    0,    0,    0,    0,    0,    0,    0,    0,    0,    0,    0,    0,    0,    0,    0,    0,    0,    0,    0,    0,    0,    0,    0,    0,    0,    0,    0,    0,    0,    0,    0,    0,    0,    0,    0,    0,    0,    0,    0,    0,    0,    0,    0,    0,    0,    0,    0,    0,    0,    0,    0,    0,    0,    0,    0,    0,    0,    0,    0,    0,    0,    0,    0,    0,    0,    0,    0,    0,    0,    0,    0,    0,    0,   -7,    0,   -5,    0,   -5,    0,    0,    0,    0,    0,   -8,   -2,    0,   -4,    0,    0,    0,    0,    0,   -2,   -5,    0,    0,    0,    0,    0,    0,    0,    0,    0,    0,    0,    0,    0,    0,    0,    0,    0,    0,    0,    0,    0,    0,    0,    0,    0,    0,    0,    0,    0,    0,    0,    0,    0,    0,    0,    0,    0,    0,   -7,    0,   -5,    0,    0,    0,    0,    0,    0,    0,    0,   -5,   -5,    0,    0,    0,    0,    0,    0,    0,    0,    0,    0,    0,    0,    0,    0,    0,    0,    0,    0,    0,    0,    0,    0,    0,    0,
       0,    0,    0,    0,    0,    0,    0,    0,    0,    0,    0,    0,    0,    0,    0,    0,    0,    0,    0,    0,    0,    0,    0,    0,    0,    0,    0,    0,    0,    0,    0,    0,    0,    0,    0,    0,    0,    0,    0,    0,    0,    0,    0,    0,    0,    0,    0,    0,    0,    0,    0,    0,    0,    0,    0,    0,    0,    0,    0,    0,    0,    0,    0,    0,    0,    0,    0,    0,    0,    0,    0,    0,    0,    0,    0,    0,    0,    0,    0,    0,    0,    0,    0,    0,    0,    0,    0,    0,    0,    0,    0,    0,    0,    0,    0,    0,    0,    0,    0,    0,    0,    0,    0,    0,    0,    0,    0,    0,    0,    0,    0,    0,    0,    0,    0,    0,    0,    0,    0,    0,    0,    0,    0,    0,    0,    0,    0,    0,    0,   -2,    0,    0,   -5,    0,    0,    0,    0,    0,    0,   -3,    0,    0,    0,    0,   -2,  -19,   -8,  -18,  -15,  -18,  -14,  -14,  -10,  -10,   -9,  -23,  -14,  -13,   -9,   -6,  -10,  -15,   -8,  -13,   -9,  -18,    0,   -7,   -3,   -3,   -3,    0,  -10,  -13,    0,   -7,    0,   -5,    0,   -7,    0,   -3,    0,   -6,    0,   -6,    0,   -6,   -6,   -7,    0,   -9,  -15,    0,   -5,    0,   -6,    0,   -6,   -5,   -3,    0,   -5,    0,  -19,    0,  -18,    0,   -7,   -7,  -14,    0,   -4,  -10,   -2,  -18,  -18,  -13,  -13,  -13,  -15,    0,   -6,    0,    0,    0,    0,    0,    0,    0,    0,    0,    0,    0,    0,    0,    0,    0,    0,    0,    0,
       0,    0,    0,    0,    2,  -27,  -27,  -22,    0,    0,    0,    0,    0,    0,    0,    0,    0,    0,    0,    0,    0,    0,    0,    0,    0,    0,    0,    0,    0,    0,    0,    0,    0,    0,    0,    0,    0,    0,    0,    0,    0,    0,    0,    0,    0,    0,    0,    0,    0,    0,    0,    0,    0,    0,    0,    0,    0,    0,  -12,  -11,    0,    0,    0,    0,    0,    0,    0,    0,    0,    0,    0,    0,    0,    0,    0,    0,    0,    0,    0,    0,    0,    0,    0,    0,    0,    0,    0,    0,    0,    0,    0,    0,    0,    0,    0,    0,    0,    0,    0,    0,    0,    0,    0,    0,    0,    0,    0,    0,    0,    0,    0,    0,    0,    0,    0,    0,    0,    0,    0,    0,    0,    0,    0,    0,    0,    0,    0,    0,    0,    0,    0,    0,    0,    0,    0,    0,    0,    0,    0,    0,    0,    0,    0,    0,    0,  -18,    0,  -11,    0,  -11,    0,    0,    0,    0,    0,  -32,   -7,    0,  -11,    0,    0,    0,    0,    0,   -9,  -11,    0,    0,    0,   18,    0,    0,    0,    0,    0,    0,    0,    0,    0,    0,    0,    0,    0,    0,    0,    0,    0,    0,    0,    0,    0,  -21,    0,    0,    0,    0,    0,    0,    0,    0,    0,    0,    0,    0,  -18,    0,  -11,    0,    0,    0,    0,    0,    0,    0,    0,  -11,  -11,    0,    0,    0,    0,    0,    0,    0,    0,    0,    0,    0,    0,    0,    0,  -11,    0,    0,  -27,    0,    0,    0,    0,    0,    0,
       0,    0,    0,    0,    0,  -49,  -51,  -38,    0,    0,    0,    0,    0,    0,    0,    0,    0,  -28,  -29,    0,    0,    0,    0,    0,    0,    0,    0,    0,    0,    0,    0,    0,    0,    0,    0,    0,    0,    0,    0,    0,    0,    0,    0,    0,    0,    0,    0,    0,    0,    0,    0,    0,    0,    0,    0,    0,    0,    0,  -91,  -76,    0,    0,    0,  -77,    0,    0,    0,    0,    0,    0,    0,    0,    0,    0,    0,    0,    0,    0,    0,    0,    0,    0,    0,    0,    0,    0,    0,    0,    0,    0,    0,    0,    0,    0,    0,    0,    0,    0,    0,    0,    0,    0,    0,    0,    0,    0,    0,    0,    0,    0,    0,    0,    0,    0,    0,    0,    0,    0,    0,    0,    0,    0,    0,    0,    0,    0,    0,    0,    0,  -30,   -1,    0,  -50,  -34,    0,  -98,  -39,    0,    0,  -15,    0,    0,    0,    0,  -21, -128,  -36, -128,  -56, -114, -119, -125,  -97,  -88, -101, -128, -128,  -88,  -64,  -99,  -99,  -99,  -44, -121,  -64, -125,    5,  -67,   -2,    5,   -2,    5,  -95,  -77,   -7,  -49,  -10,  -39,  -48, -102,    0,  -50,    0,  -31,    0,  -50,    0,  -48,  -63,  -56,    0,  -85, -106,    0,  -42,    0,  -87,    0,  -87,  -46,  -49,  -30,  -58,    0, -128,  -57, -128,    0, -122, -109, -102,    0,  -50,  -95,  -30, -124, -128,  -93,  -82,  -72,  -91,    0,  -99,    0,    0,    0,    0,    0,    0,    0,    0,  -77,    0,    0,  -46,    0,    0,    0,    0,    0,    0,
       0,   -7,    0,    0,  -12,    0,    0,    0,    0,    0,    0,    0,    0,    0,    0,    0,    0,    0,    0,    0,    0,    0,    0,    0,    0,    0,    0,    0,    0,    0,    0,    0,    0,    0,    0,    0,    0,    0,    0,    0,    0,    0,    0,    0,    0,    0,    0,    0,    0,    0,    0,    0,    0,    0,    0,    0,    0,    0,    0,    0,    0,    0,    0,    0,    0,    0,    0,    0,    0,    0,    0,    0,    0,    0,    0,    0,    0,    0,    0,    0,    0,    0,    0,    0,    0,    0,    0,    0,    0,    0,    0,    0,    0,    0,    0,    0,    0,    0,    0,    0,    0,    0,    0,    0,    0,    0,    0,    0,    0,    0,    0,    0,    0,    0,    0,    0,    0,    0,    0,    0,    0,    0,    0,    0,    0,    0,    0,    0,   -8,   -2,    0,    0,    0,    0,   -5,    0,    0,    0,    0,   -3,    0,   -4,   -7,    0,    0,    0,   -6,   -1,    0,   -1,   -2,    0,   -2,   -2,   -2,    0,   -1,  -21,   -1,    0,   -2,   -6,  -20,   -2,    0,   -1,    0,    0,    0,    0,    0,    0,   -2,  -21,    0,    0,    0,    0,    0,    0,    0,    0,    0,    0,    0,    0,    0,    0,    0,    0,    0,    0,    0,    0,    0,  -14,  -21,  -14,  -21,  -24,   -2,   -6,   -3,    0,    0,    0,   -1,    0,   -1,   -1,    0,    0,  -12,   -2,   -2,   -1,   -1,   -2,  -21,  -21,   -6,    0,    0,    0,    0,    0,    0,    0,    0,    0,    0,    0,   -7,   -8,    0,   -6,   -6,    0,    0,    0,    0,
       0,   -6,    0,    0,  -11,    0,    0,    0,    0,    0,    0,    0,    0,    0,    0,    0,    0,    0,    0,   -6,    0,    0,    0,    0,    0,    0,    0,    0,    0,    0,    0,    0,    0,  -17,    0,    0,    0,    0,    0,    0,    0,    0,    0,    0,    0,    0,    0,    0,    0,    0,    0,    0,    0,    0,    0,    0,    0,    0,    0,   -3,    0,    0,    0,    0,    0,    0,    0,    0,    0,    0,    0,    0,    0,    0,    0,    0,    0,    0,    0,    0,    0,    0,    0,    0,    0,    0,    0,    0,    0,    0,    0,    0,    0,    0,    0,    0,    0,    0,    0,    0,    0,    0,    0,    0,    0,    0,    0,    0,    0,    0,    0,    0,    0,    0,    0,    0,    0,    0,    0,    0,    0,    0,    0,    0,    0,    0,    0,    0,    0,    0,    0,    0,    0,    0,    0,    0,    0,    0,    0,    0,    0,    0,    0,    0,    0,    0,   -3,    0,    0,    0,    0,    0,    0,    0,    0,    0,    0,   -9,    0,    0,    0,   -5,   -7,    0,    0,    0,    0,    0,    0,    0,    0,    0,    0,   -9,    0,    0,    0,    0,    0,    0,    0,    0,    0,    0,    0,    0,    0,    0,    0,    0,    0,    0,    0,    0,    0,    0,   -9,    0,   -9,   -7,    0,    0,  -11,    0,    0,    0,    0,    0,    0,    0,    0,    0,   -4,    0,    0,    0,    0,    0,   -9,   -9,   -5,    0,    0,    0,    0,    0,    0,    0,    0,    0,    0,   -3,  -11,  -10,    0,  -13,  -13,   -6,    0,    0,    0,
       0,    0,    0,    0,    0,    0,    0,    0,    0,    0,    0,    0,    0,    0,    0,    0,    0,    0,    0,    0,    0,    0,    0,    0,    0,    0,    0,    0,    0,    0,    0,    0,    0,    0,    0,    0,    0,    0,    0,    0,    0,    0,    0,    0,    0,    0,    0,    0,    0,    0,    0,    0,    0,    0,    0,    0,    0,    0,  -14,  -16,    0,    0,    0,    0,    0,    0,    0,    0,    0,    0,    0,    0,    0,    0,    0,    0,    0,    0,    0,    0,    0,    0,    0,    0,    0,    0,    0,    0,    0,    0,    0,    0,    0,    0,    0,    0,    0,    0,    0,    0,    0,    0,    0,    0,    0,    0,    0,    0,    0,    0,    0,    0,    0,    0,    0,    0,    0,    0,    0,    0,    0,    0,    0,    0,    0,    0,    0,    0,    0,  -16,    0,    0,    0,    7,    0,    7,    2,    6,    3,  -22,    8,    0,    0,    0,    7,  -14,  -22,  -20,   -7,  -37,    0,    0,  -16,  -16,   -6,    0,    0,  -25,  -15,    6,  -16,  -28,  -26,   -5,    0,  -20,    0,   -3,    0,    3,    0,    0,  -16,  -25,  -12,  -22,    0,  -24,    0,    0,    0,    0,    0,    0,    0,  -20,    0,  -25,  -32,  -19,    0,    0,   -7,    0,  -26,    0,  -25,    0,  -25,  -28,   -6,  -28,  -25,    0,  -14,    0,  -20,   -4,  -14,  -14,    0,    0,  -28,  -16,  -16,  -20,  -20,   -5,  -25,  -25,  -28,    8,    6,    0,    0,    0,    0,    0,    0,    0,    0,  -16,    0,    0,    0,    0,    0,    0,    0,    0,    0,
       0,    0,    0,    0,    0,    0,    0,    0,    0,    0,    0,    0,    0,    0,    0,    0,    0,    0,    0,    0,    0,    0,    0,    0,    0,    0,    0,    0,    0,    0,    0,    0,    0,    0,    0,    0,    0,    0,    0,    0,    0,    0,    0,    0,    0,    0,    0,    0,    0,    0,    0,    0,    0,    0,    0,    0,    0,    0,  -14,  -16,    0,    0,    0,    0,    0,    0,    0,    0,    0,    0,    0,    0,    0,    0,    0,    0,    0,    0,    0,    0,    0,    0,    0,    0,    0,    0,    0,    0,    0,    0,    0,    0,    0,    0,    0,    0,    0,    0,    0,    0,    0,    0,    0,    0,    0,    0,    0,    0,    0,    0,    0,    0,    0,    0,    0,    0,    0,    0,    0,    0,    0,    0,    0,    0,    0,    0,    0,    0,    0,  -17,    0,    0,    0,    5,    0,    4,    2,    3,    0,  -23,    5,    0,    0,    0,    5,  -14,  -21,  -20,   -6,  -38,    0,    0,  -16,  -16,   -5,    0,    0,  -25,  -15,    3,  -16,  -28,  -26,   -5,    0,  -20,    0,   -3,    0,    4,    0,    0,  -16,  -25,  -12,  -22,    0,  -24,    0,    0,    0,    0,    0,    0,    0,  -20,    0,  -26,  -32,  -19,   -2,    0,   -6,    0,  -27,    0,  -25,    0,  -25,  -28,   -5,  -28,  -25,    0,  -14,    0,  -20,   -4,  -14,  -26,    0,    0,  -29,  -16,  -17,  -39,  -39,   -5,  -25,  -25,  -28,    5,    3,    0,    0,    0,    0,    0,    0,    0,    0,  -16,    0,    0,    0,    0,    0,    0,    0,    0,    0,
       0,    0,    0,    0,    0,    0,    0,    0,    0,    0,    0,    0,    0,    0,    0,    0,    0,    0,    0,    0,    0,    0,    0,    0,    0,    0,    0,    0,    0,    0,    0,    0,    0,   -6,  -11,    0,    0,    0,    0,    0,    0,    0,    0,    0,    0,    0,    0,    0,    0,    0,    0,    0,    0,    0,   -9,    0,    0,    0,  -12,  -11,    0,    0,    0,    0,    0,    0,    0,    0,    0,    0,    0,    0,    0,    0,    0,    0,    0,    0,    0,    0,    0,    0,    0,    0,    0,    0,    0,    0,    0,    0,    0,    0,    0,    0,    0,    0,    0,    0,    0,    0,    0,    0,    0,    0,    0,    0,    0,    0,    0,    0,    0,    0,    0,    0,    0,    0,    0,    0,    0,    0,    0,    0,    0,    0,    0,    0,    0,    0,    0,    0,    0,    0,    0,    0,    0,    0,    0,    0,    0,    0,    0,    0,    0,    0,    0,  -19,   -4,  -19,    0,  -19,    0,    0,    0,    0,    0,    0,    0,    0,   -8,    0,    0,    0,    0,    0,    0,  -19,    0,    0,    0,    0,    0,    0,    0,    0,    0,   -2,    0,    0,    0,    0,    0,    0,    0,    0,    0,   -2,    0,    0,    0,   -8,    0,    0,    0,    0,    0,    0,    0,    0,    0,    0,    0,    0,  -26,   -3,  -19,    0,  -19,    0,   -6,   -6,    0,    0,    0,    0,   -7,  -19,  -19,    0,    0,    0,    0,    0,    0,    0,    0,    0,    0,    0,    0,    0,    0,  -11,    0,    0,    0,   -4,   -4,    0,    0,    0,    0,
       0,    0,    0,    0,    0,    0,    0,    0,    0,    0,    0,    0,    0,    0,    0,    0,    0,    0,    0,    0,    0,    0,    0,    0,    0,    0,    0,    0,    0,    0,    0,    0,    0,    0,    0,    0,    0,    0,    0,    0,    0,    0,    0,    0,    0,    0,    0,    0,    0,    0,    0,    0,    0,    0,    0,    0,    0,    0,  -14,  -15,    0,    0,    0,    0,    0,    0,    0,    0,    0,    0,    0,    0,    0,    0,    0,    0,    0,    0,    0,    0,    0,    0,    0,    0,    0,    0,    0,    0,    0,    0,    0,    0,    0,    0,    0,    0,    0,    0,    0,    0,    0,    0,    0,    0,    0,    0,    0,    0,    0,    0,    0,    0,    0,    0,    0,    0,    0,    0,    0,    0,    0,    0,    0,    0,    0,    0,    0,    0,    0,  -15,    0,    0,    0,    0,    0,    0,    0,    0,    0,  -21,    0,    0,    0,    0,    0,  -14,  -22,  -20,   -7,  -20,   -2,   -2,  -17,  -17,   -7,    0,   -2,  -26,  -15,    0,  -17,  -28,  -26,   -5,    0,  -20,    0,    0,    0,    0,   -2,    0,  -17,  -26,    0,    0,    0,    0,    0,    0,    0,    0,    0,    0,    0,    0,    0,    0,    0,    0,    0,    0,   -7,    0,    0,    0,  -26,    0,  -26,    0,   -6,    0,    0,    0,  -14,    0,  -20,   -6,  -14,  -14,   -2,    0,    0,  -17,  -15,  -20,  -20,   -5,  -26,  -26,  -28,    0,    0,    0,    0,    0,    0,    0,    0,    0,    0,  -15,    0,    0,    0,    0,    0,    0,    0,    0,    0,
       0,    0,    0,    0,    0,    0,    0,    0,    0,    0,    0,    0,    0,    0,    0,    0,    0,    0,    0,    0,    0,    0,    0,    0,    0,    0,    0,    0,    0,    0,    0,    0,    0,   -6,  -11,    0,    0,    0,    0,    0,    0,    0,    0,    0,    0,    0,    0,    0,    0,    0,    0,    0,    0,    0,  -10,    0,    0,    0,  -12,  -11,    0,    0,    0,    0,    0,    0,    0,    0,    0,    0,    0,    0,    0,    0,    0,    0,    0,    0,    0,    0,    0,    0,    0,    0,    0,    0,    0,    0,    0,    0,    0,    0,    0,    0,    0,    0,    0,    0,    0,    0,    0,    0,    0,    0,    0,    0,    0,    0,    0,    0,    0,    0,    0,    0,    0,    0,    0,    0,    0,    0,    0,    0,    0,    0,    0,    0,    0,    0,    0,    0,    0,    0,    0,    0,    0,    0,    0,    0,    0,    0,    0,    0,    0,    0,    0,   -9,   -4,   -9,    0,   -9,    0,    0,    0,    0,    0,    0,    0,   -1,   -8,    0,    0,    0,    0,    0,    0,   -9,    0,    0,    0,    0,    0,    0,    0,   -1,    0,    0,    0,    0,    0,    0,    0,    0,    0,    0,    0,    0,    0,    0,    0,    0,    0,    0,    0,    0,    0,    0,    0,    0,    0,    0,    0,    0,    0,    0,   -9,    0,   -9,    0,   -3,   -3,    0,    0,    0,    0,    0,   -9,   -9,    0,   -1,   -1,    0,    0,    0,    0,    0,    0,    0,    0,    0,    0,    0,  -11,    0,    0,    0,   -4,   -4,    0,    0,    0,    0,
       0,    0,    0,  -10,    0,  -29,  -30,  -24,    0,    0,    0,    0,    0,    0,    0,    0,    0,    0,    0,    0,    0,    0,    0,    0,    0,    0,    0,    0,    0,    0,    0,    0,    0,    0,  -13,    0,    0,    0,    0,    0,    0,    0,    0,    0,    0,    0,    0,    0,    0,    0,    0,    0,    0,    0,  -11,    0,    0,    0,  -12,  -13,    0,    0,    0,    0,    0,    0,    0,    0,    0,    0,    0,    0,    0,    0,    0,    0,    0,    0,    0,    0,    0,    0,    0,    0,    0,    0,    0,    0,    0,    0,    0,    0,    0,    0,    0,    0,    0,    0,    0,    0,    0,    0,    0,    0,    0,    0,    0,    0,    0,    0,    0,    0,    0,    0,    0,    0,    0,    0,    0,    0,    0,    0,    0,    0,    0,    0,    0,    0,    0,    0,    0,    0,    0,    0,    0,    0,    0,    0,    0,    0,    0,    0,    0,    0,    0,  -20,    0,  -13,    0,  -13,    0,    0,    0,    0,    0,  -36,   -8,    0,  -12,    0,    0,    0,    0,    0,   -9,  -13,    0,    0,    0,    0,    0,    0,    0,    0,    0,    0,    0,    0,    0,    0,    0,    0,    0,    0,    0,    0,    0,    0,    0,    0,    0,    0,    0,    0,    0,    0,    0,    0,    0,    0,    0,    0,    0,    0,  -20,    0,  -13,    0,    0,    0,    0,    0,    0,    0,    0,  -13,  -13,    0,    0,    0,    0,    0,    0,    0,    0,    0,    0,    0,    0,    0,    0,  -13,    0,    0,  -30,    0,    0,    0,    0,    0,    0,
       0,  -42,    0,    0,  -44,    0,    0,    0,    0,    0,    0,    0,    0,    0,    0,    0,    0,    0,    0,   -5,    0,    0,    0,    0,    0,    0,    0,    0,    0,    0,    0,    0,    0,  -23,    0,    0,    0,    0,    0,    0,    0,    0,    0,    0,    0,    0,    0,    0,    0,    0,    0,    0,    0,    0,    0,    0,    0,    0,    0,    0,    0,    0,    0,    0,    0,    0,    0,    0,    0,    0,    0,    0,    0,    0,    0,    0,    0,    0,    0,    0,    0,    0,    0,    0,    0,    0,    0,    0,    0,    0,    0,    0,    0,    0,    0,    0,    0,    0,    0,    0,    0,    0,    0,    0,    0,    0,    0,    0,    0,    0,    0,    0,    0,    0,    0,    0,    0,    0,    0,    0,    0,    0,    0,    0,    0,    0,    0,    0,  -42,    0,    0,    0,    0,    0,  -17,    0,    0,    0,    0,   -2,    0,  -18,  -35,    0,    0,    0,   -5,    0,    0,    0,    0,    0,   -1,   -1,    0,    0,    0,  -23,    0,    0,   -1,   -5,  -23,    0,    0,    0,    0,    0,    0,    0,    0,    0,   -1,  -23,    0,    0,    0,    0,    0,    0,    0,    0,    0,    0,    0,    0,    0,    0,    0,    0,    0,    0,    0,    0,    0,    0,    0,    0,    0,  -29,    0,   -4,   -2,    0,    0,    0,    0,    0,    0,    0,    0,    0,  -14,   -1,    0,    0,    0,    0,  -23,  -23,   -5,    0,    0,    0,    0,    0,    0,    0,    0,    0,    0,    0,  -49,  -47,    0,  -51,  -54,   -5,    0,    0,    0,
       0,  -39,    0,    0,  -41,    0,    0,    0,    0,    0,    0,    0,    0,    0,    0,    0,    0,    0,    0,  -16,    0,    0,    0,    0,    0,    0,    0,    0,    0,    0,    0,    0,    0,  -34,    0,    0,    0,    0,    0,    0,    0,    0,    0,    0,    0,    0,    0,    0,    0,    0,    0,    0,    0,    0,    0,    0,    0,    0,    0,   -7,    0,    0,    0,    0,    0,    0,    0,    0,    0,    0,    0,    0,    0,    0,    0,    0,    0,    0,    0,    0,    0,    0,    0,    0,    0,    0,    0,    0,    0,    0,    0,    0,    0,    0,    0,    0,    0,    0,    0,    0,    0,    0,    0,    0,    0,    0,    0,    0,    0,    0,    0,    0,    0,    0,    0,    0,    0,    0,    0,    0,    0,    0,    0,    0,    0,    0,    0,    0,    0,    0,    0,    0,    0,    0,    0,    0,    0,    0,    0,    0,    0,    0,    0,    0,    0,    0,   -6,    0,    0,    0,    0,    0,    0,    0,    0,    0,    0,  -27,    0,    0,    0,  -11,  -24,    0,    0,    0,    0,    0,    0,    0,    0,    0,    0,  -27,    0,    0,    0,    0,    0,    0,    0,    0,    0,    0,    0,    0,    0,    0,    0,    0,    0,    0,    0,    0,    0,    0,    0,    0,    0,  -31,    0,    0,  -20,    0,    0,    0,    0,    0,    0,    0,    0,    0,  -16,    0,    0,    0,    0,    0,  -27,  -27,  -11,    0,    0,    0,    0,    0,    0,    0,    0,    0,    0,   -7,  -41,  -40,    0,  -43,  -43,  -15,    0,    0,    0,
       0,    0,    0,    0,    0,    0,    0,    0,    0,    0,    0,    0,    0,    0,    0,    0,    0,    0,    0,    0,    0,    0,    0,    0,    0,    0,    0,    0,    0,    0,    0,    0,    0,    0,    0,    0,    0,    0,    0,    0,    0,    0,    0,    0,    0,    0,    0,    0,    0,    0,    0,    0,    0,    0,    0,    0,    0,    0,    0,    0,    0,    0,    0,    0,    0,    0,    0,    0,    0,    0,    0,    0,    0,    0,    0,    0,    0,    0,    0,    0,    0,    0,    0,    0,    0,    0,    0,    0,    0,    0,    0,    0,    0,    0,    0,    0,    0,    0,    0,    0,    0,    0,    0,    0,    0,    0,    0,    0,    0,    0,    0,    0,    0,    0,    0,    0,    0,    0,    0,    0,    0,    0,    0,    0,    0,    0,    0,    0,  -37,   -5,    0,    0,    0,    0,  -13,    0,    0,    0,    0,   -6,    0,  -13,  -31,    0,    0,   -4,  -11,   -7,    0,   -7,    0,    0,   -7,   -7,    0,    0,    0,  -19,   -5,    0,   -7,  -14,  -16,    0,    0,   -7,    0,    0,    0,    0,    0,    0,   -7,  -19,    0,    0,    0,    0,    0,    0,    0,    0,    0,    0,    0,    0,    0,    0,    0,    0,    0,    0,    0,    0,    0,    0,    0,    0,    0,  -18,    0,   -4,   -6,    0,   -4,    0,   -7,   -4,   -4,   -4,    0,    0,  -14,   -7,   -5,   -7,   -7,    0,  -19,  -19,  -14,    0,    0,    0,    0,    0,    0,    0,    0,    0,    0,    0,    0,    0,    0,    0,    0,    0,    0,    0,    0,
       0,    0,    0,    0,    0,    0,    0,    0,    0,    0,    0,    0,    0,    0,    0,    0,    0,    0,    0,    0,    0,    0,    0,    0,    0,    0,    0,    0,    0,    0,    0,    0,    0,    0,    0,    0,    0,    0,    0,    0,    0,    0,    0,    0,    0,    0,    0,    0,    0,    0,    0,    0,    0,    0,    0,    0,    0,    0,    0,    0,    0,    0,    0,    0,    0,    0,    0,    0,    0,    0,    0,    0,    0,    0,    0,    0,    0,    0,    0,    0,    0,    0,    0,    0,    0,    0,    0,    0,    0,    0,    0,    0,    0,    0,    0,    0,    0,    0,    0,    0,    0,    0,    0,    0,    0,    0,    0,    0,    0,    0,    0,    0,    0,    0,    0,    0,    0,    0,    0,    0,    0,    0,    0,    0,    0,    0,    0,    0,    0,    0,    0,    0,    0,    0,    0,    0,    0,    0,    0,    0,    0,    0,    0,    0,    0,    0,   -3,    0,    0,    0,    0,    0,    0,    0,    0,    0,    0,  -18,    0,    0,    0,   -3,  -19,    0,    0,    0,    0,    0,    0,    0,    0,    0,    0,  -18,    0,    0,    0,    0,    0,    0,    0,    0,    0,    0,    0,    0,    0,    0,    0,    0,    0,    0,    0,    0,    0,    0,    0,    0,    0,  -24,    0,    0,   -2,    0,    0,    0,    0,    0,    0,    0,    0,    0,  -13,    0,    0,    0,    0,    0,  -18,  -18,   -3,    0,    0,    0,    0,    0,    0,    0,    0,    0,    0,    0,    0,    0,    0,    0,    0,    0,    0,    0,    0,
       0,  -19,    0,    0,  -22,    0,    0,    0,    0,    0,    0,    0,    0,    0,    0,    0,    0,    0,    0,  -14,    0,    0,    0,    0,    0,    0,    0,    0,    0,    0,    0,    0,    0,  -28,    0,    0,    0,    0,    0,    0,    0,    0,    0,    0,    0,    0,    0,    0,    0,    0,    0,    0,    0,    0,    0,    0,    0,    0,   -5,   -6,    0,    0,    0,    0,    0,    0,    0,    0,    0,    0,    0,    0,    0,    0,    0,    0,    0,    0,    0,    0,    0,    0,    0,    0,    0,    0,    0,    0,    0,    0,    0,    0,    0,    0,    0,    0,    0,    0,    0,    0,    0,    0,    0,    0,    0,    0,    0,    0,    0,    0,    0,    0,    0,    0,    0,    0,    0,    0,    0,    0,    0,    0,    0,    0,    0,    0,    0,    0,    0,    0,    0,    0,    0,    0,    0,    0,    0,    0,    0,    0,    0,    0,    0,    0,    0,   -1,   -7,   -4,    0,   -4,    0,    0,   -2,   -2,    0,    0,    0,  -18,   -1,    0,   -2,  -11,  -15,    0,    0,   -4,    0,    0,    0,    0,    0,    0,   -2,  -18,    0,    0,    0,    0,    0,    0,    0,    0,    0,    0,    0,    0,    0,    0,    0,    0,    0,    0,    0,    0,    0,    0,    0,    0,    0,  -18,    0,    0,  -12,    0,   -1,    0,   -4,    0,   -1,   -1,    0,    0,  -15,   -2,    0,   -4,   -4,    0,  -18,  -18,  -11,    0,    0,    0,    0,    0,    0,    0,    0,    0,    0,   -6,  -21,  -19,    0,  -26,  -26,  -13,    0,    0,    0,
       0,    0,    0,    0,    0,  -42,  -43,  -35,    0,    0,    0,    0,    0,    0,    0,    0,    0,  -19,  -19,    0,    0,    0,    0,    0,    0,    0,    0,    0,    0,    0,    0,    0,    0,    2,    3,    0,    0,    0,    0,    0,    0,    0,    0,    0,    0,    0,    0,    0,    0,    0,    0,    0,    0,    0,    2,    0,    0,    0,  -37,  -34,    0,    0,    0,  -27,    0,    0,    0,    0,    0,    0,    0,    0,    0,    0,    0,    0,    0,    0,    0,    0,    0,    0,    0,    0,    0,    0,    0,    0,    0,    0,    0,    0,    0,    0,    0,    0,    0,    0,    0,    0,    0,    0,    0,    0,    0,    0,    0,    0,    0,    0,    0,    0,    0,    0,    0,    0,    0,    0,    0,    0,    0,    0,    0,    0,    0,    0,    0,    0,    0,  -16,    0,    0,  -42,  -32,    0,  -39,  -36,    0,   -4,  -18,    0,    0,    0,    0,  -16,  -59,  -29,  -53,  -47,  -85,  -38,  -46,  -41,  -41,  -41,  -70,  -45,  -27,  -51,  -29,  -41,  -33,  -27,  -43,  -50,  -97,    0,    0,    0,    0,    0,    0,  -80,  -27,    0,    0,    0,    0,    0,    0,    0,    0,    0,    0,    0,    0,    0,    0,    0,    0,    0,    0,  -47,    0,  -23,    0,  -27,    0,  -27,    0,  -41,    0,    0,    0,  -59,    0,  -53,   -8,  -49,  -49,  -46,    0,    0,  -41,  -16,  -53,  -53,  -43,  -27,  -27,  -33,    0,  -29,    0,    0,    0,    0,    0,    0,    0,    0,  -34,    0,    0,  -43,    0,    0,    0,    0,    0,    0,
       0,    0,    0,   -5,    0,  -21,  -21,  -17,    0,    0,    0,    0,    0,    0,    0,    0,    0,    0,    0,    0,    0,    0,    0,    0,    0,    0,    0,    0,    0,    0,    0,    0,    0,    0,  -12,    0,    0,    0,    0,    0,    0,    0,    0,    0,    0,    0,    0,    0,    0,    0,    0,    0,    0,    0,  -10,    0,    0,    0,    0,    0,    0,    0,    0,    0,    0,    0,    0,    0,    0,    0,    0,    0,    0,    0,    0,    0,    0,    0,    0,    0,    0,    0,    0,    0,    0,    0,    0,    0,    0,    0,    0,    0,    0,    0,    0,    0,    0,    0,    0,    0,    0,    0,    0,    0,    0,    0,    0,    0,    0,    0,    0,    0,    0,    0,    0,    0,    0,    0,    0,    0,    0,    0,    0,    0,    0,    0,    0,    0,    0,    0,    0,    0,    0,    0,    0,    0,    0,    0,    0,    0,    0,    0,    0,    0,    0,  -10,    0,   -7,   -4,   -7,    0,   -2,    0,    0,    0,  -29,   -7,    0,   -7,    0,    0,    0,    0,    0,   -8,   -7,    0,    0,    0,    0,    0,    0,    0,    0,    0,    0,    0,    0,    0,    0,    0,    0,    0,    0,    0,    0,    0,    0,    0,    0,    0,    0,   -4,    0,    0,    0,    0,    0,    2,    0,    0,    0,    0,    0,  -10,    0,   -7,    0,   -4,   -4,   -2,    0,    0,    0,    0,   -7,   -7,    0,    0,    0,    0,    0,    0,    0,    0,    0,    0,    0,    0,    0,    0,    0,    0,    0,  -22,    0,    0,    0,    0,    0,    0,
       0,    0,    0,    0,    0,  -39,  -83,  -28,    0,    0,    0,    0,    0,    0,    0,    0,    0,  -19,  -19,    0,    0,    0,    0,    0,    0,    0,    0,    0,    0,    0,    0,    0,    0,    1,    1,    0,    0,    0,    0,    0,    0,    0,    0,    0,    0,    0,    0,    0,    0,    0,    0,    0,    0,    0,    0,    0,    0,    0,  -64,  -63,    0,    0,    0,  -49,    0,    0,    0,    0,    0,    0,    0,    0,    0,    0,    0,    0,    0,    0,    0,    0,    0,    0,    0,    0,    0,    0,    0,    0,    0,    0,    0,    0,    0,    0,    0,    0,    0,    0,    0,    0,    0,    0,    0,    0,    0,    0,    0,    0,    0,    0,    0,    0,    0,    0,    0,    0,    0,    0,    0,    0,    0,    0,    0,    0,    0,    0,    0,    0,    0,  -16,    0,    0,  -42,  -58,    0,  -72,  -30,    0,   -4,  -18,    0,    0,    0,    0,  -16, -103,  -28,  -94,  -86,  -73,  -38,  -46,  -75,  -66,  -76, -128,  -85,  -27,  -40,  -29,  -75,  -33,  -27,  -43,  -47,  -77,    0,    0,    0,    0,    0,    0,  -69,  -27,    0,    0,    0,    0,    0,    0,    0,    0,    0,    0,    0,    0,    0,    0,    0,    0,    0,    0,  -84,    0,  -23,    0,  -27,    0,  -27,    0,  -34,    0,    0,    0, -103,    0,  -94,   -8,  -89,  -89,  -46,    0,    0,  -75,  -16,  -94,  -94,  -43,  -27,  -27,  -33,    0,  -29,    0,    0,    0,    0,    0,    0,    0,    0,  -63,    0,    0,  -84,    0,    0,    0,    0,    0,    0,
       0,    0,    0,   -5,    0,  -21,  -21,  -17,    0,    0,    0,    0,    0,    0,    0,    0,    0,    0,    0,    0,    0,    0,    0,    0,    0,    0,    0,    0,    0,    0,    0,    0,    0,    0,  -12,    0,    0,    0,    0,    0,    0,    0,    0,    0,    0,    0,    0,    0,    0,    0,    0,    0,    0,    0,  -10,    0,    0,    0,    0,    0,    0,    0,    0,    0,    0,    0,    0,    0,    0,    0,    0,    0,    0,    0,    0,    0,    0,    0,    0,    0,    0,    0,    0,    0,    0,    0,    0,    0,    0,    0,    0,    0,    0,    0,    0,    0,    0,    0,    0,    0,    0,    0,    0,    0,    0,    0,    0,    0,    0,    0,    0,    0,    0,    0,    0,    0,    0,    0,    0,    0,    0,    0,    0,    0,    0,    0,    0,    0,    0,    0,    0,    0,    0,    0,    0,    0,    0,    0,    0,    0,    0,    0,    0,    0,    0,  -10,    0,   -7,   -4,   -7,    0,   -2,    0,    0,    0,  -29,   -7,    2,   -7,    0,    0,    0,    0,    0,   -8,   -7,    0,    0,    0,    0,    0,    0,    0,    2,    0,    0,    0,    0,    0,    0,    0,    0,    0,    0,    0,    0,    0,    0,    0,    0,    0,    0,   -4,    0,    0,    0,    3,    0,    2,    0,    0,    0,    0,    0,  -10,    0,   -7,    0,   -4,   -4,   -2,    0,    0,    0,    0,   -7,   -7,    0,    2,    2,    0,    0,    0,    0,    0,    0,    0,    0,    0,    0,    0,    0,    0,    0,  -22,    0,    0,    0,    0,    0,    0,
       0,    0,    0,    0,    0,    0,    0,    0,    0,    0,    0,    0,    0,    0,    0,    0,    0,    0,    0,    0,    0,    0,    0,    0,    0,    0,    0,    0,    0,    0,    0,    0,    0,    0,    0,    0,    0,    0,    0,    0,    0,    0,    0,    0,    0,    0,    0,    0,    0,    0,    0,    0,    0,    0,    0,    0,    0,    0,  -13,  -15,    0,    0,    0,    0,    0,    0,    0,    0,    0,    0,    0,    0,    0,    0,    0,    0,    0,    0,    0,    0,    0,    0,    0,    0,    0,    0,    0,    0,    0,    0,    0,    0,    0,    0,    0,    0,    0,    0,    0,    0,    0,    0,    0,    0,    0,    0,    0,    0,    0,    0,    0,    0,    0,    0,    0,    0,    0,    0,    0,    0,    0,    0,    0,    0,    0,    0,    0,    0,    0,  -15,    0,    0,    0,    9,    0,    4,    2,    3,    0,  -21,    5,    0,    0,    0,    5,  -11,  -21,  -18,   -5,  -18,    0,    0,  -14,  -14,   -4,    0,    0,  -25,  -13,    3,  -14,  -27,  -27,   -2,    0,  -18,    0,    0,    0,    5,    0,    0,  -14,  -25,  -11,  -21,    0,  -23,    0,    0,    0,    0,    0,    0,    0,  -19,    0,  -25,  -31,  -17,    0,    0,   -5,    0,  -25,    0,  -25,    0,  -25,  -27,   -4,  -29,  -26,    0,  -11,    0,  -18,   -6,  -12,  -12,    0,    0,  -27,  -14,  -15,  -18,  -18,   -2,  -25,  -25,  -27,    5,    3,    0,    0,    0,    0,    0,    0,    0,    0,  -15,    0,    0,    0,    0,    0,    0,    0,    0,    0,
       0,    0,    0,    0,    0,    0,    0,    0,    0,    0,    0,    0,    0,    0,    0,    0,    0,    0,    0,    0,    0,    0,    0,    0,    0,    0,    0,    0,    0,    0,    0,    0,    0,    0,   -5,    0,    0,    0,    0,    0,    0,    0,    0,    0,    0,    0,    0,    0,    0,    0,    0,    0,    0,    0,   -5,    0,    0,    0,  -12,  -10,    0,    0,    0,    0,    0,    0,    0,    0,    0,    0,    0,    0,    0,    0,    0,    0,    0,    0,    0,    0,    0,    0,    0,    0,    0,    0,    0,    0,    0,    0,    0,    0,    0,    0,    0,    0,    0,    0,    0,    0,    0,    0,    0,    0,    0,    0,    0,    0,    0,    0,    0,    0,    0,    0,    0,    0,    0,    0,    0,    0,    0,    0,    0,    0,    0,    0,    0,    0,    0,    0,    0,    0,    0,    0,    0,    0,    0,    0,    0,    0,    0,    0,    0,    0,    0,  -10,   -3,  -11,    0,  -11,    0,    0,    0,    0,    0,    0,    0,    0,   -9,    2,    0,    0,    0,    0,    0,  -11,    0,    0,    0,    0,    0,    0,    0,    0,    0,    0,    0,    0,    0,    0,    0,    0,    0,    0,    0,    0,    0,    0,    0,   -9,    0,    0,    0,    0,    0,    0,    0,    0,    0,    0,    0,    0,  -10,   -2,  -10,    0,  -11,    0,   -4,   -4,    0,    0,    0,    0,   -8,  -11,  -11,    0,    0,    0,    0,    0,    2,    0,    0,    0,    0,    0,    0,    0,    0,  -10,    0,    0,    0,    0,    0,    0,    0,    0,    0,
       0,  -34,    0,    0,  -35,    0,    0,    0,    0,    0,    0,    0,    0,    0,    0,    0,    0,    0,    0,   -5,    0,    0,    0,    0,    0,    0,    0,    0,    0,    0,    0,    0,    0,  -20,   -5,    0,    0,    0,    0,    0,    0,    0,    0,    0,    0,    0,    0,    0,    0,    0,    0,    0,    0,    0,   -4,    0,    0,    0,    0,    0,    0,    0,    0,    0,    0,    0,    0,    0,    0,    0,    0,    0,    0,    0,    0,    0,    0,    0,    0,    0,    0,    0,    0,    0,    0,    0,    0,    0,    0,    0,    0,    0,    0,    0,    0,    0,    0,    0,    0,    0,    0,    0,    0,    0,    0,    0,    0,    0,    0,    0,    0,    0,    0,    0,    0,    0,    0,    0,    0,    0,    0,    0,    0,    0,    0,    0,    0,    0,  -41,    0,    0,    0,    0,    0,  -18,    0,    0,    0,    0,    0,    0,  -10,  -34,    0,    0,    0,   -3,    0,    0,    0,    0,    0,    0,    0,    0,    0,    0,  -17,    0,    0,    0,   -1,  -17,    0,    0,    0,    0,    0,    0,    0,    0,    0,    0,  -17,    0,    0,    0,    0,    0,    0,    0,    0,    0,    0,    0,    0,    0,    0,    0,    0,    0,    0,    0,    0,  -21,  -40,  -17,  -27,  -17,    0,    0,    0,    0,    0,    0,    0,    0,    0,    0,    0,    0,    0,    0,    0,    0,    0,    0,    0,  -17,  -17,   -1,    0,    0,    0,    0,    0,    0,    0,    0,    0,    0,    0,  -38,  -36,    0,  -44,  -47,   -5,    0,    0,    0,
       0,  -36,    0,    0,  -36,    0,    0,    0,    0,    0,    0,    0,    0,    0,    0,    0,    0,    0,    0,  -15,    0,    0,    0,    0,    0,    0,    0,    0,    0,    0,    0,    0,    0,  -29,  -14,    0,    0,    0,    0,    0,    0,    0,    0,    0,    0,    0,    0,    0,    0,    0,    0,    0,    0,    0,  -13,    0,    0,    0,    0,    0,    0,    0,    0,    0,    0,    0,    0,    0,    0,    0,    0,    0,    0,    0,    0,    0,    0,    0,    0,    0,    0,    0,    0,    0,    0,    0,    0,    0,    0,    0,    0,    0,    0,    0,    0,    0,    0,    0,    0,    0,    0,    0,    0,    0,    0,    0,    0,    0,    0,    0,    0,    0,    0,    0,    0,    0,    0,    0,    0,    0,    0,    0,    0,    0,    0,    0,    0,    0,    0,    0,    0,    0,    0,    0,    0,    0,    0,    0,    0,    0,    0,    0,    0,    0,    0,    0,    0,    0,    0,    0,    0,    0,    0,    0,    0,    0,    0,  -19,    0,    0,    0,   -1,  -19,    0,    0,    0,    0,    0,    0,    0,    0,    0,    0,  -19,    0,    0,    0,    0,    0,    0,    0,    0,    0,    0,    0,    0,    0,    0,    0,    0,    0,    0,    0,    0,  -23,    0,  -18,    0,  -18,    0,    0,    0,    0,    0,    0,    0,    0,    0,    0,    0,    0,    0,    0,    0,    0,    0,    0,    0,  -19,  -19,   -1,    0,    0,    0,    0,    0,    0,    0,    0,    0,    0,    0,  -39,  -37,    0,  -40,  -40,  -14,    0,    0,    0,
       0,    0,    0,    0,    0,    0,    0,    0,    0,    0,    0,    0,    0,    0,    0,    0,    0,    0,    0,    0,    0,    0,    0,    0,    0,    0,    0,    0,    0,    0,    0,    0,    0,    0,   -4,    0,    0,    0,    0,    0,    0,    0,    0,    0,    0,    0,    0,    0,    0,    0,    0,    0,    0,    0,    0,    0,    0,    0,    0,    0,    0,    0,    0,    0,    0,    0,    0,    0,    0,    0,    0,    0,    0,    0,    0,    0,    0,    0,    0,    0,    0,    0,    0,    0,    0,    0,    0,    0,    0,    0,    0,    0,    0,    0,    0,    0,    0,    0,    0,    0,    0,    0,    0,    0,    0,    0,    0,    0,    0,    0,    0,    0,    0,    0,    0,    0,    0,    0,    0,    0,    0,    0,    0,    0,    0,    0,    0,    0,    0,    0,    0,    0,    0,    0,   -3,   -8,    0,    0,    0,    0,   -2,    0,    0,    0,    0,   -8,   -7,   -9,   -2,   -9,   -2,   -3,   -5,   -5,   -3,   -5,   -6,    0,   -8,    0,   -5,   -2,    0,   -2,   -3,   -9,    0,    0,    0,    0,    0,    0,   -5,    0,    0,    0,    0,    0,    0,    0,    0,    0,    0,    0,    0,    0,    0,    0,    0,    0,    0,    0,   -2,    0,    0,    0,    0,    0,    0,    0,    0,    0,   -6,    0,   -8,    0,   -9,    0,   -2,   -2,   -3,    0,    0,   -5,    0,   -9,   -9,   -2,    0,    0,   -2,   -2,    0,    0,    0,    0,    0,    0,    0,    0,    0,    0,    0,    0,    0,    0,    0,    0,    0,    0,    0,
       0,    0,    0,    0,    0,    0,    0,    0,    0,    0,    0,    0,    0,    0,    0,    0,    0,    0,    0,    0,    0,    0,    0,    0,    0,    0,    0,    0,    0,    0,    0,    0,    0,    0,    0,    0,    0,    0,    0,    0,    0,    0,    0,    0,    0,    0,    0,    0,    0,    0,    0,    0,    0,    0,    0,    0,    0,    0,    0,    0,    0,    0,    0,    0,    0,    0,    0,    0,    0,    0,    0,    0,    0,    0,    0,    0,    0,    0,    0,    0,    0,    0,    0,    0,    0,    0,    0,    0,    0,    0,    0,    0,    0,    0,    0,    0,    0,    0,    0,    0,    0,    0,    0,    0,    0,    0,    0,    0,    0,    0,    0,    0,    0,    0,    0,    0,    0,    0,    0,    0,    0,    0,    0,    0,    0,    0,    0,    0,    0,   -3,    0,    0,    0,    0,    0,    0,    0,    0,    0,   -7,    0,    0,    0,    0,    0,   -4,  -13,   -6,   -2,   -6,   -5,   -3,   -8,   -8,   -6,    0,   -4,  -26,   -5,   -2,   -8,  -15,  -25,   -6,   -2,   -6,    0,    0,    0,    0,    0,    0,   -8,  -26,    0,    0,    0,    0,    0,    0,    0,    0,    0,    0,    0,    0,    0,    0,    0,    0,    0,    0,   -2,    0,    0,    0,    0,    0,    0,    0,    0,    0,    0,    0,   -4,    0,   -6,    0,   -4,   -4,   -3,    0,    0,   -8,   -3,   -6,   -6,   -6,  -26,  -26,  -15,    0,   -2,    0,    0,    0,    0,    0,    0,    0,    0,    0,    0,    0,    0,    0,    0,    0,    0,    0,    0,
       0,    0,    0,    0,   -3,    0,    0,    0,    0,    0,    0,    0,    0,    0,    0,    0,    0,    0,    0,    0,    0,    0,    0,    0,    0,    0,    0,    0,    0,    0,    0,    0,    0,  -11,    0,    0,    0,    0,    0,    0,    0,    0,    0,    0,    0,    0,    0,    0,    0,    0,    0,    0,    0,    0,    0,    0,    0,    0,    0,   -5,    0,    0,    0,    0,    0,    0,    0,    0,    0,    0,    0,    0,    0,    0,    0,    0,    0,    0,    0,    0,    0,    0,    0,    0,    0,    0,    0,    0,    0,    0,    0,    0,    0,    0,    0,    0,    0,    0,    0,    0,    0,    0,    0,    0,    0,    0,    0,    0,    0,    0,    0,    0,    0,    0,    0,    0,    0,    0,    0,    0,    0,    0,    0,    0,    0,    0,    0,    0,    0,    0,    0,    0,    0,    0,    0,    0,    0,    0,    0,    0,    0,    0,    0,    0,    0,   -3,   -2,   -4,    0,   -4,    0,    0,    0,    0,    0,    0,    0,   -2,   -3,    0,    0,    0,    0,    0,    0,   -4,    0,    0,    0,    0,    0,    0,    0,   -2,    0,    0,    0,    0,    0,    0,    0,    0,    0,    0,    0,    0,    0,    0,    0,    0,    0,    0,    0,    0,    0,    0,    0,    0,    0,    0,    0,    0,    0,    0,   -3,    0,   -4,    0,    0,    0,    0,    0,    0,    0,    0,   -4,   -4,    0,   -2,   -2,    0,    0,    0,    0,    0,    0,    0,    0,    0,    0,    0,   -5,   -3,    0,    0,   -8,   -8,    0,    0,    0,    0,
       0,    0,    0,    0,    0,    0,    0,    0,    0,    0,    0,    0,    0,    0,    0,    0,    0,    0,    0,    0,    0,    0,    0,    0,    0,    0,    0,    0,    0,    0,    0,    0,    0,    0,    0,    0,    0,    0,    0,    0,    0,    0,    0,    0,    0,    0,    0,    0,    0,    0,    0,    0,    0,    0,    0,    0,    0,    0,    0,    0,    0,    0,    0,    0,    0,    0,    0,    0,    0,    0,    0,    0,    0,    0,    0,    0,    0,    0,    0,    0,    0,    0,    0,    0,    0,    0,    0,    0,    0,    0,    0,    0,    0,    0,    0,    0,    0,    0,    0,    0,    0,    0,    0,    0,    0,    0,    0,    0,    0,    0,    0,    0,    0,    0,    0,    0,    0,    0,    0,    0,    0,    0,    0,    0,    0,    0,    0,    0,    0,    0,    0,    0,    0,    0,    0,   -9,   -2,    0,    0,   -2,   -2,    0,    0,    0,   -3,   -1,   -6,   -3,   -5,   -3,  -17,  -13,   -6,   -6,   -6,  -14,   -8,  -18,   -3,  -17,   -6,   -5,  -19,  -14,  -10,   -3,    0,    0,    0,    0,    0,    0,   -6,  -18,    0,    0,    0,    0,    0,    0,    0,    0,    0,    0,    0,    0,    0,    0,    0,    0,    0,    0,   -5,    0,    0,    0,    0,    0,    0,  -21,    0,   -2,   -2,    0,   -1,    0,   -3,    0,   -3,   -3,  -13,    0,  -13,   -6,    0,   -3,   -3,  -14,  -18,  -18,   -5,   -2,  -17,    0,    0,    0,    0,    0,    0,    0,    0,    0,    0,    0,   -5,    0,    0,    0,    0,    0,    0,
       0,    0,    0,    0,   -4,    0,    0,    0,    0,    0,    0,    0,    0,    0,    0,    0,    0,    0,    0,    0,    0,    0,    0,    0,    0,    0,    0,    0,    0,    0,    0,    0,    0,  -13,    0,    0,    0,    0,    0,    0,    0,    0,    0,    0,    0,    0,    0,    0,    0,    0,    0,    0,    0,    0,    0,    0,    0,    0,   -5,   -9,    0,    0,    0,    0,    0,    0,    0,    0,    0,    0,    0,    0,    0,    0,    0,    0,    0,    0,    0,    0,    0,    0,    0,    0,    0,    0,    0,    0,    0,    0,    0,    0,    0,    0,    0,    0,    0,    0,    0,    0,    0,    0,    0,    0,    0,    0,    0,    0,    0,    0,    0,    0,    0,    0,    0,    0,    0,    0,    0,    0,    0,    0,    0,    0,    0,    0,    0,    0,    0,    0,    0,    0,    0,    0,    0,    0,    0,    0,    0,    0,    0,    0,    0,    0,    0,   -2,   -4,   -4,    0,   -4,    0,    0,    0,    0,    0,    0,    0,   -3,   -2,    0,    0,   -3,    0,    0,    0,   -4,    0,    0,    0,    0,    0,    0,    0,   -3,    0,    0,    0,    0,    0,    0,    0,    0,    0,    0,    0,    0,    0,    0,    0,    0,    0,    0,    0,    0,    0,    0,    0,    0,    0,    0,    0,    0,   -9,    0,   -2,    0,   -4,    0,    0,    0,    0,    0,    0,    0,    0,   -4,   -4,    0,   -3,   -3,   -3,    0,    0,    0,    0,    0,    0,    0,    0,    0,    0,   -9,   -4,   -3,    0,   -9,   -9,    0,    0,    0,    0,
       0,    0,    0,    0,    0,  -46,  -97,  -33,    0,    0,    0,    0,    0,    0,    0,    0,    0,  -29,  -29,    0,    0,    0,    0,    0,    0,    0,    0,    0,    0,    0,    0,    0,    0,    0,    0,    0,    0,    0,    0,    0,    0,    0,    0,    0,    0,    0,    0,    0,    0,    0,    0,    0,    0,    0,    0,    0,    0,    0,  -92,  -77,    0,    0,    0,  -77,    0,    0,    0,    0,    0,    0,    0,    0,    0,    0,    0,    0,    0,    0,    0,    0,    0,    0,    0,    0,    0,    0,    0,    0,    0,    0,    0,    0,    0,    0,    0,    0,    0,    0,    0,    0,    0,    0,    0,    0,    0,    0,    0,    0,    0,    0,    0,    0,    0,    0,    0,    0,    0,    0,    0,    0,    0,    0,    0,    0,    0,    0,    0,    0,    0,  -16,   -1,    0,  -50,  -66,    0,  -95,  -36,    0,    0,  -17,    0,    0,    0,    0,  -21, -128,  -36, -128, -111, -114, -119, -125,  -97,  -89, -100, -128, -126,  -88,  -63,  -99,  -97, -101,  -46, -122,  -63, -125,    5,  -67,   -2,    5,   -2,    5,  -97,  -88,   -7,  -49,  -10,  -39,  -48, -102,    0,  -50,    0,  -31,    0,  -50,    0,  -48,  -63,  -56,    0,  -85, -111,    0,  -46,    0,  -46,    0,  -46,  -46,  -51,  -30,  -58,    0, -128,  -57, -128,    0,  -63, -109, -102,    0,  -50,  -97,  -16, -128, -128,  -93,  -88,  -85,  -91,    0,  -99,    0,    0,    0,    0,    0,    0,    0,    0,  -77,    0,    0,  -90,    0,    0,    0,    0,    0,    0,
       0,    0,    0,    0,    0,    0,    0,    0,    0,    0,    0,    0,    0,    0,    0,    0,    0,    0,    0,    0,    0,    0,    0,    0,    0,    0,    0,    0,    0,    0,    0,    0,    0,    0,    0,    0,    0,    0,    0,    0,    0,    0,    0,    0,    0,    0,    0,    0,    0,    0,    0,    0,    0,    0,    0,    0,    0,    0,  -13,  -15,    0,    0,    0,    0,    0,    0,    0,    0,    0,    0,    0,    0,    0,    0,    0,    0,    0,    0,    0,    0,    0,    0,    0,    0,    0,    0,    0,    0,    0,    0,    0,    0,    0,    0,    0,    0,    0,    0,    0,    0,    0,    0,    0,    0,    0,    0,    0,    0,    0,    0,    0,    0,    0,    0,    0,    0,    0,    0,    0,    0,    0,    0,    0,    0,    0,    0,    0,    0,    0,  -15,    0,    0,    0,   11,    0,    5,    2,    4,    0,  -21,    6,    0,    0,    0,    6,  -11,  -21,  -18,   -5,  -33,    0,    0,  -14,  -14,   -4,    0,    0,  -25,  -13,    5,  -14,  -27,  -27,   -2,    0,  -18,    0,    0,    0,    5,    0,    0,  -14,  -25,  -11,  -21,    0,  -23,    0,    0,    0,    0,    0,    0,    0,  -19,    0,  -25,  -31,  -17,    0,    0,   -5,    0,  -25,    0,  -25,    0,  -25,  -27,   -4,  -29,  -26,    0,  -11,    0,  -18,   -6,  -12,  -12,    0,    0,  -27,  -14,  -15,  -18,  -18,   -2,  -25,  -25,  -27,    6,    5,    0,    0,    0,    0,    0,    0,    0,    0,  -15,    0,    0,    0,    0,    0,    0,    0,    0,    0,
       0,    0,    0,    0,    0,    0,    0,    0,    0,    0,    0,    0,    0,    0,    0,    0,    0,    0,    0,    0,    0,    0,    0,    0,    0,    0,    0,    0,    0,    0,    0,    0,    0,    0,   -5,    0,    0,    0,    0,    0,    0,    0,    0,    0,    0,    0,    0,    0,    0,    0,    0,    0,    0,    0,   -5,    0,    0,    0,  -12,  -10,    0,    0,    0,    0,    0,    0,    0,    0,    0,    0,    0,    0,    0,    0,    0,    0,    0,    0,    0,    0,    0,    0,    0,    0,    0,    0,    0,    0,    0,    0,    0,    0,    0,    0,    0,    0,    0,    0,    0,    0,    0,    0,    0,    0,    0,    0,    0,    0,    0,    0,    0,    0,    0,    0,    0,    0,    0,    0,    0,    0,    0,    0,    0,    0,    0,    0,    0,    0,    0,    0,    0,    0,    0,    0,    0,    0,    0,    0,    0,    0,    0,    0,    0,    0,    0,  -10,   -3,  -11,    0,  -11,    0,    0,    0,    0,    0,    0,    0,    0,   -9,    3,    0,    0,    0,    0,    0,  -11,    0,    0,    0,    0,    0,    0,    0,    0,    0,    0,    0,    0,    0,    0,    0,    0,    0,    0,    0,    0,    0,    0,    0,   -9,    0,    0,    0,    0,    0,    0,    0,    0,    0,    0,    0,    0,  -10,   -2,  -10,    0,  -11,    0,   -4,   -4,    0,    0,    0,    0,   -8,  -11,  -11,    0,    0,    0,    0,    0,    3,    0,    0,    0,    0,    0,    0,    0,    0,  -10,    0,    0,    0,    0,    0,    0,    0,    0,    0,
       0,    0,    0,    0,    0,    0,    0,    0,    0,    0,    0,    0,    0,    0,    0,    0,    0,    0,    0,    0,    0,    0,    0,    0,    0,    0,    0,    0,    0,    0,    0,    0,    0,    0,    0,    0,    0,    0,    0,    0,    0,    0,    0,    0,    0,    0,    0,    0,    0,    0,    0,    0,    0,    0,    0,    0,    0,    0,  -20,  -21,    0,    0,    0,    0,    0,    0,    0,    0,    0,    0,    0,    0,    0,    0,    0,    0,    0,    0,    0,    0,    0,    0,    0,    0,    0,    0,    0,    0,    0,    0,    0,    0,    0,    0,    0,    0,    0,    0,    0,    0,    0,    0,    0,    0,    0,    0,    0,    0,    0,    0,    0,    0,    0,    0,    0,    0,    0,    0,    0,    0,    0,    0,    0,    0,    0,    0,    0,    0,    0,  -23,    0,    0,    0,    3,    0,    0,    0,    0,    0,  -11,    0,    0,    0,    0,    0,  -21,  -14,  -29,   -5,  -29,    0,    0,  -23,  -23,   -4,    0,    0,  -42,   -9,    0,  -23,  -44,  -17,   -2,    0,  -29,    0,    0,    0,    5,    0,    0,  -23,  -42,  -11,  -21,    0,  -23,    0,    0,    0,    0,    0,    0,    0,  -19,    0,  -25,  -31,  -17,    0,    0,   -5,    0,  -25,    0,  -25,    0,  -25,  -27,   -4,  -29,  -26,    0,  -21,    0,  -29,   -6,  -12,  -12,    0,    0,  -27,  -23,  -23,  -29,  -29,   -2,  -42,  -42,  -44,    0,    0,    0,    0,    0,    0,    0,    0,    0,    0,  -22,    0,    0,    0,    0,    0,    0,    0,    0,    0,
       0,    0,    0,    0,    0,    0,    0,    0,    0,    0,    0,    0,    0,    0,    0,    0,    0,    0,    0,    0,    0,    0,    0,    0,    0,    0,    0,    0,    0,    0,    0,    0,    0,    0,   -5,    0,    0,    0,    0,    0,    0,    0,    0,    0,    0,    0,    0,    0,    0,    0,    0,    0,    0,    0,   -5,    0,    0,    0,  -16,  -15,    0,    0,    0,    0,    0,    0,    0,    0,    0,    0,    0,    0,    0,    0,    0,    0,    0,    0,    0,    0,    0,    0,    0,    0,    0,    0,    0,    0,    0,    0,    0,    0,    0,    0,    0,    0,    0,    0,    0,    0,    0,    0,    0,    0,    0,    0,    0,    0,    0,    0,    0,    0,    0,    0,    0,    0,    0,    0,    0,    0,    0,    0,    0,    0,    0,    0,    0,    0,    0,    0,    0,    0,    0,    0,    0,    0,    0,    0,    0,    0,    0,    0,    0,    0,    0,  -14,   -3,  -16,    0,  -16,    0,    0,    0,    0,    0,    0,    0,    0,   -3,    0,    0,    0,    0,    0,    0,  -16,    0,    0,    0,    0,    0,    0,    0,    0,    0,    0,    0,    0,    0,    0,    0,    0,    0,    0,    0,    0,    0,    0,    0,   -9,    0,    0,    0,    0,    0,    0,    0,    0,    0,    0,    0,    0,  -10,   -2,  -14,    0,  -16,    0,   -4,   -4,    0,    0,    0,    0,   -8,  -16,  -16,    0,    0,    0,    0,    0,    0,    0,    0,    0,    0,    0,    0,    0,    0,  -15,    0,    0,    0,    0,    0,    0,    0,    0,    0,
       3,    9,    0,   18,   -5,    0,    0,    0,    0,    0,    0,    0,    0,    0,    0,    0,    0,    0,    0,    0,    0,    0,   -4,   -5,   -2,   -5,  -57,   -7,  -30,  -21,   -1,  -42,   -5,    9,   23,    0,    9,    0,    0,    0,    0,    0,    2,    9,    0,    0,    0,    0,    0,    0,    0,    0,    0,   30,   22,    0,    0,    0,    0,    0,    0,    0,    0,    0,    0,   -4,   -4,   -4,    0,    0,    0,    0,    0,    0,    0,    0,    0,    0,    0,    0,    0,    0,    0,    0,    0,    0,    0,    0,    0,    9,   -4,    9,   -4,    0,   -4,    0,    0,    0,    0,   -4,    9,    0,    0,    0,    0,    0,    0,  -57,    0,    0,    0,    0,    0,    0,    0,    0,    0,    0,    0,    0,    0,   -4,    0,    0,    0,    0,    0,    0,    0,    0,    0,    0,    0,    0,    0,    0,    0,    0,    0,    0,    0,    0,    0,    0,    0,    0,    0,    0,    0,    0,    0,    0,    0,    0,    0,    0,    0,    0,    0,    0,    0,    0,    0,    0,    0,    0,    0,    0,    0,    0,    0,    0,    0,    0,    0,    0,    0,    0,    0,    0,    0,    0,    0,    0,    0,    0,    0,    0,    0,    0,    0,    0,    0,    0,    0,    0,    0,    0,    0,    0,    0,    0,    0,    0,    0,    0,    0,    0,    0,    0,    0,    0,    0,    0,    0,    0,    0,    0,    0,    0,    0,    0,    0,    0,    0,    0,    0,    0,    0,    0,    0,    0,   -2,    3,    0,   16,   16,    9,    0,    0,    0,
       0,    8,    0,   12,   -5,    0,    0,    0,    0,    0,    0,    0,    0,    0,    0,    0,    0,    0,    0,   -1,    0,    0,   -4,   -5,   -2,   -5,  -57,   -7,  -30,  -21,   -1,  -42,   -5,    7,    8,    0,    3,    0,    0,    0,    0,    0,    2,    3,    0,    0,    0,    0,    0,    0,    0,    0,    0,   14,    8,    0,    0,    0,    0,    0,    0,    0,    0,    0,    0,   -4,   -4,   -4,    0,    0,    0,    0,    0,    0,    0,    0,    0,    0,    0,    0,    0,    0,    0,    0,    0,    0,    0,    0,    0,    3,   -4,    3,   -4,    0,   -4,    0,    0,    0,    0,   -4,    3,    0,    0,    0,    0,    0,    0,  -57,    0,    0,    0,    0,    0,    0,    0,    0,    0,    0,    0,    0,    0,   -4,    0,    0,    0,    0,    0,    0,    0,    0,    0,    0,    0,    0,    0,    0,    0,    0,    0,    0,    0,    0,    0,    0,    0,    0,    0,    0,    0,    0,    0,    0,    0,    0,    0,    0,    0,    0,    0,    0,    0,    0,    0,    0,    0,    0,    0,    0,    0,    0,    0,    0,    0,    0,    0,    0,    0,    0,    0,    0,    0,    0,    0,    0,    0,    0,    0,    0,    0,    0,    0,    0,    0,    0,    0,    0,    0,    0,    0,    0,    0,    0,    0,    0,    0,    0,    0,    0,    0,    0,    0,    0,    0,    0,    0,    0,    0,    0,    0,    0,    0,    0,    0,    0,    0,    0,    0,    0,    0,    0,    0,    0,   -4,    1,    0,    5,    5,    8,    0,    0,    0,
       0,   -9,    0,    9,  -14,    0,    0,    0,    0,    0,    0,    0,    0,    0,    0,    0,    0,    0,    0,  -10,    0,    0,   -7,   -6,   -4,   -2,  -54,  -12,  -37,  -26,   -3,  -55,   -2,    3,   17,    0,    3,   -1,    0,   -2,    0,    0,    0,    3,    0,    0,   -2,    0,   -5,    0,    0,   -6,    0,   25,   17,    0,    0,   -4,    0,    0,    0,    0,   -9,    0,    0,   -7,   -7,   -7,   -2,    0,   -1,   -1,   -1,    0,    0,    0,    0,   -1,   -1,   -1,   -1,    0,   -6,   -1,   -1,   -1,   -1,    0,    0,    3,   -7,    3,   -7,    0,   -7,    0,    0,    0,    0,   -7,    3,    0,    0,   -1,    0,    0,    0,  -54,   -2,    0,   -2,    0,   -1,    0,    0,    0,    0,   -2,    0,   -1,    0,   -7,    0,   -1,    0,    0,   -2,    0,    0,    0,    0,    0,    0,    0,    0,    0,    0,    0,    0,    0,    0,    0,    0,    0,    0,    0,    0,    0,    0,    0,    0,    0,    0,    0,    0,    0,    0,    0,    0,    0,    0,    0,    0,    0,    0,    0,    0,    0,    0,    0,    0,    0,    0,    0,    0,    0,    0,    0,    0,    0,    0,    0,    0,    0,    0,    0,    0,    0,    0,    0,    0,    0,    0,    0,    0,    0,    0,    0,    0,    0,    0,    0,    0,    0,    0,    0,    0,    0,    0,    0,    0,    0,    0,    0,    0,    0,    0,    0,    0,    0,    0,    0,    0,    0,    0,   -1,   -1,   -1,    0,   -1,   -1,    0,  -19,  -11,    0,    9,    9,    1,    0,   -2,   -2,
       0,  -12,    0,    1,  -14,    0,    0,    0,    0,    0,    0,    0,    0,    0,    0,    0,    0,    0,    0,  -12,    0,    0,   -7,   -6,   -4,   -2,  -54,  -12,  -37,  -26,   -3,  -55,   -2,   -1,    1,    0,    0,   -1,    0,   -2,    0,    0,    0,    0,    0,    0,   -2,    0,   -5,    0,    0,   -6,    0,    8,    1,    0,    0,   -4,    0,    0,    0,    0,   -9,    0,    0,   -7,   -7,   -7,   -2,    0,   -1,   -1,   -1,    0,    0,    0,    0,   -1,   -1,   -1,   -1,    0,   -6,   -1,   -1,   -1,   -1,    0,    0,    0,   -7,    0,   -7,    0,   -7,    0,    0,    0,    0,   -7,    0,    0,    0,   -1,    0,    0,    0,  -54,   -2,    0,   -2,    0,   -1,    0,    0,    0,    0,   -2,    0,   -1,    0,   -7,    0,   -1,    0,    0,   -2,    0,    0,    0,    0,    0,    0,    0,    0,    0,    0,    0,    0,    0,    0,    0,    0,    0,    0,    0,    0,    0,    0,    0,    0,    0,    0,    0,    0,    0,    0,    0,    0,    0,    0,    0,    0,    0,    0,    0,    0,    0,    0,    0,    0,    0,    0,    0,    0,    0,    0,    0,    0,    0,    0,    0,    0,    0,    0,    0,    0,    0,    0,    0,    0,    0,    0,    0,    0,    0,    0,    0,    0,    0,    0,    0,    0,    0,    0,    0,    0,    0,    0,    0,    0,    0,    0,    0,    0,    0,    0,    0,    0,    0,    0,    0,    0,    0,    0,   -1,   -1,   -1,    0,   -1,   -1,    0,  -25,  -15,    0,   -3,   -3,   -2,    0,   -2,   -2,
       0,  -22,    0,    1,  -19,    0,    0,    0,    0,    0,    0,    0,    0,    0,    0,    0,    0,    0,    0,  -15,    0,   -7,   -8,   -4,  -17,   -8,  -58,  -10,  -38,  -27,  -17,  -56,  -15,   -6,   10,    0,    0,    0,    0,   -6,   -2,    0,    0,    0,    0,    0,   -5,    0,   -8,   -4,  -11,   -9,   -5,   19,   10,    0,    0,  -10,    0,    0,    0,    0,  -13,    0,    0,   -8,   -8,   -8,   -6,    0,    0,    0,    0,    0,    0,    0,    0,    0,    0,    0,    0,    0,   -9,    0,    0,    0,    0,   -2,   -2,    0,   -8,    0,   -8,    0,   -8,    0,    0,    0,    0,   -8,    0,    0,    0,    0,    0,    0,    0,  -58,   -5,   -5,   -6,    0,    0,    0,   -2,   -2,    0,   -3,    0,    0,    0,   -8,    0,    0,    0,    0,   -3,    0,    0,    0,    0,    0,    0,    0,    0,    0,    0,    0,    0,    0,    0,    0,    0,    0,    0,    0,    0,    0,    0,    0,    0,    0,    0,    0,    0,    0,    0,    0,    0,    0,    0,    0,    0,    0,    0,    0,    0,    0,    0,    0,    0,    0,    0,    0,    0,    0,    0,    0,    0,    0,    0,    0,    0,    0,    0,    0,    0,    0,    0,    0,    0,    0,    0,    0,    0,    0,    0,    0,    0,    0,    0,    0,    0,    0,    0,    0,    0,    0,    0,    0,    0,    0,    0,    0,    0,    0,    0,    0,    0,    0,    0,    0,    0,    0,    0,    0,    0,    0,    0,    0,    0,    0,  -33,  -25,    0,  -23,  -23,   -6,    0,   -6,   -6,
       0,  -23,    0,   -5,  -19,    0,    0,    0,    0,    0,    0,    0,    0,    0,    0,    0,    0,    0,    0,  -15,    0,   -7,   -8,   -4,  -17,   -8,  -58,  -10,  -38,  -27,  -17,  -56,  -15,   -7,   -5,    0,    0,    0,    0,   -6,   -2,    0,    0,    0,    0,    0,   -5,    0,   -8,   -4,  -11,   -9,   -5,    3,   -4,    0,    0,  -10,    0,    0,    0,    0,  -13,    0,    0,   -8,   -8,   -8,   -6,    0,    0,    0,    0,    0,    0,    0,    0,    0,    0,    0,    0,    0,   -9,    0,    0,    0,    0,   -2,   -2,    0,   -8,    0,   -8,    0,   -8,    0,    0,    0,    0,   -8,    0,    0,    0,    0,    0,    0,    0,  -58,   -5,   -5,   -6,    0,    0,    0,   -2,   -2,    0,   -3,    0,    0,    0,   -8,    0,    0,    0,    0,   -3,    0,    0,    0,    0,    0,    0,    0,    0,    0,    0,    0,    0,    0,    0,    0,    0,    0,    0,    0,    0,    0,    0,    0,    0,    0,    0,    0,    0,    0,    0,    0,    0,    0,    0,    0,    0,    0,    0,    0,    0,    0,    0,    0,    0,    0,    0,    0,    0,    0,    0,    0,    0,    0,    0,    0,    0,    0,    0,    0,    0,    0,    0,    0,    0,    0,    0,    0,    0,    0,    0,    0,    0,    0,    0,    0,    0,    0,    0,    0,    0,    0,    0,    0,    0,    0,    0,    0,    0,    0,    0,    0,    0,    0,    0,    0,    0,    0,    0,    0,    0,    0,    0,    0,    0,    0,  -19,  -28,    0,  -10,  -10,   -7,    0,   -6,   -6,
       0,    0,    0,   -5,    0,  -21,  -21,  -17,    0,    0,    0,    0,    0,    0,    0,    0,    0,    0,    0,    0,    0,  -20,   -5,    0,  -37,   -2,  -49,   -2,  -11,   -5,  -24,  -27,  -13,    0,  -12,  -10,    0,   -7,   -7,    0,   -6,    0,    0,    0,    0,   -5,    0,    0,    0,    0,    0,    0,    0,    0,  -10,  -12,    0,    0,    0,    0,    0,    0,    0,    0,    0,   -5,   -5,   -5,    0,  -10,   -7,   -7,   -7,    0,    0,    0,    0,   -9,   -7,   -7,   -7,    0,    0,   -7,   -7,   -7,   -7,   -6,   -6,    0,   -5,    0,   -5,    0,   -5,    0,    0,    0,    0,   -5,    0,    0,    0,   -7,    0,   -5,   -5,  -49,    0,    0,    0,    0,   -7,    0,   -6,   -6,    0,    0,    0,   -7,    0,   -5,    0,   -7,    0,    0,    0,    0,    0,    0,    0,    0,    0,    0,    0,    0,    0,    0,    0,    0,    0,    0,    0,    0,    0,    0,    0,    0,    0,    0,    0,    0,    0,    0,    0,    0,    0,    0,    0,    0,    0,    0,    0,    0,    0,    0,    0,    0,    0,    0,    0,    0,    0,    0,    0,    0,    0,    0,    0,    0,    0,    0,    0,    0,    0,    0,    0,    0,    0,    0,    0,    0,    0,    0,    0,    0,    0,    0,    0,    0,    0,    0,    0,    0,    0,    0,    0,    0,    0,    0,    0,    0,    0,    0,    0,    0,    0,    0,    0,    0,    0,    0,    0,  -10,  -10,   -7,   -7,   -7,    0,   -7,   -7,    0,    0,    0,  -42,    0,    0,    0,    0,    0,    0,
       0,    0,    0,    0,    0,  -54,  -54,    0,    0,    0,    0,    0,    0,    0,    0,    0,    0,    0,    0,    0,    0,  -38,    0,   -4,  -38,    0,    0,    0,    0,    0,    0,    0,    0,    0,    0,  -27,    0,  -21,  -27,   -3,  -17,    0,    0,    0,   -3,  -15,   -3,   -3,    0,    0,    0,    0,   -3,    0,    0,    0,    0,    0,    0,    0,    0,    0,    0,    0,  -51,    4,    0,    0,   -3,  -27,  -21,  -21,  -21,   13,    0,    4,    0,  -16,  -21,  -21,  -21,   -3,    0,  -21,  -21,  -21,  -21,  -17,  -17,   12,   -4,    0,    7,    0,    0,    0,    4,    0,    3,   -4,    0,   -3,   -3,  -21,   -3,  -15,  -15,    0,   -3,   -3,   -3,   14,  -21,    0,  -17,  -17,    0,    0,   14,  -32,   44,    0,    0,  -32,   11,   -3,    0,    0,    0,   -4,    0,    0,  -33,  -34,    2,  -40,  -35,    0,    0,   -4,    0,    0,    0,    0,   -4,  -27,   -3,  -21,  -12,  -21,   -5,  -13,   -3,   -3,   -3,  -34,  -11,    0,  -25,    0,   -3,    0,    0,  -10,  -19,  -21,    0,  -15,    0,    2,    0,    0,   -3,    0,    0,    0,    0,    0,    0,    0,    0,    0,    0,    0,    0,    0,    0,    0,    0,    0,    0,  -29,  -12,    0,    0,    0,    0,    0,    0,    0,   -3,  -10,  -16,    0,  -27,  -51,  -21,    0,  -14,  -14,  -13,    0,    0,   -3,   -4,  -21,  -21,  -10,    0,    0,    0,    0,    0,  -42,  -27,  -21,  -17,  -21,    0,  -21,  -22,    0,    0,    0,    0,    0,    0,    0,    0,   -3,   -3,
       0,    0,  -13,    0,    0,  -55,  -55,  -31,    0,    0,    0,    0,    0,    0,    0,    0,    0,   -5,   -5,    0,  -13,  -38,    0,   -4,  -38,    0,    0,    0,    0,    0,    0,    0,    0,    0,    0,  -27,    0,  -22,  -28,   -3,  -17,    0,    0,    0,   -7,  -15,    0,   -3,    0,    0,   -3,    0,   -3,    0,    0,    0,    0,    0,  -31,  -36,    0,    0,    0,  -20,  -51,    0,    0,    0,   -3,  -27,  -22,  -22,  -22,    9,    0,   11,   11,  -14,  -22,  -22,  -22,   -3,    0,  -22,  -22,  -22,  -22,  -17,  -17,    7,   -3,    3,    0,    8,    0,    4,    3,    0,   10,   -3,    0,   -7,  -10,  -22,   -7,  -15,  -15,    0,    0,   -3,   -3,   12,  -22,    0,  -17,  -17,    0,    0,   11,  -37,   38,    0,    8,  -37,    2,   -3,    0,    0,    0,   -4,    0,    0,  -33,  -33,    0,  -40,  -34,    0,    0,   -4,    0,    0,    0,    0,    0,  -27,   -3,  -22,  -14,  -22,   -9,  -14,   -3,   -3,   -7,  -34,  -13,    0,  -26,   -3,   -3,    0,    0,  -12,  -20,  -22,    3,  -15,    0,   11,    0,    3,   -3,    0,    0,    0,    0,    0,    0,    0,    0,    0,    0,    0,    0,    0,    0,    0,    0,    0,    0,  -29,  -14,    0,    0,    0,    0,    0,    0,    0,   -3,  -10,  -17,    0,  -27,  -51,  -22,    0,  -15,  -15,  -14,    0,    0,   -3,   -4,  -22,  -22,  -18,    0,    0,    0,    0,   -3,  -47,  -27,  -22,  -23,  -22,    0,  -22,  -28,  -36,    0,    0,  -54,    0,    0,    0,    0,   -3,   -3,
       0,  -52,    0,    0,    0,    0,    0,    0,    0,    0,    0,    0,    0,    0,    0,    0,    0,    0,    0,    0,    0,    0,    0,  -19,    0,    0,  -37,  -17,  -41,  -30,    0,  -42,    0,    0,    0,    0,    0,    0,    0,   -4,    0,    0,    0,    0,    0,    0,   -5,    0,  -22,  -15,    0,  -21,    0,    0,    0,    0,    0,    0,    0,    0,    0,    0,    0,    0,    0,    0,    0,    0,   -4,    0,    0,    0,    0,    0,    0,    0,    0,    0,    0,    0,    0,    0,  -21,    0,    0,    0,    0,    0,    0,    0,   -6,    0,    0,    0,    0,    0,    0,    0,    0,   -6,    0,    0,    0,    0,    0,    0,    0,  -37,   -5,    0,   -4,    0,    0,    0,    0,    0,    0,   -6,    0,    0,    0,    0,    0,    0,    0,    0,   -6,    0,  -37,  -19,    0,    0,    0,    0,  -17,    0,    0,    0,    0,  -21,    0,  -49,  -33,    0,    0,    0,   -8,    0,    0,    0,    0,    0,    0,    0,    0,    0,    0,  -21,    0,    0,    0,  -21,  -17,    0,    0,    0,    0,    0,    0,    0,    0,    0,    0,  -21,    0,    0,    0,    0,    0,    0,    0,    0,    0,    0,    0,    0,    0,    0,    0,    0,    0,    0,    0,    0,  -18,  -42,  -22,  -82,  -22,  -23,    0,  -39,  -19,    0,    0,    0,    0,  -13,    0,    0,    0,    0,   -7,    0,  -19,    0,    0,    0,  -21,  -21,  -21,    0,    0,    0,    0,    0,    0,    0,    0,    0,    0,    0,    0,  -54,    0,  -54,  -54,    0,    0,   -4,   -4,
       0,    0,  -12,    0,    0,  -54,  -54,  -25,    0,    0,    0,    0,    0,    0,    0,    0,    0,    0,    0,    0,   -4,  -30,    0,    0,  -38,    0,    0,    0,    0,    0,    0,    0,    0,    0,    0,  -17,    0,  -12,  -16,    0,   -9,    0,    0,    0,    0,   -4,    0,    0,    0,    0,    0,    0,    0,    0,    0,    0,    0,    0,  -18,  -24,    0,    0,    0,   -5,  -45,    0,    0,    0,    0,  -17,  -12,  -12,  -12,    2,    0,    0,    0,  -15,  -12,  -12,  -12,    0,    0,  -12,  -12,  -12,  -12,   -9,   -9,    0,   -3,    0,    0,    0,    0,    0,    0,    0,    0,   -3,    0,    0,    4,  -12,    0,   -4,   -4,    0,    0,    0,    0,    6,  -12,    0,   -9,   -9,    0,    0,    6,  -12,   26,    0,    0,  -12,    6,    0,    0,    0,    0,    0,    0,    0,  -32,  -31,    0,  -32,  -32,    0,    0,    0,    0,    0,    0,    0,    0,  -17,    0,  -12,   -4,  -12,    0,   -5,    0,    0,    0,  -26,   -7,    0,  -14,    0,    0,    0,    0,   -3,  -10,  -12,    0,   -4,    0,    0,    0,    0,    0,    0,    0,    0,    0,    0,    0,    0,    0,    0,    0,    0,    0,    0,    0,    0,    0,    0,    0,  -19,   -4,    0,    0,    0,    0,    0,    0,    0,    0,    0,   -8,    0,  -17,  -45,  -12,    0,   -5,   -5,   -5,    0,    0,    0,    0,  -12,  -12,   -3,    0,    0,    0,    0,    0,  -17,  -17,  -12,  -12,  -12,    0,  -12,  -12,  -24,    0,    0,  -53,    0,    0,    0,    0,    0,    0,
       0,    0,    0,    0,    0,  -54,  -54,    0,    0,    0,    0,    0,    0,    0,    0,    0,    0,    0,    0,    0,    0,  -38,    0,   -4,  -38,    0,    0,    0,    0,    0,    0,    0,    0,    0,    0,  -27,    0,  -21,  -27,   -3,  -17,    0,    0,    0,   -3,  -15,   -3,   -3,    0,    0,    0,    0,   -3,    0,    0,    0,    0,    0,    0,    0,    0,    0,    0,    0,  -51,    4,    0,    0,   -3,  -27,  -21,  -21,  -21,   13,    0,    4,    0,  -16,  -21,  -21,  -21,   -3,    0,  -21,  -21,  -21,  -21,  -17,  -17,   12,   -4,    0,    7,    0,    0,    0,    4,    0,    3,   -4,    0,   -3,   -3,  -21,   -3,  -15,  -15,    0,   -3,   -3,   -3,   14,  -21,    0,  -17,  -17,    0,    0,   14,  -32,   44,    0,    0,  -33,   11,   -3,    0,    0,    0,   -4,    0,    0,  -33,  -34,    2,  -40,  -35,    0,    0,   -4,    0,    0,    0,    0,   -4,  -27,   -3,  -21,  -12,  -21,   -5,  -13,   -3,   -3,   -3,  -34,  -11,    0,  -25,    0,   -3,    0,    0,  -10,  -19,  -21,    0,  -15,    0,    2,    0,    0,   -3,    0,    0,    0,    0,    0,    0,    0,    0,    0,    0,    0,    0,    0,    0,    0,    0,    0,    0,  -29,  -12,    0,    0,    0,    0,    0,    0,    0,   -3,  -10,  -16,    0,  -27,  -51,  -21,    0,  -14,  -14,  -13,    0,    0,   -3,   -4,  -21,  -21,  -10,    0,    0,    0,    0,    0,  -42,  -27,  -21,  -17,  -21,    0,  -21,  -22,    0,    0,    0,    0,    0,    0,    0,    0,   -3,   -3,
       0,    0,  -12,    0,    0,  -54,  -57,  -25,    0,    0,    0,    0,    0,    0,    0,    0,    0,    0,    0,    0,   -4,  -30,    0,    0,  -38,    0,    0,    0,    0,    0,    0,    0,    0,    0,    0,  -17,    0,  -12,  -16,    0,   -9,    0,    0,    0,    0,   -4,    0,    0,    0,    0,    0,    0,    0,    0,    0,    0,    0,    0,  -18,  -24,    0,    0,    0,   -5,  -45,    0,    0,    0,    0,  -17,  -12,  -12,  -12,    2,    0,    0,    0,  -15,  -12,  -12,  -12,    0,    0,  -12,  -12,  -12,  -12,   -9,   -9,    0,   -3,    0,    0,    0,    0,    0,    0,    0,    0,   -3,    0,    0,    3,  -12,    0,   -4,   -4,    0,    0,    0,    0,    6,  -12,    0,   -9,   -9,    0,    0,    5,  -12,   26,    0,    0,  -12,    6,    0,    0,    0,    0,    0,    0,    0,  -32,  -31,    0,  -33,  -32,    0,    0,    0,    0,    0,    0,    0,    0,  -17,    0,  -12,   -4,  -12,    0,   -5,    0,    0,    0,  -26,   -7,    0,  -14,    0,    0,    0,    0,   -3,  -10,  -12,    0,   -4,    0,    0,    0,    0,    0,    0,    0,    0,    0,    0,    0,    0,    0,    0,    0,    0,    0,    0,    0,    0,    0,    0,    0,  -19,   -4,    0,    0,    0,    0,    0,    0,    0,    0,    0,   -8,    0,  -17,  -45,  -12,    0,   -5,   -5,   -5,    0,    0,    0,    0,  -12,  -12,   -3,    0,    0,    0,    0,    0,  -17,  -17,  -12,  -12,  -12,    0,  -12,  -12,  -24,    0,    0,  -53,    0,    0,    0,    0,    0,    0,
       0,    0,    0,    0,    0,    0,    0,    0,    0,  -12,  -12,    0,    0,   -5,  -21,    0,   -4,    0,    0,    0,    0,    0,    0,    0,    0,    0,    0,    0,    0,    0,    0,    0,    0,    0,    0,    0,    0,    0,    0,    0,    0,    0,    0,  -17,    0,    0,    0,    0,    0,    0,    0,    0,    0,    0,    0,    0,    0,    0,    0,    0,    0,    0,    0,    0,    0,    0,    0,    0,    0,    0,    0,    0,    0,    0,    0,    0,    0,    0,    0,    0,    0,    0,    0,    0,    0,    0,    0,    0,    0,    0,    0,    0,    0,    0,    0,    0,    0,    0,    0,    0,  -17,    0,    0,    0,    0,    0,    0,    0,    0,    0,    0,    0,    0,    0,    0,    0,    0,    0,    0,    0,    0,    0,    0,    0,    0,    0,    0,    0,    0,    0,    0,    0,    0,    0,    0,    0,    0,    0,    0,    0,    0,    0,    0,    0,    0,    0,    0,    0,    0,    0,    0,    0,    0,    0,    0,    0,    0,    0,    0,    0,    0,    0,    0,    0,    0,    0,    0,    0,    0,    0,    0,    0,    0,    0,    0,    0,    0,    0,    0,    0,    0,    0,    0,    0,    0,    0,    0,    0,    0,    0,    0,    0,    0,    0,    0,    0,    0,    0,    0,    0,    0,    0,    0,    0,    0,    0,    0,    0,    0,    0,    0,    0,    0,    0,    0,    0,    0,    0,    0,    0,    0,    0,    0,    0,    0,    0,    0,    0,    0,    0,    0,    0,    0,    0,    0,    0,    0,    0,    0,    0,    0,
       0,    0,    0,    3,   -1,  -14,  -14,  -13,    0,    0,    0,    0,    0,    0,    0,    0,    0,    0,    0,    0,    0,  -19,   -1,    0,  -28,   -1,    2,    0,   10,    8,    2,    9,    0,    4,    4,  -13,    0,   -8,  -10,    0,   -1,    0,    0,    0,    0,    0,    0,    0,    0,    0,    0,    0,    0,    2,    3,   -5,    0,    0,   -5,   -7,    0,    0,    0,    0,    0,   -1,   -1,   -1,    0,  -13,   -8,   -8,   -8,   19,    0,    5,   14,  -13,   -8,   -8,   -8,    0,    0,   -8,   -8,   -8,   -8,   -1,   -1,    0,   -1,    0,   -1,    9,   -1,    8,   10,    0,    0,   -1,    0,    0,    7,   -8,    0,    0,    0,    2,    0,    0,    0,   22,   -8,    0,   -1,   -1,    0,    0,   24,   -9,   57,   -1,   12,  -10,   23,    0,    0,    0,    0,    0,    0,    0,    0,    0,    0,    0,    0,    0,    0,    0,    0,    0,    0,    0,    0,    0,    0,    0,    0,    0,    0,    0,    0,    0,    0,    0,    0,    0,    0,    0,    0,    0,    0,    0,    0,    0,    0,    0,    0,    0,    0,    0,    0,    0,    0,    0,    0,    0,    0,    0,    0,    0,    0,    0,    0,    0,    0,    0,    0,    0,    0,    0,    0,    0,    0,    0,    0,    0,    0,    0,    0,    0,    0,    0,    0,    0,    0,    0,    0,    0,    0,    0,    0,    0,    0,    0,    0,    0,    0,    0,    0,    0,    0,  -13,  -13,   -8,   -1,   -8,    4,   -8,   -5,   -7,    0,    0,  -13,    3,    3,    0,    0,    0,    0,
       0,    0,    0,    0,    0,    0,    0,    0,    0,    0,    0,    0,    0,    0,    0,    0,    0,    0,    0,    0,    0,    0,   -3,   -5,   -2,   -3,   -3,   -6,    0,    0,    0,   -2,   -4,    0,    0,    0,    0,    0,    0,    0,    0,    0,    0,    0,    0,    0,    0,    0,    0,    0,    0,    0,    0,    0,    0,    0,    0,    0,    0,    0,    0,    0,    0,    0,    0,   -3,   -3,   -3,    0,    0,    0,    0,    0,    0,    0,    0,    0,    0,    0,    0,    0,    0,    0,    0,    0,    0,    0,    0,    0,    0,   -3,    0,   -3,    0,   -3,    0,    0,    0,    0,   -3,    0,    0,    0,    0,    0,    0,    0,   -3,    0,    0,    0,    0,    0,    0,    0,    0,    0,    0,    0,    0,   18,   -3,    0,    0,    0,    0,    0,    0,    0,    0,    0,    0,    0,    0,    0,    0,    0,    0,    0,    0,    0,    0,    0,    0,    0,    0,    0,    0,    0,    0,    0,    0,    0,    0,    0,    0,    0,    0,    0,    0,    0,    0,    0,    0,    0,    0,    0,    0,    0,    0,    0,    0,    0,    0,    0,    0,    0,    0,    0,    0,    0,    0,    0,    0,    0,    0,    0,    0,    0,    0,    0,    0,    0,    0,    0,    0,    0,    0,    0,    0,    0,    0,    0,    0,    0,    0,    0,    0,    0,    0,    0,    0,    0,    0,    0,    0,    0,    0,    0,    0,    0,    0,    0,    0,    0,    0,    0,    0,    0,    0,    0,    0,    0,    0,    0,    0,    0,    0,    0,    0,    0,
};

static const EpdLigaturePair lato_16_italicLigaturePairs[] = {
    { 0x00660066, 0xFB00 }, // f f -> U+FB00
    { 0x00660069, 0xFB01 }, // f i -> U+FB01
    { 0x0066006C, 0xFB02 }, // f l -> U+FB02
    { 0xFB000069, 0xFB03 }, // U+FB00 i -> U+FB03
    { 0xFB00006C, 0xFB04 }, // U+FB00 l -> U+FB04
};

static constexpr EpdFontData lato_16_italic = {
    lato_16_italicBitmaps,
    lato_16_italicGlyphs,
    lato_16_italicIntervals,
    35,
    40,
    33,
    -8,
    true,
    lato_16_italicGroups,
    13,
    nullptr,
    lato_16_italicKernLeftClasses,
    lato_16_italicKernRightClasses,
    lato_16_italicKernMatrix,
    720,
    725,
    243,
    241,
    lato_16_italicLigaturePairs,
    5,
};
