/**
 * generated by fontconvert.py
 * name: lato_16_bold
 * size: 16
 * mode: 2-bit  compressed: true
 * Command used: fontconvert.py lato_16_bold 16 ../builtinFonts/source/Lato/Lato-Bold.ttf ../builtinFonts/source/ChareInk7/ChareInk7-Bold.ttf ../builtinFonts/source/NotoEmoji/NotoEmoji-Regular.ttf ../builtinFonts/source/NotoSymbols/NotoSansSymbols-Regular.ttf --additional-intervals 0x03BB,0x03BB --additional-intervals 0x0410,0x0414 --additional-intervals 0x0418,0x0418 --additional-intervals 0x041B,0x041B --additional-intervals 0x041D,0x0423 --additional-intervals 0x0425,0x0425 --additional-intervals 0x0427,0x0427 --additional-intervals 0x042B,0x042C --additional-intervals 0x042E,0x0432 --additional-intervals 0x0434,0x0435 --additional-intervals 0x0437,0x0437 --additional-intervals 0x043A,0x043A --additional-intervals 0x043D,0x043E --additional-intervals 0x0440,0x0440 --additional-intervals 0x0442,0x0442 --additional-intervals 0x0446,0x0446 --additional-intervals 0x044C,0x044C --additional-intervals 0x044E,0x044E --additional-intervals 0x2113,0x2113 --additional-intervals 0x2669,0x266F --additional-intervals 0x1F600,0x1F607 --additional-intervals 0x1F609,0x1F614 --additional-intervals 0x1F618,0x1F618 --additional-intervals 0x1F61A,0x1F61A --additional-intervals 0x1F61C,0x1F61D --additional-intervals 0x1F620,0x1F622 --additional-intervals 0x1F624,0x1F625 --additional-intervals 0x1F629,0x1F629 --additional-intervals 0x1F62C,0x1F62E --additional-intervals 0x1F631,0x1F635 --additional-intervals 0x1F641,0x1F642 --additional-intervals 0x1F644,0x1F644 --additional-intervals 0x1F44B,0x1F44F --additional-intervals 0x2764,0x2764 --font-include-intervals 1:0x03BB,0x03BB --font-include-intervals 1:0x0410,0x0414 --font-include-intervals 1:0x0418,0x0418 --font-include-intervals 1:0x041B,0x041B --font-include-intervals 1:0x041D,0x0423 --font-include-intervals 1:0x0425,0x0425 --font-include-intervals 1:0x0427,0x0427 --font-include-intervals 1:0x042B,0x042C --font-include-intervals 1:0x042E,0x0432 --font-include-intervals 1:0x0434,0x0435 --font-include-intervals 1:0x0437,0x0437 --font-include-intervals 1:0x043A,0x043A --font-include-intervals 1:0x043D,0x043E --font-include-intervals 1:0x0440,0x0440 --font-include-intervals 1:0x0442,0x0442 --font-include-intervals 1:0x0446,0x0446 --font-include-intervals 1:0x044C,0x044C --font-include-intervals 1:0x044E,0x044E --font-include-intervals 1:0x2113,0x2113 --font-include-intervals 2:0x1F600,0x1F607 --font-include-intervals 2:0x1F609,0x1F614 --font-include-intervals 2:0x1F618,0x1F618 --font-include-intervals 2:0x1F61A,0x1F61A --font-include-intervals 2:0x1F61C,0x1F61D --font-include-intervals 2:0x1F620,0x1F622 --font-include-intervals 2:0x1F624,0x1F625 --font-include-intervals 2:0x1F629,0x1F629 --font-include-intervals 2:0x1F62C,0x1F62E --font-include-intervals 2:0x1F631,0x1F635 --font-include-intervals 2:0x1F641,0x1F642 --font-include-intervals 2:0x1F644,0x1F644 --font-include-intervals 2:0x1F44B,0x1F44F --font-include-intervals 2:0x2764,0x2764 --font-include-intervals 3:0x2669,0x266F --2bit --compress --pnum --darken-aa
 */
#pragma once
#include "EpdFontData.h"

static const uint8_t lato_16_boldBitmaps[35529] = {
    0xBD, 0x5A, 0xBF, 0xAF, 0xE5, 0x46, 0x15, 0x9E, 0x6B, 0xA3, 0x35, 0xC2, 0xC5, 0x50, 0x50, 0x20,
    0x6D, 0xE1, 0x94, 0x51, 0x14, 0xE2, 0x96, 0x22, 0x64, 0x1C, 0x51, 0x50, 0xC2, 0xDF, 0x41, 0xB3,
    0x2D, 0x45, 0x92, 0x71, 0x48, 0x41, 0x91, 0x22, 0xF9, 0x13, 0x28, 0xE8, 0xD3, 0xD2, 0xB0, 0xB6,
    0x42, 0x99, 0x02, 0x03, 0x7F, 0x40, 0x8C, 0xB4, 0x12, 0x25, 0x06, 0x99, 0xC4, 0xD1, 0xDA, 0x1E,
    0xBE, 0xEF, 0x9B, 0xF1, 0xBD, 0xF7, 0x25, 0xEF, 0xED, 0xEE, 0xCB, 0x46, 0x5C, 0xDB, 0xC7, 0x7E,
    0xE3, 0xF1, 0xCC, 0x99, 0xF3, 0xFB, 0x9C, 0x79, 0xBE, 0xF5, 0xB7, 0x1C, 0xAE, 0x75, 0x0D, 0x0E,
    0x73, 0xFC, 0x9C, 0x09, 0x3D, 0x0F, 0x67, 0xFC, 0x2F, 0xE6, 0x1B, 0x67, 0x3E, 0xBB, 0x7C, 0xC2,
    0xF9, 0x46, 0x36, 0x9A, 0x72, 0xB4, 0xBD, 0xB1, 0x43, 0x45, 0x50, 0xF7, 0xA6, 0xEA, 0x01, 0xEA,
    0xDE, 0xB5, 0xC6, 0x09, 0x60, 0xCC, 0x2A, 0x84, 0xB0, 0x39, 0x80, 0x55, 0xC0, 0x74, 0x66, 0x37,
    0x26, 0x10, 0xEC, 0xA7, 0xD5, 0x98, 0x2D, 0x43, 0x13, 0x5E, 0x4C, 0x04, 0xB3, 0x9E, 0xF2, 0x35,
    0x9F, 0x4D, 0xBE, 0x14, 0x93, 0xC9, 0xE7, 0x72, 0x32, 0xC5, 0x04, 0x50, 0x4E, 0x76, 0x34, 0x56,
    0x60, 0x28, 0x07, 0xA0, 0xF7, 0x16, 0x71, 0xFC, 0x19, 0xC1, 0xBB, 0xB8, 0xAA, 0xD0, 0x62, 0x50,
    0x8C, 0x5E, 0x60, 0x80, 0xC6, 0xEE, 0x21, 0x98, 0x7A, 0x5A, 0x7F, 0x62, 0xDC, 0x80, 0x29, 0x5C,
    0x4F, 0x30, 0x2C, 0xC6, 0xD4, 0xF3, 0xC2, 0xBE, 0x00, 0x65, 0xD8, 0x8C, 0xC9, 0x42, 0x18, 0x8D,
    0xF1, 0xE9, 0x11, 0xE0, 0x4B, 0x0C, 0x93, 0x4D, 0x5D, 0x6F, 0xB0, 0xBE, 0x08, 0xBE, 0x97, 0x4F,
    0xBE, 0x77, 0x3F, 0x1F, 0x43, 0xD3, 0x3D, 0x7D, 0x1A, 0xD0, 0x17, 0x73, 0x94, 0xC0, 0xD1, 0x98,
    0x47, 0xA1, 0x31, 0xA6, 0xE8, 0x31, 0x79, 0x79, 0x80, 0x0C, 0x4D, 0x58, 0x8E, 0xC5, 0xA8, 0xE5,
    0x62, 0x5C, 0x98, 0x4D, 0x35, 0x1A, 0xFF, 0xC1, 0x0A, 0x0C, 0xB0, 0xEC, 0x15, 0xAB, 0xC6, 0xB2,
    0xB7, 0x6C, 0xD3, 0xAD, 0x00, 0x16, 0x68, 0xB4, 0x18, 0x0A, 0x5D, 0xD0, 0x83, 0x1F, 0x74, 0x18,
    0xD3, 0x86, 0x7F, 0x80, 0x38, 0x18, 0xEC, 0xE7, 0xAB, 0x18, 0x61, 0x27, 0x0F, 0x2C, 0x4D, 0xFD,
    0xB7, 0xC0, 0xBF, 0xFD, 0xEF, 0x88, 0xA9, 0x09, 0x76, 0x42, 0xDF, 0x7C, 0xB5, 0x24, 0x73, 0x39,
    0x8B, 0xEE, 0xD5, 0xA8, 0x9B, 0xEB, 0x6D, 0x5F, 0xB7, 0x98, 0x0C, 0x1F, 0x36, 0x98, 0x0C, 0x24,
    0x31, 0x98, 0x2C, 0xC3, 0xE7, 0x96, 0xCB, 0x1D, 0x39, 0x76, 0xCB, 0x11, 0x49, 0x08, 0x10, 0x9F,
    0xB3, 0x85, 0xDF, 0x72, 0xFD, 0xBB, 0xC1, 0xA0, 0xF8, 0x04, 0xC4, 0x25, 0x96, 0x6A, 0xE1, 0x2F,
    0x44, 0xD8, 0x4B, 0x2E, 0x80, 0xB0, 0x39, 0x61, 0x30, 0x47, 0x42, 0x18, 0x6F, 0xEA, 0x2F, 0x42,
    0xDF, 0x81, 0xBE, 0xDD, 0x18, 0x4C, 0xD7, 0xD7, 0xCB, 0x6E, 0x42, 0x5B, 0xE2, 0x7D, 0x68, 0x33,
    0x4C, 0x80, 0x99, 0x40, 0xAD, 0x6E, 0x30, 0x1E, 0x14, 0x59, 0x0A, 0x4C, 0x46, 0x81, 0x08, 0x2D,
    0xB0, 0x1A, 0xC3, 0x60, 0xBA, 0xDD, 0xB8, 0xD9, 0x37, 0xE7, 0x03, 0xA3, 0x3A, 0xF3, 0x86, 0x31,
    0xBF, 0x37, 0x2B, 0xC4, 0x60, 0x01, 0xDB, 0xA7, 0x6A, 0x80, 0x2C, 0x61, 0x99, 0xBE, 0xE9, 0x40,
    0xB0, 0x70, 0x3E, 0xF8, 0x57, 0xD7, 0x48, 0x70, 0xFB, 0x7A, 0xB0, 0xA3, 0x9D, 0x8A, 0x25, 0x5F,
    0x21, 0x53, 0x40, 0xF0, 0x07, 0x1C, 0x87, 0xAD, 0x53, 0x6C, 0xCD, 0xD7, 0x6C, 0x3B, 0xED, 0x20,
    0x7B, 0xB8, 0x71, 0xA0, 0xE5, 0x04, 0x01, 0xCC, 0xD7, 0x42, 0x33, 0xD5, 0x9C, 0xA9, 0xB1, 0x5C,
    0xE5, 0x9B, 0x3C, 0x5F, 0x7D, 0xF3, 0x55, 0xF7, 0xEE, 0x6A, 0xC3, 0x74, 0x0A, 0x4D, 0x19, 0x46,
    0xF7, 0x78, 0xFD, 0xE9, 0x9B, 0xAF, 0xC7, 0x57, 0x10, 0x4D, 0x73, 0x37, 0xA0, 0x18, 0xF7, 0x17,
    0xF0, 0xEC, 0xCE, 0x02, 0x75, 0xE3, 0xFB, 0x6E, 0xF0, 0xD0, 0xA1, 0xB2, 0xB7, 0xD0, 0xC2, 0x77,
    0xCC, 0x2B, 0x90, 0x87, 0x31, 0x9E, 0xE9, 0x25, 0xB9, 0xAA, 0xCE, 0xD0, 0x07, 0xB1, 0x12, 0x5A,
    0x07, 0x65, 0x03, 0x4B, 0x1A, 0x8A, 0x12, 0xA5, 0xCA, 0x40, 0xCA, 0x28, 0x82, 0xEA, 0x56, 0xA4,
    0x6E, 0xF6, 0xAA, 0x9B, 0xFF, 0x5A, 0xB7, 0xE5, 0xAA, 0xDB, 0x90, 0xBA, 0x71, 0xFD, 0x45, 0xF8,
    0x98, 0x02, 0xB9, 0x82, 0xD3, 0x50, 0xA8, 0x3C, 0xBC, 0x1D, 0x7A, 0x0B, 0x06, 0x4E, 0xD5, 0x64,
    0xEC, 0xEC, 0x20, 0xDF, 0x94, 0xD8, 0x62, 0xF5, 0x58, 0xDB, 0x4A, 0x7D, 0xD9, 0x08, 0xF6, 0x5B,
    0xC0, 0xA6, 0x2E, 0xEA, 0xAC, 0xCF, 0x34, 0x80, 0x86, 0xD2, 0xA0, 0x1A, 0x5E, 0x13, 0xC5, 0x29,
    0xA1, 0x37, 0x35, 0x84, 0x66, 0xC9, 0xC3, 0x62, 0xC3, 0xE2, 0x71, 0x7E, 0xB6, 0xBC, 0x81, 0xC6,
    0xFB, 0x9E, 0xF5, 0x9E, 0xD4, 0xBB, 0xA4, 0xC6, 0x56, 0x4B, 0xB9, 0x19, 0x37, 0xE6, 0x01, 0x42,
    0x71, 0x82, 0xCC, 0x36, 0x92, 0xE8, 0x53, 0x90, 0x9A, 0x91, 0x03, 0x24, 0x49, 0x41, 0xF5, 0xB2,
    0xCB, 0x21, 0xE2, 0x94, 0xF6, 0x9C, 0x2F, 0xED, 0x7A, 0x47, 0x13, 0x51, 0x27, 0x7F, 0xDB, 0x70,
    0x06, 0xD0, 0xA9, 0x86, 0xF3, 0x4E, 0x69, 0xDE, 0xAD, 0x84, 0x7C, 0x8F, 0x19, 0xE7, 0xC5, 0x94,
    0xD2, 0xCA, 0xA4, 0x4E, 0xD2, 0xAC, 0x8A, 0x2C, 0xA0, 0x0D, 0x4A, 0x80, 0xC3, 0x3E, 0x8C, 0x5D,
    0x1A, 0x02, 0x6A, 0x69, 0xD7, 0x3E, 0x22, 0xA0, 0x1E, 0x35, 0x7E, 0xE0, 0x50, 0x0B, 0x06, 0xB5,
    0x1C, 0x3E, 0x8F, 0xF6, 0x4B, 0x3A, 0x1A, 0x97, 0x40, 0x60, 0x09, 0x1C, 0x01, 0x94, 0x0B, 0x8B,
    0x04, 0xC8, 0x57, 0x00, 0x3B, 0x03, 0xD4, 0x23, 0x80, 0xEF, 0x93, 0x09, 0xCE, 0x37, 0x00, 0x50,
    0x0B, 0x4A, 0x39, 0x01, 0x00, 0xC9, 0x5D, 0xB2, 0x0B, 0xC2, 0x03, 0x70, 0x81, 0x4B, 0x92, 0x97,
    0xBB, 0x40, 0xA0, 0x35, 0x22, 0x00, 0x23, 0x77, 0x89, 0x54, 0x04, 0xB9, 0xC0, 0x72, 0x80, 0x82,
    0x72, 0x5E, 0x92, 0x40, 0x00, 0x33, 0xB1, 0xDF, 0xCC, 0xE9, 0x0F, 0xE5, 0x65, 0xA9, 0x1D, 0x6D,
    0x8B, 0x3F, 0x03, 0xFD, 0x19, 0x9A, 0x07, 0x64, 0x4F, 0xF5, 0x84, 0xCC, 0x23, 0x2A, 0xF8, 0x76,
    0x88, 0xAB, 0xA2, 0x29, 0x67, 0xB7, 0x81, 0x0B, 0x6C, 0xAF, 0xB9, 0x52, 0x93, 0x51, 0x7E, 0x48,
    0xD4, 0x53, 0x7B, 0xB9, 0xE3, 0xB1, 0xE2, 0x00, 0x8E, 0x48, 0x82, 0x7E, 0x81, 0x5F, 0x86, 0x16,
    0xB3, 0x74, 0x3D, 0xA6, 0xF7, 0x04, 0xAE, 0xEF, 0xF8, 0xE4, 0x5B, 0x10, 0x5B, 0x52, 0x52, 0x9F,
    0xE9, 0x1C, 0xFD, 0x04, 0x45, 0x8A, 0x24, 0x19, 0x2E, 0xE0, 0x40, 0x97, 0x53, 0x9D, 0x6E, 0x11,
    0xA4, 0x8A, 0xC8, 0xB8, 0xF1, 0xDC, 0xAD, 0x3F, 0xBA, 0x11, 0x14, 0xDB, 0x81, 0xB3, 0x9D, 0x0F,
    0x09, 0x73, 0xC3, 0x61, 0x67, 0x49, 0x95, 0x28, 0x9B, 0xF2, 0x02, 0xB5, 0x58, 0x09, 0x34, 0x0A,
    0x22, 0x64, 0x57, 0xA0, 0x56, 0xC3, 0x2C, 0xF1, 0x83, 0x04, 0xEA, 0x11, 0xA0, 0x62, 0x1B, 0xDE,
    0x6E, 0x94, 0x8D, 0x99, 0x9C, 0x19, 0xA2, 0x24, 0xD6, 0x30, 0xBD, 0xEA, 0xD7, 0x7A, 0x2E, 0x1A,
    0x2B, 0xF7, 0x67, 0xD0, 0xF5, 0x40, 0x31, 0xB4, 0xB4, 0xCE, 0x91, 0x33, 0xF1, 0x5B, 0x8A, 0x32,
    0xA4, 0xB1, 0xE1, 0x28, 0x13, 0xDB, 0x30, 0xEF, 0x56, 0x70, 0x0E, 0x20, 0x87, 0x2F, 0xE0, 0x17,
    0xE9, 0x6C, 0xAE, 0xC0, 0xC0, 0x36, 0xBC, 0xED, 0x2B, 0xF4, 0x83, 0x0F, 0x80, 0x58, 0x64, 0xA4,
    0xB8, 0xF1, 0x4F, 0x2F, 0xCB, 0x1C, 0x13, 0x7B, 0x45, 0x88, 0x28, 0xB0, 0x17, 0x05, 0x1B, 0x92,
    0x6F, 0xAA, 0x5A, 0x37, 0xFA, 0xC9, 0x8D, 0x55, 0x6B, 0x6E, 0xFC, 0x2E, 0xED, 0x70, 0x7C, 0x13,
    0x0F, 0xDB, 0xDF, 0xEC, 0x81, 0xF6, 0x51, 0xED, 0x53, 0x3E, 0x14, 0x30, 0xA5, 0x6F, 0x99, 0xEF,
    0xB3, 0xF9, 0x57, 0x20, 0xE4, 0xA8, 0xD9, 0x33, 0x10, 0xB1, 0x8E, 0xBE, 0x09, 0x37, 0xD3, 0xD1,
    0x0D, 0x6F, 0x8C, 0x0A, 0x7A, 0x79, 0x35, 0x85, 0x12, 0x27, 0xF1, 0x9B, 0x8E, 0x92, 0xD8, 0xFE,
    0x90, 0x71, 0xCB, 0x71, 0x5D, 0xCF, 0x75, 0xDD, 0x8E, 0x09, 0xCC, 0x9F, 0x92, 0x48, 0xFA, 0xF5,
    0x18, 0x8F, 0x31, 0x87, 0xC6, 0x9B, 0xD2, 0xBC, 0x4D, 0x06, 0xD2, 0x9E, 0xE7, 0xC5, 0xEA, 0xFE,
    0x98, 0xC6, 0xE2, 0x6B, 0x9A, 0x41, 0xA8, 0x9F, 0x71, 0x6F, 0x93, 0x06, 0x0A, 0x09, 0xD2, 0x85,
    0x9E, 0x14, 0x06, 0x0B, 0x44, 0xDD, 0x1C, 0xE9, 0x17, 0x92, 0x16, 0x3E, 0xC6, 0xF5, 0xA3, 0x9B,
    0x34, 0x20, 0x22, 0xEC, 0x9E, 0xCB, 0x18, 0x25, 0xC4, 0xC0, 0xCA, 0x41, 0xF3, 0xC8, 0xDF, 0xDB,
    0x28, 0xBE, 0xFE, 0x2B, 0xE3, 0x67, 0xA9, 0x10, 0x4C, 0x81, 0x24, 0xAD, 0x93, 0x77, 0x41, 0xE4,
    0x06, 0x77, 0xD0, 0x2D, 0x8C, 0x24, 0x10, 0x2A, 0x81, 0xA8, 0x44, 0xAE, 0x1C, 0x1C, 0xD6, 0xB7,
    0x96, 0xA3, 0x3F, 0xED, 0xD9, 0x52, 0x8E, 0x8F, 0xE1, 0x3A, 0x67, 0xDC, 0xF2, 0x39, 0x9F, 0xEC,
    0xF0, 0x38, 0x9F, 0x0A, 0xB0, 0xC3, 0xE7, 0xF4, 0xA4, 0xB8, 0x2D, 0x35, 0xC2, 0x19, 0x07, 0xB9,
    0xA1, 0xCE, 0xBD, 0x1F, 0x16, 0x10, 0xA3, 0xEA, 0x3D, 0x7C, 0x9C, 0x61, 0xCC, 0x73, 0x96, 0xEC,
    0xA8, 0xC0, 0xAF, 0x0B, 0x97, 0x87, 0xBB, 0x51, 0x78, 0x10, 0x03, 0x32, 0x32, 0x01, 0x58, 0x7F,
    0x65, 0x0E, 0x19, 0x01, 0x31, 0xB7, 0x18, 0x9B, 0x86, 0xEB, 0x5B, 0x27, 0x3B, 0x69, 0x82, 0x74,
    0xEC, 0x14, 0xA4, 0x43, 0xF9, 0x2E, 0x43, 0x90, 0x2B, 0xBE, 0x82, 0xDB, 0x91, 0x3A, 0xDA, 0x59,
    0xAA, 0x59, 0x4D, 0xF9, 0x26, 0x49, 0x94, 0xB6, 0xBA, 0x41, 0x92, 0x08, 0x92, 0xC6, 0x18, 0x32,
    0x88, 0x71, 0xD1, 0x6D, 0x07, 0x21, 0xC1, 0xDE, 0x18, 0xAD, 0x5C, 0x25, 0xC2, 0x1C, 0x09, 0xD8,
    0x54, 0xB3, 0x14, 0x9D, 0xB3, 0x60, 0x18, 0x27, 0xC1, 0x65, 0x78, 0xF8, 0x31, 0xC1, 0x46, 0x00,
    0x73, 0xDD, 0x67, 0xA1, 0xA7, 0xBE, 0xC1, 0x77, 0x63, 0x3A, 0x82, 0xE9, 0xFC, 0x34, 0x48, 0x11,
    0x7D, 0xFF, 0x00, 0xFD, 0x28, 0x57, 0x9E, 0x06, 0x8A, 0x9F, 0x41, 0x43, 0x21, 0x7F, 0x78, 0x5B,
    0xB3, 0x73, 0x35, 0x03, 0xD8, 0xF9, 0x78, 0xE2, 0x00, 0x7C, 0x4B, 0xFC, 0x3C, 0x29, 0xEB, 0x23,
    0x99, 0xBA, 0xC4, 0xD4, 0x49, 0xC1, 0xC7, 0x26, 0xF2, 0x21, 0xEC, 0x0B, 0x23, 0xAC, 0x0C, 0x1D,
    0xC2, 0x6F, 0x4C, 0xBD, 0x9E, 0xA3, 0x37, 0xC5, 0x80, 0x51, 0x54, 0x93, 0xA9, 0x4D, 0xB1, 0x5D,
    0x84, 0xDD, 0x15, 0x94, 0x25, 0x8D, 0x4A, 0x1B, 0x4D, 0x6B, 0xE2, 0x04, 0x4D, 0xF7, 0x3B, 0x74,
    0x5B, 0x0F, 0x42, 0x0C, 0x77, 0x4C, 0xB4, 0xB0, 0xE6, 0xD4, 0xED, 0x4D, 0x42, 0xCA, 0xAB, 0xD9,
    0x8B, 0x86, 0xC0, 0x1A, 0x12, 0xCF, 0xA5, 0xEC, 0x84, 0x30, 0x80, 0xE4, 0x96, 0xA8, 0x23, 0x2A,
    0x98, 0x48, 0x90, 0x48, 0x9B, 0x48, 0xA6, 0xDB, 0xE0, 0x78, 0xE9, 0x19, 0xBF, 0xD2, 0x08, 0x71,
    0x34, 0x8D, 0xAC, 0x59, 0xE2, 0x8C, 0x8A, 0x2C, 0x2E, 0x98, 0x9C, 0xAF, 0x3E, 0x5A, 0xE3, 0x3B,
    0xAF, 0x20, 0xF2, 0xC6, 0xEB, 0xD9, 0xFD, 0xC2, 0xAD, 0xD7, 0xF3, 0xC7, 0x9F, 0xCE, 0xD7, 0xF3,
    0xFA, 0xA6, 0x2B, 0xC9, 0xB8, 0x9C, 0x91, 0xA8, 0xDD, 0x88, 0xBF, 0x7D, 0x11, 0x9E, 0x3C, 0x08,
    0xAD, 0x25, 0xF1, 0x6F, 0xE3, 0xEF, 0x37, 0x38, 0x0B, 0x58, 0x87, 0x21, 0xC2, 0x4E, 0x90, 0xFC,
    0x75, 0x03, 0xF9, 0xEB, 0x06, 0xF2, 0xD7, 0x0D, 0x56, 0xC9, 0x12, 0xEC, 0xBC, 0x34, 0x63, 0xCE,
    0x60, 0x26, 0x7C, 0x48, 0x7E, 0x84, 0xCE, 0xE0, 0x91, 0xB8, 0x79, 0xF0, 0xEE, 0x5B, 0xC3, 0x90,
    0x24, 0xF8, 0x02, 0x5F, 0x6A, 0xCC, 0xFB, 0x1D, 0x94, 0x98, 0x7B, 0x9F, 0x88, 0x94, 0x36, 0x50,
    0x19, 0x31, 0x69, 0xC7, 0x6C, 0xB5, 0x87, 0xD7, 0xB8, 0xC8, 0xDE, 0x4A, 0x08, 0xD3, 0x4C, 0xA5,
    0x96, 0xB4, 0x83, 0x5F, 0xBE, 0xA7, 0x9F, 0xF7, 0x3D, 0x29, 0x0A, 0xC7, 0x38, 0x13, 0xCA, 0x3D,
    0x7C, 0x4A, 0x66, 0x7A, 0xD9, 0xE1, 0x03, 0xAA, 0xA5, 0x97, 0x49, 0xA6, 0x0B, 0x05, 0xAC, 0xF5,
    0x95, 0x55, 0xB8, 0x96, 0x2B, 0x48, 0x39, 0x85, 0x5E, 0xE3, 0x4F, 0x97, 0xB9, 0xE2, 0xBC, 0x85,
    0x70, 0xC8, 0xE4, 0xDB, 0xCD, 0x77, 0x7E, 0x41, 0xE8, 0xCE, 0x17, 0xAD, 0x41, 0xB5, 0x78, 0x79,
    0x88, 0xC5, 0xD3, 0xA6, 0xFA, 0x85, 0xDE, 0x0E, 0x11, 0xBB, 0x57, 0x84, 0x82, 0xC8, 0x91, 0x7E,
    0x07, 0x37, 0x86, 0x7A, 0x8B, 0x87, 0x94, 0xD9, 0xA7, 0x8B, 0xFF, 0x64, 0x32, 0xF5, 0x97, 0x8B,
    0xFF, 0x68, 0x36, 0xEE, 0xB3, 0xC5, 0x7F, 0x08, 0x37, 0xF7, 0xE1, 0xE2, 0x3F, 0xD8, 0x4C, 0x28,
    0x17, 0xFF, 0x7E, 0xC8, 0x76, 0xDC, 0x5A, 0xE4, 0xBB, 0xBC, 0x21, 0xE0, 0xE7, 0xCD, 0xFD, 0x6B,
    0xE2, 0xAD, 0x0A, 0x23, 0x6F, 0x36, 0xF4, 0xBC, 0x81, 0x0E, 0xBC, 0xC1, 0xD2, 0xF2, 0x66, 0xB6,
    0x78, 0x33, 0xDF, 0xBC, 0x35, 0x74, 0x9B, 0xB2, 0x15, 0x3D, 0x91, 0x05, 0x54, 0x1D, 0x80, 0x38,
    0x02, 0x2A, 0xDA, 0xF3, 0xA1, 0x17, 0x9C, 0x08, 0x3F, 0x59, 0x08, 0x3F, 0xDA, 0x08, 0x3F, 0x60,
    0xB4, 0x0E, 0xAC, 0x10, 0xD4, 0xF8, 0xB6, 0x9B, 0x08, 0xDD, 0x42, 0x68, 0x37, 0xC2, 0x3C, 0x30,
    0x48, 0x3C, 0x51, 0x62, 0xE1, 0xC5, 0x05, 0x9D, 0xA0, 0x15, 0x2C, 0x04, 0x33, 0x41, 0x13, 0xA1,
    0x1C, 0xF8, 0xDE, 0x44, 0x03, 0xBD, 0x98, 0xC3, 0x30, 0x4A, 0x85, 0x07, 0x23, 0x1D, 0x9E, 0x64,
    0xA4, 0x1D, 0xE3, 0x34, 0x79, 0x79, 0x8A, 0x00, 0xB9, 0xAA, 0xAC, 0x40, 0x8A, 0x8C, 0x35, 0xC7,
    0xF0, 0xB1, 0x89, 0xE1, 0x61, 0x9B, 0xA2, 0xC4, 0xD4, 0x98, 0xBA, 0xA4, 0x0F, 0xF4, 0xF9, 0x1E,
    0x07, 0x5B, 0x8F, 0xA1, 0xD3, 0x44, 0x69, 0xDA, 0x84, 0xC4, 0x81, 0x52, 0x44, 0x50, 0x72, 0x78,
    0x76, 0x44, 0x60, 0x7F, 0x21, 0x99, 0x92, 0x9A, 0x45, 0xAF, 0xF5, 0x35, 0x27, 0x36, 0xA6, 0xB7,
    0xEC, 0xA7, 0x2F, 0xD2, 0xB7, 0xED, 0x55, 0x2C, 0xFF, 0x02, 0xE0, 0xA0, 0x4F, 0xF9, 0x52, 0xF4,
    0xE9, 0x6E, 0xA1, 0x4F, 0xDB, 0xBD, 0x20, 0x7D, 0x96, 0x1B, 0xF4, 0xE9, 0xAF, 0xE9, 0x13, 0x13,
    0x94, 0x5D, 0xE1, 0x13, 0xDA, 0x63, 0xF0, 0x52, 0xC5, 0x80, 0x24, 0xA6, 0x30, 0xE4, 0xB7, 0xEE,
    0xBF, 0xFE, 0x18, 0x0A, 0x2D, 0xAF, 0x33, 0x9B, 0xE8, 0x9E, 0xFB, 0x52, 0xCA, 0x19, 0xE3, 0x00,
    0x02, 0x7F, 0x13, 0xF0, 0xC5, 0x89, 0xA1, 0xC2, 0xC3, 0x54, 0x5D, 0xF2, 0xC9, 0x79, 0x35, 0xD1,
    0x1E, 0xC8, 0x1C, 0xF8, 0xBE, 0xA2, 0xA2, 0x97, 0x7B, 0xB4, 0x29, 0x32, 0x05, 0xB2, 0x34, 0x32,
    0x04, 0xD1, 0x0E, 0x94, 0x74, 0x74, 0x2C, 0xE6, 0x70, 0x01, 0x4D, 0xB1, 0x33, 0x11, 0x98, 0x11,
    0x57, 0x29, 0x00, 0x52, 0x22, 0x52, 0x29, 0x06, 0x0A, 0x2A, 0x31, 0x31, 0xEF, 0x27, 0x75, 0xB3,
    0xC3, 0xA5, 0xE8, 0xEF, 0x26, 0xC6, 0xAD, 0xE6, 0x14, 0xFA, 0x1B, 0x39, 0x59, 0xD7, 0x5A, 0xA6,
    0x9F, 0xCA, 0x10, 0xDC, 0x55, 0x09, 0x0C, 0x4B, 0xA5, 0x37, 0xDA, 0x2E, 0x20, 0x86, 0xF5, 0xFF,
    0x07, 0xA0, 0x28, 0xED, 0x3B, 0x86, 0xDD, 0x01, 0x33, 0x25, 0x88, 0x51, 0x50, 0x18, 0xDD, 0x2D,
    0x94, 0xB9, 0x0A, 0x52, 0xA4, 0x95, 0xC7, 0x6C, 0x48, 0xA9, 0xA8, 0x44, 0xA4, 0x0C, 0x4F, 0x62,
    0x88, 0x94, 0x85, 0x23, 0x1E, 0x64, 0x90, 0x58, 0xAE, 0x8A, 0x95, 0xC8, 0x1A, 0xE6, 0x17, 0xB3,
    0x92, 0x43, 0x37, 0x29, 0x22, 0x67, 0x6F, 0x50, 0x5B, 0x71, 0x7C, 0x2F, 0xC5, 0x96, 0x14, 0x98,
    0x58, 0x2C, 0x60, 0xA8, 0xA5, 0xD8, 0x34, 0x05, 0xAC, 0x76, 0x55, 0xD0, 0x55, 0xAC, 0xCA, 0xA0,
    0x52, 0x68, 0x9B, 0x85, 0x18, 0x95, 0xC5, 0xB0, 0xD7, 0x84, 0x28, 0x81, 0x5E, 0xC2, 0x7A, 0x44,
    0xC6, 0x75, 0x2C, 0xDF, 0xA5, 0xE0, 0x59, 0x37, 0xAE, 0x51, 0xE8, 0x40, 0x15, 0xE8, 0x9E, 0x98,
    0x2B, 0x5D, 0x1E, 0x4A, 0x6A, 0xEE, 0x00, 0x41, 0x81, 0x31, 0x43, 0x57, 0x2A, 0x87, 0xF0, 0xC3,
    0x43, 0x1D, 0x98, 0x24, 0x32, 0x15, 0xFF, 0x7C, 0xCA, 0xE4, 0x0E, 0xDD, 0x5F, 0xA6, 0xE8, 0x1A,
    0xBB, 0x5F, 0xCE, 0xF9, 0x2E, 0x0B, 0x55, 0xAC, 0x44, 0x18, 0xCA, 0x97, 0xAF, 0x0C, 0x97, 0xC3,
    0xA7, 0x7B, 0xBE, 0x91, 0x16, 0xDD, 0x9F, 0xD7, 0x53, 0x20, 0xF6, 0xFE, 0xEF, 0x28, 0x0C, 0x52,
    0x1A, 0xDD, 0x3F, 0x51, 0xE6, 0xA1, 0x3A, 0x3A, 0x96, 0x07, 0xE9, 0x16, 0x2B, 0x9A, 0x62, 0xAE,
    0xC2, 0x2A, 0x15, 0xD2, 0x43, 0xAF, 0x5C, 0x09, 0x68, 0x41, 0xC4, 0x63, 0xE2, 0xDC, 0x1E, 0x0F,
    0xCC, 0xEB, 0x53, 0xFD, 0x86, 0x89, 0x04, 0xD5, 0xD2, 0x8F, 0xE0, 0x54, 0xC4, 0x36, 0x63, 0xF0,
    0x4B, 0x24, 0xE1, 0x32, 0xB8, 0xEE, 0xD0, 0x93, 0x68, 0xDD, 0xA8, 0x48, 0x67, 0xD2, 0xE0, 0x5B,
    0xE4, 0xDD, 0x6E, 0x8E, 0xCA, 0xCB, 0x89, 0x59, 0xAF, 0xEA, 0xA4, 0x54, 0x86, 0x14, 0x50, 0x93,
    0x8A, 0xFF, 0x0E, 0x8A, 0x3D, 0x89, 0x64, 0xE8, 0xC5, 0xC1, 0x06, 0xA6, 0x03, 0x28, 0x40, 0x2A,
    0x2C, 0x0D, 0x2B, 0x55, 0x0B, 0xEE, 0x97, 0x66, 0x85, 0x25, 0x73, 0x62, 0xC3, 0xE7, 0x7A, 0xA6,
    0xCA, 0x21, 0x17, 0xA5, 0x8A, 0xF5, 0xE4, 0x28, 0xF3, 0x4E, 0xE1, 0x8E, 0x02, 0xE8, 0x66, 0x22,
    0x85, 0x63, 0x55, 0x0D, 0x1C, 0x21, 0x6E, 0x25, 0x4B, 0x6A, 0xC8, 0x38, 0xB8, 0x6A, 0xD5, 0xA4,
    0xD1, 0x55, 0x39, 0x8F, 0x9C, 0x6D, 0x0A, 0xEF, 0xEA, 0x6F, 0x01, 0x6B, 0x26, 0xA9, 0x17, 0x20,
    0x07, 0xCE, 0xC1, 0xA7, 0xA4, 0xED, 0x79, 0xB4, 0x0B, 0xEC, 0xAD, 0x97, 0x24, 0x45, 0x18, 0x93,
    0x65, 0x8B, 0x2F, 0xF7, 0xE3, 0xA5, 0xBF, 0xF1, 0xB2, 0x08, 0xE6, 0xFA, 0xA5, 0xAA, 0xFC, 0xFE,
    0x02, 0x76, 0x1C, 0x9B, 0x37, 0xF7, 0x3C, 0x36, 0x7E, 0xC7, 0x4A, 0x24, 0x2B, 0x92, 0xAC, 0x4C,
    0xB2, 0x42, 0xC9, 0x4A, 0x25, 0xCB, 0x49, 0xAA, 0x30, 0xAD, 0x29, 0xFF, 0x65, 0x45, 0x93, 0x95,
    0x4D, 0x75, 0xEC, 0xAF, 0x3A, 0xCE, 0xB1, 0xE3, 0xE9, 0xE8, 0xD8, 0xA5, 0x8E, 0x74, 0xC7, 0x55,
    0xEA, 0xC8, 0x5C, 0x37, 0x9B, 0x5D, 0xE0, 0x61, 0xEE, 0x79, 0xA4, 0xAF, 0xF2, 0x98, 0x60, 0x5E,
    0xAA, 0x82, 0x04, 0x0C, 0x40, 0x82, 0xA3, 0xAA, 0x01, 0x77, 0x25, 0xA1, 0xA8, 0x42, 0x23, 0x77,
    0xC4, 0xDE, 0x06, 0xF7, 0x04, 0xF6, 0x58, 0x0F, 0x7C, 0xAD, 0x31, 0xAF, 0x31, 0xE3, 0x1C, 0x8E,
    0x0B, 0xF1, 0x15, 0x44, 0x01, 0x2A, 0xC4, 0xEA, 0x7B, 0x47, 0x03, 0x4B, 0x4B, 0xD3, 0x33, 0xAF,
    0xB3, 0x73, 0x35, 0x9F, 0x34, 0x4F, 0x1E, 0xAF, 0x87, 0x61, 0xA5, 0xF1, 0x66, 0x4E, 0xE0, 0xBE,
    0x62, 0x85, 0x95, 0x17, 0x8A, 0xAC, 0xC3, 0x23, 0x6E, 0xB4, 0xA0, 0xFD, 0x0B, 0xBC, 0x6F, 0xD7,
    0x90, 0xEA, 0x8D, 0xB7, 0x5E, 0xD0, 0x20, 0xE4, 0x2C, 0x9C, 0x7A, 0x0A, 0x73, 0xBD, 0x22, 0xC8,
    0x42, 0x7F, 0x08, 0x1F, 0x14, 0xE7, 0x6B, 0x17, 0xDB, 0x56, 0xAA, 0x12, 0x0A, 0xD2, 0x33, 0xF3,
    0xAB, 0x80, 0x8C, 0x64, 0xAF, 0xB6, 0x03, 0xC7, 0x81, 0x38, 0xA2, 0x62, 0x36, 0x30, 0x13, 0x96,
    0x59, 0x6B, 0x63, 0x0D, 0xEB, 0x7C, 0xB5, 0xB1, 0x1D, 0x42, 0xDE, 0xD6, 0xAC, 0xB6, 0x73, 0xA3,
    0x87, 0x46, 0xCB, 0x6F, 0xC9, 0xA2, 0xDF, 0x71, 0xF9, 0xFF, 0x06, 0x5A, 0x5B, 0xFA, 0x61, 0x7C,
    0x17, 0x68, 0x20, 0x3B, 0x96, 0x8D, 0xDB, 0x74, 0x35, 0x97, 0x67, 0xB6, 0xD3, 0x41, 0xBA, 0xB9,
    0x0A, 0x2C, 0x23, 0x60, 0x17, 0x22, 0x9C, 0x90, 0xE9, 0x98, 0x47, 0x4A, 0x88, 0x45, 0xC7, 0x7A,
    0x2E, 0x11, 0xCC, 0x65, 0x2B, 0x2A, 0x2A, 0x1B, 0x4B, 0x13, 0xE7, 0xEB, 0x1A, 0xC7, 0xC1, 0xBC,
    0x82, 0x82, 0x99, 0x68, 0xAB, 0x62, 0x6E, 0x0D, 0x47, 0xC7, 0x4A, 0x2E, 0xB8, 0x0E, 0xBF, 0xDA,
    0xD0, 0xAC, 0xAC, 0x3C, 0xE1, 0xEC, 0x71, 0xBA, 0xB0, 0xB3, 0x7A, 0xF2, 0x62, 0xA7, 0xD6, 0xCB,
    0x05, 0x11, 0x1B, 0x54, 0xCA, 0x66, 0xD8, 0x90, 0x7A, 0xC0, 0x58, 0x02, 0x2A, 0x8D, 0xCB, 0xB9,
    0x66, 0xD1, 0x3B, 0xEF, 0x51, 0x46, 0x63, 0xED, 0xCC, 0xA6, 0x82, 0xF6, 0x1E, 0xB7, 0xB9, 0x6A,
    0xE4, 0x67, 0xD8, 0xFD, 0x30, 0xDC, 0x02, 0xC1, 0x4E, 0x88, 0x63, 0x2E, 0x5E, 0xD3, 0x07, 0x47,
    0xEF, 0xCC, 0x90, 0xEA, 0xB9, 0xDC, 0x47, 0x00, 0x9B, 0xB8, 0x3F, 0x23, 0x91, 0x5C, 0x10, 0x58,
    0x43, 0x02, 0x8A, 0x17, 0xBE, 0x6E, 0xD6, 0xE9, 0x90, 0x48, 0x3E, 0xE7, 0x30, 0xEF, 0x91, 0xCA,
    0x34, 0x38, 0xA0, 0xF5, 0x7B, 0xE7, 0x3A, 0x5A, 0x73, 0xFF, 0x93, 0x16, 0x1E, 0xFC, 0x40, 0x48,
    0xC8, 0xE2, 0xE5, 0xB3, 0x96, 0xA9, 0x25, 0xD5, 0x13, 0x5D, 0x7A, 0x60, 0x78, 0x88, 0xC0, 0x2F,
    0x80, 0xCA, 0xA4, 0x25, 0x69, 0x4C, 0x5A, 0x05, 0xA8, 0x6E, 0x80, 0x41, 0x0E, 0x99, 0x34, 0xBB,
    0x87, 0xD4, 0x0D, 0xF1, 0x1B, 0xCB, 0x65, 0x6E, 0xF7, 0xB5, 0x0D, 0x5B, 0xB5, 0x40, 0xF7, 0x42,
    0xB7, 0xC3, 0xA7, 0x81, 0xBC, 0x1D, 0xE4, 0x70, 0xF4, 0x7B, 0xB9, 0xD1, 0x6F, 0x50, 0x9D, 0xAA,
    0x89, 0xB6, 0xDD, 0xA2, 0x58, 0xFB, 0x32, 0x70, 0xAB, 0x5E, 0x9E, 0x81, 0x97, 0x8D, 0x12, 0x1B,
    0xCB, 0xC4, 0x14, 0xF3, 0x21, 0x46, 0x41, 0x81, 0x9B, 0x0E, 0x2A, 0x90, 0x5F, 0xAA, 0xE4, 0x78,
    0x6A, 0x63, 0xFD, 0x18, 0xA2, 0x37, 0xDC, 0x51, 0x25, 0xDF, 0x6E, 0xDA, 0x95, 0xE5, 0x19, 0x76,
    0x65, 0xFF, 0x86, 0x5D, 0xE1, 0x56, 0x0A, 0xCA, 0x7C, 0xB7, 0xB1, 0x12, 0x8E, 0xA7, 0xCB, 0xA1,
    0xAA, 0xDF, 0xCE, 0x16, 0xEC, 0xE0, 0xFE, 0x5F, 0x6F, 0xB5, 0x31, 0xBB, 0x9D, 0x82, 0x9F, 0x88,
    0x2C, 0xF1, 0x55, 0x44, 0x26, 0xD5, 0x79, 0xC6, 0xC9, 0xFA, 0x2D, 0xB4, 0x18, 0x89, 0x29, 0x22,
    0x8B, 0xB9, 0x6A, 0x68, 0xF6, 0xE8, 0xBF, 0x59, 0xA0, 0xB4, 0x18, 0x23, 0xA7, 0xEF, 0xAE, 0xE9,
    0x1E, 0x19, 0x35, 0xB0, 0x94, 0x5C, 0x0F, 0x15, 0x72, 0x29, 0x98, 0x66, 0xE4, 0xB4, 0x0C, 0x96,
    0x9E, 0x44, 0x17, 0x96, 0x3C, 0x54, 0x96, 0x2E, 0xF8, 0x4C, 0x45, 0x95, 0xBC, 0xE7, 0x17, 0x63,
    0x7F, 0xF7, 0x45, 0x6B, 0xB2, 0xFF, 0x18, 0xE3, 0x6D, 0x8C, 0x01, 0x0D, 0x73, 0x1A, 0x98, 0xB7,
    0xFD, 0x5E, 0xD7, 0x90, 0xEF, 0x6E, 0xAE, 0x21, 0xAC, 0x61, 0x47, 0xB1, 0x17, 0x16, 0x6E, 0xE4,
    0x8E, 0x89, 0x8B, 0x39, 0x0A, 0x37, 0x0D, 0x1A, 0x44, 0x10, 0x94, 0xB9, 0x8C, 0x91, 0x2D, 0xA6,
    0x2D, 0x56, 0xD9, 0xBF, 0x72, 0xC6, 0x36, 0x16, 0xF3, 0x8B, 0x50, 0x31, 0x9E, 0xA5, 0x07, 0xF6,
    0xB2, 0x9F, 0x34, 0xA6, 0xF5, 0x39, 0x2C, 0x48, 0xC1, 0x2B, 0xD3, 0x08, 0xEE, 0x8E, 0x23, 0x7B,
    0xCC, 0xB9, 0xE1, 0x04, 0x6F, 0xC5, 0x5D, 0x8B, 0x7A, 0x2C, 0x99, 0x70, 0x57, 0xF0, 0x08, 0xD8,
    0x77, 0xC1, 0x86, 0x2D, 0x93, 0x66, 0x3B, 0xD7, 0x9F, 0x63, 0x53, 0xB9, 0x58, 0xDC, 0x47, 0x03,
    0x09, 0xE1, 0xEC, 0x44, 0x9B, 0xEB, 0x8B, 0xFF, 0xD0, 0x37, 0xEE, 0xF9, 0x97, 0x18, 0x6D, 0xDF,
    0xF2, 0xA7, 0x0C, 0xF7, 0x56, 0x96, 0xD4, 0xC9, 0x0F, 0x1A, 0x3D, 0xC4, 0x2D, 0x41, 0x21, 0xDE,
    0x41, 0x77, 0x38, 0x5A, 0xCF, 0x6D, 0x0F, 0xA7, 0x9D, 0x91, 0x05, 0xF4, 0x2A, 0x50, 0x66, 0x00,
    0x7F, 0x18, 0x73, 0xC5, 0x62, 0x9D, 0x8A, 0xED, 0xC4, 0xB6, 0x52, 0x3D, 0x98, 0xC8, 0x77, 0x4A,
    0x08, 0x1C, 0x6B, 0xBF, 0x15, 0x2B, 0xBF, 0x2C, 0xF8, 0x4E, 0xAA, 0xF3, 0x32, 0x35, 0x68, 0x69,
    0x22, 0x2E, 0x04, 0x82, 0x1D, 0x69, 0x2A, 0x11, 0x68, 0x01, 0x81, 0x4A, 0xD1, 0x66, 0xD3, 0x8E,
    0xBB, 0x68, 0x23, 0xF0, 0x89, 0x32, 0x6E, 0xD1, 0x86, 0xDB, 0x1B, 0x67, 0xDA, 0x94, 0xE7, 0xCD,
    0xB2, 0x52, 0x16, 0x9E, 0xB6, 0xBE, 0x66, 0xA2, 0xE9, 0x62, 0xDE, 0x95, 0x24, 0x1F, 0x62, 0x33,
    0x1D, 0x57, 0x14, 0xB4, 0x98, 0xAB, 0x88, 0xFF, 0x0C, 0xB0, 0xEB, 0x29, 0xA6, 0x6A, 0x40, 0x9E,
    0x71, 0x26, 0x87, 0x55, 0x94, 0x7D, 0xFD, 0x5D, 0xCD, 0xB4, 0x31, 0xA7, 0x32, 0x72, 0x9E, 0x78,
    0xEA, 0xFF, 0x2B, 0xB8, 0x3D, 0x97, 0xEB, 0x44, 0x0B, 0x06, 0xE7, 0x7F, 0x6E, 0xA8, 0x4A, 0x7F,
    0x6E, 0x2F, 0xD4, 0xD3, 0x5E, 0x9D, 0x25, 0xB7, 0x1F, 0x55, 0x92, 0x42, 0xAD, 0xFF, 0xD9, 0x3F,
    0x0E, 0x07, 0xA9, 0xDC, 0x14, 0xAB, 0x5F, 0x9F, 0x34, 0x15, 0xCC, 0x46, 0x98, 0x90, 0x04, 0x2D,
    0xA9, 0x52, 0x85, 0x2B, 0x1C, 0x8D, 0xFA, 0x4F, 0x89, 0xF8, 0xFF, 0x22, 0xE7, 0x13, 0x24, 0xA6,
    0xD1, 0x9F, 0x89, 0x25, 0x7E, 0xAF, 0x35, 0x6C, 0x80, 0x1E, 0x62, 0xB3, 0x81, 0x91, 0xAD, 0x71,
    0x9F, 0xB2, 0xFC, 0x4E, 0x82, 0x30, 0x32, 0x34, 0xFF, 0x03, 0xD5, 0x5A, 0x3F, 0x93, 0xDD, 0xB6,
    0x11, 0x07, 0x49, 0x45, 0xF4, 0x0C, 0x27, 0x03, 0xF7, 0x8A, 0x83, 0xB4, 0xD2, 0x64, 0x86, 0x9F,
    0x40, 0x02, 0x13, 0x95, 0x2E, 0xEC, 0x2E, 0x45, 0xBE, 0x41, 0x9A, 0x6B, 0x52, 0x2A, 0x43, 0x46,
    0x2A, 0x52, 0xA8, 0x90, 0x93, 0x7C, 0x00, 0x5F, 0xE1, 0xC2, 0xE3, 0x46, 0x5F, 0xC0, 0x77, 0x84,
    0x7C, 0x85, 0x4B, 0x73, 0x9C, 0x52, 0x0D, 0x35, 0x56, 0x26, 0xA5, 0xA9, 0x98, 0x13, 0x51, 0x23,
    0x92, 0xC8, 0xEF, 0xB7, 0xE0, 0xFB, 0x77, 0xBE, 0x3B, 0x47, 0xCA, 0x93, 0x46, 0xF7, 0x1E, 0xB1,
    0x78, 0x8F, 0x04, 0x16, 0xBB, 0x8B, 0xC5, 0xEE, 0x62, 0x41, 0xED, 0x6C, 0xC7, 0xAF, 0x76, 0x0A,
    0x1F, 0xED, 0xB4, 0x33, 0xCE, 0x34, 0xA6, 0xC9, 0x9B, 0xBC, 0x3D, 0xFD, 0x55, 0xEA, 0x96, 0xDA,
    0x94, 0x9B, 0x4A, 0xE5, 0xBE, 0x8A, 0xBC, 0x1F, 0x52, 0xEF, 0x27, 0x3D, 0x1C, 0x8D, 0xB6, 0xFD,
    0x52, 0x59, 0x37, 0xAA, 0x12, 0xA5, 0xAE, 0x58, 0x86, 0x50, 0xDC, 0xA0, 0xCA, 0x47, 0xBD, 0xB2,
    0xCF, 0xFA, 0xF7, 0xF3, 0xF9, 0xD9, 0xA8, 0xBD, 0x9F, 0x13, 0xF4, 0x53, 0xB5, 0xAF, 0x54, 0xDA,
    0x29, 0x95, 0xAC, 0x4A, 0x03, 0xBC, 0x75, 0xAF, 0x54, 0xE6, 0xBD, 0x52, 0xD6, 0x7B, 0xA7, 0xCA,
    0xB6, 0xEC, 0x94, 0xAF, 0x40, 0x1E, 0xEE, 0xA8, 0xE8, 0x3C, 0x80, 0xB6, 0x18, 0x97, 0xA0, 0x26,
    0xE2, 0x73, 0xDB, 0xC5, 0x33, 0x40, 0x32, 0x2A, 0xD2, 0x8E, 0x86, 0x76, 0x05, 0xBA, 0x2B, 0x4A,
    0x5D, 0x51, 0x86, 0x5C, 0xD9, 0xC7, 0x93, 0x57, 0x06, 0x2C, 0x29, 0xF0, 0xD5, 0xAB, 0x64, 0x32,
    0x1D, 0x88, 0x4C, 0x06, 0x95, 0xB5, 0xF1, 0x02, 0xE4, 0xAF, 0x3C, 0x48, 0xD8, 0x44, 0xB3, 0x71,
    0xE8, 0x46, 0x04, 0x82, 0x0A, 0xA4, 0x2B, 0x5F, 0x94, 0x2D, 0x5A, 0x28, 0x0B, 0x04, 0x93, 0xD2,
    0x68, 0x38, 0xAA, 0x6C, 0xE4, 0x8F, 0x64, 0xE2, 0xCD, 0x18, 0x8F, 0xA4, 0x19, 0x1B, 0xD7, 0x4E,
    0xF8, 0xF8, 0x96, 0x04, 0xE6, 0x3F, 0x90, 0x42, 0xFD, 0x72, 0x00, 0x4C, 0x7D, 0x47, 0x92, 0x7D,
    0x4B, 0x00, 0x42, 0x17, 0xC8, 0x6E, 0x67, 0xDD, 0x39, 0x0F, 0x96, 0xDB, 0x1F, 0xDE, 0x3C, 0x75,
    0xA7, 0x7C, 0x41, 0x34, 0x0E, 0xAC, 0x34, 0xBA, 0x37, 0x55, 0x8E, 0x99, 0x60, 0x31, 0x20, 0x41,
    0x73, 0x96, 0x20, 0x54, 0x3C, 0x2B, 0xEC, 0xF7, 0xBE, 0x29, 0x8B, 0xBA, 0xAB, 0x95, 0xEE, 0x6A,
    0x97, 0x75, 0xE5, 0x90, 0x75, 0xB9, 0x7F, 0xD8, 0x62, 0xC2, 0x2A, 0x88, 0x9E, 0xE4, 0x82, 0x17,
    0x72, 0x65, 0x9A, 0x2B, 0x2A, 0x77, 0x79, 0x55, 0x3A, 0xC8, 0xB7, 0xC8, 0xFD, 0x0C, 0x76, 0x5B,
    0x65, 0xAA, 0x23, 0x65, 0x9F, 0x78, 0x29, 0xA6, 0x3A, 0x06, 0x19, 0x07, 0x73, 0x21, 0x5C, 0x7A,
    0x32, 0x6B, 0x9F, 0x5E, 0xA5, 0x14, 0x66, 0x76, 0x57, 0x49, 0x7F, 0x6D, 0x86, 0x56, 0x64, 0xCE,
    0xFB, 0x76, 0x54, 0xE6, 0x36, 0x98, 0xBC, 0xA5, 0x6C, 0x36, 0xC5, 0x4D, 0xAE, 0x6E, 0x6A, 0x30,
    0xAC, 0x8B, 0x3B, 0x68, 0xA6, 0x74, 0xF5, 0x65, 0x8E, 0x01, 0x33, 0x77, 0xAA, 0xE2, 0xB3, 0xCC,
    0xDD, 0x91, 0x96, 0xD5, 0xCD, 0x6C, 0x4A, 0x1B, 0x5D, 0x58, 0x30, 0xD9, 0xE5, 0xCA, 0x14, 0xE0,
    0xF3, 0x16, 0x9E, 0x9A, 0x59, 0x8D, 0x6B, 0xF5, 0x0B, 0xC3, 0xAE, 0x88, 0x58, 0x48, 0x52, 0x07,
    0x14, 0x1F, 0xE6, 0xCF, 0xFA, 0xCA, 0x7A, 0xF7, 0x81, 0x6E, 0x54, 0xD6, 0xA4, 0xBE, 0xB1, 0xBE,
    0x39, 0xCE, 0x9A, 0x23, 0xD3, 0x94, 0xBE, 0xC9, 0xBF, 0x6B, 0xD4, 0xC7, 0xEF, 0x29, 0x35, 0x58,
    0x95, 0x0C, 0x25, 0xD4, 0x03, 0xB3, 0xFD, 0xED, 0xA8, 0xEC, 0xD7, 0x9D, 0x2A, 0x75, 0xAB, 0x6A,
    0x14, 0x7B, 0xBF, 0x53, 0xFA, 0x04, 0xFA, 0xD3, 0x61, 0xBC, 0xBE, 0x56, 0x11, 0xDA, 0xAA, 0xC3,
    0x9F, 0x2B, 0x4C, 0xDD, 0xB8, 0x2A, 0x41, 0x33, 0xB7, 0x4B, 0xF4, 0xF9, 0x85, 0x02, 0x7A, 0xEE,
    0x45, 0x40, 0x27, 0x60, 0x66, 0x23, 0xA0, 0x64, 0xCC, 0x7A, 0x08, 0x28, 0x19, 0x93, 0x01, 0x02,
    0x42, 0xD5, 0x43, 0x40, 0xC9, 0xA8, 0x3B, 0x88, 0x04, 0xDC, 0x37, 0xA1, 0x2A, 0x42, 0x45, 0x01,
    0x25, 0x63, 0xED, 0x20, 0xA0, 0x64, 0xB4, 0x22, 0xA0, 0xD1, 0x50, 0x40, 0xB7, 0x47, 0x3D, 0x40,
    0x40, 0x27, 0x63, 0x32, 0x52, 0x40, 0x1F, 0xAB, 0xDF, 0x5D, 0x2C, 0xA0, 0xD2, 0x0F, 0xE1, 0x8A,
    0x7D, 0xA1, 0x7D, 0x6B, 0xF1, 0xFB, 0xEE, 0x38, 0xAB, 0x69, 0x54, 0xC7, 0xB8, 0xF0, 0x03, 0x7F,
    0x71, 0x13, 0x8F, 0xD0, 0x00, 0x12, 0xA0, 0x4E, 0x9F, 0x03, 0xB0, 0x82, 0xBD, 0xDB, 0x80, 0xF3,
    0x1B, 0xAF, 0x3F, 0xA7, 0x7A, 0x60, 0x91, 0x6B, 0xEF, 0x72, 0x50, 0x71, 0xBF, 0xBB, 0x91, 0xB6,
    0x0A, 0x53, 0x66, 0x2A, 0x55, 0xAA, 0x68, 0xA4, 0xB5, 0x31, 0xBE, 0xB3, 0x72, 0x85, 0x66, 0x06,
    0xD3, 0x77, 0xBF, 0xFD, 0x25, 0x9B, 0x39, 0x58, 0x2B, 0xAC, 0x43, 0xCC, 0x91, 0xC5, 0xE5, 0x5B,
    0x3C, 0x4D, 0x66, 0x2E, 0x60, 0x2E, 0xDA, 0x8E, 0x5A, 0x8D, 0x95, 0x53, 0x12, 0xFD, 0xEB, 0x00,
    0xA0, 0x2A, 0x9B, 0x0C, 0xA0, 0xCF, 0x61, 0x18, 0x38, 0xDF, 0x25, 0xAE, 0xB1, 0x7C, 0xD8, 0x9A,
    0xBE, 0xAC, 0xB8, 0x20, 0x77, 0x81, 0xAD, 0x56, 0xAC, 0x75, 0x58, 0x5D, 0x54, 0x5B, 0x81, 0xE8,
    0x94, 0xD0, 0x72, 0x12, 0xFA, 0x1F, 0xC1, 0x70, 0xDF, 0x0A, 0x34, 0x02, 0x53, 0x81, 0xAA, 0x14,
    0x18, 0xEF, 0x15, 0x46, 0x9F, 0xC7, 0x9F, 0x41, 0x21, 0x6C, 0x57, 0x0F, 0xF5, 0x60, 0x3B, 0xD3,
    0x5C, 0xAD, 0x74, 0xA5, 0x5B, 0x48, 0x6B, 0xB2, 0x70, 0x06, 0x30, 0x94, 0x1A, 0xB4, 0x80, 0xA8,
    0x41, 0x5D, 0x87, 0x4D, 0xDE, 0xBD, 0xE0, 0x3B, 0x70, 0x41, 0x19, 0x0C, 0xB5, 0xA5, 0xAF, 0x6F,
    0x8F, 0x73, 0xB4, 0x5C, 0xF8, 0x8D, 0x3B, 0x46, 0x54, 0xE5, 0xBD, 0xA8, 0xC0, 0x9A, 0x77, 0xCA,
    0x7E, 0x88, 0x99, 0x3B, 0x81, 0x09, 0x7D, 0xC2, 0xF5, 0xE3, 0x41, 0x81, 0x2D, 0xA2, 0xD1, 0x56,
    0xC9, 0x50, 0x63, 0xBE, 0x26, 0x59, 0x5B, 0xF6, 0x2F, 0x98, 0xA4, 0xAC, 0x51, 0xBF, 0x88, 0x2B,
    0x85, 0xC1, 0x95, 0xE5, 0xF8, 0x50, 0x5A, 0x90, 0x80, 0xA9, 0x07, 0x15, 0xD0, 0x9A, 0x1B, 0x34,
    0xE1, 0x7C, 0x8A, 0xD9, 0x06, 0xB4, 0xD2, 0x12, 0xD3, 0x0A, 0x38, 0x12, 0x4A, 0x3F, 0x7F, 0xAF,
    0x23, 0x7C, 0x40, 0x77, 0xA4, 0x8C, 0xA3, 0x3D, 0xB1, 0x98, 0x41, 0xA5, 0x8E, 0xC5, 0xAE, 0x8F,
    0x89, 0x68, 0x65, 0xF6, 0x8D, 0x83, 0x3E, 0x99, 0x8F, 0x1C, 0x70, 0xDD, 0x02, 0xBA, 0xBC, 0xAA,
    0xE1, 0x0C, 0x60, 0x4A, 0x01, 0x27, 0xFA, 0xD2, 0x78, 0x24, 0xA4, 0x65, 0xC1, 0x6F, 0xE0, 0x3D,
    0x22, 0x3D, 0xA0, 0x04, 0xF4, 0xE0, 0x66, 0x2D, 0x94, 0x5C, 0x5F, 0x53, 0x52, 0x9C, 0x41, 0x49,
    0x3C, 0x24, 0x6B, 0x4A, 0xAC, 0x7F, 0xF8, 0x15, 0x9D, 0x83, 0xD5, 0xA4, 0xE1, 0x18, 0xEA, 0x0D,
    0x5C, 0xF6, 0x01, 0x3C, 0x4C, 0x7F, 0x03, 0x88, 0xB2, 0x8E, 0x88, 0x70, 0x41, 0xD5, 0x6D, 0x25,
    0x9A, 0xCA, 0xB1, 0x40, 0x09, 0x74, 0x3E, 0xA6, 0x36, 0x74, 0xC0, 0x05, 0xB5, 0xC7, 0x6A, 0x00,
    0x4C, 0x47, 0xE1, 0x0D, 0xEB, 0x38, 0x2F, 0x2C, 0xFD, 0xAC, 0x2A, 0x8D, 0xC3, 0xC0, 0xBF, 0x0E,
    0xA4, 0xE6, 0x15, 0x1A, 0xC3, 0x63, 0xA2, 0x71, 0x84, 0x29, 0xA2, 0x3D, 0x77, 0x30, 0x58, 0x47,
    0xC6, 0x1D, 0x73, 0xAD, 0x3F, 0x1A, 0x49, 0xCF, 0x6D, 0x7A, 0xEA, 0x29, 0xEB, 0x42, 0xE4, 0xC0,
    0x46, 0x79, 0x45, 0xD3, 0x5F, 0x8A, 0x94, 0xA6, 0xF8, 0x25, 0x19, 0x4B, 0x1F, 0x43, 0x56, 0x9D,
    0xBE, 0x0F, 0xDA, 0x5A, 0x4E, 0xA4, 0x71, 0x30, 0x12, 0xE0, 0x16, 0xC6, 0x00, 0xE2, 0x84, 0xFD,
    0x21, 0xB7, 0x99, 0xE3, 0x82, 0x96, 0xA7, 0x40, 0x0C, 0x57, 0x67, 0xBB, 0x50, 0x1B, 0xA7, 0x76,
    0x3E, 0x32, 0xC8, 0xE2, 0x61, 0x30, 0x48, 0x46, 0xFA, 0xA9, 0xDD, 0x74, 0xA0, 0xB0, 0x42, 0x7E,
    0xF1, 0x76, 0x75, 0x73, 0x20, 0xE1, 0x03, 0xDC, 0x38, 0xDC, 0xCE, 0x53, 0x90, 0x37, 0x49, 0xF7,
    0x24, 0x38, 0x44, 0xA1, 0x8F, 0x7E, 0x56, 0x48, 0xE7, 0xF2, 0xDE, 0xFA, 0xE8, 0xF0, 0x2F, 0x0F,
    0x3D, 0xAC, 0xDF, 0xAE, 0x18, 0xB0, 0xB0, 0x3B, 0xC7, 0x83, 0x60, 0x2C, 0x15, 0x24, 0x99, 0x05,
    0x0D, 0x2D, 0xAC, 0xE0, 0xA2, 0xCE, 0xC1, 0xC7, 0x8B, 0x80, 0x4D, 0x97, 0x10, 0x8D, 0x6D, 0x13,
    0x99, 0xB9, 0x46, 0x62, 0x10, 0x58, 0x18, 0xA2, 0xF1, 0x62, 0xDC, 0xA2, 0x50, 0xD1, 0x85, 0x63,
    0x42, 0xD9, 0x1A, 0xD8, 0x48, 0x10, 0xC3, 0x85, 0x41, 0xA8, 0x31, 0x10, 0x0D, 0xB0, 0x71, 0x14,
    0xA0, 0xE1, 0x98, 0xB1, 0x50, 0x63, 0x03, 0xA1, 0x75, 0xAB, 0x84, 0x18, 0xA1, 0x2C, 0x09, 0x54,
    0xEB, 0xFE, 0x32, 0x72, 0x74, 0xF5, 0xB3, 0x30, 0xC7, 0x3B, 0x74, 0xCE, 0x9C, 0xEA, 0x15, 0x2D,
    0x97, 0x8D, 0xA3, 0xFA, 0xAF, 0x9C, 0x88, 0xD8, 0x2F, 0x31, 0x9C, 0x54, 0x69, 0x5B, 0x57, 0x97,
    0x8F, 0x95, 0xB8, 0x4F, 0xA9, 0x67, 0x69, 0x18, 0x76, 0xA9, 0x96, 0x9B, 0x97, 0x6D, 0x56, 0xB2,
    0xB0, 0x3A, 0xF2, 0x59, 0xAA, 0x9B, 0x66, 0xBB, 0x5A, 0x6E, 0x66, 0xC3, 0xA5, 0x34, 0x09, 0x8C,
    0x16, 0x38, 0x96, 0x0F, 0x75, 0xBC, 0xD4, 0x89, 0x0F, 0x0C, 0x64, 0xCF, 0x17, 0xF3, 0xF0, 0x43,
    0xA8, 0xF3, 0xEF, 0x02, 0xB7, 0xF6, 0x24, 0xD4, 0xF5, 0xDD, 0x50, 0xFB, 0x80, 0x2D, 0x9E, 0x85,
    0x38, 0x46, 0xA2, 0xC0, 0x53, 0x90, 0x06, 0xA9, 0x41, 0x87, 0xD4, 0x18, 0x5E, 0xEC, 0x29, 0x37,
    0x50, 0xD5, 0x32, 0x7A, 0xA5, 0x56, 0x6C, 0x08, 0x49, 0x94, 0x0A, 0x39, 0x60, 0x4D, 0x16, 0xB8,
    0x98, 0xB5, 0xB8, 0x58, 0x3F, 0xE4, 0x5D, 0xA8, 0x6D, 0x13, 0x6A, 0x20, 0x98, 0xC5, 0x27, 0x71,
    0x99, 0xD4, 0xDC, 0x53, 0x09, 0xFD, 0x30, 0xF2, 0x2D, 0xB7, 0x4F, 0x78, 0xF6, 0x47, 0xBA, 0x4E,
    0x15, 0xBC, 0x03, 0x70, 0x8A, 0xEE, 0xD5, 0x6E, 0x63, 0xD0, 0xB7, 0x61, 0xBD, 0x05, 0x43, 0xCB,
    0xD0, 0x2B, 0x17, 0x51, 0x68, 0xD0, 0x76, 0x07, 0xB1, 0xD1, 0x3F, 0x7F, 0xEF, 0x83, 0xBC, 0x57,
    0x24, 0xA4, 0x81, 0x05, 0x23, 0xAE, 0x5F, 0xB7, 0x5B, 0xEE, 0x61, 0xDE, 0xD8, 0x5C, 0xDB, 0x07,
    0x8F, 0x92, 0xF8, 0x65, 0x38, 0xB2, 0xB2, 0xA8, 0x0C, 0x23, 0xBB, 0x75, 0x71, 0x81, 0xF3, 0x73,
    0x0B, 0x26, 0x78, 0x5D, 0x2E, 0x6E, 0xB7, 0xC6, 0x19, 0x68, 0x80, 0xD1, 0xA7, 0xC5, 0xA7, 0x68,
    0x17, 0x5B, 0xFF, 0xC6, 0xC7, 0xA5, 0x75, 0xA6, 0x69, 0xA6, 0xDE, 0xC3, 0x28, 0xAF, 0x2C, 0xF2,
    0x9B, 0x1E, 0x97, 0x36, 0x86, 0xE6, 0x86, 0x25, 0xEE, 0xB3, 0xF6, 0x6D, 0x8C, 0x09, 0x1D, 0x49,
    0xBD, 0x08, 0x18, 0xBA, 0x19, 0xD8, 0xC4, 0x5E, 0x7F, 0x1F, 0x57, 0xE4, 0x1B, 0xC4, 0x20, 0x5A,
    0x96, 0x6E, 0x70, 0x03, 0x18, 0x7B, 0x2F, 0x97, 0xFA, 0x02, 0xEA, 0xE8, 0xB0, 0x56, 0xF2, 0x93,
    0xA1, 0xFC, 0xCD, 0x1C, 0x12, 0x1E, 0x7B, 0xB9, 0x6E, 0xA9, 0xD1, 0xDF, 0xF5, 0xB8, 0x4A, 0x86,
    0x6A, 0x7B, 0x43, 0x4B, 0x33, 0xF1, 0x49, 0xB0, 0x16, 0xD3, 0xC6, 0x68, 0x70, 0x4B, 0xD0, 0xB1,
    0x92, 0x85, 0x8A, 0x0A, 0x3B, 0x26, 0x56, 0x5C, 0x6A, 0xA8, 0x38, 0x27, 0x62, 0x29, 0xDD, 0x76,
    0x55, 0x3B, 0xC9, 0x15, 0x9D, 0xAE, 0x7E, 0xDC, 0x72, 0xE9, 0xBE, 0x20, 0x5B, 0x50, 0x87, 0x81,
    0xC2, 0xB0, 0x0B, 0x11, 0x6B, 0x92, 0x48, 0x60, 0x3A, 0x31, 0x39, 0xA6, 0xC5, 0x30, 0x58, 0x2F,
    0x59, 0x9A, 0x6C, 0x5A, 0xB9, 0x86, 0xB2, 0xA0, 0x51, 0x2B, 0x25, 0x24, 0x2D, 0x3B, 0x81, 0x62,
    0xE6, 0xCA, 0x59, 0x20, 0xEC, 0x23, 0xA1, 0x13, 0xC8, 0x2D, 0x64, 0xF9, 0x70, 0x20, 0x7C, 0x30,
    0x11, 0xDE, 0x63, 0x02, 0xA8, 0xFC, 0xB3, 0x77, 0x80, 0x55, 0xDD, 0x11, 0xDA, 0x81, 0x50, 0x4F,
    0x84, 0x09, 0x94, 0xBB, 0x64, 0x86, 0x0D, 0x10, 0x06, 0x91, 0xD0, 0x0A, 0xD4, 0x02, 0x53, 0x81,
    0xB1, 0x40, 0x15, 0x20, 0xCC, 0xEB, 0x3A, 0xD2, 0x55, 0x67, 0x45, 0xBA, 0x3B, 0x6E, 0xAD, 0x96,
    0xCC, 0x82, 0x0E, 0x2E, 0x23, 0xD8, 0x16, 0xB1, 0xB8, 0x0D, 0x50, 0x63, 0x8B, 0xDF, 0x89, 0xCD,
    0x85, 0xB5, 0x61, 0x84, 0xAD, 0x25, 0x63, 0xC5, 0x65, 0x51, 0x4A, 0x26, 0x4A, 0x2C, 0x2B, 0x2C,
    0x3C, 0xF1, 0x47, 0x21, 0x83, 0x05, 0x21, 0x86, 0xAA, 0x58, 0x6E, 0x2E, 0x4D, 0x96, 0x0E, 0xD2,
    0x7D, 0x0E, 0xC8, 0xC6, 0x15, 0xEA, 0x65, 0xA0, 0x65, 0xD8, 0x85, 0x88, 0x15, 0x49, 0x0B, 0x81,
    0xEB, 0x48, 0xD7, 0xCB, 0xE2, 0x8F, 0x83, 0xC3, 0x4D, 0x17, 0x57, 0xD6, 0x5D, 0x46, 0x8E, 0x76,
    0x23, 0xDD, 0x72, 0x27, 0xD2, 0x1D, 0x76, 0x58, 0xBA, 0x2C, 0x1C, 0xD5, 0x7F, 0xEB, 0x37, 0x21,
    0x6E, 0xE2, 0x65, 0xAA, 0xD2, 0x27, 0x3B, 0x91, 0xEE, 0x25, 0x61, 0x25, 0xEE, 0xB2, 0xE6, 0x8C,
    0x48, 0x37, 0x6B, 0x2F, 0x1D, 0x2B, 0x91, 0x52, 0xEF, 0x23, 0x49, 0x8A, 0x40, 0x47, 0xC2, 0x4C,
    0x04, 0xA0, 0x13, 0xB3, 0xD6, 0x98, 0x28, 0x5F, 0x4B, 0xCC, 0x55, 0x2C, 0x1B, 0x63, 0xD1, 0x43,
    0xDA, 0xAA, 0xC8, 0x97, 0x0D, 0xED, 0x5D, 0x8F, 0x08, 0x93, 0x39, 0xEA, 0x06, 0x3B, 0x6A, 0x53,
    0xC0, 0x03, 0xFC, 0x8C, 0x39, 0x6D, 0x41, 0x3B, 0xCB, 0x20, 0x2F, 0xC7, 0x30, 0xE4, 0x42, 0x80,
    0x23, 0x39, 0x29, 0x26, 0x9D, 0xC4, 0x21, 0xFD, 0x01, 0x52, 0x19, 0x73, 0x82, 0xF0, 0xEC, 0xF9,
    0x4C, 0x36, 0xCC, 0x89, 0xF0, 0x6D, 0x7F, 0x2B, 0x7C, 0xCF, 0xC2, 0x37, 0xD2, 0x23, 0xAC, 0xD2,
    0x4E, 0xD8, 0xD7, 0x8D, 0xF0, 0x6D, 0x99, 0x12, 0x2A, 0x1B, 0x2F, 0x7C, 0xFF, 0x7B, 0x64, 0x95,
    0x53, 0x9E, 0x08, 0x00, 0xC1, 0xE6, 0x86, 0xEF, 0x68, 0xE1, 0xDB, 0x4B, 0x24, 0x9A, 0x84, 0x38,
    0x37, 0xEB, 0x84, 0xEF, 0x25, 0x69, 0x70, 0x3D, 0xCC, 0x55, 0x14, 0x4C, 0x60, 0x88, 0xFE, 0x42,
    0x24, 0x9F, 0x2C, 0xE1, 0xEE, 0x5A, 0x3B, 0x25, 0xEA, 0xDE, 0x33, 0xAC, 0x57, 0x10, 0x13, 0x09,
    0x71, 0x87, 0x79, 0x4C, 0x24, 0x1B, 0x05, 0x6E, 0x0C, 0x98, 0x1D, 0x79, 0xCE, 0xB1, 0xE4, 0xEF,
    0x1B, 0x09, 0x79, 0x69, 0xA2, 0x99, 0xAE, 0xE0, 0xB4, 0x93, 0x38, 0x2D, 0x84, 0xE6, 0x12, 0xE1,
    0x95, 0x12, 0x92, 0x7A, 0xF5, 0xEE, 0xD2, 0xFC, 0x85, 0x2C, 0x1F, 0x11, 0x77, 0x38, 0xB5, 0x30,
    0xFF, 0x18, 0x25, 0x91, 0xE9, 0xDF, 0x59, 0x9A, 0x2D, 0x92, 0x72, 0xB8, 0xF3, 0xC8, 0xAF, 0x61,
    0xB8, 0xF3, 0x8E, 0x4A, 0x58, 0x0E, 0xC7, 0x16, 0x8D, 0x0E, 0x1E, 0x5E, 0xB6, 0x96, 0x2A, 0x5F,
    0x1B, 0x27, 0xAA, 0x79, 0xDE, 0xF3, 0xD8, 0x06, 0x67, 0x7A, 0xDC, 0x28, 0x30, 0xEF, 0x2C, 0xE1,
    0xCD, 0x12, 0xF5, 0xD0, 0x6F, 0x22, 0xDF, 0xCF, 0x20, 0xA5, 0x43, 0x48, 0x8A, 0x85, 0xCE, 0x3C,
    0x5B, 0x36, 0x86, 0x9D, 0x1A, 0xB5, 0x2E, 0x96, 0x11, 0x95, 0x84, 0x40, 0xAA, 0xDC, 0xDA, 0x70,
    0xE5, 0xAF, 0x01, 0x65, 0x5B, 0x7C, 0x26, 0x60, 0x3C, 0x55, 0x72, 0xD9, 0x8A, 0xE9, 0x2A, 0x5D,
    0xEA, 0x71, 0x56, 0xC4, 0x38, 0x06, 0x66, 0xA2, 0x5D, 0x83, 0x6E, 0xE7, 0x2F, 0x9F, 0xB2, 0x9D,
    0xF4, 0x58, 0xFA, 0x56, 0x67, 0xA2, 0x97, 0x8D, 0x7C, 0x4C, 0x3F, 0xA4, 0x79, 0xB2, 0x62, 0x07,
    0x84, 0x6C, 0x48, 0xC4, 0x7B, 0x2E, 0x7A, 0xCC, 0x45, 0x41, 0x03, 0xCC, 0x18, 0xC2, 0xD3, 0x56,
    0xE1, 0x77, 0x13, 0x36, 0xBD, 0x5E, 0xA4, 0xC5, 0x34, 0xA1, 0x67, 0x40, 0xE8, 0x29, 0x05, 0x5A,
    0x20, 0x45, 0xF1, 0xF1, 0x84, 0x4E, 0x8E, 0xE9, 0xAC, 0xF3, 0x11, 0x81, 0x6E, 0xEA, 0xCA, 0x23,
    0x2D, 0xAF, 0xBC, 0x61, 0xBB, 0x08, 0xA3, 0xC5, 0xCB, 0x76, 0x5E, 0x36, 0xE5, 0x74, 0x1D, 0xC9,
    0x56, 0xC8, 0x75, 0x30, 0xAF, 0x0E, 0xD9, 0x3A, 0x1C, 0xB2, 0xF5, 0x91, 0x6C, 0x2D, 0x97, 0xB3,
    0x9E, 0x6B, 0x7E, 0x04, 0xB9, 0x3C, 0x1B, 0x1D, 0xED, 0x0B, 0x9C, 0xC5, 0x38, 0x96, 0x14, 0x67,
    0x32, 0x07, 0xA3, 0x95, 0xFB, 0xFF, 0xC1, 0xF3, 0x6A, 0x0C, 0x9B, 0x59, 0x5F, 0xC9, 0x40, 0xEC,
    0x9A, 0x75, 0xFB, 0xC5, 0x2F, 0xBB, 0x73, 0x0A, 0xA1, 0x2C, 0xE2, 0xD1, 0xB8, 0xF8, 0xF0, 0xEA,
    0x27, 0x7B, 0xC5, 0x5F, 0xDE, 0x6B, 0x61, 0xBB, 0x1B, 0xE2, 0x49, 0x9E, 0xF9, 0xDD, 0xEC, 0xEE,
    0x1E, 0xF0, 0xC7, 0xBD, 0xC6, 0xDD, 0xBC, 0x63, 0x89, 0x07, 0xED, 0xF6, 0x8D, 0x5F, 0x92, 0x47,
    0x16, 0x4B, 0xE3, 0x4F, 0x48, 0x87, 0xDF, 0x31, 0xA1, 0xE6, 0xFF, 0x25, 0xA9, 0xB4, 0x97, 0x31,
    0x0E, 0x06, 0x6E, 0xF0, 0x81, 0xE6, 0x43, 0xA8, 0x2E, 0x5A, 0x7F, 0xEF, 0xE9, 0xBD, 0x0D, 0x8E,
    0xB7, 0xAA, 0xB8, 0xC8, 0xC2, 0xA9, 0x31, 0xDC, 0x33, 0x93, 0x14, 0xC0, 0x8A, 0x2C, 0xC5, 0x35,
    0xC9, 0x15, 0x89, 0x2B, 0xE6, 0xB1, 0x95, 0x54, 0x1C, 0x81, 0x4B, 0xD7, 0x85, 0x7C, 0x93, 0xCB,
    0xC4, 0xBA, 0xB5, 0xB9, 0x6F, 0x0C, 0x37, 0x48, 0x07, 0x42, 0xE4, 0x94, 0x49, 0x86, 0xBC, 0x8D,
    0xEA, 0xA7, 0x2B, 0xD2, 0x1B, 0x92, 0x8E, 0xF5, 0xD2, 0x50, 0x83, 0x6B, 0xD9, 0x92, 0x85, 0xA4,
    0xBA, 0x94, 0x2A, 0xB8, 0x4D, 0xD9, 0xF0, 0x74, 0x71, 0x63, 0x7C, 0xCD, 0xD3, 0x29, 0x4E, 0x69,
    0xC1, 0xC3, 0x02, 0x51, 0x79, 0x49, 0x98, 0xCC, 0x41, 0x2C, 0x48, 0x95, 0x5C, 0xBC, 0x24, 0x24,
    0xCB, 0x23, 0xE2, 0xCA, 0xFB, 0x0C, 0x9B, 0x9F, 0x78, 0x04, 0xFE, 0x09, 0x0C, 0xCC, 0xEB, 0xB2,
    0x1A, 0x37, 0xA0, 0xF8, 0x55, 0x3E, 0xA4, 0x22, 0x42, 0x49, 0xAB, 0xE6, 0x74, 0xF8, 0xB2, 0x24,
    0xDC, 0xD9, 0x4B, 0x62, 0x0F, 0xF8, 0xC5, 0x58, 0xAE, 0x97, 0x44, 0x83, 0x25, 0x71, 0xB8, 0x4F,
    0xFC, 0x54, 0xD3, 0x04, 0xEA, 0x9A, 0x04, 0x95, 0x6D, 0x76, 0x55, 0xF6, 0xFF, 0xC7, 0x5F, 0xBB,
    0x1C, 0xAA, 0x08, 0xC1, 0xCC, 0xE1, 0x84, 0xE0, 0xA7, 0xBE, 0x08, 0x35, 0x43, 0x82, 0x02, 0x6A,
    0x56, 0xAF, 0x7D, 0x61, 0xF1, 0xCA, 0x17, 0xA6, 0x04, 0xAF, 0x2D, 0xE8, 0xE7, 0x7D, 0xFE, 0x68,
    0xBA, 0xA1, 0xFE, 0xF0, 0xDA, 0x88, 0x6C, 0xDA, 0xFA, 0x6F, 0x7A, 0x5C, 0x76, 0x2B, 0x06, 0x4F,
    0xA6, 0x57, 0xBE, 0xC2, 0xE7, 0x85, 0x3A, 0x84, 0x03, 0xFD, 0x97, 0x6C, 0xF6, 0xE9, 0x2B, 0xE9,
    0x4B, 0x0D, 0xB7, 0x2B, 0xF6, 0x53, 0xAC, 0xE0, 0x0F, 0x64, 0xCD, 0x44, 0x90, 0x54, 0x3D, 0x78,
    0x26, 0x03, 0x6B, 0xE6, 0x23, 0x41, 0xC3, 0x90, 0xF9, 0xAA, 0x76, 0xC8, 0x1F, 0xF0, 0x3D, 0x07,
    0x06, 0x34, 0x25, 0x41, 0x5D, 0x90, 0x42, 0x4A, 0xDF, 0x87, 0x63, 0x5E, 0xDB, 0x1B, 0x59, 0xB1,
    0xBD, 0xAC, 0x24, 0xB4, 0xA2, 0xCC, 0xE7, 0x8F, 0x20, 0x08, 0x5F, 0x71, 0xA9, 0xE9, 0xAF, 0x76,
    0xCE, 0x9A, 0xD4, 0x84, 0x17, 0x10, 0x3C, 0xB6, 0xF6, 0xF4, 0xF8, 0xBE, 0xCF, 0x7B, 0xBC, 0xE9,
    0x32, 0xF0, 0xBC, 0x19, 0x63, 0xFF, 0xCF, 0x25, 0x92, 0x24, 0xAC, 0x64, 0x3A, 0x25, 0x0E, 0x10,
    0xF5, 0x8F, 0x77, 0xC7, 0xD9, 0xF5, 0x86, 0xF9, 0x90, 0xCD, 0x61, 0x4F, 0x20, 0x49, 0x12, 0xB2,
    0xE4, 0x80, 0x44, 0x40, 0xB9, 0xFC, 0xE2, 0x3D, 0x79, 0x2A, 0xED, 0xA4, 0x87, 0xF4, 0x15, 0x2C,
    0x4B, 0x9A, 0x5C, 0xC2, 0x82, 0xB0, 0x65, 0x59, 0xBD, 0x56, 0x93, 0x76, 0x6F, 0x7E, 0x5C, 0x09,
    0xE2, 0x25, 0xFD, 0x5E, 0x23, 0xE9, 0x11, 0x4D, 0x58, 0x32, 0xF1, 0x61, 0x7C, 0xF8, 0xC6, 0xC7,
    0xB5, 0x7F, 0x17, 0xAD, 0x69, 0x65, 0x45, 0xE2, 0x50, 0xB3, 0x2E, 0xD4, 0xE9, 0xCF, 0x9B, 0x18,
    0x37, 0x82, 0x2D, 0x5E, 0xDE, 0x36, 0x22, 0x90, 0xBF, 0x6F, 0x63, 0x5C, 0x79, 0x27, 0x26, 0x08,
    0x7B, 0x03, 0x92, 0xEE, 0xF4, 0x8B, 0x17, 0xD5, 0x06, 0x6C, 0x3D, 0xB9, 0xA0, 0x6F, 0x74, 0x18,
    0xF4, 0x24, 0xF3, 0x0F, 0x1C, 0x31, 0x14, 0x89, 0x64, 0xF9, 0x67, 0xB8, 0x3E, 0x98, 0x29, 0xBC,
    0xB8, 0xD1, 0xF2, 0x05, 0x92, 0x26, 0xFF, 0x94, 0x09, 0x31, 0x03, 0x80, 0x2D, 0xB8, 0x3D, 0xE9,
    0x01, 0x1E, 0xB7, 0x78, 0x37, 0x05, 0xD9, 0x32, 0x34, 0x00, 0x1F, 0xD2, 0x43, 0xFA, 0xCA, 0x9B,
    0x28, 0xFA, 0x31, 0xF3, 0xB5, 0x21, 0x43, 0x74, 0xBE, 0xC3, 0x81, 0x01, 0x9D, 0x5F, 0xA9, 0x34,
    0xC9, 0x6C, 0xFB, 0x7C, 0x86, 0x15, 0x98, 0x33, 0x3F, 0x61, 0xE7, 0xDA, 0xCE, 0x17, 0xC5, 0x60,
    0x7B, 0xC1, 0x7F, 0x81, 0xC3, 0xD9, 0x07, 0x7E, 0xC6, 0x48, 0xC9, 0x26, 0x46, 0xDA, 0xD1, 0xA6,
    0xFD, 0xC8, 0xC7, 0xC8, 0xBB, 0x4A, 0xED, 0xB2, 0xC7, 0x8E, 0x44, 0x99, 0x76, 0x52, 0x8F, 0x9C,
    0x2A, 0x27, 0x89, 0x6B, 0xB4, 0xC2, 0x0B, 0x06, 0x0C, 0xB5, 0xF5, 0x00, 0x03, 0x9A, 0xE1, 0x85,
    0x23, 0xE8, 0x79, 0x3A, 0x40, 0xB8, 0x9C, 0xBA, 0x00, 0x1E, 0x4A, 0x86, 0x83, 0x33, 0x4A, 0x25,
    0x33, 0x7E, 0xB5, 0x35, 0x96, 0x48, 0x43, 0xEC, 0x8E, 0x84, 0x5F, 0x92, 0xAA, 0xE1, 0x6B, 0x6B,
    0x12, 0x21, 0x85, 0xFD, 0xBD, 0xFF, 0xA9, 0x02, 0xC5, 0x47, 0xD2, 0xBF, 0x59, 0x2C, 0xF0, 0x88,
    0x1C, 0x3A, 0xAC, 0x2A, 0x76, 0x42, 0xD8, 0x95, 0x9D, 0x51, 0x46, 0x66, 0xEF, 0xA1, 0x9E, 0x3D,
    0x43, 0x2C, 0x58, 0xEE, 0xCA, 0x9B, 0xE9, 0x4C, 0xBC, 0xEA, 0x48, 0xDE, 0xA0, 0xE0, 0x1B, 0x1F,
    0x04, 0xF2, 0xF7, 0xD4, 0xE7, 0xED, 0x0A, 0xE1, 0xBF, 0xD5, 0x5B, 0xBD, 0x92, 0xE5, 0x46, 0x15,
    0xEE, 0x2B, 0x51, 0xAB, 0xC2, 0x0A, 0x94, 0x10, 0x50, 0x38, 0x10, 0xF1, 0x16, 0x55, 0x7A, 0x02,
    0xB6, 0xE5, 0x88, 0x90, 0xD7, 0x00, 0x92, 0xCD, 0x28, 0x02, 0x63, 0x09, 0x36, 0x74, 0xE0, 0x7D,
    0x84, 0x09, 0x36, 0x58, 0x93, 0x38, 0x25, 0xB0, 0x4B, 0xF2, 0x3A, 0x70, 0x88, 0x0A, 0x1E, 0x60,
    0x55, 0x94, 0x29, 0x02, 0x07, 0x96, 0xB1, 0x6C, 0x6B, 0x0B, 0x49, 0xCD, 0xF9, 0xBE, 0xD3, 0x92,
    0xEE, 0x9D, 0x9D, 0x9D, 0x9D, 0x99, 0xBD, 0xC3, 0x5C, 0xDF, 0x51, 0x9F, 0xBE, 0x73, 0xA5, 0xFE,
    0xFB, 0xBA, 0xFB, 0xF4, 0xF9, 0x93, 0x09, 0x9C, 0x6B, 0x8D, 0x31, 0x87, 0xD9, 0xB9, 0x4F, 0x32,
    0x32, 0xCB, 0x26, 0x66, 0xD6, 0xED, 0x67, 0x95, 0x2B, 0x91, 0xB9, 0xA2, 0x16, 0xBA, 0x73, 0xB6,
    0x91, 0x2C, 0x9C, 0xB3, 0x0E, 0xD9, 0x98, 0x20, 0x8B, 0xC7, 0x64, 0x40, 0x25, 0x7D, 0x84, 0x6A,
    0xD2, 0x2E, 0x44, 0x35, 0xB6, 0x0D, 0x67, 0x64, 0xCD, 0x0E, 0xD5, 0x54, 0xB5, 0x41, 0x35, 0x4E,
    0x3E, 0xB5, 0x54, 0xC2, 0x2C, 0x44, 0xD6, 0x1A, 0x3C, 0x2D, 0xB5, 0xC5, 0x23, 0x6A, 0x30, 0xA8,
    0x49, 0x7A, 0x93, 0xF6, 0xC6, 0x48, 0x6D, 0x68, 0x45, 0xAA, 0x41, 0x9B, 0x81, 0x43, 0x81, 0x66,
    0x49, 0x07, 0xDD, 0x7F, 0x38, 0xE3, 0x5E, 0x9D, 0x38, 0xD7, 0x25, 0x7D, 0xDA, 0xEF, 0x58, 0x59,
    0xA8, 0xE9, 0x6D, 0x37, 0xCA, 0x98, 0x47, 0xB9, 0x37, 0xDA, 0x17, 0xE1, 0x68, 0x6B, 0xA4, 0x68,
    0xB4, 0xCD, 0xC3, 0xD1, 0xF2, 0xF7, 0xEF, 0xE4, 0x7E, 0x39, 0x9A, 0xE0, 0x2C, 0x38, 0xC3, 0x90,
    0x06, 0x0E, 0x69, 0x81, 0x09, 0xFD, 0xDC, 0x80, 0xF9, 0x61, 0xA1, 0xD5, 0x27, 0x75, 0x30, 0xA6,
    0xF5, 0x0E, 0xA5, 0x2B, 0x97, 0x9B, 0x6C, 0x3C, 0x2E, 0x62, 0x17, 0xE3, 0x50, 0x5C, 0x80, 0x43,
    0xE0, 0x71, 0x98, 0xB2, 0xF6, 0x02, 0x1C, 0x62, 0x8F, 0xC3, 0xB8, 0x87, 0x43, 0xBD, 0xE2, 0x90,
    0x5F, 0x1F, 0x07, 0x7B, 0x80, 0x03, 0x3F, 0x3D, 0x69, 0xA8, 0x4B, 0x3F, 0x46, 0xA5, 0xC8, 0x38,
    0xB7, 0x81, 0xFC, 0x27, 0x70, 0x10, 0x0F, 0x03, 0x40, 0x0C, 0x10, 0x31, 0x0A, 0x09, 0x31, 0x21,
    0x11, 0x54, 0xB0, 0x2A, 0x46, 0x3C, 0x22, 0x4D, 0x08, 0x30, 0x06, 0xC8, 0x18, 0x40, 0x63, 0x80,
    0x8D, 0xB1, 0x7A, 0xF7, 0x3B, 0x3C, 0x07, 0x78, 0x4C, 0xC0, 0x61, 0xA2, 0xCD, 0xC4, 0x91, 0x08,
    0x24, 0xC1, 0x4C, 0xAC, 0x88, 0x9C, 0xDF, 0x90, 0x00, 0x2A, 0x22, 0x86, 0xC4, 0xC5, 0x7F, 0x2A,
    0x3C, 0x98, 0x72, 0x19, 0x56, 0xCE, 0x4D, 0x68, 0xDB, 0x39, 0x13, 0xB9, 0x36, 0x9E, 0x4C, 0x22,
    0xF7, 0xFE, 0xE0, 0xE7, 0xD3, 0xB2, 0x4C, 0xC1, 0x91, 0x55, 0x1C, 0x90, 0x7B, 0x05, 0xD5, 0xBB,
    0x05, 0xB7, 0x8E, 0x6D, 0xB7, 0xB2, 0x3A, 0x8D, 0xB1, 0x74, 0xF1, 0x5D, 0x01, 0xA1, 0x8D, 0x1C,
    0x5B, 0x74, 0x6C, 0x5D, 0x70, 0xDD, 0x55, 0x73, 0xEE, 0x5B, 0x90, 0xAE, 0xA2, 0xFF, 0x80, 0x63,
    0xBF, 0xAB, 0xBA, 0x98, 0x1A, 0x60, 0x97, 0x0D, 0x71, 0x03, 0xDC, 0xD1, 0x16, 0x97, 0x70, 0xBE,
    0x97, 0x4A, 0xFD, 0x5D, 0xDA, 0x2E, 0xE5, 0xB9, 0x0E, 0xCF, 0x13, 0xF4, 0x02, 0x83, 0xBF, 0xF7,
    0x04, 0x55, 0xA5, 0xD3, 0xB6, 0x86, 0x66, 0x5B, 0xAF, 0xFB, 0xF1, 0x24, 0x31, 0xC1, 0xAA, 0xB3,
    0x33, 0x16, 0x79, 0x1E, 0xCA, 0x46, 0x0B, 0xCE, 0xEE, 0x3D, 0x3E, 0x2E, 0x26, 0xA1, 0xF6, 0x65,
    0xD8, 0x7A, 0xA4, 0xDF, 0xC3, 0xD3, 0x5D, 0x27, 0x51, 0xAB, 0x9D, 0x4C, 0x47, 0xCD, 0xA3, 0x23,
    0xAF, 0x13, 0x01, 0xF9, 0x0C, 0x2B, 0x30, 0x45, 0xF7, 0x9C, 0xC5, 0xDE, 0xB1, 0xF3, 0x1E, 0x53,
    0x3E, 0x41, 0x4C, 0x64, 0x09, 0xB7, 0xBB, 0x49, 0x16, 0x33, 0x96, 0x35, 0x1A, 0x7E, 0xEB, 0xEC,
    0xA8, 0x98, 0xEC, 0x9E, 0xEE, 0x9E, 0xA2, 0xA3, 0x31, 0x98, 0x9C, 0x7D, 0xDE, 0x2C, 0xAC, 0xC6,
    0x90, 0x95, 0x1A, 0xCF, 0x95, 0x01, 0x46, 0xC1, 0xAE, 0x15, 0x64, 0xA0, 0x45, 0xBD, 0xAB, 0x06,
    0xA1, 0x00, 0xA4, 0x00, 0x5B, 0x05, 0x95, 0xD1, 0x82, 0x56, 0xA4, 0xB6, 0x21, 0x6D, 0x49, 0xBB,
    0x57, 0xD0, 0x76, 0x7B, 0x52, 0x4B, 0xB1, 0x06, 0xAD, 0x8D, 0x35, 0xB3, 0x15, 0x6D, 0x51, 0x68,
    0xEE, 0x7B, 0x82, 0xB3, 0x31, 0x69, 0x40, 0x53, 0xD2, 0xAC, 0x26, 0x2D, 0x79, 0x66, 0xF2, 0xEE,
    0x03, 0x52, 0x74, 0xFD, 0x5B, 0x47, 0xE6, 0xEC, 0x30, 0x2C, 0x50, 0x19, 0xBF, 0x43, 0xCB, 0xE0,
    0xED, 0x15, 0x0F, 0x0A, 0x57, 0xEE, 0xD1, 0xFC, 0xFC, 0x2F, 0xFA, 0x4C, 0x51, 0x87, 0x28, 0xD5,
    0xA7, 0x3A, 0x39, 0x0E, 0xB3, 0x36, 0x3A, 0xB4, 0xD1, 0x54, 0x3C, 0xE8, 0xDD, 0x63, 0xCD, 0x26,
    0xB3, 0x9C, 0x38, 0x52, 0x3E, 0x90, 0xE3, 0x00, 0xE0, 0x63, 0xDA, 0x24, 0x8B, 0x67, 0x66, 0x21,
    0xEB, 0x96, 0xA2, 0xA5, 0x4E, 0x54, 0xBD, 0x9F, 0x55, 0xB5, 0xE5, 0x89, 0x7B, 0x2E, 0x7B, 0xF9,
    0x49, 0x5F, 0xDC, 0x57, 0xE6, 0xAB, 0xD6, 0x86, 0xB4, 0x59, 0xDF, 0x89, 0xB5, 0x4B, 0x8F, 0xCD,
    0x82, 0xC9, 0x46, 0x9C, 0x3E, 0xB9, 0x10, 0x8E, 0xF4, 0x5B, 0xA7, 0x78, 0x11, 0x2E, 0xA2, 0x65,
    0x1B, 0x01, 0x8B, 0x38, 0x10, 0x92, 0x8B, 0x08, 0xEF, 0x12, 0x24, 0x62, 0x44, 0x88, 0x88, 0x10,
    0x01, 0x82, 0x3C, 0xB4, 0xA4, 0xBD, 0x35, 0xE5, 0xD6, 0x54, 0x1B, 0x73, 0x69, 0x92, 0x72, 0x6B,
    0xBA, 0xFC, 0xB9, 0xB5, 0x4E, 0x69, 0xAB, 0x59, 0xD2, 0xA1, 0xB8, 0xC7, 0x1D, 0x4D, 0xE1, 0x25,
    0xEB, 0xE3, 0xC1, 0x8A, 0x98, 0x53, 0x95, 0x66, 0x92, 0x22, 0xF3, 0x9A, 0xF6, 0xF7, 0x4C, 0x63,
    0x7E, 0x9E, 0x0D, 0x11, 0x05, 0x9A, 0x00, 0x28, 0x65, 0x73, 0x0E, 0x69, 0x0F, 0x47, 0x0B, 0xC7,
    0x03, 0x98, 0xBD, 0x10, 0x73, 0xEB, 0x63, 0xEA, 0xE3, 0xE6, 0x40, 0x28, 0x4B, 0xC7, 0xA3, 0x8E,
    0x8B, 0x47, 0x83, 0x97, 0x86, 0x98, 0xFB, 0xA3, 0xE2, 0xB6, 0xC7, 0x45, 0x3E, 0x8F, 0x36, 0x53,
    0x2F, 0x17, 0x1E, 0xF0, 0xFD, 0x37, 0x1F, 0xD7, 0x95, 0xFB, 0x7F, 0xD5, 0xBE, 0x9F, 0xEF, 0xBF,
    0x09, 0x65, 0x8D, 0x25, 0xA5, 0x4A, 0xB3, 0x19, 0xB8, 0xC3, 0x84, 0xAF, 0xD7, 0xEE, 0xF7, 0x0B,
    0xED, 0x77, 0x48, 0x86, 0xF7, 0x42, 0xAA, 0x95, 0x1B, 0x49, 0xAD, 0x12, 0x20, 0x52, 0x34, 0x9B,
    0xE0, 0xC9, 0xBD, 0x33, 0x59, 0x03, 0x2D, 0x8F, 0x2F, 0x48, 0xCD, 0xFE, 0xE8, 0xBA, 0xED, 0x39,
    0xC2, 0x39, 0x44, 0xA1, 0x6A, 0x3D, 0x87, 0x9E, 0x1C, 0x77, 0xED, 0x99, 0x7B, 0x4F, 0x79, 0x26,
    0xAA, 0x88, 0x4B, 0x21, 0xDB, 0x65, 0x0D, 0x4E, 0xEB, 0x78, 0x4F, 0x86, 0x43, 0x15, 0x94, 0xA1,
    0x79, 0x52, 0xE6, 0x3C, 0x9B, 0xEB, 0xC8, 0x7D, 0x71, 0xCF, 0x95, 0x00, 0x28, 0xBD, 0xEA, 0xD9,
    0x9C, 0xB9, 0x46, 0x69, 0x45, 0x8A, 0xB3, 0xD9, 0x36, 0x38, 0x9B, 0x6D, 0x03, 0x45, 0xC8, 0x36,
    0x80, 0xD5, 0x36, 0x38, 0x92, 0xA1, 0x56, 0xF5, 0x81, 0x70, 0x11, 0xC0, 0xD0, 0x08, 0x5B, 0xC3,
    0x41, 0x64, 0x1E, 0x82, 0x95, 0x11, 0xFB, 0x8C, 0xCA, 0x46, 0x21, 0x2C, 0x79, 0x12, 0x88, 0x82,
    0x27, 0xC1, 0xD9, 0x3E, 0xBB, 0x81, 0xD8, 0x01, 0x7E, 0x0A, 0x70, 0x5C, 0x9D, 0xF6, 0x89, 0xAC,
    0x8C, 0x46, 0x64, 0x60, 0x92, 0xA4, 0x97, 0x5D, 0x16, 0x03, 0x01, 0xB2, 0xA9, 0xC0, 0xC9, 0xE0,
    0x39, 0xDA, 0xA4, 0xE7, 0x39, 0x2C, 0x6D, 0xC8, 0xDD, 0x59, 0x84, 0x0F, 0x69, 0x33, 0x93, 0x7E,
    0x94, 0x32, 0xE9, 0x05, 0x48, 0x95, 0xDB, 0xF6, 0x9E, 0xF0, 0x67, 0xB0, 0x77, 0x56, 0x60, 0x28,
    0x40, 0xA9, 0x1E, 0xAA, 0x90, 0x79, 0x6E, 0xAB, 0x4A, 0x68, 0x36, 0x9B, 0x13, 0x05, 0x71, 0x37,
    0x88, 0xD4, 0x47, 0xE8, 0xB4, 0xAB, 0x05, 0x7A, 0x97, 0x1E, 0xA8, 0xCC, 0xFF, 0x67, 0x10, 0x3D,
    0xDB, 0x8B, 0xC7, 0x3D, 0x19, 0x6D, 0x7C, 0x49, 0x72, 0x3E, 0xAD, 0x95, 0x18, 0xF6, 0x4B, 0x5F,
    0x37, 0x12, 0xF6, 0x77, 0x09, 0xE2, 0x89, 0x01, 0x44, 0x3E, 0x2A, 0xAD, 0xAA, 0x45, 0x86, 0xD4,
    0x52, 0x91, 0xB7, 0x04, 0xE7, 0x63, 0x10, 0xF4, 0x67, 0x47, 0xE4, 0x86, 0x85, 0xDC, 0x19, 0x7C,
    0xF7, 0xCB, 0x55, 0xC9, 0x0F, 0x1D, 0x4D, 0x1D, 0x5F, 0x4F, 0xEC, 0x79, 0x95, 0x2F, 0x1D, 0x5A,
    0x25, 0xEE, 0x1B, 0x53, 0x4E, 0xC9, 0x01, 0x7D, 0x83, 0xDA, 0xCC, 0x5F, 0xD8, 0xD7, 0x1A, 0xB2,
    0xB1, 0x0C, 0x23, 0xFB, 0x4C, 0x7A, 0x5D, 0xBC, 0xB3, 0xF2, 0x1D, 0x77, 0x05, 0x42, 0x31, 0xB6,
    0x82, 0x80, 0x0B, 0x24, 0x5C, 0x9F, 0xF5, 0x72, 0x66, 0x08, 0xB2, 0x0E, 0x1B, 0xD0, 0xC1, 0x3A,
    0x73, 0x6D, 0x02, 0x53, 0x8F, 0x14, 0xBE, 0x30, 0x73, 0xFC, 0xB4, 0x87, 0xD9, 0x65, 0x05, 0x68,
    0x3E, 0x7A, 0x29, 0xBB, 0xAC, 0xC0, 0xD5, 0xB3, 0x03, 0x7B, 0x11, 0x16, 0xF0, 0x3E, 0xF1, 0x37,
    0xB2, 0x41, 0xD4, 0x32, 0xA7, 0x02, 0xBA, 0x08, 0xDB, 0x4D, 0xD5, 0xC0, 0x52, 0xD5, 0x62, 0x15,
    0xC2, 0x02, 0x96, 0xDE, 0x80, 0x24, 0x83, 0x15, 0x1D, 0xA3, 0x72, 0xD3, 0x08, 0xFB, 0x17, 0x54,
    0x80, 0xA3, 0x5C, 0x69, 0x3B, 0x14, 0xAE, 0x97, 0x59, 0x1C, 0x69, 0xC3, 0xD3, 0x8F, 0x0C, 0xF5,
    0xBA, 0x97, 0xD4, 0xA0, 0x97, 0xD6, 0x20, 0x93, 0x7A, 0x94, 0xCB, 0xA1, 0x6F, 0xB8, 0xDE, 0xA4,
    0x6F, 0xBF, 0x35, 0x4F, 0xAB, 0x77, 0x26, 0xEB, 0xC6, 0xCC, 0xF5, 0x11, 0x75, 0xE6, 0x63, 0xA1,
    0x37, 0x85, 0x7D, 0x15, 0x75, 0x85, 0x48, 0x53, 0x8E, 0x7C, 0xED, 0xA6, 0x3D, 0x4C, 0xBB, 0xEB,
    0xFD, 0x25, 0xA5, 0x35, 0xC5, 0x60, 0x65, 0x29, 0xA4, 0xA5, 0x28, 0xE7, 0x9D, 0x6D, 0x53, 0xB2,
    0x21, 0xE1, 0xB7, 0xAF, 0xF9, 0xCB, 0xCC, 0x27, 0x46, 0xE6, 0xA9, 0xB7, 0x6D, 0x96, 0x17, 0x75,
    0x25, 0x2A, 0x7D, 0x96, 0x83, 0x45, 0x5D, 0xEF, 0xCF, 0xE5, 0xAF, 0xFB, 0x2B, 0x60, 0xCA, 0x35,
    0xB7, 0x44, 0x83, 0x3D, 0x1A, 0xEE, 0x51, 0x91, 0x46, 0x0A, 0xD1, 0xC4, 0x47, 0xD2, 0x1E, 0xA3,
    0xC2, 0x11, 0x53, 0xC3, 0x74, 0x94, 0x96, 0x71, 0x2B, 0x63, 0xEE, 0x0B, 0x31, 0xC0, 0x20, 0xC7,
    0xFF, 0xCB, 0x92, 0x92, 0x93, 0xA9, 0x7B, 0xD3, 0xA4, 0xB6, 0x52, 0x39, 0x23, 0x23, 0x1E, 0x21,
    0x35, 0x54, 0x00, 0xB3, 0xFB, 0x50, 0x76, 0x82, 0x9C, 0x6C, 0xC9, 0x57, 0x8D, 0xB1, 0xEF, 0x0B,
    0xA3, 0x0C, 0x55, 0x07, 0x08, 0xDD, 0x11, 0xD2, 0x4C, 0xED, 0x05, 0x87, 0x73, 0x21, 0xE7, 0x4E,
    0x25, 0x3B, 0x0F, 0x0C, 0xB9, 0xA2, 0x15, 0xA1, 0x14, 0x2B, 0x55, 0xF2, 0x7D, 0x6F, 0x3F, 0x1D,
    0xEF, 0xCB, 0xEA, 0xF7, 0x7C, 0x3D, 0xBF, 0xFE, 0x05, 0x8C, 0x45, 0x77, 0x11, 0x43, 0xB6, 0x6D,
    0x37, 0x98, 0x13, 0x00, 0x2C, 0x06, 0x04, 0xD0, 0x8A, 0x36, 0x26, 0xD9, 0x54, 0x6A, 0x79, 0x29,
    0x6A, 0x1C, 0xF2, 0x02, 0x79, 0x0F, 0x5A, 0x89, 0x08, 0x50, 0x3C, 0xC3, 0x8E, 0x2B, 0x70, 0xD0,
    0xAE, 0x94, 0xBF, 0xD4, 0xD0, 0xF7, 0xE5, 0xC9, 0x0E, 0x34, 0x63, 0x29, 0xE8, 0x14, 0xA8, 0x27,
    0x67, 0x9D, 0x35, 0xEB, 0xEF, 0xB6, 0xB6, 0xB4, 0xDD, 0xC8, 0x4F, 0x7E, 0xA9, 0x72, 0x80, 0x0A,
    0x02, 0x9E, 0x06, 0x9B, 0xE1, 0xD4, 0x5D, 0x9A, 0x62, 0x31, 0x79, 0x64, 0x9D, 0xD8, 0x43, 0x1A,
    0xB7, 0x93, 0xE5, 0x2A, 0x93, 0xE5, 0x70, 0x7C, 0xD1, 0x4C, 0xD0, 0xD0, 0xC8, 0xE2, 0xA4, 0x35,
    0x27, 0x06, 0x7B, 0x31, 0x50, 0xC8, 0xF3, 0xAE, 0x96, 0x56, 0x1B, 0x2D, 0x93, 0x48, 0x59, 0xB9,
    0x01, 0x09, 0x05, 0xF2, 0x09, 0xAC, 0x93, 0x90, 0x4D, 0x1E, 0x1C, 0xA9, 0x5E, 0xB8, 0x3D, 0x60,
    0x29, 0x52, 0xD7, 0x87, 0x59, 0xD8, 0xF2, 0x6B, 0x75, 0xC5, 0x9B, 0x24, 0x39, 0x16, 0x97, 0x24,
    0xED, 0x0A, 0xF0, 0xD0, 0x87, 0x3B, 0xDF, 0xA6, 0xE8, 0x90, 0x47, 0xB9, 0x6E, 0xBD, 0xE7, 0x89,
    0xD7, 0xBE, 0x39, 0x23, 0x3A, 0x1B, 0xEE, 0x9A, 0x7F, 0xC2, 0x4E, 0x4D, 0x25, 0xAC, 0x11, 0x2B,
    0xAC, 0xC2, 0xDA, 0x94, 0x04, 0xBB, 0xE6, 0xA8, 0xE9, 0xD3, 0xFE, 0x68, 0xBD, 0x75, 0x51, 0xE7,
    0xE2, 0xCE, 0x25, 0xAD, 0x58, 0x46, 0x5D, 0x52, 0xBB, 0x34, 0x77, 0x5C, 0x94, 0xD7, 0xBD, 0xAE,
    0xD6, 0x76, 0x52, 0x63, 0x87, 0x6D, 0x29, 0xA9, 0xAF, 0xDC, 0xCF, 0x4B, 0x5A, 0x0F, 0x7B, 0x27,
    0x0B, 0x5D, 0xD6, 0xAB, 0x50, 0xF9, 0x7E, 0x69, 0x3F, 0xC1, 0x15, 0x5E, 0x4F, 0xCE, 0x84, 0xC4,
    0x58, 0xF8, 0x55, 0x4B, 0x4B, 0x39, 0x08, 0xE4, 0xF1, 0xDE, 0xD0, 0x7E, 0x66, 0x9C, 0x5A, 0x41,
    0x85, 0x7C, 0xF3, 0xEA, 0x5A, 0x28, 0x6B, 0x2D, 0x44, 0x5C, 0x58, 0x17, 0x5D, 0x3F, 0x09, 0xDC,
    0x20, 0x57, 0xEA, 0xE4, 0xD4, 0x36, 0xC5, 0x6C, 0x7E, 0x7F, 0xF1, 0x63, 0xDB, 0x45, 0xDB, 0xF1,
    0xD2, 0x86, 0xD7, 0x32, 0x55, 0x15, 0xAA, 0xCA, 0x55, 0xE5, 0xC8, 0xB1, 0x5B, 0x68, 0x23, 0xAF,
    0x8B, 0x8E, 0x74, 0x24, 0x9D, 0x49, 0x65, 0x00, 0xA0, 0x35, 0x69, 0x07, 0xFA, 0xD1, 0x00, 0xFA,
    0xC1, 0x04, 0xFA, 0xC8, 0x81, 0xFE, 0xC9, 0xD5, 0x42, 0xCB, 0xAA, 0x03, 0xB5, 0x03, 0x68, 0x32,
    0x81, 0x86, 0x62, 0x25, 0x2A, 0x4A, 0x58, 0x12, 0xC5, 0x72, 0x51, 0x91, 0x5A, 0xD2, 0x84, 0x34,
    0x22, 0x0D, 0x48, 0x8D, 0x52, 0xAB, 0x52, 0x3E, 0x3A, 0x1C, 0x79, 0x1F, 0x5E, 0xB6, 0xC9, 0x76,
    0x53, 0x3A, 0x53, 0x74, 0x87, 0xE4, 0x0E, 0xC1, 0x1D, 0x72, 0xBB, 0xF2, 0xAD, 0xE8, 0xCA, 0xE9,
    0xF4, 0xC6, 0xEB, 0x15, 0xC5, 0xF2, 0xBC, 0xBA, 0xF8, 0xE0, 0x48, 0x23, 0xBE, 0x88, 0xC7, 0x88,
    0xEA, 0x77, 0x5F, 0x9A, 0x4A, 0x5B, 0xAC, 0x8C, 0xE8, 0x3B, 0xFA, 0x82, 0x55, 0xFE, 0xAD, 0x9A,
    0x53, 0x5D, 0x19, 0x49, 0x9B, 0xD5, 0xE1, 0x20, 0xAE, 0x10, 0xA8, 0xFB, 0x85, 0xEC, 0xAE, 0x9F,
    0x3D, 0x3E, 0xEA, 0xCA, 0x88, 0xCA, 0x45, 0x6B, 0xCF, 0xE8, 0xA1, 0x6A, 0x0F, 0x49, 0xB3, 0xE8,
    0xF7, 0x56, 0x06, 0x57, 0x3E, 0xB0, 0xCF, 0x5D, 0xFF, 0x23, 0x3A, 0xD4, 0xED, 0x24, 0x2A, 0xA5,
    0xED, 0x20, 0x6E, 0x20, 0x38, 0x42, 0x0C, 0x8F, 0x37, 0x20, 0xA7, 0xB7, 0x2C, 0x05, 0x63, 0x55,
    0x37, 0xF2, 0x85, 0x7D, 0x11, 0x78, 0xDA, 0x0B, 0x8E, 0xB2, 0x2C, 0x4D, 0x0C, 0x2F, 0xAC, 0x84,
    0x46, 0xC8, 0x80, 0x52, 0x19, 0x9A, 0xD4, 0x69, 0xBC, 0x27, 0xE5, 0x30, 0x3B, 0xF7, 0x51, 0xDB,
    0x45, 0x42, 0xF7, 0xA5, 0x77, 0x18, 0xD2, 0xEE, 0xD3, 0x18, 0x1A, 0x7E, 0x3A, 0x9A, 0x77, 0x45,
    0xEC, 0xCB, 0xE0, 0x64, 0x98, 0xC8, 0xF0, 0x20, 0x77, 0xB5, 0xE4, 0x83, 0xB0, 0xFE, 0x40, 0x7A,
    0xA1, 0x37, 0x2F, 0xA7, 0xFD, 0xC7, 0x95, 0x9A, 0xE5, 0xFE, 0x47, 0xFF, 0x88, 0x2F, 0xC0, 0xE2,
    0xB3, 0x56, 0x36, 0x2E, 0x55, 0xFB, 0x86, 0x7C, 0xB3, 0xBE, 0x13, 0x4B, 0x97, 0xBC, 0x95, 0x14,
    0x82, 0xD3, 0x46, 0xCE, 0x7F, 0xB2, 0xD9, 0x3F, 0x42, 0xEB, 0x95, 0xB8, 0xC0, 0x66, 0x5D, 0x3D,
    0x74, 0xC3, 0x89, 0x08, 0x55, 0x89, 0x9E, 0xA2, 0xA4, 0xF0, 0xDF, 0xF0, 0x1B, 0xEF, 0xF2, 0x39,
    0x96, 0x60, 0x59, 0xAD, 0x9E, 0xB6, 0xD7, 0xC3, 0x08, 0xA1, 0x25, 0x08, 0xC9, 0x69, 0xA0, 0xCB,
    0x61, 0x84, 0xD0, 0x0F, 0x04, 0xC4, 0x41, 0x0E, 0xD6, 0xDD, 0x88, 0xBD, 0x47, 0xBB, 0x6D, 0x75,
    0x81, 0xDD, 0xF6, 0x56, 0x90, 0x34, 0x71, 0xCF, 0xD5, 0x9F, 0xFE, 0x5D, 0x5D, 0x05, 0xBF, 0xEA,
    0x95, 0xCB, 0xD4, 0x3F, 0x38, 0x08, 0x4D, 0x04, 0x21, 0x27, 0xF9, 0x27, 0x3C, 0x5F, 0x9F, 0x83,
    0xB1, 0x00, 0xCC, 0x3F, 0xDA, 0xFC, 0xD6, 0x21, 0xDC, 0xB9, 0x17, 0x21, 0xBD, 0xEA, 0x62, 0x76,
    0xFC, 0x87, 0x53, 0x35, 0xC2, 0x5B, 0xBF, 0x5C, 0x93, 0x92, 0x95, 0x48, 0xA9, 0x9D, 0x5B, 0x4C,
    0xC9, 0x15, 0xFD, 0x1C, 0x9D, 0x0F, 0x3D, 0x82, 0xED, 0x95, 0xB6, 0x5B, 0x98, 0x62, 0x29, 0xB9,
    0x00, 0x8E, 0xED, 0x0B, 0xA5, 0xFE, 0x97, 0xBE, 0x1C, 0x3E, 0x73, 0x50, 0x1C, 0x15, 0xD2, 0x95,
    0x69, 0x97, 0x26, 0xE0, 0x7C, 0xAC, 0x0E, 0xBA, 0xB1, 0x76, 0x6C, 0xED, 0xEA, 0xD6, 0xF9, 0x75,
    0x38, 0x0F, 0x07, 0x4C, 0x82, 0x7C, 0xFF, 0xB3, 0x98, 0x59, 0xA5, 0xD5, 0x2F, 0x65, 0x65, 0x8A,
    0x4E, 0x2E, 0x6C, 0x50, 0x94, 0x69, 0x31, 0x4D, 0xC6, 0x5D, 0x55, 0x8B, 0x86, 0x17, 0x0E, 0x70,
    0x9E, 0x8B, 0x3D, 0x0D, 0xBA, 0x28, 0x64, 0xD2, 0xFD, 0x4C, 0xEF, 0xA1, 0x9B, 0xD4, 0x05, 0x59,
    0xCE, 0xE4, 0xA8, 0x45, 0x23, 0x27, 0xA4, 0xCE, 0x41, 0x5B, 0x10, 0x1B, 0xC0, 0xA0, 0x78, 0xDA,
    0xC1, 0xDB, 0x6A, 0x11, 0x0E, 0x66, 0x7C, 0x48, 0xDA, 0xEA, 0xE8, 0x9E, 0x19, 0xB7, 0xD0, 0x83,
    0x40, 0xF6, 0x8F, 0xA9, 0x68, 0xD2, 0x6A, 0xCA, 0xA0, 0x87, 0xE2, 0x90, 0xE0, 0xC6, 0x0E, 0x86,
    0x8E, 0xB7, 0x1D, 0x05, 0x67, 0x8D, 0x79, 0x28, 0x9C, 0xCE, 0x70, 0xA3, 0xAA, 0x6D, 0x51, 0xA7,
    0x50, 0x21, 0xE2, 0x59, 0xF5, 0x63, 0xAA, 0xB5, 0xD4, 0x9A, 0xA9, 0xD4, 0xAA, 0x4E, 0x2B, 0xC6,
    0x53, 0x41, 0x58, 0x22, 0x1A, 0xE6, 0xCD, 0x94, 0x3D, 0x27, 0x9D, 0x2B, 0xBC, 0x45, 0x4D, 0x7A,
    0xE4, 0x6A, 0x55, 0xC7, 0x2F, 0x55, 0x08, 0xEE, 0xAA, 0xFF, 0x54, 0xBD, 0x83, 0x71, 0x51, 0xBF,
    0xA9, 0x7D, 0x23, 0x06, 0xEF, 0x06, 0x63, 0x10, 0xA9, 0xAA, 0x90, 0x19, 0x35, 0xA2, 0x89, 0x41,
    0xB9, 0xBF, 0x77, 0x26, 0x41, 0x34, 0x62, 0x4D, 0x95, 0xF5, 0x37, 0xF3, 0x70, 0x67, 0xC4, 0xCF,
    0x70, 0xC7, 0x13, 0x56, 0x98, 0x49, 0x6C, 0xE6, 0x09, 0xF6, 0xA0, 0xDA, 0xD2, 0xC9, 0xDD, 0x1E,
    0x8D, 0xF6, 0xB9, 0x44, 0x4E, 0xF2, 0x22, 0xA3, 0x12, 0x89, 0xE4, 0x72, 0xBD, 0xD8, 0x87, 0x28,
    0xAE, 0x1B, 0x8A, 0x5B, 0x30, 0x58, 0xED, 0xF0, 0xB1, 0x06, 0x36, 0xCD, 0xE4, 0x4C, 0x79, 0x34,
    0x0B, 0x8F, 0x10, 0x27, 0xC5, 0x2F, 0x34, 0x26, 0x8F, 0xAB, 0x96, 0x48, 0x24, 0xA8, 0x23, 0x01,
    0xB3, 0x8A, 0xD4, 0xA3, 0xE1, 0x1D, 0x39, 0xFC, 0x1F, 0xD5, 0x2B, 0x27, 0xAC, 0x17, 0xAF, 0x0D,
    0x75, 0xFB, 0xAA, 0x14, 0x27, 0xB8, 0xCB, 0xED, 0x10, 0x39, 0x0D, 0x68, 0x54, 0x8F, 0xC6, 0x43,
    0x32, 0xBB, 0x73, 0xBA, 0xC3, 0x3E, 0xBF, 0xAE, 0xB8, 0x69, 0xC5, 0x2D, 0xC4, 0xED, 0x9A, 0x23,
    0x8E, 0x89, 0x4C, 0x66, 0x52, 0x5D, 0x8D, 0x4A, 0x5B, 0xC6, 0x43, 0x46, 0xEE, 0x20, 0x0C, 0x34,
    0x6B, 0xD2, 0x12, 0xC6, 0x38, 0x57, 0xA6, 0x1C, 0xC9, 0x17, 0x52, 0x89, 0xBA, 0x1F, 0xE8, 0x74,
    0x82, 0x73, 0xE8, 0x73, 0xE8, 0x78, 0xC1, 0x74, 0xC7, 0xA3, 0xC6, 0x04, 0x80, 0xF7, 0x4E, 0xE2,
    0xFB, 0xE9, 0x6D, 0xFE, 0x56, 0xF9, 0x56, 0x79, 0xD4, 0x51, 0xDF, 0xFE, 0xB8, 0x84, 0xB9, 0xC9,
    0xD9, 0xB6, 0x8C, 0xAB, 0xF5, 0xF1, 0x71, 0xBB, 0xDE, 0x07, 0xBF, 0xAA, 0x58, 0x1E, 0xA1, 0x28,
    0x4C, 0x93, 0x18, 0x54, 0x74, 0xD1, 0xA0, 0x66, 0x6D, 0x3F, 0x40, 0x73, 0xE9, 0x36, 0xA8, 0x1F,
    0xCB, 0xA0, 0xB2, 0x7F, 0x31, 0xCE, 0x29, 0x8F, 0xA9, 0x3C, 0xE4, 0xAA, 0x6F, 0x09, 0xF7, 0x22,
    0xDB, 0xAA, 0x7A, 0x7D, 0xF4, 0x43, 0xF9, 0x33, 0xC5, 0x23, 0x1C, 0x95, 0xCF, 0x3B, 0x1F, 0x7E,
    0xAB, 0xED, 0xDF, 0xE1, 0xF4, 0x5E, 0xA6, 0xF6, 0x1C, 0x63, 0x7A, 0xE1, 0x38, 0x9D, 0x36, 0x72,
    0x3E, 0x7C, 0xEB, 0xF6, 0x88, 0xFA, 0x43, 0x09, 0x44, 0xC2, 0x63, 0xAD, 0xF5, 0xB1, 0xC6, 0xBF,
    0xF1, 0x6E, 0xD2, 0x51, 0x4D, 0xA3, 0x81, 0x4F, 0x70, 0x52, 0x01, 0x47, 0xE4, 0xE1, 0x16, 0x0C,
    0xFE, 0xEA, 0xC4, 0x90, 0x69, 0x0C, 0xC8, 0xA9, 0x67, 0x15, 0xC1, 0x33, 0x68, 0x29, 0xF6, 0x95,
    0x43, 0x0A, 0x00, 0x5A, 0xBF, 0xC3, 0xB4, 0xDB, 0xCF, 0x30, 0xED, 0x5F, 0x52, 0x48, 0x6B, 0xF6,
    0xA6, 0xFD, 0xEE, 0xE0, 0x81, 0x6B, 0x5D, 0x82, 0x94, 0x10, 0x67, 0x31, 0x4A, 0x7C, 0xE6, 0x88,
    0x60, 0xF9, 0xA4, 0x0C, 0x6F, 0x82, 0x04, 0xD1, 0xF8, 0xA9, 0x0C, 0x6A, 0x52, 0x55, 0x2E, 0xD3,
    0x88, 0xC7, 0x79, 0x23, 0x1A, 0xC4, 0x79, 0x29, 0x81, 0x5F, 0xB9, 0xDD, 0xC8, 0x15, 0x4A, 0x5C,
    0x48, 0xC0, 0x2D, 0x25, 0xED, 0x10, 0x2A, 0xEB, 0xD3, 0xC1, 0x78, 0x26, 0x7A, 0xA1, 0xB0, 0x0B,
    0xD6, 0xB4, 0xFC, 0x76, 0x90, 0x38, 0x9E, 0x79, 0x1D, 0x8F, 0x88, 0x73, 0x99, 0xD1, 0x62, 0x8B,
    0xB1, 0xFE, 0x93, 0xB7, 0x57, 0xEF, 0x3A, 0xA3, 0xF3, 0x8F, 0x4C, 0xAB, 0x85, 0x22, 0x72, 0xB1,
    0xF1, 0x32, 0x3A, 0x7C, 0xA5, 0x03, 0xC4, 0xFD, 0x54, 0x04, 0x78, 0x6E, 0x63, 0xD9, 0xC7, 0xA1,
    0x8A, 0xE7, 0x64, 0x02, 0xF2, 0x13, 0x0E, 0x92, 0xE2, 0x51, 0xBB, 0xD3, 0x17, 0x45, 0xEA, 0xF0,
    0x6B, 0x77, 0xA0, 0xD0, 0x48, 0x64, 0xD3, 0x7C, 0xAD, 0x24, 0x0E, 0x5A, 0xDB, 0x67, 0xB3, 0x04,
    0x44, 0xCE, 0xB1, 0x9B, 0x84, 0x2F, 0xB5, 0xE0, 0xA5, 0x7C, 0x69, 0x63, 0x8F, 0xEE, 0x7D, 0x4E,
    0x0D, 0x8D, 0x57, 0xBD, 0x36, 0x73, 0x14, 0x24, 0xD4, 0x8B, 0x64, 0xCB, 0x79, 0x45, 0x82, 0xCC,
    0xD9, 0x04, 0x5B, 0x5B, 0x27, 0x87, 0x47, 0x9F, 0xBC, 0x32, 0x06, 0xF3, 0x28, 0x98, 0x18, 0x06,
    0x78, 0x84, 0x6A, 0x1C, 0x7E, 0xC6, 0xF8, 0x8F, 0x67, 0xDD, 0xFA, 0x8B, 0x59, 0xC3, 0x3F, 0x4E,
    0x6F, 0xDF, 0x20, 0x84, 0x1C, 0xA7, 0xDB, 0x2F, 0x65, 0xB3, 0xBF, 0x9B, 0x8A, 0x26, 0x2B, 0xB9,
    0x9D, 0xF4, 0xF7, 0xE3, 0xA1, 0x03, 0xCB, 0x54, 0x40, 0xD9, 0x3D, 0xEC, 0x10, 0x7B, 0x9D, 0x3C,
    0x1B, 0x4F, 0x17, 0x91, 0x0E, 0xFA, 0xFD, 0x3F, 0xA4, 0x83, 0xD9, 0xFB, 0xD4, 0xEF, 0xE5, 0x40,
    0xFD, 0xD8, 0x9E, 0xDF, 0x46, 0x37, 0x26, 0x8C, 0xFE, 0x10, 0x84, 0x10, 0x6F, 0x3D, 0x1B, 0x60,
    0x64, 0x08, 0xD2, 0xAD, 0xE2, 0xB0, 0xA2, 0x21, 0x02, 0x0D, 0xDA, 0xEF, 0x20, 0xD1, 0x8B, 0x74,
    0x85, 0x17, 0xA9, 0x04, 0x0D, 0xBA, 0x58, 0x70, 0x96, 0x54, 0x8A, 0x80, 0xEA, 0x1D, 0xEF, 0x9A,
    0x25, 0xBE, 0x4A, 0x65, 0x09, 0xA9, 0x65, 0xB5, 0x68, 0xDF, 0x0A, 0x04, 0xF2, 0xF9, 0xEB, 0xAA,
    0x34, 0x42, 0x8E, 0x09, 0x55, 0xB4, 0xA3, 0xD9, 0xF4, 0x43, 0x0F, 0xFE, 0x1A, 0x5A, 0x91, 0x3A,
    0xAF, 0x8C, 0xD8, 0x0F, 0xBC, 0xDA, 0x3E, 0x87, 0xE3, 0x81, 0x49, 0xAE, 0xE6, 0xA1, 0x98, 0xF6,
    0x45, 0x4B, 0x25, 0xC6, 0x76, 0x58, 0x05, 0xCB, 0x97, 0x18, 0x7E, 0xEA, 0x06, 0x18, 0x30, 0x58,
    0x1F, 0x36, 0x20, 0x68, 0xA5, 0xF8, 0x92, 0xC1, 0xB6, 0x52, 0x8A, 0xFB, 0xD3, 0x3E, 0x87, 0x15,
    0x1A, 0xBD, 0xFD, 0x9B, 0xBC, 0x7B, 0x41, 0x33, 0xD3, 0xAF, 0xFB, 0x70, 0xA6, 0xA1, 0x49, 0xEC,
    0xDB, 0x0C, 0xDC, 0x17, 0x3F, 0x3E, 0xE4, 0x1F, 0xF7, 0x6C, 0x0E, 0x27, 0x5A, 0x40, 0x3E, 0x1B,
    0xE5, 0x45, 0x07, 0xB8, 0xBC, 0x65, 0x09, 0x39, 0x88, 0xB1, 0xF6, 0xDF, 0xE2, 0xF5, 0x85, 0xD5,
    0xC9, 0xC2, 0x2F, 0x0F, 0xF4, 0x52, 0x98, 0x9C, 0xD5, 0xC8, 0xD2, 0x2E, 0x5F, 0x10, 0x27, 0x57,
    0xAA, 0x8C, 0x9C, 0x38, 0xAF, 0x15, 0x25, 0x8B, 0x43, 0x8B, 0x33, 0x12, 0x2C, 0x31, 0x45, 0xCB,
    0x6B, 0x1E, 0xFA, 0xCE, 0x87, 0x7F, 0x01, 0xC4, 0x54, 0x1A, 0x80, 0xFD, 0x74, 0xF7, 0xE4, 0x25,
    0x03, 0x6F, 0x29, 0xE2, 0x5E, 0x22, 0x1E, 0x3F, 0x29, 0x97, 0x8A, 0x35, 0x5B, 0x20, 0xCC, 0xDA,
    0xAC, 0xC5, 0x5B, 0x02, 0xB5, 0xC4, 0x8F, 0x88, 0xD1, 0xA9, 0x4E, 0x3A, 0xDA, 0xAE, 0x93, 0x3E,
    0x7B, 0x2E, 0x3E, 0xCF, 0x68, 0xB0, 0x1F, 0x34, 0x10, 0x85, 0x6C, 0xD2, 0x89, 0x21, 0x62, 0x2C,
    0xA2, 0xFF, 0x50, 0x1D, 0x0A, 0xBF, 0x97, 0xE6, 0xE7, 0x29, 0xFC, 0xEF, 0x00, 0xE9, 0x39, 0xA0,
    0x47, 0x4E, 0xC6, 0x86, 0x31, 0xF6, 0x34, 0xA5, 0x08, 0xAE, 0x5E, 0x30, 0xA6, 0x4E, 0xAB, 0xAF,
    0xBD, 0xD0, 0xD0, 0x62, 0x28, 0x41, 0x84, 0x74, 0x17, 0xC5, 0x5D, 0xB6, 0x1C, 0x15, 0x50, 0xB5,
    0x44, 0xD0, 0xC6, 0x6B, 0x55, 0x1D, 0x8D, 0x56, 0xE8, 0x23, 0x5F, 0x87, 0xF0, 0x6F, 0x49, 0xE0,
    0x35, 0x39, 0xCE, 0x8E, 0x3C, 0x00, 0x30, 0xD3, 0xDE, 0x52, 0xE2, 0x84, 0x94, 0x1F, 0x4E, 0x7C,
    0xBF, 0xCE, 0xDB, 0xD2, 0xF5, 0x3D, 0xB2, 0x61, 0xF3, 0xC9, 0x65, 0x37, 0xA1, 0xD4, 0x87, 0xA8,
    0x72, 0xD8, 0xAF, 0x60, 0x25, 0x45, 0x40, 0xE0, 0x21, 0xA4, 0xD2, 0xA6, 0x55, 0x3B, 0x82, 0xF4,
    0xC4, 0xE5, 0xD2, 0x29, 0xD1, 0x5B, 0x06, 0x59, 0xD7, 0xF1, 0x18, 0x22, 0x32, 0x2C, 0x82, 0xC2,
    0x04, 0x1D, 0x46, 0xC9, 0x47, 0xB4, 0x23, 0xC2, 0x0F, 0x41, 0x5B, 0xAB, 0x5B, 0xC2, 0xA5, 0xB7,
    0x77, 0x0D, 0xC9, 0x6A, 0xA9, 0xF4, 0x10, 0x16, 0x5B, 0x2F, 0xFE, 0x44, 0x8E, 0x2B, 0x6A, 0xE9,
    0x6E, 0xEA, 0x30, 0x6C, 0xA5, 0xFA, 0xCB, 0x69, 0xC2, 0xA7, 0x5B, 0x96, 0x03, 0x84, 0x32, 0xA8,
    0xEF, 0x4F, 0x2D, 0x3B, 0x36, 0x83, 0xC1, 0x6E, 0x23, 0xAB, 0x0D, 0xAE, 0xF3, 0xFA, 0x5B, 0xA8,
    0x9A, 0x9E, 0xF1, 0x96, 0x4A, 0xC4, 0x8D, 0x78, 0x03, 0xDD, 0x7A, 0x73, 0x5E, 0x6E, 0x16, 0x07,
    0x37, 0xA3, 0x15, 0x56, 0x2D, 0xE9, 0xD4, 0x71, 0xED, 0x09, 0x59, 0x16, 0xFC, 0x2E, 0x90, 0x73,
    0xA3, 0xC1, 0x3B, 0xA0, 0x3C, 0x82, 0x72, 0x0A, 0x2C, 0x49, 0xB5, 0x17, 0x65, 0x97, 0x7C, 0x16,
    0xFB, 0x79, 0x89, 0xBB, 0x40, 0xF1, 0x59, 0xA7, 0x8D, 0x9B, 0xFA, 0xA0, 0xDC, 0x7B, 0x7E, 0x61,
    0x78, 0xF5, 0x8B, 0xDF, 0xDE, 0xBB, 0xEB, 0x51, 0x23, 0xA8, 0x09, 0xF1, 0x81, 0x99, 0xBA, 0x85,
    0x4C, 0x7C, 0xE4, 0x51, 0xDF, 0x17, 0x45, 0xCF, 0xD8, 0x4F, 0x51, 0xE2, 0x1B, 0xBC, 0x77, 0xA2,
    0x91, 0xEB, 0xF5, 0xDD, 0x8E, 0x3A, 0xA2, 0xA8, 0x87, 0x18, 0x5D, 0xB5, 0xE8, 0xEF, 0xBF, 0x7A,
    0x77, 0x94, 0x51, 0xC3, 0x96, 0x2F, 0xEC, 0x5F, 0x24, 0x9B, 0x32, 0x74, 0x3E, 0x64, 0xAF, 0xE0,
    0x65, 0xAF, 0x13, 0xE5, 0xF7, 0x3F, 0xED, 0x5B, 0xBD, 0x92, 0xE5, 0x56, 0x11, 0x3E, 0x57, 0x2A,
    0x46, 0x55, 0x56, 0xA0, 0x84, 0x80, 0x2A, 0x07, 0x22, 0x65, 0x8B, 0x42, 0x4F, 0x00, 0x52, 0x99,
    0x80, 0xC0, 0x01, 0x0F, 0xC0, 0x1B, 0x6C, 0xB2, 0x2F, 0x60, 0x90, 0x6C, 0x87, 0x04, 0xDE, 0x37,
    0x60, 0x83, 0x0D, 0xBC, 0x4E, 0xFC, 0x04, 0x46, 0x62, 0x37, 0x20, 0x20, 0xB0, 0x8C, 0xC3, 0x0D,
    0xAC, 0xC2, 0x5B, 0x45, 0x40, 0x60, 0x01, 0x82, 0x15, 0xA0, 0xAB, 0x43, 0x7F, 0x5F, 0xF7, 0xD1,
    0xBD, 0x77, 0x3D, 0x3B, 0x9E, 0xF5, 0xCC, 0xDA, 0x3B, 0x14, 0xB3, 0xA3, 0xEE, 0x1E, 0xDD, 0xAB,
    0x73, 0x4E, 0xF7, 0xE9, 0xD3, 0xBF, 0x5A, 0xE7, 0xE4, 0x27, 0x59, 0x00, 0x5D, 0x26, 0xA8, 0x5D,
    0xAB, 0x74, 0x71, 0x99, 0xF7, 0x93, 0xDC, 0xAC, 0xBD, 0xF7, 0xC9, 0x14, 0x09, 0xF4, 0x5F, 0x8C,
    0x89, 0x7F, 0x72, 0xE6, 0x7D, 0x97, 0xAD, 0xCE, 0x95, 0x7B, 0x57, 0xCC, 0xFC, 0x7E, 0x39, 0xCA,
    0xD3, 0xAB, 0xAB, 0x07, 0xE7, 0x62, 0xEF, 0xDA, 0xCE, 0xB9, 0xC8, 0x3B, 0x2F, 0x68, 0xE7, 0x2B,
    0x20, 0x17, 0x50, 0x63, 0x37, 0xF5, 0x2B, 0x95, 0x3D, 0xC0, 0xC7, 0xBD, 0x0E, 0xB6, 0x77, 0x1C,
    0x7A, 0x71, 0x9C, 0x68, 0x74, 0x9C, 0xB6, 0x77, 0x5C, 0x04, 0x16, 0xE7, 0xFD, 0x8C, 0x45, 0xCA,
    0x02, 0xB9, 0x58, 0x77, 0x8B, 0xD0, 0x2B, 0xAC, 0x5C, 0xB1, 0xBA, 0x16, 0xCF, 0x0C, 0x35, 0xBE,
    0xBA, 0xC7, 0x0A, 0x53, 0x79, 0xA2, 0xEC, 0x77, 0xBE, 0xC1, 0xC2, 0xE4, 0x2B, 0x1B, 0xA1, 0xB0,
    0xDE, 0x68, 0xDE, 0x57, 0x02, 0xDF, 0x77, 0x78, 0x76, 0xE5, 0x94, 0x8B, 0xE3, 0x98, 0x32, 0x85,
    0x8C, 0x6F, 0x3F, 0xB1, 0x4A, 0x2B, 0x5D, 0x84, 0xA5, 0x9D, 0x37, 0x14, 0x1B, 0x9A, 0x89, 0xF2,
    0x91, 0xC8, 0x77, 0x44, 0x7B, 0x47, 0xE4, 0x5E, 0x1C, 0xB5, 0x1B, 0x8A, 0x80, 0x7A, 0xC8, 0x0C,
    0x42, 0x23, 0x9A, 0x21, 0x33, 0x97, 0x8B, 0x4C, 0x65, 0x41, 0xA9, 0x48, 0x69, 0x82, 0x4C, 0x29,
    0x33, 0xD7, 0x52, 0x66, 0x72, 0xF7, 0x89, 0x2D, 0xFA, 0xB5, 0x06, 0xB0, 0xEC, 0x15, 0x96, 0x5D,
    0xB4, 0x16, 0x84, 0x79, 0x27, 0xD0, 0xB7, 0x15, 0xE0, 0xDE, 0x01, 0xDE, 0x05, 0xC4, 0x4E, 0x5C,
    0x06, 0xF6, 0x31, 0xE0, 0x04, 0xE1, 0xE4, 0xDE, 0xAF, 0x98, 0x71, 0xBF, 0x62, 0xA3, 0x87, 0x4D,
    0x5C, 0xEE, 0xC1, 0xEE, 0xFD, 0x40, 0xB6, 0x3F, 0x9D, 0x03, 0x59, 0x7C, 0x3C, 0x06, 0x32, 0xA3,
    0x8A, 0xA8, 0x6C, 0xBD, 0x3B, 0xFE, 0xA9, 0x29, 0x7B, 0x68, 0xC0, 0xA4, 0x6A, 0xB0, 0x91, 0x83,
    0x91, 0xDD, 0xAE, 0xE5, 0x90, 0x7E, 0x94, 0xED, 0x84, 0x02, 0x89, 0xA4, 0x3A, 0x21, 0x39, 0x50,
    0x2C, 0x8A, 0xD6, 0x51, 0x98, 0xF8, 0x08, 0x24, 0xD4, 0xAF, 0x58, 0x48, 0x42, 0x16, 0xE5, 0xA4,
    0xA4, 0x4C, 0x82, 0x11, 0x3B, 0x0A, 0x57, 0x06, 0x08, 0x64, 0xA2, 0x6A, 0x02, 0x12, 0x63, 0x1B,
    0x29, 0x03, 0x84, 0xC7, 0xEA, 0xD1, 0x85, 0xC1, 0xB8, 0x52, 0x4E, 0x81, 0x01, 0x9C, 0x4E, 0x9C,
    0x60, 0x19, 0xBA, 0x1C, 0x2E, 0x4E, 0x17, 0x59, 0x2E, 0x24, 0xB1, 0x74, 0x0C, 0xE0, 0x94, 0x21,
    0xE8, 0xFB, 0x08, 0xB2, 0xDA, 0x48, 0xAC, 0xEB, 0x40, 0xE6, 0x7D, 0xD9, 0xA8, 0x18, 0x92, 0x69,
    0xB5, 0x87, 0x22, 0xBF, 0xD8, 0x48, 0x22, 0x02, 0x1B, 0xDE, 0xDD, 0x6A, 0x5C, 0x10, 0x41, 0x58,
    0x48, 0xA0, 0xDA, 0x4E, 0x54, 0xA3, 0xD7, 0x25, 0x6F, 0xD4, 0x20, 0x54, 0x67, 0xCC, 0xC9, 0x21,
    0xD8, 0xE4, 0xB0, 0x89, 0x61, 0xD9, 0xA4, 0xB0, 0x09, 0xAC, 0x1C, 0x02, 0xE3, 0x6D, 0x17, 0x44,
    0xEB, 0xC3, 0x6C, 0xF1, 0x7E, 0xE3, 0x7A, 0x0E, 0x4C, 0x17, 0x63, 0xE0, 0xB9, 0xEC, 0x8E, 0x58,
    0xEE, 0x36, 0x8E, 0xBB, 0x8D, 0x61, 0x9A, 0x0A, 0x57, 0x56, 0x90, 0x98, 0x10, 0xF9, 0xA7, 0xB3,
    0x12, 0xA9, 0x1F, 0x95, 0xA0, 0x84, 0x79, 0x34, 0x3E, 0x70, 0x46, 0xB8, 0x63, 0xA2, 0xFE, 0x87,
    0x87, 0xF9, 0x68, 0x70, 0x1C, 0x40, 0x54, 0x59, 0x20, 0x60, 0x15, 0xD4, 0xF4, 0x0C, 0x38, 0x52,
    0x62, 0xEB, 0xDA, 0x0E, 0x4F, 0x65, 0xA3, 0x30, 0x0E, 0x42, 0xF8, 0x52, 0xC2, 0xC3, 0x3C, 0x08,
    0x41, 0x1A, 0x77, 0xC0, 0x14, 0x09, 0xF0, 0xC4, 0xA7, 0x94, 0xA5, 0xD8, 0xE4, 0x34, 0xE5, 0x1E,
    0x06, 0x05, 0x07, 0xC1, 0x63, 0x62, 0x59, 0xEE, 0xA2, 0xC4, 0xCE, 0xF7, 0x2D, 0x09, 0x7C, 0x4F,
    0xC6, 0xF9, 0x66, 0x51, 0xA2, 0x28, 0x5D, 0x88, 0x32, 0x45, 0xF5, 0xCC, 0x3D, 0xA3, 0x6A, 0x2D,
    0xB0, 0x9A, 0x44, 0x0D, 0xD1, 0xCC, 0x75, 0x66, 0xAA, 0x1B, 0xA3, 0xF2, 0x76, 0xA0, 0xF5, 0xBE,
    0xEE, 0xB4, 0xC2, 0x62, 0xBC, 0x66, 0x28, 0x8B, 0x38, 0x85, 0x34, 0x18, 0x84, 0x38, 0xAA, 0x22,
    0x58, 0x72, 0xE2, 0x61, 0xD3, 0x52, 0xB1, 0xAE, 0xAE, 0xA8, 0xE0, 0x7C, 0x44, 0xFC, 0x83, 0xE0,
    0x5E, 0xFF, 0x56, 0xDF, 0x00, 0x99, 0x5F, 0xF5, 0xDA, 0xCE, 0x50, 0xAE, 0x7E, 0xC6, 0x15, 0x72,
    0x0A, 0x2A, 0xD8, 0x40, 0x93, 0xAD, 0x12, 0x63, 0x20, 0x96, 0x40, 0xAC, 0x81, 0x90, 0xE7, 0x8C,
    0xE8, 0x02, 0x31, 0x1A, 0xF1, 0xE1, 0x6C, 0xC4, 0x7B, 0x7B, 0x23, 0xDE, 0xF5, 0x46, 0xBC, 0xED,
    0x3B, 0x25, 0x9A, 0x76, 0x34, 0xA2, 0x9C, 0x8D, 0xC8, 0xF6, 0x46, 0xC4, 0x5E, 0x56, 0x90, 0x2C,
    0x75, 0x03, 0x77, 0x43, 0x42, 0x76, 0xB5, 0xC3, 0x6E, 0x8B, 0x33, 0x13, 0x22, 0x03, 0x01, 0x0B,
    0x2B, 0x3B, 0xDE, 0x88, 0x41, 0xEB, 0x60, 0x4E, 0x1A, 0x9C, 0x20, 0x9C, 0xFE, 0x06, 0x7C, 0xC9,
    0xB1, 0x00, 0x51, 0x76, 0xD8, 0x79, 0xF2, 0x95, 0xA9, 0x35, 0xE8, 0x64, 0xC7, 0x47, 0xC3, 0x8B,
    0xE1, 0xD5, 0x3E, 0x57, 0x96, 0x9C, 0x71, 0xE4, 0x94, 0xA1, 0x62, 0x50, 0x7E, 0x04, 0x93, 0x1D,
    0xC1, 0xE4, 0x46, 0x30, 0x99, 0x11, 0x4C, 0x5E, 0x80, 0xC1, 0x0A, 0x30, 0x38, 0x01, 0x06, 0x23,
    0xC0, 0xE0, 0x03, 0x18, 0x6C, 0x10, 0x97, 0x86, 0x33, 0xC3, 0x89, 0xE1, 0xC8, 0xB0, 0x0B, 0x18,
    0xE3, 0x98, 0x73, 0x31, 0x5C, 0x0F, 0x27, 0x0E, 0x26, 0xF3, 0x1A, 0x3B, 0xC0, 0x6F, 0xC2, 0x53,
    0xD0, 0x73, 0x24, 0xFC, 0x23, 0x5D, 0x0F, 0x74, 0x34, 0x1F, 0xFB, 0xA0, 0x7D, 0xBE, 0x8A, 0xCB,
    0xF7, 0xB2, 0x1A, 0x81, 0x22, 0x3C, 0x81, 0x53, 0x31, 0x09, 0x6C, 0xB2, 0x59, 0xA0, 0x48, 0x1A,
    0x30, 0xB9, 0x22, 0x3C, 0x04, 0x16, 0xE9, 0x42, 0x43, 0xA6, 0x26, 0x4F, 0xED, 0x9D, 0xF0, 0x7A,
    0xFF, 0xEC, 0x1E, 0x56, 0xB6, 0xE4, 0xE4, 0xC8, 0x97, 0xEA, 0xCE, 0xFD, 0x16, 0xB7, 0x1D, 0x7E,
    0xEC, 0xAF, 0x42, 0x79, 0xB4, 0xAF, 0x18, 0x6A, 0x79, 0x64, 0x9C, 0xAF, 0xD5, 0x7C, 0x32, 0x1C,
    0x88, 0x57, 0x9E, 0xAC, 0x78, 0xC9, 0x46, 0xCE, 0x0E, 0xEB, 0x26, 0x76, 0x9E, 0x31, 0x61, 0x3E,
    0xC2, 0xE8, 0xC9, 0xA1, 0x83, 0x9B, 0xB7, 0xD8, 0xC8, 0x02, 0x25, 0x3A, 0x26, 0x06, 0x39, 0x40,
    0xB0, 0x6E, 0x62, 0xBC, 0xF1, 0x6D, 0x19, 0x0D, 0x2C, 0x88, 0xA7, 0xC8, 0x34, 0x46, 0xCC, 0x27,
    0x46, 0x98, 0x98, 0x45, 0x86, 0xC1, 0x9C, 0x62, 0x79, 0xE3, 0x39, 0x1B, 0x76, 0xAB, 0x68, 0x4E,
    0xED, 0xE9, 0x91, 0xDD, 0x6B, 0xF7, 0x0F, 0x2C, 0xDC, 0x59, 0x31, 0x60, 0x27, 0x46, 0x7B, 0xCC,
    0xA6, 0x7C, 0xDA, 0x71, 0xC0, 0x58, 0xAF, 0xD7, 0xFD, 0x22, 0x86, 0x7C, 0x41, 0x6C, 0x56, 0xFE,
    0x2B, 0x5E, 0xCA, 0x0E, 0x57, 0xB2, 0x94, 0xFD, 0x9D, 0xA5, 0xE4, 0xFD, 0x7F, 0xCA, 0xE7, 0xCD,
    0x72, 0xDB, 0x3D, 0x28, 0xDF, 0x5D, 0xF2, 0xBF, 0x48, 0xD8, 0xDA, 0x47, 0xDC, 0x76, 0x35, 0xE5,
    0x57, 0xFF, 0x2D, 0x9B, 0x35, 0xFB, 0x7C, 0x49, 0xFC, 0x08, 0x27, 0xF4, 0x81, 0x05, 0xA3, 0x0C,
    0x2F, 0x5F, 0xF0, 0x37, 0xBA, 0xC7, 0x3D, 0x8D, 0x97, 0xBC, 0x3F, 0xDE, 0xD3, 0xF5, 0x9C, 0x3D,
    0xD5, 0xA0, 0xD7, 0x42, 0x60, 0x0D, 0x01, 0x2C, 0x3C, 0xB6, 0x60, 0xD9, 0x42, 0x67, 0x0B, 0xA4,
    0x2D, 0xAC, 0xBE, 0x20, 0x2A, 0x6F, 0x8E, 0x82, 0xF3, 0x2D, 0x2A, 0x77, 0xC7, 0x51, 0xF9, 0x1A,
    0x42, 0xFC, 0xCB, 0x47, 0xE5, 0xF1, 0x9C, 0xCA, 0x93, 0x6B, 0xD1, 0x99, 0xBE, 0xE5, 0xD0, 0x9D,
    0xB3, 0xFB, 0x27, 0x11, 0x1D, 0xCC, 0x27, 0x23, 0x6A, 0x06, 0xD7, 0x8C, 0xB3, 0xA9, 0x56, 0x54,
    0x2A, 0x06, 0xE2, 0x8C, 0xC9, 0x19, 0x77, 0x29, 0x85, 0x7B, 0xFC, 0x94, 0xDF, 0xE3, 0x13, 0x7C,
    0x56, 0xE3, 0x72, 0x86, 0xE5, 0xB7, 0xE5, 0x9F, 0xCC, 0xF9, 0x10, 0xF3, 0x65, 0x4F, 0x67, 0x46,
    0x7E, 0x7A, 0x4E, 0x9A, 0x30, 0xAF, 0x06, 0xD4, 0xD7, 0x0B, 0xDB, 0x00, 0x23, 0x6F, 0xB1, 0x39,
    0x42, 0xF3, 0xD5, 0x22, 0x73, 0x0D, 0xCC, 0x11, 0x97, 0x8F, 0x21, 0x2C, 0xD7, 0xA8, 0x9C, 0x41,
    0x39, 0xF4, 0xDF, 0x3D, 0x47, 0xFF, 0x11, 0x5B, 0xBF, 0xD0, 0x25, 0x51, 0x38, 0x62, 0x70, 0x44,
    0xE0, 0x88, 0xBF, 0x19, 0x7D, 0x97, 0x9E, 0x27, 0xF7, 0x08, 0x1E, 0xFF, 0x94, 0xEE, 0x23, 0xEC,
    0xDA, 0xEF, 0xFC, 0x06, 0xF5, 0xCE, 0xAB, 0x29, 0x2B, 0xB9, 0x11, 0xAE, 0xB0, 0xC6, 0x68, 0xCA,
    0xE4, 0xE4, 0x17, 0x63, 0x22, 0x57, 0x34, 0x67, 0xFD, 0x09, 0x73, 0xD7, 0x21, 0x3F, 0x66, 0x04,
    0x98, 0xDB, 0x82, 0x8C, 0x2D, 0x02, 0xA9, 0xBB, 0x9B, 0x29, 0x45, 0x86, 0x2D, 0x34, 0xBF, 0xC2,
    0xD2, 0x6E, 0x85, 0x0A, 0xBE, 0x7C, 0x29, 0x5E, 0xE2, 0x64, 0xDE, 0x30, 0x5D, 0x7C, 0xCE, 0xB9,
    0x7D, 0xD9, 0x92, 0x54, 0x3D, 0xC4, 0x72, 0x6D, 0x23, 0x43, 0xD5, 0x66, 0xE7, 0x6F, 0xE8, 0xA9,
    0x8E, 0xDE, 0xA7, 0xCF, 0x91, 0x7B, 0x0C, 0xDD, 0x98, 0x82, 0x89, 0x4F, 0xB4, 0xC8, 0x2C, 0xEB,
    0x21, 0xCD, 0xF8, 0x25, 0x49, 0x33, 0x12, 0xAF, 0x55, 0x48, 0xD8, 0x8B, 0x0C, 0x58, 0x72, 0xEA,
    0xF1, 0xBB, 0x8C, 0x55, 0x18, 0x61, 0x88, 0xA6, 0x46, 0xAB, 0x2C, 0x36, 0x5C, 0x7B, 0x89, 0x55,
    0x96, 0xD6, 0x21, 0xC2, 0x28, 0x24, 0xC3, 0xF3, 0x43, 0x82, 0x74, 0x15, 0xF9, 0xB6, 0x15, 0x86,
    0x4E, 0xD1, 0xE9, 0x4F, 0x34, 0x25, 0x03, 0x77, 0x8A, 0xB1, 0x95, 0x21, 0xBB, 0x79, 0xC3, 0xE2,
    0xB5, 0xE7, 0xD8, 0xE0, 0xE4, 0xA0, 0xF3, 0xDD, 0x09, 0xEB, 0xD7, 0x10, 0xC3, 0x5D, 0x46, 0xC2,
    0x2E, 0x1E, 0x8F, 0xA5, 0x78, 0x8A, 0xE2, 0xD1, 0xDD, 0x7C, 0x41, 0x27, 0xF2, 0x31, 0x1E, 0xC8,
    0x17, 0xC5, 0xC9, 0x78, 0xBD, 0x42, 0x26, 0xF7, 0xB3, 0x3B, 0x0F, 0x3F, 0xF3, 0x23, 0xA7, 0x85,
    0x1F, 0x78, 0xC5, 0x91, 0xE1, 0xD8, 0x5B, 0x41, 0xF4, 0xA9, 0x4A, 0x36, 0xFB, 0xBB, 0xE2, 0xE2,
    0x73, 0x0D, 0x65, 0xCB, 0x47, 0x8A, 0xDB, 0x77, 0x14, 0x7B, 0x9E, 0x7A, 0x39, 0x65, 0x6A, 0xBA,
    0x64, 0xA9, 0xAC, 0x00, 0xA5, 0x86, 0x45, 0x3E, 0xC4, 0x22, 0x16, 0xC6, 0xED, 0x25, 0x0A, 0x39,
    0x36, 0x7B, 0xE3, 0x82, 0x78, 0x69, 0x3A, 0xB0, 0x5B, 0x56, 0x6A, 0x22, 0xE7, 0xB4, 0x22, 0x33,
    0x1F, 0x99, 0x21, 0x55, 0x60, 0x96, 0xF9, 0xB8, 0x4E, 0x16, 0x48, 0x9F, 0x45, 0xE7, 0xFD, 0xDC,
    0x99, 0x5D, 0x3B, 0x40, 0xB0, 0x6F, 0x7A, 0x96, 0xC2, 0xBF, 0x10, 0xA3, 0x25, 0xE2, 0xF5, 0x5D,
    0xDB, 0x44, 0x55, 0xCA, 0xEC, 0x1C, 0xD3, 0x22, 0x6C, 0x97, 0xC5, 0x8B, 0x3F, 0x78, 0x9D, 0x9B,
    0x4C, 0x79, 0xF8, 0x21, 0x53, 0x04, 0x99, 0xD3, 0x5A, 0xA9, 0xA2, 0x74, 0x29, 0xCD, 0xF1, 0x50,
    0xF8, 0x5E, 0x4A, 0xAE, 0xDE, 0xDF, 0xE1, 0xB6, 0xED, 0xC5, 0x38, 0x0A, 0x27, 0xC3, 0xAE, 0x7D,
    0x12, 0x94, 0x30, 0x65, 0xD1, 0x99, 0x45, 0x31, 0x0E, 0x28, 0x25, 0xC4, 0x27, 0xB2, 0x4F, 0x99,
    0x3C, 0x9E, 0xD3, 0xE1, 0x68, 0x95, 0x2E, 0xE4, 0xB6, 0xEA, 0x10, 0x34, 0xBF, 0x45, 0x2A, 0xEE,
    0xFB, 0x0D, 0xCA, 0x54, 0x2D, 0x2B, 0x74, 0x75, 0x0F, 0x09, 0xA0, 0x66, 0xE7, 0xBD, 0x88, 0x45,
    0x0C, 0x1F, 0x8E, 0x42, 0xD9, 0xA3, 0x38, 0x59, 0x4A, 0x76, 0x24, 0x81, 0x7D, 0xCF, 0x19, 0x7B,
    0x70, 0x0B, 0xA1, 0xB7, 0xFE, 0x1E, 0x56, 0xD2, 0x70, 0x21, 0x33, 0x54, 0x79, 0x8A, 0x65, 0xBB,
    0xEE, 0x0A, 0x4B, 0x75, 0x25, 0xA0, 0x95, 0xB5, 0xB1, 0x2E, 0x06, 0x73, 0x5E, 0xEA, 0x82, 0xEF,
    0x4A, 0xAA, 0x8C, 0xC3, 0xA3, 0x45, 0x3B, 0x15, 0xB8, 0x8C, 0x80, 0xA2, 0x9E, 0x24, 0xD4, 0x39,
    0x2B, 0x9B, 0x5E, 0x81, 0x14, 0xE7, 0x7D, 0x82, 0xF9, 0x22, 0x0E, 0x50, 0xD0, 0x1D, 0xDC, 0x87,
    0xED, 0x8F, 0xF6, 0x19, 0xD8, 0x6A, 0x21, 0x62, 0xB9, 0xFF, 0x6C, 0x26, 0x44, 0x09, 0x69, 0x59,
    0xBE, 0x3D, 0x91, 0xD0, 0xD9, 0x05, 0x12, 0xEA, 0x4E, 0x24, 0xA4, 0xB0, 0x38, 0x92, 0x90, 0xC0,
    0xBA, 0x67, 0x55, 0x7C, 0x00, 0xA4, 0xE2, 0xF4, 0xC7, 0x12, 0xDA, 0x79, 0xE9, 0x81, 0x04, 0x09,
    0xA5, 0x2A, 0xA1, 0x3B, 0x38, 0xD4, 0x0B, 0xF2, 0x1D, 0xAF, 0xF9, 0x4E, 0x75, 0x7E, 0xBE, 0x23,
    0xBC, 0xD2, 0x06, 0xE0, 0x8C, 0xFA, 0x2E, 0x9F, 0xC4, 0x2D, 0x16, 0xE2, 0xDA, 0x14, 0x64, 0x93,
    0x68, 0x6B, 0xEA, 0x35, 0xAD, 0xEA, 0x05, 0xA0, 0x80, 0x3E, 0xD2, 0xCA, 0x68, 0x6E, 0x35, 0xE0,
    0xD3, 0xD5, 0x25, 0xAC, 0x5C, 0xA2, 0x93, 0x21, 0x39, 0x62, 0x0D, 0x20, 0x05, 0xFB, 0xE1, 0xCC,
    0x63, 0x2B, 0xF7, 0x3A, 0x80, 0x66, 0x60, 0x1F, 0xB8, 0x07, 0x98, 0xF3, 0x5D, 0x9A, 0xA8, 0xC7,
    0xE3, 0x56, 0x2A, 0x8B, 0x7C, 0xB5, 0x2D, 0x88, 0x65, 0x59, 0x94, 0x64, 0x59, 0xD4, 0xD5, 0x0A,
    0x78, 0x8B, 0x62, 0x2E, 0xEA, 0x0C, 0xAC, 0x66, 0x0A, 0xCC, 0x58, 0xE2, 0x96, 0x0F, 0x05, 0x42,
    0xC5, 0xEA, 0x87, 0xAA, 0x0C, 0xAC, 0x61, 0x1B, 0xE4, 0x9D, 0x8E, 0xC9, 0x60, 0x57, 0xB2, 0x12,
    0xAA, 0x85, 0x71, 0xAD, 0x94, 0xC7, 0x4C, 0xE1, 0x76, 0x5A, 0x4B, 0x6F, 0xC7, 0xC3, 0x5C, 0x3A,
    0x6F, 0xC2, 0x35, 0x88, 0x62, 0xDF, 0xC6, 0x92, 0xCB, 0x87, 0x30, 0x6E, 0x7F, 0x86, 0x3D, 0xC4,
    0x78, 0xBB, 0xA3, 0xBC, 0xED, 0x32, 0x00, 0xA6, 0x83, 0xF6, 0x02, 0xC7, 0x41, 0x14, 0x53, 0xD2,
    0x6B, 0xC9, 0x5F, 0x9D, 0xCF, 0xA8, 0x84, 0xAC, 0x29, 0x23, 0xEC, 0x85, 0x98, 0xA8, 0xFA, 0x1E,
    0x75, 0x1E, 0x9A, 0x21, 0x06, 0x32, 0xB2, 0x94, 0x3E, 0x0C, 0x90, 0x61, 0x28, 0x7C, 0xDC, 0x52,
    0x64, 0xE9, 0x21, 0xE5, 0xAE, 0x8E, 0x52, 0xEE, 0x04, 0x29, 0xB7, 0xD7, 0x94, 0x7B, 0x79, 0x6E,
    0xCA, 0x5D, 0x1D, 0xA5, 0xDC, 0xBB, 0xF3, 0x52, 0xEE, 0x9D, 0x56, 0x17, 0x23, 0xCF, 0xB2, 0xA6,
    0x18, 0x0A, 0xE8, 0x9E, 0x78, 0x04, 0xAC, 0x51, 0x9C, 0x4E, 0x4A, 0xED, 0x73, 0x3C, 0xA0, 0x3C,
    0x94, 0x34, 0xB4, 0xB9, 0x9A, 0xC1, 0x5D, 0xAB, 0xCE, 0x30, 0xB6, 0xD2, 0x96, 0xA2, 0xDC, 0xAA,
    0x07, 0xEA, 0xD5, 0xB4, 0x9C, 0x75, 0x6E, 0xCA, 0x1D, 0x9D, 0x97, 0x72, 0xB7, 0x87, 0x94, 0xBB,
    0x61, 0x39, 0x3F, 0xA4, 0xDC, 0x34, 0x83, 0x0C, 0xE2, 0x2A, 0x3B, 0x56, 0x9C, 0x96, 0x93, 0x72,
    0x4A, 0x4E, 0x98, 0x68, 0xFB, 0x85, 0x7E, 0xEB, 0x14, 0x7D, 0xC9, 0x91, 0x1C, 0x95, 0x33, 0xDA,
    0x63, 0xD9, 0xA6, 0x27, 0xE5, 0x8C, 0xF2, 0x50, 0xCE, 0x88, 0xB9, 0x49, 0xE7, 0xCB, 0xF6, 0x50,
    0xCE, 0x68, 0x4F, 0xCA, 0x19, 0xE5, 0xA1, 0x9C, 0x21, 0x09, 0x1C, 0xFC, 0x67, 0x8E, 0x70, 0x54,
    0x58, 0x9C, 0xE4, 0xFE, 0xBF, 0x3F, 0x54, 0xA5, 0xF0, 0x56, 0xB3, 0xD7, 0xB2, 0x9B, 0x6A, 0x5E,
    0xA2, 0x8B, 0xCE, 0x54, 0x0D, 0x0B, 0x45, 0xE5, 0x7E, 0xAB, 0x60, 0x40, 0x33, 0xE6, 0x10, 0x92,
    0x1C, 0xC0, 0xB3, 0x3F, 0xF8, 0x6A, 0xBC, 0x49, 0xBE, 0xBC, 0xA0, 0xD8, 0x11, 0xEA, 0x1C, 0x8D,
    0xB6, 0x5F, 0x7C, 0x55, 0x8E, 0x68, 0x9E, 0xE0, 0xB1, 0x58, 0x8F, 0x37, 0x56, 0x19, 0x0F, 0x61,
    0x51, 0x45, 0x17, 0x22, 0x99, 0xDC, 0x87, 0x8D, 0x66, 0x9F, 0xAD, 0x4D, 0xE0, 0xFF, 0x3E, 0x1E,
    0xAC, 0xE8, 0xB9, 0xF5, 0xD3, 0x0A, 0xF8, 0xA4, 0x0D, 0xF4, 0x96, 0xD8, 0xB2, 0x27, 0x55, 0xCE,
    0x96, 0xEC, 0x1E, 0x6E, 0x15, 0x5E, 0xBD, 0x28, 0x41, 0xE7, 0xBE, 0xF3, 0x0B, 0x32, 0xC7, 0x5E,
    0x15, 0x63, 0x22, 0x44, 0x2E, 0x62, 0xD2, 0xF9, 0xE7, 0x19, 0xCC, 0x6D, 0x2E, 0xAB, 0xEF, 0xCB,
    0x39, 0x11, 0x0B, 0x65, 0x06, 0x6B, 0x82, 0x8D, 0xAC, 0xA4, 0x53, 0x95, 0xF5, 0xD1, 0x02, 0x8B,
    0xA5, 0x5B, 0xEA, 0x5E, 0xBB, 0x77, 0x10, 0x8F, 0x70, 0x16, 0xAE, 0xAD, 0xD7, 0x09, 0x77, 0x09,
    0xF3, 0x87, 0xCD, 0xE3, 0xAD, 0x15, 0xB2, 0x45, 0xAF, 0x62, 0xD4, 0x0F, 0xE0, 0xE8, 0x13, 0xBB,
    0xB0, 0x09, 0xD9, 0x54, 0x56, 0x2D, 0xBC, 0x0B, 0xDC, 0xAA, 0x3B, 0x13, 0x5F, 0x22, 0x8D, 0xA3,
    0xFC, 0xD3, 0x25, 0xB5, 0x0A, 0x9D, 0xFB, 0xFA, 0x15, 0x3A, 0x4F, 0x2D, 0xF2, 0x54, 0xC5, 0xE1,
    0xFF, 0xCD, 0xC8, 0x93, 0x66, 0xA4, 0xDB, 0x2A, 0x91, 0x6E, 0x7B, 0xC8, 0x6D, 0x23, 0xB9, 0x6D,
    0xF8, 0x83, 0xCF, 0xB9, 0xD1, 0xCD, 0xC8, 0xD3, 0xFE, 0xE2, 0x0B, 0x11, 0xAF, 0x6A, 0x33, 0xD2,
    0x39, 0x8B, 0x96, 0xDA, 0xD0, 0x65, 0x60, 0x1E, 0x12, 0xC2, 0x8F, 0x57, 0x32, 0xE4, 0xB2, 0x79,
    0x38, 0x81, 0x0F, 0x2D, 0x93, 0x64, 0xFC, 0xF6, 0x42, 0xAE, 0x4D, 0xA1, 0xAF, 0x42, 0xD8, 0x71,
    0x17, 0x62, 0x31, 0xA2, 0xD5, 0xFE, 0xBE, 0xE7, 0x7E, 0x92, 0xD8, 0x05, 0xC2, 0xF9, 0xF0, 0xF8,
    0x97, 0x88, 0x5D, 0x20, 0xEC, 0xB4, 0xB4, 0x5D, 0x1C, 0x2C, 0x4D, 0xAC, 0x23, 0xD7, 0x7D, 0x36,
    0x9B, 0x82, 0xD4, 0x8C, 0xC9, 0xA0, 0x20, 0x7A, 0x64, 0x12, 0x6F, 0x27, 0x06, 0xEE, 0x11, 0x61,
    0x1F, 0x6C, 0xCC, 0x1F, 0xBC, 0xED, 0x82, 0x1C, 0x35, 0xDF, 0xC3, 0x58, 0xAD, 0x74, 0xC5, 0x53,
    0x68, 0x17, 0x98, 0x51, 0x6B, 0x36, 0xB8, 0xE3, 0x1D, 0x5D, 0x80, 0x2A, 0x63, 0xB2, 0x1E, 0x85,
    0x9B, 0xF3, 0x16, 0x0E, 0xC6, 0x9C, 0x37, 0xE7, 0xA4, 0xCC, 0x20, 0x3E, 0x33, 0xF3, 0x8A, 0x10,
    0xC3, 0xA2, 0xAE, 0x86, 0x9D, 0xEA, 0xD3, 0x6E, 0xF3, 0x79, 0x30, 0x98, 0x17, 0xF5, 0xDE, 0x4C,
    0x1E, 0x58, 0x4E, 0x92, 0x0F, 0x9E, 0xC9, 0xF2, 0xB4, 0xBF, 0xA9, 0xDD, 0x4D, 0xED, 0x6D, 0x6A,
    0x67, 0x53, 0xFB, 0x9A, 0xDA, 0xD5, 0xD4, 0x9E, 0xA6, 0x76, 0x34, 0xB5, 0x9F, 0xA9, 0xDD, 0x4C,
    0xED, 0x65, 0x6A, 0x27, 0x53, 0xFB, 0x98, 0xDA, 0xC5, 0xD4, 0x1E, 0xA6, 0x76, 0x30, 0xB5, 0x7F,
    0xA9, 0xDD, 0x4B, 0xED, 0x5D, 0x6A, 0xE7, 0x52, 0xFB, 0x96, 0xDA, 0xB5, 0xD4, 0x9E, 0xA5, 0x76,
    0x2C, 0xE1, 0xB9, 0xB7, 0x2A, 0x18, 0xBC, 0x7A, 0x3A, 0x9E, 0x74, 0x1E, 0xD1, 0x77, 0x84, 0xD1,
    0x45, 0xCF, 0x11, 0x1D, 0x47, 0x04, 0xBB, 0xE8, 0x18, 0x5E, 0xF6, 0xC2, 0xAB, 0x3F, 0x0F, 0x34,
    0x7C, 0xB1, 0xDC, 0xBE, 0xD7, 0xE4, 0x5B, 0x2B, 0x38, 0x9A, 0xAC, 0x24, 0x2A, 0xA4, 0x5C, 0x03,
    0x9C, 0x1F, 0xFF, 0xE8, 0x18, 0xD9, 0x4D, 0xFB, 0xCA, 0xCD, 0xA8, 0xA1, 0x68, 0x55, 0xB6, 0xD4,
    0xA0, 0x02, 0x76, 0x22, 0x5A, 0xB4, 0xB4, 0x98, 0x4E, 0x1A, 0xC6, 0xFD, 0xB2, 0x74, 0xEE, 0xAD,
    0x5C, 0x31, 0xFE, 0x4E, 0xA7, 0x6B, 0xAD, 0xA7, 0x84, 0xF8, 0xDB, 0x4C, 0xE3, 0xD6, 0x87, 0x76,
    0x96, 0x86, 0xC5, 0xFB, 0xFF, 0xA5, 0xBA, 0x8A, 0xCB, 0x55, 0xB3, 0x4A, 0x65, 0x52, 0x8D, 0xBF,
    0xBD, 0x98, 0x17, 0x2D, 0xAF, 0x4E, 0x79, 0x45, 0x23, 0x1D, 0x73, 0x77, 0x21, 0xC7, 0xB4, 0xAD,
    0xC8, 0xA6, 0x67, 0xDA, 0xAD, 0xFA, 0xFA, 0xDF, 0x7F, 0xAC, 0x14, 0x63, 0x7D, 0xCF, 0x4E, 0x73,
    0xBF, 0x81, 0x71, 0x8D, 0x98, 0x44, 0xE9, 0x90, 0x62, 0x93, 0x44, 0xD1, 0xD2, 0xA7, 0x7C, 0x09,
    0x32, 0x7F, 0xC4, 0xE0, 0xBE, 0x7C, 0x83, 0x79, 0xE5, 0xCA, 0xFC, 0x44, 0x44, 0x00, 0x94, 0x8C,
    0x4C, 0x53, 0xB2, 0x9E, 0xF9, 0x49, 0xD9, 0xE0, 0x25, 0xC8, 0xDE, 0xD3, 0xF9, 0xFF, 0x0D, 0x41,
    0xBE, 0x38, 0x96, 0x91, 0x2F, 0x41, 0x8A, 0xC1, 0x3D, 0xB4, 0x5B, 0x77, 0xD6, 0x6E, 0xD5, 0x34,
    0x25, 0x56, 0xC5, 0x48, 0x47, 0x26, 0xFB, 0xB9, 0x0A, 0xFA, 0x07, 0x27, 0xF5, 0x4D, 0xBA, 0xC7,
    0x3A, 0xB8, 0x47, 0x13, 0xFF, 0xEE, 0x9E, 0x7A, 0xC9, 0xD4, 0xBF, 0xD7, 0x61, 0xBF, 0x2B, 0x8D,
    0x08, 0x56, 0xD4, 0x95, 0xA6, 0x18, 0xAF, 0x4F, 0x64, 0x22, 0xD1, 0xBE, 0xF8, 0x0D, 0x4C, 0x5A,
    0x2E, 0x40, 0x8E, 0x6B, 0xF9, 0x68, 0x12, 0xF0, 0x78, 0xC8, 0x25, 0x3C, 0xEF, 0x4A, 0xF9, 0x82,
    0x8C, 0xCA, 0x27, 0xF8, 0x6C, 0x82, 0x85, 0x64, 0x8F, 0xF1, 0xC2, 0xA4, 0xEE, 0xF6, 0xCF, 0x28,
    0xC0, 0xE2, 0x93, 0x45, 0x8D, 0x45, 0xCD, 0xBB, 0x4B, 0xDE, 0xDC, 0xB8, 0xFA, 0x6B, 0xFD, 0xEB,
    0x91, 0x2F, 0x9C, 0x25, 0xE3, 0xE2, 0x76, 0x8B, 0xF0, 0xF1, 0xAB, 0xE2, 0x9A, 0xEB, 0xAD, 0x26,
    0x00, 0x3D, 0x75, 0x96, 0x20, 0x1B, 0x93, 0xF1, 0x74, 0x12, 0xCB, 0xDC, 0x10, 0x6B, 0x8B, 0x17,
    0x05, 0x5A, 0x84, 0xA7, 0x50, 0xF6, 0xBC, 0x8B, 0xA7, 0xA3, 0x56, 0xC0, 0x35, 0x48, 0xAC, 0xFC,
    0x84, 0x16, 0x5A, 0xB6, 0x62, 0xB7, 0x87, 0xCE, 0x97, 0xA1, 0x7D, 0x92, 0x33, 0xBE, 0x3B, 0x80,
    0x31, 0x24, 0xA5, 0x5F, 0x01, 0xA0, 0xBB, 0x47, 0xE0, 0x52, 0x4F, 0x1C, 0x4F, 0xA4, 0x2A, 0xB2,
    0x1C, 0xAB, 0x48, 0x75, 0x60, 0x78, 0xCF, 0x7C, 0x15, 0x0C, 0x17, 0x53, 0x2A, 0xD1, 0x41, 0xB4,
    0x88, 0x6B, 0xDF, 0x1F, 0x75, 0x94, 0x56, 0x98, 0x5F, 0x88, 0x5D, 0xAB, 0xB3, 0xEE, 0xFB, 0xC5,
    0x9C, 0x50, 0x08, 0x11, 0x0C, 0x4D, 0x21, 0x47, 0x1B, 0x1B, 0x2E, 0xEA, 0x01, 0xDD, 0xC0, 0x5E,
    0xC6, 0xA3, 0x6A, 0x45, 0x6D, 0x05, 0x54, 0x5E, 0x96, 0xD5, 0x3D, 0xF7, 0xD2, 0x77, 0xFA, 0xF4,
    0xBA, 0xF8, 0x7B, 0xDB, 0x98, 0x2C, 0x91, 0x1C, 0x6D, 0x64, 0x34, 0xA5, 0xFD, 0x75, 0xF2, 0x85,
    0xBA, 0x64, 0x36, 0xE2, 0x6D, 0xAA, 0xB2, 0x72, 0xBF, 0x35, 0x25, 0x49, 0x96, 0x97, 0x7A, 0x9D,
    0xB3, 0x57, 0x47, 0xE7, 0x6B, 0xBA, 0xF2, 0x25, 0x0A, 0x9A, 0xFB, 0x51, 0x4A, 0xE0, 0xF5, 0x1B,
    0xD2, 0x25, 0xDC, 0x5F, 0xE3, 0x7B, 0x46, 0x78, 0x2F, 0x5E, 0xD2, 0x24, 0x3F, 0xB6, 0xC9, 0xF8,
    0x51, 0x64, 0xFE, 0x49, 0x4E, 0xE5, 0x8B, 0xFE, 0x3A, 0xFF, 0xA6, 0xDA, 0xE6, 0x3F, 0xEA, 0xEB,
    0x65, 0x63, 0x4B, 0x97, 0xB0, 0x14, 0xCD, 0x8D, 0x7B, 0xC1, 0xA8, 0xFC, 0x3D, 0x84, 0xFE, 0x27,
    0x58, 0x8F, 0x09, 0xA2, 0x5E, 0xE0, 0x7C, 0xEA, 0x13, 0x27, 0xF3, 0x72, 0x5E, 0x30, 0x7A, 0x8E,
    0xCD, 0xE6, 0xCB, 0x78, 0xF1, 0x98, 0x8E, 0x37, 0x4E, 0x92, 0x1A, 0xD6, 0xB7, 0x6A, 0xFC, 0xC5,
    0xF4, 0x2F, 0xD2, 0x63, 0x8F, 0xE6, 0x74, 0x78, 0xD9, 0x92, 0x64, 0xA1, 0x5F, 0x8C, 0x40, 0xCB,
    0xE0, 0x84, 0x2A, 0x58, 0x1F, 0x8C, 0x8C, 0x58, 0xD7, 0xBB, 0x84, 0x7B, 0xB5, 0xB9, 0x8D, 0x98,
    0x5F, 0xD4, 0xAF, 0xC4, 0x08, 0x0B, 0xA3, 0x02, 0x0B, 0xC2, 0x2F, 0xFF, 0xEA, 0xA7, 0x52, 0x52,
    0xC8, 0xC7, 0x33, 0xBE, 0xA7, 0x0B, 0x8E, 0x69, 0xDD, 0x01, 0x7B, 0x98, 0x71, 0xF4, 0x32, 0xF2,
    0x11, 0x1E, 0x35, 0x1F, 0x51, 0x63, 0xC0, 0xC8, 0x18, 0xDF, 0xE9, 0xF8, 0xB5, 0x8E, 0x4F, 0x77,
    0x80, 0x57, 0x17, 0xF8, 0x7F, 0x2C, 0xDA, 0x9F, 0x0F, 0xAE, 0x78, 0x34, 0xB9, 0xF4, 0xAF, 0x12,
    0xA1, 0xCD, 0x1F, 0x99, 0xC2, 0xD9, 0x49, 0x9C, 0x11, 0x7B, 0x22, 0x41, 0x0F, 0x97, 0xFE, 0xEF,
    0x0C, 0x9C, 0xB8, 0x78, 0xB9, 0xDC, 0xC5, 0x7D, 0x73, 0x16, 0xD9, 0x89, 0xE7, 0x9D, 0x45, 0xA1,
    0x92, 0x31, 0xDD, 0xAA, 0x6B, 0xA8, 0x2F, 0x68, 0xEA, 0xED, 0x91, 0x43, 0xA7, 0x4C, 0xA7, 0x59,
    0x1C, 0x6B, 0x01, 0xEA, 0x53, 0x80, 0x0F, 0x98, 0x7D, 0xBF, 0xCE, 0x52, 0xC1, 0xA2, 0x05, 0x4B,
    0x26, 0xD4, 0x6C, 0xD3, 0xB0, 0x4B, 0x23, 0x19, 0xF7, 0xC2, 0x48, 0x2E, 0xD4, 0x8A, 0x76, 0x3A,
    0xDE, 0xC0, 0xFE, 0x0C, 0xF3, 0x74, 0x76, 0x1B, 0x25, 0xEA, 0x9B, 0xCB, 0x77, 0x84, 0x5F, 0x0B,
    0xE0, 0xE5, 0x65, 0xCA, 0xF2, 0x33, 0x71, 0xCB, 0xFC, 0xA5, 0xDA, 0x8A, 0x85, 0x2F, 0xBB, 0x8B,
    0x7E, 0x65, 0x97, 0x51, 0xB3, 0x5E, 0x58, 0xAB, 0x6E, 0x79, 0x48, 0xF2, 0x87, 0xD3, 0xAB, 0xFA,
    0x3A, 0xCA, 0x45, 0x8E, 0xE2, 0x5A, 0x5E, 0x85, 0x8A, 0xEC, 0xA5, 0xF5, 0xC9, 0x59, 0xCB, 0xD4,
    0x95, 0x6F, 0x33, 0x14, 0x73, 0xED, 0x2B, 0xFB, 0xCA, 0xD8, 0x05, 0x01, 0xC1, 0xB5, 0xC8, 0x24,
    0x85, 0x5D, 0x68, 0xB5, 0xC4, 0xEF, 0xAB, 0x04, 0x99, 0xAB, 0xF8, 0xD4, 0x1F, 0x6A, 0xED, 0x46,
    0x43, 0xAF, 0x39, 0xBC, 0xB7, 0x9D, 0xE1, 0x34, 0x27, 0x5A, 0xB4, 0xB3, 0x6A, 0x24, 0xFF, 0x66,
    0x91, 0x93, 0xB6, 0xB1, 0x0B, 0xD9, 0xA7, 0x56, 0xB1, 0x1A, 0xE9, 0x94, 0x48, 0x23, 0x45, 0x9A,
    0x12, 0x48, 0x54, 0x17, 0x2B, 0xDA, 0xDD, 0x81, 0xF9, 0xE3, 0x1B, 0xDE, 0xF1, 0x1C, 0xEA, 0x43,
    0x7C, 0x4F, 0x84, 0x3D, 0x9F, 0x16, 0x19, 0x1D, 0xF4, 0x5F, 0x92, 0xA2, 0x29, 0xAF, 0x98, 0xE4,
    0x0E, 0x6A, 0xFE, 0xB1, 0x73, 0xB1, 0xB6, 0xAB, 0x3B, 0x2D, 0xA3, 0xE0, 0x2D, 0xF3, 0xA2, 0xCF,
    0xA5, 0xEA, 0x25, 0xE3, 0x4B, 0x18, 0x00, 0x36, 0x9E, 0x68, 0x5E, 0x06, 0x9D, 0x87, 0x75, 0x83,
    0xBD, 0xF8, 0x89, 0xE6, 0xD8, 0xFB, 0x03, 0xD0, 0xD2, 0xF0, 0x37, 0x01, 0x1C, 0x13, 0x31, 0x2A,
    0x18, 0xFD, 0x18, 0x4F, 0xF3, 0x6C, 0xC4, 0x82, 0x30, 0x40, 0x93, 0xC4, 0x58, 0x13, 0x5D, 0x0A,
    0x15, 0xF8, 0xB2, 0x16, 0x2C, 0x5E, 0xBF, 0xE7, 0xF0, 0x1F, 0xC7, 0x9C, 0xB7, 0x3C, 0x00, 0xED,
    0x7B, 0x5E, 0x9D, 0x0A, 0x22, 0xAF, 0xBE, 0xB5, 0xD6, 0xD3, 0x57, 0xB7, 0x97, 0xFA, 0xD0, 0x5E,
    0xEA, 0x75, 0x06, 0x64, 0x39, 0x5F, 0xD5, 0x5E, 0x92, 0xE7, 0x6E, 0x55, 0xB7, 0xA0, 0x74, 0x03,
    0x3B, 0x6F, 0x4F, 0x17, 0x46, 0x04, 0xE3, 0x51, 0xE9, 0x63, 0xAB, 0xEB, 0x5E, 0x09, 0xFA, 0xD0,
    0x8F, 0xD8, 0xE0, 0x15, 0x46, 0xBB, 0x8D, 0x3E, 0xD8, 0xA1, 0xCB, 0x1E, 0x7F, 0x8D, 0x2E, 0x3B,
    0xFE, 0x87, 0x04, 0xAA, 0x91, 0x8E, 0xC6, 0x02, 0xF5, 0x48, 0x87, 0x82, 0x64, 0x68, 0xBF, 0x27,
    0x5F, 0x03, 0xFC, 0x17, 0x9D, 0x56, 0xB1, 0x92, 0x1B, 0x45, 0x10, 0xED, 0xD5, 0xDA, 0x96, 0xAB,
    0xB6, 0x8A, 0x49, 0x2E, 0xB1, 0x0B, 0x58, 0x07, 0x04, 0x60, 0x5C, 0x9E, 0xC4, 0x99, 0x7D, 0xEA,
    0xA9, 0xE2, 0x03, 0x20, 0x27, 0x25, 0xA0, 0x48, 0xEE, 0x07, 0x4E, 0xDA, 0xC9, 0x08, 0x71, 0x40,
    0xCE, 0x05, 0x04, 0x44, 0x1C, 0x1F, 0x20, 0x69, 0xC7, 0x91, 0xC3, 0x53, 0x39, 0x75, 0x70, 0x2A,
    0x20, 0x86, 0x2D, 0x6A, 0x29, 0x06, 0x18, 0xED, 0xF0, 0x7A, 0x56, 0xD2, 0xE9, 0x4E, 0xE7, 0xAB,
    0x32, 0x33, 0x3D, 0xDA, 0x99, 0x9E, 0x9E, 0xDE, 0x9E, 0xEE, 0xD7, 0xBD, 0xAA, 0x17, 0xBA, 0x29,
    0x7C, 0x1E, 0x68, 0x9E, 0x47, 0x52, 0x81, 0xCA, 0x86, 0xD8, 0x51, 0x4D, 0x44, 0xD1, 0x51, 0x1E,
    0x97, 0x54, 0xFC, 0xE5, 0x49, 0xBF, 0x58, 0xD1, 0x43, 0xF4, 0x72, 0xE9, 0x39, 0xFA, 0x3A, 0x36,
    0xE1, 0xC8, 0xD5, 0xB1, 0xED, 0x89, 0x23, 0x9A, 0xDB, 0xFD, 0x9D, 0x0D, 0xDA, 0x7A, 0xD8, 0x70,
    0x6C, 0x74, 0x5C, 0x0C, 0xA3, 0x29, 0x1D, 0x37, 0xD2, 0x4B, 0x57, 0xDA, 0x19, 0xBF, 0x8A, 0x20,
    0x6D, 0x57, 0xDA, 0xF3, 0xEA, 0xD6, 0x9C, 0x66, 0xB9, 0xCF, 0x97, 0x99, 0x2D, 0x5A, 0xD2, 0x2B,
    0x3A, 0xD4, 0x74, 0xAC, 0xE4, 0x17, 0x73, 0x70, 0x86, 0x2D, 0x4C, 0xFA, 0x39, 0x90, 0x7E, 0x09,
    0xA3, 0x94, 0xA3, 0x19, 0x13, 0xB1, 0xAD, 0x13, 0x6F, 0x18, 0x1B, 0xCA, 0xE2, 0x82, 0xE8, 0x2B,
    0x43, 0xA1, 0x6F, 0x95, 0xB6, 0xFB, 0xC4, 0x2F, 0xDB, 0x24, 0x9F, 0xB7, 0x1D, 0x51, 0x10, 0x05,
    0xA5, 0x25, 0x8D, 0xEB, 0xD5, 0xEE, 0x62, 0x60, 0x5D, 0x11, 0x64, 0x6D, 0x65, 0x70, 0x03, 0x52,
    0x71, 0x45, 0x03, 0x5C, 0x5D, 0x6C, 0x8F, 0x4B, 0xDC, 0xA3, 0xFA, 0xC4, 0x4F, 0x32, 0xAF, 0x9C,
    0x72, 0x6B, 0x21, 0x53, 0xBB, 0xCA, 0x69, 0x57, 0x58, 0x45, 0x8F, 0xA0, 0x8B, 0x29, 0x5A, 0x74,
    0x3A, 0xA6, 0x43, 0x52, 0x58, 0x6B, 0xC7, 0x8E, 0x2D, 0x43, 0xE9, 0x8C, 0xEA, 0xE4, 0xE0, 0x41,
    0xEF, 0xE0, 0x22, 0x90, 0x4A, 0x0E, 0xAE, 0x0C, 0x51, 0xE9, 0x40, 0x75, 0x5C, 0x53, 0xBF, 0x04,
    0xCD, 0x08, 0xA7, 0x68, 0xCB, 0xEF, 0x97, 0xBB, 0x9C, 0xAD, 0x64, 0x4F, 0x83, 0x90, 0xAF, 0xF2,
    0x30, 0x08, 0x43, 0xCF, 0x4B, 0x36, 0x05, 0x8C, 0x99, 0xA6, 0xCE, 0x54, 0xD0, 0xE0, 0x84, 0xF2,
    0xE6, 0x82, 0x10, 0x9B, 0x9E, 0xB6, 0xBA, 0x76, 0x77, 0xB7, 0xB4, 0xBF, 0x7B, 0xF1, 0x6E, 0x25,
    0xF4, 0x3E, 0x2E, 0x18, 0x9D, 0x4E, 0xF7, 0x09, 0x24, 0xD4, 0xDD, 0x83, 0x8C, 0xE1, 0x8E, 0x0A,
    0x4F, 0x23, 0xAA, 0x2D, 0x84, 0xED, 0x88, 0x76, 0xE3, 0x3D, 0xF4, 0x54, 0x76, 0x34, 0x2A, 0xE9,
    0x99, 0x32, 0xF8, 0xD5, 0x1D, 0x81, 0xC3, 0x70, 0x65, 0x45, 0x13, 0x58, 0x7B, 0xC7, 0x28, 0x5B,
    0x2E, 0xCB, 0x90, 0x05, 0x0E, 0xD5, 0x72, 0x60, 0x4A, 0xA8, 0x99, 0x53, 0x6C, 0x2B, 0xAF, 0x9B,
    0x4D, 0x7C, 0x63, 0xB4, 0x9B, 0x31, 0x81, 0x6E, 0x19, 0x15, 0xB3, 0x84, 0xAC, 0x0F, 0xDB, 0x1F,
    0x21, 0xA1, 0x54, 0xD0, 0x2A, 0xA8, 0x15, 0xF4, 0x0A, 0x8A, 0x05, 0x22, 0x02, 0x15, 0x81, 0x8C,
    0xFA, 0x25, 0x00, 0x42, 0x91, 0xBE, 0xCC, 0x4E, 0xEA, 0xBC, 0xAD, 0x22, 0x50, 0xBA, 0x2C, 0xA2,
    0xB9, 0x12, 0xE9, 0x6B, 0x71, 0x1E, 0x93, 0xEB, 0xF6, 0x47, 0xB1, 0x52, 0x82, 0x7B, 0x08, 0x46,
    0x13, 0x8B, 0x15, 0xD5, 0x37, 0x37, 0x1C, 0x69, 0x36, 0x83, 0x28, 0x83, 0xEF, 0xE0, 0x5F, 0x2A,
    0x60, 0x2A, 0x5C, 0x0B, 0xDB, 0x04, 0x8A, 0x44, 0x2B, 0xA2, 0xC1, 0x5B, 0x6C, 0x01, 0x4D, 0xD4,
    0xB3, 0x25, 0x6F, 0x48, 0x40, 0x06, 0x14, 0x2E, 0x04, 0x9A, 0x4E, 0x52, 0x19, 0x23, 0x03, 0xFE,
    0x29, 0x17, 0x09, 0xF8, 0x7D, 0x4F, 0x42, 0x12, 0x9E, 0x6E, 0x96, 0x30, 0x6B, 0x45, 0x57, 0x24,
    0xCA, 0x25, 0xF5, 0xB6, 0xD1, 0x65, 0xE8, 0x6D, 0x23, 0xB4, 0x13, 0xB5, 0x2D, 0xFE, 0x82, 0x12,
    0xDA, 0x2E, 0x0B, 0x24, 0xA8, 0x44, 0x50, 0xC6, 0x7D, 0xFE, 0x88, 0xEE, 0xDE, 0xA6, 0x91, 0x46,
    0x4C, 0xA5, 0x20, 0x15, 0x09, 0x37, 0x15, 0x9B, 0x47, 0xEF, 0x88, 0x8D, 0x85, 0x65, 0xA4, 0xDE,
    0x1C, 0xEA, 0x19, 0xCA, 0x4B, 0x57, 0xD9, 0x0A, 0x69, 0xB7, 0x5F, 0x83, 0x92, 0x43, 0xAE, 0xE1,
    0xD7, 0x6F, 0xAA, 0x77, 0xBB, 0x31, 0xBF, 0x9A, 0xDF, 0xA4, 0x16, 0x69, 0x70, 0x79, 0xE6, 0xAA,
    0xD3, 0xEF, 0x16, 0x2C, 0xD5, 0x88, 0x25, 0x1C, 0xD2, 0x79, 0xA1, 0xDD, 0x75, 0xD8, 0xDC, 0x05,
    0xC9, 0xB5, 0xB5, 0xE9, 0x4D, 0x19, 0x4D, 0xD9, 0x22, 0xC5, 0xB7, 0xF8, 0xF7, 0xCC, 0x96, 0xF1,
    0x3C, 0x81, 0x7B, 0x54, 0x75, 0x74, 0xD8, 0xC1, 0xEB, 0x12, 0xDE, 0x9F, 0x30, 0x1E, 0x63, 0x48,
    0x15, 0x91, 0x21, 0x73, 0x3C, 0x54, 0x57, 0x93, 0x8E, 0x1D, 0xF1, 0x69, 0xA0, 0x83, 0xC7, 0xE6,
    0xD2, 0xFE, 0xEE, 0xF5, 0xE8, 0xCA, 0xF2, 0x01, 0xFA, 0xA0, 0x41, 0xC2, 0x69, 0x98, 0xBA, 0x14,
    0x84, 0xFA, 0x34, 0x4B, 0xBC, 0xB4, 0x9B, 0x1B, 0x14, 0xBF, 0x85, 0x14, 0xF1, 0x3A, 0x48, 0x19,
    0xBC, 0x8B, 0xDB, 0xC3, 0x3D, 0x4D, 0xDE, 0x82, 0x6B, 0xDE, 0x13, 0x40, 0xC0, 0x5D, 0x0C, 0x71,
    0xE1, 0x0F, 0x9D, 0x54, 0x4F, 0xA9, 0xA2, 0x52, 0xAD, 0x47, 0xAC, 0xCD, 0xB8, 0x3E, 0xB3, 0x29,
    0x15, 0xA5, 0xDA, 0xC2, 0x71, 0x37, 0x04, 0x18, 0x0D, 0x75, 0x47, 0xD4, 0xB2, 0x51, 0x0B, 0x78,
    0x01, 0x27, 0x9E, 0xA0, 0xFE, 0xC9, 0x4A, 0xB8, 0x33, 0xFA, 0x20, 0x09, 0x3D, 0x49, 0xA9, 0xF0,
    0x00, 0xFC, 0x29, 0xA9, 0x57, 0xD0, 0x74, 0x0E, 0x2F, 0x7F, 0xFA, 0xF5, 0x62, 0x35, 0xC8, 0x8C,
    0xEC, 0x79, 0x80, 0x15, 0x10, 0x31, 0xA8, 0xCD, 0x98, 0x5F, 0x7C, 0x83, 0x72, 0xFB, 0xF4, 0x07,
    0xDD, 0xEA, 0xF6, 0xA9, 0xCF, 0x6D, 0xF9, 0x1A, 0x39, 0xEF, 0x8F, 0x67, 0x53, 0x10, 0xC7, 0x50,
    0xBE, 0x6E, 0x14, 0xBE, 0x51, 0x0C, 0xD8, 0xD4, 0x5D, 0x44, 0x69, 0xCB, 0x7C, 0xDE, 0x64, 0x27,
    0x1F, 0xAE, 0xCD, 0x3A, 0xE1, 0x5F, 0xD3, 0xF3, 0xA8, 0xA9, 0xE3, 0xDF, 0x86, 0xEE, 0xD4, 0xD1,
    0x97, 0xB1, 0x6F, 0xCF, 0xE9, 0x28, 0x3D, 0x45, 0xE0, 0x73, 0x3C, 0xBF, 0x25, 0xFA, 0x7F, 0xA7,
    0xAA, 0xF5, 0x56, 0xFB, 0x56, 0x13, 0x1C, 0x7B, 0x9E, 0x5E, 0x92, 0x63, 0x85, 0x54, 0x1C, 0x36,
    0x0A, 0x13, 0x14, 0x8A, 0xA2, 0xE1, 0x36, 0xC3, 0x7B, 0xF1, 0x76, 0xA4, 0xE8, 0xA0, 0xCF, 0x03,
    0xC9, 0x22, 0x4C, 0xCC, 0x43, 0x39, 0xF1, 0x71, 0x14, 0x40, 0xDD, 0xC7, 0xFA, 0x7B, 0x49, 0xF7,
    0xA4, 0xCF, 0xA7, 0x7D, 0x69, 0x70, 0xCF, 0x3F, 0x9F, 0xD1, 0xED, 0xD3, 0x18, 0xD8, 0xA7, 0x17,
    0x68, 0x7F, 0x6F, 0x7D, 0xAF, 0x2F, 0xD6, 0x4F, 0xBB, 0x7E, 0xE2, 0x2B, 0xB0, 0xB1, 0xC7, 0x6D,
    0x26, 0xCD, 0x96, 0xB3, 0x95, 0xD9, 0x9E, 0x2A, 0x1B, 0x0E, 0xB7, 0xC6, 0x65, 0x57, 0x75, 0xB3,
    0x49, 0xDD, 0xF1, 0x8F, 0x45, 0xCB, 0x61, 0x3C, 0x12, 0xF0, 0x4D, 0x69, 0xF2, 0x2E, 0x77, 0x85,
    0x7F, 0x36, 0x7F, 0x46, 0xE3, 0xBE, 0x01, 0x23, 0x00, 0xCB, 0x5C, 0x9B, 0x69, 0x69, 0x41, 0xF3,
    0x84, 0x1D, 0x30, 0xA7, 0xBC, 0xE9, 0x63, 0xE6, 0x58, 0xFE, 0x2E, 0x4A, 0xE6, 0x07, 0x52, 0x82,
    0xE6, 0x07, 0x1C, 0x14, 0xFE, 0x54, 0x48, 0x57, 0x91, 0xE3, 0x9C, 0xA7, 0x7A, 0xAA, 0x67, 0x22,
    0x75, 0x3E, 0x26, 0xEA, 0xA9, 0x12, 0x9B, 0x69, 0xC2, 0x34, 0xD6, 0x97, 0x68, 0xF2, 0xE7, 0x4A,
    0x2E, 0x83, 0x1D, 0x40, 0x97, 0xCB, 0xBD, 0x31, 0x69, 0xAA, 0xA6, 0x5A, 0x4E, 0xA0, 0xA2, 0xEF,
    0x43, 0x8B, 0xB2, 0xE4, 0xD9, 0x2B, 0x9B, 0xBA, 0x53, 0xED, 0xB0, 0x65, 0x64, 0x04, 0x66, 0xDF,
    0x58, 0x75, 0x4E, 0xC3, 0xDF, 0x28, 0x5F, 0x49, 0x79, 0xCE, 0x3C, 0xCD, 0x60, 0x3B, 0xBE, 0x8C,
    0x41, 0x0A, 0xB5, 0xC2, 0x5F, 0xAB, 0x80, 0x04, 0xA1, 0xA0, 0xCD, 0x7F, 0x35, 0xCC, 0xB1, 0x0D,
    0x80, 0x30, 0x0C, 0x44, 0x51, 0x43, 0x0A, 0x0A, 0x0A, 0x8F, 0x90, 0x11, 0x32, 0x42, 0xD8, 0x0C,
    0x36, 0x33, 0x23, 0x30, 0x02, 0x23, 0xB8, 0xA0, 0x48, 0x91, 0xE8, 0x38, 0x23, 0xD1, 0x3C, 0xC9,
    0x96, 0xBF, 0xB5, 0x89, 0x48, 0xC6, 0xC7, 0x41, 0xF7, 0x93, 0x94, 0x3B, 0x66, 0x27, 0x1A, 0xAC,
    0x71, 0xB3, 0xF4, 0x60, 0xC4, 0x0E, 0x7F, 0x52, 0xB1, 0x05, 0x4C, 0xCC, 0x08, 0xD8, 0x4D, 0x60,
    0x92, 0x86, 0x3E, 0x0C, 0xD8, 0x69, 0x4B, 0x9D, 0x4F, 0x66, 0x48, 0x71, 0x81, 0xD7, 0x4B, 0xCC,
    0x79, 0x9A, 0xFD, 0x05, 0xE5, 0x5D, 0xBF, 0xB3, 0xE5, 0x48, 0x75, 0xEE, 0x2B, 0xAD, 0x47, 0x36,
    0xB7, 0xCA, 0x22, 0x20, 0x02, 0x57, 0x89, 0x80, 0xC0, 0x76, 0x61, 0x2B, 0x71, 0xE0, 0x00, 0xA3,
    0x5B, 0x10, 0x10, 0x10, 0xF0, 0x07, 0x38, 0x70, 0xE2, 0xC0, 0x76, 0x32, 0x89, 0x03, 0x02, 0xBC,
    0x12, 0xBB, 0x01, 0x01, 0x01, 0xE3, 0xBF, 0x80, 0x0D, 0x08, 0x5C, 0xE5, 0x60, 0xFD, 0x07, 0x00,
    0x12, 0x3B, 0x2E, 0x13, 0x10, 0xAC, 0xBC, 0x1B, 0x3A, 0x40, 0x86, 0xAD, 0xA2, 0xCA, 0x0E, 0x46,
    0x5B, 0xA8, 0x40, 0x0B, 0x92, 0xDA, 0xE7, 0xFB, 0xCE, 0x69, 0x5D, 0xDD, 0xFB, 0xEE, 0x7B, 0xF3,
    0xDE, 0xCE, 0x9B, 0xD9, 0x59, 0x3C, 0xF3, 0x74, 0xBA, 0xEF, 0xBD, 0x52, 0x4B, 0x6A, 0x75, 0x9F,
    0x3E, 0x3F, 0xBE, 0x73, 0x94, 0xCE, 0xCE, 0xC5, 0xDE, 0x39, 0xE7, 0x1B, 0xE7, 0xF2, 0xDE, 0xB9,
    0xFD, 0xE8, 0xF0, 0xAF, 0xF4, 0xDE, 0xAF, 0x9B, 0xFC, 0x74, 0xE3, 0xE6, 0x7D, 0xB7, 0x6E, 0x37,
    0xEF, 0xB7, 0xB6, 0x19, 0x0D, 0x49, 0x97, 0x4C, 0x69, 0x8F, 0x2D, 0x1A, 0xF6, 0xDD, 0x8B, 0x38,
    0x67, 0x2D, 0x9B, 0xDC, 0xE1, 0x69, 0xE1, 0x92, 0x99, 0x37, 0x7C, 0x87, 0xC2, 0xFB, 0x45, 0x0B,
    0x1C, 0x8F, 0x62, 0xE2, 0x6F, 0xD9, 0xC2, 0x02, 0xBD, 0x29, 0xC5, 0xCE, 0x1F, 0x78, 0xC0, 0x49,
    0xB1, 0xF3, 0xDB, 0x5D, 0xB2, 0x19, 0x45, 0xEA, 0x47, 0x2D, 0x3A, 0x16, 0x68, 0xDA, 0x15, 0xF2,
    0x95, 0x7C, 0x8E, 0xE4, 0xA8, 0xBD, 0x34, 0x9E, 0xF5, 0xE1, 0x99, 0x2C, 0xEB, 0xF6, 0xB4, 0xFE,
    0xF9, 0x10, 0x9B, 0xF4, 0x09, 0xCE, 0x9E, 0x86, 0xEE, 0x99, 0xE5, 0x02, 0xE4, 0x9F, 0xDC, 0x62,
    0x27, 0x57, 0x8B, 0x2B, 0xFB, 0x9C, 0xCB, 0x39, 0x3C, 0x0A, 0x5E, 0x50, 0xD9, 0xF2, 0x18, 0x3D,
    0x12, 0x3B, 0x3A, 0xBF, 0xA1, 0xF6, 0x3D, 0x69, 0xD9, 0x1D, 0x8F, 0xCA, 0x07, 0xD0, 0x54, 0x6E,
    0xEB, 0x53, 0x6E, 0x2F, 0xFB, 0xFD, 0x93, 0x74, 0xC7, 0x7B, 0x89, 0x0F, 0x4D, 0x64, 0x1E, 0xFD,
    0xB1, 0xAB, 0x97, 0x83, 0x8C, 0x45, 0xF4, 0x49, 0x2D, 0xBD, 0x8D, 0xEB, 0x38, 0x24, 0x8B, 0x74,
    0x5F, 0x3A, 0xB8, 0xCF, 0xBB, 0x14, 0x0D, 0xB1, 0x53, 0xB2, 0x91, 0x17, 0x7C, 0x00, 0x19, 0xF9,
    0x30, 0x5A, 0xEC, 0x3C, 0xB1, 0x35, 0x7E, 0x3E, 0xA0, 0x49, 0xB9, 0x88, 0x1D, 0x88, 0x5E, 0x0E,
    0xEF, 0xB5, 0xAE, 0xD2, 0x4A, 0x9E, 0x4A, 0x31, 0xCA, 0xA9, 0x0B, 0x1C, 0xB1, 0xE7, 0x6D, 0x3F,
    0x94, 0xF3, 0x96, 0xCD, 0xDD, 0xFE, 0x7F, 0xD1, 0x4D, 0xFE, 0x35, 0x2F, 0x7F, 0xA5, 0x93, 0x13,
    0xE3, 0x21, 0xDF, 0xCB, 0x1F, 0x86, 0xC9, 0x9D, 0xFF, 0x16, 0xB7, 0x9F, 0x5D, 0x3E, 0x95, 0x7E,
    0xAC, 0x7D, 0x5F, 0xFB, 0xA6, 0x9E, 0x71, 0x41, 0xEC, 0x91, 0x4B, 0x95, 0xC8, 0x73, 0x80, 0xDD,
    0x58, 0x41, 0x9B, 0xD7, 0x55, 0x66, 0x74, 0x9B, 0x74, 0x7C, 0xCC, 0xFE, 0x93, 0x2E, 0x4E, 0xB4,
    0xD2, 0xB3, 0x32, 0xB9, 0x87, 0xA4, 0xFA, 0x97, 0x8E, 0xA0, 0x72, 0xAC, 0x3C, 0x43, 0xAD, 0xC8,
    0x23, 0xD4, 0x4A, 0xA1, 0x95, 0x19, 0x43, 0x8A, 0x3B, 0xE3, 0x69, 0x49, 0xA5, 0x1C, 0x0B, 0x4C,
    0x01, 0x34, 0x58, 0xCC, 0x8E, 0x95, 0xAA, 0xE8, 0x9C, 0x9E, 0x14, 0x8F, 0xD1, 0x87, 0xE7, 0xF9,
    0x9C, 0x2A, 0x9E, 0xFF, 0x1E, 0x85, 0xCA, 0x14, 0x2A, 0xDE, 0xF6, 0x79, 0xE0, 0x1B, 0xDB, 0xB9,
    0x0E, 0x95, 0xA2, 0xBD, 0xB6, 0x12, 0xF6, 0x49, 0x7C, 0xC5, 0xCA, 0xDA, 0xCE, 0x7A, 0x3B, 0x72,
    0x7F, 0xC6, 0x98, 0xB6, 0xD4, 0x38, 0xCF, 0xAD, 0xE8, 0xF2, 0xA6, 0x34, 0xA1, 0xBC, 0x49, 0x59,
    0x53, 0xE2, 0x1F, 0x09, 0xA3, 0x01, 0xD7, 0x59, 0x8C, 0xF7, 0x24, 0x98, 0xD8, 0x77, 0xA0, 0x72,
    0x4C, 0x85, 0x69, 0xC6, 0x13, 0x14, 0xC3, 0x3A, 0xAD, 0x31, 0x46, 0xED, 0x9F, 0x5C, 0x7C, 0xCC,
    0x7B, 0x91, 0xD1, 0x27, 0x34, 0xE3, 0xED, 0xC8, 0x53, 0x15, 0x5A, 0xB7, 0x42, 0x77, 0xD2, 0x42,
    0xD9, 0x80, 0xEF, 0x95, 0x8D, 0xEC, 0x22, 0x14, 0x33, 0x57, 0x26, 0x4F, 0xCF, 0x4E, 0x56, 0x46,
    0x5D, 0x91, 0xE2, 0x9B, 0xA6, 0xE0, 0xAF, 0x60, 0x12, 0x65, 0x93, 0xF0, 0xA8, 0xD8, 0x63, 0x62,
    0xA2, 0x17, 0xD1, 0x66, 0x77, 0x6C, 0x3F, 0x9B, 0x40, 0x85, 0x3B, 0xAD, 0xD7, 0x80, 0x93, 0xD5,
    0xE4, 0x35, 0xD9, 0xA4, 0x7D, 0xC2, 0x6B, 0x04, 0x2B, 0x90, 0xEB, 0x6F, 0x36, 0xD7, 0xEC, 0xF8,
    0xF8, 0x22, 0xD2, 0x84, 0x34, 0x25, 0xCD, 0x49, 0x0B, 0x52, 0x0F, 0x1A, 0x2D, 0xA0, 0xF1, 0x04,
    0x9A, 0x0E, 0xA0, 0x59, 0x0F, 0x5A, 0x34, 0xA0, 0x75, 0x25, 0xF4, 0x47, 0x1E, 0xAD, 0x3D, 0x9E,
    0x40, 0x7F, 0x32, 0x82, 0xFE, 0xB4, 0x07, 0x7D, 0xD2, 0x82, 0xCA, 0x25, 0x81, 0xF2, 0x8C, 0x33,
    0xE9, 0x44, 0xDA, 0x93, 0xB6, 0x1C, 0x1E, 0xD1, 0x1B, 0x9F, 0x90, 0x2E, 0x48, 0xFA, 0x54, 0x46,
    0x78, 0x3C, 0xE6, 0x2D, 0xE6, 0xA0, 0x0E, 0xC3, 0x25, 0x5C, 0x33, 0x58, 0x68, 0x36, 0xE4, 0x13,
    0x6A, 0x78, 0x1E, 0x65, 0x97, 0xB0, 0x4D, 0xF4, 0x0E, 0x4F, 0x81, 0xC7, 0x55, 0xB7, 0xF2, 0xA8,
    0x65, 0x07, 0xCC, 0xD1, 0x7C, 0x90, 0x69, 0x27, 0xDC, 0x36, 0xE7, 0x28, 0xC2, 0xE1, 0xB1, 0x2F,
    0xC8, 0x0E, 0xD9, 0x32, 0xF9, 0xA3, 0xDC, 0x28, 0x19, 0xF3, 0x1C, 0x18, 0xB3, 0xC3, 0x14, 0x0D,
    0x2C, 0xD6, 0x15, 0x64, 0xDE, 0xDC, 0xBD, 0xD0, 0xDD, 0x97, 0x95, 0x8F, 0xB3, 0xF7, 0x5E, 0x08,
    0xF1, 0xB6, 0x88, 0x2B, 0xB1, 0xA7, 0x79, 0x4E, 0x8E, 0x37, 0x60, 0x77, 0x63, 0xB7, 0xE6, 0x4A,
    0x2D, 0x6A, 0x0E, 0x64, 0x47, 0xE9, 0x42, 0x1A, 0x2D, 0x5A, 0xF2, 0xB0, 0x1C, 0x37, 0x18, 0x4F,
    0x5C, 0x55, 0xF6, 0x53, 0xCA, 0x25, 0x65, 0x20, 0x83, 0xCB, 0xFA, 0x78, 0x62, 0x0F, 0xA0, 0x43,
    0x65, 0xE8, 0x70, 0xC4, 0xCB, 0xD8, 0xC7, 0xD9, 0x3C, 0xF9, 0xDD, 0x4E, 0x8B, 0x18, 0x45, 0x07,
    0x0E, 0x06, 0x21, 0x0A, 0xC7, 0x4A, 0x0F, 0x6A, 0xCF, 0xCB, 0xF3, 0x42, 0xB3, 0x7C, 0x74, 0x60,
    0x75, 0x7C, 0xAC, 0xE4, 0x23, 0xCD, 0x86, 0xAC, 0xEB, 0xD2, 0xF5, 0xC4, 0xF8, 0xD0, 0xCC, 0x63,
    0x0F, 0x32, 0x26, 0x79, 0x58, 0x09, 0xE6, 0x52, 0x74, 0x9C, 0x0E, 0x2B, 0xC1, 0x47, 0xAC, 0x4C,
    0x91, 0x30, 0x1A, 0x32, 0x19, 0x32, 0x18, 0xCC, 0xB0, 0x6B, 0x5A, 0xA9, 0xCF, 0x5A, 0x61, 0x0D,
    0xDF, 0x81, 0x65, 0x3D, 0x90, 0xFD, 0x8C, 0xF7, 0xB1, 0x15, 0x70, 0xAF, 0x1D, 0xC5, 0xAE, 0x1C,
    0x3B, 0x67, 0x03, 0xE6, 0xCD, 0x10, 0x6A, 0x68, 0x60, 0x47, 0xC1, 0x8C, 0xF7, 0xB6, 0x50, 0x54,
    0x7B, 0xFE, 0xB2, 0x0B, 0x9E, 0xC0, 0x70, 0xA5, 0xD0, 0xDE, 0xB7, 0x22, 0xB9, 0x54, 0xEC, 0x4F,
    0x0A, 0x79, 0x64, 0xDB, 0x62, 0xD0, 0xA2, 0x67, 0x91, 0x69, 0x91, 0x6B, 0x21, 0xB3, 0x82, 0x45,
    0xC3, 0xA2, 0xD4, 0x42, 0x3A, 0x58, 0x0A, 0xCC, 0x41, 0x29, 0x74, 0xA1, 0xE8, 0xCF, 0x0A, 0x8C,
    0xD3, 0xF4, 0x9A, 0x82, 0xC3, 0xB7, 0x7B, 0xDE, 0x62, 0x70, 0xD1, 0xF1, 0x0A, 0xF3, 0x41, 0x58,
    0x30, 0x2A, 0x65, 0xB7, 0x57, 0x36, 0x0F, 0x36, 0x82, 0x4A, 0x04, 0xF1, 0xA3, 0x02, 0xFB, 0x5F,
    0x30, 0xDA, 0xA5, 0x92, 0x92, 0xE1, 0x48, 0x05, 0x6C, 0x24, 0x1B, 0xA5, 0xC2, 0x55, 0x78, 0x8A,
    0x3C, 0xF9, 0x42, 0xEC, 0xBF, 0xE4, 0xA9, 0x44, 0xF0, 0x9E, 0xE7, 0x20, 0x0F, 0x4E, 0xF6, 0x58,
    0x30, 0x5D, 0xDD, 0x7E, 0x89, 0x3C, 0x65, 0x30, 0x1E, 0x0E, 0x81, 0x90, 0x0D, 0x62, 0x56, 0xD4,
    0xAD, 0x9D, 0x82, 0xEC, 0x6B, 0xCF, 0x35, 0x2A, 0xA2, 0x38, 0x93, 0x2C, 0x76, 0x31, 0xF2, 0xAB,
    0x5E, 0x61, 0xAE, 0xDD, 0x5B, 0xF4, 0x72, 0xA0, 0xDE, 0x85, 0xF4, 0x39, 0x2A, 0x10, 0x36, 0xA4,
    0x4A, 0xC9, 0x20, 0xC7, 0x29, 0x53, 0x91, 0xEC, 0xAA, 0x7D, 0xA5, 0x4B, 0x55, 0x71, 0x4A, 0xF0,
    0x5D, 0x22, 0xBD, 0x9E, 0x43, 0x92, 0xCF, 0x21, 0xC0, 0xE4, 0xBC, 0xC8, 0x48, 0xD9, 0x2D, 0xD8,
    0x02, 0xEE, 0x34, 0x90, 0x57, 0xF0, 0xB8, 0xF3, 0x8A, 0xEB, 0x52, 0x98, 0x52, 0x29, 0xE5, 0x9E,
    0x9A, 0xEB, 0xDA, 0x4B, 0xB6, 0x8E, 0x7C, 0xA2, 0xFA, 0x53, 0x5C, 0x76, 0x53, 0x40, 0xF6, 0xED,
    0x6A, 0x4A, 0xC8, 0x0B, 0xD7, 0xEB, 0xE1, 0x65, 0x5D, 0xFB, 0x5E, 0x3A, 0xF9, 0x41, 0x25, 0xE4,
    0x2D, 0x55, 0x79, 0xF8, 0x2A, 0x55, 0x61, 0xF8, 0x84, 0xCE, 0xA4, 0x14, 0x7A, 0x93, 0x0D, 0xDD,
    0x8A, 0xC1, 0x2A, 0x03, 0xAB, 0x00, 0xAC, 0xD2, 0x2F, 0x45, 0x5F, 0x95, 0x7B, 0x29, 0xF4, 0x4E,
    0x94, 0x78, 0x27, 0x9D, 0x68, 0x1C, 0x92, 0xD9, 0x88, 0xDB, 0x15, 0xE5, 0xB0, 0xC4, 0x12, 0x55,
    0x8E, 0xE8, 0x46, 0xE7, 0x47, 0x48, 0x07, 0x3B, 0x29, 0x28, 0xA8, 0x8D, 0x25, 0x27, 0xC1, 0x58,
    0xCA, 0x10, 0x4F, 0x7F, 0x3B, 0x96, 0x6F, 0xF6, 0x2E, 0xFF, 0xF5, 0x58, 0x7E, 0x67, 0x70, 0xC5,
    0x4F, 0xC6, 0xF2, 0xDB, 0x93, 0xAB, 0xBF, 0x3D, 0x96, 0xAF, 0xCF, 0xCE, 0xEF, 0xC7, 0xF2, 0x9B,
    0x3E, 0x5A, 0xA4, 0xA8, 0xFC, 0x97, 0x27, 0x14, 0xF2, 0xE4, 0x50, 0x14, 0x4F, 0x7A, 0x14, 0x99,
    0xEF, 0x50, 0xC8, 0x98, 0x40, 0x21, 0xBD, 0x87, 0x02, 0x77, 0x2C, 0x85, 0x9B, 0xB5, 0x70, 0x57,
    0x8B, 0x30, 0xAE, 0x3E, 0x3C, 0xF5, 0x61, 0x51, 0x5C, 0xE9, 0x33, 0xB4, 0x06, 0x95, 0xF6, 0xA0,
    0x3A, 0xED, 0x68, 0xF2, 0xBC, 0x53, 0xAD, 0xB6, 0x95, 0x41, 0xFF, 0xDE, 0x03, 0x19, 0x2D, 0xD0,
    0x6B, 0x8B, 0x89, 0x8A, 0xAD, 0x48, 0x54, 0x05, 0x55, 0x7A, 0xF2, 0x27, 0x19, 0x0C, 0xE0, 0x13,
    0xC6, 0xE3, 0x44, 0x9F, 0x57, 0x89, 0xA9, 0xD2, 0xE2, 0x60, 0x5F, 0xDA, 0x2E, 0x76, 0x00, 0x0F,
    0x5F, 0xB4, 0xB1, 0x29, 0x34, 0x6D, 0x27, 0xB2, 0xD3, 0xDA, 0x45, 0x84, 0x4B, 0xD2, 0x0B, 0x3C,
    0x13, 0x6F, 0x5E, 0xA4, 0x58, 0x55, 0x1D, 0xD7, 0x75, 0x4E, 0x96, 0x8A, 0xB3, 0x64, 0x15, 0x02,
    0xCE, 0x64, 0x82, 0xCE, 0x7E, 0x4D, 0xAE, 0x4A, 0x16, 0xB7, 0x10, 0x61, 0x56, 0xF2, 0x74, 0x53,
    0xC3, 0xD7, 0x5D, 0x3E, 0x6D, 0x4C, 0x0D, 0x94, 0x41, 0xEB, 0x8D, 0xC1, 0xC1, 0x6F, 0xE8, 0x89,
    0xA9, 0xA1, 0x3D, 0xCA, 0xAC, 0x64, 0xDF, 0x26, 0x10, 0xC2, 0xD4, 0xF0, 0x0D, 0x79, 0x44, 0xDD,
    0x83, 0x4B, 0xA6, 0x06, 0x7C, 0x31, 0x1F, 0x89, 0xAA, 0x36, 0x2F, 0x80, 0xBC, 0x6C, 0xF2, 0x3C,
    0x45, 0x9F, 0x2B, 0x45, 0x02, 0x09, 0x2E, 0x0C, 0xDC, 0x58, 0x87, 0x71, 0xEA, 0xBF, 0x36, 0xD6,
    0x83, 0x8C, 0xF4, 0x74, 0x94, 0x53, 0x14, 0x5D, 0x3A, 0xCA, 0x45, 0xD6, 0x4D, 0x3A, 0x72, 0xBE,
    0xC8, 0x71, 0x32, 0x43, 0x2A, 0x14, 0xD5, 0x59, 0xA1, 0xBF, 0xD9, 0x9E, 0x76, 0x9C, 0xB5, 0x62,
    0x6D, 0xC6, 0xA7, 0x13, 0x45, 0xCE, 0xFE, 0xDE, 0x35, 0x57, 0x46, 0xF6, 0xDF, 0xD1, 0x5A, 0xD6,
    0xA8, 0x88, 0x90, 0xD0, 0x06, 0x22, 0xDD, 0xA7, 0xF2, 0x04, 0xBA, 0xA9, 0xEE, 0x0A, 0x4A, 0x1B,
    0xB8, 0xE3, 0x74, 0xA6, 0x2C, 0xC2, 0xE5, 0x30, 0xF6, 0xD3, 0xBA, 0x28, 0x46, 0xAC, 0x27, 0xDE,
    0x06, 0x25, 0xBA, 0xE3, 0x7D, 0xEC, 0x5F, 0x74, 0x35, 0xD7, 0x27, 0x4A, 0x1B, 0x07, 0x99, 0xD6,
    0x32, 0xC7, 0xE5, 0x39, 0xA5, 0x98, 0xD4, 0x8E, 0xF2, 0x53, 0x55, 0x70, 0x19, 0xE3, 0x12, 0xD4,
    0x73, 0x4E, 0xB9, 0x8F, 0x8C, 0x52, 0xFA, 0xDA, 0x52, 0xB3, 0xD1, 0x5C, 0xA6, 0xB2, 0xA0, 0xCB,
    0x8D, 0xDC, 0x96, 0x60, 0x3D, 0x99, 0x64, 0x1A, 0xA6, 0x53, 0xF1, 0x81, 0x98, 0x75, 0x20, 0x62,
    0x4D, 0x7B, 0x2E, 0x8C, 0xB5, 0xFF, 0xEE, 0x14, 0x06, 0xDA, 0xAD, 0x08, 0x16, 0x5D, 0x18, 0x88,
    0x5E, 0xFA, 0xD2, 0x8C, 0x3E, 0x57, 0x4A, 0xFB, 0xDD, 0x7D, 0x2C, 0x2B, 0x66, 0xC0, 0x1A, 0xAF,
    0x56, 0x4C, 0x36, 0xDC, 0xDF, 0xA6, 0x32, 0xD0, 0xBE, 0x6A, 0x66, 0xD6, 0xB5, 0x50, 0x57, 0xC2,
    0xDD, 0x0A, 0x9B, 0x8B, 0x64, 0x31, 0xB1, 0x6A, 0x0D, 0xF2, 0x1B, 0x8C, 0xE9, 0x6A, 0xD2, 0xC4,
    0xB6, 0x0B, 0xC5, 0xE1, 0xE4, 0xD3, 0x76, 0x97, 0x6C, 0xD2, 0xC3, 0x47, 0x2D, 0x5A, 0x16, 0xB3,
    0x2D, 0x37, 0x5C, 0xC0, 0x9E, 0xA9, 0x80, 0xDA, 0xCC, 0x62, 0xD6, 0x42, 0x2C, 0xC7, 0x3D, 0x95,
    0x67, 0xEE, 0x52, 0xB6, 0xB6, 0x44, 0x9A, 0x0E, 0x7E, 0x52, 0xE8, 0x97, 0x65, 0xA3, 0x07, 0x54,
    0x7A, 0xB8, 0xB6, 0x32, 0x6A, 0x51, 0x85, 0x13, 0xDD, 0x8D, 0xDC, 0x8B, 0x41, 0x40, 0xE4, 0xFD,
    0x2A, 0xF4, 0x55, 0x46, 0xFB, 0x63, 0xC1, 0x67, 0x91, 0x0E, 0x91, 0xEC, 0xF2, 0xE0, 0x60, 0xCB,
    0xF0, 0x7E, 0x39, 0x3E, 0xB4, 0x9D, 0x5A, 0xD2, 0x6C, 0xD7, 0xE6, 0x84, 0x1E, 0x57, 0xE6, 0x6A,
    0xDD, 0x53, 0x8F, 0x12, 0x86, 0xF9, 0x7B, 0x2A, 0x15, 0x55, 0xF0, 0x6F, 0x14, 0x03, 0x64, 0x22,
    0x3D, 0x68, 0xAF, 0xAC, 0xEA, 0xA1, 0xDC, 0x0F, 0x6F, 0xED, 0xA1, 0xCA, 0xEA, 0x89, 0x99, 0x45,
    0x0B, 0xB3, 0x93, 0xFA, 0x91, 0x7A, 0x4A, 0x04, 0x61, 0xA3, 0x57, 0x6D, 0x20, 0x1F, 0x54, 0xCA,
    0x07, 0x53, 0xC1, 0x8A, 0x20, 0x92, 0x72, 0x43, 0x8D, 0x5F, 0x8C, 0x0C, 0x39, 0x17, 0x47, 0xD5,
    0x08, 0x2E, 0x94, 0xE1, 0xF7, 0x26, 0xB3, 0x32, 0xB5, 0xE3, 0xD0, 0x0E, 0x98, 0x40, 0x62, 0xED,
    0x86, 0xF3, 0xEC, 0xEC, 0xBC, 0xAE, 0x1E, 0x12, 0xD3, 0x94, 0xF4, 0xBA, 0xC2, 0x75, 0xF2, 0xBA,
    0x39, 0x17, 0x1A, 0xB3, 0x86, 0xEB, 0xED, 0xC9, 0x92, 0xE6, 0x1B, 0xFD, 0xDB, 0x71, 0x75, 0x57,
    0x1A, 0x6D, 0xEA, 0xBA, 0xD8, 0xDB, 0x9E, 0x6B, 0xA7, 0x78, 0x35, 0x09, 0x43, 0x2F, 0x81, 0xB8,
    0x29, 0x0B, 0x8F, 0xA7, 0x6E, 0xE4, 0xA9, 0xBB, 0xE0, 0xA8, 0x96, 0x2D, 0x34, 0xAA, 0xBA, 0x0B,
    0xC5, 0x63, 0xF2, 0x4D, 0x36, 0xD9, 0x9A, 0x85, 0x7D, 0x1E, 0x62, 0x39, 0x94, 0xE5, 0x51, 0xEE,
    0x3B, 0x1D, 0xB2, 0x61, 0x47, 0xEB, 0x54, 0xAC, 0xDB, 0x67, 0xFC, 0x04, 0x6F, 0x89, 0xFC, 0x26,
    0x5C, 0x3D, 0x9E, 0x8A, 0x06, 0x5B, 0x32, 0x15, 0xED, 0xC3, 0xA9, 0xE0, 0xF7, 0xBF, 0x92, 0xDF,
    0x2B, 0xD9, 0xF7, 0x1F, 0x54, 0x5C, 0xD2, 0x89, 0x8E, 0xF9, 0x25, 0x03, 0xE2, 0x60, 0x62, 0x05,
    0x0C, 0x95, 0xA6, 0x5B, 0xBF, 0x86, 0x59, 0xF2, 0x50, 0x87, 0x96, 0x48, 0x03, 0xB3, 0xE8, 0xD8,
    0x35, 0x2E, 0xB4, 0xD6, 0xD1, 0xA7, 0x26, 0xA5, 0xA2, 0x2D, 0x8E, 0x04, 0xCA, 0x9D, 0x3C, 0x00,
    0x11, 0x0E, 0xE6, 0xC4, 0xDB, 0x30, 0xA4, 0xE9, 0x26, 0x43, 0x8F, 0x78, 0x5A, 0x51, 0x68, 0x16,
    0x87, 0x30, 0x2E, 0xB3, 0x06, 0x9B, 0xD4, 0xF1, 0x9D, 0xF4, 0x86, 0x9C, 0x49, 0x7F, 0x2B, 0xE5,
    0xFB, 0xAC, 0x13, 0xFB, 0x84, 0x6C, 0x65, 0x8B, 0x3E, 0xD3, 0xE3, 0x70, 0xFC, 0x62, 0x7F, 0xB4,
    0x0F, 0xDE, 0xE6, 0x0F, 0x77, 0xDA, 0x9E, 0x52, 0x51, 0xA6, 0x57, 0x5A, 0x6C, 0x69, 0x75, 0xA4,
    0xE5, 0x01, 0xB4, 0xA6, 0x85, 0xCF, 0x83, 0x46, 0x33, 0x28, 0x14, 0xBC, 0x56, 0x8D, 0x41, 0x87,
    0x13, 0x8A, 0x29, 0x7C, 0x1D, 0x95, 0xB1, 0x44, 0x91, 0x98, 0x8F, 0x2D, 0x1F, 0xF6, 0x63, 0xD1,
    0x44, 0x53, 0x2D, 0x8A, 0x97, 0xE7, 0xCD, 0xD8, 0x76, 0xD0, 0x69, 0x06, 0xC1, 0x57, 0x4E, 0xF1,
    0xD9, 0x7C, 0x4C, 0xF8, 0x28, 0x23, 0x0C, 0xF1, 0x7C, 0x91, 0xCB, 0x89, 0xE0, 0x63, 0xC9, 0xFB,
    0x08, 0x66, 0x47, 0x91, 0xB7, 0x20, 0xA0, 0xC5, 0x93, 0x14, 0xB0, 0xAF, 0x44, 0x0B, 0xA4, 0x4A,
    0xFF, 0xA5, 0x05, 0xE3, 0xBC, 0x7C, 0x67, 0xA1, 0x6D, 0x4B, 0xD9, 0x70, 0x76, 0x94, 0xBF, 0x60,
    0xD4, 0x7A, 0x6B, 0xA1, 0x6C, 0xC5, 0x03, 0xE2, 0x39, 0x5A, 0x68, 0xAD, 0x41, 0x2B, 0x32, 0xD5,
    0xA4, 0x00, 0xF3, 0xC3, 0x19, 0x7A, 0x31, 0x15, 0x89, 0x73, 0x47, 0xC4, 0xBA, 0xF7, 0x38, 0x56,
    0x0A, 0x5C, 0x3E, 0x1D, 0x1D, 0x39, 0xFB, 0x8E, 0x17, 0x5A, 0x63, 0x0C, 0xCD, 0x66, 0x89, 0x85,
    0xAC, 0x9E, 0x75, 0xAF, 0xC8, 0x56, 0x54, 0x22, 0xC6, 0xE9, 0xED, 0x52, 0x22, 0x13, 0x2A, 0x92,
    0x5A, 0x3C, 0x7B, 0x4A, 0x6C, 0xB9, 0x6C, 0xA5, 0x6C, 0x7E, 0xF6, 0x91, 0x6C, 0xC9, 0x2F, 0x67,
    0x9F, 0xBE, 0x3B, 0xFB, 0xE2, 0xF5, 0xD9, 0xD7, 0xB2, 0xCF, 0x24, 0xDB, 0x28, 0x5B, 0x2F, 0x5B,
    0x23, 0xDB, 0x21, 0x9E, 0x71, 0xA1, 0x62, 0x48, 0x6F, 0xF6, 0x7D, 0xDA, 0x26, 0xE8, 0x3C, 0x08,
    0xC6, 0xE5, 0xB8, 0xFA, 0x2B, 0xEE, 0xA3, 0x7D, 0x11, 0x36, 0x27, 0x38, 0x24, 0xC1, 0xCB, 0x75,
    0x04, 0xCA, 0x48, 0x84, 0xF4, 0x9B, 0x84, 0x91, 0x39, 0xE8, 0x28, 0x8D, 0x39, 0x5E, 0xC3, 0x08,
    0x96, 0x7D, 0xC5, 0x68, 0x05, 0xB1, 0x8A, 0xBE, 0x30, 0x3C, 0xAB, 0x0D, 0xE9, 0x60, 0x65, 0x6C,
    0x03, 0xC9, 0x31, 0x37, 0x8A, 0x53, 0x52, 0x57, 0x98, 0x2F, 0xF2, 0x5C, 0x77, 0x20, 0x70, 0x23,
    0xF7, 0x1E, 0x96, 0x04, 0x39, 0x5A, 0x48, 0xA5, 0x24, 0xC6, 0x03, 0xDC, 0x5B, 0xB3, 0x83, 0x3A,
    0x38, 0x39, 0x27, 0x31, 0x6C, 0x76, 0x32, 0x7A, 0x8A, 0xD7, 0x27, 0xEF, 0xF3, 0x9F, 0x0C, 0xDE,
    0xA7, 0x4F, 0xC4, 0x36, 0xB9, 0xC7, 0x84, 0x11, 0x37, 0x8F, 0xE7, 0x0D, 0x78, 0x87, 0x1D, 0xDD,
    0x5F, 0x3A, 0xAE, 0xEA, 0x81, 0xE0, 0x6E, 0xAF, 0xD9, 0xA4, 0xF9, 0x75, 0xBB, 0x61, 0x3F, 0x19,
    0x94, 0xD4, 0xBE, 0x3B, 0x5C, 0x15, 0x54, 0xEE, 0x3D, 0x06, 0xE6, 0x8E, 0x7A, 0x36, 0x14, 0x04,
    0x74, 0xD0, 0x41, 0x49, 0x69, 0x35, 0x7C, 0xC7, 0x5F, 0xB9, 0x1F, 0x8F, 0x48, 0xD5, 0x1A, 0x83,
    0x81, 0x8A, 0xF6, 0x6E, 0x7B, 0xF2, 0x9B, 0xB6, 0x59, 0x9A, 0x95, 0x95, 0xA1, 0xA5, 0x85, 0x76,
    0xC8, 0x47, 0x61, 0xA4, 0x93, 0x0E, 0x8F, 0x78, 0xB9, 0xB0, 0x4D, 0x50, 0x2F, 0x7C, 0x57, 0x0C,
    0x98, 0x2E, 0x64, 0x40, 0xA2, 0x6B, 0x79, 0x73, 0x40, 0x6C, 0x37, 0x63, 0xBE, 0x2D, 0x67, 0xF1,
    0xB8, 0x6F, 0xC9, 0x20, 0x1A, 0x9D, 0xB5, 0x9C, 0xBD, 0x61, 0x0B, 0xB3, 0xB8, 0x73, 0x95, 0xEC,
    0xD7, 0x63, 0x7F, 0x30, 0x6D, 0x19, 0x95, 0x54, 0x4D, 0xAB, 0x23, 0x51, 0x19, 0xEC, 0x59, 0x09,
    0xD6, 0xEE, 0x46, 0xA5, 0x92, 0x4E, 0xAE, 0x80, 0x23, 0x8A, 0x0C, 0x62, 0x3F, 0xC5, 0x30, 0x60,
    0x25, 0x50, 0x6D, 0xE0, 0x10, 0x51, 0xF2, 0x26, 0xB9, 0x01, 0x2E, 0x10, 0x57, 0x9A, 0xD1, 0x7C,
    0xB1, 0xD0, 0x5B, 0xE2, 0x74, 0x2D, 0x11, 0x81, 0x90, 0x26, 0xEC, 0x93, 0xE5, 0xA0, 0xAE, 0x42,
    0x37, 0x98, 0xD7, 0xED, 0x16, 0x34, 0xF3, 0x66, 0x7C, 0x1B, 0xB9, 0x00, 0x0A, 0xFF, 0x5A, 0x8A,
    0x9F, 0x40, 0x68, 0x2A, 0x1A, 0x0C, 0x04, 0xE1, 0xBA, 0x9D, 0x7C, 0x82, 0x05, 0xF2, 0x50, 0x34,
    0x30, 0x99, 0x93, 0x6A, 0x9D, 0xDF, 0xEB, 0x3E, 0xF2, 0x5F, 0xF6, 0xCE, 0xE6, 0xE2, 0x3F, 0xC4,
    0x06, 0xCC, 0x76, 0x76, 0xDE, 0x96, 0x15, 0x0A, 0x26, 0x37, 0x5D, 0x83, 0x70, 0x25, 0x9C, 0x10,
    0x60, 0x03, 0x99, 0xF5, 0x32, 0x3A, 0xF6, 0x50, 0xFB, 0x20, 0x25, 0xA8, 0x39, 0x1E, 0x0D, 0x50,
    0xC3, 0xCE, 0x96, 0xA0, 0x42, 0xD7, 0xF4, 0x04, 0x15, 0x70, 0x00, 0xD1, 0xA4, 0x07, 0xAF, 0x4F,
    0x4F, 0x67, 0x8F, 0x4C, 0xA7, 0x1A, 0x4B, 0x3B, 0x87, 0xFF, 0xB3, 0x93, 0xE0, 0x49, 0x50, 0x12,
    0xBA, 0xFC, 0x9C, 0x74, 0x32, 0x3E, 0xC7, 0x8B, 0x9B, 0xE8, 0xE0, 0x75, 0x97, 0x41, 0xE4, 0x1F,
    0x85, 0xD7, 0x8F, 0x0F, 0xFC, 0x93, 0x51, 0x55, 0xE9, 0xAB, 0x9B, 0xE7, 0x2D, 0xDC, 0x33, 0xF5,
    0xB6, 0x76, 0x1D, 0xA9, 0x76, 0xD4, 0xF3, 0x2C, 0x54, 0xB9, 0x39, 0x2D, 0x54, 0xF7, 0xB8, 0xA9,
    0x10, 0x05, 0x87, 0xE0, 0x93, 0x40, 0x5C, 0x7E, 0x46, 0xD4, 0x75, 0x20, 0x6C, 0x36, 0xE7, 0x72,
    0x2B, 0x86, 0x0C, 0x21, 0x32, 0x17, 0xB6, 0x24, 0x1D, 0xED, 0x57, 0xDD, 0x6F, 0x51, 0xC6, 0x50,
    0x3D, 0x85, 0x62, 0xDD, 0xA8, 0x28, 0xBF, 0x54, 0x64, 0x2E, 0xBA, 0x72, 0x08, 0xCD, 0x5B, 0xD0,
    0x8C, 0x34, 0x6F, 0xD6, 0xEF, 0x75, 0x1F, 0xB4, 0x5E, 0xC1, 0x54, 0x62, 0xED, 0x5C, 0xDA, 0xAE,
    0xC8, 0x53, 0xD2, 0x22, 0xDA, 0x43, 0x6B, 0xF8, 0xEC, 0xAD, 0x1D, 0x69, 0x65, 0xBB, 0x8A, 0x67,
    0x15, 0xDC, 0xE9, 0x98, 0x01, 0x2A, 0x1B, 0xCB, 0x5C, 0x5A, 0x37, 0x3A, 0xD2, 0x84, 0xA7, 0xBC,
    0x02, 0x49, 0x43, 0xF6, 0x5B, 0x57, 0x71, 0xC8, 0xB2, 0xD2, 0x77, 0xB2, 0x0E, 0x62, 0x26, 0x1F,
    0xD8, 0x52, 0x0B, 0x43, 0x29, 0x56, 0x40, 0x0C, 0x44, 0x71, 0x07, 0x81, 0xFD, 0x46, 0x64, 0xA8,
    0x9E, 0x2B, 0xEA, 0x96, 0x0A, 0x33, 0x92, 0xEF, 0x75, 0x1F, 0xC7, 0xC1, 0x0B, 0x4B, 0x4E, 0x1F,
    0xDA, 0xD1, 0x36, 0x77, 0x35, 0x7D, 0x37, 0x94, 0x62, 0x13, 0x48, 0xAC, 0x33, 0xFC, 0xB8, 0x9B,
    0x4D, 0x3E, 0xC7, 0x6A, 0xA4, 0x98, 0xB0, 0x9F, 0xF3, 0xAF, 0xCB, 0xBE, 0xF1, 0x94, 0x08, 0x9B,
    0x4B, 0x07, 0x91, 0x76, 0xE5, 0x39, 0xD5, 0x55, 0x0C, 0x47, 0xD6, 0x2A, 0x47, 0x71, 0x12, 0xC5,
    0x47, 0x59, 0xE1, 0x3E, 0x44, 0xB1, 0x68, 0x4C, 0x45, 0xF2, 0xCA, 0x7B, 0x6C, 0x52, 0x6F, 0xDD,
    0xF6, 0xDF, 0x3D, 0xB4, 0x1F, 0xAF, 0x8C, 0x98, 0x04, 0xF2, 0xE5, 0x86, 0x9C, 0xFD, 0x2A, 0x17,
    0x31, 0x62, 0x21, 0x13, 0x41, 0x06, 0x92, 0x72, 0xEC, 0xDB, 0x1A, 0x0E, 0x6E, 0x5C, 0x9D, 0x7A,
    0xBC, 0xD3, 0x0B, 0x84, 0x3F, 0x70, 0x17, 0x8E, 0x6D, 0xA8, 0x0A, 0x67, 0x5C, 0x9E, 0x46, 0x4D,
    0xDA, 0x96, 0x76, 0x93, 0xDD, 0x99, 0xE8, 0x2A, 0xC2, 0x14, 0xC1, 0x00, 0xF5, 0xCC, 0xEA, 0x22,
    0xBC, 0xBB, 0x40, 0x7E, 0xB2, 0x8C, 0x26, 0xA7, 0xCB, 0xA8, 0x0A, 0x35, 0xBA, 0x1D, 0xD6, 0x1E,
    0x12, 0x5B, 0x5D, 0x72, 0xB2, 0x8C, 0x62, 0x24, 0x4A, 0x5D, 0x1C, 0x1A, 0x70, 0x22, 0x66, 0x94,
    0xD5, 0x61, 0x17, 0x84, 0x95, 0x34, 0xF5, 0x34, 0x3A, 0x62, 0x24, 0x35, 0x6A, 0x65, 0xC6, 0x14,
    0xCF, 0xDB, 0x4C, 0xA4, 0x57, 0x19, 0x6D, 0xE2, 0x0B, 0x59, 0x74, 0x3E, 0x08, 0xF8, 0xA8, 0xEC,
    0x8B, 0x2E, 0x23, 0x8A, 0x00, 0xDA, 0xCB, 0x53, 0xFE, 0x27, 0x9D, 0x7F, 0x7B, 0x90, 0xBF, 0x42,
    0x01, 0x8E, 0xCE, 0xAC, 0x6F, 0x77, 0xFD, 0x73, 0xAF, 0xE2, 0x5E, 0x77, 0xAA, 0x26, 0xBE, 0xBA,
    0xCA, 0xB0, 0x87, 0xBB, 0xFF, 0xC1, 0x4C, 0x28, 0x6B, 0x57, 0x31, 0xF1, 0xDE, 0x53, 0x5B, 0x43,
    0x4E, 0x8B, 0x4E, 0x91, 0x75, 0xED, 0xB6, 0x10, 0x41, 0x14, 0xFC, 0x4E, 0x16, 0x58, 0xC8, 0x5D,
    0x2C, 0x06, 0x8A, 0xA3, 0x22, 0x01, 0x40, 0x20, 0x8D, 0x27, 0xB2, 0xDB, 0x68, 0xA2, 0x50, 0x2A,
    0xF3, 0x0B, 0x62, 0xA9, 0xC8, 0x50, 0x13, 0x78, 0xC8, 0x00, 0xD1, 0x14, 0x93, 0x56, 0x84, 0x53,
    0xF2, 0xC0, 0x84, 0x63, 0xF4, 0xF6, 0x85, 0xDA, 0x83, 0x0D, 0x81, 0xA5, 0xEB, 0x06, 0x7F, 0x83,
    0xAC, 0x8A, 0x5D, 0xEA, 0x6D, 0xA1, 0x5F, 0xDA, 0x2E, 0x94, 0xC3, 0x51, 0x3C, 0x3A, 0x9F, 0x04,
    0x25, 0x9E, 0xF7, 0x91, 0x9C, 0x4E, 0x0C, 0xB7, 0x4E, 0x0C, 0x98, 0xDE, 0x8B, 0x2E, 0x0C, 0xFD,
    0xEC, 0x43, 0x10, 0xBA, 0x13, 0xA1, 0x6A, 0x41, 0xEE, 0x02, 0xB4, 0xA7, 0xA8, 0x36, 0x6A, 0xC8,
    0xB3, 0xAB, 0x10, 0x84, 0xA6, 0x60, 0xE4, 0x63, 0x36, 0x66, 0x00, 0x91, 0xF6, 0xF7, 0xAA, 0xE6,
    0xB8, 0x29, 0x1E, 0x64, 0x46, 0x83, 0x21, 0x7A, 0x48, 0x79, 0xA5, 0x27, 0x00, 0xEF, 0xB0, 0x61,
    0x60, 0x2F, 0x56, 0x9A, 0xFC, 0xB0, 0x42, 0xFE, 0x56, 0x51, 0x50, 0x95, 0x74, 0xBB, 0xC9, 0x29,
    0x3E, 0x03, 0x44, 0x00, 0x7B, 0xD3, 0x8B, 0xF4, 0x27, 0x23, 0x4E, 0x46, 0xC1, 0x18, 0xE3, 0x19,
    0xEC, 0x95, 0x91, 0xC0, 0xA3, 0x17, 0xF5, 0xBB, 0x21, 0xF3, 0x86, 0x83, 0x35, 0x8F, 0x1F, 0x78,
    0x5F, 0xA5, 0x6E, 0x15, 0xF3, 0x68, 0xB3, 0x52, 0x9B, 0xA7, 0xEB, 0xA4, 0xF2, 0xE0, 0x5F, 0x60,
    0xE3, 0xAA, 0x09, 0x6F, 0xBC, 0x50, 0x21, 0x44, 0x50, 0x2B, 0x6A, 0x3B, 0x70, 0x6C, 0x99, 0x95,
    0x83, 0x42, 0x8B, 0x14, 0x2C, 0x21, 0x3D, 0x26, 0x8E, 0x46, 0x18, 0x58, 0x7C, 0x9B, 0x4F, 0xEA,
    0x3E, 0x53, 0xE7, 0xB7, 0x5F, 0x32, 0x5A, 0x8E, 0x04, 0x3D, 0xBB, 0xAB, 0x3F, 0x80, 0x49, 0x01,
    0x0C, 0x5C, 0x5C, 0xB9, 0xA7, 0x74, 0x06, 0x8D, 0x94, 0x2E, 0x56, 0x6F, 0xF8, 0x7D, 0x83, 0x91,
    0x5B, 0x34, 0xF9, 0x28, 0xB4, 0x2D, 0xA6, 0xBD, 0xAC, 0x59, 0xF5, 0x9C, 0x8A, 0xE3, 0x69, 0xA9,
    0xC5, 0x09, 0x25, 0xA6, 0x22, 0xDF, 0xC6, 0xA2, 0x25, 0x81, 0x1D, 0x75, 0x29, 0x9C, 0x58, 0x58,
    0x0B, 0x0C, 0x11, 0x7A, 0x85, 0x96, 0xBC, 0xAA, 0x2D, 0xBD, 0xB4, 0xA7, 0xF7, 0x1F, 0x38, 0xB3,
    0x78, 0x29, 0x7C, 0xF4, 0x88, 0x1D, 0x9D, 0x6F, 0x72, 0xB2, 0xEB, 0xDF, 0xC3, 0x31, 0x1C, 0xA5,
    0x1A, 0x92, 0x42, 0x33, 0x2A, 0x77, 0x4E, 0x6A, 0x83, 0x54, 0x1A, 0xB9, 0xB2, 0x0B, 0x2E, 0xA2,
    0x36, 0x08, 0x26, 0x96, 0xAD, 0x1C, 0xDA, 0x76, 0x0A, 0xB2, 0x5F, 0x6B, 0x39, 0x0F, 0x6E, 0xC3,
    0x7E, 0xE3, 0x25, 0x83, 0x65, 0x30, 0x0C, 0xD6, 0x6A, 0x97, 0x15, 0xE7, 0x3C, 0x7D, 0x34, 0x80,
    0x51, 0xFE, 0x31, 0x00, 0x0C, 0x8B, 0x42, 0x30, 0xD4, 0x35, 0xA7, 0x06, 0x47, 0x42, 0x1A, 0x06,
    0xB7, 0x62, 0x4E, 0x2F, 0x94, 0xE1, 0xF7, 0xB5, 0x0C, 0xC7, 0x85, 0x76, 0x12, 0x6B, 0x17, 0xA6,
    0xC0, 0x57, 0x08, 0x9A, 0x10, 0x13, 0x1B, 0xAF, 0x63, 0x8C, 0xAE, 0x33, 0x58, 0x56, 0x5C, 0x13,
    0x3A, 0x70, 0x6F, 0x72, 0x4C, 0x30, 0x43, 0x38, 0xF0, 0xBE, 0xEF, 0x14, 0xD1, 0xE3, 0x55, 0x9E,
    0x58, 0xF9, 0x70, 0x73, 0x4A, 0xF5, 0x7B, 0xDD, 0x47, 0xF6, 0x7F, 0xC5, 0x89, 0xC0, 0xD6, 0xBE,
    0x2A, 0x2D, 0xD4, 0x6C, 0x47, 0x45, 0xDE, 0x88, 0xF2, 0xF3, 0x5E, 0x01, 0x79, 0xA9, 0x2A, 0x84,
    0x99, 0xE9, 0x85, 0x0A, 0xC8, 0x2B, 0xCC, 0x8F, 0x5B, 0xAB, 0x6B, 0xF2, 0x61, 0x4F, 0x97, 0x1C,
    0xAD, 0x8B, 0xF1, 0xC2, 0xDB, 0x4B, 0xE6, 0x44, 0x9D, 0x47, 0x64, 0x77, 0xF4, 0x1D, 0xAA, 0xB9,
    0x0A, 0x8C, 0xCF, 0x07, 0x04, 0x08, 0xAC, 0x56, 0xFE, 0xC7, 0x13, 0x2D, 0x9F, 0xDF, 0x82, 0x8F,
    0x34, 0x92, 0x2B, 0x4C, 0xC1, 0xD3, 0x13, 0xE8, 0x64, 0x7B, 0x91, 0xFB, 0xE0, 0x5E, 0x86, 0xF8,
    0x27, 0x37, 0x3C, 0x70, 0xB1, 0x28, 0x7A, 0x28, 0x56, 0x62, 0x5F, 0xC0, 0x0A, 0xD2, 0x9C, 0xB8,
    0x97, 0xF5, 0xC2, 0x63, 0x0D, 0x13, 0xF8, 0x35, 0x71, 0x81, 0xBF, 0x24, 0x2C, 0xF0, 0xBF, 0x15,
    0x0E, 0xE8, 0xF5, 0x71, 0x1D, 0xCC, 0x4A, 0xEB, 0x78, 0x01, 0x32, 0x8D, 0xBE, 0xD3, 0x0B, 0x1B,
    0x03, 0x15, 0x40, 0xC4, 0xB7, 0x20, 0x3F, 0x95, 0xAF, 0x43, 0x6C, 0x2A, 0x5F, 0x5B, 0xC0, 0x27,
    0x2B, 0x05, 0xFD, 0x06, 0xFC, 0x24, 0x16, 0xE3, 0xB3, 0x0A, 0x7D, 0xE3, 0x8A, 0x07, 0xD6, 0x8A,
    0x58, 0x6C, 0x2A, 0x05, 0xD9, 0xCE, 0x86, 0xE8, 0xC2, 0xD4, 0x64, 0x45, 0xE4, 0x45, 0x22, 0x5E,
    0x64, 0x15, 0xC9, 0xB4, 0x92, 0xF5, 0x29, 0xD1, 0x2F, 0xB2, 0x6E, 0x91, 0xB5, 0xD8, 0x82, 0x19,
    0x3C, 0x3F, 0x6B, 0x05, 0x43, 0x16, 0x6C, 0x99, 0x90, 0x18, 0xE9, 0xE6, 0x9E, 0x56, 0x5A, 0x51,
    0x5E, 0x45, 0xC2, 0xE1, 0xE8, 0x4A, 0x7B, 0x22, 0x64, 0xB2, 0x21, 0xED, 0x65, 0xC8, 0xC1, 0x81,
    0x91, 0xF6, 0x29, 0x5C, 0x49, 0x65, 0x9B, 0xF6, 0x04, 0xEA, 0x78, 0x30, 0x8C, 0x85, 0xC6, 0x9A,
    0xB4, 0xE7, 0xC2, 0x4B, 0xB9, 0xC2, 0xAB, 0x67, 0x16, 0xC2, 0xDB, 0xA8, 0x05, 0xD8, 0x97, 0x5C,
    0xFC, 0xCC, 0x62, 0xA2, 0x54, 0x27, 0x2E, 0x24, 0x08, 0x24, 0x72, 0x12, 0x1D, 0x4D, 0x36, 0xA8,
    0x30, 0x16, 0x95, 0x93, 0x49, 0x73, 0xF9, 0x7F, 0x8D, 0x18, 0x51, 0xF9, 0xBB, 0xF2, 0x84, 0x04,
    0xA7, 0xF9, 0xCE, 0x82, 0xB1, 0x06, 0x9D, 0xC5, 0xA7, 0x82, 0x8F, 0x15, 0x05, 0x20, 0xED, 0x73,
    0x31, 0x24, 0xE7, 0xA6, 0xD4, 0xA5, 0x76, 0x64, 0x6C, 0xED, 0x39, 0x62, 0xC3, 0x0E, 0x84, 0x0F,
    0x70, 0x72, 0xE4, 0x0A, 0xCA, 0x04, 0xFF, 0x24, 0xDF, 0x8E, 0x7D, 0xF0, 0x56, 0xBC, 0xA6, 0x0B,
    0x5A, 0xF9, 0xEE, 0x62, 0x40, 0x51, 0xC2, 0x46, 0xF6, 0xA6, 0x65, 0x17, 0x86, 0x66, 0xAB, 0x7F,
    0xE3, 0xFF, 0xD5, 0x2B, 0xFA, 0x03, 0xAE, 0x0D, 0xDE, 0xB1, 0xF4, 0x1A, 0x95, 0xCD, 0xB2, 0x51,
    0x35, 0xBD, 0x80, 0x8F, 0xD4, 0x11, 0x2A, 0x07, 0x4F, 0x37, 0x90, 0x80, 0x39, 0x17, 0x44, 0x9E,
    0x93, 0x90, 0xA1, 0x12, 0xF3, 0x2D, 0x59, 0x68, 0xF6, 0x52, 0x89, 0xCC, 0xAB, 0xFC, 0x4F, 0x04,
    0x84, 0xE1, 0x0F, 0xF6, 0xE4, 0x61, 0x10, 0x44, 0xE9, 0xBD, 0xA1, 0x94, 0x10, 0x5C, 0xD7, 0x84,
    0x54, 0xAA, 0x95, 0x24, 0x9E, 0x0B, 0xC1, 0x5D, 0xED, 0x87, 0xE2, 0x47, 0x0B, 0xFB, 0x12, 0x76,
    0x70, 0xB1, 0x7D, 0x54, 0x30, 0xB0, 0x17, 0x44, 0x69, 0x15, 0x2D, 0xEC, 0x23, 0x99, 0x78, 0x2E,
    0xB2, 0x00, 0x62, 0x6F, 0xF6, 0xD6, 0x53, 0x60, 0x16, 0x2A, 0x5D, 0x29, 0x36, 0x4A, 0x71, 0x56,
    0xB8, 0x40, 0xC5, 0x5A, 0xB1, 0xC7, 0x26, 0x1D, 0x5F, 0x13, 0x87, 0xAC, 0xA2, 0xA4, 0xF0, 0x94,
    0x15, 0x29, 0xE5, 0x0D, 0x61, 0x58, 0xBF, 0xE5, 0xC3, 0x30, 0xFE, 0xE5, 0x7C, 0x84, 0xCE, 0x57,
    0x6B, 0x6D, 0x5C, 0x6B, 0x8B, 0x8E, 0xCE, 0x56, 0x50, 0x83, 0xAC, 0x49, 0x6F, 0x1E, 0x38, 0x08,
    0xD1, 0x9F, 0x72, 0xA9, 0xB8, 0xAA, 0x19, 0xB5, 0x8E, 0xE3, 0x51, 0x17, 0x3E, 0xB2, 0x39, 0xA8,
    0x81, 0xCA, 0x00, 0xE9, 0xE0, 0xC7, 0x90, 0x94, 0x1A, 0x87, 0x22, 0x25, 0x0F, 0x8E, 0x45, 0xE2,
    0x73, 0xD1, 0x14, 0x6F, 0x6D, 0xF2, 0x66, 0x35, 0x51, 0xC8, 0x2D, 0xBA, 0x07, 0x27, 0x94, 0xEE,
    0xE5, 0x53, 0x8B, 0x05, 0x01, 0xC5, 0x11, 0xFA, 0x37, 0xBD, 0x8E, 0xBB, 0x61, 0x15, 0x30, 0xF5,
    0xFA, 0xE5, 0x41, 0xBE, 0x3B, 0x41, 0x32, 0xAB, 0xBF, 0x3C, 0xC1, 0xC3, 0xE0, 0xA1, 0x58, 0xC2,
    0x16, 0x2E, 0x66, 0x21, 0xA9, 0xE3, 0xBF, 0x87, 0x36, 0x29, 0x02, 0x13, 0x14, 0xCA, 0x9D, 0xDF,
    0x61, 0xF6, 0x66, 0x5E, 0x9D, 0x5B, 0xF2, 0xCC, 0x07, 0x41, 0x9E, 0xA4, 0x07, 0xF5, 0x84, 0xF9,
    0xD3, 0x05, 0x07, 0x1F, 0x77, 0xDE, 0xBC, 0x6B, 0x05, 0x46, 0x58, 0x81, 0xE1, 0x56, 0x58, 0x7C,
    0xD1, 0x21, 0x80, 0x5A, 0xD4, 0xB9, 0x72, 0x94, 0x84, 0x84, 0xD3, 0x8B, 0x5B, 0x26, 0x5F, 0x1D,
    0x79, 0x5C, 0x8B, 0x8E, 0xF1, 0x2D, 0x05, 0xEE, 0x22, 0x33, 0x2B, 0x29, 0xC7, 0x33, 0x75, 0x86,
    0x3F, 0x13, 0xE9, 0xB3, 0x38, 0xC4, 0x03, 0xF4, 0x00, 0x02, 0x4E, 0xC8, 0xDF, 0xC0, 0xA2, 0xA9,
    0xE3, 0x10, 0xC9, 0x54, 0xD8, 0x06, 0x95, 0x0D, 0xB6, 0xD5, 0xD9, 0x20, 0x25, 0x75, 0xB0, 0xE2,
    0xC3, 0x1C, 0x82, 0xD1, 0x03, 0xBD, 0x48, 0xCE, 0x4B, 0x1D, 0xDF, 0xD5, 0x7C, 0xDE, 0x0B, 0xF8,
    0xB1, 0x00, 0x83, 0x28, 0x7B, 0xC0, 0xFF, 0x2A, 0xA3, 0x10, 0xCE, 0x0F, 0x79, 0x20, 0xD0, 0x12,
    0x9E, 0xB5, 0x28, 0x5A, 0x0C, 0x85, 0x86, 0x4C, 0x4D, 0x64, 0x4C, 0x01, 0x68, 0x03, 0x8B, 0xE1,
    0xBF, 0x3A, 0xE5, 0xB3, 0x4E, 0xF8, 0x41, 0x71, 0x3D, 0x8D, 0x85, 0x87, 0xAC, 0xC2, 0xC5, 0x6D,
    0x8A, 0xB4, 0xBF, 0x1D, 0x85, 0x9C, 0x04, 0xDF, 0xA0, 0xF0, 0x3F, 0x52, 0xAD, 0xC7, 0xF3, 0x86,
    0xC2, 0x83, 0x08, 0x89, 0x6A, 0x43, 0x0B, 0xFE, 0x2A, 0x2E, 0x18, 0xC8, 0x55, 0x3D, 0x8E, 0xCD,
    0x64, 0x10, 0x09, 0x94, 0xC7, 0x3F, 0xF9, 0x2D, 0x05, 0x4B, 0xEA, 0xA8, 0xF4, 0x7D, 0x45, 0xF5,
    0x52, 0x3D, 0xF5, 0x4A, 0x6E, 0xC2, 0xB4, 0x75, 0x97, 0x31, 0x6D, 0x40, 0x36, 0xB6, 0x27, 0x98,
    0xB6, 0x8D, 0x2F, 0x8A, 0x36, 0x24, 0x7E, 0xBA, 0x09, 0xD3, 0x36, 0xDD, 0x11, 0xD3, 0x76, 0xBD,
    0xB5, 0x5F, 0x04, 0xA7, 0x4A, 0x6D, 0xFC, 0xE6, 0xA9, 0x0B, 0x04, 0xDF, 0xF1, 0x57, 0xAC, 0x09,
    0x17, 0xAD, 0xFD, 0x60, 0x3C, 0x3B, 0xBD, 0xA6, 0x3D, 0x46, 0x01, 0xA3, 0xBF, 0x52, 0x02, 0xA3,
    0xF8, 0x2C, 0x61, 0x83, 0x5D, 0x02, 0x97, 0xC2, 0xBD, 0xEE, 0x54, 0xF3, 0x35, 0x4F, 0xAB, 0xA3,
    0x8F, 0x8A, 0x88, 0xFE, 0x99, 0x8E, 0x7D, 0x4A, 0x15, 0x32, 0x98, 0xB8, 0x2A, 0x8C, 0x16, 0x02,
    0x40, 0x95, 0x37, 0x5E, 0x68, 0xE7, 0x8B, 0x08, 0xAF, 0x92, 0x66, 0x14, 0xB7, 0xA6, 0x00, 0x2B,
    0xBA, 0xB1, 0x8E, 0xD1, 0x05, 0x16, 0x6B, 0x90, 0x4D, 0x47, 0x64, 0x12, 0x74, 0x5D, 0xB0, 0x6D,
    0x31, 0x88, 0x89, 0xE6, 0xDA, 0xE5, 0xFD, 0x6E, 0x31, 0x63, 0x8A, 0x30, 0x09, 0x59, 0x28, 0x92,
    0x41, 0x23, 0x0E, 0xA2, 0x85, 0x2A, 0x51, 0x06, 0xC1, 0x05, 0x3A, 0x48, 0x59, 0x07, 0xEB, 0x72,
    0xBE, 0xEA, 0x45, 0x2A, 0x00, 0x71, 0xFD, 0xF9, 0x0A, 0xBB, 0x37, 0xFF, 0x4F, 0x8D, 0xF5, 0x19,
    0x4A, 0x9E, 0x70, 0xCE, 0xD6, 0x98, 0x96, 0x8F, 0x4D, 0xFF, 0x14, 0x3F, 0xC6, 0xA5, 0xFD, 0x0C,
    0x6E, 0xE8, 0x01, 0x27, 0x9C, 0x0A, 0x7C, 0x99, 0x55, 0xA7, 0x5A, 0xE5, 0x73, 0xE8, 0x42, 0x1B,
    0x9B, 0xA6, 0x75, 0x04, 0x2B, 0x9F, 0x8D, 0x5F, 0xB7, 0x4E, 0x24, 0x45, 0x2C, 0x70, 0x8C, 0x3B,
    0x6B, 0xA4, 0xB0, 0xC0, 0x92, 0x31, 0x84, 0x42, 0x19, 0x58, 0x34, 0x25, 0x56, 0x88, 0x73, 0x05,
    0xF3, 0x63, 0xD0, 0xD9, 0x93, 0x40, 0xEE, 0xAB, 0x39, 0x9F, 0xBE, 0xBC, 0xC0, 0x2F, 0xDD, 0xA8,
    0x98, 0x01, 0xB1, 0xD1, 0x70, 0xA4, 0x87, 0xB2, 0xAA, 0xC3, 0x84, 0x5B, 0xE7, 0x25, 0x56, 0x70,
    0x9B, 0x78, 0xF9, 0xCF, 0xE6, 0x30, 0xF9, 0x20, 0x77, 0x06, 0x50, 0xE9, 0x6F, 0x87, 0xE3, 0x24,
    0xEC, 0xC3, 0x45, 0xC6, 0x0C, 0x17, 0xE5, 0xA5, 0xEF, 0x82, 0x30, 0x6C, 0x2B, 0x8C, 0x4D, 0x4A,
    0x7F, 0xBC, 0xF9, 0x63, 0xDC, 0x56, 0x34, 0x1F, 0xED, 0x52, 0xD3, 0x5A, 0xDD, 0x1F, 0x8D, 0x9F,
    0xE9, 0xD1, 0x98, 0xA0, 0x66, 0x6F, 0x78, 0x78, 0x1D, 0x0C, 0xA6, 0x82, 0xD4, 0xC4, 0x53, 0xC0,
    0xFC, 0x64, 0x4C, 0x1F, 0x66, 0xEB, 0x8E, 0xF2, 0x1C, 0xE6, 0xB8, 0x2C, 0x4F, 0x1D, 0xFD, 0x76,
    0xF0, 0xC7, 0xD0, 0x8B, 0x27, 0xBE, 0xFF, 0x8A, 0x3E, 0xBD, 0x1C, 0xF6, 0x5F, 0xCC, 0xF4, 0x54,
    0x2B, 0x02, 0x05, 0xFC, 0xCD, 0xEC, 0xB8, 0x4F, 0xE2, 0x27, 0xF5, 0x05, 0xC6, 0x30, 0x2F, 0xB5,
    0x8C, 0x83, 0xEC, 0x95, 0x0F, 0xB8, 0xC0, 0x47, 0xB0, 0x83, 0xF2, 0x03, 0x60, 0x8E, 0xA9, 0xAF,
    0xD7, 0x47, 0x7B, 0xC7, 0xD9, 0x6D, 0xAD, 0x37, 0xB5, 0xDE, 0x92, 0xDE, 0x50, 0xA4, 0xDF, 0x7F,
    0x86, 0x0B, 0xB2, 0x05, 0xF4, 0x16, 0xA6, 0x3F, 0xA8, 0x58, 0xE5, 0xDF, 0x99, 0x71, 0xAF, 0x0A,
    0x43, 0x62, 0x98, 0xA9, 0x22, 0x2A, 0xC4, 0x3C, 0x48, 0x4D, 0xBF, 0xE8, 0x74, 0xAD, 0xE5, 0x33,
    0x16, 0x09, 0xCF, 0x6F, 0x8A, 0x2C, 0x7C, 0xAA, 0x37, 0x45, 0xD1, 0xDB, 0x71, 0xD6, 0x8A, 0xB5,
    0x99, 0x06, 0xA0, 0xD3, 0x3B, 0x93, 0x79, 0x33, 0xF1, 0xB4, 0xEC, 0x5A, 0xEC, 0xCA, 0x08, 0x86,
    0x38, 0xDE, 0x96, 0x4A, 0x07, 0xD4, 0x67, 0x67, 0xCA, 0x8B, 0x14, 0xEC, 0xFA, 0xE2, 0xFD, 0x85,
    0x51, 0x38, 0x7B, 0x60, 0xF5, 0x44, 0x2A, 0xA9, 0x60, 0xF8, 0x39, 0xC0, 0x9E, 0x45, 0x82, 0x8F,
    0x32, 0x33, 0xE2, 0x89, 0x82, 0x6A, 0xD1, 0x2D, 0xE9, 0x28, 0x87, 0xD5, 0x3D, 0xB5, 0xEE, 0x1D,
    0x4F, 0xB4, 0xE7, 0xC0, 0x57, 0x09, 0xB8, 0xB4, 0x58, 0x81, 0x5D, 0x98, 0x0D, 0xF1, 0x90, 0x1B,
    0x64, 0xEB, 0xFD, 0xC1, 0x3A, 0x3C, 0x0A, 0xBD, 0xBB, 0x1A, 0x7C, 0xDD, 0x17, 0xB4, 0x5F, 0x97,
    0xC3, 0x60, 0x96, 0x94, 0xF7, 0xFF, 0xF9, 0x8A, 0x25, 0x25, 0x7A, 0x66, 0x4B, 0x4A, 0x79, 0x8B,
    0x8A, 0x06, 0x5B, 0x3A, 0xB3, 0xA4, 0x28, 0x43, 0x41, 0xE8, 0xCB, 0xF7, 0xCE, 0x2D, 0x29, 0x19,
    0x1D, 0xF1, 0xB7, 0xB1, 0xA4, 0x70, 0x10, 0x12, 0x2C, 0x55, 0x41, 0xC4, 0xA9, 0xB1, 0x22, 0x3E,
    0xFE, 0x19, 0x0D, 0x56, 0xBC, 0xF6, 0x58, 0x27, 0xCB, 0xBF, 0xB1, 0x6F, 0xC8, 0x88, 0xDF, 0xF9,
    0xEA, 0x02, 0x34, 0xBE, 0x58, 0x4C, 0x32, 0x58, 0x4C, 0x64, 0x08, 0xBC, 0xF1, 0x87, 0x04, 0x40,
    0x3A, 0xF8, 0x1D, 0xF0, 0x44, 0xC1, 0x2F, 0xA3, 0x85, 0xF6, 0xF3, 0x53, 0xCA, 0xEF, 0xEB, 0xEA,
    0xC1, 0xA3, 0x68, 0xA6, 0xFC, 0x20, 0x8F, 0xAC, 0x9C, 0xF8, 0xCC, 0xE4, 0xE2, 0x12, 0x58, 0xD0,
    0x85, 0x35, 0xBE, 0x47, 0x1F, 0x64, 0x1E, 0xB8, 0x57, 0x16, 0x2A, 0xE9, 0xAE, 0xFF, 0xA2, 0x56,
    0x5C, 0xF7, 0x47, 0xFA, 0x88, 0xDC, 0xE1, 0x15, 0x1D, 0xF2, 0xBF, 0x93, 0x46, 0x2E, 0x13, 0x9F,
    0x28, 0x72, 0xBB, 0xBF, 0x8A, 0xC5, 0x7E, 0xE1, 0x3E, 0x1F, 0x37, 0x7F, 0x21, 0x86, 0x90, 0x9D,
    0xFB, 0xE4, 0x8B, 0x32, 0x81, 0xDD, 0x0C, 0x6A, 0x97, 0xDD, 0xFE, 0xF6, 0x1E, 0x40, 0xED, 0xC5,
    0x29, 0xA8, 0x3D, 0xC6, 0x4A, 0xDE, 0x41, 0x02, 0x20, 0xEE, 0xCC, 0x69, 0xB7, 0xEC, 0x6A, 0xFF,
    0x54, 0x5F, 0xFB, 0xDD, 0xB1, 0x09, 0x32, 0x20, 0x3E, 0x81, 0xDB, 0x83, 0xDF, 0x48, 0x18, 0x38,
    0x15, 0x83, 0xF3, 0x6D, 0xB3, 0x80, 0xFF, 0x99, 0x6C, 0x0D, 0xCC, 0xDD, 0x62, 0x40, 0x26, 0x1C,
    0x25, 0x62, 0x68, 0xF2, 0xBB, 0x94, 0x33, 0xA8, 0x4F, 0x67, 0x5C, 0x99, 0xD4, 0xC0, 0x02, 0x65,
    0xE3, 0x15, 0xF4, 0x98, 0xA8, 0x22, 0x09, 0xD8, 0x59, 0x27, 0x50, 0xE3, 0xB9, 0x9C, 0x44, 0x81,
    0xC2, 0x22, 0xD3, 0xED, 0x46, 0x46, 0xC3, 0x7E, 0xD6, 0x40, 0xEB, 0x29, 0x6F, 0x30, 0x25, 0x7A,
    0xBB, 0xE0, 0xA8, 0xAF, 0x7F, 0xA1, 0x8B, 0x9F, 0xA7, 0xF2, 0x2A, 0x3D, 0x02, 0x0F, 0xE2, 0x01,
    0xA8, 0xFF, 0xCD, 0xBF, 0xB8, 0xCF, 0x15, 0xF2, 0x3A, 0xC2, 0x04, 0x08, 0xF9, 0x29, 0xD7, 0x55,
    0x1F, 0xBE, 0x89, 0x0E, 0xEE, 0xB4, 0xC2, 0x7F, 0x65, 0x28, 0x86, 0x68, 0x2C, 0x0E, 0xBB, 0x31,
    0x17, 0x07, 0x50, 0x59, 0x7D, 0x41, 0x1C, 0x3F, 0xBB, 0x43, 0x71, 0x80, 0x32, 0x1D, 0x37, 0x85,
    0x64, 0x41, 0xE0, 0x11, 0x26, 0x46, 0xA4, 0xC6, 0x1F, 0x65, 0x16, 0xDA, 0x5A, 0x59, 0x7C, 0xB9,
    0x3F, 0xF1, 0xEF, 0xD1, 0xD2, 0x03, 0xB4, 0x21, 0x51, 0x8E, 0x1A, 0x50, 0x44, 0x41, 0xC3, 0xC9,
    0x59, 0xC0, 0x58, 0x4B, 0xB7, 0x7B, 0xE3, 0xD3, 0x4E, 0xC9, 0x95, 0x7F, 0xB6, 0x72, 0xC9, 0xB2,
    0xE3, 0x75, 0x36, 0x0E, 0xB5, 0xAD, 0x5A, 0xD3, 0x42, 0xC1, 0x6F, 0xDF, 0x4D, 0xDF, 0x4F, 0x59,
    0x69, 0xBF, 0xEF, 0x6E, 0xF8, 0x77, 0x76, 0x19, 0xF3, 0x95, 0xCB, 0x28, 0x4E, 0x76, 0x8F, 0xC2,
    0x62, 0x7A, 0xE1, 0x06, 0x5F, 0xB7, 0xCA, 0xA7, 0xA3, 0x37, 0xCE, 0xCF, 0x92, 0xAC, 0x92, 0x43,
    0xA8, 0xFC, 0x55, 0xA8, 0x7C, 0x5D, 0x9F, 0xC0, 0xC1, 0x96, 0xE9, 0xB8, 0xC2, 0xD8, 0xFA, 0x3B,
    0xA9, 0xFC, 0xBB, 0x54, 0x32, 0x26, 0x22, 0x39, 0x14, 0x1C, 0x45, 0x14, 0x61, 0x7C, 0x98, 0x0B,
    0xAC, 0xE0, 0xE2, 0x7E, 0x78, 0xD3, 0xED, 0xB9, 0xCF, 0xA7, 0x26, 0x06, 0x17, 0xE4, 0xF7, 0xF2,
    0x80, 0xF4, 0xCA, 0x65, 0x78, 0xED, 0xA8, 0x6E, 0xC7, 0x93, 0xF5, 0x4F, 0x34, 0x7C, 0xFE, 0xC6,
    0x96, 0x30, 0x2C, 0x26, 0x73, 0xB1, 0x69, 0x37, 0xB0, 0x02, 0x6D, 0x7D, 0x71, 0x3F, 0xE0, 0x35,
    0x15, 0x83, 0x08, 0x27, 0x91, 0x34, 0xFF, 0x27, 0xCC, 0xD6, 0xA0, 0x6C, 0xB1, 0x0E, 0x95, 0xCC,
    0xB9, 0x47, 0xA7, 0xF7, 0xBE, 0x3E, 0x99, 0x75, 0x68, 0xE8, 0xF0, 0xC9, 0x1A, 0xF6, 0x7A, 0xD6,
    0xD6, 0x87, 0x35, 0xF4, 0x40, 0x4E, 0x35, 0x5C, 0xBD, 0x26, 0x8D, 0x67, 0xA2, 0xE0, 0xDE, 0xA8,
    0x11, 0x97, 0x45, 0xAA, 0x45, 0xAE, 0x45, 0xA9, 0x85, 0x57, 0x73, 0xCA, 0xC2, 0x22, 0x99, 0x58,
    0x20, 0x74, 0xCF, 0x01, 0xF5, 0xEA, 0x15, 0x8C, 0xC9, 0x82, 0xF6, 0x9B, 0xF2, 0x2D, 0x9A, 0xC1,
    0x34, 0x7E, 0xCF, 0x95, 0x6F, 0x13, 0x60, 0xAA, 0x11, 0x7C, 0xD2, 0x60, 0xAB, 0x45, 0xA5, 0x85,
    0x5E, 0x04, 0xCD, 0x02, 0x8E, 0x61, 0x7C, 0x5E, 0x4D, 0x7D, 0x0B, 0x79, 0x94, 0x26, 0x95, 0x30,
    0x41, 0x3B, 0x8C, 0x5C, 0x8D, 0x3D, 0x09, 0x49, 0x4C, 0x84, 0x7D, 0x01, 0x98, 0x27, 0x16, 0xAB,
    0xBC, 0xB1, 0x95, 0xB4, 0x9E, 0xAF, 0xDC, 0x2D, 0x1C, 0x57, 0xB4, 0x18, 0x3A, 0xC6, 0x5B, 0xC8,
    0x0A, 0x04, 0x22, 0x3B, 0x8A, 0xDD, 0x0D, 0xEE, 0xB0, 0xDF, 0x0A, 0x49, 0xC5, 0xCE, 0xE4, 0xF3,
    0xC7, 0x42, 0x18, 0xD0, 0xE6, 0xB1, 0xF3, 0x04, 0x32, 0x80, 0xC8, 0x52, 0x36, 0xC0, 0x85, 0xD7,
    0x83, 0x5B, 0xF5, 0x0B, 0x05, 0x64, 0x74, 0xB7, 0x53, 0x5F, 0x8F, 0xF2, 0xC1, 0xD2, 0xA4, 0xE1,
    0xFA, 0x0A, 0xC7, 0x25, 0xAD, 0x2D, 0xC6, 0xF3, 0x48, 0x2F, 0xED, 0x09, 0xE7, 0x22, 0xE8, 0x14,
    0xE2, 0x8A, 0x6A, 0xA4, 0x85, 0x20, 0xD8, 0xB1, 0x05, 0x85, 0x07, 0xFC, 0x8C, 0xF2, 0x7B, 0xFE,
    0x25, 0x96, 0xF0, 0x61, 0x73, 0x9A, 0x4A, 0xE5, 0xBC, 0x48, 0xAD, 0x68, 0xD3, 0x96, 0xE8, 0x0F,
    0x5E, 0x65, 0x7D, 0x5D, 0x5E, 0xE4, 0x3B, 0x04, 0xEB, 0x8A, 0xA6, 0xD0, 0x6C, 0xC9, 0x0E, 0x26,
    0x30, 0xFC, 0xBA, 0xAA, 0xCF, 0xB7, 0x0F, 0xF5, 0xFA, 0x47, 0xA9, 0xBD, 0x25, 0x1A, 0x8D, 0x84,
    0x75, 0xE2, 0x57, 0x7F, 0x86, 0x19, 0x87, 0x29, 0x38, 0x86, 0xF1, 0x6D, 0xC7, 0xB0, 0x82, 0x47,
    0x4F, 0x81, 0xA9, 0xDF, 0x1A, 0x5B, 0x17, 0x3D, 0x5E, 0xE4, 0x99, 0x4E, 0xFE, 0xAB, 0x62, 0xB3,
    0xFB, 0xB9, 0x0F, 0xD8, 0xBA, 0xC6, 0xE7, 0xB0, 0xDA, 0x41, 0x57, 0xD8, 0x8B, 0xF9, 0x2D, 0x3A,
    0x62, 0xEB, 0x54, 0x52, 0x3D, 0xD9, 0x9E, 0x7B, 0x94, 0xB9, 0xCC, 0xFF, 0xF0, 0xF7, 0x61, 0x70,
    0x0C, 0x14, 0x0A, 0x36, 0x64, 0x35, 0xD9, 0x5D, 0x47, 0x6A, 0x33, 0xEF, 0x8D, 0x61, 0x78, 0x3C,
    0xF5, 0x88, 0x4B, 0x24, 0x52, 0xA4, 0x88, 0x6E, 0x30, 0xCA, 0x6C, 0xB6, 0x92, 0xC8, 0x50, 0xDD,
    0xCE, 0x7F, 0x3B, 0xDD, 0x4F, 0x43, 0xF9, 0x03, 0xB9, 0x39, 0x34, 0xE1, 0xBF, 0x74, 0xAC, 0x4D,
    0x36, 0xD6, 0x14, 0xB8, 0xAF, 0x72, 0x5F, 0xB1, 0x26, 0x0E, 0x48, 0xAF, 0x23, 0xF9, 0x1A, 0xB3,
    0x50, 0x53, 0x09, 0x6A, 0x28, 0x74, 0x08, 0x61, 0x8C, 0xC2, 0x0A, 0x0E, 0xDF, 0x00, 0x3F, 0xB6,
    0x20, 0xA7, 0x87, 0x83, 0x7D, 0x2F, 0xCC, 0xED, 0x47, 0x18, 0x3B, 0x62, 0x69, 0x96, 0xD6, 0x14,
    0x1C, 0x0E, 0xE5, 0x33, 0xB7, 0xBA, 0xC2, 0xB8, 0xD5, 0xE6, 0x8D, 0x09, 0x88, 0x09, 0xDC, 0xB9,
    0x35, 0x3C, 0xDE, 0xAD, 0xF1, 0xF1, 0x6E, 0x0D, 0x3F, 0x77, 0x6B, 0x84, 0xFC, 0x26, 0x44, 0xFE,
    0x18, 0x23, 0x7F, 0x0C, 0x92, 0x3F, 0x86, 0xB9, 0x1F, 0xC3, 0xE4, 0xE5, 0xE0, 0xC8, 0xE2, 0xE4,
    0x8F, 0x81, 0xF2, 0x6B, 0xA4, 0xBC, 0x79, 0x2D, 0xB8, 0x0C, 0x84, 0x58, 0xF9, 0x4D, 0x2B, 0x1A,
    0x2D, 0x3F, 0xB8, 0x4D, 0xB8, 0xBC, 0xC5, 0xCB, 0xAB, 0x02, 0xA9, 0x01, 0xF3, 0x6B, 0xC4, 0x7C,
    0xB3, 0x5E, 0xF3, 0x31, 0x66, 0xDE, 0xC2, 0xD8, 0x08, 0x73, 0x09, 0x51, 0xF3, 0xFE, 0x24, 0x1D,
    0xCA, 0xAD, 0x6A, 0x95, 0xE1, 0xCA, 0x81, 0xF7, 0x58, 0x14, 0xE1, 0x0E, 0x30, 0x38, 0x40, 0x0E,
    0xC4, 0x86, 0xCB, 0x39, 0xA3, 0x45, 0xCD, 0x55, 0x6F, 0x2D, 0xD4, 0x72, 0x0D, 0x56, 0x1E, 0x70,
    0xE5, 0x01, 0x58, 0x6E, 0xC8, 0xF2, 0x15, 0x8B, 0x1E, 0x8E, 0xD7, 0xF6, 0x1A, 0x85, 0x10, 0xD4,
    0xD0, 0x08, 0x70, 0x1E, 0xF8, 0x03, 0xB4, 0x54, 0x9C, 0x79, 0x90, 0xBF, 0xEA, 0xA7, 0x95, 0xCE,
    0xBD, 0xA9, 0x4E, 0xE1, 0xC9, 0x12, 0x03, 0x48, 0xE4, 0x49, 0xF3, 0xE0, 0x70, 0x9E, 0x18, 0x00,
    0x1F, 0x1F, 0x5C, 0xC8, 0x09, 0xF0, 0x80, 0xD2, 0x16, 0x25, 0xF0, 0x62, 0xCD, 0x09, 0xA0, 0xA0,
    0x98, 0xFE, 0x0F, 0xAE, 0x24, 0x06, 0x58, 0xCC, 0xDC, 0xF2, 0x26, 0x8F, 0xFA, 0x73, 0xAE, 0x78,
    0xCC, 0x64, 0x55, 0x99, 0xEB, 0x13, 0x6E, 0xD0, 0x48, 0xED, 0xF3, 0x8A, 0x90, 0x3F, 0x94, 0x06,
    0x41, 0x28, 0xCF, 0xD0, 0xF1, 0xB4, 0xB9, 0x03, 0x8D, 0x2F, 0xA7, 0xC9, 0x05, 0x21, 0x0F, 0x09,
    0x10, 0x5E, 0x22, 0x60, 0x59, 0x25, 0x20, 0x72, 0xD7, 0xAB, 0xDE, 0x0D, 0xB3, 0x14, 0x50, 0x70,
    0x65, 0xF7, 0xBC, 0xB2, 0xF0, 0xCC, 0xDB, 0x28, 0x7A, 0xFA, 0x87, 0xD4, 0x5F, 0x54, 0xB3, 0xE5,
    0x82, 0x67, 0xC9, 0x3C, 0x67, 0x2F, 0x69, 0x4C, 0xBA, 0xF3, 0x4F, 0xB1, 0xA6, 0xD3, 0x15, 0x46,
    0xFF, 0x18, 0xFD, 0x49, 0x9C, 0x23, 0x9E, 0xE1, 0x30, 0x4C, 0x98, 0x46, 0xD7, 0x21, 0xE3, 0x0F,
    0xE8, 0x85, 0x60, 0x5C, 0xEC, 0x8E, 0xFE, 0x6A, 0xEC, 0x07, 0xA9, 0x03, 0x1D, 0x08, 0x87, 0x0E,
    0xD7, 0x07, 0x90, 0xD8, 0xAF, 0xCB, 0xFB, 0x15, 0x42, 0x1F, 0x55, 0xAB, 0x3E, 0xAB, 0xB3, 0x7E,
    0xA2, 0x27, 0x09, 0xCF, 0xB5, 0x7C, 0x4C, 0xD7, 0xE7, 0x63, 0x8A, 0x48, 0x8F, 0xDF, 0xC7, 0x1D,
    0x3F, 0xFE, 0xB5, 0xF2, 0xBE, 0x71, 0x43, 0xF5, 0x7B, 0x68, 0x40, 0xB6, 0x67, 0x5F, 0xF3, 0xA8,
    0x82, 0x2D, 0xE4, 0xE3, 0xB1, 0xCD, 0xBD, 0xD7, 0x67, 0x72, 0xE0, 0x79, 0x35, 0x26, 0x9D, 0xC9,
    0xA0, 0xCA, 0x9E, 0xF1, 0x6B, 0x9C, 0xB3, 0x06, 0xEF, 0x85, 0xB3, 0xB0, 0x00, 0x74, 0xA6, 0x40,
    0x67, 0x14, 0x75, 0x73, 0x8A, 0xE2, 0x93, 0x8F, 0x05, 0xEE, 0xB9, 0x90, 0xD9, 0xEC, 0x0B, 0xF8,
    0xC2, 0x0A, 0x76, 0x5F, 0xBC, 0xB6, 0xA2, 0x26, 0xB4, 0x60, 0xD7, 0x4D, 0xD5, 0x52, 0x96, 0xEB,
    0xA2, 0x51, 0x28, 0x6A, 0xC1, 0x13, 0x93, 0xF0, 0x8E, 0x67, 0xC0, 0xB3, 0xEA, 0x61, 0x8A, 0x1E,
    0xA8, 0x1B, 0x6A, 0x07, 0xA2, 0xBC, 0x77, 0xCE, 0x84, 0x90, 0x6D, 0xD1, 0xA9, 0x19, 0x65, 0xD8,
    0x1E, 0xB0, 0x57, 0xCE, 0x17, 0x6B, 0x2B, 0x64, 0x57, 0xB8, 0xE6, 0x2E, 0x9C, 0x6F, 0x73, 0x76,
    0x8C, 0xA0, 0x1A, 0x12, 0xAB, 0x19, 0xEF, 0x2A, 0x8D, 0x13, 0x59, 0x18, 0xFD, 0x26, 0x26, 0x2B,
    0x21, 0x98, 0x3C, 0xBF, 0x12, 0x2E, 0xB6, 0x88, 0xEC, 0x16, 0x69, 0xBC, 0x89, 0xBA, 0x17, 0x3A,
    0x13, 0x61, 0x16, 0x39, 0x9F, 0xFC, 0x8A, 0x5D, 0x1C, 0x1B, 0x20, 0x17, 0x60, 0xE4, 0x49, 0x3E,
    0x10, 0x6A, 0xC4, 0x18, 0xC4, 0x6C, 0x64, 0x21, 0x66, 0x39, 0xBF, 0x32, 0x6C, 0x02, 0xB0, 0xD6,
    0x40, 0xC1, 0x54, 0x03, 0x0C, 0xF3, 0x71, 0xB5, 0x6C, 0xC4, 0x21, 0x8B, 0x09, 0x75, 0x3A, 0x8D,
    0x41, 0xDA, 0x14, 0xFA, 0xE5, 0x4E, 0x77, 0xA1, 0xB4, 0x1B, 0x2B, 0x27, 0x3E, 0x36, 0xB6, 0x3F,
    0x8B, 0x56, 0xD4, 0xA7, 0x40, 0xE3, 0x0A, 0xB9, 0x06, 0x43, 0xC8, 0x18, 0x3C, 0x8C, 0x48, 0x5A,
    0xE0, 0x4F, 0x04, 0xCC, 0x0F, 0x86, 0x5E, 0x03, 0x6D, 0x05, 0x4E, 0x42, 0x13, 0x7D, 0x0F, 0xB6,
    0x92, 0xD3, 0x4E, 0xA8, 0x96, 0x44, 0xE5, 0x40, 0x2B, 0x65, 0x8A, 0xC6, 0x9A, 0xBF, 0xE6, 0xFD,
    0xF1, 0xA8, 0x3D, 0x5B, 0xE0, 0x39, 0x7A, 0xDC, 0x2B, 0x20, 0x2A, 0xCD, 0x51, 0x5F, 0x78, 0xA6,
    0x62, 0xF5, 0x4D, 0x6D, 0x8B, 0x0F, 0xD5, 0x18, 0x27, 0xC1, 0xD5, 0x62, 0x93, 0x9A, 0xEB, 0xBC,
    0x08, 0xAA, 0xC0, 0x53, 0x31, 0xF1, 0x27, 0xE4, 0xF2, 0x7E, 0x70, 0x00, 0x9F, 0x90, 0x6B, 0xB1,
    0xF3, 0x96, 0x87, 0x6D, 0xBA, 0x58, 0x36, 0xC7, 0xE4, 0x70, 0x77, 0x2E, 0xFD, 0x11, 0xA6, 0x72,
    0x52, 0x3E, 0x6B, 0xBB, 0x67, 0x25, 0x21, 0x04, 0xFD, 0x19, 0x9D, 0x02, 0x98, 0xF2, 0x84, 0x52,
    0xF0, 0x38, 0xA1, 0xD7, 0xED, 0x79, 0x85, 0x5A, 0x16, 0xAE, 0x8B, 0x95, 0xC6, 0x94, 0xE6, 0xBB,
    0x57, 0x1E, 0x2E, 0x56, 0xA1, 0xC2, 0xA2, 0x95, 0x49, 0x2B, 0x6D, 0xB6, 0xD8, 0xCE, 0x71, 0x88,
    0x77, 0x77, 0xE4, 0xE4, 0xCC, 0x90, 0xD0, 0x58, 0xA5, 0xBC, 0x4B, 0x65, 0x3D, 0x2A, 0xB4, 0x13,
    0x07, 0x93, 0x87, 0xA1, 0x93, 0xD4, 0x27, 0xAF, 0x37, 0x67, 0x1A, 0x79, 0x1D, 0x04, 0x26, 0xD5,
    0x81, 0xBD, 0xE1, 0xA2, 0xB6, 0xC5, 0x35, 0x48, 0xD6, 0x99, 0x6B, 0x57, 0x42, 0x84, 0x01, 0x0A,
    0x0E, 0xCB, 0x25, 0x51, 0x24, 0xEB, 0x6E, 0x1D, 0xE5, 0x5A, 0x1C, 0x2E, 0x15, 0x61, 0x17, 0x9A,
    0x08, 0x96, 0x8D, 0xA6, 0x1D, 0x7B, 0x33, 0xD4, 0x76, 0x5A, 0x1C, 0x82, 0x29, 0x12, 0x52, 0xC6,
    0x61, 0x0D, 0xCF, 0x36, 0x34, 0xC0, 0x5E, 0x77, 0xD3, 0x4C, 0xA3, 0x30, 0x48, 0x12, 0x7D, 0x00,
    0xB8, 0x42, 0x4B, 0x64, 0x0A, 0xD8, 0x93, 0xB8, 0x5E, 0x64, 0x3D, 0x12, 0xEE, 0xBE, 0x00, 0xD9,
    0xDB, 0x00, 0xE5, 0x10, 0x0A, 0x84, 0x10, 0xC6, 0xB3, 0x16, 0xC8, 0x5A, 0xC3, 0x02, 0xFE, 0x42,
    0xC4, 0x77, 0x09, 0x4F, 0x93, 0xE3, 0xB0, 0x3A, 0xFD, 0x0D, 0xD0, 0x78, 0x0C, 0x9D, 0x90, 0xF4,
    0x9E, 0xC4, 0x77, 0xD5, 0x8A, 0xEE, 0x51, 0x03, 0x36, 0xD2, 0x6E, 0x7C, 0x46, 0x3E, 0x3D, 0x1C,
    0x2D, 0x11, 0x03, 0xF3, 0x77, 0x8A, 0x1D, 0x12, 0x31, 0x93, 0x25, 0xDC, 0x46, 0x58, 0xAE, 0xBE,
    0x29, 0x61, 0x37, 0x12, 0xA1, 0x28, 0xB2, 0xC2, 0x97, 0xE6, 0xD4, 0x6A, 0xDF, 0xF4, 0xF0, 0xAB,
    0x79, 0xC1, 0xFD, 0x74, 0xF2, 0x30, 0xF2, 0xB9, 0x60, 0x2E, 0x26, 0x2A, 0x37, 0x90, 0xF0, 0xE6,
    0x87, 0xD3, 0xFD, 0x26, 0x17, 0xF1, 0x37, 0xDA, 0x61, 0xB3, 0xAB, 0xC9, 0x45, 0x74, 0x1E, 0xE4,
    0x94, 0x5D, 0x22, 0xED, 0xFF, 0x48, 0x9D, 0x4E, 0x8A, 0xD7, 0x23, 0xD5, 0xF1, 0xC4, 0xF6, 0x9E,
    0x2D, 0x46, 0xAC, 0xE5, 0x48, 0xA4, 0x7D, 0xE9, 0x87, 0xE6, 0x22, 0x9F, 0x99, 0x7E, 0xEC, 0x05,
    0xA5, 0x34, 0x59, 0xAE, 0x10, 0x1D, 0x9B, 0xE7, 0xE4, 0x5E, 0x02, 0xD9, 0x14, 0x7A, 0x7C, 0x42,
    0x08, 0xA9, 0xBE, 0x42, 0x5A, 0x3E, 0x9E, 0x7C, 0xC0, 0x2A, 0x5F, 0xF4, 0x9A, 0x0B, 0x24, 0x59,
    0x4C, 0x67, 0xE3, 0xDA, 0x5C, 0x25, 0x73, 0x10, 0x66, 0x0A, 0xAE, 0xBB, 0xD9, 0x40, 0x48, 0x3C,
    0x9C, 0x67, 0xEA, 0x38, 0xA3, 0x69, 0xD4, 0x05, 0xA3, 0x56, 0xB9, 0x49, 0x7C, 0x9B, 0x7F, 0x08,
    0x1A, 0x30, 0xD2, 0x40, 0x66, 0xD1, 0xCB, 0x41, 0x5F, 0x29, 0x50, 0xAC, 0x23, 0x30, 0xD2, 0x0C,
    0x32, 0x93, 0x31, 0x2E, 0x97, 0xC8, 0x48, 0x33, 0x8E, 0x82, 0x3A, 0x60, 0xA4, 0xCF, 0x1C, 0xD9,
    0xFB, 0xD5, 0x9B, 0x7D, 0x1D, 0xD1, 0xDC, 0x25, 0x1A, 0x01, 0x4E, 0xF5, 0x0F, 0x18, 0x00, 0xCB,
    0x0F, 0xAB, 0xCE, 0x15, 0x06, 0x01, 0x2A, 0x74, 0x90, 0xA0, 0xAD, 0x9E, 0x1A, 0xCA, 0xAF, 0x14,
    0x63, 0x36, 0xAF, 0xE9, 0x51, 0x9C, 0x4A, 0xF1, 0x0A, 0xCC, 0x2C, 0x35, 0xD1, 0x0C, 0x66, 0xEF,
    0x86, 0x06, 0xE5, 0xF0, 0x26, 0x5A, 0xE3, 0xEE, 0x8B, 0x0D, 0x42, 0x9C, 0xA9, 0x7C, 0xA3, 0xD9,
    0x10, 0xE2, 0xB8, 0xFB, 0xE0, 0xC6, 0x07, 0x7E, 0x10, 0xF3, 0xA2, 0xD4, 0xBB, 0x3F, 0x6C, 0xEF,
    0x7E, 0xBD, 0x71, 0x3A, 0xAC, 0x8E, 0xE4, 0xEC, 0xEE, 0x2F, 0xA6, 0x85, 0x49, 0xCE, 0xD2, 0xC2,
    0x88, 0x7D, 0x0B, 0xFA, 0xFF, 0xC0, 0xB4, 0x30, 0x8B, 0x26, 0x9A, 0x99, 0x57, 0x66, 0xAA, 0x69,
    0x61, 0xB4, 0x0F, 0xF6, 0x8A, 0x6D, 0xF9, 0x0D, 0xB1, 0xA6, 0x94, 0xCB, 0xCA, 0x16, 0x1D, 0xE2,
    0x21, 0x11, 0x47, 0x4C, 0x3D, 0x11, 0xD3, 0x55, 0xCC, 0x3E, 0x9E, 0xD8, 0xDF, 0x8A, 0x41, 0x9D,
    0xB8, 0xF3, 0x65, 0x60, 0x74, 0xA0, 0x03, 0xE3, 0x0D, 0xC1, 0x39, 0x11, 0x6F, 0x38, 0x21, 0x07,
    0x34, 0x1A, 0x80, 0xE6, 0xE7, 0x15, 0x24, 0x7F, 0x0C, 0x35, 0x74, 0x06, 0x9C, 0x47, 0x07, 0x45,
    0x4B, 0x0E, 0x98, 0x29, 0x21, 0x07, 0x7B, 0x31, 0xAC, 0xC1, 0xE0, 0x09, 0x97, 0x39, 0x12, 0xE2,
    0xF1, 0xE2, 0xF7, 0x97, 0x08, 0xE4, 0x62, 0x3F, 0xA6, 0xB4, 0x27, 0x9D, 0x94, 0x2A, 0x9C, 0xBE,
    0x54, 0xE5, 0x16, 0xCC, 0x79, 0x2C, 0x4F, 0x60, 0x09, 0xD7, 0x96, 0x5D, 0xCD, 0x64, 0x8B, 0x5B,
    0x4A, 0x18, 0xE6, 0x33, 0x52, 0x22, 0x03, 0xB7, 0x54, 0x6D, 0x82, 0x97, 0xE9, 0xAC, 0x56, 0x98,
    0xBB, 0x52, 0x55, 0xDE, 0xD4, 0xEA, 0xC4, 0x5C, 0x3B, 0x3C, 0x95, 0xE6, 0x55, 0xA6, 0x8D, 0xF9,
    0xBB, 0xD3, 0x26, 0xB1, 0xD3, 0x75, 0xD4, 0x42, 0x7A, 0xCE, 0xE9, 0x4D, 0xFA, 0xF8, 0x81, 0x99,
    0x99, 0x2E, 0x10, 0x66, 0x6E, 0x02, 0x60, 0xA1, 0xB4, 0xEC, 0x8A, 0xA3, 0xCC, 0x95, 0x27, 0x63,
    0xC0, 0xF2, 0x6C, 0x88, 0xEF, 0xAE, 0x10, 0xC6, 0xA4, 0x5C, 0x21, 0xED, 0xAD, 0xF2, 0x0E, 0xCD,
    0x46, 0x6A, 0x92, 0x4E, 0x48, 0x31, 0x2E, 0x96, 0x7C, 0x88, 0x8B, 0xBE, 0x70, 0xA0, 0x27, 0xE2,
    0x4F, 0x9B, 0x71, 0xD3, 0x67, 0xE4, 0x9A, 0xE4, 0x43, 0x72, 0x47, 0xC3, 0xC9, 0xF6, 0xB5, 0xB7,
    0x8F, 0xDB, 0xDB, 0x6F, 0x0F, 0x30, 0x70, 0x03, 0x40, 0xB9, 0x07, 0x5F, 0x49, 0xDF, 0x3E, 0x6E,
    0xF4, 0x63, 0xE8, 0x76, 0xB7, 0x34, 0x2D, 0xFF, 0x2B, 0xD6, 0x9A, 0x60, 0x40, 0x17, 0x1B, 0xC0,
    0x07, 0x9A, 0x3A, 0x95, 0x79, 0x59, 0xB2, 0xD3, 0xFC, 0xA9, 0x4F, 0x23, 0xD7, 0xC6, 0x75, 0xD6,
    0x34, 0x77, 0x36, 0x34, 0x99, 0x57, 0xB0, 0x2D, 0xC0, 0xBA, 0x82, 0xFD, 0xAF, 0x6E, 0xCE, 0x32,
    0xBE, 0x58, 0x9A, 0x74, 0x8A, 0x63, 0x40, 0x48, 0x7F, 0xC0, 0xDC, 0x97, 0xCC, 0x2C, 0xF2, 0x39,
    0x4E, 0xC1, 0xA1, 0x66, 0xD0, 0xD2, 0xE4, 0xF7, 0x8C, 0xF1, 0xF4, 0x54, 0x75, 0x67, 0xC9, 0xD0,
    0x85, 0xA2, 0x56, 0x90, 0x6C, 0xA1, 0xC5, 0xDE, 0x70, 0xC5, 0x67, 0x19, 0xBA, 0xCC, 0x0B, 0x14,
    0xB2, 0xE6, 0x5B, 0xBE, 0x9F, 0x86, 0xD2, 0x90, 0x84, 0x5A, 0x94, 0xA6, 0x46, 0x4C, 0x7A, 0x11,
    0x9D, 0x62, 0xAF, 0x08, 0x1C, 0xD4, 0x80, 0x01, 0xB3, 0x3E, 0x0C, 0xEE, 0x93, 0x54, 0xC6, 0xBF,
    0x88, 0x14, 0xA2, 0xEE, 0x55, 0x19, 0xAE, 0xE5, 0xA1, 0x96, 0xF9, 0x58, 0x54, 0xAA, 0x42, 0x29,
    0x7A, 0x7A, 0xAF, 0x68, 0xE3, 0x7C, 0x9B, 0xF8, 0xAD, 0xB7, 0xAB, 0xF9, 0x7D, 0xA2, 0x69, 0xEB,
    0xF5, 0x04, 0x25, 0x19, 0xBD, 0xA2, 0x5D, 0xE4, 0x64, 0x8F, 0x14, 0x03, 0x34, 0x9B, 0xA5, 0x12,
    0x72, 0x96, 0x58, 0xF3, 0x14, 0x48, 0x55, 0xF4, 0xAF, 0x2A, 0x43, 0x3A, 0xE9, 0x86, 0xE9, 0xEE,
    0xDD, 0x60, 0x85, 0xE5, 0xA2, 0xA6, 0x8C, 0x0E, 0x9F, 0x62, 0xCB, 0x70, 0x2D, 0xF8, 0x02, 0x26,
    0x45, 0xFD, 0x8C, 0x14, 0x5C, 0x7D, 0xA7, 0x2B, 0xAD, 0x22, 0x36, 0x1E, 0x6D, 0x24, 0xFE, 0x1B,
    0x8A, 0xE7, 0xDF, 0x61, 0x8F, 0x6E, 0x64, 0x77, 0xEE, 0xCE, 0x99, 0xF3, 0xE5, 0xB0, 0xBF, 0x77,
    0xDF, 0x33, 0x67, 0x4E, 0x00, 0x11, 0x09, 0xD0, 0x3A, 0x68, 0x5F, 0x43, 0x00, 0xEA, 0x6D, 0x71,
    0x81, 0xEE, 0x77, 0x36, 0x81, 0xAD, 0x9B, 0x55, 0x45, 0x58, 0x14, 0x58, 0xE5, 0x15, 0xED, 0x59,
    0x28, 0xE3, 0x3E, 0xEB, 0x04, 0x8D, 0x40, 0xFD, 0x48, 0x12, 0xBC, 0x3C, 0xA3, 0x99, 0xB9, 0xD3,
    0x13, 0x1F, 0x42, 0x50, 0x58, 0x03, 0x4E, 0xB0, 0xB6, 0x16, 0x59, 0x4A, 0x7C, 0xA5, 0x87, 0x1B,
    0x68, 0x64, 0xB1, 0x4C, 0x2B, 0xC2, 0xD4, 0x70, 0x8E, 0xEC, 0x2E, 0x35, 0x5D, 0x6A, 0xF8, 0x09,
    0xFC, 0x8D, 0x59, 0xAF, 0x3E, 0x20, 0x61, 0x92, 0xBB, 0x6D, 0x7C, 0x25, 0xA1, 0xCF, 0x9D, 0xC6,
    0x53, 0xD2, 0x2F, 0x79, 0x61, 0x63, 0x22, 0xA8, 0x91, 0x93, 0x24, 0x65, 0xE6, 0xC3, 0x8A, 0x1F,
    0xED, 0x25, 0x0A, 0xA7, 0x85, 0xBD, 0x35, 0xE1, 0x62, 0x61, 0xAF, 0x4D, 0x38, 0x2B, 0xE6, 0x90,
    0x90, 0x49, 0x19, 0xCC, 0xB6, 0xD0, 0xE8, 0x36, 0xCB, 0x18, 0x6B, 0x29, 0x63, 0x2D, 0x67, 0xAC,
    0x25, 0x8D, 0xB5, 0x17, 0x26, 0xD8, 0xEB, 0x12, 0xF4, 0x65, 0x09, 0x83, 0xBE, 0x2A, 0xA1, 0xD7,
    0x17, 0x25, 0x98, 0xD7, 0xBD, 0xDD, 0x7A, 0x71, 0x0C, 0xAA, 0xA5, 0x76, 0x36, 0xE8, 0x71, 0xAA,
    0x2A, 0x9F, 0x50, 0x46, 0x01, 0x6B, 0xF4, 0xAF, 0x52, 0xE6, 0xA2, 0xD1, 0x14, 0x34, 0x27, 0x94,
    0xF9, 0x68, 0x18, 0xFD, 0xEB, 0x18, 0xFC, 0xCB, 0x37, 0x9B, 0xF4, 0x8E, 0xA1, 0xBF, 0x0D, 0x23,
    0x7F, 0x2B, 0x82, 0x6B, 0x0E, 0x47, 0x9B, 0xDE, 0x72, 0x04, 0x33, 0x2A, 0x40, 0x93, 0xEE, 0xE4,
    0x97, 0x25, 0x67, 0xAC, 0x65, 0x00, 0xB6, 0x08, 0x8C, 0xCC, 0x8C, 0xAF, 0x13, 0xE9, 0x60, 0x60,
    0xCC, 0x67, 0xCD, 0x84, 0xA3, 0x03, 0x02, 0x4A, 0x2D, 0x02, 0x6C, 0xD8, 0x4B, 0x8D, 0x53, 0x0B,
    0xD7, 0xCB, 0x69, 0xB5, 0xD5, 0x4F, 0x76, 0x81, 0xF3, 0x16, 0x5B, 0x9B, 0x4C, 0x27, 0xAB, 0x9D,
    0x8E, 0x37, 0x46, 0x3C, 0xDD, 0xAB, 0xD5, 0xB6, 0xF3, 0x74, 0x04, 0x07, 0xF4, 0x46, 0xB5, 0x41,
    0x6F, 0x38, 0xF5, 0x09, 0xBD, 0x80, 0x5C, 0x96, 0x89, 0xBF, 0x40, 0x2E, 0xA9, 0xE0, 0x94, 0x9C,
    0x87, 0x8B, 0x5B, 0x9B, 0x51, 0xC6, 0x84, 0x7D, 0x48, 0x84, 0xE8, 0x13, 0xB9, 0x12, 0xE0, 0xAE,
    0xD3, 0xED, 0x98, 0xAA, 0x4D, 0xB7, 0xD1, 0x59, 0x26, 0x68, 0x67, 0xA9, 0xA0, 0x9D, 0xE5, 0x82,
    0x76, 0x96, 0x0C, 0x9A, 0xEF, 0x8A, 0x88, 0x08, 0xD4, 0x50, 0x55, 0xB6, 0x64, 0x48, 0xAD, 0x94,
    0xC2, 0x9A, 0x25, 0x21, 0xB4, 0x2B, 0xBF, 0x2B, 0x80, 0xEA, 0x5F, 0x48, 0xA9, 0x29, 0xA1, 0x1D,
    0x42, 0x13, 0xFD, 0xB7, 0x51, 0x0A, 0x7A, 0x5B, 0x06, 0xA4, 0x80, 0xB4, 0x19, 0x13, 0x25, 0xD8,
    0xF4, 0x6F, 0x4D, 0x2C, 0x8B, 0xB7, 0x07, 0x96, 0x02, 0xFF, 0x62, 0x29, 0x3C, 0x90, 0xE5, 0x1E,
    0xA9, 0xA1, 0x1D, 0x72, 0x43, 0x3B, 0x96, 0x22, 0x06, 0xB0, 0x14, 0xEB, 0x9A, 0xB0, 0x1D, 0x4D,
    0x08, 0xBD, 0x96, 0x9D, 0x95, 0xCD, 0xA9, 0x3B, 0xB9, 0xAE, 0xDC, 0xD6, 0xE4, 0x1F, 0xDE, 0x28,
    0x02, 0x8F, 0x0C, 0x7D, 0x36, 0x64, 0xB7, 0x8E, 0xF3, 0x03, 0x37, 0x27, 0x1A, 0x30, 0x1F, 0x92,
    0xF3, 0xFA, 0x27, 0xA2, 0x82, 0xD0, 0xE2, 0xC7, 0x92, 0x1B, 0xC4, 0x67, 0x4F, 0x00, 0x27, 0x4F,
    0x3D, 0x63, 0xB4, 0xE0, 0x0D, 0x84, 0x3B, 0x87, 0xC1, 0xAC, 0xFC, 0xFF, 0x0D, 0x68, 0xE3, 0xEC,
    0x22, 0x52, 0x95, 0xA5, 0xB7, 0x52, 0x8F, 0xCA, 0x41, 0x1B, 0x8C, 0x64, 0x59, 0xDD, 0x59, 0x9C,
    0xD9, 0xBD, 0xF1, 0xE0, 0x11, 0xA1, 0xD2, 0xC4, 0x03, 0xC7, 0x13, 0x75, 0x1D, 0x4B, 0xCD, 0xAB,
    0xA8, 0xDB, 0x23, 0xB0, 0xFE, 0x63, 0xF1, 0x9A, 0x8A, 0xB8, 0xDF, 0x77, 0xF1, 0x90, 0x4A, 0x02,
    0x84, 0xAC, 0xE5, 0x7D, 0xE4, 0x1B, 0xAC, 0xD6, 0x7D, 0x64, 0x16, 0xC4, 0x7B, 0xC0, 0x38, 0x6B,
    0x78, 0x5B, 0x56, 0x84, 0x17, 0x82, 0x7D, 0xAC, 0xBA, 0x2A, 0x1A, 0x52, 0xB9, 0xC1, 0xBC, 0x4F,
    0x34, 0xC5, 0x4B, 0x73, 0x9A, 0xE2, 0xE5, 0x3E, 0x92, 0x30, 0xAA, 0xAD, 0xC6, 0xAD, 0x41, 0x02,
    0x91, 0x0F, 0xF9, 0x4E, 0x4D, 0xD3, 0xFA, 0xB5, 0xB1, 0xE2, 0x5F, 0x6A, 0x4F, 0xE5, 0x3F, 0xB7,
    0x1E, 0x7B, 0x6C, 0x41, 0xAD, 0xAF, 0xD9, 0x8B, 0x70, 0xD4, 0xE3, 0x12, 0x2D, 0x3A, 0xDD, 0x10,
    0xB4, 0xE8, 0xF5, 0x4D, 0x63, 0x2C, 0xD3, 0x41, 0x4B, 0x35, 0x79, 0xA8, 0x56, 0x62, 0x7E, 0x60,
    0x15, 0xAA, 0xD4, 0x6F, 0xA5, 0xAE, 0x14, 0xCD, 0xF8, 0x82, 0x92, 0x42, 0x49, 0xA3, 0xAC, 0xAC,
    0x40, 0x7E, 0xA9, 0x5E, 0x4B, 0xA2, 0x6C, 0x70, 0x9D, 0x62, 0xEA, 0xAF, 0xE1, 0x0D, 0x00, 0xC0,
    0x0B, 0x52, 0xC6, 0x13, 0x62, 0x31, 0x64, 0xE1, 0xAB, 0xAB, 0xE8, 0xB0, 0xF7, 0x3C, 0x58, 0x1A,
    0x43, 0x1C, 0x0F, 0x82, 0x7C, 0x3A, 0xE9, 0x18, 0x3C, 0x02, 0x05, 0x7D, 0x77, 0x1A, 0xDB, 0xDB,
    0xA1, 0x87, 0xF8, 0xE0, 0x34, 0x3E, 0xA9, 0x81, 0xE5, 0x1D, 0x18, 0x0C, 0x61, 0xAB, 0xD0, 0x6B,
    0x1E, 0xB2, 0x93, 0xE7, 0x3D, 0x91, 0x6F, 0x82, 0x0C, 0x7F, 0x8F, 0x53, 0x32, 0x16, 0x73, 0xB9,
    0x8C, 0xE0, 0x5E, 0x47, 0xF0, 0xF2, 0x42, 0x5E, 0x70, 0x27, 0x3C, 0x00, 0x33, 0xA7, 0x27, 0x13,
    0xB8, 0x32, 0x73, 0x9E, 0x3D, 0xE3, 0x8F, 0xF4, 0xCE, 0x7B, 0x41, 0x3F, 0xCB, 0xD6, 0xEC, 0x0A,
    0xB4, 0x18, 0x89, 0x35, 0x20, 0xAB, 0x2C, 0x7E, 0x74, 0xB7, 0x75, 0x62, 0x9C, 0xBA, 0x2F, 0xEA,
    0xE3, 0x7B, 0x49, 0x02, 0xAD, 0x82, 0x21, 0x58, 0xA3, 0x5B, 0x6A, 0x24, 0xE9, 0x5C, 0xB3, 0x5F,
    0x67, 0xB0, 0xFA, 0x20, 0xAA, 0xAC, 0x54, 0x24, 0x7E, 0x1F, 0xE0, 0x22, 0x0F, 0xF4, 0x4A, 0x68,
    0x19, 0x82, 0xAD, 0xAD, 0x15, 0x45, 0xB3, 0xFF, 0x94, 0x1A, 0xF1, 0x54, 0xC2, 0x45, 0x84, 0xC3,
    0xF1, 0xDE, 0x00, 0xFD, 0x9B, 0x6A, 0x04, 0xA1, 0xB4, 0xA2, 0xC3, 0x21, 0x90, 0x08, 0x37, 0xC1,
    0x4C, 0x4E, 0x82, 0xAE, 0x75, 0xCC, 0x71, 0x12, 0x68, 0xC1, 0x6F, 0x9C, 0x45, 0xEB, 0xBC, 0x54,
    0x77, 0x1C, 0xF7, 0x99, 0x18, 0xC6, 0xA0, 0x77, 0x15, 0x2D, 0xEA, 0xA7, 0xE0, 0xE9, 0x7B, 0xE8,
    0x0D, 0x79, 0x37, 0xDE, 0xCE, 0xC2, 0x96, 0x7C, 0x3C, 0x9F, 0x55, 0x7E, 0xB8, 0x1B, 0xFF, 0x7F,
    0xE8, 0xC4, 0xAF, 0x46, 0x83, 0x2A, 0xC3, 0xD3, 0xA6, 0xB0, 0x2F, 0x2F, 0xFC, 0xFB, 0x88, 0x74,
    0x62, 0x37, 0x45, 0x83, 0x46, 0xFD, 0x91, 0xF0, 0xA3, 0xCD, 0xF5, 0x8F, 0xE6, 0xAD, 0x34, 0xE2,
    0x48, 0x04, 0x88, 0xA4, 0xC2, 0x96, 0xB6, 0xE7, 0xD0, 0xFE, 0x67, 0xCF, 0xD0, 0xCA, 0x5E, 0x5B,
    0x49, 0x6B, 0x2F, 0x89, 0xA3, 0x97, 0xA6, 0x18, 0x2D, 0x52, 0xEA, 0xF8, 0x55, 0x6E, 0x41, 0x6D,
    0x24, 0x8D, 0xFB, 0xBD, 0xBF, 0xD6, 0x17, 0x0A, 0x1C, 0xF1, 0x74, 0xC3, 0x11, 0x54, 0xF7, 0x80,
    0x1E, 0xB9, 0x0A, 0x73, 0x11, 0x9D, 0x55, 0xC0, 0xCC, 0x4E, 0xB7, 0x39, 0xD3, 0xAC, 0x20, 0x9F,
    0x5E, 0xD8, 0xF4, 0xFA, 0x18, 0xDE, 0xB6, 0x6A, 0xE8, 0xF4, 0xE3, 0xF2, 0x1A, 0xF9, 0x34, 0xD7,
    0x9C, 0x75, 0x47, 0x21, 0x5A, 0xD5, 0x79, 0x09, 0xED, 0x40, 0xAE, 0x3A, 0x60, 0xEA, 0xD8, 0x1F,
    0x86, 0xBD, 0xDF, 0xD2, 0x2B, 0xE8, 0xFB, 0x97, 0xE7, 0x7D, 0x39, 0xB1, 0x3F, 0x6E, 0xE7, 0xB8,
    0xF9, 0x67, 0x4E, 0xF8, 0x94, 0x56, 0x0C, 0xC6, 0x6D, 0x19, 0x47, 0xDB, 0x62, 0x54, 0x66, 0x55,
    0xF1, 0xD2, 0xF6, 0x84, 0x0C, 0x15, 0x79, 0x4B, 0x4E, 0x2B, 0xBA, 0xDC, 0x15, 0x2E, 0x7C, 0x2F,
    0xBD, 0x11, 0xF5, 0x48, 0x66, 0x70, 0xB3, 0x84, 0xFA, 0xF1, 0x78, 0xC9, 0xCC, 0x4E, 0xD0, 0x05,
    0x9A, 0xA1, 0x94, 0x84, 0x1F, 0xAF, 0x04, 0x09, 0x3D, 0x87, 0x0C, 0xBD, 0x1F, 0xFF, 0x84, 0x05,
    0xC7, 0x9B, 0x3F, 0xE6, 0x2A, 0xA8, 0x4E, 0x6F, 0xBE, 0x8B, 0xAE, 0xB9, 0xF9, 0xDB, 0x68, 0x38,
    0x1F, 0x8F, 0xFE, 0xB9, 0xA7, 0xF1, 0x73, 0xF7, 0x2E, 0xFC, 0xC1, 0x8E, 0xE6, 0xD6, 0x78, 0x0E,
    0x54, 0xBF, 0x09, 0xA7, 0x7C, 0xB9, 0x5E, 0x60, 0x80, 0x85, 0x17, 0x08, 0x25, 0xA4, 0x22, 0xDE,
    0x77, 0xC5, 0xE1, 0xBA, 0x85, 0xF7, 0xC3, 0x26, 0x55, 0x75, 0x9A, 0x61, 0x65, 0x4B, 0xB7, 0xE2,
    0xCF, 0xCB, 0xF6, 0x42, 0x21, 0x2E, 0xD3, 0x47, 0x72, 0x16, 0xE6, 0xF5, 0x62, 0xD3, 0x50, 0x27,
    0x5D, 0x0A, 0x81, 0x84, 0x96, 0x71, 0xA5, 0x49, 0xB7, 0xE6, 0xCE, 0x78, 0xE9, 0x7A, 0xEE, 0x07,
    0x31, 0x2C, 0xEA, 0x72, 0x0E, 0x12, 0x7E, 0xFC, 0x68, 0xBB, 0x8F, 0x6F, 0x58, 0x40, 0xF4, 0x27,
    0x76, 0x5D, 0x60, 0x30, 0xDB, 0x8D, 0xEB, 0xF8, 0x7E, 0xE9, 0xBA, 0x2F, 0x9A, 0xC4, 0x48, 0x9C,
    0xC0, 0xCE, 0xC7, 0x34, 0x23, 0xD9, 0x8F, 0x61, 0x8F, 0x38, 0x31, 0xCB, 0xBC, 0xE0, 0xEE, 0x23,
    0xCF, 0x22, 0xFB, 0x22, 0x59, 0x15, 0xB8, 0x8F, 0xEA, 0x35, 0x4C, 0x49, 0x97, 0x1F, 0x90, 0xAD,
    0x04, 0xDB, 0x39, 0xA3, 0xBA, 0x8F, 0x04, 0xE2, 0xF7, 0x1E, 0x8C, 0xC7, 0x38, 0xAD, 0xE3, 0xA6,
    0x29, 0x1D, 0xB7, 0xDB, 0xE1, 0xD6, 0xC9, 0x85, 0xE7, 0xE3, 0x5F, 0xB4, 0xFE, 0x4D, 0x9A, 0xD0,
    0x42, 0x55, 0x37, 0x0B, 0x61, 0xB2, 0x62, 0xA3, 0xCF, 0x7D, 0x7C, 0x5E, 0x29, 0xE4, 0x0A, 0x0E,
    0xB1, 0xFA, 0xF1, 0x4C, 0x4A, 0xD5, 0xEC, 0xD4, 0x6A, 0xB0, 0xCD, 0x9B, 0xF2, 0xFC, 0xD3, 0x92,
    0xBF, 0x98, 0xF0, 0xC7, 0xFF, 0x61, 0x3E, 0xFE, 0x13, 0xA2, 0x9E, 0xA2, 0xFA, 0x10, 0x20, 0x74,
    0x8B, 0xBD, 0xC7, 0xFC, 0xBA, 0xB8, 0xC8, 0x1B, 0x63, 0x22, 0xFD, 0xF7, 0xF8, 0xB6, 0xB8, 0xB0,
    0x31, 0x53, 0x38, 0x39, 0x45, 0x48, 0xC2, 0x73, 0xB8, 0x1D, 0xFE, 0xF0, 0x79, 0xBD, 0x96, 0xEE,
    0x5F, 0x68, 0x01, 0xBA, 0x82, 0x3F, 0x8C, 0xA6, 0xD5, 0x67, 0xB7, 0xA3, 0x4C, 0x17, 0x71, 0x39,
    0x46, 0x34, 0x94, 0xBE, 0xEF, 0x60, 0xC5, 0x1F, 0x32, 0x61, 0xA6, 0xA2, 0x50, 0x6B, 0x4E, 0xBB,
    0xC3, 0xD3, 0xDE, 0x77, 0x30, 0xEA, 0xFB, 0x0E, 0x80, 0x3F, 0x94, 0xD0, 0xB6, 0xDA, 0xF0, 0x87,
    0x49, 0x08, 0xAA, 0x60, 0x7E, 0x07, 0xBA, 0x7E, 0x4C, 0x6B, 0x11, 0xD6, 0x8F, 0x5C, 0x1D, 0xB6,
    0x42, 0x20, 0x1E, 0x08, 0x8B, 0x44, 0xC3, 0xC4, 0x54, 0x1A, 0xD3, 0x32, 0x30, 0x73, 0x15, 0x5F,
    0x7E, 0x9A, 0x2C, 0x16, 0xC2, 0x7A, 0xD0, 0xFC, 0x8E, 0xDD, 0x96, 0x5A, 0x04, 0x79, 0x32, 0xB3,
    0x17, 0xA7, 0x52, 0xE3, 0x67, 0xF8, 0x7A, 0x66, 0xED, 0x69, 0x44, 0x0D, 0x21, 0x02, 0xDC, 0xE2,
    0x72, 0xF8, 0x25, 0x53, 0xEF, 0x94, 0x3D, 0x11, 0xC2, 0xC8, 0x9E, 0x59, 0xF0, 0x95, 0x84, 0x15,
    0x2D, 0x5F, 0x04, 0xBC, 0xEF, 0xFC, 0x57, 0x31, 0xD8, 0x7E, 0xDA, 0x6B, 0x66, 0xD2, 0x2C, 0xA4,
    0xD8, 0x51, 0x42, 0xA0, 0xBC, 0xAB, 0x9F, 0xD8, 0xEA, 0x2C, 0xEB, 0x04, 0x40, 0xBC, 0x11, 0x7D,
    0xDF, 0x1E, 0x09, 0x4D, 0xCA, 0xF6, 0xFF, 0x00, 0xDD, 0x5B, 0x3D, 0x8F, 0xDC, 0xC6, 0x19, 0x9E,
    0x25, 0x95, 0x23, 0x20, 0x16, 0xEB, 0x22, 0x45, 0x60, 0xC3, 0xA0, 0x4B, 0xC3, 0x08, 0xC0, 0x3F,
    0xE0, 0x78, 0x08, 0xA4, 0x70, 0xA1, 0xC6, 0xBF, 0x23, 0x8D, 0x1A, 0xD7, 0x59, 0x22, 0x2E, 0x52,
    0xB8, 0x91, 0xA3, 0x22, 0xED, 0x01, 0x49, 0xE1, 0x54, 0x69, 0xD2, 0x5A, 0x64, 0xF2, 0x0B, 0x28,
    0xB7, 0x6E, 0x28, 0x43, 0x7D, 0x28, 0x80, 0x30, 0x28, 0x80, 0xE4, 0xE4, 0x7D, 0x9E, 0x77, 0xC8,
    0xE5, 0xEE, 0xDD, 0xE9, 0x74, 0xC1, 0xEE, 0xDD, 0xED, 0xDD, 0x82, 0x33, 0xFC, 0x18, 0xCE, 0xCC,
    0xFB, 0xCC, 0x3B, 0xEF, 0x27, 0xCF, 0x98, 0x75, 0x6F, 0xF0, 0x97, 0x0E, 0xAC, 0xAC, 0x5B, 0x56,
    0x85, 0xCB, 0x51, 0xB9, 0x4D, 0x29, 0xE5, 0xCA, 0xD9, 0x4A, 0xAA, 0x70, 0x4C, 0x1B, 0x54, 0xFD,
    0x1A, 0x55, 0xDC, 0xAF, 0x3B, 0xA9, 0xD6, 0x6D, 0x84, 0x6E, 0x92, 0x26, 0x44, 0x37, 0xB6, 0x0E,
    0x47, 0x54, 0xD5, 0x0A, 0xDD, 0x14, 0xA5, 0x41, 0x37, 0x4E, 0xFE, 0x4A, 0xE9, 0x84, 0x55, 0x88,
    0xAA, 0x36, 0x68, 0x2D, 0xBD, 0xC5, 0x3D, 0x7A, 0x30, 0xE8, 0x49, 0x66, 0x93, 0xB4, 0xC6, 0x48,
    0x6F, 0x18, 0x45, 0xBA, 0xC1, 0x98, 0x01, 0xBA, 0x09, 0x6B, 0x4E, 0x29, 0xEE, 0x58, 0xF9, 0x59,
    0xFB, 0x2B, 0x7D, 0xF6, 0x74, 0x44, 0xBF, 0xE5, 0xDA, 0xB9, 0x66, 0xDD, 0x26, 0xED, 0x8A, 0xFD,
    0x86, 0x7A, 0x7C, 0xE4, 0xFA, 0xC0, 0xB9, 0x5E, 0x9E, 0xF5, 0xF6, 0x6D, 0xD8, 0xDB, 0x12, 0x47,
    0xD4, 0xDB, 0xEA, 0x69, 0x6F, 0x79, 0xFF, 0x17, 0x79, 0x9E, 0xF7, 0x26, 0xAA, 0x39, 0x15, 0x9D,
    0x0B, 0x26, 0x82, 0x9E, 0x53, 0x1D, 0xC5, 0x8E, 0xAC, 0x1E, 0x6D, 0x58, 0xAD, 0xF4, 0x2A, 0x68,
    0xF5, 0xEA, 0xD9, 0x72, 0x5A, 0xF7, 0x1D, 0x4C, 0x10, 0x64, 0xA5, 0xF9, 0xAF, 0x5F, 0x48, 0x97,
    0x00, 0x48, 0x5A, 0x85, 0x78, 0x96, 0x1F, 0x06, 0x45, 0xD2, 0x42, 0xA2, 0x13, 0xA5, 0xCB, 0x82,
    0xE6, 0x74, 0xFC, 0x82, 0x38, 0x58, 0xE0, 0x10, 0xF4, 0x09, 0xA0, 0x0D, 0xCE, 0xCF, 0xCE, 0xCD,
    0x85, 0xBF, 0x53, 0xE1, 0x49, 0x73, 0xF6, 0xBD, 0x51, 0x5E, 0xC1, 0xBD, 0x75, 0xB7, 0xC9, 0x84,
    0x49, 0x7E, 0x8B, 0xC9, 0x65, 0x20, 0xB0, 0xBA, 0x40, 0x9E, 0x80, 0x4B, 0x74, 0x0D, 0xE0, 0x35,
    0xC0, 0xD7, 0x28, 0xC0, 0x44, 0x98, 0x85, 0x60, 0x6C, 0x00, 0x32, 0x9A, 0xF4, 0x06, 0x30, 0x1B,
    0xE0, 0x6C, 0x00, 0xB4, 0x01, 0xD2, 0xC6, 0xEA, 0xD3, 0x5F, 0xD0, 0x4E, 0xC0, 0x4E, 0xFC, 0x1E,
    0x50, 0xB0, 0x8C, 0xD3, 0x3D, 0x61, 0x53, 0xE5, 0xCF, 0x07, 0x83, 0xF6, 0x1F, 0x30, 0x11, 0xDB,
    0x4C, 0x78, 0x07, 0x3D, 0xCE, 0xFF, 0xE5, 0x3A, 0x50, 0x2E, 0x9D, 0xC4, 0x8D, 0x60, 0xFE, 0x38,
    0xFF, 0x30, 0x5F, 0x10, 0xB6, 0x2A, 0xD0, 0x9F, 0x73, 0xA0, 0x46, 0x86, 0xB4, 0xD5, 0xA6, 0x32,
    0x8F, 0x94, 0x25, 0xD7, 0x53, 0xF1, 0x54, 0xD6, 0x21, 0xC6, 0x62, 0x58, 0x14, 0xEE, 0xB5, 0xDC,
    0x73, 0x86, 0x85, 0xB4, 0x73, 0x59, 0xD1, 0x60, 0xDA, 0x78, 0xFA, 0x93, 0xB4, 0x1B, 0xC3, 0x86,
    0x30, 0xE8, 0xCE, 0x77, 0x25, 0xEB, 0x2F, 0xB5, 0x8A, 0x4B, 0x42, 0x69, 0x33, 0x82, 0xF7, 0xF9,
    0x75, 0xD8, 0x9F, 0x0A, 0x8B, 0x53, 0xCC, 0x29, 0xA9, 0xDF, 0x96, 0x4A, 0xE6, 0xBA, 0xB3, 0xE0,
    0xF3, 0xCF, 0x6F, 0x99, 0xCF, 0x85, 0xA4, 0xEF, 0x5A, 0x4E, 0xC6, 0x11, 0x09, 0xAD, 0xA2, 0xBA,
    0xC8, 0x2F, 0xC2, 0x3A, 0x01, 0x79, 0xFA, 0x0B, 0x50, 0xFC, 0xA9, 0x01, 0xA5, 0x72, 0xD4, 0xD1,
    0x2B, 0x4F, 0x2A, 0x5E, 0x80, 0x32, 0x12, 0xF8, 0x81, 0xFE, 0x0E, 0x61, 0x07, 0x11, 0xDF, 0x67,
    0x7F, 0x57, 0xE1, 0xBD, 0x83, 0xCD, 0x48, 0x21, 0xEE, 0xE9, 0x3F, 0x35, 0x36, 0xBE, 0xDE, 0x7A,
    0xD8, 0x05, 0xB5, 0x14, 0x50, 0x9F, 0x1D, 0x14, 0xD4, 0x4B, 0x2D, 0x8B, 0x19, 0x62, 0xB5, 0x22,
    0x0A, 0x8A, 0x12, 0x95, 0x2F, 0xC1, 0xF3, 0xB7, 0x58, 0xD5, 0xA8, 0x8D, 0x16, 0xDC, 0xBE, 0x72,
    0x2A, 0x74, 0xBC, 0x70, 0x3F, 0xB1, 0x45, 0xF8, 0xF0, 0x1C, 0x1D, 0x1B, 0xF4, 0x05, 0xB1, 0x12,
    0x76, 0x26, 0xFE, 0xF1, 0x79, 0x13, 0xB7, 0x31, 0xD9, 0x9B, 0xB4, 0x2D, 0x09, 0x3B, 0x04, 0xEA,
    0x89, 0x42, 0x13, 0x3A, 0xAF, 0x1C, 0x75, 0x03, 0xA5, 0x15, 0x11, 0xFE, 0xEB, 0x9B, 0x87, 0x85,
    0x70, 0xF0, 0xBD, 0xA7, 0x14, 0x5D, 0x61, 0xB7, 0xCA, 0xE8, 0xF1, 0xCB, 0xBF, 0x1D, 0x17, 0xE1,
    0xD9, 0x3A, 0xF6, 0x10, 0xAB, 0x75, 0x1C, 0xF0, 0x66, 0xF4, 0xE3, 0x4B, 0xC2, 0xF0, 0x70, 0x78,
    0x78, 0xB2, 0x9C, 0x1F, 0xC1, 0x72, 0x1E, 0xC8, 0xC3, 0x90, 0x1F, 0xF1, 0xCB, 0x6F, 0x8E, 0x8C,
    0x72, 0x61, 0x5A, 0x12, 0xFF, 0x73, 0xBB, 0x45, 0x32, 0x7C, 0xE3, 0x20, 0x44, 0xA2, 0x8A, 0x6A,
    0x6E, 0x95, 0x99, 0xAF, 0x2E, 0x63, 0xE7, 0xEA, 0x64, 0xC1, 0x5E, 0xEA, 0xBE, 0x97, 0xAA, 0xFB,
    0xE2, 0x2A, 0x3C, 0x2E, 0xD0, 0xC1, 0x79, 0x00, 0xA1, 0x10, 0x76, 0x24, 0x35, 0x70, 0x44, 0xD8,
    0x4C, 0x2C, 0x3B, 0x98, 0x87, 0xA8, 0xFB, 0xC2, 0x76, 0x5D, 0x42, 0xE7, 0x11, 0xD0, 0xC2, 0x65,
    0x26, 0xED, 0xCD, 0xB1, 0x75, 0xDF, 0x46, 0xC8, 0x98, 0x0F, 0x01, 0xE9, 0x9D, 0x87, 0x50, 0x3C,
    0x1F, 0xEF, 0x6E, 0x37, 0xF7, 0x69, 0x82, 0x86, 0x60, 0x70, 0xBA, 0xA8, 0x71, 0xFD, 0x74, 0xC0,
    0x8A, 0x92, 0x96, 0xB4, 0x8D, 0x3B, 0x2B, 0x54, 0x0B, 0x5B, 0x0D, 0xD2, 0x7C, 0x9C, 0x8F, 0x4C,
    0xC5, 0x27, 0x54, 0xB1, 0x20, 0xF8, 0x49, 0xDA, 0x45, 0xA4, 0x8F, 0x56, 0x67, 0x3A, 0x66, 0x06,
    0x2E, 0x40, 0xAC, 0x78, 0xB3, 0xC6, 0x75, 0xEA, 0x6D, 0x07, 0x84, 0x06, 0x56, 0x83, 0xFA, 0xD3,
    0x12, 0x11, 0x38, 0x3A, 0x8D, 0x57, 0x48, 0x23, 0xB3, 0xCA, 0x0F, 0x43, 0xAB, 0x18, 0xDC, 0x81,
    0x6E, 0xC0, 0x66, 0x32, 0x3E, 0x8F, 0x4E, 0xD3, 0xE6, 0x1B, 0x6C, 0xEC, 0x0A, 0x3C, 0x17, 0xBE,
    0x29, 0x76, 0x3D, 0xD5, 0x43, 0xD0, 0xE4, 0x43, 0x13, 0xB2, 0x49, 0xC4, 0x8F, 0x29, 0x35, 0x28,
    0x01, 0x3F, 0x81, 0x5E, 0xC2, 0x9E, 0x8F, 0xA0, 0x13, 0xDA, 0x16, 0xD8, 0xCC, 0xEF, 0x53, 0x60,
    0x87, 0x2E, 0x8A, 0xF7, 0x7A, 0x63, 0x39, 0x10, 0x24, 0xCF, 0x4E, 0x64, 0xA1, 0xBF, 0x24, 0xB2,
    0x10, 0x9C, 0xEF, 0x41, 0x43, 0x6C, 0xD4, 0xE3, 0x02, 0x3A, 0x06, 0xF0, 0x18, 0xE0, 0x03, 0x09,
    0x32, 0x2E, 0x8B, 0x6C, 0x32, 0x85, 0x68, 0x70, 0x02, 0x26, 0x03, 0x9C, 0xD4, 0x15, 0x53, 0xFF,
    0x0A, 0x50, 0x6D, 0x6A, 0xA3, 0xFB, 0x55, 0xF6, 0x7A, 0x2A, 0xE7, 0x3D, 0xFC, 0xE9, 0xA0, 0x1F,
    0xE9, 0x6D, 0xE7, 0x7B, 0xDE, 0x36, 0xE4, 0x53, 0xBF, 0x2C, 0x26, 0x4B, 0xF6, 0xBA, 0xC2, 0xB9,
    0x7C, 0x59, 0xBC, 0xD7, 0x1B, 0x8B, 0x81, 0xB6, 0x71, 0x81, 0x78, 0x1B, 0x17, 0xF8, 0x7A, 0x3F,
    0x2E, 0xF0, 0x78, 0x37, 0x2E, 0x20, 0x34, 0xC5, 0x73, 0x5C, 0xA0, 0xA8, 0x84, 0x38, 0x27, 0x2D,
    0x03, 0x11, 0x75, 0x2D, 0x04, 0x6C, 0xB7, 0x28, 0x06, 0x4A, 0x6E, 0x33, 0x45, 0x7C, 0x04, 0xBB,
    0xDC, 0x14, 0x75, 0xE2, 0x03, 0x06, 0x31, 0x35, 0x43, 0xF1, 0x76, 0x9A, 0x9C, 0x7A, 0xCA, 0x5F,
    0x4E, 0x9E, 0x32, 0xC2, 0x01, 0x0C, 0x06, 0x5C, 0xC2, 0x61, 0x77, 0xC7, 0x5C, 0x8B, 0x99, 0x7E,
    0xBB, 0x33, 0xD3, 0x3D, 0x9F, 0xFE, 0xF8, 0x1C, 0x76, 0x99, 0x84, 0xA1, 0x64, 0x85, 0x1A, 0x15,
    0xCC, 0x00, 0xD9, 0x84, 0xD8, 0xD1, 0x25, 0x8F, 0x98, 0x1B, 0xC1, 0x05, 0x57, 0xBB, 0xDF, 0x73,
    0xB5, 0x17, 0x98, 0x1C, 0x42, 0x1A, 0xC1, 0xD3, 0x86, 0x0F, 0x08, 0x7A, 0x47, 0xE8, 0x4F, 0xF5,
    0xAE, 0xEF, 0x44, 0x3B, 0x5E, 0xA0, 0xF5, 0xEC, 0xB0, 0xB4, 0x5E, 0xA2, 0x39, 0x6D, 0xBB, 0xE9,
    0x3F, 0x18, 0x82, 0x3E, 0xAC, 0x83, 0x3C, 0x69, 0x6E, 0xF6, 0x4B, 0x3B, 0x3B, 0x88, 0xE2, 0x1B,
    0x64, 0xCB, 0xD6, 0xAB, 0x7C, 0xDD, 0x5E, 0xF7, 0xDB, 0x94, 0x37, 0xFB, 0xA5, 0x99, 0x95, 0xD2,
    0x4A, 0x9D, 0xE4, 0xB6, 0xDE, 0x34, 0xB6, 0x4E, 0xC8, 0x13, 0xB6, 0xBA, 0xEE, 0x27, 0xED, 0x2B,
    0x5B, 0xA3, 0x16, 0x34, 0xA8, 0x72, 0x04, 0x87, 0x6E, 0xDA, 0x89, 0x00, 0x12, 0x56, 0x79, 0xE4,
    0x5E, 0x9F, 0x21, 0x38, 0x26, 0x88, 0xDB, 0x9E, 0xAA, 0x7C, 0x3D, 0x50, 0x90, 0x45, 0x8E, 0x92,
    0x57, 0x3C, 0x39, 0x40, 0x29, 0x62, 0x07, 0x3B, 0x75, 0xE5, 0x32, 0x6E, 0x58, 0x97, 0x6B, 0x95,
    0xF9, 0x9B, 0xBE, 0x89, 0x7F, 0x81, 0xAF, 0x8F, 0xDA, 0x59, 0x3F, 0x75, 0xED, 0x07, 0xF2, 0xC3,
    0x4E, 0x42, 0xC0, 0x4F, 0xC9, 0x4F, 0x70, 0x32, 0x12, 0xD7, 0xDD, 0x25, 0x95, 0x3E, 0x83, 0xA5,
    0x4D, 0x7B, 0x98, 0x7B, 0x38, 0xED, 0xE2, 0x51, 0xED, 0x54, 0x5A, 0xA9, 0xB2, 0xF0, 0x45, 0x29,
    0x1C, 0xC0, 0x62, 0xE3, 0xCF, 0x70, 0x8F, 0x4F, 0xD9, 0x8E, 0x6F, 0x4C, 0xFB, 0xBF, 0xF6, 0x2E,
    0x49, 0x38, 0x0B, 0x6E, 0xDA, 0xA5, 0x3C, 0xE3, 0xBD, 0x2B, 0x92, 0x2E, 0x6A, 0x6B, 0x87, 0x3E,
    0xE9, 0xA2, 0x7B, 0xF4, 0x44, 0x20, 0x66, 0x9C, 0x9E, 0xE4, 0x28, 0x31, 0x2F, 0x26, 0x37, 0x39,
    0xA8, 0xA7, 0x04, 0xD2, 0x51, 0x20, 0xDE, 0x26, 0x63, 0x52, 0x8D, 0x9E, 0x53, 0x29, 0xD8, 0xBD,
    0x64, 0x4C, 0x75, 0x65, 0x7A, 0xE0, 0x54, 0x38, 0xD8, 0x04, 0xFF, 0x98, 0x58, 0x56, 0xF4, 0xB9,
    0x28, 0xB4, 0x5C, 0xA4, 0xEA, 0xC7, 0xF2, 0x58, 0x4C, 0x95, 0xD5, 0xB0, 0xAE, 0x2F, 0x28, 0xB4,
    0x63, 0xA0, 0x9D, 0x28, 0x67, 0x46, 0x53, 0x32, 0x46, 0x77, 0xD0, 0x17, 0x76, 0x2F, 0x19, 0x73,
    0xEA, 0x68, 0xD3, 0xE8, 0x4A, 0x9B, 0x89, 0xB5, 0x56, 0xDE, 0xE8, 0x82, 0x22, 0x19, 0x46, 0xC4,
    0x20, 0x6C, 0xBE, 0x6F, 0x74, 0x19, 0x18, 0x8F, 0x62, 0x2E, 0xE5, 0x6A, 0x38, 0x15, 0xB5, 0x0C,
    0xEA, 0xB2, 0x48, 0xD4, 0x83, 0x98, 0x57, 0x62, 0x60, 0x05, 0x2E, 0x1C, 0xB4, 0x58, 0xF9, 0x33,
    0xDC, 0xE3, 0x53, 0xB6, 0xD3, 0x37, 0x26, 0xA3, 0x2B, 0xD7, 0xFE, 0x2E, 0x24, 0x63, 0x9E, 0x68,
    0xB5, 0xF6, 0xC9, 0x18, 0xB3, 0x4D, 0xC6, 0xB8, 0x77, 0xE4, 0x02, 0x4E, 0x86, 0xC5, 0xD5, 0x7A,
    0x43, 0xDF, 0x7F, 0x46, 0x11, 0xC1, 0x70, 0x4B, 0x81, 0xE8, 0xEF, 0x6E, 0x99, 0xCF, 0x65, 0xB8,
    0xBF, 0x2C, 0x23, 0x51, 0x1A, 0x27, 0x99, 0xCD, 0xA6, 0xDD, 0x64, 0x8C, 0x32, 0xFF, 0x03, 0x58,
    0x00, 0x24, 0xA0, 0x68, 0xCE, 0x90, 0xEC, 0x70, 0x9B, 0x7A, 0x22, 0xA5, 0x0C, 0xFD, 0xDC, 0xF2,
    0x2A, 0xEC, 0x66, 0x6A, 0x36, 0x3B, 0x99, 0x9A, 0x6E, 0x27, 0x53, 0xF3, 0x70, 0x0C, 0x91, 0x0B,
    0x60, 0x57, 0xB7, 0x03, 0xF6, 0xD5, 0xB6, 0x0A, 0x88, 0x23, 0x8B, 0xD7, 0x2A, 0x8B, 0xF2, 0x85,
    0x0E, 0x90, 0x45, 0x88, 0xFA, 0x99, 0x49, 0x84, 0xC8, 0x98, 0x5E, 0x10, 0xC2, 0x7E, 0x00, 0x20,
    0x6A, 0x09, 0xC7, 0x7F, 0x1B, 0x82, 0x23, 0x16, 0xF6, 0xC8, 0x90, 0x8E, 0x07, 0xCE, 0xC3, 0xF8,
    0x8E, 0x55, 0x58, 0x2E, 0xC6, 0xBC, 0x0A, 0xD9, 0x72, 0x15, 0xDC, 0xB4, 0xA4, 0x37, 0x59, 0x05,
    0x3A, 0xD4, 0x1C, 0xC9, 0x4B, 0x58, 0xE6, 0x6D, 0x8D, 0x84, 0x96, 0x3F, 0x9B, 0x05, 0x11, 0x9D,
    0x61, 0x41, 0xA6, 0x20, 0x48, 0x1B, 0x74, 0x31, 0x60, 0xE6, 0xB1, 0xF4, 0x04, 0x14, 0x73, 0xC2,
    0x9D, 0x99, 0xF9, 0x44, 0xCB, 0xCD, 0x7C, 0xCE, 0xFB, 0x7A, 0xA2, 0x11, 0x4F, 0xC2, 0xAE, 0xB8,
    0x4F, 0xA1, 0x57, 0x65, 0xF3, 0xF5, 0xB0, 0x9B, 0xC6, 0x29, 0xB7, 0xF6, 0x0C, 0x17, 0xE2, 0xE4,
    0x10, 0x5E, 0xD1, 0x43, 0xF6, 0x09, 0xBF, 0x94, 0x6C, 0x13, 0x93, 0x1A, 0x71, 0xA8, 0xEF, 0x04,
    0xE1, 0xEB, 0xEC, 0x6D, 0x20, 0x2C, 0xF6, 0xF6, 0x09, 0xF1, 0xB0, 0x12, 0xA4, 0xF4, 0x78, 0x72,
    0x5E, 0xF8, 0xD4, 0xD4, 0x67, 0x34, 0xBA, 0x1D, 0xAD, 0xEE, 0xDB, 0x43, 0xF8, 0x2A, 0x8D, 0x79,
    0x7A, 0xE2, 0xC1, 0x3E, 0x6F, 0x98, 0x14, 0xA9, 0x7D, 0x44, 0x48, 0xC4, 0x60, 0xA1, 0x06, 0xCA,
    0x1D, 0x31, 0xAF, 0x31, 0xA7, 0x28, 0x64, 0xAF, 0xFF, 0x28, 0xE1, 0xAE, 0x00, 0x55, 0xB5, 0xA6,
    0x53, 0xD1, 0x79, 0xE9, 0x39, 0xEF, 0x33, 0x19, 0x75, 0xE0, 0xB2, 0x98, 0x4A, 0x81, 0xBE, 0xA8,
    0x3C, 0xAC, 0x48, 0x62, 0x75, 0x00, 0x35, 0x11, 0xCC, 0x7B, 0x98, 0xFD, 0x6A, 0x7A, 0x01, 0xD1,
    0x82, 0x80, 0xC6, 0xEE, 0x35, 0xFD, 0xAB, 0x09, 0x9D, 0x39, 0xC5, 0xAF, 0xE7, 0xB8, 0x2F, 0xA1,
    0xAA, 0xF1, 0x46, 0x47, 0x15, 0x8E, 0xB6, 0x4D, 0xC7, 0x44, 0x42, 0x5A, 0xB1, 0x1B, 0xC6, 0x95,
    0xAB, 0x47, 0xAE, 0x06, 0x93, 0x57, 0xFE, 0x08, 0xEB, 0x49, 0xCD, 0x87, 0x44, 0x6D, 0xF5, 0xA4,
    0xDE, 0x7E, 0x57, 0x40, 0xAF, 0xC3, 0x7C, 0x7A, 0x1F, 0x91, 0xBA, 0x90, 0x30, 0x6A, 0xE7, 0x84,
    0xD1, 0x41, 0x70, 0x92, 0x31, 0xA9, 0xD1, 0xE2, 0x1D, 0x9D, 0xB2, 0xA9, 0x26, 0x1E, 0x0E, 0x3D,
    0x8F, 0xF7, 0xA4, 0xC5, 0x57, 0xA1, 0xAF, 0x3A, 0x56, 0x49, 0xA3, 0xC9, 0xCE, 0x92, 0xD5, 0xE0,
    0xA9, 0xBE, 0x79, 0x55, 0xCC, 0x15, 0x53, 0xC9, 0x44, 0x8A, 0x50, 0xA1, 0x22, 0x56, 0x1E, 0x2C,
    0xA2, 0xD5, 0x9A, 0x09, 0x2E, 0x8F, 0xD7, 0xC4, 0x5A, 0x78, 0x73, 0x52, 0xD7, 0xFA, 0x89, 0x65,
    0xA4, 0xBB, 0x62, 0xDA, 0x9F, 0x8F, 0x7D, 0x50, 0xD0, 0x87, 0x06, 0x05, 0x99, 0x94, 0x65, 0x22,
    0xA1, 0xC3, 0xC0, 0x15, 0x19, 0xCA, 0x01, 0xE8, 0xBA, 0x67, 0xC4, 0xD8, 0xBC, 0x5F, 0x59, 0x21,
    0xE7, 0x00, 0x7C, 0x31, 0x4D, 0x87, 0x94, 0x8B, 0x83, 0x67, 0xAD, 0x28, 0x1B, 0x4D, 0xEA, 0x7B,
    0x2B, 0x6D, 0x92, 0x1C, 0x81, 0xB7, 0x8E, 0xC4, 0x2B, 0x39, 0x39, 0x9C, 0xBD, 0x65, 0xA7, 0x9B,
    0x97, 0xEE, 0x8B, 0x47, 0x38, 0x6C, 0xEE, 0x12, 0x67, 0x6F, 0xCA, 0xEB, 0x26, 0x97, 0xBC, 0x8E,
    0x4E, 0x26, 0xF1, 0xE8, 0x67, 0xC4, 0xF9, 0x37, 0x27, 0xC5, 0xCF, 0x29, 0x03, 0x54, 0x1B, 0xF2,
    0xC7, 0x07, 0x2C, 0x57, 0xFD, 0x16, 0xE7, 0xB0, 0x04, 0xCE, 0x41, 0x7E, 0xDB, 0x38, 0xC7, 0x6F,
    0x53, 0x9A, 0x6C, 0x3A, 0x55, 0xEB, 0x28, 0x3E, 0xFE, 0xF8, 0x51, 0x77, 0x82, 0x02, 0xA3, 0x78,
    0x52, 0xCE, 0x56, 0x11, 0xE3, 0x54, 0xD1, 0xAB, 0x9D, 0x6F, 0x6F, 0xEE, 0x86, 0x91, 0xB7, 0x2E,
    0xDC, 0x49, 0x09, 0x5F, 0x3B, 0x4B, 0xB4, 0x85, 0xDB, 0xE7, 0xAF, 0xEC, 0x9D, 0x02, 0x1A, 0x97,
    0x5B, 0x0F, 0x74, 0x59, 0xEA, 0x7D, 0xDB, 0x6D, 0xB5, 0x60, 0xA0, 0xB6, 0x08, 0xA3, 0xEE, 0xFA,
    0xF1, 0xF9, 0x2C, 0xBB, 0xD3, 0x16, 0x49, 0x01, 0xDB, 0xD0, 0x68, 0x2D, 0x31, 0x9E, 0xCB, 0x11,
    0xF1, 0x04, 0x90, 0x39, 0xE2, 0x07, 0x45, 0xC9, 0xA4, 0x5C, 0x83, 0xD7, 0x92, 0x16, 0xDF, 0x4E,
    0xC6, 0x3D, 0x3A, 0x0A, 0x07, 0x70, 0x56, 0xA0, 0x60, 0x39, 0xAA, 0xA5, 0x4D, 0xB7, 0xD5, 0x08,
    0xE9, 0xFF, 0x53, 0x12, 0x5D, 0x5B, 0x4F, 0x1F, 0xC7, 0x2B, 0xB7, 0xEC, 0x7C, 0xF0, 0x04, 0xBB,
    0x51, 0x52, 0x62, 0x42, 0x8A, 0x34, 0x73, 0x59, 0xC2, 0x4F, 0xE5, 0x3B, 0x01, 0x2B, 0xEE, 0xA5,
    0x75, 0x38, 0x88, 0x66, 0x0C, 0x1C, 0x5E, 0xD6, 0xE2, 0x9F, 0x34, 0x7C, 0x91, 0x0D, 0xC4, 0x64,
    0x13, 0x1A, 0xC0, 0xE3, 0x14, 0x32, 0x66, 0xF7, 0x71, 0x3B, 0x8D, 0x46, 0xCB, 0x89, 0x72, 0x9F,
    0xAB, 0xEB, 0xEE, 0x23, 0x40, 0x7E, 0x6D, 0x93, 0xC5, 0x9D, 0x64, 0xBE, 0x7F, 0x2C, 0x6C, 0x7E,
    0x00, 0x36, 0xD8, 0x35, 0xFF, 0xC6, 0x46, 0xCA, 0x41, 0xB8, 0xF9, 0x01, 0xD4, 0x70, 0xE4, 0x82,
    0x8B, 0xF4, 0x49, 0xEF, 0x23, 0x07, 0xFC, 0x18, 0x90, 0xE7, 0xD9, 0x3D, 0xC4, 0x2F, 0x1E, 0xE8,
    0x02, 0x49, 0xF1, 0x2B, 0xFD, 0x2F, 0x89, 0x99, 0xC1, 0xA8, 0x93, 0xCE, 0x6F, 0x9B, 0xC1, 0x64,
    0x2B, 0xFF, 0xBE, 0x86, 0xEF, 0x06, 0xED, 0xBE, 0xA6, 0xC4, 0x5E, 0xFF, 0xC7, 0xDD, 0xDB, 0xFD,
    0x99, 0xBE, 0x6A, 0x41, 0x2E, 0x08, 0x47, 0xD1, 0x6D, 0xF2, 0xFD, 0xDC, 0xD1, 0xED, 0xC2, 0xF7,
    0x3F, 0xB5, 0x54, 0xB1, 0x72, 0xD4, 0x30, 0x10, 0x5D, 0xDB, 0x85, 0x19, 0x5C, 0x28, 0x45, 0xBA,
    0x30, 0xE3, 0x9A, 0x4A, 0x9F, 0xB0, 0x26, 0x14, 0x29, 0x52, 0x90, 0x2F, 0xC2, 0x1E, 0x52, 0x50,
    0x1E, 0x9F, 0xC0, 0x87, 0x64, 0xCE, 0x0A, 0x57, 0x50, 0xA4, 0xC0, 0xC3, 0x17, 0x98, 0x9A, 0x46,
    0x85, 0x0B, 0x0D, 0xA3, 0xBB, 0xE5, 0xAD, 0x7C, 0x4E, 0xEE, 0x92, 0x49, 0x1A, 0x06, 0x49, 0xBB,
    0xB7, 0x27, 0xED, 0x7B, 0xBB, 0x92, 0x56, 0x66, 0x19, 0x39, 0x8D, 0x5E, 0x64, 0x58, 0x84, 0x45,
    0xA6, 0x03, 0x11, 0xD9, 0xBE, 0xAC, 0xDB, 0x62, 0xFA, 0x7F, 0x03, 0x01, 0x86, 0x45, 0x08, 0xED,
    0xF0, 0x7F, 0x4E, 0xC6, 0xD9, 0x8E, 0xA9, 0xA5, 0x3E, 0xF5, 0xB6, 0xE3, 0xE6, 0x94, 0x2A, 0xE2,
    0x8E, 0x9D, 0x75, 0x35, 0xBA, 0x75, 0xDC, 0xB4, 0x74, 0x03, 0xDC, 0xD9, 0xBC, 0x8E, 0x19, 0x20,
    0x1A, 0xA6, 0x35, 0x05, 0x3A, 0x41, 0x07, 0xBA, 0xEB, 0x49, 0x68, 0x87, 0x99, 0x96, 0xB8, 0x31,
    0xAE, 0x6C, 0x72, 0xBA, 0x32, 0xB7, 0x93, 0xBD, 0xF6, 0x5C, 0x8D, 0xAD, 0x19, 0x7A, 0xE3, 0x7A,
    0xD5, 0x63, 0xBB, 0xF2, 0x7C, 0xE9, 0x4F, 0x73, 0xAA, 0xB2, 0x91, 0x61, 0xDF, 0x4D, 0x76, 0x13,
    0x6A, 0x1D, 0x30, 0x3C, 0x5F, 0x78, 0x38, 0xDF, 0x98, 0x8E, 0x32, 0x3A, 0xCB, 0xE1, 0xEF, 0xD5,
    0xFF, 0xBB, 0xC7, 0x92, 0x52, 0x5D, 0x28, 0xDB, 0xDA, 0xB8, 0x50, 0x23, 0x2A, 0x9D, 0x64, 0xA4,
    0xE4, 0x2B, 0x0F, 0x5A, 0xA9, 0xDD, 0xAE, 0x76, 0x58, 0x02, 0x1C, 0x6E, 0x66, 0x33, 0x95, 0xCD,
    0x48, 0x65, 0x40, 0xD6, 0xD5, 0xBD, 0x2A, 0xEF, 0x55, 0x31, 0xED, 0x15, 0xFF, 0xFE, 0x23, 0x0D,
    0x2E, 0x4C, 0x9C, 0x5E, 0x83, 0xA3, 0xC2, 0xEB, 0xC2, 0xB3, 0x6A, 0x7A, 0xAA, 0xCA, 0xE9, 0x88,
    0xF9, 0x51, 0xC8, 0x59, 0xC5, 0x67, 0x56, 0xFF, 0x3D, 0xA1, 0x45, 0x25, 0xE7, 0x04, 0x4B, 0x04,
    0xCF, 0xE7, 0xF7, 0x28, 0x78, 0x3B, 0x51, 0x21, 0x42, 0x06, 0x40, 0x2B, 0xE2, 0xB5, 0x5C, 0xC1,
    0x12, 0x20, 0x71, 0x2F, 0x61, 0x5F, 0xC2, 0x5E, 0x7D, 0xD4, 0x57, 0x31, 0xB6, 0x31, 0x43, 0xE1,
    0x5B, 0x67, 0xBD, 0x89, 0xFD, 0xC0, 0xD0, 0xB3, 0x6D, 0x3B, 0x9D, 0xCF, 0x91, 0x40, 0xAE, 0x7B,
    0x06, 0xEF, 0x38, 0x07, 0x23, 0x96, 0x89, 0xEA, 0x51, 0xAD, 0xF6, 0x3A, 0x12, 0x3B, 0xB5, 0x7A,
    0x8A, 0xA8, 0x1A, 0x6D, 0x3B, 0xDA, 0xE6, 0xDB, 0xC5, 0x4A, 0x89, 0xA5, 0x55, 0xE3, 0x69, 0x8F,
    0x98, 0x01, 0xCA, 0xD2, 0x37, 0x34, 0x33, 0xFF, 0xDA, 0x25, 0x83, 0x72, 0x79, 0x1F, 0x69, 0xDF,
    0x50, 0x2F, 0x23, 0xB1, 0x86, 0xB1, 0x3F, 0x25, 0x66, 0xA2, 0x9C, 0xED, 0x67, 0x91, 0x94, 0x37,
    0x89, 0xF1, 0xFD, 0xE5, 0xD4, 0x76, 0x54, 0x44, 0xE3, 0x78, 0x35, 0x5A, 0x47, 0xD5, 0x84, 0x02,
    0xFF, 0x81, 0x2A, 0x47, 0x72, 0xC9, 0x32, 0x0E, 0xC9, 0xE1, 0x49, 0xAC, 0x06, 0xAC, 0x8A, 0x12,
    0x2A, 0x02, 0xC9, 0x95, 0x33, 0x0B, 0x92, 0xCB, 0x67, 0x66, 0x83, 0x30, 0x73, 0xB4, 0xD7, 0x5F,
    0x8C, 0xAF, 0xBD, 0x1D, 0xD9, 0x71, 0x7A, 0x2B, 0x6B, 0xEC, 0x2B, 0x28, 0xB4, 0xAB, 0x7D, 0x8F,
    0x73, 0x91, 0xCE, 0x8E, 0x02, 0x5A, 0xC8, 0xED, 0x96, 0xF8, 0x3C, 0x52, 0x5B, 0x04, 0x5A, 0xE3,
    0xDE, 0x22, 0x24, 0x94, 0x03, 0x18, 0xFA, 0x6B, 0xEC, 0x56, 0x36, 0xDB, 0xDA, 0xCB, 0x45, 0x84,
    0x7B, 0x15, 0xF8, 0x76, 0x57, 0x4D, 0xFC, 0x6D, 0x6B, 0x3C, 0x10, 0x78, 0x38, 0x45, 0x30, 0x0E,
    0x98, 0xDA, 0x01, 0x64, 0x9B, 0x50, 0x3A, 0x26, 0xBA, 0xA2, 0x50, 0x84, 0xD2, 0xA3, 0xE6, 0x9D,
    0x3E, 0x60, 0xEE, 0x8C, 0xAB, 0x7C, 0x31, 0x65, 0x81, 0xBE, 0xBE, 0xC2, 0xB3, 0xE4, 0xA6, 0x76,
    0x66, 0x2C, 0xA6, 0x3C, 0x66, 0xB1, 0x08, 0x95, 0xC7, 0xAE, 0xF1, 0xD4, 0xDF, 0x50, 0xFB, 0x69,
    0xFB, 0xE2, 0x88, 0x8C, 0x71, 0x1E, 0xF9, 0x5D, 0x64, 0xBA, 0x3F, 0xDB, 0x74, 0xFE, 0x59, 0x90,
    0xCD, 0x4E, 0x36, 0x02, 0xCD, 0x59, 0xCC, 0xF4, 0x78, 0x3F, 0xEC, 0xA8, 0x5F, 0xE1, 0x8B, 0x77,
    0x87, 0xF2, 0x71, 0x75, 0xB0, 0x43, 0x19, 0xEA, 0x11, 0xC9, 0xFA, 0x0A, 0x11, 0xAD, 0x2F, 0x83,
    0x0C, 0x38, 0xB8, 0x26, 0x97, 0x40, 0x19, 0x0A, 0x3A, 0xDD, 0x78, 0xAF, 0x40, 0xC8, 0x5B, 0x3A,
    0x6E, 0x3A, 0x27, 0x1D, 0xC4, 0xCD, 0xBF, 0xAD, 0x5E, 0x79, 0xAA, 0xEA, 0x03, 0xBD, 0xD4, 0xBD,
    0xD1, 0x8F, 0x99, 0xED, 0x34, 0xAD, 0xB9, 0x72, 0x88, 0xB2, 0xB8, 0x94, 0x7D, 0xA5, 0x45, 0x60,
    0xD4, 0x97, 0x9B, 0x3D, 0x71, 0xDA, 0x4A, 0x1E, 0x8E, 0xE0, 0xB5, 0x5B, 0xE0, 0xEB, 0x63, 0xB8,
    0x5F, 0xE0, 0x29, 0xC0, 0xC7, 0xB4, 0x79, 0xA4, 0xA5, 0x9D, 0x0F, 0x0F, 0xE4, 0xD1, 0xDC, 0x53,
    0x9F, 0x87, 0x99, 0xBF, 0xCD, 0x52, 0x31, 0x8E, 0xDB, 0x30, 0x10, 0x9C, 0x58, 0x01, 0x54, 0xA8,
    0xE0, 0x0F, 0xC2, 0x26, 0x4D, 0x82, 0x04, 0xFB, 0x81, 0xD8, 0x64, 0x97, 0xD2, 0x2F, 0x8A, 0xC5,
    0xDE, 0xC5, 0xBD, 0xC8, 0xD6, 0xFE, 0xE0, 0xF4, 0x83, 0xE8, 0x09, 0x2A, 0x54, 0x04, 0x81, 0xAC,
    0xCD, 0x90, 0xD2, 0x1D, 0xE0, 0xBB, 0x04, 0x48, 0x15, 0x04, 0x1C, 0x11, 0x4B, 0x72, 0x76, 0xB9,
    0x9C, 0xD1, 0x6E, 0x81, 0x33, 0x15, 0xEB, 0xC3, 0x79, 0x0C, 0xD5, 0x8A, 0x69, 0x0B, 0xCE, 0x23,
    0xF7, 0x79, 0xBA, 0x5B, 0x70, 0x40, 0xE0, 0x07, 0xCE, 0xF7, 0x03, 0xA2, 0x68, 0x15, 0xA6, 0x95,
    0x69, 0xF3, 0xA8, 0xFE, 0xA8, 0x07, 0xA7, 0x9D, 0x4D, 0xAD, 0x8D, 0x70, 0xBA, 0xC2, 0x1B, 0xA4,
    0x80, 0xF4, 0x30, 0x23, 0x30, 0xB0, 0xC4, 0xC4, 0xF7, 0x92, 0x3A, 0x8B, 0xDD, 0x02, 0x3F, 0x01,
    0x86, 0xDD, 0x8C, 0xBA, 0x24, 0x85, 0x1B, 0x3A, 0x4B, 0x8B, 0xD7, 0xD9, 0x65, 0x5C, 0x7D, 0x62,
    0x4A, 0xF3, 0x03, 0x66, 0x4A, 0x74, 0xA6, 0x90, 0x98, 0x6B, 0x5D, 0x80, 0x19, 0xD5, 0x54, 0xB2,
    0x7A, 0x78, 0x26, 0xC6, 0x4C, 0x23, 0xF9, 0x24, 0xE9, 0xE2, 0xD2, 0x49, 0xA2, 0x2C, 0x5C, 0xC6,
    0x45, 0x72, 0x1D, 0xCE, 0xAD, 0x45, 0x37, 0x6F, 0x9C, 0x8B, 0x4F, 0xDC, 0xBC, 0x79, 0x6E, 0x26,
    0x76, 0x88, 0xAE, 0x34, 0x30, 0xC1, 0x0D, 0x08, 0x8A, 0x6A, 0xDC, 0xB0, 0x5E, 0xFA, 0xBC, 0x64,
    0x85, 0x67, 0x50, 0x8E, 0x35, 0xA8, 0xF3, 0x23, 0xA3, 0x14, 0x89, 0xF6, 0xF8, 0xC6, 0xB1, 0x67,
    0x94, 0x25, 0xF3, 0xD1, 0xA5, 0x9A, 0xC4, 0x4F, 0xDC, 0x09, 0x10, 0x38, 0xAE, 0x9D, 0x6E, 0x23,
    0xB9, 0x2D, 0xE7, 0x0B, 0x2B, 0xFD, 0x9C, 0x79, 0x15, 0x6E, 0x01, 0xB3, 0xC4, 0x17, 0xD8, 0xFD,
    0x9D, 0x45, 0x6C, 0x9F, 0x8F, 0xA3, 0xC0, 0xDD, 0x8C, 0x0F, 0x33, 0xDE, 0xDC, 0x43, 0x2C, 0x11,
    0x4F, 0xA5, 0x86, 0xF0, 0x30, 0x7C, 0x6C, 0x86, 0xAC, 0xB6, 0x4F, 0x68, 0x33, 0x81, 0x2A, 0x7A,
    0x1B, 0x43, 0xC1, 0x4A, 0xF3, 0xD6, 0xCB, 0x79, 0x78, 0x57, 0x17, 0x5A, 0x97, 0xD0, 0x29, 0x9A,
    0x31, 0x10, 0x36, 0xF0, 0xB4, 0x5A, 0x5E, 0x9A, 0x2F, 0x47, 0x3D, 0xFD, 0x03, 0xF3, 0xFD, 0x9D,
    0xF9, 0xD5, 0xFF, 0x60, 0xBE, 0x7B, 0x65, 0x7E, 0xF8, 0x8D, 0xF9, 0xFE, 0x8F, 0xE6, 0xEF, 0x73,
    0xA7, 0x29, 0x38, 0x7D, 0x8D, 0xB5, 0xDF, 0xB7, 0x82, 0xC6, 0x22, 0x5F, 0xD3, 0x4A, 0xBC, 0x86,
    0x1C, 0xC8, 0xF7, 0x58, 0xDF, 0xE8, 0x58, 0x24, 0xA7, 0xB5, 0x02, 0x0A, 0xFC, 0x95, 0x3B, 0x5A,
    0x2F, 0x20, 0x18, 0x84, 0x63, 0xDF, 0xD6, 0x43, 0x5B, 0x8F, 0x9C, 0x19, 0xAF, 0x47, 0x6D, 0xD3,
    0x87, 0x07, 0x75, 0x14, 0x75, 0x41, 0x45, 0x3D, 0xAC, 0x14, 0xF1, 0x7A, 0x75, 0x83, 0x2B, 0x77,
    0x7D, 0x96, 0x84, 0xA7, 0x9A, 0x07, 0xCF, 0x9F, 0x25, 0x6B, 0xF6, 0x0B, 0x95, 0x97, 0xBD, 0xAE,
    0xDC, 0x44, 0x14, 0xC7, 0xC7, 0x76, 0x74, 0x2D, 0xE1, 0x62, 0x7A, 0x22, 0xE1, 0x26, 0x45, 0x3A,
    0xBF, 0x00, 0x37, 0x63, 0x85, 0x82, 0x32, 0x8F, 0x40, 0x43, 0x4F, 0x4B, 0x91, 0x60, 0x03, 0x12,
    0x2D, 0xBC, 0x01, 0xAF, 0xC0, 0x03, 0x04, 0x8D, 0x15, 0x0A, 0x0A, 0x1A, 0x2B, 0x79, 0x00, 0x4C,
    0x72, 0x25, 0xCA, 0x6B, 0x94, 0x85, 0x18, 0x32, 0xF6, 0xE1, 0xFF, 0x3F, 0x63, 0xDF, 0xF5, 0xDE,
    0x24, 0x90, 0xAC, 0x56, 0x3F, 0x7B, 0xE7, 0xF3, 0xCC, 0xF9, 0x9A, 0xB3, 0xA6, 0x5A, 0x6A, 0x63,
    0x12, 0x91, 0xD1, 0x98, 0x42, 0x59, 0x4E, 0x79, 0x6F, 0x8C, 0x1B, 0x0C, 0x3E, 0x4D, 0x47, 0xFA,
    0x96, 0x94, 0xDA, 0x8A, 0xF4, 0x7B, 0xFA, 0xD6, 0x1E, 0x38, 0x86, 0x74, 0x03, 0x59, 0xCD, 0x24,
    0xFA, 0x44, 0x4C, 0xAA, 0x34, 0x95, 0xD2, 0xB0, 0xFD, 0xB5, 0xC4, 0x3A, 0xA7, 0x2C, 0x2D, 0xB7,
    0xAB, 0x76, 0xF4, 0xD2, 0x6E, 0xC2, 0x35, 0x22, 0x33, 0xA5, 0xC5, 0x9A, 0xB9, 0x2C, 0xD5, 0x82,
    0x39, 0x5F, 0xB8, 0xCF, 0x4D, 0x15, 0xCE, 0x1D, 0x64, 0x18, 0x1F, 0xDC, 0xA1, 0x24, 0xF7, 0xC1,
    0xA6, 0x7F, 0x08, 0xFA, 0xEE, 0xE1, 0x39, 0x19, 0x1E, 0x28, 0xEF, 0x93, 0xD3, 0xC3, 0x8D, 0x4D,
    0x3F, 0x05, 0x8E, 0x3F, 0x80, 0xD5, 0x1F, 0xA4, 0x9D, 0xC7, 0x89, 0x5B, 0x8D, 0xD3, 0xB9, 0xC9,
    0x64, 0xFC, 0x47, 0x6A, 0x6C, 0x4E, 0xF9, 0x4B, 0x11, 0x74, 0x64, 0x42, 0x49, 0xB2, 0xA7, 0x10,
    0xC4, 0x64, 0xCF, 0xC8, 0xFC, 0x09, 0x99, 0x7E, 0xA5, 0x1A, 0xF2, 0x54, 0xE5, 0x95, 0x9C, 0xCB,
    0xAA, 0x81, 0x5C, 0x2E, 0xCE, 0x66, 0xC8, 0x69, 0xCC, 0x6D, 0x53, 0x06, 0x8E, 0x73, 0xA3, 0x32,
    0x6A, 0xB8, 0x2F, 0x7E, 0x5B, 0x20, 0x4F, 0xF1, 0x62, 0x26, 0x25, 0x90, 0x0B, 0x25, 0x2C, 0x82,
    0xF6, 0xAA, 0x6E, 0x95, 0x23, 0x59, 0x85, 0x42, 0x35, 0x5C, 0x1C, 0xCE, 0xB1, 0xF2, 0xE5, 0x5F,
    0xAB, 0x9E, 0x55, 0xCE, 0x59, 0xE5, 0xC4, 0xE2, 0x89, 0x5F, 0x54, 0x58, 0x19, 0xF7, 0xA0, 0xD0,
    0xFF, 0x03, 0x88, 0xBB, 0xC7, 0xAB, 0x43, 0xD0, 0xDE, 0x45, 0xBC, 0x71, 0x15, 0xC8, 0x7E, 0x50,
    0x35, 0xA8, 0xED, 0x3B, 0xD3, 0x0C, 0xCD, 0x60, 0xA4, 0xB5, 0xBD, 0x11, 0x93, 0xC0, 0x76, 0xC6,
    0x44, 0xA4, 0x57, 0x68, 0xA8, 0x5C, 0x4F, 0x1C, 0xDB, 0xFC, 0xDA, 0x76, 0xD8, 0xB5, 0x45, 0x2C,
    0xDC, 0x88, 0x7A, 0xA4, 0x67, 0x4D, 0x98, 0x2B, 0x07, 0x42, 0x75, 0x9A, 0xAA, 0x4E, 0x0B, 0xF5,
    0x5A, 0x5B, 0x2F, 0xE5, 0x94, 0xC2, 0x57, 0xBD, 0x94, 0x72, 0xC0, 0x08, 0x2F, 0x41, 0x86, 0x46,
    0x5E, 0x2E, 0xD2, 0x56, 0xF2, 0x13, 0xE4, 0xB3, 0xF2, 0xA5, 0x32, 0x21, 0x83, 0x72, 0x52, 0x8E,
    0xD7, 0x59, 0x29, 0x9D, 0x52, 0xC8, 0x44, 0x99, 0x5D, 0x82, 0xEB, 0x76, 0xA5, 0x1E, 0xFD, 0x8E,
    0xF2, 0x96, 0x59, 0x95, 0x51, 0xF5, 0x19, 0x3C, 0x86, 0xEC, 0x94, 0xE3, 0x8E, 0x41, 0x39, 0x93,
    0x41, 0x22, 0xEB, 0xAA, 0xA7, 0xBB, 0x6D, 0x9F, 0x2C, 0xD8, 0x91, 0xED, 0xC5, 0xA1, 0xEA, 0xE5,
    0xA4, 0xDD, 0x08, 0xDB, 0x8D, 0xFF, 0x9E, 0x74, 0x97, 0x64, 0x29, 0xA4, 0x55, 0xE6, 0xCA, 0x4C,
    0x99, 0x28, 0x8D, 0xC7, 0x5E, 0x32, 0xA8, 0x8D, 0x57, 0xDF, 0x80, 0x09, 0x43, 0xE2, 0x07, 0xEA,
    0xB2, 0x1C, 0xC9, 0x62, 0x22, 0xF3, 0xA0, 0x2E, 0x2F, 0x5D, 0xE4, 0x55, 0x3B, 0xC2, 0x15, 0xAC,
    0x38, 0x32, 0xC1, 0x42, 0x5C, 0xA1, 0x3D, 0xAE, 0x36, 0xAC, 0x36, 0x79, 0x07, 0x8A, 0xFC, 0x6D,
    0xE2, 0x93, 0x51, 0xAF, 0x4F, 0xCD, 0x08, 0xD2, 0x55, 0xB1, 0xBF, 0xCB, 0x97, 0xF8, 0x8C, 0x6E,
    0x25, 0x5D, 0xBA, 0x3E, 0x93, 0x6B, 0xBF, 0xB3, 0x75, 0x1C, 0x22, 0x06, 0xE7, 0x91, 0xAE, 0x99,
    0xA8, 0x57, 0xAC, 0x37, 0x58, 0xDA, 0x0B, 0xD1, 0x61, 0xC7, 0xFB, 0x86, 0xA2, 0x5A, 0x78, 0x09,
    0x4C, 0x5F, 0x5B, 0x44, 0xAA, 0x74, 0xD8, 0x01, 0x5B, 0xE2, 0xA4, 0x43, 0x82, 0x3E, 0xE9, 0x10,
    0x97, 0x85, 0xAC, 0xFB, 0xF3, 0x69, 0xE7, 0xBC, 0xE5, 0x33, 0x17, 0xAB, 0xFD, 0x99, 0x7C, 0x0B,
    0xAB, 0x31, 0x00, 0x1E, 0xE1, 0xC0, 0x76, 0x32, 0xF9, 0x4C, 0x77, 0xB4, 0x54, 0xBB, 0x81, 0x10,
    0x85, 0xBE, 0x40, 0x81, 0xB9, 0xC6, 0x3B, 0x7E, 0xA2, 0xB1, 0x94, 0x9A, 0x2F, 0xB0, 0x30, 0xD2,
    0xA5, 0x7A, 0xB8, 0xD3, 0x8C, 0x89, 0x43, 0xB8, 0xAA, 0x83, 0x40, 0x9B, 0xC5, 0xAF, 0x4C, 0xDC,
    0x23, 0xF8, 0x17, 0x3B, 0xB8, 0x9E, 0xB9, 0x75, 0x2E, 0x46, 0xA7, 0x11, 0x77, 0x3A, 0x06, 0xEE,
    0xF4, 0x6C, 0xCA, 0x26, 0x2A, 0xA0, 0x7C, 0x7E, 0x48, 0x83, 0xA6, 0xD8, 0xE7, 0xE3, 0xFA, 0xF2,
    0x62, 0x4C, 0x66, 0xEA, 0xA4, 0x78, 0x39, 0x9A, 0x65, 0x66, 0x9A, 0x82, 0xBC, 0x12, 0xD4, 0x29,
    0xB1, 0x7A, 0x7C, 0x41, 0x64, 0x4E, 0x1A, 0x54, 0x9D, 0x71, 0x07, 0x0D, 0xCA, 0x4E, 0x33, 0x13,
    0xB7, 0xC9, 0x27, 0x30, 0x28, 0x17, 0x10, 0x83, 0x48, 0x43, 0x16, 0xA3, 0xFF, 0x78, 0x12, 0xFB,
    0x0E, 0x6C, 0x72, 0xD2, 0x70, 0x6E, 0x20, 0xE9, 0x3A, 0x13, 0x83, 0x0E, 0x64, 0x10, 0x4F, 0x66,
    0x97, 0x15, 0x92, 0x98, 0x65, 0xC6, 0x3D, 0xD8, 0xD6, 0xFC, 0xB9, 0x66, 0x25, 0x5E, 0x2E, 0xA6,
    0x9A, 0x60, 0x28, 0x37, 0x40, 0x99, 0x0D, 0xBD, 0xC1, 0x13, 0xD2, 0xBE, 0x0A, 0xED, 0x70, 0x70,
    0x7D, 0x1C, 0xB1, 0x5C, 0xE7, 0xE6, 0x42, 0x25, 0xF9, 0xDE, 0x9B, 0x98, 0xAC, 0xE8, 0x27, 0x47,
    0x30, 0x73, 0x5D, 0x44, 0x6F, 0xAC, 0x31, 0x94, 0xD6, 0x28, 0x97, 0xBA, 0x51, 0xD5, 0xA4, 0x4C,
    0xCB, 0xF1, 0x2A, 0xDC, 0xB2, 0x91, 0x5A, 0x66, 0xDC, 0x11, 0x91, 0x31, 0x6F, 0xED, 0xA7, 0x8C,
    0xE3, 0xA3, 0xEF, 0x1A, 0x89, 0x17, 0x46, 0xB7, 0x5E, 0x07, 0xB6, 0xC6, 0x2E, 0x90, 0x49, 0x77,
    0xEC, 0x78, 0xC1, 0xD1, 0x7C, 0x37, 0xB1, 0x1A, 0x67, 0x95, 0x81, 0x74, 0x23, 0x29, 0x7D, 0x4A,
    0x45, 0xD4, 0x60, 0xC1, 0x1B, 0x86, 0x57, 0x0A, 0x7D, 0x6A, 0x24, 0x31, 0x35, 0x95, 0x14, 0xD2,
    0xA5, 0x52, 0xCC, 0x71, 0x5F, 0x19, 0xF6, 0x84, 0x1D, 0x55, 0x92, 0x44, 0x47, 0x1A, 0xAF, 0xB3,
    0xDC, 0xE1, 0xB8, 0x4E, 0x41, 0x5B, 0xAF, 0xEB, 0x27, 0x31, 0xC2, 0xBC, 0xEE, 0xEB, 0x0E, 0xA4,
    0x0D, 0x5C, 0x66, 0x87, 0x93, 0xEC, 0x9C, 0x72, 0xE3, 0x8A, 0x50, 0x11, 0x66, 0x7A, 0xD9, 0xC0,
    0x3C, 0x9D, 0xD6, 0x38, 0x51, 0x55, 0xC7, 0x5B, 0xE5, 0x31, 0x6F, 0x70, 0xFA, 0x21, 0x3A, 0x38,
    0x4B, 0x34, 0x81, 0x18, 0x76, 0x40, 0x3D, 0xD7, 0xB3, 0xFD, 0x06, 0xDE, 0x72, 0x17, 0xD1, 0x62,
    0xEB, 0x85, 0x77, 0xF5, 0x3A, 0xC4, 0x66, 0x19, 0xCE, 0x62, 0x02, 0x31, 0xE6, 0x53, 0xC8, 0x1B,
    0xE2, 0xAB, 0x79, 0xBF, 0xB5, 0xCB, 0xFA, 0xEA, 0xBB, 0x5C, 0xD6, 0x57, 0x69, 0xE1, 0x13, 0x67,
    0x6A, 0x05, 0xA9, 0xE9, 0x1E, 0x9C, 0xAA, 0x27, 0x37, 0x12, 0x05, 0xC7, 0x37, 0x93, 0x8F, 0x28,
    0xD7, 0x82, 0x2F, 0x3C, 0x97, 0xAF, 0x33, 0xBE, 0x88, 0x5D, 0xBC, 0xA2, 0xA1, 0x08, 0xC8, 0x86,
    0xAA, 0x14, 0x7C, 0xDD, 0x40, 0xCB, 0x22, 0xC0, 0x4B, 0xC4, 0xAB, 0x1A, 0xED, 0x00, 0xA3, 0x34,
    0x9A, 0x9B, 0x30, 0xCC, 0x77, 0xBE, 0xCD, 0xB5, 0xD8, 0x48, 0xA4, 0x46, 0xFE, 0xE1, 0xDD, 0xDE,
    0xC1, 0x46, 0x48, 0xF9, 0xF4, 0xF2, 0xDA, 0x1F, 0x90, 0xA7, 0x37, 0xFB, 0xA7, 0x9A, 0x5B, 0x2B,
    0x3A, 0x41, 0xA6, 0xD2, 0x38, 0x91, 0xEF, 0x90, 0x35, 0x9B, 0xF5, 0xA4, 0xDC, 0x7C, 0xFB, 0xD8,
    0xE9, 0xF8, 0x3A, 0xBE, 0xEE, 0xB5, 0x1A, 0x77, 0x73, 0x1C, 0xF5, 0xE6, 0x61, 0x7C, 0x23, 0x9F,
    0xC0, 0xB7, 0x96, 0x02, 0x0E, 0x30, 0xE7, 0x1B, 0x16, 0x45, 0x81, 0x5D, 0xC4, 0x12, 0xF7, 0x30,
    0xCE, 0xFF, 0xDA, 0x71, 0x5A, 0xCB, 0xD2, 0x02, 0x17, 0x1B, 0x75, 0xF9, 0x21, 0xF3, 0xF1, 0x8F,
    0xBC, 0xD8, 0xE0, 0x4D, 0x7D, 0x82, 0xA4, 0x88, 0xE2, 0xE2, 0xF2, 0xF2, 0x00, 0x59, 0xEF, 0x4D,
    0xC5, 0x13, 0xC9, 0x83, 0x7D, 0x14, 0xB2, 0x50, 0xB5, 0x53, 0x1A, 0x9C, 0xF9, 0x21, 0x0D, 0x5B,
    0xCA, 0xCF, 0x28, 0x6B, 0x41, 0x79, 0x2C, 0x33, 0xBE, 0xA3, 0xF6, 0x3F, 0x58, 0xA5, 0x13, 0x64,
    0x64, 0x2D, 0x9D, 0x0A, 0x7A, 0x55, 0x11, 0x72, 0xCD, 0x9F, 0x9A, 0x3B, 0x7D, 0x7B, 0xF4, 0x37,
    0xFC, 0x74, 0x9D, 0xE2, 0xA4, 0x4D, 0xDA, 0x38, 0x83, 0xDA, 0x2A, 0x78, 0x8F, 0x14, 0xF4, 0x10,
    0x3D, 0xF2, 0x7F, 0x23, 0x3A, 0x0B, 0x3E, 0xD3, 0x35, 0x26, 0x9E, 0x7E, 0x55, 0x6A, 0x20, 0xFA,
    0xCD, 0x28, 0xB8, 0x62, 0xE4, 0xE9, 0x88, 0x3C, 0x2E, 0xD9, 0xF8, 0x1E, 0x4A, 0xB1, 0x6C, 0x64,
    0x58, 0x66, 0x18, 0xD8, 0x0C, 0xA4, 0xEF, 0x22, 0x59, 0x40, 0xCB, 0xCA, 0xE2, 0x17, 0x64, 0x96,
    0x8D, 0x3F, 0x0B, 0xD2, 0xBA, 0xED, 0xDC, 0xE0, 0x46, 0xB2, 0x1C, 0x6D, 0x8B, 0xC2, 0x39, 0x90,
    0x99, 0xDC, 0x03, 0xE1, 0x7D, 0x77, 0xB1, 0x71, 0xA5, 0x89, 0x27, 0x8B, 0x7E, 0x5E, 0xA9, 0x87,
    0x3B, 0x15, 0xCD, 0xED, 0xAA, 0x8C, 0x58, 0x46, 0x7A, 0xA5, 0xA8, 0xE4, 0x9A, 0xE2, 0x35, 0xF0,
    0xE0, 0xA7, 0xB1, 0x4E, 0xA2, 0xC3, 0x17, 0x13, 0x97, 0x41, 0x3A, 0x6E, 0xE3, 0x65, 0x33, 0xED,
    0xC9, 0xFA, 0x9D, 0x2E, 0xC8, 0xCB, 0xE9, 0xD5, 0x5E, 0x78, 0x7C, 0xAA, 0x96, 0x48, 0xA2, 0xD3,
    0x8A, 0x96, 0xFC, 0xBE, 0xA3, 0x57, 0x35, 0x3D, 0x25, 0x70, 0x7A, 0x51, 0xE1, 0xF7, 0x67, 0x9B,
    0x05, 0xAD, 0x5A, 0x90, 0x19, 0x3A, 0x6B, 0xD7, 0xAB, 0xBA, 0xBE, 0xC1, 0xA9, 0xD5, 0x05, 0x72,
    0x53, 0x25, 0xBF, 0x0B, 0xB5, 0xBB, 0x98, 0x5B, 0x19, 0xFF, 0x43, 0x30, 0x80, 0x51, 0xBF, 0xDD,
    0x45, 0x6C, 0x22, 0xC0, 0x2D, 0xAA, 0xB4, 0xD6, 0xA1, 0x2E, 0x69, 0xB1, 0x76, 0x12, 0x6B, 0x64,
    0xE0, 0x06, 0x0F, 0xEB, 0x4C, 0x39, 0xA7, 0xB0, 0xF4, 0x6A, 0x0D, 0x06, 0x16, 0xC2, 0xE2, 0xB5,
    0xB6, 0xE3, 0xD9, 0x63, 0x29, 0xAC, 0x65, 0xF1, 0x56, 0x88, 0x3F, 0x46, 0x91, 0x6D, 0x97, 0x6C,
    0xC4, 0x1F, 0x86, 0xE9, 0x4D, 0xB6, 0xCB, 0x76, 0xB6, 0xCB, 0x3B, 0x2D, 0xC4, 0xAF, 0x08, 0x55,
    0x75, 0xFA, 0x57, 0xA7, 0xE3, 0x89, 0x49, 0xDA, 0x8E, 0xDE, 0x6B, 0xDB, 0x07, 0x30, 0xD7, 0xE5,
    0x37, 0x50, 0xB4, 0xAC, 0xA2, 0x31, 0xA3, 0x24, 0x74, 0x6B, 0xFC, 0xD8, 0xD9, 0x2E, 0xF2, 0xF6,
    0x7A, 0xF3, 0x84, 0x23, 0xCC, 0xE9, 0xE7, 0x7A, 0xEF, 0x5B, 0xD5, 0xEF, 0x6F, 0x05, 0x56, 0xCB,
    0xED, 0x11, 0xBC, 0x47, 0x28, 0x69, 0x1D, 0x2F, 0xA4, 0xEB, 0xBD, 0xBC, 0x54, 0x62, 0xEF, 0x4D,
    0x9D, 0xCB, 0xCC, 0x45, 0x87, 0x6C, 0xB4, 0x6A, 0x53, 0x1F, 0xB4, 0x1A, 0x4E, 0xEA, 0x6F, 0xBA,
    0x0A, 0x67, 0x98, 0x86, 0x3D, 0x5A, 0x58, 0x68, 0x77, 0xAE, 0x15, 0x92, 0x79, 0x03, 0x52, 0xA2,
    0xDA, 0x2E, 0x82, 0x88, 0x99, 0x4A, 0xA4, 0x19, 0x24, 0x07, 0x96, 0x46, 0xEF, 0x33, 0x63, 0x9E,
    0x10, 0xB9, 0x4C, 0xC5, 0x80, 0xAC, 0x54, 0x0E, 0xD0, 0xB5, 0xC2, 0xF5, 0x2F, 0x17, 0xD8, 0xE7,
    0xEB, 0xE5, 0x8C, 0xA9, 0x3D, 0xFE, 0x85, 0x09, 0xF1, 0x0F, 0xDB, 0xBF, 0x1D, 0x8D, 0xAD, 0x0D,
    0x80, 0x30, 0x14, 0x84, 0x3F, 0x40, 0x20, 0x10, 0x38, 0x34, 0x1E, 0xC1, 0x08, 0x05, 0xCD, 0x50,
    0xE0, 0x18, 0xAB, 0x8C, 0xC0, 0x08, 0x8C, 0x50, 0x51, 0x81, 0x80, 0x1E, 0xAF, 0xE4, 0x92, 0x4B,
    0x2E, 0xF7, 0x07, 0xA5, 0x26, 0x18, 0x75, 0x82, 0x57, 0x30, 0xB5, 0x44, 0xEA, 0xA7, 0x8A, 0xB4,
    0xC1, 0x68, 0xBC, 0x9A, 0x80, 0x3B, 0xDA, 0xC0, 0xBA, 0xB9, 0x03, 0x3F, 0x6B, 0x43, 0x4D, 0x02,
    0xF9, 0x48, 0x21, 0x53, 0x83, 0x6E, 0x70, 0x79, 0xC3, 0xBD, 0x40, 0x67, 0x1E, 0x65, 0xA2, 0xA7,
    0x48, 0xAC, 0x13, 0x32, 0xA0, 0xFD, 0xCD, 0xEB, 0x7F, 0xD0, 0x7E, 0x72, 0xFF, 0x03, 0xBD, 0x54,
    0x41, 0x6E, 0xDB, 0x40, 0x0C, 0xA4, 0xA4, 0x83, 0xDD, 0x2A, 0x80, 0x3F, 0x50, 0xC0, 0x97, 0x1E,
    0xDA, 0x43, 0xA0, 0x1F, 0x64, 0x9D, 0xF6, 0xD0, 0x63, 0x9F, 0xD0, 0x8F, 0x14, 0x91, 0x9E, 0x93,
    0x47, 0x04, 0x58, 0xF5, 0x07, 0x7E, 0x82, 0x9F, 0xA0, 0x02, 0x3A, 0x28, 0x80, 0x6C, 0x96, 0xC3,
    0xA1, 0x60, 0xA5, 0x40, 0x0B, 0xE4, 0x92, 0x05, 0x42, 0x3A, 0x4B, 0x91, 0x3B, 0x9C, 0xE1, 0xAE,
    0xC8, 0x56, 0xB8, 0xEE, 0xC2, 0x2B, 0xDD, 0xE6, 0x42, 0xBF, 0x9F, 0xE8, 0xDB, 0x93, 0xBB, 0x42,
    0x3B, 0x86, 0xCF, 0x11, 0x56, 0x5F, 0x63, 0x0A, 0xDF, 0x84, 0xAF, 0x23, 0x5E, 0xE8, 0x21, 0xF2,
    0x8F, 0x91, 0x30, 0xCA, 0x8B, 0x02, 0x45, 0x9C, 0x27, 0x0F, 0xE1, 0x17, 0x3C, 0x5C, 0xB7, 0x6E,
    0x33, 0x8A, 0x94, 0x8A, 0x12, 0xB5, 0xA2, 0x40, 0xA3, 0x48, 0xCF, 0x6A, 0xD5, 0x4B, 0x6D, 0xAD,
    0x76, 0x3D, 0xB7, 0x56, 0xB9, 0x19, 0xB2, 0xD5, 0x4D, 0x7D, 0xBE, 0x57, 0xD9, 0x59, 0xD6, 0xCF,
    0x25, 0xF7, 0x8D, 0xAC, 0x2D, 0xD2, 0x23, 0xE5, 0x40, 0x5F, 0xCD, 0xF1, 0xFF, 0xC2, 0x43, 0x0E,
    0x1E, 0x9A, 0xE0, 0x61, 0x45, 0x54, 0x4B, 0xEE, 0x8E, 0xE1, 0x87, 0xF0, 0xFF, 0x20, 0x7E, 0x7C,
    0xC1, 0xEB, 0xC2, 0x73, 0x15, 0xE1, 0x72, 0x5C, 0xE3, 0x79, 0x3B, 0x0E, 0xC8, 0xBA, 0x29, 0x60,
    0xBA, 0x52, 0x0D, 0x2A, 0x43, 0x95, 0xA8, 0x58, 0xA8, 0x47, 0x25, 0xA9, 0x6A, 0x54, 0xB8, 0x5D,
    0x29, 0xBF, 0x0D, 0xEC, 0x77, 0xC1, 0xA5, 0x92, 0x4B, 0x9B, 0x4B, 0xE7, 0x12, 0x73, 0x09, 0x2E,
    0x31, 0x97, 0xC6, 0xA5, 0xD3, 0x63, 0x5C, 0x3A, 0x3D, 0x46, 0x46, 0xCC, 0xE5, 0x31, 0xE6, 0x72,
    0x88, 0xB9, 0x3C, 0xD5, 0x8C, 0x77, 0xFE, 0x3D, 0x3E, 0x46, 0x3E, 0xB8, 0xC4, 0x1F, 0x10, 0xDA,
    0x9E, 0x73, 0x69, 0xF8, 0xC9, 0xE5, 0x43, 0x70, 0xB9, 0xE0, 0xB9, 0x71, 0x74, 0x89, 0x77, 0xA5,
    0x07, 0xE5, 0x0A, 0x7C, 0x3B, 0x05, 0x3A, 0x3B, 0x0E, 0xDB, 0x39, 0xF7, 0x52, 0x5D, 0xDA, 0x66,
    0x90, 0xDD, 0x94, 0xEB, 0x59, 0xD2, 0x29, 0x57, 0xC6, 0x47, 0x97, 0x0F, 0x67, 0x79, 0x67, 0xBD,
    0x7E, 0x7C, 0x35, 0xAF, 0xEF, 0xCD, 0x7E, 0x92, 0x64, 0x15, 0x2E, 0xA8, 0xF6, 0x55, 0x51, 0xF9,
    0xFB, 0x64, 0xA7, 0x64, 0x74, 0x60, 0xAD, 0x75, 0x38, 0xFD, 0xE2, 0x48, 0x26, 0x47, 0xE5, 0x73,
    0xA3, 0xDD, 0xF5, 0x6E, 0x6F, 0x09, 0x70, 0x5A, 0x59, 0xEB, 0x2C, 0xF9, 0x84, 0x26, 0xA5, 0x45,
    0x43, 0x29, 0xA1, 0xE1, 0xB4, 0x43, 0xFB, 0xA9, 0x02, 0x19, 0x49, 0xA0, 0x52, 0x12, 0x04, 0x92,
    0x20, 0x90, 0x04, 0x81, 0xCF, 0x22, 0x94, 0xCF, 0x33, 0x3C, 0x20, 0x1E, 0x90, 0xBF, 0x02, 0x7E,
    0x46, 0xC5, 0x3B, 0xD1, 0xFB, 0xC9, 0xF3, 0x62, 0x1B, 0xB7, 0x81, 0xA3, 0xF0, 0xDF, 0x1B, 0xB7,
    0xCD, 0x33, 0x6C, 0xFE, 0x3D, 0x63, 0x48, 0x7E, 0xCD, 0x18, 0x98, 0x02, 0xDF, 0xCF, 0xB0, 0x79,
    0x30, 0x5B, 0x6A, 0x6F, 0xB6, 0x36, 0xE8, 0x8F, 0xB6, 0xED, 0x54, 0x0D, 0x3E, 0x52, 0xBD, 0x8F,
    0x97, 0x5F, 0x33, 0xD6, 0xF6, 0x93, 0xF7, 0xBD, 0x5F, 0x20, 0xB9, 0x5A, 0xEE, 0x30, 0xCA, 0x2F,
    0x99, 0xC5, 0x0A, 0xAC, 0xB6, 0x0A, 0x3C, 0xC6, 0x89, 0x3C, 0x3D, 0x90, 0x10, 0x15, 0x11, 0x12,
    0x6D, 0x20, 0x67, 0x17, 0xC5, 0xB5, 0xBB, 0x66, 0xD5, 0x75, 0x8A, 0xAE, 0xA5, 0xBF, 0x32, 0x43,
    0x96, 0xC8, 0x98, 0xB3, 0x47, 0x26, 0xC9, 0xAA, 0x6D, 0x93, 0x6D, 0x32, 0xBF, 0xA8, 0x40, 0x45,
    0x5C, 0x1D, 0x2A, 0x45, 0xD5, 0xA8, 0xA0, 0x17, 0x09, 0x65, 0x43, 0x65, 0x57, 0x7C, 0x35, 0x03,
    0xCB, 0xFA, 0xC0, 0xC7, 0x84, 0x4F, 0x49, 0xEF, 0xE8, 0x07, 0x7F, 0xDE, 0x91, 0xD7, 0x62, 0xAA,
    0x0B, 0x9F, 0xEA, 0xCD, 0x19, 0x53, 0xBD, 0x1F, 0x7D, 0xAA, 0x8F, 0xF9, 0x8B, 0xCA, 0xFE, 0x90,
    0x0F, 0x4F, 0xFF, 0x7B, 0x09, 0xEE, 0xFD, 0x25, 0xF8, 0x86, 0x97, 0x20, 0xFF, 0xC0, 0x4B, 0x90,
    0xF3, 0xEB, 0x5E, 0x82, 0x40, 0x6E, 0xC3, 0xBD, 0xB6, 0x7F, 0x00, 0xCD, 0x54, 0x31, 0x8E, 0x9D,
    0x40, 0x0C, 0x35, 0x20, 0x2D, 0x52, 0x28, 0xC8, 0x0D, 0x38, 0xC2, 0x34, 0x5B, 0x67, 0x38, 0xD2,
    0x5E, 0x60, 0x17, 0xA4, 0x9C, 0x2B, 0x3B, 0xA3, 0x34, 0x29, 0xD2, 0x70, 0x04, 0x6E, 0xB0, 0x53,
    0x50, 0x50, 0x00, 0x8E, 0x9F, 0xFD, 0x87, 0xFF, 0xFF, 0x66, 0x8B, 0x28, 0x69, 0x32, 0x12, 0x4F,
    0x30, 0xB6, 0x9F, 0x3D, 0xCF, 0x66, 0xA8, 0xE6, 0x91, 0x68, 0xE0, 0x85, 0x28, 0xF0, 0x4E, 0xF4,
    0xA5, 0x62, 0x92, 0xC5, 0xBD, 0x80, 0x8F, 0x37, 0xD0, 0x1D, 0x2E, 0x16, 0xCC, 0x6F, 0xB1, 0x66,
    0xE6, 0xD8, 0xEE, 0x35, 0x47, 0x9F, 0x88, 0xE3, 0x10, 0x29, 0xC4, 0x10, 0x69, 0x18, 0x85, 0x28,
    0xF4, 0x12, 0xC8, 0x24, 0x6F, 0x80, 0x72, 0x17, 0x53, 0xBD, 0x91, 0x4F, 0x2E, 0x91, 0x63, 0x9E,
    0xA8, 0x61, 0x10, 0x87, 0x55, 0x12, 0x60, 0xC5, 0x5B, 0xAC, 0x36, 0x6A, 0x17, 0xFA, 0x3F, 0x51,
    0x2B, 0xBC, 0x60, 0x50, 0xF4, 0x1B, 0x64, 0x6A, 0x55, 0xAC, 0x0A, 0x12, 0x52, 0x21, 0xE7, 0x93,
    0x35, 0x24, 0xA0, 0x33, 0xF3, 0x61, 0xE6, 0x5E, 0x25, 0x8D, 0xBF, 0x99, 0xB7, 0xEB, 0xBB, 0xED,
    0xAB, 0x8F, 0xF9, 0x5B, 0xEC, 0x9D, 0x71, 0x3A, 0x73, 0x59, 0xDE, 0x8B, 0xF1, 0xA6, 0xB6, 0x13,
    0xB7, 0xFC, 0x20, 0x04, 0xD1, 0x2D, 0x98, 0x1D, 0x62, 0x3D, 0x82, 0x76, 0x14, 0x7C, 0x1A, 0x9B,
    0x39, 0x7B, 0x78, 0xA4, 0x1E, 0xE0, 0x01, 0x63, 0x29, 0x8D, 0xA2, 0x5A, 0xC3, 0x91, 0xDB, 0xC5,
    0x1C, 0xFE, 0x7A, 0x86, 0x2F, 0x08, 0x3F, 0x13, 0x78, 0x24, 0x78, 0x81, 0x47, 0x37, 0xF9, 0x14,
    0xD6, 0xB0, 0xFA, 0xD4, 0xA9, 0x2C, 0x4A, 0x4C, 0x81, 0xF4, 0x20, 0x80, 0x02, 0x25, 0x50, 0xA9,
    0x47, 0xA8, 0x0C, 0xC1, 0x65, 0x64, 0xD4, 0x1A, 0xCE, 0x94, 0xD3, 0xDA, 0x1C, 0x5A, 0x02, 0x2B,
    0x10, 0x34, 0x61, 0xA7, 0x03, 0x83, 0x8B, 0x5A, 0x3C, 0x2B, 0x19, 0x7F, 0x45, 0xD1, 0xC3, 0x0F,
    0x10, 0xF8, 0x9F, 0x40, 0xF7, 0xA6, 0xC7, 0x53, 0x6D, 0x0D, 0x1B, 0x15, 0xD1, 0x74, 0x2E, 0xAD,
    0x9A, 0x43, 0x3B, 0xD8, 0x77, 0xAB, 0xB8, 0xA4, 0xC0, 0x18, 0x57, 0x99, 0x49, 0xFF, 0x9D, 0x37,
    0x17, 0x07, 0xE2, 0xD4, 0xCE, 0x41, 0x4A, 0x68, 0x2E, 0x68, 0x3B, 0x66, 0x35, 0x4F, 0x89, 0x12,
    0xE5, 0x0B, 0x1E, 0x85, 0xE1, 0x19, 0x8C, 0xFF, 0x02, 0x68, 0x69, 0xBC, 0x02, 0xB9, 0x03, 0xC5,
    0xF1, 0x4C, 0x35, 0x3A, 0xDA, 0xAE, 0x0F, 0x07, 0xE4, 0x18, 0xD0, 0x0B, 0x37, 0xBE, 0x40, 0xFB,
    0x67, 0xC0, 0xB7, 0xBF, 0x03, 0x68, 0x20, 0x4A, 0x74, 0x76, 0x11, 0xF4, 0x97, 0x29, 0x84, 0x2C,
    0x25, 0x54, 0x29, 0xF7, 0xDC, 0xA1, 0x8F, 0xA0, 0x86, 0xDA, 0xCD, 0x15, 0x96, 0xDC, 0xBC, 0x8F,
    0xA0, 0x9B, 0x33, 0x38, 0x85, 0xE9, 0xEE, 0x92, 0x91, 0x9B, 0x04, 0x2D, 0x40, 0x3F, 0x91, 0x1F,
    0xEC, 0x41, 0x07, 0x00, 0xAE, 0xC7, 0xF8, 0x24, 0x5A, 0x2C, 0x9E, 0x79, 0x7D, 0x7C, 0x60, 0xDD,
    0x46, 0x42, 0xCF, 0x13, 0xF6, 0xD7, 0xC7, 0x4E, 0x6F, 0x30, 0x61, 0xF8, 0x34, 0xDA, 0x99, 0x30,
    0x70, 0xFE, 0xFE, 0x57, 0xC0, 0x24, 0x63, 0x90, 0xC5, 0x7C, 0xB7, 0x2F, 0x99, 0xCA, 0xC5, 0x7E,
    0x85, 0x66, 0xA2, 0xF7, 0xBF, 0xCF, 0xB9, 0xFE, 0x70, 0xFF, 0xB3, 0xB0, 0x09, 0x93, 0x5C, 0x79,
    0x25, 0xE3, 0xDA, 0x1B, 0x2B, 0x5E, 0xA5, 0xCE, 0x9E, 0xBC, 0xE4, 0x90, 0x4F, 0xD9, 0x5E, 0xF1,
    0x12, 0xD5, 0x4E, 0x9D, 0x3C, 0x45, 0xB2, 0x38, 0x9C, 0x87, 0x53, 0x7E, 0x30, 0x9D, 0xD0, 0x14,
    0x7D, 0xB1, 0x90, 0x49, 0xF4, 0xD9, 0xD1, 0xA9, 0xA8, 0xB7, 0x8D, 0x90, 0x81, 0x0B, 0x9C, 0xB0,
    0xC3, 0x0F, 0xF2, 0xF7, 0xD7, 0xBA, 0xA6, 0xFC, 0xFC, 0x02, 0xAD, 0x93, 0xBD, 0x6E, 0xD4, 0x40,
    0x14, 0x85, 0x8F, 0x67, 0x41, 0x2E, 0x46, 0xB2, 0x7B, 0x40, 0xF2, 0x0B, 0x84, 0xB8, 0xDD, 0x48,
    0x8E, 0xEC, 0x9E, 0x86, 0x37, 0x80, 0x87, 0xD8, 0x82, 0x22, 0x8A, 0x27, 0x50, 0x22, 0xF1, 0x0A,
    0x34, 0xA9, 0xA8, 0x52, 0x58, 0x8A, 0x8B, 0xB0, 0x1E, 0x44, 0x41, 0x41, 0xC1, 0x3C, 0xC2, 0xB2,
    0x5B, 0x50, 0x10, 0x91, 0x11, 0x72, 0x61, 0x94, 0x5D, 0x0F, 0xC7, 0x3F, 0x0B, 0x4A, 0xA4, 0xAC,
    0x84, 0x84, 0x75, 0xCF, 0xEC, 0xB7, 0xBE, 0xD7, 0x73, 0xF7, 0x8E, 0xCF, 0x02, 0xBB, 0xAF, 0xFB,
    0x54, 0xB8, 0x55, 0x46, 0x19, 0xCA, 0x52, 0x6B, 0x6A, 0x43, 0xA5, 0x14, 0x93, 0xA1, 0xCC, 0x06,
    0xF9, 0xDD, 0x27, 0x06, 0x05, 0x10, 0x57, 0x8F, 0x10, 0xB5, 0x40, 0xCA, 0xD2, 0x9C, 0x8F, 0xA4,
    0x35, 0x10, 0xAB, 0xBF, 0xDB, 0x7B, 0x25, 0x55, 0x31, 0x51, 0xB9, 0x35, 0x42, 0xF7, 0x2B, 0x41,
    0xD8, 0x22, 0xE9, 0x3A, 0x25, 0x5D, 0xCB, 0x7F, 0x5E, 0xE4, 0x85, 0xF7, 0x0C, 0x79, 0xC3, 0x4D,
    0x5C, 0x93, 0xB6, 0x9E, 0xB3, 0x6C, 0xEA, 0x4C, 0xDE, 0x60, 0x8E, 0x74, 0x71, 0x7B, 0xB6, 0xBB,
    0x9B, 0x1F, 0x71, 0xAB, 0x98, 0xF7, 0x1E, 0xF6, 0x89, 0x96, 0x5F, 0xDB, 0x8C, 0x09, 0xF5, 0x1F,
    0x9A, 0x3F, 0x07, 0x8A, 0x1D, 0x71, 0x0F, 0x85, 0xC3, 0xB9, 0xD3, 0x73, 0xA9, 0x2F, 0x7C, 0x5D,
    0x30, 0x42, 0x55, 0xC4, 0x28, 0xDE, 0xA3, 0xB2, 0x38, 0xCE, 0x30, 0x03, 0xF8, 0xAB, 0x4B, 0x61,
    0xCA, 0xD8, 0x54, 0xAE, 0x8F, 0x95, 0x99, 0x4F, 0x4C, 0x79, 0x2B, 0xA4, 0x29, 0xAB, 0x3E, 0x7B,
    0x6D, 0xAA, 0x57, 0xA6, 0x98, 0x18, 0x30, 0x04, 0x5F, 0x9E, 0xCF, 0xD3, 0x97, 0x83, 0x32, 0x79,
    0x02, 0x2B, 0xDF, 0x52, 0x0E, 0x36, 0x6E, 0xF1, 0xD3, 0xD5, 0x70, 0x4E, 0xF9, 0xEE, 0xBB, 0x4A,
    0x5B, 0xA9, 0x72, 0x2B, 0xD5, 0x31, 0xF5, 0x94, 0x62, 0xCD, 0xCB, 0xA1, 0xAE, 0x53, 0xB5, 0xC1,
    0xB5, 0x33, 0x1E, 0x6B, 0x23, 0xF7, 0x5A, 0xE5, 0xCD, 0x50, 0x3B, 0xEB, 0xEB, 0x44, 0x06, 0xDA,
    0xA3, 0x57, 0x37, 0xB3, 0xF7, 0x8E, 0xCB, 0x83, 0x53, 0x2E, 0x31, 0x77, 0x17, 0x7C, 0x04, 0xDE,
    0xE6, 0x60, 0x8E, 0x70, 0xF9, 0xC9, 0xC2, 0xB7, 0xD3, 0x58, 0xA7, 0x42, 0xF3, 0x90, 0xED, 0x74,
    0x7F, 0xE1, 0x84, 0x76, 0x78, 0x7C, 0x36, 0xDD, 0x3B, 0xFF, 0x2C, 0xF4, 0x37, 0x95, 0x90, 0xD2,
    0x27, 0x42, 0xAF, 0xF4, 0x0B, 0x52, 0x24, 0x85, 0x5E, 0xEA, 0x33, 0x52, 0x40, 0x5A, 0x2C, 0x76,
    0xD3, 0x6C, 0xA4, 0xAF, 0x66, 0x3A, 0xD2, 0x52, 0x27, 0x23, 0xAD, 0xF4, 0xDE, 0x96, 0x54, 0x38,
    0xD2, 0x15, 0xA4, 0x1D, 0xA8, 0xC5, 0x64, 0xA4, 0x35, 0xBC, 0x91, 0x68, 0xDA, 0xBA, 0xA7, 0x0F,
    0x1C, 0x2B, 0xE9, 0xE9, 0xA3, 0xA6, 0xBF, 0x7B, 0xFA, 0xC2, 0xD9, 0xFC, 0xA6, 0xA3, 0x4D, 0x37,
    0x6F, 0x4F, 0x75, 0xF7, 0xA6, 0x8F, 0x48, 0x3C, 0x74, 0x5E, 0x11, 0xA9, 0xFB, 0xF3, 0xB0, 0xF0,
    0x32, 0x90, 0x87, 0x83, 0xF9, 0xD6, 0x81, 0xAC, 0x07, 0x4B, 0x1C, 0x06, 0x52, 0x0F, 0x14, 0xBE,
    0x89, 0x47, 0x9B, 0x88, 0x1F, 0xE5, 0xD6, 0x31, 0xD5, 0x1F, 0xEF, 0x44, 0xD9, 0x4D, 0x03, 0xFF,
    0x06, 0xBD, 0x92, 0xB1, 0x11, 0x83, 0x30, 0x10, 0x04, 0x0F, 0x08, 0x08, 0x08, 0x54, 0x02, 0x25,
    0x50, 0x82, 0xE8, 0x4C, 0xEE, 0xCC, 0x2A, 0xC1, 0x25, 0xB8, 0x04, 0x05, 0x04, 0x0E, 0x40, 0xE7,
    0x7B, 0x49, 0xA6, 0x01, 0x3C, 0x28, 0xD8, 0x1B, 0xE6, 0x35, 0xF3, 0xCB, 0xBF, 0x30, 0x65, 0x2C,
    0x1B, 0x3C, 0x3B, 0x6E, 0x60, 0x1E, 0x99, 0x3A, 0x3E, 0xDC, 0x81, 0x3E, 0xC3, 0x25, 0x0C, 0x47,
    0xE1, 0x6E, 0x0C, 0xD4, 0xD9, 0x2A, 0x7D, 0x61, 0xAB, 0xFE, 0x95, 0x30, 0x0F, 0xCC, 0x86, 0x40,
    0x7D, 0xF2, 0x0D, 0xF4, 0x04, 0xAC, 0x0C, 0x33, 0x41, 0x11, 0x49, 0x05, 0xA6, 0x91, 0x54, 0x58,
    0xAE, 0x43, 0x4D, 0xD4, 0x6E, 0x31, 0x3C, 0x0D, 0x7C, 0xB9, 0xA4, 0xBE, 0x2E, 0x15, 0xAD, 0x32,
    0x81, 0xC0, 0xBD, 0xC1, 0x1B, 0x6A, 0xE1, 0x2A, 0xA0, 0xF9, 0x4F, 0x8C, 0xD0, 0x06, 0xD4, 0x58,
    0xC9, 0x3C, 0x50, 0xA9, 0x2D, 0x8C, 0x5C, 0x51, 0xF6, 0xF0, 0xA9, 0xBF, 0x6F, 0xD3, 0x69, 0xBB,
    0xA8, 0x43, 0xD0, 0x59, 0x7F, 0xE9, 0x5B, 0xD6, 0x7B, 0xF7, 0xA5, 0xF9, 0xCF, 0x26, 0x2C, 0x7F,
    0x5A, 0x16, 0x7F, 0x46, 0xF9, 0xAB, 0x12, 0x62, 0xF5, 0x0F, 0xB1, 0xDE, 0x57, 0xD6, 0xB7, 0x14,
    0xDB, 0x6B, 0x3A, 0xD3, 0xB7, 0x3C, 0xEF, 0xDD, 0x94, 0x5F, 0xD5, 0x5B, 0x5D, 0x8C, 0x14, 0x57,
    0x76, 0x3E, 0x55, 0x05, 0x14, 0x50, 0x4C, 0x17, 0x51, 0xB2, 0xAB, 0xE5, 0x67, 0xA6, 0x1D, 0x29,
    0x91, 0x1C, 0xD2, 0x33, 0x0D, 0xB2, 0x1F, 0x5A, 0xD9, 0x9A, 0xA9, 0x22, 0x3C, 0x92, 0xC8, 0x3C,
    0x2C, 0x79, 0xB0, 0xA5, 0xC8, 0x0F, 0x2B, 0x25, 0xB1, 0x56, 0x62, 0x1E, 0x5A, 0x5A, 0x1E, 0x06,
    0x77, 0x61, 0x22, 0xED, 0x83, 0xBD, 0x31, 0x2F, 0x51, 0x1E, 0x92, 0x28, 0x44, 0xF2, 0x4A, 0xF1,
    0x58, 0x5A, 0x5A, 0x2B, 0x12, 0x4D, 0xA4, 0x81, 0xAE, 0x65, 0x1E, 0x2C, 0x2D, 0x91, 0xB7, 0x2C,
    0xA4, 0xE4, 0x21, 0xDA, 0xA4, 0x6C, 0x63, 0x29, 0x36, 0xD6, 0xFA, 0x22, 0xCA, 0x4B, 0xCF, 0xB8,
    0xA7, 0x6F, 0xBE, 0x73, 0xEE, 0xAD, 0x9E, 0xC1, 0x33, 0xFC, 0xD8, 0x60, 0x0C, 0x4D, 0xC3, 0x3D,
    0x5D, 0x7D, 0xBB, 0xEA, 0xDE, 0xEF, 0x7E, 0xE7, 0xE7, 0x9E, 0x73, 0x21, 0xC2, 0x2B, 0x21, 0xF3,
    0x72, 0xFA, 0x56, 0xA0, 0x66, 0x75, 0xC5, 0x4F, 0xA5, 0xDD, 0xE3, 0xBD, 0x2B, 0x1F, 0xDF, 0xD0,
    0xA7, 0x15, 0x0B, 0xBE, 0x7E, 0xBF, 0x78, 0x2A, 0xC8, 0x88, 0xC2, 0x30, 0x5B, 0xA0, 0x18, 0xD7,
    0x42, 0xAF, 0x98, 0xA2, 0x93, 0xB3, 0x44, 0x41, 0xD2, 0x0F, 0x52, 0xD5, 0x25, 0xF2, 0xF2, 0x19,
    0xB7, 0x60, 0x21, 0x2C, 0xC3, 0x74, 0x81, 0x85, 0xC9, 0x69, 0x2F, 0x9F, 0x52, 0xE8, 0x13, 0x85,
    0x49, 0x19, 0xA8, 0x16, 0xAE, 0x78, 0xF9, 0xB4, 0xAB, 0x22, 0xF4, 0x49, 0xCA, 0x90, 0xD4, 0x24,
    0x84, 0x7C, 0xDA, 0xA1, 0xA2, 0x46, 0x34, 0x53, 0x86, 0x89, 0x9B, 0x05, 0x44, 0xB3, 0xD3, 0x5E,
    0x86, 0x3F, 0x29, 0x75, 0xC3, 0x24, 0xF1, 0x52, 0x2F, 0xA3, 0xC8, 0xCB, 0xC9, 0x4B, 0x9D, 0x9C,
    0xEA, 0xA4, 0x20, 0x50, 0x41, 0x7E, 0xB6, 0x9B, 0xF0, 0x85, 0x72, 0x7F, 0x8E, 0xA1, 0xE0, 0x8B,
    0xAE, 0x53, 0xCC, 0x61, 0x98, 0x8A, 0x54, 0x77, 0xA1, 0x0E, 0xE1, 0x29, 0xC2, 0x43, 0xD0, 0x01,
    0xAF, 0xA2, 0x9E, 0x10, 0xCF, 0xC1, 0xC9, 0xFD, 0x8C, 0xA6, 0x21, 0xC8, 0xE5, 0x10, 0x18, 0xC8,
    0x5C, 0xBD, 0x02, 0x1F, 0x64, 0xCE, 0x03, 0xA2, 0x39, 0x03, 0x46, 0xEE, 0xCB, 0xA4, 0xC9, 0xD5,
    0xDA, 0xC0, 0x41, 0x7B, 0xDF, 0xE0, 0x7F, 0x8F, 0x89, 0xEC, 0xAF, 0x4A, 0x13, 0xD6, 0xE5, 0xBB,
    0x9A, 0x2B, 0x7D, 0x43, 0xBA, 0x28, 0x4D, 0x16, 0xF2, 0xD5, 0x66, 0xE9, 0xF1, 0xD5, 0x68, 0x86,
    0x16, 0xD1, 0xB4, 0x82, 0x8C, 0x9F, 0x30, 0xE9, 0x94, 0xFC, 0xC4, 0x30, 0x89, 0x78, 0x04, 0xDE,
    0x47, 0xE3, 0x3C, 0x2C, 0x5F, 0x6B, 0x02, 0x52, 0xF1, 0xD9, 0x13, 0x45, 0x8B, 0xDC, 0x3E, 0x39,
    0x83, 0x06, 0x6E, 0x82, 0xCE, 0xE3, 0x18, 0x6B, 0x33, 0x0F, 0x6B, 0xD4, 0x72, 0x87, 0x7D, 0xFF,
    0x75, 0x6A, 0xD5, 0xD3, 0xC8, 0xBB, 0x42, 0xF1, 0x2A, 0xD5, 0xE8, 0xBF, 0xA9, 0x9E, 0xE3, 0x89,
    0x7E, 0xD2, 0xC9, 0x29, 0x40, 0xA3, 0x14, 0x37, 0x3C, 0xE5, 0x10, 0x82, 0x9A, 0xA0, 0x49, 0x08,
    0x2A, 0x48, 0x17, 0xD1, 0x74, 0x5D, 0xAD, 0x68, 0x9C, 0x5A, 0x74, 0x00, 0xE3, 0xA1, 0x06, 0x0F,
    0xB2, 0x65, 0x26, 0xAC, 0x80, 0x22, 0x60, 0x29, 0x84, 0x06, 0xBC, 0xB6, 0x71, 0xEA, 0x5C, 0x92,
    0xB5, 0xD6, 0x85, 0xCC, 0xF9, 0x4D, 0x4B, 0x8A, 0xDF, 0xB1, 0x6D, 0x05, 0xC6, 0x07, 0xB9, 0xE1,
    0x4A, 0xAE, 0x6C, 0xDB, 0xBD, 0xAD, 0x75, 0x33, 0xD3, 0x7A, 0x55, 0x9B, 0x9A, 0x36, 0x24, 0xD3,
    0x7F, 0x9A, 0xE4, 0xF6, 0x6E, 0xE9, 0x66, 0xDF, 0x12, 0xC8, 0xDC, 0x4F, 0x35, 0x9E, 0x3E, 0x43,
    0xDE, 0xF0, 0x6F, 0x15, 0x0F, 0x2B, 0xC0, 0xD2, 0xF3, 0xA2, 0x62, 0x94, 0xDD, 0x03, 0xE7, 0x33,
    0x6E, 0x55, 0x67, 0x98, 0x90, 0xFF, 0x9F, 0x3D, 0xD5, 0xE6, 0x1B, 0x6A, 0x3D, 0xE0, 0x36, 0x28,
    0x69, 0x82, 0xDB, 0x7A, 0x46, 0x35, 0x6E, 0x3B, 0xA6, 0x75, 0x6F, 0x14, 0x74, 0xAA, 0xCD, 0x37,
    0xD6, 0xBA, 0x8F, 0x76, 0x3B, 0xAD, 0xCC, 0x73, 0xCB, 0xB7, 0x6C, 0x48, 0x9B, 0xD1, 0xFE, 0xB6,
    0x50, 0xC3, 0x7C, 0x26, 0xFD, 0xD1, 0x62, 0x47, 0x27, 0xE4, 0x68, 0xAD, 0x62, 0x5D, 0x62, 0xE0,
    0xBC, 0x4E, 0x9D, 0x44, 0x48, 0x48, 0xC1, 0xF2, 0x1F, 0x7F, 0x16, 0xB0, 0xC6, 0xF4, 0x34, 0xD6,
    0x8A, 0x5F, 0xC7, 0x0F, 0xFF, 0x8B, 0x45, 0xE4, 0x7B, 0xFC, 0xCF, 0x09, 0xAD, 0x87, 0x0C, 0xDB,
    0xF0, 0xEF, 0x57, 0x8E, 0xF2, 0xDA, 0xA7, 0xFC, 0xBB, 0x03, 0x6F, 0xF5, 0x89, 0xDB, 0x0E, 0x40,
    0x73, 0x57, 0x74, 0x61, 0x9E, 0xB3, 0xB2, 0xD0, 0x36, 0xC8, 0xDF, 0x36, 0x0E, 0xB4, 0xFC, 0x79,
    0x0B, 0x7D, 0x76, 0x7C, 0x91, 0xC7, 0x9D, 0xF6, 0x74, 0x89, 0xD6, 0xBF, 0x61, 0x3E, 0xD3, 0x25,
    0x3B, 0xBF, 0xA6, 0x6D, 0xC3, 0xC2, 0xB4, 0xBE, 0x5E, 0x59, 0xEC, 0x2C, 0xA3, 0xBD, 0xAE, 0xCB,
    0x58, 0x1B, 0x9C, 0xC8, 0x35, 0xB8, 0x09, 0x8E, 0x09, 0xB7, 0x73, 0xE4, 0x2D, 0x27, 0xC0, 0xB5,
    0x9E, 0x02, 0x37, 0xAC, 0x9C, 0xAB, 0xDC, 0xEC, 0x25, 0x1E, 0xC5, 0x29, 0xB3, 0x0E, 0xA3, 0x75,
    0xF1, 0x53, 0x75, 0xDB, 0xBA, 0x55, 0xEB, 0xF8, 0xC5, 0xF5, 0xAD, 0xD6, 0x9D, 0xDE, 0xCF, 0x6F,
    0xE7, 0xC5, 0x1F, 0x54, 0xD6, 0x64, 0xB7, 0x6D, 0x5B, 0x81, 0x6D, 0x99, 0x6F, 0xEE, 0x59, 0x6A,
    0x31, 0xFD, 0xC2, 0xF2, 0xC5, 0xA7, 0x9F, 0xE6, 0xC7, 0x83, 0xCA, 0xB4, 0xDD, 0xFB, 0x8D, 0x0E,
    0x9F, 0x23, 0x67, 0x35, 0xEC, 0x9D, 0xF9, 0xA5, 0xD7, 0x73, 0x8B, 0xB1, 0x30, 0xBD, 0x75, 0xE6,
    0x73, 0x4C, 0xD4, 0xCB, 0xE3, 0xCB, 0x97, 0x33, 0xCC, 0xA1, 0x0C, 0xAF, 0x2E, 0x2D, 0xAD, 0x06,
    0xC5, 0xB4, 0x77, 0x73, 0xE9, 0xCA, 0x3F, 0x4D, 0xC1, 0x4A, 0xFC, 0xE6, 0xF2, 0x3B, 0x61, 0x0B,
    0x96, 0x64, 0xE6, 0xF2, 0x27, 0xE3, 0x11, 0x77, 0xC8, 0x07, 0xD1, 0x94, 0x9B, 0xC3, 0x6C, 0xF4,
    0xA3, 0x30, 0xBD, 0xB0, 0x8B, 0x68, 0xA1, 0x15, 0x17, 0x93, 0xFC, 0xE0, 0x56, 0x77, 0x81, 0xD7,
    0xAE, 0xD1, 0xEA, 0x4E, 0xB9, 0xAC, 0xAC, 0xAD, 0xB9, 0x80, 0x07, 0x1B, 0xB6, 0xEA, 0x2E, 0x4F,
    0x3E, 0x68, 0xF9, 0x99, 0x18, 0x81, 0x93, 0x8E, 0xCC, 0xC9, 0x3B, 0x69, 0x4C, 0x00, 0x5A, 0xB6,
    0x22, 0xF8, 0x5E, 0x74, 0x84, 0xC2, 0x36, 0x49, 0x87, 0x71, 0x65, 0x6C, 0xC4, 0xB4, 0x35, 0x1A,
    0xB7, 0x32, 0x31, 0x27, 0xDE, 0xA7, 0xDC, 0xB9, 0xA4, 0x70, 0xC0, 0xED, 0x0C, 0xF5, 0x04, 0xD8,
    0x40, 0x68, 0x81, 0xD7, 0xBC, 0xB1, 0xB7, 0xCE, 0xF7, 0xA8, 0xB2, 0x2A, 0xC6, 0xEE, 0x76, 0xAE,
    0x39, 0x3D, 0x86, 0x10, 0x6A, 0x2F, 0x7F, 0xC9, 0xD8, 0x0E, 0x51, 0x11, 0x5E, 0x8F, 0x8C, 0xEC,
    0xCA, 0x28, 0x6B, 0xCA, 0xA0, 0xC0, 0x81, 0xB9, 0xD7, 0x84, 0xB5, 0x59, 0x68, 0x1A, 0x64, 0xB5,
    0x2C, 0xB2, 0x42, 0xD6, 0xC6, 0x5A, 0x53, 0x33, 0xE1, 0xF5, 0x8A, 0x33, 0x7E, 0x17, 0x8A, 0xE2,
    0x9C, 0xD5, 0x03, 0x86, 0xC2, 0x5C, 0x51, 0x05, 0xC1, 0x2C, 0xE2, 0xDD, 0x2D, 0xEC, 0x5A, 0xAD,
    0x09, 0x76, 0x75, 0xD1, 0x39, 0x5C, 0x4E, 0xE8, 0xDB, 0x1A, 0x36, 0x75, 0xD7, 0x5E, 0xAD, 0x57,
    0x8E, 0x50, 0xD1, 0x36, 0x23, 0x74, 0xF2, 0x28, 0xD0, 0x1F, 0xCF, 0xF7, 0x86, 0x5E, 0xD6, 0x00,
    0xA9, 0xA0, 0x8E, 0x5E, 0x5A, 0x23, 0x16, 0x54, 0x80, 0x11, 0xC6, 0x7D, 0x57, 0x67, 0x13, 0xAC,
    0x46, 0xD7, 0x9C, 0x8B, 0x18, 0x33, 0xC6, 0xDF, 0x04, 0x47, 0x2C, 0x76, 0xF0, 0x13, 0x4C, 0x46,
    0xBE, 0x0F, 0xE6, 0xE2, 0x95, 0x00, 0x46, 0x60, 0xEB, 0x9C, 0xA5, 0x13, 0x42, 0xA8, 0x6D, 0x5A,
    0x2F, 0x9B, 0x11, 0x6C, 0xFD, 0x89, 0x1D, 0xCA, 0xD6, 0xE3, 0x0F, 0x00, 0x9D, 0x61, 0xE9, 0x1C,
    0x05, 0x86, 0xA6, 0x53, 0x1B, 0xA0, 0xF3, 0xD7, 0x43, 0xB7, 0x8D, 0x68, 0x87, 0x50, 0x3D, 0x2E,
    0xA8, 0x27, 0xD0, 0x95, 0x17, 0x9C, 0xF7, 0x14, 0x43, 0x57, 0xB4, 0x58, 0x25, 0xD4, 0x46, 0xC4,
    0xD6, 0xA0, 0x0B, 0xE0, 0x27, 0x9C, 0x9F, 0xA2, 0x73, 0x53, 0x0F, 0xDF, 0x82, 0xF7, 0x50, 0xDD,
    0xC8, 0xEB, 0xE9, 0x4F, 0xBC, 0xAC, 0x68, 0x4F, 0x7A, 0x74, 0x6E, 0x97, 0x7F, 0x3A, 0x8F, 0xEA,
    0x1F, 0x40, 0xE8, 0x1D, 0xC9, 0x1A, 0x41, 0xEF, 0xC3, 0x7F, 0xED, 0xFD, 0xDA, 0x4B, 0x43, 0x6F,
    0x09, 0x7D, 0x22, 0xD8, 0xEE, 0xE4, 0x26, 0xBE, 0x52, 0x0C, 0x5D, 0x93, 0xCE, 0x85, 0x3C, 0x2C,
    0xE5, 0x96, 0xFF, 0xDC, 0xE7, 0xB9, 0x9C, 0xA2, 0x7D, 0xC3, 0xC4, 0xCF, 0xD7, 0xCD, 0xD4, 0xE3,
    0xB9, 0x0F, 0xD6, 0xA3, 0xB1, 0x0E, 0xBA, 0x6D, 0x95, 0xF1, 0x1E, 0xD1, 0x6E, 0x1D, 0x7A, 0x30,
    0xF5, 0xF8, 0x85, 0xA1, 0xD4, 0x08, 0x41, 0x12, 0xBF, 0x43, 0xB1, 0xB5, 0xD1, 0x16, 0x45, 0xA6,
    0x35, 0xDF, 0x44, 0xD9, 0x85, 0x23, 0xB3, 0x88, 0x81, 0xD8, 0x74, 0x44, 0x00, 0xF8, 0x95, 0xCF,
    0xD3, 0xBF, 0x28, 0x1E, 0x6E, 0x42, 0x78, 0xFF, 0x23, 0x8C, 0x30, 0x6A, 0xC9, 0xCD, 0x97, 0x70,
    0x8B, 0xF6, 0xEE, 0x3D, 0x18, 0x4F, 0x72, 0x18, 0xBF, 0xEE, 0x3A, 0x30, 0x53, 0x71, 0xC9, 0x86,
    0x47, 0x79, 0x70, 0xDD, 0x65, 0x83, 0xA7, 0xA6, 0x5C, 0x58, 0x8C, 0x64, 0x0B, 0x8B, 0x9F, 0x1B,
    0x28, 0x2F, 0xC1, 0x8E, 0x69, 0xF3, 0xB4, 0x4E, 0x9F, 0xC2, 0x57, 0xCC, 0x50, 0x5B, 0x4D, 0xC4,
    0x0F, 0x46, 0x6C, 0x78, 0x59, 0xCB, 0x7B, 0x7D, 0x25, 0xA1, 0xBD, 0x7A, 0xBF, 0x93, 0x3F, 0xEB,
    0xFF, 0x89, 0x10, 0x74, 0x8C, 0xF2, 0x56, 0x20, 0xF8, 0xD4, 0x43, 0xCA, 0xA7, 0x27, 0x2D, 0x49,
    0xFF, 0x2E, 0x0B, 0x07, 0x96, 0xA6, 0xB0, 0xF2, 0xCF, 0x19, 0xA2, 0x86, 0xBB, 0x79, 0x16, 0x4D,
    0x50, 0x35, 0x9D, 0x92, 0xB9, 0x09, 0x59, 0xE7, 0x0C, 0x67, 0x2C, 0x5D, 0x19, 0x75, 0xC6, 0x41,
    0x46, 0x32, 0xC2, 0x7D, 0x3D, 0xF2, 0xEB, 0xB0, 0x5F, 0x8F, 0xFE, 0x66, 0xF8, 0x3F, 0x74, 0xB5,
    0x97, 0x70, 0x86, 0xD5, 0x1E, 0xFE, 0xA0, 0x27, 0xDC, 0x0D, 0x15, 0x69, 0xE1, 0x6E, 0x1D, 0x42,
    0xC2, 0xDC, 0x35, 0x02, 0xB8, 0x2B, 0x5F, 0x31, 0x77, 0xA5, 0x33, 0x53, 0x96, 0xE3, 0xAA, 0x87,
    0xAB, 0xF6, 0xCB, 0xDB, 0xAC, 0xDA, 0x97, 0xCE, 0xEA, 0x93, 0xA6, 0xF6, 0x23, 0x0F, 0xD7, 0x04,
    0x3E, 0x29, 0x43, 0xB7, 0xD2, 0x77, 0x57, 0x44, 0xED, 0xF3, 0xFD, 0x5E, 0x32, 0x7B, 0x77, 0xB5,
    0x5F, 0x83, 0x4E, 0x28, 0x79, 0x7F, 0xD0, 0x85, 0x96, 0x88, 0x80, 0x4E, 0x68, 0xB8, 0xA9, 0xC5,
    0x1C, 0x11, 0xF0, 0x4B, 0xAA, 0xBD, 0x73, 0x7C, 0xBD, 0xD2, 0x3B, 0x95, 0xCE, 0xE7, 0xFE, 0x08,
    0x3D, 0xD6, 0x76, 0x73, 0xD3, 0xC9, 0xA2, 0xC2, 0xAF, 0xEC, 0x5A, 0x7D, 0x97, 0xF0, 0x59, 0xEE,
    0xED, 0x64, 0xE3, 0x16, 0x42, 0x1E, 0xB1, 0xC1, 0xD0, 0x4B, 0x7C, 0x9A, 0x34, 0x12, 0xFE, 0x44,
    0x56, 0xF2, 0xA9, 0x6D, 0x3D, 0x51, 0x80, 0xB8, 0x03, 0x7B, 0x84, 0xDE, 0xBB, 0x70, 0xC2, 0x8A,
    0x96, 0x17, 0xDD, 0x0F, 0xCB, 0x4E, 0x09, 0x29, 0xDD, 0xEE, 0x26, 0x88, 0xCC, 0x69, 0x04, 0xDC,
    0x5D, 0x25, 0x80, 0x5F, 0xC1, 0x49, 0x82, 0xE7, 0xF0, 0x48, 0x52, 0x90, 0x01, 0x74, 0x1F, 0x62,
    0x39, 0x83, 0xA8, 0x06, 0x8F, 0x2D, 0xA4, 0x88, 0xDA, 0x46, 0x98, 0x32, 0xA8, 0xCB, 0x70, 0x43,
    0x53, 0x54, 0xA1, 0x3A, 0x67, 0x35, 0xFB, 0xAC, 0x50, 0xE4, 0xD4, 0xC8, 0xC0, 0xAD, 0xE9, 0xF5,
    0x3A, 0xB5, 0x5E, 0xD3, 0xEA, 0x75, 0x4A, 0xBD, 0xA6, 0xD3, 0x5F, 0x3B, 0x31, 0x39, 0xF0, 0x64,
    0x63, 0xD7, 0x36, 0x37, 0x14, 0x62, 0xA6, 0xFC, 0x06, 0x31, 0xDD, 0x3E, 0x5F, 0x04, 0x31, 0x85,
    0x35, 0x20, 0xA6, 0x87, 0x38, 0x23, 0x18, 0x80, 0x8F, 0x1E, 0x5B, 0x89, 0xFD, 0x8F, 0x35, 0x31,
    0xB7, 0xCE, 0xCF, 0xCB, 0x2E, 0x6A, 0x1F, 0x3F, 0xA2, 0xCF, 0x31, 0xEC, 0x47, 0x44, 0x2F, 0x60,
    0xC3, 0xD1, 0xEC, 0xD3, 0xB7, 0xDF, 0xA0, 0xFA, 0x2A, 0xB4, 0x2F, 0xD0, 0x08, 0xC2, 0x35, 0x0C,
    0x57, 0xEF, 0xAC, 0xD3, 0x4B, 0xD0, 0x5C, 0xC7, 0x84, 0xFC, 0x5B, 0x9A, 0x62, 0x7D, 0x8D, 0x60,
    0x99, 0x56, 0x79, 0x8B, 0xC2, 0xAF, 0x82, 0x17, 0x80, 0x5F, 0x08, 0xC1, 0x32, 0x84, 0xE1, 0x2B,
    0xD8, 0xCC, 0x84, 0x15, 0x8D, 0x26, 0xC8, 0xDA, 0x4E, 0x8B, 0x6A, 0xC3, 0x12, 0x15, 0x5F, 0xB4,
    0xA8, 0x93, 0x3A, 0x43, 0x74, 0x6D, 0x3B, 0x2B, 0xCA, 0xBF, 0x9E, 0xF1, 0x2E, 0x29, 0x9D, 0xF5,
    0x9D, 0x8C, 0x89, 0x2B, 0xAF, 0xCD, 0x84, 0x76, 0xB5, 0x4C, 0xAD, 0x4A, 0x88, 0x10, 0xB3, 0xE3,
    0x3D, 0x81, 0x7B, 0x83, 0x67, 0x8B, 0x68, 0x6A, 0x14, 0xAC, 0x9C, 0x2F, 0x89, 0x37, 0x62, 0xD4,
    0x1B, 0x72, 0xFC, 0x6D, 0x4C, 0x38, 0x06, 0x26, 0x01, 0xA7, 0x7C, 0x5C, 0x60, 0xA1, 0x5E, 0xB1,
    0x8E, 0x77, 0x88, 0xEC, 0x42, 0xCD, 0x9E, 0x53, 0xA6, 0x6C, 0xA2, 0x47, 0x6D, 0x34, 0x91, 0x61,
    0x79, 0x18, 0xAC, 0xDB, 0x51, 0xB1, 0xEE, 0x65, 0xCB, 0xBA, 0x6A, 0xE3, 0xDA, 0x30, 0x44, 0x04,
    0xEB, 0xB6, 0xDD, 0x66, 0x0E, 0x67, 0xC5, 0x93, 0x24, 0x84, 0xAD, 0x6C, 0x21, 0x71, 0x23, 0xE8,
    0x67, 0x02, 0xC8, 0x45, 0xF1, 0x24, 0x10, 0xB0, 0x02, 0x5D, 0x89, 0x24, 0x9F, 0xEF, 0x6F, 0xCA,
    0xBA, 0x4A, 0xB0, 0x18, 0x82, 0x75, 0x8C, 0x98, 0x03, 0x43, 0x1B, 0xB1, 0x1B, 0x68, 0xE2, 0x59,
    0x0D, 0x6C, 0xB0, 0xFE, 0x6C, 0x55, 0x8C, 0x0B, 0x76, 0x58, 0xBC, 0x79, 0x81, 0xAF, 0x73, 0x8E,
    0xF1, 0x32, 0x8D, 0xBC, 0xDF, 0x68, 0x16, 0x5F, 0xD9, 0x1C, 0x3E, 0xCA, 0x00, 0x32, 0xA1, 0x3D,
    0x77, 0x0A, 0x20, 0x23, 0xEF, 0x0E, 0x01, 0xA4, 0x73, 0x08, 0xB0, 0xFC, 0x3E, 0xA0, 0xF3, 0x7F,
    0x88, 0xBB, 0x3C, 0x83, 0xCE, 0x63, 0xBF, 0x22, 0xDA, 0x39, 0x0F, 0xE8, 0xB6, 0xFC, 0x35, 0x7A,
    0xA4, 0x54, 0x8C, 0x7C, 0xD4, 0xE8, 0x59, 0x0D, 0xCE, 0x85, 0x34, 0x04, 0x3A, 0x77, 0x88, 0xFD,
    0xA6, 0x40, 0xC7, 0xEA, 0xF9, 0x50, 0xA1, 0x73, 0xD6, 0xA0, 0x5B, 0x1E, 0xC5, 0x8E, 0x23, 0xE8,
    0x06, 0x23, 0xE8, 0x12, 0x0B, 0x1D, 0xC3, 0x65, 0x98, 0x5B, 0x56, 0xD0, 0x45, 0x15, 0x74, 0xF5,
    0x0A, 0xBA, 0x20, 0x99, 0xAC, 0x66, 0x61, 0xA7, 0xE3, 0xE6, 0x6D, 0x92, 0x38, 0x91, 0x8A, 0x2E,
    0xF3, 0x0A, 0x51, 0xA2, 0x52, 0x5E, 0x5E, 0x52, 0x79, 0x0A, 0xB0, 0x38, 0xF0, 0x1B, 0xC9, 0x76,
    0x9A, 0xAD, 0x10, 0x6B, 0x6F, 0x14, 0x94, 0x09, 0x91, 0x9E, 0x6A, 0x5B, 0xDA, 0x5D, 0xE8, 0x76,
    0x2F, 0x58, 0x1A, 0xB6, 0x23, 0x33, 0x30, 0x15, 0xC9, 0xE3, 0x83, 0xCF, 0xF2, 0x86, 0x98, 0xFE,
    0xA9, 0x38, 0x0B, 0x1D, 0x1E, 0x6B, 0x3F, 0x4C, 0x11, 0xBF, 0x60, 0x43, 0xA4, 0x38, 0xDF, 0xE4,
    0x0F, 0xDF, 0x1A, 0xCE, 0xB9, 0xD8, 0x24, 0x61, 0x6B, 0x9F, 0xEF, 0x77, 0x25, 0x6B, 0x04, 0xED,
    0x85, 0xC0, 0x33, 0x5D, 0x64, 0x70, 0x79, 0xEE, 0x75, 0x89, 0xCA, 0x3A, 0xD7, 0x10, 0xBF, 0x4C,
    0x19, 0xE8, 0x56, 0x0D, 0xB9, 0x00, 0xDD, 0xCE, 0xF4, 0x21, 0xB2, 0x4E, 0x54, 0x06, 0xAC, 0x73,
    0xD8, 0xCE, 0x97, 0xAC, 0xB0, 0xFC, 0xDD, 0xCB, 0x60, 0xDD, 0xB8, 0xFC, 0xEA, 0xC8, 0xFA, 0xF8,
    0xC5, 0x2A, 0xDA, 0x9A, 0x0E, 0x3A, 0x36, 0xB8, 0x2E, 0xBC, 0x4C, 0xB1, 0x5B, 0x07, 0xEB, 0x38,
    0x08, 0x57, 0xF7, 0xAB, 0xB0, 0x1B, 0x59, 0x87, 0xFC, 0xE1, 0x6E, 0x61, 0x1D, 0x76, 0x05, 0xA5,
    0x61, 0x5D, 0xE7, 0x7C, 0x6E, 0x58, 0x17, 0x0C, 0x1F, 0x2B, 0x85, 0x75, 0x12, 0x64, 0xAF, 0x58,
    0x61, 0x25, 0x10, 0x06, 0x74, 0xB1, 0x86, 0x47, 0xD3, 0x6F, 0xA7, 0x91, 0xEC, 0x06, 0xF4, 0xCD,
    0xAC, 0x6D, 0x84, 0x1B, 0x79, 0xD7, 0x08, 0xAA, 0x50, 0x5A, 0xFA, 0x28, 0xA5, 0x7A, 0x48, 0x9D,
    0xC1, 0xCB, 0xA8, 0x22, 0x06, 0x21, 0x7B, 0x3A, 0xEB, 0x16, 0x01, 0x43, 0x37, 0x64, 0xE8, 0x7A,
    0x92, 0x87, 0xB9, 0x07, 0x74, 0x53, 0xDB, 0x0A, 0x03, 0x9D, 0x96, 0xB4, 0x52, 0x83, 0x85, 0x7E,
    0x65, 0xEB, 0x94, 0x81, 0x8E, 0xEF, 0x6D, 0xA0, 0x43, 0xA4, 0xFE, 0x88, 0x14, 0x36, 0xB3, 0x0A,
    0x3B, 0x73, 0x47, 0x85, 0xB5, 0x79, 0xE0, 0xB5, 0x0D, 0x47, 0xA2, 0xED, 0x6B, 0xB0, 0x26, 0x5C,
    0x65, 0x1F, 0x8E, 0x77, 0xEF, 0x75, 0xAD, 0xC3, 0x9B, 0x80, 0xAC, 0x77, 0x5E, 0xAF, 0x7A, 0xB7,
    0x20, 0xF0, 0xD7, 0xEC, 0x9B, 0x59, 0xE8, 0x3B, 0x56, 0x28, 0xC9, 0x0A, 0x8A, 0x73, 0x69, 0xEA,
    0x73, 0xF6, 0xDB, 0x4D, 0xAD, 0xBB, 0x37, 0x7A, 0xAB, 0x3C, 0xDA, 0xB2, 0x5B, 0x41, 0xA7, 0x5A,
    0x15, 0x86, 0x11, 0x27, 0x6A, 0x03, 0xE4, 0x85, 0x27, 0xC9, 0x5F, 0x06, 0xFF, 0xBD, 0x4C, 0xA0,
    0x2B, 0x70, 0x0D, 0x23, 0x74, 0xDE, 0x60, 0x23, 0x3C, 0x1A, 0xF3, 0x68, 0x16, 0x6B, 0x86, 0x68,
    0x64, 0x9A, 0x78, 0xEE, 0x76, 0xC3, 0x71, 0xCD, 0x6E, 0x38, 0x30, 0xBE, 0xD5, 0x47, 0xE4, 0x26,
    0x9C, 0x2E, 0x5B, 0x10, 0x28, 0x6C, 0x1D, 0x3A, 0xE7, 0x20, 0x64, 0x6D, 0x4B, 0x0C, 0xE0, 0xBF,
    0x9B, 0x77, 0x4D, 0x4E, 0x39, 0x5D, 0xA7, 0xB0, 0x2E, 0x78, 0xD0, 0x84, 0xF5, 0x2B, 0x7C, 0xE0,
    0xD3, 0xE3, 0xB8, 0x8E, 0x5D, 0xAD, 0x27, 0x02, 0x5C, 0x30, 0x86, 0x71, 0xFF, 0x0A, 0xBB, 0xD3,
    0xB0, 0x0E, 0x99, 0x2F, 0xC3, 0x3A, 0x92, 0xD4, 0x30, 0xDB, 0x2D, 0x67, 0x41, 0x58, 0xE7, 0x72,
    0x14, 0xC5, 0xAC, 0x73, 0xE6, 0xDF, 0x7C, 0x52, 0x3C, 0xEC, 0xC8, 0xD6, 0x99, 0x14, 0x56, 0x31,
    0x4A, 0x6A, 0xAD, 0xCB, 0x6E, 0x19, 0xA1, 0xBB, 0x31, 0xCD, 0x75, 0x7F, 0xD0, 0xC5, 0x1C, 0x54,
    0x32, 0x74, 0x7B, 0xE7, 0xE7, 0xE7, 0x13, 0x0B, 0x1D, 0x59, 0xE8, 0xE8, 0xC9, 0x0D, 0x4E, 0x36,
    0xBA, 0x89, 0xF9, 0x73, 0xFC, 0x06, 0x1A, 0x5A, 0xDE, 0xF7, 0xB7, 0xCD, 0xBD, 0x1B, 0x74, 0x1D,
    0x40, 0x97, 0x33, 0x74, 0x07, 0x00, 0x5D, 0xFA, 0xA4, 0x43, 0xE7, 0x63, 0x08, 0x2E, 0x36, 0x47,
    0xED, 0x19, 0x56, 0xD4, 0x17, 0xA0, 0xB0, 0x4F, 0x6D, 0xAA, 0xB0, 0xFB, 0x06, 0x80, 0x4E, 0xBC,
    0x83, 0xB6, 0x0A, 0x4B, 0xDA, 0x2A, 0x2C, 0x5D, 0xFA, 0xF2, 0x1E, 0x96, 0x2D, 0x9B, 0x40, 0xD7,
    0xB1, 0x21, 0xB1, 0x6C, 0xFA, 0x04, 0xBA, 0x14, 0xCE, 0xF7, 0x21, 0xBA, 0x89, 0xB1, 0x0A, 0xBA,
    0x7A, 0xD5, 0x39, 0xAE, 0xA0, 0xFB, 0x59, 0x61, 0x6E, 0xE8, 0xC8, 0x5C, 0x7D, 0xDE, 0x64, 0xB5,
    0x6C, 0xE1, 0x28, 0x69, 0x18, 0xE8, 0x42, 0x18, 0x16, 0x81, 0xAE, 0x66, 0xC0, 0x0B, 0x61, 0x5F,
    0x82, 0x8A, 0x75, 0x81, 0x99, 0xCE, 0x29, 0x23, 0x38, 0x79, 0xCF, 0x74, 0xA6, 0xE2, 0x56, 0xBE,
    0x68, 0x46, 0x7F, 0x43, 0xDB, 0x69, 0x14, 0x5B, 0xEF, 0xCC, 0xBA, 0x6D, 0xEC, 0x7C, 0x97, 0x01,
    0x9D, 0xFF, 0x31, 0xB2, 0x32, 0x97, 0xEE, 0x05, 0x5D, 0x95, 0xAA, 0xB0, 0xDE, 0x41, 0x3C, 0xAC,
    0x09, 0x4E, 0x9C, 0x65, 0xB7, 0x34, 0xD0, 0xA5, 0x5C, 0x20, 0x7C, 0x0C, 0x59, 0xD7, 0xE2, 0x7C,
    0x0B, 0x43, 0xC7, 0x9E, 0xAC, 0x04, 0xEB, 0xEA, 0xB2, 0x20, 0xA7, 0xF3, 0xEE, 0x8C, 0xB9, 0x4F,
    0xB1, 0x91, 0x48, 0x9B, 0x28, 0xAC, 0x47, 0x07, 0xE9, 0xC5, 0x1D, 0x80, 0xCE, 0x03, 0x62, 0x97,
    0x2E, 0x72, 0x67, 0xE4, 0xB4, 0xEA, 0xE5, 0x7D, 0x43, 0x37, 0x52, 0xD8, 0x03, 0xF3, 0x67, 0x0D,
    0xEB, 0x62, 0xEB, 0x26, 0xBE, 0x59, 0x85, 0x3D, 0x65, 0x77, 0x13, 0xAF, 0x94, 0x36, 0x38, 0x31,
    0x20, 0x02, 0x3A, 0x61, 0xD6, 0x53, 0x9C, 0x0D, 0xE5, 0x1D, 0x2B, 0x43, 0x67, 0x76, 0xAC, 0xB6,
    0x08, 0x32, 0x20, 0xEB, 0x26, 0x30, 0x0D, 0xA0, 0x81, 0x3E, 0x2F, 0x0D, 0xEE, 0x6C, 0xEB, 0x9A,
    0xA9, 0x28, 0xEC, 0xF7, 0x51, 0xC8, 0x11, 0xA1, 0x47, 0xFA, 0x86, 0xE4, 0x01, 0x7C, 0x44, 0x30,
    0x62, 0x45, 0x03, 0x08, 0x5C, 0xC6, 0xC6, 0x26, 0x00, 0x42, 0x43, 0xAE, 0xF4, 0x24, 0xEF, 0x84,
    0xE4, 0x18, 0xE2, 0x13, 0xB6, 0x75, 0x4D, 0x12, 0x1F, 0x82, 0x1D, 0x83, 0xC3, 0x81, 0x86, 0xCC,
    0xC2, 0xA9, 0x76, 0x49, 0x2C, 0x3C, 0xD2, 0xE0, 0x64, 0x6B, 0x42, 0xDF, 0x62, 0xD6, 0x9D, 0xC6,
    0xFE, 0xB0, 0x59, 0x82, 0x75, 0x66, 0x13, 0xC1, 0xC1, 0x09, 0x77, 0xD9, 0xB2, 0xB9, 0x9B, 0xD8,
    0x8B, 0x10, 0x82, 0x3D, 0xAC, 0xC3, 0x31, 0x9B, 0xD9, 0x91, 0x2D, 0xB8, 0x28, 0xB5, 0xDF, 0xF7,
    0x1E, 0x76, 0xB1, 0xDA, 0xC3, 0x9E, 0xA8, 0xF6, 0xB0, 0x7E, 0xC5, 0xBA, 0x7A, 0xC5, 0xBA, 0xB8,
    0x62, 0x5D, 0x50, 0xB9, 0x09, 0xBF, 0x72, 0x13, 0x27, 0x2A, 0x37, 0xB1, 0xF0, 0x60, 0xAC, 0xFB,
    0x62, 0x0E, 0xBE, 0xAA, 0x7F, 0xDC, 0x05, 0xBA, 0xAA, 0xEE, 0x71, 0x17, 0x85, 0x95, 0x3D, 0x6C,
    0x87, 0xE3, 0x3A, 0x87, 0x27, 0x35, 0x07, 0xE8, 0x30, 0x38, 0x8F, 0xC6, 0x18, 0xBA, 0x8B, 0xB4,
    0xB3, 0xE9, 0x33, 0xEB, 0xC2, 0x74, 0x2C, 0x3E, 0x23, 0x3A, 0xA8, 0xC6, 0xE2, 0x23, 0xEC, 0x26,
    0x3E, 0xEE, 0xEE, 0xDC, 0x81, 0xC4, 0x12, 0x9F, 0x7A, 0xF0, 0x92, 0x31, 0x83, 0xA1, 0x53, 0x9C,
    0xB4, 0x6E, 0x02, 0xA5, 0xBA, 0x75, 0x6E, 0xC2, 0x65, 0xBF, 0xB3, 0x87, 0xF3, 0x75, 0x7A, 0x65,
    0x5E, 0xEB, 0xC3, 0x79, 0x14, 0xEA, 0x4F, 0xF1, 0x87, 0xEB, 0x47, 0x3A, 0x3D, 0x18, 0x6A, 0xE4,
    0xE0, 0x3D, 0x16, 0x86, 0x80, 0xEE, 0x30, 0x0B, 0x03, 0x86, 0xAE, 0x03, 0x81, 0x09, 0xAA, 0x42,
    0x08, 0x5C, 0xD8, 0x9D, 0xF3, 0xD2, 0x83, 0x35, 0x86, 0xAE, 0x7E, 0x26, 0xDD, 0x3D, 0x26, 0xD0,
    0xA1, 0x7A, 0x39, 0x61, 0xA0, 0xCB, 0xF9, 0xA1, 0x3C, 0xEF, 0x65, 0xC7, 0x42, 0xD7, 0xD4, 0xD9,
    0x17, 0xCA, 0x47, 0x5F, 0x27, 0x86, 0xB7, 0x47, 0x29, 0x2E, 0xDF, 0xF5, 0x69, 0x60, 0x68, 0xEF,
    0x0C, 0x0C, 0xE1, 0x46, 0xEB, 0x92, 0x7D, 0xC2, 0xC7, 0xBE, 0x18, 0xBD, 0x60, 0xC8, 0x69, 0xCF,
    0x6E, 0xE1, 0x22, 0xA1, 0x5B, 0xE7, 0xEC, 0x13, 0x1F, 0xE4, 0xC0, 0xE6, 0x7C, 0x33, 0x57, 0xBB,
    0xED, 0x2C, 0x9A, 0xBF, 0x1A, 0x61, 0xE8, 0x18, 0x0C, 0x39, 0x75, 0x2C, 0x18, 0x36, 0x87, 0x16,
    0xC3, 0xE6, 0xC0, 0x62, 0xD8, 0x2C, 0x2D, 0x86, 0xCD, 0xDC, 0x62, 0xD8, 0x24, 0x8B, 0xA1, 0x64,
    0x0E, 0x18, 0xC3, 0x46, 0x85, 0xE1, 0x4C, 0xDF, 0x62, 0xD8, 0x31, 0x18, 0xF6, 0xDD, 0x11, 0x86,
    0xE9, 0x17, 0x31, 0xFC, 0x26, 0x23, 0xBD, 0x8D, 0x8E, 0xE3, 0x1C, 0x9A, 0x73, 0x4C, 0x3F, 0x1C,
    0xFB, 0x08, 0x24, 0x21, 0x10, 0x62, 0x16, 0x12, 0xE9, 0x85, 0xD8, 0x02, 0x4B, 0xE7, 0x7A, 0xE9,
    0x70, 0x05, 0xA9, 0x6B, 0x2B, 0x48, 0x50, 0x61, 0x18, 0x8E, 0x97, 0xEF, 0xE4, 0x38, 0x78, 0xFB,
    0x2F, 0x2A, 0xDC, 0x3B, 0x6F, 0x76, 0xB5, 0x58, 0x95, 0x45, 0x51, 0x61, 0x37, 0xA1, 0xEF, 0x7C,
    0xCD, 0x8E, 0x03, 0xC7, 0x05, 0xE4, 0x86, 0x31, 0xE3, 0xCE, 0xD0, 0xF5, 0x9F, 0x8E, 0x0C, 0x74,
    0x03, 0x49, 0xDE, 0x02, 0xBA, 0x7F, 0x14, 0x33, 0x0E, 0xE8, 0xC6, 0x45, 0x00, 0x74, 0x91, 0x7C,
    0x05, 0xE8, 0x5A, 0xBF, 0x17, 0x19, 0xE8, 0x7E, 0x5B, 0x96, 0x0D, 0xD0, 0xF9, 0x67, 0xB2, 0x3B,
    0x42, 0xF7, 0x22, 0x9A, 0x17, 0x19, 0xB1, 0xE1, 0x7A, 0xE8, 0x92, 0x27, 0x03, 0xBA, 0xF8, 0xDE,
    0xAC, 0x2B, 0x37, 0xB2, 0xEE, 0x3B, 0xE8, 0x9C, 0x32, 0xEB, 0xF0, 0x40, 0x0F, 0xAE, 0x6E, 0x52,
    0xBE, 0x9B, 0x03, 0x74, 0x26, 0xF4, 0x03, 0x74, 0x63, 0x32, 0x9B, 0xAF, 0xBE, 0x35, 0x3B, 0x58,
    0xE1, 0xBC, 0x50, 0x05, 0xC9, 0x03, 0x1B, 0xAE, 0xB8, 0xEF, 0xD8, 0x70, 0xC5, 0x3B, 0xCA, 0xE5,
    0x41, 0xD6, 0x5C, 0x8F, 0xB7, 0xAE, 0x80, 0xAE, 0xE6, 0x96, 0x38, 0xB7, 0x04, 0xE8, 0x7E, 0x80,
    0xD2, 0xD1, 0x0E, 0x86, 0x6E, 0x20, 0x4A, 0x03, 0xE8, 0xFA, 0xB2, 0xCA, 0xF8, 0x70, 0x92, 0x05,
    0x9E, 0x57, 0x83, 0xCB, 0x4B, 0x4D, 0x33, 0x5C, 0x33, 0x77, 0x5F, 0xE7, 0x16, 0xBA, 0xBF, 0xB8,
    0x4B, 0x19, 0xAD, 0x67, 0x0F, 0x73, 0xD4, 0x97, 0xE9, 0x84, 0x60, 0x73, 0xC9, 0xFE, 0x15, 0xB3,
    0x23, 0x27, 0xE3, 0x78, 0x7B, 0xF3, 0x5B, 0x8A, 0x0F, 0xBB, 0x61, 0x93, 0xCE, 0xB6, 0xB7, 0x44,
    0xB8, 0x59, 0x4F, 0xEB, 0x9C, 0x3B, 0x9C, 0x96, 0x1C, 0xA8, 0x97, 0xC9, 0x61, 0x1B, 0x2F, 0x0B,
    0x2A, 0xAD, 0x0C, 0x2B, 0x46, 0x8D, 0x57, 0x69, 0xCC, 0x46, 0x75, 0x76, 0x26, 0xA2, 0x4B, 0xE7,
    0x39, 0xDC, 0x8D, 0x90, 0x2A, 0x1F, 0x72, 0x19, 0x3C, 0xAA, 0xB2, 0x22, 0x8D, 0x8D, 0x42, 0x24,
    0xE1, 0x39, 0x6A, 0x62, 0xF1, 0x7B, 0xB0, 0xC9, 0xDE, 0xF0, 0xE8, 0x60, 0xA6, 0x77, 0x1D, 0x79,
    0xF4, 0xEB, 0xC3, 0xC5, 0xEE, 0x9E, 0x10, 0x35, 0x1C, 0xF5, 0xFD, 0xB1, 0x2E, 0xD5, 0x9A, 0xD7,
    0xFB, 0xF8, 0xB7, 0xCB, 0x3F, 0xC4, 0x7B, 0x6C, 0x4E, 0x4A, 0x22, 0x0D, 0x9A, 0x56, 0x22, 0x48,
    0x25, 0x99, 0x97, 0x70, 0x96, 0x82, 0x62, 0x37, 0x0B, 0xED, 0x2D, 0xC1, 0xC2, 0x82, 0x7C, 0x35,
    0x35, 0x15, 0x4B, 0x3D, 0xA2, 0x8E, 0x74, 0x0E, 0xE7, 0x21, 0xA9, 0x97, 0x24, 0xEB, 0xD0, 0x70,
    0x80, 0x8F, 0x3D, 0xE5, 0x32, 0x5F, 0x9D, 0x2E, 0x3C, 0x6E, 0x05, 0x6C, 0x08, 0x4D, 0x45, 0x63,
    0x39, 0x79, 0xC1, 0x98, 0xCA, 0xC4, 0xFC, 0x75, 0x4B, 0x5B, 0xFA, 0x08, 0x44, 0xCF, 0xFA, 0x55,
    0x79, 0x7D, 0xAA, 0x3A, 0x88, 0x17, 0xF2, 0xC9, 0x3D, 0x74, 0xC4, 0x49, 0x2C, 0x17, 0x5B, 0x4A,
    0x78, 0x12, 0x07, 0x59, 0x4C, 0xF3, 0x73, 0x15, 0x1C, 0xE1, 0x9B, 0x05, 0xC5, 0xC9, 0x0A, 0xC3,
    0xA8, 0x56, 0xA1, 0x51, 0x81, 0x39, 0xDE, 0xB0, 0x27, 0x91, 0x6A, 0x8D, 0x08, 0xD5, 0x0E, 0xA8,
    0x4E, 0xAD, 0x71, 0x09, 0x3A, 0x03, 0x7D, 0xAC, 0x4D, 0x7E, 0x8A, 0xAD, 0x1D, 0x0B, 0xCD, 0xA5,
    0x25, 0x73, 0xA5, 0xEE, 0xBC, 0x2F, 0x7D, 0xC6, 0x27, 0xAC, 0xCD, 0x6D, 0x34, 0x6C, 0xA9, 0x07,
    0xC8, 0x1B, 0x95, 0x6D, 0x3D, 0x6B, 0x6D, 0x6D, 0xB7, 0x0D, 0x81, 0xCF, 0x3B, 0x15, 0xB8, 0xE2,
    0x6B, 0x25, 0x79, 0xEC, 0xA8, 0x99, 0x5E, 0x84, 0x02, 0xD7, 0x0F, 0xCB, 0x41, 0xBC, 0x29, 0x66,
    0xD6, 0x6E, 0x53, 0xE0, 0x79, 0x49, 0xD9, 0x99, 0x12, 0x17, 0x5F, 0xE2, 0x44, 0xD0, 0xA0, 0x7D,
    0x7D, 0x4B, 0x2D, 0xEB, 0x27, 0x9C, 0x97, 0x8E, 0x7D, 0x05, 0x37, 0x81, 0xEC, 0xAE, 0x71, 0x13,
    0x6D, 0x50, 0x5B, 0x14, 0x56, 0xD1, 0x49, 0x51, 0x58, 0x5C, 0x9E, 0x12, 0x37, 0x31, 0xC5, 0xDC,
    0x67, 0x37, 0xC1, 0x27, 0xF9, 0x92, 0xDB, 0xDD, 0x44, 0x8B, 0x72, 0xE3, 0x26, 0xDA, 0x3C, 0x6B,
    0x28, 0xAC, 0x23, 0xDA, 0xC7, 0x09, 0x81, 0xCC, 0xA4, 0xA1, 0xE0, 0x39, 0xC9, 0x39, 0x7B, 0x87,
    0x84, 0x00, 0xD7, 0x53, 0xB9, 0xB3, 0xD3, 0x77, 0x16, 0x45, 0x61, 0x61, 0xC0, 0x42, 0xB1, 0x75,
    0xFB, 0xF9, 0x04, 0x59, 0x95, 0x4B, 0x91, 0x84, 0x00, 0x67, 0x06, 0x14, 0xDB, 0xBA, 0x5E, 0x55,
    0x5E, 0x14, 0x41, 0x5C, 0x2D, 0xCE, 0x0E, 0x48, 0xB8, 0x32, 0x85, 0x74, 0x5F, 0xF6, 0x58, 0xE7,
    0x52, 0xF0, 0xFB, 0xA6, 0x40, 0xD7, 0xCC, 0xB9, 0x8C, 0xB8, 0xBE, 0xD0, 0x23, 0x57, 0xE4, 0xB4,
    0x45, 0xC6, 0x41, 0xED, 0x5D, 0x73, 0x29, 0x9C, 0x14, 0xD5, 0x1C, 0x51, 0x07, 0x2C, 0x0C, 0x01,
    0x5D, 0xD8, 0x3A, 0x78, 0xEE, 0xF2, 0x2F, 0x01, 0xDD, 0x38, 0x0B, 0x6F, 0x23, 0xD2, 0xAB, 0x4B,
    0x9E, 0x15, 0x91, 0xDE, 0x98, 0x5C, 0x01, 0x74, 0xC1, 0x49, 0x08, 0xFF, 0x23, 0x51, 0x0A, 0xFF,
    0xFC, 0xE1, 0x16, 0x7A, 0x1E, 0x4A, 0x80, 0xF7, 0x0A, 0x8F, 0x83, 0xF7, 0x17, 0x21, 0x5F, 0xEA,
    0xC0, 0x4D, 0x98, 0xCE, 0x48, 0xB9, 0x4B, 0x2C, 0xE2, 0x5C, 0xCD, 0xDA, 0xA6, 0x90, 0x01, 0xE8,
    0x42, 0x93, 0x4E, 0x2F, 0x54, 0xFD, 0x0A, 0x82, 0x90, 0x98, 0xF7, 0x17, 0xAF, 0x26, 0x34, 0xD1,
    0xE0, 0x6A, 0xC5, 0xAB, 0xAC, 0xB6, 0x1C, 0xD7, 0x6D, 0x22, 0x34, 0xF5, 0xDF, 0x34, 0x78, 0x7B,
    0xFB, 0x2A, 0x2A, 0x35, 0xE8, 0xDC, 0xF5, 0x5E, 0x45, 0x18, 0x06, 0xD3, 0xDE, 0xF6, 0x70, 0x02,
    0xB3, 0x86, 0x13, 0x41, 0x2D, 0xEF, 0xE8, 0xFC, 0xFC, 0x4F, 0x51, 0xBB, 0x81, 0xBF, 0x00, 0xBA,
    0xFB, 0xBD, 0x74, 0xC2, 0x08, 0x01, 0xCE, 0x2B, 0xB1, 0x30, 0x8E, 0x84, 0xE8, 0xDB, 0xA8, 0x3C,
    0x0E, 0xC7, 0x22, 0x72, 0x6E, 0xC1, 0x1E, 0xD7, 0xC6, 0x30, 0xF0, 0x1E, 0x0B, 0x18, 0xB8, 0xAB,
    0x41, 0xE3, 0x89, 0xB0, 0x5C, 0xF3, 0xC2, 0xAC, 0x15, 0xB0, 0xE3, 0x98, 0xEF, 0x02, 0x6C, 0xDD,
    0x35, 0x86, 0xB7, 0x29, 0xC7, 0x0F, 0x52, 0xE3, 0x24, 0x6C, 0x74, 0xFC, 0xF5, 0xD3, 0x4F, 0x9C,
    0xA6, 0xDD, 0xDE, 0xC6, 0xD9, 0xED, 0x67, 0xFC, 0x2A, 0x57, 0x6B, 0x1C, 0xEB, 0xFD, 0xA6, 0xF2,
    0x38, 0xF0, 0x90, 0xCC, 0x00, 0x9F, 0x21, 0x95, 0x3D, 0x1A, 0x67, 0xE8, 0x59, 0x73, 0x65, 0x16,
    0x52, 0x67, 0x44, 0x3A, 0x5F, 0xA2, 0x14, 0x11, 0x58, 0x73, 0x1D, 0x26, 0xAF, 0xD0, 0x8F, 0x33,
    0x54, 0x42, 0x3F, 0xCE, 0xB7, 0x3C, 0x00, 0xFD, 0xE8, 0xF9, 0x4A, 0xAA, 0x57, 0xE0, 0x39, 0xFA,
    0xDF, 0x7E, 0x6C, 0x6C, 0x63, 0x70, 0xF3, 0xD0, 0x6B, 0x6F, 0x0B, 0xD9, 0xE2, 0x67, 0x0E, 0xBD,
    0xB6, 0x24, 0x25, 0xEC, 0x21, 0x4B, 0x31, 0xBE, 0xF6, 0x3E, 0x66, 0xE9, 0x19, 0x7E, 0xE4, 0x2F,
    0x44, 0xE2, 0xD3, 0xAE, 0x46, 0xC2, 0xC0, 0x22, 0x23, 0x61, 0x9F, 0xB1, 0xF8, 0x8B, 0x1F, 0x1E,
    0x7A, 0xED, 0xCA, 0x33, 0x40, 0xB5, 0x7F, 0x45, 0xFF, 0xEE, 0x6B, 0xFA, 0x26, 0xFC, 0x4B, 0x51,
    0xF7, 0x53, 0xB7, 0x58, 0xF0, 0x52, 0x37, 0x8F, 0x1C, 0x9C, 0xD7, 0xC5, 0xC1, 0x32, 0x17, 0xE0,
    0xE6, 0xD8, 0xC4, 0xB9, 0xD8, 0xBC, 0xCF, 0x52, 0xE1, 0x53, 0xCD, 0xC9, 0x59, 0xCA, 0xAD, 0xD4,
    0x46, 0x3F, 0xEC, 0xDA, 0x20, 0x45, 0xDC, 0xB9, 0x81, 0x6B, 0x65, 0xFD, 0x3C, 0xD1, 0xF2, 0x42,
    0x90, 0x87, 0xBD, 0x1F, 0x61, 0xA2, 0xCD, 0x62, 0xD8, 0x8F, 0x27, 0x72, 0xAE, 0x18, 0x7A, 0x9F,
    0x5C, 0xFC, 0xEE, 0x2E, 0x39, 0x7E, 0x15, 0xFC, 0xC3, 0xF0, 0xBB, 0x7F, 0x1A, 0x71, 0x16, 0xA6,
    0xDE, 0xFA, 0xF5, 0x1F, 0x5D, 0x99, 0xA0, 0xE6, 0x80, 0xE6, 0x66, 0xDF, 0x89, 0xAE, 0x1E, 0xCD,
    0xE2, 0x81, 0xAB, 0xDE, 0xFF, 0x55, 0xE3, 0x67, 0x3F, 0x57, 0xF1, 0x20, 0x38, 0xB3, 0xF4, 0x83,
    0xDA, 0xB3, 0xC9, 0x5C, 0x3C, 0x98, 0x72, 0x02, 0x3E, 0x38, 0x3B, 0x11, 0x0F, 0x60, 0x8F, 0xBB,
    0x28, 0xF5, 0x06, 0xCD, 0x01, 0x16, 0xB0, 0xC0, 0x09, 0x5F, 0xEF, 0xE8, 0x0D, 0xCE, 0xC6, 0xD1,
    0x05, 0x2C, 0x8A, 0x2B, 0x07, 0x7F, 0x67, 0x40, 0x0E, 0x7C, 0x31, 0xC7, 0x1E, 0x11, 0x35, 0x95,
    0xBE, 0x9C, 0x26, 0xD0, 0x83, 0xE7, 0x7F, 0xD2, 0x14, 0xE7, 0xBB, 0x95, 0x33, 0xFE, 0xC7, 0xBE,
    0x3A, 0x45, 0x7B, 0x7C, 0x2A, 0x1E, 0x14, 0xFD, 0x2F, 0xAC, 0xDA, 0xB6, 0x55, 0x50, 0xF4, 0x75,
    0x49, 0xC0, 0xDC, 0x63, 0x0F, 0x02, 0x7C, 0x67, 0xC8, 0x52, 0xB4, 0x57, 0x45, 0x83, 0xBA, 0x3A,
    0x45, 0x20, 0x67, 0x57, 0xEC, 0x57, 0x1C, 0x3F, 0x73, 0xE7, 0x3B, 0x50, 0x94, 0x19, 0x24, 0x14,
    0xAD, 0xFD, 0xB9, 0x4D, 0x5E, 0x35, 0xAA, 0x34, 0x42, 0xCB, 0xB7, 0x81, 0x34, 0x12, 0xAF, 0x26,
    0x90, 0x66, 0xC1, 0xE6, 0xFD, 0xA8, 0x4A, 0x5E, 0x51, 0x75, 0x76, 0xC5, 0x52, 0x34, 0x1C, 0x5A,
    0x8A, 0x22, 0x08, 0x78, 0x44, 0xCE, 0xE5, 0x2A, 0xDB, 0x3A, 0x86, 0xEE, 0x34, 0x17, 0x25, 0xB7,
    0xDC, 0x1D, 0x3A, 0x97, 0x2D, 0xE4, 0x90, 0x2D, 0x24, 0x86, 0x3F, 0xCD, 0x79, 0xBF, 0xC6, 0x6E,
    0x54, 0x1B, 0x93, 0x42, 0xA9, 0x83, 0x83, 0x83, 0xB4, 0xA4, 0x66, 0x55, 0x71, 0x88, 0x85, 0xF2,
    0x60, 0xB7, 0xB0, 0x57, 0xBA, 0x05, 0x07, 0xB7, 0x38, 0x3F, 0xD5, 0x55, 0xF6, 0x57, 0x48, 0x4D,
    0xCB, 0x7D, 0xD6, 0xE7, 0xFD, 0x4C, 0x96, 0x06, 0xD0, 0x99, 0x2C, 0x0D, 0xA0, 0xDB, 0xF5, 0x1F,
    0x7C, 0xD2, 0x80, 0xA1, 0xE3, 0xC1, 0xA7, 0x02, 0x1D, 0xCF, 0x54, 0xA0, 0x0B, 0x2B, 0xE8, 0xF8,
    0xCA, 0xC3, 0x2A, 0x4A, 0x22, 0xCC, 0xA4, 0xF8, 0x43, 0xA7, 0xC7, 0x56, 0xD5, 0x9C, 0x3D, 0xE5,
    0x27, 0xB1, 0xAB, 0xF9, 0xBF, 0xBA, 0x85, 0x6E, 0x71, 0x26, 0x61, 0x63, 0x1B, 0xA6, 0xED, 0x3F,
    0xCC, 0xD9, 0x30, 0xF2, 0xA1, 0x7E, 0x31, 0x8C, 0xFE, 0x52, 0xDF, 0x11, 0xE8, 0x26, 0xE9, 0x2F,
    0x4D, 0xF6, 0x00, 0x26, 0xC0, 0x1C, 0x7E, 0x76, 0xD3, 0x7B, 0xEC, 0x7C, 0xB9, 0x14, 0x7E, 0x4C,
    0x4A, 0xE1, 0xEF, 0x2D, 0x50, 0xFF, 0x94, 0x94, 0x71, 0x73, 0x0E, 0x72, 0xBE, 0x74, 0x29, 0xDC,
    0xF9, 0x77, 0xCB, 0x3A, 0xF6, 0x60, 0x96, 0x75, 0x45, 0xC5, 0x3A, 0x55, 0xB1, 0x4E, 0x59, 0xE8,
    0x9C, 0xE4, 0x9B, 0x4B, 0x99, 0x36, 0x39, 0x0B, 0xCA, 0x7E, 0x79, 0xC8, 0x45, 0x0A, 0xB0, 0x4E,
    0x2A, 0xBB, 0x93, 0x9B, 0xB3, 0x0E, 0x07, 0xA2, 0xF2, 0xED, 0xBC, 0xF3, 0x7D, 0x17, 0x95, 0xFD,
    0x69, 0xCE, 0xFB, 0xE1, 0x28, 0xFE, 0x4C, 0x29, 0x0A, 0x9B, 0xF0, 0xFF, 0xB3, 0x60, 0x85, 0x95,
    0x93, 0xE4, 0x40, 0xAC, 0x1C, 0xB8, 0x37, 0x78, 0xE7, 0xEB, 0xE5, 0x0D, 0x17, 0x4F, 0x40, 0x48,
    0x93, 0xCA, 0x7F, 0x16, 0xB9, 0x0D, 0x3A, 0xF9, 0xCF, 0x32, 0x0C, 0x1D, 0x27, 0x94, 0x04, 0x3A,
    0xAE, 0xDE, 0xDA, 0x52, 0xB8, 0x32, 0xD0, 0xE9, 0xAA, 0x14, 0xAE, 0xD7, 0xA0, 0xCB, 0x0C, 0x74,
    0xDB, 0x1E, 0xF7, 0xA2, 0xE4, 0x7D, 0xB9, 0x63, 0x3E, 0x8D, 0xFF, 0x00, 0x95, 0xB5, 0xAD, 0x6F,
    0x1A, 0xD6, 0x71, 0xE0, 0x21, 0xD0, 0x85, 0x98, 0x85, 0x40, 0x57, 0xE3, 0x9C, 0xE9, 0x93, 0x5A,
    0x94, 0x7C, 0x04, 0xD0, 0x8D, 0x0E, 0x9B, 0xD9, 0x67, 0xE1, 0xD0, 0xF4, 0xF0, 0x05, 0x7B, 0xD8,
    0xEC, 0x04, 0x76, 0x2E, 0x4F, 0x18, 0x74, 0x5B, 0xB9, 0x6E, 0xC0, 0xD9, 0x66, 0x84, 0x5C, 0x1D,
    0xAE, 0x71, 0xF8, 0x1A, 0x29, 0xA6, 0x55, 0x76, 0x13, 0x9D, 0x81, 0xF7, 0xBF, 0x1A, 0xD0, 0xED,
    0x8F, 0x7F, 0xEC, 0x3F, 0xF7, 0x01, 0xFE, 0x47, 0x58, 0x63, 0x4B, 0x2D, 0x70, 0xBC, 0x54, 0x15,
    0xFB, 0x69, 0xCC, 0x47, 0x9A, 0xB9, 0x8B, 0x5C, 0x43, 0xC4, 0xC7, 0x27, 0xBA, 0x85, 0x9F, 0x95,
    0x8E, 0x9A, 0x96, 0x3D, 0x08, 0xDF, 0x87, 0xA1, 0x33, 0x27, 0xAF, 0xBE, 0x74, 0x79, 0x68, 0xEF,
    0x7C, 0x5A, 0x29, 0x6C, 0xFE, 0xE0, 0xD0, 0xFD, 0x3F,
};

static const EpdGlyph lato_16_boldGlyphs[] = {
    { 0, 0, 0, 0, 0, 0, 0 }, // U+0000
    { 0, 0, 0, 0, 0, 0, 0 }, // U+0001
    { 0, 0, 0, 0, 0, 0, 0 }, // U+0002
    { 0, 0, 0, 0, 0, 0, 0 }, // U+0003
    { 0, 0, 0, 0, 0, 0, 0 }, // U+0004
    { 0, 0, 0, 0, 0, 0, 0 }, // U+0005
    { 0, 0, 0, 0, 0, 0, 0 }, // U+0006
    { 0, 0, 0, 0, 0, 0, 0 }, // U+0007
    { 0, 0, 0, 0, 0, 0, 0 }, // U+0008
    { 0, 0, 0, 0, 0, 0, 0 }, // U+0009
    { 0, 0, 0, 0, 0, 0, 0 }, // U+000A
    { 0, 0, 0, 0, 0, 0, 0 }, // U+000B
    { 0, 0, 0, 0, 0, 0, 0 }, // U+000C
    { 0, 0, 0, 0, 0, 0, 0 }, // U+000D
    { 0, 0, 0, 0, 0, 0, 0 }, // U+000E
    { 0, 0, 0, 0, 0, 0, 0 }, // U+000F
    { 0, 0, 0, 0, 0, 0, 0 }, // U+0010
    { 0, 0, 0, 0, 0, 0, 0 }, // U+0011
    { 0, 0, 0, 0, 0, 0, 0 }, // U+0012
    { 0, 0, 0, 0, 0, 0, 0 }, // U+0013
    { 0, 0, 0, 0, 0, 0, 0 }, // U+0014
    { 0, 0, 0, 0, 0, 0, 0 }, // U+0015
    { 0, 0, 0, 0, 0, 0, 0 }, // U+0016
    { 0, 0, 0, 0, 0, 0, 0 }, // U+0017
    { 0, 0, 0, 0, 0, 0, 0 }, // U+0018
    { 0, 0, 0, 0, 0, 0, 0 }, // U+0019
    { 0, 0, 0, 0, 0, 0, 0 }, // U+001A
    { 0, 0, 0, 0, 0, 0, 0 }, // U+001B
    { 0, 0, 0, 0, 0, 0, 0 }, // U+001C
    { 0, 0, 0, 0, 0, 0, 0 }, // U+001D
    { 0, 0, 0, 0, 0, 0, 0 }, // U+001E
    { 0, 0, 0, 0, 0, 0, 0 }, // U+001F
    { 0, 0, 130, 0, 0, 0, 0 }, // U+0020
    { 6, 24, 150, 2, 24, 36, 0 }, // !
    { 11, 9, 211, 1, 24, 25, 36 }, // "
    { 20, 24, 351, 1, 24, 120, 61 }, // #
    { 17, 30, 311, 1, 27, 128, 181 }, // $
    { 25, 24, 437, 1, 24, 150, 309 }, // %
    { 23, 24, 386, 1, 24, 138, 459 }, // &
    { 5, 9, 113, 1, 24, 12, 597 }, // '
    { 8, 32, 146, 1, 26, 64, 609 }, // (
    { 8, 32, 146, 0, 26, 64, 673 }, // )
    { 12, 11, 227, 1, 25, 33, 737 }, // *
    { 17, 16, 309, 1, 19, 68, 770 }, // +
    { 6, 10, 125, 1, 5, 15, 838 }, // ,
    { 10, 3, 199, 1, 11, 8, 853 }, // -
    { 6, 5, 127, 1, 5, 8, 861 }, // .
    { 15, 26, 248, 0, 24, 98, 869 }, // /
    { 20, 24, 355, 1, 24, 120, 967 }, // 0
    { 11, 24, 220, 0, 24, 66, 1087 }, // 1
    { 17, 24, 306, 1, 24, 102, 1153 }, // 2
    { 17, 24, 308, 1, 24, 102, 1255 }, // 3
    { 19, 24, 319, 0, 24, 114, 1357 }, // 4
    { 17, 24, 293, 0, 24, 102, 1471 }, // 5
    { 17, 24, 306, 1, 24, 102, 1573 }, // 6
    { 18, 24, 287, 0, 24, 108, 1675 }, // 7
    { 18, 24, 314, 1, 24, 108, 1783 }, // 8
    { 18, 24, 296, 0, 24, 108, 1891 }, // 9
    { 6, 17, 137, 1, 17, 26, 1999 }, // :
    { 6, 22, 144, 1, 17, 33, 2025 }, // ;
    { 14, 16, 309, 2, 19, 56, 2058 }, // <
    { 15, 9, 309, 2, 16, 34, 2114 }, // =
    { 14, 16, 309, 3, 19, 56, 2148 }, // >
    { 13, 24, 245, 1, 24, 78, 2204 }, // ?
    { 26, 27, 450, 1, 23, 176, 2282 }, // @
    { 25, 24, 370, -1, 24, 150, 2458 }, // A
    { 19, 24, 351, 2, 24, 114, 2608 }, // B
    { 21, 24, 353, 1, 24, 126, 2722 }, // C
    { 22, 24, 406, 2, 24, 132, 2848 }, // D
    { 16, 24, 307, 2, 24, 96, 2980 }, // E
    { 16, 24, 302, 2, 24, 96, 3076 }, // F
    { 22, 24, 387, 1, 24, 132, 3172 }, // G
    { 21, 24, 411, 2, 24, 126, 3304 }, // H
    { 6, 24, 158, 2, 24, 36, 3430 }, // I
    { 12, 24, 229, 0, 24, 72, 3466 }, // J
    { 21, 24, 366, 2, 24, 126, 3538 }, // K
    { 15, 24, 277, 2, 24, 90, 3664 }, // L
    { 27, 24, 504, 2, 24, 162, 3754 }, // M
    { 21, 24, 411, 2, 24, 126, 3916 }, // N
    { 25, 24, 431, 1, 24, 150, 4042 }, // O
    { 18, 24, 330, 2, 24, 108, 4192 }, // P
    { 26, 29, 431, 1, 24, 189, 4300 }, // Q
    { 20, 24, 343, 2, 24, 120, 4489 }, // R
    { 17, 24, 292, 0, 24, 102, 4609 }, // S
    { 20, 24, 320, 0, 24, 120, 4711 }, // T
    { 21, 24, 396, 2, 24, 126, 4831 }, // U
    { 25, 24, 370, -1, 24, 150, 4957 }, // V
    { 35, 24, 560, 0, 24, 210, 5107 }, // W
    { 23, 24, 358, 0, 24, 138, 5317 }, // X
    { 23, 24, 346, -1, 24, 138, 5455 }, // Y
    { 20, 24, 323, 0, 24, 120, 5593 }, // Z
    { 8, 30, 167, 2, 25, 60, 5713 }, // [
    { 15, 26, 248, 0, 24, 98, 5773 }, // <backslash>
    { 8, 30, 167, 0, 25, 60, 5871 }, // ]
    { 17, 13, 309, 1, 24, 56, 5931 }, // ^
    { 14, 3, 249, 1, -2, 11, 5987 }, // _
    { 9, 5, 213, 1, 24, 12, 5998 }, // `
    { 15, 17, 271, 0, 17, 64, 6010 }, // a
    { 16, 24, 303, 2, 24, 96, 6074 }, // b
    { 15, 17, 257, 1, 17, 64, 6170 }, // c
    { 16, 24, 303, 1, 24, 96, 6234 }, // d
    { 16, 17, 285, 1, 17, 68, 6330 }, // e
    { 12, 24, 191, 0, 24, 72, 6398 }, // f
    { 17, 22, 282, 0, 17, 94, 6470 }, // g
    { 15, 24, 301, 2, 24, 90, 6564 }, // h
    { 6, 24, 135, 1, 24, 36, 6654 }, // i
    { 9, 29, 135, -2, 24, 66, 6690 }, // j
    { 16, 24, 285, 2, 24, 96, 6756 }, // k
    { 5, 24, 133, 2, 24, 30, 6852 }, // l
    { 24, 17, 447, 2, 17, 102, 6882 }, // m
    { 15, 17, 301, 2, 17, 64, 6984 }, // n
    { 17, 17, 306, 1, 17, 73, 7048 }, // o
    { 16, 22, 303, 2, 17, 88, 7121 }, // p
    { 16, 22, 303, 1, 17, 88, 7209 }, // q
    { 11, 17, 199, 2, 17, 47, 7297 }, // r
    { 14, 17, 234, 0, 17, 60, 7344 }, // s
    { 13, 22, 198, 0, 22, 72, 7404 }, // t
    { 16, 17, 301, 1, 17, 68, 7476 }, // u
    { 18, 17, 282, 0, 17, 77, 7544 }, // v
    { 27, 17, 428, 0, 17, 115, 7621 }, // w
    { 18, 17, 278, 0, 17, 77, 7736 }, // x
    { 18, 22, 281, 0, 17, 99, 7813 }, // y
    { 15, 17, 245, 0, 17, 64, 7912 }, // z
    { 10, 30, 163, 0, 25, 75, 7976 }, // {
    { 4, 31, 139, 2, 26, 31, 8051 }, // |
    { 10, 30, 163, 0, 25, 75, 8082 }, // }
    { 17, 7, 309, 1, 13, 30, 8157 }, // ~
    { 0, 0, 0, 0, 0, 0, 8187 }, // U+007F
    { 0, 0, 0, 0, 0, 0, 0 }, // U+0080
    { 0, 0, 0, 0, 0, 0, 0 }, // U+0081
    { 0, 0, 0, 0, 0, 0, 0 }, // U+0082
    { 0, 0, 0, 0, 0, 0, 0 }, // U+0083
    { 0, 0, 0, 0, 0, 0, 0 }, // U+0084
    { 0, 0, 0, 0, 0, 0, 0 }, // U+0085
    { 0, 0, 0, 0, 0, 0, 0 }, // U+0086
    { 0, 0, 0, 0, 0, 0, 0 }, // U+0087
    { 0, 0, 0, 0, 0, 0, 0 }, // U+0088
    { 0, 0, 0, 0, 0, 0, 0 }, // U+0089
    { 0, 0, 0, 0, 0, 0, 0 }, // U+008A
    { 0, 0, 0, 0, 0, 0, 0 }, // U+008B
    { 0, 0, 0, 0, 0, 0, 0 }, // U+008C
    { 0, 0, 0, 0, 0, 0, 0 }, // U+008D
    { 0, 0, 0, 0, 0, 0, 0 }, // U+008E
    { 0, 0, 0, 0, 0, 0, 0 }, // U+008F
    { 0, 0, 0, 0, 0, 0, 0 }, // U+0090
    { 0, 0, 0, 0, 0, 0, 0 }, // U+0091
    { 0, 0, 0, 0, 0, 0, 0 }, // U+0092
    { 0, 0, 0, 0, 0, 0, 0 }, // U+0093
    { 0, 0, 0, 0, 0, 0, 0 }, // U+0094
    { 0, 0, 0, 0, 0, 0, 0 }, // U+0095
    { 0, 0, 0, 0, 0, 0, 0 }, // U+0096
    { 0, 0, 0, 0, 0, 0, 0 }, // U+0097
    { 0, 0, 0, 0, 0, 0, 0 }, // U+0098
    { 0, 0, 0, 0, 0, 0, 0 }, // U+0099
    { 0, 0, 0, 0, 0, 0, 0 }, // U+009A
    { 0, 0, 0, 0, 0, 0, 0 }, // U+009B
    { 0, 0, 0, 0, 0, 0, 0 }, // U+009C
    { 0, 0, 0, 0, 0, 0, 0 }, // U+009D
    { 0, 0, 0, 0, 0, 0, 0 }, // U+009E
    { 0, 0, 0, 0, 0, 0, 0 }, // U+009F
    { 0, 0, 130, 0, 0, 0, 0 }, // U+00A0
    { 6, 22, 144, 1, 17, 33, 0 }, // U+00A1
    { 16, 25, 293, 1, 21, 100, 33 }, // U+00A2
    { 19, 24, 309, 0, 24, 114, 133 }, // U+00A3
    { 17, 16, 309, 1, 19, 68, 247 }, // U+00A4
    { 21, 24, 366, 1, 24, 126, 315 }, // U+00A5
    { 4, 31, 141, 2, 26, 31, 441 }, // U+00A6
    { 15, 26, 268, 1, 24, 98, 472 }, // U+00A7
    { 13, 4, 213, 0, 24, 13, 570 }, // U+00A8
    { 25, 24, 439, 1, 24, 150, 583 }, // U+00A9
    { 10, 11, 196, 1, 24, 28, 733 }, // U+00AA
    { 13, 14, 243, 1, 16, 46, 761 }, // U+00AB
    { 15, 8, 309, 2, 12, 30, 807 }, // U+00AC
    { 0, 0, 0, 0, 0, 0, 837 }, // U+00AD
    { 25, 24, 439, 1, 24, 150, 837 }, // U+00AE
    { 11, 3, 213, 1, 23, 9, 987 }, // U+00AF
    { 12, 12, 222, 1, 24, 36, 996 }, // U+00B0
    { 17, 19, 309, 1, 20, 81, 1032 }, // U+00B1
    { 10, 13, 178, 0, 28, 33, 1113 }, // U+00B2
    { 10, 13, 178, 0, 28, 33, 1146 }, // U+00B3
    { 9, 5, 213, 4, 24, 12, 1179 }, // U+00B4
    { 19, 22, 352, 2, 17, 105, 1191 }, // U+00B5
    { 23, 27, 393, 1, 24, 156, 1296 }, // U+00B6
    { 7, 6, 146, 1, 13, 11, 1452 }, // U+00B7
    { 8, 7, 213, 3, 2, 14, 1463 }, // U+00B8
    { 9, 12, 178, 1, 27, 27, 1477 }, // U+00B9
    { 12, 11, 214, 1, 24, 33, 1504 }, // U+00BA
    { 13, 14, 243, 1, 16, 46, 1537 }, // U+00BB
    { 23, 24, 396, 1, 24, 138, 1583 }, // U+00BC
    { 22, 24, 392, 1, 24, 132, 1721 }, // U+00BD
    { 23, 25, 400, 1, 25, 144, 1853 }, // U+00BE
    { 13, 22, 243, 1, 17, 72, 1997 }, // U+00BF
    { 25, 30, 370, -1, 30, 188, 2069 }, // U+00C0
    { 25, 30, 370, -1, 30, 188, 2257 }, // U+00C1
    { 25, 30, 370, -1, 30, 188, 2445 }, // U+00C2
    { 25, 29, 370, -1, 29, 182, 2633 }, // U+00C3
    { 25, 29, 370, -1, 29, 182, 2815 }, // U+00C4
    { 25, 31, 370, -1, 31, 194, 2997 }, // U+00C5
    { 31, 24, 498, -1, 24, 186, 3191 }, // U+00C6
    { 21, 29, 353, 1, 24, 153, 3377 }, // U+00C7
    { 16, 30, 307, 2, 30, 120, 3530 }, // U+00C8
    { 16, 30, 307, 2, 30, 120, 3650 }, // U+00C9
    { 16, 30, 307, 2, 30, 120, 3770 }, // U+00CA
    { 16, 29, 307, 2, 29, 116, 3890 }, // U+00CB
    { 11, 30, 158, -3, 30, 83, 4006 }, // U+00CC
    { 10, 30, 158, 2, 30, 75, 4089 }, // U+00CD
    { 12, 30, 158, -1, 30, 90, 4164 }, // U+00CE
    { 12, 29, 158, -1, 29, 87, 4254 }, // U+00CF
    { 26, 24, 411, -1, 24, 156, 4341 }, // U+00D0
    { 21, 29, 411, 2, 29, 153, 4497 }, // U+00D1
    { 25, 30, 431, 1, 30, 188, 4650 }, // U+00D2
    { 25, 30, 431, 1, 30, 188, 4838 }, // U+00D3
    { 25, 30, 431, 1, 30, 188, 5026 }, // U+00D4
    { 25, 29, 431, 1, 29, 182, 5214 }, // U+00D5
    { 25, 29, 431, 1, 29, 182, 5396 }, // U+00D6
    { 17, 16, 309, 1, 19, 68, 5578 }, // U+00D7
    { 25, 26, 431, 1, 24, 163, 5646 }, // U+00D8
    { 21, 30, 396, 2, 30, 158, 5809 }, // U+00D9
    { 21, 30, 396, 2, 30, 158, 5967 }, // U+00DA
    { 21, 30, 396, 2, 30, 158, 6125 }, // U+00DB
    { 21, 29, 396, 2, 29, 153, 6283 }, // U+00DC
    { 23, 30, 346, -1, 30, 173, 6436 }, // U+00DD
    { 18, 24, 328, 2, 24, 108, 6609 }, // U+00DE
    { 18, 24, 321, 2, 24, 108, 6717 }, // U+00DF
    { 15, 24, 271, 0, 24, 90, 6825 }, // U+00E0
    { 15, 24, 271, 0, 24, 90, 6915 }, // U+00E1
    { 15, 24, 271, 0, 24, 90, 7005 }, // U+00E2
    { 15, 24, 271, 0, 24, 90, 7095 }, // U+00E3
    { 15, 24, 271, 0, 24, 90, 7185 }, // U+00E4
    { 15, 25, 271, 0, 25, 94, 7275 }, // U+00E5
    { 26, 17, 432, 0, 17, 111, 7369 }, // U+00E6
    { 15, 22, 258, 1, 17, 83, 7480 }, // U+00E7
    { 16, 24, 285, 1, 24, 96, 7563 }, // U+00E8
    { 16, 24, 285, 1, 24, 96, 7659 }, // U+00E9
    { 16, 24, 285, 1, 24, 96, 7755 }, // U+00EA
    { 16, 24, 285, 1, 24, 96, 7851 }, // U+00EB
    { 8, 24, 135, -1, 24, 48, 7947 }, // U+00EC
    { 9, 24, 136, 2, 24, 54, 7995 }, // U+00ED
    { 12, 24, 135, -2, 24, 72, 8049 }, // U+00EE
    { 11, 24, 135, -1, 24, 66, 8121 }, // U+00EF
    { 17, 24, 304, 1, 24, 102, 8187 }, // U+00F0
    { 15, 24, 301, 2, 24, 90, 8289 }, // U+00F1
    { 17, 24, 306, 1, 24, 102, 8379 }, // U+00F2
    { 17, 24, 306, 1, 24, 102, 8481 }, // U+00F3
    { 17, 24, 306, 1, 24, 102, 8583 }, // U+00F4
    { 17, 24, 306, 1, 24, 102, 8685 }, // U+00F5
    { 17, 24, 306, 1, 24, 102, 8787 }, // U+00F6
    { 17, 17, 309, 1, 20, 73, 8889 }, // U+00F7
    { 19, 20, 306, 0, 19, 95, 8962 }, // U+00F8
    { 16, 24, 301, 1, 24, 96, 9057 }, // U+00F9
    { 16, 24, 301, 1, 24, 96, 9153 }, // U+00FA
    { 16, 24, 301, 1, 24, 96, 9249 }, // U+00FB
    { 16, 24, 301, 1, 24, 96, 9345 }, // U+00FC
    { 18, 29, 281, 0, 24, 131, 9441 }, // U+00FD
    { 16, 29, 303, 2, 24, 116, 9572 }, // U+00FE
    { 18, 29, 281, 0, 24, 131, 9688 }, // U+00FF
    { 25, 29, 370, -1, 29, 182, 0 }, // U+0100
    { 15, 23, 271, 0, 23, 87, 182 }, // U+0101
    { 25, 30, 370, -1, 30, 188, 269 }, // U+0102
    { 15, 24, 271, 0, 24, 90, 457 }, // U+0103
    { 25, 29, 370, -1, 24, 182, 547 }, // U+0104
    { 17, 22, 271, 0, 17, 94, 729 }, // U+0105
    { 21, 30, 352, 1, 30, 158, 823 }, // U+0106
    { 15, 24, 257, 1, 24, 90, 981 }, // U+0107
    { 21, 30, 352, 1, 30, 158, 1071 }, // U+0108
    { 15, 24, 257, 1, 24, 90, 1229 }, // U+0109
    { 21, 30, 352, 1, 30, 158, 1319 }, // U+010A
    { 15, 24, 257, 1, 24, 90, 1477 }, // U+010B
    { 21, 30, 352, 1, 30, 158, 1567 }, // U+010C
    { 15, 24, 257, 1, 24, 90, 1725 }, // U+010D
    { 22, 30, 406, 2, 30, 165, 1815 }, // U+010E
    { 22, 24, 303, 1, 24, 132, 1980 }, // U+010F
    { 26, 24, 411, -1, 24, 156, 2112 }, // U+0110
    { 19, 24, 303, 1, 24, 114, 2268 }, // U+0111
    { 16, 29, 307, 2, 29, 116, 2382 }, // U+0112
    { 16, 23, 285, 1, 23, 92, 2498 }, // U+0113
    { 16, 30, 307, 2, 30, 120, 2590 }, // U+0114
    { 16, 24, 285, 1, 24, 96, 2710 }, // U+0115
    { 16, 30, 307, 2, 30, 120, 2806 }, // U+0116
    { 16, 24, 285, 1, 24, 96, 2926 }, // U+0117
    { 16, 29, 307, 2, 24, 116, 3022 }, // U+0118
    { 16, 22, 285, 1, 17, 88, 3138 }, // U+0119
    { 16, 30, 307, 2, 30, 120, 3226 }, // U+011A
    { 16, 24, 285, 1, 24, 96, 3346 }, // U+011B
    { 22, 30, 387, 1, 30, 165, 3442 }, // U+011C
    { 17, 29, 282, 0, 24, 124, 3607 }, // U+011D
    { 22, 30, 387, 1, 30, 165, 3731 }, // U+011E
    { 17, 29, 282, 0, 24, 124, 3896 }, // U+011F
    { 22, 30, 387, 1, 30, 165, 4020 }, // U+0120
    { 17, 29, 282, 0, 24, 124, 4185 }, // U+0121
    { 22, 29, 387, 1, 24, 160, 4309 }, // U+0122
    { 17, 29, 282, 0, 24, 124, 4469 }, // U+0123
    { 21, 30, 411, 2, 30, 158, 4593 }, // U+0124
    { 19, 30, 301, -2, 30, 143, 4751 }, // U+0125
    { 26, 24, 416, 0, 24, 156, 4894 }, // U+0126
    { 18, 24, 301, -1, 24, 108, 5050 }, // U+0127
    { 12, 29, 158, -1, 29, 87, 5158 }, // U+0128
    { 11, 24, 135, -1, 24, 66, 5245 }, // U+0129
    { 10, 29, 158, 0, 29, 73, 5311 }, // U+012A
    { 11, 23, 135, -1, 23, 64, 5384 }, // U+012B
    { 12, 30, 158, -1, 30, 90, 5448 }, // U+012C
    { 11, 24, 135, -1, 24, 66, 5538 }, // U+012D
    { 8, 29, 158, 1, 24, 58, 5604 }, // U+012E
    { 7, 29, 135, 1, 24, 51, 5662 }, // U+012F
    { 6, 30, 158, 2, 30, 45, 5713 }, // U+0130
    { 5, 17, 136, 2, 17, 22, 5758 }, // U+0131
    { 21, 24, 396, 2, 24, 126, 5780 }, // U+0132
    { 15, 29, 277, 1, 24, 109, 5906 }, // U+0133
    { 16, 30, 229, 0, 30, 120, 6015 }, // U+0134
    { 12, 29, 135, -2, 24, 87, 6135 }, // U+0135
    { 21, 29, 366, 2, 24, 153, 6222 }, // U+0136
    { 16, 29, 285, 2, 24, 116, 6375 }, // U+0137
    { 16, 17, 285, 2, 17, 68, 6491 }, // U+0138
    { 15, 30, 277, 2, 30, 113, 6559 }, // U+0139
    { 11, 30, 133, 1, 30, 83, 6672 }, // U+013A
    { 15, 29, 277, 2, 24, 109, 6755 }, // U+013B
    { 5, 29, 133, 2, 24, 37, 6864 }, // U+013C
    { 15, 24, 277, 2, 24, 90, 6901 }, // U+013D
    { 11, 24, 132, 2, 24, 66, 6991 }, // U+013E
    { 15, 24, 289, 2, 24, 90, 7057 }, // U+013F
    { 12, 24, 209, 2, 24, 72, 7147 }, // U+0140
    { 18, 24, 286, 0, 24, 108, 7219 }, // U+0141
    { 11, 24, 176, 0, 24, 66, 7327 }, // U+0142
    { 21, 30, 411, 2, 30, 158, 7393 }, // U+0143
    { 15, 24, 301, 2, 24, 90, 7551 }, // U+0144
    { 21, 29, 411, 2, 24, 153, 7641 }, // U+0145
    { 15, 22, 301, 2, 17, 83, 7794 }, // U+0146
    { 21, 30, 411, 2, 30, 158, 7877 }, // U+0147
    { 15, 24, 301, 2, 24, 90, 8035 }, // U+0148
    { 20, 25, 336, -1, 25, 125, 8125 }, // U+0149
    { 21, 29, 411, 2, 24, 153, 8250 }, // U+014A
    { 15, 22, 301, 2, 17, 83, 8403 }, // U+014B
    { 25, 29, 431, 1, 29, 182, 8486 }, // U+014C
    { 17, 23, 306, 1, 23, 98, 8668 }, // U+014D
    { 25, 30, 431, 1, 30, 188, 8766 }, // U+014E
    { 17, 24, 306, 1, 24, 102, 8954 }, // U+014F
    { 25, 29, 431, 1, 29, 182, 9056 }, // U+0150
    { 17, 24, 306, 1, 24, 102, 9238 }, // U+0151
    { 34, 24, 577, 1, 24, 204, 9340 }, // U+0152
    { 27, 17, 467, 1, 17, 115, 9544 }, // U+0153
    { 20, 30, 343, 2, 30, 150, 9659 }, // U+0154
    { 11, 24, 199, 2, 24, 66, 9809 }, // U+0155
    { 20, 29, 343, 2, 24, 145, 9875 }, // U+0156
    { 11, 22, 199, 2, 17, 61, 10020 }, // U+0157
    { 20, 30, 343, 2, 30, 150, 10081 }, // U+0158
    { 12, 24, 199, 1, 24, 72, 10231 }, // U+0159
    { 17, 30, 292, 0, 30, 128, 10303 }, // U+015A
    { 14, 24, 234, 0, 24, 84, 10431 }, // U+015B
    { 17, 30, 292, 0, 30, 128, 10515 }, // U+015C
    { 14, 24, 234, 0, 24, 84, 10643 }, // U+015D
    { 17, 29, 292, 0, 24, 124, 10727 }, // U+015E
    { 14, 22, 234, 0, 17, 77, 10851 }, // U+015F
    { 17, 30, 292, 0, 30, 128, 10928 }, // U+0160
    { 14, 24, 234, 0, 24, 84, 11056 }, // U+0161
    { 20, 29, 320, 0, 24, 145, 11140 }, // U+0162
    { 13, 28, 198, 0, 23, 91, 11285 }, // U+0163
    { 20, 30, 320, 0, 30, 150, 11376 }, // U+0164
    { 15, 24, 198, 0, 24, 90, 11526 }, // U+0165
    { 20, 24, 327, 0, 24, 120, 11616 }, // U+0166
    { 13, 22, 201, 0, 22, 72, 11736 }, // U+0167
    { 21, 29, 396, 2, 29, 153, 11808 }, // U+0168
    { 16, 24, 301, 1, 24, 96, 11961 }, // U+0169
    { 21, 29, 396, 2, 29, 153, 12057 }, // U+016A
    { 16, 23, 301, 1, 23, 92, 12210 }, // U+016B
    { 21, 30, 396, 2, 30, 158, 12302 }, // U+016C
    { 16, 24, 301, 1, 24, 96, 12460 }, // U+016D
    { 21, 31, 396, 2, 31, 163, 12556 }, // U+016E
    { 16, 25, 301, 1, 25, 100, 12719 }, // U+016F
    { 21, 29, 396, 2, 29, 153, 12819 }, // U+0170
    { 17, 24, 300, 1, 24, 102, 12972 }, // U+0171
    { 21, 29, 396, 2, 24, 153, 13074 }, // U+0172
    { 18, 22, 301, 1, 17, 99, 13227 }, // U+0173
    { 35, 30, 560, 0, 30, 263, 13326 }, // U+0174
    { 27, 24, 428, 0, 24, 162, 13589 }, // U+0175
    { 23, 30, 346, -1, 30, 173, 13751 }, // U+0176
    { 18, 29, 281, 0, 24, 131, 13924 }, // U+0177
    { 23, 29, 346, -1, 29, 167, 14055 }, // U+0178
    { 20, 30, 323, 0, 30, 150, 14222 }, // U+0179
    { 15, 24, 245, 0, 24, 90, 14372 }, // U+017A
    { 20, 30, 323, 0, 30, 150, 14462 }, // U+017B
    { 15, 24, 245, 0, 24, 90, 14612 }, // U+017C
    { 20, 30, 323, 0, 30, 150, 14702 }, // U+017D
    { 15, 24, 245, 0, 24, 90, 14852 }, // U+017E
    { 12, 24, 161, 0, 24, 72, 14942 }, // U+017F
    { 27, 26, 459, 1, 26, 176, 0 }, // U+01A0
    { 21, 20, 334, 1, 20, 105, 176 }, // U+01A1
    { 28, 26, 464, 2, 26, 182, 281 }, // U+01AF
    { 22, 20, 350, 1, 20, 110, 463 }, // U+01B0
    { 43, 30, 731, 2, 30, 323, 573 }, // U+01C4
    { 38, 24, 651, 2, 24, 228, 896 }, // U+01C5
    { 33, 24, 555, 1, 24, 198, 1124 }, // U+01C6
    { 28, 24, 513, 2, 24, 168, 1322 }, // U+01C7
    { 23, 29, 418, 2, 24, 167, 1490 }, // U+01C8
    { 14, 29, 276, 2, 24, 102, 1657 }, // U+01C9
    { 36, 24, 640, 2, 24, 216, 1759 }, // U+01CA
    { 31, 29, 546, 2, 24, 225, 1975 }, // U+01CB
    { 24, 29, 440, 2, 24, 174, 2200 }, // U+01CC
    { 25, 30, 370, -1, 30, 188, 2374 }, // U+01CD
    { 15, 24, 271, 0, 24, 90, 2562 }, // U+01CE
    { 12, 30, 158, -1, 30, 90, 2652 }, // U+01CF
    { 12, 24, 135, -2, 24, 72, 2742 }, // U+01D0
    { 25, 30, 431, 1, 30, 188, 2814 }, // U+01D1
    { 17, 24, 306, 1, 24, 102, 3002 }, // U+01D2
    { 21, 30, 396, 2, 30, 158, 3104 }, // U+01D3
    { 16, 24, 301, 1, 24, 96, 3262 }, // U+01D4
    { 21, 34, 396, 2, 34, 179, 3358 }, // U+01D5
    { 16, 29, 301, 1, 29, 116, 3537 }, // U+01D6
    { 21, 35, 396, 2, 35, 184, 3653 }, // U+01D7
    { 16, 29, 301, 1, 29, 116, 3837 }, // U+01D8
    { 21, 35, 396, 2, 35, 184, 3953 }, // U+01D9
    { 16, 30, 301, 1, 30, 120, 4137 }, // U+01DA
    { 21, 35, 396, 2, 35, 184, 4257 }, // U+01DB
    { 16, 31, 301, 1, 31, 124, 4441 }, // U+01DC
    { 16, 17, 285, 1, 17, 68, 4565 }, // U+01DD
    { 25, 34, 370, -1, 34, 213, 4633 }, // U+01DE
    { 15, 29, 271, 0, 29, 109, 4846 }, // U+01DF
    { 25, 35, 370, -1, 35, 219, 4955 }, // U+01E0
    { 15, 28, 271, 0, 28, 105, 5174 }, // U+01E1
    { 31, 29, 498, -1, 29, 225, 5279 }, // U+01E2
    { 26, 23, 432, 0, 23, 150, 5504 }, // U+01E3
    { 24, 24, 398, 1, 24, 144, 5654 }, // U+01E4
    { 20, 22, 295, -1, 17, 110, 5798 }, // U+01E5
    { 22, 30, 387, 1, 30, 165, 5908 }, // U+01E6
    { 17, 29, 282, 0, 24, 124, 6073 }, // U+01E7
    { 21, 30, 366, 2, 30, 158, 6197 }, // U+01E8
    { 20, 30, 285, -2, 30, 150, 6355 }, // U+01E9
    { 25, 29, 431, 1, 24, 182, 6505 }, // U+01EA
    { 17, 22, 306, 1, 17, 94, 6687 }, // U+01EB
    { 25, 34, 431, 1, 29, 213, 6781 }, // U+01EC
    { 17, 28, 306, 1, 23, 119, 6994 }, // U+01ED
    { 19, 30, 315, 0, 30, 143, 7113 }, // U+01EE
    { 15, 29, 238, -1, 24, 109, 7256 }, // U+01EF
    { 12, 29, 135, -2, 24, 87, 7365 }, // U+01F0
    { 43, 24, 731, 2, 24, 258, 7452 }, // U+01F1
    { 38, 24, 651, 2, 24, 228, 7710 }, // U+01F2
    { 33, 24, 555, 1, 24, 198, 7938 }, // U+01F3
    { 22, 30, 387, 1, 30, 165, 8136 }, // U+01F4
    { 17, 29, 282, 0, 24, 124, 8301 }, // U+01F5
    { 33, 24, 566, 2, 24, 198, 8425 }, // U+01F6
    { 21, 29, 381, 2, 24, 153, 8623 }, // U+01F7
    { 21, 31, 411, 2, 31, 163, 8776 }, // U+01F8
    { 15, 24, 301, 2, 24, 90, 8939 }, // U+01F9
    { 25, 35, 370, -1, 35, 219, 9029 }, // U+01FA
    { 15, 31, 271, 0, 31, 117, 9248 }, // U+01FB
    { 31, 30, 498, -1, 30, 233, 9365 }, // U+01FC
    { 26, 24, 432, 0, 24, 156, 9598 }, // U+01FD
    { 25, 32, 430, 1, 30, 200, 9754 }, // U+01FE
    { 19, 25, 307, 0, 24, 119, 9954 }, // U+01FF
    { 25, 29, 370, -1, 29, 182, 10073 }, // U+0200
    { 15, 24, 271, 0, 24, 90, 10255 }, // U+0201
    { 25, 30, 370, -1, 30, 188, 10345 }, // U+0202
    { 15, 24, 271, 0, 24, 90, 10533 }, // U+0203
    { 17, 29, 307, 1, 29, 124, 10623 }, // U+0204
    { 16, 24, 285, 1, 24, 96, 10747 }, // U+0205
    { 16, 30, 307, 2, 30, 120, 10843 }, // U+0206
    { 16, 24, 285, 1, 24, 96, 10963 }, // U+0207
    { 14, 29, 158, -4, 29, 102, 11059 }, // U+0208
    { 13, 24, 136, -4, 24, 78, 11161 }, // U+0209
    { 12, 30, 158, -1, 30, 90, 11239 }, // U+020A
    { 11, 24, 135, -1, 24, 66, 11329 }, // U+020B
    { 25, 29, 431, 1, 29, 182, 11395 }, // U+020C
    { 17, 24, 306, 1, 24, 102, 11577 }, // U+020D
    { 25, 30, 431, 1, 30, 188, 11679 }, // U+020E
    { 17, 24, 306, 1, 24, 102, 11867 }, // U+020F
    { 21, 29, 343, 1, 29, 153, 11969 }, // U+0210
    { 14, 24, 199, -1, 24, 84, 12122 }, // U+0211
    { 20, 30, 343, 2, 30, 150, 12206 }, // U+0212
    { 12, 24, 199, 1, 24, 72, 12356 }, // U+0213
    { 21, 29, 396, 2, 29, 153, 12428 }, // U+0214
    { 16, 24, 301, 1, 24, 96, 12581 }, // U+0215
    { 21, 30, 396, 2, 30, 158, 12677 }, // U+0216
    { 16, 24, 301, 1, 24, 96, 12835 }, // U+0217
    { 17, 29, 292, 0, 24, 124, 12931 }, // U+0218
    { 14, 22, 234, 0, 17, 77, 13055 }, // U+0219
    { 20, 29, 320, 0, 24, 145, 13132 }, // U+021A
    { 13, 27, 198, 0, 22, 88, 13277 }, // U+021B
    { 19, 24, 315, 0, 24, 114, 13365 }, // U+021C
    { 15, 22, 238, -1, 17, 83, 13479 }, // U+021D
    { 21, 30, 411, 2, 30, 158, 13562 }, // U+021E
    { 19, 30, 301, -2, 30, 143, 13720 }, // U+021F
    { 8, 5, 0, -12, 24, 10, 0 }, // U+0300
    { 9, 5, 0, -9, 24, 12, 10 }, // U+0301
    { 13, 5, 0, -13, 24, 17, 22 }, // U+0302
    { 11, 4, 0, -12, 24, 11, 39 }, // U+0303
    { 11, 3, 0, -12, 23, 9, 50 }, // U+0304
    { 22, 3, 0, -11, 28, 17, 59 }, // U+0305
    { 11, 5, 0, -12, 24, 14, 76 }, // U+0306
    { 7, 5, 0, -10, 24, 9, 90 }, // U+0307
    { 12, 4, 0, -13, 24, 12, 99 }, // U+0308
    { 8, 7, 0, -11, 24, 14, 111 }, // U+0309
    { 9, 7, 0, -11, 25, 16, 125 }, // U+030A
    { 13, 5, 0, -11, 24, 17, 141 }, // U+030B
    { 13, 5, 0, -13, 24, 17, 158 }, // U+030C
    { 4, 7, 0, 5, 26, 7, 175 }, // U+030D
    { 9, 7, 0, 2, 26, 16, 182 }, // U+030E
    { 13, 5, 0, -2, 24, 17, 198 }, // U+030F
    { 13, 10, 0, 0, 29, 33, 215 }, // U+0310
    { 11, 5, 0, 1, 24, 14, 248 }, // U+0311
    { 5, 5, 0, -9, 24, 7, 262 }, // U+0312
    { 6, 8, 0, 4, 26, 12, 269 }, // U+0313
    { 5, 8, 0, 4, 26, 10, 281 }, // U+0314
    { 5, 6, 0, 4, 24, 8, 291 }, // U+0315
    { 8, 5, 0, -10, 0, 10, 299 }, // U+0316
    { 9, 5, 0, -11, 0, 12, 309 }, // U+0317
    { 9, 8, 0, 2, 0, 18, 321 }, // U+0318
    { 9, 8, 0, 2, 0, 18, 339 }, // U+0319
    { 9, 8, 0, 2, 27, 18, 357 }, // U+031A
    { 8, 7, 0, 3, 19, 14, 375 }, // U+031B
    { 5, 7, 0, 1, 25, 9, 389 }, // U+031C
    { 9, 8, 0, 2, 0, 18, 398 }, // U+031D
    { 9, 8, 0, 2, 0, 18, 416 }, // U+031E
    { 9, 8, 0, 2, 0, 18, 434 }, // U+031F
    { 9, 3, 0, 2, -2, 7, 452 }, // U+0320
    { 9, 6, 0, 1, 1, 14, 459 }, // U+0321
    { 9, 6, 0, 3, 1, 14, 473 }, // U+0322
    { 5, 5, 0, -9, 0, 7, 487 }, // U+0323
    { 12, 4, 0, -13, -1, 12, 494 }, // U+0324
    { 9, 7, 0, 2, -1, 16, 506 }, // U+0325
    { 5, 5, 0, -9, 0, 7, 522 }, // U+0326
    { 8, 7, 0, -10, 2, 14, 529 }, // U+0327
    { 7, 7, 0, -10, 2, 13, 543 }, // U+0328
    { 4, 7, 0, 5, -1, 7, 556 }, // U+0329
    { 13, 5, 0, 0, 0, 17, 563 }, // U+032A
    { 13, 4, 0, 0, -1, 13, 580 }, // U+032B
    { 13, 5, 0, -13, 0, 17, 593 }, // U+032C
    { 13, 5, 0, -13, 0, 17, 610 }, // U+032D
    { 11, 5, 0, -12, 0, 14, 627 }, // U+032E
    { 11, 5, 0, 1, 24, 14, 641 }, // U+032F
    { 11, 4, 0, -12, -1, 11, 655 }, // U+0330
    { 11, 3, 0, -12, -2, 9, 666 }, // U+0331
    { 13, 3, 0, 0, -2, 10, 675 }, // U+0332
    { 13, 3, 0, 0, -2, 10, 685 }, // U+0333
    { 14, 4, 0, -14, 15, 14, 695 }, // U+0334
    { 4, 31, 0, -7, 26, 31, 709 }, // U+0335
    { 14, 3, 0, -7, 11, 11, 740 }, // U+0336
    { 16, 19, 0, -8, 17, 76, 751 }, // U+0337
    { 20, 26, 0, -10, 24, 130, 827 }, // U+0338
    { 5, 7, 0, 1, 25, 9, 957 }, // U+0339
    { 13, 5, 0, 0, -1, 17, 966 }, // U+033A
    { 9, 8, 0, 2, 0, 18, 983 }, // U+033B
    { 13, 4, 0, 0, -1, 13, 1001 }, // U+033C
    { 9, 9, 0, 2, 27, 21, 1014 }, // U+033D
    { 5, 11, 0, 4, 30, 14, 1035 }, // U+033E
    { 22, 7, 0, -11, 32, 39, 1049 }, // U+033F
    { 8, 5, 0, -12, 24, 10, 1088 }, // U+0340
    { 9, 5, 0, -9, 24, 12, 1098 }, // U+0341
    { 11, 4, 0, -12, 24, 11, 1110 }, // U+0342
    { 6, 8, 0, 4, 26, 12, 1121 }, // U+0343
    { 14, 6, 0, -13, 25, 21, 1133 }, // U+0344
    { 6, 5, 0, -6, -2, 8, 1154 }, // U+0345
    { 13, 5, 0, 0, 0, 17, 1162 }, // U+0346
    { 13, 3, 0, 0, -2, 10, 1179 }, // U+0347
    { 9, 7, 0, 2, 26, 16, 1189 }, // U+0348
    { 9, 8, 0, 2, 27, 18, 1205 }, // U+0349
    { 13, 9, 0, 0, 26, 30, 1223 }, // U+034A
    { 13, 12, 0, -13, 29, 39, 1253 }, // U+034B
    { 11, 9, 0, -12, 27, 25, 1292 }, // U+034C
    { 19, 7, 0, 0, -1, 34, 1317 }, // U+034D
    { 7, 8, 0, 6, -1, 14, 1351 }, // U+034E
    { 0, 0, 0, 0, 0, 0, 1365 }, // U+034F
    { 7, 9, 0, 3, 27, 16, 1365 }, // U+0350
    { 5, 7, 0, 3, 26, 9, 1381 }, // U+0351
    { 13, 8, 0, 0, 26, 26, 1390 }, // U+0352
    { 9, 9, 0, 2, 27, 21, 1416 }, // U+0353
    { 7, 9, 0, 3, 0, 16, 1437 }, // U+0354
    { 6, 9, 0, 4, 0, 14, 1453 }, // U+0355
    { 14, 9, 0, 0, 0, 32, 1467 }, // U+0356
    { 5, 7, 0, 5, 26, 9, 1499 }, // U+0357
    { 7, 5, 0, -10, 24, 9, 1508 }, // U+0358
    { 7, 6, 0, 1, -1, 11, 1517 }, // U+0359
    { 12, 6, 0, 2, 1, 18, 1528 }, // U+035A
    { 8, 10, 0, 3, 27, 20, 1546 }, // U+035B
    { 35, 6, 0, 1, -2, 53, 1566 }, // U+035C
    { 35, 6, 0, 1, 25, 53, 1619 }, // U+035D
    { 35, 3, 0, 1, 24, 27, 1672 }, // U+035E
    { 35, 3, 0, 1, -3, 27, 1699 }, // U+035F
    { 35, 7, 0, 1, 25, 62, 1726 }, // U+0360
    { 36, 6, 0, -18, 25, 54, 1788 }, // U+0361
    { 34, 7, 0, 1, -1, 60, 1842 }, // U+0362
    { 8, 8, 0, 1, 26, 16, 1902 }, // U+0363
    { 8, 9, 0, 1, 27, 18, 1918 }, // U+0364
    { 4, 11, 0, 1, 29, 11, 1936 }, // U+0365
    { 9, 8, 0, 1, 26, 18, 1947 }, // U+0366
    { 8, 8, 0, 1, 26, 16, 1965 }, // U+0367
    { 8, 8, 0, 1, 26, 16, 1981 }, // U+0368
    { 8, 11, 0, 1, 29, 22, 1997 }, // U+0369
    { 9, 11, 0, 1, 29, 25, 2019 }, // U+036A
    { 13, 8, 0, 1, 26, 26, 2044 }, // U+036B
    { 6, 8, 0, 1, 26, 12, 2070 }, // U+036C
    { 7, 10, 0, 0, 28, 18, 2082 }, // U+036D
    { 10, 8, 0, 0, 26, 20, 2100 }, // U+036E
    { 9, 8, 0, 1, 26, 18, 2120 }, // U+036F
    { 19, 24, 293, 0, 24, 114, 0 }, // U+03BB
    { 16, 30, 307, 2, 30, 120, 0 }, // U+0400
    { 16, 29, 307, 2, 29, 116, 120 }, // U+0401
    { 25, 24, 401, 0, 24, 150, 236 }, // U+0402
    { 16, 30, 289, 2, 30, 120, 386 }, // U+0403
    { 21, 24, 356, 1, 24, 126, 506 }, // U+0404
    { 17, 24, 292, 0, 24, 102, 632 }, // U+0405
    { 6, 24, 158, 2, 24, 36, 734 }, // U+0406
    { 12, 29, 158, -1, 29, 87, 770 }, // U+0407
    { 12, 24, 229, 0, 24, 72, 857 }, // U+0408
    { 36, 24, 569, -1, 24, 216, 929 }, // U+0409
    { 34, 24, 583, 2, 24, 204, 1145 }, // U+040A
    { 24, 24, 404, 0, 24, 144, 1349 }, // U+040B
    { 21, 30, 371, 2, 30, 158, 1493 }, // U+040C
    { 21, 30, 411, 2, 30, 158, 1651 }, // U+040D
    { 23, 30, 344, -1, 30, 173, 1809 }, // U+040E
    { 20, 29, 398, 2, 24, 145, 1982 }, // U+040F
    { 25, 24, 369, -1, 24, 150, 2127 }, // U+0410
    { 18, 24, 336, 2, 24, 108, 2277 }, // U+0411
    { 19, 24, 351, 2, 24, 114, 2385 }, // U+0412
    { 16, 24, 289, 2, 24, 96, 2499 }, // U+0413
    { 26, 29, 431, 0, 24, 189, 2595 }, // U+0414
    { 16, 24, 307, 2, 24, 96, 2784 }, // U+0415
    { 36, 24, 570, 0, 24, 216, 2880 }, // U+0416
    { 18, 24, 310, 0, 24, 108, 3096 }, // U+0417
    { 21, 24, 411, 2, 24, 126, 3204 }, // U+0418
    { 21, 30, 411, 2, 30, 158, 3330 }, // U+0419
    { 21, 24, 371, 2, 24, 126, 3488 }, // U+041A
    { 23, 24, 397, -1, 24, 138, 3614 }, // U+041B
    { 27, 24, 504, 2, 24, 162, 3752 }, // U+041C
    { 21, 24, 411, 2, 24, 126, 3914 }, // U+041D
    { 25, 24, 431, 1, 24, 150, 4040 }, // U+041E
    { 20, 24, 398, 2, 24, 120, 4190 }, // U+041F
    { 18, 24, 330, 2, 24, 108, 4310 }, // U+0420
    { 21, 24, 353, 1, 24, 126, 4418 }, // U+0421
    { 20, 24, 320, 0, 24, 120, 4544 }, // U+0422
    { 23, 24, 344, -1, 24, 138, 4664 }, // U+0423
    { 25, 25, 429, 1, 25, 157, 4802 }, // U+0424
    { 23, 24, 358, 0, 24, 138, 4959 }, // U+0425
    { 24, 29, 424, 2, 24, 174, 5097 }, // U+0426
    { 19, 24, 360, 1, 24, 114, 5271 }, // U+0427
    { 32, 24, 579, 2, 24, 192, 5385 }, // U+0428
    { 35, 29, 605, 2, 24, 254, 5577 }, // U+0429
    { 25, 24, 403, 0, 24, 150, 5831 }, // U+042A
    { 26, 24, 490, 2, 24, 156, 5981 }, // U+042B
    { 18, 24, 330, 2, 24, 108, 6137 }, // U+042C
    { 21, 24, 356, 0, 24, 126, 6245 }, // U+042D
    { 32, 24, 569, 2, 24, 192, 6371 }, // U+042E
    { 21, 24, 362, -1, 24, 126, 6563 }, // U+042F
    { 15, 17, 271, 0, 17, 64, 6689 }, // U+0430
    { 18, 24, 315, 1, 24, 108, 6753 }, // U+0431
    { 14, 17, 268, 2, 17, 60, 6861 }, // U+0432
    { 12, 17, 224, 2, 17, 51, 6921 }, // U+0433
    { 21, 22, 338, 0, 17, 116, 6972 }, // U+0434
    { 16, 17, 285, 1, 17, 68, 7088 }, // U+0435
    { 27, 17, 436, 0, 17, 115, 7156 }, // U+0436
    { 14, 17, 240, 0, 17, 60, 7271 }, // U+0437
    { 16, 17, 311, 2, 17, 68, 7331 }, // U+0438
    { 16, 24, 311, 2, 24, 96, 7399 }, // U+0439
    { 16, 17, 290, 2, 17, 68, 7495 }, // U+043A
    { 18, 17, 319, 0, 17, 77, 7563 }, // U+043B
    { 20, 17, 382, 2, 17, 85, 7640 }, // U+043C
    { 15, 17, 304, 2, 17, 64, 7725 }, // U+043D
    { 17, 17, 306, 1, 17, 73, 7789 }, // U+043E
    { 15, 17, 304, 2, 17, 64, 7862 }, // U+043F
    { 16, 22, 303, 2, 17, 88, 7926 }, // U+0440
    { 15, 17, 257, 1, 17, 64, 8014 }, // U+0441
    { 17, 17, 274, 0, 17, 73, 8078 }, // U+0442
    { 18, 22, 281, 0, 17, 99, 8151 }, // U+0443
    { 23, 29, 390, 1, 24, 167, 8250 }, // U+0444
    { 18, 17, 278, 0, 17, 77, 8417 }, // U+0445
    { 18, 22, 330, 2, 17, 99, 8494 }, // U+0446
    { 15, 17, 281, 1, 17, 64, 8593 }, // U+0447
    { 24, 17, 443, 2, 17, 102, 8657 }, // U+0448
    { 27, 22, 470, 2, 17, 149, 8759 }, // U+0449
    { 19, 17, 316, 0, 17, 81, 8908 }, // U+044A
    { 21, 17, 395, 2, 17, 90, 8989 }, // U+044B
    { 14, 17, 259, 2, 17, 60, 9079 }, // U+044C
    { 15, 17, 260, 0, 17, 64, 9139 }, // U+044D
    { 24, 17, 428, 2, 17, 102, 9203 }, // U+044E
    { 15, 17, 271, 0, 17, 64, 9305 }, // U+044F
    { 16, 24, 285, 1, 24, 96, 9369 }, // U+0450
    { 16, 24, 285, 1, 24, 96, 9465 }, // U+0451
    { 19, 30, 299, -1, 24, 143, 9561 }, // U+0452
    { 12, 24, 224, 2, 24, 72, 9704 }, // U+0453
    { 15, 17, 260, 1, 17, 64, 9776 }, // U+0454
    { 14, 17, 234, 0, 17, 60, 9840 }, // U+0455
    { 6, 24, 135, 1, 24, 36, 9900 }, // U+0456
    { 11, 24, 135, -1, 24, 66, 9936 }, // U+0457
    { 9, 29, 135, -2, 24, 66, 10002 }, // U+0458
    { 28, 17, 450, 0, 17, 119, 10068 }, // U+0459
    { 25, 17, 434, 2, 17, 107, 10187 }, // U+045A
    { 18, 24, 301, -1, 24, 108, 10294 }, // U+045B
    { 16, 24, 290, 2, 24, 96, 10402 }, // U+045C
    { 16, 24, 311, 2, 24, 96, 10498 }, // U+045D
    { 18, 29, 281, 0, 24, 131, 10594 }, // U+045E
    { 15, 22, 304, 2, 17, 83, 10725 }, // U+045F
    { 34, 24, 574, 1, 24, 204, 10808 }, // U+0460
    { 24, 17, 418, 1, 17, 102, 11012 }, // U+0461
    { 24, 24, 392, 0, 24, 144, 11114 }, // U+0462
    { 19, 21, 303, 0, 21, 100, 11258 }, // U+0463
    { 29, 24, 510, 2, 24, 174, 11358 }, // U+0464
    { 21, 17, 373, 2, 17, 90, 11532 }, // U+0465
    { 26, 24, 386, -1, 24, 156, 11622 }, // U+0466
    { 21, 17, 309, -1, 17, 90, 11778 }, // U+0467
    { 33, 24, 548, 2, 24, 198, 11868 }, // U+0468
    { 26, 17, 435, 2, 17, 111, 12066 }, // U+0469
    { 29, 24, 455, 0, 24, 174, 12177 }, // U+046A
    { 22, 17, 357, 0, 17, 94, 12351 }, // U+046B
    { 37, 24, 620, 2, 24, 222, 12445 }, // U+046C
    { 28, 17, 485, 2, 17, 119, 12667 }, // U+046D
    { 18, 31, 302, 0, 24, 140, 12786 }, // U+046E
    { 14, 28, 236, 0, 21, 98, 12926 }, // U+046F
    { 26, 24, 444, 1, 24, 156, 13024 }, // U+0470
    { 24, 29, 421, 1, 24, 174, 13180 }, // U+0471
    { 25, 24, 431, 1, 24, 150, 13354 }, // U+0472
    { 17, 17, 306, 1, 17, 73, 13504 }, // U+0473
    { 25, 24, 380, -1, 24, 150, 13577 }, // U+0474
    { 18, 17, 293, 0, 17, 77, 13727 }, // U+0475
    { 25, 29, 380, -1, 29, 182, 13804 }, // U+0476
    { 18, 24, 293, 0, 24, 108, 13986 }, // U+0477
    { 43, 29, 708, 1, 24, 312, 14094 }, // U+0478
    { 36, 22, 588, 1, 17, 198, 14406 }, // U+0479
    { 27, 27, 459, 1, 25, 183, 14604 }, // U+047A
    { 20, 20, 348, 1, 18, 100, 14787 }, // U+047B
    { 34, 31, 574, 1, 31, 264, 14887 }, // U+047C
    { 24, 25, 417, 1, 25, 150, 15151 }, // U+047D
    { 34, 29, 574, 1, 29, 247, 15301 }, // U+047E
    { 24, 22, 418, 1, 22, 132, 15548 }, // U+047F
    { 21, 29, 339, 1, 24, 153, 15680 }, // U+0480
    { 15, 22, 249, 1, 17, 83, 15833 }, // U+0481
    { 24, 26, 391, 0, 25, 156, 15916 }, // U+0482
    { 15, 6, 0, -1, 24, 23, 16072 }, // U+0483
    { 15, 6, 0, -1, 24, 23, 16095 }, // U+0484
    { 6, 6, 0, 4, 24, 9, 16118 }, // U+0485
    { 6, 6, 0, 4, 24, 9, 16127 }, // U+0486
    { 36, 30, 604, 1, 26, 270, 16136 }, // U+0488
    { 36, 35, 583, 0, 29, 315, 16406 }, // U+0489
    { 25, 35, 430, 2, 30, 219, 16721 }, // U+048A
    { 19, 29, 334, 2, 24, 138, 16940 }, // U+048B
    { 22, 24, 359, 0, 24, 132, 17078 }, // U+048C
    { 17, 17, 282, 0, 17, 73, 17210 }, // U+048D
    { 18, 24, 330, 2, 24, 108, 17283 }, // U+048E
    { 16, 22, 303, 2, 17, 88, 17391 }, // U+048F
    { 16, 29, 289, 2, 29, 116, 17479 }, // U+0490
    { 12, 21, 224, 2, 21, 63, 17595 }, // U+0491
    { 20, 24, 319, 0, 24, 120, 17658 }, // U+0492
    { 15, 17, 248, 0, 17, 64, 17778 }, // U+0493
    { 19, 29, 339, 2, 24, 138, 17842 }, // U+0494
    { 14, 22, 266, 2, 17, 77, 17980 }, // U+0495
    { 37, 29, 595, 0, 24, 269, 18057 }, // U+0496
    { 29, 22, 461, 0, 17, 160, 18326 }, // U+0497
    { 18, 29, 310, 0, 24, 131, 18486 }, // U+0498
    { 14, 22, 240, 0, 17, 77, 18617 }, // U+0499
    { 23, 29, 391, 2, 24, 167, 18694 }, // U+049A
    { 18, 22, 314, 2, 17, 99, 18861 }, // U+049B
    { 23, 24, 395, 2, 24, 138, 18960 }, // U+049C
    { 17, 17, 314, 2, 17, 73, 19098 }, // U+049D
    { 25, 24, 401, 0, 24, 150, 19171 }, // U+049E
    { 20, 17, 313, 0, 17, 85, 19321 }, // U+049F
    { 28, 24, 445, 0, 24, 168, 19406 }, // U+04A0
    { 22, 17, 348, 0, 17, 94, 19574 }, // U+04A1
    { 25, 29, 437, 2, 24, 182, 19668 }, // U+04A2
    { 18, 22, 330, 2, 17, 99, 19850 }, // U+04A3
    { 32, 24, 542, 2, 24, 192, 19949 }, // U+04A4
    { 23, 17, 397, 2, 17, 98, 20141 }, // U+04A5
    { 33, 29, 578, 2, 24, 240, 20239 }, // U+04A6
    { 25, 22, 436, 2, 17, 138, 20479 }, // U+04A7
    { 26, 24, 441, 1, 24, 156, 20617 }, // U+04A8
    { 20, 17, 335, 1, 17, 85, 20773 }, // U+04A9
    { 21, 29, 353, 1, 24, 153, 20858 }, // U+04AA
    { 15, 22, 257, 1, 17, 83, 21011 }, // U+04AB
    { 20, 29, 322, 0, 24, 145, 21094 }, // U+04AC
    { 17, 22, 276, 0, 17, 94, 21239 }, // U+04AD
    { 23, 24, 344, -1, 24, 138, 21333 }, // U+04AE
    { 18, 22, 280, 0, 17, 99, 21471 }, // U+04AF
    { 22, 24, 353, 0, 24, 132, 21570 }, // U+04B0
    { 18, 22, 282, 0, 17, 99, 21702 }, // U+04B1
    { 23, 29, 372, 0, 24, 167, 21801 }, // U+04B2
    { 19, 22, 300, 0, 17, 105, 21968 }, // U+04B3
    { 30, 29, 497, 0, 24, 218, 22073 }, // U+04B4
    { 24, 22, 388, 0, 17, 132, 22291 }, // U+04B5
    { 23, 29, 387, 1, 24, 167, 22423 }, // U+04B6
    { 18, 22, 308, 1, 17, 99, 22590 }, // U+04B7
    { 19, 24, 360, 1, 24, 114, 22689 }, // U+04B8
    { 15, 17, 281, 1, 17, 64, 22803 }, // U+04B9
    { 19, 24, 347, 2, 24, 114, 22867 }, // U+04BA
    { 15, 17, 279, 2, 17, 64, 22981 }, // U+04BB
    { 28, 24, 462, 0, 24, 168, 23045 }, // U+04BC
    { 21, 17, 353, 0, 17, 90, 23213 }, // U+04BD
    { 28, 29, 462, 0, 24, 203, 23303 }, // U+04BE
    { 21, 22, 353, 0, 17, 116, 23506 }, // U+04BF
    { 6, 24, 158, 2, 24, 36, 23622 }, // U+04C0
    { 36, 30, 570, 0, 30, 270, 23658 }, // U+04C1
    { 27, 24, 436, 0, 24, 162, 23928 }, // U+04C2
    { 21, 29, 384, 2, 24, 153, 24090 }, // U+04C3
    { 16, 22, 297, 2, 17, 88, 24243 }, // U+04C4
    { 27, 29, 418, -1, 24, 196, 24331 }, // U+04C5
    { 22, 22, 344, 0, 17, 121, 24527 }, // U+04C6
    { 21, 29, 411, 2, 24, 153, 24648 }, // U+04C7
    { 15, 22, 303, 2, 17, 83, 24801 }, // U+04C8
    { 25, 29, 432, 2, 24, 182, 24884 }, // U+04C9
    { 19, 22, 329, 2, 17, 105, 25066 }, // U+04CA
    { 19, 29, 360, 1, 24, 138, 25171 }, // U+04CB
    { 15, 22, 280, 1, 17, 83, 25309 }, // U+04CC
    { 31, 29, 525, 2, 24, 225, 25392 }, // U+04CD
    { 23, 22, 407, 2, 17, 127, 25617 }, // U+04CE
    { 6, 24, 158, 2, 24, 36, 25744 }, // U+04CF
    { 25, 30, 369, -1, 30, 188, 25780 }, // U+04D0
    { 15, 24, 271, 0, 24, 90, 25968 }, // U+04D1
    { 25, 29, 369, -1, 29, 182, 26058 }, // U+04D2
    { 15, 24, 271, 0, 24, 90, 26240 }, // U+04D3
    { 31, 24, 496, -1, 24, 186, 26330 }, // U+04D4
    { 26, 17, 432, 0, 17, 111, 26516 }, // U+04D5
    { 16, 30, 307, 2, 30, 120, 26627 }, // U+04D6
    { 16, 24, 285, 1, 24, 96, 26747 }, // U+04D7
    { 22, 24, 391, 1, 24, 132, 26843 }, // U+04D8
    { 16, 17, 285, 1, 17, 68, 26975 }, // U+04D9
    { 22, 29, 391, 1, 29, 160, 27043 }, // U+04DA
    { 16, 24, 285, 1, 24, 96, 27203 }, // U+04DB
    { 36, 29, 570, 0, 29, 261, 27299 }, // U+04DC
    { 27, 24, 436, 0, 24, 162, 27560 }, // U+04DD
    { 18, 29, 310, 0, 29, 131, 27722 }, // U+04DE
    { 14, 24, 240, 0, 24, 84, 27853 }, // U+04DF
    { 19, 24, 315, 0, 24, 114, 27937 }, // U+04E0
    { 15, 22, 241, -1, 17, 83, 28051 }, // U+04E1
    { 21, 29, 411, 2, 29, 153, 28134 }, // U+04E2
    { 16, 23, 311, 2, 23, 92, 28287 }, // U+04E3
    { 21, 29, 411, 2, 29, 153, 28379 }, // U+04E4
    { 16, 24, 311, 2, 24, 96, 28532 }, // U+04E5
    { 25, 29, 431, 1, 29, 182, 28628 }, // U+04E6
    { 17, 24, 306, 1, 24, 102, 28810 }, // U+04E7
    { 25, 24, 431, 1, 24, 150, 28912 }, // U+04E8
    { 17, 17, 306, 1, 17, 73, 29062 }, // U+04E9
    { 25, 29, 431, 1, 29, 182, 29135 }, // U+04EA
    { 17, 24, 306, 1, 24, 102, 29317 }, // U+04EB
    { 21, 29, 356, 0, 29, 153, 29419 }, // U+04EC
    { 15, 24, 260, 0, 24, 90, 29572 }, // U+04ED
    { 23, 29, 344, -1, 29, 167, 29662 }, // U+04EE
    { 18, 28, 281, 0, 23, 126, 29829 }, // U+04EF
    { 23, 29, 344, -1, 29, 167, 29955 }, // U+04F0
    { 18, 29, 281, 0, 24, 131, 30122 }, // U+04F1
    { 23, 29, 344, -1, 29, 167, 30253 }, // U+04F2
    { 18, 29, 281, 0, 24, 131, 30420 }, // U+04F3
    { 19, 29, 360, 1, 29, 138, 30551 }, // U+04F4
    { 15, 24, 281, 1, 24, 90, 30689 }, // U+04F5
    { 16, 29, 290, 2, 24, 116, 30779 }, // U+04F6
    { 12, 22, 225, 2, 17, 66, 30895 }, // U+04F7
    { 26, 29, 490, 2, 29, 189, 30961 }, // U+04F8
    { 21, 24, 395, 2, 24, 126, 31150 }, // U+04F9
    { 20, 29, 319, 0, 24, 145, 31276 }, // U+04FA
    { 15, 22, 249, 0, 17, 83, 31421 }, // U+04FB
    { 24, 29, 377, 0, 24, 174, 31504 }, // U+04FC
    { 19, 22, 299, 0, 17, 105, 31678 }, // U+04FD
    { 23, 24, 383, 0, 24, 138, 31783 }, // U+04FE
    { 18, 17, 296, 0, 17, 77, 31921 }, // U+04FF
    { 25, 29, 370, -1, 24, 182, 0 }, // U+1EA0
    { 15, 22, 271, 0, 17, 83, 182 }, // U+1EA1
    { 25, 30, 370, -1, 30, 188, 265 }, // U+1EA2
    { 15, 24, 271, 0, 24, 90, 453 }, // U+1EA3
    { 25, 33, 370, -1, 33, 207, 543 }, // U+1EA4
    { 20, 27, 271, 0, 27, 135, 750 }, // U+1EA5
    { 25, 33, 370, -1, 33, 207, 885 }, // U+1EA6
    { 18, 27, 271, -3, 27, 122, 1092 }, // U+1EA7
    { 25, 34, 370, -1, 34, 213, 1214 }, // U+1EA8
    { 17, 28, 271, 0, 28, 119, 1427 }, // U+1EA9
    { 25, 35, 370, -1, 35, 219, 1546 }, // U+1EAA
    { 15, 29, 271, 0, 29, 109, 1765 }, // U+1EAB
    { 25, 35, 370, -1, 30, 219, 1874 }, // U+1EAC
    { 15, 29, 271, 0, 24, 109, 2093 }, // U+1EAD
    { 25, 34, 370, -1, 34, 213, 2202 }, // U+1EAE
    { 15, 29, 271, 0, 29, 109, 2415 }, // U+1EAF
    { 25, 34, 370, -1, 34, 213, 2524 }, // U+1EB0
    { 15, 29, 271, 0, 29, 109, 2737 }, // U+1EB1
    { 25, 34, 370, -1, 34, 213, 2846 }, // U+1EB2
    { 15, 30, 271, 0, 30, 113, 3059 }, // U+1EB3
    { 25, 35, 370, -1, 35, 219, 3172 }, // U+1EB4
    { 15, 29, 271, 0, 29, 109, 3391 }, // U+1EB5
    { 25, 35, 370, -1, 30, 219, 3500 }, // U+1EB6
    { 15, 29, 271, 0, 24, 109, 3719 }, // U+1EB7
    { 16, 29, 307, 2, 24, 116, 3828 }, // U+1EB8
    { 16, 22, 285, 1, 17, 88, 3944 }, // U+1EB9
    { 16, 30, 307, 2, 30, 120, 4032 }, // U+1EBA
    { 16, 24, 285, 1, 24, 96, 4152 }, // U+1EBB
    { 16, 29, 307, 2, 29, 116, 4248 }, // U+1EBC
    { 16, 24, 285, 1, 24, 96, 4364 }, // U+1EBD
    { 20, 33, 307, 2, 33, 165, 4460 }, // U+1EBE
    { 20, 27, 285, 1, 27, 135, 4625 }, // U+1EBF
    { 19, 33, 307, -1, 33, 157, 4760 }, // U+1EC0
    { 19, 27, 285, -2, 27, 129, 4917 }, // U+1EC1
    { 18, 34, 307, 2, 34, 153, 5046 }, // U+1EC2
    { 18, 28, 284, 1, 28, 126, 5199 }, // U+1EC3
    { 16, 35, 307, 2, 35, 140, 5325 }, // U+1EC4
    { 16, 29, 285, 1, 29, 116, 5465 }, // U+1EC5
    { 16, 35, 307, 2, 30, 140, 5581 }, // U+1EC6
    { 16, 29, 285, 1, 24, 116, 5721 }, // U+1EC7
    { 8, 30, 158, 1, 30, 60, 5837 }, // U+1EC8
    { 8, 24, 135, 0, 24, 48, 5897 }, // U+1EC9
    { 6, 29, 158, 2, 24, 44, 5945 }, // U+1ECA
    { 6, 29, 135, 1, 24, 44, 5989 }, // U+1ECB
    { 25, 29, 431, 1, 24, 182, 6033 }, // U+1ECC
    { 17, 22, 306, 1, 17, 94, 6215 }, // U+1ECD
    { 25, 30, 431, 1, 30, 188, 6309 }, // U+1ECE
    { 17, 24, 306, 1, 24, 102, 6497 }, // U+1ECF
    { 25, 33, 431, 1, 33, 207, 6599 }, // U+1ED0
    { 20, 27, 306, 1, 27, 135, 6806 }, // U+1ED1
    { 25, 33, 431, 1, 33, 207, 6941 }, // U+1ED2
    { 20, 27, 306, -2, 27, 135, 7148 }, // U+1ED3
    { 25, 34, 431, 1, 34, 213, 7283 }, // U+1ED4
    { 18, 28, 306, 1, 28, 126, 7496 }, // U+1ED5
    { 25, 35, 431, 1, 35, 219, 7622 }, // U+1ED6
    { 17, 29, 306, 1, 29, 124, 7841 }, // U+1ED7
    { 25, 35, 431, 1, 30, 219, 7965 }, // U+1ED8
    { 17, 29, 306, 1, 24, 124, 8184 }, // U+1ED9
    { 27, 30, 459, 1, 30, 203, 8308 }, // U+1EDA
    { 21, 24, 334, 1, 24, 126, 8511 }, // U+1EDB
    { 27, 30, 459, 1, 30, 203, 8637 }, // U+1EDC
    { 21, 24, 334, 1, 24, 126, 8840 }, // U+1EDD
    { 27, 30, 459, 1, 30, 203, 8966 }, // U+1EDE
    { 21, 24, 334, 1, 24, 126, 9169 }, // U+1EDF
    { 27, 29, 459, 1, 29, 196, 9295 }, // U+1EE0
    { 21, 24, 334, 1, 24, 126, 9491 }, // U+1EE1
    { 27, 31, 459, 1, 26, 210, 9617 }, // U+1EE2
    { 21, 25, 334, 1, 20, 132, 9827 }, // U+1EE3
    { 21, 29, 396, 2, 24, 153, 9959 }, // U+1EE4
    { 16, 22, 301, 1, 17, 88, 10112 }, // U+1EE5
    { 21, 30, 396, 2, 30, 158, 10200 }, // U+1EE6
    { 16, 24, 301, 1, 24, 96, 10358 }, // U+1EE7
    { 28, 30, 464, 2, 30, 210, 10454 }, // U+1EE8
    { 22, 25, 350, 1, 25, 138, 10664 }, // U+1EE9
    { 28, 30, 464, 2, 30, 210, 10802 }, // U+1EEA
    { 22, 25, 350, 1, 25, 138, 11012 }, // U+1EEB
    { 28, 30, 464, 2, 30, 210, 11150 }, // U+1EEC
    { 22, 25, 350, 1, 25, 138, 11360 }, // U+1EED
    { 28, 29, 464, 2, 29, 203, 11498 }, // U+1EEE
    { 22, 25, 350, 1, 25, 138, 11701 }, // U+1EEF
    { 28, 31, 464, 2, 26, 217, 11839 }, // U+1EF0
    { 22, 25, 350, 1, 20, 138, 12056 }, // U+1EF1
    { 23, 30, 346, -1, 30, 173, 12194 }, // U+1EF2
    { 18, 29, 281, 0, 24, 131, 12367 }, // U+1EF3
    { 23, 29, 346, -1, 24, 167, 12498 }, // U+1EF4
    { 18, 22, 281, 0, 17, 99, 12665 }, // U+1EF5
    { 23, 30, 346, -1, 30, 173, 12764 }, // U+1EF6
    { 18, 29, 281, 0, 24, 131, 12937 }, // U+1EF7
    { 23, 29, 346, -1, 29, 167, 13068 }, // U+1EF8
    { 18, 29, 281, 0, 24, 131, 13235 }, // U+1EF9
    { 0, 0, 267, 0, 0, 0, 0 }, // U+2000
    { 0, 0, 400, 0, 0, 0, 0 }, // U+2001
    { 0, 0, 267, 0, 0, 0, 0 }, // U+2002
    { 0, 0, 400, 0, 0, 0, 0 }, // U+2003
    { 0, 0, 178, 0, 0, 0, 0 }, // U+2004
    { 0, 0, 133, 0, 0, 0, 0 }, // U+2005
    { 0, 0, 89, 0, 0, 0, 0 }, // U+2006
    { 0, 0, 309, 0, 0, 0, 0 }, // U+2007
    { 0, 0, 120, 0, 0, 0, 0 }, // U+2008
    { 0, 0, 67, 0, 0, 0, 0 }, // U+2009
    { 0, 0, 33, 0, 0, 0, 0 }, // U+200A
    { 0, 0, 0, 0, 0, 0, 0 }, // U+200B
    { 0, 0, 0, 0, 0, 0, 0 }, // U+200C
    { 0, 0, 0, 0, 0, 0, 0 }, // U+200D
    { 0, 0, 0, 0, 0, 0, 0 }, // U+200E
    { 0, 0, 0, 0, 0, 0, 0 }, // U+200F
    { 10, 3, 199, 1, 11, 8, 0 }, // U+2010
    { 14, 3, 288, 2, 11, 11, 8 }, // U+2012
    { 15, 3, 309, 2, 11, 12, 19 }, // U+2013
    { 24, 3, 426, 1, 11, 18, 31 }, // U+2014
    { 24, 3, 426, 1, 11, 18, 49 }, // U+2015
    { 11, 31, 242, 2, 26, 86, 67 }, // U+2016
    { 14, 7, 250, 1, -1, 25, 153 }, // U+2017
    { 6, 11, 118, 1, 26, 17, 178 }, // U+2018
    { 6, 11, 118, 1, 25, 17, 195 }, // U+2019
    { 5, 11, 116, 1, 5, 14, 212 }, // U+201A
    { 5, 11, 118, 1, 26, 14, 226 }, // U+201B
    { 11, 11, 206, 1, 26, 31, 240 }, // U+201C
    { 11, 11, 206, 1, 25, 31, 271 }, // U+201D
    { 11, 11, 205, 1, 5, 31, 302 }, // U+201E
    { 11, 11, 206, 1, 26, 31, 333 }, // U+201F
    { 17, 29, 309, 1, 24, 124, 364 }, // U+2020
    { 17, 29, 309, 1, 24, 124, 488 }, // U+2021
    { 15, 14, 309, 2, 17, 53, 612 }, // U+2022
    { 24, 5, 411, 1, 5, 30, 665 }, // U+2026
    { 0, 0, 0, 0, 0, 0, 695 }, // U+202A
    { 0, 0, 0, 0, 0, 0, 695 }, // U+202B
    { 0, 0, 0, 0, 0, 0, 695 }, // U+202C
    { 0, 0, 0, 0, 0, 0, 695 }, // U+202D
    { 0, 0, 0, 0, 0, 0, 695 }, // U+202E
    { 0, 0, 133, 0, 0, 0, 695 }, // U+202F
    { 37, 24, 632, 1, 24, 222, 695 }, // U+2030
    { 7, 11, 181, 3, 27, 20, 917 }, // U+2032
    { 13, 11, 288, 3, 27, 36, 937 }, // U+2033
    { 20, 11, 394, 3, 27, 55, 973 }, // U+2034
    { 7, 14, 155, 1, 16, 25, 1028 }, // U+2039
    { 8, 14, 155, 1, 16, 28, 1053 }, // U+203A
    { 12, 24, 258, 2, 24, 72, 1081 }, // U+203C
    { 15, 25, 272, 1, 25, 94, 1153 }, // U+203D
    { 22, 3, 356, 0, 28, 17, 1247 }, // U+203E
    { 19, 24, 75, -7, 24, 114, 1264 }, // U+2044
    { 5, 32, 145, 2, 27, 40, 1378 }, // U+205E
    { 0, 0, 107, 0, 0, 0, 1418 }, // U+205F
    { 0, 0, 0, 0, 0, 0, 1418 }, // U+2060
    { 0, 0, 0, 0, 0, 0, 1418 }, // U+2061
    { 0, 0, 0, 0, 0, 0, 1418 }, // U+2062
    { 0, 0, 0, 0, 0, 0, 1418 }, // U+2063
    { 0, 0, 0, 0, 0, 0, 1418 }, // U+2064
    { 0, 0, 0, 0, 0, 0, 1418 }, // U+2066
    { 0, 0, 0, 0, 0, 0, 1418 }, // U+2067
    { 0, 0, 0, 0, 0, 0, 1418 }, // U+2068
    { 0, 0, 0, 0, 0, 0, 1418 }, // U+2069
    { 0, 0, 0, 0, 0, 0, 1418 }, // U+206A
    { 0, 0, 0, 0, 0, 0, 1418 }, // U+206B
    { 0, 0, 0, 0, 0, 0, 1418 }, // U+206C
    { 0, 0, 0, 0, 0, 0, 1418 }, // U+206D
    { 0, 0, 0, 0, 0, 0, 1418 }, // U+206E
    { 0, 0, 0, 0, 0, 0, 1418 }, // U+206F
    { 11, 13, 178, 0, 28, 36, 0 }, // U+2070
    { 5, 12, 112, 1, 27, 15, 36 }, // U+2071
    { 11, 12, 178, 0, 27, 33, 51 }, // U+2074
    { 9, 12, 178, 1, 27, 27, 84 }, // U+2075
    { 10, 12, 178, 1, 27, 30, 111 }, // U+2076
    { 9, 12, 178, 1, 27, 27, 141 }, // U+2077
    { 9, 12, 178, 1, 27, 27, 168 }, // U+2078
    { 9, 12, 178, 1, 27, 27, 195 }, // U+2079
    { 9, 8, 178, 1, 25, 18, 222 }, // U+207A
    { 9, 2, 178, 1, 22, 5, 240 }, // U+207B
    { 9, 5, 178, 1, 23, 12, 245 }, // U+207C
    { 5, 17, 89, 0, 29, 22, 257 }, // U+207D
    { 5, 17, 89, 0, 29, 22, 279 }, // U+207E
    { 9, 9, 166, 1, 24, 21, 301 }, // U+207F
    { 11, 13, 178, 0, 9, 36, 322 }, // U+2080
    { 9, 12, 178, 1, 8, 27, 358 }, // U+2081
    { 10, 13, 178, 0, 9, 33, 385 }, // U+2082
    { 10, 13, 178, 0, 9, 33, 418 }, // U+2083
    { 11, 12, 178, 0, 8, 33, 451 }, // U+2084
    { 9, 12, 178, 1, 8, 27, 484 }, // U+2085
    { 10, 12, 178, 1, 8, 30, 511 }, // U+2086
    { 9, 12, 178, 1, 8, 27, 541 }, // U+2087
    { 9, 12, 178, 1, 8, 27, 568 }, // U+2088
    { 9, 12, 178, 1, 8, 27, 595 }, // U+2089
    { 9, 8, 178, 1, 6, 18, 622 }, // U+208A
    { 9, 2, 178, 1, 3, 5, 640 }, // U+208B
    { 9, 5, 178, 1, 4, 12, 645 }, // U+208C
    { 5, 17, 89, 0, 10, 22, 657 }, // U+208D
    { 5, 17, 89, 0, 10, 22, 679 }, // U+208E
    { 9, 9, 184, 1, 5, 21, 701 }, // U+208F
    { 9, 9, 152, 0, 5, 21, 722 }, // U+2090
    { 9, 9, 157, 0, 5, 21, 743 }, // U+2091
    { 10, 9, 168, 0, 5, 23, 764 }, // U+2092
    { 10, 9, 163, 0, 5, 23, 787 }, // U+2093
    { 10, 9, 157, 0, 5, 23, 810 }, // U+2094
    { 22, 24, 389, 1, 24, 132, 0 }, // U+20A0
    { 21, 31, 368, 1, 27, 163, 132 }, // U+20A1
    { 21, 24, 372, 1, 24, 126, 295 }, // U+20A2
    { 19, 24, 327, 1, 24, 114, 421 }, // U+20A3
    { 19, 24, 334, 1, 24, 114, 535 }, // U+20A4
    { 24, 24, 450, 2, 20, 144, 649 }, // U+20A5
    { 24, 24, 426, 1, 24, 144, 793 }, // U+20A6
    { 21, 24, 370, 1, 24, 126, 937 }, // U+20A7
    { 29, 24, 523, 3, 24, 174, 1063 }, // U+20A8
    { 34, 24, 576, 1, 24, 204, 1237 }, // U+20A9
    { 23, 19, 460, 3, 19, 110, 1441 }, // U+20AA
    { 19, 28, 330, 1, 24, 133, 1551 }, // U+20AB
    { 22, 24, 390, 1, 24, 132, 1684 }, // U+20AC
    { 24, 24, 413, 1, 24, 144, 1816 }, // U+20AD
    { 20, 24, 342, 1, 24, 120, 1960 }, // U+20AE
    { 41, 29, 672, 0, 24, 298, 2080 }, // U+20AF
    { 20, 32, 338, 0, 25, 160, 2378 }, // U+20B0
    { 20, 24, 309, 0, 24, 120, 2538 }, // U+20B1
    { 22, 31, 392, 1, 28, 171, 2658 }, // U+20B2
    { 23, 24, 403, 1, 24, 138, 2829 }, // U+20B3
    { 18, 24, 323, 1, 24, 108, 2967 }, // U+20B4
    { 21, 31, 368, 1, 27, 163, 3075 }, // U+20B5
    { 19, 24, 340, 1, 24, 114, 3238 }, // U+20B8
    { 17, 24, 309, 1, 24, 102, 3352 }, // U+20B9
    { 18, 24, 309, 1, 24, 108, 3454 }, // U+20BA
    { 19, 24, 306, 0, 24, 114, 0 }, // U+2113
    { 31, 19, 533, 1, 20, 148, 0 }, // U+2190
    { 21, 30, 400, 2, 26, 158, 148 }, // U+2191
    { 31, 19, 533, 1, 20, 148, 306 }, // U+2192
    { 21, 30, 400, 2, 24, 158, 454 }, // U+2193
    { 31, 19, 533, 1, 20, 148, 612 }, // U+2194
    { 21, 32, 400, 2, 26, 168, 760 }, // U+2195
    { 24, 22, 400, 1, 22, 132, 928 }, // U+2196
    { 23, 22, 400, 0, 22, 127, 1060 }, // U+2197
    { 23, 22, 400, 0, 22, 127, 1187 }, // U+2198
    { 24, 22, 400, 1, 22, 132, 1314 }, // U+2199
    { 21, 31, 400, 2, 27, 163, 1446 }, // U+21A8
    { 18, 24, 311, 1, 24, 108, 0 }, // U+2202
    { 22, 29, 376, 1, 24, 160, 108 }, // U+220F
    { 21, 29, 364, 1, 24, 153, 268 }, // U+2211
    { 15, 3, 309, 2, 12, 12, 421 }, // U+2212
    { 19, 24, 267, -1, 24, 114, 433 }, // U+2215
    { 7, 6, 146, 1, 13, 11, 547 }, // U+2219
    { 21, 28, 331, 0, 28, 147, 558 }, // U+221A
    { 22, 12, 390, 1, 16, 66, 705 }, // U+221E
    { 17, 16, 313, 2, 16, 68, 771 }, // U+221F
    { 17, 19, 315, 1, 19, 81, 839 }, // U+2229
    { 17, 32, 267, 0, 27, 136, 920 }, // U+222B
    { 15, 11, 309, 2, 17, 42, 1056 }, // U+2248
    { 15, 17, 309, 2, 20, 64, 1098 }, // U+2260
    { 15, 15, 309, 2, 19, 57, 1162 }, // U+2261
    { 14, 19, 309, 2, 20, 67, 1219 }, // U+2264
    { 14, 19, 309, 3, 20, 67, 1286 }, // U+2265
    { 2, 31, 0, -1, 25, 16, 0 }, // U+2669
    { 13, 22, 240, 1, 22, 72, 16 }, // U+266A
    { 19, 25, 342, 1, 23, 119, 88 }, // U+266B
    { 19, 25, 342, 1, 23, 119, 207 }, // U+266C
    { 9, 21, 185, 1, 20, 48, 326 }, // U+266D
    { 10, 21, 190, 1, 14, 53, 374 }, // U+266E
    { 16, 28, 295, 1, 20, 112, 427 }, // U+266F
    { 38, 35, 677, 2, 29, 333, 539 }, // U+2764
    { 23, 24, 364, 0, 24, 138, 0 }, // U+FB00
    { 18, 24, 320, 0, 24, 108, 138 }, // U+FB01
    { 19, 24, 326, 0, 24, 114, 246 }, // U+FB02
    { 29, 24, 493, 0, 24, 174, 360 }, // U+FB03
    { 29, 24, 499, 0, 24, 174, 534 }, // U+FB04
    { 34, 35, 677, 4, 29, 298, 0 }, // U+1F44B
    { 25, 35, 677, 9, 29, 219, 298 }, // U+1F44C
    { 32, 35, 677, 5, 29, 280, 517 }, // U+1F44D
    { 32, 35, 677, 5, 29, 280, 797 }, // U+1F44E
    { 32, 35, 677, 5, 29, 280, 1077 }, // U+1F44F
    { 34, 35, 677, 4, 29, 298, 1357 }, // U+1F600
    { 34, 35, 677, 4, 29, 298, 1655 }, // U+1F601
    { 42, 35, 677, 0, 29, 368, 1953 }, // U+1F602
    { 34, 35, 677, 4, 29, 298, 2321 }, // U+1F603
    { 34, 35, 677, 4, 29, 298, 2619 }, // U+1F604
    { 37, 35, 677, 3, 29, 324, 2917 }, // U+1F605
    { 34, 35, 677, 4, 29, 298, 3241 }, // U+1F606
    { 33, 35, 677, 5, 29, 289, 3539 }, // U+1F607
    { 34, 35, 677, 4, 29, 298, 3828 }, // U+1F609
    { 34, 35, 677, 4, 29, 298, 4126 }, // U+1F60A
    { 35, 35, 677, 4, 29, 307, 4424 }, // U+1F60B
    { 34, 35, 677, 4, 29, 298, 4731 }, // U+1F60C
    { 34, 35, 677, 4, 29, 298, 5029 }, // U+1F60D
    { 35, 35, 677, 4, 29, 307, 5327 }, // U+1F60E
    { 34, 35, 677, 4, 29, 298, 5634 }, // U+1F60F
    { 34, 35, 677, 4, 29, 298, 5932 }, // U+1F610
    { 34, 35, 677, 4, 29, 298, 6230 }, // U+1F611
    { 34, 35, 677, 4, 29, 298, 6528 }, // U+1F612
    { 34, 35, 677, 4, 29, 298, 6826 }, // U+1F613
    { 34, 35, 677, 4, 29, 298, 7124 }, // U+1F614
    { 34, 35, 677, 4, 29, 298, 7422 }, // U+1F618
    { 34, 35, 677, 4, 29, 298, 7720 }, // U+1F61A
    { 34, 36, 677, 4, 29, 306, 8018 }, // U+1F61C
    { 34, 36, 677, 4, 29, 306, 8324 }, // U+1F61D
    { 34, 35, 677, 4, 29, 298, 8630 }, // U+1F620
    { 34, 35, 677, 4, 29, 298, 8928 }, // U+1F621
    { 34, 35, 677, 4, 29, 298, 9226 }, // U+1F622
    { 36, 35, 677, 3, 29, 315, 9524 }, // U+1F624
    { 36, 35, 677, 3, 29, 315, 9839 }, // U+1F625
    { 34, 35, 677, 4, 29, 298, 10154 }, // U+1F629
    { 34, 35, 677, 4, 29, 298, 10452 }, // U+1F62C
    { 34, 36, 677, 4, 29, 306, 10750 }, // U+1F62D
    { 34, 35, 677, 4, 29, 298, 11056 }, // U+1F62E
    { 40, 36, 677, 1, 29, 360, 11354 }, // U+1F631
    { 34, 35, 677, 4, 29, 298, 11714 }, // U+1F632
    { 34, 35, 677, 4, 29, 298, 12012 }, // U+1F633
    { 35, 35, 677, 4, 29, 307, 12310 }, // U+1F634
    { 34, 35, 677, 4, 29, 298, 12617 }, // U+1F635
    { 34, 35, 677, 4, 29, 298, 12915 }, // U+1F641
    { 34, 35, 677, 4, 29, 298, 13213 }, // U+1F642
    { 34, 35, 677, 4, 29, 298, 13511 }, // U+1F644
};

static const EpdUnicodeInterval lato_16_boldIntervals[] = {
    { 0x0, 0x17F, 0x0 },
    { 0x1A0, 0x1A1, 0x180 },
    { 0x1AF, 0x1B0, 0x182 },
    { 0x1C4, 0x21F, 0x184 },
    { 0x300, 0x36F, 0x1E0 },
    { 0x3BB, 0x3BB, 0x250 },
    { 0x400, 0x486, 0x251 },
    { 0x488, 0x4FF, 0x2D8 },
    { 0x1EA0, 0x1EF9, 0x350 },
    { 0x2000, 0x2010, 0x3AA },
    { 0x2012, 0x2022, 0x3BB },
    { 0x2026, 0x2026, 0x3CC },
    { 0x202A, 0x2030, 0x3CD },
    { 0x2032, 0x2034, 0x3D4 },
    { 0x2039, 0x203A, 0x3D7 },
    { 0x203C, 0x203E, 0x3D9 },
    { 0x2044, 0x2044, 0x3DC },
    { 0x205E, 0x2064, 0x3DD },
    { 0x2066, 0x2071, 0x3E4 },
    { 0x2074, 0x2094, 0x3F0 },
    { 0x20A0, 0x20B5, 0x411 },
    { 0x20B8, 0x20BA, 0x427 },
    { 0x2113, 0x2113, 0x42A },
    { 0x2190, 0x2199, 0x42B },
    { 0x21A8, 0x21A8, 0x435 },
    { 0x2202, 0x2202, 0x436 },
    { 0x220F, 0x220F, 0x437 },
    { 0x2211, 0x2212, 0x438 },
    { 0x2215, 0x2215, 0x43A },
    { 0x2219, 0x221A, 0x43B },
    { 0x221E, 0x221F, 0x43D },
    { 0x2229, 0x2229, 0x43F },
    { 0x222B, 0x222B, 0x440 },
    { 0x2248, 0x2248, 0x441 },
    { 0x2260, 0x2261, 0x442 },
    { 0x2264, 0x2265, 0x444 },
    { 0x2669, 0x266F, 0x446 },
    { 0x2764, 0x2764, 0x44D },
    { 0xFB00, 0xFB04, 0x44E },
    { 0x1F44B, 0x1F44F, 0x453 },
    { 0x1F600, 0x1F607, 0x458 },
    { 0x1F609, 0x1F614, 0x460 },
    { 0x1F618, 0x1F618, 0x46C },
    { 0x1F61A, 0x1F61A, 0x46D },
    { 0x1F61C, 0x1F61D, 0x46E },
    { 0x1F620, 0x1F622, 0x470 },
    { 0x1F624, 0x1F625, 0x473 },
    { 0x1F629, 0x1F629, 0x475 },
    { 0x1F62C, 0x1F62E, 0x476 },
    { 0x1F631, 0x1F635, 0x479 },
    { 0x1F641, 0x1F642, 0x47E },
    { 0x1F644, 0x1F644, 0x480 },
};

static const EpdFontGroup lato_16_boldGroups[] = {
    { 0, 3434, 8941, 128, 0 },
    { 3434, 2975, 10730, 128, 128 },
    { 6409, 3613, 16293, 128, 256 },
    { 10022, 3662, 14973, 96, 384 },
    { 13684, 1112, 2441, 112, 480 },
    { 14796, 88, 120, 1, 592 },
    { 14884, 9108, 34134, 255, 593 },
    { 23992, 2249, 14395, 90, 848 },
    { 26241, 675, 1577, 68, 938 },
    { 26916, 408, 1063, 35, 1006 },
    { 27324, 1568, 3811, 25, 1041 },
    { 28892, 98, 120, 1, 1066 },
    { 28990, 573, 1722, 11, 1067 },
    { 29563, 527, 1511, 16, 1078 },
    { 30090, 455, 957, 8, 1094 },
    { 30545, 185, 768, 5, 1102 },
    { 30730, 4799, 14492, 46, 1107 },
};

static const EpdKernClassEntry lato_16_boldKernLeftClasses[] = {
    { 0x0022, 1 }, // "
    { 0x0026, 2 }, // &
    { 0x0027, 1 }, // '
    { 0x0028, 3 }, // (
    { 0x002A, 4 }, // *
    { 0x002C, 5 }, // ,
    { 0x002E, 6 }, // .
    { 0x002F, 7 }, // /
    { 0x0030, 8 }, // 0
    { 0x0032, 9 }, // 2
    { 0x0033, 10 }, // 3
    { 0x0034, 11 }, // 4
    { 0x0035, 12 }, // 5
    { 0x0036, 13 }, // 6
    { 0x0037, 14 }, // 7
    { 0x0038, 10 }, // 8
    { 0x0039, 15 }, // 9
    { 0x003A, 16 }, // :
    { 0x003B, 16 }, // ;
    { 0x0040, 17 }, // @
    { 0x0041, 18 }, // A
    { 0x0042, 19 }, // B
    { 0x0043, 20 }, // C
    { 0x0044, 21 }, // D
    { 0x0045, 22 }, // E
    { 0x0046, 23 }, // F
    { 0x0047, 24 }, // G
    { 0x0048, 25 }, // H
    { 0x0049, 25 }, // I
    { 0x004A, 26 }, // J
    { 0x004B, 27 }, // K
    { 0x004C, 28 }, // L
    { 0x004D, 25 }, // M
    { 0x004E, 25 }, // N
    { 0x004F, 29 }, // O
    { 0x0050, 30 }, // P
    { 0x0051, 31 }, // Q
    { 0x0052, 32 }, // R
    { 0x0053, 33 }, // S
    { 0x0054, 34 }, // T
    { 0x0055, 35 }, // U
    { 0x0056, 36 }, // V
    { 0x0057, 37 }, // W
    { 0x0058, 38 }, // X
    { 0x0059, 39 }, // Y
    { 0x005A, 40 }, // Z
    { 0x005B, 41 }, // [
    { 0x005C, 42 }, // <backslash>
    { 0x0061, 43 }, // a
    { 0x0062, 44 }, // b
    { 0x0063, 45 }, // c
    { 0x0064, 46 }, // d
    { 0x0065, 47 }, // e
    { 0x0066, 48 }, // f
    { 0x0067, 49 }, // g
    { 0x0068, 50 }, // h
    { 0x0069, 51 }, // i
    { 0x006A, 51 }, // j
    { 0x006B, 52 }, // k
    { 0x006C, 53 }, // l
    { 0x006D, 50 }, // m
    { 0x006E, 50 }, // n
    { 0x006F, 54 }, // o
    { 0x0070, 44 }, // p
    { 0x0071, 55 }, // q
    { 0x0072, 56 }, // r
    { 0x0073, 57 }, // s
    { 0x0074, 58 }, // t
    { 0x0075, 55 }, // u
    { 0x0076, 59 }, // v
    { 0x0077, 60 }, // w
    { 0x0078, 61 }, // x
    { 0x0079, 62 }, // y
    { 0x007A, 63 }, // z
    { 0x007B, 64 }, // {
    { 0x007C, 65 }, // |
    { 0x00A0, 66 }, // U+00A0
    { 0x00A1, 67 }, // U+00A1
    { 0x00AB, 68 }, // U+00AB
    { 0x00AD, 69 }, // U+00AD
    { 0x00B0, 70 }, // U+00B0
    { 0x00BB, 71 }, // U+00BB
    { 0x00BF, 72 }, // U+00BF
    { 0x00C0, 18 }, // U+00C0
    { 0x00C1, 18 }, // U+00C1
    { 0x00C2, 18 }, // U+00C2
    { 0x00C3, 18 }, // U+00C3
    { 0x00C4, 18 }, // U+00C4
    { 0x00C5, 18 }, // U+00C5
    { 0x00C6, 22 }, // U+00C6
    { 0x00C7, 20 }, // U+00C7
    { 0x00C8, 22 }, // U+00C8
    { 0x00C9, 22 }, // U+00C9
    { 0x00CA, 22 }, // U+00CA
    { 0x00CB, 22 }, // U+00CB
    { 0x00CC, 25 }, // U+00CC
    { 0x00CD, 25 }, // U+00CD
    { 0x00CE, 73 }, // U+00CE
    { 0x00CF, 74 }, // U+00CF
    { 0x00D0, 21 }, // U+00D0
    { 0x00D1, 25 }, // U+00D1
    { 0x00D2, 29 }, // U+00D2
    { 0x00D3, 29 }, // U+00D3
    { 0x00D4, 29 }, // U+00D4
    { 0x00D5, 29 }, // U+00D5
    { 0x00D6, 29 }, // U+00D6
    { 0x00D8, 29 }, // U+00D8
    { 0x00D9, 35 }, // U+00D9
    { 0x00DA, 35 }, // U+00DA
    { 0x00DB, 35 }, // U+00DB
    { 0x00DC, 35 }, // U+00DC
    { 0x00DD, 39 }, // U+00DD
    { 0x00DE, 75 }, // U+00DE
    { 0x00DF, 76 }, // U+00DF
    { 0x00E0, 43 }, // U+00E0
    { 0x00E1, 43 }, // U+00E1
    { 0x00E2, 43 }, // U+00E2
    { 0x00E3, 43 }, // U+00E3
    { 0x00E4, 43 }, // U+00E4
    { 0x00E5, 43 }, // U+00E5
    { 0x00E6, 47 }, // U+00E6
    { 0x00E7, 45 }, // U+00E7
    { 0x00E8, 47 }, // U+00E8
    { 0x00E9, 47 }, // U+00E9
    { 0x00EA, 47 }, // U+00EA
    { 0x00EB, 47 }, // U+00EB
    { 0x00EC, 51 }, // U+00EC
    { 0x00ED, 77 }, // U+00ED
    { 0x00EE, 78 }, // U+00EE
    { 0x00EF, 79 }, // U+00EF
    { 0x00F0, 80 }, // U+00F0
    { 0x00F1, 50 }, // U+00F1
    { 0x00F2, 54 }, // U+00F2
    { 0x00F3, 54 }, // U+00F3
    { 0x00F4, 54 }, // U+00F4
    { 0x00F5, 54 }, // U+00F5
    { 0x00F6, 54 }, // U+00F6
    { 0x00F8, 81 }, // U+00F8
    { 0x00F9, 55 }, // U+00F9
    { 0x00FA, 55 }, // U+00FA
    { 0x00FB, 55 }, // U+00FB
    { 0x00FC, 55 }, // U+00FC
    { 0x00FD, 62 }, // U+00FD
    { 0x00FE, 44 }, // U+00FE
    { 0x00FF, 62 }, // U+00FF
    { 0x0100, 18 }, // U+0100
    { 0x0101, 43 }, // U+0101
    { 0x0102, 18 }, // U+0102
    { 0x0103, 43 }, // U+0103
    { 0x0104, 82 }, // U+0104
    { 0x0105, 83 }, // U+0105
    { 0x0106, 20 }, // U+0106
    { 0x0107, 84 }, // U+0107
    { 0x0108, 20 }, // U+0108
    { 0x0109, 45 }, // U+0109
    { 0x010A, 20 }, // U+010A
    { 0x010B, 45 }, // U+010B
    { 0x010C, 20 }, // U+010C
    { 0x010D, 85 }, // U+010D
    { 0x010E, 21 }, // U+010E
    { 0x010F, 86 }, // U+010F
    { 0x0110, 21 }, // U+0110
    { 0x0111, 87 }, // U+0111
    { 0x0112, 22 }, // U+0112
    { 0x0113, 47 }, // U+0113
    { 0x0114, 22 }, // U+0114
    { 0x0115, 47 }, // U+0115
    { 0x0116, 22 }, // U+0116
    { 0x0117, 47 }, // U+0117
    { 0x0118, 88 }, // U+0118
    { 0x0119, 47 }, // U+0119
    { 0x011A, 22 }, // U+011A
    { 0x011B, 47 }, // U+011B
    { 0x011C, 24 }, // U+011C
    { 0x011D, 49 }, // U+011D
    { 0x011E, 24 }, // U+011E
    { 0x011F, 49 }, // U+011F
    { 0x0120, 24 }, // U+0120
    { 0x0121, 49 }, // U+0121
    { 0x0122, 24 }, // U+0122
    { 0x0123, 49 }, // U+0123
    { 0x0124, 25 }, // U+0124
    { 0x0125, 50 }, // U+0125
    { 0x0126, 89 }, // U+0126
    { 0x0127, 50 }, // U+0127
    { 0x0128, 25 }, // U+0128
    { 0x0129, 90 }, // U+0129
    { 0x012A, 91 }, // U+012A
    { 0x012B, 92 }, // U+012B
    { 0x012C, 25 }, // U+012C
    { 0x012D, 93 }, // U+012D
    { 0x012E, 94 }, // U+012E
    { 0x012F, 95 }, // U+012F
    { 0x0130, 25 }, // U+0130
    { 0x0131, 51 }, // U+0131
    { 0x0132, 26 }, // U+0132
    { 0x0133, 51 }, // U+0133
    { 0x0134, 96 }, // U+0134
    { 0x0135, 97 }, // U+0135
    { 0x0136, 27 }, // U+0136
    { 0x0137, 52 }, // U+0137
    { 0x0138, 52 }, // U+0138
    { 0x0139, 28 }, // U+0139
    { 0x013A, 53 }, // U+013A
    { 0x013B, 28 }, // U+013B
    { 0x013C, 53 }, // U+013C
    { 0x013D, 98 }, // U+013D
    { 0x013E, 99 }, // U+013E
    { 0x013F, 100 }, // U+013F
    { 0x0140, 101 }, // U+0140
    { 0x0141, 28 }, // U+0141
    { 0x0142, 102 }, // U+0142
    { 0x0143, 25 }, // U+0143
    { 0x0144, 50 }, // U+0144
    { 0x0145, 25 }, // U+0145
    { 0x0146, 50 }, // U+0146
    { 0x0147, 25 }, // U+0147
    { 0x0148, 50 }, // U+0148
    { 0x0149, 50 }, // U+0149
    { 0x014A, 25 }, // U+014A
    { 0x014B, 50 }, // U+014B
    { 0x014C, 29 }, // U+014C
    { 0x014D, 54 }, // U+014D
    { 0x014E, 29 }, // U+014E
    { 0x014F, 54 }, // U+014F
    { 0x0150, 29 }, // U+0150
    { 0x0151, 103 }, // U+0151
    { 0x0152, 22 }, // U+0152
    { 0x0153, 47 }, // U+0153
    { 0x0154, 32 }, // U+0154
    { 0x0155, 104 }, // U+0155
    { 0x0156, 32 }, // U+0156
    { 0x0157, 56 }, // U+0157
    { 0x0158, 32 }, // U+0158
    { 0x0159, 105 }, // U+0159
    { 0x015A, 33 }, // U+015A
    { 0x015B, 106 }, // U+015B
    { 0x015C, 33 }, // U+015C
    { 0x015D, 57 }, // U+015D
    { 0x015E, 33 }, // U+015E
    { 0x015F, 57 }, // U+015F
    { 0x0160, 33 }, // U+0160
    { 0x0161, 107 }, // U+0161
    { 0x0162, 34 }, // U+0162
    { 0x0163, 58 }, // U+0163
    { 0x0164, 34 }, // U+0164
    { 0x0165, 108 }, // U+0165
    { 0x0166, 109 }, // U+0166
    { 0x0167, 58 }, // U+0167
    { 0x0168, 35 }, // U+0168
    { 0x0169, 55 }, // U+0169
    { 0x016A, 35 }, // U+016A
    { 0x016B, 55 }, // U+016B
    { 0x016C, 35 }, // U+016C
    { 0x016D, 55 }, // U+016D
    { 0x016E, 35 }, // U+016E
    { 0x016F, 55 }, // U+016F
    { 0x0170, 35 }, // U+0170
    { 0x0171, 110 }, // U+0171
    { 0x0172, 35 }, // U+0172
    { 0x0173, 111 }, // U+0173
    { 0x0174, 37 }, // U+0174
    { 0x0175, 60 }, // U+0175
    { 0x0176, 39 }, // U+0176
    { 0x0177, 62 }, // U+0177
    { 0x0178, 39 }, // U+0178
    { 0x0179, 40 }, // U+0179
    { 0x017A, 112 }, // U+017A
    { 0x017B, 40 }, // U+017B
    { 0x017C, 63 }, // U+017C
    { 0x017D, 40 }, // U+017D
    { 0x017E, 63 }, // U+017E
    { 0x017F, 113 }, // U+017F
    { 0x01A0, 114 }, // U+01A0
    { 0x01A1, 115 }, // U+01A1
    { 0x01AF, 116 }, // U+01AF
    { 0x01B0, 117 }, // U+01B0
    { 0x01C4, 40 }, // U+01C4
    { 0x01C5, 118 }, // U+01C5
    { 0x01C6, 63 }, // U+01C6
    { 0x01C7, 26 }, // U+01C7
    { 0x01C8, 51 }, // U+01C8
    { 0x01C9, 51 }, // U+01C9
    { 0x01CA, 26 }, // U+01CA
    { 0x01CB, 51 }, // U+01CB
    { 0x01CC, 51 }, // U+01CC
    { 0x01CD, 18 }, // U+01CD
    { 0x01CE, 43 }, // U+01CE
    { 0x01CF, 25 }, // U+01CF
    { 0x01D0, 119 }, // U+01D0
    { 0x01D1, 29 }, // U+01D1
    { 0x01D2, 54 }, // U+01D2
    { 0x01D3, 35 }, // U+01D3
    { 0x01D4, 55 }, // U+01D4
    { 0x01D5, 35 }, // U+01D5
    { 0x01D6, 55 }, // U+01D6
    { 0x01D7, 35 }, // U+01D7
    { 0x01D8, 55 }, // U+01D8
    { 0x01D9, 35 }, // U+01D9
    { 0x01DA, 55 }, // U+01DA
    { 0x01DB, 35 }, // U+01DB
    { 0x01DC, 55 }, // U+01DC
    { 0x01DD, 54 }, // U+01DD
    { 0x01DE, 18 }, // U+01DE
    { 0x01DF, 43 }, // U+01DF
    { 0x01E0, 18 }, // U+01E0
    { 0x01E1, 43 }, // U+01E1
    { 0x01E2, 22 }, // U+01E2
    { 0x01E3, 47 }, // U+01E3
    { 0x01E4, 120 }, // U+01E4
    { 0x01E5, 121 }, // U+01E5
    { 0x01E6, 24 }, // U+01E6
    { 0x01E7, 49 }, // U+01E7
    { 0x01E8, 27 }, // U+01E8
    { 0x01E9, 52 }, // U+01E9
    { 0x01EA, 29 }, // U+01EA
    { 0x01EB, 54 }, // U+01EB
    { 0x01EC, 29 }, // U+01EC
    { 0x01ED, 54 }, // U+01ED
    { 0x01EE, 122 }, // U+01EE
    { 0x01EF, 123 }, // U+01EF
    { 0x01F0, 124 }, // U+01F0
    { 0x01F1, 40 }, // U+01F1
    { 0x01F2, 63 }, // U+01F2
    { 0x01F3, 63 }, // U+01F3
    { 0x01F4, 24 }, // U+01F4
    { 0x01F5, 49 }, // U+01F5
    { 0x01F7, 125 }, // U+01F7
    { 0x01F8, 25 }, // U+01F8
    { 0x01F9, 50 }, // U+01F9
    { 0x01FA, 18 }, // U+01FA
    { 0x01FB, 43 }, // U+01FB
    { 0x01FC, 22 }, // U+01FC
    { 0x01FD, 47 }, // U+01FD
    { 0x01FE, 29 }, // U+01FE
    { 0x01FF, 126 }, // U+01FF
    { 0x0200, 18 }, // U+0200
    { 0x0201, 43 }, // U+0201
    { 0x0202, 18 }, // U+0202
    { 0x0203, 43 }, // U+0203
    { 0x0204, 22 }, // U+0204
    { 0x0205, 47 }, // U+0205
    { 0x0206, 22 }, // U+0206
    { 0x0207, 47 }, // U+0207
    { 0x0208, 127 }, // U+0208
    { 0x0209, 128 }, // U+0209
    { 0x020A, 129 }, // U+020A
    { 0x020B, 130 }, // U+020B
    { 0x020C, 29 }, // U+020C
    { 0x020D, 54 }, // U+020D
    { 0x020E, 29 }, // U+020E
    { 0x020F, 54 }, // U+020F
    { 0x0210, 32 }, // U+0210
    { 0x0211, 56 }, // U+0211
    { 0x0212, 32 }, // U+0212
    { 0x0213, 56 }, // U+0213
    { 0x0214, 35 }, // U+0214
    { 0x0215, 55 }, // U+0215
    { 0x0216, 35 }, // U+0216
    { 0x0217, 55 }, // U+0217
    { 0x0218, 33 }, // U+0218
    { 0x0219, 57 }, // U+0219
    { 0x021A, 34 }, // U+021A
    { 0x021B, 58 }, // U+021B
    { 0x021C, 122 }, // U+021C
    { 0x021D, 123 }, // U+021D
    { 0x021E, 25 }, // U+021E
    { 0x021F, 50 }, // U+021F
    { 0x03BB, 131 }, // U+03BB
    { 0x0401, 132 }, // U+0401
    { 0x0402, 133 }, // U+0402
    { 0x0403, 134 }, // U+0403
    { 0x0404, 135 }, // U+0404
    { 0x0405, 136 }, // U+0405
    { 0x0406, 137 }, // U+0406
    { 0x0407, 138 }, // U+0407
    { 0x0408, 139 }, // U+0408
    { 0x0409, 140 }, // U+0409
    { 0x040A, 140 }, // U+040A
    { 0x040B, 141 }, // U+040B
    { 0x040C, 142 }, // U+040C
    { 0x040D, 137 }, // U+040D
    { 0x040E, 143 }, // U+040E
    { 0x040F, 137 }, // U+040F
    { 0x0410, 144 }, // U+0410
    { 0x0411, 145 }, // U+0411
    { 0x0412, 146 }, // U+0412
    { 0x0413, 134 }, // U+0413
    { 0x0414, 147 }, // U+0414
    { 0x0415, 132 }, // U+0415
    { 0x0416, 148 }, // U+0416
    { 0x0417, 149 }, // U+0417
    { 0x0418, 137 }, // U+0418
    { 0x0419, 137 }, // U+0419
    { 0x041A, 142 }, // U+041A
    { 0x041B, 137 }, // U+041B
    { 0x041C, 137 }, // U+041C
    { 0x041D, 137 }, // U+041D
    { 0x041E, 150 }, // U+041E
    { 0x041F, 137 }, // U+041F
    { 0x0420, 151 }, // U+0420
    { 0x0421, 152 }, // U+0421
    { 0x0422, 153 }, // U+0422
    { 0x0423, 143 }, // U+0423
    { 0x0424, 154 }, // U+0424
    { 0x0425, 155 }, // U+0425
    { 0x0426, 147 }, // U+0426
    { 0x0427, 137 }, // U+0427
    { 0x0428, 137 }, // U+0428
    { 0x0429, 147 }, // U+0429
    { 0x042A, 140 }, // U+042A
    { 0x042B, 137 }, // U+042B
    { 0x042C, 140 }, // U+042C
    { 0x042D, 150 }, // U+042D
    { 0x042E, 150 }, // U+042E
    { 0x042F, 137 }, // U+042F
    { 0x0430, 156 }, // U+0430
    { 0x0431, 157 }, // U+0431
    { 0x0432, 158 }, // U+0432
    { 0x0433, 159 }, // U+0433
    { 0x0434, 160 }, // U+0434
    { 0x0435, 161 }, // U+0435
    { 0x0436, 162 }, // U+0436
    { 0x0437, 158 }, // U+0437
    { 0x0438, 163 }, // U+0438
    { 0x0439, 163 }, // U+0439
    { 0x043A, 164 }, // U+043A
    { 0x043B, 163 }, // U+043B
    { 0x043C, 163 }, // U+043C
    { 0x043D, 163 }, // U+043D
    { 0x043E, 165 }, // U+043E
    { 0x043F, 163 }, // U+043F
    { 0x0440, 166 }, // U+0440
    { 0x0441, 167 }, // U+0441
    { 0x0442, 168 }, // U+0442
    { 0x0443, 169 }, // U+0443
    { 0x0444, 165 }, // U+0444
    { 0x0445, 170 }, // U+0445
    { 0x0446, 160 }, // U+0446
    { 0x0447, 163 }, // U+0447
    { 0x0448, 163 }, // U+0448
    { 0x0449, 160 }, // U+0449
    { 0x044A, 171 }, // U+044A
    { 0x044B, 163 }, // U+044B
    { 0x044C, 171 }, // U+044C
    { 0x044D, 165 }, // U+044D
    { 0x044E, 165 }, // U+044E
    { 0x044F, 163 }, // U+044F
    { 0x0451, 161 }, // U+0451
    { 0x0452, 172 }, // U+0452
    { 0x0453, 173 }, // U+0453
    { 0x0454, 174 }, // U+0454
    { 0x0455, 175 }, // U+0455
    { 0x0456, 176 }, // U+0456
    { 0x0457, 177 }, // U+0457
    { 0x0458, 176 }, // U+0458
    { 0x0459, 171 }, // U+0459
    { 0x045A, 171 }, // U+045A
    { 0x045B, 178 }, // U+045B
    { 0x045C, 164 }, // U+045C
    { 0x045D, 163 }, // U+045D
    { 0x045E, 169 }, // U+045E
    { 0x045F, 163 }, // U+045F
    { 0x0460, 179 }, // U+0460
    { 0x0461, 180 }, // U+0461
    { 0x0462, 140 }, // U+0462
    { 0x0463, 181 }, // U+0463
    { 0x0464, 135 }, // U+0464
    { 0x0465, 174 }, // U+0465
    { 0x0466, 182 }, // U+0466
    { 0x0467, 183 }, // U+0467
    { 0x0468, 182 }, // U+0468
    { 0x0469, 183 }, // U+0469
    { 0x046A, 184 }, // U+046A
    { 0x046B, 185 }, // U+046B
    { 0x046C, 184 }, // U+046C
    { 0x046D, 186 }, // U+046D
    { 0x046E, 187 }, // U+046E
    { 0x046F, 188 }, // U+046F
    { 0x0470, 189 }, // U+0470
    { 0x0471, 190 }, // U+0471
    { 0x0472, 150 }, // U+0472
    { 0x0473, 165 }, // U+0473
    { 0x0474, 191 }, // U+0474
    { 0x0475, 192 }, // U+0475
    { 0x0476, 191 }, // U+0476
    { 0x0477, 192 }, // U+0477
    { 0x0478, 193 }, // U+0478
    { 0x0479, 169 }, // U+0479
    { 0x047A, 150 }, // U+047A
    { 0x047B, 165 }, // U+047B
    { 0x047C, 179 }, // U+047C
    { 0x047D, 194 }, // U+047D
    { 0x047E, 179 }, // U+047E
    { 0x047F, 180 }, // U+047F
    { 0x0480, 195 }, // U+0480
    { 0x0481, 196 }, // U+0481
    { 0x048A, 197 }, // U+048A
    { 0x048B, 163 }, // U+048B
    { 0x048C, 140 }, // U+048C
    { 0x048D, 171 }, // U+048D
    { 0x048E, 151 }, // U+048E
    { 0x048F, 166 }, // U+048F
    { 0x0490, 134 }, // U+0490
    { 0x0491, 198 }, // U+0491
    { 0x0492, 199 }, // U+0492
    { 0x0493, 159 }, // U+0493
    { 0x0494, 200 }, // U+0494
    { 0x0495, 201 }, // U+0495
    { 0x0496, 202 }, // U+0496
    { 0x0497, 203 }, // U+0497
    { 0x0498, 149 }, // U+0498
    { 0x0499, 158 }, // U+0499
    { 0x049A, 204 }, // U+049A
    { 0x049B, 205 }, // U+049B
    { 0x049C, 206 }, // U+049C
    { 0x049D, 207 }, // U+049D
    { 0x049E, 142 }, // U+049E
    { 0x049F, 164 }, // U+049F
    { 0x04A0, 142 }, // U+04A0
    { 0x04A1, 164 }, // U+04A1
    { 0x04A2, 147 }, // U+04A2
    { 0x04A3, 160 }, // U+04A3
    { 0x04A4, 134 }, // U+04A4
    { 0x04A5, 168 }, // U+04A5
    { 0x04A6, 208 }, // U+04A6
    { 0x04A7, 209 }, // U+04A7
    { 0x04A8, 210 }, // U+04A8
    { 0x04A9, 211 }, // U+04A9
    { 0x04AA, 152 }, // U+04AA
    { 0x04AB, 167 }, // U+04AB
    { 0x04AC, 153 }, // U+04AC
    { 0x04AD, 168 }, // U+04AD
    { 0x04AE, 212 }, // U+04AE
    { 0x04AF, 213 }, // U+04AF
    { 0x04B0, 214 }, // U+04B0
    { 0x04B1, 215 }, // U+04B1
    { 0x04B2, 216 }, // U+04B2
    { 0x04B3, 217 }, // U+04B3
    { 0x04B4, 147 }, // U+04B4
    { 0x04B5, 160 }, // U+04B5
    { 0x04B6, 147 }, // U+04B6
    { 0x04B7, 160 }, // U+04B7
    { 0x04B8, 137 }, // U+04B8
    { 0x04B9, 163 }, // U+04B9
    { 0x04BA, 218 }, // U+04BA
    { 0x04BB, 219 }, // U+04BB
    { 0x04BC, 220 }, // U+04BC
    { 0x04BD, 161 }, // U+04BD
    { 0x04BE, 220 }, // U+04BE
    { 0x04BF, 161 }, // U+04BF
    { 0x04C0, 137 }, // U+04C0
    { 0x04C1, 148 }, // U+04C1
    { 0x04C2, 162 }, // U+04C2
    { 0x04C3, 221 }, // U+04C3
    { 0x04C4, 222 }, // U+04C4
    { 0x04C5, 147 }, // U+04C5
    { 0x04C6, 160 }, // U+04C6
    { 0x04C7, 137 }, // U+04C7
    { 0x04C8, 163 }, // U+04C8
    { 0x04C9, 147 }, // U+04C9
    { 0x04CA, 160 }, // U+04CA
    { 0x04CB, 137 }, // U+04CB
    { 0x04CC, 163 }, // U+04CC
    { 0x04CD, 147 }, // U+04CD
    { 0x04CE, 160 }, // U+04CE
    { 0x04CF, 137 }, // U+04CF
    { 0x04D0, 144 }, // U+04D0
    { 0x04D1, 156 }, // U+04D1
    { 0x04D2, 144 }, // U+04D2
    { 0x04D3, 156 }, // U+04D3
    { 0x04D4, 132 }, // U+04D4
    { 0x04D5, 161 }, // U+04D5
    { 0x04D6, 132 }, // U+04D6
    { 0x04D7, 161 }, // U+04D7
    { 0x04D8, 150 }, // U+04D8
    { 0x04D9, 165 }, // U+04D9
    { 0x04DA, 150 }, // U+04DA
    { 0x04DB, 165 }, // U+04DB
    { 0x04DC, 148 }, // U+04DC
    { 0x04DD, 162 }, // U+04DD
    { 0x04DE, 149 }, // U+04DE
    { 0x04DF, 158 }, // U+04DF
    { 0x04E0, 223 }, // U+04E0
    { 0x04E1, 224 }, // U+04E1
    { 0x04E2, 137 }, // U+04E2
    { 0x04E3, 163 }, // U+04E3
    { 0x04E4, 137 }, // U+04E4
    { 0x04E5, 163 }, // U+04E5
    { 0x04E6, 150 }, // U+04E6
    { 0x04E7, 165 }, // U+04E7
    { 0x04E8, 150 }, // U+04E8
    { 0x04E9, 165 }, // U+04E9
    { 0x04EA, 150 }, // U+04EA
    { 0x04EB, 165 }, // U+04EB
    { 0x04EC, 150 }, // U+04EC
    { 0x04ED, 165 }, // U+04ED
    { 0x04EE, 143 }, // U+04EE
    { 0x04EF, 169 }, // U+04EF
    { 0x04F0, 143 }, // U+04F0
    { 0x04F1, 169 }, // U+04F1
    { 0x04F2, 143 }, // U+04F2
    { 0x04F3, 225 }, // U+04F3
    { 0x04F4, 137 }, // U+04F4
    { 0x04F5, 163 }, // U+04F5
    { 0x04F6, 134 }, // U+04F6
    { 0x04F7, 159 }, // U+04F7
    { 0x04F8, 137 }, // U+04F8
    { 0x04F9, 163 }, // U+04F9
    { 0x04FA, 226 }, // U+04FA
    { 0x04FB, 159 }, // U+04FB
    { 0x04FC, 227 }, // U+04FC
    { 0x04FD, 228 }, // U+04FD
    { 0x04FE, 229 }, // U+04FE
    { 0x04FF, 230 }, // U+04FF
    { 0x1EA0, 18 }, // U+1EA0
    { 0x1EA1, 43 }, // U+1EA1
    { 0x1EA2, 18 }, // U+1EA2
    { 0x1EA3, 43 }, // U+1EA3
    { 0x1EA4, 18 }, // U+1EA4
    { 0x1EA5, 231 }, // U+1EA5
    { 0x1EA6, 18 }, // U+1EA6
    { 0x1EA7, 43 }, // U+1EA7
    { 0x1EA8, 18 }, // U+1EA8
    { 0x1EA9, 232 }, // U+1EA9
    { 0x1EAA, 18 }, // U+1EAA
    { 0x1EAB, 43 }, // U+1EAB
    { 0x1EAC, 18 }, // U+1EAC
    { 0x1EAD, 43 }, // U+1EAD
    { 0x1EAE, 18 }, // U+1EAE
    { 0x1EAF, 43 }, // U+1EAF
    { 0x1EB0, 18 }, // U+1EB0
    { 0x1EB1, 43 }, // U+1EB1
    { 0x1EB2, 18 }, // U+1EB2
    { 0x1EB3, 43 }, // U+1EB3
    { 0x1EB4, 18 }, // U+1EB4
    { 0x1EB5, 43 }, // U+1EB5
    { 0x1EB6, 18 }, // U+1EB6
    { 0x1EB7, 43 }, // U+1EB7
    { 0x1EB8, 22 }, // U+1EB8
    { 0x1EB9, 47 }, // U+1EB9
    { 0x1EBA, 22 }, // U+1EBA
    { 0x1EBB, 47 }, // U+1EBB
    { 0x1EBC, 22 }, // U+1EBC
    { 0x1EBD, 47 }, // U+1EBD
    { 0x1EBE, 22 }, // U+1EBE
    { 0x1EBF, 233 }, // U+1EBF
    { 0x1EC0, 22 }, // U+1EC0
    { 0x1EC1, 47 }, // U+1EC1
    { 0x1EC2, 22 }, // U+1EC2
    { 0x1EC3, 234 }, // U+1EC3
    { 0x1EC4, 22 }, // U+1EC4
    { 0x1EC5, 47 }, // U+1EC5
    { 0x1EC6, 22 }, // U+1EC6
    { 0x1EC7, 47 }, // U+1EC7
    { 0x1EC8, 25 }, // U+1EC8
    { 0x1EC9, 51 }, // U+1EC9
    { 0x1ECA, 25 }, // U+1ECA
    { 0x1ECB, 51 }, // U+1ECB
    { 0x1ECC, 29 }, // U+1ECC
    { 0x1ECD, 54 }, // U+1ECD
    { 0x1ECE, 29 }, // U+1ECE
    { 0x1ECF, 54 }, // U+1ECF
    { 0x1ED0, 29 }, // U+1ED0
    { 0x1ED1, 235 }, // U+1ED1
    { 0x1ED2, 29 }, // U+1ED2
    { 0x1ED3, 54 }, // U+1ED3
    { 0x1ED4, 29 }, // U+1ED4
    { 0x1ED5, 236 }, // U+1ED5
    { 0x1ED6, 29 }, // U+1ED6
    { 0x1ED7, 54 }, // U+1ED7
    { 0x1ED8, 29 }, // U+1ED8
    { 0x1ED9, 54 }, // U+1ED9
    { 0x1EDA, 114 }, // U+1EDA
    { 0x1EDB, 115 }, // U+1EDB
    { 0x1EDC, 114 }, // U+1EDC
    { 0x1EDD, 115 }, // U+1EDD
    { 0x1EDE, 114 }, // U+1EDE
    { 0x1EDF, 115 }, // U+1EDF
    { 0x1EE0, 114 }, // U+1EE0
    { 0x1EE1, 115 }, // U+1EE1
    { 0x1EE2, 114 }, // U+1EE2
    { 0x1EE3, 115 }, // U+1EE3
    { 0x1EE4, 35 }, // U+1EE4
    { 0x1EE5, 55 }, // U+1EE5
    { 0x1EE6, 35 }, // U+1EE6
    { 0x1EE7, 55 }, // U+1EE7
    { 0x1EE8, 116 }, // U+1EE8
    { 0x1EE9, 117 }, // U+1EE9
    { 0x1EEA, 116 }, // U+1EEA
    { 0x1EEB, 117 }, // U+1EEB
    { 0x1EEC, 116 }, // U+1EEC
    { 0x1EED, 117 }, // U+1EED
    { 0x1EEE, 116 }, // U+1EEE
    { 0x1EEF, 117 }, // U+1EEF
    { 0x1EF0, 116 }, // U+1EF0
    { 0x1EF1, 117 }, // U+1EF1
    { 0x1EF2, 39 }, // U+1EF2
    { 0x1EF3, 62 }, // U+1EF3
    { 0x1EF4, 39 }, // U+1EF4
    { 0x1EF5, 237 }, // U+1EF5
    { 0x1EF6, 39 }, // U+1EF6
    { 0x1EF7, 62 }, // U+1EF7
    { 0x1EF8, 39 }, // U+1EF8
    { 0x1EF9, 62 }, // U+1EF9
    { 0x2014, 69 }, // U+2014
    { 0x2015, 69 }, // U+2015
    { 0x2018, 238 }, // U+2018
    { 0x2019, 239 }, // U+2019
    { 0x201A, 240 }, // U+201A
    { 0x201B, 241 }, // U+201B
    { 0x201C, 238 }, // U+201C
    { 0x201D, 239 }, // U+201D
    { 0x201E, 240 }, // U+201E
    { 0x201F, 242 }, // U+201F
    { 0x2039, 68 }, // U+2039
    { 0x203A, 71 }, // U+203A
    { 0x2219, 243 }, // U+2219
    { 0xFB00, 244 }, // U+FB00
    { 0xFB01, 245 }, // U+FB01
    { 0xFB02, 53 }, // U+FB02
    { 0xFB03, 245 }, // U+FB03
    { 0xFB04, 53 }, // U+FB04
};

static const EpdKernClassEntry lato_16_boldKernRightClasses[] = {
    { 0x0021, 1 }, // !
    { 0x0022, 2 }, // "
    { 0x0026, 3 }, // &
    { 0x0027, 2 }, // '
    { 0x0029, 4 }, // )
    { 0x002A, 5 }, // *
    { 0x002C, 6 }, // ,
    { 0x002E, 7 }, // .
    { 0x002F, 8 }, // /
    { 0x0030, 9 }, // 0
    { 0x0031, 10 }, // 1
    { 0x0032, 11 }, // 2
    { 0x0033, 12 }, // 3
    { 0x0034, 13 }, // 4
    { 0x0035, 14 }, // 5
    { 0x0036, 15 }, // 6
    { 0x0037, 16 }, // 7
    { 0x0038, 12 }, // 8
    { 0x0039, 17 }, // 9
    { 0x003A, 18 }, // :
    { 0x003B, 19 }, // ;
    { 0x003F, 20 }, // ?
    { 0x0040, 21 }, // @
    { 0x0041, 22 }, // A
    { 0x0042, 23 }, // B
    { 0x0043, 24 }, // C
    { 0x0044, 23 }, // D
    { 0x0045, 23 }, // E
    { 0x0046, 23 }, // F
    { 0x0047, 24 }, // G
    { 0x0048, 23 }, // H
    { 0x0049, 23 }, // I
    { 0x004A, 25 }, // J
    { 0x004B, 23 }, // K
    { 0x004C, 23 }, // L
    { 0x004D, 23 }, // M
    { 0x004E, 23 }, // N
    { 0x004F, 24 }, // O
    { 0x0050, 23 }, // P
    { 0x0051, 24 }, // Q
    { 0x0052, 23 }, // R
    { 0x0053, 26 }, // S
    { 0x0054, 27 }, // T
    { 0x0055, 28 }, // U
    { 0x0056, 29 }, // V
    { 0x0057, 30 }, // W
    { 0x0058, 31 }, // X
    { 0x0059, 32 }, // Y
    { 0x005A, 33 }, // Z
    { 0x005C, 34 }, // <backslash>
    { 0x005D, 35 }, // ]
    { 0x0061, 36 }, // a
    { 0x0062, 37 }, // b
    { 0x0063, 38 }, // c
    { 0x0064, 39 }, // d
    { 0x0065, 38 }, // e
    { 0x0066, 40 }, // f
    { 0x0067, 41 }, // g
    { 0x0068, 37 }, // h
    { 0x0069, 42 }, // i
    { 0x006A, 43 }, // j
    { 0x006B, 37 }, // k
    { 0x006C, 44 }, // l
    { 0x006D, 45 }, // m
    { 0x006E, 45 }, // n
    { 0x006F, 38 }, // o
    { 0x0070, 45 }, // p
    { 0x0071, 46 }, // q
    { 0x0072, 45 }, // r
    { 0x0073, 47 }, // s
    { 0x0074, 48 }, // t
    { 0x0075, 49 }, // u
    { 0x0076, 50 }, // v
    { 0x0077, 51 }, // w
    { 0x0078, 52 }, // x
    { 0x0079, 53 }, // y
    { 0x007A, 54 }, // z
    { 0x007C, 55 }, // |
    { 0x007D, 56 }, // }
    { 0x00A0, 57 }, // U+00A0
    { 0x00A9, 58 }, // U+00A9
    { 0x00AA, 59 }, // U+00AA
    { 0x00AB, 60 }, // U+00AB
    { 0x00AD, 61 }, // U+00AD
    { 0x00AE, 58 }, // U+00AE
    { 0x00B0, 62 }, // U+00B0
    { 0x00BA, 63 }, // U+00BA
    { 0x00BB, 64 }, // U+00BB
    { 0x00C0, 22 }, // U+00C0
    { 0x00C1, 22 }, // U+00C1
    { 0x00C2, 22 }, // U+00C2
    { 0x00C3, 22 }, // U+00C3
    { 0x00C4, 22 }, // U+00C4
    { 0x00C5, 22 }, // U+00C5
    { 0x00C6, 65 }, // U+00C6
    { 0x00C7, 24 }, // U+00C7
    { 0x00C8, 23 }, // U+00C8
    { 0x00C9, 23 }, // U+00C9
    { 0x00CA, 23 }, // U+00CA
    { 0x00CB, 23 }, // U+00CB
    { 0x00CC, 23 }, // U+00CC
    { 0x00CD, 23 }, // U+00CD
    { 0x00CE, 66 }, // U+00CE
    { 0x00CF, 67 }, // U+00CF
    { 0x00D0, 68 }, // U+00D0
    { 0x00D1, 23 }, // U+00D1
    { 0x00D2, 24 }, // U+00D2
    { 0x00D3, 24 }, // U+00D3
    { 0x00D4, 24 }, // U+00D4
    { 0x00D5, 24 }, // U+00D5
    { 0x00D6, 24 }, // U+00D6
    { 0x00D8, 24 }, // U+00D8
    { 0x00D9, 28 }, // U+00D9
    { 0x00DA, 28 }, // U+00DA
    { 0x00DB, 28 }, // U+00DB
    { 0x00DC, 28 }, // U+00DC
    { 0x00DD, 32 }, // U+00DD
    { 0x00DE, 23 }, // U+00DE
    { 0x00DF, 69 }, // U+00DF
    { 0x00E0, 70 }, // U+00E0
    { 0x00E1, 36 }, // U+00E1
    { 0x00E2, 71 }, // U+00E2
    { 0x00E3, 72 }, // U+00E3
    { 0x00E4, 73 }, // U+00E4
    { 0x00E5, 36 }, // U+00E5
    { 0x00E6, 36 }, // U+00E6
    { 0x00E7, 38 }, // U+00E7
    { 0x00E8, 74 }, // U+00E8
    { 0x00E9, 38 }, // U+00E9
    { 0x00EA, 75 }, // U+00EA
    { 0x00EB, 76 }, // U+00EB
    { 0x00EC, 77 }, // U+00EC
    { 0x00ED, 78 }, // U+00ED
    { 0x00EE, 79 }, // U+00EE
    { 0x00EF, 80 }, // U+00EF
    { 0x00F0, 81 }, // U+00F0
    { 0x00F1, 45 }, // U+00F1
    { 0x00F2, 82 }, // U+00F2
    { 0x00F3, 38 }, // U+00F3
    { 0x00F4, 83 }, // U+00F4
    { 0x00F5, 38 }, // U+00F5
    { 0x00F6, 84 }, // U+00F6
    { 0x00F8, 85 }, // U+00F8
    { 0x00F9, 86 }, // U+00F9
    { 0x00FA, 49 }, // U+00FA
    { 0x00FB, 49 }, // U+00FB
    { 0x00FC, 49 }, // U+00FC
    { 0x00FD, 53 }, // U+00FD
    { 0x00FE, 37 }, // U+00FE
    { 0x00FF, 53 }, // U+00FF
    { 0x0100, 22 }, // U+0100
    { 0x0101, 87 }, // U+0101
    { 0x0102, 22 }, // U+0102
    { 0x0103, 88 }, // U+0103
    { 0x0104, 22 }, // U+0104
    { 0x0105, 36 }, // U+0105
    { 0x0106, 24 }, // U+0106
    { 0x0107, 38 }, // U+0107
    { 0x0108, 24 }, // U+0108
    { 0x0109, 89 }, // U+0109
    { 0x010A, 24 }, // U+010A
    { 0x010B, 38 }, // U+010B
    { 0x010C, 24 }, // U+010C
    { 0x010D, 90 }, // U+010D
    { 0x010E, 23 }, // U+010E
    { 0x010F, 39 }, // U+010F
    { 0x0110, 68 }, // U+0110
    { 0x0111, 39 }, // U+0111
    { 0x0112, 23 }, // U+0112
    { 0x0113, 38 }, // U+0113
    { 0x0114, 23 }, // U+0114
    { 0x0115, 91 }, // U+0115
    { 0x0116, 23 }, // U+0116
    { 0x0117, 38 }, // U+0117
    { 0x0118, 23 }, // U+0118
    { 0x0119, 38 }, // U+0119
    { 0x011A, 23 }, // U+011A
    { 0x011B, 92 }, // U+011B
    { 0x011C, 24 }, // U+011C
    { 0x011D, 93 }, // U+011D
    { 0x011E, 24 }, // U+011E
    { 0x011F, 94 }, // U+011F
    { 0x0120, 24 }, // U+0120
    { 0x0121, 41 }, // U+0121
    { 0x0122, 24 }, // U+0122
    { 0x0123, 41 }, // U+0123
    { 0x0124, 23 }, // U+0124
    { 0x0125, 95 }, // U+0125
    { 0x0126, 68 }, // U+0126
    { 0x0127, 96 }, // U+0127
    { 0x0128, 97 }, // U+0128
    { 0x0129, 98 }, // U+0129
    { 0x012A, 99 }, // U+012A
    { 0x012B, 100 }, // U+012B
    { 0x012C, 23 }, // U+012C
    { 0x012D, 101 }, // U+012D
    { 0x012E, 23 }, // U+012E
    { 0x012F, 42 }, // U+012F
    { 0x0130, 23 }, // U+0130
    { 0x0131, 102 }, // U+0131
    { 0x0132, 23 }, // U+0132
    { 0x0133, 42 }, // U+0133
    { 0x0134, 25 }, // U+0134
    { 0x0135, 103 }, // U+0135
    { 0x0136, 23 }, // U+0136
    { 0x0137, 37 }, // U+0137
    { 0x0138, 45 }, // U+0138
    { 0x0139, 23 }, // U+0139
    { 0x013A, 44 }, // U+013A
    { 0x013B, 23 }, // U+013B
    { 0x013C, 44 }, // U+013C
    { 0x013D, 23 }, // U+013D
    { 0x013E, 44 }, // U+013E
    { 0x013F, 23 }, // U+013F
    { 0x0140, 44 }, // U+0140
    { 0x0141, 104 }, // U+0141
    { 0x0142, 105 }, // U+0142
    { 0x0143, 23 }, // U+0143
    { 0x0144, 45 }, // U+0144
    { 0x0145, 23 }, // U+0145
    { 0x0146, 45 }, // U+0146
    { 0x0147, 23 }, // U+0147
    { 0x0148, 106 }, // U+0148
    { 0x0149, 107 }, // U+0149
    { 0x014A, 23 }, // U+014A
    { 0x014B, 45 }, // U+014B
    { 0x014C, 24 }, // U+014C
    { 0x014D, 38 }, // U+014D
    { 0x014E, 24 }, // U+014E
    { 0x014F, 108 }, // U+014F
    { 0x0150, 24 }, // U+0150
    { 0x0151, 38 }, // U+0151
    { 0x0152, 24 }, // U+0152
    { 0x0153, 38 }, // U+0153
    { 0x0154, 23 }, // U+0154
    { 0x0155, 45 }, // U+0155
    { 0x0156, 23 }, // U+0156
    { 0x0157, 45 }, // U+0157
    { 0x0158, 23 }, // U+0158
    { 0x0159, 109 }, // U+0159
    { 0x015A, 26 }, // U+015A
    { 0x015B, 47 }, // U+015B
    { 0x015C, 26 }, // U+015C
    { 0x015D, 110 }, // U+015D
    { 0x015E, 26 }, // U+015E
    { 0x015F, 47 }, // U+015F
    { 0x0160, 26 }, // U+0160
    { 0x0161, 111 }, // U+0161
    { 0x0162, 27 }, // U+0162
    { 0x0163, 48 }, // U+0163
    { 0x0164, 27 }, // U+0164
    { 0x0165, 112 }, // U+0165
    { 0x0166, 113 }, // U+0166
    { 0x0167, 112 }, // U+0167
    { 0x0168, 28 }, // U+0168
    { 0x0169, 49 }, // U+0169
    { 0x016A, 28 }, // U+016A
    { 0x016B, 49 }, // U+016B
    { 0x016C, 28 }, // U+016C
    { 0x016D, 49 }, // U+016D
    { 0x016E, 28 }, // U+016E
    { 0x016F, 49 }, // U+016F
    { 0x0170, 28 }, // U+0170
    { 0x0171, 49 }, // U+0171
    { 0x0172, 28 }, // U+0172
    { 0x0173, 49 }, // U+0173
    { 0x0174, 30 }, // U+0174
    { 0x0175, 51 }, // U+0175
    { 0x0176, 32 }, // U+0176
    { 0x0177, 53 }, // U+0177
    { 0x0178, 32 }, // U+0178
    { 0x0179, 33 }, // U+0179
    { 0x017A, 54 }, // U+017A
    { 0x017B, 33 }, // U+017B
    { 0x017C, 54 }, // U+017C
    { 0x017D, 33 }, // U+017D
    { 0x017E, 114 }, // U+017E
    { 0x017F, 40 }, // U+017F
    { 0x01A0, 24 }, // U+01A0
    { 0x01A1, 38 }, // U+01A1
    { 0x01AF, 28 }, // U+01AF
    { 0x01B0, 49 }, // U+01B0
    { 0x01C4, 23 }, // U+01C4
    { 0x01C6, 39 }, // U+01C6
    { 0x01C7, 23 }, // U+01C7
    { 0x01C9, 44 }, // U+01C9
    { 0x01CA, 23 }, // U+01CA
    { 0x01CC, 45 }, // U+01CC
    { 0x01CD, 22 }, // U+01CD
    { 0x01CE, 115 }, // U+01CE
    { 0x01CF, 23 }, // U+01CF
    { 0x01D0, 116 }, // U+01D0
    { 0x01D1, 24 }, // U+01D1
    { 0x01D2, 117 }, // U+01D2
    { 0x01D3, 28 }, // U+01D3
    { 0x01D4, 118 }, // U+01D4
    { 0x01D5, 28 }, // U+01D5
    { 0x01D6, 49 }, // U+01D6
    { 0x01D7, 28 }, // U+01D7
    { 0x01D8, 49 }, // U+01D8
    { 0x01D9, 28 }, // U+01D9
    { 0x01DA, 49 }, // U+01DA
    { 0x01DB, 28 }, // U+01DB
    { 0x01DC, 49 }, // U+01DC
    { 0x01DD, 119 }, // U+01DD
    { 0x01DE, 22 }, // U+01DE
    { 0x01DF, 36 }, // U+01DF
    { 0x01E0, 22 }, // U+01E0
    { 0x01E1, 36 }, // U+01E1
    { 0x01E2, 65 }, // U+01E2
    { 0x01E3, 36 }, // U+01E3
    { 0x01E4, 24 }, // U+01E4
    { 0x01E5, 120 }, // U+01E5
    { 0x01E6, 24 }, // U+01E6
    { 0x01E7, 121 }, // U+01E7
    { 0x01E8, 23 }, // U+01E8
    { 0x01E9, 37 }, // U+01E9
    { 0x01EA, 24 }, // U+01EA
    { 0x01EB, 38 }, // U+01EB
    { 0x01EC, 24 }, // U+01EC
    { 0x01ED, 38 }, // U+01ED
    { 0x01EE, 122 }, // U+01EE
    { 0x01EF, 123 }, // U+01EF
    { 0x01F0, 124 }, // U+01F0
    { 0x01F1, 23 }, // U+01F1
    { 0x01F3, 39 }, // U+01F3
    { 0x01F4, 24 }, // U+01F4
    { 0x01F5, 41 }, // U+01F5
    { 0x01F7, 23 }, // U+01F7
    { 0x01F8, 23 }, // U+01F8
    { 0x01F9, 45 }, // U+01F9
    { 0x01FA, 22 }, // U+01FA
    { 0x01FB, 36 }, // U+01FB
    { 0x01FC, 65 }, // U+01FC
    { 0x01FD, 36 }, // U+01FD
    { 0x01FE, 24 }, // U+01FE
    { 0x01FF, 85 }, // U+01FF
    { 0x0200, 22 }, // U+0200
    { 0x0201, 125 }, // U+0201
    { 0x0202, 22 }, // U+0202
    { 0x0203, 36 }, // U+0203
    { 0x0204, 23 }, // U+0204
    { 0x0205, 126 }, // U+0205
    { 0x0206, 23 }, // U+0206
    { 0x0207, 38 }, // U+0207
    { 0x0208, 23 }, // U+0208
    { 0x0209, 127 }, // U+0209
    { 0x020A, 128 }, // U+020A
    { 0x020B, 129 }, // U+020B
    { 0x020C, 24 }, // U+020C
    { 0x020D, 130 }, // U+020D
    { 0x020E, 24 }, // U+020E
    { 0x020F, 38 }, // U+020F
    { 0x0210, 23 }, // U+0210
    { 0x0211, 131 }, // U+0211
    { 0x0212, 23 }, // U+0212
    { 0x0213, 45 }, // U+0213
    { 0x0214, 28 }, // U+0214
    { 0x0215, 132 }, // U+0215
    { 0x0216, 28 }, // U+0216
    { 0x0217, 49 }, // U+0217
    { 0x0218, 26 }, // U+0218
    { 0x0219, 47 }, // U+0219
    { 0x021A, 27 }, // U+021A
    { 0x021B, 112 }, // U+021B
    { 0x021C, 122 }, // U+021C
    { 0x021D, 133 }, // U+021D
    { 0x021E, 23 }, // U+021E
    { 0x021F, 37 }, // U+021F
    { 0x03BB, 134 }, // U+03BB
    { 0x0401, 135 }, // U+0401
    { 0x0402, 136 }, // U+0402
    { 0x0403, 135 }, // U+0403
    { 0x0404, 137 }, // U+0404
    { 0x0405, 138 }, // U+0405
    { 0x0406, 135 }, // U+0406
    { 0x0407, 139 }, // U+0407
    { 0x0408, 140 }, // U+0408
    { 0x0409, 141 }, // U+0409
    { 0x040A, 135 }, // U+040A
    { 0x040B, 136 }, // U+040B
    { 0x040C, 135 }, // U+040C
    { 0x040D, 135 }, // U+040D
    { 0x040E, 142 }, // U+040E
    { 0x040F, 135 }, // U+040F
    { 0x0410, 143 }, // U+0410
    { 0x0411, 135 }, // U+0411
    { 0x0412, 135 }, // U+0412
    { 0x0413, 135 }, // U+0413
    { 0x0414, 144 }, // U+0414
    { 0x0415, 135 }, // U+0415
    { 0x0416, 145 }, // U+0416
    { 0x0417, 146 }, // U+0417
    { 0x0418, 135 }, // U+0418
    { 0x0419, 135 }, // U+0419
    { 0x041A, 135 }, // U+041A
    { 0x041B, 141 }, // U+041B
    { 0x041C, 135 }, // U+041C
    { 0x041D, 135 }, // U+041D
    { 0x041E, 137 }, // U+041E
    { 0x041F, 135 }, // U+041F
    { 0x0420, 135 }, // U+0420
    { 0x0421, 137 }, // U+0421
    { 0x0422, 136 }, // U+0422
    { 0x0423, 142 }, // U+0423
    { 0x0424, 147 }, // U+0424
    { 0x0425, 148 }, // U+0425
    { 0x0426, 135 }, // U+0426
    { 0x0427, 149 }, // U+0427
    { 0x0428, 135 }, // U+0428
    { 0x0429, 135 }, // U+0429
    { 0x042A, 150 }, // U+042A
    { 0x042B, 135 }, // U+042B
    { 0x042C, 135 }, // U+042C
    { 0x042D, 151 }, // U+042D
    { 0x042E, 135 }, // U+042E
    { 0x042F, 152 }, // U+042F
    { 0x0430, 153 }, // U+0430
    { 0x0431, 154 }, // U+0431
    { 0x0432, 155 }, // U+0432
    { 0x0433, 155 }, // U+0433
    { 0x0434, 156 }, // U+0434
    { 0x0435, 157 }, // U+0435
    { 0x0436, 158 }, // U+0436
    { 0x0437, 159 }, // U+0437
    { 0x0438, 155 }, // U+0438
    { 0x0439, 160 }, // U+0439
    { 0x043A, 155 }, // U+043A
    { 0x043B, 161 }, // U+043B
    { 0x043C, 155 }, // U+043C
    { 0x043D, 155 }, // U+043D
    { 0x043E, 157 }, // U+043E
    { 0x043F, 155 }, // U+043F
    { 0x0440, 155 }, // U+0440
    { 0x0441, 157 }, // U+0441
    { 0x0442, 162 }, // U+0442
    { 0x0443, 163 }, // U+0443
    { 0x0444, 157 }, // U+0444
    { 0x0445, 164 }, // U+0445
    { 0x0446, 155 }, // U+0446
    { 0x0447, 165 }, // U+0447
    { 0x0448, 155 }, // U+0448
    { 0x0449, 155 }, // U+0449
    { 0x044A, 166 }, // U+044A
    { 0x044B, 155 }, // U+044B
    { 0x044C, 155 }, // U+044C
    { 0x044D, 167 }, // U+044D
    { 0x044E, 155 }, // U+044E
    { 0x044F, 168 }, // U+044F
    { 0x0451, 169 }, // U+0451
    { 0x0452, 170 }, // U+0452
    { 0x0453, 155 }, // U+0453
    { 0x0454, 157 }, // U+0454
    { 0x0455, 171 }, // U+0455
    { 0x0456, 172 }, // U+0456
    { 0x0457, 173 }, // U+0457
    { 0x0458, 174 }, // U+0458
    { 0x0459, 161 }, // U+0459
    { 0x045A, 155 }, // U+045A
    { 0x045B, 175 }, // U+045B
    { 0x045C, 155 }, // U+045C
    { 0x045D, 176 }, // U+045D
    { 0x045E, 177 }, // U+045E
    { 0x045F, 155 }, // U+045F
    { 0x0460, 178 }, // U+0460
    { 0x0461, 179 }, // U+0461
    { 0x0462, 180 }, // U+0462
    { 0x0463, 181 }, // U+0463
    { 0x0464, 135 }, // U+0464
    { 0x0465, 155 }, // U+0465
    { 0x0466, 182 }, // U+0466
    { 0x0467, 183 }, // U+0467
    { 0x0468, 135 }, // U+0468
    { 0x0469, 155 }, // U+0469
    { 0x046A, 184 }, // U+046A
    { 0x046B, 185 }, // U+046B
    { 0x046C, 135 }, // U+046C
    { 0x046D, 155 }, // U+046D
    { 0x046E, 186 }, // U+046E
    { 0x046F, 187 }, // U+046F
    { 0x0470, 188 }, // U+0470
    { 0x0471, 189 }, // U+0471
    { 0x0472, 137 }, // U+0472
    { 0x0473, 157 }, // U+0473
    { 0x0474, 190 }, // U+0474
    { 0x0475, 191 }, // U+0475
    { 0x0476, 190 }, // U+0476
    { 0x0477, 192 }, // U+0477
    { 0x0478, 137 }, // U+0478
    { 0x0479, 157 }, // U+0479
    { 0x047A, 137 }, // U+047A
    { 0x047B, 157 }, // U+047B
    { 0x047C, 178 }, // U+047C
    { 0x047D, 193 }, // U+047D
    { 0x047E, 178 }, // U+047E
    { 0x047F, 179 }, // U+047F
    { 0x0480, 137 }, // U+0480
    { 0x0481, 157 }, // U+0481
    { 0x048A, 135 }, // U+048A
    { 0x048B, 155 }, // U+048B
    { 0x048C, 194 }, // U+048C
    { 0x048D, 155 }, // U+048D
    { 0x048E, 135 }, // U+048E
    { 0x048F, 155 }, // U+048F
    { 0x0490, 135 }, // U+0490
    { 0x0491, 155 }, // U+0491
    { 0x0492, 135 }, // U+0492
    { 0x0493, 195 }, // U+0493
    { 0x0494, 135 }, // U+0494
    { 0x0495, 155 }, // U+0495
    { 0x0496, 145 }, // U+0496
    { 0x0497, 158 }, // U+0497
    { 0x0498, 146 }, // U+0498
    { 0x0499, 159 }, // U+0499
    { 0x049A, 135 }, // U+049A
    { 0x049B, 155 }, // U+049B
    { 0x049C, 135 }, // U+049C
    { 0x049D, 155 }, // U+049D
    { 0x049E, 196 }, // U+049E
    { 0x049F, 155 }, // U+049F
    { 0x04A0, 136 }, // U+04A0
    { 0x04A1, 197 }, // U+04A1
    { 0x04A2, 135 }, // U+04A2
    { 0x04A3, 155 }, // U+04A3
    { 0x04A4, 135 }, // U+04A4
    { 0x04A5, 155 }, // U+04A5
    { 0x04A6, 135 }, // U+04A6
    { 0x04A7, 155 }, // U+04A7
    { 0x04A8, 137 }, // U+04A8
    { 0x04A9, 157 }, // U+04A9
    { 0x04AA, 137 }, // U+04AA
    { 0x04AB, 157 }, // U+04AB
    { 0x04AC, 136 }, // U+04AC
    { 0x04AD, 162 }, // U+04AD
    { 0x04AE, 198 }, // U+04AE
    { 0x04AF, 199 }, // U+04AF
    { 0x04B0, 200 }, // U+04B0
    { 0x04B1, 201 }, // U+04B1
    { 0x04B2, 148 }, // U+04B2
    { 0x04B3, 202 }, // U+04B3
    { 0x04B4, 136 }, // U+04B4
    { 0x04B5, 162 }, // U+04B5
    { 0x04B6, 149 }, // U+04B6
    { 0x04B7, 165 }, // U+04B7
    { 0x04B8, 149 }, // U+04B8
    { 0x04B9, 165 }, // U+04B9
    { 0x04BA, 135 }, // U+04BA
    { 0x04BB, 155 }, // U+04BB
    { 0x04BC, 203 }, // U+04BC
    { 0x04BD, 204 }, // U+04BD
    { 0x04BE, 203 }, // U+04BE
    { 0x04BF, 204 }, // U+04BF
    { 0x04C0, 205 }, // U+04C0
    { 0x04C1, 145 }, // U+04C1
    { 0x04C2, 158 }, // U+04C2
    { 0x04C3, 135 }, // U+04C3
    { 0x04C4, 155 }, // U+04C4
    { 0x04C5, 141 }, // U+04C5
    { 0x04C6, 161 }, // U+04C6
    { 0x04C7, 135 }, // U+04C7
    { 0x04C8, 155 }, // U+04C8
    { 0x04C9, 135 }, // U+04C9
    { 0x04CA, 155 }, // U+04CA
    { 0x04CB, 149 }, // U+04CB
    { 0x04CC, 165 }, // U+04CC
    { 0x04CD, 135 }, // U+04CD
    { 0x04CE, 155 }, // U+04CE
    { 0x04CF, 135 }, // U+04CF
    { 0x04D0, 143 }, // U+04D0
    { 0x04D1, 206 }, // U+04D1
    { 0x04D2, 143 }, // U+04D2
    { 0x04D3, 207 }, // U+04D3
    { 0x04D4, 208 }, // U+04D4
    { 0x04D5, 153 }, // U+04D5
    { 0x04D6, 135 }, // U+04D6
    { 0x04D7, 209 }, // U+04D7
    { 0x04D8, 210 }, // U+04D8
    { 0x04D9, 211 }, // U+04D9
    { 0x04DA, 210 }, // U+04DA
    { 0x04DB, 212 }, // U+04DB
    { 0x04DC, 145 }, // U+04DC
    { 0x04DD, 158 }, // U+04DD
    { 0x04DE, 146 }, // U+04DE
    { 0x04DF, 213 }, // U+04DF
    { 0x04E0, 214 }, // U+04E0
    { 0x04E1, 215 }, // U+04E1
    { 0x04E2, 135 }, // U+04E2
    { 0x04E3, 155 }, // U+04E3
    { 0x04E4, 135 }, // U+04E4
    { 0x04E5, 155 }, // U+04E5
    { 0x04E6, 216 }, // U+04E6
    { 0x04E7, 217 }, // U+04E7
    { 0x04E8, 137 }, // U+04E8
    { 0x04E9, 157 }, // U+04E9
    { 0x04EA, 137 }, // U+04EA
    { 0x04EB, 217 }, // U+04EB
    { 0x04EC, 151 }, // U+04EC
    { 0x04ED, 218 }, // U+04ED
    { 0x04EE, 142 }, // U+04EE
    { 0x04EF, 219 }, // U+04EF
    { 0x04F0, 142 }, // U+04F0
    { 0x04F1, 177 }, // U+04F1
    { 0x04F2, 142 }, // U+04F2
    { 0x04F3, 163 }, // U+04F3
    { 0x04F4, 149 }, // U+04F4
    { 0x04F5, 220 }, // U+04F5
    { 0x04F6, 135 }, // U+04F6
    { 0x04F7, 155 }, // U+04F7
    { 0x04F8, 135 }, // U+04F8
    { 0x04F9, 155 }, // U+04F9
    { 0x04FA, 135 }, // U+04FA
    { 0x04FB, 155 }, // U+04FB
    { 0x04FC, 148 }, // U+04FC
    { 0x04FD, 164 }, // U+04FD
    { 0x04FE, 221 }, // U+04FE
    { 0x04FF, 222 }, // U+04FF
    { 0x1EA0, 22 }, // U+1EA0
    { 0x1EA1, 36 }, // U+1EA1
    { 0x1EA2, 22 }, // U+1EA2
    { 0x1EA3, 223 }, // U+1EA3
    { 0x1EA4, 22 }, // U+1EA4
    { 0x1EA5, 71 }, // U+1EA5
    { 0x1EA6, 22 }, // U+1EA6
    { 0x1EA7, 224 }, // U+1EA7
    { 0x1EA8, 22 }, // U+1EA8
    { 0x1EA9, 71 }, // U+1EA9
    { 0x1EAA, 22 }, // U+1EAA
    { 0x1EAB, 71 }, // U+1EAB
    { 0x1EAC, 22 }, // U+1EAC
    { 0x1EAD, 71 }, // U+1EAD
    { 0x1EAE, 22 }, // U+1EAE
    { 0x1EAF, 225 }, // U+1EAF
    { 0x1EB0, 22 }, // U+1EB0
    { 0x1EB1, 225 }, // U+1EB1
    { 0x1EB2, 22 }, // U+1EB2
    { 0x1EB3, 225 }, // U+1EB3
    { 0x1EB4, 22 }, // U+1EB4
    { 0x1EB5, 225 }, // U+1EB5
    { 0x1EB6, 22 }, // U+1EB6
    { 0x1EB7, 88 }, // U+1EB7
    { 0x1EB8, 23 }, // U+1EB8
    { 0x1EB9, 38 }, // U+1EB9
    { 0x1EBA, 23 }, // U+1EBA
    { 0x1EBB, 38 }, // U+1EBB
    { 0x1EBC, 23 }, // U+1EBC
    { 0x1EBD, 226 }, // U+1EBD
    { 0x1EBE, 23 }, // U+1EBE
    { 0x1EBF, 75 }, // U+1EBF
    { 0x1EC0, 23 }, // U+1EC0
    { 0x1EC1, 227 }, // U+1EC1
    { 0x1EC2, 23 }, // U+1EC2
    { 0x1EC3, 75 }, // U+1EC3
    { 0x1EC4, 23 }, // U+1EC4
    { 0x1EC5, 75 }, // U+1EC5
    { 0x1EC6, 23 }, // U+1EC6
    { 0x1EC7, 75 }, // U+1EC7
    { 0x1EC8, 23 }, // U+1EC8
    { 0x1EC9, 228 }, // U+1EC9
    { 0x1ECA, 23 }, // U+1ECA
    { 0x1ECB, 42 }, // U+1ECB
    { 0x1ECC, 24 }, // U+1ECC
    { 0x1ECD, 38 }, // U+1ECD
    { 0x1ECE, 24 }, // U+1ECE
    { 0x1ECF, 38 }, // U+1ECF
    { 0x1ED0, 24 }, // U+1ED0
    { 0x1ED1, 83 }, // U+1ED1
    { 0x1ED2, 24 }, // U+1ED2
    { 0x1ED3, 229 }, // U+1ED3
    { 0x1ED4, 24 }, // U+1ED4
    { 0x1ED5, 83 }, // U+1ED5
    { 0x1ED6, 24 }, // U+1ED6
    { 0x1ED7, 83 }, // U+1ED7
    { 0x1ED8, 24 }, // U+1ED8
    { 0x1ED9, 83 }, // U+1ED9
    { 0x1EDA, 24 }, // U+1EDA
    { 0x1EDB, 38 }, // U+1EDB
    { 0x1EDC, 24 }, // U+1EDC
    { 0x1EDD, 82 }, // U+1EDD
    { 0x1EDE, 24 }, // U+1EDE
    { 0x1EDF, 38 }, // U+1EDF
    { 0x1EE0, 24 }, // U+1EE0
    { 0x1EE1, 38 }, // U+1EE1
    { 0x1EE2, 24 }, // U+1EE2
    { 0x1EE3, 38 }, // U+1EE3
    { 0x1EE4, 28 }, // U+1EE4
    { 0x1EE5, 49 }, // U+1EE5
    { 0x1EE6, 28 }, // U+1EE6
    { 0x1EE7, 49 }, // U+1EE7
    { 0x1EE8, 28 }, // U+1EE8
    { 0x1EE9, 49 }, // U+1EE9
    { 0x1EEA, 28 }, // U+1EEA
    { 0x1EEB, 49 }, // U+1EEB
    { 0x1EEC, 28 }, // U+1EEC
    { 0x1EED, 49 }, // U+1EED
    { 0x1EEE, 28 }, // U+1EEE
    { 0x1EEF, 49 }, // U+1EEF
    { 0x1EF0, 28 }, // U+1EF0
    { 0x1EF1, 49 }, // U+1EF1
    { 0x1EF2, 32 }, // U+1EF2
    { 0x1EF3, 53 }, // U+1EF3
    { 0x1EF4, 32 }, // U+1EF4
    { 0x1EF5, 53 }, // U+1EF5
    { 0x1EF6, 32 }, // U+1EF6
    { 0x1EF7, 53 }, // U+1EF7
    { 0x1EF8, 32 }, // U+1EF8
    { 0x1EF9, 53 }, // U+1EF9
    { 0x2014, 61 }, // U+2014
    { 0x2015, 61 }, // U+2015
    { 0x2018, 230 }, // U+2018
    { 0x2019, 231 }, // U+2019
    { 0x201A, 232 }, // U+201A
    { 0x201B, 233 }, // U+201B
    { 0x201C, 230 }, // U+201C
    { 0x201D, 231 }, // U+201D
    { 0x201E, 232 }, // U+201E
    { 0x201F, 234 }, // U+201F
    { 0x2026, 7 }, // U+2026
    { 0x2039, 60 }, // U+2039
    { 0x203A, 64 }, // U+203A
    { 0x203C, 1 }, // U+203C
    { 0x203D, 235 }, // U+203D
    { 0x2219, 236 }, // U+2219
    { 0xFB00, 40 }, // U+FB00
    { 0xFB01, 237 }, // U+FB01
    { 0xFB02, 238 }, // U+FB02
    { 0xFB03, 40 }, // U+FB03
    { 0xFB04, 40 }, // U+FB04
};

static const int8_t lato_16_boldKernMatrix[] = {
       0,    0,  -10,    0,    0,  -56,  -56,  -26,    0,    0,    0,    0,  -17,    0,  -11,    0,    0,    0,    0,    0,    0,  -31,    0,    0,  -37,    0,    0,    0,    0,    0,    0,    0,    0,    0,    0,   -8,    0,  -12,  -14,    0,   -9,    0,    0,    0,    0,  -14,   -7,    0,    0,    0,    0,    0,    0,    0,    0,    0,    0,    0,    0,  -14,    0,    0,    0,    0,  -47,    0,    0,    0,    0,   -8,   -8,   -8,   -8,  -12,  -12,  -12,   13,    0,   17,   10,  -13,  -12,  -12,  -12,  -12,    0,   -8,   -8,  -12,  -12,  -12,  -12,   -9,   -9,    0,    0,    0,   10,    0,    2,    6,    0,   18,    0,    0,    0,    0,  -12,    0,   -7,   -7,    0,    0,    0,   -8,   17,  -12,    0,    0,   -9,   -9,    0,    0,   18,  -13,  -12,   43,    0,    6,  -12,   15,    0,    0,    0,    0,    0,    0,    0,    0,  -37,  -33,    0,  -31,  -34,    0,    0,    0,    0,    0,    0,    0,    0,   -8,    0,    0,  -21,  -12,    0,    0,    0,  -24,    0,    0,    0,    0,    0,    0,   -9,  -12,    0,   -7,    0,   10,    0,    0,    0,    0,    0,    0,    0,    0,    0,    0,    0,    0,    0,    0,    0,    0,    0,    0,    0,    0,    0,    0,    0,    0,    0,    0,    0,    0,    0,    0,    0,    0,   -8,   -8,  -46,  -12,    0,    0,    0,    0,    0,    0,    0,  -12,    0,    0,    0,    0,    0,   -8,    0,   -8,  -12,  -14,    0,  -17,    0,    0,  -56,    0,    0,    0,    0,    0,    0,
       0,  -13,    0,    0,    0,    0,    0,    0,    0,    0,    0,    0,    0,    0,    0,    0,    0,    0,    0,    0,    0,   18,    0,    0,    7,    0,  -27,    0,  -23,  -17,   15,  -31,    6,    0,    0,    0,    0,    0,    0,    0,    0,    0,    0,    0,    0,    0,    0,    0,    0,   -2,    0,   12,   -3,    0,    0,    0,    0,    0,    0,    0,    0,    0,    0,    0,   19,    0,    0,    0,    0,    0,    0,    0,    0,    0,    0,    0,    0,    0,    0,    0,    0,    0,    0,    0,    0,    0,    0,    0,    0,    0,    0,    0,    0,    0,    0,    0,    0,    0,    0,    0,    0,    0,    0,    0,    0,    0,    0,    0,    0,    0,    0,    0,  -22,    0,    0,    0,    0,    0,    0,   17,    0,    0,   -3,    0,    0,    0,    0,    0,    0,    0,    0,    0,   -3,    0,    0,    0,    0,    0,    0,    0,    0,    0,    0,    0,    0,    0,    0,    0,    0,    0,    0,    0,    0,    0,    0,    0,    0,    0,    0,    0,    0,    0,    0,    0,    0,    0,    0,    0,    0,    0,    0,    0,    0,    0,    0,    0,    0,    0,    0,    0,    0,    0,    0,    0,    0,    0,    0,    0,    0,    0,    0,    0,    0,    0,    0,    0,    0,    0,    0,    0,    0,    0,    0,    0,    0,    0,    0,    0,    0,    0,    0,    0,    0,    0,    0,    0,    0,    0,    0,    0,    0,    0,    0,    0,    0,    0,    0,    0,    0,    0,   -5,    0,  -16,  -16,    0,    0,    0,    0,
       0,    0,    0,    0,    0,    0,    0,    0,   -2,    0,    0,    0,  -11,    0,  -12,    0,    0,    0,    0,    0,    0,    0,    0,  -11,    0,    0,    0,    0,    5,    0,    0,    5,    0,    0,    0,  -10,    0,  -16,  -15,   -9,    0,    0,   13,    0,   -2,  -15,  -10,  -11,  -11,  -11,  -10,    0,   -3,    0,    0,    0,    0,    0,    0,    0,    0,    0,    0,    0,    0,    0,    0,    0,    0,  -10,  -10,  -10,  -10,  -16,  -16,  -16,   19,    0,    4,   10,  -13,  -16,  -16,  -16,  -16,  -11,  -10,  -10,  -16,  -16,  -16,  -16,    0,    0,   12,    0,    6,    3,    0,    8,   13,    0,   13,    0,    0,   -2,    3,  -16,   -2,  -10,  -10,  -11,    0,    0,  -10,   23,  -16,  -11,  -13,    3,    0,    0,    9,   25,    2,  -11,   56,    0,    0,  -16,   19,  -11,    8,    0,    0,    0,  -11,    0,    0,    0,    0,    7,    0,    0,    0,    0,  -12,    0,    0,    0,    0,    0,  -10,  -11,   -2,    0,  -16,    0,   -9,   -2,    0,  -12,   -3,    0,  -14,  -12,  -10,    0,  -16,    0,  -10,    0,   10,   13,    0,   -2,   -3,    0,    0,    0,    0,    0,    0,    0,    0,    0,    0,    0,    0,    0,    0,    0,    0,    0,   -2,    0,  -12,    6,  -11,    2,  -11,    0,    0,  -17,    0,  -10,  -10,    0,  -16,    0,  -13,  -13,   -9,    0,    6,  -11,  -16,  -10,   -3,  -14,    0,    0,  -10,   20,  -10,  -16,    7,    0,    4,    0,    0,    0,    0,    0,    0,    0,   -9,   -9,
       0,    0,    0,    0,    0,    0,    0,    0,    0,    0,    0,    0,    0,    0,    0,    0,    0,    0,    0,    0,    0,  -30,    0,    0,  -36,    0,    0,    0,    0,    0,    0,    0,    0,    0,    0,  -10,    0,  -14,  -16,    0,  -10,    0,    0,    0,    0,  -16,   -9,    0,    0,    0,    0,    0,    0,    0,    0,    0,    0,    0,    0,    0,    0,    0,    0,    0,  -45,    0,    0,    0,    0,  -10,  -10,  -10,  -10,  -14,  -14,  -14,    0,    0,    5,   15,  -15,  -14,  -14,  -14,  -14,    0,  -10,  -10,  -14,  -14,  -14,  -14,  -10,  -10,    0,    7,    0,   12,    0,    7,    5,    0,    7,    0,    0,    0,    0,  -14,    0,   -9,   -9,    0,    0,    0,  -10,    0,  -14,    0,   -7,  -10,  -10,    0,    0,    2,  -10,  -14,   24,    0,    8,  -14,    0,    0,    0,   -3,    0,    0,    0,    0,    0,  -36,  -32,    0,  -29,  -33,    0,    0,    0,    0,    0,    0,    0,    0,  -10,    0,    0,  -23,  -14,    0,   -2,    0,  -26,    0,    0,    0,    0,    0,   -2,  -12,  -14,    9,   -9,    0,   15,    0,    7,    0,    0,    0,    0,    0,    0,    0,    0,    0,    0,    0,    0,    0,    0,    0,    0,    0,    0,    0,    0,    0,    0,    0,    0,    0,    0,    0,    0,   -8,    0,  -10,  -10,  -45,  -14,    0,   -7,   -7,   -2,    0,    0,    0,  -14,   -2,    0,    0,    0,    0,  -10,  -10,  -10,  -14,  -14,    0,  -14,    0,    0,    0,    0,    0,    0,    0,    0,    0,
       0,  -56,    0,    0,    0,    0,    0,    0,   -3,  -24,    0,    0,    0,    0,    0,    0,   -3,    0,    0,    0,    0,    0,    0,  -11,    0,    0,  -35,  -10,  -38,  -27,    0,  -42,    0,    0,    0,    0,    0,    0,    0,    0,    0,    0,    0,    0,    0,    0,    0,    0,    0,  -19,  -12,    0,  -21,    0,    0,    0,    0,    0,    0,    0,    0,    0,    0,    0,    0,    0,    0,    0,    0,    0,    0,    0,    0,    0,    0,    0,    0,    0,    0,    0,    0,    0,    0,    0,    0,    0,    0,    0,    0,    0,    0,    0,    0,    0,    0,    0,    0,    0,    0,    0,    0,    0,    0,    0,    0,    0,    0,    0,    0,    0,    0,    0,  -35,    0,    0,    0,    0,    0,    0,    0,    0,    0,   -5,    0,    0,    0,    0,    0,    0,    0,    0,    0,   -5,    0,    0,  -35,  -11,    0,    0,    0,    0,  -14,    0,    0,    0,    0,  -14,    0,  -51,  -33,    0,    0,    0,    0,    0,    0,    0,    0,    0,    0,    0,  -23,  -21,    0,  -22,  -19,    0,    0,    0,    0,    0,    0,    0,    0,    0,    0,  -21,    0,    0,    0,    0,    0,    0,    0,    0,    0,    0,    0,    0,    0,    0,    0,    0,    0,    0,    0,  -23,  -41,  -20,  -36,  -20,    0,  -37,  -23,    0,    0,    0,    0,    0,   -3,    0,    0,    0,    0,   -7,  -11,    0,    0,  -21,  -22,    0,    0,    0,    0,    0,    0,    0,    0,    0,  -59,  -59,    0,  -59,  -62,    0,    0,    0,    0,
       0,  -56,    0,    0,    0,    0,    0,    0,   -2,  -23,    0,    0,    0,    0,    0,   -2,   -3,    0,    0,    0,    0,    0,    0,  -10,    0,    0,  -35,   -9,  -37,  -27,    0,  -43,    0,    0,    0,    0,    0,    0,    0,    0,    0,    0,    0,    0,    0,    0,    0,    0,    0,  -18,  -11,    0,  -21,    0,    0,    0,    0,    0,    0,    0,    0,    0,    0,    0,    0,    0,    0,    0,    0,    0,    0,    0,    0,    0,    0,    0,    0,    0,    0,    0,    0,    0,    0,    0,    0,    0,    0,    0,    0,    0,    0,    0,    0,    0,    0,    0,    0,    0,    0,    0,    0,    0,    0,    0,    0,    0,    0,    0,    0,    0,    0,    0,  -35,    0,    0,    0,    0,    0,    0,    0,    0,    0,  -10,    0,    0,    0,    0,    0,    0,    0,    0,    0,  -10,    0,    0,  -35,  -10,    0,    0,    0,    0,  -15,    0,    0,    0,    0,  -14,    0,  -52,  -33,    0,    0,    0,    0,    0,    0,    0,    0,    0,    0,    0,  -23,  -21,    0,  -22,  -19,    0,    0,    0,    0,    0,    0,    0,    0,    0,    0,  -21,    0,    0,    0,    0,    0,    0,    0,    0,    0,    0,    0,    0,    0,    0,    0,    0,    0,    0,    0,  -23,  -42,  -19,  -36,  -19,    0,  -37,  -23,    0,    0,    0,    0,    0,   -2,    0,    0,    0,    0,  -12,  -10,    0,    0,  -21,  -22,    0,    0,    0,    0,    0,    0,    0,    0,    0,  -59,  -59,    0,  -59,  -63,    0,    0,    0,    0,
       0,    0,    0,    0,    0,    0,    0, -124,    0,    0,    0,    0,  -22,    0,  -21,    0,    0,    0,    0,    0,    0,  -31,    0,   -7,  -29,    0,    0,    0,    3,    0,    0,    3,    0,    0,    0,  -22,    0,  -26,  -25,   -7,  -23,    0,    0,    0,  -16,  -25,  -21,   -8,  -14,    0,    0,   -7,    0,  -11,    0,    0,    0,    0,    0,    0,    0,    0,    0,    0,  -41,    0,    0,    0,    0,  -22,  -22,  -22,  -22,  -26,  -26,  -26,   19,    0,    0,    4,  -19,  -26,  -26,  -26,  -26,  -14,  -22,  -22,  -26,  -26,  -26,  -26,  -23,  -23,    0,    0,    0,    0,    0,    2,   10,    0,    0,    0,    0,  -16,   -2,  -26,  -12,  -21,  -21,   -8,    0,  -11,  -22,   20,  -26,  -14,  -19,  -23,  -23,    0,    0,   22,   -1,  -14,   58,    0,    0,  -17,   19,  -11,    0,    0,    0,    0,   -7,    0,    0,  -29,  -27,    5,  -31,  -28,    0,    0,   -8,    0,    0,    0,    0,  -10,  -22,  -12,  -16,  -38,  -26,  -12,  -18,  -16,  -40,   -7,    0,   -7,   -9,   -7,  -17,  -27,  -26,    0,  -21,    0,    4,    0,    0,  -16,    0,    0,    0,    0,    0,    0,    0,    0,    0,    0,    0,    0,    0,    0,    0,    0,    0,    0,  -16,    0,   -7,    4,   -7,    1,   -7,   -7,    0,  -19,    0,  -22,  -22,  -40,  -26,    0,  -19,  -19,  -18,    0,   -8,   -7,  -26,  -17,    0,   -9,    0,   -7,  -22,   22,  -22,  -26,    9,    0,    6,    0,    0,    0,    0,    0,    0,    0,   -7,   -7,
       0,    0,    0,   -2,    0,   -3,   -2,   -8,    0,    0,    0,    0,    0,    0,    0,   -2,    0,    0,    0,    0,    0,    0,    0,    0,    0,    0,    0,    0,    0,    0,    0,    0,    0,    0,  -12,    0,    0,    0,    0,    0,    0,    0,    0,    0,    0,    0,    0,    0,    0,    0,    0,    0,    0,    0,    0,  -10,    0,    0,    0,    0,    0,    0,    0,    0,    0,    0,    0,    0,    0,    0,    0,    0,    0,    0,    0,    0,    0,    0,    0,    0,    0,    0,    0,    0,    0,    0,    0,    0,    0,    0,    0,    0,    0,    0,    0,    0,    0,    0,    0,    0,    0,    0,    0,    0,    0,    0,    0,    0,    0,    0,    0,    0,    0,    0,    0,    0,    0,    0,    0,    0,    0,    0,    0,    0,    0,    0,    0,    0,    0,    0,    0,    0,    0,    0,    0,    0,    0,    0,    0,    0,    0,    0,    0,    0,    0,    0,    0,    0,    0,    0,    0,    0,    0,    0,    0,    0,    0,    0,    0,    0,    0,    0,    0,    0,    0,    0,    0,    0,    0,    0,    0,    0,    0,    0,    0,    0,    0,    0,    0,    0,    0,    0,    0,    0,    0,    0,    0,    0,    0,    0,    0,    0,    0,    0,    0,    0,    0,    0,    0,    0,    0,    0,    0,    0,    0,    0,    0,    0,    0,    0,    0,    0,    0,    0,    0,    0,    0,    0,    0,    0,    0,    0,    0,    0,    0,    0,    0,    0,    0,    0,    0,    0,    0,    0,    0,    0,    0,    0,
       0,    0,    0,    0,    0,    0,    0,    0,    0,    0,    0,    0,   -2,    0,    0,    0,    0,    0,    0,    0,    0,    0,    0,    0,    0,    0,    0,    0,    0,    0,    0,    0,    0,    0,    0,    0,    0,    0,    0,    0,    0,    0,    0,    0,    0,    0,    0,    0,    0,    0,    0,    0,    0,    0,    0,    0,    0,    0,    0,    0,    0,    0,    0,    0,    0,    0,    0,    0,    0,    0,    0,    0,    0,    0,    0,    0,    0,    0,    0,    0,    0,    0,    0,    0,    0,    0,    0,    0,    0,    0,    0,    0,    0,    0,    0,    0,    0,    0,    0,    0,    0,    0,    0,    0,    0,    0,    0,    0,    0,    0,    0,    0,    0,    0,    0,    0,    0,    0,    0,    0,    0,    0,    0,    0,    0,    0,    0,    0,    0,    0,    0,    0,    0,    0,    0,    0,    0,    0,    0,    0,    0,    0,    0,    0,    0,    0,    0,    0,    0,    0,    0,    0,    0,    0,    0,    0,    0,    0,    0,    0,    0,    0,    0,    0,    0,    0,    0,    0,    0,    0,    0,    0,    0,    0,    0,    0,    0,    0,    0,    0,    0,    0,    0,    0,    0,    0,    0,    0,    0,    0,    0,    0,    0,    0,    0,    0,    0,    0,    0,    0,    0,    0,    0,    0,    0,    0,    0,    0,    0,    0,    0,    0,    0,    0,    0,    0,    0,    0,    0,    0,    0,    0,    0,    0,    0,    0,    0,    0,    0,    0,    0,    0,    0,    0,    0,    0,    0,    0,
       0,    0,    0,    0,    0,    0,    0,    0,    0,    0,    0,    0,    0,    0,    0,    0,    0,    0,    0,    0,    0,    0,    0,    0,    0,    0,    0,    0,    0,    0,    0,    0,    0,    0,   -3,    0,    0,    0,    0,    0,    0,    0,    0,    0,    0,    0,    0,    0,    0,    0,    0,    0,    0,    0,    0,   -2,    0,    0,    0,    0,    0,    0,    0,    0,    0,    0,    0,    0,    0,    0,    0,    0,    0,    0,    0,    0,    0,    0,    0,    0,    0,    0,    0,    0,    0,    0,    0,    0,    0,    0,    0,    0,    0,    0,    0,    0,    0,    0,    0,    0,    0,    0,    0,    0,    0,    0,    0,    0,    0,    0,    0,    0,    0,    0,    0,    0,    0,    0,    0,    0,    0,    0,    0,    0,    0,    0,    0,    0,    0,    0,    0,    0,    0,    0,    0,    0,    0,    0,    0,    0,    0,    0,    0,    0,    0,    0,    0,    0,    0,    0,    0,    0,    0,    0,    0,    0,    0,    0,    0,    0,    0,    0,    0,    0,    0,    0,    0,    0,    0,    0,    0,    0,    0,    0,    0,    0,    0,    0,    0,    0,    0,    0,    0,    0,    0,    0,    0,    0,    0,    0,    0,    0,    0,    0,    0,    0,    0,    0,    0,    0,    0,    0,    0,    0,    0,    0,    0,    0,    0,    0,    0,    0,    0,    0,    0,    0,    0,    0,    0,    0,    0,    0,    0,    0,    0,    0,    0,    0,    0,    0,    0,    0,    0,    0,    0,    0,    0,    0,
       0,   -3,    0,   -2,    0,    0,    0,    0,    0,   -2,   -2,    0,    0,    0,    0,   -3,   -2,    0,    0,    0,    0,    0,    0,    0,    0,    0,    0,    0,    0,    0,    0,    0,    0,   -3,   -3,    0,    0,    0,    0,    0,    0,    0,    0,    0,    0,    0,    0,    0,    0,    0,    0,    0,    0,    0,    0,   -2,    0,    0,    0,    0,    0,   -3,    0,    0,    0,    0,    0,    0,    0,    0,    0,    0,    0,    0,    0,    0,    0,    0,    0,    0,    0,    0,    0,    0,    0,    0,    0,    0,    0,    0,    0,    0,    0,    0,    0,    0,    0,    0,    0,    0,    0,    0,    0,    0,    0,    0,    0,    0,    0,    0,    0,    0,    0,    0,    0,    0,    0,    0,    0,    0,    0,    0,    0,    0,    0,    0,    0,    0,    0,    0,    0,    0,    0,    0,    0,    0,    0,    0,    0,    0,    0,    0,    0,    0,    0,    0,    0,    0,    0,    0,    0,    0,    0,    0,    0,    0,    0,    0,    0,    0,    0,    0,    0,    0,    0,    0,    0,    0,    0,    0,    0,    0,    0,    0,    0,    0,    0,    0,    0,    0,    0,    0,    0,    0,    0,    0,    0,    0,    0,    0,    0,    0,    0,    0,    0,    0,    0,    0,    0,    0,    0,    0,    0,    0,    0,    0,    0,    0,    0,    0,    0,    0,    0,    0,    0,    0,    0,    0,    0,    0,    0,    0,    0,    0,    0,    0,    0,    0,    0,    0,    0,    0,    0,    0,    0,    0,    0,    0,
       0,    0,    0,    0,    0,    0,    0,    0,    0,   -2,    0,    0,    0,    0,    0,    0,    0,    0,    0,    0,    0,    0,    0,    0,    0,    0,    0,    0,    0,    0,    0,    0,    0,    0,    0,    0,    0,    0,    0,    0,    0,    0,    0,    0,    0,    0,    0,    0,    0,    0,    0,    0,    0,    0,    0,    0,    0,    0,    0,    0,    0,    0,    0,    0,    0,    0,    0,    0,    0,    0,    0,    0,    0,    0,    0,    0,    0,    0,    0,    0,    0,    0,    0,    0,    0,    0,    0,    0,    0,    0,    0,    0,    0,    0,    0,    0,    0,    0,    0,    0,    0,    0,    0,    0,    0,    0,    0,    0,    0,    0,    0,    0,    0,    0,    0,    0,    0,    0,    0,    0,    0,    0,    0,    0,    0,    0,    0,    0,    0,    0,    0,    0,    0,    0,    0,    0,    0,    0,    0,    0,    0,    0,    0,    0,    0,    0,    0,    0,    0,    0,    0,    0,    0,    0,    0,    0,    0,    0,    0,    0,    0,    0,    0,    0,    0,    0,    0,    0,    0,    0,    0,    0,    0,    0,    0,    0,    0,    0,    0,    0,    0,    0,    0,    0,    0,    0,    0,    0,    0,    0,    0,    0,    0,    0,    0,    0,    0,    0,    0,    0,    0,    0,    0,    0,    0,    0,    0,    0,    0,    0,    0,    0,    0,    0,    0,    0,    0,    0,    0,    0,    0,    0,    0,    0,    0,    0,    0,    0,    0,    0,    0,    0,    0,    0,    0,    0,    0,    0,
       0,   -3,    0,    0,    0,    0,    0,    0,    0,  -16,    0,    0,    0,    0,    0,   -3,    0,    0,    0,    0,    0,    0,    0,    0,    0,    0,    0,    0,    0,    0,    0,    0,    0,   -2,   -3,    0,    0,    0,    0,    0,    0,    0,    0,    0,    0,    0,    0,    0,    0,    0,    0,    0,    0,    0,    0,   -2,    0,    0,    0,    0,    0,   -3,    0,    0,    0,    0,    0,    0,    0,    0,    0,    0,    0,    0,    0,    0,    0,    0,    0,    0,    0,    0,    0,    0,    0,    0,    0,    0,    0,    0,    0,    0,    0,    0,    0,    0,    0,    0,    0,    0,    0,    0,    0,    0,    0,    0,    0,    0,    0,    0,    0,    0,    0,    0,    0,    0,    0,    0,    0,    0,    0,    0,    0,    0,    0,    0,    0,    0,    0,    0,    0,    0,    0,    0,    0,    0,    0,    0,    0,    0,    0,    0,    0,    0,    0,    0,    0,    0,    0,    0,    0,    0,    0,    0,    0,    0,    0,    0,    0,    0,    0,    0,    0,    0,    0,    0,    0,    0,    0,    0,    0,    0,    0,    0,    0,    0,    0,    0,    0,    0,    0,    0,    0,    0,    0,    0,    0,    0,    0,    0,    0,    0,    0,    0,    0,    0,    0,    0,    0,    0,    0,    0,    0,    0,    0,    0,    0,    0,    0,    0,    0,    0,    0,    0,    0,    0,    0,    0,    0,    0,    0,    0,    0,    0,    0,    0,    0,    0,    0,    0,    0,    0,    0,    0,    0,    0,    0,    0,
       0,    0,    0,    0,    0,  -38,  -37,  -36,    0,    0,    0,    0,  -21,    0,  -19,    0,    0,    0,    0,    0,    0,    0,    0,    0,    0,    0,    0,    0,    0,    0,    0,    0,    0,    0,    0,    0,    0,    0,    0,    0,    0,    0,    0,    0,    0,    0,    0,    0,    0,    0,    0,    0,    0,    0,    0,    0,    0,    0,    0,    0,  -15,    0,    0,    0,    0,    0,    0,    0,    0,    0,    0,    0,    0,    0,    0,    0,    0,    0,    0,    0,    0,    0,    0,    0,    0,    0,    0,    0,    0,    0,    0,    0,    0,    0,    0,    0,    0,    0,    0,    0,    0,    0,    0,    0,    0,    0,    0,    0,    0,    0,    0,    0,    0,    0,    0,    0,    0,    0,    0,    0,    0,    0,    0,    0,    0,    0,    0,    0,    0,    0,    0,    0,    0,    0,    0,    0,    0,    0,    0,    0,    0,    0,    0,    0,    0,    0,    0,    0,    0,    0,    0,    0,    0,    0,    0,    0,    0,    0,    0,    0,    0,    0,    0,    0,    0,    0,    0,    0,    0,    0,    0,    0,    0,    0,    0,    0,    0,    0,    0,    0,    0,    0,    0,    0,    0,    0,    0,    0,    0,    0,    0,    0,    0,    0,    0,    0,    0,    0,    0,    0,    0,    0,    0,    0,    0,    0,    0,    0,    0,    0,    0,    0,    0,    0,    0,    0,    0,    0,    0,    0,    0,    0,    0,    0,    0,    0,    0,    0,    0,    0,    0,    0,    0,    0,    0,  -15,    0,    0,
       0,    0,    0,    0,    0,  -28,  -28,  -24,    0,    0,    0,    0,   -2,    0,   -2,    0,    0,    0,    0,    0,    0,    0,    0,    0,    0,    0,    0,    0,    0,    0,    0,    0,    0,    0,  -10,    0,    0,    0,    0,    0,    0,    0,    0,    0,    0,    0,    0,    0,    0,    0,    0,    0,    0,    0,    0,   -3,    0,    0,    0,    0,    0,    0,    0,    0,    0,    0,    0,    0,    0,    0,    0,    0,    0,    0,    0,    0,    0,    0,    0,    0,    0,    0,    0,    0,    0,    0,    0,    0,    0,    0,    0,    0,    0,    0,    0,    0,    0,    0,    0,    0,    0,    0,    0,    0,    0,    0,    0,    0,    0,    0,    0,    0,    0,    0,    0,    0,    0,    0,    0,    0,    0,    0,    0,    0,    0,    0,    0,    0,    0,    0,    0,    0,    0,    0,    0,    0,    0,    0,    0,    0,    0,    0,    0,    0,    0,    0,    0,    0,    0,    0,    0,    0,    0,    0,    0,    0,    0,    0,    0,    0,    0,    0,    0,    0,    0,    0,    0,    0,    0,    0,    0,    0,    0,    0,    0,    0,    0,    0,    0,    0,    0,    0,    0,    0,    0,    0,    0,    0,    0,    0,    0,    0,    0,    0,    0,    0,    0,    0,    0,    0,    0,    0,    0,    0,    0,    0,    0,    0,    0,    0,    0,    0,    0,    0,    0,    0,    0,    0,    0,    0,    0,    0,    0,    0,    0,    0,    0,    0,    0,    0,    0,    0,    0,    0,    0,    0,    0,    0,
       0,    0,    0,    0,    0,    0,    0,    0,    0,    0,    0,    0,    0,    0,    0,    0,    0,    0,    0,    0,    0,    0,    0,    0,    0,    0,  -27,    0,  -11,   -7,    0,  -22,    0,    0,    0,    0,    0,    0,    0,    0,    0,    0,    0,    0,    0,    0,    0,    0,    0,    0,    0,    0,    0,    0,    0,    0,    0,    0,    0,    0,    0,    0,    0,    0,    0,    0,    0,    0,    0,    0,    0,    0,    0,    0,    0,    0,    0,    0,    0,    0,    0,    0,    0,    0,    0,    0,    0,    0,    0,    0,    0,    0,    0,    0,    0,    0,    0,    0,    0,    0,    0,    0,    0,    0,    0,    0,    0,    0,    0,    0,    0,    0,  -19,    0,    0,    0,    0,    0,    0,    0,    0,    0,    0,    0,    0,    0,    0,    0,    0,    0,    0,    0,    0,    0,    0,  -27,    0,    0,    0,    0,    0,  -10,    0,    0,    0,    0,    0,    0,    0,  -25,    0,    0,    0,    0,    0,    0,    0,    0,    0,    0,    0,    0,    0,    0,    0,    0,    0,    0,    0,    0,    0,    0,    0,    0,    0,    0,    0,    0,    0,    0,    0,    0,    0,    0,    0,    0,    0,    0,    0,    0,    0,    0,    0,    0,    0,    0,    0,  -21,    0,  -21,    0,    0,    0,    0,    0,    0,    0,    0,    0,    0,    0,    0,    0,    0,    0,    0,    0,    0,    0,    0,    0,    0,    0,    0,    0,    0,    0,    0,    0,    0,    0,    0,    0,    0,    0,    0,    0,    0,
       0,    0,    0,    0,    0,    0,    0,    0,    0,    0,    0,    0,    0,    0,    0,    0,    0,    0,    0,    0,    0,    0,    0,    0,    0,    0,  -13,    0,   -8,    0,    0,  -19,    0,    0,    0,    0,    0,    0,    0,    0,    0,    0,    0,    0,    0,    0,    0,    0,    0,    0,    0,    0,    0,    0,    0,    0,    0,    0,    0,    0,    0,    0,    0,    0,    0,    0,    0,    0,    0,    0,    0,    0,    0,    0,    0,    0,    0,    0,    0,    0,    0,    0,    0,    0,    0,    0,    0,    0,    0,    0,    0,    0,    0,    0,    0,    0,    0,    0,    0,    0,    0,    0,    0,    0,    0,    0,    0,    0,    0,    0,    0,    0,  -13,    0,    0,    0,    0,    0,    0,    0,    0,    0,    0,    0,    0,    0,    0,    0,    0,    0,    0,    0,    0,    0,    0,    0,    0,    0,    0,    0,    0,    0,    0,    0,    0,    0,    0,    0,    0,    0,    0,    0,    0,    0,    0,    0,    0,    0,    0,    0,    0,    0,    0,    0,    0,    0,    0,    0,    0,    0,    0,    0,    0,    0,    0,    0,    0,    0,    0,    0,    0,    0,    0,    0,    0,    0,    0,    0,    0,    0,    0,    0,    0,    0,    0,    0,    0,    0,    0,    0,    0,    0,    0,    0,    0,    0,    0,    0,    0,    0,    0,    0,    0,    0,    0,    0,    0,    0,    0,    0,    0,    0,    0,    0,    0,    0,    0,    0,    0,    0,    0,    0,    0,    0,    0,    0,    0,    0,
       0,  -32,    0,    0,  -30,    0,    0,    0,    0,    0,    0,    0,    0,    0,    0,    0,    0,    0,    0,    0,    0,    0,    0,  -11,    0,    0,  -38,  -10,  -31,  -25,    0,  -40,    0,  -31,   -9,    0,   -1,   -7,   -6,  -12,    0,   -1,   -1,   -1,   -1,   -6,    0,  -17,   -6,  -22,  -16,    0,  -24,    0,    0,   -2,  -18,   -7,  -27,    0,    0,    0,  -30,    0,    0,    0,    0,    0,   -1,    0,    0,    0,    0,   -7,   -7,   -7,   -1,   -1,   -1,   -1,   -6,   -7,   -7,   -7,   -7,   -6,    0,    0,   -7,   -7,   -7,   -7,    0,    0,   -1,   -1,    0,   -1,    0,   -1,   -1,   -1,   -1,   -1,   -1,   -1,   -1,   -7,   -1,    0,    0,  -17,  -72,    0,    0,   -1,   -7,   -6,   -5,   15,    0,   -2,  -23,   -1,    0,   -7,   -1,    0,   -1,   -7,   -1,   -6,  -23,    0,    0,    0,    0,    0,    0,    0,    0,    0,    0,    0,    0,    0,    0,    0,    0,    0,    0,    0,    0,    0,    0,    0,    0,    0,    0,    0,    0,    0,    0,    0,    0,    0,    0,    0,    0,    0,    0,    0,    0,    0,    0,    0,    0,    0,    0,    0,    0,    0,    0,    0,    0,    0,    0,    0,    0,    0,    0,    0,    0,    0,    0,    0,    0,    0,    0,    0,    0,    0,    0,    0,    0,    0,    0,    0,    0,    0,    0,    0,    0,    0,    0,    0,    0,    0,    0,    0,    0,    0,    0,    0,    0,   -7,   -7,   -1,   -7,  -32,  -30,    0,  -35,  -35,  -11,    0,  -12,  -12,
       0,    0,    0,    0,    0,    0,    0,    0,    0,    0,    0,    0,    0,    0,    0,    0,    0,    0,    0,    0,    0,   -6,    0,    0,   -2,    0,   -4,    0,   -8,   -5,   -5,  -13,    0,    0,   -3,   -4,   -5,   -4,   -4,   -8,  -10,   -5,   -5,   -5,   -5,   -4,  -10,   -7,   -5,   -6,   -1,   -9,   -6,   -8,    0,   -2,    0,    0,    0,    0,    0,    0,    0,    0,  -11,    0,    0,    0,   -5,   -4,   -4,   -4,   -4,   -4,   -4,   -4,   -5,   -5,   -1,   -5,   -4,   -4,   -4,   -4,   -4,   -5,   -4,   -4,   -4,   -4,   -4,   -4,  -10,  -10,   -5,   -5,    0,   -5,    0,   -5,   -5,   -5,    1,   -1,   -5,   -5,   -5,   -4,   -5,  -10,  -10,   -7,   -7,   -8,   -4,   -5,   -4,   -5,   -3,  -10,  -10,    0,   -5,   -5,   -4,   -4,   -5,    0,   -5,   -4,   -5,   -5,   -5,    0,    0,    0,    0,    0,    0,    0,    0,    0,    0,    0,    0,    0,    0,    0,    0,    0,    0,    0,    0,    0,    0,    0,    0,    0,    0,    0,    0,    0,    0,    0,    0,    0,    0,    0,    0,    0,    0,    0,    0,    0,    0,    0,    0,    0,    0,    0,    0,    0,    0,    0,    0,    0,    0,    0,    0,    0,    0,    0,    0,    0,    0,    0,    0,    0,    0,    0,    0,    0,    0,    0,    0,    0,    0,    0,    0,    0,    0,    0,    0,    0,    0,    0,    0,    0,    0,    0,    0,    0,   -4,   -4,   -4,   -4,   -4,   -5,   -4,    0,    0,    0,    0,    0,    0,    0,   -8,   -8,
       0,    0,    0,    0,    3,    0,    0,    0,    0,    0,    0,    0,    0,    0,    0,    0,    0,    0,    0,    0,    0,    0,    0,   -8,    0,    0,    0,    0,    0,    0,    0,    0,    0,    0,    0,    0,    0,   -6,   -5,   -8,   -6,    0,    0,    0,   -1,   -5,    0,   -9,   -4,   -9,   -6,    0,   -9,    0,    0,    0,    0,    0,    0,    0,    0,    0,    0,    0,   -5,    0,    0,    0,    0,    0,    0,    0,    0,   -6,   -6,   -6,    0,    0,    8,   17,   -5,   -6,   -6,   -6,   -6,   -4,    0,    0,   -6,   -6,   -6,   -6,   -6,   -6,    0,    9,    0,   14,    0,    9,    5,   -1,   10,    0,    0,   -1,   -1,   -6,   -1,    0,    0,   -9,    0,    0,    0,    0,   -6,   -4,    0,   -6,   -6,    0,   -7,    0,    0,   -6,    0,    0,    0,   -6,   -1,   -4,   -7,    0,    0,    0,    0,    0,    0,    0,    0,    0,    0,    0,    0,    0,    0,    0,    0,    0,    0,    0,    0,    0,    0,    0,    0,    0,    0,    0,    0,    0,    0,    0,    0,    0,    0,    0,    0,    0,    0,    0,    0,    0,    0,    0,    0,    0,    0,    0,    0,    0,    0,    0,    0,    0,    0,    0,    0,    0,    0,    0,    0,    0,    0,    0,    0,    0,    0,    0,    0,    0,    0,    0,    0,    0,    0,    0,    0,    0,    0,    0,    0,    0,    0,    0,    0,    0,    0,    0,    0,    0,    0,    0,    0,   -6,   -6,    0,   -6,    0,    0,    0,    0,    0,    0,    0,   -8,   -8,
       0,    0,    0,  -10,    0,  -11,  -10,   -9,    0,    0,    0,    0,    0,    0,    0,    0,    0,    0,    0,    0,    0,  -12,    0,    0,  -17,    0,  -14,    0,  -13,   -8,  -15,  -23,   -9,    0,  -13,   -7,   -4,   -3,   -3,   -3,   -6,   -5,   -5,   -4,   -5,   -3,   -4,   -1,   -4,   -1,    0,   -8,   -2,   -6,    0,  -11,    0,    0,    0,    0,    0,    0,    0,    0,  -20,    0,    0,   -4,   -4,   -7,   -7,   -7,   -7,   -3,   -3,   -3,   -5,   -5,   -5,   -5,   -5,   -3,   -3,   -3,   -3,   -4,   -7,   -7,   -3,   -3,   -3,   -3,   -6,   -6,   -4,   -4,    0,   -5,    0,   -5,   -5,   -5,   -5,   -5,   -4,   -5,   -5,   -3,   -5,   -4,   -4,   -1,  -21,   -6,   -7,   -5,   -3,   -4,   -1,   -6,   -6,   -7,    0,   -5,   -7,   -3,   -5,    0,   -5,   -3,   -5,   -4,    0,    0,    0,    0,    0,    0,    0,    0,    0,    0,    0,    0,    0,    0,    0,    0,    0,    0,    0,    0,    0,    0,    0,    0,    0,    0,    0,    0,    0,    0,    0,    0,    0,    0,    0,    0,    0,    0,    0,    0,    0,    0,    0,    0,    0,    0,    0,    0,    0,    0,    0,    0,    0,    0,    0,    0,    0,    0,    0,    0,    0,    0,    0,    0,    0,    0,    0,    0,    0,    0,    0,    0,    0,    0,    0,    0,    0,    0,    0,    0,    0,    0,    0,    0,    0,    0,    0,    0,    0,    0,   -7,   -7,   -7,   -3,   -3,   -5,   -3,    0,    0,  -10,    0,    0,    0,    0,   -3,   -3,
       0,    0,    0,    0,    0,    0,    0,    0,    0,    0,    0,    0,    0,    0,    0,    0,    0,    0,    0,    0,    0,    0,    0,   -8,    0,    0,    0,    0,    0,    0,    0,    0,    0,    0,    0,   -1,   -1,  -11,  -10,  -10,   -7,   -1,   -1,   -1,   -6,  -10,   -4,  -11,   -9,   -9,   -7,    0,   -9,    0,    0,    0,    0,    0,    0,   -2,    0,    0,    0,    0,    0,    0,    0,    0,   -6,   -1,   -1,   -1,   -1,  -11,  -11,  -11,    9,   -3,   11,    6,  -10,  -11,  -11,  -11,  -11,   -9,   -1,   -1,  -11,  -11,  -11,  -11,   -7,   -7,   -1,   -1,    0,    6,    0,   -1,    3,   -6,   13,    0,   -1,   -6,   -6,  -11,   -6,   -4,   -4,  -11,    0,    0,   -1,   13,  -11,   -9,   -7,   -7,   -7,    0,   -9,   -1,   -1,  -11,   -1,    0,   -1,  -11,   -6,   -9,   -9,    0,    0,    0,    0,    0,    0,    0,    0,    0,    0,    0,    0,    0,    0,    0,    0,    0,    0,    0,    0,    0,    0,    0,    0,    0,    0,    0,    0,    0,    0,    0,    0,    0,    0,    0,    0,    0,    0,    0,    0,    0,    0,    0,    0,    0,    0,    0,    0,    0,    0,    0,    0,    0,    0,    0,    0,    0,    0,    0,    0,    0,    0,    0,    0,    0,    0,    0,    0,    0,    0,    0,    0,    0,    0,    0,    0,    0,    0,    0,    0,    0,    0,    0,    0,    0,    0,    0,    0,    0,   -1,    6,   -1,  -11,  -18,   -1,  -11,    0,    0,    0,    0,    0,    0,    0,  -10,  -10,
       0,    0,    0,    0,    0,  -45,  -46,  -26,    0,    0,    0,    0,    0,    0,    0,    0,    0,   -6,   -6,    0,    0,  -32,    0,   -3,  -44,   -4,    0,    0,    0,    0,    0,    0,    0,    0,    0,  -36,   -4,  -24,  -24,  -12,  -26,   -1,   -1,   -4,  -22,  -24,  -25,  -12,  -19,   -7,   -6,  -11,   -7,  -19,    0,    0,  -13,    0,    0,  -13,   -8,    0,    0,  -11,  -44,    0,    0,    0,  -19,  -36,  -36,  -36,  -36,  -24,  -24,  -24,   12,  -11,   14,    9,  -28,  -24,  -24,  -24,  -24,  -19,  -36,  -36,  -24,  -24,  -24,  -24,  -26,  -26,   -4,   -3,    0,    9,    0,    2,    6,  -21,   15,    0,   -4,  -22,  -22,  -24,  -40,  -25,  -25,  -12,    0,  -19,  -36,   16,  -24,  -19,  -26,  -26,  -26,    0,   -7,   -1,  -36,  -24,   -1,    0,   -1,  -24,  -22,  -19,   -7,    0,    0,    0,    0,    0,    0,    0,    0,    0,    0,    0,    0,    0,    0,    0,    0,    0,    0,    0,    0,    0,    0,    0,    0,    0,    0,    0,    0,    0,    0,    0,    0,    0,    0,    0,    0,    0,    0,    0,    0,    0,    0,    0,    0,    0,    0,    0,    0,    0,    0,    0,    0,    0,    0,    0,    0,    0,    0,    0,    0,    0,    0,    0,    0,    0,    0,    0,    0,    0,    0,    0,    0,    0,    0,    0,    0,    0,    0,    0,    0,    0,    0,    0,    0,    0,    0,    0,    0,    0,  -36,  -34,  -36,  -24,  -29,   -1,  -32,    0,    0,  -45,    0,    0,    0,    0,  -12,  -12,
       0,    0,    0,    0,    0,    0,    0,    0,    0,    0,    0,    0,    0,    0,    0,    0,    0,    0,    0,    0,    0,   -5,    0,    0,    0,    0,   -1,    0,   -8,   -3,    0,  -10,    0,    0,   -2,   -1,   -1,   -3,   -3,   -9,   -5,   -1,   -1,   -1,   -4,   -3,   -3,   -8,   -4,   -9,   -5,   -4,   -9,   -4,    0,    0,    0,    0,    0,    0,    0,    0,    0,    0,   -5,    0,    0,    0,   -1,   -1,   -1,   -1,   -1,   -3,   -3,   -3,   -1,   -1,   -1,    3,   -3,   -3,   -3,   -3,   -3,   -4,   -1,   -1,   -3,   -3,   -3,   -3,   -5,   -5,   -1,   -1,    0,    1,    0,   -1,   -1,   -1,   -1,    0,   -1,   -4,   -4,   -3,   -4,   -3,   -3,   -8,   -1,   -4,   -1,   -1,   -3,   -4,   -3,   -5,   -5,    0,   -5,   -1,   -1,   -3,   -1,    0,   -1,   -3,   -4,   -4,   -5,    0,    0,    0,    0,    0,    0,    0,    0,    0,    0,    0,    0,    0,    0,    0,    0,    0,    0,    0,    0,    0,    0,    0,    0,    0,    0,    0,    0,    0,    0,    0,    0,    0,    0,    0,    0,    0,    0,    0,    0,    0,    0,    0,    0,    0,    0,    0,    0,    0,    0,    0,    0,    0,    0,    0,    0,    0,    0,    0,    0,    0,    0,    0,    0,    0,    0,    0,    0,    0,    0,    0,    0,    0,    0,    0,    0,    0,    0,    0,    0,    0,    0,    0,    0,    0,    0,    0,    0,    0,   -1,   -1,   -1,   -3,   -3,   -1,   -3,    0,    0,    0,    0,    0,    0,    0,   -9,   -9,
       0,    0,    0,    0,    0,    0,    0,    0,    0,    0,    0,    0,    0,    0,    0,    0,    0,    0,    0,    0,    0,    0,    0,    0,    0,    0,    0,    0,    0,    0,    0,    0,    0,    0,    0,   -7,   -4,   -8,   -8,   -8,   -9,   -4,   -4,   -4,   -4,   -8,   -7,   -7,   -5,   -6,   -4,   -1,   -6,   -5,    0,    0,    0,    0,    0,    0,    0,    0,    0,    0,    0,    0,    0,    0,   -4,   -7,   -7,   -7,   -7,   -8,   -8,   -8,   -4,   -4,   -5,   -4,   -9,   -8,   -8,   -8,   -8,   -5,   -7,   -7,   -8,   -8,   -8,   -8,   -9,   -9,   -4,   -4,    0,   -4,    0,   -4,   -4,   -4,   -3,    0,   -4,   -4,   -4,   -8,   -4,   -7,   -7,   -7,    0,   -5,   -7,   -4,   -8,   -5,   -7,   -9,   -9,    0,   -4,   -4,   -7,   -8,   -4,    0,   -4,   -8,   -4,   -5,   -4,    0,    0,    0,    0,    0,    0,    0,    0,    0,    0,    0,    0,    0,    0,    0,    0,    0,    0,    0,    0,    0,    0,    0,    0,    0,    0,    0,    0,    0,    0,    0,    0,    0,    0,    0,    0,    0,    0,    0,    0,    0,    0,    0,    0,    0,    0,    0,    0,    0,    0,    0,    0,    0,    0,    0,    0,    0,    0,    0,    0,    0,    0,    0,    0,    0,    0,    0,    0,    0,    0,    0,    0,    0,    0,    0,    0,    0,    0,    0,    0,    0,    0,    0,    0,    0,    0,    0,    0,    0,   -7,   -7,   -7,   -8,   -8,   -4,   -8,    0,    0,    0,    0,    0,    0,    0,   -8,   -8,
       0,    0,    0,    0,    0,   -3,   -2,   -7,    0,    0,    0,    0,    0,    0,    0,    0,    0,    0,    0,    0,    0,   -6,    0,    0,   -7,    0,    0,    0,    0,    0,    0,    0,    0,    0,    0,  -10,   -5,   -9,   -9,   -7,  -11,   -4,   -4,   -5,   -7,   -9,  -10,   -6,   -7,   -4,   -1,   -5,   -4,   -9,    0,    0,    0,    0,    0,    0,    0,    0,    0,    0,  -10,    0,    0,    0,   -5,  -10,  -10,  -10,  -10,   -9,   -9,   -9,   -4,  -11,   -3,   -4,  -10,   -9,   -9,   -9,   -9,   -7,  -10,  -10,   -9,   -9,   -9,   -9,  -11,  -11,   -5,   -5,    0,   -4,    0,   -4,   -4,  -11,   -1,    0,   -5,   -7,   -7,   -9,   -7,  -10,  -10,   -6,    0,   -9,  -10,   -3,   -9,   -7,   -7,  -11,  -11,    0,   -3,   -4,  -10,   -9,   -4,    0,   -4,   -9,   -7,   -7,   -3,    0,    0,    0,    0,    0,    0,    0,    0,    0,    0,    0,    0,    0,    0,    0,    0,    0,    0,    0,    0,    0,    0,    0,    0,    0,    0,    0,    0,    0,    0,    0,    0,    0,    0,    0,    0,    0,    0,    0,    0,    0,    0,    0,    0,    0,    0,    0,    0,    0,    0,    0,    0,    0,    0,    0,    0,    0,    0,    0,    0,    0,    0,    0,    0,    0,    0,    0,    0,    0,    0,    0,    0,    0,    0,    0,    0,    0,    0,    0,    0,    0,    0,    0,    0,    0,    0,    0,    0,    0,  -10,  -16,  -10,   -9,   -9,   -4,   -9,    0,    0,   -2,    0,    0,    0,    0,   -7,   -7,
       0,    0,    0,    0,    0,    0,    0,    0,    0,    0,    0,    0,    0,    0,    0,    0,    0,    0,    0,    0,    0,    0,    0,  -20,    0,    0,    0,    0,    0,    0,    0,    0,    0,    0,    0,   -1,    0,  -20,  -15,  -14,    0,    0,    0,    0,    0,  -15,   -1,  -22,  -14,  -27,  -22,    0,  -28,    0,    0,    0,    0,  -10,    0,  -15,  -14,    0,    0,    0,    0,    0,    0,    0,    0,   -1,   -1,   -1,   -1,  -20,  -20,  -20,   22,    0,    0,    5,  -18,  -20,  -20,  -20,  -31,  -14,   -1,   -1,  -20,  -20,  -20,  -20,    0,    0,    0,    0,    0,    0,    0,    4,   17,    0,    0,    0,    0,    0,    0,  -20,    0,   -1,   -1,  -22,    0,    0,   -1,   27,  -20,  -14,  -13,   17,    0,    0,  -13,    0,   -1,  -20,    0,    0,    0,  -20,    0,  -14,  -28,    0,    0,    0,    0,    0,    0,    0,    0,    0,    0,    0,    0,    0,    0,    0,    0,    0,    0,    0,    0,    0,    0,    0,    0,    0,    0,    0,    0,    0,    0,    0,    0,    0,    0,    0,    0,    0,    0,    0,    0,    0,    0,    0,    0,    0,    0,    0,    0,    0,    0,    0,    0,    0,    0,    0,    0,    0,    0,    0,    0,    0,    0,    0,    0,    0,    0,    0,    0,    0,    0,    0,    0,    0,    0,    0,    0,    0,    0,    0,    0,    0,    0,    0,    0,    0,    0,    0,    0,    0,   -1,   20,   -1,  -20,  -15,    0,  -18,    0,    0,    0,    0,    0,    0,    0,  -14,  -14,
       0,  -54,    0,    0,  -55,    0,    0,    0,    0,    0,    0,    0,    0,    0,    0,    0,    0,    0,    0,    0,    0,    0,    0,  -14,    0,    0,  -48,  -11,  -46,  -35,    0,  -51,    0,  -38,    0,    0,    0,  -14,  -10,  -19,    0,    0,    0,    0,    0,  -10,   -1,  -24,  -11,  -47,  -37,    0,  -48,    0,    0,    0,  -16,   -5,  -54,  -21,  -35,    0,  -54,   -4,    0,    0,    0,    0,    0,    0,    0,    0,    0,  -14,  -14,  -14,    0,    0,    0,    0,  -12,  -14,  -14,  -14,  -14,  -11,    0,    0,  -14,  -14,  -14,  -14,    0,    0,    0,    0,    0,    0,    0,    0,    0,    0,    0,    0,    0,    0,    0,  -14,    0,   -1,   -1,  -24,  -48,    0,    0,    0,  -14,  -11,   -9,    3,    0,    0,  -40,    0,    0,  -14,    0,    0,    0,  -14,    0,  -11,  -40,    0,    0,    0,    0,    0,    0,    0,    0,    0,    0,    0,    0,    0,    0,    0,    0,    0,    0,    0,    0,    0,    0,    0,    0,    0,    0,    0,    0,    0,    0,    0,    0,    0,    0,    0,    0,    0,    0,    0,    0,    0,    0,    0,    0,    0,    0,    0,    0,    0,    0,    0,    0,    0,    0,    0,    0,    0,    0,    0,    0,    0,    0,    0,    0,    0,    0,    0,    0,    0,    0,    0,    0,    0,    0,    0,    0,    0,    0,    0,    0,    0,    0,    0,    0,    0,    0,    0,    0,    0,    0,    0,    0,  -14,  -14,    0,  -14,  -54,  -54,    0,  -54,  -54,  -11,  -74,  -19,  -19,
       0,    0,    0,  -10,    0,  -11,  -11,   -9,    0,    0,    0,    0,    0,    0,    0,    0,    0,    0,    0,    0,    0,  -12,    0,    0,  -16,    0,  -13,    0,  -13,   -8,  -14,  -22,   -8,    0,  -13,   -6,   -4,   -3,   -3,   -3,   -5,   -4,   -4,   -4,   -5,   -3,   -4,   -1,   -3,   -1,    0,   -8,   -2,   -5,    0,  -11,    0,    0,    0,    0,    0,    0,    0,    0,  -20,    0,    0,   -4,   -4,   -6,   -6,   -6,   -6,   -3,   -3,   -3,   -4,   -4,   -4,   -4,   -4,   -3,   -3,   -3,   -3,   -3,   -6,   -6,   -3,   -3,   -3,   -3,   -5,   -5,   -4,   -4,    0,   -4,    0,   -4,   -4,   -4,   -4,   -5,   -4,   -5,   -5,   -3,   -5,   -4,   -4,   -1,  -21,   -5,   -6,   -4,   -3,   -3,   -1,   -5,   -5,   -7,    0,   -4,   -6,   -3,   -4,    0,   -4,   -3,   -5,   -3,    0,    0,    0,    0,    0,    0,    0,    0,    0,    0,    0,    0,    0,    0,    0,    0,    0,    0,    0,    0,    0,    0,    0,    0,    0,    0,    0,    0,    0,    0,    0,    0,    0,    0,    0,    0,    0,    0,    0,    0,    0,    0,    0,    0,    0,    0,    0,    0,    0,    0,    0,    0,    0,    0,    0,    0,    0,    0,    0,    0,    0,    0,    0,    0,    0,    0,    0,    0,    0,    0,    0,    0,    0,    0,    0,    0,    0,    0,    0,    0,    0,    0,    0,    0,    0,    0,    0,    0,    0,    0,   -6,   -6,   -6,   -3,   -3,   -4,   -3,    0,    0,  -10,    0,    0,    0,    0,   -3,   -3,
       0,    0,   -2,    0,    0,  -49,  -50,  -24,    0,    0,    0,    0,    0,    0,    0,    0,    0,    0,    0,    0,    0,  -27,    0,    0,  -43,    0,    0,    0,   -6,    0,   -6,  -10,    0,    0,   -2,   -8,   -1,  -13,  -13,    0,   -9,   -1,   -1,   -1,   -4,  -13,   -6,    0,   -1,    0,    0,    0,    0,    0,    0,    0,  -15,    0,    0,   -3,   -6,    0,    0,    0,  -44,    0,    0,    0,   -1,   -8,   -8,   -8,   -8,  -13,  -13,  -13,   -1,   -1,   14,   -1,  -22,  -13,  -13,  -13,  -13,   -1,   -8,   -8,  -13,  -13,  -13,  -13,   -9,   -9,   -1,    2,    0,    6,    0,   -1,   -1,   -2,   16,   -1,   -1,   -4,   -4,  -13,   -4,   -6,   -6,    0,    0,    0,   -8,   -1,  -13,   -1,   -4,   -9,   -9,   -1,    0,   -1,   -8,  -13,   -1,    0,   -1,  -13,   -4,   -1,    0,    0,    0,    0,    0,    0,    0,    0,    0,    0,    0,    0,    0,    0,    0,    0,    0,    0,    0,    0,    0,    0,    0,    0,    0,    0,    0,    0,    0,    0,    0,    0,    0,    0,    0,    0,    0,    0,    0,    0,    0,    0,    0,    0,    0,    0,    0,    0,    0,    0,    0,    0,    0,    0,    0,    0,    0,    0,    0,    0,    0,    0,    0,    0,    0,    0,    0,    0,    0,    0,    0,    0,    0,    0,    0,    0,    0,    0,    0,    0,    0,    0,    0,    0,    0,    0,    0,    0,    0,    0,   -8,   -8,   -8,  -13,  -13,   -1,  -13,    0,    0,  -49,    0,    0,    0,    0,    0,    0,
       0,    0,    0,   -6,    0,  -11,  -11,   -9,    0,    0,    0,    0,    0,    0,    0,    0,    0,    0,    0,    0,    0,  -12,    0,    0,  -16,    0,  -13,    0,  -13,   -8,  -14,  -22,   -8,    0,    2,   -6,   -4,   -3,   -3,   -3,   -5,   -4,   -4,   -4,   -5,   -3,   -4,   -1,   -3,   -1,    0,   -8,   -2,   -5,    0,    2,    0,    0,    0,    0,    0,    0,    0,    0,  -20,    0,    0,   -4,   -4,   -6,   -6,   -6,   -6,   -3,   -3,   -3,   -4,   -4,   -4,   -4,   -4,   -3,   -3,   -3,   -3,   -3,   -6,   -6,   -3,   -3,   -3,   -3,   -5,   -5,   -4,   -4,    0,   -4,    0,   -4,   -4,   -4,   -4,   -5,   -4,   -5,   -5,   -3,   -5,   -4,   -4,   -1,  -21,   -5,   -6,   -4,   -3,   -3,   -1,   -5,   -5,   -7,    0,   -4,   -6,   -3,   -4,    0,   -4,   -3,   -5,   -3,    0,    0,    0,    0,    0,    0,    0,    0,    0,    0,    0,    0,    0,    0,    0,    0,    0,    0,    0,    0,    0,    0,    0,    0,    0,    0,    0,    0,    0,    0,    0,    0,    0,    0,    0,    0,    0,    0,    0,    0,    0,    0,    0,    0,    0,    0,    0,    0,    0,    0,    0,    0,    0,    0,    0,    0,    0,    0,    0,    0,    0,    0,    0,    0,    0,    0,    0,    0,    0,    0,    0,    0,    0,    0,    0,    0,    0,    0,    0,    0,    0,    0,    0,    0,    0,    0,    0,    0,    0,    0,   -6,   -6,   -6,   -3,   -3,   -4,   -3,    0,    0,   -8,    0,    0,    0,    0,   -3,   -3,
       0,    0,    0,    0,    0,    0,    0,    0,    0,    0,    0,    0,    0,    0,    0,    0,    0,    0,    0,    0,    0,    0,    0,   -5,    0,    0,  -10,   -3,  -12,   -8,    0,  -18,    0,    0,    0,   -4,   -3,  -18,  -14,   -9,   -3,   -4,   -4,   -3,   -4,  -14,   -4,  -10,  -11,  -10,   -7,    0,  -10,    0,    0,    0,    0,    0,    0,  -11,    0,    0,    0,    0,    0,    0,    0,   -3,   -3,   -4,   -4,   -4,   -4,  -18,  -18,  -18,   -4,   -4,   -4,   -4,  -19,  -18,  -18,  -18,  -31,  -11,   -4,   -4,  -18,  -18,  -18,  -18,   -3,   -3,   -3,   -3,    0,   -4,    0,   -4,   -4,   -4,   -2,   -3,   -3,   -4,   -4,  -18,   -4,   -4,   -4,  -10,  -19,    0,   -4,   -4,  -18,  -11,  -12,   11,   -3,    0,  -11,   -4,   -4,  -18,   -4,    0,   -4,  -18,   -4,  -11,  -11,    0,    0,    0,    0,    0,    0,    0,    0,    0,    0,    0,    0,    0,    0,    0,    0,    0,    0,    0,    0,    0,    0,    0,    0,    0,    0,    0,    0,    0,    0,    0,    0,    0,    0,    0,    0,    0,    0,    0,    0,    0,    0,    0,    0,    0,    0,    0,    0,    0,    0,    0,    0,    0,    0,    0,    0,    0,    0,    0,    0,    0,    0,    0,    0,    0,    0,    0,    0,    0,    0,    0,    0,    0,    0,    0,    0,    0,    0,    0,    0,    0,    0,    0,    0,    0,    0,    0,    0,    0,   -4,   -4,   -4,  -18,  -18,   -4,  -18,    0,    0,    0,    0,    0,    0,    0,   -9,   -9,
       0,    0,    0,    0,    0,    0,    0,    0,    0,    0,    0,    0,    0,    0,    0,    0,    0,    0,    0,    0,    0,   -8,    0,    0,   -1,    0,    0,    0,   -8,   -2,   -1,   -9,    0,    0,   -2,   -3,   -4,   -1,   -1,  -13,   -7,   -1,   -1,   -4,   -5,   -1,   -6,  -12,   -5,  -13,   -8,  -13,  -14,   -9,    0,    0,    0,    0,    0,    0,    0,    0,    0,    0,  -13,    0,    0,    0,   -4,   -3,   -3,   -3,   -3,   -1,   -1,   -1,   -1,   -1,   -1,    3,   -1,   -1,   -1,   -1,   -1,   -5,   -3,   -3,   -1,   -1,   -1,   -1,   -7,   -7,   -4,   -4,    0,   -1,    0,   -1,   -1,   -1,   -1,   -1,   -4,   -5,   -5,   -1,   -5,   -6,   -6,  -12,    0,   -9,   -3,   -1,   -1,   -5,   -1,   -7,   -7,    0,   -8,   -1,   -3,   -1,   -1,    0,   -1,   -1,   -5,   -5,   -8,    0,    0,    0,    0,    0,    0,    0,    0,    0,    0,    0,    0,    0,    0,    0,    0,    0,    0,    0,    0,    0,    0,    0,    0,    0,    0,    0,    0,    0,    0,    0,    0,    0,    0,    0,    0,    0,    0,    0,    0,    0,    0,    0,    0,    0,    0,    0,    0,    0,    0,    0,    0,    0,    0,    0,    0,    0,    0,    0,    0,    0,    0,    0,    0,    0,    0,    0,    0,    0,    0,    0,    0,    0,    0,    0,    0,    0,    0,    0,    0,    0,    0,    0,    0,    0,    0,    0,    0,    0,   -3,   -3,   -3,   -1,   -1,   -1,   -1,    0,    0,    0,    0,    0,    0,    0,  -13,  -13,
       0,    0,  -15,    0,    0,  -36,  -35,  -34,    0,    0,    0,    0,    0,    0,    0,    0,    0,  -27,  -27,    0,  -21,  -38,    0,  -13,  -34,   -1,    0,    0,    0,    0,    0,    0,    0,    0,    0,  -59,   -5,  -64,  -63,  -29,  -63,   -2,   -2,   -5,  -54,  -63,  -59,  -35,  -50,  -46,  -46,  -46,  -45,  -50,    0,    0,  -16,   -4,    0,  -43,  -33,    0,    0,  -40,  -48,    0,    0,    0,  -28, -105, -101, -107, -101, -123, -119, -118,   15,  -22,   19,   12,  -45, -125, -122, -121,  -64,  -50, -114, -109, -117, -116,  -64, -118, -109, -118,   -5,    2,    0,   13,    0,    6,   11,  -51,   21,    0,   -5,  -54,  -54,  -64,  -72,  -91,  -86,  -35,    0,  -84,  -98,   22, -121,  -50,  -58,  -63, -108,    0,  -19,   -2,  -59,  -64,   -2,    0,   -2,  -64,  -54,  -50,  -48,    0,    0,    0,    0,    0,    0,    0,    0,    0,    0,    0,    0,    0,    0,    0,    0,    0,    0,    0,    0,    0,    0,    0,    0,    0,    0,    0,    0,    0,    0,    0,    0,    0,    0,    0,    0,    0,    0,    0,    0,    0,    0,    0,    0,    0,    0,    0,    0,    0,    0,    0,    0,    0,    0,    0,    0,    0,    0,    0,    0,    0,    0,    0,    0,    0,    0,    0,    0,    0,    0,    0,    0,    0,    0,    0,    0,    0,    0,    0,    0,    0,    0,    0,    0,    0,    0,    0,    0,    0,  -59,  -53,  -95, -125,  -75,   -2,  -77,    0,    0,  -34,    0,    0,    0,    0,  -62,  -61,
       0,    0,    0,    0,    0,  -10,   -9,   -9,    0,    0,    0,    0,    0,    0,    0,    0,    0,    0,    0,    0,    0,  -10,    0,    0,  -13,    0,    0,    0,    0,    0,    0,    0,    0,    0,    0,  -12,   -5,   -9,   -9,   -7,  -13,   -5,   -5,   -5,   -9,   -9,  -11,   -6,   -8,   -3,   -1,   -5,   -3,   -9,    0,    0,    0,    0,    0,    0,    0,    0,    0,    0,  -17,    0,    0,    0,  -13,  -12,  -12,  -12,  -12,   -9,   -9,   -9,   -5,  -13,   -3,   -5,  -11,   -9,   -9,   -9,   -9,   -8,  -12,  -12,   -9,   -9,   -9,   -9,  -13,  -13,   -5,   -5,    0,   -5,    0,   -5,   -5,  -13,   -1,   -1,   -5,   -9,   -9,   -9,   -9,  -11,  -11,   -6,    0,   -9,  -12,   -3,   -9,   -8,   -7,  -13,  -13,    0,   -3,   -5,  -12,   -9,   -5,    0,   -5,   -9,   -9,   -8,   -3,    0,    0,    0,    0,    0,    0,    0,    0,    0,    0,    0,    0,    0,    0,    0,    0,    0,    0,    0,    0,    0,    0,    0,    0,    0,    0,    0,    0,    0,    0,    0,    0,    0,    0,    0,    0,    0,    0,    0,    0,    0,    0,    0,    0,    0,    0,    0,    0,    0,    0,    0,    0,    0,    0,    0,    0,    0,    0,    0,    0,    0,    0,    0,    0,    0,    0,    0,    0,    0,    0,    0,    0,    0,    0,    0,    0,    0,    0,    0,    0,    0,    0,    0,    0,    0,    0,    0,    0,    0,  -12,  -18,  -12,   -9,   -9,   -5,   -9,    0,    0,   -8,    0,    0,    0,    0,   -7,   -7,
       0,    0,  -17,    5,    0,  -38,  -37,  -36,    0,    0,    0,    0,    0,    0,    0,    0,    0,  -11,  -11,    0,  -15,  -31,    0,  -13,  -37,  -10,    0,    0,    0,    0,    0,    0,    0,    3,    7,  -41,   -1,  -42,  -40,  -16,  -41,    0,    0,   -1,  -30,  -40,  -39,  -17,  -27,  -13,  -13,  -15,  -12,  -26,    0,    5,  -20,   -7,    0,  -28,  -17,    0,    0,  -19,  -44,    0,    0,    0,  -21,  -68,  -41,  -41,  -74,  -82,  -42,  -42,   29,  -14,   11,   17,  -37,  -42,  -42,  -42,  -42,  -27,  -41,  -74,  -42,  -76,  -42,  -78,  -41,  -78,   -1,    6,    0,   11,    0,   16,   23,  -29,   13,   -1,   -1,  -30,  -30,  -42,  -33,  -74,  -51,  -17,    0,  -41,  -64,   35,  -80,  -27,  -35,  -41,  -67,    0,   -2,    0,  -41,  -42,    0,    0,    0,  -42,  -30,  -27,  -13,    0,    0,    0,    0,    0,    0,    0,    0,    0,    0,    0,    0,    0,    0,    0,    0,    0,    0,    0,    0,    0,    0,    0,    0,    0,    0,    0,    0,    0,    0,    0,    0,    0,    0,    0,    0,    0,    0,    0,    0,    0,    0,    0,    0,    0,    0,    0,    0,    0,    0,    0,    0,    0,    0,    0,    0,    0,    0,    0,    0,    0,    0,    0,    0,    0,    0,    0,    0,    0,    0,    0,    0,    0,    0,    0,    0,    0,    0,    0,    0,    0,    0,    0,    0,    0,    0,    0,    0,    0,  -41,  -21,  -61,  -42,  -34,    5,  -37,    0,    0,  -36,    0,    0,    0,    0,  -16,  -16,
       0,    0,  -11,    0,    0,  -27,  -27,  -27,    0,    0,    0,    0,    0,    0,    0,    0,    0,   -7,   -7,    0,   -7,  -25,    0,   -8,  -33,   -4,    0,    0,    0,    0,    0,    0,    0,    0,    0,  -33,   -4,  -33,  -31,  -14,  -32,   -3,   -3,   -4,  -25,  -31,  -31,  -15,  -22,  -10,  -10,  -11,  -10,  -21,    0,    0,   -3,    0,    0,  -21,  -10,    0,    0,  -12,  -38,    0,    0,   -5,  -23,  -33,  -33,  -33,  -33,  -33,  -33,  -33,   20,  -17,    7,   10,  -34,  -33,  -33,  -33,  -33,  -22,  -33,  -33,  -33,  -33,  -33,  -33,  -32,  -32,   -4,    0,    0,    4,    0,    7,   15,  -26,    9,   -5,   -4,  -25,  -25,  -33,  -31,  -31,  -47,  -15,    0,  -21,  -59,   25,  -33,  -22,  -29,  -32,  -61,    0,   -5,   -3,  -33,  -33,   -3,    0,   -3,  -33,  -25,  -22,   -9,    0,    0,    0,    0,    0,    0,    0,    0,    0,    0,    0,    0,    0,    0,    0,    0,    0,    0,    0,    0,    0,    0,    0,    0,    0,    0,    0,    0,    0,    0,    0,    0,    0,    0,    0,    0,    0,    0,    0,    0,    0,    0,    0,    0,    0,    0,    0,    0,    0,    0,    0,    0,    0,    0,    0,    0,    0,    0,    0,    0,    0,    0,    0,    0,    0,    0,    0,    0,    0,    0,    0,    0,    0,    0,    0,    0,    0,    0,    0,    0,    0,    0,    0,    0,    0,    0,    0,    0,    0,  -33,  -16,  -57,  -33,  -28,   -3,  -31,    0,    0,  -26,    0,    0,    0,    0,  -14,  -14,
       0,    0,    0,    0,    0,    0,    0,    0,    0,    0,    0,    0,    0,    0,    0,    0,    0,    0,    0,    0,    0,    0,    0,  -15,    0,    0,    0,    0,    0,    0,    0,    0,    0,    0,    0,   -4,   -1,  -22,  -17,  -17,   -3,    0,    0,   -1,   -6,  -17,   -3,  -23,  -17,  -25,  -23,    0,  -26,    0,    0,    0,    0,   -9,    0,  -16,  -13,    0,    0,    0,    0,    0,    0,    0,   -6,   -4,   -4,   -4,   -4,  -22,  -22,  -22,   23,   -5,    0,    7,  -20,  -22,  -22,  -22,  -37,  -17,   -4,   -4,  -22,  -22,  -22,  -22,   -3,   -3,   -1,   -1,    0,    0,    0,    6,   18,   -5,    0,    0,   -1,   -6,   -6,  -22,   -6,   -3,   -3,  -23,    0,    0,   -4,   28,  -22,  -17,  -15,    8,   -3,    0,  -10,    0,   -4,  -22,    0,    0,    0,  -22,   -6,  -17,  -26,    0,    0,    0,    0,    0,    0,    0,    0,    0,    0,    0,    0,    0,    0,    0,    0,    0,    0,    0,    0,    0,    0,    0,    0,    0,    0,    0,    0,    0,    0,    0,    0,    0,    0,    0,    0,    0,    0,    0,    0,    0,    0,    0,    0,    0,    0,    0,    0,    0,    0,    0,    0,    0,    0,    0,    0,    0,    0,    0,    0,    0,    0,    0,    0,    0,    0,    0,    0,    0,    0,    0,    0,    0,    0,    0,    0,    0,    0,    0,    0,    0,    0,    0,    0,    0,    0,    0,    0,    0,   -4,   17,   -4,  -22,  -16,    0,  -18,    0,    0,    0,    0,    0,    0,    0,  -17,  -17,
       0,    0,  -23,    5,    0,  -42,  -42,  -42,    0,    0,    0,    0,    0,    0,    0,    0,    0,  -22,  -22,    0,  -26,  -40,    0,  -22,  -40,  -14,    0,    0,    0,    0,    0,    0,    0,    3,    7,  -61,   -1,  -60,  -59,  -28,  -54,    0,    0,   -1,  -47,  -59,  -58,  -30,  -46,  -30,  -29,  -29,  -29,  -41,    0,    5,  -22,  -17,    0,  -43,  -33,    0,    0,  -32,  -53,    0,    0,    0,  -29,  -93,  -61, -115, -102, -104,  -60, -114,   29,  -22,    0,   14,  -45, -107,  -60, -116,  -60,  -87, -109,  -98,  -60,  -98, -110, -100,  -54,  -93,   -1,   -1,    0,    7,    0,   13,   25,  -47,    0,   -1,   -4,  -86,  -47, -113,  -53, -109,  -75,  -30,    0,  -59,  -88,   35, -102,  -83,  -58,  -54,  -83,    0,   -5,    0,  -61,  -60,    0,    0,    0,  -60,  -47,  -46,  -30,    0,    0,    0,    0,    0,    0,    0,    0,    0,    0,    0,    0,    0,    0,    0,    0,    0,    0,    0,    0,    0,    0,    0,    0,    0,    0,    0,    0,    0,    0,    0,    0,    0,    0,    0,    0,    0,    0,    0,    0,    0,    0,    0,    0,    0,    0,    0,    0,    0,    0,    0,    0,    0,    0,    0,    0,    0,    0,    0,    0,    0,    0,    0,    0,    0,    0,    0,    0,    0,    0,    0,    0,    0,    0,    0,    0,    0,    0,    0,    0,    0,    0,    0,    0,    0,    0,    0,    0,    0, -117,  -44,  -86,  -60,  -56,    5,  -59,    0,    0,  -41,    0,    0,    0,    0,  -28,  -57,
       0,    0,    0,    0,    0,    0,    0,    0,    0,    0,    0,    0,    0,    0,    0,    0,    0,    0,    0,    0,    0,    0,    0,   -8,    0,    0,    0,    0,    0,    0,    0,    0,    0,    0,    0,   -1,   -1,  -11,  -10,  -13,   -7,   -1,   -1,   -1,   -7,  -10,   -4,  -14,  -11,  -15,  -12,    0,  -15,    0,    0,    0,    0,   -2,    0,   -2,   -2,    0,    0,    0,    0,    0,    0,    0,   -7,   -1,   -1,   -1,   -1,  -11,  -11,  -11,   14,   -5,    4,   11,  -10,  -11,  -11,  -11,  -11,  -11,   -1,   -1,  -11,  -11,  -11,  -11,   -7,   -7,   -1,    2,    0,    7,    0,    4,    8,   -7,    6,   -1,   -1,   -7,   -7,  -11,   -7,   -4,   -4,  -14,    0,    0,   -1,   18,  -11,  -11,   -7,   -7,   -7,    0,  -13,   -1,   -1,  -11,   -1,    0,   -1,  -11,   -7,  -11,  -13,    0,    0,    0,    0,    0,    0,    0,    0,    0,    0,    0,    0,    0,    0,    0,    0,    0,    0,    0,    0,    0,    0,    0,    0,    0,    0,    0,    0,    0,    0,    0,    0,    0,    0,    0,    0,    0,    0,    0,    0,    0,    0,    0,    0,    0,    0,    0,    0,    0,    0,    0,    0,    0,    0,    0,    0,    0,    0,    0,    0,    0,    0,    0,    0,    0,    0,    0,    0,    0,    0,    0,    0,    0,    0,    0,    0,    0,    0,    0,    0,    0,    0,    0,    0,    0,    0,    0,    0,    0,   -1,   12,   -1,  -11,  -13,   -1,  -16,    0,    0,    0,    0,    0,    0,    0,  -13,  -13,
       0,    0,    0,    0,    0,    0,    0,    0,  -12,   -9,   -2,   -3,  -12,   -2,  -15,    0,   -2,    0,    0,    0,    0,  -10,    0,  -13,    0,   -2,    0,    0,    7,    0,    0,    7,    0,    0,    0,  -15,    0,  -18,  -18,  -12,    0,    0,   16,    0,  -14,  -18,  -16,  -14,  -15,  -15,  -13,  -11,  -11,  -12,    0,    0,    0,    0,    0,    0,    0,    0,    0,    0,  -14,   20,   12,    0,    0,  -15,  -15,  -15,  -15,  -18,  -18,  -18,   22,    0,    0,   10,  -15,  -18,  -18,  -18,  -18,  -15,  -15,  -15,  -18,  -18,  -18,  -18,    0,    0,   30,    0,   20,    3,    8,   10,   15,    0,   16,   -3,    0,  -14,    3,  -18,   -9,  -16,  -16,  -14,    0,  -12,  -15,   25,  -18,  -15,  -16,    0,    0,    0,   11,   26,    2,  -10,   57,   16,    0,  -13,   21,  -10,   11,    0,    0,    0,  -13,   -2,   12,    0,    0,    8,   -3,    0,    0,   -2,  -14,    0,    0,    0,   -2,    0,  -15,  -14,  -14,    0,  -18,  -12,  -15,  -14,  -14,  -15,  -11,  -11,  -15,  -15,  -15,  -14,  -18,    0,  -16,    0,   10,   16,    0,  -14,  -11,    0,    0,    0,    0,    0,    0,    0,    0,    0,    0,    0,    0,    0,    0,    0,    0,    0,  -14,    0,  -15,    7,  -14,    4,  -14,  -11,  -10,  -18,    0,  -15,  -15,  -13,  -18,   -2,  -16,  -16,  -15,    0,    8,  -13,  -18,  -15,  -11,  -15,    0,  -11,  -15,   38,  -15,  -18,   25,    0,   23,    0,    0,    0,    0,    0,    0,    0,  -12,  -12,
       0,  -26,    0,    0,    0,    0,    0,    0,   -8,  -24,    0,    0,    0,    0,    0,    0,   -2,    0,    0,    0,    0,    0,    0,   -9,    0,    0,  -34,   -9,  -36,  -27,    0,  -42,    0,    0,    0,    0,    0,    0,    0,   -9,    0,    0,    0,    0,    0,    0,    0,  -12,    0,  -22,  -15,    0,  -20,    0,    0,    0,    0,    0,    0,    0,    0,    0,    0,    0,    0,    0,    0,    0,    0,    0,    0,    0,    0,    0,    0,    0,    0,    0,    0,    0,    0,    0,    0,    0,    0,    0,    0,    0,    0,    0,    0,    0,    0,    0,    0,    0,    0,    0,    0,    0,    0,    0,    0,    0,    0,    0,    0,    0,    0,    0,    0,  -12,  -31,    0,    0,    0,    0,    0,    0,    4,    0,    0,   -3,    0,    0,    0,    0,    0,    0,    0,    0,    0,   -3,    0,    0,  -34,   -9,    0,    0,    0,    0,  -15,    0,    0,    0,    0,  -14,    0,  -27,  -32,    0,    0,    0,   -9,    0,    0,    0,    0,    0,    0,    0,  -24,  -20,    0,  -18,  -22,    0,    0,    0,    0,    0,    0,    0,    0,    0,    0,  -20,    0,    0,    0,    0,    0,    0,    0,    0,    0,    0,    0,    0,    0,    0,    0,    0,    0,    0,    0,  -24,  -41,  -21,  -33,  -21,    0,  -20,  -18,    0,    0,    0,    0,    0,    0,    0,    0,    0,    0,   -3,   -9,    0,    0,  -20,  -18,    0,    0,    0,    0,    0,    0,    0,    0,    0,    0,  -25,    0,  -29,  -29,    0,    0,   -9,   -9,
       0,   -8,    0,   -9,  -11,    0,    0,    0,    0,    0,    0,    0,    0,    0,    0,    0,    0,    0,    0,  -13,    0,    0,   -6,   -5,    0,   -4,  -64,  -11,  -37,  -27,   -4,  -58,   -5,  -24,  -15,    0,    0,    0,    0,   -5,    0,    0,    0,    0,    0,    0,    0,   -4,    0,   -6,   -2,    0,   -8,    0,    0,  -13,    0,    0,   -5,    0,    0,    0,   -8,    0,    0,   -6,   -6,   -6,    0,    0,    0,    0,    0,    0,    0,    0,    0,    0,    0,    0,    0,    0,    0,    0,    0,    0,    0,    0,    0,    0,    0,    0,    0,    0,    0,    0,   -6,    0,   -6,    0,    0,    0,    0,   -6,    0,    0,    0,    0,    0,    0,    0,   -4,  -64,    0,    0,    0,    0,    0,    0,    0,    0,    0,   -1,    0,    0,    0,    0,   -6,    0,    0,    0,    0,   -1,    0,    0,    0,    0,    0,    0,    0,    0,    0,    0,    0,    0,    0,    0,    0,    0,    0,    0,    0,    0,    0,    0,    0,    0,    0,    0,    0,    0,    0,    0,    0,    0,    0,    0,    0,    0,    0,    0,    0,    0,    0,    0,    0,    0,    0,    0,    0,    0,    0,    0,    0,    0,    0,    0,    0,    0,    0,    0,    0,    0,    0,    0,    0,    0,    0,    0,    0,    0,    0,    0,    0,    0,    0,    0,    0,    0,    0,    0,    0,    0,    0,    0,    0,    0,    0,    0,    0,    0,    0,    0,    0,    0,    0,    0,    0,    0,  -10,   -8,    0,  -14,  -14,  -14,    0,   -5,   -5,
       0,  -12,    0,  -15,  -14,    0,    0,   -7,    0,    0,    0,    0,    0,    0,    0,    0,    0,    0,    0,  -17,    0,   -7,   -8,   -1,  -14,   -7,  -63,   -9,  -40,  -31,  -20,  -55,  -12,  -24,  -18,    0,    0,    0,    0,   -5,    0,    0,    0,    0,    0,    0,    0,   -4,    0,   -7,   -3,  -11,   -8,   -4,    0,  -16,    0,    0,   -8,    0,    0,    0,  -11,    0,    0,   -8,   -8,   -8,    0,    0,    0,    0,    0,    0,    0,    0,    0,    0,    0,    0,    0,    0,    0,    0,    0,    0,    0,    0,    0,    0,    0,    0,    0,    0,    0,    0,   -8,    0,   -8,    0,    0,    0,    0,   -8,    0,    0,    0,    0,    0,    0,    0,   -4,  -63,   -4,    0,    0,    0,    0,    0,    0,    0,    0,   -1,    0,    0,    0,    0,   -8,    0,    0,    0,    0,   -1,    0,    0,    0,    0,    0,    0,    0,    0,    0,    0,    0,    0,    0,    0,    0,    0,    0,    0,    0,    0,    0,    0,    0,    0,    0,    0,    0,    0,    0,    0,    0,    0,    0,    0,    0,    0,    0,    0,    0,    0,    0,    0,    0,    0,    0,    0,    0,    0,    0,    0,    0,    0,    0,    0,    0,    0,    0,    0,    0,    0,    0,    0,    0,    0,    0,    0,    0,    0,    0,    0,    0,    0,    0,    0,    0,    0,    0,    0,    0,    0,    0,    0,    0,    0,    0,    0,    0,    0,    0,    0,    0,    0,    0,    0,    0,    0,  -13,  -11,    0,  -17,  -17,  -17,    0,   -5,   -5,
       0,    0,    0,   -9,   -2,    0,    0,    0,    0,    0,    0,    0,    0,    0,    0,    0,    0,    0,    0,   -7,    0,    0,   -1,   -5,    0,   -1,  -55,   -8,  -31,  -23,    0,  -48,    0,  -17,  -15,    0,    0,   -5,   -3,    0,    0,    0,    0,    0,    0,   -3,    0,    0,    0,    0,    0,    0,    0,    0,    0,  -13,    0,    0,    0,  -10,   -2,    0,    0,    0,    0,   -1,   -1,   -1,    0,    0,    0,    0,    0,   -5,   -5,   -5,    0,    0,    0,    0,   -6,   -5,   -5,   -5,   -5,    0,    0,    0,   -5,   -5,   -5,   -5,    0,    0,    0,    0,   -1,    0,   -1,    0,    0,    0,    0,   -1,    0,    0,    0,   -5,    0,    0,    0,    0,  -55,    0,    0,    0,   -5,    0,    0,    0,    0,    0,    0,    0,    0,   -5,    0,   -1,    0,   -5,    0,    0,    0,    0,    0,    0,    0,    0,    0,    0,    0,    0,    0,    0,    0,    0,    0,    0,    0,    0,    0,    0,    0,    0,    0,    0,    0,    0,    0,    0,    0,    0,    0,    0,    0,    0,    0,    0,    0,    0,    0,    0,    0,    0,    0,    0,    0,    0,    0,    0,    0,    0,    0,    0,    0,    0,    0,    0,    0,    0,    0,    0,    0,    0,    0,    0,    0,    0,    0,    0,    0,    0,    0,    0,    0,    0,    0,    0,    0,    0,    0,    0,    0,    0,    0,    0,    0,    0,    0,    0,    0,    0,    0,    0,    0,   -5,   -5,    0,   -5,    0,   -1,    0,   -8,   -8,   -7,    0,    0,    0,
       0,    0,    0,    0,    0,    0,    0,    0,    0,    0,    0,    0,    0,    0,    0,    0,    0,    0,    0,    0,    0,   -1,   -4,   -4,   -2,   -1,   -5,   -5,   -1,   -4,   -1,   -1,   -4,    0,    0,    0,    0,    0,    0,    0,    0,    0,    0,    0,    0,    0,    0,    0,    0,    0,    0,    0,    0,    0,    0,    0,    0,    0,    0,    0,    0,    0,    0,    0,    0,   -4,   -4,   -4,    0,    0,    0,    0,    0,    0,    0,    0,    0,    0,    7,    0,    0,    0,    0,    0,    0,    0,    0,    0,    0,    0,    0,    0,    0,    0,    0,    0,   -4,    0,   -4,    0,    0,    0,    9,   -4,    0,    0,    0,    0,    0,    0,    0,    0,   -5,    0,    0,    7,    0,    0,    0,    0,    0,    0,    0,    8,    0,    0,   37,   -4,    0,    0,    6,    0,    0,    0,    0,    0,    0,    0,    0,    0,    0,    0,    0,    0,    0,    0,    0,    0,    0,    0,    0,    0,    0,    0,    0,    0,    0,    0,    0,    0,    0,    0,    0,    0,    0,    0,    0,    0,    0,    0,    0,    0,    0,    0,    0,    0,    0,    0,    0,    0,    0,    0,    0,    0,    0,    0,    0,    0,    0,    0,    0,    0,    0,    0,    0,    0,    0,    0,    0,    0,    0,    0,    0,    0,    0,    0,    0,    0,    0,    0,    0,    0,    0,    0,    0,    0,    0,    0,    0,    0,    0,    0,    0,    7,    0,    0,    0,    0,    0,    0,    0,    0,    0,    0,    0,    0,    0,    0,
       0,  -10,    0,  -12,  -12,    0,    0,    0,    0,    0,    0,    0,    0,    0,    0,    0,    0,    0,    0,  -14,    0,   -4,   -7,   -1,   -3,   -5,  -60,   -9,  -42,  -34,   -9,  -61,   -5,  -23,  -16,    0,    0,    0,    0,   -4,    0,    0,    0,    0,    0,    0,    0,   -3,    0,   -7,   -4,   -4,   -8,    0,    0,  -15,    0,    0,    0,    0,    0,    0,  -10,    0,    0,   -7,   -7,   -7,    0,    0,    0,    0,    0,    0,    0,    0,    0,    0,    0,    0,    0,    0,    0,    0,    0,    0,    0,    0,    0,    0,    0,    0,    0,    0,    0,    0,   -7,    0,   -7,    0,    0,    0,    0,   -7,    0,    0,    0,    0,    0,    0,    0,   -3,  -60,    0,    0,    0,    0,    0,    0,    0,    0,    0,   -1,    0,    0,    0,    0,   -7,    0,    0,    0,    0,   -1,    0,    0,    0,    0,    0,    0,    0,    0,    0,    0,    0,    0,    0,    0,    0,    0,    0,    0,    0,    0,    0,    0,    0,    0,    0,    0,    0,    0,    0,    0,    0,    0,    0,    0,    0,    0,    0,    0,    0,    0,    0,    0,    0,    0,    0,    0,    0,    0,    0,    0,    0,    0,    0,    0,    0,    0,    0,    0,    0,    0,    0,    0,    0,    0,    0,    0,    0,    0,    0,    0,    0,    0,    0,    0,    0,    0,    0,    0,    0,    0,    0,    0,    0,    0,    0,    0,    0,    0,    0,    0,    0,    0,    0,    0,    0,    0,  -11,   -9,    0,  -15,  -15,  -14,    0,   -4,   -4,
       0,    0,    0,    3,    0,  -12,  -11,  -16,    0,    0,    0,    0,    0,    0,    0,    0,    0,    0,    0,    0,    0,  -22,   -1,    0,  -33,   -1,    0,    0,   13,    7,    6,   13,    0,    0,    4,   -1,    0,   -7,   -7,    0,   -1,    0,    0,    0,    0,   -7,    0,    0,    0,    0,    0,    0,    0,    0,    0,    3,  -10,    0,    0,   -3,   -4,    0,    0,    0,    0,   -1,   -1,   -1,    0,   -1,   -1,   -1,   -1,   -7,   -7,   -7,   21,    0,    6,   21,  -14,   -7,   -7,   -7,   -7,    0,   -1,   -1,   -7,   -7,   -7,   -7,   -1,   -1,    0,    0,   -1,   17,   -1,   14,   18,    0,    8,   -1,    0,    0,   11,   -7,    0,    0,    0,    0,    0,    0,   -1,   29,   -7,    0,    0,   -1,   -1,    0,    0,   30,    6,   -7,   63,   -1,   13,   -7,   27,    0,    0,    0,    0,    0,    0,    0,    0,    0,    0,    0,    0,    0,    0,    0,    0,    0,    0,    0,    0,    0,    0,    0,    0,    0,    0,    0,    0,    0,    0,    0,    0,    0,    0,    0,    0,    0,    0,    0,    0,    0,    0,    0,    0,    0,    0,    0,    0,    0,    0,    0,    0,    0,    0,    0,    0,    0,    0,    0,    0,    0,    0,    0,    0,    0,    0,    0,    0,    0,    0,    0,    0,    0,    0,    0,    0,    0,    0,    0,    0,    0,    0,    0,    0,    0,    0,    0,    0,    0,    0,    0,   -1,   22,   -1,   -7,    2,    0,   -1,    0,    0,  -13,    0,    0,    0,    0,    0,    0,
       0,    0,    0,    0,    0,    0,    0,    0,    0,    0,    0,    0,    0,    0,    0,    0,    0,    0,    0,    0,    0,   -1,   -5,   -4,    0,   -1,  -50,   -6,  -22,  -16,   -1,  -38,   -1,  -10,    0,    0,    0,   -5,   -4,    0,   -1,    0,    0,    0,    0,   -4,    0,    0,    0,    0,    0,    0,    0,    0,    0,    0,    0,    0,    0,    0,    0,    0,    0,    0,    0,   -5,   -5,   -5,    0,    0,    0,    0,    0,   -5,   -5,   -5,    0,    0,    0,    0,   -7,   -5,   -5,   -5,   -5,    0,    0,    0,   -5,   -5,   -5,   -5,   -1,   -1,    0,    0,   -5,    0,   -5,    0,    0,    0,    0,   -5,    0,    0,    0,   -5,    0,    0,    0,    0,  -50,    0,    0,    0,   -5,    0,    0,   -1,   -1,    0,    0,    0,    0,   -5,    0,   -5,    0,   -5,    0,    0,    0,    0,    0,    0,    0,    0,    0,    0,    0,    0,    0,    0,    0,    0,    0,    0,    0,    0,    0,    0,    0,    0,    0,    0,    0,    0,    0,    0,    0,    0,    0,    0,    0,    0,    0,    0,    0,    0,    0,    0,    0,    0,    0,    0,    0,    0,    0,    0,    0,    0,    0,    0,    0,    0,    0,    0,    0,    0,    0,    0,    0,    0,    0,    0,    0,    0,    0,    0,    0,    0,    0,    0,    0,    0,    0,    0,    0,    0,    0,    0,    0,    0,    0,    0,    0,    0,    0,    0,    0,    0,    0,    0,    0,   -5,   -5,    0,   -5,    0,    0,    0,    0,    0,    0,    0,    0,    0,
       0,   -8,    0,   -9,  -11,    0,    0,    0,    0,    0,    0,    0,    0,    0,    0,    0,    0,    0,    0,  -13,    0,    0,   -6,   -5,    0,   -4,  -64,  -11,  -37,  -27,   -4,  -57,   -4,  -23,  -15,    0,    0,    0,    0,   -5,    0,    0,    0,    0,    0,    0,    0,   -4,    0,   -6,   -2,    0,   -7,    0,    0,  -13,    0,    0,    0,    0,    0,    0,   -7,    0,    0,   -6,   -6,   -6,    0,    0,    0,    0,    0,    0,    0,    0,    0,    0,    0,    0,    0,    0,    0,    0,    0,    0,    0,    0,    0,    0,    0,    0,    0,    0,    0,    0,   -6,    0,   -6,    0,    0,    0,    0,   -6,    0,    0,    0,    0,    0,    0,    0,   -4,  -64,    0,    0,    0,    0,    0,    0,    0,    0,    0,   -1,    0,    0,    0,    0,   -6,    0,    0,    0,    0,   -1,    0,    0,    0,    0,    0,    0,    0,    0,    0,    0,    0,    0,    0,    0,    0,    0,    0,    0,    0,    0,    0,    0,    0,    0,    0,    0,    0,    0,    0,    0,    0,    0,    0,    0,    0,    0,    0,    0,    0,    0,    0,    0,    0,    0,    0,    0,    0,    0,    0,    0,    0,    0,    0,    0,    0,    0,    0,    0,    0,    0,    0,    0,    0,    0,    0,    0,    0,    0,    0,    0,    0,    0,    0,    0,    0,    0,    0,    0,    0,    0,    0,    0,    0,    0,    0,    0,    0,    0,    0,    0,    0,    0,    0,    0,    0,    0,  -10,   -8,    0,  -13,  -13,  -14,    0,   -5,   -5,
       0,    0,    0,    0,    0,    0,    0,    0,    0,    0,    0,    0,    0,    0,    0,    0,    0,    0,    0,    0,    0,   -1,   -4,   -4,   -2,   -1,   -2,   -5,    0,   -3,    0,    0,   -3,    0,    0,    0,    0,    0,    0,    0,    0,    0,    0,    0,    0,    0,    0,    0,    0,    0,    0,    0,    0,    0,    0,    0,    0,    0,    0,    0,    0,    0,    0,    0,    0,   -4,   -4,   -4,    0,    0,    0,    0,    0,    0,    0,    0,    0,    0,    0,    5,    0,    0,    0,    0,    0,    0,    0,    0,    0,    0,    0,    0,    0,    0,    0,    0,   -4,    0,   -4,    0,    0,    0,    0,   -4,    0,    0,    0,    0,    0,    0,    0,    0,   -2,    0,    0,    0,    0,    0,    0,    0,    0,    0,    0,    0,    0,    0,   26,   -4,    0,    0,    0,    0,    0,    0,    0,    0,    0,    0,    0,    0,    0,    0,    0,    0,    0,    0,    0,    0,    0,    0,    0,    0,    0,    0,    0,    0,    0,    0,    0,    0,    0,    0,    0,    0,    0,    0,    0,    0,    0,    0,    0,    0,    0,    0,    0,    0,    0,    0,    0,    0,    0,    0,    0,    0,    0,    0,    0,    0,    0,    0,    0,    0,    0,    0,    0,    0,    0,    0,    0,    0,    0,    0,    0,    0,    0,    0,    0,    0,    0,    0,    0,    0,    0,    0,    0,    0,    0,    0,    0,    0,    0,    0,    0,    0,    0,    0,    0,    0,    0,    0,    0,    0,    0,    0,    0,    0,    0,    0,
       0,    0,    0,    0,    0,    0,    0,    0,    0,    0,    0,    0,    0,    0,    0,    0,    0,    0,    0,    0,    0,    0,    0,  -10,    0,    0,  -46,   -6,  -18,  -13,    0,  -30,    0,  -11,  -11,    0,    0,  -14,  -12,    0,    0,    0,    0,    0,    0,  -12,    0,    0,    0,    0,    0,    0,    0,    0,    0,   -3,    0,    0,    0,  -15,  -10,    0,    0,    0,    0,    0,    0,    0,    0,    0,    0,    0,    0,  -14,  -14,  -14,    0,    0,    0,    0,  -15,  -14,  -14,  -14,  -14,    0,    0,    0,  -14,  -14,  -14,  -14,    0,    0,    0,    0,    0,    0,    0,    0,    0,    0,    0,    0,    0,    0,    6,  -14,    0,    0,    0,    0,  -46,    0,    0,    0,  -14,    0,   -6,   12,    0,    0,    0,    0,    0,  -14,    0,    0,    0,  -14,    0,    0,    0,    0,    0,    0,    0,    0,    0,    0,    0,    0,    0,    0,    0,    0,    0,    0,    0,    0,    0,    0,    0,    0,    0,    0,    0,    0,    0,    0,    0,    0,    0,    0,    0,    0,    0,    0,    0,    0,    0,    0,    0,    0,    0,    0,    0,    0,    0,    0,    0,    0,    0,    0,    0,    0,    0,    0,    0,    0,    0,    0,    0,    0,    0,    0,    0,    0,    0,    0,    0,    0,    0,    0,    0,    0,    0,    0,    0,    0,    0,    0,    0,    0,    0,    0,    0,    0,    0,    0,    0,    0,    0,    0,    0,  -14,  -14,    0,  -14,    0,    0,    0,    0,    0,    0,    0,    0,    0,
       0,    0,    0,    0,    0,    0,    0,    0,    0,    0,    0,    0,    0,    0,    0,    0,    0,    0,    0,    0,    0,   -1,   -4,   -4,   -2,   -1,   -5,   -5,   -1,   -4,   -1,   -1,   -3,    0,    0,    0,    0,    0,    0,    0,    0,    0,    0,    0,    0,    0,    0,    0,    0,    0,    0,    0,    0,    0,    0,    0,    0,    0,    0,    0,    0,    0,    0,    0,    0,   -4,   -4,   -4,    0,    0,    0,    0,    0,    0,    0,    0,    0,    0,    7,    0,    0,    0,    0,    0,    0,    0,    0,    0,    0,    0,    0,    0,    0,    0,    0,    0,   -4,    0,   -4,    0,    0,    0,    9,   -4,    0,    0,    0,    0,    0,    0,    0,    0,   -5,    0,    0,    7,    0,    0,    0,    0,    0,    0,    0,    8,    0,    0,   37,   -4,    0,    0,    6,    0,    0,    0,    0,    0,    0,    0,    0,    0,    0,    0,    0,    0,    0,    0,    0,    0,    0,    0,    0,    0,    0,    0,    0,    0,    0,    0,    0,    0,    0,    0,    0,    0,    0,    0,    0,    0,    0,    0,    0,    0,    0,    0,    0,    0,    0,    0,    0,    0,    0,    0,    0,    0,    0,    0,    0,    0,    0,    0,    0,    0,    0,    0,    0,    0,    0,    0,    0,    0,    0,    0,    0,    0,    0,    0,    0,    0,    0,    0,    0,    0,    0,    0,    0,    0,    0,    0,    0,    0,    0,    0,    0,    7,    0,    0,    0,    0,    0,    0,    0,    0,    0,    0,    0,  -18,    0,    0,
       0,  -13,    0,  -16,  -14,    0,    0,    0,    0,    0,    0,    0,    0,    0,    0,    0,    0,    0,    0,  -17,    0,   -7,   -8,   -3,  -14,   -8,  -65,   -9,  -42,  -32,  -21,  -61,  -12,  -26,  -18,    0,    0,    0,    0,   -7,   -2,    0,    0,    0,    0,    0,    0,   -5,    0,   -9,   -5,  -12,  -10,   -5,    0,  -17,    0,    0,   -7,    0,    0,    0,  -11,    0,    0,   -8,   -8,   -8,    0,    0,    0,    0,    0,    0,    0,    0,    0,    0,    0,    0,    0,    0,    0,    0,    0,    0,    0,    0,    0,    0,    0,    0,   -2,   -2,    0,    0,   -8,    0,   -8,    0,    0,    0,    0,   -8,    0,    0,    0,    0,    0,    0,    0,   -5,  -65,   -5,    0,    0,    0,    0,    0,   -2,   -2,    0,   -3,    0,    0,    0,    0,   -8,    0,    0,    0,    0,   -3,    0,    0,    0,    0,    0,    0,    0,    0,    0,    0,    0,    0,    0,    0,    0,    0,    0,    0,    0,    0,    0,    0,    0,    0,    0,    0,    0,    0,    0,    0,    0,    0,    0,    0,    0,    0,    0,    0,    0,    0,    0,    0,    0,    0,    0,    0,    0,    0,    0,    0,    0,    0,    0,    0,    0,    0,    0,    0,    0,    0,    0,    0,    0,    0,    0,    0,    0,    0,    0,    0,    0,    0,    0,    0,    0,    0,    0,    0,    0,    0,    0,    0,    0,    0,    0,    0,    0,    0,    0,    0,    0,    0,    0,    0,    0,    0,  -13,  -11,    0,  -17,  -17,  -17,    0,   -7,   -7,
       0,    0,    0,   -2,    0,    0,    0,    0,    0,    0,    0,    0,    0,    0,    0,    0,    0,    0,    0,   -7,    0,    0,   -4,   -5,   -2,   -1,  -52,   -9,  -29,  -24,   -5,  -47,   -5,  -15,  -14,    0,    0,    0,    0,    0,    0,    0,    0,    0,    0,    0,    0,    0,    0,    0,    0,    0,    0,    0,    0,  -12,    0,    0,    0,    0,    0,    0,    0,    0,    0,   -4,   -4,   -4,    0,    0,    0,    0,    0,    0,    0,    0,    0,    0,    0,    0,    0,    0,    0,    0,    0,    0,    0,    0,    0,    0,    0,    0,    0,    0,    0,    0,   -4,    0,   -4,    0,    0,    0,    0,   -4,    0,    0,    0,    0,    0,    0,    0,    0,  -52,    0,    0,    0,    0,    0,    0,    0,    0,    0,    0,    0,    0,    0,    0,   -4,    0,    0,    0,    0,    0,    0,    0,    0,    0,    0,    0,    0,    0,    0,    0,    0,    0,    0,    0,    0,    0,    0,    0,    0,    0,    0,    0,    0,    0,    0,    0,    0,    0,    0,    0,    0,    0,    0,    0,    0,    0,    0,    0,    0,    0,    0,    0,    0,    0,    0,    0,    0,    0,    0,    0,    0,    0,    0,    0,    0,    0,    0,    0,    0,    0,    0,    0,    0,    0,    0,    0,    0,    0,    0,    0,    0,    0,    0,    0,    0,    0,    0,    0,    0,    0,    0,    0,    0,    0,    0,    0,    0,    0,    0,    0,    0,    0,    0,    0,    0,    0,    0,    0,    0,    0,    0,   -7,    0,    0,    0,
       0,    0,    0,  -11,    0,  -22,  -21,  -22,    0,    0,    0,    0,    0,    0,    0,    0,    0,    0,    0,    0,    0,  -29,   -5,    0,  -38,   -1,  -45,   -1,  -12,   -8,  -29,  -29,  -15,    0,  -14,   -3,    0,   -8,   -7,    0,   -3,    0,    0,    0,    0,   -7,   -1,    0,    0,    0,    0,    0,    0,    0,    0,  -12,  -11,    0,    0,   -4,   -5,    0,    0,    0,    0,   -5,   -5,   -5,    0,   -3,   -3,   -3,   -3,   -8,   -8,   -8,    0,    0,    0,    0,  -14,   -8,   -8,   -8,   -8,    0,   -3,   -3,   -8,   -8,   -8,   -8,   -3,   -3,    0,    0,   -5,    0,   -5,    0,    0,    0,    0,   -5,    0,    0,    7,   -8,    0,   -1,   -1,    0,  -45,    0,   -3,    0,   -8,    0,    0,   -3,   -3,    0,    0,    0,   -3,   -8,    0,   -5,    0,   -8,    0,    0,    0,    0,    0,    0,    0,    0,    0,    0,    0,    0,    0,    0,    0,    0,    0,    0,    0,    0,    0,    0,    0,    0,    0,    0,    0,    0,    0,    0,    0,    0,    0,    0,    0,    0,    0,    0,    0,    0,    0,    0,    0,    0,    0,    0,    0,    0,    0,    0,    0,    0,    0,    0,    0,    0,    0,    0,    0,    0,    0,    0,    0,    0,    0,    0,    0,    0,    0,    0,    0,    0,    0,    0,    0,    0,    0,    0,    0,    0,    0,    0,    0,    0,    0,    0,    0,    0,    0,    0,    0,    0,   -3,   -3,   -3,   -8,   -8,    0,   -8,    0,    0,  -23,    0,    0,    0,    0,    0,    0,
       0,    0,    0,  -12,   -2,    0,    0,    0,    0,    0,    0,    0,    0,    0,    0,    0,    0,    0,    0,   -9,    0,   -4,   -7,   -4,   -1,   -1,  -58,   -9,  -33,  -27,   -9,  -54,   -4,  -18,  -16,    0,    0,    0,    0,    0,   -2,    0,    0,    0,    0,    0,    0,    0,    0,   -5,    0,    0,   -5,    0,    0,  -13,    0,    0,    0,    0,    0,    0,    0,    0,    0,   -7,   -7,   -7,    0,    0,    0,    0,    0,    0,    0,    0,    0,    0,    0,    0,    0,    0,    0,    0,    0,    0,    0,    0,    0,    0,    0,    0,   -2,   -2,    0,    0,   -7,    0,   -7,    0,    0,    0,    0,   -7,    0,    0,    0,    0,    0,    0,    0,    0,  -58,    0,    0,    0,    0,    0,    0,   -2,   -2,    0,    0,    0,    0,    0,    0,   -7,    0,    0,    0,    0,    0,    0,    0,    0,    0,    0,    0,    0,    0,    0,    0,    0,    0,    0,    0,    0,    0,    0,    0,    0,    0,    0,    0,    0,    0,    0,    0,    0,    0,    0,    0,    0,    0,    0,    0,    0,    0,    0,    0,    0,    0,    0,    0,    0,    0,    0,    0,    0,    0,    0,    0,    0,    0,    0,    0,    0,    0,    0,    0,    0,    0,    0,    0,    0,    0,    0,    0,    0,    0,    0,    0,    0,    0,    0,    0,    0,    0,    0,    0,    0,    0,    0,    0,    0,    0,    0,    0,    0,    0,    0,    0,    0,    0,    0,    0,    0,    0,   -1,   -2,    0,   -9,   -9,   -9,    0,    0,    0,
       0,    0,    0,    0,    0,    0,    0,    0,    0,    0,    0,    0,    0,    0,    0,    0,    0,    0,    0,    0,    0,    0,    0,    0,    0,    0,  -47,   -3,  -17,  -11,    0,  -31,    0,   -7,    0,    0,    0,   -2,    0,    0,    0,    0,    0,    0,    0,    0,    0,    0,    0,    0,    0,    0,    0,    0,    0,    0,    0,    0,    0,    0,    0,    0,    0,    0,    0,    0,    0,    0,    0,    0,    0,    0,    0,   -2,   -2,   -2,    0,    0,    0,    0,   -3,   -2,   -2,   -2,   -2,    0,    0,    0,   -2,   -2,   -2,   -2,    0,    0,    0,    0,    0,    0,    0,    0,    0,    0,    0,    0,    0,    0,    0,   -2,    0,    0,    0,    0,  -47,    0,    0,    0,   -2,    0,    0,    6,    0,    0,    0,    0,    0,   -2,    0,    0,    0,   -2,    0,    0,    0,    0,    0,    0,    0,    0,    0,    0,    0,    0,    0,    0,    0,    0,    0,    0,    0,    0,    0,    0,    0,    0,    0,    0,    0,    0,    0,    0,    0,    0,    0,    0,    0,    0,    0,    0,    0,    0,    0,    0,    0,    0,    0,    0,    0,    0,    0,    0,    0,    0,    0,    0,    0,    0,    0,    0,    0,    0,    0,    0,    0,    0,    0,    0,    0,    0,    0,    0,    0,    0,    0,    0,    0,    0,    0,    0,    0,    0,    0,    0,    0,    0,    0,    0,    0,    0,    0,    0,    0,    0,    0,    0,    0,   -2,   -2,    0,   -2,    0,    0,    0,    0,    0,    0,    0,    0,    0,
       0,    0,    0,  -11,    0,  -19,  -18,  -22,    0,    0,    0,    0,    0,    0,    0,    0,    0,    0,    0,    0,    0,  -22,   -6,   -1,  -37,   -1,  -46,   -3,  -13,  -10,  -25,  -30,  -13,    0,  -15,   -7,    0,   -9,   -8,    0,   -7,    0,    0,    0,    0,   -8,   -6,    0,    0,    0,    0,    0,    0,    0,    0,  -14,  -13,    0,    0,   -7,    0,    0,    0,    0,    0,   -6,   -6,   -6,    0,   -7,   -7,   -7,   -7,   -9,   -9,   -9,    0,    0,    0,    0,  -13,   -9,   -9,   -9,   -9,    0,   -7,   -7,   -9,   -9,   -9,   -9,   -7,   -7,    0,    0,   -6,    0,   -6,    0,    0,    0,    0,   -6,    0,    0,    0,   -9,    0,   -6,   -6,    0,  -46,    0,   -7,    0,   -9,    0,   -5,   -7,   -7,    0,    0,    0,   -7,   -9,    0,   -6,    0,   -9,    0,    0,    0,    0,    0,    0,    0,    0,    0,    0,    0,    0,    0,    0,    0,    0,    0,    0,    0,    0,    0,    0,    0,    0,    0,    0,    0,    0,    0,    0,    0,    0,    0,    0,    0,    0,    0,    0,    0,    0,    0,    0,    0,    0,    0,    0,    0,    0,    0,    0,    0,    0,    0,    0,    0,    0,    0,    0,    0,    0,    0,    0,    0,    0,    0,    0,    0,    0,    0,    0,    0,    0,    0,    0,    0,    0,    0,    0,    0,    0,    0,    0,    0,    0,    0,    0,    0,    0,    0,    0,    0,    0,   -7,   -7,   -7,   -9,   -9,    0,   -9,    0,    0,  -19,    0,    0,    0,    0,    0,    0,
       0,    0,    0,  -10,    0,  -12,  -11,  -15,    0,    0,    0,    0,    0,    0,    0,    0,    0,    0,    0,    0,    0,  -16,   -4,    0,  -32,   -1,  -46,   -1,  -13,  -10,  -23,  -29,  -10,    0,  -13,   -3,    0,   -5,   -5,    0,   -4,    0,    0,    0,    0,   -5,   -3,    0,    0,    0,    0,    0,    0,    0,    0,  -11,  -11,    0,    0,    0,    0,    0,    0,    0,    0,   -4,   -4,   -4,    0,   -3,   -3,   -3,   -3,   -5,   -5,   -5,    0,    0,    0,    0,   -7,   -5,   -5,   -5,   -5,    0,   -3,   -3,   -5,   -5,   -5,   -5,   -4,   -4,    0,    0,   -4,    0,   -4,    0,    0,    0,    0,   -4,    0,    0,    0,   -5,    0,   -3,   -3,    0,  -46,    0,   -3,    0,   -5,    0,   -2,   -4,   -4,    0,    0,    0,   -3,   -5,    0,   -4,    0,   -5,    0,    0,    0,    0,    0,    0,    0,    0,    0,    0,    0,    0,    0,    0,    0,    0,    0,    0,    0,    0,    0,    0,    0,    0,    0,    0,    0,    0,    0,    0,    0,    0,    0,    0,    0,    0,    0,    0,    0,    0,    0,    0,    0,    0,    0,    0,    0,    0,    0,    0,    0,    0,    0,    0,    0,    0,    0,    0,    0,    0,    0,    0,    0,    0,    0,    0,    0,    0,    0,    0,    0,    0,    0,    0,    0,    0,    0,    0,    0,    0,    0,    0,    0,    0,    0,    0,    0,    0,    0,    0,    0,    0,   -3,   -3,   -3,   -5,   -5,    0,   -5,    0,    0,  -12,    0,    0,    0,    0,    0,    0,
       0,    0,    0,    0,    0,    0,    0,    0,    0,    0,    0,    0,    0,    0,    0,    0,    0,    0,    0,    0,    0,    0,   -1,   -8,    0,   -1,  -46,   -5,  -15,  -11,    0,  -29,    0,   -7,  -11,    0,    0,  -12,  -11,    0,    0,    0,    0,    0,    0,  -11,    0,    0,    0,    0,    0,    0,    0,    0,    0,   -3,    0,    0,    0,  -14,   -8,    0,    0,    0,    0,   -1,   -1,   -1,    0,    0,    0,    0,    0,  -12,  -12,  -12,    0,    0,    0,    0,  -14,  -12,  -12,  -12,  -12,    0,    0,    0,  -12,  -12,  -12,  -12,    0,    0,    0,    0,   -1,    0,   -1,    0,    0,    0,    0,   -1,    0,    0,    0,  -12,    0,    0,    0,    0,  -46,    0,    0,    0,  -12,    0,   -5,   12,    0,    0,    0,    0,    0,  -12,    0,   -1,    0,  -12,    0,    0,    0,    0,    0,    0,    0,    0,    0,    0,    0,    0,    0,    0,    0,    0,    0,    0,    0,    0,    0,    0,    0,    0,    0,    0,    0,    0,    0,    0,    0,    0,    0,    0,    0,    0,    0,    0,    0,    0,    0,    0,    0,    0,    0,    0,    0,    0,    0,    0,    0,    0,    0,    0,    0,    0,    0,    0,    0,    0,    0,    0,    0,    0,    0,    0,    0,    0,    0,    0,    0,    0,    0,    0,    0,    0,    0,    0,    0,    0,    0,    0,    0,    0,    0,    0,    0,    0,    0,    0,    0,    0,    0,    0,    0,  -12,  -12,    0,  -12,    0,    0,    0,    0,    0,    0,    0,    0,    0,
       0,    0,    0,  -11,    0,  -20,  -19,  -22,    0,    0,    0,    0,    0,    0,    0,    0,    0,    0,    0,    0,    0,  -23,   -5,   -1,  -38,   -1,  -43,   -1,  -11,   -9,  -25,  -27,  -13,    0,  -14,   -6,    0,   -9,   -8,    0,   -6,    0,    0,    0,    0,   -8,   -6,    0,    0,    0,    0,    0,    0,    0,    0,  -13,  -13,    0,    0,   -7,    0,    0,    0,    0,    0,   -5,   -5,   -5,    0,   -6,   -6,   -6,   -6,   -9,   -9,   -9,    0,    0,    0,    0,  -13,   -9,   -9,   -9,   -9,    0,   -6,   -6,   -9,   -9,   -9,   -9,   -6,   -6,    0,    0,   -5,    0,   -5,    0,    0,    0,    0,   -5,    0,    0,    0,   -9,    0,   -6,   -6,    0,  -43,    0,   -6,    0,   -9,    0,   -4,   -6,   -6,    0,    0,    0,   -6,   -9,    0,   -5,    0,   -9,    0,    0,    0,    0,    0,    0,    0,    0,    0,    0,    0,    0,    0,    0,    0,    0,    0,    0,    0,    0,    0,    0,    0,    0,    0,    0,    0,    0,    0,    0,    0,    0,    0,    0,    0,    0,    0,    0,    0,    0,    0,    0,    0,    0,    0,    0,    0,    0,    0,    0,    0,    0,    0,    0,    0,    0,    0,    0,    0,    0,    0,    0,    0,    0,    0,    0,    0,    0,    0,    0,    0,    0,    0,    0,    0,    0,    0,    0,    0,    0,    0,    0,    0,    0,    0,    0,    0,    0,    0,    0,    0,    0,   -6,   -6,   -6,   -9,   -9,    0,   -9,    0,    0,  -20,    0,    0,    0,    0,    0,    0,
       0,    0,    0,    0,    0,    0,    0,    0,    0,    0,    0,    0,    0,    0,    0,    0,    0,    0,    0,    0,    0,    0,   -5,   -4,    0,   -1,  -49,   -8,  -22,  -18,    0,  -37,    0,  -10,  -12,    0,    0,   -5,   -4,    0,    0,    0,    0,    0,    0,   -4,    0,    0,    0,    0,    0,    0,    0,    0,    0,  -10,    0,    0,    0,   -3,   -2,    0,    0,    0,    0,   -5,   -5,   -5,    0,    0,    0,    0,    0,   -5,   -5,   -5,    0,    0,    0,    0,   -7,   -5,   -5,   -5,   -5,    0,    0,    0,   -5,   -5,   -5,   -5,    0,    0,    0,    0,   -5,    0,   -5,    0,    0,    0,    0,   -5,    0,    0,    0,   -5,    0,    0,    0,    0,  -49,    0,    0,    0,   -5,    0,    0,    0,    0,    0,    0,    0,    0,   -5,    0,   -5,    0,   -5,    0,    0,    0,    0,    0,    0,    0,    0,    0,    0,    0,    0,    0,    0,    0,    0,    0,    0,    0,    0,    0,    0,    0,    0,    0,    0,    0,    0,    0,    0,    0,    0,    0,    0,    0,    0,    0,    0,    0,    0,    0,    0,    0,    0,    0,    0,    0,    0,    0,    0,    0,    0,    0,    0,    0,    0,    0,    0,    0,    0,    0,    0,    0,    0,    0,    0,    0,    0,    0,    0,    0,    0,    0,    0,    0,    0,    0,    0,    0,    0,    0,    0,    0,    0,    0,    0,    0,    0,    0,    0,    0,    0,    0,    0,    0,   -5,   -5,    0,   -5,    0,    0,    0,    0,    0,    0,    0,    0,    0,
       0,    0,    0,    0,    0,    0,    0,    0,  -10,   -3,    0,   -2,  -10,   -2,  -13,    0,    0,    0,    0,    0,    0,   -3,    0,  -11,   -2,   -2,    0,    0,    5,    0,    0,    5,    0,    0,    0,  -14,    0,  -16,  -16,  -11,    0,    0,   15,    0,  -11,  -16,  -14,  -12,  -13,  -14,  -11,   -3,  -10,  -11,    0,    0,    0,    0,    0,    0,    0,    0,    0,    0,  -13,   19,   11,    0,    0,  -14,  -14,  -14,  -14,  -16,  -16,  -16,   21,    0,    0,   10,  -14,  -16,  -16,  -16,  -16,  -13,  -14,  -14,  -16,  -16,  -16,  -16,    0,    0,   29,    0,   19,    3,    7,    9,   13,    0,   15,   -2,    0,  -11,    2,  -16,  -11,  -14,  -14,  -12,    0,  -11,  -14,   23,  -16,  -13,  -14,    0,    0,    0,   10,   25,    1,  -11,   56,   15,    0,  -14,   20,  -10,    9,    0,    0,    0,  -11,   -2,   11,   -2,    0,    7,   -3,    0,    0,   -2,  -12,    0,    0,    0,   -2,    0,  -14,  -12,  -11,    0,  -16,  -10,  -14,  -11,  -14,  -13,  -10,   -3,  -14,  -13,  -13,  -14,  -16,    0,  -14,    0,   10,   15,    0,  -11,  -10,    0,    0,    0,    0,    0,    0,    0,    0,    0,    0,    0,    0,    0,    0,    0,    0,    0,  -11,    0,  -13,    6,  -13,    3,  -13,   -3,   -2,  -16,    0,  -14,  -14,  -12,  -16,   -2,  -14,  -14,  -14,    0,    7,  -11,  -16,  -13,  -10,  -14,    0,   -3,  -14,   37,  -14,  -16,   25,    0,   22,    0,    0,    0,    0,    0,    0,    0,  -11,  -11,
       0,    0,    0,    0,    0,    0,    0,    0,    0,    0,    0,    0,    0,    0,    0,    0,    0,    0,    0,    0,    0,    0,    0,    0,    0,    0,    0,    0,    0,    0,    0,    0,    0,    0,    0,    0,    0,    0,    0,    0,    0,    0,    0,    0,    0,    0,    0,    0,    0,    0,    0,    0,    0,    0,    0,    0,    0,    0,    0,    0,    0,    0,    0,    0,    0,    0,    0,    0,    0,    0,    0,    0,    0,    0,    0,    0,    0,    0,    3,    0,    0,    0,    0,    0,    0,    0,    0,    0,    0,    0,    0,    0,    0,    0,    8,    0,    0,    0,    0,    0,    0,    0,    5,    0,    0,    0,    0,    0,    0,    0,    0,    0,    0,    0,    0,    0,    0,    0,    0,    0,    0,    0,    0,    4,    0,    0,   33,    0,    0,    0,    0,    0,    0,    0,    0,    0,    0,    0,    0,    0,    0,    0,    0,    0,    0,    0,    0,    0,    0,    0,    0,    0,    0,    0,    0,    0,    0,    0,    0,    0,    0,    0,    0,    0,    0,    0,    0,    0,    0,    0,    0,    0,    0,    0,    0,    0,    0,    0,    0,    0,    0,    0,    0,    0,    0,    0,    0,    0,    0,    0,    0,    0,    0,    0,    0,    0,    0,    0,    0,    0,    0,    0,    0,    0,    0,    0,    0,    0,    0,    0,    0,    0,    0,    0,    0,    0,    0,    0,    0,    0,    0,    0,    0,   19,    0,    0,    7,    0,    5,    0,    0,    0,    0,    0,    0,    0,    0,    0,
       0,    0,    0,    0,    0,    0,    0,    0,    0,    0,    0,    0,    0,    0,    0,    0,    0,    0,    0,    0,    0,  -18,    0,    0,  -15,    0,  -16,    0,  -20,   -3,    0,  -22,    0,    0,    0,    0,    0,    0,    0,    0,    0,    0,    0,    0,    0,    0,    0,    0,    0,  -13,  -11,    0,  -13,    0,    0,    0,    0,    0,    0,    0,    0,    0,    0,    0,  -21,    0,    0,    0,    0,    0,    0,    0,    0,    0,    0,    0,    0,    0,    0,    0,    0,    0,    0,    0,    0,    0,    0,    0,    0,    0,    0,    0,    0,    0,    0,    0,    0,    0,    0,    0,    0,    0,    0,   -7,  -22,    0,  -35,    0,    0,    0,    0,   -2,  -16,    0,    0,    0,    0,    0,    0,   -5,    0,    0,   -9,    0,    0,    0,    0,    0,    0,    0,    0,    0,   -9,    0,    0,    0,    0,    0,    0,    0,    0,    0,    0,    0,    0,    0,    0,    0,    0,    0,    0,    0,    0,    0,    0,    0,    0,    0,    0,    0,    0,    0,    0,    0,    0,    0,    0,    0,    0,    0,    0,    0,    0,    0,    0,    0,    0,    0,    0,    0,    0,    0,    0,    0,    0,    0,    0,    0,    0,    0,    0,    0,    0,    0,    0,    0,    0,    0,    0,    0,    0,    0,    0,    0,    0,    0,    0,    0,    0,    0,    0,    0,    0,    0,    0,    0,    0,    0,    0,    0,    0,    0,    0,    0,    0,    0,    0,    0,    0,    0,    0,    0,   -2,   -2,    0,    0,    0,    0,
       0,    0,    0,    0,    0,    0,    0,    0,    0,    0,    0,    0,    0,    0,    0,    0,    0,    0,    0,    0,    0,    0,    0,    0,    0,    0,  -34,    0,  -16,  -10,    0,  -26,    0,    0,    0,    0,    0,    0,    0,    0,    0,    0,    0,    0,    0,    0,    0,    0,    0,    0,    0,    0,    0,    0,    0,    0,    0,    0,    0,    0,    0,    0,    0,    0,    0,    0,    0,    0,    0,    0,    0,    0,    0,    0,    0,    0,    0,    0,    0,    0,    0,    0,    0,    0,    0,    0,    0,    0,    0,    0,    0,    0,    0,    0,    0,    0,    0,    0,    0,    0,    0,    0,    0,    0,    0,    0,    0,    0,    0,    0,    0,    0,  -25,    0,    0,    0,    0,    0,    0,    0,    0,    0,    0,    0,    0,    0,    0,    0,    0,    0,    0,    0,    0,    0,    0,    0,    0,    0,    0,    0,    0,    0,    0,    0,    0,    0,    0,    0,    0,    0,    0,    0,    0,    0,    0,    0,    0,    0,    0,    0,    0,    0,    0,    0,    0,    0,    0,    0,    0,    0,    0,    0,    0,    0,    0,    0,    0,    0,    0,    0,    0,    0,    0,    0,    0,    0,    0,    0,    0,    0,    0,    0,    0,    0,    0,    0,    0,    0,    0,    0,    0,    0,    0,    0,    0,    0,    0,    0,    0,    0,    0,    0,    0,    0,    0,    0,    0,    0,    0,    0,    0,    0,    0,    0,    0,    0,    0,    0,    0,    0,    0,    0,    0,    0,    0,    0,    0,    0,
       0,    0,    0,    0,    0,    0,    0,    0,    0,    0,    0,    0,    0,    0,    0,    0,    0,    0,    0,    0,    0,    0,    0,    0,   -3,    0,  -40,    0,  -19,  -12,    0,  -32,    0,    0,    0,    0,    0,    0,    0,    0,    0,    0,    0,    0,    0,    0,    0,    0,    0,    0,    0,    0,    0,    0,    0,    0,    0,    0,    0,    0,    0,    0,    0,    0,    0,    0,    0,    0,    0,    0,    0,    0,    0,    0,    0,    0,    0,    0,    0,    0,    0,    0,    0,    0,    0,    0,    0,    0,    0,    0,    0,    0,    0,    0,    0,    0,    0,    0,    0,    0,    0,    0,    0,    0,    0,    0,    0,    0,    0,    0,    0,    0,  -69,    0,    0,    0,    0,    0,    0,    0,    0,    0,    0,    0,    0,    0,    0,    0,    0,    0,    0,    0,    0,    0,    0,  -40,    0,    0,    0,   -3,   -2,  -19,    0,    0,    0,    0,    0,    0,    0,  -37,    0,    0,    0,    0,    0,    0,    0,    0,    0,    0,   -2,    0,    0,    0,    0,    0,    0,    0,    0,    0,    0,    0,    0,    0,    0,    0,    0,    0,    0,    0,    0,    0,    0,    0,    0,    0,    0,    0,    0,    0,    0,    0,    0,    0,    0,    0,    0,  -31,    0,  -57,    0,    0,    0,    0,    0,    0,    0,    0,    0,    0,    0,    0,    0,    0,    0,    0,    0,    0,    0,    0,    0,    0,    0,    0,    0,    0,    0,    0,    0,    0,    0,    0,   -2,   -2,    0,    0,    0,    0,
       0,    0,    0,    0,    0,    0,    0,    0,    0,    0,    0,    0,    0,    0,    0,  -15,    0,    0,    0,    0,    0,    0,    0,    0,  -27,    0,  -33,    0,  -17,  -10,  -13,  -33,   -2,    0,    0,    0,    0,    0,    0,    0,    0,    0,    0,    0,    0,    0,    0,    0,    0,    0,    0,   -8,    0,   -3,    0,    0,    0,    0,    0,    0,    0,    0,    0,    0,   -9,    0,    0,    0,    0,    0,    0,    0,    0,    0,    0,    0,    0,    0,    0,    0,    0,    0,    0,    0,    0,    0,    0,    0,    0,    0,    0,    0,    0,    0,    0,    0,    0,    0,    0,    0,    0,    0,    0,    0,    0,    0,    0,    0,    0,    0,    0,    0,  -56,   -3,    0,    0,    0,    0,    0,    0,    0,    0,   -2,    0,    0,    0,    0,    0,    0,    0,    0,    0,   -2,  -12,    0,  -33,    0,    0,    0,  -27,  -18,  -23,    0,  -19,  -12,    0,    0,  -13,  -11,  -30,    0,    0,    0,    0,    0,  -18,    0,   -8,   -2,    0,  -21,   -5,    0,   -8,    0,   -3,    0,    0,    0,    0,    0,    0,    0,    0,    0,    0,    0,    0,    0,    0,    0,    0,    0,    0,    0,    0,    0,    0,    0,    0,    0,    0,    0,    0,    0,    0,   -5,  -33,    0,  -59,    0,   -8,    0,    0,    0,    0,    0,   -9,    0,    0,    0,    0,   -2,    0,   -2,    0,    0,    0,    0,    0,  -17,  -11,    0,    0,    0,    0,    0,    0,    0,    0,   -8,    0,  -16,  -16,    0,    0,    0,    0,
       0,    0,    0,    0,    0,    0,    0,    0,    0,    0,    0,    0,  -14,    0,   -3,    0,    0,    0,    0,    0,    0,    0,    0,    0,    0,    0,    0,    0,    0,    0,    0,    0,    0,    0,    0,    0,    0,    0,    0,    0,    0,    0,    0,    0,    0,    0,    0,    0,    0,    0,    0,    0,    0,    0,    0,    0,    0,    0,    0,    0,    0,    0,    0,    0,    0,    0,    0,    0,    0,    0,    0,    0,    0,    0,    0,    0,    0,    0,    0,    0,    0,    0,    0,    0,    0,    0,    0,    0,    0,    0,    0,    0,    0,    0,    0,    0,    0,    0,    0,    0,    0,    0,    0,    0,    0,    0,    0,    0,    0,    0,    0,    0,    0,    0,    0,    0,    0,    0,    0,    0,    0,    0,    0,    0,    0,    0,    0,    0,    0,    0,    0,    0,    0,    0,    0,    0,    0,    0,    0,    0,    0,    0,    0,    0,    0,    0,    0,    0,    0,    0,    0,    0,    0,    0,    0,    0,    0,    0,    0,    0,    0,    0,    0,    0,    0,    0,    0,    0,    0,    0,    0,    0,    0,    0,    0,    0,    0,    0,    0,    0,    0,    0,    0,    0,    0,    0,    0,    0,    0,    0,    0,    0,    0,    0,    0,    0,    0,    0,    0,    0,    0,    0,    0,    0,    0,    0,    0,    0,    0,    0,    0,    0,    0,    0,    0,    0,    0,    0,    0,    0,    0,    0,    0,    0,    0,    0,    0,    0,    0,    0,    0,    0,    0,    0,    0,    0,    0,    0,
       0,  -14,    0,    0,    0,    0,    0,    0,    0,    0,    0,    0,    0,    0,    0,    0,    0,    0,    0,    0,    0,    0,    0,    0,  -19,    0,  -43,    0,  -28,  -21,  -16,  -43,   -2,    0,    0,    0,    0,    0,    0,    0,    0,    0,    0,    0,    0,    0,    0,    0,    0,   -7,    0,  -14,  -11,  -10,    0,    0,    0,    0,    0,    0,    0,    0,    0,    0,   -9,    0,    0,    0,    0,    0,    0,    0,    0,    0,    0,    0,    0,    0,    0,    0,    0,    0,    0,    0,    0,    0,    0,    0,    0,    0,    0,    0,    0,    0,    0,    0,    0,    0,    0,    0,    0,    0,    0,    0,    0,    0,    0,    0,    0,    0,    0,    0,  -76,  -10,    0,    0,    0,    0,    0,    0,    0,    0,    0,    0,    0,    0,    0,    0,    0,    0,    0,    0,    0,  -16,    0,  -43,    0,    0,    0,  -19,  -13,  -32,    0,  -15,  -15,    0,    0,  -16,  -12,  -41,    0,  -12,    0,    0,    0,  -16,    0,  -13,  -10,    0,  -17,  -12,  -11,  -14,    0,  -12,    0,    0,    0,    0,    0,    0,    0,    0,    0,    0,  -11,    0,    0,    0,    0,    0,    0,    0,    0,    0,    0,    0,    0,    0,    0,    0,    0,    0,    0,    0,  -12,  -42,   -8,  -73,   -8,  -14,   -2,    0,    0,    0,    0,   -8,    0,    0,    0,    0,  -10,    0,    0,    0,    0,    0,  -11,    0,  -23,  -19,    0,    0,    0,    0,    0,    0,    0,    0,  -14,    0,  -20,  -20,    0,    0,    0,    0,
       0,    0,    0,    0,    0,    0,    0,    0,    0,    0,    0,    0,    0,    0,    0,    0,    0,    0,    0,    0,    0,   -4,   -3,  -14,   -5,   -3,  -44,  -15,  -32,  -26,   -4,  -40,   -4,    0,    0,  -12,   -3,  -17,  -16,   -3,    0,   -3,    9,   -3,   -3,  -16,  -12,  -10,  -13,  -12,  -10,   -3,   -2,   -3,    0,    0,    0,    0,    0,    0,    0,    0,    0,    0,   -5,   -3,   -3,  -11,   -3,  -12,  -12,  -12,  -12,  -17,  -17,  -17,   -3,   -3,   -3,   -3,  -17,  -17,  -17,  -17,  -17,  -13,  -12,  -12,  -17,  -17,  -17,  -17,    0,    0,   -3,   -3,   -3,   -3,   -3,   -3,   -3,   -3,    9,  -13,   -3,   -3,   -3,  -17,   -3,  -12,  -12,  -10,  -38,   -3,  -12,   -3,  -17,  -13,  -13,    0,    0,   -4,    6,    9,  -12,  -17,   -3,   -3,   -3,  -17,   -3,  -13,    5,    0,    0,    0,    0,    0,    0,    0,    0,    0,    0,    0,    0,    0,    0,    0,    0,    0,    0,    0,    0,    0,    0,    0,    0,    0,    0,    0,    0,    0,    0,    0,    0,    0,    0,    0,    0,    0,    0,    0,    0,    0,    0,    0,    0,    0,    0,    0,    0,    0,    0,    0,    0,    0,    0,    0,    0,    0,    0,    0,    0,    0,    0,    0,    0,    0,    0,    0,    0,    0,    0,    0,    0,    0,    0,    0,    0,    0,    0,    0,    0,    0,    0,    0,    0,    0,    0,    0,    0,    0,  -12,  -12,  -12,  -17,  -17,   -3,  -17,    0,    0,    0,    0,    0,    0,    0,   -3,   -3,
       0,    0,    0,    6,    0,    0,    0,    0,    0,    0,    0,    0,    0,    0,    0,    0,    0,    0,    0,    0,    0,    0,    0,    0,    0,    0,    0,    0,    0,    0,    0,    0,    0,    0,   24,   -7,   -4,   -8,   -8,   -8,   -9,   -4,   -4,   -4,   -4,   -8,   -7,   -7,   -5,   -6,   -4,   -1,   -6,   -5,    0,   23,    0,    0,    0,    0,    0,    0,    0,    0,    0,    0,    0,    0,   -4,   -7,   -7,   -7,   -7,   -8,   -8,   -8,   -4,   -4,   -5,   -4,   -9,   -8,   -8,   -8,   -8,   -5,   -7,   -7,   -8,   -8,   -8,   -8,   -9,   -9,   -4,   -4,    0,   -4,    0,   -4,   -4,   -4,   -3,    0,   -4,   -4,   -4,   -8,   -4,   -7,   -7,   -7,    0,   -5,   -7,   -4,   -8,   -5,   -7,   -9,   -9,    0,   -4,   -4,   -7,   -8,   -4,    0,   -4,   -8,   -4,   -5,   -4,    0,    0,    0,    0,    0,    0,    0,    0,    0,    0,    0,    0,    0,    0,    0,    0,    0,    0,    0,    0,    0,    0,    0,    0,    0,    0,    0,    0,    0,    0,    0,    0,    0,    0,    0,    0,    0,    0,    0,    0,    0,    0,    0,    0,    0,    0,    0,    0,    0,    0,    0,    0,    0,    0,    0,    0,    0,    0,    0,    0,    0,    0,    0,    0,    0,    0,    0,    0,    0,    0,    0,    0,    0,    0,    0,    0,    0,    0,    0,    0,    0,    0,    0,    0,    0,    0,    0,    0,    0,   -7,   -7,   -7,   -8,   -8,   -4,   -8,    0,    0,    0,    4,    4,    0,    0,   -8,   -8,
       0,    0,    0,    0,    0,    0,    0,    0,    0,    0,    0,    0,    0,    0,    0,    0,    0,    0,    0,    0,    0,    0,    0,    0,    0,    0,    0,    0,    0,    0,    0,    0,    0,    0,   14,   -7,   -4,   -8,   -8,   -8,   -9,   -4,   -4,   -4,   -4,   -8,   -7,   -7,   -5,   -6,   -4,   -1,   -6,   -5,    0,   13,    0,    0,    0,    0,    0,    0,    0,    0,    0,    0,    0,    0,   -4,   -7,   -7,   -7,   -7,   -8,   -8,   -8,   -4,   -4,   -5,   -4,   -9,   -8,   -8,   -8,   -8,   -5,   -7,   -7,   -8,   -8,   -8,   -8,   -9,   -9,   -4,   -4,    0,   -4,    0,   -4,   -4,   -4,   -3,    0,   -4,   -4,   -4,   -8,   -4,   -7,   -7,   -7,    0,   -5,   -7,   -4,   -8,   -5,   -7,   -9,   -9,    0,   -4,   -4,   -7,   -8,   -4,    0,   -4,   -8,   -4,   -5,   -4,    0,    0,    0,    0,    0,    0,    0,    0,    0,    0,    0,    0,    0,    0,    0,    0,    0,    0,    0,    0,    0,    0,    0,    0,    0,    0,    0,    0,    0,    0,    0,    0,    0,    0,    0,    0,    0,    0,    0,    0,    0,    0,    0,    0,    0,    0,    0,    0,    0,    0,    0,    0,    0,    0,    0,    0,    0,    0,    0,    0,    0,    0,    0,    0,    0,    0,    0,    0,    0,    0,    0,    0,    0,    0,    0,    0,    0,    0,    0,    0,    0,    0,    0,    0,    0,    0,    0,    0,    0,   -7,   -7,   -7,   -8,   -8,   -4,   -8,    0,    0,    0,    0,    0,    0,    0,   -8,   -8,
       0,    0,    0,   -3,    0,  -14,  -15,  -10,    0,    0,    0,    0,    0,    0,    0,    0,    0,    0,    0,   -2,    0,  -13,    0,    0,  -20,   -1,  -12,    0,  -13,   -7,  -17,  -24,  -10,    0,  -10,   -1,   -1,    0,    0,    0,   -1,   -1,   -1,   -1,   -1,    0,    0,    0,   -1,    0,    0,   -1,    0,   -1,    0,   -2,    0,    0,    0,    0,    0,    0,    0,    0,    0,    0,    0,    0,   -1,   -1,   -1,   -1,   -1,    0,    0,    0,   -1,   -1,   -1,   -1,    0,    0,    0,    0,    0,   -1,   -1,   -1,    0,    0,    0,    0,   -1,   -1,   -1,   -1,    0,   -1,    0,   -1,   -1,   -1,   -1,    0,   -1,   -1,   -1,    0,   -1,    0,    0,    0,  -12,   -1,   -1,   -1,    0,   -1,    0,   -1,   -1,    0,    0,   -1,   -1,    0,   -1,    0,   -1,    0,   -1,   -1,    0,    0,    0,    0,    0,    0,    0,    0,    0,    0,    0,    0,    0,    0,    0,    0,    0,    0,    0,    0,    0,    0,    0,    0,    0,    0,    0,    0,    0,    0,    0,    0,    0,    0,    0,    0,    0,    0,    0,    0,    0,    0,    0,    0,    0,    0,    0,    0,    0,    0,    0,    0,    0,    0,    0,    0,    0,    0,    0,    0,    0,    0,    0,    0,    0,    0,    0,    0,    0,    0,    0,    0,    0,    0,    0,    0,    0,    0,    0,    0,    0,    0,    0,    0,    0,    0,    0,    0,    0,    0,   -1,   -1,   -1,    0,    0,   -1,    0,    0,    0,  -14,   -2,   -2,    0,    0,    0,    0,
       0,    0,    0,    0,    0,    0,    0,    0,    0,    0,    0,    0,    0,    0,    0,    0,    0,    0,    0,    0,    0,    0,    0,    0,    0,    0,    0,    0,    0,    0,    0,    0,    0,   -8,  -10,    0,    0,    0,    0,   -6,   -3,    0,    0,    0,    0,    0,   -2,   -6,    0,   -8,   -5,   -5,   -9,    0,    0,   -2,    0,    0,    0,    0,    0,    0,    0,    0,    0,    0,    0,    0,    0,    0,    0,    0,    0,    0,    0,    0,    0,    0,    0,    0,    0,    0,    0,    0,    0,    0,    0,    0,    0,    0,    0,    0,   -3,   -3,    0,    0,    0,    0,    0,    0,    0,    0,    0,    0,    0,    0,    0,    0,    0,   -2,   -2,   -6,    0,    0,    0,    0,    0,    0,    0,   -3,   -3,    0,    0,    0,    0,    0,    0,    0,    0,    0,    0,    0,    0,    0,    0,    0,    0,    0,    0,    0,    0,    0,    0,    0,    0,    0,    0,    0,    0,    0,    0,    0,    0,    0,    0,    0,    0,    0,    0,    0,    0,    0,    0,    0,    0,    0,    0,    0,    0,    0,    0,    0,    0,    0,    0,    0,    0,    0,    0,    0,    0,    0,    0,    0,    0,    0,    0,    0,    0,    0,    0,    0,    0,    0,    0,    0,    0,    0,    0,    0,    0,    0,    0,    0,    0,    0,    0,    0,    0,    0,    0,    0,    0,    0,    0,    0,    0,    0,    0,    0,    0,    0,    0,    0,    0,    0,    0,    0,    0,    0,    0,    0,    0,    0,    0,    0,   -6,   -6,
       9,   20,    0,   29,    3,    0,    0,    0,    0,    0,    0,    0,    0,    0,    0,    0,    0,    0,    0,    0,    0,   -1,   -4,   -4,   -2,   -1,   -2,   -5,    0,   -3,    0,    0,   -3,   29,   32,    0,   14,    0,    0,    0,    0,    0,    0,   14,    0,    0,    0,    0,    0,    0,    0,    0,    0,    0,    9,   30,    0,    0,    5,    0,    0,    0,    0,    0,    0,   -4,   -4,   -4,   14,    0,    0,    0,    0,    0,    0,    0,    0,    0,    0,    5,    0,    0,    0,    0,    0,    0,    0,    0,    0,    0,    0,    0,    0,    0,   14,   14,   -4,    0,   -4,    0,    0,    0,    0,   -4,   14,    0,    0,    0,   22,    0,   14,    0,   -2,    7,    0,    0,    0,    0,    0,    0,    0,    0,    0,    0,    0,    0,   26,   -4,    0,    0,    0,    0,    0,    0,    0,    0,    0,    0,    0,    0,    0,    0,    0,    0,    0,    0,    0,    0,    0,    0,    0,    0,    0,    0,    0,    0,    0,    0,    0,    0,    0,    0,    0,    0,    0,    0,    0,    0,    0,    0,    0,    0,    0,    0,    0,    0,    0,    0,    0,    0,    0,    0,    0,    0,    0,    0,    0,    0,    0,    0,    0,    0,    0,    0,    0,    0,    0,    0,    0,    0,    0,    0,    0,    0,    0,    0,    0,    0,    0,    0,    0,    0,    0,    0,    0,    0,    0,    0,    0,    0,    0,    0,    0,    0,    0,    0,    0,    0,    0,    9,   18,    0,   20,   20,   18,    0,    0,    0,
       7,   21,    0,    8,    9,    0,    0,    0,    0,    0,    0,    0,    0,    0,    0,    0,    0,    0,    0,    7,    0,   -1,   -4,   -4,   -2,   -1,   -2,   -5,    0,   -3,    0,    0,   -3,    3,    0,    0,   11,    0,    0,    0,    0,    0,    0,   11,    0,    0,    0,    0,    0,    0,    0,    0,    0,    0,    7,    0,    0,    0,    6,    0,    0,    0,   27,    0,    0,   -4,   -4,   -4,   11,    0,    0,    0,    0,    0,    0,    0,    0,    0,    0,    5,    0,    0,    0,    0,    0,    0,    0,    0,    0,    0,    0,    0,    0,    0,   11,   11,   -4,    0,   -4,    0,    0,    0,    0,   -4,   11,    0,    0,    0,    0,    0,    0,    0,   -2,    0,    0,    0,    0,    0,    0,    0,    0,    0,    0,    0,    0,    0,   26,   -4,    0,    0,    0,    0,    0,    0,    0,    0,    0,    0,    0,    0,    0,    0,    0,    0,    0,    0,    0,    0,    0,    0,    0,    0,    0,    0,    0,    0,    0,    0,    0,    0,    0,    0,    0,    0,    0,    0,    0,    0,    0,    0,    0,    0,    0,    0,    0,    0,    0,    0,    0,    0,    0,    0,    0,    0,    0,    0,    0,    0,    0,    0,    0,    0,    0,    0,    0,    0,    0,    0,    0,    0,    0,    0,    0,    0,    0,    0,    0,    0,    0,    0,    0,    0,    0,    0,    0,    0,    0,    0,    0,    0,    0,    0,    0,    0,    0,    0,    0,    0,    0,   25,    7,    0,   23,   23,   10,    0,    0,    0,
       0,   13,    0,   14,   18,    0,    0,    0,    0,    0,    0,    0,    0,    0,    0,    0,    0,    0,    0,   18,    0,   -1,   -4,   -4,   -2,   -1,   -2,   -5,    0,   -3,    0,    0,   -3,    7,   14,    0,    3,    0,    0,    0,    0,    8,    8,    3,    0,    0,    0,    0,    0,    0,    0,    0,    0,    0,    0,   14,    0,    0,    8,    0,    0,    0,   15,    0,    0,   -4,   -4,   -4,    3,    0,    0,    0,    0,    0,    0,    0,    8,    8,    8,    5,    0,    0,    0,    0,    0,    0,    0,    0,    0,    0,    0,    0,    0,    0,    3,    3,   -4,    8,   -4,    8,    8,    8,    8,   -4,    3,    0,    0,    0,    0,    0,    0,    0,   -2,    0,    0,    8,    0,    0,    0,    0,    0,    0,    0,    8,    0,    0,   26,   -4,    8,    0,    0,    0,    0,    0,    0,    0,    0,    0,    0,    0,    0,    0,    0,    0,    0,    0,    0,    0,    0,    0,    0,    0,    0,    0,    0,    0,    0,    0,    0,    0,    0,    0,    0,    0,    0,    0,    0,    0,    0,    0,    0,    0,    0,    0,    0,    0,    0,    0,    0,    0,    0,    0,    0,    0,    0,    0,    0,    0,    0,    0,    0,    0,    0,    0,    0,    0,    0,    0,    0,    0,    0,    0,    0,    0,    0,    0,    0,    0,    0,    0,    0,    0,    0,    0,    0,    0,    0,    0,    0,    0,    0,    0,    0,    0,    0,    0,    0,    8,    0,   15,    6,    0,   19,   19,   12,    0,    0,    0,
       0,    0,    0,  -11,    0,    0,    0,   -9,    0,    0,    0,    0,    0,    0,    0,    0,    0,    0,    0,   -2,    0,    0,    0,    0,    0,    0,    0,    0,    0,    0,    0,    0,    0,  -12,  -13,    0,    0,    0,    0,   -2,    0,    0,    0,    0,    0,    0,    0,    0,    0,   -3,    0,   -8,   -4,   -3,    0,  -11,    0,    0,    0,    0,    0,    0,    0,    0,    0,    0,    0,    0,    0,    0,    0,    0,    0,    0,    0,    0,    0,    0,    0,    0,    0,    0,    0,    0,    0,    0,    0,    0,    0,    0,    0,    0,    0,    0,    0,    0,    0,    0,    0,    0,    0,    0,    0,    0,    0,    0,    0,    0,    0,    0,    0,    0,    0,   -3,    0,    0,    0,    0,    0,    0,    0,    0,    0,    0,    0,    0,    0,    0,    0,    0,    0,    0,    0,    0,    0,    0,    0,    0,    0,    0,    0,    0,    0,    0,    0,    0,    0,    0,    0,    0,    0,    0,    0,    0,    0,    0,    0,    0,    0,    0,    0,    0,    0,    0,    0,    0,    0,    0,    0,    0,    0,    0,    0,    0,    0,    0,    0,    0,    0,    0,    0,    0,    0,    0,    0,    0,    0,    0,    0,    0,    0,    0,    0,    0,    0,    0,    0,    0,    0,    0,    0,    0,    0,    0,    0,    0,    0,    0,    0,    0,    0,    0,    0,    0,    0,    0,    0,    0,    0,    0,    0,    0,    0,    0,    0,    0,    0,    0,    0,    0,    0,    0,    0,    0,   -9,    0,   -2,   -2,
       0,  -21,    0,  -16,  -14,    0,    0,    0,    0,    0,    0,    0,    0,    0,    0,    0,    0,    0,    0,  -17,    0,   -7,   -8,   -3,  -14,   -8,  -65,   -9,  -42,  -32,  -21,  -61,  -12,  -26,  -18,    0,    0,    0,    0,   -7,   -2,    0,    0,    0,    0,    0,    0,   -5,    0,   -9,   -5,  -12,  -10,   -5,    0,  -17,    0,    0,   -7,    0,    0,    0,   -2,    0,    0,   -8,   -8,   -8,    0,    0,    0,    0,    0,    0,    0,    0,    0,    0,    0,    0,    0,    0,    0,    0,    0,    0,    0,    0,    0,    0,    0,    0,   -2,   -2,    0,    0,   -8,    0,   -8,    0,    0,    0,    0,   -8,    0,    0,    0,    0,    0,    0,    0,   -5,  -65,   -5,    0,    0,    0,    0,    0,   -2,   -2,    0,   -3,    0,    0,    0,    0,   -8,    0,    0,    0,    0,   -3,    0,    0,    0,    0,    0,    0,    0,    0,    0,    0,    0,    0,    0,    0,    0,    0,    0,    0,    0,    0,    0,    0,    0,    0,    0,    0,    0,    0,    0,    0,    0,    0,    0,    0,    0,    0,    0,    0,    0,    0,    0,    0,    0,    0,    0,    0,    0,    0,    0,    0,    0,    0,    0,    0,    0,    0,    0,    0,    0,    0,    0,    0,    0,    0,    0,    0,    0,    0,    0,    0,    0,    0,    0,    0,    0,    0,    0,    0,    0,    0,    0,    0,    0,    0,    0,    0,    0,    0,    0,    0,    0,    0,    0,    0,    0,    0,  -18,  -11,    0,   -7,   -7,  -17,    0,   -7,   -7,
       0,  -32,    0,    4,  -30,    0,    0,    0,    0,    0,    0,    0,    0,    0,    0,    0,    0,    0,    0,    0,    0,    0,    0,  -11,    0,    0,  -38,  -10,  -31,  -25,    0,  -40,    0,  -31,   10,    0,   -1,   -7,   -6,  -12,    0,   -1,   33,   -1,   -1,   -6,    0,  -17,   -6,  -22,  -16,    0,  -24,    0,    0,    9,  -18,   -7,  -27,    0,    0,    0,  -30,    0,    0,    0,    0,    0,   -1,    0,    0,    0,    0,   -7,   -7,   -7,   -1,   -1,   -1,   -1,   -6,   -7,   -7,   -7,   -7,   -6,    0,    0,   -7,   -7,   -7,   -7,    0,    0,   -1,   -1,    0,   -1,    0,   -1,   -1,   -1,   -1,   -1,   -1,   -1,   -1,   -7,   -1,    0,    0,  -17,  -72,    0,    0,   -1,   -7,   -6,   -5,   15,    0,   -2,  -23,   -1,    0,   -7,   -1,    0,   -1,   -7,   -1,   -6,  -23,    0,    0,    0,    0,    0,    0,    0,    0,    0,    0,    0,    0,    0,    0,    0,    0,    0,    0,    0,    0,    0,    0,    0,    0,    0,    0,    0,    0,    0,    0,    0,    0,    0,    0,    0,    0,    0,    0,    0,    0,    0,    0,    0,    0,    0,    0,    0,    0,    0,    0,    0,    0,    0,    0,    0,    0,    0,    0,    0,    0,    0,    0,    0,    0,    0,    0,    0,    0,    0,    0,    0,    0,    0,    0,    0,    0,    0,    0,    0,    0,    0,    0,    0,    0,    0,    0,    0,    0,    0,    0,    0,    0,   -7,   -7,   -1,   -7,  -32,  -30,    8,  -35,  -35,  -11,    0,  -12,  -12,
       0,   -8,    0,   -9,  -11,    0,    0,    0,    0,    0,    0,    0,    0,    0,    0,    0,    0,    0,    0,  -13,    0,    0,   -6,   -5,    0,   -4,  -64,  -11,  -37,  -27,   -4,  -58,   -5,  -24,   -4,    0,    0,    0,    0,   -5,    0,    0,   23,    0,    0,    0,    0,   -4,    0,   -6,   -2,    0,   -8,    0,    0,   -5,    0,    0,   -5,    0,    0,    0,   -8,    0,    0,   -6,   -6,   -6,    0,    0,    0,    0,    0,    0,    0,    0,    0,    0,    0,    0,    0,    0,    0,    0,    0,    0,    0,    0,    0,    0,    0,    0,    0,    0,    0,    0,   -6,    0,   -6,    0,    0,    0,    0,   -6,    0,    0,    0,    0,    0,    0,    0,   -4,  -64,    0,    0,    0,    0,    0,    0,    0,    0,    0,   -1,    0,    0,    0,    0,   -6,    0,    0,    0,    0,   -1,    0,    0,    0,    0,    0,    0,    0,    0,    0,    0,    0,    0,    0,    0,    0,    0,    0,    0,    0,    0,    0,    0,    0,    0,    0,    0,    0,    0,    0,    0,    0,    0,    0,    0,    0,    0,    0,    0,    0,    0,    0,    0,    0,    0,    0,    0,    0,    0,    0,    0,    0,    0,    0,    0,    0,    0,    0,    0,    0,    0,    0,    0,    0,    0,    0,    0,    0,    0,    0,    0,    0,    0,    0,    0,    0,    0,    0,    0,    0,    0,    0,    0,    0,    0,    0,    0,    0,    0,    0,    0,    0,    0,    0,    0,    0,    0,  -10,   -8,    0,  -14,  -14,  -14,    0,   -5,   -5,
       0,    0,    0,   -4,   -2,    0,    0,    0,    0,    0,    0,    0,    0,    0,    0,    0,    0,    0,    0,   -7,    0,    0,   -1,   -5,    0,   -1,  -55,   -8,  -31,  -23,    0,  -48,    0,   -6,   -4,    0,    0,   -5,   -3,    0,    0,    0,    0,    0,    0,   -3,    0,    0,    0,    0,    0,    0,    0,    0,    0,   -5,    0,    0,    0,  -10,   -2,    0,    0,    0,    0,   -1,   -1,   -1,    0,    0,    0,    0,    0,   -5,   -5,   -5,    0,    0,    0,    0,   -6,   -5,   -5,   -5,   -5,    0,    0,    0,   -5,   -5,   -5,   -5,    0,    0,    0,    0,   -1,    0,   -1,    0,    0,    0,    0,   -1,    0,    0,    0,   -5,    0,    0,    0,    0,  -55,    0,    0,    0,   -5,    0,    0,    0,    0,    0,    0,    0,    0,   -5,    0,   -1,    0,   -5,    0,    0,    0,    0,    0,    0,    0,    0,    0,    0,    0,    0,    0,    0,    0,    0,    0,    0,    0,    0,    0,    0,    0,    0,    0,    0,    0,    0,    0,    0,    0,    0,    0,    0,    0,    0,    0,    0,    0,    0,    0,    0,    0,    0,    0,    0,    0,    0,    0,    0,    0,    0,    0,    0,    0,    0,    0,    0,    0,    0,    0,    0,    0,    0,    0,    0,    0,    0,    0,    0,    0,    0,    0,    0,    0,    0,    0,    0,    0,    0,    0,    0,    0,    0,    0,    0,    0,    0,    0,    0,    0,    0,    0,    0,    0,   -5,   -5,    0,   -5,    0,   -1,    0,   -8,   -8,   -7,    0,    0,    0,
       0,    0,    0,   -9,   -2,    0,    0,    0,    0,    0,    0,    0,    0,    0,    0,    0,    0,    0,    0,   -7,    0,    0,   -1,   -5,    0,   -1,  -55,   -8,  -31,  -23,    0,  -48,    0,  -10,   -7,    0,    0,   -5,   -3,    0,    0,    0,    0,    0,    0,   -3,    0,    0,    0,    0,    0,    0,    0,    0,    0,   -8,    0,    0,    0,  -10,   -2,    0,    0,    0,    0,   -1,   -1,   -1,    0,    0,    0,    0,    0,   -5,   -5,   -5,    0,    0,    0,    0,   -6,   -5,   -5,   -5,   -5,    0,    0,    0,   -5,   -5,   -5,   -5,    0,    0,    0,    0,   -1,    0,   -1,    0,    0,    0,    0,   -1,    0,    0,    0,   -5,    0,    0,    0,    0,  -55,    0,    0,    0,   -5,    0,    0,    0,    0,    0,    0,    0,    0,   -5,    0,   -1,    0,   -5,    0,    0,    0,    0,    0,    0,    0,    0,    0,    0,    0,    0,    0,    0,    0,    0,    0,    0,    0,    0,    0,    0,    0,    0,    0,    0,    0,    0,    0,    0,    0,    0,    0,    0,    0,    0,    0,    0,    0,    0,    0,    0,    0,    0,    0,    0,    0,    0,    0,    0,    0,    0,    0,    0,    0,    0,    0,    0,    0,    0,    0,    0,    0,    0,    0,    0,    0,    0,    0,    0,    0,    0,    0,    0,    0,    0,    0,    0,    0,    0,    0,    0,    0,    0,    0,    0,    0,    0,    0,    0,    0,    0,    0,    0,    0,   -5,   -5,    0,   -5,    0,   -1,    0,   -8,   -8,   -7,    0,    0,    0,
      35,   48,    0,   56,   45,    0,    0,    0,    0,    0,    0,    0,    0,    0,    0,    0,    0,    0,    0,   43,    0,   -1,   -4,   -4,   -2,   -1,   -5,   -5,   -1,   -4,   -1,   -1,   -4,   56,   57,    0,   43,    0,    0,    5,    0,   41,   41,   43,    0,    0,    0,    0,    0,   14,   12,   12,   14,    0,   34,   55,    9,    0,   41,    0,    0,    0,   36,    0,    0,   -4,   -4,   -4,   43,    0,    0,    0,    0,    0,    0,    0,   41,   41,    7,   41,    0,    0,    0,    0,    0,    0,    0,    0,    0,    0,    0,    0,    0,    0,   43,   43,   -4,   41,   -4,   41,   41,   41,    9,   -4,   43,    0,    0,    0,    0,    0,    0,    0,   -5,   41,    0,    7,    0,    0,    0,    0,    0,    0,    0,    8,    0,    0,   37,   -4,   41,    0,    6,    0,    0,    0,    0,    0,    0,    0,    0,    0,    0,    0,    0,    0,    0,    0,    0,    0,    0,    0,    0,    0,    0,    0,    0,    0,    0,    0,    0,    0,    0,    0,    0,    0,    0,    0,    0,    0,    0,    0,    0,    0,    0,    0,    0,    0,    0,    0,    0,    0,    0,    0,    0,    0,    0,    0,    0,    0,    0,    0,    0,    0,    0,    0,    0,    0,    0,    0,    0,    0,    0,    0,    0,    0,    0,    0,    0,    0,    0,    0,    0,    0,    0,    0,    0,    0,    0,    0,    0,    0,    0,    0,    0,    7,    0,    0,    0,   41,    0,   38,   47,    0,   48,   48,   51,    0,    5,    5,
       0,    0,    0,    0,    8,    0,    0,    0,    0,    0,    0,    0,    0,    0,    0,    0,    0,    0,    0,    3,    0,   -1,   -4,   -4,   -2,   -1,   -5,   -5,   -1,   -4,   -1,   -1,   -4,    0,    0,    0,    0,    0,    0,    0,    0,    0,    0,    0,    0,    0,    0,    0,    0,    0,    0,    0,    0,    0,    0,    0,    0,    0,    0,    0,    0,    0,    5,    0,    0,   -4,   -4,   -4,    0,    0,    0,    0,    0,    0,    0,    0,    0,    0,    7,    0,    0,    0,    0,    0,    0,    0,    0,    0,    0,    0,    0,    0,    0,    0,    0,    0,   -4,    0,   -4,    0,    0,    0,    9,   -4,    0,    0,    0,    0,    0,    0,    0,    0,   -5,    0,    0,    7,    0,    0,    0,    0,    0,    0,    0,    8,    0,    0,   37,   -4,    0,    0,    6,    0,    0,    0,    0,    0,    0,    0,    0,    0,    0,    0,    0,    0,    0,    0,    0,    0,    0,    0,    0,    0,    0,    0,    0,    0,    0,    0,    0,    0,    0,    0,    0,    0,    0,    0,    0,    0,    0,    0,    0,    0,    0,    0,    0,    0,    0,    0,    0,    0,    0,    0,    0,    0,    0,    0,    0,    0,    0,    0,    0,    0,    0,    0,    0,    0,    0,    0,    0,    0,    0,    0,    0,    0,    0,    0,    0,    0,    0,    0,    0,    0,    0,    0,    0,    0,    0,    0,    0,    0,    0,    0,    0,    7,    0,    0,    0,    0,    0,    2,    0,    0,    4,    4,    0,    0,    0,    0,
       0,    0,    0,    0,    0,    0,    0,    0,    0,    0,    0,    0,    0,    0,    0,    0,    0,    0,    0,    0,    0,    0,    0,   -8,    0,    0,    0,    0,    0,    0,    0,    0,    0,    0,    0,   -1,   -1,  -11,  -10,  -10,   -7,   -1,    8,   -1,   -6,  -10,   -4,  -11,   -9,   -9,   -7,    0,   -9,    0,    0,    0,    0,    0,    0,   -2,    0,    0,    0,    0,    0,    0,    0,    0,   -6,   -1,   -1,   -1,   -1,  -11,  -11,  -11,    9,   -3,   11,    6,  -10,  -11,  -11,  -11,  -11,   -9,   -1,   -1,  -11,  -11,  -11,  -11,   -7,   -7,   -1,   -1,    0,    6,    0,   -1,    3,   -6,   13,    0,   -1,   -6,   -6,  -11,   -6,   -4,   -4,  -11,    0,    0,   -1,   13,  -11,   -9,   -7,   -7,   -7,    0,   -9,   -1,   -1,  -11,   -1,    0,   -1,  -11,   -6,   -9,   -9,    0,    0,    0,    0,    0,    0,    0,    0,    0,    0,    0,    0,    0,    0,    0,    0,    0,    0,    0,    0,    0,    0,    0,    0,    0,    0,    0,    0,    0,    0,    0,    0,    0,    0,    0,    0,    0,    0,    0,    0,    0,    0,    0,    0,    0,    0,    0,    0,    0,    0,    0,    0,    0,    0,    0,    0,    0,    0,    0,    0,    0,    0,    0,    0,    0,    0,    0,    0,    0,    0,    0,    0,    0,    0,    0,    0,    0,    0,    0,    0,    0,    0,    0,    0,    0,    0,    0,    0,    0,   -1,    6,   -1,  -11,  -18,   -1,  -11,    0,    0,    0,    0,    0,    0,    0,  -10,  -10,
       0,    0,    0,    0,    0,    0,    0,    0,    0,    0,    0,    0,    0,    0,    0,    0,    0,    0,    0,    0,    0,    0,    0,   -4,    0,    0,    0,    0,    0,   -5,    0,    0,    0,    0,    0,  -16,  -11,  -19,  -18,  -13,  -21,  -10,  -10,  -11,  -11,  -18,  -16,  -18,  -13,   -2,   -1,    2,   -1,  -13,    0,    0,    0,    0,    0,    0,    0,    0,    0,    0,    0,    0,    0,    0,  -11,  -16,  -16,  -16,  -16,  -19,  -19,  -19,  -10,  -10,   -5,  -10,   -9,  -19,  -19,  -19,  -19,  -13,  -16,  -16,  -19,  -19,  -19,  -19,  -21,  -21,  -11,  -11,    0,  -10,    0,  -10,  -10,  -10,   -3,    0,  -11,  -11,  -11,  -19,  -11,  -16,  -16,  -18,    0,  -13,  -16,  -10,  -19,  -13,   -7,  -21,  -21,    0,   -4,  -10,  -16,  -19,  -10,    0,  -10,  -19,  -11,  -13,   -4,    0,    0,    0,    0,    0,    0,    0,    0,    0,    0,    0,    0,    0,    0,    0,    0,    0,    0,    0,    0,    0,    0,    0,    0,    0,    0,    0,    0,    0,    0,    0,    0,    0,    0,    0,    0,    0,    0,    0,    0,    0,    0,    0,    0,    0,    0,    0,    0,    0,    0,    0,    0,    0,    0,    0,    0,    0,    0,    0,    0,    0,    0,    0,    0,    0,    0,    0,    0,    0,    0,    0,    0,    0,    0,    0,    0,    0,    0,    0,    0,    0,    0,    0,    0,    0,    0,    0,    0,    0,  -16,  -16,  -16,  -19,  -19,  -10,  -19,    0,    0,    0,    0,    0,    0,    0,  -13,  -13,
       0,   14,    0,   21,   12,    0,    0,    0,    0,    0,    0,    0,    0,    0,    0,    0,    0,    0,    0,   14,    0,   -1,   -4,   -4,   -2,   -1,   -2,   -5,    0,   -3,    0,    0,   -3,   18,   22,    0,    4,    0,    0,    0,    0,    6,    6,    4,    0,    0,    0,    0,    0,    0,    0,    0,    0,    0,    0,   21,    0,    0,   10,    0,    0,    0,    7,    0,    0,   -4,   -4,   -4,    4,    0,    0,    0,    0,    0,    0,    0,    6,    6,    6,    5,    0,    0,    0,    0,    0,    0,    0,    0,    0,    0,    0,    0,    0,    0,    4,    4,   -4,    6,   -4,    6,    6,    6,    6,   -4,    4,    0,    0,    0,    0,    0,    0,    0,   -2,    0,    0,    6,    0,    0,    0,    0,    0,    0,    0,    6,    0,    0,   26,   -4,    6,    0,    0,    0,    0,    0,    0,    0,    0,    0,    0,    0,    0,    0,    0,    0,    0,    0,    0,    0,    0,    0,    0,    0,    0,    0,    0,    0,    0,    0,    0,    0,    0,    0,    0,    0,    0,    0,    0,    0,    0,    0,    0,    0,    0,    0,    0,    0,    0,    0,    0,    0,    0,    0,    0,    0,    0,    0,    0,    0,    0,    0,    0,    0,    0,    0,    0,    0,    0,    0,    0,    0,    0,    0,    0,    0,    0,    0,    0,    0,    0,    0,    0,    0,    0,    0,    0,    0,    0,    0,    0,    0,    0,    0,    0,    0,    0,    0,    0,    6,    0,    8,   13,    0,   15,   15,   18,    0,    0,    0,
       0,    0,    0,    0,    0,    0,    0,    0,    0,    0,    0,    0,    0,    0,    0,    0,    0,    0,    0,    0,    0,    0,    0,    0,    0,    0,    0,    0,    0,    0,    0,    0,    0,    0,   10,   -7,   -4,   -8,   -8,   -8,   -9,   -4,   -4,   -4,   -4,   -8,   -7,   -7,   -5,   -6,   -4,   -1,   -6,   -5,    0,    8,    0,    0,    0,    0,    0,    0,    0,    0,    0,    0,    0,    0,   -4,   -7,   -7,   -7,   -7,   -8,   -8,   -8,   -4,   -4,   -5,   -4,   -9,   -8,   -8,   -8,   -8,   -5,   -7,   -7,   -8,   -8,   -8,   -8,   -9,   -9,   -4,   -4,    0,   -4,    0,   -4,   -4,   -4,   -3,    0,   -4,   -4,   -4,   -8,   -4,   -7,   -7,   -7,    0,   -5,   -7,   -4,   -8,   -5,   -7,   -9,   -9,    0,   -4,   -4,   -7,   -8,   -4,    0,   -4,   -8,   -4,   -5,   -4,    0,    0,    0,    0,    0,    0,    0,    0,    0,    0,    0,    0,    0,    0,    0,    0,    0,    0,    0,    0,    0,    0,    0,    0,    0,    0,    0,    0,    0,    0,    0,    0,    0,    0,    0,    0,    0,    0,    0,    0,    0,    0,    0,    0,    0,    0,    0,    0,    0,    0,    0,    0,    0,    0,    0,    0,    0,    0,    0,    0,    0,    0,    0,    0,    0,    0,    0,    0,    0,    0,    0,    0,    0,    0,    0,    0,    0,    0,    0,    0,    0,    0,    0,    0,    0,    0,    0,    0,    0,   -7,   -7,   -7,   -8,   -8,   -4,   -8,    0,    0,    0,    0,    0,    0,    0,   -8,   -8,
       0,    6,    0,   12,   11,    0,    0,    0,    0,    0,    0,    0,    0,    0,    0,    0,    0,    0,    0,   13,    0,   -1,   -4,   -4,   -2,   -1,   -2,   -5,    0,   -3,    0,    0,   -3,    5,   13,    0,    0,    0,    0,    0,    0,    0,    0,    0,    0,    0,    0,    0,    0,    0,    0,    0,    0,    0,    0,   13,    0,    0,    4,    0,    0,    0,   12,    0,    0,   -4,   -4,   -4,    0,    0,    0,    0,    0,    0,    0,    0,    0,    0,    0,    5,    0,    0,    0,    0,    0,    0,    0,    0,    0,    0,    0,    0,    0,    0,    0,    0,   -4,    0,   -4,    0,    0,    0,    0,   -4,    0,    0,    0,    0,    0,    0,    0,    0,   -2,    0,    0,    0,    0,    0,    0,    0,    0,    0,    0,    0,    0,    0,   26,   -4,    0,    0,    0,    0,    0,    0,    0,    0,    0,    0,    0,    0,    0,    0,    0,    0,    0,    0,    0,    0,    0,    0,    0,    0,    0,    0,    0,    0,    0,    0,    0,    0,    0,    0,    0,    0,    0,    0,    0,    0,    0,    0,    0,    0,    0,    0,    0,    0,    0,    0,    0,    0,    0,    0,    0,    0,    0,    0,    0,    0,    0,    0,    0,    0,    0,    0,    0,    0,    0,    0,    0,    0,    0,    0,    0,    0,    0,    0,    0,    0,    0,    0,    0,    0,    0,    0,    0,    0,    0,    0,    0,    0,    0,    0,    0,    0,    0,    0,    0,    0,    0,   10,    5,    0,   12,   12,   11,    0,    0,    0,
       0,   10,    0,   17,    9,    0,    0,    0,    0,    0,    0,    0,    0,    0,    0,    0,    0,    0,    0,   11,    0,   -1,   -4,   -4,   -2,   -1,   -2,   -5,    0,   -3,    0,    0,   -3,   14,   18,    0,    0,    0,    0,    0,    0,    0,    0,    0,    0,    0,    0,    0,    0,    0,    0,    0,    0,    0,    0,   17,    0,    0,    6,    0,    0,    0,    4,    0,    0,   -4,   -4,   -4,    0,    0,    0,    0,    0,    0,    0,    0,    0,    0,    0,    5,    0,    0,    0,    0,    0,    0,    0,    0,    0,    0,    0,    0,    0,    0,    0,    0,   -4,    0,   -4,    0,    0,    0,    0,   -4,    0,    0,    0,    0,    0,    0,    0,    0,   -2,    0,    0,    0,    0,    0,    0,    0,    0,    0,    0,    0,    0,    0,   26,   -4,    0,    0,    0,    0,    0,    0,    0,    0,    0,    0,    0,    0,    0,    0,    0,    0,    0,    0,    0,    0,    0,    0,    0,    0,    0,    0,    0,    0,    0,    0,    0,    0,    0,    0,    0,    0,    0,    0,    0,    0,    0,    0,    0,    0,    0,    0,    0,    0,    0,    0,    0,    0,    0,    0,    0,    0,    0,    0,    0,    0,    0,    0,    0,    0,    0,    0,    0,    0,    0,    0,    0,    0,    0,    0,    0,    0,    0,    0,    0,    0,    0,    0,    0,    0,    0,    0,    0,    0,    0,    0,    0,    0,    0,    0,    0,    0,    0,    0,    0,    0,    0,    6,   10,    0,   12,   12,   14,    0,    0,    0,
       0,    0,    0,    0,    0,    0,    0,    0,    0,    0,    0,    0,    0,    0,    0,    0,    0,    0,    0,    0,    0,    0,    0,    0,    0,    0,    0,    0,    0,    0,    0,    0,    0,    0,    0,   -7,   -4,   -8,   -8,   -8,   -9,   -4,   -2,   -4,   -4,   -8,   -7,   -7,   -5,   -6,   -4,   -1,   -6,   -5,    0,    0,    0,    0,    0,    0,    0,    0,    0,    0,    0,    0,    0,    0,   -4,   -7,   -7,   -7,   -7,   -8,   -8,   -8,   -4,   -4,   -5,   -4,   -9,   -8,   -8,   -8,   -8,   -5,   -7,   -7,   -8,   -8,   -8,   -8,   -9,   -9,   -4,   -4,    0,   -4,    0,   -4,   -4,   -4,   -3,    0,   -4,   -4,   -4,   -8,   -4,   -7,   -7,   -7,    0,   -5,   -7,   -4,   -8,   -5,   -7,   -9,   -9,    0,   -4,   -4,   -7,   -8,   -4,    0,   -4,   -8,   -4,   -5,   -4,    0,    0,    0,    0,    0,    0,    0,    0,    0,    0,    0,    0,    0,    0,    0,    0,    0,    0,    0,    0,    0,    0,    0,    0,    0,    0,    0,    0,    0,    0,    0,    0,    0,    0,    0,    0,    0,    0,    0,    0,    0,    0,    0,    0,    0,    0,    0,    0,    0,    0,    0,    0,    0,    0,    0,    0,    0,    0,    0,    0,    0,    0,    0,    0,    0,    0,    0,    0,    0,    0,    0,    0,    0,    0,    0,    0,    0,    0,    0,    0,    0,    0,    0,    0,    0,    0,    0,    0,    0,   -7,   -7,   -7,   -8,   -8,   -4,   -8,    0,    0,    0,    0,    0,    0,    0,   -8,   -8,
       0,    0,    0,    0,    0,    0,    0,    0,    0,    0,    0,    0,    0,    0,    0,    0,    0,    0,    0,    0,    0,   -1,   -4,   -4,   -2,   -1,   -2,   -5,    0,   -3,    0,    0,   -3,    0,    0,    0,    0,    0,    0,    0,    0,    0,   13,    0,    0,    0,    0,    0,    0,    0,    0,    0,    0,    0,    0,    0,    0,    0,    0,    0,    0,    0,    0,    0,    0,   -4,   -4,   -4,    0,    0,    0,    0,    0,    0,    0,    0,    0,    0,    0,    5,    0,    0,    0,    0,    0,    0,    0,    0,    0,    0,    0,    0,    0,    0,    0,    0,   -4,    0,   -4,    0,    0,    0,    0,   -4,    0,    0,    0,    0,    0,    0,    0,    0,   -2,    0,    0,    0,    0,    0,    0,    0,    0,    0,    0,    0,    0,    0,   26,   -4,    0,    0,    0,    0,    0,    0,    0,    0,    0,    0,    0,    0,    0,    0,    0,    0,    0,    0,    0,    0,    0,    0,    0,    0,    0,    0,    0,    0,    0,    0,    0,    0,    0,    0,    0,    0,    0,    0,    0,    0,    0,    0,    0,    0,    0,    0,    0,    0,    0,    0,    0,    0,    0,    0,    0,    0,    0,    0,    0,    0,    0,    0,    0,    0,    0,    0,    0,    0,    0,    0,    0,    0,    0,    0,    0,    0,    0,    0,    0,    0,    0,    0,    0,    0,    0,    0,    0,    0,    0,    0,    0,    0,    0,    0,    0,    0,    0,    0,    0,    0,    0,    0,    0,    0,    0,    0,    0,    0,    0,    0,
       0,    0,    0,    7,    0,   -3,   -2,   -7,    0,    0,    0,    0,    0,    0,    0,    0,    0,    0,    0,    0,    0,   -6,    0,    0,   -7,    0,    0,    0,    0,    0,    0,    0,    0,    0,   26,  -10,   -5,   -9,   -9,   -7,  -11,   -4,   -4,   -5,   -7,   -9,  -10,   -6,   -7,   -4,   -1,   -5,   -4,   -9,    4,   25,    0,    0,    0,    0,    0,    0,    0,    0,  -10,    0,    0,    0,   -5,  -10,  -10,  -10,  -10,   -9,   -9,   -9,   -4,  -11,   -3,   -4,  -10,   -9,   -9,   -9,   -9,   -7,  -10,  -10,   -9,   -9,   -9,   -9,  -11,  -11,   -5,   -5,    0,   -4,    0,   -4,   -4,  -11,   -1,    0,   -5,   -7,   -7,   -9,   -7,  -10,  -10,   -6,    0,   -9,  -10,   -3,   -9,   -7,   -7,  -11,  -11,    0,   -3,   -4,  -10,   -9,   -4,    0,   -4,   -9,   -7,   -7,   -3,    0,    0,    0,    0,    0,    0,    0,    0,    0,    0,    0,    0,    0,    0,    0,    0,    0,    0,    0,    0,    0,    0,    0,    0,    0,    0,    0,    0,    0,    0,    0,    0,    0,    0,    0,    0,    0,    0,    0,    0,    0,    0,    0,    0,    0,    0,    0,    0,    0,    0,    0,    0,    0,    0,    0,    0,    0,    0,    0,    0,    0,    0,    0,    0,    0,    0,    0,    0,    0,    0,    0,    0,    0,    0,    0,    0,    0,    0,    0,    0,    0,    0,    0,    0,    0,    0,    0,    0,    0,  -10,  -16,  -10,   -9,   -9,   -4,   -9,    0,    0,   -2,    6,    6,    0,    0,   -7,   -7,
       6,   19,    0,    6,    7,    0,    0,    0,    0,    0,    0,    0,    0,    0,    0,    0,    0,    0,    0,    6,    0,   -1,   -4,   -4,   -2,   -1,   -2,   -5,    0,   -3,    0,    0,   -3,    0,    0,    0,    9,    0,    0,    0,    0,    0,    0,    9,    0,    0,    0,    0,    0,    0,    0,    0,    0,    0,    5,    0,    0,    0,    4,    0,    0,    0,   25,    0,    0,   -4,   -4,   -4,    9,    0,    0,    0,    0,    0,    0,    0,    0,    0,    0,    5,    0,    0,    0,    0,    0,    0,    0,    0,    0,    0,    0,    0,    0,    0,    9,    9,   -4,    0,   -4,    0,    0,    0,    0,   -4,    9,    0,    0,    0,    0,    0,    0,    0,   -2,    0,    0,    0,    0,    0,    0,    0,    0,    0,    0,    0,    0,    0,   26,   -4,    0,    0,    0,    0,    0,    0,    0,    0,    0,    0,    0,    0,    0,    0,    0,    0,    0,    0,    0,    0,    0,    0,    0,    0,    0,    0,    0,    0,    0,    0,    0,    0,    0,    0,    0,    0,    0,    0,    0,    0,    0,    0,    0,    0,    0,    0,    0,    0,    0,    0,    0,    0,    0,    0,    0,    0,    0,    0,    0,    0,    0,    0,    0,    0,    0,    0,    0,    0,    0,    0,    0,    0,    0,    0,    0,    0,    0,    0,    0,    0,    0,    0,    0,    0,    0,    0,    0,    0,    0,    0,    0,    0,    0,    0,    0,    0,    0,    0,    0,    0,    0,   23,    5,    0,   22,   22,    8,    0,    0,    0,
       0,  -98,    0,    0,  -45,    0,    0,    0,    0,    0,    0,    0,    0,    0,    0,    0,    0,    0,    0,    0,    0,    0,    0,  -14,    0,    0,  -82,  -11,  -67,  -59,    0,  -72,    0,  -36,    0,    0,    0,  -14,  -10,  -19,    0,    0,    0,    0,    0,  -10,   -1,  -24,  -11,  -47,  -37,    0,  -48,    0,    0,    0,  -16,   -5,  -54,  -21,  -35,    0,  -54,   -4,    0,    0,    0,    0,    0,    0,    0,    0,    0,  -14,  -14,  -14,    0,    0,    0,    0,  -12,  -14,  -14,  -14,  -14,  -11,    0,    0,  -14,  -14,  -14,  -14,    0,    0,    0,    0,    0,    0,    0,    0,    0,    0,    0,    0,    0,    0,    0,  -14,    0,   -1,   -1,  -24,  -82,    0,    0,    0,  -14,  -11,   -9,    3,    0,    0,  -40,    0,    0,  -14,    0,    0,    0,  -14,    0,  -11,  -40,    0,    0,    0,    0,    0,    0,    0,    0,    0,    0,    0,    0,    0,    0,    0,    0,    0,    0,    0,    0,    0,    0,    0,    0,    0,    0,    0,    0,    0,    0,    0,    0,    0,    0,    0,    0,    0,    0,    0,    0,    0,    0,    0,    0,    0,    0,    0,    0,    0,    0,    0,    0,    0,    0,    0,    0,    0,    0,    0,    0,    0,    0,    0,    0,    0,    0,    0,    0,    0,    0,    0,    0,    0,    0,    0,    0,    0,    0,    0,    0,    0,    0,    0,    0,    0,    0,    0,    0,    0,    0,    0,    0,  -14,  -14,    0,  -14,  -54, -100,    0,  -45,  -45,  -11,  -74,  -19,  -19,
      39,   53,    0,   60,   49,    0,    0,    0,    0,    0,    0,    0,    0,    0,    0,    0,    0,    0,    0,   48,    0,   -1,   -4,   -4,   -2,   -1,   -5,   -5,   -1,   -4,   -1,   -1,   -3,   60,   61,    0,   47,    0,    0,   10,    0,   45,   45,   47,    0,    0,    0,    7,    0,   18,   16,   17,   19,    0,   39,   60,   14,    0,   46,    0,    0,    0,   40,    0,    0,   -4,   -4,   -4,   47,    0,    0,    0,    0,    0,    0,    0,   45,   45,    7,   45,    0,    0,    0,    0,    0,    0,    0,    0,    0,   31,    0,    0,    0,    0,   47,   47,   -4,   45,   -4,   45,   45,   45,    9,   -4,   47,   26,    0,    0,    0,    0,   51,    7,   -5,   45,    0,    7,    0,    0,    0,    0,    0,    0,    0,    8,    0,    0,   37,   -4,   45,    0,    6,    0,    0,    0,    0,    0,    0,    0,    0,    0,    0,    0,    0,    0,    0,    0,    0,    0,    0,    0,    0,    0,    0,    0,    0,    0,    0,    0,    0,    0,    0,    0,    0,    0,    0,    0,    0,    0,    0,    0,    0,    0,    0,    0,    0,    0,    0,    0,    0,    0,    0,    0,    0,    0,    0,    0,    0,    0,    0,    0,    0,    0,    0,    0,    0,    0,    0,    0,    0,    0,    0,    0,    0,    0,    0,    0,    0,    0,    0,    0,    0,    0,    0,    0,    0,    0,    0,    0,    0,    0,    0,    0,    0,    7,    0,    0,    0,   45,    0,   43,   51,    0,   53,   53,   55,  -18,   10,   10,
       0,   -5,    0,    0,   -8,    0,    0,    0,    0,    0,    0,    0,    0,    0,    0,    0,    0,    0,    0,   -2,    0,    0,    0,   -1,    0,    0,  -42,   -2,  -23,  -17,    0,  -36,    0,  -17,    0,    0,   -1,   -5,   -4,   -6,    0,   -1,   -1,   -1,   -1,   -4,    0,   -3,   -5,  -11,   -4,    0,  -11,    0,    0,    0,  -12,    0,   -3,    0,    0,    0,   -4,    0,    0,    0,    0,    0,   -1,    0,    0,    0,    0,   -5,   -5,   -5,   -1,   -1,   -1,   -1,    0,   -5,   -5,   -5,   -5,   -5,    0,    0,   -5,   -5,   -5,   -5,    0,    0,   -1,   -1,    0,   -1,    0,   -1,   -1,   -1,   -1,    0,   -1,   -1,   -1,   -5,   -1,    0,    0,   -3,  -42,    0,    0,   -1,   -5,   -5,    0,    0,    0,    0,    0,   -1,    0,   -5,   -1,    0,   -1,   -5,   -1,   -5,    0,    0,    0,    0,    0,    0,    0,    0,    0,    0,    0,    0,    0,    0,    0,    0,    0,    0,    0,    0,    0,    0,    0,    0,    0,    0,    0,    0,    0,    0,    0,    0,    0,    0,    0,    0,    0,    0,    0,    0,    0,    0,    0,    0,    0,    0,    0,    0,    0,    0,    0,    0,    0,    0,    0,    0,    0,    0,    0,    0,    0,    0,    0,    0,    0,    0,    0,    0,    0,    0,    0,    0,    0,    0,    0,    0,    0,    0,    0,    0,    0,    0,    0,    0,    0,    0,    0,    0,    0,    0,    0,    0,    0,   -5,   -5,   -1,   -5,   -8,   -9,    0,  -19,  -19,    0,    0,   -6,   -6,
       0,   -3,    0,  -15,   -3,  -27,  -26,  -22,    0,    0,    0,    0,    0,    0,    0,    0,    0,    0,    0,  -15,    0,    0,    0,    0,    0,    0,    0,    0,    0,    0,    0,    0,    0,  -15,  -16,    0,    0,    0,    0,   -1,    0,    0,    0,    0,    0,    0,    0,   -1,    0,    0,    0,   -1,    0,   -2,    0,  -14,  -15,    0,    0,    0,    0,    0,   -1,    0,    0,    0,    0,    0,    0,    0,    0,    0,    0,    0,    0,    0,    0,    0,    0,    0,    0,    0,    0,    0,    0,    0,    0,    0,    0,    0,    0,    0,    0,    0,    0,    0,    0,    0,    0,    0,    0,    0,    0,    0,    0,    0,    0,    0,    0,    0,    0,   -1,    0,   -2,    0,    0,    0,    0,    0,    0,    0,    0,    0,    0,    0,    0,    0,    0,    0,    0,    0,    0,    0,    0,    0,    0,    0,    0,    0,    0,    0,    0,    0,    0,    0,    0,    0,    0,    0,    0,    0,    0,    0,    0,    0,    0,    0,    0,    0,    0,    0,    0,    0,    0,    0,    0,    0,    0,    0,    0,    0,    0,    0,    0,    0,    0,    0,    0,    0,    0,    0,    0,    0,    0,    0,    0,    0,    0,    0,    0,    0,    0,    0,    0,    0,    0,    0,    0,    0,    0,    0,    0,    0,    0,    0,    0,    0,    0,    0,    0,    0,    0,    0,    0,    0,    0,    0,    0,    0,    0,    0,    0,    0,    0,    0,    0,    0,    0,    0,   -4,   -4,  -28,  -11,  -11,  -12,    0,   -1,   -1,
       0,    0,    0,    0,    0,    0,    0,    0,    0,    0,    0,    0,    0,    0,    0,    0,    0,    0,    0,    0,    0,   -1,   -4,   -4,   -2,   -1,   -5,   -5,   -1,   -4,   -1,   -1,   -3,    0,    0,    0,    0,    0,    0,    0,    0,    0,    0,    0,    0,    0,    0,    0,    0,    0,    0,    0,    0,    0,    0,    0,  -21,    0,    0,    0,    0,    0,    0,    0,    0,   -4,   -4,   -4,    0,    0,    0,    0,    0,    0,    0,    0,    0,    0,    7,    0,    0,    0,    0,    0,    0,    0,    0,    0,    0,    0,    0,    0,    0,    0,    0,    0,   -4,    0,   -4,    0,    0,    0,    9,   -4,   -2,    0,    0,    0,    0,    0,    0,    0,   -5,    0,    0,    7,    0,    0,    0,    0,    0,    0,    0,    8,    0,    0,   37,   -4,    0,    0,    6,    0,    0,    0,    0,    0,    0,    0,    0,    0,    0,    0,    0,    0,    0,    0,    0,    0,    0,    0,    0,    0,    0,    0,    0,    0,    0,    0,    0,    0,    0,    0,    0,    0,    0,    0,    0,    0,    0,    0,    0,    0,    0,    0,    0,    0,    0,    0,    0,    0,    0,    0,    0,    0,    0,    0,    0,    0,    0,    0,    0,    0,    0,    0,    0,    0,    0,    0,    0,    0,    0,    0,    0,    0,    0,    0,    0,    0,    0,    0,    0,    0,    0,    0,    0,    0,    0,    0,    0,    0,    0,    0,    0,    7,    0,    0,    0,    0,    0,    0,    0,    0,    0,    0,    0,  -18,    0,    0,
       0,  -13,    0,  -16,  -14,    0,    0,    0,    0,    0,    0,    0,    0,    0,    0,    0,    0,    0,    0,  -17,    0,   -7,   -8,   -3,  -14,   -8,  -65,   -9,  -42,  -32,  -21,  -61,  -12,  -17,  -13,    0,    0,    0,    0,   -7,   -2,    0,    0,    0,    0,    0,    0,   -5,    0,   -9,   -5,  -12,  -10,   -5,    0,  -14,    0,    0,   -7,    0,    0,    0,  -11,    0,    0,   -8,   -8,   -8,    0,    0,    0,    0,    0,    0,    0,    0,    0,    0,    0,    0,    0,    0,    0,    0,    0,    0,    0,    0,    0,    0,    0,    0,   -2,   -2,    0,    0,   -8,    0,   -8,    0,    0,    0,    0,   -8,    0,    0,    0,    0,    0,    0,    0,   -5,  -65,   -5,    0,    0,    0,    0,    0,   -2,   -2,    0,   -3,    0,    0,    0,    0,   -8,    0,    0,    0,    0,   -3,    0,    0,    0,    0,    0,    0,    0,    0,    0,    0,    0,    0,    0,    0,    0,    0,    0,    0,    0,    0,    0,    0,    0,    0,    0,    0,    0,    0,    0,    0,    0,    0,    0,    0,    0,    0,    0,    0,    0,    0,    0,    0,    0,    0,    0,    0,    0,    0,    0,    0,    0,    0,    0,    0,    0,    0,    0,    0,    0,    0,    0,    0,    0,    0,    0,    0,    0,    0,    0,    0,    0,    0,    0,    0,    0,    0,    0,    0,    0,    0,    0,    0,    0,    0,    0,    0,    0,    0,    0,    0,    0,    0,    0,    0,    0,    0,  -13,  -11,    0,  -17,  -17,  -17,    0,   -7,   -7,
       0,    5,    0,    9,    0,  -22,  -21,  -22,    0,    0,    0,    0,    0,    0,    0,    0,    0,    0,    0,    0,    0,  -29,   -5,    0,  -38,   -1,  -45,   -1,  -12,   -8,  -29,  -29,  -15,   11,   11,   -3,    0,   -8,   -7,    0,   -3,    0,    0,    0,    0,   -7,   -1,    0,    0,    0,    0,    0,    0,    0,    0,   11,  -11,    0,    0,   -4,   -5,    0,    0,    0,    0,   -5,   -5,   -5,    0,   -3,   -3,   -3,   -3,   -8,   -8,   -8,    0,    0,    0,    0,  -14,   -8,   -8,   -8,   -8,    0,   -3,   -3,   -8,   -8,   -8,   -8,   -3,   -3,    0,    0,   -5,    0,   -5,    0,    0,    0,    0,   -5,    0,    0,    7,   -8,    0,   -1,   -1,    0,  -45,    0,   -3,    0,   -8,    0,    0,   -3,   -3,    0,    0,    0,   -3,   -8,    0,   -5,    0,   -8,    0,    0,    0,    0,    0,    0,    0,    0,    0,    0,    0,    0,    0,    0,    0,    0,    0,    0,    0,    0,    0,    0,    0,    0,    0,    0,    0,    0,    0,    0,    0,    0,    0,    0,    0,    0,    0,    0,    0,    0,    0,    0,    0,    0,    0,    0,    0,    0,    0,    0,    0,    0,    0,    0,    0,    0,    0,    0,    0,    0,    0,    0,    0,    0,    0,    0,    0,    0,    0,    0,    0,    0,    0,    0,    0,    0,    0,    0,    0,    0,    0,    0,    0,    0,    0,    0,    0,    0,    0,    0,    0,    0,   -3,   -3,   -3,   -8,   -8,    0,   -8,    0,    4,  -23,    5,    5,    3,    0,    0,    0,
       0,    3,    0,    7,    0,  -22,  -21,  -22,    0,    0,    0,    0,    0,    0,    0,    0,    0,    0,    0,    0,    0,  -29,   -5,    0,  -38,   -1,  -45,   -1,  -12,   -8,  -29,  -29,  -15,    7,    8,   -3,    0,   -8,   -7,    0,   -3,    0,    0,    0,    0,   -7,   -1,    0,    0,    0,    0,    0,    0,    0,    0,    7,  -11,    0,    0,   -4,   -5,    0,    0,    0,    0,   -5,   -5,   -5,    0,   -3,   -3,   -3,   -3,   -8,   -8,   -8,    0,    0,    0,    0,  -14,   -8,   -8,   -8,   -8,    0,   -3,   -3,   -8,   -8,   -8,   -8,   -3,   -3,    0,    0,   -5,    0,   -5,    0,    0,    0,    0,   -5,    0,    0,    7,   -8,    6,   -1,   -1,    0,  -45,    0,   -3,    0,   -8,    0,    0,   -3,   -3,    0,    0,    0,   -3,   -8,    0,   -5,    0,   -8,    0,    0,    0,    0,    0,    0,    0,    0,    0,    0,    0,    0,    0,    0,    0,    0,    0,    0,    0,    0,    0,    0,    0,    0,    0,    0,    0,    0,    0,    0,    0,    0,    0,    0,    0,    0,    0,    0,    0,    0,    0,    0,    0,    0,    0,    0,    0,    0,    0,    0,    0,    0,    0,    0,    0,    0,    0,    0,    0,    0,    0,    0,    0,    0,    0,    0,    0,    0,    0,    0,    0,    0,    0,    0,    0,    0,    0,    0,    0,    0,    0,    0,    0,    0,    0,    0,    0,    0,    0,    0,    0,    0,   -3,   -3,   -3,   -8,   -8,    0,   -8,    0,    2,  -23,    3,    3,    4,    0,    0,    0,
       0,    0,    0,   -8,   -2,    0,    0,    0,    0,    0,    0,    0,    0,    0,    0,    0,    0,    0,    0,   -9,    0,   -4,   -7,   -4,   -1,   -1,  -58,   -9,  -33,  -27,   -9,  -54,   -4,  -10,   -8,    0,    0,    0,    0,    0,   -2,    0,    0,    0,    0,    0,    0,    0,    0,   -5,    0,    0,   -5,    0,    0,   -8,    0,    0,    0,    0,    0,    0,    0,    0,    0,   -7,   -7,   -7,    0,    0,    0,    0,    0,    0,    0,    0,    0,    0,    0,    0,    0,    0,    0,    0,    0,    0,    0,    0,    0,    0,    0,    0,   -2,   -2,    0,    0,   -7,    0,   -7,    0,    0,    0,    0,   -7,    0,    0,    0,    0,    0,    0,    0,    0,  -58,    0,    0,    0,    0,    0,    0,   -2,   -2,    0,    0,    0,    0,    0,    0,   -7,    0,    0,    0,    0,    0,    0,    0,    0,    0,    0,    0,    0,    0,    0,    0,    0,    0,    0,    0,    0,    0,    0,    0,    0,    0,    0,    0,    0,    0,    0,    0,    0,    0,    0,    0,    0,    0,    0,    0,    0,    0,    0,    0,    0,    0,    0,    0,    0,    0,    0,    0,    0,    0,    0,    0,    0,    0,    0,    0,    0,    0,    0,    0,    0,    0,    0,    0,    0,    0,    0,    0,    0,    0,    0,    0,    0,    0,    0,    0,    0,    0,    0,    0,    0,    0,    0,    0,    0,    0,    0,    0,    0,    0,    0,    0,    0,    0,    0,    0,    0,    0,   -1,   -2,    0,   -9,   -9,   -9,    0,    0,    0,
       0,    0,    0,  -12,   -2,    0,    0,    0,    0,    0,    0,    0,    0,    0,    0,    0,    0,    0,    0,   -9,    0,   -4,   -7,   -4,   -1,   -1,  -58,   -9,  -33,  -27,   -9,  -54,   -4,  -14,  -11,    0,    0,    0,    0,    0,   -2,    0,    0,    0,    0,    0,    0,    0,    0,   -5,    0,    0,   -5,    0,    0,  -13,    0,    0,    0,    0,    0,    0,    0,    0,    0,   -7,   -7,   -7,    0,    0,    0,    0,    0,    0,    0,    0,    0,    0,    0,    0,    0,    0,    0,    0,    0,    0,    0,    0,    0,    0,    0,    0,   -2,   -2,    0,    0,   -7,    0,   -7,    0,    0,    0,    0,   -7,    0,    0,    0,    0,    0,    0,    0,    0,  -58,    0,    0,    0,    0,    0,    0,   -2,   -2,    0,    0,    0,    0,    0,    0,   -7,    0,    0,    0,    0,    0,    0,    0,    0,    0,    0,    0,    0,    0,    0,    0,    0,    0,    0,    0,    0,    0,    0,    0,    0,    0,    0,    0,    0,    0,    0,    0,    0,    0,    0,    0,    0,    0,    0,    0,    0,    0,    0,    0,    0,    0,    0,    0,    0,    0,    0,    0,    0,    0,    0,    0,    0,    0,    0,    0,    0,    0,    0,    0,    0,    0,    0,    0,    0,    0,    0,    0,    0,    0,    0,    0,    0,    0,    0,    0,    0,    0,    0,    0,    0,    0,    0,    0,    0,    0,    0,    0,    0,    0,    0,    0,    0,    0,    0,    0,    0,    0,   -1,   -2,    0,   -9,   -9,   -9,    0,    0,    0,
      15,   28,    0,   35,   22,    0,    0,    0,    0,    0,    0,    0,    0,    0,    0,    0,    0,    0,    0,   24,    0,    0,    0,    0,    0,    0,  -47,   -3,  -17,  -11,    0,  -31,    0,   34,   37,    0,   18,   -2,    0,    0,    0,   17,   17,   18,    0,    0,    0,    0,    0,    0,    0,    0,    3,    0,   14,   35,    0,    0,   22,    0,    0,    0,   17,    0,    0,    0,    0,    0,   18,    0,    0,    0,    0,   -2,   -2,   -2,   17,    0,   17,   17,   -3,   -2,   -2,   -2,   -2,    0,    0,    0,   -2,    0,   -2,   -2,    0,    0,   18,   18,    0,   17,    0,   17,   17,   17,   17,    0,   18,    0,    0,   -2,    0,    0,   22,    0,  -47,    0,    0,   17,   -2,    0,    0,    6,    0,    0,    0,   17,    0,   -2,   17,    0,   17,   -2,    0,    0,    0,    0,    0,    0,    0,    0,    0,    0,    0,    0,    0,    0,    0,    0,    0,    0,    0,    0,    0,    0,    0,    0,    0,    0,    0,    0,    0,    0,    0,    0,    0,    0,    0,    0,    0,    0,    0,    0,    0,    0,    0,    0,    0,    0,    0,    0,    0,    0,    0,    0,    0,    0,    0,    0,    0,    0,    0,    0,    0,    0,    0,    0,    0,    0,    0,    0,    0,    0,    0,    0,    0,    0,    0,    0,    0,    0,    0,    0,    0,    0,    0,    0,    0,    0,    0,    0,    0,    0,    0,    0,    0,    0,    0,   -2,   -2,   17,   -2,   20,   27,    0,   27,   27,   31,    0,    0,    0,
       0,    0,  -15,    0,    0,  -36,  -35,  -31,    0,    0,    0,    0,    0,    0,    0,    0,    0,  -19,  -18,    0,  -21,  -72,    0,  -20,  -34,   -1,    0,    0,    0,    0,    0,    0,    0,    0,    0, -107,   -5, -110, -109,  -54, -108,   -2,   -2,   -5,  -94,  -95, -101,  -63,  -87,  -81,  -80,  -84,  -81,  -91,    0,    0,  -16,   -2,    0,  -75,  -56,    0,    0,  -69,  -48,    0,    0,    0,  -28, -105, -101, -107, -101, -123, -119, -118,   15,  -22,   19,   12,  -45, -125, -122, -121, -110,  -87, -114, -109, -117, -116, -110, -118, -109, -118,   -5,    2,    0,   13,    0,    6,   11,  -51,   21,    0,   -5,  -94,  -94, -110,  -72,  -91,  -86,  -63,    0,  -84,  -98,   22, -121,  -87,  -58, -108, -108,    0,  -19,   -2, -107, -110,   -2,    0,   -2, -110,  -94,  -87,  -48,    0,    0,    0,    0,    0,    0,    0,    0,    0,    0,    0,    0,    0,    0,    0,    0,    0,    0,    0,    0,    0,    0,    0,    0,    0,    0,    0,    0,    0,    0,    0,    0,    0,    0,    0,    0,    0,    0,    0,    0,    0,    0,    0,    0,    0,    0,    0,    0,    0,    0,    0,    0,    0,    0,    0,    0,    0,    0,    0,    0,    0,    0,    0,    0,    0,    0,    0,    0,    0,    0,    0,    0,    0,    0,    0,    0,    0,    0,    0,    0,    0,    0,    0,    0,    0,    0,    0,    0,    0, -107,  -53,  -95, -125,  -75,   -2,  -77,    0,    0,  -34,    0,    0,    0,    0,  -62,  -55,
       0,    0,    0,   -2,    0,    0,    0,    0,    0,    0,    0,    0,    0,    0,    0,    0,    0,    0,    0,   -7,    0,    0,   -4,   -5,   -2,   -1,  -52,   -9,  -29,  -24,   -5,  -47,   -5,  -12,  -10,    0,    0,    0,    0,    0,    0,    0,    0,    0,    0,    0,    0,    0,    0,    0,    0,    0,    0,    0,    0,  -12,    0,    0,    0,    0,    0,    0,    0,    0,    0,   -4,   -4,   -4,    0,    0,    0,    0,    0,    0,    0,    0,    0,    0,    0,    0,    0,    0,    0,    0,    0,    0,    0,    0,    0,    0,    0,    0,    0,    0,    0,    0,   -4,    0,   -4,    0,    0,    0,    0,   -4,    0,    0,    0,    0,    0,    0,    0,    0,  -52,    0,    0,    0,    0,    0,    0,    0,    0,    0,    0,    0,    0,    0,    0,   -4,    0,    0,    0,    0,    0,    0,    0,    0,    0,    0,    0,    0,    0,    0,    0,    0,    0,    0,    0,    0,    0,    0,    0,    0,    0,    0,    0,    0,    0,    0,    0,    0,    0,    0,    0,    0,    0,    0,    0,    0,    0,    0,    0,    0,    0,    0,    0,    0,    0,    0,    0,    0,    0,    0,    0,    0,    0,    0,    0,    0,    0,    0,    0,    0,    0,    0,    0,    0,    0,    0,    0,    0,    0,    0,    0,    0,    0,    0,    0,    0,    0,    0,    0,    0,    0,    0,    0,    0,    0,    0,    0,    0,    0,    0,    0,    0,    0,    0,    0,    0,    0,    0,    0,    0,    0,    0,   -7,    0,    0,    0,
       0,    0,    0,   -2,    0,    0,    0,    0,    0,    0,    0,    0,    0,    0,    0,    0,    0,    0,    0,   -7,    0,    0,   -4,   -5,   -2,   -1,  -52,   -9,  -29,  -24,   -5,  -47,   -5,  -15,   -7,    0,    0,    0,    0,    0,    0,    0,   21,    0,    0,    0,    0,    0,    0,    0,    0,    0,    0,    0,    0,   -7,    0,    0,    0,    0,    0,    0,    0,    0,    0,   -4,   -4,   -4,    0,    0,    0,    0,    0,    0,    0,    0,    0,    0,    0,    0,    0,    0,    0,    0,    0,    0,    0,    0,    0,    0,    0,    0,    0,    0,    0,    0,   -4,    0,   -4,    0,    0,    0,    0,   -4,    0,    0,    0,    0,    0,    0,    0,    0,  -52,    0,    0,    0,    0,    0,    0,    0,    0,    0,    0,    0,    0,    0,    0,   -4,    0,    0,    0,    0,    0,    0,    0,    0,    0,    0,    0,    0,    0,    0,    0,    0,    0,    0,    0,    0,    0,    0,    0,    0,    0,    0,    0,    0,    0,    0,    0,    0,    0,    0,    0,    0,    0,    0,    0,    0,    0,    0,    0,    0,    0,    0,    0,    0,    0,    0,    0,    0,    0,    0,    0,    0,    0,    0,    0,    0,    0,    0,    0,    0,    0,    0,    0,    0,    0,    0,    0,    0,    0,    0,    0,    0,    0,    0,    0,    0,    0,    0,    0,    0,    0,    0,    0,    0,    0,    0,    0,    0,    0,    0,    0,    0,    0,    0,    0,    0,    0,    0,    0,    0,    0,    0,   -7,    0,    0,    0,
       0,    0,    0,    0,    0,    0,    0,    0,    0,    0,    0,    0,    0,    0,    0,    0,    0,    0,    0,    0,    0,    0,   -5,   -4,    0,   -1,  -49,   -8,  -22,  -18,    0,  -37,    0,  -10,  -10,    0,    0,   -5,   -4,    0,    0,    0,    0,    0,    0,   -4,    0,    0,    0,    0,    0,    0,    0,    0,    0,  -10,    0,    0,    0,   -3,   -2,    0,    0,    0,    0,   -5,   -5,   -5,    0,    0,    0,    0,    0,   -5,   -5,   -5,    0,    0,    0,    0,   -7,   -5,   -5,   -5,   -5,    0,    0,    0,   -5,   -5,   -5,   -5,    0,    0,    0,    0,   -5,    0,   -5,    0,    0,    0,    0,   -5,    0,    0,    0,   -5,    0,    0,    0,    0,  -49,    0,    0,    0,   -5,    0,    0,    0,    0,    0,    0,    0,    0,   -5,    0,   -5,    0,   -5,    0,    0,    0,    0,    0,    0,    0,    0,    0,    0,    0,    0,    0,    0,    0,    0,    0,    0,    0,    0,    0,    0,    0,    0,    0,    0,    0,    0,    0,    0,    0,    0,    0,    0,    0,    0,    0,    0,    0,    0,    0,    0,    0,    0,    0,    0,    0,    0,    0,    0,    0,    0,    0,    0,    0,    0,    0,    0,    0,    0,    0,    0,    0,    0,    0,    0,    0,    0,    0,    0,    0,    0,    0,    0,    0,    0,    0,    0,    0,    0,    0,    0,    0,    0,    0,    0,    0,    0,    0,    0,    0,    0,    0,    0,    0,   -5,   -5,    0,   -5,    0,    0,    0,    0,    0,    0,    0,    0,    0,
       0,    0,    0,    0,    0,    0,    0,    0,    0,    0,    0,    0,    0,    0,    0,    0,    0,    0,    0,    0,    0,    0,    0,    0,    0,    0,    0,    0,    0,    0,    0,    0,    0,    0,    0,    0,    0,    0,    0,    0,    0,   10,   10,    0,    0,    0,    0,    0,    0,    0,    0,    0,    0,    0,    0,    0,    0,    0,    0,    0,    0,    0,    0,    0,    0,    0,    0,    0,    0,    0,    0,    0,    0,    0,    0,    0,   46,    0,   27,   40,    0,    0,    0,    0,    0,    0,    0,    0,    0,    0,    0,    0,    0,    0,    0,    0,    0,   36,    0,   34,   49,    0,   28,    0,    0,    0,   31,    0,   18,    0,    0,    0,    0,    0,    0,   10,    0,    0,    0,    0,    0,    0,    0,   10,    0,    0,   10,    0,   10,    0,    0,    0,    0,    0,    0,    0,    0,    0,    0,    0,    0,    0,    0,    0,    0,    0,    0,    0,    0,    0,    0,    0,    0,    0,    0,    0,    0,    0,    0,    0,    0,    0,    0,    0,    0,    0,    0,    0,    0,    0,    0,    0,    0,    0,    0,    0,    0,    0,    0,    0,    0,    0,    0,    0,    0,    0,    0,    0,    0,    0,    0,    0,    0,    0,    0,    0,    0,    0,    0,    0,    0,    0,    0,    0,    0,    0,    0,    0,    0,    0,    0,    0,    0,    0,    0,    0,    0,    0,    0,    0,    0,    0,    0,    0,    0,    0,    0,   10,    0,    0,    0,    0,    0,    0,    0,    0,    0,    0,
       0,    0,   -9,    0,    0,  -26,  -25,  -25,    0,    0,    0,    0,    0,    0,    0,    0,    0,   -8,   -8,    0,    0,  -20,    0,   -2,  -22,    0,    0,    0,    6,    0,    0,    6,    0,    0,    0,  -28,    0,  -21,  -22,  -17,  -23,    0,    0,    0,  -16,  -22,  -23,  -17,  -19,  -16,  -14,  -20,  -17,  -24,    0,    0,   -2,    0,    0,  -15,   -7,    0,    0,  -14,    0,    0,    0,    0,    0,  -28,  -28,  -28,  -28,  -21,  -21,  -21,    0,    0,    0,    0,    0,  -21,  -21,  -21,  -21,  -19,  -28,  -28,  -21,  -21,  -21,  -21,  -23,  -23,    0,    0,    0,    0,    0,    0,    0,    0,    0,    0,    0,  -16,  -16,  -21,  -16,  -23,  -23,  -17,    0,  -24,  -28,    0,  -21,  -19,    0,  -23,  -23,    0,    0,    0,  -28,  -21,    0,    0,    0,  -21,  -16,  -19,    0,    0,    0,    0,    0,    0,    0,    0,    0,    0,    0,    0,    0,    0,    0,    0,    0,    0,    0,    0,    0,    0,    0,    0,    0,    0,    0,    0,    0,    0,    0,    0,    0,    0,    0,    0,    0,    0,    0,    0,    0,    0,    0,    0,    0,    0,    0,    0,    0,    0,    0,    0,    0,    0,    0,    0,    0,    0,    0,    0,    0,    0,    0,    0,    0,    0,    0,    0,    0,    0,    0,    0,    0,    0,    0,    0,    0,    0,    0,    0,    0,    0,    0,    0,    0,    0,    0,    0,    0,    0,  -28,  -28,  -28,  -21,  -21,    0,  -21,    0,    0,  -23,    0,    0,    0,    0,  -17,  -17,
       0,    0,    0,    0,    0,  -12,  -10,  -18,    0,    0,    0,    0,    0,    0,    0,    0,    0,    0,    0,    0,    0,    0,    0,    0,    0,    0,    0,    0,    0,    0,    0,    0,    0,    0,   -3,    0,    0,    0,    0,    6,    0,    0,    0,    0,    0,    0,    0,    7,    0,   15,   13,   13,   15,    0,    0,   -2,  -15,    0,    5,    0,    0,    0,    7,    0,    0,    0,    0,    0,    0,    0,    0,    0,    0,    0,    0,    0,    0,    0,    0,    0,    0,    0,    0,    0,    0,    0,    0,    0,    0,    0,    0,    0,    0,    0,    0,    0,    0,    0,    0,    0,    0,    0,    0,    0,    0,    0,    0,    0,    0,    0,    0,    7,    0,    0,    0,    0,    0,    0,    0,    0,    0,    0,    0,    0,    0,    0,    0,    0,    0,    0,    0,    0,    0,    0,    0,    0,    0,    0,    0,    0,    0,    0,    0,    0,    0,    0,    0,    0,    0,    0,    0,    0,    0,    0,    0,    0,    0,    0,    0,    0,    0,    0,    0,    0,    0,    0,    0,    0,    0,    0,    0,    0,    0,    0,    0,    0,    0,    0,    0,    0,    0,    0,    0,    0,    0,    0,    0,    0,    0,    0,    0,    0,    0,    0,    0,    0,    0,    0,    0,    0,    0,    0,    0,    0,    0,    0,    0,    0,    0,    0,    0,    0,    0,    0,    0,    0,    0,    0,    0,    0,    0,    0,    0,    0,    0,    0,    0,    0,    0,    5,    2,  -12,    3,    3,    0,    0,    6,    6,
       0,    0,  -20,    6,    3,  -42,  -41,  -41,    0,    0,    0,    0,    0,    0,    0,    0,    0,  -27,  -26,    0,    0,  -27,    0,   -9,  -30,    0,    6,    0,   17,   11,   10,   17,    0,    7,    8,  -56,    0,  -55,  -53,  -25,  -56,    0,    0,    0,  -46,  -53,  -56,  -30,  -42,  -40,  -37,  -36,  -41,  -42,    0,    7,  -23,  -17,    0,  -41,  -31,    0,    0,  -39,    0,    0,    0,    0,    0,  -56,  -56,  -56,  -56,  -55,  -55,  -55,    0,    0,    0,    0,    0,  -55,  -55,  -55,  -55,  -42,  -56,  -56,  -55,  -55,  -55,  -55,  -56,  -56,    0,    0,    0,    0,    0,    0,    0,    0,    0,    0,    0,  -46,  -46,  -55,  -46,  -56,  -56,  -30,    6,  -42,  -56,    0,  -55,  -42,    0,  -56,  -56,    0,    0,    0,  -56,  -55,    0,    0,    0,  -55,  -46,  -42,    0,    0,    0,    0,    0,    0,    0,    0,    0,    0,    0,    0,    0,    0,    0,    0,    0,    0,    0,    0,    0,    0,    0,    0,    0,    0,    0,    0,    0,    0,    0,    0,    0,    0,    0,    0,    0,    0,    0,    0,    0,    0,    0,    0,    0,    0,    0,    0,    0,    0,    0,    0,    0,    0,    0,    0,    0,    0,    0,    0,    0,    0,    0,    0,    0,    0,    0,    0,    0,    0,    0,    0,    0,    0,    0,    0,    0,    0,    0,    0,    0,    0,    0,    0,    0,    0,    0,    0,    0,    0,  -56,  -56,  -56,  -55,  -55,    0,  -55,    0,    0,  -39,    0,    0,    3,    0,  -25,  -25,
       0,    0,    0,    0,    3,  -16,  -16,  -20,    0,    0,    0,    0,    0,    0,    0,    0,    0,    0,    0,    0,    0,    0,    0,    0,    0,    0,    0,    0,    0,    0,    0,    0,    0,    0,   -2,    0,    0,   -3,   -2,    7,    0,    0,    0,    0,    0,   -2,    0,    9,    0,   16,   14,   14,   17,    0,    0,   -2,  -16,    0,    6,  -12,    0,    0,    8,    0,    0,    0,    0,    0,    0,    0,    0,    0,    0,   -3,   -3,   -3,    0,    0,    0,    0,    0,   -3,   -3,   -3,   -3,    0,    0,    0,   -3,   -3,   -3,   -3,    0,    0,    0,    0,    0,    0,    0,    0,    0,    0,    0,    0,    0,    0,    0,   -3,    0,    0,    0,    9,    0,    0,    0,    0,   -3,    0,    0,    0,    0,    0,    0,    0,    0,   -3,    0,    0,    0,   -3,    0,    0,    0,    0,    0,    0,    0,    0,    0,    0,    0,    0,    0,    0,    0,    0,    0,    0,    0,    0,    0,    0,    0,    0,    0,    0,    0,    0,    0,    0,    0,    0,    0,    0,    0,    0,    0,    0,    0,    0,    0,    0,    0,    0,    0,    0,    0,    0,    0,    0,    0,    0,    0,    0,    0,    0,    0,    0,    0,    0,    0,    0,    0,    0,    0,    0,    0,    0,    0,    0,    0,    0,    0,    0,    0,    0,    0,    0,    0,    0,    0,    0,    0,    0,    0,    0,    0,    0,    0,    0,    0,    0,    0,    0,    0,   -3,   -3,    0,   -3,    6,    4,  -18,    5,    5,    0,    0,    7,    7,
       0,    0,    0,    0,    0,    0,    0,    0,    0,    0,    0,    0,    0,    0,    0,    0,    0,    0,    0,    0,    0,    0,   -5,   -4,    0,   -1,  -49,   -8,  -22,  -18,    0,  -37,    0,  -10,  -12,    0,    0,   -5,   -4,    0,    0,    0,    0,    0,    0,   -4,    0,    0,    0,    0,    0,    0,    0,    0,    0,  -10,    0,    0,    0,   -3,   -2,    0,    0,    0,    0,   -5,   -5,   -5,    0,    0,    0,    0,    0,   -5,   -5,   -5,    5,    0,    0,    0,   -7,   -5,   -5,   -5,   -5,    0,    0,    0,   -5,   -5,   -5,   -5,    0,    0,    0,    0,   -5,    0,   -5,    0,    5,    0,    0,   -5,    0,    0,    0,   -5,    0,    0,    0,    0,  -49,    0,    0,   15,   -5,    0,    0,    0,    0,    0,    0,   17,    0,   -5,   42,   -5,    0,   -5,   10,    0,    0,    0,    0,    0,    0,    0,    0,    0,    0,    0,    0,    0,    0,    0,    0,    0,    0,    0,    0,    0,    0,    0,    0,    0,    0,    0,    0,    0,    0,    0,    0,    0,    0,    0,    0,    0,    0,    0,    0,    0,    0,    0,    0,    0,    0,    0,    0,    0,    0,    0,    0,    0,    0,    0,    0,    0,    0,    0,    0,    0,    0,    0,    0,    0,    0,    0,    0,    0,    0,    0,    0,    0,    0,    0,    0,    0,    0,    0,    0,    0,    0,    0,    0,    0,    0,    0,    0,    0,    0,    0,    0,    6,    0,   -5,   -5,    0,   -5,    0,    0,    0,    0,    0,    0,    0,    0,    0,
       7,   20,    0,   27,    5,    0,    0,    0,    0,    0,    0,    0,    0,    0,    0,    0,    0,    0,    0,    6,    0,   -1,   -4,   -4,   -2,   -1,   -2,   -5,    0,   -3,    0,    0,   -3,   24,   29,    0,   10,    0,    0,    0,    0,    3,    3,   10,    0,    0,    0,    0,    0,    0,    0,    0,    0,    0,    6,   27,    0,    0,    7,    0,    0,    0,    0,    0,    0,   -4,   -4,   -4,   10,    0,    0,    0,    0,    0,    0,    0,    3,    3,    3,    5,    0,    0,    0,    0,    0,    0,    0,    0,    0,    0,    0,    0,    0,    0,   10,   10,   -4,    3,   -4,    3,    3,    3,    3,   -4,   10,    0,    0,    0,    0,    0,    0,    0,   -2,    0,    0,    3,    0,    0,    0,    0,    0,    0,    0,    3,    0,    0,   26,   -4,    3,    0,    0,    0,    0,    0,    0,    0,    0,    0,    0,    0,    0,    0,    0,    0,    0,    0,    0,    0,    0,    0,    0,    0,    0,    0,    0,    0,    0,    0,    0,    0,    0,    0,    0,    0,    0,    0,    0,    0,    0,    0,    0,    0,    0,    0,    0,    0,    0,    0,    0,    0,    0,    0,    0,    0,    0,    0,    0,    0,    0,    0,    0,    0,    0,    0,    0,    0,    0,    0,    0,    0,    0,    0,    0,    0,    0,    0,    0,    0,    0,    0,    0,    0,    0,    0,    0,    0,    0,    0,    0,    0,    0,    0,    0,    0,    0,    0,    0,    3,    0,    8,   18,    0,   19,   19,   19,    0,    0,    0,
       0,    0,    3,    0,    0,    0,    0,    0,    0,    0,    0,    0,    0,    0,    0,    0,    0,    0,    0,    0,    0,   -5,    0,    0,    0,    0,   -1,    0,   -8,   -3,    0,  -10,    0,    0,   -2,   -1,   -1,   -3,   -3,   -9,   -5,   -1,   -1,   -1,   -4,   -3,   -3,   -8,   -4,   -9,   -5,   -4,   -9,   -4,    0,    0,   -7,    0,    0,    0,    0,    0,    0,    0,   -5,    0,    0,    0,   -1,   -1,   -1,   -1,   -1,   -3,   -3,   -3,   -1,   -1,   -1,    3,   -3,   -3,   -3,   -3,   -3,   -4,   -1,   -1,   -3,   -3,   -3,   -3,   -5,   -5,   -1,   -1,    0,    1,    0,   -1,   -1,   -1,   -1,    0,   -1,   -4,   -4,   -3,   -4,   -3,   -3,   -8,   -1,   -4,   -1,   -1,   -3,   -4,   -3,   -5,   -5,    0,   -5,   -1,   -1,   -3,   -1,    0,   -1,   -3,   -4,   -4,   -5,    0,    0,    0,    0,    0,    0,    0,    0,    0,    0,    0,    0,    0,    0,    0,    0,    0,    0,    0,    0,    0,    0,    0,    0,    0,    0,    0,    0,    0,    0,    0,    0,    0,    0,    0,    0,    0,    0,    0,    0,    0,    0,    0,    0,    0,    0,    0,    0,    0,    0,    0,    0,    0,    0,    0,    0,    0,    0,    0,    0,    0,    0,    0,    0,    0,    0,    0,    0,    0,    0,    0,    0,    0,    0,    0,    0,    0,    0,    0,    0,    0,    0,    0,    0,    0,    0,    0,    0,    0,   -1,   -1,   -1,   -3,   -3,   -1,   -3,    0,    0,    0,    0,    0,    0,    0,   -9,   -9,
       0,    0,    0,    5,    0,    0,    0,    6,    0,    0,    0,    0,    0,    0,    0,    0,    0,    0,    0,    0,    0,   -1,   -5,   -4,    0,   -1,  -50,   -6,  -22,  -16,   -1,  -38,   -1,  -10,    0,    0,    0,   -5,   -4,    0,   -1,    0,   20,    0,    0,   -4,    0,    0,    0,    0,    0,   14,    0,    0,    0,    2,   -2,    0,    0,    0,    0,    0,    0,    0,    0,   -5,   -5,   -5,    0,    0,    0,    0,    0,   -5,   -5,   -5,    0,    0,    0,    0,   -7,   -5,   -5,   -5,   -5,    0,    0,    0,   -5,   -5,   -5,   -5,   -1,   -1,    0,    0,   -5,    0,   -5,    0,    0,    0,    0,   -5,    0,    0,    0,   -5,    0,    0,    0,    0,  -50,    0,    0,    0,   -5,    0,    0,   -1,   -1,    0,    0,    0,    0,   -5,    0,   -5,    0,   -5,    0,    0,    0,    0,    0,    0,    0,    0,    0,    0,    0,    0,    0,    0,    0,    0,    0,    0,    0,    0,    0,    0,    0,    0,    0,    0,    0,    0,    0,    0,    0,    0,    0,    0,    0,    0,    0,    0,    0,    0,    0,    0,    0,    0,    0,    0,    0,    0,    0,    0,    0,    0,    0,    0,    0,    0,    0,    0,    0,    0,    0,    0,    0,    0,    0,    0,    0,    0,    0,    0,    0,    0,    0,    0,    0,    0,    0,    0,    0,    0,    0,    0,    0,    0,    0,    0,    0,    0,    0,    0,    0,    0,    0,    0,    0,   -5,   -5,    0,   -5,    0,    0,    0,    0,    0,    0,    0,    0,    0,
       0,    0,    0,    0,    0,    0,    0,    0,    0,    0,    0,    0,    0,    0,    0,    0,    0,    0,    0,    0,    0,   -9,    0,    0,   -1,    0,    0,    0,   -6,   -3,   -1,   -7,    0,    0,    0,   -6,   -5,   -3,   -3,  -17,   -8,   -4,   -4,   -5,   -6,   -3,   -7,  -15,   -5,  -16,  -11,  -21,  -18,  -14,    0,    0,    0,    0,    0,    0,    0,    0,    0,    0,    0,    0,    0,    0,   -5,   -6,   -6,   -6,   -6,   -3,   -3,   -3,   -4,   -4,   -4,   -4,    0,   -3,   -3,   -3,   -3,   -5,   -6,   -6,   -3,   -3,   -3,   -3,   -8,   -8,   -5,   -5,    0,   -4,    0,   -4,   -4,   -4,   -4,    0,   -5,   -6,   -6,   -3,   -6,   -7,   -7,  -15,    0,  -14,   -6,   -4,   -3,   -5,    0,   -8,   -8,    0,    0,   -4,   -6,   -3,   -4,    0,   -4,   -3,   -6,   -5,    0,    0,    0,    0,    0,    0,    0,    0,    0,    0,    0,    0,    0,    0,    0,    0,    0,    0,    0,    0,    0,    0,    0,    0,    0,    0,    0,    0,    0,    0,    0,    0,    0,    0,    0,    0,    0,    0,    0,    0,    0,    0,    0,    0,    0,    0,    0,    0,    0,    0,    0,    0,    0,    0,    0,    0,    0,    0,    0,    0,    0,    0,    0,    0,    0,    0,    0,    0,    0,    0,    0,    0,    0,    0,    0,    0,    0,    0,    0,    0,    0,    0,    0,    0,    0,    0,    0,    0,    0,    0,   -6,   -6,   -6,   -3,   -3,   -4,   -3,    0,    0,    0,    0,    0,    0,    0,  -17,  -17,
       0,    0,    0,    0,    0,    0,    0,    0,    0,    0,    0,    0,    0,    0,    0,    0,    0,    0,    0,    0,    0,    0,    0,    0,    0,    0,    0,    0,    0,    0,    0,    0,    0,  -17,    0,    0,    0,   -5,   -3,   -2,    0,    0,    0,    0,    0,   -3,    0,    0,    0,   -3,   -1,    0,   -3,    0,    0,    0,    0,    0,    0,   -9,   -2,    0,    0,    0,    0,    0,    0,    0,    0,    0,    0,    0,    0,   -5,   -5,   -5,    0,    0,    0,    0,    0,   -5,   -5,   -5,   -5,    0,    0,    0,   -5,   -5,   -5,   -5,    0,    0,    0,    0,    0,    0,    0,    0,    0,    0,    0,    0,    0,    0,    0,   -5,    0,    0,    0,    0,    0,    0,    0,    0,   -5,    0,    0,    0,    0,    0,    0,    0,    0,   -5,    0,    0,    0,   -5,    0,    0,    0,    0,    0,    0,    0,    0,    0,    0,    0,    0,    0,    0,    0,    0,    0,    0,    0,    0,    0,    0,    0,    0,    0,    0,    0,    0,    0,    0,    0,    0,    0,    0,    0,    0,    0,    0,    0,    0,    0,    0,    0,    0,    0,    0,    0,    0,    0,    0,    0,    0,    0,    0,    0,    0,    0,    0,    0,    0,    0,    0,    0,    0,    0,    0,    0,    0,    0,    0,    0,    0,    0,    0,    0,    0,    0,    0,    0,    0,    0,    0,    0,    0,    0,    0,    0,    0,    0,    0,    0,    0,    0,    0,    0,   -5,   -5,    0,   -5,    0,    0,    0,    0,    0,   -7,    0,   -2,   -2,
       5,   18,    0,   25,    3,    0,    0,    0,    0,    0,    0,    0,    0,    0,    0,    0,    0,    0,    0,    4,    0,   -1,   -4,   -4,   -2,   -1,   -2,   -5,    0,   -3,    0,    0,   -3,   22,   27,    0,    9,    0,    0,    0,    0,    0,    0,    9,    0,    0,    0,    0,    0,    0,    0,    0,    0,    0,    4,   26,    0,    0,    6,    0,    0,    0,    0,    0,    0,   -4,   -4,   -4,    9,    0,    0,    0,    0,    0,    0,    0,    0,    0,    0,    5,    0,    0,    0,    0,    0,    0,    0,    0,    0,    0,    0,    0,    0,    0,    9,    9,   -4,    0,   -4,    0,    0,    0,    0,   -4,    9,    0,    0,    0,    0,    0,    0,    0,   -2,    0,    0,    0,    0,    0,    0,    0,    0,    0,    0,    0,    0,    0,   26,   -4,    0,    0,    0,    0,    0,    0,    0,    0,    0,    0,    0,    0,    0,    0,    0,    0,    0,    0,    0,    0,    0,    0,    0,    0,    0,    0,    0,    0,    0,    0,    0,    0,    0,    0,    0,    0,    0,    0,    0,    0,    0,    0,    0,    0,    0,    0,    0,    0,    0,    0,    0,    0,    0,    0,    0,    0,    0,    0,    0,    0,    0,    0,    0,    0,    0,    0,    0,    0,    0,    0,    0,    0,    0,    0,    0,    0,    0,    0,    0,    0,    0,    0,    0,    0,    0,    0,    0,    0,    0,    0,    0,    0,    0,    0,    0,    0,    0,    0,    0,    0,    0,    6,   18,    0,   18,   18,   18,    0,    0,    0,
       0,    0,    0,   -2,    0,  -32,  -31,  -22,    0,    0,    0,    0,    0,    0,    0,    0,    0,    0,    0,    0,    0,  -26,    0,    0,  -35,   -1,   -1,    0,   -8,   -3,  -13,  -13,   -8,    0,  -11,  -13,   -6,  -12,  -13,    0,  -11,   -6,   -6,   -6,   -8,  -13,   -9,    0,   -6,    0,    0,   -1,    0,   -5,    0,  -10,    0,    0,    0,    0,    0,    0,    0,    0,    0,    0,    0,    0,   -6,  -13,  -13,  -13,  -13,  -12,  -12,  -12,   -6,   -6,   -6,   -6,    0,  -12,  -12,  -12,  -12,   -6,  -13,  -13,  -12,  -12,  -12,  -12,  -11,  -11,   -6,   -6,    0,   -6,    0,   -6,   -6,   -6,   -6,    0,   -6,   -8,   -8,  -12,   -8,   -9,   -9,    0,   -1,   -5,  -13,   -6,  -12,   -6,    0,  -11,  -11,    0,    0,   -6,  -13,  -12,   -6,    0,   -6,  -12,   -8,   -6,    0,    0,    0,    0,    0,    0,    0,    0,    0,    0,    0,    0,    0,    0,    0,    0,    0,    0,    0,    0,    0,    0,    0,    0,    0,    0,    0,    0,    0,    0,    0,    0,    0,    0,    0,    0,    0,    0,    0,    0,    0,    0,    0,    0,    0,    0,    0,    0,    0,    0,    0,    0,    0,    0,    0,    0,    0,    0,    0,    0,    0,    0,    0,    0,    0,    0,    0,    0,    0,    0,    0,    0,    0,    0,    0,    0,    0,    0,    0,    0,    0,    0,    0,    0,    0,    0,    0,    0,    0,    0,  -13,  -13,  -13,  -12,  -12,   -6,  -12,    0,    0,  -30,    0,    0,    0,    0,    0,    0,
       0,  -13,    0,  -16,  -14,    0,    0,    0,    0,    0,    0,    0,    0,    0,    0,    0,    0,    0,    0,  -17,    0,   -7,   -8,   -3,  -14,   -8,  -65,   -9,  -42,  -32,  -21,  -61,  -12,  -26,  -18,    0,    0,    0,    0,   -7,   -2,    0,    0,    0,    0,    0,    0,   -5,    0,   -9,   -5,  -12,  -10,   -5,    0,  -17,    0,    0,   -7,    0,    0,    0,   -6,    0,    0,   -8,   -8,   -8,    0,    0,    0,    0,    0,    0,    0,    0,    0,    0,    0,    0,    0,    0,    0,    0,    0,    0,    0,    0,    0,    0,    0,    0,   -2,   -2,    0,    0,   -8,    0,   -8,    0,    0,    0,    0,   -8,    0,    0,    0,    0,    0,    0,    0,   -5,  -65,   -5,    0,    0,    0,    0,    0,   -2,   -2,    0,   -3,    0,    0,    0,    0,   -8,    0,    0,    0,    0,   -3,    0,    0,    0,    0,    0,    0,    0,    0,    0,    0,    0,    0,    0,    0,    0,    0,    0,    0,    0,    0,    0,    0,    0,    0,    0,    0,    0,    0,    0,    0,    0,    0,    0,    0,    0,    0,    0,    0,    0,    0,    0,    0,    0,    0,    0,    0,    0,    0,    0,    0,    0,    0,    0,    0,    0,    0,    0,    0,    0,    0,    0,    0,    0,    0,    0,    0,    0,    0,    0,    0,    0,    0,    0,    0,    0,    0,    0,    0,    0,    0,    0,    0,    0,    0,    0,    0,    0,    0,    0,    0,    0,    0,    0,    0,    0,    0,  -22,  -11,    0,  -12,  -12,  -17,    0,   -7,   -7,
       0,    0,    0,    0,    0,    0,    0,    0,    0,    0,    0,    0,    0,    0,    0,    0,    0,    0,    0,    0,    0,    0,    0,    0,    0,    0,    0,    0,    0,    0,    0,    0,    0,    0,    4,   -7,   -4,   -8,   -8,   -8,   -9,   -4,   -4,   -4,   -4,   -8,   -7,   -7,   -5,   -6,   -4,   -1,   -6,   -5,    0,    3,    0,    0,    0,    0,    0,    0,    0,    0,    0,    0,    0,    0,   -4,   -7,   -7,   -7,   -7,   -8,   -8,   -8,   -4,   -4,   -5,   -4,   -9,   -8,   -8,   -8,   -8,   -5,   -7,   -7,   -8,   -8,   -8,   -8,   -9,   -9,   -4,   -4,    0,   -4,    0,   -4,   -4,   -4,   -3,    0,   -4,   -4,   -4,   -8,   -4,   -7,   -7,   -7,    0,   -5,   -7,   -4,   -8,   -5,   -7,   -9,   -9,    0,   -4,   -4,   -7,   -8,   -4,    0,   -4,   -8,   -4,   -5,   -4,    0,    0,    0,    0,    0,    0,    0,    0,    0,    0,    0,    0,    0,    0,    0,    0,    0,    0,    0,    0,    0,    0,    0,    0,    0,    0,    0,    0,    0,    0,    0,    0,    0,    0,    0,    0,    0,    0,    0,    0,    0,    0,    0,    0,    0,    0,    0,    0,    0,    0,    0,    0,    0,    0,    0,    0,    0,    0,    0,    0,    0,    0,    0,    0,    0,    0,    0,    0,    0,    0,    0,    0,    0,    0,    0,    0,    0,    0,    0,    0,    0,    0,    0,    0,    0,    0,    0,    0,    0,   -7,   -7,   -7,   -8,   -8,   -4,   -8,    0,    0,    0,    0,    0,    0,    0,   -8,   -8,
       0,    0,    0,    0,    0,    0,    0,    0,    0,    0,    0,    0,    0,    0,    0,    0,    0,    0,    0,    0,    0,   -1,   -4,   -4,   -2,   -1,   -2,   -5,    0,   -3,    0,    0,   -3,    0,    0,    0,    0,    0,    0,    0,    0,    0,    0,    0,    0,    0,    0,    0,    0,    0,    0,    0,    0,    0,    0,    0,    0,    0,    0,    0,    0,    0,    6,    0,    0,   -4,   -4,   -4,    0,    0,    0,    0,    0,    0,    0,    0,    0,    0,    0,    5,    0,    0,    0,    0,    0,    0,    0,    0,    0,    0,    0,    0,    0,    0,    0,    0,   -4,    0,   -4,    0,    0,    0,    0,   -4,    0,    0,    0,    0,    0,    0,    0,    0,   -2,    0,    0,    0,    0,    0,    0,    0,    0,    0,    0,    0,    0,    0,   26,   -4,    0,    0,    0,    0,    0,    0,    0,    0,    0,    0,    0,    0,    0,    0,    0,    0,    0,    0,    0,    0,    0,    0,    0,    0,    0,    0,    0,    0,    0,    0,    0,    0,    0,    0,    0,    0,    0,    0,    0,    0,    0,    0,    0,    0,    0,    0,    0,    0,    0,    0,    0,    0,    0,    0,    0,    0,    0,    0,    0,    0,    0,    0,    0,    0,    0,    0,    0,    0,    0,    0,    0,    0,    0,    0,    0,    0,    0,    0,    0,    0,    0,    0,    0,    0,    0,    0,    0,    0,    0,    0,    0,    0,    0,    0,    0,    0,    0,    0,    0,    0,    0,    4,    0,    0,    2,    2,    0,    0,    0,    0,
       0,    0,    0,    0,    0,    0,    0,    0,    0,    0,    0,    0,    0,    0,    0,    0,    0,    0,    0,    0,    0,    0,    0,    0,    0,    0,    0,    0,    0,    0,    0,    0,    0,    0,   18,   -7,   -4,   -8,   -8,   -8,   -9,   -4,   -4,   -4,   -4,   -8,   -7,   -7,   -5,   -6,   -4,   -1,   -6,   -5,    0,   16,    0,    0,    0,    0,    0,    0,    0,    0,    0,    0,    0,    0,   -4,   -7,   -7,   -7,   -7,   -8,   -8,   -8,   -4,   -4,   -5,   -4,   -9,   -8,   -8,   -8,   -8,   -5,   -7,   -7,   -8,   -8,   -8,   -8,   -9,   -9,   -4,   -4,    0,   -4,    0,   -4,   -4,   -4,   -3,    0,   -4,   -4,   -4,   -8,   -4,   -7,   -7,   -7,    0,   -5,   -7,   -4,   -8,   -5,   -7,   -9,   -9,    0,   -4,   -4,   -7,   -8,   -4,    0,   -4,   -8,   -4,   -5,   -4,    0,    0,    0,    0,    0,    0,    0,    0,    0,    0,    0,    0,    0,    0,    0,    0,    0,    0,    0,    0,    0,    0,    0,    0,    0,    0,    0,    0,    0,    0,    0,    0,    0,    0,    0,    0,    0,    0,    0,    0,    0,    0,    0,    0,    0,    0,    0,    0,    0,    0,    0,    0,    0,    0,    0,    0,    0,    0,    0,    0,    0,    0,    0,    0,    0,    0,    0,    0,    0,    0,    0,    0,    0,    0,    0,    0,    0,    0,    0,    0,    0,    0,    0,    0,    0,    0,    0,    0,    0,   -7,   -7,   -7,   -8,   -8,   -4,   -8,    0,    0,    0,    0,    0,    0,    0,   -8,   -8,
       0,   10,    0,    3,   12,    0,    0,    0,    0,    0,    0,    0,    0,    0,    0,    0,    0,    0,    0,   10,    0,   -1,   -4,   -4,   -2,   -1,   -2,   -5,    0,   -3,    0,    0,   -3,    0,    0,    0,    0,    0,    0,    0,    0,    0,    0,    0,    0,    0,    0,    0,    0,    0,    0,    0,    0,    0,    0,    2,    0,    0,    0,    0,    0,    0,   16,    0,    0,   -4,   -4,   -4,    0,    0,    0,    0,    0,    0,    0,    0,    0,    0,    0,    5,    0,    0,    0,    0,    0,    0,    0,    0,    0,    0,    0,    0,    0,    0,    0,    0,   -4,    0,   -4,    0,    0,    0,    0,   -4,    0,    0,    0,    0,    0,    0,    0,    0,   -2,    0,    0,    0,    0,    0,    0,    0,    0,    0,    0,    0,    0,    0,   26,   -4,    0,    0,    0,    0,    0,    0,    0,    0,    0,    0,    0,    0,    0,    0,    0,    0,    0,    0,    0,    0,    0,    0,    0,    0,    0,    0,    0,    0,    0,    0,    0,    0,    0,    0,    0,    0,    0,    0,    0,    0,    0,    0,    0,    0,    0,    0,    0,    0,    0,    0,    0,    0,    0,    0,    0,    0,    0,    0,    0,    0,    0,    0,    0,    0,    0,    0,    0,    0,    0,    0,    0,    0,    0,    0,    0,    0,    0,    0,    0,    0,    0,    0,    0,    0,    0,    0,    0,    0,    0,    0,    0,    0,    0,    0,    0,    0,    0,    0,    0,    0,    0,   14,    0,    0,   14,   14,    3,    0,    0,    0,
       0,  -31,    0,    0,  -32,    0,    0,    0,    0,    0,    0,    0,    0,    0,    0,    0,    0,    0,    0,  -13,    0,    0,    0,    0,    0,    0,    0,    0,    0,    0,    0,    0,    0,  -39,  -13,    0,    0,    0,    0,    0,    0,    0,    0,    0,    0,    0,    0,    0,    0,    0,    0,    0,    0,    0,    0,  -13,    0,    0,    0,  -13,  -16,    0,    0,    0,    0,    0,    0,    0,    0,    0,    0,    0,    0,    0,    0,    0,    0,    0,    0,    0,    0,    0,    0,    0,    0,    0,    0,    0,    0,    0,    0,    0,    0,    0,    0,    0,    0,    0,    0,    0,    0,    0,    0,    0,    0,    0,    0,    0,    0,    0,    0,    0,    0,    0,    0,    0,    0,    0,    0,    0,    0,    0,    0,    0,    0,    0,    0,    0,    0,    0,    0,    0,    0,    0,    0,    0,    0,    0,    0,    0,    0,    0,    0,    0,    0,    0,    0,    0,    0,    0,    0,    0,    0,    0,    0,    0,    0,    0,    0,    0,    0,    0,    0,    0,    0,    0,    0,    0,    0,    0,    0,    0,    0,    0,    0,    0,    0,    0,    0,    0,    0,    0,    0,    0,    0,    0,    0,    0,    0,    0,    0,    0,    0,    0,    0,    0,    0,    0,    0,    0,    0,    0,    0,    0,    0,    0,    0,    0,    0,    0,    0,    0,    0,    0,    0,    0,    0,    0,    0,    0,    0,    0,    0,    0,    0,    0,    0,    0,    0,    0,  -30,    0,    0,    0,  -17,    0,    0,    0,
       0,    0,    0,    0,    0,    0,    0,    0,    0,    0,    0,    0,    0,    0,    0,    0,    0,    0,    0,    0,    0,    0,    0,    0,    0,    0,    0,    0,    0,    0,    0,    0,    0,    0,    0,    0,    0,    0,    0,    0,    0,    0,    0,    0,    0,    0,    0,    0,    0,    0,    0,    0,    0,    0,    0,    0,    0,    0,    0,   -2,    0,    0,    0,    0,    0,    0,    0,    0,    0,    0,    0,    0,    0,    0,    0,    0,    0,    0,    0,    0,    0,    0,    0,    0,    0,    0,    0,    0,    0,    0,    0,    0,    0,    0,    0,    0,    0,    0,    0,    0,    0,    0,    0,    0,    0,    0,    0,    0,    0,    0,    0,    0,    0,    0,    0,    0,    0,    0,    0,    0,    0,    0,    0,    0,    0,    0,    0,    0,    0,    0,    0,    0,    0,    0,    0,    0,   -8,    0,    0,    0,    0,    0,    0,    0,    0,    0,  -10,    0,    0,    0,    0,    0,   -1,  -14,   -6,    0,  -11,    0,   -2,   -6,    0,  -11,   -9,    0,  -14,  -11,   -2,    0,  -11,    0,   -4,   -1,    7,   -1,    0,   -6,   -9,   -6,  -13,   -1,  -10,    0,    0,    0,    0,    0,   -2,    0,  -12,    0,  -10,  -10,  -10,    0,   -6,    0,  -11,    0,   -9,    0,   -9,    0,   -5,  -21,    0,   -1,   -1,    0,  -11,   -1,   -7,   -7,   -2,    0,  -11,   -8,  -11,   -2,   -9,  -14,    0,    0,    0,    0,    0,    0,    0,    0,    0,    0,    0,    0,    0,    0,    0,    0,    0,    0,
       0,  -22,    0,    0,  -22,    0,    0,    0,    0,    0,    0,    0,    0,    0,    0,    0,    0,    0,    0,   -3,    0,    0,    0,    0,    0,    0,    0,    0,    0,    0,    0,    0,    0,  -17,   -3,    0,    0,    0,    0,    0,    0,    0,    0,    0,    0,    0,    0,    0,    0,    0,    0,    0,    0,    0,    0,   -2,    0,    0,    0,    0,    0,    0,    0,    0,    0,    0,    0,    0,    0,    0,    0,    0,    0,    0,    0,    0,    0,    0,    0,    0,    0,    0,    0,    0,    0,    0,    0,    0,    0,    0,    0,    0,    0,    0,    0,    0,    0,    0,    0,    0,    0,    0,    0,    0,    0,    0,    0,    0,    0,    0,    0,    0,    0,    0,    0,    0,    0,    0,    0,    0,    0,    0,    0,    0,    0,    0,    0,    0,    0,    0,    0,    0,    0,    0,    0,  -32,    0,    0,    0,    0,    0,  -23,   -3,    0,   -3,    0,    0,   -4,   -6,  -30,    0,   -4,    0,   -1,   -1,   -1,    0,   -8,   -5,   -1,    0,  -27,  -15,  -10,   -1,  -25,   -5,   -4,    0,    0,    0,    0,    0,   -1,    0,   -1,  -15,    0,    0,    0,    0,    0,    0,    0,    0,    0,    0,    0,    0,    0,    0,    0,    0,    0,   -1,    0,  -27,    0,    0,    0,    0,  -10,    0,    0,    0,    0,    0,    0,    0,    0,    0,    0,   -5,    0,    0,    0,    0,   -5,  -15,   -1,   -4,  -10,    0,    0,    0,    0,    0,    0,    0,  -22,  -19,    0,  -23,  -23,  -10,    0,    0,    0,
       0,    0,    0,    0,    0,  -47,  -49,  -42,    0,    0,    0,    0,    0,    0,    0,    0,    0,  -34,  -35,    0,    0,    0,    0,    0,    0,    0,    0,    0,    0,    0,    0,    0,    0,    0,    0,    0,    0,    0,    0,    0,    0,    0,    0,    0,    0,    0,    0,    0,    0,    0,    0,    0,    0,    0,    0,    0,    0,    0,    0,  -55,  -41,    0,    0,  -47,    0,    0,    0,    0,    0,    0,    0,    0,    0,    0,    0,    0,    0,    0,    0,    0,    0,    0,    0,    0,    0,    0,    0,    0,    0,    0,    0,    0,    0,    0,    0,    0,    0,    0,    0,    0,    0,    0,    0,    0,    0,    0,    0,    0,    0,    0,    0,    0,    0,    0,    0,    0,    0,    0,    0,    0,    0,    0,    0,    0,    0,    0,    0,    0,    0,    0,    0,    0,    0,    0,    0,    0,  -15,   -1,    0,  -43,  -36,    0,  -47,  -40,    0,    0,  -18,    0,    0,    0,    0,  -20,  -77,  -38,  -61, -101,  -91,  -55,  -64,  -61, -102,  -53,  -50,  -49,  -58,  -53,  -65,  -88, -128,   18,  -78,   -2,   11,   -2,    8,  -61,  -50,   -7,  -54,   -6,  -42,  -48, -108,    0,  -53,    0,  -22,    0,  -54,    0,  -53,  -64,  -62,    0,  -61,    0,  -53,    0,  -50,    0,  -50,  -49,    0,  -67,    0, -121, -123,  -58, -128,   -1,  -72, -121,  -90,    0,  -55,  -15, -128,  -97,  -50, -101,    0,  -49,    0,    0,    0,    0,    0,    0,    0,    0,    0,  -47,    0,    0,    0,    0,    0,    0,
       0,    0,    0,    0,    0,    0,    0,    0,    0,    0,    0,    0,    0,    0,    0,    0,    0,    0,    0,    0,    0,    0,    0,    0,    0,    0,    0,    0,    0,    0,    0,    0,    0,    0,    0,    0,    0,    0,    0,    0,    0,    0,    0,    0,    0,    0,    0,    0,    0,    0,    0,    0,    0,    0,    0,    0,    0,    0,    0,    0,    0,    0,    0,    0,    0,    0,    0,    0,    0,    0,    0,    0,    0,    0,    0,    0,    0,    0,    0,    0,    0,    0,    0,    0,    0,    0,    0,    0,    0,    0,    0,    0,    0,    0,    0,    0,    0,    0,    0,    0,    0,    0,    0,    0,    0,    0,    0,    0,    0,    0,    0,    0,    0,    0,    0,    0,    0,    0,    0,    0,    0,    0,    0,    0,    0,    0,    0,    0,    0,    0,    0,    0,    0,    0,    0,    0,   -8,    0,    0,    0,    0,    0,    0,    0,    0,    0,  -13,    0,    0,    0,    0,   -4,   -1,  -11,   -5,    0,   -9,    0,   -1,   -5,    0,  -15,  -11,    0,  -17,  -14,   -1,   -6,   -9,    0,    0,   -1,   13,   -1,    0,   -5,  -11,    0,    0,    0,    0,    0,    0,    0,    0,    0,    0,    0,    0,    0,    0,    0,    0,    0,   -5,    0,  -15,    0,    0,    0,    0,    0,    0,    0,    0,   -1,   -1,    0,   -9,    0,   -5,   -5,   -1,    0,    0,   -8,   -9,   -1,  -11,  -17,    0,    0,    0,    0,    0,    0,    0,    0,    0,    0,    0,    0,    0,    0,    0,    0,    0,    0,
       0,    0,    0,    0,    0,    0,    0,    0,    0,    0,    0,    0,    0,    0,    0,    0,    0,    0,    0,    0,    0,    0,    0,    0,    0,    0,    0,    0,    0,    0,    0,    0,    0,    0,   -2,    0,    0,    0,    0,    0,    0,    0,    0,    0,    0,    0,    0,    0,    0,    0,    0,    0,    0,    0,    0,    0,    0,    0,    0,    0,    0,    0,    0,    0,    0,    0,    0,    0,    0,    0,    0,    0,    0,    0,    0,    0,    0,    0,    0,    0,    0,    0,    0,    0,    0,    0,    0,    0,    0,    0,    0,    0,    0,    0,    0,    0,    0,    0,    0,    0,    0,    0,    0,    0,    0,    0,    0,    0,    0,    0,    0,    0,    0,    0,    0,    0,    0,    0,    0,    0,    0,    0,    0,    0,    0,    0,    0,    0,    0,    0,    0,    0,    0,    0,    0,    0,    0,    0,    0,   -1,    0,    0,   -7,   -1,    0,    0,    0,   -1,    0,    0,    0,   -6,   -4,   -5,   -5,   -9,   -1,  -11,  -10,   -5,   -8,  -18,  -14,  -13,   -6,  -17,  -10,  -10,   -1,    0,   -6,    0,    0,   -1,    0,   -5,  -14,    0,    0,    0,    0,    0,    0,    0,    0,    0,    0,    0,    0,    0,    0,    0,    0,    0,   -5,    0,  -18,    0,    0,    0,    0,  -13,    0,    0,    0,   -4,   -4,    0,   -1,    0,    0,    0,  -10,    0,    0,    0,   -1,  -10,  -14,   -6,   -1,  -13,    0,    0,    0,    0,    0,    0,    0,    0,    0,    0,    0,    0,    0,    0,    0,    0,
       0,    0,    0,    0,    0,    0,    0,    0,    0,    0,    0,    0,    0,    0,    0,    0,    0,    0,    0,    0,    0,    0,    0,    0,    0,    0,    0,    0,    0,    0,    0,    0,    0,    0,    0,    0,    0,    0,    0,    0,    0,    0,    0,    0,    0,    0,    0,    0,    0,    0,    0,    0,    0,    0,    0,    0,    0,    0,    0,    0,    0,    0,    0,    0,    0,    0,    0,    0,    0,    0,    0,    0,    0,    0,    0,    0,    0,    0,    0,    0,    0,    0,    0,    0,    0,    0,    0,    0,    0,    0,    0,    0,    0,    0,    0,    0,    0,    0,    0,    0,    0,    0,    0,    0,    0,    0,    0,    0,    0,    0,    0,    0,    0,    0,    0,    0,    0,    0,    0,    0,    0,    0,    0,    0,    0,    0,    0,    0,    0,    0,    0,    0,    0,    0,    0,    0,    0,    0,    0,    0,    0,    0,    0,    0,    0,    0,    0,    0,    0,    0,    0,    0,   -7,   -7,   -4,   -7,   -8,   -4,   -6,   -4,   -6,   -6,   -6,   -1,   -7,   -6,   -6,   -7,   -8,    0,   -7,   -4,   -4,   -4,    0,   -4,   -6,    0,   -8,    0,   -6,    0,   -9,    0,   -2,    0,   -6,    0,   -8,    0,   -5,   -5,   -7,    0,   -4,    0,   -6,    0,   -6,    0,   -6,   -1,    0,   -8,    0,   -7,   -7,    0,   -8,    0,   -7,   -7,   -6,    0,   -6,    0,   -8,   -6,   -6,   -7,    0,   -1,    0,    0,    0,    0,    0,    0,    0,    0,    0,    0,    0,    0,    0,    0,    0,    0,
       0,    0,    0,    0,    0,    0,    0,    0,    0,    0,    0,    0,    0,    0,    0,    0,    0,    0,    0,    0,    0,    0,    0,    0,    0,    0,    0,    0,    0,    0,    0,    0,    0,    0,   14,    0,    0,    0,    0,    0,    0,    0,    0,    0,    0,    0,    0,    0,    0,    0,    0,    0,    0,    0,    0,   13,    0,    0,    0,    0,    0,    0,    0,    0,    0,    0,    0,    0,    0,    0,    0,    0,    0,    0,    0,    0,    0,    0,    0,    0,    0,    0,    0,    0,    0,    0,    0,    0,    0,    0,    0,    0,    0,    0,    0,    0,    0,    0,    0,    0,    0,    0,    0,    0,    0,    0,    0,    0,    0,    0,    0,    0,    0,    0,    0,    0,    0,    0,    0,    0,    0,    0,    0,    0,    0,    0,    0,    0,    0,    0,    0,    0,    0,    0,    0,    0,    0,    0,    0,    0,    0,    0,    0,    0,    0,    0,    0,    0,    0,    0,    0,    0,   -7,   -7,   -4,   -7,   -8,   -4,   -6,   -4,   -6,   -6,   -6,   -1,   -7,   -6,   -6,   -7,   -8,    0,   -7,   -4,   -4,   -4,    0,   -4,   -6,    0,   -8,    0,   -6,    0,   -9,    0,   -2,    0,   -6,    0,   -8,    0,   -5,   -5,   -7,    0,   -4,    0,   -6,    0,   -6,    0,   -6,   -1,    0,   -8,    0,   -7,   -7,    0,   -8,    0,   -7,   -7,   -6,    0,   -6,    0,   -8,   -6,   -6,   -7,    0,   -1,    0,    0,    0,    0,    0,    0,    0,    0,    0,    0,    0,    0,    0,    0,    0,    0,
       0,    0,    0,    0,    0,   -3,   -2,   -7,    0,    0,    0,    0,    0,    0,    0,    0,    0,    0,    0,    0,    0,    0,    0,    0,    0,    0,    0,    0,    0,    0,    0,    0,    0,    0,    0,    0,    0,    0,    0,    0,    0,    0,    0,    0,    0,    0,    0,    0,    0,    0,    0,    0,    0,    0,    0,    0,    0,    0,    0,    0,    0,    0,    0,    0,    0,    0,    0,    0,    0,    0,    0,    0,    0,    0,    0,    0,    0,    0,    0,    0,    0,    0,    0,    0,    0,    0,    0,    0,    0,    0,    0,    0,    0,    0,    0,    0,    0,    0,    0,    0,    0,    0,    0,    0,    0,    0,    0,    0,    0,    0,    0,    0,    0,    0,    0,    0,    0,    0,    0,    0,    0,    0,    0,    0,    0,    0,    0,    0,    0,    0,    0,    0,    0,    0,    0,    0,    0,    0,    0,   -7,   -1,    0,   -6,   -6,    0,    0,    0,    0,    0,    0,    0,   -4,  -10,   -8,   -7,  -20,   -9,   -8,  -10,   -7,  -20,   -4,   -4,   -5,   -6,   -4,   -9,  -16,   -9,    0,  -10,    0,    0,   -4,    0,   -7,   -4,    0,    0,    0,    0,    0,    0,    0,    0,    0,    0,    0,    0,    0,    0,    0,    0,    0,   -7,    0,   -4,    0,   -4,    0,   -4,   -5,    0,    0,    0,  -10,  -10,    0,   -9,    0,   -7,   -7,  -10,    0,    0,    0,   -9,   -9,   -4,   -6,    0,   -5,    0,    0,    0,    0,    0,    0,    0,    0,    0,   -2,    0,    0,    0,    0,    0,    0,
       0,  -34,    0,   -2,  -31,    0,   -2,    0,    0,    0,    0,    0,    0,    0,    0,    0,    0,    0,    0,  -12,    0,    0,    0,    0,    0,    0,    0,    0,    0,    0,    0,    0,    0,  -23,  -11,    0,    0,    0,    0,    0,    0,    0,    0,    0,    0,    0,    0,    0,    0,    0,    0,    0,    0,    0,    0,   -2,    0,    0,    0,    0,   -2,    0,    0,    0,    0,    0,    0,    0,    0,    0,    0,    0,    0,    0,    0,    0,    0,    0,    0,    0,    0,    0,    0,    0,    0,    0,    0,    0,    0,    0,    0,    0,    0,    0,    0,    0,    0,    0,    0,    0,    0,    0,    0,    0,    0,    0,    0,    0,    0,    0,    0,    0,    0,    0,    0,    0,    0,    0,    0,    0,    0,    0,    0,    0,    0,    0,    0,    0,    0,    0,    0,    0,    0,    0,    0,  -45,    0,    0,    0,    0,    0,  -27,   -5,    0,    0,    0,    0,   -4,   -8,  -42,    0,   -3,    0,   -1,   -1,    0,    0,  -10,   -5,   -1,    0,  -27,  -19,  -13,   -1,  -26,   -5,   -6,    0,   -1,   -1,   -1,   -1,   -1,   -1,   -1,  -19,    0,   -1,  -33,  -21,   -5,   -6,    0,   -8,   -1,  -10,   -5,   -1,  -31,  -15,  -15,    0,    0,   -1,    0,  -27,  -45,  -17,  -73,  -17,  -13,   -5,   -1,    0,    0,    0,   -7,    0,    0,    0,    0,   -5,    0,   -9,    0,    0,   -5,  -19,   -1,   -7,  -18,    0,    0,    0,    0,    0,    0,    0,  -36,  -30,    0,  -40,  -42,  -15,    0,    0,    0,
       0,  -21,    0,    0,  -21,    0,    0,    0,    0,    0,    0,    0,    0,    0,    0,    0,    0,    0,    0,   -2,    0,    0,    0,    0,    0,    0,    0,    0,    0,    0,    0,    0,    0,  -19,   -3,    0,    0,    0,    0,    0,    0,    0,    0,    0,    0,    0,    0,    0,    0,    0,    0,    0,    0,    0,    0,   -2,    0,    0,    0,    0,    0,    0,    0,    0,    0,    0,    0,    0,    0,    0,    0,    0,    0,    0,    0,    0,    0,    0,    0,    0,    0,    0,    0,    0,    0,    0,    0,    0,    0,    0,    0,    0,    0,    0,    0,    0,    0,    0,    0,    0,    0,    0,    0,    0,    0,    0,    0,    0,    0,    0,    0,    0,    0,    0,    0,    0,    0,    0,    0,    0,    0,    0,    0,    0,    0,    0,    0,    0,    0,    0,    0,    0,    0,    0,    0,  -34,    0,    0,    0,    0,    0,  -16,    0,    0,    0,    0,    0,    0,   -6,  -32,    0,    0,    0,   -1,   -1,    0,    0,    0,    0,   -1,    0,  -23,  -19,    0,   -3,  -21,    0,    0,    0,   -1,    0,    0,    0,   -1,   -1,   -1,  -19,    0,    0,    0,    0,    0,    0,    0,    0,    0,    0,    0,    0,    0,    0,    0,    0,    0,   -1,    0,  -23,    0,    0,    0,    0,    0,    0,    0,    0,    0,    0,    0,    0,    0,    0,    0,    0,    0,    0,    0,    0,    0,  -19,   -3,    0,    0,    0,    0,    0,    0,    0,    0,    0,  -21,  -18,    0,  -24,  -24,   -7,    0,    0,    0,
       0,    0,    0,    0,    0,    0,    0,    0,    0,    0,    0,    0,    0,    0,    0,    0,    0,    0,    0,    0,    0,    0,    0,    0,    0,    0,    0,    0,    0,    0,    0,    0,    0,    0,    0,    0,    0,    0,    0,    0,    0,    0,    0,    0,    0,    0,    0,    0,    0,    0,    0,    0,    0,    0,    0,    0,    0,    0,    0,  -16,  -13,    0,    0,    0,    0,    0,    0,    0,    0,    0,    0,    0,    0,    0,    0,    0,    0,    0,    0,    0,    0,    0,    0,    0,    0,    0,    0,    0,    0,    0,    0,    0,    0,    0,    0,    0,    0,    0,    0,    0,    0,    0,    0,    0,    0,    0,    0,    0,    0,    0,    0,    0,    0,    0,    0,    0,    0,    0,    0,    0,    0,    0,    0,    0,    0,    0,    0,    0,    0,    0,    0,    0,    0,    0,    0,    0,  -16,    0,    0,    0,    4,    0,    0,    4,    0,    0,  -22,    0,    0,    0,    0,    0,   -4,  -23,   -5,    3,  -21,    0,   -3,   -5,    0,  -34,  -29,    0,  -36,  -32,   -3,    0,  -21,    0,   -3,   -2,   -1,   -2,    0,   -5,  -29,  -11,  -24,    0,  -26,    0,    0,    0,    0,    0,    0,    0,  -21,    0,  -30,  -38,  -18,   -2,   -5,   -2,  -34,    0,  -29,    0,  -29,    0,  -16,  -37,    0,   -4,   -4,    0,  -21,   -5,  -15,  -15,   -3,    0,  -32,  -16,  -21,   -3,  -29,  -36,    0,    0,    0,    0,    0,    0,    0,    0,    0,    0,    0,    0,    0,    0,    0,    0,    0,    0,
       0,    0,    0,    7,    0,  -43,  -43,  -41,    0,    0,    0,    0,    0,    0,    0,    0,    0,  -16,  -15,    0,    0,    0,    0,    0,    0,    0,    0,    0,    0,    0,    0,    0,    0,    5,    9,    0,    0,    0,    0,    0,    0,    0,    0,    0,    0,    0,    0,    0,    0,    0,    0,    0,    0,    0,    0,    7,    0,    0,    0,  -34,  -21,    0,    0,  -24,    0,    0,    0,    0,    0,    0,    0,    0,    0,    0,    0,    0,    0,    0,    0,    0,    0,    0,    0,    0,    0,    0,    0,    0,    0,    0,    0,    0,    0,    0,    0,    0,    0,    0,    0,    0,    0,    0,    0,    0,    0,    0,    0,    0,    0,    0,    0,    0,    0,    0,    0,    0,    0,    0,    0,    0,    0,    0,    0,    0,    0,    0,    0,    0,    0,    0,    0,    0,    0,    0,    0,    0,  -15,  -11,    0,  -40,  -35,    0,  -35,  -38,    0,   -6,  -17,    0,    0,    0,   -4,  -19,  -49,  -27,  -37,  -73,  -51,  -27,  -40,  -37,  -76,  -18,  -17,  -20,  -27,  -18,  -39,  -52,  -98,    7,  -48,    0,   17,    0,    7,  -37,  -17,  -12,  -31,    0,  -19,  -37,  -82,   -1,  -25,    0,  -13,    0,  -34,    0,  -19,  -12,  -49,    0,  -37,    0,  -18,    0,  -17,    0,  -17,  -20,   -9,  -41,    0,  -81,  -84,  -48,  -95,   -8,  -44,  -81,  -56,    0,  -21,  -15, -101,  -61,  -17,  -27,    0,  -20,    0,    0,    0,    0,    0,    0,    0,    0,    0,  -41,    0,    0,    2,    0,    0,    0,
       0,  -31,    0,    0,  -29,    0,    0,    0,    0,    0,    0,    0,    0,    0,    0,    0,    0,    0,    0,    0,    0,    0,    0,    0,    0,    0,    0,    0,    0,    0,    0,    0,    0,  -31,   -2,    0,    0,    0,    0,    0,    0,    0,    0,    0,    0,    0,    0,    0,    0,    0,    0,    0,    0,    0,    0,   -2,    0,    0,    0,    0,    0,    0,    0,    0,    0,    0,    0,    0,    0,    0,    0,    0,    0,    0,    0,    0,    0,    0,    0,    0,    0,    0,    0,    0,    0,    0,    0,    0,    0,    0,    0,    0,    0,    0,    0,    0,    0,    0,    0,    0,    0,    0,    0,    0,    0,    0,    0,    0,    0,    0,    0,    0,    0,    0,    0,    0,    0,    0,    0,    0,    0,    0,    0,    0,    0,    0,    0,    0,    0,    0,    0,    0,    0,    0,    0,  -37,  -11,    0,    0,    0,   10,  -18,    0,    9,    0,    0,  -15,    0,  -30,  -34,    0,    0,    0,  -12,   -1,    7,   -7,    0,    0,   -1,    7,  -30,  -23,    0,  -24,  -27,    0,    0,   -7,   -1,    0,   -1,   -1,   -1,   -1,   -1,  -23,   -9,  -14,  -29,  -24,    0,    0,    0,    0,    3,    3,  -28,  -12,  -29,  -21,  -21,   -6,    0,   -1,    0,  -30,  -38,  -23,  -70,  -23,    0,  -24,  -23,    0,    0,    0,    0,   -7,   -9,   -5,   -5,    0,    0,  -24,  -11,   -7,    0,  -23,  -24,    0,    0,    0,    0,    0,    0,    0,    0,    0,  -31,  -29,    0,  -35,  -35,  -10,    0,    0,    0,
       0,    0,    0,    0,    0,    0,    0,    0,    0,    0,    0,    0,    0,    0,    0,    0,    0,    0,    0,    0,    0,    0,    0,    0,    0,    0,    0,    0,    0,    0,    0,    0,    0,    0,    0,    0,    0,    0,    0,    0,    0,    0,    0,    0,    0,    0,    0,    0,    0,    0,    0,    0,    0,    0,    0,    0,    0,    0,    0,    0,    0,    0,    0,    0,    0,    0,    0,    0,    0,    0,    0,    0,    0,    0,    0,    0,    0,    0,    0,    0,    0,    0,    0,    0,    0,    0,    0,    0,    0,    0,    0,    0,    0,    0,    0,    0,    0,    0,    0,    0,    0,    0,    0,    0,    0,    0,    0,    0,    0,    0,    0,    0,    0,    0,    0,    0,    0,    0,    0,    0,    0,    0,    0,    0,    0,    0,    0,    0,    0,    0,    0,    0,    0,    0,    0,    0,    0,    0,    0,    0,    0,    0,   -6,   -1,    0,    0,    0,   -1,    0,    0,    0,   -6,   -1,   -4,   -4,   -7,   -1,   -9,   -9,   -4,   -7,  -15,  -11,   -9,   -5,  -14,   -9,   -8,   -1,    0,   -6,   -1,   -1,   -1,    0,   -4,  -11,    0,   -5,   -3,  -13,   -6,  -10,    0,   -7,    0,  -10,    0,   -4,   -3,  -10,  -10,   -1,    0,   -4,    0,  -15,   -1,  -10,   -1,  -10,   -9,   -2,   -2,    0,   -1,   -1,  -12,   -1,    0,   -1,   -1,   -9,    0,   -9,    0,   -1,   -9,  -11,   -5,   -1,   -4,    0,    0,    0,    0,    0,    0,    0,    0,    0,    0,    0,    0,    0,    0,    0,    0,
       0,    0,    0,    0,    0,    0,    0,    0,    0,    0,    0,    0,    0,    0,    0,    0,    0,    0,    0,    0,    0,    0,    0,    0,    0,    0,    0,    0,    0,    0,    0,    0,    0,    0,   -3,    0,    0,    0,    0,    0,    0,    0,    0,    0,    0,    0,    0,    0,    0,    0,    0,    0,    0,    0,    0,   -2,    0,    0,    0,    0,    0,    0,    0,    0,    0,    0,    0,    0,    0,    0,    0,    0,    0,    0,    0,    0,    0,    0,    0,    0,    0,    0,    0,    0,    0,    0,    0,    0,    0,    0,    0,    0,    0,    0,    0,    0,    0,    0,    0,    0,    0,    0,    0,    0,    0,    0,    0,    0,    0,    0,    0,    0,    0,    0,    0,    0,    0,    0,    0,    0,    0,    0,    0,    0,    0,    0,    0,    0,    0,    0,    0,    0,    0,    0,    0,   -4,    0,    0,    0,   -2,    0,   -6,   -5,   -2,   -5,    0,    0,   -5,    0,   -3,    0,   -5,   -4,   -6,   -5,  -13,   -4,   -9,  -11,   -5,  -12,   -8,   -6,   -9,   -6,   -8,  -11,  -15,   -4,    0,   -9,   -5,   -5,   -5,    0,   -5,   -6,    0,   -6,    0,   -7,   -6,  -14,   -3,   -8,   -4,  -14,    0,   -5,   -7,   -6,   -6,   -4,    0,   -5,    0,   -8,  -13,   -6,  -13,   -6,   -9,    0,   -9,    0,   -4,   -4,  -10,   -4,    0,   -3,   -3,  -11,    0,   -7,    0,   -4,  -11,   -6,   -6,   -5,   -6,    0,    0,    0,    0,    0,    0,    0,    0,    0,    0,    0,    0,    0,    0,    0,    0,
       0,  -12,    0,    0,  -11,    0,    0,    0,    0,    0,    0,    0,    0,    0,    0,    0,    0,    0,    0,    0,    0,    0,    0,    0,    0,    0,    0,    0,    0,    0,    0,    0,    0,   -9,    0,    0,    0,    0,    0,    0,    0,    0,    0,    0,    0,    0,    0,    0,    0,    0,    0,    0,    0,    0,    0,    0,    0,    0,    0,  -11,  -10,    0,    0,    0,    0,    0,    0,    0,    0,    0,    0,    0,    0,    0,    0,    0,    0,    0,    0,    0,    0,    0,    0,    0,    0,    0,    0,    0,    0,    0,    0,    0,    0,    0,    0,    0,    0,    0,    0,    0,    0,    0,    0,    0,    0,    0,    0,    0,    0,    0,    0,    0,    0,    0,    0,    0,    0,    0,    0,    0,    0,    0,    0,    0,    0,    0,    0,    0,    0,    0,    0,    0,    0,    0,    0,  -14,  -11,    0,    0,    0,    0,  -11,    3,    0,    0,    0,  -15,    0,  -16,  -14,    0,    0,   -1,  -18,   -5,    0,  -14,    0,   -1,   -5,    0,  -28,  -26,    0,  -31,  -26,   -1,    0,  -14,   -4,   -1,   -5,   -5,   -5,   -4,   -5,  -26,   -8,  -20,  -13,  -23,    5,    0,    0,    0,    0,    0,  -17,  -18,  -17,  -26,  -26,  -11,   -5,   -5,   -5,  -28,  -21,  -26,  -39,  -26,    0,  -13,  -30,    0,   -1,   -1,    4,  -14,   -6,   -9,   -9,   -1,    0,    0,  -11,  -14,   -1,  -26,  -31,    0,    0,    0,    0,    0,    0,    0,    0,    0,  -11,  -12,    0,  -12,  -12,    0,    0,    0,    0,
       0,    0,    0,    0,    0,    0,    0,    0,    0,    0,    0,    0,    0,    0,    0,    0,    0,    0,    0,    0,    0,    0,    0,    0,    0,    0,    0,    0,    0,    0,    0,    0,    0,    0,    0,    0,    0,    0,    0,    0,    0,    0,    0,    0,    0,    0,    0,    0,    0,    0,    0,    0,    0,    0,    0,    0,    0,    0,    0,  -15,  -12,    0,    0,    0,    0,    0,    0,    0,    0,    0,    0,    0,    0,    0,    0,    0,    0,    0,    0,    0,    0,    0,    0,    0,    0,    0,    0,    0,    0,    0,    0,    0,    0,    0,    0,    0,    0,    0,    0,    0,    0,    0,    0,    0,    0,    0,    0,    0,    0,    0,    0,    0,    0,    0,    0,    0,    0,    0,    0,    0,    0,    0,    0,    0,    0,    0,    0,    0,    0,    0,    0,    0,    0,    0,    0,    0,  -15,    0,    0,    0,    5,    0,    0,    5,    0,    0,  -22,    0,    0,    0,    0,    0,   -4,  -23,   -5,    3,  -21,    0,   -2,   -5,    3,  -34,  -29,    0,  -35,  -31,   -4,    0,  -21,    0,   -3,   -2,   -2,   -2,    0,   -5,  -29,  -11,  -24,    0,  -26,    0,    0,    0,    0,    0,    0,    0,  -22,    0,  -29,  -39,  -18,   -2,   -5,   -2,  -34,    0,  -29,    0,  -29,    0,  -15,  -37,    0,   -4,   -4,    0,  -21,   -5,  -15,  -15,   -2,    0,  -32,  -15,  -21,   -4,  -29,  -35,    0,    0,    0,    0,    0,    0,    0,    0,    0,    0,    0,    0,    0,    0,    0,    0,    0,    0,
       0,    0,    0,    0,    0,    0,    0,    0,    0,    0,    0,    0,    0,    0,    0,    0,    0,    0,    0,    0,    0,    0,    0,    0,    0,    0,    0,    0,    0,    0,    0,    0,    0,    0,   -3,    0,    0,    0,    0,    0,    0,    0,    0,    0,    0,    0,    0,    0,    0,    0,    0,    0,    0,    0,    0,   -2,    0,    0,    0,    0,    0,    0,    0,    0,    0,    0,    0,    0,    0,    0,    0,    0,    0,    0,    0,    0,    0,    0,    0,    0,    0,    0,    0,    0,    0,    0,    0,    0,    0,    0,    0,    0,    0,    0,    0,    0,    0,    0,    0,    0,    0,    0,    0,    0,    0,    0,    0,    0,    0,    0,    0,    0,    0,    0,    0,    0,    0,    0,    0,    0,    0,    0,    0,    0,    0,    0,    0,    0,    0,    0,    0,    0,    0,    0,    0,   -1,    0,    0,    0,   -1,    0,   -5,   -1,   -1,   -5,    0,    0,   -5,    0,   -1,    0,   -4,   -4,   -6,   -5,  -13,   -4,   -7,   -9,   -5,  -11,   -5,   -4,   -6,   -4,   -5,   -9,  -13,   -4,    0,   -8,   -5,   -5,   -5,    0,   -5,   -4,    0,   -5,    0,   -5,   -4,  -14,   -3,   -6,   -1,  -11,    0,   -5,   -5,   -4,   -4,   -3,   -3,   -5,   -3,   -5,  -10,   -4,  -10,   -4,   -6,    0,   -6,    0,   -4,   -4,   -6,   -4,    0,   -1,   -1,   -9,    0,   -4,    0,   -4,   -9,   -4,   -4,   -9,  -10,    0,    0,    0,    0,    0,    0,    0,    0,    0,    0,    0,    0,    0,    0,    0,    0,
       0,    0,    0,  -10,    0,  -11,  -11,   -9,    0,    0,    0,    0,    0,    0,    0,    0,    0,    0,    0,    0,    0,    0,    0,    0,    0,    0,    0,    0,    0,    0,    0,    0,    0,    0,  -13,    0,    0,    0,    0,    0,    0,    0,    0,    0,    0,    0,    0,    0,    0,    0,    0,    0,    0,    0,    0,  -11,    0,    0,    0,    0,    0,    0,    0,    0,    0,    0,    0,    0,    0,    0,    0,    0,    0,    0,    0,    0,    0,    0,    0,    0,    0,    0,    0,    0,    0,    0,    0,    0,    0,    0,    0,    0,    0,    0,    0,    0,    0,    0,    0,    0,    0,    0,    0,    0,    0,    0,    0,    0,    0,    0,    0,    0,    0,    0,    0,    0,    0,    0,    0,    0,    0,    0,    0,    0,    0,    0,    0,    0,    0,    0,    0,    0,    0,    0,    0,  -13,    0,    0,    0,  -16,   -9,  -15,  -11,  -14,  -15,   -8,    0,  -14,    0,  -13,   -8,   -7,   -6,   -1,   -5,  -25,   -3,   -9,   -7,   -5,  -26,    0,   -2,   -8,    0,    0,   -6,   -9,   -3,   -1,   -4,   -4,   -4,   -4,   -1,   -5,   -2,    0,   -1,    0,    0,  -12,  -25,  -10,  -11,  -10,   -6,    0,   -3,  -11,    0,    0,   -3,   -4,   -5,   -4,    0,  -22,    0,  -40,    0,   -8,    0,    0,    0,   -6,   -6,  -19,   -3,    0,   -1,   -1,   -7,   -7,    0,    0,   -3,   -6,   -2,    0,  -22,  -13,    0,    0,    0,    0,    0,    0,    0,    0,    0,  -10,    0,    0,    0,    0,    0,    0,
       0,    0,    0,    0,    0,  -49,  -50,  -24,    0,    0,    0,    0,    0,    0,    0,    0,    0,    0,    0,    0,    0,    0,    0,    0,    0,    0,    0,    0,    0,    0,    0,    0,    0,    0,   -2,    0,    0,    0,    0,    0,    0,    0,    0,    0,    0,    0,    0,    0,    0,    0,    0,    0,    0,    0,    0,    0,    0,    0,    0,   -3,   -6,    0,    0,    0,    0,    0,    0,    0,    0,    0,    0,    0,    0,    0,    0,    0,    0,    0,    0,    0,    0,    0,    0,    0,    0,    0,    0,    0,    0,    0,    0,    0,    0,    0,    0,    0,    0,    0,    0,    0,    0,    0,    0,    0,    0,    0,    0,    0,    0,    0,    0,    0,    0,    0,    0,    0,    0,    0,    0,    0,    0,    0,    0,    0,    0,    0,    0,    0,    0,    0,    0,    0,    0,    0,    0,    0,    0,    0,    0,  -43,  -33,    0,  -26,  -38,   -9,   -3,    0,   -6,    0,    0,    0,   -5,   -8,   -2,   -4,  -46,  -13,    0,   -3,   -4,  -46,    0,    0,    0,    0,    0,   -1,  -15,  -13,   12,   -6,   -1,   -1,   -1,    3,   -4,    0,    0,   -1,    0,    0,  -30,  -50,  -11,   -1,    0,    0,    0,   -1,   -4,    0,    0,  -10,    0,   -4,    0,    0,   -9,    0,   -9,    0,    0,    0,    0,    0,   -8,   -8,  -43,  -13,    0,   -4,   -4,   -3,   -1,    0,    0,  -13,   -1,    0,    0,   -9,    0,    0,    0,    0,    0,    0,    0,    0,    0,    0,  -49,    0,    0,    0,    0,    0,    0,
       0,    0,    0,    0,    3,    0,    0,    0,    0,    0,    0,    0,    0,    0,    0,    0,    0,    0,    0,    0,    0,    0,    0,    0,    0,    0,    0,    0,    0,    0,    0,    0,    0,    0,    0,    0,    0,    0,    0,    0,    0,    0,    0,    0,    0,    0,    0,    0,    0,    0,    0,    0,    0,    0,    0,    0,    0,    0,    0,    0,    0,    0,    0,    0,    0,    0,    0,    0,    0,    0,    0,    0,    0,    0,    0,    0,    0,    0,    0,    0,    0,    0,    0,    0,    0,    0,    0,    0,    0,    0,    0,    0,    0,    0,    0,    0,    0,    0,    0,    0,    0,    0,    0,    0,    0,    0,    0,    0,    0,    0,    0,    0,    0,    0,    0,    0,    0,    0,    0,    0,    0,    0,    0,    0,    0,    0,    0,    0,    0,    0,    0,    0,    0,    0,    0,    0,   -8,    0,    0,    0,    4,    0,    0,    0,    0,    0,  -13,    0,    0,    0,    0,   -2,    0,  -10,   -1,    0,   -6,    0,   -1,   -1,    0,  -13,   -9,    0,  -15,  -12,   -1,   -3,   -6,   20,    0,    0,   17,    0,    9,   -1,   -9,   -5,   -9,    0,  -11,    0,    0,    0,    0,    0,   -1,    0,   -7,    0,  -10,  -10,   -5,    0,   -1,    0,  -13,    0,   -9,    0,   -9,    0,   -7,  -24,    0,    0,    0,   -5,   -6,    0,    0,    0,   -1,    0,   -9,   -8,   -6,   -1,   -9,  -15,    0,    0,    0,    0,    0,    0,    0,    0,    0,    0,    0,    0,    0,    0,    0,    0,    0,    0,
       0,    0,    0,    0,    0,  -36,  -35,  -34,    0,    0,    0,    0,    0,    0,    0,    0,    0,  -27,  -27,    0,    0,    0,    0,    0,    0,    0,    0,    0,    0,    0,    0,    0,    0,    0,    0,    0,    0,    0,    0,    0,    0,    0,    0,    0,    0,    0,    0,    0,    0,    0,    0,    0,    0,    0,    0,    0,    0,    0,    0,  -43,  -33,    0,    0,  -40,    0,    0,    0,    0,    0,    0,    0,    0,    0,    0,    0,    0,    0,    0,    0,    0,    0,    0,    0,    0,    0,    0,    0,    0,    0,    0,    0,    0,    0,    0,    0,    0,    0,    0,    0,    0,    0,    0,    0,    0,    0,    0,    0,    0,    0,    0,    0,    0,    0,    0,    0,    0,    0,    0,    0,    0,    0,    0,    0,    0,    0,    0,    0,    0,    0,    0,    0,    0,    0,    0,    0,    0,  -13,   -1,    0,  -34,  -27,    0,  -37,  -32,    0,    0,  -15,    0,    0,    0,    0,  -16,  -59,  -33,  -54,  -63,  -64,  -47,  -55,  -54,  -62,  -47,  -45,  -45,  -48,  -45,  -55,  -61, -118,   16,  -59,   -2,   12,   -2,    7,  -54,  -45,   -6,  -48,   -6,  -41,  -38,  -65,    0,  -48,    0,  -20,    0,  -51,    0,  -48,  -60,  -55,    0,  -54,    0,  -47,    0,  -45,    0,  -45,  -45,   -2,  -58,    0, -103, -100,  -47, -122,    0,  -58, -104,  -79,    0,  -48,  -13, -121,  -84,  -45,  -89,    0,  -45,    0,    0,    0,    0,    0,    0,    0,    0,    0,  -34,    0,    0,    0,    0,    0,    0,
       0,    0,    0,  -11,    0,  -14,  -14,  -14,    0,    0,    0,    0,    0,    0,    0,    0,    0,    0,    0,   -7,    0,    0,    0,    0,    0,    0,    0,    0,    0,    0,    0,    0,    0,    0,  -14,    0,    0,    0,    0,    0,    0,    0,    0,    0,    0,    0,    0,    0,    0,    0,    0,    0,    0,    0,    0,  -12,    0,    0,    0,    0,    0,    0,    0,    0,    0,    0,    0,    0,    0,    0,    0,    0,    0,    0,    0,    0,    0,    0,    0,    0,    0,    0,    0,    0,    0,    0,    0,    0,    0,    0,    0,    0,    0,    0,    0,    0,    0,    0,    0,    0,    0,    0,    0,    0,    0,    0,    0,    0,    0,    0,    0,    0,    0,    0,    0,    0,    0,    0,    0,    0,    0,    0,    0,    0,    0,    0,    0,    0,    0,    0,    0,    0,    0,    0,    0,  -15,    0,   -3,    0,  -27,  -19,  -19,  -15,  -24,  -22,  -13,    0,  -21,    0,  -16,  -13,  -11,   -7,   -1,   -4,  -29,   -3,   -9,   -6,   -4,  -30,    0,    0,   -8,    0,    0,   -5,   -8,   -3,    0,   -3,   -4,   -4,   -4,    0,   -4,    0,    0,   -1,    0,    0,  -17,  -29,  -15,  -11,  -14,   -5,    0,   -3,  -12,    0,    0,   -3,   -4,   -4,   -4,    0,  -24,    0,  -20,    0,   -8,    0,    0,    0,   -7,   -7,  -25,   -3,    0,   -3,   -3,   -6,  -11,    0,    0,   -3,   -5,    0,    0,  -11,   -5,    0,    0,    0,    0,    0,    0,    0,    0,    0,  -13,    0,    0,    0,    0,    0,    0,
       0,    0,    0,    0,    0,    0,    0,    0,    0,    0,    0,    0,    0,    0,    0,    0,    0,    0,    0,    0,    0,    0,    0,    0,    0,    0,    0,    0,    0,    0,    0,    0,    0,    0,    0,    0,    0,    0,    0,    0,    0,    0,    0,    0,    0,    0,    0,    0,    0,    0,    0,    0,    0,    0,    0,    0,    0,    0,    0,  -16,  -13,    0,    0,    0,    0,    0,    0,    0,    0,    0,    0,    0,    0,    0,    0,    0,    0,    0,    0,    0,    0,    0,    0,    0,    0,    0,    0,    0,    0,    0,    0,    0,    0,    0,    0,    0,    0,    0,    0,    0,    0,    0,    0,    0,    0,    0,    0,    0,    0,    0,    0,    0,    0,    0,    0,    0,    0,    0,    0,    0,    0,    0,    0,    0,    0,    0,    0,    0,    0,    0,    0,    0,    0,    0,    0,    0,  -15,    0,    0,    0,    5,    0,    0,    5,    0,    0,  -21,    0,    0,    0,    0,    0,   -4,  -22,   -6,    3,  -22,    0,   -3,   -6,    3,  -31,  -26,    0,  -35,  -28,   -4,    0,  -22,    0,   -3,    0,    7,    0,    0,   -6,  -26,  -10,  -23,    0,  -24,    0,    0,    0,    0,    0,    0,    0,  -22,    0,  -26,  -29,  -18,    0,   -6,    0,  -31,    0,  -25,    0,  -25,    0,  -12,  -37,    0,   -4,   -4,    0,  -22,   -5,  -15,  -15,   -3,    0,  -29,  -15,  -22,   -4,  -26,  -35,    0,    0,    0,    0,    0,    0,    0,    0,    0,    0,    0,    0,    0,    0,    0,    0,    0,    0,
       0,   -8,    0,   -9,  -11,    0,    0,    0,    0,    0,    0,    0,    0,    0,    0,    0,    0,    0,    0,  -13,    0,    0,    0,    0,    0,    0,    0,    0,    0,    0,    0,    0,    0,  -24,  -15,    0,    0,    0,    0,    0,    0,    0,    0,    0,    0,    0,    0,    0,    0,    0,    0,    0,    0,    0,    0,  -13,    0,    0,    0,    0,    0,    0,    0,    0,    0,    0,    0,    0,    0,    0,    0,    0,    0,    0,    0,    0,    0,    0,    0,    0,    0,    0,    0,    0,    0,    0,    0,    0,    0,    0,    0,    0,    0,    0,    0,    0,    0,    0,    0,    0,    0,    0,    0,    0,    0,    0,    0,    0,    0,    0,    0,    0,    0,    0,    0,    0,    0,    0,    0,    0,    0,    0,    0,    0,    0,    0,    0,    0,    0,    0,    0,    0,    0,    0,    0,    0,    0,    0,    0,    0,    0,    0,    0,    0,    0,    0,    0,    0,    0,    0,    0,    0,    0,    0,    0,    0,    0,    0,    0,    0,    0,   -5,   -8,    0,    0,   -5,    0,    0,    0,    0,    0,    0,    0,    0,    0,    0,   -8,    0,    0,    0,   -4,    0,    0,    0,    0,    0,    0,    0,    0,    0,   -6,   -6,    0,    0,    0,    0,   -5,    0,   -7,    0,   -7,    0,    0,    0,   -6,    0,    0,    0,    0,    0,    0,    0,    0,    0,   -3,   -5,    0,    0,   -8,    0,    0,    0,    0,    0,    0,    0,    0,    0,    0,  -10,   -8,    0,  -14,  -14,  -14,    0,    0,    0,
       0,    0,    0,    0,   -3,    0,    0,   -7,    0,    0,    0,    0,    0,    0,    0,    0,    0,    0,    0,    0,    0,    0,    0,    0,    0,    0,    0,    0,    0,    0,    0,    0,    0,    0,   -2,    0,    0,    0,    0,    0,    0,    0,    0,    0,    0,    0,    0,    0,    0,    0,    0,    0,    0,    0,    0,   -2,    0,    0,    0,    0,    0,    0,    0,    0,    0,    0,    0,    0,    0,    0,    0,    0,    0,    0,    0,    0,    0,    0,    0,    0,    0,    0,    0,    0,    0,    0,    0,    0,    0,    0,    0,    0,    0,    0,    0,    0,    0,    0,    0,    0,    0,    0,    0,    0,    0,    0,    0,    0,    0,    0,    0,    0,    0,    0,    0,    0,    0,    0,    0,    0,    0,    0,    0,    0,    0,    0,    0,    0,    0,    0,    0,    0,    0,    0,    0,    0,    0,    0,    0,    0,    0,    0,    0,    0,    0,    0,    0,    0,    0,    0,    0,    0,    0,    0,    0,   -7,    0,  -11,   -6,    0,   -6,  -10,  -11,  -13,    0,  -10,   -5,   -4,    0,    0,    0,    0,    0,    0,    0,    0,  -11,    0,    0,    0,   -9,    0,   -8,    0,   -9,    0,   -9,    0,    0,    0,  -10,  -10,    0,    0,    0,    0,  -10,    0,  -10,    0,  -10,  -13,    0,    0,   -9,    0,    0,    0,    0,    0,    0,    0,   -6,    0,   -5,   -4,    0,   -5,  -11,    0,    0,   -6,    0,    0,    0,    0,    0,    0,    0,    0,    0,    0,    0,    0,    0,    0,    0,    0,
       0,   -8,    0,  -13,  -10,    0,    0,    0,    0,    0,    0,    0,    0,    0,    0,    0,    0,    0,    0,  -13,    0,    0,    0,    0,    0,    0,    0,    0,    0,    0,    0,    0,    0,  -23,  -17,    0,    0,    0,    0,    0,    0,    0,    0,    0,    0,    0,    0,    0,    0,    0,    0,    0,    0,    0,    0,  -15,    0,    0,    0,    0,    0,    0,    0,    0,    0,    0,    0,    0,    0,    0,    0,    0,    0,    0,    0,    0,    0,    0,    0,    0,    0,    0,    0,    0,    0,    0,    0,    0,    0,    0,    0,    0,    0,    0,    0,    0,    0,    0,    0,    0,    0,    0,    0,    0,    0,    0,    0,    0,    0,    0,    0,    0,    0,    0,    0,    0,    0,    0,    0,    0,    0,    0,    0,    0,    0,    0,    0,    0,    0,    0,    0,    0,    0,    0,    0,    0,    0,    0,    0,    0,    0,    0,    0,    0,    0,    0,    0,    0,    0,    0,    0,    0,    0,    0,    0,   -1,    0,   -3,    0,    0,    0,   -2,   -8,   -6,    0,   -2,    0,   -2,    0,    0,    0,    0,    0,    0,    0,    0,   -8,    0,    0,    0,   -1,    0,   -5,    0,   -4,    0,   -3,    0,    0,    0,   -6,   -6,    0,    0,    0,    0,   -2,    0,   -7,    0,   -7,   -6,    0,    0,   -7,    0,    0,    0,    0,    0,    0,    0,    0,    0,   -1,   -5,    0,    0,   -8,    0,    0,   -8,    0,    0,    0,    0,    0,    0,    0,   -9,   -2,    0,  -12,  -12,  -14,    0,    0,    0,
       0,    0,    0,  -12,    0,  -31,  -30,  -28,    0,    0,    0,    0,    0,    0,    0,    0,    0,    0,    0,    0,    0,    0,    0,    0,    0,    0,    0,    0,    0,    0,    0,    0,    0,   -7,  -16,    0,    0,    0,    0,    0,    0,    0,    0,    0,    0,    0,    0,    0,    0,    0,    0,    0,    0,    0,    0,  -14,    0,    0,    0,  -13,   -7,    0,    0,    0,    0,    0,    0,    0,    0,    0,    0,    0,    0,    0,    0,    0,    0,    0,    0,    0,    0,    0,    0,    0,    0,    0,    0,    0,    0,    0,    0,    0,    0,    0,    0,    0,    0,    0,    0,    0,    0,    0,    0,    0,    0,    0,    0,    0,    0,    0,    0,    0,    0,    0,    0,    0,    0,    0,    0,    0,    0,    0,    0,    0,    0,    0,    0,    0,    0,    0,    0,    0,    0,    0,    0,    0,    0,    0,    0,    0,    0,    0,    0,    0,    0,    0,    0,    0,    0,    0,    0,    0,   -2,    0,    0,  -32,   -9,    0,    0,    0,  -32,    0,    0,    0,    0,    0,    0,  -11,   -9,    0,   -1,    0,    0,    0,    0,    0,    0,    0,    0,    0,    0,    0,  -35,    0,    0,    0,    0,    0,    0,    0,    0,    0,   -5,    0,    0,    0,    0,    0,    0,    0,    0,    0,    0,   -1,   -6,   -2,   -2,    0,   -9,    0,    0,    0,    0,    0,    0,    0,   -9,    0,    0,    0,    0,    0,    0,    0,    0,    0,    0,    0,    0,    0,    0,  -32,    0,    0,    0,    0,    0,    0,
       0,  -10,    0,    0,  -13,    0,    0,    0,    0,    0,    0,    0,    0,    0,    0,    0,    0,    0,    0,  -12,    0,    0,    0,    0,    0,    0,    0,    0,    0,    0,    0,    0,    0,  -29,    0,    0,    0,    0,    0,    0,    0,    0,    0,    0,    0,    0,    0,    0,    0,    0,    0,    0,    0,    0,    0,    0,    0,    0,    0,   -9,   -8,    0,    0,    0,    0,    0,    0,    0,    0,    0,    0,    0,    0,    0,    0,    0,    0,    0,    0,    0,    0,    0,    0,    0,    0,    0,    0,    0,    0,    0,    0,    0,    0,    0,    0,    0,    0,    0,    0,    0,    0,    0,    0,    0,    0,    0,    0,    0,    0,    0,    0,    0,    0,    0,    0,    0,    0,    0,    0,    0,    0,    0,    0,    0,    0,    0,    0,    0,    0,    0,    0,    0,    0,    0,    0,    0,    0,    0,    0,    0,    0,    0,    0,    0,    0,    0,    0,    0,    0,    0,    0,    0,    0,   -7,    0,    0,   -5,    0,    0,    0,    0,  -14,  -14,    0,  -17,  -13,    0,    0,   -5,    0,    0,    0,    0,    0,    0,    0,  -14,    0,   -9,    0,  -11,    0,    2,    0,    0,    0,    0,    0,   -7,    0,  -14,  -14,   -3,    0,    0,    0,  -14,    0,  -14,    0,  -14,    0,    0,  -15,   -9,    0,    0,    0,   -5,    0,    0,    0,    0,    0,   -1,  -19,   -5,    0,  -14,  -17,    0,    0,    0,    0,    0,    0,    0,    0,    0,  -11,  -10,    0,  -14,  -14,  -15,    0,    0,    0,
       0,  -10,    0,  -12,  -12,    0,    0,    0,    0,    0,    0,    0,    0,    0,    0,    0,    0,    0,    0,  -14,    0,    0,    0,    0,    0,    0,    0,    0,    0,    0,    0,    0,    0,  -23,  -16,    0,    0,    0,    0,    0,    0,    0,    0,    0,    0,    0,    0,    0,    0,    0,    0,    0,    0,    0,    0,  -15,    0,    0,    0,    0,    0,    0,    0,    0,    0,    0,    0,    0,    0,    0,    0,    0,    0,    0,    0,    0,    0,    0,    0,    0,    0,    0,    0,    0,    0,    0,    0,    0,    0,    0,    0,    0,    0,    0,    0,    0,    0,    0,    0,    0,    0,    0,    0,    0,    0,    0,    0,    0,    0,    0,    0,    0,    0,    0,    0,    0,    0,    0,    0,    0,    0,    0,    0,    0,    0,    0,    0,    0,    0,    0,    0,    0,    0,    0,    0,    0,    0,    0,    0,    0,    0,    0,    0,    0,    0,    0,    0,    0,    0,    0,    0,    0,    0,    0,    0,   -1,    0,   -3,    0,    0,    0,   -2,   -8,   -4,    0,   -2,    0,    0,    0,    0,    0,    0,    0,    0,    0,    0,   -8,    0,    0,    0,   -1,    0,   -4,    0,   -3,    0,    0,    0,    0,    0,   -7,   -7,    0,    0,    0,    0,   -2,    0,   -7,    0,   -7,   -4,    0,    0,   -7,    0,    0,    0,    0,    0,    0,    0,    0,    0,   -1,   -1,    0,    0,   -8,    0,    0,   -5,    0,    0,    0,    0,    0,    0,    0,  -11,   -9,    0,  -15,  -15,  -14,    0,    0,    0,
       0,    0,    0,    0,    0,    0,    0,    0,    0,    0,    0,    0,    0,    0,    0,    0,    0,    0,    0,    0,    0,    0,    0,    0,    0,    0,    0,    0,    0,    0,    0,    0,    0,  -12,  -12,    0,    0,    0,    0,    0,    0,    0,    0,    0,    0,    0,    0,    0,    0,    0,    0,    0,    0,    0,    0,  -10,    0,    0,    0,  -13,   -8,    0,    0,    0,    0,    0,    0,    0,    0,    0,    0,    0,    0,    0,    0,    0,    0,    0,    0,    0,    0,    0,    0,    0,    0,    0,    0,    0,    0,    0,    0,    0,    0,    0,    0,    0,    0,    0,    0,    0,    0,    0,    0,    0,    0,    0,    0,    0,    0,    0,    0,    0,    0,    0,    0,    0,    0,    0,    0,    0,    0,    0,    0,    0,    0,    0,    0,    0,    0,    0,    0,    0,    0,    0,    0,    0,    0,    0,    0,    0,    0,    0,    0,    0,    0,    0,    0,    0,    0,    0,    0,    0,    0,   -5,    0,    0,  -10,    0,    0,    0,    0,    0,    0,    0,    0,    0,    0,    0,  -10,    0,    0,    0,    0,    0,    0,    0,    0,    0,   -2,    0,    0,    0,    0,    0,    0,    0,    0,    0,   -2,    0,    0,    0,   -8,    0,    0,    0,    0,    0,    0,    0,    0,    0,    0,   -7,   -4,    0,    0,    0,  -10,    0,   -3,   -3,    0,    0,    0,   -9,  -10,    0,    0,    0,    0,    0,    0,    0,    0,    0,    0,    0,    0,    0,    0,    0,    0,    0,    0,    0,    0,    0,
       0,    0,    0,   -2,    0,    0,    0,    0,    0,    0,    0,    0,    0,    0,    0,    0,    0,    0,    0,   -7,    0,    0,    0,    0,    0,    0,    0,    0,    0,    0,    0,    0,    0,  -15,  -13,    0,    0,    0,    0,    0,    0,    0,    0,    0,    0,    0,    0,    0,    0,    0,    0,    0,    0,    0,    0,  -11,    0,    0,    0,    0,    0,    0,    0,    0,    0,    0,    0,    0,    0,    0,    0,    0,    0,    0,    0,    0,    0,    0,    0,    0,    0,    0,    0,    0,    0,    0,    0,    0,    0,    0,    0,    0,    0,    0,    0,    0,    0,    0,    0,    0,    0,    0,    0,    0,    0,    0,    0,    0,    0,    0,    0,    0,    0,    0,    0,    0,    0,    0,    0,    0,    0,    0,    0,    0,    0,    0,    0,    0,    0,    0,    0,    0,    0,    0,    0,    0,    0,    0,    0,    0,    0,    0,    0,    0,    0,    0,    0,    0,    0,    0,    0,    0,    0,    0,    0,    0,    0,    0,    0,    0,    0,    0,    0,    0,    0,    0,    0,    0,    0,    0,    0,    0,    0,    0,    0,    0,    0,    0,    0,    0,    0,    0,    0,    0,    0,    0,    0,    0,    0,    0,    0,    0,    0,    0,    0,    0,    0,    0,    0,    0,    0,    0,    0,    0,   -4,    0,    0,    0,    0,    0,    0,    0,    0,    0,    0,   -5,    0,    0,    0,    0,    0,    0,    0,    0,    0,    0,    0,    0,    0,    0,    0,    0,    0,    0,   -7,    0,    0,    0,
       0,    0,    0,    0,    0,    0,    0,    0,    0,    0,    0,    0,    0,    0,    0,    0,    0,    0,    0,    0,    0,    0,    0,    0,    0,    0,    0,    0,    0,    0,    0,    0,    0,  -12,  -11,    0,    0,    0,    0,    0,    0,    0,    0,    0,    0,    0,    0,    0,    0,    0,    0,    0,    0,    0,    0,  -10,    0,    0,    0,  -13,   -8,    0,    0,    0,    0,    0,    0,    0,    0,    0,    0,    0,    0,    0,    0,    0,    0,    0,    0,    0,    0,    0,    0,    0,    0,    0,    0,    0,    0,    0,    0,    0,    0,    0,    0,    0,    0,    0,    0,    0,    0,    0,    0,    0,    0,    0,    0,    0,    0,    0,    0,    0,    0,    0,    0,    0,    0,    0,    0,    0,    0,    0,    0,    0,    0,    0,    0,    0,    0,    0,    0,    0,    0,    0,    0,    0,    0,    0,    0,    0,    0,    0,    0,    0,    0,    0,    0,    0,    0,    0,    0,    0,    0,   -5,    0,    0,  -10,    0,    0,    0,    0,    0,    0,    0,    0,    0,    0,    0,  -10,    0,    0,    0,    0,    0,    0,    0,    0,    0,   -2,    0,    0,    0,    0,    0,    0,    0,    0,    0,   -2,    0,    0,    0,   -8,    0,    0,    0,    0,    0,    0,    0,    0,    0,    0,   -7,   -4,    0,    0,    0,  -10,    0,   -3,   -3,    0,    0,    0,   -9,  -10,    0,    0,    0,    0,    0,    0,    0,    0,    0,    0,    0,    0,    0,    0,    0,    0,    0,    0,    0,    0,    0,
       0,  -13,    0,  -16,  -14,    0,    0,    0,    0,    0,    0,    0,    0,    0,    0,    0,    0,    0,    0,  -17,    0,    0,    0,    0,    0,    0,    0,    0,    0,    0,    0,    0,    0,  -26,  -18,    0,    0,    0,    0,    0,    0,    0,    0,    0,    0,    0,    0,    0,    0,    0,    0,    0,    0,    0,    0,  -17,    0,    0,    0,    0,    0,    0,    0,    0,    0,    0,    0,    0,    0,    0,    0,    0,    0,    0,    0,    0,    0,    0,    0,    0,    0,    0,    0,    0,    0,    0,    0,    0,    0,    0,    0,    0,    0,    0,    0,    0,    0,    0,    0,    0,    0,    0,    0,    0,    0,    0,    0,    0,    0,    0,    0,    0,    0,    0,    0,    0,    0,    0,    0,    0,    0,    0,    0,    0,    0,    0,    0,    0,    0,    0,    0,    0,    0,    0,    0,    0,    0,    0,    0,    0,    0,    0,    0,    0,    0,    0,    0,    0,    0,    0,    0,    0,    0,    0,    0,   -8,    0,  -10,   -5,    0,   -7,   -8,  -10,  -12,    0,   -7,   -5,   -4,    0,    0,    0,    0,    0,    0,    0,    0,  -10,    0,    0,    0,   -6,    0,   -9,    0,   -9,    0,   -8,    0,    0,    0,   -8,   -8,    0,    0,    0,    0,   -8,    0,   -9,    0,   -9,  -12,    0,    0,   -8,    0,    0,    0,    0,    0,    0,    0,   -5,    0,   -4,   -3,    0,   -5,  -10,    0,    0,  -17,    0,    0,    0,    0,    0,    0,    0,  -13,  -11,    0,  -17,  -17,  -17,    0,    0,    0,
       0,  -10,    0,  -15,  -11,    0,    0,    0,    0,    0,    0,    0,    0,    0,    0,    0,    0,    0,    0,  -16,    0,    0,    0,    0,    0,    0,    0,    0,    0,    0,    0,    0,    0,  -23,  -18,    0,    0,    0,    0,    0,    0,    0,    0,    0,    0,    0,    0,    0,    0,    0,    0,    0,    0,    0,    0,  -16,    0,    0,    0,    0,    0,    0,    0,    0,    0,    0,    0,    0,    0,    0,    0,    0,    0,    0,    0,    0,    0,    0,    0,    0,    0,    0,    0,    0,    0,    0,    0,    0,    0,    0,    0,    0,    0,    0,    0,    0,    0,    0,    0,    0,    0,    0,    0,    0,    0,    0,    0,    0,    0,    0,    0,    0,    0,    0,    0,    0,    0,    0,    0,    0,    0,    0,    0,    0,    0,    0,    0,    0,    0,    0,    0,    0,    0,    0,    0,    0,    0,    0,    0,    0,    0,    0,    0,    0,    0,    0,    0,    0,    0,    0,    0,    0,    0,    0,    0,   -8,    0,   -9,   -5,    0,   -7,   -5,   -8,  -11,    0,   -5,   -4,   -3,    0,    0,    0,    0,    0,    0,    0,    0,   -8,    0,    0,    0,   -5,    0,   -9,    0,   -8,    0,   -6,    0,    0,    0,   -6,   -6,    0,    0,    0,    0,   -5,    0,   -7,    0,   -7,  -11,    0,    0,   -8,    0,    0,    0,    0,    0,    0,    0,   -5,    0,   -1,   -1,    0,   -4,   -8,    0,    0,  -15,    0,    0,    0,    0,    0,    0,    0,  -10,   -9,    0,  -14,  -14,  -16,    0,    0,    0,
       0,    0,    0,   -9,   -2,    0,    0,    0,    0,    0,    0,    0,    0,    0,    0,    0,    0,    0,    0,   -7,    0,    0,    0,    0,    0,    0,    0,    0,    0,    0,    0,    0,    0,  -17,  -15,    0,    0,    0,    0,    0,    0,    0,    0,    0,    0,    0,    0,    0,    0,    0,    0,    0,    0,    0,    0,  -13,    0,    0,    0,  -10,   -2,    0,    0,    0,    0,    0,    0,    0,    0,    0,    0,    0,    0,    0,    0,    0,    0,    0,    0,    0,    0,    0,    0,    0,    0,    0,    0,    0,    0,    0,    0,    0,    0,    0,    0,    0,    0,    0,    0,    0,    0,    0,    0,    0,    0,    0,    0,    0,    0,    0,    0,    0,    0,    0,    0,    0,    0,    0,    0,    0,    0,    0,    0,    0,    0,    0,    0,    0,    0,    0,    0,    0,    0,    0,    0,    0,    0,    0,    0,    0,    0,    0,    0,    0,    0,    0,    0,    0,    0,    0,    0,    0,    0,   -1,    0,    0,   -5,    0,    0,    0,    0,    0,    0,    0,    0,    0,    0,    0,   -5,    0,    0,    0,    0,    0,    0,    0,    0,    0,    0,    0,    0,    0,    0,    0,    0,    0,    0,    0,    0,    0,    0,    0,   -3,    0,    0,    0,    0,    0,    0,    0,    0,    0,    0,    0,   -1,    0,    0,    0,   -5,    0,    0,    0,    0,    0,    0,   -5,   -5,    0,    0,    0,    0,    0,    0,    0,    0,    0,    0,    0,    0,    0,   -1,    0,   -8,   -8,   -7,    0,    0,    0,
       0,    0,    0,  -12,    0,  -23,  -23,  -24,    0,    0,    0,    0,    0,    0,    0,    0,    0,    0,    0,    0,    0,    0,    0,    0,    0,    0,    0,    0,    0,    0,    0,    0,    0,   -7,  -15,    0,    0,    0,    0,    0,    0,    0,    0,    0,    0,    0,    0,    0,    0,    0,    0,    0,    0,    0,    0,  -13,    0,    0,    0,  -12,   -5,    0,    0,    0,    0,    0,    0,    0,    0,    0,    0,    0,    0,    0,    0,    0,    0,    0,    0,    0,    0,    0,    0,    0,    0,    0,    0,    0,    0,    0,    0,    0,    0,    0,    0,    0,    0,    0,    0,    0,    0,    0,    0,    0,    0,    0,    0,    0,    0,    0,    0,    0,    0,    0,    0,    0,    0,    0,    0,    0,    0,    0,    0,    0,    0,    0,    0,    0,    0,    0,    0,    0,    0,    0,    0,    0,    0,    0,    0,    0,    0,    0,    0,    0,    0,    0,    0,    0,    0,    0,    0,    0,   -1,    0,    0,  -27,   -8,    0,    0,    0,  -27,    0,    0,    0,    0,    0,    0,   -9,   -8,    0,   -1,    0,    0,    0,    0,    0,    0,    0,    0,    0,    0,    0,  -30,    0,    0,    0,    0,    0,    0,    0,    0,    0,   -5,    0,    0,    0,    0,    0,    0,    0,    0,    0,    0,   -2,   -6,   -1,   -1,    0,   -8,    0,    0,    0,    0,    0,    0,    0,   -8,    0,    0,    0,    0,    0,    0,    0,    0,    0,    0,    0,    0,    0,    0,  -25,    0,    0,    0,    0,    0,    0,
       0,    0,    0,  -11,    0,  -20,  -19,  -22,    0,    0,    0,    0,    0,    0,    0,    0,    0,    0,    0,    0,    0,    0,    0,    0,    0,    0,    0,    0,    0,    0,    0,    0,    0,    0,  -14,    0,    0,    0,    0,    0,    0,    0,    0,    0,    0,    0,    0,    0,    0,    0,    0,    0,    0,    0,    0,  -13,    0,    0,    0,   -7,    0,    0,    0,    0,    0,    0,    0,    0,    0,    0,    0,    0,    0,    0,    0,    0,    0,    0,    0,    0,    0,    0,    0,    0,    0,    0,    0,    0,    0,    0,    0,    0,    0,    0,    0,    0,    0,    0,    0,    0,    0,    0,    0,    0,    0,    0,    0,    0,    0,    0,    0,    0,    0,    0,    0,    0,    0,    0,    0,    0,    0,    0,    0,    0,    0,    0,    0,    0,    0,    0,    0,    0,    0,    0,    0,    0,    0,    0,    0,    0,    0,    0,    0,    0,    0,    0,    0,    0,    0,    0,    0,    0,   -6,    0,    0,  -26,   -9,    0,   -3,    0,  -27,    0,    0,    0,    0,    0,   -2,   -9,   -9,    0,   -6,    0,    0,    0,    0,    0,    0,    0,    0,    0,    0,    0,  -26,    0,    0,    0,    0,    0,    0,    0,    0,    0,   -7,    0,    0,    0,    0,    0,    0,    0,    7,    0,    0,   -3,   -5,   -6,   -6,    0,   -9,    0,   -4,   -4,   -3,    0,    0,   -1,   -9,   -2,    0,    0,    0,    0,    0,    0,    0,    0,    0,    0,    0,    0,    0,  -20,    0,    0,    0,    0,    0,    0,
       0,    0,    0,    0,    0,    0,    0,    0,    0,    0,    0,    0,    0,    0,    0,    0,    0,    0,    0,    0,    0,    0,    0,    0,    0,    0,    0,    0,    0,    0,    0,    0,    0,   -7,  -11,    0,    0,    0,    0,    0,    0,    0,    0,    0,    0,    0,    0,    0,    0,    0,    0,    0,    0,    0,    0,   -3,    0,    0,    0,  -14,   -8,    0,    0,    0,    0,    0,    0,    0,    0,    0,    0,    0,    0,    0,    0,    0,    0,    0,    0,    0,    0,    0,    0,    0,    0,    0,    0,    0,    0,    0,    0,    0,    0,    0,    0,    0,    0,    0,    0,    0,    0,    0,    0,    0,    0,    0,    0,    0,    0,    0,    0,    0,    0,    0,    0,    0,    0,    0,    0,    0,    0,    0,    0,    0,    0,    0,    0,    0,    0,    0,    0,    0,    0,    0,    0,    0,    0,    0,    0,    0,    0,    0,    0,    0,    0,    0,    0,    0,    0,    0,    0,    0,    0,   -4,    0,    3,  -12,    0,    0,    0,    0,    0,    0,    0,    0,    0,    0,    0,  -12,    0,    0,    0,    0,    0,    0,    0,    0,    0,    0,    0,    0,    0,    0,    0,    0,    0,    0,    0,    0,    0,    0,    0,  -10,    0,    0,    0,    0,    0,    0,    0,    3,    0,    0,   -8,   -1,    0,    0,    0,  -12,    0,   -5,   -5,    0,    0,    0,   -8,  -12,    0,    0,    0,    0,    0,    0,    0,    0,    0,    0,    0,    0,    0,    0,    0,    0,    0,    0,    0,    0,    0,
       0,  -41,    0,  -13,  -41,    0,    0,    0,    0,    0,    0,    0,    0,    0,    0,    0,    0,    0,    0,  -17,    0,    0,    0,    0,    0,    0,    0,    0,    0,    0,    0,    0,    0,  -37,  -17,    0,    0,    0,    0,    0,    0,    0,    0,    0,    0,    0,    0,    0,    0,    0,    0,    0,    0,    0,    0,  -15,    0,    0,    0,    0,   -3,    0,    0,    0,    0,    0,    0,    0,    0,    0,    0,    0,    0,    0,    0,    0,    0,    0,    0,    0,    0,    0,    0,    0,    0,    0,    0,    0,    0,    0,    0,    0,    0,    0,    0,    0,    0,    0,    0,    0,    0,    0,    0,    0,    0,    0,    0,    0,    0,    0,    0,    0,    0,    0,    0,    0,    0,    0,    0,    0,    0,    0,    0,    0,    0,    0,    0,    0,    0,    0,    0,    0,    0,    0,    0,    0,    0,    0,    0,    0,    0,    0,    0,    0,    0,    0,    0,    0,    0,    0,    0,    0,    0,    0,    0,    0,    0,   -3,    0,    0,    0,  -35,  -25,   -7,   -6,  -33,    0,   -3,    0,    0,    0,    0,    0,    0,    0,    0,  -25,    0,   -1,    0,  -25,    0,   -3,    0,   -3,    0,   -6,    0,    0,    0,  -22,  -22,    0,    0,    0,    0,  -35,    0,  -24,    0,  -24,   -7,    0,   -9,   -8,    0,    0,    0,    0,    0,    0,    0,    0,    0,  -10,   -8,    0,    0,  -25,   -6,    0,  -10,    0,    0,    0,    0,    0,    0,    0,  -41,  -40,    0,  -43,  -43,  -21,    0,    0,    0,
       0,  -16,    0,  -10,  -17,    0,    0,    0,    0,    0,    0,    0,    0,    0,    0,    0,    0,    0,    0,  -16,    0,    0,    0,    0,    0,    0,    0,    0,    0,    0,    0,    0,    0,  -26,  -13,    0,    0,    0,    0,    0,    0,    0,    0,    0,    0,    0,    0,    0,    0,    0,    0,    0,    0,    0,    0,  -11,    0,    0,    0,    0,    0,    0,    0,    0,    0,    0,    0,    0,    0,    0,    0,    0,    0,    0,    0,    0,    0,    0,    0,    0,    0,    0,    0,    0,    0,    0,    0,    0,    0,    0,    0,    0,    0,    0,    0,    0,    0,    0,    0,    0,    0,    0,    0,    0,    0,    0,    0,    0,    0,    0,    0,    0,    0,    0,    0,    0,    0,    0,    0,    0,    0,    0,    0,    0,    0,    0,    0,    0,    0,    0,    0,    0,    0,    0,    0,    0,    0,    0,    0,    0,    0,    0,    0,    0,    0,    0,    0,    0,    0,    0,    0,    0,    0,    0,    0,   -1,    0,   -6,   -1,    0,    0,  -11,  -12,   -7,    0,  -10,   -1,    0,    0,    0,    0,    0,    0,    0,    0,    0,  -12,    0,    0,    0,    0,    0,    0,    0,    0,    0,    0,    0,    0,    0,    0,    0,    0,    0,    0,    0,  -11,    0,    0,    0,    0,   -7,    0,    0,    0,    0,    0,    0,    0,    0,    0,    0,   -1,    0,    0,    0,    0,   -1,  -12,    0,    0,   -7,    0,    0,    0,    0,    0,    0,    0,  -17,  -15,    0,  -20,  -20,  -18,    0,    0,    0,
       0,    0,    0,   -5,    0,  -31,  -30,  -28,    0,    0,    0,    0,    0,    0,    0,    0,    0,    0,    0,    0,    0,    0,    0,    0,    0,    0,    0,    0,    0,    0,    0,    0,    0,   -3,   -5,    0,    0,    0,    0,    0,    0,    0,    0,    0,    0,    0,    0,    0,    0,    0,    0,    0,    0,    0,    0,   -5,    0,    0,    0,  -13,   -7,    0,    0,    0,    0,    0,    0,    0,    0,    0,    0,    0,    0,    0,    0,    0,    0,    0,    0,    0,    0,    0,    0,    0,    0,    0,    0,    0,    0,    0,    0,    0,    0,    0,    0,    0,    0,    0,    0,    0,    0,    0,    0,    0,    0,    0,    0,    0,    0,    0,    0,    0,    0,    0,    0,    0,    0,    0,    0,    0,    0,    0,    0,    0,    0,    0,    0,    0,    0,    0,    0,    0,    0,    0,    0,    0,    0,    0,    0,    0,    0,    0,    0,    0,    0,    0,    0,    0,    0,    0,    0,    0,   -2,    0,    0,  -32,   -9,    0,    0,    0,  -32,    0,    0,    0,    0,    0,    0,  -11,   -9,    0,   -1,    0,    0,    0,    0,    0,    0,    0,    0,    0,    0,    0,  -35,    0,    0,    0,    0,    0,    0,    0,    0,    0,   -5,    0,    0,    0,    0,    0,    0,    0,    0,    0,    0,   -1,   -6,   -2,   -2,    0,   -9,    0,    0,    0,    0,    0,    0,    0,   -9,    0,    0,    0,    0,    0,    0,    0,    0,    0,    0,    0,    0,    0,    0,  -32,    0,    0,    0,    0,    0,    0,
       0,    0,    0,  -10,   -2,    0,    0,    0,    0,    0,    0,    0,    0,    0,    0,    0,    0,    0,    0,   -7,    0,    0,    0,    0,    0,    0,    0,    0,    0,    0,    0,    0,    0,  -17,  -15,    0,    0,    0,    0,    0,    0,    0,    0,    0,    0,    0,    0,    0,    0,    0,    0,    0,    0,    0,    0,  -13,    0,    0,    0,    0,    0,    0,    0,    0,    0,    0,    0,    0,    0,    0,    0,    0,    0,    0,    0,    0,    0,    0,    0,    0,    0,    0,    0,    0,    0,    0,    0,    0,    0,    0,    0,    0,    0,    0,    0,    0,    0,    0,    0,    0,    0,    0,    0,    0,    0,    0,    0,    0,    0,    0,    0,    0,    0,    0,    0,    0,    0,    0,    0,    0,    0,    0,    0,    0,    0,    0,    0,    0,    0,    0,    0,    0,    0,    0,    0,    0,    0,    0,    0,    0,    0,    0,    0,    0,    0,    0,    0,    0,    0,    0,    0,    0,    0,   -1,    0,    0,   -5,    0,    0,    0,    0,    0,   -3,    0,    0,    0,    0,   -2,   -5,    0,    0,    0,    0,    0,    0,    0,   -3,    0,    0,    0,    0,    0,    0,    0,    0,    0,    0,    0,    0,    0,    0,    0,    0,    0,    0,    0,    0,    0,    0,    0,    0,    0,    0,    0,    0,    0,    0,    0,   -5,    0,    0,    0,    0,    0,    0,    0,   -5,    0,   -3,    0,    0,    0,    0,    0,    0,    0,    0,    0,    0,    0,   -1,    0,   -8,   -8,   -7,    0,    0,    0,
       0,    0,    0,  -12,   -2,    0,    0,    0,    0,    0,    0,    0,    0,    0,    0,    0,    0,    0,    0,   -9,    0,    0,    0,    0,    0,    0,    0,    0,    0,    0,    0,    0,    0,  -18,  -16,    0,    0,    0,    0,    0,    0,    0,    0,    0,    0,    0,    0,    0,    0,    0,    0,    0,    0,    0,    0,  -13,    0,    0,    0,    0,    0,    0,    0,    0,    0,    0,    0,    0,    0,    0,    0,    0,    0,    0,    0,    0,    0,    0,    0,    0,    0,    0,    0,    0,    0,    0,    0,    0,    0,    0,    0,    0,    0,    0,    0,    0,    0,    0,    0,    0,    0,    0,    0,    0,    0,    0,    0,    0,    0,    0,    0,    0,    0,    0,    0,    0,    0,    0,    0,    0,    0,    0,    0,    0,    0,    0,    0,    0,    0,    0,    0,    0,    0,    0,    0,    0,    0,    0,    0,    0,    0,    0,    0,    0,    0,    0,    0,    0,    0,    0,    0,    0,    0,    0,    0,   -1,    0,    0,    0,    0,    0,    0,   -5,    0,    0,    0,    0,   -3,    0,    0,    0,    0,    0,    0,    0,    0,   -5,    0,    0,    0,    0,    0,    0,    0,    0,    0,    0,    0,    0,    0,    0,    0,    0,    0,    0,    0,    0,    0,    0,    0,    0,    0,    0,    0,    0,    0,    0,    0,    0,    0,    0,    0,    0,    0,    0,    0,    0,    0,   -5,    0,    0,    0,    0,    0,    0,    0,    0,    0,    0,   -1,   -2,    0,   -9,   -9,   -9,    0,    0,    0,
       0,    0,    0,    0,    0,    0,    0,    0,    0,    0,    0,    0,    0,    0,    0,    0,    0,    0,    0,    0,    0,    0,    0,    0,    0,    0,    0,    0,    0,    0,    0,    0,    0,    0,    0,    0,    0,    0,    0,    0,    0,    0,    0,    0,    0,    0,    0,    0,    0,    0,    0,    0,    0,    0,    0,    0,    0,    0,    0,    0,    0,    0,    0,    0,    0,    0,    0,    0,    0,    0,    0,    0,    0,    0,    0,    0,    0,    0,    0,    0,    0,    0,    0,    0,    0,    0,    0,    0,    0,    0,    0,    0,    0,    0,    0,    0,    0,    0,    0,    0,    0,    0,    0,    0,    0,    0,    0,    0,    0,    0,    0,    0,    0,    0,    0,    0,    0,    0,    0,    0,    0,    0,    0,    0,    0,    0,    0,    0,    0,    0,    0,    0,    0,    0,    0,    0,    0,    0,    0,    0,    0,    0,    0,    0,    0,    0,    0,    0,    0,    0,    0,    0,    0,    0,    0,    0,    0,    0,    0,    0,    0,    0,    0,    0,    0,    0,    0,    0,    0,    0,    0,    0,    5,    0,    0,    0,    0,    0,    0,    0,    0,    0,    0,    0,    0,    0,    0,    0,    0,    0,    0,    0,    0,    0,    0,    0,    0,    0,    0,    0,    0,    0,    0,    0,    0,    0,    0,    0,    0,    0,    0,    0,    0,    0,    0,   -4,    0,    0,    0,    0,    0,    0,    0,    0,    0,    0,    0,    0,    0,    0,    0,    0,    0,    0,    0,    0,    0,    0,
       0,   13,    0,   14,   18,    0,    0,    0,    0,    0,    0,    0,    0,    0,    0,    0,    0,    0,    0,   18,    0,    0,    0,    0,    0,    0,    0,    0,    0,    0,    0,    0,    0,    7,   14,    0,    0,    0,    0,    0,    0,    0,    0,    0,    0,    0,    0,    0,    0,    0,    0,    0,    0,    0,    0,   14,    0,    0,    0,    0,    0,    0,    0,    0,    0,    0,    0,    0,    0,    0,    0,    0,    0,    0,    0,    0,    0,    0,    0,    0,    0,    0,    0,    0,    0,    0,    0,    0,    0,    0,    0,    0,    0,    0,    0,    0,    0,    0,    0,    0,    0,    0,    0,    0,    0,    0,    0,    0,    0,    0,    0,    0,    0,    0,    0,    0,    0,    0,    0,    0,    0,    0,    0,    0,    0,    0,    0,    0,    0,    0,    0,    0,    0,    0,    0,    0,    0,    0,    0,    0,    0,    0,    0,    0,    0,    0,    0,    0,    0,    0,    0,    0,    0,    0,    0,    0,    0,    0,    0,    0,    0,    0,    0,    0,    0,    0,    0,    0,    0,    0,    0,    8,   39,    8,    0,    0,    0,    0,    0,    0,    0,    0,    0,    0,    0,    0,    0,    0,    0,    0,    0,    0,    0,    0,    0,    0,    0,    0,    0,    0,    0,    0,    0,    0,    0,    0,    0,    0,    0,    0,    0,    0,    0,    0,    0,   -4,    0,    0,    0,    0,    0,    0,    0,    0,    0,    0,    0,    0,    0,   15,    6,    0,   19,   19,   12,    0,    0,    0,
       0,  -13,    0,   -9,  -14,    0,    0,    0,    0,    0,    0,    0,    0,    0,    0,    0,    0,    0,    0,  -14,    0,    0,    0,    0,    0,    0,    0,    0,    0,    0,    0,    0,    0,  -24,  -15,    0,    0,    0,    0,    0,    0,    0,    0,    0,    0,    0,    0,    0,    0,    0,    0,    0,    0,    0,    0,  -13,    0,    0,    0,    0,    0,    0,    0,    0,    0,    0,    0,    0,    0,    0,    0,    0,    0,    0,    0,    0,    0,    0,    0,    0,    0,    0,    0,    0,    0,    0,    0,    0,    0,    0,    0,    0,    0,    0,    0,    0,    0,    0,    0,    0,    0,    0,    0,    0,    0,    0,    0,    0,    0,    0,    0,    0,    0,    0,    0,    0,    0,    0,    0,    0,    0,    0,    0,    0,    0,    0,    0,    0,    0,    0,    0,    0,    0,    0,    0,    0,    0,    0,    0,    0,    0,    0,    0,    0,    0,    0,    0,    0,    0,    0,    0,    0,    0,    0,    0,    0,    0,    0,    0,    0,    0,   -6,  -10,    0,    0,   -6,    0,    0,    0,    0,    0,    0,    0,    0,    0,    0,  -10,    0,    0,    0,    0,    0,    0,    0,    0,    0,    0,    0,    0,    0,    0,    0,    0,    0,    0,    0,   -6,    0,    0,    0,    0,    0,    0,    0,    0,    0,    0,    0,    0,    0,    0,    0,    0,    0,    0,    0,    0,    0,  -10,    0,    0,    0,    0,    0,    0,    0,    0,    0,    0,  -14,  -12,    0,  -18,  -18,  -16,    0,    0,    0,
       0,    0,    0,    0,    0,    0,    0,    0,    0,    0,    0,    0,    0,    0,    0,    0,    0,    0,    0,    0,    0,    0,    0,    0,    0,    0,    0,    0,    0,    0,    0,    0,    0,    0,    0,    0,    0,    0,    0,    0,    0,    0,    0,    0,    0,    0,    0,    0,    0,    0,    0,    0,    0,    0,    0,    0,    0,    0,    0,    0,    0,    0,    0,    0,    0,    0,    0,    0,    0,    0,    0,    0,    0,    0,    0,    0,    0,    0,    0,    0,    0,    0,    0,    0,    0,    0,    0,    0,    0,    0,    0,    0,    0,    0,    0,    0,    0,    0,    0,    0,    0,    0,    0,    0,    0,    0,    0,    0,    0,    0,    0,    0,    0,    0,    0,    0,    0,    0,    0,    0,    0,    0,    0,    0,    0,    0,    0,    0,    0,    0,    0,    0,    0,    0,    0,   -6,    0,    0,    0,    0,   -5,   -9,   -9,   -9,  -11,   -5,    0,  -10,    0,   -6,   -5,   -5,   -5,   -3,   -5,  -21,   -3,   -7,   -6,   -5,  -20,    0,    0,   -6,    0,    0,   -6,   -9,   -3,    0,    0,    0,    0,    0,    0,   -5,    0,    0,    0,    0,    0,    0,    0,    0,    0,    0,    0,    0,    0,    0,    0,    0,    0,    0,   -5,    0,    0,    0,    0,    0,    0,   -6,    0,    0,    0,   -5,   -5,    0,   -3,    0,    0,    0,   -6,    0,    0,    0,   -3,   -6,    0,    0,  -10,   -6,    0,    0,    0,    0,    0,    0,    0,    0,    0,    0,    0,    0,    0,    0,    0,    0,
       0,    0,    0,    0,    0,    0,    0,    0,    0,    0,    0,    0,    0,    0,    0,    0,    0,    0,    0,    0,    0,    0,    0,    0,    0,    0,    0,    0,    0,    0,    0,    0,    0,    0,    0,    0,    0,    0,    0,    0,    0,    0,    0,    0,    0,    0,    0,    0,    0,    0,    0,    0,    0,    0,    0,    0,    0,    0,    0,    0,    0,    0,    0,    0,    0,    0,    0,    0,    0,    0,    0,    0,    0,    0,    0,    0,    0,    0,    0,    0,    0,    0,    0,    0,    0,    0,    0,    0,    0,    0,    0,    0,    0,    0,    0,    0,    0,    0,    0,    0,    0,    0,    0,    0,    0,    0,    0,    0,    0,    0,    0,    0,    0,    0,    0,    0,    0,    0,    0,    0,    0,    0,    0,    0,    0,    0,    0,    0,    0,    0,    0,    0,    0,    0,    0,    0,    0,    0,    0,    0,    0,    0,    0,    0,    0,    0,    0,    0,    0,    0,    0,    0,    0,    0,    0,  -15,    0,   -5,   -3,    0,  -15,    0,   -1,   -3,    0,    0,   -1,   -3,    0,    0,    0,    0,    0,    0,    0,    0,   -1,    0,    0,    0,    0,    0,    0,    0,    0,    0,    0,    0,    0,    0,    0,    0,    0,    0,    0,    0,    0,    0,    0,    0,    0,   -3,    0,    0,    0,    0,    0,    0,    0,    0,    0,    0,   -3,    0,    0,    0,    0,   -1,   -1,    0,    0,   -3,    0,    0,    0,    0,    0,    0,    0,    0,    0,    0,    0,    0,    0,    0,    0,    0,
       0,    0,    0,  -12,    0,  -23,  -23,  -24,    0,    0,    0,    0,    0,    0,    0,    0,    0,    0,    0,    0,    0,    0,    0,    0,    0,    0,    0,    0,    0,    0,    0,    0,    0,   -7,  -15,    0,    0,    0,    0,    0,    0,    0,    0,    0,    0,    0,    0,    0,    0,    0,    0,    0,    0,    0,    0,  -13,    0,    0,    0,  -12,   -5,    0,    0,    0,    0,    0,    0,    0,    0,    0,    0,    0,    0,    0,    0,    0,    0,    0,    0,    0,    0,    0,    0,    0,    0,    0,    0,    0,    0,    0,    0,    0,    0,    0,    0,    0,    0,    0,    0,    0,    0,    0,    0,    0,    0,    0,    0,    0,    0,    0,    0,    0,    0,    0,    0,    0,    0,    0,    0,    0,    0,    0,    0,    0,    0,    0,    0,    0,    0,    0,    0,    0,    0,    0,    0,    0,    0,    0,    0,    0,    0,    0,    0,    0,    0,    0,    0,    0,    0,    0,    0,    0,   -1,    0,    0,  -14,   -8,    0,    0,    0,  -38,    0,    0,    0,    0,    0,    0,   -9,   -8,    0,   -1,    0,    0,    0,    0,    0,    0,    0,    0,    0,    0,    0,  -30,    0,    0,    0,    0,    0,    0,    0,    0,    0,   -5,    0,    0,    0,    0,    0,    0,    0,    0,    0,    0,   -2,   -6,   -1,   -1,    0,   -8,    0,    0,    0,    0,    0,    0,    0,   -8,    0,    0,    0,    0,    0,    0,    0,    0,    0,    0,    0,    0,    0,    0,  -25,    0,    0,    0,    0,    0,    0,
       0,    0,    0,    0,    0,    0,    0,    0,    0,    0,    0,    0,    0,    0,    0,    0,    0,    0,    0,    0,    0,    0,    0,    0,    0,    0,    0,    0,    0,    0,    0,    0,    0,    0,    0,    0,    0,    0,    0,    0,    0,    0,    0,    0,    0,    0,    0,    0,    0,    0,    0,    0,    0,    0,    0,    0,    0,    0,    0,    0,    0,    0,    0,    0,    0,    0,    0,    0,    0,    0,    0,    0,    0,    0,    0,    0,    0,    0,    0,    0,    0,    0,    0,    0,    0,    0,    0,    0,    0,    0,    0,    0,    0,    0,    0,    0,    0,    0,    0,    0,    0,    0,    0,    0,    0,    0,    0,    0,    0,    0,    0,    0,    0,    0,    0,    0,    0,    0,    0,    0,    0,    0,    0,    0,    0,    0,    0,    0,    0,    0,    0,    0,    0,    0,    0,  -38,  -12,    0,    0,    0,   11,  -19,    0,   11,    0,    0,  -17,    0,  -34,  -36,    0,    0,    0,  -13,   -1,    9,   -7,    0,    0,   -1,    9,  -31,  -25,    0,  -25,  -28,    0,    0,   -7,    0,    0,    0,    0,    0,    0,   -1,  -25,    0,    0,    0,    0,    0,    0,    0,    0,    0,    0,    0,    0,    0,    0,    0,    0,    0,   -1,    0,  -31,    0,    0,    0,    0,    0,    0,    0,    0,    0,    0,    0,   -7,    0,    0,    0,    0,    0,    0,  -12,   -7,    0,  -25,  -25,    0,    0,    0,    0,    0,    0,    0,    0,    0,    0,    0,    0,    0,    0,    0,    0,    0,    0,
       0,    0,    0,    0,    0,    0,    0,    0,    0,    0,    0,    0,    0,    0,    0,    0,    0,    0,    0,    0,    0,    0,    0,    0,    0,    0,    0,    0,    0,    0,    0,    0,    0,    0,    0,    0,    0,    0,    0,    0,    0,    0,    0,    0,    0,    0,    0,    0,    0,    0,    0,    0,    0,    0,    0,    0,    0,    0,    0,    0,    0,    0,    0,    0,    0,    0,    0,    0,    0,    0,    0,    0,    0,    0,    0,    0,    0,    0,    0,    0,    0,    0,    0,    0,    0,    0,    0,    0,    0,    0,    0,    0,    0,    0,    0,    0,    0,    0,    0,    0,    0,    0,    0,    0,    0,    0,    0,    0,    0,    0,    0,    0,    0,    0,    0,    0,    0,    0,    0,    0,    0,    0,    0,    0,    0,    0,    0,    0,    0,    0,    0,    0,    0,    0,    0,    0,    0,    0,    0,    0,    0,    0,    0,    0,    0,    0,    0,    0,    0,    0,    0,    0,    0,  -14,    0,    5,   -9,    0,    0,    0,    5,  -30,  -27,    0,  -28,  -27,    0,    0,   -9,    0,    0,    0,    0,    0,    0,    0,  -27,    0,    0,    0,    0,    0,    0,    0,    0,    0,    0,    0,    0,    0,    0,    0,    0,    0,    0,    0,  -30,    0,    0,    0,    0,    0,    0,    0,    0,    0,    0,    0,   -9,    0,    0,    0,    0,    0,    0,    0,   -9,    0,  -27,  -28,    0,    0,    0,    0,    0,    0,    0,    0,    0,    0,    0,    0,    0,    0,    0,    0,    0,    0,
       0,    0,    0,    0,    0,    0,    0,    0,    0,    0,    0,    0,    0,    0,    0,    0,    0,    0,    0,    0,    0,    0,    0,    0,    0,    0,    0,    0,    0,    0,    0,    0,    0,    0,    0,    0,    0,    0,    0,    0,    0,    0,    0,    0,    0,    0,    0,    0,    0,    0,    0,    0,    0,    0,    0,    0,    0,    0,    0,    0,    0,    0,    0,    0,    0,    0,    0,    0,    0,    0,    0,    0,    0,    0,    0,    0,    0,    0,    0,    0,    0,    0,    0,    0,    0,    0,    0,    0,    0,    0,    0,    0,    0,    0,    0,    0,    0,    0,    0,    0,    0,    0,    0,    0,    0,    0,    0,    0,    0,    0,    0,    0,    0,    0,    0,    0,    0,    0,    0,    0,    0,    0,    0,    0,    0,    0,    0,    0,    0,    0,    0,    0,    0,    0,    0,    0,  -10,    0,    0,    0,    4,    0,    0,    4,    0,    0,  -14,    0,    0,    0,    0,    0,    0,  -20,   -5,    0,  -12,    0,    0,   -5,    0,  -35,  -34,    0,  -30,  -32,   -2,    0,  -12,    0,    0,    0,    0,    0,    0,   -5,  -34,    0,    0,    0,    0,    0,    0,    0,    0,    0,    0,    0,    0,    0,    0,    0,    0,    0,   -5,    0,  -35,    0,    0,    0,    0,    0,    0,    0,    0,    0,    0,    0,  -12,    0,    0,    0,    0,    0,    0,  -10,  -12,   -2,  -34,  -30,    0,    0,    0,    0,    0,    0,    0,    0,    0,    0,    0,    0,    0,    0,    0,    0,    0,    0,
       0,    0,    0,    0,    0,    0,    0,    0,    0,    0,    0,    0,    0,    0,    0,    0,    0,    0,    0,    0,    0,    0,    0,    0,    0,    0,    0,    0,    0,    0,    0,    0,    0,    0,    0,    0,    0,    0,    0,    0,    0,    0,    0,    0,    0,    0,    0,    0,    0,    0,    0,    0,    0,    0,    0,    0,    0,    0,    0,    0,    0,    0,    0,    0,    0,    0,    0,    0,    0,    0,    0,    0,    0,    0,    0,    0,    0,    0,    0,    0,    0,    0,    0,    0,    0,    0,    0,    0,    0,    0,    0,    0,    0,    0,    0,    0,    0,    0,    0,    0,    0,    0,    0,    0,    0,    0,    0,    0,    0,    0,    0,    0,    0,    0,    0,    0,    0,    0,    0,    0,    0,    0,    0,    0,    0,    0,    0,    0,    0,    0,    0,    0,    0,    0,    0,    0,    0,    0,    0,    0,    0,    0,    0,    0,    0,    0,    0,    0,    0,    0,    0,    0,    0,   -6,    0,    0,   -9,    0,    0,    0,    0,    0,    0,    0,    0,    0,    0,    0,   -9,    0,    0,    0,    0,    0,    0,    0,    0,    0,    0,    0,    0,    0,    0,    0,    0,    0,    0,    0,    0,    0,    0,    0,    0,    0,    0,    0,    0,    0,    0,    0,    0,    0,    0,    0,    0,    0,    0,    0,   -9,    0,    0,    0,    0,    0,    0,    0,   -9,    0,    0,    0,    0,    0,    0,    0,    0,    0,    0,    0,    0,    0,    0,    0,    0,    0,    0,    0,    0,    0,
       0,    0,    0,    0,    0,    0,    0,    0,    0,    0,    0,    0,    0,    0,    0,    0,    0,    0,    0,    0,    0,    0,    0,    0,    0,    0,    0,    0,    0,    0,    0,    0,    0,    0,    0,    0,    0,    0,    0,    0,    0,    0,    0,    0,    0,    0,    0,    0,    0,    0,    0,    0,    0,    0,    0,    0,    0,    0,    0,    0,    0,    0,    0,    0,    0,    0,    0,    0,    0,    0,    0,    0,    0,    0,    0,    0,    0,    0,    0,    0,    0,    0,    0,    0,    0,    0,    0,    0,    0,    0,    0,    0,    0,    0,    0,    0,    0,    0,    0,    0,    0,    0,    0,    0,    0,    0,    0,    0,    0,    0,    0,    0,    0,    0,    0,    0,    0,    0,    0,    0,    0,    0,    0,    0,    0,    0,    0,    0,    0,    0,    0,    0,    0,    0,    0,    0,    0,    0,    0,    0,    0,    0,    0,    0,    0,    0,    0,    0,    0,    0,    0,    0,    0,   -6,    0,    2,   -9,    0,    0,    0,    0,    0,    0,    0,    0,    0,    0,    0,   -9,    0,    0,    0,    0,    0,    0,    0,    0,    0,    0,    0,    0,    0,    0,    0,    0,    0,    0,    0,    0,    0,    0,    0,    0,    0,    0,    0,    0,    0,    0,    0,    0,    0,    0,    0,    0,    0,    0,    0,   -9,    0,    0,    0,    0,    0,    0,    0,   -9,    0,    0,    0,    0,    0,    0,    0,    0,    0,    0,    0,    0,    0,    0,    0,    0,    0,    0,    0,    0,    0,
       0,    0,    0,    0,    0,    0,    0,    0,    0,    0,    0,    0,    0,    0,    0,    0,    0,    0,    0,    0,    0,    0,    0,    0,    0,    0,    0,    0,    0,    0,    0,    0,    0,    0,    0,    0,    0,    0,    0,    0,    0,    0,    0,    0,    0,    0,    0,    0,    0,    0,    0,    0,    0,    0,    0,    0,    0,    0,    0,    0,    0,    0,    0,    0,    0,    0,    0,    0,    0,    0,    0,    0,    0,    0,    0,    0,    0,    0,    0,    0,    0,    0,    0,    0,    0,    0,    0,    0,    0,    0,    0,    0,    0,    0,    0,    0,    0,    0,    0,    0,    0,    0,    0,    0,    0,    0,    0,    0,    0,    0,    0,    0,    0,    0,    0,    0,    0,    0,    0,    0,    0,    0,    0,    0,    0,    0,    0,    0,    0,    0,    0,    0,    0,    0,    0,   -1,    0,    0,    0,    0,    0,   -6,   -3,   -1,   -5,    0,    0,   -5,    0,   -1,    0,   -5,   -4,   -6,   -5,  -12,   -4,   -7,   -9,   -5,  -12,   -6,   -4,   -7,   -5,   -6,   -9,  -14,   -4,    0,    0,    0,    0,    0,    0,   -5,   -4,    0,    0,    0,    0,    0,    0,    0,    0,    0,    0,    0,    0,    0,    0,    0,    0,    0,   -5,    0,   -6,    0,    0,    0,    0,   -7,    0,    0,    0,   -4,   -4,    0,   -4,    0,    0,    0,   -9,    0,    0,    0,   -4,   -9,   -4,   -5,   -5,   -7,    0,    0,    0,    0,    0,    0,    0,    0,    0,    0,    0,    0,    0,    0,    0,    0,
       0,    0,    0,    0,    0,    0,    0,    0,    0,    0,    0,    0,    0,    0,    0,    0,    0,    0,    0,    0,    0,    0,    0,    0,    0,    0,    0,    0,    0,    0,    0,    0,    0,    0,    0,    0,    0,    0,    0,    0,    0,    0,    0,    0,    0,    0,    0,    0,    0,    0,    0,    0,    0,    0,    0,    0,    0,    0,    0,    0,    0,    0,    0,    0,    0,    0,    0,    0,    0,    0,    0,    0,    0,    0,    0,    0,    0,    0,    0,    0,    0,    0,    0,    0,    0,    0,    0,    0,    0,    0,    0,    0,    0,    0,    0,    0,    0,    0,    0,    0,    0,    0,    0,    0,    0,    0,    0,    0,    0,    0,    0,    0,    0,    0,    0,    0,    0,    0,    0,    0,    0,    0,    0,    0,    0,    0,    0,    0,    0,    0,    0,    0,    0,    0,    0,    0,    0,    0,    0,    0,    0,    0,    0,    0,    0,    0,    0,    0,    0,    0,    0,    0,    0,    0,    0,   -1,    0,   -3,    0,    0,    0,   -1,   -6,   -5,    0,   -1,    0,   -2,    0,    0,    0,    0,    0,    0,    0,    0,   -6,    0,    0,    0,    0,    0,    0,    0,    0,    0,    0,    0,    0,    0,    0,    0,    0,    0,    0,    0,   -1,    0,    0,    0,    0,   -5,    0,    0,    0,    0,    0,    0,    0,    0,    0,    0,    0,    0,    0,    0,    0,    0,   -6,    0,    0,   -5,    0,    0,    0,    0,    0,    0,    0,    0,    0,    0,    0,    0,    0,    0,    0,    0,
       0,    0,    0,    0,    0,    0,    0,    0,    0,    0,    0,    0,    0,    0,    0,    0,    0,    0,    0,    0,    0,    0,    0,    0,    0,    0,    0,    0,    0,    0,    0,    0,    0,    0,    0,    0,    0,    0,    0,    0,    0,    0,    0,    0,    0,    0,    0,    0,    0,    0,    0,    0,    0,    0,    0,    0,    0,    0,    0,    0,    0,    0,    0,    0,    0,    0,    0,    0,    0,    0,    0,    0,    0,    0,    0,    0,    0,    0,    0,    0,    0,    0,    0,    0,    0,    0,    0,    0,    0,    0,    0,    0,    0,    0,    0,    0,    0,    0,    0,    0,    0,    0,    0,    0,    0,    0,    0,    0,    0,    0,    0,    0,    0,    0,    0,    0,    0,    0,    0,    0,    0,    0,    0,    0,    0,    0,    0,    0,    0,    0,    0,    0,    0,    0,    0,    0,    0,    0,    0,    0,  -30,    0,  -28,  -34,   -3,    0,    0,    0,    0,    0,    0,   -8,  -12,   -7,   -8,  -46,  -14,   -2,   -5,   -8,  -48,    0,    0,    0,    0,    0,   -4,  -18,  -14,    0,    0,    0,    0,    0,    0,   -8,    0,    0,    0,    0,    0,    0,    0,    0,    0,    0,    0,    0,    0,    0,    0,    0,    0,    0,   -8,    0,    0,    0,    0,    0,    0,    0,    0,    0,    0,  -12,  -12,    0,  -14,    0,    0,    0,   -5,    0,    0,    0,  -14,   -4,    0,    0,    0,    0,    0,    0,    0,    0,    0,    0,    0,    0,    0,    0,    0,    0,    0,    0,    0,    0,
       0,    0,    0,    0,    0,    0,    0,    0,    0,    0,    0,    0,    0,    0,    0,    0,    0,    0,    0,    0,    0,    0,    0,    0,    0,    0,    0,    0,    0,    0,    0,    0,    0,    0,    0,    0,    0,    0,    0,    0,    0,    0,    0,    0,    0,    0,    0,    0,    0,    0,    0,    0,    0,    0,    0,    0,    0,    0,    0,    0,    0,    0,    0,    0,    0,    0,    0,    0,    0,    0,    0,    0,    0,    0,    0,    0,    0,    0,    0,    0,    0,    0,    0,    0,    0,    0,    0,    0,    0,    0,    0,    0,    0,    0,    0,    0,    0,    0,    0,    0,    0,    0,    0,    0,    0,    0,    0,    0,    0,    0,    0,    0,    0,    0,    0,    0,    0,    0,    0,    0,    0,    0,    0,    0,    0,    0,    0,    0,    0,    0,    0,    0,    0,    0,    0,    0,    0,    0,    0,    0,    0,    0,    0,    0,    0,    0,    0,    0,    0,    0,    0,    0,    0,    0,    0,  -12,    0,   -6,   -3,    0,  -11,    0,   -3,   -5,    0,    0,   -3,   -3,    0,    0,    0,    0,    0,    0,    0,    0,   -3,    0,    0,    0,    0,    0,    0,    0,    0,    0,    0,    0,    0,    0,    0,    0,    0,    0,    0,    0,    0,    0,    0,    0,    0,   -5,    0,    0,    0,    0,    0,    0,    0,    0,    0,    0,   -3,    0,    0,    0,    0,   -3,   -3,    0,    0,   -5,    0,    0,    0,    0,    0,    0,    0,    0,    0,    0,    0,    0,    0,    0,    0,    0,
       0,    0,    0,    0,    0,    0,    0,    0,    0,    0,    0,    0,    0,    0,    0,    0,    0,    0,    0,    0,    0,    0,    0,    0,    0,    0,    0,    0,    0,    0,    0,    0,    0,    0,    0,    0,    0,    0,    0,    0,    0,    0,    0,    0,    0,    0,    0,    0,    0,    0,    0,    0,    0,    0,    0,    0,    0,    0,    0,    0,    0,    0,    0,    0,    0,    0,    0,    0,    0,    0,    0,    0,    0,    0,    0,    0,    0,    0,    0,    0,    0,    0,    0,    0,    0,    0,    0,    0,    0,    0,    0,    0,    0,    0,    0,    0,    0,    0,    0,    0,    0,    0,    0,    0,    0,    0,    0,    0,    0,    0,    0,    0,    0,    0,    0,    0,    0,    0,    0,    0,    0,    0,    0,    0,    0,    0,    0,    0,    0,    0,    0,    0,    0,    0,    0,    0,  -14,    0,    0,    0,  -33,    0,  -35,  -37,    0,   -2,  -17,    0,    0,    0,   -2,  -17,  -56,  -29,  -42,  -77,  -50,  -34,  -48,  -42,  -77,  -30,  -27,  -28,  -35,  -31,  -47,  -51,  -97,    0,    0,    0,    0,    0,    0,  -42,  -27,    0,    0,    0,    0,    0,    0,    0,    0,    0,    0,    0,    0,    0,    0,    0,    0,    0,  -42,    0,  -30,    0,    0,    0,    0,  -28,    0,    0,    0,  -56,  -56,    0,  -50,    0,    0,    0,  -48,    0,    0,  -14,  -50,  -47,  -27,  -35,    0,  -28,    0,    0,    0,    0,    0,    0,    0,    0,    0,    0,    0,    0,    0,    0,    0,    0,
       0,    0,    0,    0,    0,    0,    0,    0,    0,    0,    0,    0,    0,    0,    0,    0,    0,    0,    0,    0,    0,    0,    0,    0,    0,    0,    0,    0,    0,    0,    0,    0,    0,    0,    0,    0,    0,    0,    0,    0,    0,    0,    0,    0,    0,    0,    0,    0,    0,    0,    0,    0,    0,    0,    0,    0,    0,    0,    0,    0,    0,    0,    0,    0,    0,    0,    0,    0,    0,    0,    0,    0,    0,    0,    0,    0,    0,    0,    0,    0,    0,    0,    0,    0,    0,    0,    0,    0,    0,    0,    0,    0,    0,    0,    0,    0,    0,    0,    0,    0,    0,    0,    0,    0,    0,    0,    0,    0,    0,    0,    0,    0,    0,    0,    0,    0,    0,    0,    0,    0,    0,    0,    0,    0,    0,    0,    0,    0,    0,    0,    0,    0,    0,    0,    0,    0,    0,    0,    0,    0,    0,    0,    0,    0,    0,    0,    0,    0,    0,    0,    0,    0,   -7,    0,    0,  -31,  -11,    0,   -4,    0,  -30,    0,    0,    0,    0,    0,   -1,  -12,  -11,    0,    0,    0,    0,    0,    0,    0,    0,    0,    0,    0,    0,    0,    0,    0,    0,    0,    0,    0,    0,    0,    0,    0,    0,    0,    0,    0,    0,    0,    0,    0,    0,    0,    0,    0,    0,   -7,   -7,    0,  -11,    0,    0,    0,   -4,    0,    0,    0,  -11,   -1,    0,    0,    0,    0,    0,    0,    0,    0,    0,    0,    0,    0,    0,    0,    0,    0,    0,    0,    0,    0,
       0,    0,    0,  -11,    0,  -20,  -19,  -22,    0,    0,    0,    0,    0,    0,    0,    0,    0,    0,    0,    0,    0,    0,    0,    0,    0,    0,    0,    0,    0,    0,    0,    0,    0,    0,  -14,    0,    0,    0,    0,    0,    0,    0,    0,    0,    0,    0,    0,    0,    0,    0,    0,    0,    0,    0,    0,  -13,    0,    0,    0,   -7,    0,    0,    0,    0,    0,    0,    0,    0,    0,    0,    0,    0,    0,    0,    0,    0,    0,    0,    0,    0,    0,    0,    0,    0,    0,    0,    0,    0,    0,    0,    0,    0,    0,    0,    0,    0,    0,    0,    0,    0,    0,    0,    0,    0,    0,    0,    0,    0,    0,    0,    0,    0,    0,    0,    0,    0,    0,    0,    0,    0,    0,    0,    0,    0,    0,    0,    0,    0,    0,    0,    0,    0,    0,    0,   -5,  -43,   -1,    0,   -5,    0,  -28,  -24,  -23,  -32,  -28,  -17,    0,  -25,    0,  -44,  -11,  -15,   -6,    0,    0,  -26,   -9,    0,   -3,    0,  -27,    0,    0,    0,    0,    0,   -2,   -9,   -9,    0,   -6,    0,    0,    0,    0,    0,    0,    0,    0,    0,    0,    0,  -26,    0,    0,    0,    0,    0,    0,    0,    0,    0,   -7,   -5,    0,   -5,    0,    0,    0,    0,    7,    0,    0,   -3,   -5,   -6,   -6,    0,   -9,    0,   -4,   -4,   -3,    0,    0,   -1,   -9,   -2,    0,    0,  -25,    0,    0,    0,    0,    0,    0,    0,    0,    0,    0,  -20,    0,    0,    0,    0,    0,    0,
       0,    0,    0,    0,    0,    0,    0,    0,    0,    0,    0,    0,    0,    0,    0,    0,    0,    0,    0,    0,    0,    0,    0,    0,    0,    0,    0,    0,    0,    0,    0,    0,    0,    0,    0,    0,    0,    0,    0,    0,    0,    0,    0,    0,    0,    0,    0,    0,    0,    0,    0,    0,    0,    0,    0,    0,    0,    0,    0,    0,    0,    0,    0,    0,    0,    0,    0,    0,    0,    0,    0,    0,    0,    0,    0,    0,    0,    0,    0,    0,    0,    0,    0,    0,    0,    0,    0,    0,    0,    0,    0,    0,    0,    0,    0,    0,    0,    0,    0,    0,    0,    0,    0,    0,    0,    0,    0,    0,    0,    0,    0,    0,    0,    0,    0,    0,    0,    0,    0,    0,    0,    0,    0,    0,    0,    0,    0,    0,    0,    0,    0,    0,    0,    0,    0,    0,    0,    0,    0,    0,    0,    0,    0,    0,    0,    0,    0,    0,    0,    0,    0,    0,    0,    0,    0,   -6,    0,   -8,   -4,    0,   -5,   -5,   -8,  -10,    0,   -5,   -4,   -3,    0,    0,    0,    0,    0,    0,    0,    0,   -8,    0,    0,    0,    0,    0,    0,    0,    0,    0,    0,    0,    0,    0,    0,    0,    0,    0,    0,    0,   -5,    0,    0,    0,    0,  -10,    0,    0,    0,    0,    0,    0,    0,    0,    0,    0,   -4,    0,    0,    0,    0,   -4,   -8,    0,    0,  -10,    0,    0,    0,    0,    0,    0,    0,    0,    0,    0,    0,    0,    0,    0,    0,    0,
       0,    0,    0,    0,    0,    0,    0,    0,    0,    0,    0,    0,    0,    0,    0,    0,    0,    0,    0,    0,    0,    0,    0,    0,    0,    0,    0,    0,    0,    0,    0,    0,    0,    0,    0,    0,    0,    0,    0,    0,    0,    0,    0,    0,    0,    0,    0,    0,    0,    0,    0,    0,    0,    0,    0,    0,    0,    0,    0,    0,    0,    0,    0,    0,    0,    0,    0,    0,    0,    0,    0,    0,    0,    0,    0,    0,    0,    0,    0,    0,    0,    0,    0,    0,    0,    0,    0,    0,    0,    0,    0,    0,    0,    0,    0,    0,    0,    0,    0,    0,    0,    0,    0,    0,    0,    0,    0,    0,    0,    0,    0,    0,    0,    0,    0,    0,    0,    0,    0,    0,    0,    0,    0,    0,    0,    0,    0,    0,    0,    0,    0,    0,    0,    0,    0,    0,  -11,    0,    0,    0,   -4,    0,   -5,   -6,    0,   -1,  -14,    0,    0,    0,   -1,   -5,  -14,  -13,  -12,  -17,  -25,   -1,  -11,  -12,  -16,   -5,   -2,   -1,  -10,   -5,  -11,  -17,  -25,    0,    0,    0,    0,    0,    0,  -12,   -2,    0,    0,    0,    0,    0,    0,    0,    0,    0,    0,    0,    0,    0,    0,    0,    0,    0,  -12,    0,   -5,    0,    0,    0,    0,   -1,    0,    0,    0,  -14,  -14,    0,  -25,    0,    0,    0,  -11,    0,    0,  -11,  -25,  -11,   -2,  -10,    0,   -1,    0,    0,    0,    0,    0,    0,    0,    0,    0,    0,    0,    0,    0,    0,    0,    0,
       0,    0,    0,    0,    0,    0,    0,    0,    0,    0,    0,    0,    0,    0,    0,    0,    0,    0,    0,    0,    0,    0,    0,    0,    0,    0,    0,    0,    0,    0,    0,    0,    0,    0,    0,    0,    0,    0,    0,    0,    0,    0,    0,    0,    0,    0,    0,    0,    0,    0,    0,    0,    0,    0,    0,    0,    0,    0,    0,    0,    0,    0,    0,    0,    0,    0,    0,    0,    0,    0,    0,    0,    0,    0,    0,    0,    0,    0,    0,    0,    0,    0,    0,    0,    0,    0,    0,    0,    0,    0,    0,    0,    0,    0,    0,    0,    0,    0,    0,    0,    0,    0,    0,    0,    0,    0,    0,    0,    0,    0,    0,    0,    0,    0,    0,    0,    0,    0,    0,    0,    0,    0,    0,    0,    0,    0,    0,    0,    0,    0,    0,    0,    0,    0,    0,    0,    0,    0,    0,    0,    0,    0,    0,    0,    0,    0,    0,    0,    0,    0,    0,    0,    0,    0,    0,   -1,   -6,    0,    0,    0,    0,    0,    0,    0,    0,    0,    0,   -1,   -6,    0,    0,    0,    0,    0,    0,    0,    0,    0,    0,    0,    0,    0,    0,    0,    0,    0,    0,    0,    0,    0,    0,    0,    0,    0,    0,    0,    0,    0,    0,    0,    0,    0,    0,    0,    0,    0,    0,    0,   -6,    0,    0,    0,    0,    0,    0,    0,   -6,    0,    0,    0,    0,    0,    0,    0,    0,    0,    0,    0,    0,    0,    0,    0,    0,    0,    0,    0,    0,    0,
       0,    0,    0,    0,    0,   -2,    0,    0,    0,    0,    0,    0,    0,    0,    0,    0,    0,    0,    0,    0,    0,    0,    0,    0,    0,    0,    0,    0,    0,    0,    0,    0,    0,    0,   -3,    0,    0,    0,    0,    0,    0,    0,    0,    0,    0,    0,    0,    0,    0,    0,    0,    0,    0,    0,    0,   -2,    0,    0,    0,    0,    0,    0,    0,    0,    0,    0,    0,    0,    0,    0,    0,    0,    0,    0,    0,    0,    0,    0,    0,    0,    0,    0,    0,    0,    0,    0,    0,    0,    0,    0,    0,    0,    0,    0,    0,    0,    0,    0,    0,    0,    0,    0,    0,    0,    0,    0,    0,    0,    0,    0,    0,    0,    0,    0,    0,    0,    0,    0,    0,    0,    0,    0,    0,    0,    0,    0,    0,    0,    0,    0,    0,    0,    0,    0,    0,    0,   -5,    0,    0,    0,    0,   -1,   -1,   -1,   -2,    0,   -5,    0,   -1,    0,    0,   -3,  -18,  -12,  -12,   -8,  -21,  -13,  -17,  -12,  -13,  -16,  -15,   -6,  -19,  -10,  -16,  -11,  -21,    0,   -7,   -4,   -4,   -4,    0,  -12,  -15,    0,   -8,    0,   -6,    0,   -9,    0,   -2,    0,   -6,    0,   -8,    0,   -5,   -5,   -7,    0,  -12,    0,  -16,    0,   -6,    0,   -6,   -6,    0,   -8,    0,  -18,  -18,    0,  -21,    0,   -7,   -7,  -17,    0,   -6,   -5,  -21,  -16,  -15,  -19,    0,   -6,    0,    0,    0,    0,    0,    0,    0,    0,    0,   -2,    0,    0,    0,    0,    0,    0,
       0,    0,    0,  -12,    0,  -31,  -30,  -28,    0,    0,    0,    0,    0,    0,    0,    0,    0,    0,    0,    0,    0,    0,    0,    0,    0,    0,    0,    0,    0,    0,    0,    0,    0,   -7,  -16,    0,    0,    0,    0,    0,    0,    0,    0,    0,    0,    0,    0,    0,    0,    0,    0,    0,    0,    0,    0,  -14,    0,    0,    0,  -13,   -7,    0,    0,    0,    0,    0,    0,    0,    0,    0,    0,    0,    0,    0,    0,    0,    0,    0,    0,    0,    0,    0,    0,    0,    0,    0,    0,    0,    0,    0,    0,    0,    0,    0,    0,    0,    0,    0,    0,    0,    0,    0,    0,    0,    0,    0,    0,    0,    0,    0,    0,    0,    0,    0,    0,    0,    0,    0,    0,    0,    0,    0,    0,    0,    0,    0,    0,    0,    0,    0,    0,    0,    0,    0,    0,    0,    0,    0,    0,    0,    0,    0,    0,    0,    0,    0,    0,    0,    0,    0,    0,    0,   -2,    0,    0,  -32,   -9,    0,    0,    0,  -32,    0,    0,    0,    0,    0,    0,  -11,   -9,    0,   -1,    0,   17,    0,    0,    0,    0,    0,    0,    0,    0,    0,  -35,    0,    0,    0,    0,    0,    0,    0,    0,    0,   -5,    0,    0,    0,    0,    0,    0,    0,    0,    0,    0,   -1,   -6,   -2,   -2,    0,   -9,    0,    0,    0,    0,    0,    0,    0,   -9,    0,    0,    0,    0,    0,    0,    0,    0,    0,    0,    0,    0,    0,    0,  -32,    0,    0,    0,    0,    0,    0,
       0,    0,    0,    0,    0,  -47,  -49,  -42,    0,    0,    0,    0,    0,    0,    0,    0,    0,  -29,  -29,    0,    0,    0,    0,    0,    0,    0,    0,    0,    0,    0,    0,    0,    0,    0,    0,    0,    0,    0,    0,    0,    0,    0,    0,    0,    0,    0,    0,    0,    0,    0,    0,    0,    0,    0,    0,    0,    0,    0,    0,  -99,  -75,    0,    0,  -86,    0,    0,    0,    0,    0,    0,    0,    0,    0,    0,    0,    0,    0,    0,    0,    0,    0,    0,    0,    0,    0,    0,    0,    0,    0,    0,    0,    0,    0,    0,    0,    0,    0,    0,    0,    0,    0,    0,    0,    0,    0,    0,    0,    0,    0,    0,    0,    0,    0,    0,    0,    0,    0,    0,    0,    0,    0,    0,    0,    0,    0,    0,    0,    0,    0,    0,    0,    0,    0,    0,    0,    0,  -15,   -1,    0,  -43,  -36,    0,  -47,  -40,    0,    0,  -18,    0,    0,    0,    0,  -20, -128,  -35, -114,  -91, -128, -107, -126, -101, -128,  -99,  -94,  -96, -108,  -47, -127,  -71, -128,   18,  -78,   -2,   11,   -2,    8, -114,  -88,   -7,  -54,   -6,  -42,  -48, -108,    0,  -53,    0,  -22,    0,  -54,    0,  -53,  -64,  -62,    0, -108,    0, -106,    0,  -94,    0,  -94,  -96,    0,  -67,    0, -121, -123,  -58, -128,   -1, -128, -121,  -90,    0,  -55,  -15, -128,  -97,  -93, -101,    0,  -96,    0,    0,    0,    0,    0,    0,    0,    0,    0,  -47,    0,    0,    0,    0,    0,    0,
       0,   -5,    0,    0,   -8,    0,    0,    0,    0,    0,    0,    0,    0,    0,    0,    0,    0,    0,    0,    0,    0,    0,    0,    0,    0,    0,    0,    0,    0,    0,    0,    0,    0,    0,    0,    0,    0,    0,    0,    0,    0,    0,    0,    0,    0,    0,    0,    0,    0,    0,    0,    0,    0,    0,    0,    0,    0,    0,    0,    0,    0,    0,    0,    0,    0,    0,    0,    0,    0,    0,    0,    0,    0,    0,    0,    0,    0,    0,    0,    0,    0,    0,    0,    0,    0,    0,    0,    0,    0,    0,    0,    0,    0,    0,    0,    0,    0,    0,    0,    0,    0,    0,    0,    0,    0,    0,    0,    0,    0,    0,    0,    0,    0,    0,    0,    0,    0,    0,    0,    0,    0,    0,    0,    0,    0,    0,    0,    0,    0,    0,    0,    0,    0,    0,    0,   -9,    0,    0,    0,    0,    0,   -5,    0,    0,    0,    0,   -3,    0,   -4,   -8,    0,    0,    0,   -1,   -1,    0,   -1,    0,   -1,   -1,    0,  -25,  -19,    0,   -6,  -23,    0,    0,   -1,    0,    0,    0,    0,    0,    0,   -1,  -19,    0,    0,    0,    0,    0,    0,    0,    0,    0,    0,    0,    0,    0,    0,    0,    0,    0,   -1,    0,  -25,  -15,  -18,  -15,  -18,    0,   -9,   -6,    0,    0,    0,    0,   -1,    0,   -1,   -1,   -1,    0,  -11,    0,   -1,    0,  -19,   -6,    0,    0,    0,    0,    0,    0,    0,    0,    0,   -5,   -7,    0,    0,    0,    0,    0,    0,    0,
       0,   -7,    0,    0,  -10,    0,    0,    0,    0,    0,    0,    0,    0,    0,    0,    0,    0,    0,    0,   -8,    0,    0,    0,    0,    0,    0,    0,    0,    0,    0,    0,    0,    0,  -23,    0,    0,    0,    0,    0,    0,    0,    0,    0,    0,    0,    0,    0,    0,    0,    0,    0,    0,    0,    0,    0,    0,    0,    0,    0,    0,    0,    0,    0,    0,    0,    0,    0,    0,    0,    0,    0,    0,    0,    0,    0,    0,    0,    0,    0,    0,    0,    0,    0,    0,    0,    0,    0,    0,    0,    0,    0,    0,    0,    0,    0,    0,    0,    0,    0,    0,    0,    0,    0,    0,    0,    0,    0,    0,    0,    0,    0,    0,    0,    0,    0,    0,    0,    0,    0,    0,    0,    0,    0,    0,    0,    0,    0,    0,    0,    0,    0,    0,    0,    0,    0,    0,    0,    0,    0,    0,    0,    0,    0,    0,    0,    0,    0,    0,    0,    0,    0,    0,    0,   -3,    0,    0,    0,    0,    0,    0,    0,  -10,  -11,    0,   -7,   -9,    0,    0,    0,    0,    0,    0,    0,    0,    0,    0,  -11,    0,    0,    0,    0,    0,    0,    0,    0,    0,    0,    0,    0,    0,    0,    0,    0,    0,    0,    0,  -10,    0,  -10,    0,  -10,    0,    0,  -11,    0,    0,    0,    0,    0,    0,    0,    0,    0,    0,   -6,    0,    0,    0,  -11,   -7,    0,    0,    0,    0,    0,    0,    0,    0,    0,   -7,   -7,    0,   -9,   -9,  -10,    0,    0,    0,
       0,    0,    0,    0,    0,    0,    0,    0,    0,    0,    0,    0,    0,    0,    0,    0,    0,    0,    0,    0,    0,    0,    0,    0,    0,    0,    0,    0,    0,    0,    0,    0,    0,    0,    0,    0,    0,    0,    0,    0,    0,    0,    0,    0,    0,    0,    0,    0,    0,    0,    0,    0,    0,    0,    0,    0,    0,    0,    0,  -15,  -12,    0,    0,    0,    0,    0,    0,    0,    0,    0,    0,    0,    0,    0,    0,    0,    0,    0,    0,    0,    0,    0,    0,    0,    0,    0,    0,    0,    0,    0,    0,    0,    0,    0,    0,    0,    0,    0,    0,    0,    0,    0,    0,    0,    0,    0,    0,    0,    0,    0,    0,    0,    0,    0,    0,    0,    0,    0,    0,    0,    0,    0,    0,    0,    0,    0,    0,    0,    0,    0,    0,    0,    0,    0,    0,    0,  -15,    0,    0,    0,   13,    0,   12,    5,    9,    4,  -22,    9,    0,    0,    0,   11,   -4,  -23,   -5,    3,  -21,    2,   -3,   -5,    7,  -34,  -29,    6,  -35,  -31,   -4,    7,  -21,    0,   -3,   -2,   -2,   -2,    0,   -5,  -29,  -11,  -24,    0,  -26,    0,    0,    0,    0,    0,    0,    0,  -22,    0,  -29,  -39,  -18,   -2,   -5,   -2,  -34,    0,  -29,    0,  -29,    6,  -15,  -37,    0,   -4,   -4,    0,  -21,   -5,  -15,  -15,   -3,    0,  -32,  -15,  -21,   -4,  -29,  -35,    9,    6,    0,    0,    0,    0,    0,    0,    0,    0,    0,    0,    0,    0,    0,    0,    0,    0,
       0,    0,    0,    0,    0,    0,    0,    0,    0,    0,    0,    0,    0,    0,    0,    0,    0,    0,    0,    0,    0,    0,    0,    0,    0,    0,    0,    0,    0,    0,    0,    0,    0,  -12,   -7,    0,    0,    0,    0,    0,    0,    0,    0,    0,    0,    0,    0,    0,    0,    0,    0,    0,    0,    0,    0,   -8,    0,    0,    0,  -13,   -8,    0,    0,    0,    0,    0,    0,    0,    0,    0,    0,    0,    0,    0,    0,    0,    0,    0,    0,    0,    0,    0,    0,    0,    0,    0,    0,    0,    0,    0,    0,    0,    0,    0,    0,    0,    0,    0,    0,    0,    0,    0,    0,    0,    0,    0,    0,    0,    0,    0,    0,    0,    0,    0,    0,    0,    0,    0,    0,    0,    0,    0,    0,    0,    0,    0,    0,    0,    0,    0,    0,    0,    0,    0,    0,    0,    0,    0,    0,    0,    0,    0,    0,    0,    0,    0,    0,    0,    0,    0,    0,    0,    0,   -5,    0,    0,  -10,    0,    0,    0,    0,    0,    0,    0,    0,    0,    0,    3,  -10,    0,    0,    0,    0,    0,    0,    0,    0,    0,   -2,    0,    0,    0,    0,    0,    0,    0,    0,    0,   -2,    0,    0,    0,   -8,    0,    0,    0,    0,    0,    0,    0,    0,    0,    0,   -7,   -4,    0,    0,    0,  -10,    0,   -3,   -3,    0,    0,    0,   -9,  -10,    0,    0,    0,    0,    0,    0,    0,    0,    0,    0,    0,    0,    0,    0,    0,    0,    0,    0,    0,    0,    0,
       0,    0,    0,    0,    0,    0,    0,    0,    0,    0,    0,    0,    0,    0,    0,    0,    0,    0,    0,    0,    0,    0,    0,    0,    0,    0,    0,    0,    0,    0,    0,    0,    0,    0,    0,    0,    0,    0,    0,    0,    0,    0,    0,    0,    0,    0,    0,    0,    0,    0,    0,    0,    0,    0,    0,    0,    0,    0,    0,  -16,  -13,    0,    0,    0,    0,    0,    0,    0,    0,    0,    0,    0,    0,    0,    0,    0,    0,    0,    0,    0,    0,    0,    0,    0,    0,    0,    0,    0,    0,    0,    0,    0,    0,    0,    0,    0,    0,    0,    0,    0,    0,    0,    0,    0,    0,    0,    0,    0,    0,    0,    0,    0,    0,    0,    0,    0,    0,    0,    0,    0,    0,    0,    0,    0,    0,    0,    0,    0,    0,    0,    0,    0,    0,    0,    0,    0,  -16,    0,    0,    0,   11,    0,   11,    2,    7,    3,  -22,    7,    0,    0,    0,   10,   -4,  -23,   -5,    0,  -21,    0,   -3,   -5,    1,  -34,  -29,    4,  -36,  -32,   -3,    5,  -21,    0,   -3,   -2,   -1,   -2,    0,   -5,  -29,  -11,  -24,    0,  -26,    0,    0,    0,    0,    0,    0,    0,  -21,    0,  -30,  -38,  -18,   -2,   -5,   -2,  -34,    0,  -29,    0,  -29,    4,  -16,  -37,    0,   -4,   -4,    0,  -21,   -5,  -15,  -15,   -3,    0,  -32,  -16,  -21,   -3,  -29,  -36,    7,    4,    0,    0,    0,    0,    0,    0,    0,    0,    0,    0,    0,    0,    0,    0,    0,    0,
       0,    0,    0,    0,    0,    0,    0,    0,    0,    0,    0,    0,    0,    0,    0,    0,    0,    0,    0,    0,    0,    0,    0,    0,    0,    0,    0,    0,    0,    0,    0,    0,    0,  -12,   -7,    0,    0,    0,    0,    0,    0,    0,    0,    0,    0,    0,    0,    0,    0,    0,    0,    0,    0,    0,    0,  -10,    0,    0,    0,  -13,   -8,    0,    0,    0,    0,    0,    0,    0,    0,    0,    0,    0,    0,    0,    0,    0,    0,    0,    0,    0,    0,    0,    0,    0,    0,    0,    0,    0,    0,    0,    0,    0,    0,    0,    0,    0,    0,    0,    0,    0,    0,    0,    0,    0,    0,    0,    0,    0,    0,    0,    0,    0,    0,    0,    0,    0,    0,    0,    0,    0,    0,    0,    0,    0,    0,    0,    0,    0,    0,    0,    0,    0,    0,    0,    0,    0,    0,    0,    0,    0,    0,    0,    0,    0,    0,    0,    0,    0,    0,    0,    0,    0,    0,   -5,    0,    0,  -10,    0,    0,    0,    0,    0,    0,    0,    0,    0,    0,    3,  -10,    0,    0,    0,    0,    0,    0,    0,    0,    0,   -2,    0,    0,    0,    0,    0,    0,    0,    0,    0,   -2,    0,    0,    0,   -8,    0,    0,    0,    0,    0,    0,    0,    0,    3,    0,   -7,   -4,    0,    0,    0,  -10,    0,   -3,   -3,    0,    0,    0,   -9,  -10,    0,    0,    0,    0,    0,    0,    0,    0,    0,    0,    0,    0,    0,    0,    0,    0,    0,    0,    0,    0,    0,
       0,    0,    0,    0,    0,    0,    0,    0,    0,    0,    0,    0,    0,    0,    0,    0,    0,    0,    0,    0,    0,    0,    0,    0,    0,    0,    0,    0,    0,    0,    0,    0,    0,    0,    0,    0,    0,    0,    0,    0,    0,    0,    0,    0,    0,    0,    0,    0,    0,    0,    0,    0,    0,    0,    0,    0,    0,    0,    0,  -16,  -12,    0,    0,    0,    0,    0,    0,    0,    0,    0,    0,    0,    0,    0,    0,    0,    0,    0,    0,    0,    0,    0,    0,    0,    0,    0,    0,    0,    0,    0,    0,    0,    0,    0,    0,    0,    0,    0,    0,    0,    0,    0,    0,    0,    0,    0,    0,    0,    0,    0,    0,    0,    0,    0,    0,    0,    0,    0,    0,    0,    0,    0,    0,    0,    0,    0,    0,    0,    0,    0,    0,    0,    0,    0,    0,    0,  -16,    0,    0,    0,    0,    0,    0,    0,    0,    0,  -23,    0,    0,    0,    0,    0,   -6,  -24,   -8,    0,  -23,    0,   -4,   -8,    0,  -34,  -31,    0,  -35,  -31,   -5,    0,  -23,    0,    0,    0,    0,   -4,    0,   -8,  -31,    0,    0,    0,    0,    0,    0,    0,    0,    0,    0,    0,    0,    0,    0,    0,    0,    0,   -8,    0,  -34,    0,  -31,    0,  -31,    0,    0,    0,    0,   -6,   -6,    0,  -23,   -6,  -17,  -17,   -4,    0,    0,  -16,  -23,   -5,  -31,  -35,    0,    0,    0,    0,    0,    0,    0,    0,    0,    0,    0,    0,    0,    0,    0,    0,    0,    0,
       0,    0,    0,    0,    0,    0,    0,    0,    0,    0,    0,    0,    0,    0,    0,    0,    0,    0,    0,    0,    0,    0,    0,    0,    0,    0,    0,    0,    0,    0,    0,    0,    0,  -14,  -13,    0,    0,    0,    0,    0,    0,    0,    0,    0,    0,    0,    0,    0,    0,    0,    0,    0,    0,    0,    0,  -12,    0,    0,    0,  -13,   -2,    0,    0,    0,    0,    0,    0,    0,    0,    0,    0,    0,    0,    0,    0,    0,    0,    0,    0,    0,    0,    0,    0,    0,    0,    0,    0,    0,    0,    0,    0,    0,    0,    0,    0,    0,    0,    0,    0,    0,    0,    0,    0,    0,    0,    0,    0,    0,    0,    0,    0,    0,    0,    0,    0,    0,    0,    0,    0,    0,    0,    0,    0,    0,    0,    0,    0,    0,    0,    0,    0,    0,    0,    0,    0,    0,    0,    0,    0,    0,    0,    0,    0,    0,    0,    0,    0,    0,    0,    0,    0,    0,    0,   -6,    0,    0,  -10,    0,    0,    0,    0,    0,    0,    0,    0,    0,    0,    0,  -10,    0,    0,    0,    0,    0,    0,    0,    0,    0,    0,    0,    0,    0,    0,    0,    0,    0,    0,    0,    0,    0,    0,    0,    0,    0,    0,    0,    0,    0,    0,    0,    0,    0,    0,    0,    0,    0,    0,    0,  -10,    0,   -5,   -5,    0,    0,    0,    0,  -10,    0,    0,    0,    0,    0,    0,    0,    0,    0,    0,    0,    0,    0,    0,    0,    0,    0,    0,    0,    0,    0,
       0,  -39,    0,    0,  -37,    0,    0,    0,    0,    0,    0,    0,    0,    0,    0,    0,    0,    0,    0,   -3,    0,    0,    0,    0,    0,    0,    0,    0,    0,    0,    0,    0,    0,  -27,    0,    0,    0,    0,    0,    0,    0,    0,    0,    0,    0,    0,    0,    0,    0,    0,    0,    0,    0,    0,    0,    0,    0,    0,    0,    0,    0,    0,    0,    0,    0,    0,    0,    0,    0,    0,    0,    0,    0,    0,    0,    0,    0,    0,    0,    0,    0,    0,    0,    0,    0,    0,    0,    0,    0,    0,    0,    0,    0,    0,    0,    0,    0,    0,    0,    0,    0,    0,    0,    0,    0,    0,    0,    0,    0,    0,    0,    0,    0,    0,    0,    0,    0,    0,    0,    0,    0,    0,    0,    0,    0,    0,    0,    0,    0,    0,    0,    0,    0,    0,    0,  -44,    0,    0,    0,    0,    0,  -19,    0,    0,    0,    0,    0,    0,  -14,  -41,    0,    0,    0,   -1,    0,    0,    0,    0,    0,    0,    0,  -33,  -24,    0,   -6,  -29,    0,    0,    0,    0,    0,    0,    0,    0,    0,    0,  -24,    0,    0,    0,    0,    0,    0,    0,    0,    0,    0,    0,    0,    0,    0,    0,    0,    0,    0,    0,  -33,    0,    0,    0,    0,    0,  -12,   -6,    0,    0,    0,    0,    0,    0,    0,    0,    0,    0,  -13,    0,    0,    0,  -24,   -6,    0,    0,    0,    0,    0,    0,    0,    0,    0,  -42,  -37,    0,  -46,  -46,  -11,    0,    0,    0,
       0,  -42,    0,    0,  -43,    0,    0,    0,    0,    0,    0,    0,    0,    0,    0,    0,    0,    0,    0,  -15,    0,    0,    0,    0,    0,    0,    0,    0,    0,    0,    0,    0,    0,  -39,    0,    0,    0,    0,    0,    0,    0,    0,    0,    0,    0,    0,    0,    0,    0,    0,    0,    0,    0,    0,    0,    0,    0,    0,    0,    0,   -2,    0,    0,    0,    0,    0,    0,    0,    0,    0,    0,    0,    0,    0,    0,    0,    0,    0,    0,    0,    0,    0,    0,    0,    0,    0,    0,    0,    0,    0,    0,    0,    0,    0,    0,    0,    0,    0,    0,    0,    0,    0,    0,    0,    0,    0,    0,    0,    0,    0,    0,    0,    0,    0,    0,    0,    0,    0,    0,    0,    0,    0,    0,    0,    0,    0,    0,    0,    0,    0,    0,    0,    0,    0,    0,    0,    0,    0,    0,    0,    0,    0,    0,    0,    0,    0,    0,    0,    0,    0,    0,    0,    0,   -4,    0,    0,    0,    0,    0,    0,    0,  -35,  -30,    0,  -15,  -33,    0,    0,    0,    0,    0,    0,    0,    0,    0,    0,  -30,    0,    0,    0,    0,    0,    0,    0,    0,    0,    0,    0,    0,    0,    0,    0,    0,    0,    0,    0,  -35,    0,    0,    0,    0,    0,    0,  -18,    0,    0,    0,    0,    0,    0,    0,    0,    0,    0,  -16,    0,    0,    0,  -30,  -15,    0,    0,    0,    0,    0,    0,    0,    0,    0,  -42,  -41,    0,  -44,  -44,  -19,    0,    0,    0,
       0,    0,    0,    0,    0,    0,    0,    0,    0,    0,    0,    0,    0,    0,    0,    0,    0,    0,    0,    0,    0,    0,    0,    0,    0,    0,    0,    0,    0,    0,    0,    0,    0,    0,    0,    0,    0,    0,    0,    0,    0,    0,    0,    0,    0,    0,    0,    0,    0,    0,    0,    0,    0,    0,    0,    0,    0,    0,    0,    0,    0,    0,    0,    0,    0,    0,    0,    0,    0,    0,    0,    0,    0,    0,    0,    0,    0,    0,    0,    0,    0,    0,    0,    0,    0,    0,    0,    0,    0,    0,    0,    0,    0,    0,    0,    0,    0,    0,    0,    0,    0,    0,    0,    0,    0,    0,    0,    0,    0,    0,    0,    0,    0,    0,    0,    0,    0,    0,    0,    0,    0,    0,    0,    0,    0,    0,    0,    0,    0,    0,    0,    0,    0,    0,    0,  -38,   -5,    0,    0,    0,    3,  -15,    0,    0,    0,    0,   -7,    0,  -13,  -35,    0,    0,    0,  -11,    0,    0,   -6,    0,    0,    0,    0,  -21,  -22,    0,  -19,  -20,    0,    0,   -6,    0,    0,    0,    0,    0,    0,    0,  -22,    0,    0,    0,    0,    0,    0,    0,    0,    0,    0,    0,    0,    0,    0,    0,    0,    0,    0,    0,  -21,    0,    0,    0,    0,    0,   -7,  -15,    0,    0,    0,    0,   -6,   -1,   -3,   -3,    0,    0,  -15,   -5,   -6,    0,  -22,  -19,    0,    0,    0,    0,    0,    0,    0,    0,    0,    0,    0,    0,    0,    0,    0,    0,    0,    0,
       0,    0,    0,    0,    0,    0,    0,    0,    0,    0,    0,    0,    0,    0,    0,    0,    0,    0,    0,    0,    0,    0,    0,    0,    0,    0,    0,    0,    0,    0,    0,    0,    0,    0,    0,    0,    0,    0,    0,    0,    0,    0,    0,    0,    0,    0,    0,    0,    0,    0,    0,    0,    0,    0,    0,    0,    0,    0,    0,    0,    0,    0,    0,    0,    0,    0,    0,    0,    0,    0,    0,    0,    0,    0,    0,    0,    0,    0,    0,    0,    0,    0,    0,    0,    0,    0,    0,    0,    0,    0,    0,    0,    0,    0,    0,    0,    0,    0,    0,    0,    0,    0,    0,    0,    0,    0,    0,    0,    0,    0,    0,    0,    0,    0,    0,    0,    0,    0,    0,    0,    0,    0,    0,    0,    0,    0,    0,    0,    0,    0,    0,    0,    0,    0,    0,    0,    0,    0,    0,    0,    0,    0,    0,    0,    0,    0,    0,    0,    0,    0,    0,    0,    0,    0,    0,    0,    0,    0,    0,    0,    0,  -24,  -20,    0,   -4,  -22,    0,    0,    0,    0,    0,    0,    0,    0,    0,    0,  -20,    0,    0,    0,    0,    0,    0,    0,    0,    0,    0,    0,    0,    0,    0,    0,    0,    0,    0,    0,  -24,    0,    0,    0,    0,    0,    0,   -3,    0,    0,    0,    0,    0,    0,    0,    0,    0,    0,  -14,    0,    0,    0,  -20,   -4,    0,    0,    0,    0,    0,    0,    0,    0,    0,    0,    0,    0,    0,    0,    0,    0,    0,    0,
       0,    0,    0,    6,    0,  -42,  -42,  -41,    0,    0,    0,    0,    0,    0,    0,    0,    0,  -21,  -21,    0,    0,    0,    0,    0,    0,    0,    0,    0,    0,    0,    0,    0,    0,    4,    7,    0,    0,    0,    0,    0,    0,    0,    0,    0,    0,    0,    0,    0,    0,    0,    0,    0,    0,    0,    0,    6,    0,    0,    0,  -42,  -33,    0,    0,  -31,    0,    0,    0,    0,    0,    0,    0,    0,    0,    0,    0,    0,    0,    0,    0,    0,    0,    0,    0,    0,    0,    0,    0,    0,    0,    0,    0,    0,    0,    0,    0,    0,    0,    0,    0,    0,    0,    0,    0,    0,    0,    0,    0,    0,    0,    0,    0,    0,    0,    0,    0,    0,    0,    0,    0,    0,    0,    0,    0,    0,    0,    0,    0,    0,    0,    0,    0,    0,    0,    0,    0,    0,  -22,    0,    0,  -39,  -36,    0,  -38,  -40,    0,   -5,  -24,    0,    0,    0,    0,  -22,  -60,  -36,  -46,  -72,  -60,  -31,  -50,  -46,  -71,  -29,  -28,  -29,  -38,  -30,  -50,  -57, -112,    0,    0,    0,    0,    0,    0,  -46,  -28,    0,    0,    0,    0,    0,    0,    0,    0,    0,    0,    0,    0,    0,    0,    0,    0,    0,  -46,    0,  -29,    0,  -28,    0,  -28,  -29,    0,    0,    0,  -60,  -60,    0,  -60,  -10,  -57,  -57,  -50,    0,    0,  -22,  -60,  -50,  -28,  -38,    0,  -29,    0,    0,    0,    0,    0,    0,    0,    0,    0,  -41,    0,    0,    0,    0,    0,    0,
       0,    0,    0,  -11,    0,  -19,  -19,  -21,    0,    0,    0,    0,    0,    0,    0,    0,    0,    0,    0,    0,    0,    0,    0,    0,    0,    0,    0,    0,    0,    0,    0,    0,    0,   -7,  -14,    0,    0,    0,    0,    0,    0,    0,    0,    0,    0,    0,    0,    0,    0,    0,    0,    0,    0,    0,    0,  -13,    0,    0,    0,   -8,    0,    0,    0,    0,    0,    0,    0,    0,    0,    0,    0,    0,    0,    0,    0,    0,    0,    0,    0,    0,    0,    0,    0,    0,    0,    0,    0,    0,    0,    0,    0,    0,    0,    0,    0,    0,    0,    0,    0,    0,    0,    0,    0,    0,    0,    0,    0,    0,    0,    0,    0,    0,    0,    0,    0,    0,    0,    0,    0,    0,    0,    0,    0,    0,    0,    0,    0,    0,    0,    0,    0,    0,    0,    0,    0,    0,    0,    0,    0,    0,    0,    0,    0,    0,    0,    0,    0,    0,    0,    0,    0,    0,   -6,    0,    0,  -26,   -9,    0,   -3,    0,  -26,    0,    0,    0,    0,    0,   -3,  -10,   -9,    0,    0,    0,    0,    0,    0,    0,    0,    0,    0,    0,    0,    0,    0,    0,    0,    0,    0,    0,    0,    0,    0,    0,    0,    0,    0,    0,    0,    0,    0,    0,    5,    0,    0,    0,    0,   -6,   -6,    0,   -9,    0,   -5,   -5,   -3,    0,    0,    0,   -9,   -3,    0,    0,    0,    0,    0,    0,    0,    0,    0,    0,    0,    0,    0,  -20,    0,    0,    0,    0,    0,    0,
       0,    0,    0,    2,    0,  -36,  -78,  -33,    0,    0,    0,    0,    0,    0,    0,    0,    0,  -21,  -21,    0,    0,    0,    0,    0,    0,    0,    0,    0,    0,    0,    0,    0,    0,    1,    4,    0,    0,    0,    0,    0,    0,    0,    0,    0,    0,    0,    0,    0,    0,    0,    0,    0,    0,    0,    0,    3,    0,    0,    0,  -73,  -59,    0,    0,  -57,    0,    0,    0,    0,    0,    0,    0,    0,    0,    0,    0,    0,    0,    0,    0,    0,    0,    0,    0,    0,    0,    0,    0,    0,    0,    0,    0,    0,    0,    0,    0,    0,    0,    0,    0,    0,    0,    0,    0,    0,    0,    0,    0,    0,    0,    0,    0,    0,    0,    0,    0,    0,    0,    0,    0,    0,    0,    0,    0,    0,    0,    0,    0,    0,    0,    0,    0,    0,    0,    0,    0,    0,  -40,    0,    0,  -39,  -64,    0,  -70,  -32,    0,   -5,  -20,    0,    0,    0,    0,  -22, -107,  -32,  -85,  -61, -105,  -31,  -50,  -74, -128,  -29,  -28,  -29,  -73,  -30,  -50,  -51,  -88,    0,    0,    0,    0,    0,    0,  -85,  -28,    0,    0,    0,    0,    0,    0,    0,    0,    0,    0,    0,    0,    0,    0,    0,    0,    0,  -77,    0,  -29,    0,  -28,    0,  -28,  -29,    0,    0,    0, -107, -107,    0, -105,  -10, -101, -101,  -50,    0,    0,  -40, -105,  -50,  -28,  -73,    0,  -29,    0,    0,    0,    0,    0,    0,    0,    0,    0,  -76,    0,    0,    0,    0,    0,    0,
       0,    0,    0,  -11,    0,  -19,  -19,  -21,    0,    0,    0,    0,    0,    0,    0,    0,    0,    0,    0,    0,    0,    0,    0,    0,    0,    0,    0,    0,    0,    0,    0,    0,    0,   -7,  -14,    0,    0,    0,    0,    0,    0,    0,    0,    0,    0,    0,    0,    0,    0,    0,    0,    0,    0,    0,    0,  -13,    0,    0,    0,   -8,    0,    0,    0,    0,    0,    0,    0,    0,    0,    0,    0,    0,    0,    0,    0,    0,    0,    0,    0,    0,    0,    0,    0,    0,    0,    0,    0,    0,    0,    0,    0,    0,    0,    0,    0,    0,    0,    0,    0,    0,    0,    0,    0,    0,    0,    0,    0,    0,    0,    0,    0,    0,    0,    0,    0,    0,    0,    0,    0,    0,    0,    0,    0,    0,    0,    0,    0,    0,    0,    0,    0,    0,    0,    0,    0,    0,    0,    0,    0,    0,    0,    0,    0,    0,    0,    0,    0,    0,    0,    0,    0,    0,   -6,    0,    0,  -26,   -9,    0,   -3,    0,  -26,    0,    6,    3,    0,    0,   -3,  -10,   -9,    0,    0,    0,    0,    0,    0,    0,    6,    0,    0,    0,    0,    0,    0,    0,    0,    0,    0,    0,    0,    0,    0,    0,    0,    0,    0,    0,    0,    0,    5,    0,    5,    3,    0,    0,    0,   -6,   -6,    0,   -9,    0,   -5,   -5,   -3,    0,    0,    0,   -9,   -3,    6,    0,    0,    3,    0,    0,    0,    0,    0,    0,    0,    0,    0,  -20,    0,    0,    0,    0,    0,    0,
       0,    0,    0,    0,    0,    0,    0,    0,    0,    0,    0,    0,    0,    0,    0,    0,    0,    0,    0,    0,    0,    0,    0,    0,    0,    0,    0,    0,    0,    0,    0,    0,    0,    0,    0,    0,    0,    0,    0,    0,    0,    0,    0,    0,    0,    0,    0,    0,    0,    0,    0,    0,    0,    0,    0,    0,    0,    0,    0,  -16,  -13,    0,    0,    0,    0,    0,    0,    0,    0,    0,    0,    0,    0,    0,    0,    0,    0,    0,    0,    0,    0,    0,    0,    0,    0,    0,    0,    0,    0,    0,    0,    0,    0,    0,    0,    0,    0,    0,    0,    0,    0,    0,    0,    0,    0,    0,    0,    0,    0,    0,    0,    0,    0,    0,    0,    0,    0,    0,    0,    0,    0,    0,    0,    0,    0,    0,    0,    0,    0,    0,    0,    0,    0,    0,    0,    0,  -15,    0,    0,    0,    8,    0,    7,    0,    4,    0,  -21,    4,    0,    0,    0,    6,   -4,  -22,   -6,    0,  -22,    0,   -3,   -6,    4,  -31,  -26,    0,  -35,  -28,   -4,    0,  -22,    0,   -3,    0,    7,    0,    0,   -6,  -26,  -10,  -23,    0,  -24,    0,    0,    0,    0,    0,    0,    0,  -22,    0,  -26,  -29,  -18,    0,   -6,    0,  -31,    0,  -25,    0,  -25,    0,  -12,  -37,    0,   -4,   -4,    0,  -22,   -5,  -15,  -15,   -3,    0,  -29,  -15,  -22,   -4,  -26,  -35,    4,    0,    0,    0,    0,    0,    0,    0,    0,    0,    0,    0,    0,    0,    0,    0,    0,    0,
       0,    0,    0,    0,    0,    0,    0,    0,    0,    0,    0,    0,    0,    0,    0,    0,    0,    0,    0,    0,    0,    0,    0,    0,    0,    0,    0,    0,    0,    0,    0,    0,    0,   -7,   -7,    0,    0,    0,    0,    0,    0,    0,    0,    0,    0,    0,    0,    0,    0,    0,    0,    0,    0,    0,    0,   -3,    0,    0,    0,  -14,   -8,    0,    0,    0,    0,    0,    0,    0,    0,    0,    0,    0,    0,    0,    0,    0,    0,    0,    0,    0,    0,    0,    0,    0,    0,    0,    0,    0,    0,    0,    0,    0,    0,    0,    0,    0,    0,    0,    0,    0,    0,    0,    0,    0,    0,    0,    0,    0,    0,    0,    0,    0,    0,    0,    0,    0,    0,    0,    0,    0,    0,    0,    0,    0,    0,    0,    0,    0,    0,    0,    0,    0,    0,    0,    0,    0,    0,    0,    0,    0,    0,    0,    0,    0,    0,    0,    0,    0,    0,    0,    0,    0,    0,   -4,    0,    0,  -12,    0,    0,    0,    0,    0,    0,    2,    0,    0,    0,    3,  -12,    0,    0,    0,    0,    0,    0,    0,    0,    0,    0,    0,    0,    0,    0,    0,    0,    0,    0,    0,    0,    0,    0,    0,  -10,    0,    0,    0,    0,    0,    0,    0,    3,    2,    0,   -8,   -1,    0,    0,    0,  -12,    0,   -5,   -5,    0,    0,    0,   -8,  -12,    0,    0,    0,    0,    2,    0,    0,    0,    0,    0,    0,    0,    0,    0,    0,    0,    0,    0,    0,    0,    0,
       0,  -23,    0,    0,  -22,    0,    0,    0,    0,    0,    0,    0,    0,    0,    0,    0,    0,    0,    0,   -3,    0,    0,    0,    0,    0,    0,    0,    0,    0,    0,    0,    0,    0,  -22,   -3,    0,    0,    0,    0,    0,    0,    0,    0,    0,    0,    0,    0,    0,    0,    0,    0,    0,    0,    0,    0,   -2,    0,    0,    0,    0,    0,    0,    0,    0,    0,    0,    0,    0,    0,    0,    0,    0,    0,    0,    0,    0,    0,    0,    0,    0,    0,    0,    0,    0,    0,    0,    0,    0,    0,    0,    0,    0,    0,    0,    0,    0,    0,    0,    0,    0,    0,    0,    0,    0,    0,    0,    0,    0,    0,    0,    0,    0,    0,    0,    0,    0,    0,    0,    0,    0,    0,    0,    0,    0,    0,    0,    0,    0,    0,    0,    0,    0,    0,    0,    0,  -43,    0,    0,    0,    0,    0,  -20,    0,    0,    0,    0,    0,    0,   -6,  -39,    0,    0,    0,   -1,    0,    0,    0,    0,    0,    0,    0,  -18,  -17,    0,   -1,  -17,    0,    0,    0,    0,    0,    0,    0,    0,    0,    0,  -17,    0,    0,    0,    0,    0,    0,    0,    0,    0,    0,    0,    0,    0,    0,    0,    0,    0,    0,    0,  -18,  -43,  -15,  -28,  -15,    0,    0,    0,    0,    0,    0,    0,    0,    0,    0,    0,    0,    0,    0,    0,    0,    0,  -17,   -1,    0,    0,    0,    0,    0,    0,    0,    0,    0,  -24,  -22,    0,  -32,  -32,   -8,    0,    0,    0,
       0,  -44,    0,    0,  -43,    0,    0,    0,    0,    0,    0,    0,    0,    0,    0,    0,    0,    0,    0,  -16,    0,    0,    0,    0,    0,    0,    0,    0,    0,    0,    0,    0,    0,  -37,  -16,    0,    0,    0,    0,    0,    0,    0,    0,    0,    0,    0,    0,    0,    0,    0,    0,    0,    0,    0,    0,  -14,    0,    0,    0,    0,    0,    0,    0,    0,    0,    0,    0,    0,    0,    0,    0,    0,    0,    0,    0,    0,    0,    0,    0,    0,    0,    0,    0,    0,    0,    0,    0,    0,    0,    0,    0,    0,    0,    0,    0,    0,    0,    0,    0,    0,    0,    0,    0,    0,    0,    0,    0,    0,    0,    0,    0,    0,    0,    0,    0,    0,    0,    0,    0,    0,    0,    0,    0,    0,    0,    0,    0,    0,    0,    0,    0,    0,    0,    0,    0,    0,    0,    0,    0,    0,    0,    0,    0,    0,    0,    0,    0,    0,    0,    0,    0,    0,    0,    0,    0,    0,    0,    0,    0,    0,    0,  -35,  -25,    0,   -7,  -32,    0,    0,    0,    0,    0,    0,    0,    0,    0,    0,  -25,    0,    0,    0,    0,    0,    0,    0,    0,    0,    0,    0,    0,    0,    0,    0,    0,    0,    0,    0,  -35,    0,  -22,    0,  -22,    0,    0,    0,    0,    0,    0,    0,    0,    0,    0,    0,    0,    0,    0,    0,    0,    0,  -25,   -7,    0,    0,    0,    0,    0,    0,    0,    0,    0,  -43,  -42,    0,  -46,  -46,  -19,    0,    0,    0,
       0,    0,    0,    0,    0,    0,    0,    0,    0,    0,    0,    0,    0,    0,    0,    0,    0,    0,    0,    0,    0,    0,    0,    0,    0,    0,    0,    0,    0,    0,    0,    0,    0,    0,   -2,    0,    0,    0,    0,    0,    0,    0,    0,    0,    0,    0,    0,    0,    0,    0,    0,    0,    0,    0,    0,   -2,    0,    0,    0,    0,    0,    0,    0,    0,    0,    0,    0,    0,    0,    0,    0,    0,    0,    0,    0,    0,    0,    0,    0,    0,    0,    0,    0,    0,    0,    0,    0,    0,    0,    0,    0,    0,    0,    0,    0,    0,    0,    0,    0,    0,    0,    0,    0,    0,    0,    0,    0,    0,    0,    0,    0,    0,    0,    0,    0,    0,    0,    0,    0,    0,    0,    0,    0,    0,    0,    0,    0,    0,    0,    0,    0,    0,    0,    0,    0,   -2,    0,    0,    0,    0,    0,   -6,   -6,   -1,   -3,    0,    0,   -4,    0,   -2,    0,   -3,   -1,   -1,   -1,   -2,   -4,    0,   -1,   -1,   -1,    0,    0,   -1,    0,    0,   -1,   -5,   -4,    0,    0,    0,    0,    0,    0,   -1,    0,    0,    0,    0,    0,    0,    0,    0,    0,    0,    0,    0,    0,    0,    0,    0,    0,    0,   -1,    0,    0,    0,    0,    0,    0,   -1,    0,    0,    0,   -1,   -1,    0,   -4,    0,   -1,   -1,   -1,    0,    0,    0,   -4,   -1,    0,    0,   -4,   -1,    0,    0,    0,    0,    0,    0,    0,    0,    0,    0,    0,    0,    0,    0,    0,    0,
       0,    0,    0,    0,    0,    0,    0,    0,    0,    0,    0,    0,    0,    0,    0,    0,    0,    0,    0,    0,    0,    0,    0,    0,    0,    0,    0,    0,    0,    0,    0,    0,    0,    0,    0,    0,    0,    0,    0,    0,    0,    0,    0,    0,    0,    0,    0,    0,    0,    0,    0,    0,    0,    0,    0,    0,    0,    0,    0,    0,    0,    0,    0,    0,    0,    0,    0,    0,    0,    0,    0,    0,    0,    0,    0,    0,    0,    0,    0,    0,    0,    0,    0,    0,    0,    0,    0,    0,    0,    0,    0,    0,    0,    0,    0,    0,    0,    0,    0,    0,    0,    0,    0,    0,    0,    0,    0,    0,    0,    0,    0,    0,    0,    0,    0,    0,    0,    0,    0,    0,    0,    0,    0,    0,    0,    0,    0,    0,    0,    0,    0,    0,    0,    0,    0,    0,   -4,    0,    0,    0,    0,    0,    0,    0,    0,    0,   -7,    0,    0,    0,    0,    0,   -2,  -11,   -7,    0,   -5,   -6,   -5,   -7,    0,  -33,  -28,   -5,  -18,  -30,   -6,   -4,   -5,    0,    0,    0,    0,    0,    0,   -7,  -28,    0,    0,    0,    0,    0,    0,    0,    0,    0,    0,    0,    0,    0,    0,    0,    0,    0,   -7,    0,  -33,    0,    0,    0,    0,   -5,    0,    0,    0,   -2,   -2,    0,   -5,    0,   -5,   -5,   -5,    0,    0,   -4,   -5,   -6,  -28,  -18,    0,   -5,    0,    0,    0,    0,    0,    0,    0,    0,    0,    0,    0,    0,    0,    0,    0,    0,
       0,    0,    0,    0,    0,    0,    0,    0,    0,    0,    0,    0,    0,    0,    0,    0,    0,    0,    0,    0,    0,    0,    0,    0,    0,    0,    0,    0,    0,    0,    0,    0,    0,  -14,    0,    0,    0,    0,    0,    0,    0,    0,    0,    0,    0,    0,    0,    0,    0,    0,    0,    0,    0,    0,    0,    0,    0,    0,    0,    0,    0,    0,    0,    0,    0,    0,    0,    0,    0,    0,    0,    0,    0,    0,    0,    0,    0,    0,    0,    0,    0,    0,    0,    0,    0,    0,    0,    0,    0,    0,    0,    0,    0,    0,    0,    0,    0,    0,    0,    0,    0,    0,    0,    0,    0,    0,    0,    0,    0,    0,    0,    0,    0,    0,    0,    0,    0,    0,    0,    0,    0,    0,    0,    0,    0,    0,    0,    0,    0,    0,    0,    0,    0,    0,    0,    0,    0,    0,    0,    0,    0,    0,    0,    0,    0,    0,    0,    0,    0,    0,    0,    0,    0,   -3,    0,    0,   -4,    0,    0,    0,    0,    0,   -1,    0,   -1,    0,    0,    0,   -4,    0,    0,    0,    0,    0,    0,    0,   -1,    0,    0,    0,    0,    0,    0,    0,    0,    0,    0,    0,    0,    0,    0,    0,    0,    0,    0,    0,    0,    0,    0,    0,    0,    0,    0,    0,    0,    0,    0,    0,   -4,    0,    0,    0,    0,    0,    0,    0,   -4,    0,   -1,   -1,    0,    0,    0,    0,    0,    0,    0,    0,    0,    0,    0,    0,    0,    0,    0,    0,    0,    0,
       0,    0,    0,    0,    0,    0,    0,    0,    0,    0,    0,    0,    0,    0,    0,    0,    0,    0,    0,    0,    0,    0,    0,    0,    0,    0,    0,    0,    0,    0,    0,    0,    0,    0,    0,    0,    0,    0,    0,    0,    0,    0,    0,    0,    0,    0,    0,    0,    0,    0,    0,    0,    0,    0,    0,    0,    0,    0,    0,    0,    0,    0,    0,    0,    0,    0,    0,    0,    0,    0,    0,    0,    0,    0,    0,    0,    0,    0,    0,    0,    0,    0,    0,    0,    0,    0,    0,    0,    0,    0,    0,    0,    0,    0,    0,    0,    0,    0,    0,    0,    0,    0,    0,    0,    0,    0,    0,    0,    0,    0,    0,    0,    0,    0,    0,    0,    0,    0,    0,    0,    0,    0,    0,    0,    0,    0,    0,    0,    0,    0,    0,    0,    0,    0,    0,    0,    0,    0,    0,    0,    0,    0,   -8,   -1,   -2,    0,    0,   -1,    0,    0,    0,   -7,   -6,   -5,   -6,  -17,   -3,  -19,  -15,   -6,  -16,  -23,  -18,  -21,   -5,  -22,  -14,  -13,   -3,    0,    0,    0,    0,    0,    0,   -6,  -18,    0,    0,    0,    0,    0,    0,    0,    0,    0,    0,    0,    0,    0,    0,    0,    0,    0,   -6,   -3,  -23,    0,    0,    0,    0,  -21,   -4,   -4,    0,   -6,   -6,    0,   -3,    0,   -4,   -4,  -15,    0,  -15,    0,   -3,  -14,  -18,   -5,   -1,  -21,    0,    0,    0,    0,    0,    0,    0,    0,    0,    0,    0,    0,    0,    0,    0,    0,
       0,    0,    0,    0,    0,    0,    0,    0,    0,    0,    0,    0,    0,    0,    0,    0,    0,    0,    0,    0,    0,    0,    0,    0,    0,    0,    0,    0,    0,    0,    0,    0,    0,  -17,    0,    0,    0,    0,    0,    0,    0,    0,    0,    0,    0,    0,    0,    0,    0,    0,    0,    0,    0,    0,    0,    0,    0,    0,    0,   -9,   -2,    0,    0,    0,    0,    0,    0,    0,    0,    0,    0,    0,    0,    0,    0,    0,    0,    0,    0,    0,    0,    0,    0,    0,    0,    0,    0,    0,    0,    0,    0,    0,    0,    0,    0,    0,    0,    0,    0,    0,    0,    0,    0,    0,    0,    0,    0,    0,    0,    0,    0,    0,    0,    0,    0,    0,    0,    0,    0,    0,    0,    0,    0,    0,    0,    0,    0,    0,    0,    0,    0,    0,    0,    0,    0,    0,    0,    0,    0,    0,    0,    0,    0,    0,    0,    0,    0,    0,    0,    0,    0,    0,    0,   -4,    0,    0,   -5,    0,    0,    0,    0,    0,   -3,    0,   -3,    0,    0,    0,   -5,    0,    0,    0,    0,    0,    0,    0,   -3,    0,    0,    0,    0,    0,    0,    0,    0,    0,    0,    0,    0,    0,    0,    0,    0,    0,    0,    0,    0,    0,    0,    0,    0,    0,    0,   -8,    0,    0,    0,    0,   -5,    0,    0,    0,    0,    0,    0,    0,   -5,    0,   -3,   -3,    0,    0,    0,    0,    0,    0,    0,    0,    0,    0,    0,    0,    0,    0,   -7,    0,    0,    0,
       0,    0,    0,  -11,    0,  -20,  -19,  -22,    0,    0,    0,    0,    0,    0,    0,    0,    0,    0,    0,    0,    0,    0,    0,    0,    0,    0,    0,    0,    0,    0,    0,    0,    0,    0,    1,    0,    0,    0,    0,    0,    0,    0,    0,    0,    0,    0,    0,    0,    0,    0,    0,    0,    0,    0,    0,    1,    0,    0,    0,   -7,    0,    0,    0,    0,    0,    0,    0,    0,    0,    0,    0,    0,    0,    0,    0,    0,    0,    0,    0,    0,    0,    0,    0,    0,    0,    0,    0,    0,    0,    0,    0,    0,    0,    0,    0,    0,    0,    0,    0,    0,    0,    0,    0,    0,    0,    0,    0,    0,    0,    0,    0,    0,    0,    0,    0,    0,    0,    0,    0,    0,    0,    0,    0,    0,    0,    0,    0,    0,    0,    0,    0,    0,    0,    0,    0,    0,    0,    0,    0,    0,    0,    0,    0,    0,    0,    0,    0,    0,    0,    0,    0,    0,   -6,    0,    0,  -26,   -9,    0,   -3,    0,  -27,    0,    0,    0,    0,    0,   -2,   -9,   -9,    0,   -6,    0,    0,    0,    0,    0,    0,    0,    0,    0,    0,    0,  -26,    0,    0,    0,    0,    0,    0,    0,    0,    0,   -7,    0,    0,    0,    0,    0,    0,    0,    7,    0,    0,   -3,   -5,   -6,   -6,    0,   -9,    0,   -4,   -4,   -3,    0,    0,   -1,   -9,   -2,    0,    0,    0,    0,    0,    0,    0,    0,    0,    0,    0,    0,    0,  -20,    0,    0,    0,    0,    0,    0,
       0,    0,    0,    0,    0,  -42,  -91,  -36,    0,    0,    0,    0,    0,    0,    0,    0,    0,  -28,  -28,    0,    0,    0,    0,    0,    0,    0,    0,    0,    0,    0,    0,    0,    0,    0,    0,    0,    0,    0,    0,    0,    0,    0,    0,    0,    0,    0,    0,    0,    0,    0,    0,    0,    0,    0,    0,    0,    0,    0,    0,  -99,  -75,    0,    0,  -86,    0,    0,    0,    0,    0,    0,    0,    0,    0,    0,    0,    0,    0,    0,    0,    0,    0,    0,    0,    0,    0,    0,    0,    0,    0,    0,    0,    0,    0,    0,    0,    0,    0,    0,    0,    0,    0,    0,    0,    0,    0,    0,    0,    0,    0,    0,    0,    0,    0,    0,    0,    0,    0,    0,    0,    0,    0,    0,    0,    0,    0,    0,    0,    0,    0,    0,    0,    0,    0,    0,    0,    0,  -15,   -1,    0,  -43,  -68,    0,  -88,  -36,    0,    0,  -18,    0,    0,    0,    0,  -20, -128,  -35, -113,  -79, -128, -106, -124, -101, -128,  -99,  -95,  -96, -107,  -47, -126,  -69, -128,   18,  -78,   -2,   11,   -2,    8, -112,  -95,   -7,  -54,   -6,  -42,  -48, -108,    0,  -53,    0,  -22,    0,  -54,    0,  -53,  -64,  -62,    0, -113,    0,  -99,    0,  -50,    0,  -50,  -96,    0,  -67,    0, -121, -123,  -58, -128,   -1,  -72, -121,  -90,    0,  -55,  -15, -128,  -97,  -95, -101,    0,  -96,    0,    0,    0,    0,    0,    0,    0,    0,    0,  -87,    0,    0,    0,    0,    0,    0,
       0,    0,    0,    0,    0,    0,    0,    0,    0,    0,    0,    0,    0,    0,    0,    0,    0,    0,    0,    0,    0,    0,    0,    0,    0,    0,    0,    0,    0,    0,    0,    0,    0,    0,    0,    0,    0,    0,    0,    0,    0,    0,    0,    0,    0,    0,    0,    0,    0,    0,    0,    0,    0,    0,    0,    0,    0,    0,    0,  -16,  -13,    0,    0,    0,    0,    0,    0,    0,    0,    0,    0,    0,    0,    0,    0,    0,    0,    0,    0,    0,    0,    0,    0,    0,    0,    0,    0,    0,    0,    0,    0,    0,    0,    0,    0,    0,    0,    0,    0,    0,    0,    0,    0,    0,    0,    0,    0,    0,    0,    0,    0,    0,    0,    0,    0,    0,    0,    0,    0,    0,    0,    0,    0,    0,    0,    0,    0,    0,    0,    0,    0,    0,    0,    0,    0,    0,  -15,    0,    0,    0,   11,    0,    9,    0,    5,    0,  -21,    6,    0,    0,    0,    8,   -4,  -22,   -6,    0,  -22,    0,   -3,   -6,    4,  -31,  -26,    3,  -35,  -28,   -4,    4,  -22,    0,   -3,    0,    7,    0,    0,   -6,  -26,  -10,  -23,    0,  -24,    0,    0,    0,    0,    0,    0,    0,  -22,    0,  -26,  -29,  -18,    0,   -6,    0,  -31,    0,  -25,    0,  -25,    3,  -12,  -37,    0,   -4,   -4,    0,  -22,   -5,  -15,  -15,   -3,    0,  -29,  -15,  -22,   -4,  -26,  -35,    6,    3,    0,    0,    0,    0,    0,    0,    0,    0,    0,    0,    0,    0,    0,    0,    0,    0,
       0,    0,    0,    0,    0,    0,    0,    0,    0,    0,    0,    0,    0,    0,    0,    0,    0,    0,    0,    0,    0,    0,    0,    0,    0,    0,    0,    0,    0,    0,    0,    0,    0,   -7,  -11,    0,    0,    0,    0,    0,    0,    0,    0,    0,    0,    0,    0,    0,    0,    0,    0,    0,    0,    0,    0,   -3,    0,    0,    0,  -14,   -8,    0,    0,    0,    0,    0,    0,    0,    0,    0,    0,    0,    0,    0,    0,    0,    0,    0,    0,    0,    0,    0,    0,    0,    0,    0,    0,    0,    0,    0,    0,    0,    0,    0,    0,    0,    0,    0,    0,    0,    0,    0,    0,    0,    0,    0,    0,    0,    0,    0,    0,    0,    0,    0,    0,    0,    0,    0,    0,    0,    0,    0,    0,    0,    0,    0,    0,    0,    0,    0,    0,    0,    0,    0,    0,    0,    0,    0,    0,    0,    0,    0,    0,    0,    0,    0,    0,    0,    0,    0,    0,    0,    0,   -4,    0,    0,  -12,    0,    0,    0,    0,    0,    0,    0,    0,    0,    0,    3,  -12,    0,    0,    0,    0,    0,    0,    0,    0,    0,    0,    0,    0,    0,    0,    0,    0,    0,    0,    0,    0,    0,    0,    0,  -10,    0,    0,    0,    0,    0,    0,    0,    3,    0,    0,   -8,   -1,    0,    0,    0,  -12,    0,   -5,   -5,    0,    0,    0,   -8,  -12,    0,    0,    0,    0,    0,    0,    0,    0,    0,    0,    0,    0,    0,    0,    0,    0,    0,    0,    0,    0,    0,
       0,    0,    0,    0,    0,    0,    0,    0,    0,    0,    0,    0,    0,    0,    0,    0,    0,    0,    0,    0,    0,    0,    0,    0,    0,    0,    0,    0,    0,    0,    0,    0,    0,    0,    0,    0,    0,    0,    0,    0,    0,    0,    0,    0,    0,    0,    0,    0,    0,    0,    0,    0,    0,    0,    0,    0,    0,    0,    0,  -24,  -17,    0,    0,    0,    0,    0,    0,    0,    0,    0,    0,    0,    0,    0,    0,    0,    0,    0,    0,    0,    0,    0,    0,    0,    0,    0,    0,    0,    0,    0,    0,    0,    0,    0,    0,    0,    0,    0,    0,    0,    0,    0,    0,    0,    0,    0,    0,    0,    0,    0,    0,    0,    0,    0,    0,    0,    0,    0,    0,    0,    0,    0,    0,    0,    0,    0,    0,    0,    0,    0,    0,    0,    0,    0,    0,    0,  -22,    0,    0,    0,    5,    0,    0,    0,    0,    0,  -11,    0,    0,    0,    0,    0,   -4,  -15,   -6,    0,  -36,    0,   -3,   -6,    3,  -49,  -42,    0,  -55,  -17,   -4,    0,  -36,    0,   -3,    0,    7,    0,    0,   -6,  -42,  -10,  -23,    0,  -24,    0,    0,    0,    0,    0,    0,    0,  -22,    0,  -26,  -29,  -18,    0,   -6,    0,  -49,    0,  -25,    0,  -25,    0,  -12,  -37,    0,   -4,   -4,    0,  -36,   -5,  -15,  -15,   -3,    0,  -29,  -22,  -36,   -4,  -42,  -55,    0,    0,    0,    0,    0,    0,    0,    0,    0,    0,    0,    0,    0,    0,    0,    0,    0,    0,
       0,    0,    0,    0,    0,    0,    0,    0,    0,    0,    0,    0,    0,    0,    0,    0,    0,    0,    0,    0,    0,    0,    0,    0,    0,    0,    0,    0,    0,    0,    0,    0,    0,   -7,  -11,    0,    0,    0,    0,    0,    0,    0,    0,    0,    0,    0,    0,    0,    0,    0,    0,    0,    0,    0,    0,   -3,    0,    0,    0,  -19,  -11,    0,    0,    0,    0,    0,    0,    0,    0,    0,    0,    0,    0,    0,    0,    0,    0,    0,    0,    0,    0,    0,    0,    0,    0,    0,    0,    0,    0,    0,    0,    0,    0,    0,    0,    0,    0,    0,    0,    0,    0,    0,    0,    0,    0,    0,    0,    0,    0,    0,    0,    0,    0,    0,    0,    0,    0,    0,    0,    0,    0,    0,    0,    0,    0,    0,    0,    0,    0,    0,    0,    0,    0,    0,    0,    0,    0,    0,    0,    0,    0,    0,    0,    0,    0,    0,    0,    0,    0,    0,    0,    0,    0,   -1,    0,    0,  -18,    0,    0,    0,    0,    0,    0,    0,    0,    0,    0,    0,  -18,    0,    0,    0,    0,    0,    0,    0,    0,    0,    0,    0,    0,    0,    0,    0,    0,    0,    0,    0,    0,    0,    0,    0,  -10,    0,    0,    0,    0,    0,    0,    0,    3,    0,    0,   -8,   -1,    0,    0,    0,  -18,    0,   -5,   -5,    0,    0,    0,   -8,  -18,    0,    0,    0,    0,    0,    0,    0,    0,    0,    0,    0,    0,    0,    0,    0,    0,    0,    0,    0,    0,    0,
       0,   -1,    0,   19,  -11,    0,    0,    0,    0,    0,    0,    0,    0,    0,    0,    0,    0,    0,    0,  -13,    0,    0,   -6,   -5,    0,   -4,  -64,  -11,  -37,  -27,   -4,  -58,   -5,   20,   36,    0,    5,    0,    0,   -5,    0,    0,    0,    5,    0,    0,    0,   -4,    0,   -6,   -2,    0,   -8,    0,   18,   36,    0,    0,   -5,    0,    0,    0,   -8,    0,    0,   -6,   -6,   -6,    5,    0,    0,    0,    0,    0,    0,    0,    0,    0,    0,    0,    0,    0,    0,    0,    0,    0,    0,    0,    0,    0,    0,    0,    0,    0,    5,    5,   -6,    0,   -6,    0,    0,    0,    0,   -6,    5,    0,    0,    0,    0,    0,    0,   -4,  -64,    0,    0,    0,    0,    0,    0,    0,    0,    0,   -1,    0,    0,    0,    0,   -6,    0,    0,    0,    0,   -1,    0,    0,    0,    0,    0,    0,    0,    0,    0,    0,    0,    0,    0,    0,    0,    0,    0,    0,    0,    0,    0,    0,    0,    0,    0,    0,    0,    0,    0,    0,    0,    0,    0,    0,    0,    0,    0,    0,    0,    0,    0,    0,    0,    0,    0,    0,    0,    0,    0,    0,    0,    0,    0,    0,    0,    0,    0,    0,    0,    0,    0,    0,    0,    0,    0,    0,    0,    0,    0,    0,    0,    0,    0,    0,    0,    0,    0,    0,    0,    0,    0,    0,    0,    0,    0,    0,    0,    0,    0,    0,    0,    0,    0,    0,    0,    0,   -9,   -1,    0,   16,   16,    4,    0,   -5,   -5,
       0,   -3,    0,   10,  -11,    0,    0,    0,    0,    0,    0,    0,    0,    0,    0,    0,    0,    0,    0,  -13,    0,    0,   -6,   -5,    0,   -4,  -64,  -11,  -37,  -27,   -4,  -58,   -5,   10,   12,    0,    0,    0,    0,   -5,    0,    0,    0,    0,    0,    0,    0,   -4,    0,   -6,   -2,    0,   -8,    0,    0,   11,    0,    0,   -5,    0,    0,    0,   -8,    0,    0,   -6,   -6,   -6,    0,    0,    0,    0,    0,    0,    0,    0,    0,    0,    0,    0,    0,    0,    0,    0,    0,    0,    0,    0,    0,    0,    0,    0,    0,    0,    0,    0,   -6,    0,   -6,    0,    0,    0,    0,   -6,    0,    0,    0,    0,    0,    0,    0,   -4,  -64,    0,    0,    0,    0,    0,    0,    0,    0,    0,   -1,    0,    0,    0,    0,   -6,    0,    0,    0,    0,   -1,    0,    0,    0,    0,    0,    0,    0,    0,    0,    0,    0,    0,    0,    0,    0,    0,    0,    0,    0,    0,    0,    0,    0,    0,    0,    0,    0,    0,    0,    0,    0,    0,    0,    0,    0,    0,    0,    0,    0,    0,    0,    0,    0,    0,    0,    0,    0,    0,    0,    0,    0,    0,    0,    0,    0,    0,    0,    0,    0,    0,    0,    0,    0,    0,    0,    0,    0,    0,    0,    0,    0,    0,    0,    0,    0,    0,    0,    0,    0,    0,    0,    0,    0,    0,    0,    0,    0,    0,    0,    0,    0,    0,    0,    0,    0,    0,  -18,   -5,    0,    2,    2,    4,    0,   -5,   -5,
       0,   -1,    0,   21,  -12,    0,    0,    0,    0,    0,    0,    0,    0,    0,    0,    0,    0,    0,    0,  -10,    0,   -4,   -7,   -1,   -3,   -5,  -60,   -9,  -42,  -34,   -9,  -61,   -5,   23,   39,    0,    9,    0,    0,   -4,    0,    0,    0,    9,    0,    0,    0,   -3,    0,   -7,   -4,   -4,   -8,    0,   21,   39,    0,    0,    0,    0,    0,    0,  -10,    0,    0,   -7,   -7,   -7,    9,    0,    0,    0,    0,    0,    0,    0,    0,    0,    0,    0,    0,    0,    0,    0,    0,    0,    0,    0,    0,    0,    0,    0,    0,    0,    9,    9,   -7,    0,   -7,    0,    0,    0,    0,   -7,    9,    0,    0,    0,    0,    0,    0,   -3,  -60,    0,    0,    0,    0,    0,    0,    0,    0,    0,   -1,    0,    0,    0,    0,   -7,    0,    0,    0,    0,   -1,    0,    0,    0,    0,    0,    0,    0,    0,    0,    0,    0,    0,    0,    0,    0,    0,    0,    0,    0,    0,    0,    0,    0,    0,    0,    0,    0,    0,    0,    0,    0,    0,    0,    0,    0,    0,    0,    0,    0,    0,    0,    0,    0,    0,    0,    0,    0,    0,    0,    0,    0,    0,    0,    0,    0,    0,    0,    0,    0,    0,    0,    0,    0,    0,    0,    0,    0,    0,    0,    0,    0,    0,    0,    0,    0,    0,    0,    0,    0,    0,    0,    0,    0,    0,    0,    0,    0,    0,    0,    0,    0,    0,    0,    0,    0,    0,  -10,    1,    0,   18,   18,    7,    0,   -4,   -4,
       0,   -3,    0,   13,   -7,    0,    0,    0,    0,    0,    0,    0,    0,    0,    0,    0,    0,    0,    0,   -9,    0,   -4,   -7,   -1,   -3,   -5,  -60,   -9,  -42,  -34,   -9,  -61,   -5,   14,   15,    0,    0,    0,    0,   -4,    0,    0,    0,    0,    0,    0,    0,   -3,    0,   -7,   -4,   -4,   -8,    0,    0,   15,    0,    0,    0,    0,    0,    0,  -10,    0,    0,   -7,   -7,   -7,    0,    0,    0,    0,    0,    0,    0,    0,    0,    0,    0,    0,    0,    0,    0,    0,    0,    0,    0,    0,    0,    0,    0,    0,    0,    0,    0,    0,   -7,    0,   -7,    0,    0,    0,    0,   -7,    0,    0,    0,    0,    0,    0,    0,   -3,  -60,    0,    0,    0,    0,    0,    0,    0,    0,    0,   -1,    0,    0,    0,    0,   -7,    0,    0,    0,    0,   -1,    0,    0,    0,    0,    0,    0,    0,    0,    0,    0,    0,    0,    0,    0,    0,    0,    0,    0,    0,    0,    0,    0,    0,    0,    0,    0,    0,    0,    0,    0,    0,    0,    0,    0,    0,    0,    0,    0,    0,    0,    0,    0,    0,    0,    0,    0,    0,    0,    0,    0,    0,    0,    0,    0,    0,    0,    0,    0,    0,    0,    0,    0,    0,    0,    0,    0,    0,    0,    0,    0,    0,    0,    0,    0,    0,    0,    0,    0,    0,    0,    0,    0,    0,    0,    0,    0,    0,    0,    0,    0,    0,    0,    0,    0,    0,    0,  -16,   -4,    0,    4,    4,    8,    0,   -4,   -4,
       0,  -16,    0,    6,  -14,    0,    0,    0,    0,    0,    0,    0,    0,    0,    0,    0,    0,    0,    0,  -17,    0,   -7,   -8,   -3,  -14,   -8,  -65,   -9,  -42,  -32,  -21,  -61,  -12,    8,   25,    0,    0,    0,    0,   -7,   -2,    0,    0,    0,    0,    0,    0,   -5,    0,   -9,   -5,  -12,  -10,   -5,    6,   24,    0,    0,   -7,    0,    0,    0,  -11,    0,    0,   -8,   -8,   -8,    0,    0,    0,    0,    0,    0,    0,    0,    0,    0,    0,    0,    0,    0,    0,    0,    0,    0,    0,    0,    0,    0,    0,    0,   -2,   -2,    0,    0,   -8,    0,   -8,    0,    0,    0,    0,   -8,    0,    0,    0,    0,    0,    0,    0,   -5,  -65,   -5,    0,    0,    0,    0,    0,   -2,   -2,    0,   -3,    0,    0,    0,    0,   -8,    0,    0,    0,    0,   -3,    0,    0,    0,    0,    0,    0,    0,    0,    0,    0,    0,    0,    0,    0,    0,    0,    0,    0,    0,    0,    0,    0,    0,    0,    0,    0,    0,    0,    0,    0,    0,    0,    0,    0,    0,    0,    0,    0,    0,    0,    0,    0,    0,    0,    0,    0,    0,    0,    0,    0,    0,    0,    0,    0,    0,    0,    0,    0,    0,    0,    0,    0,    0,    0,    0,    0,    0,    0,    0,    0,    0,    0,    0,    0,    0,    0,    0,    0,    0,    0,    0,    0,    0,    0,    0,    0,    0,    0,    0,    0,    0,    0,    0,    0,    0,    0,  -24,  -14,    0,    4,    4,   -5,    0,   -7,   -7,
       0,  -20,    0,   -3,  -14,    0,    0,    0,    0,    0,    0,    0,    0,    0,    0,    0,    0,    0,    0,  -17,    0,   -7,   -8,   -3,  -14,   -8,  -65,   -9,  -42,  -32,  -21,  -61,  -12,   -2,    0,    0,    0,    0,    0,   -7,   -2,    0,    0,    0,    0,    0,    0,   -5,    0,   -9,   -5,  -12,  -10,   -5,    0,    0,    0,    0,   -7,    0,    0,    0,  -11,    0,    0,   -8,   -8,   -8,    0,    0,    0,    0,    0,    0,    0,    0,    0,    0,    0,    0,    0,    0,    0,    0,    0,    0,    0,    0,    0,    0,    0,    0,   -2,   -2,    0,    0,   -8,    0,   -8,    0,    0,    0,    0,   -8,    0,    0,    0,    0,    0,    0,    0,   -5,  -65,   -5,    0,    0,    0,    0,    0,   -2,   -2,    0,   -3,    0,    0,    0,    0,   -8,    0,    0,    0,    0,   -3,    0,    0,    0,    0,    0,    0,    0,    0,    0,    0,    0,    0,    0,    0,    0,    0,    0,    0,    0,    0,    0,    0,    0,    0,    0,    0,    0,    0,    0,    0,    0,    0,    0,    0,    0,    0,    0,    0,    0,    0,    0,    0,    0,    0,    0,    0,    0,    0,    0,    0,    0,    0,    0,    0,    0,    0,    0,    0,    0,    0,    0,    0,    0,    0,    0,    0,    0,    0,    0,    0,    0,    0,    0,    0,    0,    0,    0,    0,    0,    0,    0,    0,    0,    0,    0,    0,    0,    0,    0,    0,    0,    0,    0,    0,    0,    0,  -13,  -11,    0,  -10,  -10,   -6,    0,   -7,   -7,
       0,    0,    0,  -11,    0,  -20,  -19,  -22,    0,    0,    0,    0,    0,    0,    0,    0,    0,    0,    0,    0,    0,  -23,   -5,   -1,  -38,   -1,  -43,   -1,  -11,   -9,  -25,  -27,  -13,    0,  -14,   -6,    0,   -9,   -8,    0,   -6,    0,    0,    0,    0,   -8,   -6,    0,    0,    0,    0,    0,    0,    0,    0,  -13,  -13,    0,    0,   -7,    0,    0,    0,    0,    0,   -5,   -5,   -5,    0,   -6,   -6,   -6,   -6,   -9,   -9,   -9,    0,    0,    0,    0,  -13,   -9,   -9,   -9,   -9,    0,   -6,   -6,   -9,   -9,   -9,   -9,   -6,   -6,    0,    0,   -5,    0,   -5,    0,    0,    0,    0,   -5,    0,    0,    0,   -9,    0,   -6,   -6,    0,  -43,    0,   -6,    0,   -9,    0,   -4,   -6,   -6,    0,    0,    0,   -6,   -9,    0,   -5,    0,   -9,    0,    0,    0,    0,    0,    0,    0,    0,    0,    0,    0,    0,    0,    0,    0,    0,    0,    0,    0,    0,    0,    0,    0,    0,    0,    0,    0,    0,    0,    0,    0,    0,    0,    0,    0,    0,    0,    0,    0,    0,    0,    0,    0,    0,    0,    0,    0,    0,    0,    0,    0,    0,    0,    0,    0,    0,    0,    0,    0,    0,    0,    0,    0,    0,    0,    0,    0,    0,    0,    0,    0,    0,    0,    0,    0,    0,    0,    0,    0,    0,    0,    0,    0,    0,    0,    0,    0,    0,    0,    0,    0,    0,   -6,   -6,   -6,   -9,   -9,    0,   -9,    0,    0,  -36,    0,    0,    0,    0,    0,    0,
       0,    0,    0,    0,    0,  -59,  -59,    0,    0,    0,    0,    0,    0,    0,    0,    0,    0,    0,    0,    0,    0,  -34,    0,    0,  -36,    0,    0,    0,    0,    0,    0,    0,    0,    0,    0,  -11,    0,  -16,  -18,    0,  -11,    0,    0,    0,    0,  -18,  -10,    0,    0,    0,    0,    0,    0,    0,    0,    0,    0,    0,    0,    0,    0,    0,    0,    0,  -50,    9,    0,    0,    0,  -11,  -11,  -11,  -11,  -16,  -16,  -16,   18,    0,    7,    0,  -15,  -16,  -16,  -16,  -16,    0,  -11,  -11,  -16,  -16,  -16,  -16,  -11,  -11,   19,    0,   13,    0,    0,    0,   10,    0,    8,    0,    0,    0,    0,  -16,    0,  -10,  -10,    0,    0,    0,  -11,   18,  -16,    0,   -9,  -11,  -11,    0,    0,   20,  -10,  -28,   52,    7,    0,  -16,   20,    0,    0,    0,    0,    0,    0,    0,    0,  -36,  -32,    3,  -33,  -34,    0,    0,    0,    0,    0,    0,    0,    0,  -11,    0,    0,  -22,  -16,    0,    0,    0,  -25,    0,    0,    0,    0,    0,    0,  -14,  -16,    0,  -10,    0,    0,    0,    0,    0,    0,    0,    0,    0,    0,    0,    0,    0,    0,    0,    0,    0,    0,    0,    0,    0,    0,    0,    0,    0,    0,    3,    0,    3,    0,    0,    0,  -10,    0,  -11,  -11,  -49,  -16,    0,   -9,   -9,    0,    0,    0,    0,  -16,    0,    0,    0,    0,    0,  -11,   16,  -11,  -16,   -2,    0,   -5,    0,    0,    0,    0,    0,    0,    0,    0,    0,
       0,    0,  -10,    0,    0,  -59,  -59,  -29,    0,    0,    0,    0,    0,    0,    0,    0,    0,    0,    0,    0,   -3,  -35,    0,    0,  -36,    0,    0,    0,    0,    0,    0,    0,    0,    0,    0,  -13,    0,  -18,  -20,    0,  -13,    0,    0,    0,    0,  -20,  -12,    0,    0,    0,    0,    0,    0,    0,    0,    0,   -2,    0,    0,  -20,  -16,    0,    0,   -2,  -51,    0,    0,    0,    0,  -13,  -13,  -13,  -13,  -18,  -18,  -18,   12,    0,   20,   15,  -13,  -18,  -18,  -18,  -18,    0,  -13,  -13,  -18,  -18,  -18,  -18,  -13,  -13,   11,    3,    3,   14,    0,    8,    8,    0,   21,    0,    0,    0,    0,  -18,    0,  -12,  -12,    0,    0,    0,  -13,   16,  -18,    0,  -11,  -13,  -13,    0,    0,   18,  -20,  -18,   46,    0,   10,  -18,   13,    0,    0,    0,    0,    0,    0,    0,    0,  -36,  -33,    0,  -35,  -34,    0,    0,    0,    0,    0,    0,    0,    0,  -13,    0,    0,  -24,  -18,    0,   -8,    0,  -27,    0,    0,    0,    0,    0,   -8,  -15,  -18,    8,  -12,    0,   15,    0,    3,    0,    0,    0,    0,    0,    0,    0,    0,    0,    0,    0,    0,    0,    0,    0,    0,    0,    0,    0,    0,    0,    0,    0,    0,    0,    0,    0,    0,  -11,    0,  -13,  -13,  -50,  -18,    0,  -11,  -11,   -8,    0,    0,    0,  -18,   -8,    0,    0,    0,    0,  -13,    4,  -13,  -18,  -13,    0,  -16,    0,    0,  -57,    0,    0,    0,    0,    0,    0,
       0,  -56,    0,    0,    0,    0,    0,    0,    0,    0,    0,    0,    0,    0,    0,    0,    0,    0,    0,    0,    0,    0,    0,   -9,    0,    0,  -34,   -8,  -36,  -26,    0,  -41,    0,    0,    0,    0,    0,    0,    0,    0,    0,    0,    0,    0,    0,    0,    0,    0,    0,  -19,  -13,    0,  -22,    0,    0,    0,    0,    0,    0,    0,    0,    0,    0,    0,    0,    0,    0,    0,    0,    0,    0,    0,    0,    0,    0,    0,    0,    0,    0,    0,    0,    0,    0,    0,    0,    0,    0,    0,    0,    0,    0,    0,    0,    0,    0,    0,    0,    0,    0,    0,    0,    0,    0,   -2,    0,    0,    0,    0,    0,    0,    0,    0,  -34,    0,    0,    0,    0,    0,    0,    0,    0,    0,  -12,    0,    0,    0,    0,    0,    0,    0,    0,    0,  -12,    0,    0,  -34,   -9,    0,    0,    0,    0,  -14,    0,    0,    0,    0,  -13,    0,  -50,  -32,    0,    0,    0,    0,    0,    0,    0,    0,    0,    0,    0,  -25,  -22,    0,  -23,  -20,    0,    0,    0,    0,    0,    0,    0,    0,    0,    0,  -22,    0,    0,    0,    0,    0,    0,    0,    0,    0,    0,    0,    0,    0,    0,    0,    0,    0,    0,    0,  -25,  -41,  -21,  -75,  -21,    0,  -34,  -23,    0,    0,    0,    0,    0,    0,    0,    0,    0,    0,  -14,   -9,    0,    0,  -22,  -23,    0,    0,    0,    0,    0,    0,    0,    0,    0,    0,  -57,    0,  -57,  -58,    0,    0,    0,    0,
       0,    0,  -10,    0,    0,  -59,  -59,  -25,    0,    0,    0,    0,    0,    0,    0,    0,    0,    0,    0,    0,    0,  -30,    0,    0,  -36,    0,    0,    0,    0,    0,    0,    0,    0,    0,    0,   -3,    0,  -11,  -14,    0,   -2,    0,    0,    0,    0,  -14,   -2,    0,    0,    0,    0,    0,    0,    0,    0,    0,    0,    0,    0,  -14,   -8,    0,    0,    0,  -46,    0,    0,    0,    0,   -3,   -3,   -3,   -3,  -11,  -11,  -11,   11,    0,    3,    0,  -13,  -11,  -11,  -11,  -11,    0,   -3,   -3,  -11,  -11,  -11,  -11,   -2,   -2,    0,    0,    0,    0,    0,    0,    6,    0,    5,    0,    0,    0,    0,  -11,    0,   -2,   -2,    0,    0,    0,   -3,   16,  -11,    0,   -2,   -2,   -2,    0,    0,   18,   -3,  -11,   42,    0,    0,  -11,   14,    0,    0,    0,    0,    0,    0,    0,    0,  -36,  -31,    0,  -29,  -33,    0,    0,    0,    0,    0,    0,    0,    0,   -3,    0,    0,  -20,  -11,    0,   -1,    0,  -23,    0,    0,    0,    0,    0,   -1,  -10,  -11,    0,   -2,    0,    0,    0,    0,    0,    0,    0,    0,    0,    0,    0,    0,    0,    0,    0,    0,    0,    0,    0,    0,    0,    0,    0,    0,    0,    0,    0,    0,    0,    0,    0,    0,    0,    0,   -3,   -3,  -45,  -11,    0,   -2,   -2,   -1,    0,    0,    0,  -11,   -1,    0,    0,    0,    0,   -3,   10,   -3,  -11,   -2,    0,   -5,    0,    0,  -57,    0,    0,    0,    0,    0,    0,
       0,    0,  -10,    0,    0,  -62,  -63,  -25,    0,    0,    0,    0,    0,    0,    0,    0,    0,    0,    0,    0,    0,  -30,    0,    0,  -36,    0,    0,    0,    0,    0,    0,    0,    0,    0,    0,   -3,    0,  -11,  -14,    0,   -2,    0,    0,    0,    0,  -14,   -2,    0,    0,    0,    0,    0,    0,    0,    0,    0,    0,    0,    0,  -14,   -8,    0,    0,    0,  -46,    0,    0,    0,    0,   -3,   -3,   -3,   -3,  -11,  -11,  -11,   11,    0,    3,    0,  -13,  -11,  -11,  -11,  -11,    0,   -3,   -3,  -11,  -11,  -11,  -11,   -2,   -2,    0,    0,    0,    0,    0,    0,    6,    0,    5,    0,    0,    0,    0,  -11,    0,   -2,   -2,    0,    0,    0,   -3,   16,  -11,    0,   -2,   -2,   -2,    0,    0,   18,   -3,  -11,   42,    0,    0,  -11,   14,    0,    0,    0,    0,    0,    0,    0,    0,  -36,  -31,    0,  -29,  -33,    0,    0,    0,    0,    0,    0,    0,    0,   -3,    0,    0,  -20,  -11,    0,   -1,    0,  -23,    0,    0,    0,    0,    0,   -1,  -10,  -11,    0,   -2,    0,    0,    0,    0,    0,    0,    0,    0,    0,    0,    0,    0,    0,    0,    0,    0,    0,    0,    0,    0,    0,    0,    0,    0,    0,    0,    0,    0,    0,    0,    0,    0,    0,    0,   -3,   -3,  -45,  -11,    0,   -2,   -2,   -1,    0,    0,    0,  -11,   -1,    0,    0,    0,    0,   -3,   10,   -3,  -11,   -2,    0,   -5,    0,    0,  -58,    0,    0,    0,    0,    0,    0,
       0,    0,    0,    0,    0,    0,    0,    0,    0,   -7,    0,    0,    0,    0,    0,  -15,    0,    0,    0,    0,    0,    0,    0,    0,    0,    0,    0,    0,    0,    0,    0,    0,    0,    0,    0,    0,    0,    0,    0,    0,    0,    0,    0,  -18,    0,    0,    0,    0,    0,    0,    0,    0,    0,    0,    0,    0,    0,    0,    0,    0,    0,    0,    0,    0,    0,    0,    0,    0,    0,    0,    0,    0,    0,    0,    0,    0,    0,    0,    0,    0,    0,    0,    0,    0,    0,    0,    0,    0,    0,    0,    0,    0,    0,    0,    0,    0,    0,    0,    0,    0,    0,    0,    0,    0,  -18,    0,    0,    0,    0,    0,    0,    0,    0,    0,    0,    0,    0,    0,    0,    0,    0,    0,    0,    0,    0,    0,    0,    0,    0,    0,    0,    0,    0,    0,    0,    0,    0,    0,    0,    0,    0,    0,    0,    0,    0,    0,    0,    0,    0,    0,    0,    0,    0,    0,    0,    0,    0,    0,    0,    0,    0,    0,    0,    0,    0,    0,    0,    0,    0,    0,    0,    0,    0,    0,    0,    0,    0,    0,    0,    0,    0,    0,    0,    0,    0,    0,    0,    0,    0,    0,    0,    0,    0,    0,    0,    0,    0,    0,    0,    0,    0,    0,    0,    0,    0,    0,    0,    0,    0,    0,    0,    0,    0,    0,    0,    0,    0,    0,    0,    0,    0,    0,    0,    0,    0,    0,    0,    0,    0,    0,    0,    0,    0,    0,    0,    0,    0,    0,
       0,    0,    0,    3,    0,  -12,  -11,  -16,    0,    0,    0,    0,    0,    0,    0,    0,    0,    0,    0,    0,    0,  -22,   -1,    0,  -33,   -1,    0,    0,   13,    7,    6,   13,    0,    0,    4,   -1,    0,   -7,   -7,    0,   -1,    0,    0,    0,    0,   -7,    0,    0,    0,    0,    0,    0,    0,    0,    0,    3,  -10,    0,    0,   -3,   -4,    0,    0,    0,    0,   -1,   -1,   -1,    0,   -1,   -1,   -1,   -1,   -7,   -7,   -7,   21,    0,    3,   21,  -14,   -7,   -7,   -7,   -7,    0,   -1,   -1,   -7,   -7,   -7,   -7,   -1,   -1,    0,    0,   -1,   17,   -1,   14,   18,    0,    5,   -1,    0,    0,   11,   -7,    0,    0,    0,    0,    0,    0,   -1,   29,   -7,    0,    0,   -1,   -1,    0,    0,   30,    6,   -7,   63,   -1,   13,   -7,   27,    0,    0,    0,    0,    0,    0,    0,    0,    0,    0,    0,    0,    0,    0,    0,    0,    0,    0,    0,    0,    0,    0,    0,    0,    0,    0,    0,    0,    0,    0,    0,    0,    0,    0,    0,    0,    0,    0,    0,    0,    0,    0,    0,    0,    0,    0,    0,    0,    0,    0,    0,    0,    0,    0,    0,    0,    0,    0,    0,    0,    0,    0,    0,    0,    0,    0,    0,    0,    0,    0,    0,    0,    0,    0,    0,    0,    0,    0,    0,    0,    0,    0,    0,    0,    0,    0,    0,    0,    0,    0,    0,   -1,   22,   -1,   -7,    2,    0,   -1,    0,    0,  -13,    0,    0,    0,    0,    0,    0,
       0,    0,    0,    0,    0,    0,    0,    0,    0,    0,    0,    0,    0,    0,    0,    0,    0,    0,    0,    0,    0,   -1,   -4,   -4,   -2,   -1,   -2,   -5,    0,   -3,    0,    0,   -3,    0,    0,    0,    0,    0,    0,    0,    0,    0,    0,    0,    0,    0,    0,    0,    0,    0,    0,    0,    0,    0,    0,    0,    0,    0,    0,    0,    0,    0,    0,    0,    0,   -4,   -4,   -4,    0,    0,    0,    0,    0,    0,    0,    0,    0,    0,    0,    0,    0,    0,    0,    0,    0,    0,    0,    0,    0,    0,    0,    0,    0,    0,    0,    0,   -4,    0,   -4,    0,    0,    0,    0,   -4,    0,    0,    0,    0,    0,    0,    0,    0,   -2,    0,    0,    0,    0,    0,    0,    0,    0,    0,    0,    0,    0,    0,   26,   -4,    0,    0,    0,    0,    0,    0,    0,    0,    0,    0,    0,    0,    0,    0,    0,    0,    0,    0,    0,    0,    0,    0,    0,    0,    0,    0,    0,    0,    0,    0,    0,    0,    0,    0,    0,    0,    0,    0,    0,    0,    0,    0,    0,    0,    0,    0,    0,    0,    0,    0,    0,    0,    0,    0,    0,    0,    0,    0,    0,    0,    0,    0,    0,    0,    0,    0,    0,    0,    0,    0,    0,    0,    0,    0,    0,    0,    0,    0,    0,    0,    0,    0,    0,    0,    0,    0,    0,    0,    0,    0,    0,    0,    0,    0,    0,    0,    0,    0,    0,    0,    0,    0,    0,    0,    0,    0,    0,    0,    0,    0,
};

static const EpdLigaturePair lato_16_boldLigaturePairs[] = {
    { 0x00660066, 0xFB00 }, // f f -> U+FB00
    { 0x00660069, 0xFB01 }, // f i -> U+FB01
    { 0x0066006C, 0xFB02 }, // f l -> U+FB02
    { 0xFB000069, 0xFB03 }, // U+FB00 i -> U+FB03
    { 0xFB00006C, 0xFB04 }, // U+FB00 l -> U+FB04
};

static constexpr EpdFontData lato_16_bold = {
    lato_16_boldBitmaps,
    lato_16_boldGlyphs,
    lato_16_boldIntervals,
    52,
    40,
    33,
    -8,
    true,
    lato_16_boldGroups,
    17,
    nullptr,
    lato_16_boldKernLeftClasses,
    lato_16_boldKernRightClasses,
    lato_16_boldKernMatrix,
    723,
    727,
    245,
    238,
    lato_16_boldLigaturePairs,
    5,
};
