/**
 * generated by fontconvert.py
 * name: lato_14_regular
 * size: 14
 * mode: 2-bit  compressed: true
 * Command used: fontconvert.py lato_14_regular 14 ../builtinFonts/source/Lato/Lato-Regular.ttf ../builtinFonts/source/ChareInk7/ChareInk7-Regular.ttf ../builtinFonts/source/NotoEmoji/NotoEmoji-Regular.ttf ../builtinFonts/source/NotoSymbols/NotoSansSymbols-Regular.ttf ../builtinFonts/source/NotoSansCJKsc/NotoSansCJKsc-Regular.otf --additional-intervals 0x03BB,0x03BB --additional-intervals 0x0410,0x0414 --additional-intervals 0x0418,0x0418 --additional-intervals 0x041B,0x041B --additional-intervals 0x041D,0x0423 --additional-intervals 0x0425,0x0425 --additional-intervals 0x0427,0x0427 --additional-intervals 0x042B,0x042C --additional-intervals 0x042E,0x0432 --additional-intervals 0x0434,0x0435 --additional-intervals 0x0437,0x0437 --additional-intervals 0x043A,0x043A --additional-intervals 0x043D,0x043E --additional-intervals 0x0440,0x0440 --additional-intervals 0x0442,0x0442 --additional-intervals 0x0446,0x0446 --additional-intervals 0x044C,0x044C --additional-intervals 0x044E,0x044E --additional-intervals 0x2113,0x2113 --additional-intervals 0x2669,0x266F --additional-intervals 0x1F600,0x1F607 --additional-intervals 0x1F609,0x1F614 --additional-intervals 0x1F618,0x1F618 --additional-intervals 0x1F61A,0x1F61A --additional-intervals 0x1F61C,0x1F61D --additional-intervals 0x1F620,0x1F622 --additional-intervals 0x1F624,0x1F625 --additional-intervals 0x1F629,0x1F629 --additional-intervals 0x1F62C,0x1F62E --additional-intervals 0x1F631,0x1F635 --additional-intervals 0x1F641,0x1F642 --additional-intervals 0x1F644,0x1F644 --additional-intervals 0x1F44B,0x1F44F --additional-intervals 0x2764,0x2764 --additional-intervals 0x4F1A,0x4F1A --additional-intervals 0x53BB,0x53BB --additional-intervals 0x5458,0x5458 --additional-intervals 0x59DA,0x59DA --additional-intervals 0x5B98,0x5B98 --additional-intervals 0x5BA4,0x5BA4 --additional-intervals 0x5E26,0x5E26 --additional-intervals 0x6211,0x6211 --additional-intervals 0x62C9,0x62C9 --additional-intervals 0x653E,0x653E --additional-intervals 0x6746,0x677F --additional-intervals 0x7532,0x7532 --additional-intervals 0x7684,0x7684 --additional-intervals 0x8BAE,0x8BAE --additional-intervals 0x8BF7,0x8BF7 --additional-intervals 0x91CA,0x91CA --font-include-intervals 1:0x03BB,0x03BB --font-include-intervals 1:0x0410,0x0414 --font-include-intervals 1:0x0418,0x0418 --font-include-intervals 1:0x041B,0x041B --font-include-intervals 1:0x041D,0x0423 --font-include-intervals 1:0x0425,0x0425 --font-include-intervals 1:0x0427,0x0427 --font-include-intervals 1:0x042B,0x042C --font-include-intervals 1:0x042E,0x0432 --font-include-intervals 1:0x0434,0x0435 --font-include-intervals 1:0x0437,0x0437 --font-include-intervals 1:0x043A,0x043A --font-include-intervals 1:0x043D,0x043E --font-include-intervals 1:0x0440,0x0440 --font-include-intervals 1:0x0442,0x0442 --font-include-intervals 1:0x0446,0x0446 --font-include-intervals 1:0x044C,0x044C --font-include-intervals 1:0x044E,0x044E --font-include-intervals 1:0x2113,0x2113 --font-include-intervals 2:0x1F600,0x1F607 --font-include-intervals 2:0x1F609,0x1F614 --font-include-intervals 2:0x1F618,0x1F618 --font-include-intervals 2:0x1F61A,0x1F61A --font-include-intervals 2:0x1F61C,0x1F61D --font-include-intervals 2:0x1F620,0x1F622 --font-include-intervals 2:0x1F624,0x1F625 --font-include-intervals 2:0x1F629,0x1F629 --font-include-intervals 2:0x1F62C,0x1F62E --font-include-intervals 2:0x1F631,0x1F635 --font-include-intervals 2:0x1F641,0x1F642 --font-include-intervals 2:0x1F644,0x1F644 --font-include-intervals 2:0x1F44B,0x1F44F --font-include-intervals 2:0x2764,0x2764 --font-include-intervals 3:0x2669,0x266F --font-include-intervals 4:0x4F1A,0x4F1A --font-include-intervals 4:0x53BB,0x53BB --font-include-intervals 4:0x5458,0x5458 --font-include-intervals 4:0x59DA,0x59DA --font-include-intervals 4:0x5B98,0x5B98 --font-include-intervals 4:0x5BA4,0x5BA4 --font-include-intervals 4:0x5E26,0x5E26 --font-include-intervals 4:0x6211,0x6211 --font-include-intervals 4:0x62C9,0x62C9 --font-include-intervals 4:0x653E,0x653E --font-include-intervals 4:0x6746,0x677F --font-include-intervals 4:0x7532,0x7532 --font-include-intervals 4:0x7684,0x7684 --font-include-intervals 4:0x8BAE,0x8BAE --font-include-intervals 4:0x8BF7,0x8BF7 --font-include-intervals 4:0x91CA,0x91CA --2bit --compress --pnum --darken-aa
 */
#pragma once
#include "EpdFontData.h"

static const uint8_t lato_14_regularBitmaps[35468] = {
    0xB5, 0x58, 0x3F, 0x93, 0xE4, 0x46, 0x15, 0x7F, 0x92, 0x28, 0x8B, 0x42, 0x55, 0x6E, 0x07, 0x44,
    0x50, 0xB6, 0x12, 0x02, 0x08, 0x38, 0x11, 0x3A, 0xD8, 0x9D, 0xD6, 0x71, 0xA1, 0x03, 0xF8, 0x10,
    0xE4, 0x97, 0x5E, 0x30, 0x2B, 0x35, 0x38, 0x20, 0xBD, 0x6F, 0x00, 0xDF, 0x00, 0x8A, 0xC8, 0xC1,
    0xCE, 0x48, 0xB6, 0x03, 0x07, 0x0E, 0x2C, 0x8A, 0xD0, 0x81, 0x1B, 0x97, 0xF3, 0x13, 0x75, 0xA2,
    0x4E, 0xF6, 0x6A, 0xA7, 0xF9, 0xFD, 0x5E, 0x6B, 0x6E, 0xF7, 0xCE, 0x7B, 0xB7, 0x7B, 0x14, 0xCC,
    0x4C, 0xBF, 0x91, 0xFA, 0xDF, 0xEB, 0xF7, 0xFA, 0xFD, 0xDF, 0x6E, 0xAF, 0x3E, 0x27, 0x27, 0x22,
    0xB2, 0x3D, 0x1C, 0xB6, 0x27, 0xE5, 0xF3, 0xAF, 0x79, 0xFF, 0x6D, 0x31, 0x32, 0x89, 0x54, 0x04,
    0xF7, 0x64, 0x14, 0x39, 0x4D, 0x00, 0x4E, 0x52, 0x80, 0x6D, 0xE6, 0xA5, 0x0A, 0x21, 0xD4, 0x16,
    0x40, 0x64, 0xCE, 0x7A, 0x91, 0x29, 0x07, 0x18, 0x8B, 0x5E, 0x92, 0xD1, 0x38, 0x49, 0x47, 0x53,
    0x4B, 0x17, 0xC2, 0x25, 0xC1, 0x41, 0xB2, 0xA1, 0x14, 0xC9, 0xFA, 0x7B, 0x22, 0x79, 0xBF, 0x11,
    0x29, 0x1C, 0x30, 0x1A, 0x05, 0x42, 0xDC, 0x69, 0x1F, 0x1B, 0xF7, 0xE9, 0xBE, 0x95, 0x2C, 0x04,
    0x67, 0x9E, 0x3D, 0x19, 0xAA, 0x07, 0x1F, 0x3B, 0x8B, 0xBE, 0x4D, 0xE6, 0xC4, 0xA2, 0x55, 0x7F,
    0x74, 0x62, 0x2E, 0x9C, 0xE4, 0x61, 0xC0, 0xBC, 0x03, 0xF6, 0x09, 0xBD, 0x14, 0xA5, 0x97, 0x22,
    0x1B, 0xC5, 0xA4, 0x6B, 0xCB, 0xC6, 0xAD, 0x29, 0x86, 0xEE, 0x4F, 0x6D, 0x8F, 0x23, 0x4A, 0x1A,
    0x70, 0xFC, 0xB7, 0x81, 0xE3, 0x3D, 0xB4, 0x77, 0xD1, 0x7E, 0x88, 0x33, 0x5C, 0x8A, 0x9C, 0x81,
    0x80, 0x5A, 0x66, 0x69, 0x8A, 0x1E, 0x8B, 0x3F, 0xCA, 0x06, 0x9C, 0x7C, 0x4A, 0x7D, 0x59, 0x13,
    0xE2, 0x88, 0xE8, 0x59, 0x04, 0xA3, 0x9F, 0x80, 0xDC, 0x2A, 0x3C, 0x00, 0xC2, 0x62, 0x01, 0x5D,
    0xF8, 0x54, 0xC5, 0x4C, 0x76, 0x59, 0x10, 0x2E, 0xD3, 0x0E, 0x0B, 0x32, 0x4F, 0xB2, 0x8B, 0x7E,
    0xC4, 0x51, 0xCB, 0x84, 0xF0, 0x54, 0x08, 0x17, 0xB2, 0x03, 0x27, 0x3A, 0x2F, 0x6B, 0xF0, 0xC6,
    0x1E, 0x40, 0xB1, 0x70, 0x6D, 0x09, 0xF4, 0x60, 0x8B, 0x93, 0xE4, 0xD2, 0x0C, 0x92, 0x8D, 0xC0,
    0x9F, 0xF9, 0xC4, 0x03, 0xA0, 0x1F, 0x2F, 0x22, 0x09, 0x31, 0x08, 0xA7, 0x09, 0x0E, 0x49, 0x7A,
    0xB3, 0xBE, 0xFC, 0x0C, 0x1C, 0xB6, 0xC9, 0x65, 0xD1, 0xEF, 0xA4, 0xFD, 0x8D, 0x5B, 0xA4, 0x7C,
    0x02, 0x0C, 0xF9, 0x41, 0xCE, 0xB1, 0x8F, 0xB4, 0x60, 0x9A, 0xD8, 0xA1, 0x7A, 0xD2, 0x9B, 0x10,
    0xF2, 0x31, 0x09, 0x3E, 0x59, 0x4E, 0xF4, 0xF3, 0xBE, 0xD4, 0x89, 0xCF, 0x7C, 0xD1, 0x1B, 0x57,
    0xE2, 0x32, 0x37, 0x38, 0xDC, 0x16, 0x6B, 0xF8, 0x9D, 0xF1, 0x8D, 0x4F, 0x5B, 0xF4, 0x6E, 0x30,
    0x6A, 0x6A, 0xD3, 0xE7, 0x64, 0x08, 0x8E, 0xF2, 0x03, 0x5C, 0xCD, 0x46, 0x4A, 0x9C, 0x1A, 0x2C,
    0x1A, 0x32, 0x9F, 0x8E, 0xB8, 0xFF, 0x49, 0xBF, 0x5C, 0xC8, 0x7F, 0xF4, 0xA4, 0x63, 0xE6, 0xC9,
    0x3C, 0xE3, 0xB8, 0x37, 0x2F, 0x53, 0xFE, 0xCA, 0xDF, 0xC9, 0xDF, 0x06, 0x13, 0xEA, 0x74, 0x11,
    0x40, 0x3C, 0xC7, 0x4E, 0x72, 0xE0, 0xA6, 0x06, 0x19, 0x99, 0xD9, 0x5E, 0x35, 0xBE, 0x91, 0x4E,
    0x2C, 0x64, 0xE5, 0x5D, 0x20, 0xF8, 0x95, 0xB4, 0xA1, 0x0D, 0x1B, 0x50, 0xDC, 0xA2, 0x9F, 0x12,
    0x44, 0xF1, 0x14, 0x45, 0xBD, 0xE5, 0x95, 0xA0, 0x81, 0x87, 0xA9, 0x8F, 0xE2, 0x44, 0xA9, 0xD4,
    0x5D, 0xD6, 0x69, 0xA7, 0xEB, 0xB4, 0x79, 0x9D, 0x86, 0x96, 0x0D, 0x2F, 0x4E, 0xAB, 0xD6, 0xDD,
    0xE2, 0x45, 0x05, 0xC8, 0x58, 0x36, 0x17, 0x10, 0x2C, 0xDE, 0x68, 0xE9, 0x20, 0x39, 0x56, 0xF0,
    0xB3, 0x9C, 0xD8, 0x00, 0xD4, 0x67, 0x98, 0xE9, 0x76, 0x5C, 0x7F, 0x05, 0xB4, 0x4F, 0x47, 0x75,
    0x9E, 0xAE, 0xD0, 0xB5, 0xBA, 0x8B, 0xEE, 0xA7, 0x3B, 0x47, 0x1C, 0x18, 0x69, 0x5D, 0x1A, 0x5C,
    0x11, 0x9C, 0xFD, 0xC2, 0x35, 0xC6, 0xFD, 0x18, 0x67, 0xB9, 0xFB, 0xAF, 0x9B, 0x20, 0x22, 0x41,
    0x8C, 0x6F, 0x1D, 0xB8, 0x04, 0x05, 0xCB, 0xFC, 0x56, 0xA5, 0x89, 0x2D, 0x47, 0x03, 0x52, 0xA9,
    0x1C, 0xCF, 0xA0, 0x52, 0x95, 0x81, 0x47, 0x06, 0xDD, 0x16, 0x5D, 0xD0, 0xA2, 0x6C, 0xBE, 0x7A,
    0x85, 0x3E, 0x8F, 0x6C, 0xD2, 0xCD, 0x54, 0x43, 0xF4, 0x57, 0x7D, 0x55, 0x17, 0xDE, 0x62, 0xAF,
    0x53, 0x15, 0x4E, 0xEE, 0x09, 0x71, 0x97, 0xB6, 0x16, 0x03, 0x0D, 0x31, 0x54, 0x83, 0x87, 0x64,
    0xF4, 0x18, 0x85, 0x37, 0x1D, 0x1F, 0xA1, 0xED, 0xF0, 0x6C, 0xA5, 0xF0, 0xD5, 0x50, 0xF5, 0x05,
    0x6D, 0x44, 0xC7, 0x7B, 0xE1, 0x39, 0xA4, 0x22, 0x68, 0x09, 0x2E, 0xA8, 0xF2, 0x4F, 0x01, 0x8A,
    0x4F, 0xC9, 0x89, 0x07, 0x00, 0x1B, 0xDE, 0xD9, 0x02, 0x90, 0x52, 0x83, 0x72, 0xC8, 0x3D, 0x08,
    0x04, 0xB0, 0xBC, 0xCC, 0xF6, 0x68, 0x72, 0xEA, 0x78, 0xB7, 0xAF, 0x02, 0x60, 0x06, 0x91, 0xBA,
    0xE2, 0x28, 0x41, 0x75, 0xBC, 0xD8, 0x72, 0xBD, 0xDC, 0x2A, 0x78, 0xB1, 0x30, 0x4D, 0x3F, 0x91,
    0xAE, 0x8E, 0x87, 0x22, 0x41, 0xF9, 0x10, 0x1B, 0x9F, 0x4D, 0xFF, 0x0E, 0x18, 0xB6, 0xBF, 0xDF,
    0x01, 0x27, 0x94, 0x2C, 0x3C, 0xC6, 0xAA, 0x3D, 0x68, 0x5B, 0x22, 0x9D, 0x5C, 0x62, 0x6B, 0xED,
    0x4A, 0x96, 0x48, 0xB6, 0x79, 0x32, 0x4B, 0xC9, 0xE3, 0x81, 0xE4, 0x16, 0x93, 0x76, 0xA0, 0x00,
    0x9A, 0x39, 0x1D, 0xDB, 0x99, 0x32, 0x24, 0xF7, 0x25, 0x18, 0x92, 0xAF, 0x0C, 0x01, 0x29, 0x0B,
    0x1B, 0x36, 0x5F, 0x56, 0x51, 0x1C, 0x8F, 0xF8, 0x29, 0x3A, 0xF1, 0xC2, 0x76, 0xEB, 0xF0, 0xB4,
    0x0E, 0x0F, 0xAF, 0x1D, 0x7E, 0xF1, 0xE2, 0x72, 0x5E, 0xDC, 0xC8, 0x56, 0xA1, 0x95, 0x2E, 0x1F,
    0x70, 0x25, 0x7D, 0x0A, 0x8B, 0xCC, 0x56, 0xE2, 0x99, 0x63, 0x0D, 0x56, 0xEF, 0x60, 0x74, 0xD8,
    0xF8, 0xAC, 0xF3, 0x7D, 0xE5, 0xC9, 0x43, 0xEE, 0x97, 0x74, 0x30, 0xB1, 0xE0, 0x97, 0x1D, 0xDA,
    0xBA, 0x01, 0x72, 0x70, 0x04, 0x2D, 0xF3, 0xB1, 0xE5, 0x7E, 0x2F, 0x66, 0xB0, 0xAE, 0xED, 0x41,
    0x3F, 0xA4, 0xB8, 0x93, 0x17, 0x19, 0xE3, 0xE3, 0x95, 0xAF, 0xB2, 0x77, 0x64, 0x21, 0x74, 0xA2,
    0xB6, 0x35, 0x6F, 0xE3, 0xFA, 0xE7, 0xD8, 0x5B, 0x42, 0x18, 0xAD, 0x7B, 0x79, 0x54, 0xC7, 0x5D,
    0xE5, 0xF2, 0xDA, 0xC8, 0x2F, 0xE5, 0x67, 0xB1, 0xEB, 0x47, 0xC4, 0x56, 0x2C, 0xD2, 0x0D, 0x05,
    0xCC, 0xE0, 0xC0, 0x2B, 0xAD, 0x26, 0x90, 0x17, 0xFF, 0x0E, 0xAA, 0xF5, 0x09, 0x64, 0xA6, 0x0F,
    0xAA, 0x6F, 0x57, 0x9F, 0x6B, 0x7D, 0x5E, 0xF5, 0xA0, 0xF5, 0xEA, 0x19, 0xBA, 0x41, 0xB0, 0x13,
    0x56, 0x56, 0x53, 0x12, 0xEA, 0x72, 0x92, 0xCE, 0xD1, 0x5A, 0xD4, 0x74, 0x37, 0x75, 0x1B, 0xFC,
    0x2E, 0x9F, 0xDE, 0x61, 0xC7, 0x42, 0x23, 0x92, 0x4C, 0xA4, 0x06, 0xF4, 0xED, 0xD5, 0xF2, 0x8C,
    0xFA, 0xFB, 0xED, 0x15, 0x12, 0x98, 0x4C, 0xA8, 0x17, 0x7E, 0x89, 0xDE, 0x0D, 0x95, 0x1D, 0x06,
    0x1A, 0xF8, 0xDA, 0xC7, 0xF9, 0xA2, 0x76, 0xDE, 0x46, 0x0D, 0x75, 0x14, 0xD4, 0xAC, 0xAF, 0x80,
    0xE4, 0xD7, 0xD0, 0xB4, 0x36, 0xDC, 0x1F, 0x4F, 0xE0, 0x1F, 0x64, 0x7C, 0x94, 0x79, 0xC0, 0x8F,
    0x8A, 0xFE, 0x3D, 0x40, 0x53, 0x9F, 0x12, 0xC2, 0x0B, 0xFB, 0x47, 0xA6, 0x3E, 0xCF, 0xFA, 0x13,
    0xF3, 0xC9, 0x65, 0xE9, 0x4E, 0xF2, 0xF0, 0x55, 0x90, 0x2A, 0x39, 0xC0, 0xBD, 0x50, 0xD8, 0xA3,
    0x20, 0x83, 0xD9, 0xD8, 0xFF, 0x2D, 0xA0, 0x7D, 0x9C, 0x74, 0x8A, 0x77, 0x59, 0x1D, 0x8F, 0x92,
    0x0B, 0xAE, 0x70, 0x8A, 0x2A, 0xD3, 0x13, 0xF4, 0x15, 0x5F, 0x52, 0xF0, 0x3E, 0xE3, 0x61, 0x3E,
    0xE4, 0x05, 0x51, 0xA2, 0x2C, 0x09, 0x3D, 0x23, 0xA9, 0x0B, 0x6D, 0xDD, 0x8C, 0x0E, 0x88, 0x69,
    0x45, 0x09, 0x0B, 0x2E, 0x27, 0xF7, 0x0C, 0xB5, 0x14, 0x67, 0x87, 0xC4, 0xD4, 0x18, 0xB3, 0xA2,
    0x32, 0x84, 0xF9, 0xC4, 0xB5, 0x6B, 0xC3, 0xB7, 0xD4, 0xDA, 0xBE, 0x91, 0x12, 0x52, 0x96, 0x4D,
    0x8D, 0x8E, 0x6A, 0xC3, 0x33, 0x25, 0xAF, 0xEC, 0x5B, 0x48, 0x62, 0x9C, 0x53, 0xE0, 0x3D, 0x59,
    0xB0, 0x9A, 0x6D, 0xB7, 0xB6, 0x25, 0xF6, 0x15, 0x23, 0xE6, 0x0C, 0x9C, 0x2B, 0x6F, 0xD1, 0xA5,
    0xE3, 0xCD, 0xE1, 0x7A, 0x1E, 0x0E, 0xF9, 0x24, 0x99, 0x8B, 0x86, 0x85, 0x84, 0x51, 0xCC, 0xE0,
    0x19, 0xA2, 0x0C, 0x46, 0xED, 0xB8, 0x06, 0xF6, 0xCF, 0x47, 0x75, 0x9E, 0xAE, 0xD0, 0xB5, 0xDC,
    0x05, 0x7A, 0x51, 0x3F, 0xF4, 0xDC, 0xB9, 0x06, 0x8E, 0x6F, 0xF0, 0x70, 0xA8, 0xF9, 0x36, 0x81,
    0x74, 0x08, 0x46, 0x43, 0x9B, 0xD7, 0x70, 0x3E, 0x40, 0xE1, 0x1B, 0xD1, 0xF3, 0x43, 0x5D, 0x08,
    0x48, 0xB3, 0x12, 0xAE, 0xE7, 0xD7, 0x27, 0xED, 0xD3, 0x51, 0x9D, 0xA7, 0x2B, 0x74, 0x2D, 0x77,
    0xC9, 0x0F, 0x71, 0xE7, 0x23, 0x0E, 0xCF, 0x46, 0xBE, 0xBD, 0xAA, 0x45, 0x2E, 0x1D, 0xE4, 0x75,
    0x73, 0xE2, 0xBC, 0xB8, 0xD7, 0x5D, 0xF6, 0x5C, 0xE7, 0x6B, 0xBB, 0x6D, 0x5E, 0xA3, 0xF2, 0x84,
    0xEB, 0xA4, 0xD5, 0x1A, 0xC0, 0xF9, 0x6A, 0x04, 0xCF, 0x12, 0x6F, 0x86, 0xBB, 0x70, 0x3E, 0xCC,
    0x7B, 0x02, 0x8E, 0xCE, 0x9C, 0x37, 0x73, 0xC5, 0xCC, 0xB5, 0x33, 0x76, 0x91, 0x39, 0x09, 0xAE,
    0x9C, 0x19, 0x52, 0x7A, 0x35, 0x4C, 0x0D, 0xDD, 0xD6, 0x5D, 0x01, 0xBD, 0x42, 0x04, 0x6F, 0xB4,
    0x2C, 0x82, 0x9B, 0x3E, 0x34, 0x5B, 0x6F, 0xF4, 0x2B, 0x3C, 0x85, 0xA8, 0x75, 0x08, 0x49, 0x3B,
    0x0A, 0x0B, 0x8C, 0x58, 0x43, 0x63, 0xD7, 0x50, 0xF1, 0x1B, 0x0E, 0x37, 0x34, 0x11, 0x0D, 0xA2,
    0x18, 0x69, 0x68, 0x17, 0x1B, 0x5A, 0xC0, 0xA6, 0xA4, 0x17, 0x0D, 0x7A, 0x07, 0x78, 0x6A, 0x68,
    0x28, 0x1B, 0xBA, 0xE6, 0x06, 0xF1, 0x1C, 0x26, 0xB7, 0x72, 0x5C, 0x66, 0xFC, 0x71, 0x2B, 0x89,
    0x62, 0x48, 0x50, 0xF6, 0x77, 0xB9, 0xB2, 0xBB, 0x36, 0xAA, 0x93, 0x36, 0x7A, 0xD0, 0xA9, 0x65,
    0xD0, 0x39, 0xD1, 0x47, 0x9B, 0x09, 0x26, 0x15, 0x96, 0xB0, 0xC5, 0x81, 0xED, 0x74, 0x06, 0x6B,
    0xB0, 0x9F, 0xB6, 0xA0, 0xE0, 0x72, 0xDA, 0x6E, 0x24, 0xFD, 0xD7, 0xB4, 0x85, 0x2D, 0xF8, 0xE7,
    0xB4, 0x35, 0xBD, 0xF9, 0x78, 0xDA, 0x16, 0x43, 0xF9, 0xFB, 0x69, 0x0B, 0x7F, 0x93, 0x4C, 0x5B,
    0xE8, 0x37, 0x20, 0xCC, 0x00, 0x61, 0x3B, 0x11, 0xDA, 0x91, 0xD0, 0x0C, 0x84, 0x85, 0x23, 0x84,
    0xA6, 0xBC, 0x0C, 0x33, 0xDF, 0x2A, 0xE8, 0x09, 0x18, 0x13, 0xB7, 0xD0, 0x4C, 0xDF, 0xD0, 0xD5,
    0x6C, 0x03, 0x81, 0x75, 0x00, 0x06, 0xF1, 0xE8, 0x36, 0x47, 0xE8, 0xB9, 0x4D, 0x17, 0x06, 0x3B,
    0x07, 0x02, 0xFB, 0x00, 0xA0, 0xFC, 0x14, 0xA0, 0x78, 0xCA, 0x00, 0xE8, 0x02, 0x40, 0x02, 0x41,
    0x4B, 0x50, 0x11, 0x18, 0xAF, 0x38, 0x54, 0xBF, 0x55, 0x94, 0x6B, 0x49, 0x54, 0xEB, 0x69, 0x00,
    0x66, 0xB5, 0x05, 0x97, 0x2A, 0xCE, 0xAD, 0xCA, 0xB3, 0x55, 0xE6, 0x20, 0x12, 0x60, 0xF4, 0xD0,
    0xEF, 0xD4, 0x5A, 0x5C, 0x87, 0xB1, 0x3F, 0xCE, 0x89, 0xF3, 0xE3, 0xDA, 0xB8, 0x4F, 0xDC, 0x33,
    0xEE, 0x1F, 0xCD, 0x4A, 0xC4, 0xDB, 0x22, 0xD2, 0xE5, 0x6B, 0x23, 0x0F, 0x07, 0x98, 0x82, 0x97,
    0x2C, 0x23, 0xED, 0x06, 0xDF, 0xD9, 0xFF, 0xB0, 0xE7, 0xBC, 0x56, 0x4D, 0xD0, 0x2D, 0xBA, 0xF9,
    0x1A, 0x8A, 0x96, 0x17, 0x28, 0x6A, 0x6F, 0xA5, 0xC8, 0xF4, 0xED, 0x15, 0x45, 0xF5, 0xCB, 0x14,
    0x2D, 0xBA, 0xFF, 0xA8, 0xB8, 0x7A, 0xE2, 0x0D, 0xEA, 0x6B, 0x28, 0xB9, 0xC7, 0xA4, 0x45, 0x83,
    0x23, 0xEC, 0x33, 0x90, 0xD2, 0x48, 0x39, 0x69, 0xA5, 0x1D, 0x1D, 0x45, 0xF5, 0xEB, 0x7B, 0x40,
    0x95, 0xA4, 0xED, 0xD5, 0xC6, 0x01, 0xF8, 0xA3, 0x92, 0x30, 0x5E, 0x68, 0xE8, 0xAE, 0x1A, 0x1E,
    0x9F, 0xFE, 0xE2, 0xB9, 0x42, 0x90, 0x29, 0x89, 0xFA, 0x25, 0xE8, 0x55, 0x75, 0xA0, 0x97, 0xF7,
    0xD9, 0x54, 0x8C, 0x38, 0xAA, 0x7B, 0x9E, 0x3C, 0x50, 0x86, 0x47, 0x75, 0xDD, 0x70, 0x5A, 0x7A,
    0x18, 0x87, 0x23, 0x63, 0xFB, 0x72, 0x8C, 0x67, 0xA6, 0x0F, 0x86, 0x17, 0x87, 0xEF, 0x7A, 0x8F,
    0xA1, 0x12, 0xC2, 0x33, 0x38, 0xCA, 0x3A, 0x41, 0xD8, 0xD3, 0xD1, 0xBF, 0x29, 0x88, 0x91, 0xD5,
    0xFF, 0x0D, 0xEC, 0x56, 0xF6, 0xFF, 0x0F, 0x80, 0x65, 0x32, 0x11, 0xB3, 0x0D, 0xC6, 0x24, 0xC5,
    0xCC, 0x28, 0x43, 0x03, 0x0E, 0x30, 0x48, 0xD4, 0x27, 0xAB, 0x77, 0xB6, 0xF4, 0x4F, 0x15, 0xDD,
    0xB6, 0x21, 0x75, 0xB0, 0xC4, 0xC5, 0x90, 0xD3, 0x8C, 0xE1, 0x3C, 0xA5, 0x4B, 0xE9, 0xE8, 0x31,
    0x5B, 0xC1, 0x8E, 0x6C, 0xC7, 0x4A, 0x4B, 0x4E, 0x55, 0x0F, 0x18, 0xD2, 0x7D, 0x4A, 0xF0, 0x39,
    0xE3, 0xE5, 0x27, 0x0C, 0xE1, 0x19, 0x51, 0xA4, 0x41, 0x63, 0xAA, 0x55, 0x04, 0xF6, 0x1A, 0x74,
    0x33, 0x6D, 0xA0, 0x05, 0xC3, 0xB1, 0x6A, 0xB1, 0xFC, 0x07, 0x46, 0x28, 0x75, 0x45, 0x7F, 0xDD,
    0x8D, 0x4C, 0xE9, 0x7A, 0xF9, 0x8E, 0xFF, 0x85, 0x4F, 0xFE, 0x3D, 0xAB, 0x78, 0xA4, 0x23, 0x31,
    0x22, 0x29, 0xF6, 0xE7, 0x40, 0x9A, 0x4E, 0xF9, 0x40, 0xE4, 0xC9, 0x5C, 0xF4, 0x96, 0x01, 0x09,
    0x72, 0xF0, 0x8A, 0x2C, 0xBB, 0x2C, 0xEB, 0x92, 0x51, 0xCA, 0xBE, 0x8A, 0x21, 0x8B, 0xDD, 0x48,
    0xF1, 0x05, 0xA3, 0xCC, 0xB3, 0x78, 0xA6, 0x6A, 0x89, 0xC7, 0x32, 0x73, 0x3C, 0x99, 0x99, 0x62,
    0xB8, 0xC3, 0xBC, 0x8B, 0xB1, 0x0F, 0x63, 0xAE, 0x9D, 0xFA, 0x2C, 0x04, 0x2E, 0x38, 0xD9, 0x60,
    0x78, 0xAC, 0x8C, 0x67, 0x81, 0xC4, 0x81, 0x82, 0x4B, 0xC6, 0x4E, 0x96, 0xA8, 0xAA, 0x2F, 0x18,
    0x71, 0x33, 0x42, 0xCA, 0xB8, 0x43, 0xC6, 0xE5, 0x14, 0x27, 0x31, 0x5F, 0x11, 0xE1, 0x07, 0xD8,
    0x69, 0x4F, 0x41, 0x5A, 0x20, 0x8B, 0xF8, 0xDF, 0x53, 0xC6, 0x2D, 0xF2, 0x68, 0xDC, 0x00, 0xC8,
    0x36, 0x1A, 0x28, 0x4C, 0x97, 0x8C, 0x7A, 0xAD, 0x44, 0x16, 0x28, 0xFD, 0x96, 0xF3, 0x76, 0x5C,
    0xC1, 0xE8, 0x8A, 0x88, 0xF6, 0x3C, 0x94, 0xA5, 0xC4, 0x96, 0x7F, 0xA9, 0xD7, 0xCC, 0x2A, 0x5B,
    0xD6, 0x30, 0x2E, 0xD6, 0x04, 0x6E, 0x07, 0x4C, 0x8F, 0x9C, 0x02, 0x51, 0xBD, 0x60, 0x71, 0x20,
    0xA6, 0x78, 0x4A, 0x3B, 0xC5, 0x22, 0x66, 0x7A, 0x7A, 0x57, 0x74, 0x46, 0x51, 0x73, 0xCD, 0xD5,
    0x60, 0xBD, 0xC6, 0x87, 0xE9, 0xD5, 0xA0, 0x3F, 0xE6, 0x6D, 0x9A, 0x7D, 0x69, 0x1E, 0xD6, 0x8E,
    0xED, 0xB8, 0x95, 0x37, 0xF9, 0x72, 0xC5, 0xC9, 0x9A, 0x82, 0x31, 0x1D, 0xA3, 0x7E, 0x32, 0xEF,
    0x66, 0xFE, 0xCD, 0x74, 0x9D, 0xA1, 0xB3, 0xE6, 0xE5, 0xDB, 0x35, 0x4F, 0xBF, 0xF7, 0xF2, 0xC4,
    0xFE, 0xDA, 0xC4, 0x69, 0x9D, 0x78, 0xF2, 0x7C, 0xA2, 0x9D, 0xEC, 0x24, 0x6F, 0xF4, 0xD5, 0x15,
    0xDC, 0x9D, 0x84, 0x5B, 0xEC, 0xBC, 0xC5, 0xCE, 0x33, 0xC4, 0x6E, 0x44, 0xAE, 0xEB, 0x11, 0x8B,
    0xF7, 0x28, 0x88, 0xA0, 0xFC, 0x01, 0x27, 0x37, 0xFC, 0x42, 0x92, 0xC7, 0x36, 0xF2, 0xD6, 0x55,
    0xB5, 0x2A, 0x0A, 0x52, 0x03, 0x98, 0x59, 0x44, 0xD5, 0x66, 0xE8, 0x90, 0x87, 0x30, 0x23, 0xBB,
    0x56, 0xB4, 0x78, 0xA8, 0x11, 0xB2, 0xAB, 0xBE, 0x31, 0xCC, 0xCA, 0xDD, 0x86, 0x8A, 0x79, 0xBF,
    0x73, 0x65, 0xF8, 0xCA, 0xE5, 0x87, 0xC2, 0xAD, 0x59, 0xDF, 0xF7, 0x1B, 0x14, 0xE4, 0x80, 0x3D,
    0x83, 0xEB, 0xE8, 0x8A, 0xEA, 0x45, 0x13, 0xAE, 0x9B, 0x5A, 0xE9, 0xA8, 0xA1, 0xE1, 0xFE, 0x41,
    0x2E, 0x30, 0x7F, 0xEA, 0x58, 0x14, 0xE3, 0x79, 0x90, 0xD8, 0x0D, 0xF7, 0xD4, 0xD8, 0x53, 0xD5,
    0xCF, 0x5F, 0xDA, 0xFF, 0x7C, 0xED, 0xB7, 0x28, 0xF0, 0x94, 0x83, 0xD5, 0xC4, 0x8E, 0xEB, 0x62,
    0x66, 0x79, 0x43, 0xEB, 0xBE, 0x1C, 0x90, 0x08, 0x0E, 0xE5, 0xD0, 0x62, 0xB6, 0x81, 0x3A, 0x16,
    0xC3, 0x39, 0xDA, 0x72, 0xAD, 0xF1, 0x7D, 0x87, 0xC6, 0xF1, 0xAA, 0xEF, 0x50, 0xF9, 0x79, 0x36,
    0xA4, 0x2C, 0x9A, 0xAD, 0xFC, 0xC1, 0x5A, 0x2A, 0x3B, 0xAA, 0x22, 0x45, 0x7F, 0x8E, 0xAB, 0x3C,
    0xA6, 0x5E, 0xC7, 0xF3, 0x9C, 0xAD, 0xE1, 0x63, 0x39, 0x94, 0x4C, 0x8E, 0x6B, 0x26, 0x9D, 0x52,
    0x8D, 0x12, 0x46, 0x88, 0xBE, 0x96, 0xC7, 0xF8, 0x6B, 0xC3, 0x68, 0xC3, 0x18, 0x9F, 0x6F, 0xFD,
    0x45, 0xD4, 0x01, 0x31, 0x66, 0x8B, 0xA2, 0x1E, 0x6B, 0x5F, 0x68, 0xF8, 0xC7, 0x3B, 0xF4, 0xF8,
    0xA0, 0x75, 0xC1, 0xE2, 0x58, 0x1B, 0x20, 0xA1, 0x40, 0x8B, 0xAC, 0xC6, 0x97, 0x50, 0xCB, 0x53,
    0x64, 0x6B, 0xA7, 0x4C, 0x66, 0xDC, 0x4F, 0x41, 0x0A, 0xF3, 0x8C, 0x59, 0x6E, 0xBF, 0xAE, 0x03,
    0xAE, 0xCB, 0xD2, 0xD7, 0xE2, 0xCA, 0xCA, 0x3B, 0xB5, 0x7B, 0x48, 0x05, 0xDA, 0x7A, 0x13, 0x3D,
    0xE6, 0x6B, 0xBF, 0xF2, 0x51, 0x72, 0x09, 0x45, 0xD6, 0xB2, 0x20, 0x50, 0xDC, 0xF2, 0x4D, 0x67,
    0x3B, 0xDA, 0xFE, 0x95, 0x27, 0xD6, 0x53, 0x2E, 0x6A, 0x73, 0x16, 0x96, 0xA3, 0x68, 0xE5, 0x21,
    0x03, 0xCC, 0xAA, 0x98, 0x21, 0x2E, 0x7B, 0xFA, 0x87, 0x3A, 0x8E, 0x71, 0x4E, 0x42, 0xEA, 0xF7,
    0x5C, 0x57, 0x2F, 0x37, 0x7D, 0xA6, 0xCE, 0xB5, 0xFE, 0x22, 0x7C, 0x1D, 0x96, 0xF0, 0x87, 0x8B,
    0xBF, 0x5F, 0x82, 0x17, 0x62, 0xB9, 0x00, 0xE0, 0xEC, 0x0D, 0xC1, 0x84, 0x5B, 0xBB, 0xF8, 0x2F,
    0xB9, 0x79, 0x2C, 0x83, 0xB1, 0xC2, 0x02, 0xB1, 0x1E, 0x18, 0x58, 0x9C, 0xA3, 0x51, 0x9D, 0xE9,
    0x49, 0x16, 0xAD, 0xC8, 0x30, 0x17, 0xD3, 0xD2, 0xD4, 0x70, 0xBD, 0x12, 0x33, 0xB5, 0x47, 0xBC,
    0x77, 0x57, 0x3A, 0xD6, 0x2B, 0x17, 0x28, 0xDD, 0x4D, 0x3C, 0x96, 0xEE, 0x1F, 0x50, 0x9A, 0x8B,
    0x37, 0x54, 0x9A, 0x0B, 0x28, 0xCD, 0x07, 0x37, 0x2A, 0xE1, 0xD4, 0xD5, 0xDF, 0x05, 0x9C, 0x4E,
    0xA2, 0x13, 0x7F, 0xFD, 0x2F, 0x09, 0xC0, 0xBD, 0x94, 0x03, 0x62, 0x73, 0xDA, 0x5A, 0xBA, 0x37,
    0xCA, 0xBB, 0x67, 0x95, 0x84, 0x4E, 0x0F, 0x02, 0x77, 0x66, 0xEF, 0x2F, 0x55, 0x98, 0x50, 0x72,
    0x44, 0xDD, 0x39, 0xBD, 0xA6, 0x36, 0xD0, 0xB1, 0xF6, 0x56, 0x1D, 0x1B, 0x1F, 0xA7, 0xAC, 0x10,
    0xA2, 0xD0, 0x58, 0xDC, 0xB9, 0xD1, 0xD7, 0x57, 0x43, 0x87, 0xE0, 0xEA, 0x19, 0xF2, 0xEC, 0x07,
    0x30, 0x03, 0x32, 0x6F, 0xB4, 0x60, 0x80, 0xBA, 0x54, 0x8D, 0x12, 0x02, 0x2A, 0x09, 0xAC, 0x22,
    0xD3, 0xEC, 0xF2, 0x7E, 0x58, 0x31, 0xD3, 0x22, 0xC2, 0x39, 0x84, 0x7E, 0xC3, 0x68, 0x73, 0xA4,
    0x7D, 0xD0, 0x88, 0x8E, 0x55, 0xD4, 0x64, 0xDC, 0x68, 0xB4, 0x82, 0x88, 0x7B, 0xE0, 0x1A, 0x3B,
    0xE6, 0x58, 0x7D, 0x8A, 0x8A, 0xBB, 0xE9, 0xCF, 0x27, 0x1A, 0xED, 0x09, 0xD5, 0x92, 0x6C, 0x18,
    0x99, 0xA1, 0x7C, 0x3D, 0x9E, 0x02, 0xD7, 0x53, 0x7F, 0x0F, 0x9A, 0xFD, 0xAC, 0x2F, 0x99, 0x16,
    0xF4, 0x2C, 0x5E, 0x76, 0xCE, 0xB0, 0x94, 0xA0, 0x05, 0x29, 0x1E, 0x84, 0xC0, 0xD3, 0x3B, 0xE3,
    0xAC, 0x75, 0x06, 0x0C, 0x94, 0x1A, 0x39, 0x8C, 0xD1, 0x39, 0x58, 0x60, 0x67, 0x1E, 0x74, 0x39,
    0xAB, 0x54, 0xB1, 0xB6, 0x46, 0x77, 0x4E, 0xC8, 0xEA, 0xDE, 0x4E, 0x73, 0xDB, 0x95, 0x22, 0x17,
    0x29, 0x62, 0x69, 0x84, 0xB5, 0xB7, 0x74, 0x02, 0xD3, 0xE7, 0x6D, 0xA4, 0xA8, 0x99, 0x56, 0x6A,
    0xD6, 0xCA, 0xAC, 0x3A, 0xA0, 0xD5, 0x02, 0x9E, 0xAE, 0x02, 0x14, 0x3D, 0x39, 0x8B, 0x9D, 0xAB,
    0xB9, 0x5E, 0xAB, 0x69, 0xF9, 0x5A, 0xFD, 0x5B, 0x2B, 0x7F, 0xF4, 0xF8, 0xD9, 0x78, 0xAD, 0x20,
    0x88, 0xF9, 0xBA, 0xA6, 0xCB, 0x42, 0xAE, 0x35, 0x7F, 0x70, 0x02, 0xBC, 0x40, 0x4D, 0x5F, 0xBF,
    0x0C, 0x10, 0x79, 0x5E, 0x3E, 0xE7, 0xF8, 0xC6, 0x19, 0xE0, 0xBC, 0x47, 0x6C, 0xD3, 0xFD, 0xEE,
    0xFC, 0xD5, 0x1F, 0xD4, 0xE5, 0xBC, 0xBA, 0xBC, 0x58, 0xFB, 0x47, 0xE5, 0x9F, 0xB5, 0x7F, 0x54,
    0xB5, 0x66, 0xAD, 0xC4, 0xCF, 0x69, 0x7C, 0x3B, 0xCE, 0x98, 0x71, 0x33, 0x5E, 0x23, 0x89, 0x3F,
    0xE7, 0xB3, 0x8C, 0x65, 0xF8, 0x70, 0xDC, 0x14, 0x61, 0x38, 0x41, 0x79, 0xEE, 0xE7, 0x22, 0xF2,
    0x1F, 0xCD, 0x59, 0x3D, 0x93, 0xDC, 0xC6, 0x11, 0x6D, 0x60, 0x6C, 0xC2, 0x26, 0xCA, 0x1E, 0x15,
    0x95, 0xB9, 0x5C, 0x84, 0x43, 0x96, 0x8A, 0xDC, 0x49, 0x1C, 0x28, 0xD8, 0xDD, 0x01, 0xC5, 0xD0,
    0xFF, 0xC4, 0xC9, 0x31, 0x50, 0xC0, 0xE0, 0x6E, 0x17, 0xB4, 0x02, 0x05, 0x0C, 0xEC, 0x9F, 0xA0,
    0x90, 0x99, 0x19, 0x30, 0xB8, 0x2A, 0xED, 0x1D, 0x46, 0x66, 0x70, 0xA1, 0xC7, 0x76, 0xA8, 0xC0,
    0x28, 0x9B, 0x55, 0x0A, 0x39, 0x96, 0x51, 0x36, 0x5C, 0xC4, 0xEE, 0xF8, 0xF5, 0x0C, 0xF6, 0x6E,
    0xEF, 0x8E, 0x47, 0x9F, 0x74, 0x4B, 0x1F, 0xB1, 0x98, 0xC6, 0xD7, 0xA0, 0xBB, 0xA7, 0xA7, 0xE7,
    0x75, 0xA3, 0x57, 0x91, 0x2E, 0x75, 0xA9, 0x28, 0x6E, 0xB7, 0xA9, 0x20, 0xF5, 0xC6, 0x1F, 0xD1,
    0xEF, 0xD0, 0x1A, 0xA2, 0xC4, 0xC6, 0x36, 0x5F, 0x92, 0xF0, 0xBE, 0x92, 0x7F, 0xFB, 0xDA, 0xA8,
    0x4F, 0x0C, 0x4D, 0x85, 0xA1, 0x3D, 0xB4, 0xC5, 0x46, 0xDB, 0x13, 0x15, 0x69, 0x34, 0xF5, 0xA0,
    0x2A, 0xE5, 0x37, 0x4F, 0x0C, 0xF7, 0xA7, 0x9D, 0x25, 0x51, 0x4E, 0x27, 0xED, 0x06, 0xEE, 0x91,
    0xF2, 0x0E, 0x1C, 0x3F, 0xE9, 0x89, 0x7A, 0xDA, 0xA3, 0xA4, 0xC3, 0xFD, 0xB4, 0x65, 0xE2, 0xCE,
    0x13, 0xCD, 0x5C, 0xE6, 0x4C, 0xDE, 0xF4, 0x34, 0x10, 0xC1, 0x24, 0xB3, 0xB1, 0xB3, 0x8F, 0x84,
    0xB7, 0xBB, 0xD0, 0x5C, 0xEF, 0x7C, 0xD3, 0x48, 0xBC, 0x2D, 0xDC, 0x9C, 0x32, 0x23, 0x29, 0x2F,
    0xF3, 0x4A, 0x52, 0x56, 0x49, 0x1C, 0x73, 0x23, 0x4B, 0xBE, 0x9F, 0xE3, 0xB9, 0x42, 0xBF, 0xBB,
    0x61, 0xA4, 0xE0, 0xC2, 0x2C, 0xA5, 0xA1, 0xDC, 0xE6, 0x96, 0xA4, 0x01, 0x7B, 0xCD, 0xFA, 0xCD,
    0x58, 0x5D, 0xE8, 0x3C, 0x63, 0x85, 0x35, 0x0B, 0x2D, 0x9E, 0xA0, 0xBF, 0xFC, 0xA3, 0x41, 0x7F,
    0x5F, 0x42, 0x19, 0xCF, 0x27, 0x10, 0x2E, 0xA2, 0x06, 0xFD, 0xB9, 0xCB, 0x33, 0x64, 0x77, 0x63,
    0xE3, 0x5B, 0x9B, 0xD7, 0x89, 0x6F, 0x72, 0xDF, 0x4B, 0xBB, 0x8B, 0xC9, 0xE0, 0xBD, 0x22, 0xD9,
    0x52, 0x06, 0x45, 0xEB, 0x76, 0x9C, 0xF5, 0x0B, 0xAA, 0x17, 0xA4, 0x30, 0x93, 0xAA, 0x9D, 0x66,
    0xBE, 0xA3, 0xB9, 0xA3, 0x14, 0x0C, 0x17, 0x44, 0x63, 0xB0, 0x99, 0x26, 0x9D, 0xF6, 0x0E, 0x9D,
    0x27, 0xB9, 0x39, 0x94, 0x06, 0x94, 0x12, 0xCF, 0x56, 0x56, 0x6C, 0x47, 0xF2, 0x65, 0xE1, 0x82,
    0xD1, 0x7A, 0xCA, 0xAB, 0xBA, 0x55, 0x54, 0x08, 0xBF, 0xCA, 0xCB, 0xB1, 0x6C, 0x46, 0xC2, 0x7C,
    0x0C, 0x61, 0xA9, 0xF9, 0x74, 0xCA, 0xD3, 0xFF, 0x6C, 0x12, 0x28, 0xEB, 0xE6, 0xE2, 0xF9, 0xC3,
    0x70, 0x9F, 0xFB, 0x24, 0x76, 0x2C, 0x2D, 0xFA, 0xC7, 0x77, 0xC1, 0xA7, 0x51, 0x03, 0xCF, 0xC8,
    0x7F, 0x90, 0x15, 0xE4, 0xE6, 0xAD, 0x5E, 0xDE, 0x19, 0x91, 0xCC, 0xFD, 0x54, 0x3E, 0x97, 0x8F,
    0xB4, 0x7A, 0x45, 0x65, 0x99, 0xFE, 0xA9, 0xC9, 0x5E, 0x18, 0xF9, 0xAB, 0x4A, 0x15, 0x34, 0x9E,
    0xD0, 0x62, 0x4C, 0x93, 0x11, 0x15, 0x98, 0xA1, 0xCF, 0x8D, 0x78, 0x61, 0x13, 0xC3, 0x53, 0x01,
    0xC3, 0x55, 0x3E, 0xF0, 0xC9, 0x4F, 0xB7, 0x8B, 0x86, 0xF3, 0xB9, 0x87, 0x1A, 0x45, 0xE6, 0x7B,
    0x0C, 0x27, 0x33, 0x33, 0x0C, 0x27, 0x33, 0x0A, 0xC3, 0x01, 0xC5, 0x40, 0x32, 0xB3, 0xC7, 0x14,
    0xEF, 0x3A, 0x50, 0x83, 0xE1, 0x64, 0x2F, 0x1C, 0x86, 0x93, 0x99, 0x0E, 0xC3, 0xC9, 0xCC, 0x01,
    0x86, 0x83, 0x9E, 0x18, 0xCE, 0x6F, 0xAA, 0x9B, 0x3B, 0x17, 0x0E, 0x67, 0xEE, 0x0D, 0xF6, 0x6C,
    0x49, 0x85, 0x2F, 0xA7, 0xB9, 0xD9, 0x4F, 0x9B, 0x36, 0x71, 0xD8, 0x71, 0x82, 0x4B, 0xDC, 0xC4,
    0x23, 0x92, 0xD5, 0xB9, 0x56, 0x7B, 0xDF, 0x72, 0x7B, 0xD3, 0xB3, 0xD0, 0xB0, 0xAD, 0xFB, 0x48,
    0xA7, 0xFB, 0xC5, 0xEE, 0xB3, 0x31, 0xE6, 0xF3, 0x79, 0xDA, 0xE4, 0xD5, 0x88, 0xEA, 0xA5, 0x5F,
    0xC9, 0x46, 0xF7, 0xBB, 0xE3, 0x87, 0x63, 0xDA, 0x15, 0xAD, 0xE8, 0x69, 0xD2, 0x4E, 0xE6, 0x7D,
    0xE1, 0xF2, 0xA6, 0xA8, 0x34, 0xE6, 0xFE, 0x00, 0xCE, 0x7A, 0xD9, 0x56, 0x93, 0x36, 0xF5, 0x63,
    0xDF, 0xD4, 0xFE, 0xEF, 0x7E, 0xE1, 0xCB, 0x15, 0x3C, 0x87, 0x36, 0x1B, 0xCF, 0x79, 0x0A, 0xD3,
    0xB7, 0x05, 0x13, 0xED, 0xCD, 0x18, 0xAA, 0x81, 0xF8, 0xD3, 0x24, 0xDC, 0x0B, 0x4F, 0x25, 0x93,
    0x94, 0x09, 0xE5, 0x57, 0x20, 0x37, 0xAA, 0x3B, 0xA4, 0xCA, 0xB9, 0x99, 0x1B, 0x55, 0xFE, 0x98,
    0x7E, 0x42, 0xCA, 0xA4, 0xEE, 0x56, 0x33, 0xAF, 0x92, 0x2A, 0xB7, 0xCA, 0xCE, 0xED, 0x2D, 0x9B,
    0x1E, 0xFF, 0xF4, 0x12, 0x86, 0x56, 0x98, 0x03, 0x69, 0x80, 0x3F, 0xFB, 0xC2, 0x62, 0xC7, 0x09,
    0x2E, 0x55, 0x98, 0x83, 0x0F, 0x7E, 0x40, 0xE3, 0x31, 0x4D, 0x15, 0x49, 0xAC, 0xF6, 0x23, 0x23,
    0xFE, 0xDC, 0xA4, 0xFF, 0x70, 0xF0, 0x2D, 0xF9, 0xC4, 0xC0, 0xCF, 0xC6, 0x23, 0xFA, 0xF8, 0x2E,
    0x9B, 0x3C, 0xAD, 0x80, 0x0C, 0x58, 0x22, 0x12, 0x26, 0xA1, 0x11, 0x7D, 0x69, 0x60, 0xF3, 0x0F,
    0x0D, 0xB5, 0x24, 0x4C, 0x02, 0xC7, 0x32, 0x80, 0x36, 0x61, 0xE0, 0x73, 0x02, 0xF0, 0x01, 0x72,
    0x0F, 0x8B, 0xBF, 0xDF, 0x4D, 0x80, 0x8F, 0xAD, 0x68, 0x28, 0x69, 0x64, 0xC3, 0x37, 0x1B, 0x78,
    0xE5, 0xA3, 0x06, 0x3C, 0x5C, 0x43, 0x13, 0x61, 0x1A, 0xCC, 0x90, 0xEF, 0xC9, 0x81, 0xA4, 0x40,
    0xD1, 0x06, 0x3C, 0xA8, 0x49, 0xB0, 0x86, 0x31, 0x4A, 0xC8, 0xD0, 0x2C, 0xE3, 0x4B, 0x96, 0xF1,
    0xE1, 0x45, 0x32, 0x84, 0xD9, 0x65, 0x41, 0xAD, 0xB2, 0x90, 0x01, 0xBC, 0x14, 0x5F, 0xB9, 0x8E,
    0xF2, 0xC7, 0x76, 0x1F, 0x3C, 0xC8, 0xD1, 0x04, 0x77, 0x31, 0x49, 0x59, 0x85, 0xF3, 0x82, 0x52,
    0x3E, 0x87, 0xBA, 0xBE, 0x03, 0xA2, 0xC1, 0xF9, 0x99, 0xA5, 0xE2, 0xD5, 0x8D, 0x85, 0x25, 0xE9,
    0x97, 0x23, 0x74, 0x87, 0x40, 0x74, 0x69, 0xD1, 0x5D, 0x04, 0x95, 0xB0, 0x74, 0x69, 0x7F, 0x24,
    0x4B, 0xD2, 0xCB, 0x02, 0x48, 0xD6, 0x8E, 0xE9, 0x0B, 0xA2, 0x7D, 0x76, 0x79, 0x87, 0xD7, 0x53,
    0x7B, 0xDB, 0xC1, 0x2A, 0x63, 0x47, 0xB2, 0x74, 0x8E, 0x46, 0xA9, 0x75, 0x34, 0xC6, 0x4A, 0x47,
    0x0F, 0xBF, 0x24, 0xEE, 0x24, 0x6C, 0x54, 0x83, 0x7C, 0xD8, 0x27, 0x74, 0xB2, 0x8D, 0x23, 0x0A,
    0x51, 0x02, 0x0D, 0x80, 0x9D, 0x15, 0x30, 0x9E, 0xFA, 0x61, 0xFF, 0x60, 0x7E, 0xBF, 0x53, 0xBE,
    0x05, 0x36, 0xD1, 0x47, 0xDC, 0x57, 0x19, 0xC6, 0x6E, 0x06, 0xF0, 0x10, 0x06, 0xB8, 0xEB, 0xE6,
    0xB6, 0xE2, 0x07, 0x3E, 0xF8, 0x22, 0x00, 0x56, 0xBC, 0xE2, 0xD5, 0xFF, 0x35, 0x5E, 0x91, 0x47,
    0x18, 0x82, 0xFC, 0x8C, 0xD7, 0x25, 0x47, 0x0E, 0x4D, 0x1D, 0xBF, 0x1A, 0x24, 0x00, 0xA6, 0x3B,
    0x06, 0x6C, 0x07, 0xD8, 0x64, 0xE4, 0xAD, 0x32, 0x10, 0x03, 0x38, 0xCF, 0x2C, 0xD6, 0x98, 0x70,
    0xAA, 0xC4, 0x33, 0xCD, 0xF2, 0x66, 0x8C, 0xC2, 0x8C, 0xC5, 0x07, 0xB8, 0x7A, 0xCA, 0x7A, 0x70,
    0x10, 0x92, 0x26, 0x86, 0x80, 0x01, 0xA6, 0xAF, 0x41, 0x97, 0xD5, 0x5A, 0x46, 0x7E, 0x04, 0x23,
    0x17, 0x89, 0xBB, 0x16, 0x35, 0xF2, 0xF6, 0x11, 0xA3, 0x1E, 0x58, 0x8D, 0x55, 0x73, 0x2D, 0x1A,
    0x84, 0x91, 0xEB, 0x07, 0xED, 0xF5, 0xD9, 0x20, 0x08, 0x12, 0x47, 0x2C, 0xE3, 0xB3, 0x6A, 0x38,
    0x0B, 0xF7, 0xFE, 0xCF, 0x6A, 0x30, 0x12, 0x0F, 0xD9, 0x04, 0x0E, 0x79, 0x4C, 0x6F, 0x64, 0x1D,
    0x0E, 0x2A, 0x66, 0x73, 0x53, 0xC5, 0xBA, 0xD1, 0xA2, 0x08, 0x71, 0xA4, 0x0B, 0xE1, 0x24, 0x75,
    0xC1, 0x99, 0x05, 0x67, 0x40, 0x48, 0x67, 0x4C, 0x38, 0xC8, 0x6A, 0xF0, 0xF0, 0xDC, 0xC4, 0x8C,
    0x69, 0x08, 0xB4, 0x36, 0x2C, 0x41, 0x40, 0x1A, 0xC7, 0x3D, 0x3E, 0x64, 0x4D, 0x88, 0x80, 0xE8,
    0x1D, 0x72, 0x9D, 0x8A, 0xC5, 0xF7, 0x3A, 0x28, 0xD3, 0x23, 0x8F, 0x6B, 0x63, 0x6E, 0x96, 0xF8,
    0x72, 0xC7, 0x62, 0xE1, 0x88, 0xC8, 0x56, 0x55, 0xEB, 0xD5, 0x33, 0x67, 0x72, 0x48, 0x71, 0x00,
    0x9B, 0xE4, 0xF0, 0xF8, 0x69, 0xE8, 0xA7, 0xAB, 0xF5, 0xA2, 0xCB, 0xC1, 0xC5, 0xA6, 0xCC, 0x8F,
    0xC3, 0x60, 0x89, 0x71, 0xB6, 0x11, 0x4D, 0xD0, 0x89, 0x07, 0x97, 0x85, 0xC1, 0x30, 0xC1, 0xC3,
    0x9B, 0x00, 0x60, 0xC1, 0xCF, 0x97, 0x03, 0xA3, 0xC0, 0x22, 0x6E, 0x48, 0x17, 0x1B, 0x6E, 0x6C,
    0xC2, 0x8B, 0xDA, 0x1C, 0x60, 0xC6, 0xED, 0x6D, 0x7D, 0x66, 0x1B, 0xBC, 0x88, 0x3E, 0x2A, 0xC3,
    0x8C, 0x0B, 0x4E, 0x68, 0x78, 0x5D, 0x96, 0xEF, 0x56, 0x5E, 0x81, 0xF1, 0x20, 0xAD, 0xA3, 0x96,
    0x27, 0x65, 0xFA, 0x4E, 0x65, 0x09, 0x3B, 0x01, 0x06, 0xCF, 0x61, 0xFD, 0x77, 0x2B, 0x07, 0x16,
    0x2C, 0xEC, 0x3A, 0xAD, 0xD2, 0x6B, 0x49, 0xB3, 0xAB, 0xED, 0x4F, 0x45, 0x27, 0xAD, 0x2E, 0x17,
    0x03, 0xAF, 0xCB, 0xFE, 0x90, 0x2E, 0x67, 0x2B, 0xE4, 0x9B, 0xD5, 0x44, 0xD8, 0xA8, 0x07, 0xBC,
    0xFF, 0x2A, 0x3B, 0xF8, 0x1C, 0xE6, 0x6E, 0x5B, 0xDC, 0xB0, 0xD6, 0x5E, 0xC6, 0x05, 0x5F, 0xB2,
    0xC1, 0x76, 0xC2, 0x5A, 0x84, 0xEB, 0xB1, 0xF1, 0x96, 0x81, 0xEA, 0x48, 0x4B, 0xA6, 0xAA, 0x8A,
    0x2B, 0xD5, 0x23, 0x51, 0x58, 0xD3, 0x78, 0xE7, 0x84, 0xC6, 0x3E, 0xB1, 0xBF, 0x3E, 0xE1, 0x13,
    0x79, 0x32, 0xFF, 0x28, 0xCB, 0x87, 0x45, 0x57, 0x34, 0xDC, 0x8B, 0x3F, 0xD3, 0x1E, 0xED, 0x98,
    0x0D, 0xE0, 0xDD, 0x65, 0x34, 0x99, 0x07, 0x62, 0x98, 0x34, 0x4C, 0xB0, 0x6C, 0x9B, 0x59, 0x0F,
    0xB2, 0xEB, 0x99, 0xE8, 0x0A, 0x44, 0x5A, 0x90, 0xCC, 0x81, 0xA4, 0x3D, 0x08, 0xAD, 0x98, 0xE8,
    0x07, 0x20, 0xC5, 0x0B, 0x90, 0xFC, 0x9F, 0x20, 0xE2, 0x35, 0x08, 0x79, 0x26, 0x73, 0x26, 0x8A,
    0x89, 0x6C, 0x82, 0x0C, 0xFA, 0x59, 0xC0, 0xB1, 0x3C, 0xE0, 0x7E, 0x1A, 0x52, 0x83, 0x88, 0x1E,
    0xA4, 0xCA, 0xD3, 0x61, 0x19, 0x50, 0xF4, 0x32, 0x02, 0x59, 0x49, 0x0C, 0x46, 0x0D, 0x87, 0x71,
    0x8C, 0x8A, 0xF1, 0x60, 0x19, 0xF0, 0x68, 0x1E, 0x7C, 0x4D, 0x07, 0x57, 0x54, 0x15, 0xC3, 0x4F,
    0x61, 0x0E, 0x02, 0x62, 0x6C, 0xD2, 0x78, 0x3F, 0xF6, 0x89, 0xFD, 0xE3, 0xBB, 0x91, 0x4F, 0xE4,
    0x19, 0xF9, 0xB3, 0x3F, 0x97, 0x6B, 0xB9, 0x44, 0xBF, 0x0E, 0x2A, 0x86, 0x64, 0x21, 0x24, 0x32,
    0x03, 0x12, 0x4D, 0xE9, 0xFD, 0xD2, 0x33, 0x40, 0x28, 0xBD, 0x0E, 0x18, 0xFA, 0x2D, 0xEB, 0x99,
    0x9B, 0xC5, 0x7B, 0xA5, 0xA1, 0xF8, 0xCF, 0x3D, 0xD6, 0x8A, 0x23, 0x1C, 0x3E, 0x15, 0xDB, 0xF7,
    0x4A, 0xB7, 0x68, 0x2B, 0x69, 0x96, 0xEF, 0xA1, 0xDD, 0xB0, 0xFD, 0x9C, 0x12, 0xA3, 0x11, 0xB0,
    0xA5, 0x29, 0xB0, 0xCA, 0xC1, 0x61, 0xC5, 0x25, 0x8A, 0x86, 0xD6, 0x41, 0x24, 0xE9, 0x80, 0x76,
    0x8D, 0x46, 0x10, 0x97, 0x66, 0x8A, 0xF5, 0xFE, 0x23, 0xA2, 0x0A, 0x6F, 0x77, 0x2A, 0x68, 0xDD,
    0x07, 0xAE, 0x2D, 0x4B, 0xC8, 0x18, 0x39, 0x48, 0xF6, 0x2C, 0x79, 0x3A, 0x63, 0xAD, 0x17, 0x41,
    0x6B, 0xE4, 0x25, 0x87, 0x08, 0x0F, 0x45, 0x75, 0xC0, 0x69, 0x04, 0xF4, 0x2D, 0x82, 0xD6, 0x93,
    0xA0, 0xF5, 0x3E, 0xC4, 0xCC, 0x91, 0xA1, 0x41, 0x6B, 0x44, 0x67, 0x14, 0x98, 0x7E, 0x8B, 0x8A,
    0x0D, 0x15, 0xAF, 0x58, 0xEB, 0xBC, 0x0F, 0x08, 0xB3, 0x62, 0xAD, 0xD3, 0x80, 0x30, 0xF9, 0x11,
    0x6B, 0x5D, 0x04, 0xBD, 0xEF, 0x44, 0xF5, 0x9F, 0x86, 0x2F, 0x5F, 0x5A, 0xA7, 0x0F, 0x39, 0xA7,
    0x9B, 0xC9, 0x29, 0x07, 0x38, 0x18, 0xAC, 0xB4, 0x05, 0xA2, 0x39, 0x97, 0xD1, 0x6C, 0x5D, 0x18,
    0xE7, 0x90, 0xF2, 0x2E, 0xE3, 0xF1, 0x73, 0x80, 0x57, 0x21, 0xB3, 0xBB, 0xF1, 0xC5, 0xFA, 0xB3,
    0x64, 0xBE, 0xFE, 0x08, 0x10, 0xCD, 0xF5, 0xE8, 0x12, 0xF2, 0x1B, 0xC9, 0xCE, 0xA1, 0xD8, 0x5E,
    0x8B, 0xDC, 0x5C, 0x8B, 0x1A, 0x41, 0x2E, 0x4A, 0x51, 0xD7, 0xA7, 0x01, 0xA5, 0x3C, 0x29, 0xB2,
    0x59, 0xC3, 0xD8, 0x72, 0x5D, 0xFA, 0x3B, 0xDE, 0x96, 0x0C, 0xBE, 0x9A, 0x59, 0xC1, 0x85, 0x14,
    0xE7, 0xA2, 0x9A, 0x9D, 0xF9, 0x80, 0x6D, 0xC8, 0x89, 0x37, 0xC7, 0xBB, 0x43, 0x64, 0xB4, 0xA4,
    0x79, 0x35, 0x15, 0xBF, 0x07, 0x17, 0xC9, 0x69, 0xB4, 0xE8, 0xD7, 0xF1, 0x25, 0xB9, 0x1C, 0x39,
    0x9F, 0xDB, 0x74, 0x61, 0x35, 0xCE, 0x68, 0xC7, 0xCE, 0x20, 0x72, 0x06, 0x89, 0xB3, 0x90, 0xBE,
    0x73, 0x4B, 0xBB, 0x78, 0xCD, 0xF7, 0x77, 0x0C, 0xF7, 0x9B, 0xFB, 0xF6, 0x1C, 0x0F, 0xAA, 0x51,
    0x3E, 0x40, 0x1E, 0x85, 0x02, 0x07, 0xF8, 0xA0, 0x9A, 0x81, 0xD6, 0x87, 0xA6, 0xCA, 0x1E, 0x43,
    0x63, 0xED, 0x7B, 0xE8, 0x1D, 0x1B, 0xCE, 0x91, 0xB9, 0xF4, 0xE4, 0xB9, 0x4F, 0x83, 0xF5, 0xE5,
    0x7A, 0x18, 0x23, 0x1C, 0x97, 0xB9, 0xED, 0x6B, 0x5F, 0xF5, 0xC5, 0x92, 0x3F, 0xBE, 0x63, 0xC4,
    0x54, 0x01, 0xB2, 0x4E, 0x2C, 0x05, 0x59, 0xA8, 0x8F, 0x91, 0xB4, 0x35, 0xDD, 0x0C, 0xC1, 0x74,
    0xA3, 0x02, 0xB5, 0x13, 0xBE, 0x47, 0x2A, 0xF5, 0x52, 0x62, 0x32, 0x64, 0x35, 0xE5, 0x49, 0xB9,
    0x5F, 0x57, 0x85, 0xFF, 0x6B, 0x95, 0xAD, 0xB8, 0xEC, 0xD6, 0xC7, 0x6A, 0x2B, 0xF3, 0x2B, 0x68,
    0x3B, 0x3C, 0x79, 0xA9, 0x21, 0x8F, 0x48, 0x5A, 0xCE, 0xFE, 0xC7, 0xDB, 0xE1, 0xB9, 0xBA, 0x47,
    0x5C, 0x7E, 0x11, 0x47, 0x67, 0xA2, 0xC8, 0x15, 0x78, 0x72, 0xFE, 0x92, 0xB9, 0x15, 0x27, 0x38,
    0x5B, 0xE3, 0x19, 0xF1, 0x1D, 0x4E, 0xE9, 0xB8, 0xA2, 0xF2, 0x8C, 0xE8, 0x61, 0x33, 0x40, 0xE0,
    0x16, 0x78, 0xD7, 0x4D, 0xD1, 0xF1, 0xDB, 0xB5, 0x2F, 0xA5, 0x9D, 0x75, 0xD2, 0xFC, 0x10, 0x59,
    0x1D, 0x23, 0x99, 0xE4, 0x92, 0x13, 0x73, 0x70, 0x5C, 0xD4, 0xF4, 0x8E, 0x13, 0x3F, 0xEF, 0x64,
    0xCB, 0x7C, 0x75, 0x08, 0x36, 0xD3, 0x10, 0x37, 0xA6, 0x1C, 0x41, 0x4A, 0xFD, 0x78, 0xD9, 0x67,
    0xAE, 0xF0, 0xAE, 0xF6, 0x16, 0x55, 0xEE, 0x62, 0x35, 0x68, 0x85, 0xDC, 0xD9, 0x8E, 0x42, 0x58,
    0x9B, 0x0D, 0x25, 0xC3, 0x7E, 0xA3, 0x2D, 0x86, 0x52, 0x8E, 0x0E, 0x58, 0xAA, 0x82, 0x77, 0x27,
    0x9C, 0x59, 0xFE, 0x74, 0x00, 0x79, 0x56, 0xE4, 0x16, 0xFF, 0x0B, 0x60, 0xA2, 0xA7, 0xCE, 0x2E,
    0xF6, 0xD4, 0xC2, 0x72, 0xF8, 0x94, 0xD5, 0x5E, 0x88, 0xBC, 0x99, 0xE1, 0x0F, 0x66, 0x6E, 0x67,
    0xE5, 0x14, 0xB6, 0x30, 0x19, 0x47, 0x98, 0x1A, 0xCB, 0x74, 0xD3, 0x53, 0x25, 0x6D, 0x87, 0xE7,
    0xE0, 0xA9, 0xE1, 0x8B, 0xCC, 0x4E, 0xB6, 0xC2, 0xF3, 0x7F, 0x79, 0xD5, 0xF7, 0xE1, 0xC9, 0x73,
    0x08, 0xF3, 0x06, 0x78, 0x14, 0xEE, 0xAD, 0xBF, 0x36, 0xB7, 0xEC, 0x39, 0xF1, 0x5B, 0xFC, 0x6D,
    0x3F, 0xA0, 0x28, 0x92, 0x82, 0x69, 0x41, 0xFB, 0xD9, 0xE0, 0x9E, 0xC2, 0x7D, 0x87, 0x1D, 0x2F,
    0xCE, 0x75, 0x35, 0xDD, 0x80, 0x8C, 0xEF, 0xF4, 0x7A, 0x88, 0x00, 0xED, 0x4D, 0x24, 0x10, 0x48,
    0x91, 0x76, 0x30, 0x13, 0xD0, 0x85, 0xA6, 0x18, 0xF7, 0x2F, 0xD8, 0x67, 0x51, 0x16, 0xA8, 0xFF,
    0x62, 0xE1, 0x61, 0x0D, 0xF0, 0x13, 0x31, 0x20, 0x77, 0x07, 0xC7, 0x98, 0x38, 0xE0, 0x22, 0xEC,
    0x7B, 0x80, 0x0A, 0x0B, 0x5B, 0x06, 0x16, 0x2D, 0x73, 0xD4, 0x30, 0xD9, 0xC2, 0xA2, 0xFB, 0x14,
    0x51, 0x00, 0x29, 0x4F, 0x61, 0x4F, 0x19, 0xBF, 0xC5, 0xB3, 0xD7, 0xB0, 0xBE, 0xAF, 0x56, 0x40,
    0x5F, 0x4D, 0x11, 0x87, 0x8B, 0x4B, 0xB5, 0x63, 0x6F, 0x2E, 0xD6, 0x15, 0x8B, 0xF5, 0x8C, 0xF2,
    0xDF, 0x37, 0x1E, 0x33, 0xA5, 0x10, 0xED, 0x72, 0xC4, 0x0A, 0xE1, 0x16, 0x27, 0x7A, 0xB6, 0x7C,
    0xE4, 0x6B, 0xBE, 0xCF, 0xCF, 0xB9, 0x1F, 0xF7, 0xE7, 0xF7, 0xE2, 0x5F, 0x49, 0x6B, 0x6F, 0x2E,
    0xB7, 0xC3, 0x73, 0xB3, 0xBE, 0x70, 0xCA, 0x9B, 0xAF, 0xC0, 0x73, 0x75, 0x1B, 0x73, 0xC4, 0xB8,
    0xDB, 0x9D, 0xF1, 0xE6, 0xEF, 0xCF, 0x33, 0x6D, 0xF6, 0x70, 0xF7, 0x30, 0x1C, 0xB7, 0xC5, 0x33,
    0x40, 0x28, 0x8F, 0x9F, 0x9B, 0x3C, 0xC1, 0xDB, 0xE3, 0x3F, 0x68, 0xD6, 0xDB, 0xF9, 0x7E, 0xCF,
    0xA9, 0xFE, 0x57, 0x03, 0x3E, 0xEC, 0x47, 0x90, 0xAB, 0xED, 0x1E, 0xD5, 0x90, 0xF3, 0xAD, 0xEB,
    0xC5, 0x1F, 0x5C, 0x2F, 0xEF, 0xB7, 0xFD, 0x28, 0x71, 0x8B, 0xDD, 0xD4, 0xED, 0x61, 0x7D, 0x69,
    0x1B, 0xE5, 0xE2, 0x3F, 0x14, 0x9A, 0x40, 0xEE, 0x73, 0xA2, 0x0B, 0xE3, 0xF2, 0x14, 0x17, 0x97,
    0x6D, 0xEC, 0xC7, 0xCA, 0xD6, 0xA8, 0xE7, 0xFD, 0xDB, 0xA4, 0xFE, 0x81, 0xB9, 0x28, 0x2E, 0x5F,
    0x89, 0x27, 0xA3, 0x1D, 0xD6, 0x41, 0x82, 0xBF, 0x1D, 0x84, 0x19, 0x6F, 0x85, 0xE7, 0x45, 0x68,
    0x77, 0x25, 0x3D, 0x43, 0x3D, 0x71, 0x63, 0xFC, 0x27, 0xC9, 0x69, 0xA7, 0x43, 0x2D, 0x55, 0xB8,
    0xA2, 0x42, 0x75, 0x15, 0x9F, 0x2D, 0x5C, 0x63, 0x45, 0x89, 0x15, 0xDE, 0x01, 0xCC, 0xEB, 0x76,
    0x63, 0x7D, 0x75, 0xC6, 0x85, 0x4C, 0x2E, 0x70, 0x36, 0xF1, 0xCB, 0x3D, 0xCC, 0xF9, 0x00, 0xAB,
    0x93, 0x21, 0x9C, 0x75, 0xA7, 0xA3, 0xDB, 0xA9, 0x86, 0x88, 0xB0, 0x0A, 0x58, 0x51, 0xF3, 0xC7,
    0x5E, 0xD9, 0x1F, 0xE7, 0x6E, 0x67, 0x5B, 0x51, 0xF5, 0x60, 0xEA, 0xEF, 0xAF, 0x50, 0x6D, 0xED,
    0xA8, 0xAF, 0xED, 0x1B, 0xF9, 0x11, 0xFE, 0x8F, 0x4D, 0x7B, 0x64, 0xB9, 0xAD, 0xA2, 0x33, 0x5F,
    0x1D, 0x5B, 0x1D, 0xCF, 0x7F, 0x01, 0xCD, 0x5A, 0xBD, 0x93, 0xDB, 0xD6, 0x11, 0x5F, 0x00, 0x1E,
    0x63, 0xC6, 0x98, 0x08, 0x2A, 0x33, 0x93, 0xD8, 0x28, 0xD2, 0xA4, 0x88, 0x0F, 0x6D, 0x0A, 0x92,
    0x80, 0xAC, 0x22, 0xA5, 0xFF, 0x88, 0x74, 0x69, 0x94, 0x22, 0x85, 0x0A, 0x7E, 0x60, 0xC6, 0x45,
    0x8A, 0x34, 0xFA, 0x13, 0x5C, 0xB8, 0x71, 0x15, 0x17, 0x29, 0x6E, 0x26, 0xBC, 0x23, 0x32, 0x29,
    0x5C, 0x1A, 0x63, 0x17, 0x29, 0x54, 0x18, 0xCE, 0xA8, 0x17, 0x34, 0x42, 0x46, 0xB0, 0x0F, 0xE4,
    0xCB, 0xEF, 0xB7, 0x0F, 0x38, 0x92, 0xD2, 0xDD, 0x89, 0xA7, 0x23, 0xEF, 0x8C, 0xC3, 0x5B, 0x1E,
    0x80, 0xF7, 0xB1, 0xBB, 0xEF, 0xED, 0xBE, 0xDD, 0x7D, 0x2B, 0x91, 0xA9, 0x44, 0x14, 0x6C, 0x5C,
    0x2B, 0x14, 0xC7, 0x00, 0xB8, 0x26, 0x15, 0xF1, 0x9E, 0x67, 0x22, 0xC1, 0xD3, 0x5C, 0x24, 0xFC,
    0xBA, 0x04, 0xF8, 0x0C, 0x95, 0x63, 0xB7, 0x16, 0x49, 0xA4, 0x11, 0x99, 0x48, 0x2B, 0xB8, 0xA7,
    0x82, 0x87, 0x44, 0xDC, 0x4A, 0x62, 0xF1, 0x8C, 0x31, 0x99, 0x0F, 0x90, 0x87, 0xB9, 0xF8, 0x45,
    0x98, 0x89, 0x57, 0xC5, 0x29, 0xBE, 0x25, 0xE8, 0xB6, 0x41, 0x4D, 0x69, 0xD1, 0x46, 0x4E, 0x3C,
    0xB3, 0x14, 0x96, 0xAD, 0x6B, 0x51, 0x8A, 0x6F, 0x5A, 0x09, 0x8B, 0x85, 0x7C, 0x20, 0x68, 0x25,
    0x68, 0xDE, 0x97, 0x47, 0xDA, 0x6D, 0x16, 0x3F, 0x0B, 0xB3, 0x04, 0xCF, 0x23, 0x89, 0xB2, 0xE4,
    0xC1, 0x22, 0x8B, 0xCC, 0xF7, 0x99, 0xBF, 0x0A, 0x32, 0x39, 0x12, 0x12, 0xF3, 0x09, 0x40, 0x68,
    0xCA, 0x0E, 0xFB, 0x3B, 0x20, 0x2B, 0x1F, 0x88, 0x57, 0xCE, 0x31, 0x14, 0xFA, 0x99, 0x15, 0xFB,
    0x21, 0x4D, 0x91, 0xB7, 0xD8, 0x77, 0x74, 0x29, 0xFE, 0x12, 0x7C, 0x0F, 0x02, 0x2C, 0x05, 0x12,
    0x91, 0x04, 0xD0, 0x40, 0xA8, 0x44, 0xC8, 0x09, 0xA9, 0x40, 0x99, 0x88, 0xA5, 0xC3, 0x12, 0x62,
    0x29, 0x11, 0x25, 0x45, 0x94, 0x16, 0x51, 0x62, 0x88, 0x13, 0xA0, 0x92, 0x23, 0x4A, 0x8F, 0x36,
    0x3F, 0x51, 0xE4, 0xFF, 0xA2, 0xE3, 0x97, 0x3A, 0xBE, 0x85, 0x86, 0xE3, 0x8B, 0x51, 0xBA, 0x02,
    0x4C, 0xE3, 0xF5, 0xE9, 0xF2, 0x51, 0xE7, 0x1E, 0xFA, 0x18, 0xB0, 0xDC, 0x07, 0xD2, 0x9C, 0x3E,
    0x76, 0xFE, 0x27, 0x8E, 0xC5, 0x85, 0xE1, 0x93, 0x96, 0x30, 0x57, 0x82, 0x36, 0xAF, 0xF7, 0x0D,
    0x26, 0x6A, 0x86, 0x8E, 0x1D, 0x93, 0x3E, 0xCA, 0xFD, 0x5A, 0xBC, 0x4C, 0x6B, 0xC5, 0x59, 0x5F,
    0x75, 0x46, 0x70, 0x2A, 0x3D, 0xFE, 0x6B, 0x70, 0x7A, 0xFE, 0x55, 0xEB, 0x69, 0x0B, 0x6D, 0x1B,
    0xA0, 0x97, 0x1C, 0xBC, 0x7D, 0x54, 0xB2, 0xE7, 0x14, 0xFC, 0x79, 0x06, 0x2C, 0xC0, 0x01, 0xF0,
    0x44, 0x02, 0xD4, 0x88, 0x5E, 0x5F, 0xA6, 0x2B, 0x89, 0x8A, 0x23, 0xED, 0x86, 0xDC, 0x9A, 0x2B,
    0xC7, 0xD6, 0x65, 0xDE, 0xBD, 0x4F, 0xE4, 0x3D, 0xD4, 0x4B, 0x94, 0x47, 0x6C, 0x87, 0x37, 0x1C,
    0xD3, 0x60, 0x65, 0xB8, 0x2F, 0xB4, 0xEB, 0xF9, 0x9D, 0x90, 0x16, 0xE7, 0x8A, 0x8E, 0x53, 0xE1,
    0x63, 0x31, 0xD8, 0x13, 0x69, 0xCA, 0x23, 0xA5, 0x4F, 0x41, 0x74, 0x37, 0xB3, 0x16, 0x62, 0x11,
    0x26, 0xB9, 0x2D, 0x61, 0xBA, 0x1F, 0xD2, 0x74, 0x9A, 0x74, 0xC2, 0xE4, 0xAC, 0xE8, 0xE9, 0xBB,
    0x75, 0xD2, 0x38, 0x53, 0x4E, 0xCD, 0xB1, 0x4A, 0x3B, 0x83, 0x7B, 0x20, 0xCD, 0xA9, 0x22, 0xF0,
    0x68, 0x3E, 0xE4, 0xE0, 0xD4, 0x1A, 0x61, 0xB9, 0x49, 0xD9, 0xCC, 0xAC, 0x52, 0x8E, 0x5F, 0xA3,
    0xAD, 0xBF, 0x64, 0x07, 0xB3, 0x74, 0x4A, 0x0C, 0x01, 0x82, 0x72, 0x4A, 0xF1, 0x00, 0x70, 0x6B,
    0x02, 0x6A, 0x41, 0x55, 0x85, 0x4E, 0xDB, 0xFF, 0xA7, 0xEF, 0xF4, 0xAB, 0xD6, 0xD3, 0x16, 0xDA,
    0x96, 0xBD, 0xF8, 0x2B, 0xDB, 0xB3, 0x8E, 0x81, 0x8F, 0xDF, 0x52, 0x1C, 0xBE, 0x23, 0xB3, 0xBF,
    0xCB, 0x7B, 0xF0, 0x1F, 0xAA, 0x69, 0x30, 0x7C, 0xF1, 0xB4, 0x00, 0xC6, 0x90, 0x9A, 0xA8, 0x80,
    0x52, 0x85, 0x32, 0x29, 0x80, 0x0B, 0x3E, 0xCC, 0x09, 0xDA, 0x6D, 0xA0, 0xEF, 0x4E, 0x08, 0xB4,
    0x5E, 0x9C, 0x2F, 0xA0, 0xE2, 0xCC, 0xAB, 0x02, 0x4A, 0xEB, 0x61, 0x41, 0xF5, 0xF7, 0xCC, 0x2A,
    0x41, 0xD5, 0x77, 0x60, 0x2F, 0xA0, 0xD7, 0xA8, 0x9C, 0x2F, 0x15, 0x26, 0x16, 0xA6, 0x84, 0x71,
    0x46, 0x18, 0xE6, 0x06, 0x9B, 0x64, 0x0F, 0xED, 0x9B, 0x35, 0xB4, 0x75, 0x6C, 0xFD, 0x64, 0xDD,
    0x8F, 0xED, 0x93, 0xFD, 0xDB, 0xB1, 0x48, 0xAA, 0x58, 0x6A, 0xBA, 0x72, 0xBE, 0x05, 0xE2, 0x7F,
    0xF3, 0xB4, 0x20, 0x7D, 0x24, 0x8F, 0x58, 0x93, 0x38, 0xD2, 0xD1, 0x6E, 0x14, 0x3E, 0x93, 0x2C,
    0x7E, 0x4F, 0x40, 0x54, 0x68, 0x5E, 0x16, 0x24, 0xE9, 0xF5, 0x9D, 0x14, 0x4C, 0x2D, 0x59, 0xA6,
    0xDD, 0x8C, 0x5F, 0x54, 0xC0, 0x73, 0x2D, 0x57, 0xD5, 0x99, 0x6E, 0xF4, 0x75, 0xD5, 0x6E, 0x0D,
    0x9C, 0xC9, 0xE9, 0x6C, 0xA2, 0x52, 0xE2, 0xE7, 0xDC, 0x59, 0x58, 0xFA, 0x55, 0x37, 0xE9, 0x16,
    0x77, 0x54, 0x44, 0xB9, 0x4F, 0x56, 0x2C, 0xC0, 0x99, 0xFC, 0x08, 0xDB, 0xE4, 0x04, 0x53, 0xD2,
    0xDA, 0xD5, 0x7C, 0x48, 0xDC, 0xB7, 0xB6, 0xE4, 0x72, 0x2F, 0xF8, 0xAB, 0x62, 0xA1, 0x04, 0xC6,
    0xDB, 0x4A, 0xE6, 0x10, 0xF8, 0x5F, 0x36, 0xD6, 0x4D, 0xF0, 0xDF, 0x05, 0xCF, 0x5D, 0x71, 0x3D,
    0xC7, 0x53, 0x3E, 0xC2, 0xD3, 0xEF, 0xBB, 0x51, 0xA9, 0x35, 0xE3, 0xE2, 0xDD, 0x71, 0x84, 0xB0,
    0x04, 0x78, 0xF1, 0x21, 0xCA, 0x88, 0xBA, 0x09, 0xCF, 0x21, 0x84, 0xAA, 0xC4, 0x43, 0x0D, 0xFE,
    0x4F, 0xAB, 0x2D, 0x0D, 0x78, 0x90, 0x75, 0xC3, 0x7D, 0xF1, 0x52, 0x6D, 0xFB, 0x8E, 0xEB, 0xC6,
    0x76, 0x44, 0xE6, 0x38, 0x15, 0x1E, 0xBD, 0x62, 0xB2, 0x29, 0x51, 0xAE, 0xF9, 0x11, 0x6D, 0xA0,
    0x07, 0xB0, 0x91, 0xC4, 0x15, 0x36, 0x12, 0xA7, 0x0C, 0x8B, 0x5D, 0x36, 0x12, 0xD3, 0x9C, 0x12,
    0xF0, 0x6B, 0xC3, 0x7A, 0x0D, 0x5B, 0x34, 0x6C, 0xDB, 0xA0, 0x17, 0x69, 0x1C, 0x93, 0x45, 0x8D,
    0xC4, 0x9C, 0x25, 0x17, 0x2C, 0xD0, 0x2D, 0x86, 0x06, 0x57, 0x33, 0x87, 0x41, 0x77, 0xF4, 0x1A,
    0x69, 0x06, 0x0D, 0x67, 0x65, 0x94, 0x86, 0x59, 0x04, 0xF2, 0xF8, 0x8B, 0x67, 0x88, 0xFF, 0x0A,
    0x6D, 0x6B, 0xA1, 0x3D, 0xCA, 0x55, 0xC8, 0xCE, 0xA1, 0xB2, 0x52, 0x28, 0xB6, 0x32, 0x82, 0xAD,
    0x36, 0x04, 0x45, 0x43, 0x1A, 0xC4, 0xD9, 0xAF, 0xA0, 0x9A, 0xB8, 0x17, 0x82, 0x3E, 0x3F, 0x1F,
    0x92, 0xC8, 0x31, 0x49, 0x6B, 0x3A, 0xC2, 0x6F, 0x9F, 0x5C, 0x92, 0xE8, 0x54, 0xE0, 0x34, 0xB5,
    0x4D, 0x5C, 0x1E, 0x8E, 0x5C, 0x09, 0x75, 0x27, 0xCF, 0x7B, 0x10, 0xCA, 0x9D, 0xCC, 0x2E, 0x71,
    0x8E, 0x0A, 0x5B, 0x82, 0xEC, 0x70, 0xE4, 0xDE, 0x1A, 0x41, 0xF6, 0x52, 0x33, 0x75, 0x4C, 0x70,
    0x4C, 0xF0, 0x15, 0x59, 0x8A, 0x26, 0x5E, 0x6E, 0x4B, 0x90, 0x1F, 0x90, 0x52, 0x0A, 0xB5, 0x4F,
    0x07, 0x2C, 0xA2, 0x6F, 0x33, 0xF4, 0x36, 0x3C, 0x3B, 0x2A, 0x0D, 0xBF, 0xDC, 0x15, 0x40, 0xB3,
    0x18, 0x0B, 0xAE, 0xD5, 0x4C, 0x81, 0x7C, 0x41, 0xD7, 0x8F, 0xBB, 0x70, 0xF0, 0x0D, 0xF7, 0x04,
    0x1F, 0x14, 0xFF, 0xD6, 0x79, 0xD2, 0xE3, 0xD1, 0x5E, 0x0D, 0xA8, 0xC6, 0x56, 0x94, 0x00, 0x93,
    0xAD, 0x68, 0xA3, 0x24, 0xFC, 0x00, 0x8F, 0x0D, 0x9A, 0xEC, 0x7A, 0x00, 0x88, 0xD0, 0x1C, 0x7C,
    0x03, 0x2E, 0x40, 0x95, 0xA9, 0x2C, 0xBC, 0xA0, 0x0E, 0x5E, 0xAF, 0x7A, 0x78, 0x49, 0x0F, 0xBB,
    0x40, 0x1A, 0x58, 0x2C, 0x33, 0x18, 0x63, 0x2C, 0xFD, 0xB3, 0xF7, 0xC2, 0x64, 0xDE, 0x99, 0xA9,
    0xBC, 0xD5, 0xC3, 0x06, 0xB6, 0x57, 0x8B, 0x77, 0x73, 0x94, 0xC9, 0x2E, 0x25, 0x2A, 0xAB, 0xC4,
    0x94, 0xC7, 0xB3, 0x4E, 0x56, 0xE0, 0x01, 0xDF, 0xE4, 0x8E, 0x3F, 0xCB, 0x67, 0x26, 0xFB, 0xEA,
    0x74, 0xBD, 0x42, 0xBC, 0xEA, 0x1A, 0xB7, 0x31, 0xBC, 0xED, 0x05, 0x92, 0x6F, 0x72, 0x2F, 0x4C,
    0x8E, 0xFB, 0xDD, 0xD0, 0x18, 0x63, 0xAF, 0xF5, 0x8B, 0xD8, 0xE4, 0x7E, 0x2F, 0x80, 0x37, 0x64,
    0xCB, 0x63, 0x3F, 0x9B, 0x84, 0x69, 0x62, 0x24, 0x68, 0xDE, 0x05, 0x9F, 0x28, 0xDB, 0xF5, 0xEF,
    0x43, 0x18, 0x21, 0xC7, 0x50, 0x01, 0x71, 0x1E, 0x64, 0xD8, 0x7C, 0x19, 0xAC, 0x51, 0xAF, 0xEA,
    0xCA, 0x3F, 0x68, 0x97, 0xC1, 0xFD, 0xA4, 0x8A, 0xCA, 0xE1, 0x62, 0x81, 0x3D, 0x6B, 0x7A, 0xD1,
    0xD5, 0x6E, 0x5F, 0xBD, 0x33, 0xB3, 0x47, 0x10, 0x65, 0x53, 0x6A, 0xCE, 0xA9, 0x3C, 0x80, 0x9D,
    0x42, 0xE3, 0x18, 0xA0, 0x40, 0x68, 0x6B, 0x3C, 0x4B, 0x57, 0xB8, 0x47, 0x56, 0xFD, 0xB1, 0xCA,
    0x7C, 0xF7, 0x5B, 0xEC, 0x8D, 0x68, 0x06, 0x3C, 0x3C, 0xD8, 0x64, 0xEE, 0xE7, 0x18, 0x0D, 0x73,
    0x30, 0x1A, 0x51, 0xE9, 0x66, 0x9B, 0xCB, 0xE3, 0x46, 0x25, 0x28, 0xAD, 0x61, 0x01, 0x31, 0x5A,
    0x60, 0xCD, 0xD0, 0x84, 0xC3, 0x98, 0xDE, 0x73, 0x09, 0xFF, 0x96, 0x1F, 0xB9, 0xE5, 0x5A, 0x4B,
    0x5D, 0xF3, 0x76, 0x1B, 0xDA, 0x2A, 0xD8, 0x50, 0xC9, 0x1B, 0xBA, 0x9F, 0x74, 0x44, 0x3D, 0x46,
    0xA9, 0x30, 0xE2, 0x94, 0x16, 0x15, 0x74, 0x0F, 0xA6, 0x8C, 0xE1, 0x9A, 0x29, 0x83, 0x46, 0xD3,
    0x88, 0x58, 0x18, 0xB5, 0xE5, 0xF0, 0xDF, 0x94, 0x3E, 0xED, 0xD4, 0xAB, 0x59, 0x65, 0x49, 0x15,
    0x32, 0x93, 0xBE, 0x59, 0x58, 0xF6, 0x5D, 0x89, 0xF5, 0x6E, 0x09, 0xA2, 0x4E, 0x62, 0x7C, 0xF5,
    0xC3, 0xD5, 0x23, 0x4F, 0xBB, 0xCD, 0xBC, 0xBD, 0xB4, 0x24, 0x1A, 0x30, 0xA3, 0xD6, 0x69, 0xC1,
    0x83, 0x96, 0xCA, 0x15, 0x63, 0xD1, 0xE7, 0xA3, 0xCA, 0x6D, 0xA1, 0x0C, 0xDA, 0x24, 0xB5, 0xDF,
    0x58, 0x07, 0xF2, 0xD0, 0x62, 0x63, 0x44, 0x3B, 0x6B, 0xD0, 0x8F, 0xBB, 0x5D, 0x8D, 0x3E, 0x62,
    0x75, 0xC3, 0xFE, 0xBE, 0x14, 0x92, 0xA4, 0x9E, 0x3C, 0x03, 0x72, 0x93, 0xED, 0xAD, 0x6A, 0x6F,
    0x85, 0x01, 0x0F, 0x16, 0xF9, 0xD2, 0x6B, 0x83, 0x4A, 0x57, 0xAE, 0xAE, 0xCC, 0x5D, 0xFF, 0x0E,
    0x82, 0x8B, 0x74, 0xFE, 0xC2, 0xB0, 0xB3, 0x17, 0x1E, 0x03, 0xA3, 0x8B, 0x2E, 0x89, 0x8F, 0x06,
    0x83, 0x29, 0xCC, 0x86, 0x29, 0x66, 0x79, 0x1A, 0xB0, 0xA4, 0x58, 0x28, 0x37, 0xC7, 0xA0, 0x1D,
    0xB6, 0x83, 0x76, 0xDC, 0x1E, 0xB7, 0x5F, 0xB5, 0x72, 0xF5, 0xDF, 0xDB, 0x7B, 0x9D, 0xA3, 0x2C,
    0xBB, 0x32, 0xDF, 0x6D, 0xF4, 0xCB, 0x84, 0x28, 0xC2, 0x72, 0xC9, 0xDA, 0x24, 0xE7, 0x3F, 0x97,
    0xCB, 0xDA, 0xD5, 0x12, 0x0E, 0x97, 0xFD, 0xC5, 0x0A, 0xF6, 0x13, 0xDC, 0x77, 0x70, 0x1A, 0x06,
    0x9A, 0x2C, 0xF0, 0xFE, 0x0C, 0xE5, 0xE1, 0x45, 0xF5, 0x8D, 0x69, 0xB5, 0x5C, 0xA8, 0xCF, 0xCF,
    0x32, 0xF4, 0x01, 0x75, 0x34, 0xAB, 0xE4, 0x8F, 0x57, 0xAA, 0x7D, 0xD8, 0x5E, 0x5F, 0xF4, 0x61,
    0x29, 0x8D, 0xBA, 0x71, 0x5B, 0x75, 0xEA, 0x4D, 0xBB, 0x1A, 0xB2, 0xE3, 0x95, 0x33, 0x05, 0x39,
    0x41, 0x49, 0x80, 0xF0, 0x59, 0x39, 0x85, 0xF6, 0x29, 0xC7, 0x86, 0x20, 0xC9, 0x00, 0xC2, 0x02,
    0xC0, 0xAF, 0x00, 0xDC, 0x16, 0x40, 0x56, 0x04, 0xC9, 0x43, 0x80, 0xE8, 0xDF, 0x00, 0xC1, 0x4B,
    0x00, 0xEF, 0x0C, 0x40, 0x0C, 0xC1, 0x8C, 0x20, 0x26, 0x08, 0x4B, 0x1D, 0x43, 0x23, 0xD2, 0xD4,
    0x70, 0x71, 0x6F, 0x8D, 0xDA, 0xAB, 0x86, 0xB9, 0x79, 0x06, 0xB1, 0xA4, 0x61, 0xB5, 0x54, 0xC9,
    0x8D, 0x53, 0x1A, 0x4A, 0xBB, 0x94, 0xDB, 0x43, 0xDE, 0x5E, 0xBA, 0xF7, 0x2A, 0xFB, 0xAA, 0x2E,
    0xA6, 0x7F, 0x13, 0xEC, 0xB5, 0xCB, 0xE1, 0xB6, 0xBC, 0xC9, 0x88, 0x83, 0x85, 0x9F, 0x82, 0x4F,
    0xFE, 0x73, 0xB1, 0x51, 0xF4, 0x3B, 0x98, 0xAC, 0x30, 0x45, 0xAF, 0x08, 0x27, 0x3A, 0xD4, 0x0A,
    0x8B, 0xFD, 0x4C, 0xD6, 0x2F, 0x3B, 0x4A, 0x35, 0x22, 0x81, 0x72, 0xD4, 0x15, 0x52, 0xFE, 0xCF,
    0x1F, 0x4C, 0xF1, 0x9B, 0x33, 0x53, 0x7B, 0xE6, 0x93, 0x16, 0xEA, 0xF7, 0x04, 0x6B, 0x77, 0xB4,
    0x6B, 0xB9, 0xCD, 0x45, 0xA0, 0xC0, 0xA7, 0xFF, 0xC2, 0x7D, 0xCE, 0xE7, 0x71, 0x52, 0xB0, 0xDC,
    0xE0, 0xCA, 0xE2, 0x1D, 0x16, 0x01, 0xB7, 0x99, 0xD8, 0xBA, 0x7B, 0x49, 0x6B, 0x23, 0x0B, 0x01,
    0xB7, 0xA9, 0x0E, 0x6E, 0xC7, 0xCA, 0x9F, 0x89, 0x3A, 0x8D, 0xA9, 0x38, 0x1A, 0xDD, 0x66, 0xB8,
    0xBC, 0x51, 0xA9, 0x5A, 0xAA, 0xE3, 0x38, 0x53, 0xCF, 0xD1, 0x6E, 0x0F, 0x71, 0x76, 0xAA, 0x78,
    0x9E, 0xA8, 0xFD, 0xB6, 0x09, 0xED, 0x7B, 0x5B, 0xC7, 0xD6, 0xB7, 0x6D, 0x6D, 0x3F, 0xB6, 0x4F,
    0xDB, 0xBF, 0x0D, 0x9F, 0xDB, 0x71, 0xE9, 0xFB, 0x79, 0x6B, 0x87, 0xB2, 0xF3, 0x15, 0x6B, 0x7A,
    0x25, 0x70, 0x96, 0xE3, 0x1C, 0x61, 0xF1, 0x82, 0x1E, 0xC6, 0x1C, 0x05, 0x76, 0x07, 0x4B, 0xCD,
    0xDF, 0xB9, 0xC6, 0xAF, 0xBD, 0x8A, 0xDF, 0x59, 0x8F, 0xF5, 0xD5, 0xBE, 0x09, 0x53, 0x4E, 0x7D,
    0xA0, 0x31, 0x1F, 0xCF, 0x06, 0x78, 0x17, 0xC5, 0xCF, 0x8A, 0x62, 0x04, 0x3F, 0xDD, 0x8A, 0xEB,
    0x01, 0x82, 0x9F, 0x94, 0xFB, 0xA1, 0x5A, 0x62, 0x46, 0xB0, 0x65, 0xAC, 0xF2, 0x5F, 0x0F, 0xF5,
    0x54, 0xB0, 0xFE, 0x39, 0x51, 0x2D, 0xE1, 0x5F, 0x73, 0x89, 0x70, 0xFE, 0x34, 0x00, 0x72, 0xFF,
    0xA8, 0xF7, 0x43, 0x75, 0x60, 0x9E, 0x30, 0xD6, 0x01, 0xA7, 0xAA, 0xE5, 0xAF, 0xBB, 0x72, 0x16,
    0x34, 0xAD, 0x02, 0x9C, 0x09, 0x2C, 0xED, 0xA9, 0x8D, 0xBA, 0xE6, 0x3C, 0x15, 0x5E, 0x76, 0xF1,
    0x8F, 0x65, 0xB7, 0x3D, 0x2F, 0xBB, 0x7D, 0x6B, 0xD9, 0xC5, 0x40, 0x16, 0x58, 0x83, 0x9B, 0xBF,
    0x27, 0xDD, 0xF7, 0x93, 0x8D, 0xFA, 0x7D, 0xFB, 0xBE, 0xBF, 0xBE, 0xFF, 0x7E, 0xBC, 0x7E, 0xFC,
    0x1E, 0x1F, 0xE0, 0x97, 0x59, 0xFC, 0x80, 0x1A, 0x05, 0x2F, 0xD6, 0xE3, 0x84, 0x29, 0x29, 0x81,
    0xB5, 0xDF, 0x4C, 0xD8, 0x72, 0x3E, 0xA7, 0x5B, 0x38, 0x6E, 0x75, 0x77, 0x3E, 0x87, 0x25, 0xDD,
    0x03, 0xEE, 0x6D, 0x5A, 0x47, 0xB4, 0xFE, 0x7D, 0xB4, 0x9D, 0x3D, 0x68, 0xB5, 0x9F, 0xDA, 0x31,
    0x85, 0x4F, 0x35, 0xCA, 0xA3, 0x59, 0x1B, 0x0A, 0x39, 0x3F, 0x9A, 0x1D, 0xC9, 0xF6, 0x79, 0x51,
    0xD3, 0x4D, 0xC4, 0x54, 0x1E, 0xF1, 0x8C, 0x06, 0x15, 0xD5, 0x65, 0x7F, 0x03, 0xA8, 0xE9, 0x0E,
    0x6D, 0xC7, 0x88, 0x2C, 0x40, 0xD9, 0x9B, 0xEE, 0xEC, 0x7E, 0xCA, 0x03, 0xEF, 0x29, 0x39, 0x30,
    0xA5, 0x92, 0xEA, 0xCD, 0x74, 0x1E, 0x42, 0x39, 0x6A, 0x37, 0x2D, 0x54, 0xD5, 0x70, 0xB6, 0xAC,
    0x91, 0x6E, 0xF5, 0x7A, 0xFA, 0x13, 0x3C, 0xE7, 0x8C, 0x6D, 0xDF, 0xEA, 0x54, 0xDC, 0x1E, 0x9E,
    0x7A, 0x05, 0x6B, 0x4F, 0x42, 0x3A, 0x30, 0x8C, 0x8B, 0xD1, 0x22, 0x87, 0x44, 0xC2, 0xA8, 0x49,
    0xE4, 0x2D, 0xB7, 0xDD, 0x66, 0x46, 0xBA, 0xD1, 0x0C, 0xBA, 0xD3, 0x48, 0xEF, 0x87, 0xF5, 0x69,
    0x64, 0x7A, 0x27, 0x73, 0x30, 0xF4, 0xF2, 0xF0, 0xD3, 0x14, 0xE1, 0x01, 0xB7, 0x57, 0xF2, 0x20,
    0x6A, 0x78, 0x0D, 0xA2, 0x3E, 0x78, 0xD2, 0x1D, 0x44, 0x77, 0x47, 0xED, 0x1B, 0xEA, 0x29, 0x5E,
    0x41, 0xAC, 0x11, 0x83, 0xAF, 0x83, 0x0A, 0xCB, 0x2C, 0x3B, 0x4F, 0x2A, 0xC8, 0xF5, 0x18, 0x00,
    0xCB, 0x3B, 0x55, 0x43, 0x14, 0x58, 0x67, 0x10, 0x79, 0x34, 0x8C, 0x68, 0x72, 0xD6, 0x1A, 0xA4,
    0x50, 0xF3, 0xD0, 0xAD, 0x3E, 0xA2, 0x10, 0x43, 0x80, 0x11, 0xC4, 0x4B, 0x1D, 0xC6, 0xDE, 0xF1,
    0x39, 0xD0, 0x6C, 0x87, 0x7E, 0xCD, 0x62, 0x59, 0x63, 0x7D, 0x47, 0xC5, 0x38, 0xD6, 0xED, 0x0B,
    0xA8, 0x84, 0x8C, 0x0D, 0x22, 0xA3, 0xA1, 0x55, 0x59, 0x44, 0xBD, 0x49, 0xF2, 0x80, 0x02, 0xC0,
    0x7C, 0x07, 0xF6, 0x1E, 0x82, 0xF1, 0x23, 0x54, 0x6D, 0x37, 0x82, 0x8D, 0x87, 0x40, 0x15, 0xEC,
    0x31, 0xB9, 0xF7, 0xDF, 0x2A, 0xC8, 0x8E, 0xDF, 0x05, 0xD5, 0x83, 0x70, 0x2F, 0xEB, 0xC4, 0x1E,
    0x2C, 0x78, 0x6F, 0xAC, 0x1D, 0xF5, 0x48, 0xCD, 0xD7, 0x48, 0x2D, 0x15, 0xA9, 0xB8, 0x55, 0xDD,
    0x05, 0xA4, 0x86, 0x1F, 0xC3, 0xF1, 0x30, 0x75, 0x00, 0xBD, 0x34, 0x50, 0xDD, 0x06, 0xC6, 0xFD,
    0x21, 0x67, 0xE2, 0x08, 0x59, 0x48, 0x56, 0x92, 0xA5, 0x5E, 0x7D, 0xD0, 0x99, 0x0F, 0xF2, 0x63,
    0xF0, 0x12, 0x1C, 0x3D, 0x4F, 0x24, 0xB9, 0x16, 0x3B, 0x19, 0xD1, 0xCC, 0x15, 0x58, 0x87, 0xE4,
    0x70, 0xC0, 0xA1, 0x34, 0x7B, 0x4D, 0xEF, 0xA9, 0xEB, 0x42, 0xD5, 0x68, 0xD9, 0x13, 0xE6, 0xDD,
    0xB8, 0x34, 0x0B, 0x79, 0x23, 0xEC, 0x89, 0xDB, 0xEB, 0x1F, 0x2F, 0xBE, 0xEB, 0x27, 0x2E, 0xA2,
    0xA3, 0xB0, 0x46, 0x7E, 0xA7, 0x8E, 0x13, 0x2C, 0x3E, 0x04, 0xAD, 0x17, 0x99, 0xCC, 0xB9, 0x74,
    0x47, 0xCC, 0xCD, 0x20, 0xE7, 0xB7, 0x58, 0x2F, 0x72, 0x7B, 0xA4, 0xCA, 0x91, 0x53, 0x8E, 0xDC,
    0x72, 0xE0, 0xF1, 0x7E, 0xBC, 0x2B, 0x51, 0x95, 0x25, 0x2A, 0x67, 0x00, 0xDD, 0x02, 0x61, 0xD6,
    0xD6, 0xA5, 0x00, 0x9B, 0x77, 0x6B, 0xC1, 0xD5, 0xF5, 0x2E, 0x05, 0x4E, 0x79, 0x15, 0xE7, 0x13,
    0x83, 0xB8, 0x71, 0x75, 0x09, 0x92, 0x48, 0x3D, 0xF8, 0x96, 0xA9, 0x0B, 0x0C, 0x41, 0x55, 0x8B,
    0x4D, 0x15, 0x7D, 0xD2, 0xD9, 0x37, 0x7B, 0x00, 0x09, 0x63, 0x86, 0xAA, 0x4F, 0xA1, 0xA4, 0x4F,
    0xB1, 0x58, 0xFC, 0x56, 0xC5, 0x47, 0xE5, 0x08, 0xF1, 0xFE, 0x8F, 0x21, 0x2C, 0xD8, 0xE1, 0xBF,
    0xDE, 0x36, 0xCF, 0x46, 0x10, 0x89, 0x5D, 0x0B, 0xAC, 0x81, 0x3C, 0x2E, 0x16, 0x10, 0xA6, 0x57,
    0xC8, 0x47, 0x79, 0x98, 0x5B, 0x82, 0x36, 0xC3, 0xCA, 0xB7, 0x48, 0xD0, 0x45, 0x79, 0x08, 0x37,
    0x22, 0xA6, 0xE1, 0xC9, 0xD1, 0x09, 0x45, 0x22, 0xE9, 0x3C, 0xA1, 0x3B, 0x21, 0xEB, 0x92, 0xAC,
    0xC1, 0x1B, 0x91, 0xA6, 0x92, 0x7D, 0xEF, 0xD7, 0x00, 0xBF, 0xB8, 0xD7, 0xFF, 0x77, 0x2E, 0xED,
    0xB7, 0xB7, 0x04, 0xD5, 0x5E, 0xC7, 0x43, 0x05, 0xA9, 0xAF, 0x70, 0x66, 0xF7, 0xE7, 0xB2, 0x3B,
    0x20, 0xDC, 0x03, 0x89, 0x6E, 0x05, 0x0C, 0xBC, 0x7F, 0x71, 0x63, 0x46, 0x6A, 0x8F, 0x1C, 0x85,
    0x77, 0x23, 0x65, 0x88, 0x6F, 0x4B, 0x4C, 0x6F, 0x63, 0x60, 0xC9, 0xDC, 0x03, 0x69, 0x07, 0x45,
    0xBE, 0xC1, 0x56, 0xA7, 0xC8, 0xFF, 0xC8, 0x3D, 0x87, 0x82, 0xEC, 0x65, 0xBD, 0x95, 0xAA, 0xA7,
    0x3D, 0xEE, 0xF2, 0x86, 0x13, 0x23, 0x88, 0xA6, 0x6A, 0x76, 0x27, 0xA3, 0x02, 0x8C, 0x14, 0x06,
    0xB5, 0xAC, 0x93, 0x28, 0xBA, 0x2C, 0x00, 0x26, 0x1F, 0x6A, 0x9C, 0x7D, 0x3B, 0x09, 0xA2, 0xBB,
    0x4E, 0x35, 0xEC, 0x1E, 0x94, 0x89, 0xDD, 0x9E, 0x73, 0x18, 0xB9, 0x09, 0x7F, 0xB1, 0x76, 0xB0,
    0x9C, 0x62, 0x66, 0xD8, 0x2D, 0x98, 0xAF, 0x8A, 0xDF, 0x9F, 0xF8, 0x1B, 0x94, 0xCE, 0xFF, 0x1A,
    0xB5, 0x76, 0xE9, 0xCB, 0x9D, 0x40, 0x0D, 0x53, 0xA2, 0xE8, 0xD5, 0xF9, 0xF0, 0xF3, 0x30, 0x5F,
    0x0D, 0xF0, 0xA4, 0x4A, 0x6F, 0xC3, 0x2C, 0xD6, 0x2C, 0xAD, 0x28, 0xD5, 0xA4, 0xD9, 0xD3, 0xD8,
    0xA6, 0xD0, 0x26, 0xA0, 0xE4, 0x1B, 0x2A, 0x82, 0x09, 0xE2, 0x56, 0x0C, 0xF2, 0xB5, 0x1A, 0xE7,
    0xA4, 0x33, 0xE4, 0xF2, 0x2C, 0x21, 0xAC, 0x6D, 0x0A, 0x2E, 0x5D, 0xA4, 0x95, 0x3D, 0x9B, 0xB3,
    0x07, 0xDA, 0xF6, 0xBC, 0x60, 0xA4, 0x13, 0x5F, 0xCF, 0xF5, 0x54, 0xFA, 0x68, 0x9B, 0x96, 0x09,
    0xB0, 0x74, 0xAA, 0x91, 0x26, 0x8C, 0xC1, 0x83, 0x45, 0x10, 0x27, 0x46, 0x90, 0xC4, 0xCF, 0xC3,
    0x6C, 0x58, 0x05, 0x38, 0x7D, 0x9A, 0xD7, 0x61, 0x16, 0xE4, 0xF5, 0x71, 0x98, 0x7A, 0x45, 0x05,
    0x9B, 0x04, 0xD6, 0xCA, 0x70, 0x24, 0xEE, 0xCB, 0xF2, 0x08, 0xA7, 0xD1, 0xAF, 0xF2, 0x88, 0xFE,
    0x7B, 0x1E, 0x62, 0x13, 0x5B, 0x64, 0x21, 0x13, 0x52, 0xD4, 0x10, 0xB3, 0xB9, 0x66, 0xD6, 0x1D,
    0x5B, 0x5D, 0x7C, 0x32, 0xBD, 0xA4, 0xC9, 0x96, 0x88, 0xE5, 0x9A, 0xB2, 0x2C, 0x61, 0xD3, 0x13,
    0xEA, 0x01, 0x3A, 0x42, 0xEC, 0xE0, 0x94, 0x74, 0x24, 0x34, 0xAF, 0xA2, 0xBF, 0xF3, 0x38, 0x9C,
    0x24, 0x7A, 0xEC, 0xD4, 0x6D, 0xEC, 0x99, 0xDF, 0x4E, 0x80, 0xF1, 0xD9, 0xA4, 0xD6, 0x44, 0x42,
    0xA7, 0x0A, 0x37, 0x65, 0xB0, 0x49, 0x34, 0x4B, 0xDA, 0xC3, 0x09, 0x01, 0xF2, 0xA6, 0x41, 0x2C,
    0xB3, 0xA7, 0x91, 0x3C, 0x8D, 0x89, 0xE1, 0xF9, 0xD3, 0xD8, 0x66, 0x4E, 0x4F, 0xEB, 0x75, 0x06,
    0xB0, 0x9A, 0x7A, 0x99, 0xCD, 0x1F, 0x4D, 0xBA, 0x88, 0x5B, 0xDB, 0x85, 0x2E, 0x95, 0xBE, 0x53,
    0x4E, 0xC1, 0x5D, 0x51, 0x2A, 0xEF, 0x7F, 0x2E, 0x36, 0x6B, 0xC0, 0xFA, 0x5D, 0xEA, 0x8B, 0x6F,
    0xA5, 0xD0, 0x27, 0xCC, 0xB0, 0x56, 0x20, 0xD6, 0x05, 0xD4, 0x6C, 0x66, 0x35, 0xEB, 0x88, 0xB8,
    0x5D, 0x2F, 0x36, 0x0D, 0xB8, 0x0F, 0x8F, 0xAA, 0x5E, 0x0E, 0xD7, 0x1F, 0xD3, 0x2E, 0x63, 0xDD,
    0x5D, 0x7F, 0x2C, 0x7B, 0x01, 0x62, 0xCF, 0xE9, 0x4C, 0x93, 0x0A, 0xDD, 0x2E, 0x66, 0xDF, 0xC7,
    0xA4, 0xD7, 0x08, 0xE0, 0x9C, 0xD5, 0x74, 0x56, 0x64, 0x6B, 0xF1, 0xF3, 0x3B, 0xCE, 0x26, 0x76,
    0x5A, 0x48, 0xCB, 0x79, 0xD3, 0x54, 0xDB, 0x88, 0x6D, 0x53, 0xF5, 0x6C, 0x51, 0xE0, 0xDC, 0x11,
    0x69, 0x51, 0xD7, 0x51, 0x92, 0x6D, 0x25, 0x12, 0xBF, 0x41, 0x1A, 0x69, 0x60, 0x34, 0x73, 0x17,
    0xD2, 0x26, 0xAC, 0x18, 0x73, 0x93, 0x08, 0x56, 0xE7, 0x86, 0xF6, 0xAD, 0x93, 0xE6, 0xE7, 0x63,
    0x71, 0x98, 0x4A, 0xCC, 0x48, 0xE1, 0x46, 0x22, 0xF1, 0x8D, 0x48, 0x8B, 0xE1, 0xDE, 0x54, 0x18,
    0xB7, 0x3B, 0x37, 0x29, 0xA9, 0x23, 0x93, 0xAB, 0x6D, 0xE9, 0x8D, 0xFB, 0xFF, 0xDD, 0x5A, 0xBF,
    0x8F, 0xDC, 0xC6, 0x15, 0x9E, 0x25, 0x11, 0x11, 0x30, 0x81, 0xB0, 0x0D, 0xA0, 0x24, 0xD3, 0x1A,
    0x41, 0x70, 0x6C, 0x53, 0xE8, 0x8E, 0x54, 0x54, 0xA4, 0xC8, 0x7F, 0x92, 0x46, 0xAD, 0x8B, 0x5B,
    0x2E, 0x1D, 0x15, 0x29, 0x52, 0xD8, 0x7F, 0x42, 0x8A, 0xFC, 0x01, 0x2A, 0x54, 0xB8, 0xD8, 0x3B,
    0xD2, 0x52, 0xE1, 0x96, 0x70, 0xAB, 0x22, 0xB4, 0xE1, 0xC2, 0x9D, 0x88, 0x84, 0xB0, 0x68, 0x88,
    0xB7, 0x93, 0xEF, 0xFB, 0x86, 0xDC, 0xDB, 0xB3, 0x4E, 0xBE, 0x93, 0xEE, 0x4E, 0xA7, 0x64, 0xB1,
    0x7C, 0x8F, 0xCB, 0xE5, 0xCC, 0xBC, 0x37, 0xF3, 0xE6, 0xFD, 0xF8, 0x48, 0x63, 0xF0, 0x19, 0x8D,
    0xA7, 0x77, 0x5C, 0x0F, 0x9A, 0x39, 0x57, 0x0E, 0x0B, 0x97, 0x3F, 0x7C, 0xD9, 0x45, 0xBD, 0x09,
    0x5D, 0x99, 0xD4, 0xC6, 0x9C, 0x98, 0xB4, 0x34, 0x66, 0x65, 0x32, 0xDC, 0x98, 0xE5, 0x05, 0x68,
    0x5A, 0x1E, 0x83, 0xDA, 0xFA, 0x08, 0x34, 0x39, 0x43, 0xFD, 0x75, 0x7F, 0x8F, 0xEE, 0x9F, 0xDA,
    0xFA, 0x7E, 0xD8, 0xE7, 0x60, 0xD8, 0x7F, 0x8B, 0x8B, 0xCE, 0xE5, 0x06, 0xE3, 0x7E, 0x27, 0x09,
    0x78, 0x03, 0x49, 0xD5, 0x47, 0x75, 0xE4, 0x5C, 0x5C, 0xDA, 0x26, 0x75, 0x68, 0x1E, 0xF7, 0xA6,
    0x30, 0x61, 0x67, 0xD6, 0x24, 0xA3, 0x09, 0x44, 0x7A, 0x7F, 0xA6, 0x6B, 0xFA, 0x17, 0xF7, 0x35,
    0x06, 0x2D, 0x6A, 0x83, 0xB6, 0xE8, 0xA8, 0xEA, 0xD5, 0xA9, 0x09, 0x06, 0xD2, 0x70, 0x80, 0x70,
    0xC9, 0x97, 0xA2, 0x75, 0x4F, 0xFA, 0x55, 0x47, 0xEA, 0x28, 0x74, 0xB2, 0x31, 0xBA, 0xFE, 0x8E,
    0x14, 0x4A, 0xDA, 0x92, 0x34, 0xCB, 0xA1, 0xB8, 0xA9, 0x8C, 0x89, 0x87, 0x08, 0x93, 0xBA, 0x70,
    0xAE, 0xE3, 0x2C, 0x6C, 0x72, 0x09, 0x12, 0x76, 0x22, 0x07, 0x26, 0x7E, 0xDA, 0x82, 0x3C, 0x6B,
    0x40, 0x5C, 0x09, 0xF2, 0xBD, 0x01, 0xA9, 0x2F, 0x20, 0x19, 0x47, 0x4A, 0x9B, 0xAA, 0x86, 0xCC,
    0x2F, 0x6B, 0x13, 0xB8, 0x07, 0xB5, 0xD7, 0xCF, 0x1C, 0xA8, 0x63, 0x4D, 0xE0, 0xDF, 0xE7, 0x6B,
    0xE1, 0x8B, 0xE9, 0xC4, 0x2C, 0x46, 0x73, 0xEE, 0x67, 0xE5, 0x20, 0x96, 0x75, 0xCE, 0xD5, 0x58,
    0x84, 0xDE, 0x9F, 0x15, 0x26, 0x3A, 0x31, 0xF3, 0x0A, 0xAF, 0x28, 0xF5, 0x06, 0x73, 0xAB, 0x75,
    0x09, 0x46, 0x9E, 0xC5, 0x58, 0xB3, 0x90, 0xAB, 0x21, 0x65, 0x92, 0x96, 0x67, 0x58, 0x09, 0x83,
    0x49, 0x2F, 0xFC, 0x4C, 0xAF, 0x0C, 0xCF, 0x16, 0x03, 0x9B, 0xEA, 0x6C, 0x64, 0xD3, 0xE9, 0x5A,
    0xD4, 0x99, 0xE9, 0x3E, 0x34, 0x9D, 0xDA, 0x66, 0xB5, 0x99, 0xFA, 0x43, 0xD3, 0x69, 0x8C, 0x13,
    0x7F, 0x96, 0xD4, 0xE1, 0xE0, 0xCF, 0x56, 0x79, 0xDC, 0xE9, 0x2C, 0xDA, 0x98, 0xA4, 0x91, 0xF4,
    0x90, 0x39, 0xF3, 0xD2, 0x43, 0x8F, 0xD3, 0xB3, 0xB0, 0xB9, 0xE7, 0xFF, 0x5C, 0xF4, 0x94, 0x93,
    0xFA, 0x54, 0xAD, 0xEF, 0x82, 0x66, 0x38, 0x69, 0x33, 0x0F, 0x64, 0xA6, 0xB1, 0x53, 0xD8, 0xA1,
    0xC4, 0x99, 0x4F, 0x06, 0x9A, 0xED, 0xA4, 0xC8, 0x38, 0xEB, 0xD1, 0xCF, 0x6A, 0xB4, 0xB3, 0x16,
    0xF5, 0xAC, 0xC4, 0xAC, 0xC3, 0xD1, 0xDC, 0xF3, 0x30, 0x6B, 0xD0, 0xCD, 0x0A, 0xD4, 0x93, 0xFC,
    0x36, 0x3F, 0x15, 0xDF, 0xCC, 0xD2, 0x43, 0x90, 0xB8, 0x89, 0xCB, 0x81, 0x2C, 0xFC, 0xB6, 0x23,
    0x33, 0xAE, 0x16, 0xCB, 0xF4, 0x9F, 0xD6, 0xCC, 0xB3, 0xEA, 0x79, 0x83, 0x16, 0xB1, 0x73, 0x64,
    0xB6, 0x59, 0xE1, 0xE2, 0x3A, 0xE3, 0xB4, 0x2C, 0x86, 0x82, 0xB7, 0x84, 0xDD, 0x9A, 0x2C, 0xA9,
    0x47, 0xB2, 0x34, 0x17, 0x2B, 0x8C, 0xD8, 0x68, 0xF8, 0x9F, 0x04, 0xC5, 0x78, 0xEC, 0x3C, 0x69,
    0x92, 0x12, 0xEB, 0x57, 0x35, 0x19, 0x77, 0xC3, 0xCB, 0xA6, 0x72, 0x1B, 0xD8, 0x16, 0x19, 0x77,
    0xB0, 0x39, 0xBE, 0x01, 0x7A, 0xB4, 0x43, 0xC7, 0x42, 0x36, 0x4A, 0x1A, 0x77, 0x98, 0x96, 0xCF,
    0x5C, 0x43, 0x2A, 0xBB, 0x0B, 0x3A, 0x4E, 0xEA, 0x30, 0x13, 0xFD, 0xD4, 0x6C, 0x9A, 0xED, 0xBF,
    0xEF, 0x4C, 0x30, 0xC8, 0x5F, 0x3D, 0xA1, 0x8B, 0xE8, 0xE6, 0xED, 0x49, 0x0B, 0x35, 0x8E, 0xD3,
    0xEC, 0xF2, 0x71, 0xD1, 0x8D, 0xE1, 0xC0, 0x2F, 0x4E, 0xE4, 0x25, 0xC7, 0xA0, 0xBB, 0xFC, 0xD7,
    0xF8, 0x2F, 0x7A, 0xAC, 0x1A, 0x53, 0xE5, 0x87, 0x18, 0xA1, 0x85, 0xD1, 0xAC, 0x66, 0x5E, 0x4F,
    0xBC, 0x9D, 0x78, 0xEF, 0x79, 0x31, 0x7A, 0x7E, 0xE8, 0x26, 0x9E, 0x95, 0x9E, 0x27, 0x8D, 0xE7,
    0x51, 0xE7, 0x79, 0x30, 0x7A, 0x6E, 0x36, 0x13, 0xCF, 0x1E, 0x78, 0x6E, 0x9F, 0x79, 0x1E, 0xFF,
    0x07, 0xBC, 0x3F, 0x34, 0xE1, 0x2B, 0xCF, 0x8D, 0xC3, 0x50, 0x1D, 0x38, 0x86, 0x8C, 0xC8, 0xD3,
    0x16, 0x0B, 0x7F, 0xC8, 0x7D, 0x9C, 0x39, 0x2F, 0x5F, 0x36, 0x18, 0xF1, 0xB8, 0x96, 0x98, 0x49,
    0x2B, 0x29, 0xC1, 0x5A, 0x7F, 0x51, 0x32, 0x1A, 0x2F, 0xA2, 0x91, 0x84, 0x71, 0x2D, 0x01, 0xC1,
    0x28, 0x1F, 0x18, 0xC5, 0x03, 0xA3, 0x74, 0x60, 0x14, 0x8E, 0x0C, 0xB2, 0x91, 0x41, 0x34, 0x32,
    0x48, 0x46, 0x06, 0xC1, 0xC8, 0x20, 0x97, 0xD8, 0xCA, 0xB3, 0xD4, 0xB3, 0xC4, 0x33, 0x36, 0xF7,
    0xB6, 0x5F, 0x9F, 0xC6, 0x08, 0xC6, 0x17, 0x79, 0x39, 0x27, 0xCF, 0x1A, 0xCA, 0x69, 0x51, 0x72,
    0x79, 0x9D, 0x89, 0x1C, 0x9E, 0xFA, 0xBA, 0x1E, 0x2E, 0x60, 0xFD, 0xCA, 0xC1, 0xF8, 0x5D, 0xB9,
    0x31, 0xEB, 0x13, 0x98, 0xFD, 0x7A, 0xC4, 0xCE, 0x00, 0xB1, 0x6F, 0x49, 0xD8, 0xDD, 0x96, 0xC8,
    0xB7, 0xA6, 0xF4, 0x51, 0x29, 0x36, 0xDA, 0x82, 0xDB, 0xF6, 0xAB, 0x86, 0xCE, 0x37, 0x9F, 0x85,
    0x38, 0xFD, 0xF0, 0xE7, 0x82, 0xFB, 0x3C, 0xA0, 0xD0, 0xE1, 0x0B, 0x84, 0xC4, 0xF8, 0x79, 0xCD,
    0x38, 0x84, 0xA9, 0x4C, 0x1E, 0xA1, 0x6D, 0x4A, 0x4F, 0x9A, 0xD1, 0x73, 0x2C, 0x65, 0x6C, 0x34,
    0xF2, 0x01, 0x17, 0x60, 0x44, 0x29, 0x54, 0x45, 0x58, 0x8E, 0xE8, 0xE6, 0x30, 0x03, 0x11, 0xF7,
    0x2C, 0xBC, 0x56, 0x8E, 0xFF, 0x32, 0xA3, 0x7D, 0x8F, 0xFB, 0x29, 0xCC, 0x11, 0xFD, 0x9F, 0x81,
    0xEB, 0xE3, 0x22, 0xD3, 0x2D, 0x6F, 0x3F, 0x98, 0x82, 0x08, 0x33, 0x90, 0x34, 0x95, 0xF9, 0x08,
    0xAA, 0x63, 0xCC, 0x72, 0x7B, 0x3C, 0x54, 0xD7, 0x65, 0xFA, 0x5D, 0x82, 0x80, 0x9D, 0x20, 0x24,
    0xD9, 0x32, 0xBB, 0x5F, 0x95, 0xD6, 0xFD, 0xAB, 0x8C, 0x36, 0x71, 0xB9, 0x1F, 0x36, 0x36, 0x29,
    0xE3, 0x8D, 0x3C, 0xB9, 0x0F, 0x2A, 0xC3, 0x95, 0xBE, 0xEB, 0xB8, 0xCC, 0x52, 0x93, 0x8C, 0x66,
    0x1B, 0xB9, 0x70, 0x72, 0xF9, 0x2F, 0x6C, 0x81, 0xB3, 0x1F, 0x7E, 0xA3, 0xD6, 0xAF, 0x6A, 0x1F,
    0xB2, 0x7E, 0x12, 0xDF, 0x7C, 0x52, 0x91, 0x31, 0xC1, 0xF0, 0xC9, 0x86, 0x4F, 0x3C, 0x5E, 0x4B,
    0x66, 0xCC, 0x4D, 0x24, 0x33, 0x61, 0xBB, 0x8F, 0xB5, 0x63, 0x38, 0xEC, 0x66, 0x5B, 0x9D, 0x56,
    0xA1, 0x57, 0x76, 0xC2, 0x34, 0x85, 0xF9, 0x4A, 0x21, 0x67, 0x1D, 0x76, 0x4C, 0x65, 0x18, 0x60,
    0xC8, 0xF9, 0x9B, 0xD7, 0xF9, 0x3F, 0xEF, 0x53, 0x36, 0xC3, 0x64, 0x66, 0xCD, 0x2D, 0x90, 0x59,
    0x8A, 0x45, 0xD9, 0xC2, 0x7E, 0x57, 0xDD, 0xA3, 0x49, 0xE4, 0x6B, 0x20, 0x4A, 0x67, 0x98, 0xCD,
    0x50, 0xF2, 0x63, 0x9F, 0xCB, 0x20, 0x95, 0xA1, 0x3D, 0xC1, 0x88, 0xDF, 0x64, 0x60, 0x4C, 0x52,
    0x2E, 0x7B, 0x30, 0x97, 0x61, 0x2A, 0xC3, 0x4C, 0x46, 0x89, 0x4C, 0xC5, 0x58, 0x27, 0xA2, 0x8F,
    0x34, 0x1D, 0x19, 0xE8, 0xD7, 0x71, 0x7D, 0x2B, 0x4A, 0xBA, 0x13, 0x1D, 0xF3, 0x27, 0x6C, 0x0F,
    0xE1, 0x32, 0x37, 0xE2, 0xBB, 0x9F, 0x2B, 0x29, 0x6D, 0x82, 0x7F, 0x72, 0x2D, 0x95, 0x22, 0xD6,
    0x53, 0x60, 0x5B, 0x0C, 0xE6, 0x43, 0x99, 0x03, 0x44, 0x6B, 0x2F, 0x0F, 0x7D, 0x7D, 0x5C, 0xDE,
    0xDC, 0x3C, 0xBC, 0xD1, 0xAE, 0x6F, 0x7D, 0x0A, 0x82, 0xF2, 0x57, 0xDA, 0x90, 0xE6, 0x47, 0x2C,
    0x12, 0x13, 0xD5, 0x8F, 0xF2, 0x1B, 0x9B, 0x06, 0x19, 0x83, 0x4F, 0xD6, 0x57, 0xDB, 0x08, 0x17,
    0xB6, 0x1F, 0xCE, 0x5C, 0xFC, 0x63, 0x12, 0x6F, 0x49, 0xE1, 0xE8, 0x60, 0x4F, 0xE7, 0x22, 0xBC,
    0xE6, 0xB9, 0xB8, 0xE3, 0x50, 0x4E, 0xB9, 0xC1, 0x14, 0x0B, 0xDA, 0x61, 0x6A, 0xA6, 0x40, 0xC5,
    0x7C, 0xB8, 0x66, 0x08, 0xE4, 0x41, 0x57, 0xBE, 0xC6, 0xB1, 0x44, 0x30, 0xCB, 0xE0, 0xBE, 0x13,
    0x47, 0x47, 0x8C, 0xF9, 0xB1, 0x2C, 0xBA, 0x44, 0x7C, 0xA6, 0xC0, 0xB0, 0x9C, 0x3D, 0xE8, 0xA7,
    0xB3, 0x5B, 0x88, 0xC8, 0x97, 0xF4, 0x25, 0x57, 0x89, 0xD0, 0xBB, 0x4A, 0xBF, 0x39, 0x0D, 0xBA,
    0x45, 0xA5, 0x4D, 0x92, 0xFB, 0x1D, 0xC4, 0x23, 0xC9, 0xAF, 0x47, 0x69, 0x33, 0x0F, 0x71, 0x66,
    0xA4, 0xE9, 0x13, 0x40, 0xC8, 0xD1, 0x48, 0x60, 0xB0, 0xD8, 0x79, 0x29, 0x2A, 0xB1, 0x34, 0xF5,
    0x26, 0x9A, 0x4A, 0x90, 0xB5, 0x95, 0x73, 0x1B, 0x38, 0x2A, 0x34, 0x49, 0xFC, 0xC6, 0x4B, 0xA0,
    0x23, 0xCC, 0x4D, 0x2C, 0x11, 0x06, 0x42, 0x84, 0xA1, 0xF6, 0x39, 0x85, 0x0A, 0x04, 0x31, 0x38,
    0x48, 0x6E, 0x52, 0x26, 0x26, 0x60, 0x51, 0xEB, 0x0B, 0xE3, 0x5A, 0x0C, 0xFD, 0x62, 0xF8, 0x31,
    0x93, 0x30, 0x23, 0xCF, 0x25, 0xAB, 0x3B, 0xB7, 0x1E, 0xAF, 0x5A, 0x3B, 0x70, 0x2A, 0x2A, 0x97,
    0x27, 0x4D, 0x31, 0x24, 0xF5, 0x2F, 0x8C, 0x6D, 0xD9, 0x67, 0x52, 0xD3, 0x6E, 0x21, 0x1C, 0xE6,
    0x1F, 0x63, 0x76, 0xD4, 0xC8, 0x75, 0x49, 0x4F, 0x71, 0x05, 0x0A, 0x60, 0xAB, 0x59, 0xD1, 0xAC,
    0x35, 0x79, 0xF6, 0xE9, 0xC9, 0x18, 0x75, 0xB0, 0x84, 0xCA, 0x35, 0x48, 0x8F, 0x2D, 0x77, 0xAE,
    0xFB, 0x71, 0x96, 0x1A, 0x99, 0x4A, 0xDA, 0x31, 0x6B, 0x59, 0xB4, 0xBE, 0x8E, 0x56, 0x36, 0x63,
    0x94, 0x09, 0x4D, 0x7E, 0x87, 0x5E, 0xDF, 0xFB, 0x15, 0x4F, 0xB1, 0xAD, 0x3C, 0xE5, 0xF5, 0x41,
    0xF7, 0xD0, 0x1A, 0xA0, 0x7E, 0x8D, 0xB6, 0x34, 0x84, 0x86, 0x57, 0xD0, 0xA7, 0x51, 0x26, 0x74,
    0x77, 0xD0, 0x58, 0x2D, 0x33, 0x21, 0x1A, 0x1B, 0x6A, 0x06, 0xAF, 0x7E, 0xD4, 0xDB, 0xEF, 0x31,
    0x81, 0x51, 0xCD, 0xAA, 0xB8, 0xE1, 0x19, 0x4A, 0xD5, 0x1E, 0x92, 0x2F, 0x38, 0x23, 0x0B, 0xC7,
    0x48, 0xC3, 0xE9, 0x8D, 0x5A, 0xCD, 0x12, 0x41, 0x13, 0xE2, 0x27, 0x51, 0x73, 0x07, 0x5B, 0x9D,
    0xF9, 0x36, 0xF5, 0xCE, 0x45, 0xEC, 0xE7, 0xB0, 0xD1, 0x58, 0xF3, 0x5F, 0x71, 0x8C, 0xA8, 0x81,
    0x53, 0x5A, 0x74, 0x83, 0xB7, 0xA7, 0xB3, 0x79, 0xEF, 0xA4, 0x3F, 0xD5, 0x97, 0xF6, 0x52, 0x5E,
    0xBA, 0x4B, 0xF5, 0x6C, 0xAB, 0xF8, 0xF1, 0x56, 0xED, 0xA3, 0xAD, 0xEA, 0xC7, 0x24, 0x52, 0x99,
    0xF7, 0x0D, 0x6C, 0x31, 0x48, 0x5F, 0xA9, 0xBB, 0x70, 0x25, 0xD6, 0x2C, 0xA5, 0xB2, 0x01, 0x74,
    0x0D, 0xBA, 0x3D, 0x5C, 0x44, 0xB4, 0xC8, 0xBA, 0x6D, 0x9D, 0x72, 0x6A, 0xE3, 0x0E, 0x0D, 0x57,
    0xAD, 0xCD, 0x93, 0xD2, 0x62, 0x31, 0xC9, 0xF1, 0x9B, 0x7A, 0xA2, 0x6D, 0xAF, 0xF8, 0xCA, 0x6D,
    0xC1, 0xCE, 0xA1, 0x58, 0x8E, 0x45, 0x6E, 0x2D, 0xDC, 0xC4, 0x3E, 0xD4, 0xDA, 0xE7, 0xF6, 0x2A,
    0xEF, 0x36, 0x30, 0xC5, 0x52, 0xD3, 0xD4, 0xF3, 0xCE, 0xC3, 0x03, 0x3A, 0xB7, 0x51, 0x75, 0xF3,
    0xAE, 0xB6, 0xC5, 0x04, 0xDF, 0x9C, 0x10, 0x15, 0x83, 0x0B, 0x25, 0x18, 0x51, 0x78, 0x80, 0x06,
    0xC6, 0x5F, 0xD0, 0x85, 0x17, 0xC2, 0x61, 0x68, 0x33, 0x2B, 0x27, 0x2C, 0x85, 0xD0, 0x84, 0x10,
    0x19, 0xC6, 0xDE, 0x62, 0x71, 0xC2, 0x5E, 0x04, 0xE4, 0xA8, 0x99, 0x60, 0x1E, 0x75, 0xA5, 0x4E,
    0xF1, 0x4F, 0xC1, 0xF0, 0x74, 0x20, 0xE3, 0xFC, 0x33, 0xDA, 0x46, 0x2F, 0xCE, 0xC1, 0x99, 0xC6,
    0x0B, 0x48, 0x46, 0x42, 0xFF, 0xC2, 0x9D, 0x32, 0x72, 0xBA, 0xB8, 0x51, 0xCC, 0xC8, 0x9D, 0xEC,
    0x98, 0x02, 0x70, 0xDB, 0x9A, 0x91, 0xAB, 0x32, 0x32, 0xB9, 0xF7, 0xB7, 0xE8, 0x66, 0x0F, 0xCA,
    0x1C, 0xAB, 0x97, 0xFC, 0x7D, 0x24, 0xFA, 0xA3, 0xFA, 0xEC, 0xE9, 0x33, 0x1F, 0x36, 0x4A, 0xF4,
    0x55, 0x60, 0x28, 0x38, 0xFF, 0x5A, 0xDA, 0xFE, 0xC1, 0x6C, 0x0B, 0x43, 0x25, 0xC6, 0xAA, 0x08,
    0x2F, 0x4A, 0xF7, 0xBB, 0x73, 0xD2, 0xFD, 0x32, 0xE6, 0xAE, 0xA1, 0x15, 0xFF, 0x12, 0xED, 0x7F,
    0x8F, 0x63, 0xDF, 0x78, 0x8B, 0xB2, 0x4C, 0xC3, 0x34, 0x29, 0x9E, 0xBE, 0x8F, 0x62, 0x27, 0xDF,
    0x2D, 0x76, 0x62, 0xF5, 0xC9, 0x39, 0xE8, 0x34, 0x07, 0xF8, 0x2B, 0x72, 0xCA, 0x57, 0xEF, 0x49,
    0x88, 0xC7, 0xBE, 0xD6, 0x96, 0x4F, 0x95, 0x87, 0x34, 0x59, 0xA9, 0x9D, 0xAC, 0xE3, 0xAC, 0xB3,
    0x7B, 0xCB, 0x32, 0xA8, 0x5D, 0x21, 0x12, 0x4C, 0xF3, 0xF2, 0x9B, 0x69, 0xC0, 0xC3, 0x9D, 0x79,
    0xA1, 0x33, 0x5C, 0x62, 0x43, 0xD8, 0xF5, 0x99, 0xED, 0x90, 0xD1, 0xFB, 0xCA, 0xFF, 0x73, 0xBF,
    0xDA, 0x46, 0x28, 0x20, 0xCD, 0x7B, 0xFE, 0x99, 0x09, 0x7D, 0x43, 0x83, 0xBB, 0x9C, 0xD1, 0x93,
    0xC9, 0x0B, 0xAC, 0xA6, 0x43, 0xB6, 0xB7, 0x07, 0x2C, 0x25, 0x6B, 0x6C, 0x17, 0x53, 0xE1, 0x6A,
    0x50, 0xFD, 0x43, 0x6C, 0x51, 0xB2, 0x78, 0xEF, 0xE9, 0x63, 0x0A, 0xF4, 0x49, 0x65, 0x18, 0x47,
    0x1E, 0x13, 0xF5, 0xBE, 0xDB, 0x7B, 0x98, 0x35, 0x1D, 0x1C, 0xBD, 0x04, 0x87, 0xA8, 0x26, 0xDF,
    0xC3, 0x3F, 0xB7, 0x87, 0x9C, 0xF9, 0x01, 0xF2, 0x1D, 0xE6, 0x3D, 0x11, 0x86, 0x4A, 0x83, 0x16,
    0x70, 0x6E, 0xE8, 0x66, 0x78, 0xDE, 0xEF, 0x9C, 0xB7, 0xFC, 0x02, 0xA3, 0xC4, 0x14, 0x21, 0xE6,
    0xFE, 0x9F, 0xA2, 0xBD, 0x66, 0xFE, 0xD3, 0x7B, 0x3E, 0xAF, 0x8F, 0x99, 0xD5, 0xF9, 0xB0, 0xD1,
    0xDE, 0x1D, 0x44, 0xF7, 0xE7, 0xD8, 0xFB, 0x42, 0x7B, 0x31, 0xD4, 0x5F, 0xE6, 0x04, 0x51, 0x25,
    0x98, 0x8F, 0x91, 0xE6, 0x36, 0x22, 0xA9, 0xB6, 0xE2, 0x76, 0x0F, 0x95, 0x37, 0x16, 0x49, 0x0B,
    0x9F, 0x6D, 0x5C, 0x96, 0xA5, 0x9D, 0x67, 0xA3, 0xBF, 0xB8, 0xC1, 0xBA, 0x42, 0xE0, 0x03, 0xCF,
    0x32, 0x7F, 0xF1, 0x2C, 0x3B, 0xF0, 0x6C, 0xE9, 0x19, 0xDB, 0x41, 0x23, 0x01, 0xDA, 0x5D, 0x28,
    0x1C, 0x7A, 0xB4, 0x4D, 0xA1, 0x5C, 0xD2, 0x3F, 0x53, 0x1B, 0xCC, 0x32, 0x80, 0xEB, 0x5C, 0xA6,
    0x14, 0x6E, 0x03, 0x6F, 0x00, 0xFC, 0x28, 0xCB, 0x57, 0xC8, 0xEF, 0x09, 0xC8, 0x26, 0x75, 0x71,
    0x3E, 0x49, 0xCB, 0x62, 0xB2, 0xE0, 0x63, 0x90, 0x05, 0x4D, 0x38, 0xE6, 0x53, 0xB1, 0x94, 0x96,
    0x80, 0x98, 0x50, 0xC4, 0xDC, 0x94, 0x74, 0x58, 0xAB, 0xCD, 0x1C, 0xA0, 0x56, 0xBB, 0x58, 0xFA,
    0x2E, 0xF1, 0x18, 0x78, 0xD0, 0x6F, 0x03, 0xDA, 0x19, 0x1B, 0x10, 0x24, 0x2B, 0x70, 0x58, 0xD0,
    0xB0, 0x80, 0x61, 0xC1, 0xC2, 0x02, 0x85, 0x05, 0x09, 0x0B, 0x10, 0x16, 0x1C, 0x2C, 0x30, 0x58,
    0x50, 0xB0, 0x80, 0x60, 0xC1, 0xC0, 0x02, 0x81, 0x05, 0x01, 0x0B, 0x00, 0x16, 0xFC, 0x2B, 0xF0,
    0x57, 0xD0, 0xAF, 0x80, 0x5F, 0x8D, 0x41, 0x29, 0x84, 0x86, 0x1C, 0x9E, 0x15, 0x81, 0x58, 0x2E,
    0xA1, 0x5C, 0x22, 0xB9, 0x04, 0x72, 0x47, 0xD9, 0xBC, 0xBD, 0xD4, 0x61, 0x3C, 0x82, 0x29, 0x57,
    0xA0, 0xDC, 0xFF, 0xE3, 0xD9, 0x48, 0x83, 0xAF, 0x68, 0xF6, 0x8F, 0xCA, 0xE9, 0xCC, 0x9C, 0xBC,
    0xEF, 0x82, 0xC9, 0x98, 0xDF, 0xF9, 0x61, 0x85, 0xB8, 0xA0, 0xD7, 0x68, 0x4A, 0x20, 0x99, 0xCB,
    0x3E, 0xC6, 0xEF, 0xEE, 0xB1, 0xE7, 0x73, 0x6E, 0x7B, 0xB5, 0xC2, 0xC9, 0x0F, 0xB7, 0x45, 0xA9,
    0xC3, 0x61, 0xD7, 0xF1, 0xA4, 0xF9, 0xFF, 0x40, 0x35, 0x35, 0xAD, 0x91, 0xB7, 0x53, 0x8F, 0x93,
    0xEC, 0x7A, 0x8A, 0x1B, 0xAE, 0xA9, 0x26, 0x67, 0xE9, 0x01, 0x71, 0x6D, 0x98, 0x29, 0xD2, 0x64,
    0xE6, 0xB5, 0xD4, 0x6C, 0x48, 0x7D, 0x26, 0xA2, 0xD4, 0xAC, 0x67, 0xEE, 0x81, 0x06, 0xB8, 0x1B,
    0xF8, 0x37, 0xDC, 0x20, 0x5C, 0x44, 0x26, 0x97, 0x0E, 0x5B, 0x80, 0x65, 0x1C, 0x23, 0xC1, 0xB0,
    0xE5, 0x11, 0xE7, 0x0A, 0x49, 0x99, 0x55, 0x6A, 0xB6, 0xAF, 0xD4, 0xEC, 0x0B, 0x3A, 0x01, 0x88,
    0x8D, 0xD4, 0x0C, 0x75, 0x52, 0x96, 0x67, 0x9F, 0x95, 0xD8, 0xC4, 0xF6, 0x85, 0x52, 0xB3, 0x91,
    0x4B, 0x18, 0x6E, 0x98, 0xFA, 0x71, 0xA9, 0x72, 0x3C, 0x88, 0x60, 0x4A, 0x68, 0x25, 0xC2, 0xC7,
    0xA7, 0xF9, 0x83, 0x47, 0xCF, 0x77, 0x4B, 0xF0, 0x27, 0xA6, 0xFA, 0xA1, 0x85, 0xB5, 0xD4, 0x88,
    0x2D, 0x48, 0xC6, 0x32, 0x94, 0x52, 0x15, 0x42, 0xCA, 0xBF, 0xF1, 0xEC, 0xEB, 0x69, 0x37, 0x26,
    0xF7, 0xFB, 0x71, 0x6F, 0xD1, 0xAD, 0x0F, 0x83, 0x6E, 0x09, 0x97, 0x95, 0x35, 0x1E, 0x93, 0x46,
    0xFE, 0x60, 0xF6, 0x91, 0xC4, 0x3D, 0x11, 0x74, 0x4F, 0x2F, 0x31, 0xD2, 0x08, 0x0E, 0xE4, 0x78,
    0x1F, 0xD4, 0xB7, 0x81, 0x38, 0x10, 0x40, 0xE4, 0xF3, 0xEF, 0xF0, 0x6B, 0x74, 0xDB, 0x75, 0xD7,
    0x83, 0x30, 0x48, 0xE4, 0x44, 0xA8, 0xD2, 0x1F, 0xD1, 0xE5, 0x9E, 0xB9, 0x15, 0x04, 0xC9, 0xAC,
    0x1A, 0xD5, 0xC7, 0x61, 0x8B, 0xA4, 0xB8, 0xBE, 0x77, 0x2D, 0xAA, 0x2D, 0x71, 0x8B, 0xFD, 0x13,
    0x86, 0xFD, 0xB2, 0x43, 0x60, 0xFC, 0x62, 0xE7, 0xB5, 0x00, 0xD7, 0xF2, 0x28, 0xA6, 0x70, 0x70,
    0xDE, 0x81, 0x34, 0x46, 0xC7, 0xCF, 0xDD, 0x53, 0xEC, 0xF4, 0x95, 0xC2, 0xF3, 0x26, 0x7F, 0x7B,
    0xF3, 0xD2, 0xC0, 0xF2, 0xB8, 0xEB, 0xCA, 0xA5, 0x1E, 0xEC, 0x44, 0x5B, 0x88, 0x6F, 0x9C, 0x22,
    0xD0, 0x72, 0xDA, 0x57, 0xB6, 0xB1, 0x7C, 0x1A, 0x92, 0x33, 0x0D, 0x67, 0x10, 0x0B, 0x08, 0xAA,
    0xB4, 0x4B, 0xCC, 0xC9, 0xDE, 0x8D, 0xCA, 0x7F, 0xD1, 0xFC, 0xBF, 0x8B, 0xFC, 0x47, 0x49, 0x9E,
    0x46, 0x75, 0xFC, 0xB4, 0x0B, 0xBA, 0x27, 0x33, 0x52, 0x59, 0x5E, 0xE5, 0x8B, 0xF2, 0xC7, 0x26,
    0x79, 0xF4, 0xAC, 0x5E, 0x7C, 0x33, 0x83, 0xC6, 0xD9, 0x5B, 0x7C, 0x91, 0xAA, 0xA6, 0xAE, 0x3E,
    0x88, 0x9A, 0xC3, 0x19, 0x73, 0xBE, 0xE2, 0x33, 0xBE, 0x18, 0x66, 0xEE, 0xCC, 0x32, 0xC9, 0x3F,
    0x89, 0xCA, 0x77, 0x79, 0xC6, 0x27, 0x87, 0x02, 0x8F, 0xC2, 0xC6, 0xC9, 0x23, 0x45, 0x91, 0xA6,
    0xFB, 0x90, 0x9E, 0xF1, 0xA5, 0x09, 0xBD, 0x2C, 0xDE, 0xC4, 0xF9, 0x16, 0xD7, 0x9F, 0x3C, 0xBE,
    0x9E, 0x67, 0x7C, 0x7C, 0x57, 0x80, 0x61, 0xB6, 0x57, 0x34, 0x1E, 0x05, 0x9C, 0xDE, 0xFB, 0x90,
    0xB4, 0x66, 0x40, 0x24, 0x1A, 0x18, 0xE0, 0x05, 0x82, 0xB3, 0x7B, 0xE1, 0xDD, 0xB5, 0xCE, 0x14,
    0x91, 0x1E, 0x31, 0xF0, 0xB7, 0x54, 0xBC, 0x3F, 0xA3, 0xB1, 0x65, 0x41, 0x60, 0x99, 0x1E, 0xD8,
    0xF2, 0x2E, 0x4A, 0xD7, 0x12, 0xF9, 0x2D, 0x2C, 0xFE, 0x1C, 0x82, 0x1A, 0xCD, 0x96, 0xB6, 0xE3,
    0xCD, 0x44, 0xC4, 0xE1, 0x24, 0xEC, 0xA7, 0x23, 0xF7, 0x55, 0xA5, 0x27, 0x1B, 0xDC, 0x25, 0x50,
    0xCE, 0x96, 0x08, 0xBF, 0xB6, 0x0C, 0x79, 0x33, 0x14, 0xB5, 0x8A, 0xA2, 0x2C, 0x8A, 0x10, 0x41,
    0x58, 0x71, 0xC3, 0x49, 0xCD, 0x3E, 0x2A, 0xFC, 0xFA, 0x24, 0x7C, 0x3E, 0x86, 0x1B, 0x05, 0xD7,
    0x0B, 0x2D, 0x96, 0x4B, 0xA7, 0x95, 0xD3, 0xC2, 0xFD, 0x64, 0xDD, 0x56, 0x14, 0x47, 0xF3, 0x58,
    0x98, 0x87, 0x4C, 0xCB, 0xA3, 0xE9, 0xB5, 0xB5, 0xD7, 0x88, 0xF0, 0xBA, 0x95, 0x4A, 0x76, 0xB6,
    0x68, 0x67, 0xBC, 0xCE, 0x17, 0xD6, 0xAA, 0xB3, 0x55, 0x80, 0xDA, 0x53, 0x6C, 0xAE, 0x9F, 0xB3,
    0x7E, 0x60, 0x0B, 0xB6, 0x67, 0x92, 0x8F, 0x9C, 0xA3, 0x4B, 0xB6, 0x19, 0x73, 0xFE, 0x83, 0x43,
    0xBE, 0xCC, 0xB6, 0x17, 0x62, 0x06, 0xC9, 0xD3, 0x8E, 0x3B, 0x95, 0xF9, 0xE0, 0x40, 0xE4, 0x69,
    0x3F, 0xB9, 0x95, 0xA7, 0xCC, 0x6F, 0x8A, 0xE6, 0x57, 0x7A, 0xD0, 0x18, 0x9F, 0x68, 0xDF, 0xC0,
    0x94, 0x8F, 0x68, 0xE4, 0x43, 0x78, 0x3B, 0xCF, 0x55, 0xDF, 0x10, 0x4D, 0xAE, 0xA4, 0x1A, 0x3A,
    0xE6, 0x08, 0x61, 0x1F, 0x33, 0xE3, 0x2E, 0xB7, 0x79, 0x40, 0xED, 0x1F, 0x30, 0xC7, 0x50, 0x3A,
    0xF4, 0x16, 0x58, 0x7A, 0xE0, 0xD2, 0x76, 0xBE, 0xCC, 0x67, 0xB9, 0xB1, 0x20, 0x44, 0xDF, 0xFD,
    0x96, 0x3B, 0x13, 0xBB, 0x12, 0x39, 0x7A, 0xBE, 0xA8, 0xA6, 0xE7, 0xD0, 0xAC, 0x42, 0xB6, 0x15,
    0x35, 0x93, 0x9D, 0x06, 0xE0, 0xA3, 0x6D, 0x0E, 0x53, 0xD5, 0x64, 0xA8, 0x45, 0x12, 0x56, 0xDD,
    0x2D, 0x13, 0x50, 0xCE, 0x20, 0x20, 0xB8, 0x65, 0x76, 0x7F, 0x4C, 0x5D, 0x1F, 0x38, 0x79, 0xFD,
    0x7D, 0x61, 0x75, 0xF8, 0x7E, 0x82, 0xC7, 0xFB, 0x08, 0x89, 0x22, 0xF3, 0x9B, 0x90, 0x37, 0x45,
    0x7C, 0xF8, 0xDA, 0xBE, 0xD8, 0x15, 0xC8, 0xA5, 0x42, 0x11, 0x3C, 0xF4, 0x08, 0xF4, 0xB6, 0x95,
    0xFF, 0xAE, 0x1C, 0x5E, 0x00, 0xEB, 0xC2, 0x9D, 0x2B, 0xE7, 0x7C, 0xBB, 0xCF, 0x03, 0xE0, 0x83,
    0x55, 0x3D, 0x15, 0xC2, 0x7B, 0x93, 0x3E, 0x37, 0x81, 0x2C, 0x5E, 0x37, 0x82, 0x68, 0xF0, 0xDE,
    0x0E, 0x84, 0x49, 0x84, 0xD3, 0x6E, 0x8B, 0x95, 0x9D, 0xE7, 0x04, 0x51, 0x7B, 0x59, 0x22, 0x88,
    0x43, 0xE4, 0xAD, 0x9A, 0x89, 0xE8, 0xF5, 0x54, 0xBD, 0x99, 0x1A, 0xBE, 0xC3, 0x73, 0x02, 0x62,
    0x15, 0x1B, 0xCE, 0x33, 0xEB, 0x7D, 0x15, 0xFC, 0xAA, 0xF8, 0x8D, 0xCA, 0xF9, 0xB7, 0x21, 0xFF,
    0x05, 0x8D, 0x54, 0xBD, 0x8E, 0xE3, 0x36, 0x10, 0xFE, 0x2C, 0x21, 0xD6, 0xE5, 0x84, 0x2C, 0x17,
    0x29, 0x93, 0x2C, 0xD4, 0xB8, 0x08, 0x82, 0xF5, 0xE9, 0x8A, 0x2D, 0x5C, 0x50, 0x3F, 0x6F, 0x90,
    0x22, 0x0F, 0x90, 0xE6, 0x1E, 0x60, 0x0B, 0x15, 0x42, 0xCE, 0x59, 0xAA, 0x4B, 0x91, 0x36, 0x0F,
    0xB0, 0xC5, 0xF5, 0x71, 0x00, 0x15, 0x06, 0xE2, 0x3B, 0x13, 0x48, 0x99, 0xE2, 0xF8, 0x08, 0x2A,
    0xAE, 0x0F, 0x37, 0x27, 0x04, 0x0A, 0xE0, 0x35, 0x33, 0x23, 0xAD, 0x6C, 0xDF, 0x02, 0x07, 0x84,
    0x23, 0x91, 0xC3, 0x11, 0x39, 0x1C, 0x7E, 0xDF, 0x68, 0x14, 0xA2, 0x2A, 0xD0, 0x9E, 0xF5, 0xAD,
    0xD0, 0x31, 0x12, 0x78, 0x3B, 0x04, 0x7B, 0x88, 0x6F, 0xAB, 0xD4, 0x37, 0xD9, 0x4F, 0x95, 0x73,
    0xB8, 0xBB, 0x87, 0x73, 0xA4, 0x54, 0x5B, 0xE7, 0x5C, 0xD3, 0x77, 0x56, 0x60, 0x13, 0x21, 0xDB,
    0x23, 0xEA, 0x68, 0xCB, 0x96, 0x24, 0x41, 0x1A, 0xE8, 0x2C, 0x6C, 0xA8, 0x8F, 0xB5, 0x6A, 0x3E,
    0x6F, 0x3C, 0x13, 0xE6, 0x21, 0x48, 0xB7, 0xB5, 0x5D, 0x5D, 0x17, 0x36, 0xD6, 0xE2, 0x67, 0x1D,
    0x47, 0x90, 0x12, 0xB5, 0x05, 0x39, 0xA7, 0x23, 0xE8, 0x20, 0x3A, 0x4E, 0xF6, 0x6D, 0x79, 0x22,
    0x69, 0xCC, 0x01, 0xF8, 0x7F, 0x68, 0x58, 0x3B, 0xB1, 0xF0, 0x3B, 0x50, 0x6F, 0x3D, 0xF3, 0x9A,
    0x8E, 0x70, 0x3A, 0xDC, 0x23, 0xDC, 0x21, 0x76, 0x48, 0x44, 0x25, 0x7D, 0x2D, 0xE5, 0xBA, 0x5B,
    0xEE, 0x6F, 0x3E, 0xBB, 0x7C, 0x8E, 0xCD, 0xFD, 0xAE, 0x79, 0xFE, 0x15, 0x92, 0x64, 0x59, 0xAE,
    0xB2, 0x5C, 0x68, 0xDF, 0xA2, 0x0D, 0xE8, 0x5E, 0x19, 0x96, 0x80, 0x84, 0x74, 0x3B, 0xB7, 0xE3,
    0x11, 0x92, 0xDC, 0x81, 0x67, 0x3C, 0x0E, 0xDA, 0x60, 0x67, 0xF1, 0x09, 0x0B, 0xBF, 0xF1, 0x4D,
    0x58, 0xFD, 0x88, 0x8B, 0xB4, 0x5E, 0x5D, 0x5D, 0x78, 0x79, 0x50, 0x0D, 0xC2, 0x2B, 0x59, 0xC6,
    0xF9, 0xD1, 0x7A, 0xD4, 0x08, 0x8B, 0x44, 0x2E, 0xB3, 0x4E, 0x34, 0xEC, 0xBB, 0xAB, 0xB7, 0x36,
    0x36, 0x89, 0x4A, 0x0E, 0xF8, 0x08, 0x93, 0xB5, 0xB2, 0xBC, 0x5A, 0xC8, 0x42, 0x34, 0x69, 0x22,
    0xCB, 0x29, 0x04, 0x84, 0x99, 0xD8, 0x73, 0x9B, 0x99, 0x29, 0x2E, 0x28, 0x84, 0x25, 0x32, 0x1B,
    0x99, 0x01, 0x17, 0xE5, 0x3A, 0x7A, 0x4A, 0x94, 0xF4, 0xCC, 0x66, 0x2F, 0xE4, 0xA6, 0xCD, 0x9C,
    0x8D, 0xDE, 0x9A, 0x53, 0x04, 0x4F, 0x39, 0x3B, 0xA5, 0xE6, 0x14, 0xA6, 0x47, 0x5C, 0x3A, 0xB7,
    0x3F, 0x3C, 0x51, 0x63, 0x95, 0xB3, 0x6B, 0xA5, 0x67, 0xCB, 0x8F, 0x37, 0xD7, 0x37, 0xE0, 0x19,
    0x23, 0x89, 0x96, 0x19, 0xF1, 0x0D, 0x02, 0x4D, 0xC1, 0x3F, 0xD8, 0xD6, 0xC0, 0xC1, 0x96, 0x23,
    0x1A, 0x6D, 0xD4, 0x12, 0x7A, 0x77, 0xE0, 0x2D, 0xF0, 0x1B, 0xF0, 0x02, 0x88, 0x0A, 0x88, 0xC9,
    0x9C, 0xD2, 0xBB, 0x01, 0x3B, 0x04, 0xB1, 0x85, 0xC0, 0xD0, 0x27, 0xFA, 0x1C, 0x9D, 0x7C, 0xEA,
    0x00, 0x8F, 0x77, 0xD2, 0xA7, 0x90, 0x77, 0xE6, 0x40, 0x46, 0x66, 0xA2, 0xF4, 0x81, 0x9E, 0x01,
    0x9C, 0x01, 0xA8, 0x9E, 0x54, 0xC9, 0xC2, 0x9A, 0x78, 0x6B, 0x08, 0x2D, 0xC2, 0x0C, 0x33, 0x5A,
    0x7D, 0xBD, 0x90, 0xAD, 0x30, 0x42, 0xA7, 0xB6, 0x58, 0x00, 0xF3, 0xD7, 0x6D, 0x2D, 0xE7, 0xC9,
    0xAE, 0x3D, 0xA6, 0x75, 0x1F, 0xEC, 0x71, 0xAA, 0x1E, 0xFD, 0x1A, 0x07, 0x08, 0x1F, 0xD2, 0x8D,
    0x23, 0x4C, 0x28, 0x7D, 0xD7, 0x69, 0xB9, 0x93, 0xAB, 0xF5, 0x0B, 0xBA, 0xED, 0x06, 0x8A, 0x82,
    0x3B, 0xE5, 0x6C, 0x80, 0xF8, 0x34, 0xBB, 0x3F, 0xCC, 0x36, 0x3C, 0x01, 0x2E, 0x11, 0xAF, 0x1B,
    0xF5, 0x8F, 0xF9, 0xDB, 0xE9, 0xF7, 0x7F, 0xE5, 0x41, 0x0E, 0xAF, 0x8F, 0x84, 0x6F, 0xBE, 0xC3,
    0xD3, 0xEE, 0x36, 0x73, 0x4D, 0xB2, 0xD5, 0x07, 0x0B, 0xF7, 0x38, 0x46, 0xF3, 0x48, 0x47, 0x58,
    0x79, 0x8D, 0x72, 0xEE, 0x9E, 0x5F, 0xD6, 0xD9, 0xF6, 0x94, 0x68, 0x8A, 0x75, 0xA6, 0x05, 0xE7,
    0x1A, 0xCD, 0xAF, 0x28, 0x70, 0x91, 0x87, 0xD5, 0x33, 0x10, 0x12, 0x88, 0xB2, 0xB2, 0xCC, 0x22,
    0xFA, 0xAF, 0x32, 0x57, 0xD1, 0x3F, 0x76, 0x77, 0xD7, 0x7C, 0xD7, 0xE5, 0xCC, 0xD6, 0x23, 0xC8,
    0x88, 0x04, 0xDA, 0x2D, 0xE9, 0x96, 0x31, 0xC2, 0x7C, 0x42, 0xF3, 0xAF, 0x89, 0xFB, 0x90, 0x40,
    0x8A, 0x98, 0x6C, 0x6E, 0xD7, 0x44, 0xCC, 0xA4, 0x8A, 0x82, 0x46, 0x7C, 0xBF, 0x4E, 0xE5, 0x9C,
    0xF8, 0x3F, 0x07, 0x9D, 0x71, 0xD3, 0x9F, 0x7B, 0x43, 0xDA, 0x58, 0x2E, 0xA6, 0xF8, 0xE6, 0x36,
    0xA6, 0x5A, 0xF1, 0xC3, 0xED, 0x14, 0x71, 0x4C, 0xA8, 0xEB, 0xDF, 0xDE, 0x6B, 0xEA, 0x49, 0x9F,
    0x93, 0xB3, 0x05, 0xB6, 0xD6, 0x35, 0x9E, 0xF6, 0x75, 0x50, 0x9D, 0x0F, 0xAE, 0xF3, 0x37, 0x39,
    0x0F, 0x54, 0x52, 0xF6, 0xBF, 0x60, 0xF2, 0xAB, 0xAB, 0xBC, 0x3E, 0x25, 0xDF, 0x01, 0x53, 0xA2,
    0xEB, 0x55, 0x7F, 0xD2, 0xFF, 0x5A, 0xB7, 0x1D, 0x72, 0x59, 0x7F, 0x6C, 0xF4, 0xDC, 0x3E, 0xE7,
    0x2C, 0x15, 0x04, 0x20, 0xA7, 0x63, 0x96, 0x7F, 0xE1, 0xFE, 0x85, 0xCA, 0xE9, 0x8A, 0x21, 0x71,
    0xD9, 0x43, 0xF6, 0x25, 0x67, 0x0B, 0x39, 0x67, 0x7F, 0x93, 0x7E, 0x5B, 0x4B, 0xB4, 0xBF, 0x62,
    0x93, 0x51, 0x55, 0x7F, 0xBE, 0x19, 0xE3, 0xC1, 0x07, 0xAD, 0x1C, 0xCF, 0xAF, 0xC6, 0x71, 0xB4,
    0x8F, 0x8D, 0x0B, 0x28, 0x6C, 0x4C, 0x85, 0xF3, 0xCE, 0xAA, 0x55, 0xA4, 0x4B, 0x6B, 0xAF, 0x5D,
    0x5B, 0x9F, 0x2B, 0x2A, 0x0A, 0x45, 0x01, 0x14, 0x7D, 0x8B, 0x8C, 0x6A, 0xEB, 0xD2, 0xCA, 0xBA,
    0x54, 0x6D, 0x64, 0x56, 0xF5, 0x28, 0x65, 0x1B, 0xD7, 0x11, 0x79, 0x68, 0x73, 0xAA, 0x7E, 0xB9,
    0x6A, 0x62, 0x8D, 0x82, 0x25, 0xAE, 0x55, 0xDB, 0xD5, 0xB6, 0xB0, 0x45, 0x4D, 0x2B, 0x7A, 0x13,
    0x5E, 0x36, 0xAA, 0x2D, 0xD7, 0x45, 0x39, 0xC8, 0xCB, 0x3F, 0x35, 0xD5, 0x81, 0xB2, 0xB5, 0xC5,
    0xEA, 0xF8, 0xFC, 0x5E, 0x6D, 0xAB, 0x35, 0xEA, 0x07, 0xF9, 0x04, 0x67, 0xC8, 0xCC, 0x19, 0x58,
    0xB8, 0x6A, 0x85, 0x7A, 0xF6, 0xA9, 0xBC, 0xBC, 0x90, 0x62, 0x11, 0xAE, 0xA8, 0x66, 0xEA, 0x64,
    0x4E, 0x1A, 0x55, 0xCF, 0xD0, 0x9E, 0x49, 0x39, 0xFF, 0x0F, 0x93, 0x7F, 0xC0, 0xC0, 0xA0, 0xFF,
    0x83, 0x81, 0x81, 0xE1, 0x0F, 0x10, 0xDB, 0x01, 0xB1, 0x3D, 0x10, 0xEB, 0x3B, 0x30, 0x30, 0xF0,
    0x37, 0x00, 0xF1, 0x01, 0x20, 0xBE, 0x00, 0xE4, 0x7F, 0x00, 0x8A, 0x03, 0x71, 0x1D, 0x50, 0xE1,
    0x1F, 0xA0, 0xC2, 0x1F, 0xB5, 0x0C, 0x4C, 0x1F, 0xEC, 0x19, 0x98, 0x3F, 0xE8, 0x33, 0x70, 0x5F,
    0x90, 0x6F, 0xE0, 0x3F, 0xC0, 0x7F, 0x40, 0xBE, 0x81, 0xFB, 0x01, 0x50, 0xE4, 0x3F, 0xD0, 0x88,
    0x7D, 0x00, 0xD5, 0x5C, 0x3B, 0x90, 0xE4, 0xC6, 0x79, 0xEE, 0xC1, 0x50, 0x1C, 0x17, 0x61, 0x09,
    0x0E, 0x55, 0x45, 0x9B, 0x70, 0xE0, 0xC0, 0xE5, 0x92, 0x0E, 0x0E, 0x1D, 0xDC, 0x0E, 0x86, 0x62,
    0xC0, 0xC0, 0x81, 0x98, 0x2B, 0x51, 0xEC, 0xE4, 0x14, 0x2A, 0xD8, 0x9D, 0xC1, 0x51, 0x81, 0x02,
    0x05, 0xBA, 0xC0, 0xE5, 0x58, 0xA9, 0x23, 0x29, 0x50, 0xC0, 0x2A, 0xCF, 0x03, 0xE2, 0x55, 0x59,
    0x01, 0x03, 0x41, 0x62, 0x95, 0x1D, 0x38, 0xD0, 0xD0, 0xA6, 0x6C, 0x57, 0x39, 0x20, 0x28, 0xC3,
    0x12, 0x4E, 0xC4, 0x0C, 0xFC, 0x7D, 0xDF, 0xDF, 0x98, 0xC1, 0xCC, 0x3E, 0x6E, 0xF7, 0x76, 0xF7,
    0x28, 0xED, 0x4E, 0xFF, 0x3D, 0x03, 0x34, 0x1A, 0xFD, 0xF8, 0xFB, 0x7F, 0x77, 0xBF, 0xF6, 0xC4,
    0xB9, 0x61, 0xE5, 0x9C, 0xDB, 0x20, 0xA5, 0x48, 0x51, 0xEE, 0xBA, 0xBF, 0x59, 0xDB, 0xAE, 0x99,
    0xA6, 0xF8, 0x7E, 0x59, 0x9A, 0xB5, 0x5B, 0xA5, 0xAB, 0xCA, 0x4C, 0x7B, 0x75, 0x0D, 0x8B, 0x13,
    0x37, 0x2A, 0x67, 0x6E, 0x58, 0x8C, 0xEF, 0xF5, 0x3D, 0xAB, 0x16, 0x85, 0x9D, 0x41, 0xDF, 0xA7,
    0x6B, 0xC1, 0xB6, 0x2D, 0x04, 0x1B, 0x5E, 0x19, 0xB4, 0xBA, 0x9E, 0x4E, 0x08, 0xE3, 0x9C, 0xB0,
    0xFF, 0x89, 0x33, 0xDD, 0x55, 0xC9, 0x2D, 0x61, 0x5B, 0x0B, 0x66, 0xA8, 0xE8, 0xEF, 0x9C, 0x1B,
    0x6C, 0x6C, 0x68, 0x59, 0x73, 0xEA, 0xFA, 0xBD, 0xCD, 0x99, 0x9E, 0xD7, 0x93, 0x9B, 0x24, 0xF7,
    0x6A, 0x5B, 0xA9, 0xE6, 0x6C, 0xD0, 0x4E, 0x1E, 0x15, 0xA3, 0xCA, 0x0D, 0x33, 0x75, 0x28, 0xC9,
    0xFC, 0xB4, 0x5A, 0xB1, 0x25, 0x01, 0x06, 0xA5, 0x34, 0xB0, 0xD8, 0x5D, 0x9B, 0xB9, 0xAE, 0x9C,
    0x9E, 0x88, 0x30, 0x08, 0x8E, 0xB5, 0x14, 0x01, 0xEA, 0x5B, 0xB3, 0xE6, 0x09, 0xDE, 0xF1, 0x31,
    0x6E, 0x6F, 0xDD, 0x80, 0xD3, 0x58, 0x85, 0x25, 0x5E, 0x90, 0x45, 0x28, 0xAD, 0x84, 0x97, 0x45,
    0xA5, 0x73, 0x21, 0xCA, 0x0D, 0x39, 0x0C, 0x33, 0x8C, 0xC2, 0xAB, 0xED, 0xDA, 0xB9, 0xB8, 0xB4,
    0x51, 0x18, 0xE0, 0xE2, 0x00, 0x79, 0x50, 0xBE, 0xE1, 0x86, 0x65, 0x5A, 0x24, 0x39, 0x46, 0x79,
    0x32, 0x58, 0xD5, 0x6E, 0x7A, 0xD1, 0xDF, 0xC9, 0xB0, 0x58, 0x86, 0x25, 0xA0, 0x0D, 0x1A, 0x9E,
    0xBE, 0xCD, 0x07, 0x6F, 0xBC, 0xD9, 0x27, 0x5C, 0xB3, 0x4B, 0xB3, 0x6C, 0xB5, 0x75, 0x2B, 0x34,
    0x7A, 0x68, 0x78, 0xB4, 0xCF, 0x4B, 0x1B, 0xB6, 0xE1, 0xFA, 0x30, 0x1F, 0x1D, 0xE5, 0x61, 0x71,
    0x94, 0xE7, 0x18, 0xF8, 0x67, 0x1A, 0x2E, 0x4C, 0x80, 0x90, 0x68, 0xC9, 0x11, 0x52, 0x8E, 0x51,
    0x02, 0x46, 0x2D, 0xD9, 0xDE, 0x64, 0xC2, 0xF2, 0x0D, 0x67, 0x64, 0x9F, 0xE3, 0xFA, 0x86, 0xF9,
    0xB0, 0x0C, 0x1A, 0xE6, 0xF1, 0x3A, 0x2D, 0x35, 0x9B, 0x59, 0x9A, 0x31, 0xAF, 0x39, 0xC7, 0x78,
    0xB3, 0xBB, 0x75, 0x8E, 0xE9, 0x6E, 0xB9, 0x10, 0x2C, 0x6F, 0xEC, 0x3A, 0x16, 0x83, 0xDD, 0x4F,
    0x33, 0xCB, 0xA3, 0xFC, 0xE2, 0x3C, 0xF6, 0xF7, 0xD3, 0x89, 0x3D, 0xA7, 0x45, 0x3B, 0x6A, 0x7D,
    0xFB, 0xDA, 0xF6, 0x89, 0xBB, 0xF9, 0xE2, 0xFC, 0x67, 0xA2, 0x92, 0x5F, 0x96, 0xDB, 0x7F, 0xF0,
    0xCB, 0xB2, 0xB7, 0x38, 0x13, 0x83, 0xD9, 0xB5, 0xA0, 0x7B, 0xED, 0x09, 0xB1, 0x9D, 0x88, 0xCE,
    0x06, 0x04, 0x35, 0x67, 0xAC, 0x70, 0xBD, 0x3F, 0x34, 0x34, 0x61, 0xEB, 0x97, 0xF8, 0x36, 0x60,
    0xFF, 0x31, 0xE1, 0x53, 0xAE, 0x8A, 0x29, 0x9F, 0x9F, 0x72, 0xB9, 0x4C, 0x31, 0x2D, 0x6E, 0x3A,
    0xD4, 0xB2, 0x2B, 0x08, 0x30, 0x17, 0x53, 0x4E, 0xCC, 0x94, 0x95, 0x4E, 0xD9, 0x3A, 0x14, 0xCE,
    0xF9, 0xD8, 0xBA, 0xAB, 0x40, 0x55, 0x39, 0x8D, 0x87, 0x06, 0x07, 0x24, 0xE5, 0x1F, 0xB5, 0xFA,
    0x26, 0x5D, 0x4F, 0x51, 0xCC, 0x71, 0xC2, 0x0F, 0xDB, 0x12, 0x92, 0x34, 0xC6, 0x04, 0x29, 0x01,
    0x29, 0xE5, 0x80, 0x60, 0xF8, 0x5B, 0x80, 0xE8, 0x5F, 0x01, 0xE2, 0xEF, 0x02, 0xA4, 0x23, 0x80,
    0x0D, 0xC0, 0xA0, 0x06, 0x18, 0x96, 0x00, 0x51, 0x0E, 0x90, 0x64, 0x00, 0x29, 0xA6, 0x62, 0xDA,
    0x00, 0xCC, 0x6A, 0x82, 0x92, 0x20, 0x27, 0xC8, 0x08, 0x34, 0x61, 0x27, 0x01, 0x06, 0x39, 0x25,
    0x06, 0xC4, 0xC0, 0x4D, 0x37, 0xDA, 0xFA, 0x16, 0x6C, 0xD9, 0xAE, 0x94, 0xCD, 0x48, 0x88, 0xB2,
    0x18, 0x86, 0x24, 0x0B, 0x4B, 0xF4, 0x10, 0xBD, 0x57, 0xA7, 0xD0, 0xDE, 0x0D, 0x32, 0x37, 0x63,
    0xF3, 0xD3, 0xB7, 0x00, 0xA2, 0x0F, 0x30, 0x26, 0xE1, 0x2F, 0x73, 0x2E, 0x19, 0x74, 0x2E, 0x68,
    0x7D, 0x3D, 0xD6, 0x37, 0xAE, 0x48, 0xEB, 0x2A, 0xD6, 0x19, 0xBA, 0x92, 0xFB, 0x9B, 0x53, 0x67,
    0x48, 0x74, 0x4F, 0x80, 0xE8, 0x6C, 0xC0, 0x5E, 0x7E, 0x11, 0x50, 0x3B, 0x48, 0xF7, 0xAD, 0xE1,
    0xC3, 0x4F, 0x32, 0xDF, 0x8F, 0xE8, 0xA7, 0x1C, 0x97, 0xEF, 0xA0, 0x4C, 0x12, 0xB0, 0x97, 0x0E,
    0x7D, 0x58, 0xB0, 0x37, 0x8D, 0x3B, 0x73, 0xF8, 0x91, 0x82, 0xB2, 0xB9, 0x84, 0x14, 0xA2, 0xCD,
    0x46, 0x7C, 0x07, 0xE6, 0x33, 0x2C, 0x40, 0x1B, 0x87, 0x25, 0x90, 0x53, 0xE3, 0x37, 0xA8, 0x49,
    0x84, 0x1B, 0x8E, 0xC0, 0x02, 0xCD, 0x28, 0x99, 0xAE, 0xE6, 0x65, 0x1B, 0x67, 0x9C, 0x22, 0x46,
    0xB9, 0x61, 0xC5, 0xB1, 0xC6, 0x75, 0x9F, 0x58, 0xDB, 0x10, 0xD7, 0x63, 0xF2, 0xBB, 0x6C, 0x86,
    0xE5, 0x35, 0x03, 0x69, 0x39, 0x2A, 0x5F, 0xFB, 0x54, 0xF9, 0xB2, 0xB9, 0xF1, 0x51, 0x96, 0x09,
    0xCB, 0x5E, 0x7D, 0x0B, 0x9F, 0x1A, 0xBB, 0x16, 0xB2, 0x6D, 0x45, 0x57, 0xF6, 0xCE, 0xB9, 0x95,
    0x5F, 0xC8, 0x9E, 0xCB, 0xBA, 0xAB, 0x60, 0xB6, 0x87, 0xF1, 0x84, 0x30, 0x31, 0x28, 0x44, 0x4A,
    0x7B, 0x70, 0x2C, 0xB8, 0x70, 0x36, 0x25, 0xF8, 0x10, 0xC9, 0x1A, 0x4D, 0x6A, 0xE3, 0x44, 0xC7,
    0x4A, 0x83, 0x1C, 0xFE, 0xE0, 0x02, 0x58, 0x0B, 0xDE, 0x87, 0x2C, 0x82, 0x06, 0x4A, 0x54, 0x88,
    0x25, 0x32, 0xA4, 0x93, 0x70, 0x6D, 0x84, 0x5E, 0x04, 0x7F, 0xA0, 0xC6, 0xC6, 0x19, 0x1B, 0x3A,
    0x43, 0x4E, 0xD6, 0x9B, 0x64, 0x71, 0x46, 0x3A, 0x15, 0x15, 0x71, 0x46, 0xA6, 0x3C, 0xAC, 0xE2,
    0xC7, 0xA2, 0x09, 0x6C, 0x3F, 0x9B, 0x29, 0xAA, 0x0C, 0xC4, 0x2C, 0xE3, 0xCC, 0x48, 0x28, 0xCA,
    0x4D, 0x48, 0x54, 0xE2, 0x0C, 0x2F, 0x21, 0x6F, 0xC8, 0xB8, 0xB2, 0x54, 0x6F, 0xE5, 0x19, 0x4B,
    0xE3, 0xBA, 0xF7, 0x46, 0xBE, 0x1D, 0x78, 0x44, 0xED, 0x5A, 0xAA, 0x7D, 0x58, 0xF7, 0xAB, 0x67,
    0x9C, 0x94, 0x3C, 0x2E, 0xE2, 0xF2, 0x35, 0x93, 0x0A, 0xEB, 0x7D, 0x62, 0x03, 0x63, 0x50, 0x75,
    0x30, 0x76, 0x26, 0xBC, 0xDC, 0x2F, 0x64, 0xE1, 0x33, 0xD2, 0x9C, 0xDF, 0x4F, 0x70, 0x2D, 0x2D,
    0x5E, 0x2F, 0x63, 0xD4, 0x33, 0x40, 0x7D, 0x2F, 0x8F, 0x7A, 0x3D, 0xA4, 0xAC, 0x30, 0x26, 0x1D,
    0x4F, 0x48, 0x50, 0xC2, 0xED, 0xCB, 0xA6, 0x9F, 0x2F, 0x8F, 0x69, 0x48, 0x0C, 0x31, 0x40, 0x41,
    0x44, 0xD2, 0x87, 0xC0, 0x68, 0x07, 0x24, 0x71, 0x18, 0xC8, 0x6D, 0xCA, 0xFB, 0x40, 0x68, 0x20,
    0x21, 0x43, 0x92, 0x85, 0x00, 0x65, 0x0B, 0x09, 0x16, 0x94, 0x2A, 0x96, 0xE4, 0x8E, 0xCB, 0x99,
    0x70, 0x8F, 0xDC, 0x69, 0x54, 0xCD, 0x48, 0x03, 0xAB, 0x19, 0x87, 0xB7, 0x9A, 0x91, 0x00, 0x56,
    0x67, 0x98, 0xFC, 0x65, 0x75, 0x4A, 0xE2, 0x5F, 0x9D, 0x8E, 0x5D, 0xF0, 0x69, 0x75, 0x0A, 0xFA,
    0xF7, 0x51, 0x75, 0x0A, 0x16, 0xF1, 0x93, 0xEA, 0x34, 0x2C, 0xE2, 0xC7, 0xD5, 0x29, 0x08, 0xDF,
    0xA0, 0x3A, 0x05, 0xFD, 0x01, 0x04, 0xE9, 0x23, 0x9C, 0x55, 0x84, 0x69, 0x49, 0x18, 0x15, 0x84,
    0x61, 0x46, 0x48, 0xF9, 0xB0, 0x0F, 0xA7, 0x7E, 0x50, 0xAF, 0x05, 0x48, 0xD6, 0x0D, 0xDC, 0xE8,
    0x31, 0x93, 0x54, 0x24, 0xD9, 0x02, 0xAB, 0x41, 0xF1, 0x07, 0x92, 0x77, 0x29, 0xFA, 0xD6, 0xE2,
    0xC8, 0x1B, 0x09, 0x0C, 0x33, 0xC9, 0xC6, 0xA9, 0x56, 0x75, 0x92, 0x51, 0x94, 0x8B, 0xF3, 0x85,
    0x16, 0x5E, 0x1F, 0xDA, 0x75, 0x2B, 0x63, 0xE5, 0xED, 0x59, 0xAB, 0xC7, 0xEA, 0xB4, 0xFA, 0x4D,
    0xA0, 0xB6, 0xF7, 0xEE, 0xB9, 0xD2, 0xBD, 0xB3, 0xBF, 0x5A, 0xEF, 0x9D, 0xBA, 0x47, 0xC5, 0x14,
    0x4A, 0xD8, 0x21, 0x8B, 0x08, 0x6A, 0xFB, 0xCD, 0xEB, 0x8F, 0xD8, 0x9E, 0xC9, 0xAC, 0xAD, 0xEE,
    0x42, 0xF1, 0x98, 0xED, 0x94, 0x8C, 0xC5, 0x21, 0xB8, 0x50, 0xF1, 0xC8, 0xBD, 0xE2, 0x91, 0x1F,
    0x29, 0x1E, 0x2B, 0x0E, 0xD0, 0xEA, 0x6A, 0xDE, 0x7D, 0x27, 0xE0, 0xA5, 0x09, 0x3B, 0x9D, 0x52,
    0xD8, 0x83, 0x31, 0x75, 0x83, 0x81, 0x3A, 0x19, 0x3E, 0x4B, 0x63, 0x90, 0xED, 0x3C, 0x1D, 0x50,
    0xFA, 0x4F, 0x31, 0x4E, 0x4B, 0xE5, 0x8D, 0xB0, 0x8A, 0x30, 0xEE, 0x41, 0xE2, 0x64, 0xEA, 0xFF,
    0x67, 0x20, 0x20, 0x7C, 0x2A, 0xAC, 0x59, 0x83, 0xD5, 0x66, 0x35, 0x9F, 0x7F, 0x63, 0xCA, 0x96,
    0xB1, 0x9F, 0x05, 0xE8, 0x4D, 0x42, 0x1E, 0x04, 0x31, 0xA6, 0x21, 0x29, 0xD8, 0x50, 0x2A, 0x4E,
    0xD9, 0xEC, 0xE4, 0x67, 0xD4, 0x88, 0x29, 0x07, 0x0D, 0x25, 0x16, 0xB1, 0xED, 0x54, 0xF3, 0x5C,
    0xC4, 0x1E, 0xA7, 0x7F, 0x8B, 0x4E, 0x2D, 0x49, 0xD1, 0x1A, 0xBC, 0x13, 0x39, 0xE8, 0x0F, 0x6A,
    0x99, 0x48, 0x61, 0xA6, 0x6C, 0xCE, 0x25, 0x46, 0xBC, 0xBA, 0x77, 0xC9, 0xAE, 0x15, 0xD8, 0xF5,
    0xEF, 0x18, 0x90, 0xC8, 0x5E, 0x96, 0xD0, 0xDF, 0x29, 0xB0, 0x71, 0x4A, 0x0A, 0x9D, 0xFE, 0xEA,
    0xD1, 0x16, 0x4C, 0x70, 0x3B, 0x68, 0xFF, 0xFB, 0xB9, 0xB2, 0xCC, 0xD4, 0xE4, 0x8C, 0xCF, 0x37,
    0x33, 0x25, 0xAD, 0xCB, 0xFC, 0x45, 0xF7, 0xFB, 0x96, 0x5B, 0xF3, 0x24, 0xF3, 0xB6, 0x5E, 0x8A,
    0xD9, 0x89, 0xDC, 0x57, 0xE4, 0xB0, 0xE3, 0x14, 0x32, 0x59, 0x14, 0x5E, 0x8D, 0xBE, 0x2E, 0x6C,
    0x25, 0xA2, 0x50, 0xE9, 0xC4, 0x15, 0x5A, 0x67, 0x70, 0x3D, 0x15, 0x04, 0x9D, 0x01, 0x8C, 0x7B,
    0x10, 0x8C, 0xB0, 0xBB, 0x1B, 0x6C, 0xF4, 0x54, 0xE5, 0x6B, 0x98, 0x3A, 0x2F, 0x3C, 0xDC, 0x08,
    0x52, 0x6E, 0x27, 0x6C, 0x73, 0x5E, 0x89, 0x4B, 0x42, 0x18, 0x4C, 0x28, 0x75, 0x34, 0x2A, 0xD3,
    0x83, 0x83, 0x5A, 0x77, 0x55, 0x26, 0x5E, 0xEB, 0xA9, 0x8C, 0xB0, 0xF6, 0xB5, 0x3D, 0x5F, 0xC6,
    0xBC, 0x99, 0x8E, 0xE0, 0x56, 0x5B, 0xF5, 0x0D, 0xCB, 0x7D, 0x1D, 0x36, 0xEE, 0x4B, 0xB8, 0x70,
    0x44, 0x7C, 0xD7, 0x3D, 0x6A, 0x98, 0x72, 0xA6, 0x52, 0x8D, 0xC7, 0x31, 0xAD, 0x24, 0x31, 0xB3,
    0x27, 0xD2, 0xFC, 0x01, 0x64, 0x2A, 0x97, 0x16, 0xA8, 0x2F, 0xD4, 0xD4, 0xAE, 0x24, 0xCC, 0xB8,
    0xD7, 0x6D, 0x04, 0x4D, 0xF3, 0x1F, 0x6D, 0x82, 0xD6, 0xE4, 0x9A, 0x04, 0x8D, 0x85, 0x78, 0x11,
    0x15, 0x53, 0xA3, 0x3F, 0x53, 0x72, 0x02, 0xB6, 0xBC, 0x31, 0x15, 0x89, 0x44, 0xB3, 0x99, 0xB5,
    0xFD, 0xCC, 0x5F, 0xDC, 0x65, 0x73, 0x2B, 0xE9, 0x49, 0x8B, 0xAF, 0x25, 0xB1, 0x3A, 0x49, 0xB1,
    0xF1, 0x86, 0xE1, 0xC6, 0x0C, 0x16, 0xDE, 0x2E, 0x12, 0x12, 0x1F, 0x02, 0xB6, 0x2E, 0x91, 0xF9,
    0x6B, 0x82, 0x4E, 0x50, 0x3B, 0x00, 0x99, 0x03, 0xA8, 0x76, 0x80, 0x3F, 0x4D, 0x6D, 0x50, 0x11,
    0x15, 0xD6, 0x63, 0xC3, 0x1A, 0x3F, 0xA3, 0x35, 0xAF, 0xE5, 0xA2, 0x93, 0x00, 0x9B, 0xEE, 0x89,
    0x11, 0x8D, 0x46, 0x78, 0x31, 0x38, 0xC7, 0x44, 0xCF, 0x42, 0x84, 0x40, 0xCB, 0xA3, 0x62, 0xE5,
    0x5E, 0x23, 0x7A, 0xB9, 0x9D, 0x9D, 0x2C, 0x73, 0x8F, 0xA4, 0x1F, 0x66, 0xC9, 0xC7, 0x11, 0x84,
    0x84, 0x28, 0x1B, 0x03, 0x09, 0xD3, 0x37, 0x57, 0x59, 0xDC, 0xFE, 0x32, 0x1B, 0x6D, 0x43, 0x94,
    0x19, 0xBC, 0x83, 0xD6, 0x96, 0x18, 0xB6, 0x72, 0xD8, 0xFE, 0xBD, 0xC6, 0x99, 0x4F, 0x42, 0xE3,
    0xA1, 0x8E, 0xE3, 0x4E, 0xE2, 0x8D, 0x7B, 0x88, 0xE7, 0xA7, 0x6B, 0x4C, 0x2A, 0x9A, 0x38, 0x33,
    0x4A, 0x50, 0x43, 0x09, 0x6D, 0xC6, 0x96, 0xEA, 0xC4, 0x05, 0x55, 0x94, 0x11, 0xA9, 0xE2, 0x62,
    0x48, 0x0E, 0x0A, 0x99, 0x15, 0x8F, 0xA0, 0xC6, 0x3A, 0xA8, 0x6B, 0x87, 0x4F, 0x55, 0x8F, 0x4A,
    0x5D, 0x59, 0xD7, 0x03, 0xFC, 0x9C, 0xD7, 0xEE, 0x94, 0x30, 0x68, 0xA4, 0x26, 0xF1, 0x3A, 0x3E,
    0xCD, 0x5E, 0x99, 0xBA, 0xEA, 0x03, 0x04, 0x69, 0x3C, 0x18, 0xBB, 0x0E, 0x9C, 0x10, 0x3C, 0x24,
    0x38, 0x25, 0x98, 0xEF, 0x40, 0x4D, 0x7A, 0xE0, 0x87, 0xB8, 0xE1, 0xBA, 0x33, 0xED, 0xAC, 0x10,
    0xC0, 0xFD, 0xE1, 0x31, 0xA0, 0xEA, 0x51, 0x74, 0x23, 0x1A, 0x17, 0x14, 0xC5, 0xA2, 0xEC, 0x0C,
    0x62, 0xED, 0xDC, 0x8D, 0x72, 0x72, 0x37, 0xA6, 0xC6, 0xEB, 0x1F, 0x67, 0x9E, 0xDE, 0x43, 0x85,
    0xC9, 0x47, 0xEC, 0xF9, 0x8A, 0x9A, 0x79, 0x84, 0x19, 0x83, 0x66, 0x95, 0x87, 0x50, 0xCA, 0xF1,
    0x9F, 0x0D, 0xD7, 0x51, 0x9E, 0x72, 0x8C, 0x28, 0xB8, 0x35, 0x11, 0x9F, 0x9E, 0x45, 0x4F, 0xA9,
    0xDF, 0xC8, 0xFC, 0x2B, 0xAC, 0x77, 0x9B, 0xE8, 0xFD, 0x46, 0x65, 0xC8, 0xD1, 0x58, 0x5E, 0xCF,
    0xE6, 0x64, 0x6D, 0x5C, 0x9A, 0x51, 0x1E, 0x94, 0x23, 0x4C, 0x63, 0x5B, 0xBF, 0x31, 0x30, 0xF5,
    0xF3, 0x84, 0xD2, 0x01, 0x16, 0x16, 0x56, 0x8B, 0xBF, 0x92, 0xBE, 0xE2, 0xC6, 0xE3, 0x37, 0x37,
    0x28, 0x13, 0xB4, 0xE0, 0xD3, 0x7C, 0x51, 0x82, 0x34, 0x43, 0x42, 0x93, 0x83, 0x4F, 0xF2, 0x66,
    0xF4, 0xB3, 0xBC, 0x89, 0xBE, 0x9E, 0x37, 0x63, 0xDC, 0x9B, 0x47, 0xF9, 0x06, 0x2F, 0x6A, 0x0B,
    0x9A, 0x90, 0x91, 0x54, 0x3E, 0xCA, 0x2B, 0xA4, 0x30, 0x7B, 0x0F, 0x1D, 0xC6, 0x98, 0x71, 0x25,
    0xB6, 0x7B, 0x53, 0xD5, 0x6D, 0xEA, 0x6C, 0x24, 0x4D, 0xD0, 0x84, 0x81, 0x7F, 0x4E, 0x06, 0x56,
    0x7E, 0x43, 0xAD, 0x1B, 0x28, 0x0C, 0xA2, 0xE2, 0xC8, 0x4B, 0x1B, 0x28, 0x1B, 0x20, 0x53, 0xB8,
    0x5F, 0x59, 0x39, 0x48, 0x17, 0x0D, 0x11, 0x3A, 0xC1, 0x5C, 0x28, 0xE1, 0xE7, 0xD8, 0xA7, 0x13,
    0x9F, 0x38, 0xE1, 0x9C, 0x6A, 0xCC, 0x34, 0x0C, 0xBE, 0xAA, 0x1A, 0xAB, 0xBE, 0x81, 0x18, 0xD2,
    0x6C, 0xCD, 0xFC, 0x91, 0x64, 0x2D, 0xED, 0x6F, 0x98, 0x1E, 0xA0, 0x1A, 0xAC, 0xEC, 0xD9, 0x67,
    0x6B, 0x18, 0x5A, 0x7E, 0x53, 0x86, 0x3F, 0xCB, 0xEA, 0x3A, 0xFA, 0x7E, 0x56, 0xCF, 0x93, 0x28,
    0xAB, 0xD3, 0x13, 0x80, 0xB8, 0x01, 0x88, 0x80, 0xCD, 0x58, 0x7E, 0x00, 0x01, 0x66, 0x8F, 0x46,
    0x76, 0x03, 0xC0, 0x87, 0xC9, 0x45, 0x09, 0x18, 0xA1, 0x74, 0xD9, 0x7D, 0x26, 0xDA, 0x75, 0x81,
    0x21, 0xC0, 0x14, 0x88, 0x4B, 0xC0, 0x43, 0x12, 0xCA, 0x39, 0x52, 0x23, 0x83, 0x40, 0x50, 0x31,
    0x9F, 0x8B, 0xAE, 0x50, 0x1C, 0x84, 0x32, 0x83, 0x72, 0x2C, 0xCF, 0xE7, 0xAE, 0x53, 0xFF, 0x65,
    0xA9, 0x9A, 0xAD, 0xDD, 0x67, 0x18, 0xB9, 0x36, 0x5B, 0x51, 0xB9, 0x98, 0x34, 0x7E, 0x4A, 0xCE,
    0x27, 0x13, 0xED, 0xDA, 0x37, 0xB7, 0xA2, 0xA0, 0xCD, 0xAA, 0x30, 0xEA, 0x77, 0x94, 0x6C, 0x65,
    0x6C, 0xD1, 0x8F, 0x07, 0xC2, 0xFC, 0x69, 0xA7, 0x89, 0xF7, 0xD2, 0xDC, 0x5F, 0x4F, 0xDD, 0x2B,
    0x28, 0x87, 0xDE, 0x70, 0x7E, 0xF1, 0x1C, 0xE4, 0xE9, 0x8A, 0xA9, 0x4F, 0x9E, 0xAE, 0x9B, 0xB0,
    0x72, 0x6A, 0xDA, 0xBC, 0x48, 0x08, 0xE3, 0x6C, 0x54, 0x70, 0x6D, 0x00, 0x82, 0xEA, 0x90, 0xFA,
    0x90, 0x0A, 0x9D, 0xDA, 0x64, 0x4F, 0x81, 0xB2, 0xA9, 0xD9, 0x0E, 0xCC, 0x4D, 0x80, 0xE7, 0x63,
    0xBF, 0x4C, 0x4F, 0x7C, 0x03, 0x29, 0x22, 0x5F, 0x0D, 0x66, 0x58, 0x58, 0xD2, 0x78, 0xA3, 0x8F,
    0xEB, 0x15, 0x8C, 0x1D, 0x15, 0x49, 0x7D, 0xC5, 0x29, 0xAB, 0x38, 0x5F, 0x06, 0x06, 0x95, 0xBE,
    0xE9, 0x9A, 0xEE, 0xAA, 0x9C, 0x9E, 0x30, 0xCB, 0x3D, 0x6B, 0xB9, 0xF4, 0x1D, 0xE8, 0xC9, 0x3A,
    0xC9, 0xD8, 0x8F, 0x04, 0x74, 0x75, 0x2C, 0x1C, 0x70, 0x5B, 0x0A, 0xF9, 0x34, 0x8B, 0x52, 0x5D,
    0x27, 0x55, 0xA8, 0x85, 0x23, 0xA3, 0x35, 0xE9, 0x01, 0xD5, 0xBC, 0x28, 0x3F, 0xD3, 0x95, 0x9B,
    0x63, 0x02, 0x8D, 0x38, 0xDE, 0x90, 0x33, 0x3F, 0x4E, 0x0D, 0x05, 0xD6, 0x83, 0x0F, 0x04, 0x7C,
    0xD0, 0x25, 0x10, 0x28, 0xF7, 0x4E, 0xAA, 0xC1, 0xDB, 0x7F, 0xB8, 0x8A, 0x6F, 0x05, 0xDA, 0xDD,
    0x9F, 0x7E, 0xBA, 0xBB, 0x82, 0x26, 0x92, 0x1A, 0x74, 0xBB, 0xA1, 0xBE, 0x00, 0x56, 0x94, 0x18,
    0x24, 0x36, 0x18, 0x93, 0x3B, 0x06, 0x29, 0xE7, 0xCD, 0x73, 0x98, 0x15, 0x41, 0x42, 0x10, 0xEF,
    0xBE, 0x2D, 0x77, 0x4C, 0x68, 0xED, 0xE4, 0x83, 0xBB, 0x14, 0xB4, 0x22, 0x83, 0x2D, 0x68, 0x22,
    0x98, 0x1D, 0xAF, 0xCD, 0x09, 0x4E, 0xBB, 0x6F, 0x41, 0xED, 0xEF, 0xAA, 0x5C, 0xAD, 0xF6, 0xF5,
    0x3F, 0x1D, 0x17, 0x6D, 0x7A, 0x3C, 0xB3, 0x36, 0x9E, 0xF9, 0x2A, 0x24, 0x8C, 0x04, 0x6B, 0xE9,
    0xC1, 0xA0, 0x73, 0xA5, 0xC6, 0x62, 0xFC, 0xC0, 0xBC, 0x7C, 0x28, 0x25, 0xAC, 0xC3, 0xFE, 0x64,
    0xF2, 0x0A, 0xEE, 0x8F, 0x51, 0x2E, 0xC6, 0xB8, 0x80, 0x35, 0xD0, 0x50, 0xB7, 0x05, 0x58, 0x91,
    0x82, 0x6F, 0xC2, 0x12, 0x34, 0x73, 0x50, 0x37, 0xE4, 0x8D, 0x24, 0xC8, 0x0B, 0x3E, 0x3C, 0x15,
    0xE0, 0xCF, 0x69, 0x03, 0x8B, 0xCE, 0xA2, 0x19, 0xF1, 0xAE, 0xCA, 0x0D, 0x36, 0xA3, 0xD2, 0x9E,
    0x95, 0xD1, 0x6B, 0xD5, 0x4E, 0xC8, 0xF3, 0xA3, 0x75, 0x0C, 0x4E, 0x85, 0x94, 0x59, 0x0E, 0x59,
    0x60, 0x12, 0x90, 0x23, 0xA6, 0x48, 0x8B, 0x78, 0x32, 0xA8, 0x63, 0x60, 0xB9, 0xDD, 0x83, 0x1A,
    0x39, 0x59, 0x20, 0x91, 0x6D, 0x99, 0x8D, 0xC3, 0x7C, 0x55, 0xBB, 0xBF, 0x5B, 0x70, 0xDF, 0xE1,
    0xFA, 0x14, 0xFC, 0x73, 0xAB, 0xFC, 0xE0, 0xEF, 0x16, 0x75, 0x06, 0x4F, 0x4C, 0x08, 0xED, 0xD2,
    0xAA, 0x6D, 0x94, 0x76, 0xD7, 0x3E, 0x6D, 0xB3, 0xE1, 0x67, 0x90, 0x9F, 0xB6, 0x6F, 0x89, 0x73,
    0xE1, 0xDA, 0x19, 0xD2, 0xB8, 0x97, 0xA6, 0xFE, 0xDA, 0x9C, 0xEC, 0xC9, 0x12, 0xBD, 0x93, 0x7A,
    0x7A, 0x6D, 0x9D, 0xE7, 0x54, 0x8D, 0xF4, 0xF2, 0x0D, 0x3D, 0x97, 0x9D, 0x2B, 0xD2, 0xDD, 0x4C,
    0x38, 0x3A, 0x22, 0xCF, 0x67, 0xBE, 0x5B, 0xAD, 0x49, 0x78, 0x17, 0x90, 0xE7, 0x64, 0x47, 0x9E,
    0x07, 0x6D, 0x11, 0xB6, 0x4D, 0x5C, 0xC0, 0xAC, 0xC6, 0x19, 0xA1, 0x9E, 0xBE, 0x05, 0xBA, 0xAC,
    0x5D, 0x68, 0x96, 0x6E, 0x2C, 0x8D, 0xB3, 0xF4, 0xCD, 0x06, 0x48, 0x07, 0x1C, 0x7A, 0x00, 0x2F,
    0xD2, 0x6C, 0x32, 0xF6, 0xAA, 0xFD, 0x55, 0xFF, 0xE3, 0xD8, 0xCD, 0xD2, 0x6C, 0x1C, 0xEF, 0xA7,
    0xE2, 0x46, 0xAE, 0x51, 0xF7, 0xDE, 0x60, 0x03, 0xD4, 0xAD, 0xBD, 0x00, 0xF2, 0x9C, 0xFF, 0xA0,
    0x4E, 0xCB, 0x34, 0x97, 0xAC, 0xE0, 0x3A, 0xA8, 0x4E, 0x8F, 0x7B, 0xF0, 0xC4, 0x43, 0x4A, 0x5F,
    0xA7, 0xE2, 0x76, 0x73, 0x99, 0x13, 0x28, 0x2B, 0x9E, 0x50, 0x86, 0xD0, 0x94, 0xE1, 0x3B, 0xE5,
    0x88, 0x01, 0x25, 0x09, 0x30, 0xAD, 0xAD, 0x56, 0xA3, 0x58, 0xB9, 0xBB, 0x1A, 0x1A, 0xFD, 0x11,
    0x19, 0xD2, 0x95, 0x44, 0x4F, 0x89, 0xC5, 0x4E, 0xC2, 0x7C, 0xFF, 0x9D, 0xCC, 0x38, 0x6E, 0xB9,
    0x10, 0x63, 0xAC, 0xE3, 0x3E, 0x92, 0xD1, 0x50, 0xCB, 0x74, 0x01, 0x82, 0xD5, 0x30, 0xEA, 0x35,
    0x1E, 0x91, 0xCE, 0xAE, 0x93, 0x24, 0xD1, 0x43, 0xF1, 0x14, 0x65, 0x9B, 0xBB, 0x9E, 0x2C, 0xF7,
    0xE2, 0xF2, 0x98, 0x34, 0xB2, 0xC6, 0x53, 0xCB, 0xC8, 0xDD, 0x89, 0x7C, 0x38, 0x28, 0x23, 0xA0,
    0x3D, 0xF0, 0x8E, 0x8C, 0x33, 0xA9, 0x77, 0x75, 0xDE, 0x35, 0xE3, 0x7F, 0x41, 0xD6, 0xA9, 0xA4,
    0x7A, 0x8E, 0x13, 0xDA, 0x4A, 0xFB, 0x14, 0x89, 0x1D, 0xF9, 0xC1, 0xA8, 0x8A, 0xDD, 0xC9, 0xA8,
    0xF6, 0x9E, 0x64, 0xB3, 0xE7, 0x76, 0x16, 0x5D, 0x5B, 0x2A, 0x52, 0x80, 0x27, 0x32, 0x67, 0x62,
    0x62, 0x96, 0x3E, 0x47, 0x3F, 0xFF, 0xCA, 0xDB, 0x76, 0xD3, 0x7E, 0xBE, 0x54, 0x2E, 0x27, 0xB7,
    0x72, 0x63, 0xC2, 0xC9, 0xA4, 0xE3, 0xC7, 0x74, 0xAD, 0x38, 0x33, 0xFC, 0xAF, 0xE8, 0xC3, 0x1A,
    0xD6, 0xA3, 0xB6, 0x0A, 0x65, 0x89, 0xFB, 0x77, 0xA9, 0x17, 0x08, 0xA1, 0xC0, 0x07, 0x88, 0x7E,
    0xE2, 0xC6, 0x67, 0x98, 0xB1, 0x74, 0x07, 0x92, 0x43, 0x90, 0x9E, 0xB0, 0x99, 0x29, 0x38, 0xDE,
    0x18, 0xBC, 0x34, 0x5B, 0xC4, 0xEF, 0xFE, 0x16, 0x33, 0xF7, 0xE1, 0x87, 0xFF, 0x51, 0x0D, 0xDB,
    0x9F, 0xB4, 0x25, 0xF4, 0x69, 0xBC, 0x60, 0xE1, 0xFD, 0xE0, 0x87, 0x1E, 0x73, 0xA8, 0xFB, 0x9B,
    0x0E, 0x5E, 0x15, 0xEC, 0x92, 0x09, 0x2A, 0x48, 0x85, 0xA6, 0x0F, 0xC6, 0x3C, 0xF4, 0x7D, 0xEB,
    0xE7, 0xE0, 0x92, 0xF0, 0x55, 0x73, 0xDE, 0x95, 0x82, 0x93, 0x73, 0x22, 0xE9, 0x0A, 0x08, 0xC3,
    0x74, 0x4E, 0x54, 0x65, 0xEF, 0x25, 0xCA, 0x82, 0x7C, 0xEC, 0xD5, 0x86, 0xB1, 0x96, 0xBA, 0xAD,
    0xD0, 0x42, 0x9A, 0xFA, 0xDA, 0xF4, 0x76, 0xBA, 0x3C, 0x86, 0xDB, 0xC1, 0x6A, 0x22, 0xAB, 0xC1,
    0x97, 0xCC, 0x33, 0xE2, 0xBD, 0x24, 0xCC, 0xA6, 0x96, 0x2D, 0x2C, 0x6B, 0x5C, 0x17, 0xB8, 0x90,
    0x75, 0x99, 0xBF, 0xB8, 0xCB, 0x96, 0x96, 0xCD, 0x5C, 0xBF, 0x96, 0xD8, 0xEA, 0x44, 0xF0, 0x4A,
    0x34, 0xE1, 0xFB, 0x1C, 0xDF, 0x87, 0xB7, 0x6F, 0xCC, 0x6A, 0xF0, 0x04, 0x28, 0x9A, 0x80, 0xDA,
    0x61, 0xF6, 0x72, 0x2C, 0xF5, 0x10, 0xCA, 0x08, 0x1E, 0xA8, 0x89, 0xCB, 0x75, 0x62, 0x1E, 0xB9,
    0xDA, 0x80, 0x7E, 0xD6, 0xA4, 0x37, 0x56, 0x04, 0x66, 0x27, 0xC7, 0x27, 0x72, 0xE9, 0xDE, 0xAA,
    0xC5, 0x59, 0x0F, 0x60, 0x31, 0x51, 0x63, 0xD7, 0xE2, 0x26, 0x32, 0x75, 0x3D, 0xAB, 0x76, 0x9E,
    0x48, 0xCA, 0xB4, 0x8C, 0x47, 0xD0, 0x52, 0xCE, 0xC5, 0xFA, 0x32, 0x92, 0x8B, 0x54, 0x32, 0x44,
    0x2A, 0x14, 0x5A, 0xC8, 0x11, 0xDD, 0x10, 0x82, 0x8F, 0x3F, 0xAE, 0xB5, 0x14, 0x1B, 0xC1, 0x05,
    0x75, 0x15, 0xC9, 0xA5, 0x84, 0xF4, 0x24, 0x32, 0xA7, 0xF6, 0x2B, 0xD3, 0x0E, 0x83, 0x74, 0x62,
    0x2E, 0x4C, 0xBC, 0xE4, 0x04, 0xAB, 0x65, 0x8E, 0x17, 0x60, 0x81, 0x60, 0xB1, 0x48, 0x50, 0x09,
    0x9F, 0x7E, 0xB8, 0x8E, 0x9E, 0xFE, 0xA2, 0x8C, 0xDF, 0x2A, 0xEA, 0x14, 0x0A, 0xF8, 0x78, 0x58,
    0x9C, 0xCD, 0x87, 0x45, 0x3A, 0xB5, 0x20, 0x1E, 0xBA, 0x4B, 0x1A, 0xF3, 0xD3, 0xFB, 0x6C, 0x69,
    0xC1, 0x12, 0xC2, 0x78, 0x97, 0xC6, 0x32, 0xF8, 0x4C, 0x29, 0xA5, 0xD0, 0xBE, 0x45, 0xD7, 0x97,
    0xAB, 0xE5, 0xC5, 0x0A, 0xCA, 0x61, 0x69, 0xF3, 0xE2, 0x6D, 0x81, 0xF4, 0x6A, 0x45, 0xEF, 0x97,
    0x0B, 0x4E, 0xC1, 0xBB, 0x25, 0x5D, 0x2B, 0x69, 0xD0, 0x65, 0x5C, 0x5C, 0x8B, 0xA0, 0xA4, 0x71,
    0xB7, 0x09, 0x68, 0x1A, 0x1B, 0xD4, 0x7C, 0x1E, 0x3C, 0x1B, 0x59, 0xA5, 0x6C, 0xD0, 0xC8, 0x52,
    0x83, 0xD9, 0x19, 0x4A, 0x32, 0x8B, 0x64, 0x5A, 0x88, 0xF8, 0x3E, 0x97, 0x24, 0x84, 0xE3, 0x68,
    0x02, 0x38, 0x0F, 0x73, 0xB3, 0x2F, 0x38, 0x33, 0x3B, 0xD6, 0xC3, 0x5F, 0x7F, 0x0A, 0x38, 0xFA,
    0x05, 0xFC, 0xBD, 0x35, 0xDE, 0x3F, 0x07, 0x7C, 0x17, 0xC2, 0x7E, 0x0D, 0xAF, 0x7E, 0xE2, 0xEA,
    0x31, 0xDE, 0x3A, 0x89, 0x55, 0x74, 0xA4, 0xC7, 0x68, 0x06, 0x87, 0xBE, 0xAB, 0xC0, 0x1B, 0xA0,
    0xCC, 0x40, 0x9E, 0x69, 0xBE, 0x98, 0x36, 0x01, 0x5A, 0xA1, 0xE8, 0x77, 0x75, 0x8B, 0x85, 0xF3,
    0x56, 0x35, 0x4E, 0x10, 0xD5, 0x86, 0x10, 0xA6, 0x9F, 0xA0, 0x0A, 0x0B, 0xD2, 0x66, 0x84, 0x01,
    0xC0, 0x8D, 0x48, 0x18, 0x16, 0x61, 0x31, 0x5A, 0x33, 0xE7, 0x54, 0x11, 0x52, 0xB5, 0x44, 0x25,
    0x32, 0x84, 0xC8, 0x61, 0xB7, 0x48, 0x14, 0x3C, 0x40, 0xEA, 0x46, 0x51, 0xC5, 0x0C, 0x26, 0x12,
    0x57, 0x5C, 0xF2, 0xF5, 0xDC, 0x5B, 0xE2, 0x39, 0x8A, 0xC3, 0xDF, 0x6D, 0xE1, 0x54, 0xCA, 0x81,
    0x76, 0x10, 0x54, 0x29, 0xE5, 0xD5, 0xC4, 0x96, 0x9A, 0x88, 0x53, 0x13, 0x87, 0x6A, 0xEA, 0x40,
    0xF4, 0x98, 0xD0, 0x38, 0x28, 0x11, 0x9F, 0x23, 0x9E, 0x73, 0x29, 0xCA, 0xB3, 0xD8, 0xF9, 0x33,
    0x6C, 0x96, 0xBC, 0x8F, 0x12, 0x70, 0x66, 0x13, 0x5B, 0xD8, 0x04, 0x0F, 0xFF, 0xB7, 0xEC, 0xE2,
    0x81, 0x26, 0x3E, 0xE7, 0xF2, 0x0C, 0xAA, 0x74, 0x54, 0xAB, 0xBE, 0x54, 0xF5, 0x11, 0xC7, 0xB8,
    0x22, 0x49, 0x06, 0x35, 0x89, 0xCE, 0xF2, 0xA9, 0x08, 0xE2, 0x54, 0xCC, 0x4D, 0xD3, 0xC9, 0xBC,
    0x98, 0x06, 0xB4, 0xCA, 0xC8, 0xC7, 0x2A, 0x43, 0x5A, 0xCD, 0xEE, 0x96, 0x35, 0x63, 0x27, 0xF2,
    0x1A, 0xFC, 0x1E, 0x7D, 0x71, 0x44, 0x8C, 0x5A, 0x2C, 0x11, 0xD3, 0x0A, 0xDB, 0x0C, 0xBC, 0xAE,
    0xFF, 0x53, 0x1C, 0xB0, 0x72, 0x4C, 0xE0, 0x69, 0x0C, 0xBB, 0xC0, 0xFA, 0x14, 0x6B, 0x2C, 0xCC,
    0x4F, 0x87, 0x6B, 0x8C, 0x00, 0x1C, 0x8E, 0x58, 0x83, 0x70, 0x38, 0x62, 0x4C, 0x61, 0x88, 0x08,
    0x50, 0x3A, 0x21, 0x23, 0x78, 0xF2, 0x28, 0xFF, 0x32, 0x3D, 0x13, 0x42, 0x9A, 0xC0, 0xE7, 0x5C,
    0x10, 0x09, 0x43, 0xB1, 0x24, 0x35, 0x53, 0xC6, 0xB4, 0xEB, 0x3B, 0xB7, 0x76, 0xE3, 0xBA, 0xE8,
    0x31, 0x70, 0x31, 0x92, 0xCB, 0x14, 0xF5, 0x2D, 0x3D, 0xDF, 0x5E, 0x79, 0x9F, 0x61, 0xA8, 0x85,
    0x19, 0xC0, 0x48, 0x53, 0x0F, 0x3F, 0x84, 0x54, 0x97, 0xE1, 0x4E, 0xD8, 0x16, 0x28, 0xFA, 0xD5,
    0x81, 0xEC, 0x5F, 0xF8, 0x04, 0x20, 0x20, 0xC5, 0x80, 0xB6, 0xC4, 0x46, 0x32, 0x20, 0x45, 0x37,
    0x0C, 0x3E, 0xE4, 0x0C, 0xF8, 0xD2, 0x51, 0xD9, 0x7B, 0xE2, 0xAB, 0x29, 0x18, 0x05, 0xB1, 0xE7,
    0xCF, 0xE6, 0x18, 0xC8, 0xB0, 0x58, 0xDC, 0x08, 0x92, 0x33, 0x11, 0xA6, 0x3B, 0x88, 0xC5, 0x0F,
    0x55, 0x76, 0x06, 0x5F, 0x52, 0xF2, 0x76, 0x23, 0x4F, 0x90, 0x4C, 0x5C, 0x5B, 0xE3, 0x77, 0x57,
    0xC1, 0xE9, 0x15, 0xE0, 0x84, 0x04, 0x75, 0xDC, 0x81, 0x39, 0xC1, 0x82, 0x60, 0x4A, 0x30, 0x3E,
    0x04, 0x53, 0xE2, 0xC0, 0x82, 0x00, 0x92, 0x0B, 0xFC, 0xDE, 0xE1, 0xB3, 0xE9, 0xA3, 0x75, 0x20,
    0xE2, 0x9C, 0x48, 0x25, 0xBC, 0xEC, 0x45, 0xE7, 0x3D, 0xB2, 0x65, 0xCF, 0x23, 0x3B, 0xE9, 0xF8,
    0x76, 0xDF, 0x23, 0x1B, 0xE5, 0x86, 0xEC, 0x06, 0xFB, 0x1E, 0xD9, 0xD9, 0x79, 0x8F, 0x6C, 0x71,
    0x95, 0x47, 0xF6, 0xD0, 0x34, 0x34, 0x2A, 0x4E, 0x45, 0x93, 0x83, 0xD2, 0xC7, 0x90, 0x78, 0xD3,
    0x50, 0x50, 0x9E, 0x5D, 0x60, 0x1A, 0x92, 0xC8, 0x3F, 0xA5, 0xA9, 0xD9, 0x7C, 0x6B, 0x74, 0x2D,
    0x28, 0x5A, 0x94, 0x00, 0x71, 0x04, 0x26, 0xAC, 0xD1, 0xF8, 0x68, 0x11, 0x2B, 0x73, 0x93, 0xA1,
    0xDD, 0x94, 0x78, 0x96, 0x12, 0x31, 0x13, 0xB9, 0x14, 0x7F, 0x4A, 0xA7, 0xDB, 0x07, 0x8C, 0xC2,
    0xFA, 0xE4, 0x02, 0xBF, 0xE2, 0x46, 0x18, 0x88, 0x09, 0x18, 0x36, 0x5C, 0x47, 0x14, 0x63, 0x69,
    0xD7, 0x0C, 0xF3, 0x18, 0xDA, 0x0B, 0x57, 0xD4, 0x89, 0x79, 0xD1, 0x61, 0xDA, 0x75, 0x73, 0xD0,
    0xED, 0xB1, 0xB7, 0x62, 0xC4, 0xA6, 0x85, 0x06, 0x25, 0x75, 0xB1, 0x39, 0x19, 0x56, 0x42, 0x8B,
    0x73, 0xF8, 0x9D, 0x9E, 0xAE, 0xF7, 0xF2, 0xBA, 0x90, 0x80, 0x42, 0x87, 0x3F, 0x45, 0x73, 0x3E,
    0x42, 0xD3, 0x7E, 0xFC, 0xE3, 0x5D, 0x03, 0x6E, 0xD3, 0x35, 0x3F, 0x83, 0xAE, 0xC3, 0x1E, 0x05,
    0x8F, 0xDA, 0x0C, 0x7B, 0xCF, 0xB2, 0x49, 0xB2, 0x86, 0x49, 0x9D, 0xEB, 0x63, 0xB6, 0xF7, 0x88,
    0x82, 0x1C, 0x46, 0x99, 0x30, 0xE6, 0x3B, 0x8C, 0xE7, 0x12, 0x06, 0xBD, 0x5F, 0xE1, 0x9E, 0x61,
    0x14, 0xA3, 0xBD, 0xBA, 0x6F, 0x73, 0xFF, 0x8D, 0x84, 0xCA, 0x30, 0x90, 0xBD, 0x37, 0x6C, 0x4B,
    0xDE, 0x5A, 0x5B, 0x7D, 0x13, 0x8E, 0x83, 0xBD, 0x23, 0xFC, 0x20, 0xF7, 0xEF, 0x1D, 0x7E, 0x32,
    0xF1, 0x6D, 0xA1, 0x4F, 0xD5, 0xDA, 0x47, 0x27, 0x95, 0x6F, 0x73, 0xB3, 0x5B, 0x01, 0xFB, 0x48,
    0xC0, 0xAA, 0xA7, 0xAC, 0x75, 0xDF, 0xD6, 0xDD, 0xB7, 0xBD, 0xAE, 0x4E, 0xC1, 0x04, 0x78, 0x38,
    0x90, 0x57, 0x42, 0xFA, 0xCE, 0x48, 0xF8, 0xB9, 0x14, 0xA9, 0x0E, 0x0B, 0xAA, 0xDA, 0x53, 0xCD,
    0x6A, 0xE2, 0x68, 0xDE, 0xA4, 0x13, 0x82, 0xF8, 0x4C, 0x33, 0x16, 0xCD, 0x9E, 0xA3, 0x75, 0xA3,
    0xDF, 0xC3, 0xB2, 0xD2, 0xFD, 0xE0, 0x37, 0xA5, 0xB1, 0x8B, 0x96, 0xFD, 0x09, 0x25, 0xD3, 0xB2,
    0x3E, 0xCA, 0x30, 0xC2, 0x79, 0xF2, 0x3F, 0x86, 0xC8, 0x26, 0xBE, 0x01, 0xE3, 0xFD, 0x24, 0xF6,
    0x0C, 0x3C, 0x22, 0xB9, 0xFB, 0x36, 0xAB, 0x95, 0x81, 0x7C, 0xD2, 0x89, 0x04, 0x1A, 0x91, 0xF5,
    0xE1, 0x36, 0xFA, 0xEE, 0x56, 0x12, 0xCA, 0x6C, 0x42, 0x41, 0x49, 0x0E, 0x64, 0xAC, 0x55, 0x8E,
    0xE3, 0xA8, 0x5C, 0xAA, 0xEF, 0x8B, 0x4B, 0xA0, 0xDD, 0xB5, 0x92, 0xF6, 0x14, 0x6B, 0x40, 0x90,
    0x31, 0xCD, 0x03, 0x13, 0xD4, 0xFC, 0xBD, 0xAD, 0x7F, 0x8B, 0x7F, 0xA3, 0xBD, 0xDD, 0x5A, 0x22,
    0x9F, 0xD7, 0xA3, 0x8D, 0xE2, 0x7B, 0x0B, 0x13, 0x88, 0xD3, 0xEF, 0x7E, 0xE4, 0xC3, 0x6E, 0x25,
    0xF7, 0x37, 0x17, 0x80, 0x85, 0xA7, 0x3F, 0xB0, 0xCC, 0xBD, 0x8D, 0xC2, 0x7A, 0x4C, 0x15, 0xB8,
    0xD9, 0xB6, 0xAB, 0xD4, 0x05, 0x5B, 0xC3, 0xC1, 0xD0, 0x5B, 0xC0, 0xA2, 0xAF, 0x29, 0x00, 0x00,
    0xE2, 0xEC, 0xEB, 0x36, 0x67, 0x9D, 0xB6, 0x16, 0x4D, 0xFC, 0x00, 0x19, 0x52, 0xD6, 0x5F, 0xBC,
    0xBD, 0x0E, 0x13, 0x65, 0x0B, 0x8F, 0xEB, 0xC7, 0x79, 0x57, 0xAE, 0xCB, 0xBB, 0xE7, 0xBB, 0xFA,
    0x7A, 0x3A, 0x4C, 0xDB, 0xE9, 0x30, 0xF5, 0x05, 0x3A, 0x8C, 0x0B, 0x36, 0xD6, 0x39, 0xB6, 0x2B,
    0x7A, 0x9B, 0x23, 0xFA, 0x06, 0x31, 0xC4, 0x7D, 0xF5, 0x81, 0x50, 0x32, 0xE9, 0x75, 0xE9, 0x0D,
    0x4D, 0xB9, 0x9B, 0x71, 0x80, 0x19, 0x29, 0x9F, 0xBE, 0x3B, 0xF9, 0xC1, 0x46, 0xE8, 0x92, 0x0A,
    0x59, 0x12, 0x41, 0xEA, 0x77, 0x1C, 0x8C, 0x3E, 0xD4, 0x75, 0x30, 0xD1, 0x57, 0x50, 0x66, 0xAC,
    0xDE, 0x26, 0x8F, 0xDB, 0xC7, 0x1C, 0xF1, 0xCF, 0xA8, 0xA7, 0xB7, 0x8F, 0xBD, 0x8F, 0xD8, 0x46,
    0xF6, 0x5B, 0x5F, 0x1C, 0x6A, 0x74, 0xFE, 0xFA, 0x8F, 0x87, 0x7D, 0x73, 0xD3, 0x1F, 0x88, 0x56,
    0xE8, 0xC4, 0x1C, 0x7F, 0xF4, 0x15, 0x18, 0x9E, 0xBE, 0xD9, 0x75, 0xE0, 0x2E, 0x35, 0xC5, 0xFB,
    0x88, 0xD7, 0x09, 0xA5, 0xBC, 0xB4, 0x93, 0x1F, 0xF9, 0x88, 0xB6, 0x91, 0x74, 0x9A, 0xC1, 0x25,
    0x60, 0xB5, 0x86, 0x3D, 0x0C, 0xE6, 0x30, 0x53, 0x19, 0xE6, 0x3D, 0x5B, 0xD9, 0xDC, 0x94, 0x08,
    0xC9, 0x61, 0xF4, 0x80, 0xAE, 0x4A, 0x3E, 0xD0, 0xFF, 0xE0, 0x8F, 0x4B, 0x57, 0xBA, 0x08, 0x24,
    0x69, 0x6E, 0x38, 0x90, 0xB2, 0x35, 0x68, 0x15, 0xCD, 0x9D, 0x88, 0xBD, 0x8C, 0x36, 0xAE, 0x0B,
    0xDF, 0x55, 0x35, 0x7F, 0xEA, 0xE2, 0xA7, 0x1B, 0x85, 0x3B, 0xAE, 0x5C, 0x02, 0x42, 0xF1, 0x25,
    0x10, 0x1A, 0xF3, 0x9C, 0x88, 0xA6, 0x46, 0x82, 0xB1, 0x98, 0x52, 0xBA, 0x52, 0x74, 0x4E, 0x88,
    0xB5, 0x1A, 0x50, 0x2B, 0x25, 0xE1, 0xFB, 0x6B, 0x54, 0x7F, 0x10, 0x1C, 0x1E, 0x4D, 0xA8, 0x8A,
    0x91, 0x52, 0xD3, 0xDA, 0xF0, 0x47, 0x1A, 0x8B, 0x0A, 0xA6, 0xCC, 0xF6, 0xE3, 0x31, 0xA8, 0xD7,
    0xD9, 0xE2, 0x5B, 0x5F, 0x3D, 0x5B, 0x7E, 0xE9, 0xDB, 0xBC, 0xEA, 0x1F, 0x6B, 0x3D, 0xED, 0x2E,
    0xDF, 0xEB, 0x57, 0x33, 0xCB, 0xCC, 0x34, 0x22, 0xA5, 0x01, 0x36, 0xCD, 0x8F, 0x68, 0x5A, 0x7B,
    0x08, 0x39, 0x12, 0xC3, 0xF8, 0xA3, 0xAF, 0xB8, 0xCB, 0xFE, 0x22, 0x8D, 0x02, 0x5C, 0x20, 0x8A,
    0x5A, 0x6D, 0xD7, 0xEF, 0xB1, 0x11, 0xC3, 0x9F, 0x97, 0xDF, 0xFC, 0x32, 0x7F, 0x67, 0x3F, 0x38,
    0xF7, 0xC0, 0xF5, 0xDF, 0x93, 0x78, 0x2E, 0xB2, 0x2A, 0x0F, 0xDB, 0x5B, 0x7E, 0xFB, 0xB0, 0x46,
    0x5B, 0x5F, 0x18, 0x5C, 0xFF, 0xFB, 0x8B, 0x82, 0x7F, 0x29, 0xA3, 0x96, 0xF2, 0x7C, 0x80, 0x66,
    0xBC, 0x01, 0x9B, 0x50, 0xEC, 0x35, 0xCE, 0xD3, 0x7D, 0x70, 0x95, 0x73, 0x99, 0xFD, 0xBE, 0xE4,
    0xEF, 0x07, 0x9E, 0x61, 0x8C, 0xA5, 0x0B, 0x3F, 0x73, 0xA1, 0xA2, 0xF3, 0x3F, 0xCB, 0x3C, 0xF7,
    0x28, 0x2E, 0x7D, 0x90, 0x04, 0xE7, 0x1D, 0xDB, 0xBB, 0x22, 0x3B, 0x36, 0x7E, 0x93, 0xA5, 0x0E,
    0xB0, 0x26, 0xDC, 0x3F, 0x21, 0x7F, 0x02, 0xDC, 0x1D, 0xFA, 0xD5, 0x3D, 0x9C, 0x18, 0xE9, 0x1D,
    0xF4, 0xDA, 0x4F, 0x77, 0xB5, 0xFD, 0xFD, 0xB9, 0xFD, 0x92, 0xC1, 0x57, 0x01, 0xA5, 0x16, 0x51,
    0xBA, 0x0F, 0x29, 0xF5, 0x41, 0xA5, 0x4E, 0x51, 0xA5, 0xC2, 0x59, 0x41, 0x69, 0x46, 0x03, 0x41,
    0x44, 0x96, 0x3A, 0x85, 0x96, 0x3A, 0xC5, 0x96, 0x3A, 0x05, 0x97, 0x3A, 0x45, 0x97, 0x3A, 0x85,
    0x97, 0x3A, 0xC5, 0x97, 0x3A, 0x05, 0x98, 0x3A, 0x45, 0x98, 0x3A, 0x85, 0x98, 0x3A, 0xC5, 0x98,
    0x3A, 0x05, 0x99, 0x3A, 0x45, 0x99, 0x3A, 0x85, 0x99, 0x72, 0x1A, 0x47, 0x2D, 0x97, 0xDF, 0xA8,
    0xED, 0xF1, 0xD9, 0x85, 0xDB, 0xEF, 0x17, 0xD0, 0xC0, 0x41, 0x28, 0x3B, 0x74, 0x16, 0xE7, 0xB7,
    0x35, 0x06, 0x6E, 0x2A, 0x29, 0xD7, 0x7A, 0x49, 0x65, 0x4B, 0xD8, 0x5B, 0xC9, 0x9B, 0xDD, 0xBB,
    0x1B, 0xA3, 0xBF, 0x1E, 0x1C, 0xDD, 0x70, 0x3E, 0x74, 0x59, 0xEE, 0x93, 0x96, 0xE1, 0xDB, 0x09,
    0x5D, 0x99, 0xA3, 0x5D, 0x10, 0x40, 0x50, 0x75, 0xDF, 0x04, 0x74, 0x23, 0x91, 0xDA, 0xCE, 0x27,
    0xAA, 0x9E, 0x15, 0x36, 0x57, 0xDA, 0x59, 0x61, 0x2D, 0x0A, 0xB6, 0x60, 0xFC, 0x05, 0xCD, 0xF7,
    0xB8, 0x86, 0x34, 0x28, 0xF5, 0x5B, 0x5E, 0x17, 0xC6, 0x69, 0x5F, 0x11, 0xF4, 0x38, 0x40, 0xD0,
    0xE3, 0xE8, 0x29, 0x0C, 0x0A, 0xFF, 0x56, 0x4E, 0x03, 0xC6, 0xBB, 0x33, 0xE8, 0x91, 0x86, 0x9F,
    0x84, 0x93, 0x77, 0x69, 0xCC, 0xCD, 0xB5, 0x5C, 0xB8, 0x03, 0xA4, 0x18, 0x46, 0x99, 0x68, 0xE5,
    0xDA, 0xB7, 0x3B, 0x17, 0x6E, 0xED, 0xDD, 0xE3, 0x27, 0x87, 0x2E, 0x5C, 0xAC, 0x5B, 0xF4, 0x26,
    0xEF, 0xA7, 0x7B, 0x89, 0xBB, 0x87, 0x49, 0x1B, 0xD3, 0xA6, 0xCF, 0xCD, 0x9C, 0x18, 0x62, 0x4A,
    0x02, 0x17, 0x4D, 0xED, 0x8D, 0xF0, 0xE0, 0x4A, 0xD0, 0xF9, 0xCA, 0xFA, 0xCE, 0x9D, 0x0B, 0x67,
    0xFE, 0x82, 0xF4, 0xDC, 0x11, 0x9B, 0x09, 0x13, 0xB2, 0xD9, 0x93, 0x64, 0x7D, 0x14, 0x29, 0x35,
    0xF7, 0xBB, 0x1F, 0xCE, 0x7C, 0x5A, 0xF8, 0x6B, 0x8D, 0x6D, 0x59, 0x93, 0xED, 0xA5, 0x90, 0xE3,
    0x4C, 0x81, 0x34, 0xC7, 0x23, 0xB7, 0xA1, 0x31, 0x7A, 0xBD, 0x1D, 0x41, 0x31, 0x84, 0xDD, 0x7B,
    0xAE, 0xCF, 0x99, 0x7D, 0x71, 0x16, 0xF2, 0x32, 0x02, 0x0B, 0x2E, 0x82, 0xAD, 0xBB, 0x97, 0x9D,
    0x00, 0xF5, 0xF1, 0x4E, 0x00, 0x77, 0xC9, 0x4E, 0x80, 0xF2, 0xB2, 0x9D, 0x00, 0xCE, 0xEF, 0x04,
    0xD8, 0x2E, 0x6C, 0x27, 0xC0, 0xF6, 0x48, 0x96, 0xBF, 0x2C, 0x3F, 0xB1, 0xD0, 0x1A, 0x59, 0x17,
    0x6D, 0xBB, 0x4B, 0xAE, 0xBD, 0x2E, 0x51, 0xCE, 0x12, 0x16, 0x58, 0x03, 0x12, 0xF7, 0xB4, 0x72,
    0x5D, 0x68, 0x8D, 0x8F, 0xAD, 0x61, 0x70, 0x0D, 0x79, 0x2C, 0x98, 0x37, 0xA5, 0x6E, 0x85, 0xD7,
    0x74, 0x8F, 0x5B, 0x98, 0x8D, 0xEC, 0x45, 0x23, 0x33, 0x59, 0x99, 0xD6, 0x68, 0xCE, 0x83, 0x2B,
    0xB2, 0x3B, 0xDF, 0xBD, 0x40, 0x39, 0x02, 0x4C, 0xD2, 0xFD, 0x8D, 0xDD, 0xA6, 0x0F, 0x24, 0xA2,
    0x37, 0xEF, 0x9A, 0x41, 0x3F, 0xF4, 0xCA, 0x91, 0x57, 0x06, 0x05, 0x7D, 0x87, 0xC0, 0x5E, 0x59,
    0x96, 0xEF, 0x70, 0x8B, 0x40, 0x71, 0xB8, 0x45, 0x40, 0x16, 0xEB, 0x94, 0xF8, 0x1C, 0x5F, 0xBA,
    0xC8, 0x6A, 0xF3, 0x32, 0xD1, 0xBD, 0x56, 0xFB, 0xD0, 0x9C, 0x23, 0x0F, 0x53, 0x92, 0xCB, 0x70,
    0xAB, 0x7B, 0x41, 0xDD, 0x79, 0x99, 0x80, 0xDA, 0x49, 0xE5, 0xB5, 0xD0, 0x7E, 0x2A, 0xBB, 0x18,
    0xDC, 0x84, 0x92, 0xEF, 0xCC, 0xC2, 0x3D, 0x69, 0x1E, 0x74, 0xD3, 0x07, 0xA0, 0xE3, 0xD3, 0x07,
    0x34, 0x05, 0x3F, 0xC0, 0xAC, 0x4E, 0x1F, 0x2C, 0x9D, 0x88, 0xB1, 0x22, 0x16, 0xF1, 0x93, 0x5D,
    0x7D, 0xC0, 0x7E, 0x3C, 0x60, 0x3F, 0xAC, 0x70, 0x50, 0xEF, 0xFA, 0xA1, 0xAA, 0xB4, 0xD3, 0x50,
    0xD5, 0xC3, 0x27, 0x6E, 0xDC, 0x6B, 0xA2, 0x0E, 0x40, 0xE9, 0x6B, 0x70, 0xA5, 0xF9, 0x35, 0x1A,
    0x09, 0x4E, 0xDB, 0xCA, 0x23, 0x08, 0x86, 0xF4, 0xDB, 0xCA, 0xAE, 0x43, 0xCA, 0xB3, 0x8E, 0xC6,
    0x24, 0xC6, 0x0A, 0x9C, 0x99, 0xED, 0x17, 0x2C, 0x06, 0x17, 0xDE, 0xE2, 0x90, 0xF1, 0x2F, 0x74,
    0xA8, 0xD9, 0xFE, 0x4A, 0xA7, 0xB0, 0x67, 0xF5, 0x99, 0xA6, 0xEB, 0x52, 0x6B, 0x2C, 0xF3, 0x5E,
    0x0B, 0x5C, 0x19, 0xB1, 0xBB, 0x92, 0x09, 0x51, 0x72, 0x6B, 0xFE, 0x3A, 0xF3, 0x30, 0xAA, 0x06,
    0x5B, 0x64, 0x8A, 0x83, 0x76, 0xB6, 0x90, 0x69, 0x1F, 0xA4, 0x9E, 0x48, 0x63, 0xC9, 0x82, 0x8E,
    0xFA, 0x59, 0xFB, 0x14, 0xE1, 0xAF, 0x1F, 0x14, 0x44, 0xF7, 0xA1, 0xDC, 0x67, 0x4B, 0xED, 0x95,
    0x1D, 0xB6, 0x8C, 0x23, 0x64, 0x2C, 0x1F, 0xAF, 0x87, 0x08, 0x31, 0x1C, 0x56, 0xDE, 0x2B, 0x3D,
    0x65, 0xE0, 0xEB, 0xB0, 0x24, 0x8C, 0xF4, 0x51, 0x8C, 0xA3, 0x7C, 0x34, 0xEA, 0x54, 0x54, 0x68,
    0x83, 0x71, 0xA1, 0x20, 0xC1, 0x42, 0x26, 0x90, 0x62, 0x26, 0xCF, 0x8E, 0x34, 0x27, 0xDB, 0x5F,
    0x59, 0xA4, 0x22, 0x20, 0x24, 0x27, 0x91, 0x64, 0x66, 0x3C, 0x55, 0xAB, 0x86, 0x8D, 0xDB, 0xD7,
    0x66, 0x35, 0xDB, 0x07, 0x85, 0x00, 0x83, 0x66, 0xD5, 0xCA, 0xAA, 0x46, 0x83, 0x5B, 0x6A, 0x6A,
    0x0C, 0x3B, 0x34, 0xE8, 0x22, 0xC3, 0x69, 0x2B, 0x11, 0x55, 0x04, 0xE0, 0x37, 0xD6, 0xCD, 0xC8,
    0x73, 0x94, 0xDB, 0xB8, 0xEE, 0x89, 0x38, 0x77, 0x16, 0x5E, 0x25, 0xE1, 0xE6, 0x86, 0x50, 0x1B,
    0x3A, 0x3C, 0x7C, 0x91, 0x1A, 0xC4, 0x0D, 0x46, 0xED, 0xD5, 0x7B, 0x4B, 0x5F, 0x34, 0x8C, 0xAC,
    0x69, 0x6C, 0xA1, 0x9D, 0x0B, 0xDE, 0xB1, 0x6D, 0xAE, 0x9B, 0x5E, 0xB6, 0xDE, 0xED, 0xAD, 0xBD,
    0x46, 0x66, 0xDD, 0xED, 0xB2, 0x1B, 0x3F, 0x7E, 0x61, 0x46, 0x97, 0xF6, 0xA6, 0x03, 0x13, 0x77,
    0x04, 0x24, 0x96, 0x79, 0xD9, 0x2C, 0x7E, 0x1E, 0xB0, 0x0D, 0x94, 0x6E, 0x97, 0x4F, 0xFD, 0x40,
    0xDE, 0x24, 0xFF, 0x25, 0x5E, 0x35, 0xF5, 0x4E, 0x44, 0xE6, 0xD5, 0xA8, 0xF1, 0xF7, 0xB7, 0x3E,
    0x4F, 0x7D, 0x9E, 0xF8, 0x3C, 0x9E, 0xF8, 0xDC, 0x48, 0x82, 0xAC, 0x58, 0xFD, 0xBC, 0xBB, 0x9E,
    0xEC, 0x9E, 0x3F, 0x64, 0x55, 0xDE, 0x90, 0x36, 0x32, 0x55, 0x2C, 0xF2, 0x31, 0x94, 0xD1, 0xD6,
    0xCB, 0xA4, 0x1E, 0x5E, 0x11, 0x47, 0xF0, 0xA8, 0xB4, 0x41, 0x24, 0x84, 0x6F, 0x87, 0xD7, 0xE3,
    0x5E, 0x1C, 0xC1, 0x45, 0x70, 0x67, 0x5F, 0xF2, 0x76, 0x90, 0x65, 0xB7, 0x11, 0xC1, 0x2C, 0x96,
    0xAF, 0x8A, 0x13, 0x8A, 0xC0, 0x0F, 0xA4, 0xAC, 0x5A, 0xE3, 0xD8, 0x78, 0x2E, 0xC7, 0x01, 0x6D,
    0x24, 0x0A, 0x2D, 0x9B, 0xC9, 0x1B, 0xC8, 0x9D, 0x5C, 0x34, 0x3A, 0x81, 0x49, 0x1E, 0xC0, 0xA5,
    0xE0, 0x4C, 0x77, 0x53, 0x95, 0xE4, 0x46, 0x8E, 0x85, 0x02, 0x54, 0x1B, 0xD6, 0x49, 0xAF, 0xC3,
    0x76, 0xB2, 0xF2, 0x28, 0x45, 0xD3, 0xF6, 0xAF, 0x20, 0x88, 0x52, 0xD3, 0xD5, 0xCA, 0x88, 0xC5,
    0x96, 0xF9, 0x1B, 0x32, 0x30, 0xE3, 0x18, 0x3E, 0x05, 0x01, 0x1D, 0x21, 0x16, 0x07, 0x71, 0x46,
    0xA7, 0xFC, 0x76, 0xEA, 0xE6, 0xA3, 0x62, 0x4E, 0x85, 0x05, 0x0D, 0x7A, 0xF3, 0x33, 0xB0, 0xFB,
    0xF5, 0x4A, 0xC6, 0x3F, 0xCA, 0x79, 0xFF, 0xD9, 0xDE, 0x9B, 0x4D, 0xC1, 0x0E, 0x1F, 0x28, 0xCC,
    0x32, 0x1F, 0x4A, 0x89, 0x96, 0xC6, 0x39, 0xCA, 0xBC, 0xB6, 0x17, 0x70, 0xD4, 0x64, 0x36, 0xBD,
    0x45, 0x0C, 0x24, 0x14, 0x61, 0xF2, 0x31, 0xB3, 0x50, 0xF2, 0x37, 0xA8, 0xE5, 0xBD, 0x6F, 0x36,
    0x6A, 0x73, 0x0F, 0xCC, 0x72, 0x7B, 0x1E, 0xBC, 0x58, 0x64, 0xE6, 0xC6, 0xD2, 0xB9, 0x88, 0x88,
    0x87, 0xA4, 0xC7, 0xA3, 0x52, 0x86, 0x2A, 0x0C, 0x31, 0x83, 0x1C, 0x89, 0x2A, 0x3C, 0x00, 0x62,
    0x58, 0x89, 0x5B, 0xB1, 0x59, 0x4B, 0x12, 0x8A, 0x94, 0xA3, 0x1F, 0xFF, 0x90, 0x16, 0x54, 0xED,
    0xF6, 0x69, 0xBA, 0x0D, 0xF2, 0xD7, 0x04, 0x18, 0xE6, 0x7A, 0x6C, 0xD1, 0x21, 0x6B, 0x88, 0x9E,
    0x92, 0xE5, 0xE0, 0x21, 0x99, 0xD0, 0x76, 0x1F, 0xC0, 0xCF, 0x3A, 0xA8, 0xE7, 0x87, 0xD1, 0x21,
    0x49, 0x17, 0x1D, 0x72, 0x71, 0x5A, 0x3A, 0x0B, 0xAA, 0x8F, 0x0A, 0xED, 0x28, 0x0A, 0xD7, 0x16,
    0x79, 0xBF, 0xF4, 0x3E, 0x87, 0x85, 0xF8, 0x90, 0xB6, 0xAC, 0x7F, 0x9F, 0x9B, 0x3E, 0x77, 0x3B,
    0x94, 0x06, 0x9D, 0xCC, 0x33, 0x64, 0x0C, 0xC4, 0xD0, 0x02, 0x21, 0xAE, 0xD2, 0x3D, 0xBA, 0xB0,
    0x16, 0x6C, 0x61, 0x5C, 0x47, 0xBE, 0xE1, 0x23, 0x36, 0xBC, 0xB4, 0x86, 0x3B, 0x35, 0xBC, 0xEE,
    0x85, 0xB5, 0x14, 0xBB, 0x46, 0xA2, 0x7A, 0xA5, 0x7E, 0xC3, 0xAF, 0xB5, 0xB5, 0xEA, 0xFB, 0xE7,
    0xB7, 0x56, 0x8D, 0x0E, 0xB7, 0x56, 0x69, 0x97, 0x99, 0xDF, 0x5A, 0xB5, 0x75, 0xDA, 0x88, 0xB6,
    0xDB, 0x5A, 0xB5, 0x5D, 0xFA, 0x67, 0x2E, 0x8C, 0x99, 0x1C, 0x5F, 0x1D, 0xCF, 0x9A, 0x1F, 0xC6,
    0xB3, 0x16, 0xBB, 0x78, 0xD6, 0xED, 0x99, 0x55, 0x3A, 0x3E, 0x4A, 0x27, 0xC0, 0x47, 0x36, 0xDD,
    0x67, 0x92, 0x10, 0x3E, 0x8F, 0xCC, 0x5C, 0xD0, 0x3E, 0xEB, 0xB9, 0x41, 0x2E, 0xC9, 0xD0, 0x5C,
    0x98, 0x70, 0x0C, 0x8A, 0x3E, 0xDE, 0x12, 0x8A, 0xEC, 0xA5, 0x7E, 0xA7, 0x99, 0xD7, 0x3E, 0x2E,
    0x82, 0x4D, 0x27, 0xCA, 0x5F, 0x0E, 0x36, 0x3E, 0x28, 0xC5, 0xCB, 0xFD, 0xE9, 0xAF, 0xBE, 0xB1,
    0x65, 0xBF, 0x18, 0xE3, 0xF7, 0x6C, 0xF9, 0x3C, 0x37, 0x2C, 0xA6, 0xAF, 0xE9, 0xC0, 0x55, 0xA2,
    0xFE, 0xF9, 0xA4, 0xAD, 0x82, 0x74, 0x6F, 0xB2, 0x0F, 0xEF, 0xA4, 0xFB, 0xAD, 0x80, 0x96, 0x6A,
    0x4B, 0xEE, 0x5C, 0xBA, 0x74, 0x07, 0xDD, 0x30, 0x57, 0x5A, 0x20, 0xCD, 0x90, 0xD2, 0x0F, 0xFF,
    0x45, 0x3B, 0xE8, 0xD4, 0x8B, 0x21, 0xB7, 0xE2, 0xF4, 0xD2, 0x91, 0x4E, 0xBE, 0x8F, 0x70, 0x7E,
    0xE8, 0x3F, 0xCB, 0x87, 0x5D, 0x9C, 0xF3, 0xC3, 0xD4, 0x7F, 0xBA, 0x38, 0xE7, 0xE7, 0xDA, 0x38,
    0x5E, 0xDF, 0x4E, 0xB4, 0xE7, 0xFE, 0x77, 0x3F, 0x84, 0x76, 0x1F, 0xF4, 0xF6, 0x41, 0x29, 0x6D,
    0x2E, 0x4A, 0xC7, 0xC6, 0x8E, 0x2F, 0x38, 0x39, 0x79, 0x41, 0xA1, 0x96, 0xE7, 0x63, 0xB0, 0xC9,
    0x72, 0xBC, 0x5F, 0x9A, 0x8A, 0xC1, 0x04, 0x96, 0x39, 0x2C, 0xCB, 0x51, 0xF9, 0x17, 0x58, 0xE2,
    0x20, 0x6C, 0x0A, 0xAE, 0x98, 0x93, 0x87, 0xCD, 0x17, 0x1C, 0xCA, 0x85, 0xA2, 0x2E, 0x36, 0xA1,
    0xE0, 0xE1, 0xDE, 0xCB, 0xC9, 0x8E, 0xDB, 0x75, 0x52, 0xA8, 0x04, 0x12, 0x4A, 0xD0, 0x7F, 0x42,
    0x32, 0x41, 0x19, 0xBB, 0x7D, 0x12, 0x1F, 0x79, 0xAB, 0x66, 0x76, 0x14, 0x8D, 0xC3, 0xFB, 0x92,
    0xEC, 0x21, 0x82, 0xEF, 0xF2, 0x6F, 0x73, 0x91, 0x9F, 0x88, 0xE0, 0xD2, 0x22, 0x10, 0xCA, 0x2C,
    0xD0, 0x8B, 0x9B, 0x36, 0xA7, 0x85, 0xAC, 0xDC, 0x10, 0xD6, 0x2D, 0x0C, 0x79, 0xF6, 0xCC, 0x2C,
    0xC7, 0xB2, 0x6B, 0xCA, 0xE5, 0x90, 0xB1, 0x23, 0x35, 0xA9, 0x0B, 0x1A, 0x10, 0x70, 0x03, 0x37,
    0x3B, 0x12, 0x5B, 0x77, 0xD0, 0xD4, 0xF9, 0xF2, 0xA6, 0xDD, 0x91, 0xFE, 0x24, 0x5F, 0x2B, 0x5D,
    0x1C, 0xD9, 0xEB, 0x8D, 0x9D, 0x86, 0xA0, 0x20, 0x19, 0x16, 0x4E, 0x9E, 0x38, 0x1F, 0x20, 0x7D,
    0x01, 0xBC, 0xA3, 0x6E, 0x6E, 0x2E, 0x67, 0xAF, 0x17, 0x1E, 0x39, 0x44, 0xB3, 0xDB, 0x43, 0x4F,
    0x35, 0xCE, 0x2C, 0x6F, 0x9B, 0x5D, 0xAC, 0xF2, 0xFE, 0xEF, 0x0F, 0xE6, 0x38, 0x87, 0x21, 0xC4,
    0x21, 0x72, 0xA1, 0xB1, 0x7C, 0xE0, 0x16, 0x20, 0x57, 0x1E, 0x1A, 0xCD, 0xEF, 0x6F, 0x6F, 0xD4,
    0x0D, 0x4D, 0x1D, 0xCF, 0x3C, 0x82, 0x4C, 0x19, 0xDC, 0xCC, 0x00, 0xBC, 0xDD, 0x19, 0x3C, 0xCF,
    0xD9, 0xFB, 0x9B, 0x75, 0xE2, 0x35, 0xA5, 0x48, 0x46, 0x26, 0xD2, 0xE5, 0x23, 0x57, 0xDF, 0xA5,
    0xA6, 0x0E, 0x29, 0x3B, 0x5D, 0x18, 0x22, 0xCB, 0x24, 0x47, 0x41, 0xA8, 0x16, 0x60, 0x22, 0xE4,
    0xD2, 0x4E, 0x6F, 0xB4, 0x70, 0x95, 0x77, 0xA7, 0x3F, 0x79, 0x28, 0x19, 0xC4, 0xCE, 0x7D, 0x32,
    0x38, 0xEA, 0x41, 0x3B, 0xEF, 0xC9, 0x43, 0x1F, 0x35, 0x79, 0x0C, 0x35, 0x77, 0xFE, 0xA4, 0xA7,
    0xD4, 0xED, 0xA1, 0x42, 0xCD, 0xEC, 0x84, 0x27, 0x9D, 0xEF, 0x54, 0xEB, 0x74, 0xA7, 0x6A, 0xEF,
    0xFA, 0x37, 0xD6, 0x66, 0xFB, 0x5C, 0x77, 0x8A, 0xAC, 0x42, 0xAB, 0x0D, 0xB8, 0xF3, 0x1B, 0xF1,
    0x4E, 0x0E, 0x37, 0xE2, 0x69, 0x0F, 0xDE, 0xCE, 0xE8, 0xCE, 0xA0, 0x6A, 0x9A, 0xA7, 0xDA, 0x72,
    0x6B, 0x5E, 0x22, 0x99, 0xA0, 0x6D, 0xAD, 0x68, 0x78, 0xE5, 0x9A, 0x4E, 0xDC, 0x4B, 0x3A, 0x8F,
    0x41, 0x1B, 0x4B, 0xED, 0xE5, 0xB9, 0x3F, 0x1B, 0xC9, 0xA8, 0xD4, 0xDA, 0xDD, 0x6A, 0xBF, 0xD7,
    0x6E, 0x56, 0x57, 0xA6, 0x84, 0xCD, 0x5E, 0xCC, 0xA4, 0x70, 0x67, 0x46, 0x89, 0xC9, 0x5E, 0x31,
    0x4C, 0xDD, 0x8E, 0xA9, 0xFB, 0xB8, 0x89, 0xC6, 0xDD, 0xD2, 0x28, 0x51, 0xEF, 0x95, 0x1A, 0xE2,
    0x8B, 0xF6, 0x52, 0x5E, 0x73, 0xFF, 0xFB, 0x37, 0xF6, 0xDC, 0xFB, 0x52, 0x5E, 0x4B, 0x57, 0xB5,
    0x92, 0x3B, 0x4E, 0xD7, 0xDD, 0xB9, 0x04, 0x51, 0x9D, 0x9F, 0xBC, 0xFF, 0xB1, 0xF3, 0x46, 0x9C,
    0x1D, 0x38, 0xE2, 0xEC, 0xC4, 0x11, 0x67, 0x47, 0x8E, 0x38, 0x3B, 0x73, 0xC4, 0x4D, 0x75, 0xE8,
    0x88, 0xB3, 0x53, 0x47, 0x1C, 0x8F, 0x1D, 0xF9, 0x3F, 0x64, 0x60, 0x0F, 0x9F, 0x56, 0xCE, 0x0E,
    0x1E, 0x71, 0x38, 0x79, 0x24, 0x7A, 0x8C, 0x4C, 0x47, 0x8F, 0xB8, 0xD3, 0x80, 0x67, 0x8F, 0x38,
    0x3B, 0x7C, 0x04, 0xD9, 0xB4, 0x56, 0xC6, 0xE3, 0x47, 0x90, 0xC5, 0x85, 0x32, 0x44, 0xBB, 0x57,
    0xCE, 0x4E, 0x1D, 0xB1, 0xAC, 0x5D, 0x5B, 0x96, 0xBB, 0xFD, 0x2A, 0xF3, 0xBA, 0x7C, 0x17, 0xE9,
    0x92, 0x76, 0x06, 0x86, 0x17, 0xDE, 0xD0, 0xB8, 0xEE, 0x6D, 0x68, 0xDC, 0xD4, 0x16, 0x53, 0xEB,
    0xDD, 0x78, 0x55, 0xE7, 0x31, 0x37, 0x7D, 0xB1, 0xB8, 0x98, 0x61, 0xC5, 0x9C, 0xE2, 0xF8, 0x6B,
    0x0A, 0xC4, 0x5E, 0x7B, 0x7D, 0x78, 0x77, 0x64, 0xD7, 0xCB, 0x38, 0xC5, 0x6A, 0x98, 0x9F, 0x88,
    0x59, 0x06, 0x24, 0x3C, 0x7D, 0x26, 0x79, 0x9B, 0x0D, 0xD0, 0xF1, 0x40, 0x07, 0x6B, 0x30, 0xA6,
    0x68, 0x70, 0xC8, 0xAE, 0x5E, 0x56, 0xAF, 0x9E, 0xB3, 0x65, 0xE9, 0xC5, 0xB6, 0x75, 0x7B, 0x2E,
    0x3F, 0xB4, 0x2C, 0x34, 0xFD, 0x21, 0x5A, 0x19, 0x4A, 0x19, 0x4E, 0x8D, 0x2D, 0xFA, 0x72, 0x6E,
    0xB2, 0x50, 0x6D, 0x51, 0x52, 0xA5, 0xB2, 0x21, 0xC3, 0x4F, 0x15, 0x84, 0xA7, 0xCC, 0x0C, 0x2C,
    0xA9, 0xD1, 0xC9, 0x99, 0x99, 0xA8, 0x15, 0xE5, 0x4C, 0xC9, 0x91, 0xEA, 0x30, 0x9D, 0x3D, 0x6B,
    0x91, 0x1C, 0x62, 0x50, 0x64, 0x86, 0x0C, 0xB0, 0x1C, 0xBC, 0xBE, 0x91, 0x1C, 0xCB, 0x2D, 0x53,
    0x6B, 0x08, 0x98, 0xE8, 0x10, 0x62, 0x5F, 0x11, 0x93, 0x0B, 0x5F, 0xCC, 0x17, 0x60, 0xDA, 0x19,
    0x4A, 0x1F, 0xE7, 0xC0, 0xE3, 0xBD, 0xDA, 0x00, 0xCF, 0x7D, 0xE8, 0x84, 0x44, 0x5A, 0x93, 0x18,
    0xB4, 0xF9, 0x4E, 0x10, 0xAA, 0xE4, 0x24, 0x7D, 0xBC, 0x69, 0x46, 0x70, 0x99, 0xD0, 0x4C, 0x8D,
    0x89, 0x41, 0x24, 0xC5, 0x01, 0x5A, 0x58, 0x98, 0xFB, 0xFD, 0x1C, 0x26, 0xFA, 0x1C, 0xF4, 0x7B,
    0x91, 0xBD, 0x65, 0xD8, 0x85, 0x38, 0xB1, 0x23, 0x20, 0xD2, 0x8F, 0x5F, 0xDD, 0xCA, 0xA1, 0xB3,
    0x3B, 0x9D, 0x2F, 0x5C, 0x1F, 0x98, 0x71, 0x02, 0xC5, 0xBD, 0xD4, 0xAB, 0x6E, 0x93, 0x23, 0x35,
    0xA4, 0x80, 0x66, 0x82, 0x61, 0x75, 0xB6, 0x3F, 0x45, 0xC6, 0x3C, 0x5A, 0xA0, 0x0E, 0xA3, 0xFA,
    0x55, 0x1D, 0x9E, 0x59, 0x51, 0x96, 0xE2, 0xA9, 0x36, 0x74, 0x45, 0xC1, 0xE3, 0x21, 0x0B, 0x56,
    0xE2, 0xF6, 0x07, 0x69, 0x86, 0xBB, 0x86, 0x32, 0x3E, 0x69, 0xAE, 0x2D, 0xA6, 0x88, 0x24, 0x42,
    0x0C, 0x52, 0xD4, 0x32, 0x5E, 0x15, 0xB3, 0x7C, 0x3A, 0x62, 0x1C, 0x21, 0x85, 0xCB, 0xF9, 0x28,
    0x3F, 0x40, 0xD1, 0x97, 0xD4, 0xFA, 0x51, 0x8E, 0x20, 0x03, 0x78, 0x41, 0x47, 0x79, 0x7D, 0xB0,
    0x44, 0x6E, 0xD5, 0x2B, 0xC7, 0xD3, 0x61, 0x25, 0xDC, 0xAC, 0x6D, 0x5D, 0x74, 0xBF, 0x8F, 0x85,
    0xD6, 0x3F, 0x10, 0x01, 0x3C, 0x28, 0x15, 0x9C, 0x53, 0xAD, 0xB4, 0x8E, 0x2F, 0xEA, 0xCA, 0x3D,
    0x0A, 0xE0, 0xDC, 0xBF, 0x15, 0xD4, 0xB0, 0x23, 0x97, 0xF1, 0x64, 0x8F, 0x1E, 0x77, 0x7F, 0xC2,
    0x5B, 0xF4, 0xB8, 0x84, 0x33, 0x17, 0x70, 0xF7, 0x92, 0x1B, 0x1D, 0x8B, 0xC0, 0xFD, 0x12, 0xB6,
    0x67, 0x82, 0xE6, 0x6F, 0x1A, 0xD5, 0xC0, 0xFE, 0xB9, 0x85, 0xB6, 0xFB, 0x99, 0x6E, 0xB9, 0x67,
    0x15, 0xB5, 0x53, 0x89, 0x94, 0x8F, 0x6E, 0xE9, 0xA5, 0xFD, 0x99, 0xFF, 0xDE, 0x3C, 0x40, 0x47,
    0x53, 0x74, 0x49, 0x67, 0xB6, 0xAC, 0x14, 0xF1, 0xAF, 0xA4, 0x56, 0x77, 0x01, 0xFC, 0xC4, 0xC1,
    0xC4, 0x2F, 0x7A, 0x34, 0x27, 0x90, 0x45, 0x70, 0xE5, 0x15, 0xC7, 0x03, 0xAB, 0xA3, 0xB6, 0xE8,
    0x8E, 0xB1, 0xEF, 0x9E, 0x88, 0x3C, 0xC2, 0x16, 0x20, 0xEF, 0xDF, 0x6A, 0x8B, 0xCF, 0xE3, 0x58,
    0x4E, 0xFA, 0xF2, 0xA2, 0xF6, 0xE0, 0x48, 0xD0, 0x5B, 0xED, 0xEB, 0x73, 0x3A, 0x54, 0x77, 0x45,
    0x53, 0xC3, 0xEE, 0x78, 0xDD, 0x97, 0xDB, 0x23, 0xD2, 0x8C, 0xE8, 0xE7, 0x58, 0x3F, 0x47, 0xB4,
    0xE3, 0x56, 0xBD, 0x22, 0x85, 0xE7, 0xFC, 0x99, 0xD6, 0x3F, 0x3F, 0x5A, 0x66, 0x9F, 0xEB, 0x09,
    0x6F, 0xC1, 0xFA, 0x4C, 0xCE, 0xDE, 0xC0, 0x9B, 0x15, 0xF6, 0xAB, 0xF1, 0xC5, 0x8F, 0xA0, 0xF8,
    0x7D, 0xDA, 0x21, 0x11, 0x16, 0x67, 0x17, 0xEE, 0x90, 0xB8, 0xA4, 0xE5, 0x7E, 0xA6, 0x8A, 0xEB,
    0xCE, 0xD4, 0x4B, 0xEC, 0xD7, 0x75, 0x67, 0xEA, 0x46, 0xFD, 0xAD, 0x29, 0xFD, 0x35, 0xBB, 0x6D,
    0x83, 0x7D, 0x5E, 0xFD, 0x72, 0x8E, 0x62, 0x0A, 0xA1, 0x0D, 0x31, 0xDE, 0x86, 0xF9, 0x31, 0xAF,
    0x7E, 0xD1, 0x13, 0x0B, 0x2E, 0x22, 0x89, 0x2F, 0xED, 0xE8, 0x3C, 0x88, 0x21, 0x4A, 0xFD, 0xBF,
    0x3B, 0x3F, 0x8F, 0xE4, 0x32, 0x32, 0xF9, 0xF2, 0x0E, 0x08, 0xC4, 0xE6, 0xEB, 0x80, 0x06, 0xAB,
    0x2A, 0xB9, 0xDF, 0x9E, 0xB2, 0x3A, 0xC8, 0xD1, 0x64, 0xC1, 0xEF, 0xB3, 0xB5, 0x07, 0x12, 0xE5,
    0xCB, 0xEB, 0x2E, 0x37, 0xCF, 0x45, 0xDF, 0x83, 0x2C, 0x85, 0x36, 0x3E, 0x7C, 0x78, 0x7F, 0xDD,
    0xAD, 0xA2, 0x09, 0xE4, 0xA2, 0x9C, 0x79, 0x6F, 0xCB, 0xD3, 0x9D, 0x1F, 0x0E, 0x48, 0xB9, 0xE8,
    0xE9, 0x81, 0x5C, 0x74, 0xA3, 0x43, 0x5D, 0xEE, 0x32, 0x00, 0x94, 0x4E, 0xA2, 0xD9, 0x45, 0x87,
    0x07, 0xD5, 0xD7, 0x3E, 0xCD, 0x82, 0x1B, 0x68, 0x15, 0xC7, 0xD6, 0xFF, 0x78, 0xF9, 0x3C, 0x2C,
    0x57, 0x17, 0xC9, 0xEA, 0x9F, 0xEF, 0xE1, 0x79, 0x38, 0xCE, 0x05, 0xD3, 0xBB, 0x61, 0x4C, 0xFB,
    0x7C, 0x3F, 0xD1, 0x6E, 0xBF, 0x2B, 0xE9, 0xAE, 0x0E, 0x89, 0xB9, 0xEF, 0xE0, 0x58, 0x69, 0x28,
    0xB6, 0x4B, 0xBC, 0x3C, 0xB0, 0x0A, 0xC9, 0x54, 0xDB, 0x66, 0x2F, 0x18, 0x35, 0xCB, 0xD8, 0xC4,
    0xB6, 0x17, 0x3C, 0x00, 0xD2, 0xCF, 0xC8, 0xF2, 0x51, 0xE3, 0xEE, 0xCA, 0x75, 0xBD, 0xBA, 0xC2,
    0x75, 0xDD, 0x2E, 0xFD, 0x83, 0x66, 0x4D, 0x4B, 0x3A, 0x57, 0x8E, 0x4C, 0x60, 0x51, 0x75, 0x23,
    0xD7, 0xF5, 0xFA, 0x42, 0xD7, 0xF5, 0x89, 0x36, 0xCE, 0xB8, 0x84, 0x07, 0x87, 0x93, 0x74, 0x61,
    0xD2, 0x68, 0x0B, 0xE1, 0x21, 0x7E, 0x39, 0xDA, 0x04, 0x2E, 0xBB, 0xA5, 0x02, 0xA1, 0x90, 0x36,
    0x6E, 0xF0, 0x73, 0xD1, 0x7F, 0x95, 0x16, 0x94, 0xA1, 0xCD, 0xC8, 0x02, 0x16, 0xA3, 0x11, 0xF2,
    0x46, 0xFC, 0xB4, 0xF6, 0x85, 0x97, 0x60, 0xD3, 0x3C, 0x94, 0x75, 0x42, 0x35, 0x90, 0x01, 0x09,
    0xE1, 0x9A, 0xE6, 0x95, 0x0A, 0xDD, 0x1A, 0x34, 0xA9, 0xA2, 0xF8, 0xB4, 0xC9, 0x3B, 0xC3, 0x1E,
    0x69, 0x3A, 0xD0, 0xE4, 0x4E, 0xE5, 0x39, 0x82, 0x3A, 0x4B, 0x90, 0xAE, 0xD5, 0x39, 0xFD, 0x7B,
    0xA9, 0x8C, 0x4F, 0x8C, 0x79, 0x05, 0x51, 0x63, 0x8C, 0x41, 0xF5, 0xFF, 0xCD, 0x5A, 0xBD, 0x8F,
    0xDC, 0x44, 0x14, 0x7F, 0xB6, 0xC3, 0x59, 0xC2, 0x22, 0x26, 0x7C, 0x48, 0x04, 0xA4, 0xB8, 0xA1,
    0x48, 0x50, 0x88, 0x5B, 0x8A, 0xBB, 0xB3, 0x81, 0x02, 0xBA, 0xFC, 0x0F, 0x74, 0xD0, 0xA4, 0xA1,
    0xA0, 0x48, 0xCE, 0x23, 0x45, 0x90, 0x82, 0x7F, 0x22, 0x25, 0x54, 0xA4, 0x48, 0x91, 0x62, 0xEF,
    0xD6, 0x70, 0x52, 0xAE, 0x35, 0xA2, 0xA4, 0x88, 0x13, 0xA5, 0xA0, 0xC3, 0x8A, 0x2C, 0xC5, 0x28,
    0xDE, 0x1D, 0xDE, 0xEF, 0x8D, 0xD7, 0xEB, 0xCB, 0xF9, 0x36, 0xA7, 0x9C, 0x77, 0x6F, 0x77, 0x6F,
    0xE6, 0xFC, 0x31, 0x1F, 0xEF, 0xF7, 0xE6, 0xCD, 0xEF, 0xBD, 0x99, 0x59, 0xA2, 0x29, 0x11, 0x59,
    0x9A, 0x33, 0x5B, 0xC7, 0x44, 0xCE, 0xBF, 0x8A, 0xC8, 0xFB, 0x3B, 0x25, 0xF2, 0x0F, 0x72, 0xCE,
    0x6E, 0x17, 0x44, 0xA1, 0x5D, 0x12, 0x45, 0x54, 0x11, 0xDD, 0xA2, 0x9A, 0xF8, 0x6F, 0x87, 0xF8,
    0x26, 0x22, 0xBB, 0xA0, 0x90, 0x1C, 0xAD, 0xB5, 0x72, 0x39, 0x4B, 0xFD, 0x94, 0xDC, 0xCC, 0x57,
    0xE4, 0x14, 0x61, 0xCC, 0xEF, 0x22, 0x6E, 0xB6, 0xE2, 0x92, 0x54, 0x73, 0x1D, 0xDA, 0xA5, 0xCE,
    0xE7, 0x26, 0xB2, 0x09, 0xB2, 0x11, 0xA7, 0x71, 0x4E, 0xAE, 0xAE, 0xC9, 0xCF, 0xC6, 0xF4, 0x26,
    0x71, 0x55, 0xE2, 0x36, 0x66, 0xE9, 0x86, 0xB4, 0xAD, 0xC2, 0xA7, 0xBE, 0x8A, 0xF8, 0x7E, 0x9B,
    0x02, 0x15, 0x7D, 0x3E, 0x56, 0x81, 0x7E, 0xA4, 0xDC, 0xA9, 0xA7, 0xDA, 0x16, 0x7D, 0xAE, 0x16,
    0xA6, 0xE6, 0xBF, 0x05, 0x44, 0x0E, 0xC0, 0x90, 0x87, 0xEC, 0x1A, 0x0A, 0x7C, 0xD6, 0x16, 0x5D,
    0x15, 0xDE, 0x50, 0x09, 0x34, 0x7A, 0x87, 0x93, 0xDD, 0x88, 0xE6, 0x9F, 0x1A, 0xAE, 0x53, 0x00,
    0x2D, 0x37, 0x37, 0x0D, 0x81, 0xE0, 0x6B, 0x16, 0xFE, 0x20, 0x23, 0x0A, 0xAC, 0xA2, 0xAB, 0xE0,
    0x15, 0x0E, 0x2A, 0x27, 0x6E, 0x29, 0x3C, 0x48, 0x29, 0x79, 0x4C, 0x54, 0x96, 0xE4, 0x64, 0x9B,
    0x73, 0x39, 0x4E, 0x01, 0x16, 0xFA, 0x23, 0x2F, 0x03, 0x90, 0x02, 0x70, 0xBE, 0x01, 0x92, 0xB3,
    0x04, 0x9B, 0x34, 0x9A, 0x77, 0x9E, 0xF0, 0xED, 0x57, 0xDC, 0xA9, 0x7F, 0x3D, 0xA6, 0x2D, 0x27,
    0x6B, 0xE5, 0xF0, 0xF8, 0x59, 0xA2, 0x33, 0x9A, 0x78, 0x05, 0xDD, 0x45, 0x8F, 0xE8, 0xB0, 0x49,
    0x1B, 0xBA, 0xE2, 0x77, 0x95, 0x3D, 0x8D, 0x2B, 0x1E, 0xC2, 0xCA, 0xC9, 0xAD, 0xCA, 0x29, 0x3F,
    0xAA, 0x2C, 0x3D, 0xE1, 0xE7, 0xF9, 0x0F, 0x5C, 0x06, 0xCD, 0x93, 0x96, 0x31, 0xE6, 0xEC, 0x3D,
    0x0F, 0x77, 0x57, 0xF9, 0xE6, 0x11, 0x90, 0xDC, 0x66, 0x24, 0x17, 0xE9, 0xEE, 0xCA, 0x87, 0xD7,
    0x67, 0x74, 0x21, 0x37, 0x77, 0x8E, 0xAB, 0xED, 0xF3, 0x10, 0x3F, 0x19, 0x74, 0x88, 0xC9, 0x2B,
    0x19, 0x79, 0xA8, 0x59, 0xD4, 0xCD, 0x30, 0xEF, 0x82, 0xB3, 0xFB, 0x06, 0x7B, 0x45, 0xA8, 0xAD,
    0xE9, 0x79, 0x2E, 0x3B, 0x25, 0xF7, 0x4E, 0x65, 0xFA, 0x05, 0xB1, 0x24, 0xF9, 0xB0, 0xC8, 0x8F,
    0x47, 0xB9, 0xE2, 0xF9, 0x7B, 0x0C, 0x29, 0x37, 0x98, 0xAD, 0x1E, 0xCC, 0x9E, 0x60, 0x86, 0xB9,
    0x06, 0x73, 0xCC, 0xA1, 0x56, 0xDC, 0xA9, 0x0A, 0x5A, 0xBC, 0x48, 0x21, 0x63, 0xD6, 0x8B, 0xC9,
    0x9A, 0x2C, 0x74, 0xE9, 0x94, 0xCD, 0xDC, 0x62, 0x00, 0x6C, 0x0B, 0x97, 0xEF, 0x73, 0x01, 0x68,
    0xC4, 0xD7, 0x20, 0x4F, 0xAD, 0x56, 0xAE, 0x96, 0x29, 0x1E, 0x18, 0xB6, 0xF5, 0x52, 0xF2, 0x7E,
    0x0C, 0xB8, 0xF8, 0x0E, 0xD7, 0xAF, 0x0D, 0xA7, 0x0F, 0x61, 0x01, 0x63, 0x34, 0x10, 0x00, 0xB3,
    0x2B, 0x2D, 0x96, 0xEB, 0x80, 0x5C, 0xDC, 0x0B, 0xAE, 0x6E, 0x41, 0x38, 0x5A, 0x0E, 0xF2, 0xAE,
    0x83, 0x46, 0x5B, 0x5B, 0x9C, 0xAE, 0x7E, 0xFC, 0x7D, 0x8B, 0xBC, 0xC0, 0xDB, 0x95, 0x8F, 0x39,
    0x2C, 0x72, 0xE6, 0xAF, 0xDD, 0x54, 0x44, 0x5B, 0x0A, 0xFA, 0x3E, 0xCE, 0xDB, 0xA4, 0xFB, 0x67,
    0x8B, 0xFE, 0x65, 0xCE, 0xF3, 0xD4, 0x12, 0x90, 0x5F, 0x23, 0x16, 0x37, 0xF8, 0x62, 0x6E, 0xDD,
    0xF1, 0x5A, 0x71, 0x9E, 0x93, 0x6E, 0x92, 0x93, 0x8F, 0x58, 0x06, 0xEE, 0x20, 0xC9, 0x06, 0xE2,
    0xF9, 0xA3, 0x9C, 0x97, 0x68, 0x9D, 0x23, 0x41, 0xA4, 0xE3, 0x52, 0xC2, 0x63, 0x81, 0xB4, 0xA8,
    0x8C, 0x29, 0x67, 0xDA, 0x9A, 0xC7, 0x20, 0xA9, 0x21, 0x52, 0x2F, 0x6D, 0xE5, 0x0E, 0x98, 0xAB,
    0x21, 0xDB, 0x2D, 0x7E, 0x38, 0x62, 0xD3, 0x86, 0x8A, 0x90, 0xEA, 0x86, 0xEA, 0x6F, 0x35, 0xB4,
    0x1B, 0x64, 0x41, 0xCA, 0x58, 0x62, 0x1A, 0x57, 0xD4, 0xCB, 0xD5, 0xE2, 0x13, 0x78, 0x18, 0x2E,
    0x14, 0xED, 0x0C, 0xA1, 0x8E, 0x0C, 0x83, 0xE2, 0xE9, 0xCE, 0xC6, 0x59, 0xF4, 0xEC, 0xD1, 0xA9,
    0x30, 0x59, 0x53, 0x1F, 0x46, 0x42, 0xEE, 0x4F, 0x75, 0x0B, 0x6F, 0x29, 0xB2, 0x4F, 0x3F, 0x95,
    0x79, 0xE3, 0x1C, 0x94, 0x87, 0xEC, 0xFB, 0x94, 0xE3, 0xB1, 0x47, 0xC6, 0x27, 0x05, 0xFB, 0xAC,
    0x92, 0xE4, 0x19, 0xEB, 0xA3, 0x84, 0x87, 0xCA, 0xB7, 0xBB, 0x5D, 0x48, 0xFF, 0x92, 0x41, 0xA2,
    0x57, 0x64, 0x00, 0x65, 0xB2, 0x13, 0x14, 0xDE, 0x39, 0xDC, 0x3C, 0x7F, 0xAE, 0x18, 0x57, 0xC1,
    0x2E, 0x43, 0xA2, 0xFF, 0x5C, 0x04, 0x72, 0xB2, 0xAD, 0x41, 0x00, 0x47, 0xB3, 0x60, 0xFB, 0x31,
    0x97, 0xBA, 0xA3, 0x11, 0x6C, 0x2B, 0xDA, 0x76, 0x5A, 0x43, 0xE7, 0x72, 0x53, 0x49, 0xB9, 0xF1,
    0x9F, 0xBD, 0x89, 0x05, 0x95, 0xB4, 0xA8, 0x4C, 0x3E, 0x6F, 0xEB, 0x5B, 0xC8, 0x11, 0x9B, 0xB9,
    0x63, 0xCF, 0x83, 0x7C, 0xD5, 0x13, 0xE4, 0xA7, 0xD6, 0xC4, 0x2D, 0x10, 0xC8, 0xBB, 0x19, 0x8D,
    0xB8, 0xFC, 0x4D, 0x5F, 0xEB, 0x5A, 0x52, 0x33, 0xF7, 0xF8, 0xB9, 0x44, 0x0F, 0xD6, 0xC4, 0xAA,
    0xB9, 0x7C, 0xC9, 0x51, 0x93, 0x32, 0xE1, 0x74, 0x80, 0x70, 0xFA, 0x1E, 0xBD, 0x61, 0xB1, 0x91,
    0xFF, 0xA5, 0x68, 0xB7, 0x60, 0x8A, 0x1A, 0x91, 0xAD, 0x2E, 0x2E, 0xCF, 0x20, 0x7B, 0xC3, 0xF8,
    0xE1, 0xC6, 0xEA, 0xC8, 0xC4, 0x0A, 0x1A, 0xA2, 0x40, 0x1F, 0x8D, 0x7D, 0x2E, 0x03, 0x97, 0xE9,
    0xB7, 0x2F, 0x50, 0x1F, 0x0E, 0x5B, 0x1F, 0x96, 0xE5, 0x8D, 0x53, 0x0F, 0x89, 0x2F, 0x03, 0x53,
    0x0F, 0xB9, 0x47, 0xE9, 0x38, 0xBF, 0x90, 0xBB, 0x29, 0x38, 0x36, 0x50, 0x27, 0xFE, 0x66, 0x51,
    0xF1, 0x76, 0x61, 0xE5, 0xAE, 0x72, 0x58, 0xE0, 0x45, 0xDF, 0x9D, 0xBE, 0x0F, 0x87, 0x7E, 0xE3,
    0xAD, 0x6B, 0x94, 0xC4, 0x49, 0x6C, 0x34, 0x1B, 0x2D, 0xFC, 0x92, 0x6C, 0xE6, 0x44, 0xC4, 0x65,
    0x37, 0xF4, 0x53, 0x14, 0x07, 0x20, 0x4B, 0xC7, 0x37, 0x58, 0x17, 0xBC, 0x4E, 0xA9, 0x44, 0x69,
    0x13, 0xD9, 0x79, 0x49, 0xA4, 0x7C, 0x24, 0xFA, 0x0D, 0xD5, 0x9E, 0x18, 0xE5, 0xAE, 0x70, 0x4A,
    0x37, 0x37, 0xCF, 0x4D, 0x19, 0x53, 0xDE, 0xD4, 0x35, 0xED, 0x98, 0x36, 0x4D, 0xFB, 0x18, 0xA4,
    0x78, 0xD6, 0xEF, 0xA1, 0x4F, 0x68, 0x24, 0x8F, 0xDB, 0xEB, 0x71, 0x09, 0x46, 0x61, 0x8D, 0x87,
    0x69, 0xC4, 0x1B, 0x18, 0x1C, 0x44, 0xF1, 0xFC, 0x76, 0x8A, 0x9A, 0xE7, 0x39, 0xA7, 0xB2, 0x96,
    0xF9, 0xEE, 0x14, 0x78, 0x8E, 0xF7, 0x28, 0x87, 0xF2, 0xA8, 0x37, 0x1F, 0x19, 0x65, 0x2C, 0x0F,
    0xFF, 0x69, 0x2C, 0x6D, 0x6B, 0x2C, 0x15, 0xE8, 0xCB, 0xD4, 0x84, 0x67, 0xC8, 0xDF, 0x9A, 0x97,
    0x3F, 0x5B, 0x7D, 0xCC, 0x6C, 0x14, 0x81, 0x81, 0x9D, 0x99, 0x6D, 0x37, 0xEF, 0xF4, 0x9A, 0x10,
    0x36, 0x91, 0x15, 0x49, 0x74, 0x1D, 0xB0, 0x5F, 0x3C, 0xC4, 0xFD, 0xB3, 0x42, 0x66, 0xC8, 0xE8,
    0xA5, 0x61, 0x38, 0x6B, 0x8B, 0xF8, 0x64, 0x26, 0xB1, 0x8D, 0x20, 0x77, 0xBF, 0x61, 0x8D, 0xC6,
    0x47, 0x6F, 0x1D, 0x8E, 0x03, 0x4A, 0xF1, 0x39, 0x24, 0x8A, 0x21, 0x20, 0x27, 0xA8, 0x80, 0xA0,
    0x0B, 0x82, 0x52, 0x90, 0x95, 0xE6, 0x4A, 0x9E, 0xC9, 0x5B, 0x29, 0x27, 0x35, 0xA4, 0xAE, 0xB4,
    0xE2, 0x8B, 0x5F, 0xB2, 0x8D, 0xBA, 0x46, 0x62, 0x83, 0x1F, 0xBC, 0x48, 0xD7, 0x55, 0x4B, 0x57,
    0x64, 0x8A, 0xC4, 0x0D, 0xC1, 0x91, 0x0D, 0xD7, 0xCE, 0x60, 0xC8, 0x38, 0x59, 0xF6, 0xEE, 0x59,
    0x57, 0x54, 0x0F, 0xF5, 0x12, 0x5E, 0x0E, 0x59, 0x13, 0xBB, 0x86, 0x02, 0x76, 0xE1, 0xAC, 0x23,
    0xD4, 0x8D, 0xD0, 0x51, 0x28, 0x59, 0x2C, 0x57, 0xF2, 0x4C, 0xDE, 0x4A, 0x39, 0xA9, 0x21, 0x75,
    0x4D, 0x2B, 0x24, 0xE2, 0xB1, 0x98, 0xD2, 0xC1, 0x05, 0xE4, 0xEF, 0x23, 0xA8, 0xA4, 0xE4, 0x67,
    0x04, 0x55, 0xCF, 0xC1, 0xBC, 0x4E, 0x06, 0x62, 0xDC, 0x88, 0x2F, 0xAF, 0x8B, 0x45, 0x75, 0x62,
    0x85, 0x60, 0x3F, 0xE3, 0x88, 0xAF, 0xF1, 0x41, 0x5B, 0x87, 0x0C, 0xE9, 0xB5, 0xE7, 0x97, 0xF3,
    0xDF, 0xA7, 0xA2, 0x64, 0x8C, 0x81, 0xEF, 0x75, 0xA8, 0xC7, 0x30, 0xD9, 0x31, 0x56, 0x74, 0xB6,
    0x3A, 0x69, 0xFC, 0xBD, 0xF3, 0xB0, 0x2F, 0xCE, 0x18, 0x48, 0x2F, 0x8B, 0xF1, 0xAF, 0x07, 0xD7,
    0x2C, 0xF2, 0x3E, 0x5D, 0x9D, 0x64, 0x43, 0xE9, 0xA4, 0xCF, 0x2B, 0xD1, 0x77, 0xC2, 0x3D, 0x32,
    0x14, 0xAE, 0xEC, 0x5E, 0xCA, 0x06, 0x1E, 0xB5, 0x31, 0x52, 0xDD, 0xE4, 0x1B, 0x1A, 0x5C, 0xC6,
    0xDA, 0x52, 0x15, 0xD0, 0x3C, 0x2F, 0x80, 0x4C, 0xAB, 0x23, 0xDA, 0x8A, 0x97, 0xA3, 0xAD, 0x7A,
    0xE6, 0x44, 0x84, 0x74, 0x7C, 0xB3, 0xE7, 0x20, 0xA2, 0x72, 0x36, 0x2E, 0x5D, 0xC0, 0xE4, 0xED,
    0x8E, 0x2C, 0xD4, 0x20, 0x97, 0xF2, 0x75, 0xA9, 0x98, 0x3E, 0x14, 0xA5, 0x78, 0xA2, 0x09, 0xDB,
    0x04, 0x59, 0x7B, 0xD4, 0x32, 0xDE, 0xDA, 0x28, 0xC4, 0xAA, 0xDB, 0xD5, 0x5C, 0x20, 0x43, 0x97,
    0x2E, 0x4B, 0x21, 0x94, 0xA8, 0x63, 0xE3, 0x96, 0xF5, 0xB0, 0x8D, 0x50, 0x7C, 0x00, 0xD8, 0x1F,
    0x91, 0x8B, 0x84, 0x2E, 0x1C, 0xBB, 0x70, 0x25, 0x6F, 0x60, 0x55, 0xF4, 0x93, 0xED, 0x7A, 0x28,
    0x61, 0x7A, 0x09, 0x3B, 0x6E, 0x58, 0xC8, 0x1F, 0x74, 0x97, 0x06, 0x4B, 0xB0, 0x87, 0xF5, 0xE1,
    0x84, 0x85, 0x0C, 0xBA, 0x34, 0xF0, 0x73, 0x12, 0x35, 0xFB, 0xFE, 0xB8, 0xDA, 0x6D, 0xC0, 0x0C,
    0x90, 0x45, 0x58, 0xB9, 0x45, 0x50, 0x02, 0xB7, 0xBE, 0x47, 0x5E, 0xE5, 0xD6, 0x0C, 0x1E, 0xCB,
    0xCA, 0x70, 0x7A, 0x48, 0x02, 0x44, 0xA8, 0xE6, 0xC8, 0x05, 0x57, 0xDB, 0x4C, 0x8C, 0x27, 0x4D,
    0x08, 0xBC, 0xC2, 0x6C, 0x9C, 0xFA, 0xFA, 0x79, 0x6A, 0x6B, 0x33, 0xA7, 0x8F, 0x6C, 0x13, 0xBA,
    0x30, 0x23, 0x1F, 0x23, 0x7D, 0x4E, 0x0E, 0x8E, 0x1E, 0x20, 0x9B, 0x85, 0x76, 0xAB, 0xC3, 0x7B,
    0xCC, 0xF9, 0xFB, 0xE9, 0xE0, 0x6E, 0xC8, 0x11, 0x6C, 0x20, 0x68, 0x92, 0x97, 0x16, 0x29, 0x73,
    0xE2, 0x77, 0x2A, 0x08, 0xF8, 0xBB, 0xE4, 0x69, 0x89, 0xFC, 0xA0, 0x40, 0xAE, 0x45, 0xF0, 0xA9,
    0x51, 0xC2, 0x6B, 0xE6, 0x82, 0x1A, 0x39, 0x5B, 0x2C, 0xE3, 0xE6, 0x53, 0x24, 0x01, 0x0E, 0xE4,
    0x10, 0x22, 0x9C, 0xC6, 0x33, 0x31, 0xDA, 0x9F, 0x0A, 0xCC, 0xCC, 0x5A, 0x1E, 0x38, 0x05, 0x23,
    0xFB, 0x83, 0x77, 0x32, 0xBC, 0xFD, 0x6C, 0x1B, 0xBB, 0x52, 0x9C, 0xFD, 0x23, 0x5A, 0x79, 0x45,
    0x66, 0x82, 0x6E, 0xD6, 0x06, 0x41, 0x1D, 0x64, 0xF4, 0xF1, 0x8B, 0x89, 0x2D, 0xDA, 0xDD, 0x17,
    0x96, 0x46, 0xB6, 0x31, 0xAC, 0x72, 0xAD, 0x14, 0x62, 0xA4, 0x18, 0x51, 0xB3, 0x19, 0xD2, 0x04,
    0x30, 0xCB, 0x50, 0x88, 0x18, 0x3F, 0xF9, 0x72, 0xA6, 0x40, 0x26, 0xFC, 0x12, 0xFB, 0xA7, 0x7C,
    0x5D, 0x6C, 0x23, 0x52, 0x33, 0xA7, 0xFC, 0x2E, 0xCC, 0xD8, 0x11, 0x26, 0x82, 0x2A, 0xCE, 0x0F,
    0xAC, 0x8A, 0xF0, 0x4F, 0x98, 0xC2, 0x58, 0xBA, 0x2A, 0xC6, 0xF1, 0x3A, 0xD9, 0x83, 0x35, 0xD9,
    0x24, 0x73, 0xB6, 0xE5, 0xDE, 0xE9, 0x1C, 0xBC, 0x2F, 0xC1, 0x1E, 0xD6, 0x87, 0x13, 0xBA, 0x1F,
    0xF3, 0x6B, 0x03, 0x71, 0x01, 0xC6, 0x1B, 0x2C, 0x0D, 0x7C, 0xD7, 0xC9, 0x8A, 0x8F, 0x95, 0xAB,
    0x5F, 0x85, 0x3F, 0xE3, 0x19, 0x3F, 0x19, 0xFA, 0xAC, 0xBB, 0x15, 0x26, 0x58, 0x54, 0x44, 0x78,
    0xCF, 0x3C, 0x1E, 0x2A, 0x01, 0xE9, 0x62, 0x6D, 0xEF, 0x94, 0x72, 0xF4, 0x87, 0x2A, 0x7B, 0xD8,
    0xBC, 0x8F, 0xD0, 0x42, 0xF0, 0x1B, 0xC8, 0x1D, 0xCE, 0xD6, 0xA9, 0x67, 0x1A, 0xB7, 0x4E, 0x98,
    0xED, 0x35, 0x42, 0xC9, 0x69, 0xC3, 0x7C, 0x0F, 0x96, 0x35, 0x5B, 0x45, 0x72, 0x7A, 0xE8, 0x14,
    0x81, 0xE2, 0xF3, 0x44, 0xDE, 0xC4, 0xC4, 0xA9, 0x22, 0x1F, 0x2A, 0xB2, 0xCF, 0xE7, 0x45, 0x4E,
    0x75, 0xD3, 0x9C, 0x28, 0xEE, 0xE0, 0x4C, 0x12, 0x7B, 0x3E, 0xB9, 0x69, 0x43, 0x16, 0x49, 0x0D,
    0xD1, 0x6C, 0x35, 0xB0, 0xAA, 0x55, 0x02, 0xEA, 0x7C, 0xCA, 0xB6, 0x6E, 0x39, 0x14, 0x22, 0x5E,
    0x2F, 0xD4, 0x7E, 0xCE, 0x07, 0x1F, 0xA9, 0x11, 0xCD, 0x93, 0x63, 0xDB, 0x4B, 0xED, 0x69, 0xEA,
    0xBD, 0x95, 0x0F, 0xA0, 0x9F, 0x1B, 0x71, 0xCF, 0x01, 0x6D, 0x61, 0x18, 0x8D, 0x7F, 0x42, 0x35,
    0xF4, 0x00, 0xF2, 0xFB, 0x02, 0x8B, 0x7E, 0x2E, 0xF5, 0x20, 0x51, 0x67, 0x62, 0xAA, 0xC9, 0x75,
    0x66, 0x6E, 0x4D, 0xD6, 0xE3, 0x43, 0x53, 0x65, 0x70, 0xA4, 0xFF, 0x03, 0xAD, 0x53, 0x3D, 0x6E,
    0xDB, 0x30, 0x14, 0xFE, 0x2C, 0x16, 0x10, 0x52, 0x02, 0x66, 0xC6, 0x0C, 0x41, 0xE9, 0x0B, 0x58,
    0x5A, 0x3D, 0x50, 0xA2, 0x80, 0x5C, 0xA4, 0x43, 0x0F, 0x91, 0x41, 0xAA, 0xD5, 0x3B, 0x79, 0xF0,
    0xA0, 0x34, 0x44, 0x3B, 0x74, 0xE8, 0xA2, 0x1B, 0x54, 0x47, 0xD0, 0xE0, 0x41, 0x83, 0x62, 0xF6,
    0xA3, 0x24, 0x24, 0x6D, 0x0A, 0xA3, 0x43, 0x4B, 0xBC, 0xC7, 0x47, 0xBE, 0xEF, 0xFD, 0xF1, 0x91,
    0xDC, 0xFB, 0xBD, 0xF7, 0xFE, 0x4C, 0x7A, 0xF4, 0xBE, 0x08, 0x6C, 0xB9, 0xF7, 0xF8, 0x73, 0xFE,
    0xF0, 0x16, 0x8D, 0x2A, 0xFE, 0x2F, 0x31, 0x72, 0x1D, 0x18, 0x1C, 0xCF, 0xEB, 0xF5, 0xD6, 0x94,
    0x4D, 0x53, 0x65, 0xB8, 0xCD, 0x6D, 0xAA, 0x13, 0x73, 0xBF, 0xB9, 0xA9, 0xF2, 0x24, 0xC9, 0xCC,
    0xE1, 0x1A, 0x44, 0x8E, 0x47, 0x93, 0xAD, 0x83, 0xC3, 0x5A, 0x62, 0xAB, 0x60, 0x32, 0x94, 0x06,
    0x0D, 0x29, 0x43, 0x95, 0x23, 0x4B, 0x02, 0x74, 0x7B, 0x85, 0xDC, 0xC2, 0x6A, 0xA4, 0x0A, 0x5A,
    0x21, 0xA1, 0x59, 0x82, 0x7B, 0x83, 0xCD, 0x35, 0x6E, 0xAE, 0x50, 0x59, 0xE4, 0x29, 0x12, 0x1D,
    0xF4, 0x99, 0x86, 0xD9, 0xE2, 0x60, 0x70, 0xBD, 0x09, 0x8E, 0x5C, 0x97, 0x79, 0x88, 0x76, 0x9C,
    0xC8, 0x18, 0x64, 0xEF, 0x42, 0xA2, 0x30, 0x14, 0xCB, 0x54, 0x6E, 0xE1, 0xFA, 0x99, 0x59, 0x73,
    0xCF, 0x1E, 0xF6, 0x90, 0xDC, 0x5F, 0x62, 0x75, 0x89, 0xDD, 0x2B, 0xAE, 0xFF, 0x2D, 0xCF, 0xC2,
    0xC1, 0x2E, 0xD8, 0x5F, 0xCE, 0x57, 0x23, 0x3A, 0x43, 0x7B, 0x67, 0x7D, 0xFF, 0xE8, 0x07, 0xEF,
    0xC7, 0x99, 0xB8, 0xA6, 0x86, 0x7A, 0xA2, 0x39, 0x4A, 0x0C, 0x7B, 0x9C, 0x57, 0xE3, 0x34, 0x4D,
    0xDB, 0xF8, 0x09, 0xA8, 0xD8, 0x8B, 0xD4, 0x17, 0x18, 0x28, 0x3F, 0x4A, 0x27, 0x7A, 0xCA, 0xA3,
    0x68, 0x25, 0xC3, 0xE2, 0x14, 0x75, 0xBA, 0x98, 0x65, 0x8E, 0x59, 0x3F, 0x62, 0xB2, 0xFB, 0x12,
    0xCC, 0xE8, 0x77, 0xD7, 0x06, 0x29, 0x47, 0x35, 0x5D, 0x3A, 0x35, 0x72, 0xC0, 0x9E, 0xBA, 0xD2,
    0xFA, 0x95, 0x3F, 0xD1, 0xF3, 0x41, 0xDF, 0x75, 0x0D, 0x44, 0xD7, 0xCB, 0x6F, 0x2E, 0x83, 0x74,
    0xBD, 0xF8, 0x5E, 0x27, 0xD0, 0xAB, 0x59, 0x66, 0x98, 0xE5, 0x88, 0x09, 0x8F, 0x7A, 0x34, 0xC1,
    0x3E, 0x76, 0xB0, 0x67, 0xFA, 0x33, 0xEA, 0x14, 0x2F, 0x66, 0x39, 0xCA, 0xA9, 0x5A, 0x81, 0x17,
    0x0D, 0x83, 0x1D, 0xE2, 0x76, 0x94, 0x6E, 0x54, 0x6E, 0x50, 0x9F, 0x7A, 0x15, 0xF5, 0xA9, 0xE8,
    0x12, 0xE1, 0x8C, 0x70, 0xBB, 0xB8, 0x20, 0xA4, 0x6A, 0x82, 0xBA, 0x26, 0x9C, 0x82, 0x06, 0x16,
    0x34, 0xC9, 0x91, 0x8A, 0xD6, 0x80, 0x66, 0x25, 0x4C, 0xEC, 0x0E, 0xD8, 0xC9, 0x82, 0x87, 0x28,
    0xA2, 0x36, 0x76, 0xAA, 0x48, 0x19, 0xB5, 0x61, 0x39, 0x9A, 0xFD, 0x16, 0x6E, 0xC5, 0xC3, 0xF3,
    0x75, 0xB2, 0x67, 0x8A, 0x25, 0x8B, 0x36, 0xEA, 0x05, 0xB3, 0xEB, 0x29, 0x33, 0xCF, 0x26, 0xDD,
    0x5F, 0xC9, 0x90, 0xE2, 0xA5, 0x27, 0xB3, 0xCB, 0x59, 0xB5, 0x24, 0x2E, 0xDE, 0x00, 0xCD, 0xBE,
    0xAB, 0x2C, 0xAF, 0xE0, 0x33, 0x5F, 0x75, 0xCA, 0x57, 0x5D, 0x58, 0x55, 0x3F, 0xC8, 0xAF, 0x43,
    0xFC, 0xA3, 0x15, 0x4F, 0x88, 0x4E, 0x58, 0xB1, 0x32, 0xD2, 0x7B, 0xBC, 0x8C, 0x13, 0xA2, 0x31,
    0x10, 0x17, 0xE1, 0x8F, 0xF7, 0xD3, 0x14, 0xDE, 0xF8, 0x84, 0x4D, 0x1E, 0xC2, 0x2D, 0xCF, 0x93,
    0xAA, 0xF0, 0x71, 0xCA, 0x05, 0xEA, 0x7E, 0x87, 0xB2, 0x05, 0xA2, 0x47, 0xB4, 0x40, 0x8A, 0xB7,
    0xAC, 0x97, 0x60, 0x1A, 0xB6, 0xB6, 0x75, 0xFA, 0x4B, 0xEA, 0xD7, 0x9A, 0x4B, 0xFB, 0x9F, 0xD5,
    0x50, 0xBD, 0x4E, 0xC3, 0x30, 0x10, 0xFE, 0xA8, 0x25, 0x8A, 0x64, 0x09, 0x4B, 0x4C, 0x2C, 0x4D,
    0x3A, 0x30, 0x30, 0xA4, 0xCE, 0xC2, 0x50, 0x89, 0x73, 0xDD, 0x17, 0xE1, 0x1D, 0x18, 0x3B, 0x18,
    0x25, 0x8F, 0xC2, 0x23, 0x30, 0x74, 0xE8, 0x50, 0xA9, 0x79, 0x84, 0xBC, 0x00, 0x52, 0x1E, 0xC1,
    0x43, 0x06, 0x4B, 0xB8, 0x09, 0xE7, 0x8A, 0xC2, 0x08, 0x2B, 0xF7, 0x9D, 0xE5, 0xBB, 0xCF, 0x77,
    0xBE, 0x1F, 0x11, 0xA0, 0x46, 0x68, 0xB5, 0xA6, 0x69, 0x4D, 0xA2, 0xF9, 0xD2, 0x69, 0xCD, 0x0C,
    0xF3, 0x22, 0x80, 0x08, 0x7C, 0x4E, 0x82, 0x5B, 0xE0, 0x05, 0x38, 0x42, 0xBC, 0x43, 0x3E, 0x21,
    0x9B, 0x81, 0x66, 0x38, 0x8C, 0x4D, 0x35, 0x36, 0x98, 0x81, 0xB5, 0x8C, 0x65, 0x24, 0x10, 0x6C,
    0x67, 0x23, 0x1C, 0xCC, 0xDC, 0x1D, 0x42, 0xD9, 0xE2, 0x75, 0xE2, 0xA7, 0x8D, 0x82, 0xED, 0xAB,
    0x18, 0xB4, 0xCF, 0x76, 0xC6, 0xC6, 0xBC, 0x1B, 0x87, 0x71, 0x40, 0xC1, 0xC1, 0x1E, 0x5E, 0xB4,
    0xFC, 0xBE, 0xCE, 0x61, 0x90, 0x73, 0xE6, 0x8E, 0x36, 0x54, 0x06, 0xDB, 0xEF, 0xC8, 0xEB, 0xB0,
    0xAA, 0x62, 0xEE, 0xD5, 0x89, 0xF5, 0x8B, 0x60, 0xD8, 0x0B, 0x1C, 0xDF, 0xA8, 0xBA, 0x84, 0xA8,
    0x45, 0x9D, 0x7E, 0x49, 0xB7, 0xA8, 0x0F, 0xF1, 0x07, 0x80, 0x84, 0xE2, 0x7E, 0x52, 0x2F, 0xCB,
    0x13, 0x92, 0x55, 0x20, 0x63, 0xF6, 0x12, 0x78, 0xA0, 0xE2, 0x5A, 0x9D, 0x24, 0x2B, 0x96, 0xF3,
    0x8F, 0x6E, 0x0C, 0x61, 0xEF, 0xE9, 0x0C, 0xF1, 0xDB, 0x46, 0x2E, 0x6A, 0xD9, 0x96, 0x6D, 0xD5,
    0xDE, 0xB4, 0x93, 0x6F, 0xD8, 0xA3, 0xF2, 0x36, 0xEE, 0xDD, 0x5B, 0x2A, 0xB4, 0x9D, 0x74, 0xB2,
    0xD6, 0x38, 0x1C, 0xC7, 0x21, 0x75, 0xEE, 0xE8, 0x99, 0xE0, 0x44, 0x2F, 0x22, 0x4C, 0x9F, 0x26,
    0xF0, 0x7F, 0x5F, 0xA4, 0xFF, 0x47, 0x8B, 0x7C, 0x0C, 0x36, 0x9A, 0x15, 0xE9, 0x33, 0xB8, 0x58,
    0xB8, 0x77, 0xA0, 0x3C, 0x1A, 0xDA, 0x38, 0xBB, 0x97, 0x3D, 0x0F, 0xA5, 0xAB, 0x81, 0xE7, 0xB9,
    0x2A, 0x8F, 0xB2, 0x97, 0x01, 0xE5, 0x00, 0x93, 0xC3, 0xA9, 0xA4, 0x6C, 0xB0, 0x2B, 0x7B, 0x38,
    0xAD, 0x49, 0x6D, 0xA7, 0x9D, 0xF4, 0x6A, 0xCB, 0x99, 0x3A, 0x8D, 0x72, 0x67, 0x90, 0x55, 0xC3,
    0x72, 0x61, 0xA3, 0xF2, 0x9F, 0x8D, 0x96, 0xBD, 0x8E, 0xDC, 0x54, 0x14, 0xC7, 0x8F, 0x6D, 0x88,
    0x8B, 0x91, 0xD6, 0xF4, 0x51, 0x70, 0x43, 0x91, 0x22, 0x59, 0xB7, 0x29, 0x66, 0xC6, 0x16, 0x5B,
    0x52, 0x84, 0x47, 0xE0, 0x0D, 0xB6, 0x49, 0x91, 0x62, 0x19, 0x5B, 0xA4, 0x48, 0x91, 0x92, 0x17,
    0xE0, 0x09, 0x50, 0x8A, 0x2D, 0x28, 0x66, 0xC7, 0x96, 0x28, 0x28, 0x68, 0xAE, 0x42, 0x99, 0x02,
    0x43, 0xD2, 0x73, 0x21, 0x46, 0x38, 0x1A, 0xCF, 0x1C, 0xFE, 0xFF, 0x63, 0xCF, 0x66, 0x77, 0x45,
    0x50, 0x46, 0x73, 0x7F, 0xF6, 0xFD, 0xBE, 0xE7, 0xF3, 0x5A, 0xEA, 0x5E, 0x24, 0x52, 0x15, 0x49,
    0xDA, 0x4C, 0x24, 0x17, 0xFC, 0x56, 0xC4, 0x9A, 0x18, 0x24, 0xD7, 0xFE, 0x00, 0xB6, 0xE5, 0xEC,
    0xCD, 0x39, 0x0E, 0x48, 0x5B, 0x20, 0x56, 0xD5, 0x46, 0x6A, 0x62, 0x9C, 0x7D, 0x13, 0xDA, 0x4F,
    0x78, 0xF4, 0x1C, 0xD5, 0xE7, 0x7E, 0xC2, 0x4C, 0x3B, 0x91, 0x52, 0xB5, 0x0A, 0xD5, 0xAB, 0x9B,
    0x0D, 0xED, 0xAB, 0x2A, 0x69, 0x7F, 0x73, 0x92, 0x35, 0x40, 0x1E, 0xBC, 0x68, 0xA4, 0x24, 0x36,
    0xE1, 0x8F, 0x8D, 0x5C, 0x18, 0xA2, 0x2B, 0xA8, 0x64, 0x45, 0xE4, 0xD1, 0xD3, 0x4A, 0xB2, 0x93,
    0xA7, 0x85, 0x24, 0x3F, 0x3D, 0x2B, 0x24, 0xDE, 0x7E, 0x11, 0xB9, 0x40, 0x9F, 0x9D, 0x62, 0x05,
    0x55, 0x34, 0xEA, 0x6B, 0xC8, 0x95, 0x60, 0xC7, 0xE4, 0x08, 0x38, 0x22, 0x6E, 0x8D, 0xE7, 0xD1,
    0x2A, 0xD0, 0xE2, 0xD4, 0x45, 0x9D, 0x44, 0x4D, 0xE2, 0xD0, 0x9E, 0x55, 0xD7, 0x8E, 0xBD, 0x92,
    0xE3, 0xAC, 0xD9, 0xC8, 0x71, 0x5D, 0x6D, 0x24, 0x6B, 0x65, 0xC3, 0xFE, 0x95, 0x98, 0x86, 0x88,
    0x02, 0xC8, 0x9A, 0x6C, 0xD4, 0x5A, 0x15, 0x0F, 0x59, 0xDC, 0x06, 0xAA, 0xB5, 0xA3, 0x44, 0xDC,
    0xE3, 0x35, 0x75, 0xBA, 0xB7, 0x02, 0x59, 0xDF, 0x5B, 0x54, 0xBD, 0x95, 0x1B, 0xED, 0xAA, 0x83,
    0x95, 0x9B, 0xED, 0x50, 0x76, 0x81, 0xB3, 0x7B, 0xD1, 0x70, 0x08, 0x06, 0x39, 0x0B, 0x6F, 0xF4,
    0x63, 0xF3, 0x02, 0x96, 0x28, 0x0E, 0xF5, 0x7A, 0xAC, 0x5F, 0x5F, 0xA7, 0x85, 0xEE, 0x1B, 0x53,
    0x81, 0x62, 0xBC, 0x52, 0x58, 0x1A, 0x46, 0xA8, 0x84, 0xA8, 0xE9, 0xEA, 0xAA, 0x6C, 0xB7, 0xFA,
    0xBB, 0x0E, 0xFA, 0xCD, 0x76, 0xB7, 0xC7, 0x39, 0x1E, 0xE5, 0x83, 0x6C, 0x3C, 0x50, 0x36, 0x44,
    0x95, 0x01, 0x02, 0x7C, 0x7D, 0x89, 0x0B, 0x20, 0xD8, 0x01, 0x11, 0x31, 0x63, 0xF5, 0x08, 0x1D,
    0x32, 0xE7, 0xB2, 0x8F, 0x88, 0x56, 0xC6, 0xCD, 0xA1, 0xED, 0xC1, 0xB8, 0x33, 0xAA, 0xF1, 0x8F,
    0x8A, 0x7C, 0xD9, 0x90, 0xBF, 0x78, 0xF2, 0x45, 0x07, 0xE2, 0xE0, 0x70, 0x2A, 0x35, 0x46, 0x2E,
    0x47, 0x8B, 0xBE, 0x6B, 0xA9, 0x22, 0x17, 0x79, 0x8C, 0x74, 0x61, 0x47, 0xCA, 0x60, 0x5C, 0x19,
    0x73, 0x63, 0x62, 0x9C, 0x19, 0x61, 0xE5, 0x99, 0xEE, 0xE9, 0x73, 0xDA, 0x42, 0xF8, 0xB8, 0xA7,
    0x06, 0x06, 0x62, 0x45, 0x2C, 0x6D, 0xE5, 0xD6, 0x60, 0x55, 0x60, 0x3D, 0x8D, 0xB3, 0x19, 0x36,
    0x17, 0x3A, 0xFB, 0x10, 0x70, 0x02, 0xB9, 0x63, 0xF8, 0x04, 0xB5, 0x05, 0x51, 0xDA, 0x90, 0xC9,
    0x7B, 0x48, 0xCF, 0x1B, 0x02, 0x95, 0xD2, 0xAB, 0xF6, 0x01, 0x14, 0x0F, 0xE9, 0xFC, 0x67, 0x43,
    0xDA, 0xC0, 0x54, 0xC3, 0xAC, 0xC5, 0xE1, 0x07, 0xE8, 0x4E, 0x1D, 0x4D, 0x9E, 0x22, 0x10, 0xB1,
    0xF2, 0x9A, 0x36, 0x90, 0x05, 0xE6, 0x3E, 0x71, 0x78, 0x4F, 0x7E, 0x61, 0x80, 0xC6, 0xBE, 0x76,
    0x69, 0x45, 0xF7, 0xB5, 0x95, 0xEB, 0x62, 0x7C, 0xC2, 0xD3, 0x21, 0x87, 0x93, 0x6D, 0x13, 0x42,
    0x0D, 0xAD, 0xFC, 0xD3, 0x60, 0xB5, 0xC8, 0x87, 0x6F, 0x9C, 0x3D, 0xA3, 0x57, 0x2D, 0xF6, 0x31,
    0x65, 0x8F, 0xDE, 0x62, 0xCF, 0xA0, 0x8F, 0x1B, 0x6F, 0xC7, 0x9B, 0x55, 0x7D, 0x52, 0xDD, 0xEC,
    0x47, 0x7C, 0xA4, 0x72, 0x96, 0x31, 0x58, 0x8E, 0x65, 0xC9, 0x80, 0xC9, 0x17, 0x92, 0x2F, 0x19,
    0x46, 0x73, 0xC9, 0xCE, 0x18, 0x70, 0x6B, 0xFE, 0xF1, 0xEC, 0xF9, 0x17, 0x1A, 0x02, 0x7F, 0x78,
    0xB0, 0xE7, 0x9F, 0xDE, 0x87, 0x79, 0xAA, 0x6E, 0xB9, 0x40, 0x1D, 0x08, 0x81, 0x8F, 0x8B, 0x6E,
    0xB9, 0x48, 0x9A, 0x0F, 0xC0, 0x97, 0xCB, 0x05, 0x0D, 0xB5, 0xC0, 0x52, 0xCB, 0x05, 0xA3, 0x6C,
    0x81, 0x13, 0xD2, 0x48, 0xEE, 0xB2, 0x44, 0xB0, 0x00, 0x0B, 0xDF, 0xEB, 0x97, 0x0E, 0x86, 0x74,
    0xA9, 0x2B, 0xE1, 0x47, 0x89, 0x83, 0xD1, 0x1D, 0xEC, 0xEB, 0x86, 0x2B, 0x85, 0xF5, 0x0B, 0x14,
    0xF6, 0x67, 0xAE, 0x76, 0x89, 0xBE, 0x71, 0xA1, 0x9E, 0x30, 0x28, 0xEC, 0x07, 0xC1, 0x07, 0x16,
    0x91, 0xD3, 0x7D, 0xC1, 0xA4, 0xE7, 0x25, 0xED, 0x6E, 0xF5, 0x52, 0x16, 0xF2, 0x09, 0xF4, 0x2C,
    0x12, 0x50, 0x4A, 0x06, 0x24, 0x9D, 0x69, 0x47, 0x8C, 0xF1, 0x3B, 0x42, 0x39, 0xC1, 0x60, 0xD5,
    0xB0, 0x1B, 0xB3, 0x2B, 0x7E, 0x3B, 0x4B, 0x39, 0x85, 0x9C, 0x4B, 0xFA, 0x1A, 0x0E, 0x17, 0x9B,
    0xFF, 0x94, 0x7B, 0x8E, 0x0B, 0x68, 0xF7, 0x98, 0xD9, 0x21, 0xA5, 0xCD, 0x72, 0xB6, 0xED, 0x68,
    0x32, 0x38, 0xB5, 0x47, 0xD2, 0x8A, 0x7C, 0x5E, 0x01, 0x1B, 0x5B, 0x5E, 0x9D, 0x21, 0xF2, 0x25,
    0xB7, 0xCC, 0x1A, 0x0E, 0x69, 0x0F, 0x83, 0xC5, 0xCE, 0x52, 0x12, 0x19, 0x97, 0x4A, 0x5A, 0xDA,
    0xBE, 0xB3, 0x3D, 0x2C, 0x9C, 0x0C, 0x57, 0xCE, 0x3B, 0x01, 0x89, 0x21, 0xDA, 0x5A, 0xA2, 0x2A,
    0x64, 0xB4, 0x5F, 0x8D, 0xB6, 0x68, 0xBB, 0x6D, 0x25, 0x3E, 0xB1, 0x36, 0x4A, 0x5D, 0xFA, 0x69,
    0x58, 0xFC, 0xE4, 0xE6, 0x02, 0x57, 0x11, 0x8D, 0x41, 0x61, 0x2F, 0x6A, 0x8A, 0x0D, 0xDF, 0xCA,
    0x69, 0x3F, 0x29, 0x38, 0x1A, 0xC6, 0xE7, 0x57, 0x62, 0x29, 0x89, 0x2A, 0x2A, 0xC7, 0x0E, 0x4A,
    0x3E, 0xDB, 0x4D, 0x2F, 0x25, 0x8E, 0x19, 0xB7, 0x92, 0x87, 0x3B, 0x78, 0x27, 0x4C, 0x9B, 0x43,
    0xC2, 0x96, 0x6E, 0x9E, 0x27, 0x26, 0x18, 0x42, 0x3A, 0xA9, 0xA8, 0xB1, 0x4A, 0x86, 0xAC, 0x40,
    0x57, 0x86, 0x30, 0xC8, 0x6D, 0x0A, 0xF5, 0x65, 0x23, 0x51, 0x5B, 0xF2, 0xE5, 0x02, 0x7A, 0x5D,
    0x53, 0xF7, 0x8C, 0xA6, 0x1D, 0x72, 0x7C, 0xE8, 0x61, 0x01, 0xFD, 0x1C, 0x61, 0xC6, 0x03, 0xD2,
    0x12, 0xB9, 0xBE, 0x95, 0xF0, 0x4F, 0x4A, 0x7A, 0x90, 0xE4, 0xFA, 0x4B, 0x3B, 0xBD, 0x58, 0xE8,
    0xF3, 0x97, 0x8C, 0x2F, 0xB9, 0xA5, 0x02, 0x0A, 0xDD, 0xF1, 0x7E, 0x6D, 0x11, 0x12, 0xB1, 0x9B,
    0x5F, 0x45, 0xD4, 0x12, 0xFE, 0x8C, 0x4E, 0xF3, 0x03, 0x9D, 0x81, 0x6B, 0x6E, 0x88, 0x1C, 0x8B,
    0x7E, 0xC7, 0x94, 0xE1, 0x13, 0x2F, 0x61, 0xCF, 0x44, 0x36, 0x20, 0xCB, 0xC6, 0xDF, 0xCF, 0x37,
    0xB8, 0xCC, 0x7A, 0xC8, 0x30, 0xF3, 0x99, 0xDC, 0x8F, 0x5C, 0x2A, 0xF3, 0xB0, 0x4A, 0x6C, 0x57,
    0x82, 0xE1, 0x28, 0xCB, 0xCB, 0xBB, 0xDB, 0xCE, 0x48, 0x57, 0xED, 0xED, 0x92, 0x86, 0xDA, 0x10,
    0x00, 0x00, 0x7D, 0xCA, 0x05, 0x63, 0x7E, 0xAD, 0x0C, 0xB1, 0x93, 0xFE, 0x5A, 0x15, 0xBA, 0x9F,
    0xC6, 0x65, 0x8E, 0x73, 0x0F, 0xAB, 0xD0, 0x68, 0xEF, 0x05, 0x1E, 0x54, 0xD3, 0xCC, 0x60, 0x17,
    0xED, 0xDE, 0x6E, 0xA4, 0x36, 0xDC, 0x3F, 0x4C, 0x7D, 0xEC, 0x13, 0x69, 0x93, 0xE6, 0x88, 0x17,
    0xED, 0x11, 0x6F, 0xD1, 0x4F, 0x79, 0xC7, 0xDE, 0x11, 0x18, 0xE1, 0x3E, 0x71, 0x8F, 0x91, 0x70,
    0x8F, 0x6F, 0xF3, 0xB2, 0xDF, 0xC8, 0x3C, 0xEF, 0x4B, 0xDC, 0x1F, 0x10, 0x16, 0xC8, 0xAA, 0x07,
    0xD2, 0x27, 0x0E, 0x88, 0xBA, 0xC7, 0x38, 0xAA, 0x9E, 0xA7, 0xBD, 0x64, 0x34, 0x4F, 0xC0, 0x3D,
    0x46, 0x49, 0xDF, 0x81, 0x4E, 0x16, 0xD0, 0x89, 0x42, 0x82, 0xD7, 0x8B, 0xC4, 0xBF, 0x42, 0x9D,
    0xC9, 0xCF, 0xC4, 0x13, 0x68, 0x37, 0x3B, 0xF1, 0x26, 0xEF, 0x60, 0xC0, 0x9E, 0x03, 0x83, 0x71,
    0x4D, 0xAC, 0xAE, 0x74, 0x98, 0x1B, 0xC1, 0xC7, 0x92, 0xC6, 0x7C, 0x2D, 0x65, 0x4C, 0xC1, 0x9D,
    0xE8, 0x46, 0x08, 0xF7, 0x00, 0x5F, 0x4E, 0x09, 0xD2, 0x18, 0xF2, 0x45, 0x73, 0x8B, 0x89, 0x75,
    0xBA, 0x62, 0x8F, 0x8B, 0xD8, 0x67, 0xFB, 0x87, 0x4E, 0x4E, 0xB5, 0x79, 0x1C, 0xEB, 0x50, 0x6A,
    0x77, 0x37, 0x82, 0x1B, 0x25, 0x7F, 0xD7, 0x5D, 0xD6, 0x04, 0xE7, 0xF9, 0xF4, 0x89, 0xC1, 0x82,
    0xD5, 0x10, 0xA5, 0xB7, 0x3B, 0x8B, 0xFA, 0x7A, 0x7F, 0x5D, 0x87, 0xC5, 0xF4, 0xB1, 0xC2, 0x8F,
    0xA4, 0x60, 0xFF, 0xF0, 0xD4, 0x41, 0x87, 0x51, 0x35, 0xEA, 0xB0, 0x30, 0x1D, 0x1E, 0x5D, 0xEA,
    0xF0, 0xCE, 0xA4, 0xC3, 0xF5, 0xA4, 0xC3, 0x09, 0x2B, 0x82, 0x3A, 0xC4, 0x8C, 0x07, 0x74, 0xCE,
    0x07, 0xCC, 0xC0, 0x8F, 0xF1, 0x91, 0xB4, 0x3F, 0x3F, 0x7C, 0x24, 0x85, 0xFC, 0x48, 0xBA, 0xAE,
    0xC3, 0xFA, 0x90, 0xEA, 0x0B, 0xB9, 0xFE, 0xBB, 0xD2, 0x11, 0xFD, 0x5F, 0xA8, 0x7F, 0x28, 0x20,
    0x5A, 0xC7, 0x22, 0xB7, 0xDB, 0x29, 0x83, 0x0E, 0xEF, 0xDA, 0x68, 0x95, 0x10, 0x6D, 0xA9, 0xB7,
    0xA8, 0x2F, 0x99, 0x20, 0x36, 0x63, 0xB2, 0xB4, 0x30, 0x9B, 0x51, 0xDD, 0xFD, 0x94, 0x47, 0x99,
    0x2B, 0x90, 0x0D, 0x61, 0x8D, 0xFF, 0xFE, 0xD8, 0xFA, 0x08, 0x65, 0x8D, 0x2C, 0xD5, 0x23, 0xFB,
    0x38, 0x4B, 0x27, 0xB5, 0xBF, 0x2B, 0xFA, 0xD7, 0x20, 0xDF, 0x2A, 0xBF, 0x44, 0x8A, 0xBB, 0x59,
    0x2F, 0x6B, 0x44, 0xEC, 0x80, 0x44, 0xD6, 0x9F, 0x78, 0x26, 0xC7, 0xB4, 0x8D, 0x78, 0x17, 0x6B,
    0x2F, 0xFF, 0x02, 0x15, 0x8C, 0xB1, 0x0D, 0x80, 0x20, 0x10, 0x00, 0x0F, 0xBE, 0xB0, 0x64, 0x04,
    0x07, 0xB0, 0x60, 0x03, 0x71, 0x30, 0x0A, 0x07, 0x33, 0x91, 0x11, 0x1C, 0x81, 0x11, 0xBE, 0xF8,
    0x82, 0x44, 0x0D, 0x62, 0x2E, 0x57, 0x5D, 0x72, 0x10, 0x2B, 0xAE, 0x37, 0xC4, 0x1E, 0x42, 0xC9,
    0x44, 0x32, 0x2B, 0xC7, 0xC0, 0x68, 0xA2, 0xD8, 0x5C, 0x9C, 0x9E, 0xF8, 0xBB, 0x31, 0xF5, 0x9D,
    0x64, 0xB0, 0x54, 0x18, 0x65, 0xE8, 0x36, 0x51, 0xB9, 0xBC, 0x86, 0x42, 0x4B, 0xD0, 0x5F, 0xFE,
    0xDD, 0x07, 0xAD, 0x54, 0x4B, 0x52, 0xC2, 0x40, 0x10, 0xED, 0x24, 0x56, 0xB1, 0xC8, 0x62, 0x36,
    0xEE, 0x73, 0x01, 0xAC, 0x78, 0x00, 0x75, 0xE2, 0x49, 0x3C, 0x4A, 0xF0, 0x06, 0x1E, 0xC1, 0x43,
    0xB8, 0x15, 0xE2, 0x0D, 0xE0, 0x06, 0x78, 0x02, 0x1B, 0x08, 0x05, 0x96, 0x09, 0xB1, 0x5F, 0xCF,
    0x24, 0x10, 0xB4, 0x28, 0x16, 0x4C, 0x15, 0x3D, 0xC5, 0x9B, 0xFE, 0xBC, 0x7E, 0xDD, 0x15, 0x22,
    0x7F, 0xE6, 0x6A, 0x23, 0xD6, 0xCB, 0x14, 0x7A, 0x59, 0xF7, 0x54, 0xFD, 0xF7, 0xD4, 0xE0, 0x94,
    0xFE, 0xF2, 0xA0, 0x77, 0xF1, 0x01, 0x6D, 0xF8, 0xD1, 0xE3, 0x9C, 0x0E, 0xCF, 0x8B, 0xFC, 0xC2,
    0x52, 0x4C, 0x5C, 0x8B, 0x49, 0x9B, 0x8C, 0x68, 0xFC, 0x33, 0xA5, 0xF0, 0x7B, 0x55, 0x52, 0xFC,
    0xC9, 0x35, 0xA5, 0xCF, 0x6C, 0xB3, 0x87, 0x80, 0xE3, 0xE2, 0x3A, 0xE0, 0x90, 0x28, 0x40, 0x9A,
    0x0B, 0x9A, 0xFD, 0x19, 0x9E, 0x62, 0x7D, 0xDC, 0x52, 0xAE, 0x8D, 0xB3, 0xBF, 0xCE, 0x15, 0xAD,
    0x57, 0x88, 0xE8, 0xE2, 0xDD, 0x40, 0x22, 0x27, 0x96, 0xC8, 0x96, 0x66, 0x2A, 0xA0, 0x4A, 0xA9,
    0xA2, 0x3A, 0x79, 0x55, 0x68, 0x95, 0x5C, 0xC5, 0xDF, 0xCF, 0x7F, 0xE8, 0xF8, 0x5A, 0xC7, 0x17,
    0x94, 0xAD, 0x6B, 0xA0, 0xD2, 0x76, 0xB4, 0x15, 0xEB, 0x5A, 0x31, 0x85, 0x1B, 0x3C, 0xFB, 0xCB,
    0x83, 0xDE, 0xC5, 0x07, 0xB4, 0xE1, 0x3E, 0x99, 0x4F, 0xED, 0x0B, 0xF5, 0x0E, 0xC2, 0x22, 0x04,
    0x99, 0x46, 0x57, 0x4B, 0xBC, 0xEB, 0x15, 0x53, 0xB4, 0xE0, 0x8A, 0xCC, 0x07, 0x5B, 0xB2, 0x81,
    0x94, 0xB8, 0x0B, 0x38, 0x1A, 0x9D, 0xAB, 0xC4, 0x55, 0xC0, 0x01, 0xDD, 0xAB, 0x12, 0x8F, 0x50,
    0x62, 0xC6, 0xEF, 0x14, 0xAE, 0x97, 0x27, 0x94, 0x90, 0x3E, 0x5A, 0x03, 0x04, 0x24, 0x68, 0x83,
    0x74, 0x4B, 0x30, 0xE3, 0x09, 0x4C, 0x2A, 0x20, 0xC7, 0x02, 0x72, 0x58, 0x81, 0xF6, 0x04, 0x06,
    0x20, 0x01, 0xA4, 0x50, 0x87, 0x0E, 0xCF, 0x3F, 0xE0, 0x9B, 0x6F, 0x75, 0x5F, 0x85, 0x02, 0x98,
    0x01, 0x4C, 0xF2, 0x25, 0x26, 0x7F, 0x12, 0xA8, 0x4E, 0x04, 0x2A, 0xC5, 0x24, 0x53, 0x31, 0x79,
    0x96, 0x08, 0x44, 0x89, 0x40, 0x64, 0x04, 0x82, 0x57, 0x06, 0x2F, 0x04, 0x82, 0xB7, 0x42, 0x56,
    0x20, 0xBA, 0xE9, 0x2B, 0xAA, 0x7F, 0xF5, 0x41, 0x5D, 0xD4, 0x59, 0xC3, 0x34, 0x41, 0x07, 0x1A,
    0x97, 0x5E, 0x0B, 0xB9, 0x92, 0x5A, 0x5C, 0x69, 0x28, 0x21, 0x47, 0x6D, 0xD0, 0xD2, 0x3D, 0x60,
    0x4F, 0xB7, 0xED, 0x96, 0x47, 0x48, 0x6E, 0x3A, 0x26, 0xB5, 0x83, 0x5E, 0x01, 0x31, 0x20, 0x06,
    0xC4, 0xF0, 0x62, 0x78, 0x31, 0xBC, 0x18, 0x5E, 0xD8, 0x4B, 0x6A, 0x10, 0xE8, 0x14, 0x6F, 0x76,
    0x5D, 0xF2, 0xEE, 0x4B, 0x11, 0x6D, 0x91, 0x7C, 0xA7, 0x6B, 0x31, 0x92, 0xE4, 0x9B, 0x39, 0x45,
    0xEB, 0xC5, 0x96, 0xCC, 0x8C, 0xC7, 0x64, 0x65, 0xB4, 0x23, 0x1D, 0x32, 0x61, 0xDC, 0x47, 0x2B,
    0x20, 0xFB, 0x32, 0x28, 0x64, 0x73, 0x92, 0x42, 0x76, 0x28, 0x97, 0x6D, 0x5A, 0x08, 0xDB, 0x1D,
    0x46, 0xAA, 0x1B, 0xA6, 0xBB, 0xA6, 0x5B, 0x47, 0xBD, 0xEF, 0x00, 0x56, 0x5A, 0xD7, 0xBB, 0xF8,
    0x05, 0xC5, 0x53, 0x3B, 0x8E, 0xDB, 0x30, 0x10, 0x7D, 0x16, 0x81, 0xA8, 0x50, 0xC1, 0x1B, 0x2C,
    0x53, 0xA4, 0x67, 0x9B, 0x62, 0xB3, 0x14, 0xB0, 0x07, 0x4A, 0xB3, 0xC5, 0x16, 0xDE, 0x50, 0x41,
    0xAE, 0x94, 0x62, 0x0B, 0x07, 0x16, 0x72, 0x02, 0xDF, 0x20, 0x3A, 0x82, 0x0A, 0x15, 0x2C, 0x24,
    0x4F, 0xDE, 0x90, 0x5C, 0xC3, 0x01, 0x36, 0x41, 0x52, 0xC5, 0xF0, 0x1B, 0x5B, 0xF3, 0x7B, 0xF3,
    0x13, 0xDC, 0x06, 0x88, 0xF4, 0x78, 0x76, 0x23, 0x60, 0x66, 0x60, 0x47, 0x60, 0x21, 0x12, 0xE2,
    0x92, 0x8C, 0x6C, 0xC9, 0x2E, 0x3E, 0xF9, 0xA1, 0x5D, 0x02, 0xCC, 0xF2, 0x0D, 0xCD, 0x7C, 0x20,
    0x56, 0x98, 0x69, 0x45, 0x7B, 0x3A, 0xC0, 0x8E, 0x9F, 0xE0, 0xFB, 0xF0, 0xF9, 0x0C, 0x2B, 0x09,
    0x8D, 0x0C, 0x4C, 0x27, 0x32, 0x67, 0xD1, 0x4E, 0x78, 0xC2, 0x7F, 0x10, 0x4A, 0x3E, 0x65, 0x11,
    0x06, 0x76, 0xE2, 0x4E, 0x14, 0x9D, 0xF6, 0x65, 0x56, 0x0A, 0x9C, 0x55, 0x84, 0x5E, 0x2D, 0xE3,
    0x6B, 0x96, 0x8B, 0x59, 0x88, 0x46, 0x0D, 0xAD, 0xBA, 0x58, 0x4D, 0x93, 0x13, 0xFE, 0x56, 0x7F,
    0xE1, 0x25, 0x46, 0x05, 0x95, 0xB7, 0x65, 0x9E, 0x3A, 0x57, 0xC3, 0xE7, 0x8E, 0x8E, 0x96, 0xAA,
    0x0F, 0xC4, 0x9E, 0xA0, 0xBA, 0x99, 0xAA, 0x89, 0x9C, 0xAE, 0x9A, 0x1E, 0x7F, 0x35, 0xD9, 0x6A,
    0xD2, 0x64, 0xBE, 0x8F, 0x63, 0x1C, 0xBD, 0x16, 0xD8, 0xE4, 0xD2, 0x27, 0x14, 0x27, 0x74, 0x2A,
    0xAC, 0x56, 0xA2, 0x0C, 0xF0, 0x2A, 0xEE, 0x50, 0x33, 0x66, 0x36, 0x6E, 0xB5, 0xAE, 0x97, 0xF5,
    0xC4, 0x85, 0xA1, 0x71, 0x35, 0xAC, 0x7F, 0x6D, 0x19, 0xFA, 0xA4, 0xF1, 0x41, 0xA9, 0xBC, 0x72,
    0xB9, 0x8F, 0x9A, 0x68, 0xD3, 0xBC, 0xEB, 0xCB, 0x84, 0x4C, 0xAA, 0xAC, 0x66, 0xC3, 0xB1, 0xB7,
    0x72, 0xCF, 0x11, 0x77, 0x3F, 0xBE, 0xCF, 0xFB, 0x46, 0x90, 0xF6, 0xD8, 0x70, 0xD8, 0x63, 0xA5,
    0xE0, 0xE3, 0x73, 0x36, 0x38, 0xF9, 0x22, 0x53, 0x76, 0xFE, 0xCA, 0xC8, 0x7F, 0xC1, 0x51, 0x64,
    0x55, 0x20, 0x26, 0x18, 0x9E, 0xA8, 0x9D, 0xDC, 0xC9, 0x93, 0x9B, 0x23, 0x58, 0x38, 0x9D, 0x47,
    0xE2, 0xF6, 0xE1, 0x2F, 0xC0, 0x1E, 0xD8, 0x2F, 0x93, 0xB0, 0xBA, 0x52, 0xFA, 0x5C, 0x66, 0x96,
    0xC1, 0xDE, 0x5B, 0xC5, 0x58, 0xA6, 0xA7, 0xB0, 0x2F, 0x18, 0x2A, 0x74, 0xF6, 0x75, 0xFE, 0xBE,
    0x22, 0x54, 0xDC, 0x55, 0x1C, 0xCA, 0x41, 0x08, 0x53, 0xF3, 0x0D, 0x80, 0x63, 0xEA, 0x78, 0x6E,
    0xF1, 0x10, 0x79, 0x2A, 0x8D, 0x8E, 0xF0, 0x35, 0xDD, 0xBB, 0xDA, 0x69, 0xD9, 0xF3, 0xE5, 0x64,
    0x74, 0x77, 0x37, 0x65, 0xD7, 0x17, 0xDD, 0x5C, 0x4A, 0xD5, 0x2D, 0xBF, 0xC1, 0x95, 0xFE, 0xEA,
    0xF3, 0x67, 0x1D, 0xA3, 0x22, 0xDA, 0x33, 0xE2, 0x44, 0x11, 0xB8, 0xF6, 0x21, 0x6F, 0xF5, 0x78,
    0x42, 0xC7, 0x52, 0x8E, 0xEC, 0xBC, 0x44, 0x44, 0x11, 0x7E, 0xDF, 0xD6, 0xB6, 0x82, 0xF2, 0xEA,
    0xB5, 0x7B, 0xAD, 0x91, 0x7F, 0x76, 0xF4, 0x74, 0x09, 0x3B, 0x36, 0xC9, 0x9F, 0x7C, 0xF5, 0xEF,
    0xAF, 0xF8, 0x82, 0x48, 0xC6, 0x4F, 0xA5, 0x9B, 0x3F, 0x8C, 0xDC, 0x56, 0x7E, 0xC7, 0xDF, 0x90,
    0x2B, 0x53, 0x36, 0x6D, 0xBF, 0x05, 0x4E, 0x85, 0x7C, 0x67, 0x1F, 0x55, 0xA8, 0x50, 0xB1, 0x5E,
    0xBA, 0x50, 0x21, 0x20, 0x9C, 0xE1, 0xF8, 0x14, 0xC4, 0x01, 0x04, 0x44, 0x2E, 0xCE, 0x08, 0x90,
    0x22, 0xBA, 0xE2, 0xAA, 0x00, 0xB1, 0x0C, 0xA4, 0x71, 0x31, 0xD2, 0x8C, 0xED, 0xC2, 0x85, 0x0B,
    0x1D, 0x92, 0x00, 0x29, 0x7D, 0x45, 0x2E, 0x85, 0x0B, 0x4B, 0x40, 0x14, 0x60, 0x7C, 0x19, 0x69,
    0x28, 0x09, 0x88, 0x81, 0x28, 0xC0, 0x8E, 0xE5, 0xC2, 0xC5, 0x01, 0xB7, 0x13, 0x9F, 0x81, 0x43,
    0x72, 0x81, 0x96, 0xB6, 0xE9, 0x98, 0xB2, 0x38, 0xC3, 0x7C, 0xBF, 0xBF, 0xDF, 0x9B, 0xBF, 0x5A,
    0xAD, 0x74, 0xB9, 0xB5, 0x76, 0x3F, 0x63, 0x0E, 0xC9, 0xF7, 0x1E, 0xDF, 0x7B, 0xBF, 0xFF, 0x34,
    0xE6, 0xE1, 0x3F, 0x27, 0x8C, 0x39, 0x65, 0x4C, 0x62, 0x4C, 0x8A, 0x7F, 0x3D, 0x93, 0x8E, 0x4C,
    0x9A, 0x9B, 0x53, 0x85, 0x39, 0xF5, 0xA6, 0x39, 0x95, 0x98, 0x53, 0xA7, 0xE4, 0xDF, 0x49, 0x73,
    0xEA, 0x0D, 0x5B, 0xFE, 0x2C, 0x2D, 0xCD, 0x30, 0x37, 0xC3, 0xB1, 0x49, 0xDB, 0xF3, 0xEB, 0xCF,
    0xE3, 0xE3, 0xF9, 0xBA, 0x6D, 0xE2, 0xFA, 0x7E, 0xDB, 0xA4, 0xF7, 0x82, 0xB6, 0x69, 0x1A, 0xFC,
    0x39, 0xF5, 0x7B, 0xFD, 0x69, 0xD4, 0xED, 0xB0, 0x0C, 0x6A, 0x93, 0x96, 0xB6, 0x36, 0xC3, 0xC2,
    0x56, 0x68, 0x24, 0xC8, 0xD9, 0x9F, 0xB5, 0x9F, 0xFD, 0x5A, 0x0B, 0x71, 0x03, 0x0F, 0xC7, 0x9A,
    0x35, 0xFE, 0xA4, 0xF5, 0xBB, 0xF8, 0xF3, 0xB3, 0x3F, 0xB4, 0xB5, 0xFC, 0x81, 0xFF, 0xBE, 0xAA,
    0xEA, 0x69, 0x15, 0xE5, 0x51, 0xBE, 0x9D, 0x27, 0x79, 0x51, 0x8F, 0x3E, 0x32, 0x57, 0x70, 0x9A,
    0x67, 0xF2, 0xD4, 0x7C, 0x5B, 0x9B, 0x1A, 0xFF, 0x2E, 0x99, 0xD2, 0x9A, 0x7C, 0xF9, 0x5F, 0x6C,
    0xBE, 0xD2, 0xAF, 0x76, 0xF9, 0x55, 0xDB, 0x1A, 0x63, 0xF5, 0xF6, 0x47, 0x8C, 0x3C, 0x72, 0xF7,
    0xEB, 0x67, 0xCD, 0xDC, 0xCF, 0xD2, 0xDC, 0xBF, 0x59, 0x8F, 0xFC, 0xBD, 0x89, 0x09, 0xEA, 0xCA,
    0x74, 0xCB, 0xC4, 0x0C, 0xB3, 0xC4, 0xFC, 0x6B, 0xC6, 0xEF, 0xE5, 0xF7, 0x8A, 0x9C, 0x73, 0xA3,
    0x1E, 0xFB, 0xBB, 0x53, 0xE3, 0xE3, 0x9C, 0x78, 0x82, 0x73, 0x46, 0x7A, 0xDE, 0x69, 0x39, 0xC7,
    0xC8, 0xAF, 0x87, 0x5F, 0x13, 0xDE, 0xD3, 0x5F, 0x33, 0xAC, 0xC7, 0xE8, 0xC3, 0xC8, 0xF8, 0xF9,
    0x8D, 0x2A, 0x18, 0xDF, 0x28, 0x4D, 0x38, 0xCA, 0xEA, 0x28, 0xCB, 0x26, 0xE6, 0x99, 0x51, 0xF6,
    0xD9, 0x20, 0xCB, 0x7E, 0x65, 0xB6, 0x46, 0xD9, 0x9D, 0x3C, 0xCB, 0x3E, 0xED, 0x9D, 0x1C, 0x65,
    0xA3, 0x71, 0x96, 0xDD, 0xC9, 0x5E, 0xC2, 0x87, 0x51, 0x96, 0x7D, 0x32, 0xFB, 0x30, 0x7A, 0xE0,
    0xC3, 0x27, 0xD9, 0x49, 0xFD, 0x70, 0x27, 0xDB, 0xD2, 0x0F, 0x9F, 0xF6, 0x9E, 0x77, 0x1F, 0xCC,
    0xB3, 0xFA, 0xE1, 0xD7, 0x26, 0xD0, 0x0F, 0xFF, 0x63, 0x7C, 0xFD, 0x50, 0x1A, 0x33, 0x96, 0x0F,
    0xB9, 0x31, 0x6F, 0xF0, 0xC3, 0x0D, 0xF4, 0x75, 0x8B, 0x1F, 0x6E, 0x61, 0x66, 0x2D, 0x3F, 0xFC,
    0x1A, 0x7D, 0xF6, 0x47, 0xF8, 0x50, 0xCA, 0x44, 0xE0, 0xC3, 0x98, 0x1F, 0x92, 0xD1, 0xE8, 0x96,
    0x4C, 0x90, 0x1D, 0x8D, 0xEE, 0xCA, 0x43, 0xF4, 0xC6, 0xA3, 0x52, 0x1F, 0x67, 0xFF, 0xCE, 0x48,
    0x3F, 0x44, 0x7B, 0x6E, 0xFE, 0xFC, 0x6A, 0x36, 0x93, 0xE3, 0xD5, 0x05, 0xD4, 0x52, 0x4C, 0xF4,
    0x0E, 0x53, 0x81, 0xAD, 0xF9, 0xC0, 0x4C, 0xFA, 0x6E, 0x4E, 0x4C, 0xE5, 0xCB, 0xB0, 0x34, 0x29,
    0x8E, 0x62, 0x3B, 0xE0, 0x93, 0x57, 0x1B, 0xD3, 0xA8, 0x7B, 0x71, 0x8D, 0x9F, 0xBD, 0xB2, 0xFB,
    0x2E, 0xF0, 0x76, 0xB1, 0x25, 0xD7, 0x6E, 0xEE, 0xBB, 0xA9, 0xE4, 0xCC, 0x3A, 0x77, 0xC0, 0xFF,
    0x4B, 0x03, 0xD8, 0x62, 0x87, 0x89, 0x8A, 0x7B, 0xCD, 0x78, 0xA5, 0x89, 0x30, 0xA0, 0x60, 0x6C,
    0x42, 0xF4, 0x31, 0xCA, 0x78, 0xC0, 0x74, 0x4D, 0xE3, 0xAF, 0x2A, 0xB4, 0xC5, 0x1F, 0xCC, 0x31,
    0x7E, 0x2E, 0xF7, 0xFC, 0xFA, 0xBB, 0x57, 0x4D, 0x98, 0x35, 0xB8, 0xE7, 0xFC, 0xA5, 0x35, 0xEA,
    0x9A, 0x1E, 0x1C, 0x00, 0x3E, 0x85, 0x40, 0x6E, 0xD6, 0x73, 0x78, 0xC4, 0x05, 0x4B, 0xD7, 0x0D,
    0xE5, 0x82, 0xCA, 0x01, 0x63, 0x68, 0x2F, 0x3F, 0xC0, 0x0A, 0x1B, 0x0F, 0x0F, 0xA5, 0x90, 0xA1,
    0xF8, 0x39, 0xA6, 0x0E, 0xCF, 0x2C, 0xE3, 0x68, 0x4C, 0xD4, 0x36, 0x5E, 0xA1, 0x27, 0x56, 0xFC,
    0xF7, 0x17, 0xC3, 0xA9, 0x0E, 0xA5, 0x6E, 0xB3, 0x13, 0xFF, 0x7D, 0x2E, 0xF3, 0xBF, 0xFB, 0x7B,
    0x9C, 0xAD, 0x73, 0xE6, 0xB7, 0xA5, 0xA5, 0xCA, 0xCC, 0x30, 0xD0, 0x6E, 0xEC, 0x8B, 0xD5, 0x33,
    0xF7, 0xFB, 0xF1, 0xF4, 0xD1, 0xCD, 0xC0, 0x19, 0x8D, 0x96, 0x50, 0x1E, 0x80, 0x42, 0x80, 0x0F,
    0x44, 0xF0, 0x79, 0x2F, 0xE2, 0x44, 0x7E, 0x3C, 0x91, 0x9B, 0x36, 0xB0, 0x89, 0xB0, 0x27, 0x4D,
    0x58, 0xB7, 0x63, 0x3E, 0xC4, 0x6E, 0x1E, 0x7D, 0xC1, 0x2F, 0xF2, 0x8D, 0xA5, 0xC9, 0xE0, 0x6F,
    0xC7, 0x34, 0xF2, 0x82, 0x4B, 0x72, 0x8D, 0x85, 0x63, 0xDE, 0x78, 0x2B, 0x2F, 0x9E, 0x07, 0xFD,
    0x4F, 0xF2, 0xA2, 0x05, 0x71, 0xF5, 0xCD, 0x97, 0x79, 0xD1, 0x01, 0x8B, 0x6F, 0xF2, 0xA2, 0xC0,
    0x9A, 0x2E, 0x2E, 0xE4, 0xFF, 0x3B, 0xC6, 0x06, 0xC8, 0x5B, 0xF9, 0xFD, 0x0C, 0xDB, 0x19, 0xF2,
    0x06, 0xA2, 0x0E, 0x94, 0xEB, 0x03, 0xC7, 0xF0, 0x2D, 0x10, 0xAB, 0xD2, 0xFE, 0x68, 0x1C, 0x8C,
    0xB1, 0x7C, 0xAD, 0x3F, 0x8A, 0xC7, 0xF7, 0x31, 0x0D, 0xB7, 0xB2, 0x7A, 0x5C, 0x94, 0x26, 0xB8,
    0x7F, 0xFB, 0xEB, 0x71, 0x71, 0xD1, 0x98, 0xFA, 0xBD, 0x5B, 0xA3, 0x22, 0xC6, 0xD2, 0x3B, 0xED,
    0x67, 0xC5, 0x61, 0xAE, 0xC4, 0x20, 0x63, 0x3F, 0xD2, 0xDC, 0x0A, 0x07, 0x55, 0xD4, 0x2E, 0x9E,
    0x44, 0xFF, 0x3A, 0xA9, 0x29, 0x6C, 0xDB, 0xCF, 0x8F, 0x4D, 0x40, 0x2C, 0x47, 0xBF, 0xA4, 0xCC,
    0x4A, 0x4D, 0x34, 0xC6, 0xE3, 0x36, 0x5B, 0xC6, 0x42, 0xAC, 0xEE, 0xF3, 0xCC, 0x7D, 0xDD, 0x5F,
    0xF2, 0x84, 0x65, 0x98, 0x68, 0x52, 0x7E, 0x32, 0x07, 0x1E, 0x31, 0xC1, 0x1A, 0xE4, 0x9C, 0xCC,
    0xCC, 0x90, 0xAB, 0xDC, 0xDA, 0x17, 0x0F, 0x9C, 0xA9, 0xE2, 0x79, 0x19, 0xFC, 0xAE, 0x98, 0x23,
    0xD7, 0x6E, 0xEC, 0x8B, 0x7D, 0xCF, 0x7C, 0x75, 0x6D, 0x43, 0x15, 0x8B, 0x3D, 0xE0, 0x76, 0x44,
    0xAA, 0xFB, 0xD8, 0x21, 0xD1, 0xB6, 0x67, 0xE0, 0xB1, 0x69, 0x2E, 0xF7, 0xE4, 0x5A, 0x89, 0xDB,
    0xB2, 0x24, 0xAE, 0xC9, 0xFA, 0xC7, 0x3E, 0xE0, 0x1E, 0xB7, 0x90, 0x22, 0x68, 0xAC, 0xFB, 0x41,
    0x5D, 0x97, 0xDA, 0x3A, 0x04, 0x4F, 0xFD, 0x5F, 0xAF, 0x9A, 0x58, 0x5B, 0x38, 0xBC, 0xB6, 0x03,
    0xBD, 0xA5, 0xFD, 0x5F, 0x1F, 0xB8, 0x57, 0xBB, 0x72, 0x4A, 0xE9, 0x80, 0x36, 0xFB, 0x1C, 0xD5,
    0x0A, 0xD6, 0xF6, 0xF1, 0x7E, 0xA7, 0x00, 0x3F, 0x9D, 0x3D, 0xCC, 0xF5, 0xD1, 0x62, 0x18, 0x25,
    0xD6, 0xEE, 0xBE, 0x78, 0x71, 0xA8, 0x63, 0x1F, 0xEA, 0xD8, 0x07, 0x38, 0xD8, 0x7C, 0x24, 0x62,
    0xD9, 0xE3, 0x65, 0x24, 0x8F, 0xD9, 0x09, 0xF0, 0x55, 0xE8, 0xCF, 0x13, 0xEF, 0xE4, 0xF2, 0x28,
    0x3E, 0xCF, 0x73, 0xF3, 0x44, 0x5D, 0xFF, 0x6D, 0x0E, 0xB1, 0x59, 0x8F, 0x3D, 0xE8, 0xDB, 0xED,
    0x7F, 0xC8, 0x3C, 0x2C, 0x5F, 0x2C, 0x0F, 0x2F, 0xC7, 0xFA, 0x23, 0x1A, 0xFC, 0xBF, 0x06, 0x2F,
    0x50, 0xAC, 0x3D, 0x17, 0xAC, 0xB8, 0x42, 0xBE, 0x33, 0x65, 0x43, 0x11, 0xF0, 0x02, 0x33, 0xB0,
    0x3D, 0xE3, 0xFF, 0x5B, 0x31, 0xC0, 0x3C, 0x84, 0x75, 0xD9, 0xB9, 0x60, 0x7E, 0x50, 0xD7, 0x3F,
    0x6B, 0x56, 0xA2, 0x2F, 0x61, 0x06, 0x0D, 0xFF, 0x2E, 0xA3, 0xE8, 0xDE, 0xC4, 0x99, 0x69, 0x7B,
    0x93, 0x17, 0xD4, 0x3D, 0xAA, 0xD9, 0xA0, 0x16, 0x6D, 0x1B, 0x7F, 0x06, 0xE5, 0x0B, 0x85, 0xEC,
    0x63, 0x2D, 0x04, 0xB7, 0xCA, 0x46, 0xD5, 0xB7, 0xF5, 0x8D, 0x11, 0x2C, 0x8A, 0x00, 0x86, 0x08,
    0x36, 0x4E, 0xC3, 0x59, 0x49, 0xAF, 0xEA, 0xD2, 0x2A, 0x74, 0x80, 0x85, 0xCE, 0x5C, 0xA1, 0xDA,
    0xDF, 0x09, 0xCA, 0x42, 0x0C, 0x31, 0x53, 0x50, 0x40, 0x96, 0xC3, 0xFA, 0xB7, 0x8A, 0xF1, 0xF2,
    0x53, 0x29, 0x70, 0x86, 0x25, 0x12, 0x08, 0xA8, 0x05, 0x9A, 0x5C, 0x44, 0xC5, 0xAB, 0x2D, 0xDE,
    0xA6, 0x1E, 0x6F, 0x03, 0x3F, 0xA8, 0xC7, 0x11, 0x0E, 0x0F, 0x27, 0x38, 0x3D, 0x31, 0x17, 0x0B,
    0xA0, 0xC3, 0x33, 0x6D, 0x7B, 0x20, 0xE8, 0x95, 0x8A, 0x82, 0x08, 0xA9, 0x89, 0x81, 0x1B, 0x02,
    0xC8, 0x1F, 0x01, 0x77, 0x75, 0xC1, 0x05, 0x50, 0xA5, 0x8A, 0x78, 0xBC, 0xAF, 0xB4, 0x85, 0x50,
    0xA0, 0x94, 0xA4, 0xE4, 0x97, 0xA5, 0x8C, 0x27, 0x24, 0xFA, 0xC1, 0x1F, 0x29, 0xBD, 0xB6, 0x0C,
    0x12, 0xB7, 0x28, 0xDC, 0x3E, 0x2A, 0x64, 0x45, 0x77, 0x64, 0x17, 0x90, 0x5E, 0x41, 0xD1, 0xD1,
    0x31, 0x7E, 0xC9, 0xA6, 0x3B, 0x26, 0xA8, 0x70, 0x2D, 0xA6, 0x6F, 0xA7, 0xE2, 0xE6, 0xEF, 0xD6,
    0x7B, 0x1D, 0xCC, 0x94, 0xE9, 0x04, 0xD3, 0xED, 0x50, 0xF8, 0x1F, 0x11, 0xA6, 0x0C, 0xCC, 0x2C,
    0x1B, 0x1E, 0x80, 0xD7, 0x29, 0x65, 0x83, 0x2C, 0xE0, 0xE6, 0xC3, 0xB4, 0x8A, 0xE6, 0x2F, 0xC2,
    0x8C, 0xDA, 0xD4, 0xE4, 0x21, 0xE5, 0x18, 0xA4, 0x53, 0x98, 0x85, 0x15, 0x87, 0x15, 0x42, 0x89,
    0xB3, 0x9B, 0xB6, 0xD7, 0x85, 0xC6, 0xB5, 0x99, 0x7D, 0xBB, 0xC2, 0xCE, 0x8C, 0xDA, 0xF6, 0x6C,
    0x8E, 0x0B, 0xD3, 0xB0, 0xEE, 0xF6, 0xCC, 0xD0, 0x6C, 0x05, 0x13, 0xAC, 0xD5, 0x17, 0x16, 0xE3,
    0x6C, 0x2C, 0xC6, 0xBB, 0xC6, 0x54, 0x56, 0xFE, 0x82, 0x22, 0xB3, 0x66, 0x84, 0xFE, 0xEF, 0x2D,
    0x93, 0xC2, 0x40, 0x18, 0xBB, 0xF3, 0xD2, 0x19, 0xDD, 0xF1, 0x6E, 0xC6, 0xA5, 0x0A, 0x05, 0x97,
    0xEB, 0xCE, 0xAF, 0x27, 0xC2, 0xC6, 0xDE, 0x75, 0x35, 0xEE, 0x76, 0xCE, 0xB6, 0xC9, 0x60, 0xE7,
    0x8C, 0xD0, 0x9E, 0x7D, 0x59, 0xDB, 0x71, 0xED, 0x35, 0x1D, 0xB7, 0xD6, 0xFA, 0xF1, 0xD8, 0x3C,
    0x84, 0xA1, 0xB6, 0x57, 0xE7, 0x77, 0x8D, 0xB1, 0x68, 0xDE, 0x05, 0x57, 0xBE, 0x8F, 0x69, 0x81,
    0x2F, 0x11, 0xE3, 0x75, 0x5F, 0xB4, 0x75, 0x3C, 0xE9, 0x8C, 0x99, 0x2A, 0x8C, 0xEE, 0x58, 0xF5,
    0x47, 0x5D, 0xF8, 0x62, 0x0D, 0xD4, 0x03, 0xE9, 0x86, 0xB7, 0x7B, 0x9E, 0xB3, 0xCD, 0xF1, 0x5E,
    0x62, 0x3B, 0xE1, 0xA5, 0x57, 0x2C, 0x69, 0xA5, 0x9D, 0xBE, 0x49, 0x85, 0xA5, 0x49, 0x1C, 0x4F,
    0x08, 0x0B, 0xD7, 0x8F, 0x5C, 0xD9, 0x70, 0xF4, 0x1C, 0xD9, 0x12, 0x28, 0xC6, 0x9E, 0x70, 0x69,
    0xA0, 0x47, 0x14, 0xC9, 0x2A, 0xAC, 0x18, 0x6F, 0x33, 0x60, 0x7D, 0x7A, 0x0E, 0xE3, 0x61, 0x7D,
    0x2F, 0x7F, 0xC3, 0x07, 0xCA, 0xBC, 0x8F, 0x9E, 0x0F, 0x4C, 0x91, 0xA0, 0xE3, 0x13, 0xD3, 0x8F,
    0xD1, 0xEF, 0xDA, 0x74, 0xEC, 0xD9, 0x5E, 0x03, 0x32, 0x22, 0x3C, 0x6B, 0xFC, 0xE9, 0xA8, 0x85,
    0xBD, 0xE1, 0x57, 0x79, 0x84, 0x2D, 0x11, 0x0C, 0x06, 0xB6, 0xDD, 0x31, 0x36, 0x69, 0x86, 0x30,
    0x6F, 0xA3, 0xE4, 0xF9, 0xE0, 0x66, 0x6E, 0x9A, 0x10, 0x22, 0x5F, 0xE7, 0xA6, 0x93, 0xC0, 0xEE,
    0x83, 0x64, 0x42, 0xEB, 0xE8, 0xDA, 0x95, 0x84, 0xC6, 0xA0, 0x39, 0xA6, 0x07, 0xD1, 0xA5, 0x80,
    0x76, 0x64, 0x62, 0xE2, 0x5B, 0x78, 0xEC, 0x49, 0xA3, 0xE6, 0x39, 0x49, 0x54, 0x51, 0x4A, 0x25,
    0x30, 0x52, 0x83, 0xCA, 0x24, 0xCF, 0xA2, 0xCF, 0x57, 0x66, 0x43, 0x71, 0xD3, 0xC8, 0xD5, 0x14,
    0xE8, 0xA2, 0xB2, 0x8A, 0xAE, 0x1C, 0x68, 0x54, 0x02, 0x6A, 0x25, 0x00, 0x8B, 0x1E, 0x53, 0xF6,
    0xDB, 0x89, 0xCC, 0xDC, 0x1E, 0x67, 0xC4, 0x66, 0xB0, 0xCB, 0x0A, 0xB1, 0xEA, 0x60, 0xDC, 0x45,
    0xB9, 0xE8, 0x30, 0xEA, 0x7F, 0xAC, 0xD8, 0x74, 0x2A, 0xF6, 0xF3, 0x70, 0xB7, 0x17, 0xE2, 0x91,
    0x7F, 0x7B, 0x7B, 0x04, 0x43, 0xD9, 0xFB, 0xED, 0xAD, 0x9B, 0x38, 0xEC, 0x7F, 0x9C, 0xF1, 0x58,
    0xF8, 0x71, 0x06, 0x43, 0xB5, 0x65, 0x5F, 0xE1, 0x24, 0x56, 0x29, 0x9B, 0xF5, 0x8A, 0x26, 0x11,
    0x8E, 0x4F, 0x10, 0x58, 0xEF, 0xC4, 0x54, 0x3B, 0x51, 0x6A, 0x27, 0x46, 0x44, 0x38, 0x95, 0x5E,
    0xA7, 0x85, 0x40, 0x6C, 0x4E, 0xB7, 0xF9, 0x9C, 0xA5, 0x15, 0x71, 0x84, 0x27, 0x0C, 0x25, 0x9C,
    0x88, 0xC0, 0xA6, 0xDF, 0x53, 0x64, 0x6B, 0x88, 0xEB, 0xC9, 0x12, 0x30, 0x07, 0x82, 0xD4, 0xA1,
    0x27, 0xE8, 0x66, 0x02, 0xE8, 0x74, 0xC1, 0x55, 0xC2, 0xDB, 0x4B, 0x08, 0x7F, 0x57, 0x10, 0xBC,
    0x6F, 0x08, 0x7B, 0x4E, 0x10, 0x45, 0xA6, 0x03, 0xB4, 0x22, 0x83, 0x85, 0x9A, 0x6C, 0x45, 0xA6,
    0x04, 0x36, 0x22, 0x58, 0x73, 0x6C, 0xB6, 0xA1, 0xF0, 0xC6, 0x02, 0x7F, 0xD4, 0x68, 0x03, 0x56,
    0x66, 0x2F, 0xE2, 0x0A, 0xE4, 0x77, 0xB2, 0xBC, 0x0E, 0xAD, 0x4A, 0xD1, 0xED, 0x07, 0x38, 0xA4,
    0x81, 0xB0, 0xC4, 0xBE, 0x7C, 0xB7, 0xC6, 0xB8, 0xAE, 0x56, 0x28, 0xCA, 0xDC, 0x71, 0x44, 0x76,
    0xCD, 0x2F, 0x73, 0x72, 0x98, 0xF5, 0x4B, 0xB2, 0x1E, 0xF5, 0x2F, 0x08, 0xF3, 0x7E, 0x0A, 0x7A,
    0x77, 0xDF, 0xEC, 0x47, 0xAF, 0x63, 0xD2, 0xEE, 0x26, 0xA5, 0xFD, 0x10, 0x8F, 0xFB, 0xC3, 0xCD,
    0xE2, 0x09, 0x1C, 0xB7, 0xDB, 0xD8, 0x42, 0x60, 0xE4, 0xD8, 0xDC, 0xC6, 0x56, 0xDA, 0x3E, 0x64,
    0x92, 0x6D, 0x6C, 0xA1, 0xED, 0xB0, 0x7D, 0x64, 0x1B, 0x4B, 0x1E, 0x34, 0xDB, 0x98, 0x35, 0xA1,
    0x75, 0x84, 0xE5, 0x1F, 0x43, 0x45, 0x6D, 0xA7, 0xEC, 0x14, 0x88, 0x35, 0x6C, 0xB1, 0x52, 0x9E,
    0xDB, 0x78, 0x94, 0x14, 0x75, 0x3C, 0xAD, 0xD2, 0x61, 0xCE, 0x76, 0x90, 0xB5, 0x64, 0x4D, 0x9E,
    0x5E, 0x26, 0xA4, 0x8A, 0x2F, 0x8C, 0xDB, 0xCA, 0x74, 0x46, 0x77, 0x1C, 0x52, 0x45, 0x58, 0x17,
    0x81, 0x72, 0x22, 0xF4, 0xF6, 0xCE, 0x9F, 0x21, 0x21, 0x55, 0xDE, 0xEB, 0xB5, 0x28, 0x45, 0x4F,
    0x5B, 0xD2, 0x5E, 0x6A, 0xDB, 0x76, 0x4B, 0xA4, 0xA8, 0xA5, 0xDA, 0x6A, 0x41, 0xBA, 0x91, 0x09,
    0x8F, 0xB6, 0x82, 0xF6, 0x06, 0xB7, 0x6C, 0x2B, 0xEC, 0xA1, 0x3F, 0x95, 0xF2, 0x47, 0x85, 0xF2,
    0x74, 0xCE, 0x93, 0x21, 0x86, 0x33, 0x19, 0xAF, 0x3D, 0xD3, 0x96, 0xF1, 0x3E, 0xE1, 0xC6, 0x79,
    0x68, 0xB6, 0x62, 0x57, 0x41, 0x2D, 0xA8, 0x28, 0xE5, 0x20, 0x37, 0x98, 0x6C, 0xB9, 0x98, 0x2A,
    0x24, 0x6E, 0x0B, 0x2E, 0x18, 0x6A, 0x54, 0xFA, 0x51, 0xA9, 0xA8, 0xD3, 0x99, 0x8A, 0x18, 0x66,
    0x6A, 0x15, 0xE7, 0x0A, 0xAA, 0xD3, 0xDA, 0xDB, 0x6B, 0x12, 0x58, 0xB1, 0xF0, 0xB7, 0x0D, 0x56,
    0x2C, 0xBF, 0xC3, 0x8A, 0x25, 0xE2, 0x48, 0xB5, 0xB2, 0x62, 0x4B, 0xB1, 0xA1, 0x30, 0x0F, 0x43,
    0x20, 0xF0, 0x6B, 0x87, 0xC5, 0x50, 0xE6, 0x36, 0x72, 0xFF, 0x01, 0xAC, 0x59, 0x5C, 0x78, 0x20,
    0x22, 0xD9, 0xAF, 0x7D, 0x44, 0x3D, 0xEC, 0x97, 0xFD, 0xAE, 0xB8, 0xEE, 0xFD, 0x08, 0x43, 0x19,
    0xB6, 0xFB, 0x90, 0x57, 0xF8, 0xD7, 0x87, 0x3D, 0xD5, 0x1D, 0x03, 0x51, 0x35, 0x6C, 0x9B, 0x1F,
    0x63, 0xB8, 0xC7, 0x23, 0x5C, 0x3D, 0xDA, 0x34, 0x02, 0xA3, 0xEE, 0xB8, 0x18, 0x18, 0x6A, 0x94,
    0x0F, 0xDB, 0x73, 0xCB, 0x57, 0xED, 0xD9, 0x72, 0x38, 0x6B, 0x6F, 0x9F, 0x2E, 0x2D, 0x20, 0x26,
    0x54, 0xA3, 0x56, 0x4B, 0xAA, 0x5E, 0xB5, 0x65, 0x8E, 0x3C, 0xC2, 0x1D, 0x5E, 0x1F, 0x58, 0xA4,
    0x1D, 0x4B, 0xAF, 0x8B, 0x06, 0xAB, 0x06, 0xB4, 0x37, 0xFC, 0x62, 0x90, 0xCA, 0xF8, 0x06, 0x11,
    0xA5, 0x5B, 0x7B, 0x10, 0xC0, 0xDF, 0x9B, 0x98, 0x01, 0xE4, 0xB4, 0x2D, 0x70, 0x97, 0x74, 0x8C,
    0x79, 0x1B, 0x98, 0xB0, 0xBA, 0x28, 0xF7, 0xCC, 0x8F, 0xB9, 0xB6, 0xBB, 0x7A, 0x4B, 0x87, 0x8E,
    0xF6, 0xF4, 0x31, 0xB0, 0xEF, 0x75, 0x47, 0x56, 0x86, 0x15, 0xAA, 0xE4, 0x7F, 0x4C, 0x84, 0x19,
    0x9E, 0xF8, 0x0E, 0x6E, 0xE7, 0x20, 0x92, 0x9F, 0x16, 0xD2, 0x98, 0xCA, 0xDA, 0xC4, 0x85, 0xAC,
    0x3C, 0x2A, 0x00, 0x2C, 0x8A, 0xEE, 0x9E, 0xF1, 0xBE, 0xCD, 0xCC, 0xFD, 0x9D, 0x2C, 0xF8, 0x0C,
    0xB8, 0x35, 0xB6, 0x90, 0xF7, 0xBF, 0xBB, 0x99, 0x41, 0xD0, 0xFB, 0xB7, 0x33, 0x73, 0x0D, 0x46,
    0xD9, 0x7B, 0xB0, 0xBF, 0x20, 0xBE, 0xC3, 0x2C, 0xC8, 0xB1, 0xF7, 0xC2, 0x8C, 0x6E, 0x67, 0x12,
    0x66, 0x43, 0xB4, 0x77, 0x24, 0x84, 0x74, 0x94, 0x66, 0x37, 0x1F, 0xE8, 0x04, 0xFF, 0x45, 0xB5,
    0xC0, 0xD6, 0xA2, 0xC4, 0xA8, 0xC7, 0x66, 0xBF, 0x81, 0x8B, 0x6F, 0x3D, 0x26, 0x21, 0x2F, 0x76,
    0x39, 0x94, 0x19, 0x65, 0x4C, 0x4E, 0x13, 0xEA, 0x4A, 0x77, 0x84, 0xFE, 0x14, 0x73, 0x0A, 0xD1,
    0xB5, 0x4C, 0xF6, 0x58, 0xE5, 0xE7, 0x24, 0xE2, 0x7A, 0x05, 0xD8, 0xF8, 0x76, 0xA7, 0x47, 0xBB,
    0xC4, 0xFF, 0xEC, 0x63, 0xAA, 0x0B, 0x13, 0x7C, 0x7C, 0x2B, 0x4B, 0xB9, 0xC3, 0xDE, 0x45, 0x67,
    0xE9, 0x1A, 0xE0, 0x9E, 0xCF, 0x82, 0x4D, 0xD7, 0xEE, 0xD6, 0xE3, 0xF4, 0xCF, 0xFD, 0x8A, 0x35,
    0x22, 0xD4, 0x31, 0x36, 0x5E, 0x5D, 0x6C, 0x36, 0x27, 0x16, 0xE7, 0x10, 0x13, 0x73, 0x0E, 0x18,
    0xF0, 0x89, 0x43, 0xC4, 0xF9, 0x9A, 0x03, 0xD6, 0x6C, 0x78, 0x16, 0x9A, 0x27, 0xEE, 0x01, 0x88,
    0x2C, 0x64, 0x96, 0xF6, 0x3F, 0xFC, 0x7D, 0x62, 0x58, 0xC2, 0x6E, 0xEE, 0x98, 0xFA, 0xDA, 0x0F,
    0xA1, 0xC2, 0x4C, 0x7D, 0xFE, 0xC5, 0xD8, 0x0C, 0xBC, 0xBD, 0xB3, 0x1D, 0xA8, 0x0C, 0x7F, 0xE7,
    0x4F, 0xDE, 0x6C, 0x9A, 0x7E, 0x78, 0xA9, 0xFD, 0x46, 0x07, 0xAE, 0xFF, 0xD9, 0x36, 0xBD, 0x34,
    0x5A, 0x5A, 0xA5, 0x29, 0x60, 0x58, 0x42, 0x07, 0x14, 0x47, 0x19, 0x20, 0x80, 0x52, 0xB0, 0xED,
    0x90, 0x5E, 0x96, 0x6D, 0x47, 0x3D, 0x8F, 0x48, 0x69, 0x5C, 0xD9, 0x97, 0x2B, 0x8A, 0x1F, 0x7B,
    0xA6, 0xE0, 0xA0, 0xEC, 0x69, 0x78, 0x49, 0xEB, 0x7B, 0xAC, 0x29, 0xD3, 0x0C, 0xD0, 0x86, 0x27,
    0xDA, 0x82, 0x58, 0xBF, 0x4B, 0x1D, 0x60, 0x6D, 0x0D, 0xC5, 0x5F, 0x25, 0x4A, 0xDA, 0x73, 0x4D,
    0xDA, 0x70, 0xB9, 0xB9, 0xCE, 0xE8, 0x12, 0x3C, 0xED, 0xB3, 0x12, 0x08, 0xA8, 0x11, 0x31, 0x6C,
    0xE4, 0x8D, 0x1A, 0x86, 0x15, 0x14, 0xEF, 0xB4, 0xB4, 0xE8, 0x92, 0x3F, 0x19, 0xF8, 0x08, 0x8C,
    0x84, 0xD7, 0x92, 0x46, 0x05, 0x17, 0xB1, 0x79, 0xC4, 0x5C, 0xF4, 0xF2, 0x18, 0x96, 0x42, 0xFC,
    0xA3, 0xBC, 0xD9, 0x94, 0x70, 0xC9, 0x00, 0x68, 0xF8, 0xE3, 0xA2, 0x29, 0xC1, 0x8B, 0x97, 0x9A,
    0xEA, 0xAD, 0x2C, 0x23, 0x13, 0x84, 0x0A, 0x2B, 0xE8, 0x32, 0xBC, 0x8C, 0x05, 0x32, 0x99, 0x9B,
    0x21, 0x1B, 0x0B, 0xA1, 0xEE, 0xF5, 0x04, 0x10, 0x64, 0x11, 0xC5, 0xDE, 0x08, 0x38, 0x2F, 0x82,
    0xC2, 0x88, 0xF3, 0x1E, 0x99, 0x7B, 0xA2, 0xA4, 0x27, 0x66, 0x01, 0x0E, 0x79, 0x5B, 0x02, 0x82,
    0x8A, 0x9E, 0x00, 0xD6, 0xFF, 0xB6, 0xF9, 0x6B, 0xCA, 0xF6, 0x14, 0x7A, 0xBF, 0x2E, 0x2E, 0xD7,
    0xF5, 0xBD, 0xC6, 0x5E, 0xAB, 0xAE, 0xFF, 0xD1, 0xF8, 0xBB, 0xCD, 0x7B, 0x90, 0x1D, 0xC1, 0xAE,
    0x5C, 0x40, 0xD9, 0x4E, 0x05, 0x1D, 0x09, 0x5A, 0x8A, 0x44, 0x71, 0x54, 0xF0, 0x8C, 0x11, 0x58,
    0x45, 0xB4, 0x04, 0xAA, 0xB6, 0x88, 0x52, 0xAC, 0x22, 0xE0, 0xF5, 0xCE, 0x96, 0xDB, 0xC2, 0x06,
    0x7E, 0x51, 0xD1, 0x3A, 0x18, 0x43, 0x09, 0x26, 0xCC, 0x40, 0x21, 0x44, 0x5C, 0xF3, 0x25, 0xCA,
    0x50, 0x3B, 0x64, 0x1C, 0xA2, 0x07, 0x89, 0x4B, 0x2D, 0x36, 0x29, 0xC4, 0xE1, 0xA9, 0x06, 0x1C,
    0x70, 0x38, 0x48, 0x68, 0x77, 0xDA, 0xE4, 0x38, 0x25, 0x0B, 0x4D, 0x85, 0xFB, 0x23, 0x9A, 0xC2,
    0x06, 0xD1, 0x2F, 0x7C, 0xE5, 0x7D, 0x99, 0x9B, 0xAB, 0x30, 0x8C, 0xC7, 0x85, 0x79, 0x29, 0xC1,
    0x64, 0x0C, 0xC4, 0x7C, 0xA2, 0xBA, 0xA6, 0x0D, 0x17, 0xD3, 0xAF, 0xAC, 0x38, 0x39, 0x09, 0x24,
    0xAD, 0x0F, 0x67, 0x18, 0x7A, 0x05, 0x02, 0x57, 0x1C, 0x82, 0x53, 0xB3, 0xA1, 0xCC, 0x94, 0x96,
    0x75, 0x36, 0xFD, 0xE3, 0xB0, 0x23, 0x76, 0x46, 0x97, 0x11, 0x9A, 0x19, 0x65, 0x7D, 0x76, 0x74,
    0x9A, 0x34, 0x1C, 0x94, 0x3D, 0xA9, 0x2A, 0x0F, 0x01, 0x7E, 0xAA, 0x94, 0xBA, 0x6F, 0x35, 0xF0,
    0x85, 0x6D, 0x42, 0x1F, 0x7A, 0x37, 0x12, 0xAF, 0xDA, 0xDF, 0xB1, 0xA7, 0xE9, 0x56, 0x07, 0x97,
    0x02, 0xFF, 0x2B, 0x3A, 0x1F, 0x67, 0x21, 0x52, 0x46, 0x46, 0x4C, 0xA4, 0xA1, 0x78, 0x6B, 0x7A,
    0xCB, 0xC4, 0x6A, 0x70, 0xF5, 0x88, 0x15, 0x59, 0x2B, 0xFD, 0xA0, 0xB1, 0x0F, 0xFA, 0xDF, 0x4C,
    0x84, 0x76, 0xC4, 0x13, 0x2D, 0xF4, 0x9F, 0x45, 0x83, 0xD6, 0x9F, 0x88, 0x56, 0xB6, 0xEA, 0x32,
    0x2F, 0x99, 0x93, 0x9B, 0x0F, 0x04, 0xE3, 0x5C, 0x20, 0x4B, 0xB5, 0x57, 0xE1, 0xB0, 0x7F, 0xD8,
    0x65, 0x15, 0x2E, 0x5C, 0x3C, 0x8F, 0x1A, 0x9B, 0xC7, 0xD5, 0x8F, 0xB3, 0x68, 0xFA, 0x70, 0x49,
    0x3F, 0x06, 0xF9, 0x80, 0x29, 0xA3, 0x38, 0x1B, 0xD8, 0xDC, 0x34, 0xA6, 0x90, 0x39, 0x53, 0x13,
    0x51, 0x31, 0x76, 0x19, 0xBC, 0xA4, 0x62, 0x94, 0xD8, 0x10, 0x53, 0x2A, 0xB3, 0x5B, 0x6F, 0xCE,
    0x3B, 0x91, 0x2F, 0xC8, 0x11, 0x35, 0x0E, 0xE0, 0x7E, 0xE7, 0x9B, 0x45, 0x04, 0xF0, 0x01, 0xE6,
    0x8E, 0x5F, 0xBB, 0x98, 0x9C, 0x23, 0x6E, 0x15, 0x4E, 0xF4, 0x96, 0x51, 0xAD, 0x0F, 0x34, 0xE5,
    0xA8, 0xC0, 0xC9, 0xD7, 0x63, 0xCA, 0x0D, 0xAF, 0xF8, 0xB2, 0xA4, 0xC4, 0x08, 0xC7, 0xF9, 0x45,
    0x71, 0x54, 0x7A, 0x79, 0x8C, 0x35, 0x9D, 0x5D, 0x47, 0xC8, 0x01, 0x12, 0xF1, 0xDD, 0x12, 0xA9,
    0x21, 0xAC, 0x20, 0xA8, 0xCF, 0x1C, 0x66, 0x78, 0xCB, 0x67, 0x3B, 0x87, 0xCD, 0xD6, 0x22, 0x66,
    0x69, 0x7E, 0xEE, 0xBC, 0x34, 0x59, 0xAB, 0x30, 0x26, 0x5B, 0x4F, 0x3A, 0x72, 0x29, 0x90, 0x8C,
    0x8F, 0x93, 0xB4, 0x01, 0x49, 0xCE, 0xA3, 0xF0, 0x24, 0x57, 0x66, 0xB6, 0xAD, 0x7E, 0x36, 0x78,
    0x48, 0xA4, 0x54, 0x8A, 0x28, 0x2D, 0x36, 0x48, 0x57, 0x34, 0x5D, 0xDC, 0x1B, 0xD6, 0xBF, 0x90,
    0x95, 0x7A, 0x5C, 0xCC, 0xCE, 0xAE, 0x9A, 0x98, 0x10, 0xFF, 0x9A, 0x81, 0xBA, 0x3F, 0x55, 0xD7,
    0xF8, 0x77, 0xEF, 0xB7, 0x29, 0x8A, 0xFD, 0xDB, 0xEF, 0x65, 0x64, 0x78, 0xFB, 0x9D, 0x1E, 0x25,
    0xB4, 0x3D, 0xF3, 0x96, 0x28, 0xA8, 0x34, 0x54, 0xA3, 0xB3, 0x49, 0x8E, 0xD1, 0x7F, 0x10, 0x62,
    0x55, 0xFA, 0xD1, 0x70, 0x64, 0x94, 0x58, 0x38, 0x70, 0x4C, 0x63, 0x65, 0x34, 0x51, 0xC2, 0xCE,
    0x9B, 0x5B, 0xFE, 0x66, 0x26, 0x35, 0x1B, 0x2B, 0x81, 0x79, 0x09, 0x02, 0x44, 0x62, 0xE6, 0x02,
    0xA2, 0x23, 0x22, 0x43, 0xB7, 0x1B, 0xE2, 0x32, 0x56, 0x48, 0x38, 0x29, 0xD6, 0xA0, 0x6C, 0x2A,
    0xB1, 0x1D, 0x93, 0xBE, 0xA3, 0x31, 0x84, 0x0C, 0x31, 0x02, 0xA4, 0xB8, 0x72, 0x4B, 0x93, 0xB1,
    0xBE, 0x4A, 0xFB, 0x0B, 0x3E, 0x1C, 0x7D, 0x54, 0x7F, 0x77, 0x8B, 0xC2, 0x81, 0x16, 0x31, 0x66,
    0x82, 0x52, 0x13, 0x93, 0x44, 0xA9, 0x79, 0x5D, 0xA4, 0x26, 0x9D, 0x60, 0x48, 0x4D, 0xA8, 0x34,
    0x4A, 0x4D, 0x3C, 0xC3, 0x0D, 0x8A, 0xC8, 0xB6, 0xC8, 0xC9, 0xD4, 0x08, 0x9A, 0x2A, 0x37, 0xE9,
    0x15, 0xA8, 0xC9, 0x4E, 0xA9, 0x19, 0x72, 0x0B, 0x3D, 0xE9, 0xA2, 0x94, 0x6B, 0xBA, 0xBA, 0xCB,
    0x75, 0x37, 0x87, 0xCC, 0xF7, 0x0A, 0x62, 0xD1, 0x09, 0x33, 0xB0, 0x35, 0x22, 0xEE, 0x59, 0x5E,
    0x90, 0xD2, 0x0A, 0x03, 0x72, 0x9D, 0x34, 0x71, 0xDA, 0xA0, 0xAB, 0x15, 0xE7, 0xA9, 0x8E, 0xA0,
    0xAB, 0xD9, 0x09, 0x7F, 0xE7, 0x4F, 0x89, 0x70, 0x87, 0x97, 0x0F, 0xA8, 0xAB, 0x81, 0x58, 0xA3,
    0x21, 0x4D, 0xC5, 0xF3, 0x2E, 0x26, 0xE2, 0x42, 0x21, 0x2E, 0x12, 0xE2, 0x02, 0x21, 0x00, 0xC3,
    0xE9, 0x96, 0xB9, 0x97, 0xB6, 0x1C, 0x6C, 0xCF, 0x27, 0x09, 0xFF, 0xC7, 0x69, 0x23, 0xB2, 0x87,
    0xA1, 0x27, 0x11, 0x3F, 0x44, 0x79, 0x16, 0xE0, 0x50, 0x08, 0xD9, 0x06, 0x5C, 0x79, 0x43, 0x3E,
    0x2C, 0x18, 0xBE, 0x04, 0x64, 0x01, 0x0F, 0xD6, 0x03, 0xC1, 0xDE, 0x05, 0xC2, 0xDB, 0xFD, 0x4B,
    0x02, 0x43, 0x11, 0xC3, 0xEF, 0x92, 0x5C, 0x1E, 0x69, 0x0B, 0x2D, 0x45, 0xA2, 0x38, 0x72, 0x60,
    0x5F, 0xD4, 0x59, 0x9C, 0xA1, 0xBD, 0x2C, 0xF9, 0x0F, 0xCD, 0xD7, 0x9B, 0x86, 0xB7, 0x16, 0x3C,
    0xEA, 0xD8, 0x7C, 0x90, 0x27, 0x30, 0xA2, 0x69, 0xD3, 0xFF, 0xB8, 0x52, 0x4A, 0xEA, 0x0B, 0x3B,
    0x60, 0x2A, 0x29, 0xF2, 0xD6, 0x70, 0x2C, 0x4C, 0x19, 0x01, 0x36, 0xDD, 0x97, 0xEB, 0xDF, 0x90,
    0xC3, 0xDB, 0x53, 0xBA, 0xFC, 0xA6, 0xFE, 0xCD, 0x84, 0x6C, 0xEC, 0x15, 0x12, 0x56, 0xF0, 0x77,
    0x3B, 0xC2, 0x60, 0xB7, 0x25, 0xB4, 0xE7, 0x9E, 0x06, 0x3B, 0x5C, 0x81, 0x4D, 0x7F, 0xA7, 0xE4,
    0x12, 0x04, 0xC7, 0x5C, 0x83, 0xD2, 0xFE, 0x09, 0xB0, 0xD1, 0x7B, 0xD2, 0xE8, 0xBA, 0x93, 0xD8,
    0x6A, 0x4B, 0xB4, 0xC1, 0x82, 0xB1, 0x68, 0x23, 0xD9, 0x1C, 0x13, 0x32, 0x10, 0x91, 0xFB, 0xD4,
    0x81, 0x61, 0x2C, 0x4F, 0x52, 0x27, 0x33, 0x98, 0xD7, 0x5E, 0xFB, 0xF3, 0x4C, 0xBE, 0xF3, 0x31,
    0x45, 0xE5, 0x12, 0x44, 0xF2, 0x4A, 0x18, 0x4B, 0x50, 0x6B, 0x30, 0xBD, 0x16, 0xA3, 0xD5, 0x9B,
    0x8E, 0x79, 0x39, 0xC2, 0x58, 0x44, 0x30, 0xE8, 0x63, 0x57, 0x65, 0x36, 0x79, 0x89, 0x6E, 0x68,
    0x94, 0x88, 0x50, 0x6B, 0x2A, 0x3A, 0x8A, 0x52, 0x71, 0x45, 0xB0, 0x79, 0x4C, 0x90, 0x98, 0x65,
    0x74, 0x14, 0x03, 0x00, 0xB9, 0x04, 0x04, 0xF3, 0x8C, 0xC6, 0xD9, 0x44, 0xAA, 0x49, 0x34, 0x7C,
    0xF9, 0xE7, 0x41, 0xBD, 0xB3, 0x9A, 0xA6, 0x58, 0x4D, 0xD8, 0xAC, 0xC2, 0x5F, 0x49, 0xA7, 0x48,
    0xBC, 0xCE, 0x3E, 0x04, 0x6B, 0x89, 0x97, 0x40, 0x55, 0x9F, 0x73, 0xF9, 0xBA, 0x53, 0xD1, 0x33,
    0xD5, 0x80, 0x3E, 0x69, 0x08, 0x95, 0x26, 0xEB, 0x7C, 0x00, 0xDF, 0xD4, 0xA3, 0x4A, 0xAB, 0xE9,
    0x26, 0x41, 0xA5, 0x15, 0xCE, 0xD7, 0x4B, 0xF6, 0x55, 0x69, 0x1B, 0x2B, 0x79, 0xE8, 0x35, 0x78,
    0x32, 0x94, 0x19, 0x64, 0xAE, 0x19, 0x02, 0x5A, 0xC0, 0x1D, 0x64, 0x14, 0x8F, 0x18, 0xF6, 0x04,
    0xE8, 0x5E, 0x4C, 0xFF, 0x36, 0x97, 0x98, 0xC1, 0xB4, 0x22, 0xFC, 0x29, 0xE3, 0x8E, 0x26, 0xB8,
    0xFE, 0x22, 0x61, 0x2F, 0x3E, 0x2D, 0x0B, 0x47, 0x2F, 0x6F, 0x29, 0x06, 0x8A, 0xBE, 0xE2, 0x25,
    0x77, 0xEB, 0x35, 0x58, 0xCD, 0x1A, 0x39, 0x34, 0x5E, 0x7B, 0xED, 0xB5, 0x1F, 0xCF, 0xBA, 0xBB,
    0xB1, 0x96, 0xF4, 0x76, 0xE9, 0xA3, 0xE5, 0xF4, 0x99, 0xA7, 0x7E, 0x7C, 0xA8, 0x48, 0xC7, 0xF4,
    0xB9, 0xE8, 0x87, 0xA7, 0x74, 0xE9, 0xAF, 0x53, 0x00, 0xC7, 0x59, 0x7C, 0x3B, 0xE7, 0x12, 0x76,
    0xCF, 0x3A, 0x14, 0x34, 0xEA, 0x3D, 0x3E, 0xE4, 0xCB, 0xD3, 0x46, 0x7D, 0x0F, 0x63, 0x47, 0xFE,
    0x0C, 0x1E, 0xC1, 0x17, 0x78, 0x90, 0xE7, 0x8B, 0xE3, 0xF2, 0x3C, 0x37, 0xF7, 0x9D, 0xDB, 0xD9,
    0xB3, 0xF6, 0x7A, 0x83, 0xA7, 0xC4, 0x86, 0x1F, 0x30, 0xFD, 0x16, 0xB7, 0x07, 0x4C, 0xB1, 0x5F,
    0xC3, 0x1C, 0x95, 0xD4, 0x07, 0x03, 0x73, 0x91, 0xE1, 0xCC, 0x01, 0xBE, 0x08, 0x4C, 0xAC, 0x2A,
    0xD1, 0xE6, 0x2B, 0x63, 0xE9, 0x3F, 0x02, 0x0F, 0x09, 0x0A, 0xB4, 0x7E, 0xA9, 0x46, 0x4F, 0x5F,
    0x82, 0x02, 0x08, 0xB3, 0x31, 0x0F, 0x94, 0xF5, 0xE9, 0x45, 0x0F, 0xE1, 0x61, 0xA1, 0xB4, 0xA3,
    0xC4, 0xE5, 0xC3, 0x1E, 0x62, 0x9D, 0x7D, 0x63, 0xAB, 0xA1, 0xE4, 0x87, 0x39, 0x22, 0x59, 0x1D,
    0x2E, 0x85, 0x38, 0xCB, 0x24, 0x3E, 0xB2, 0x13, 0x0E, 0x0F, 0x6C, 0x84, 0x99, 0xEC, 0xA3, 0xCF,
    0x1C, 0x69, 0x24, 0xE0, 0xD1, 0x80, 0xB0, 0x5B, 0xE0, 0x38, 0x26, 0xA8, 0x1F, 0x4A, 0xB8, 0x74,
    0x19, 0x08, 0xDC, 0x10, 0x75, 0xA6, 0x18, 0x13, 0xDE, 0x5E, 0x41, 0x40, 0xD6, 0x11, 0xC1, 0xFB,
    0x4D, 0xC2, 0x9E, 0x7B, 0x9E, 0x80, 0xA0, 0x23, 0x5A, 0x8A, 0x44, 0x71, 0x42, 0x61, 0xE6, 0x18,
    0xAA, 0x56, 0x75, 0xE8, 0x6B, 0x58, 0xD7, 0xE1, 0xA7, 0x4B, 0x61, 0x8D, 0x43, 0x0B, 0x6B, 0x7E,
    0x09, 0x0D, 0x95, 0xFB, 0x0E, 0x6A, 0xF2, 0x29, 0xA8, 0x63, 0x17, 0xA0, 0x89, 0x9D, 0xEB, 0xF2,
    0x74, 0x10, 0xFD, 0x84, 0x38, 0x3D, 0xF5, 0xD3, 0x08, 0xBA, 0x11, 0xFE, 0x30, 0xB3, 0xFF, 0x83,
    0xC6, 0xDE, 0x00, 0x2A, 0x72, 0xE0, 0xEF, 0xB4, 0x14, 0x96, 0xC2, 0x21, 0xBC, 0xF4, 0x94, 0xE4,
    0x0B, 0x2D, 0x0D, 0xA3, 0x7E, 0xCB, 0xF2, 0x59, 0x95, 0xB0, 0xDC, 0xA1, 0x0A, 0xCB, 0x13, 0xE2,
    0x66, 0x71, 0x1D, 0xB5, 0x44, 0xE3, 0xBA, 0x74, 0x1B, 0xB6, 0x00, 0x15, 0x2F, 0xCC, 0x0B, 0x2A,
    0xDE, 0x70, 0xE4, 0xC3, 0x4A, 0xB1, 0x7E, 0xCF, 0x5B, 0x36, 0xA7, 0xE3, 0x83, 0xE8, 0x3B, 0x6B,
    0x7D, 0x46, 0x39, 0xBE, 0x61, 0x54, 0x0F, 0x44, 0x9A, 0x8E, 0x91, 0xED, 0x86, 0xF8, 0x8A, 0xF3,
    0x60, 0x63, 0xDD, 0x14, 0x70, 0x4C, 0xD4, 0x24, 0x8E, 0x7D, 0x59, 0x10, 0xBD, 0xD4, 0xD0, 0x22,
    0xAB, 0xD5, 0xBC, 0x9D, 0x91, 0xDB, 0x53, 0xD7, 0x4B, 0xE0, 0x42, 0x63, 0xD1, 0xE5, 0x0B, 0xC2,
    0x8B, 0xB1, 0x46, 0xDE, 0xAB, 0x98, 0x1B, 0x07, 0xB2, 0x2E, 0x16, 0x93, 0x2B, 0x45, 0x3B, 0x58,
    0xB3, 0x0D, 0x8A, 0xA2, 0x78, 0x44, 0x0B, 0x3E, 0x36, 0xC8, 0xBB, 0xA5, 0x92, 0xFD, 0xAB, 0xCD,
    0xB3, 0xD2, 0xEF, 0xE7, 0x97, 0xC7, 0x71, 0x68, 0xF6, 0x77, 0xD3, 0xCD, 0x59, 0xC7, 0x71, 0xE0,
    0x58, 0x9A, 0xF9, 0x7C, 0x91, 0x62, 0x17, 0xAA, 0x20, 0x16, 0xCB, 0xE2, 0xB4, 0xE3, 0x2B, 0x62,
    0x9F, 0xC6, 0xB0, 0x56, 0xC9, 0x94, 0x1A, 0xB0, 0x2D, 0x7A, 0x58, 0xA5, 0x61, 0xFB, 0x82, 0x3C,
    0x87, 0xE1, 0x48, 0xCB, 0x52, 0xEA, 0x6F, 0x72, 0x36, 0xD4, 0xA8, 0xAF, 0x1D, 0xA3, 0x1C, 0xF2,
    0xF6, 0x30, 0x9A, 0x4A, 0x1C, 0x32, 0x29, 0xF9, 0x09, 0x77, 0x1A, 0xEA, 0x3F, 0xC1, 0x21, 0x0B,
    0x77, 0xD5, 0x21, 0x8B, 0x60, 0x7F, 0xB4, 0xE8, 0x80, 0xC1, 0x0C, 0xDC, 0x02, 0xAF, 0x49, 0xA0,
    0x08, 0x7A, 0x89, 0x0F, 0x10, 0x93, 0x9E, 0xD3, 0x0C, 0x67, 0x5D, 0x04, 0x6F, 0x64, 0xD1, 0x22,
    0x6D, 0x48, 0x0B, 0x97, 0x93, 0x0D, 0x5B, 0x2E, 0xA9, 0x67, 0x16, 0xF6, 0xC6, 0x92, 0xE3, 0x69,
    0x67, 0xEC, 0x29, 0x83, 0x91, 0xD2, 0xCB, 0xDD, 0x1A, 0x1E, 0x2F, 0xD6, 0x32, 0xC6, 0x39, 0x74,
    0x01, 0x2B, 0xE1, 0xCC, 0x32, 0x66, 0xA0, 0x5B, 0x98, 0x66, 0x8E, 0x2E, 0x6D, 0x36, 0x2C, 0x5C,
    0xFA, 0xAC, 0x23, 0x6C, 0xEC, 0x6D, 0x0B, 0xFD, 0x9D, 0x67, 0x84, 0xC1, 0x8E, 0x5E, 0x8F, 0x71,
    0x0A, 0x31, 0x4E, 0x61, 0xCB, 0x71, 0xCB, 0x71, 0xC3, 0xD1, 0xEC, 0x43, 0x59, 0x27, 0x0B, 0xAE,
    0xEC, 0xBD, 0x07, 0xC3, 0x3B, 0x0A, 0x5F, 0x5C, 0x46, 0x81, 0x06, 0x51, 0x6A, 0xF9, 0x8E, 0x99,
    0xD8, 0xA6, 0x58, 0xE2, 0xB1, 0xEC, 0x3C, 0x82, 0x0F, 0x10, 0xBB, 0x86, 0x79, 0x28, 0xE8, 0xB4,
    0x21, 0x1F, 0xD2, 0xF0, 0x1D, 0x59, 0x9C, 0xF5, 0x0D, 0xC1, 0x34, 0x6F, 0xE7, 0x49, 0xAB, 0x31,
    0x29, 0xBC, 0x31, 0x8C, 0xA9, 0x09, 0xB2, 0x2F, 0x7D, 0xE0, 0xA4, 0xED, 0xE5, 0xCD, 0xF0, 0x1A,
    0x53, 0x2E, 0x89, 0x6D, 0x9A, 0x0B, 0xFE, 0x28, 0x89, 0x9A, 0xA6, 0x84, 0x3C, 0x69, 0x36, 0x83,
    0x1C, 0xF1, 0xFA, 0xA4, 0x89, 0x70, 0xBA, 0x19, 0x6C, 0x34, 0x3D, 0x2C, 0x84, 0x01, 0x9B, 0x2D,
    0xA4, 0x00, 0x01, 0xE3, 0x62, 0xCA, 0x1C, 0x93, 0x8C, 0xA8, 0x12, 0x5A, 0xF4, 0x19, 0x5C, 0x2A,
    0x59, 0xDD, 0xD3, 0x84, 0x33, 0x8D, 0x5E, 0x6F, 0x1C, 0xA4, 0x06, 0x7C, 0x99, 0x95, 0x19, 0xD4,
    0xA0, 0xEC, 0xCB, 0x6A, 0x1F, 0xD6, 0x79, 0x29, 0xF9, 0x1A, 0x14, 0xE7, 0x48, 0x71, 0x04, 0x5B,
    0x01, 0xD8, 0x8A, 0x37, 0x31, 0x34, 0x6B, 0xB0, 0xE2, 0x14, 0x6F, 0x71, 0x71, 0x06, 0xF7, 0x39,
    0xBE, 0xC2, 0xDE, 0xFB, 0x4A, 0xD0, 0xE7, 0xB2, 0x28, 0x5E, 0xEC, 0x6B, 0x49, 0x89, 0xA2, 0xAF,
    0x28, 0x50, 0x55, 0x50, 0x7F, 0x99, 0xBF, 0x41, 0x7C, 0x95, 0x4B, 0x7B, 0xDE, 0x58, 0xE0, 0x3B,
    0x8C, 0x04, 0x94, 0x4B, 0x1A, 0xB0, 0xEA, 0x1B, 0x89, 0x27, 0x12, 0xD3, 0x79, 0xC4, 0xFE, 0x90,
    0x1A, 0xF8, 0x07, 0x9A, 0xD2, 0x33, 0x3C, 0x71, 0xE6, 0x16, 0x92, 0x11, 0xF5, 0x59, 0xD4, 0x0E,
    0x11, 0x67, 0x6E, 0x4A, 0x8A, 0x3C, 0x44, 0xF5, 0x4E, 0xDC, 0x8B, 0x18, 0x8B, 0x49, 0x47, 0xB1,
    0xA8, 0x85, 0x1C, 0xA1, 0xDD, 0x16, 0xE2, 0xA5, 0x09, 0x25, 0x50, 0xDD, 0xED, 0x84, 0xD9, 0x73,
    0xA6, 0x3E, 0xD7, 0xA7, 0x59, 0xBF, 0xFB, 0x67, 0xB8, 0x59, 0xE1, 0xC3, 0x43, 0x41, 0x6D, 0x81,
    0x58, 0xF7, 0xB7, 0x72, 0xE6, 0x6F, 0xC3, 0x8F, 0x47, 0x92, 0xBE, 0xB5, 0x59, 0xA2, 0x5B, 0xF8,
    0x28, 0xA1, 0xB9, 0xE4, 0x40, 0x53, 0xB8, 0x88, 0xC7, 0x02, 0x2C, 0xBA, 0x03, 0x86, 0x94, 0x10,
    0xF6, 0x15, 0x11, 0x9A, 0xF6, 0x74, 0xB1, 0xB4, 0xBD, 0x16, 0xD6, 0x6E, 0x90, 0x3D, 0x0E, 0xBA,
    0x75, 0x75, 0x44, 0x31, 0x90, 0x9A, 0x02, 0x23, 0xB8, 0xA6, 0xA8, 0x1D, 0x7A, 0x03, 0xC8, 0x42,
    0xAF, 0x1E, 0x11, 0xFE, 0x34, 0xE7, 0x41, 0xBF, 0x92, 0x0B, 0xC2, 0x41, 0x87, 0xB0, 0xC9, 0x09,
    0x22, 0x4E, 0xE4, 0x82, 0xA6, 0x62, 0xA0, 0x28, 0x14, 0x2F, 0x29, 0xCC, 0xFE, 0x90, 0x7A, 0x8A,
    0x39, 0x56, 0x86, 0xB2, 0x61, 0x56, 0x52, 0x45, 0x4B, 0x4C, 0xD5, 0xCA, 0x98, 0x73, 0xE5, 0xFB,
    0xD8, 0x15, 0xC3, 0xCD, 0x38, 0x97, 0xBE, 0xE9, 0x8C, 0x2E, 0xC1, 0x36, 0xBC, 0xE9, 0xCA, 0x0A,
    0x3E, 0x77, 0xCC, 0xB1, 0xAB, 0x28, 0x1F, 0x3B, 0x42, 0x24, 0x90, 0x7C, 0x32, 0x78, 0x7F, 0x53,
    0x08, 0x87, 0xD9, 0x1F, 0x75, 0x24, 0xCE, 0x28, 0x84, 0x1E, 0xA7, 0xFB, 0x42, 0x7F, 0x25, 0x20,
    0x0F, 0xC3, 0x15, 0xEE, 0x75, 0xD4, 0x59, 0x6F, 0x77, 0x9C, 0x7F, 0xA2, 0xBC, 0xA6, 0xF4, 0x2A,
    0x89, 0x6E, 0x45, 0xB0, 0xAE, 0x98, 0x35, 0x8E, 0x02, 0x6C, 0xFA, 0xA5, 0x22, 0xB2, 0x43, 0x6E,
    0xE4, 0x91, 0xD3, 0x07, 0x91, 0xB3, 0x84, 0x23, 0x37, 0x84, 0xC8, 0x39, 0xD6, 0xA0, 0xB8, 0xDB,
    0x91, 0x6A, 0xF9, 0xD8, 0x95, 0x45, 0x3C, 0x72, 0xBC, 0xDD, 0xCC, 0x8A, 0x51, 0x38, 0x1C, 0x2B,
    0xB1, 0xD1, 0xD4, 0x50, 0xEE, 0x08, 0xFD, 0xDD, 0x96, 0x30, 0xD8, 0x7D, 0x41, 0x68, 0xCF, 0x6D,
    0x08, 0x31, 0x5E, 0x61, 0x2B, 0x52, 0x8F, 0x2B, 0xE1, 0x5F, 0x70, 0x83, 0x7E, 0x58, 0xFC, 0x14,
    0xFB, 0xD3, 0x31, 0x71, 0x48, 0x56, 0x4A, 0x28, 0x07, 0x21, 0xAA, 0x88, 0x23, 0x8E, 0x37, 0xCE,
    0x24, 0x70, 0xC4, 0xCF, 0xE1, 0x64, 0xA5, 0x62, 0x93, 0xE3, 0xBD, 0xAA, 0xC3, 0xDC, 0x1F, 0xA1,
    0xAC, 0x0B, 0x85, 0xF3, 0x02, 0x1C, 0x96, 0x6A, 0x85, 0x5A, 0x46, 0x82, 0x17, 0x4C, 0x6A, 0x4E,
    0x28, 0x8D, 0x0A, 0xBF, 0x76, 0x78, 0x07, 0xFB, 0xB1, 0x08, 0xBF, 0xFD, 0x94, 0xB0, 0xFF, 0xF2,
    0x35, 0xF1, 0xEC, 0x55, 0xF9, 0xBF, 0x17, 0xAF, 0x32, 0x7B, 0x5A, 0x24, 0x57, 0x99, 0x1C, 0x2D,
    0xFA, 0x8A, 0x5C, 0xF1, 0x86, 0xC2, 0x10, 0xA8, 0x28, 0x20, 0x50, 0xF1, 0x73, 0x50, 0x3F, 0x37,
    0x75, 0xB5, 0x1E, 0x5A, 0xD3, 0x08, 0x73, 0x7A, 0x2E, 0x85, 0x3B, 0xA3, 0xD4, 0x8A, 0x0A, 0xA9,
    0x50, 0x63, 0xF5, 0xC3, 0x84, 0xD6, 0x15, 0xC4, 0xD0, 0x52, 0x97, 0x0A, 0x74, 0x71, 0xEE, 0x46,
    0x1A, 0x3C, 0x4F, 0x0B, 0xAF, 0xBE, 0xC4, 0x94, 0xCC, 0x20, 0xFC, 0x1D, 0xCB, 0x73, 0xEB, 0x34,
    0xBE, 0xFD, 0x16, 0xEC, 0xAA, 0xBD, 0xA7, 0x87, 0x61, 0xEF, 0x22, 0x34, 0x5D, 0x50, 0xA1, 0xA4,
    0xA7, 0xED, 0xEF, 0x84, 0x79, 0xD8, 0x83, 0x51, 0x76, 0xC9, 0xEF, 0x49, 0xEC, 0xC9, 0xC5, 0xA2,
    0x5A, 0x8E, 0x89, 0xE3, 0x09, 0x47, 0xF3, 0xFB, 0xF2, 0xD0, 0x7A, 0x0C, 0xEB, 0x51, 0x45, 0xB4,
    0xEB, 0x46, 0xB9, 0x8B, 0x8A, 0xC6, 0x43, 0x51, 0xAC, 0xCD, 0x41, 0xA1, 0xC1, 0x51, 0xB5, 0xD6,
    0x34, 0x79, 0x88, 0xE0, 0xA8, 0x26, 0x0F, 0xE1, 0xA2, 0x20, 0xED, 0x39, 0x80, 0x23, 0x1E, 0x4A,
    0xF2, 0x30, 0x4B, 0xC5, 0x3B, 0x2D, 0x53, 0xDE, 0xDA, 0x2B, 0x8E, 0x4A, 0x0B, 0x3F, 0xC1, 0x25,
    0x3F, 0x5E, 0xEA, 0x50, 0x7E, 0xB4, 0xD1, 0x83, 0xAE, 0x41, 0x25, 0xC3, 0x18, 0xE5, 0x26, 0x63,
    0xE4, 0xEC, 0x6D, 0x86, 0xAC, 0x1E, 0x4A, 0xA2, 0x46, 0x30, 0x9A, 0x60, 0xC7, 0xA2, 0x70, 0xCE,
    0x22, 0x2D, 0x84, 0xC4, 0xC7, 0x53, 0xE6, 0xF8, 0x3C, 0x32, 0xFA, 0x30, 0x5D, 0x57, 0xCD, 0xC7,
    0x50, 0xA6, 0xFB, 0xA5, 0x58, 0xD7, 0xEA, 0x6C, 0xA9, 0x89, 0xEC, 0x3A, 0xBE, 0xFB, 0x60, 0xFA,
    0xC1, 0xF0, 0xE0, 0x53, 0x56, 0xEE, 0xB2, 0x70, 0xB4, 0xAF, 0xB3, 0x7B, 0x5E, 0xD5, 0xBF, 0x2E,
    0x9E, 0x59, 0x9F, 0xE5, 0xD3, 0xC3, 0x5E, 0x1F, 0x85, 0x22, 0xB0, 0x36, 0xFB, 0x28, 0xDF, 0xEF,
    0x52, 0x0F, 0xC6, 0x65, 0x97, 0x4A, 0x2E, 0x28, 0x8F, 0x4B, 0x97, 0x7E, 0xB2, 0x1C, 0x34, 0x5E,
    0xB8, 0x51, 0xB9, 0x1A, 0x26, 0xAB, 0xF8, 0xBD, 0x4F, 0xD9, 0x6F, 0x8A, 0xD7, 0x33, 0xD0, 0x2B,
    0x81, 0x6F, 0x44, 0x09, 0x26, 0x2E, 0xF0, 0xDD, 0x9B, 0x07, 0xBE, 0xEB, 0xE5, 0xC0, 0xF7, 0xF0,
    0xA0, 0xC0, 0xF7, 0x01, 0x89, 0xF6, 0x83, 0xF3, 0xED, 0x17, 0x3E, 0x12, 0xC3, 0xBF, 0xEC, 0x5F,
    0x13, 0xBB, 0xBD, 0x1F, 0x4B, 0xEB, 0xFD, 0x50, 0xC2, 0xEE, 0x7D, 0xB4, 0x8E, 0x25, 0xD5, 0xD7,
    0xD6, 0xFB, 0x9A, 0x8F, 0xC6, 0x22, 0xCA, 0x37, 0x57, 0x0B, 0xAB, 0xFB, 0x9A, 0xF0, 0x58, 0xC5,
    0xFF, 0xF7, 0x94, 0xCD, 0x99, 0x8A, 0xDB, 0x50, 0x6D, 0x2D, 0x12, 0x3D, 0x51, 0xDD, 0x95, 0xA8,
    0xE8, 0x4E, 0x54, 0xEC, 0x27, 0x6A, 0x41, 0x26, 0x1C, 0x5B, 0xA5, 0x29, 0xC0, 0x4A, 0x53, 0x80,
    0x78, 0x62, 0x5E, 0xBE, 0x09, 0xE7, 0xA0, 0xF2, 0xC7, 0x09, 0x4C, 0xE7, 0x2A, 0x18, 0x75, 0x50,
    0x5F, 0x33, 0xB1, 0x19, 0x2A, 0x01, 0xBD, 0xFA, 0x2C, 0x1C, 0x7C, 0x94, 0xC9, 0xDF, 0xE4, 0x23,
    0x84, 0xD2, 0x26, 0x42, 0xE4, 0x1D, 0x58, 0x90, 0x97, 0x24, 0xAC, 0x20, 0xD8, 0x4E, 0x8E, 0x34,
    0x6A, 0x09, 0x51, 0xF1, 0x45, 0x11, 0x68, 0x6B, 0xFF, 0x57, 0xA2, 0xAD, 0x83, 0x5B, 0x23, 0xF3,
    0x06, 0xBA, 0xF4, 0x8E, 0xD6, 0x56, 0xD1, 0x1B, 0x41, 0xC5, 0x24, 0x4D, 0x7B, 0x24, 0x10, 0xA9,
    0x46, 0x12, 0x48, 0x74, 0x18, 0xAC, 0x49, 0x4A, 0x33, 0xC0, 0x24, 0x3F, 0x94, 0x68, 0xED, 0x91,
    0x15, 0xA5, 0xDD, 0xD1, 0xA1, 0x74, 0x74, 0x28, 0x1D, 0x1D, 0x4A, 0x47, 0x35, 0x7B, 0x47, 0xFD,
    0x9D, 0x8E, 0xD1, 0xE4, 0x4B, 0xA9, 0xF8, 0x2E, 0x97, 0x8C, 0x12, 0x37, 0x2A, 0xEC, 0x0F, 0x9A,
    0x4E, 0x58, 0x67, 0xB6, 0x27, 0x78, 0x57, 0x42, 0x38, 0x1A, 0xD0, 0xF1, 0x27, 0x12, 0xD0, 0x09,
    0x2A, 0xFA, 0x59, 0x18, 0xD1, 0x79, 0x3E, 0x57, 0xDB, 0x91, 0x50, 0xCC, 0x76, 0x47, 0xD4, 0x5E,
    0xA2, 0xA8, 0x14, 0x57, 0x14, 0xC7, 0x3A, 0xF3, 0x9C, 0xD5, 0x63, 0xE2, 0x88, 0x4A, 0xF3, 0x0D,
    0x27, 0xE5, 0x22, 0xE7, 0xAF, 0x3C, 0x94, 0x4E, 0xAA, 0x47, 0xFF, 0x34, 0xD7, 0xC3, 0xE2, 0x9E,
    0x39, 0x42, 0x0F, 0x6F, 0xDA, 0xDE, 0x26, 0x59, 0x4A, 0xB5, 0x69, 0xB7, 0xAD, 0x1C, 0x66, 0x4A,
    0x18, 0xCB, 0x64, 0xA3, 0x2E, 0x84, 0xFE, 0x5E, 0xA2, 0xDC, 0x3D, 0x29, 0x0C, 0xCF, 0xE9, 0x75,
    0x96, 0x19, 0xD4, 0x5A, 0xE2, 0xA4, 0xC2, 0x44, 0xDA, 0x2F, 0x19, 0x27, 0xD5, 0x2A, 0x56, 0xE1,
    0xA6, 0xE3, 0x61, 0x47, 0xBB, 0xCA, 0x2C, 0xD2, 0x08, 0x87, 0xFA, 0x53, 0xF2, 0xDE, 0xCC, 0x03,
    0x3F, 0xFB, 0x15, 0x60, 0xF1, 0xBC, 0x05, 0x51, 0x60, 0x9A, 0xCC, 0x99, 0xD6, 0x93, 0x15, 0x32,
    0x3C, 0xA2, 0x6C, 0x2B, 0xBB, 0x99, 0x72, 0x98, 0x2B, 0xEB, 0x42, 0xD8, 0x98, 0x76, 0x84, 0xDE,
    0x34, 0x95, 0xFB, 0xFA, 0x77, 0x5F, 0x10, 0x86, 0x1F, 0x6E, 0x48, 0xB8, 0xC3, 0xBE, 0xEE, 0xC2,
    0x1E, 0xDB, 0xBA, 0xD1, 0x5B, 0x8E, 0x89, 0xE3, 0x09, 0xE1, 0x61, 0x2D, 0x00, 0xA3, 0x6A, 0x5A,
    0x70, 0xE0, 0x52, 0xCA, 0x17, 0x44, 0x3B, 0x6F, 0x6B, 0xA6, 0x82, 0xA9, 0x0B, 0x89, 0x1B, 0x3C,
    0x67, 0x56, 0xEC, 0xCB, 0xED, 0x19, 0xAC, 0x9E, 0x34, 0x83, 0x49, 0xD6, 0x80, 0x09, 0x8D, 0x14,
    0xB1, 0x26, 0x7D, 0x9B, 0xFA, 0xA2, 0x58, 0x45, 0x6B, 0xAE, 0x0B, 0x7D, 0x1C, 0x4D, 0xCD, 0xF0,
    0x53, 0x91, 0x7A, 0x1A, 0x48, 0x68, 0x4C, 0xA5, 0xA3, 0xDE, 0xDD, 0x3F, 0xA2, 0xD6, 0xF3, 0xEF,
    0x7E, 0x8F, 0x08, 0x3F, 0x84, 0xD1, 0x00, 0x2D, 0xC4, 0x5E, 0xC2, 0x2B, 0x63, 0x89, 0x32, 0xC2,
    0x15, 0xE8, 0x5B, 0xFB, 0xA2, 0xD9, 0xDA, 0x36, 0xE1, 0x27, 0xD2, 0xBA, 0x8F, 0xB7, 0x17, 0xD8,
    0x33, 0x0A, 0xD1, 0x6D, 0x2C, 0x8D, 0x91, 0x76, 0x1F, 0x7B, 0x78, 0xFB, 0x09, 0xF8, 0x82, 0x5F,
    0xA0, 0xAA, 0x6C, 0x42, 0xA3, 0x6A, 0x1B, 0x12, 0xAD, 0x31, 0x58, 0x8F, 0x3D, 0xE2, 0x8A, 0xCF,
    0x47, 0x42, 0x8F, 0xA9, 0x56, 0xDE, 0xEF, 0x8E, 0x32, 0xB8, 0xA9, 0xB4, 0x6F, 0x2B, 0x23, 0x4F,
    0x99, 0x92, 0x18, 0xD9, 0x45, 0xC7, 0xA9, 0x1C, 0x6F, 0xF9, 0x8E, 0x76, 0xEA, 0xD1, 0xE3, 0xED,
    0x46, 0xAF, 0x0B, 0xEB, 0x7F, 0xDF, 0x96, 0xE3, 0xF5, 0x48, 0x88, 0x50, 0xAB, 0xD0, 0xBF, 0xFB,
    0xA6, 0xF2, 0xC3, 0x44, 0x18, 0xBE, 0x7E, 0x5C, 0x88, 0xB1, 0x0A, 0x5B, 0x8E, 0x89, 0xE3, 0x09,
    0xE1, 0xB3, 0x6C, 0x1F, 0x84, 0x24, 0x54, 0x9A, 0x15, 0xE6, 0xCA, 0x06, 0xDB, 0xDD, 0xE6, 0x1A,
    0xAC, 0x16, 0x73, 0x37, 0xF7, 0x79, 0x3C, 0x85, 0x84, 0x67, 0x12, 0xC9, 0xB1, 0x71, 0x6A, 0x86,
    0x52, 0x65, 0xC8, 0x77, 0x36, 0x08, 0x38, 0xDC, 0xDD, 0x5A, 0x0A, 0x28, 0x00, 0x09, 0x38, 0x74,
    0x34, 0xEE, 0x30, 0x50, 0xD4, 0xE6, 0x73, 0x66, 0x9A, 0xEA, 0x97, 0xBF, 0xCA, 0xE9, 0x6E, 0xDD,
    0xFC, 0x1C, 0x26, 0x83, 0x3F, 0xF9, 0xEA, 0x73, 0x94, 0xEC, 0x04, 0x83, 0x6F, 0xEF, 0xA0, 0xB6,
    0xDE, 0x26, 0x7F, 0x73, 0x07, 0x31, 0x31, 0x9B, 0xF8, 0x37, 0x51, 0x56, 0xB1, 0x9D, 0xB0, 0x5C,
    0xB5, 0x4C, 0x92, 0x10, 0xA8, 0x10, 0xFD, 0x7A, 0x1B, 0xA2, 0xF6, 0x4A, 0x62, 0xBD, 0xFC, 0x85,
    0x93, 0xC7, 0x88, 0x48, 0x7A, 0x36, 0xC3, 0xB6, 0xE0, 0x9B, 0x8B, 0x44, 0x83, 0x13, 0x99, 0x48,
    0x02, 0x72, 0xE6, 0xF3, 0xB8, 0x9F, 0xE7, 0xD6, 0xF7, 0x5E, 0x43, 0x0D, 0xA6, 0x39, 0x8D, 0x79,
    0xD3, 0x28, 0xFB, 0x4B, 0xA4, 0xAC, 0xB9, 0xEA, 0x58, 0xE8, 0x2B, 0x0C, 0xF2, 0x9A, 0xDE, 0x9C,
    0x5D, 0x47, 0x28, 0xBA, 0x5C, 0x52, 0xC3, 0xFF, 0x59, 0x33, 0x4D, 0xD8, 0x98, 0x7E, 0x29, 0xF4,
    0xEE, 0xF6, 0xBD, 0x31, 0xA6, 0xC4, 0xBF, 0x7B, 0x52, 0x18, 0x7E, 0xB8, 0xE9, 0x8D, 0xBC, 0x11,
    0x67, 0xCE, 0x1F, 0xC1, 0x34, 0xC5, 0x1E, 0x44, 0x31, 0xD0, 0x88, 0x33, 0x28, 0x45, 0x41, 0x89,
    0xE3, 0x51, 0x47, 0xAE, 0xAC, 0x19, 0x7B, 0xCA, 0x50, 0x19, 0xA9, 0x6C, 0x9C, 0x73, 0x6D, 0x9C,
    0x87, 0x0E, 0xF2, 0xED, 0x2A, 0x3D, 0x0E, 0xA5, 0xE3, 0x4A, 0x02, 0x85, 0xA3, 0xAE, 0x58, 0xCA,
    0xFE, 0x77, 0x95, 0x5A, 0xCC, 0x62, 0x43, 0xA6, 0x3A, 0xCD, 0x52, 0x5F, 0x21, 0x19, 0xFE, 0x9E,
    0x14, 0x0D, 0x22, 0x06, 0x26, 0x6F, 0x5A, 0x61, 0x43, 0x6A, 0xE9, 0x78, 0x0D, 0x35, 0x0F, 0xDB,
    0x1E, 0x35, 0x82, 0x26, 0x94, 0x9C, 0xD4, 0xB6, 0x54, 0x53, 0x84, 0xEF, 0x3F, 0x4D, 0xFF, 0x9C,
    0x32, 0xD6, 0x70, 0x3A, 0x59, 0x27, 0x18, 0x42, 0x1B, 0x36, 0x5D, 0x50, 0x38, 0x71, 0xDC, 0x70,
    0x34, 0x8F, 0xA6, 0x46, 0xEE, 0x5D, 0xC1, 0xE0, 0xFA, 0x5B, 0x6A, 0x1D, 0xAD, 0xFF, 0x64, 0x54,
    0x0E, 0x33, 0xD2, 0x31, 0xDF, 0x67, 0x42, 0xA0, 0x03, 0xA7, 0xE5, 0x0B, 0x6A, 0xC2, 0xE9, 0xF5,
    0x79, 0x05, 0xC9, 0x50, 0x5E, 0x63, 0x99, 0x81, 0x82, 0x4D, 0x5E, 0x24, 0x0B, 0x64, 0x35, 0x4C,
    0x05, 0x30, 0x00, 0x79, 0x90, 0xF5, 0x89, 0x2D, 0x55, 0xF8, 0x2D, 0xAA, 0x47, 0x81, 0xED, 0xFC,
    0x9C, 0x88, 0x54, 0x4B, 0x36, 0x15, 0x89, 0xDE, 0xBA, 0x54, 0x5C, 0x51, 0x1C, 0x73, 0x15, 0x2B,
    0x07, 0x43, 0x8C, 0xBF, 0x0E, 0x92, 0x3A, 0x66, 0x39, 0x92, 0x32, 0x9B, 0xC0, 0xA3, 0x9A, 0xC4,
    0x6E, 0xCA, 0xB0, 0xF9, 0x56, 0x0C, 0x23, 0x76, 0x92, 0xA0, 0x43, 0x76, 0xAC, 0x2D, 0xB9, 0x6C,
    0x9B, 0xA1, 0x98, 0xC7, 0xF6, 0x02, 0x42, 0xE2, 0x79, 0x0C, 0xD9, 0x7A, 0x7C, 0x6F, 0xEE, 0xC2,
    0x61, 0x0A, 0xD2, 0x0C, 0x2F, 0x60, 0x5D, 0x33, 0xDD, 0x3B, 0x05, 0x8F, 0x23, 0xC0, 0x93, 0xA2,
    0x4A, 0x00, 0x73, 0xC6, 0x2A, 0x25, 0x4C, 0x19, 0x0D, 0x9A, 0x5D, 0x49, 0x7B, 0xFB, 0xBB, 0xCF,
    0xD0, 0x68, 0x0F, 0xCF, 0x6D, 0x78, 0xF9, 0x53, 0x9C, 0x36, 0x1F, 0x6F, 0x79, 0x40, 0x33, 0xD2,
    0xBC, 0x4F, 0xD8, 0x50, 0x98, 0x31, 0x89, 0xDD, 0xE3, 0xDA, 0x45, 0x1B, 0xF2, 0x1A, 0x5B, 0xEB,
    0xD0, 0xE5, 0x42, 0xCA, 0x90, 0x24, 0xB2, 0x8E, 0x6A, 0xA2, 0x01, 0x70, 0xFD, 0xD5, 0x99, 0xF5,
    0xB5, 0xB9, 0x2E, 0x45, 0xDD, 0x51, 0xE1, 0x0F, 0x0A, 0xF2, 0xD0, 0x65, 0x5D, 0x93, 0x48, 0x3F,
    0x49, 0x32, 0x61, 0xF8, 0x0B, 0x3D, 0xAF, 0xAF, 0x69, 0xB1, 0xC9, 0x0A, 0xD1, 0x6C, 0xDF, 0xF9,
    0xE1, 0x43, 0x59, 0xD3, 0x92, 0x04, 0x66, 0xE9, 0xE0, 0xF8, 0x23, 0x16, 0x42, 0xB0, 0xF0, 0x58,
    0xF7, 0x62, 0xA7, 0xCF, 0xC8, 0x25, 0xB2, 0xF4, 0x25, 0xCB, 0xE7, 0xFD, 0xDD, 0x13, 0x25, 0x5F,
    0xF3, 0x40, 0x9E, 0x1E, 0x95, 0x66, 0x3D, 0x0E, 0x2E, 0xE7, 0x7A, 0xC4, 0x6F, 0x6E, 0xB1, 0xF6,
    0x9B, 0x08, 0xF3, 0xD1, 0x8D, 0xDE, 0x8A, 0xF0, 0xBE, 0x4F, 0xC9, 0x35, 0xE9, 0x8F, 0xE9, 0x23,
    0xB1, 0xFA, 0xCE, 0x72, 0xED, 0x47, 0x78, 0xBA, 0x43, 0xD2, 0xBE, 0x35, 0x61, 0x81, 0x69, 0x14,
    0x85, 0x05, 0x45, 0x62, 0xD4, 0x4A, 0x47, 0xB4, 0xFB, 0xA2, 0xAD, 0x1F, 0x4A, 0x55, 0xD3, 0xCA,
    0x70, 0xBB, 0x0B, 0xFB, 0x19, 0x0B, 0x83, 0xE1, 0xFC, 0x87, 0xFD, 0xFD, 0x83, 0xCF, 0xEC, 0xBB,
    0x3D, 0xF2, 0x7B, 0xFC, 0x5D, 0xF6, 0x36, 0x9B, 0x1A, 0x8E, 0xED, 0x68, 0x81, 0xC4, 0x40, 0x5F,
    0x11, 0x29, 0xF4, 0xC4, 0x5C, 0x2C, 0x2E, 0x58, 0xC9, 0x10, 0x37, 0x78, 0xDA, 0x15, 0x84, 0x48,
    0xD6, 0x37, 0x1D, 0x5C, 0x42, 0x0C, 0x04, 0x17, 0x0A, 0x41, 0x37, 0xD7, 0xFF, 0xBB, 0x81, 0x1B,
    0xE0, 0xBB, 0x10, 0x6B, 0x12, 0x17, 0x04, 0x23, 0x01, 0xDE, 0x78, 0xE4, 0x41, 0x6C, 0x34, 0xC1,
    0x85, 0x50, 0x80, 0x02, 0x10, 0xC2, 0x9E, 0x11, 0x3C, 0x69, 0x05, 0xB0, 0xE0, 0x57, 0x20, 0x25,
    0x60, 0x33, 0xE8, 0x12, 0x80, 0x66, 0x27, 0x70, 0xE0, 0xA7, 0x12, 0x76, 0x59, 0x7E, 0xEE, 0x2C,
    0xE4, 0xEC, 0xC9, 0x50, 0x82, 0x71, 0xC8, 0x17, 0xB8, 0x3C, 0x44, 0x65, 0xF8, 0xFE, 0x47, 0x85,
    0xFA, 0x6A, 0x0C, 0x0D, 0x95, 0xD5, 0x88, 0x23, 0x9A, 0x13, 0x21, 0xEB, 0x46, 0x19, 0xB8, 0xDB,
    0x92, 0x12, 0x95, 0xD1, 0xAC, 0x76, 0x01, 0x0B, 0x99, 0xCA, 0x0C, 0xF1, 0x46, 0x86, 0x57, 0x5B,
    0x54, 0x07, 0xA5, 0xFA, 0x20, 0x03, 0x23, 0x5E, 0x47, 0x93, 0xFB, 0x04, 0xEE, 0x21, 0x75, 0x1C,
    0x4A, 0x8B, 0x4F, 0x8F, 0x09, 0x8B, 0xC2, 0x54, 0xC0, 0x67, 0x9D, 0x65, 0x5F, 0x5E, 0xE8, 0x65,
    0x0F, 0xB9, 0xB9, 0xFB, 0x6F, 0xCA, 0xFF, 0xFD, 0xB2, 0x0C, 0x69, 0x73, 0xD4, 0xE3, 0xF4, 0x5D,
    0xBE, 0x21, 0xF8, 0xF2, 0x04, 0xFE, 0x92, 0x57, 0xA1, 0x7A, 0xB7, 0x3B, 0x6E, 0xD0, 0x5B, 0xC2,
    0xFB, 0x43, 0x18, 0x95, 0x5C, 0xB5, 0xB9, 0x14, 0xF7, 0x6E, 0xA8, 0xE2, 0x95, 0x20, 0x03, 0x5F,
    0x6F, 0x60, 0xDC, 0x26, 0xF7, 0x4A, 0x7D, 0x67, 0xE4, 0xBA, 0x2A, 0xBB, 0x6D, 0xC5, 0x61, 0x5F,
    0xB3, 0xA0, 0xDE, 0x07, 0xF5, 0x07, 0xBD, 0xD5, 0x3C, 0xBD, 0xCC, 0x1B, 0xE2, 0x3D, 0x55, 0x2C,
    0x7B, 0x75, 0xE6, 0x64, 0x7A, 0x12, 0x48, 0x1F, 0x68, 0x20, 0x9D, 0x49, 0xA9, 0x70, 0x09, 0xDF,
    0x7D, 0x70, 0x39, 0x5B, 0xFF, 0xEE, 0x7B, 0x8A, 0x7F, 0x16, 0x0C, 0xBF, 0x95, 0xEF, 0x86, 0x9F,
    0xCA, 0x99, 0xB5, 0x9C, 0xE2, 0x55, 0x82, 0x06, 0x12, 0x08, 0x3E, 0x6E, 0xDD, 0x03, 0xA6, 0x8B,
    0xA9, 0xF9, 0xBE, 0x96, 0xE9, 0x5F, 0xAE, 0xCF, 0x4B, 0x6E, 0xAC, 0xBE, 0x27, 0x6F, 0xF9, 0x7C,
    0xFF, 0x7D, 0x56, 0xC7, 0xA2, 0xE2, 0xC5, 0x9E, 0x7E, 0x2B, 0xE7, 0xAB, 0xBE, 0x58, 0x0E, 0x05,
    0xAA, 0x93, 0xC2, 0x4B, 0x67, 0xCD, 0x05, 0xBE, 0xC9, 0xB4, 0xF3, 0xBA, 0x89, 0xAF, 0xB3, 0xEE,
    0xAD, 0x23, 0xEF, 0x72, 0x34, 0xCE, 0xFE, 0xB1, 0x89, 0x24, 0x6A, 0xDB, 0x6E, 0xD4, 0x43, 0x79,
    0xB5, 0x24, 0x2E, 0xA3, 0x7B, 0xF2, 0x52, 0x74, 0x46, 0xFF, 0x2B, 0xEE, 0xBD, 0xE9, 0xF3, 0x05,
    0x85, 0x74, 0xAC, 0x2B, 0x1A, 0xEF, 0xD5, 0x0A, 0xEB, 0x6B, 0x96, 0x62, 0xA3, 0x51, 0x9F, 0x3B,
    0x4B, 0xFA, 0x7C, 0xCB, 0x89, 0xC9, 0xE3, 0x9D, 0x97, 0x35, 0x58, 0xC4, 0xB7, 0x94, 0x46, 0x52,
    0x9F, 0x2F, 0x55, 0x4E, 0x5B, 0x8E, 0xC6, 0x1D, 0x7F, 0x24, 0x1B, 0x9A, 0x12, 0xFD, 0x3F, 0xAD,
    0x51, 0xC1, 0x0D, 0xC3, 0x20, 0x10, 0x73, 0xC2, 0x33, 0x43, 0x74, 0x04, 0x36, 0xE8, 0x8D, 0x96,
    0x8E, 0xD0, 0x81, 0x52, 0x25, 0x23, 0x74, 0x04, 0x46, 0xE0, 0xC9, 0xE3, 0x84, 0x7B, 0x07, 0x6D,
    0xA3, 0x3E, 0x53, 0xE5, 0x61, 0x1B, 0x1D, 0x92, 0x7D, 0x18, 0xC4, 0x3C, 0x29, 0x98, 0x45, 0xC7,
    0x82, 0x15, 0x21, 0x43, 0x11, 0xD2, 0x87, 0x66, 0x92, 0x2A, 0x4E, 0xFB, 0xEC, 0x4F, 0xC2, 0x44,
    0x98, 0x1F, 0x50, 0xE1, 0x29, 0x1D, 0xC9, 0x47, 0x2C, 0x96, 0x50, 0x42, 0x1A, 0x0E, 0xC3, 0x3C,
    0x15, 0x2B, 0x75, 0xA8, 0x58, 0xCC, 0xAF, 0x23, 0x61, 0x99, 0xF9, 0x5C, 0xC4, 0xE0, 0xE7, 0xA3,
    0x40, 0xCC, 0x23, 0x37, 0x6B, 0xE4, 0xC2, 0xCD, 0x2A, 0x91, 0xBB, 0x6F, 0xFA, 0xC0, 0xFB, 0x11,
    0x9D, 0xBD, 0x16, 0x56, 0x69, 0xDC, 0x26, 0xD7, 0xB3, 0xB8, 0xA5, 0x5B, 0x49, 0x1E, 0x4F, 0x78,
    0xFE, 0x2D, 0xFA, 0x02, 0xB6, 0x56, 0xCF, 0xFE, 0x4A, 0xFB, 0x9A, 0x08, 0xE9, 0xF2, 0x7B, 0x77,
    0xAA, 0xBC, 0x00, 0xCD, 0x5A, 0x5D, 0x8C, 0x1B, 0xD7, 0x75, 0x3E, 0x33, 0x57, 0xAB, 0x91, 0x35,
    0x24, 0x47, 0x40, 0xD2, 0x20, 0x90, 0xA8, 0x1D, 0x3D, 0x04, 0x85, 0x1F, 0x46, 0x4B, 0xDA, 0x9A,
    0x56, 0x93, 0x86, 0xBB, 0x9C, 0x58, 0x0F, 0x7E, 0x50, 0x50, 0x29, 0xAF, 0x95, 0x01, 0x1B, 0x68,
    0x9E, 0xE2, 0xA0, 0x9A, 0x04, 0x2A, 0xA0, 0xA6, 0xB2, 0x39, 0xB1, 0x50, 0xF8, 0xA9, 0x88, 0x8C,
    0x0A, 0xFD, 0x43, 0x81, 0x06, 0x8D, 0x5B, 0xD4, 0xEB, 0xA2, 0x62, 0x9B, 0x7D, 0x10, 0xE2, 0xD5,
    0xF2, 0xC6, 0x0B, 0xD4, 0x0F, 0x4D, 0xDA, 0x71, 0x13, 0x34, 0x05, 0xA2, 0x24, 0x13, 0x4B, 0x42,
    0xE1, 0x26, 0xA8, 0x07, 0x30, 0x9D, 0x50, 0x16, 0x97, 0xB7, 0xDF, 0xB9, 0xF7, 0x72, 0x77, 0x2D,
    0xAD, 0xD6, 0x96, 0x2C, 0xB9, 0xA2, 0x56, 0x3C, 0xC3, 0xE1, 0xCC, 0x9D, 0xFB, 0x9D, 0xFF, 0x1F,
    0x12, 0x11, 0x35, 0xC8, 0xBC, 0x7C, 0x69, 0x0F, 0x2A, 0xFD, 0x7E, 0xBC, 0x73, 0x00, 0xEF, 0xEE,
    0x95, 0x71, 0xC0, 0x9F, 0x82, 0x41, 0xE0, 0xB8, 0x43, 0xA2, 0x7A, 0x28, 0xA4, 0xBF, 0x8C, 0x9B,
    0x3C, 0x59, 0xD5, 0x23, 0xDC, 0xF4, 0xD9, 0xAA, 0x13, 0x81, 0x06, 0xC5, 0x99, 0x80, 0xE9, 0xFC,
    0x52, 0x28, 0x7E, 0x01, 0x9A, 0x1C, 0xF4, 0xE4, 0xB8, 0x4E, 0x14, 0xE1, 0x82, 0x79, 0x3C, 0x21,
    0x70, 0x8B, 0x2C, 0xF2, 0x89, 0xBA, 0x72, 0x89, 0x12, 0x91, 0x52, 0x56, 0x1D, 0xA4, 0x58, 0x48,
    0xEA, 0x77, 0x76, 0x51, 0xE6, 0x14, 0x74, 0x1A, 0x4F, 0xC9, 0xA8, 0xA4, 0x39, 0x9C, 0xCB, 0xA8,
    0x4F, 0x7E, 0x4E, 0x14, 0x53, 0xE6, 0x7E, 0xA7, 0x24, 0xEA, 0x50, 0xBB, 0x5D, 0x9D, 0xC6, 0xB3,
    0x29, 0xEB, 0x1C, 0x98, 0xE5, 0xDD, 0xF4, 0x03, 0xF2, 0x72, 0xDE, 0xA9, 0x90, 0x0E, 0xEF, 0xB6,
    0xC0, 0xFF, 0x33, 0x44, 0x82, 0x11, 0x60, 0x21, 0x3F, 0x05, 0x15, 0x58, 0x4C, 0x03, 0x19, 0xBC,
    0x3C, 0xD4, 0x74, 0xA7, 0xC2, 0x69, 0x57, 0x83, 0xF3, 0x57, 0xF8, 0xBD, 0xA1, 0x11, 0x07, 0x7A,
    0x85, 0x40, 0x2E, 0xE0, 0x7D, 0x6E, 0xC8, 0xA7, 0x3A, 0x0B, 0x7C, 0x2A, 0xF2, 0x65, 0xA2, 0xBF,
    0x6D, 0x12, 0x79, 0x3F, 0x38, 0x85, 0x65, 0x85, 0x1A, 0x7B, 0x29, 0xB5, 0xBE, 0x36, 0x38, 0x2B,
    0x9D, 0x21, 0xB9, 0xAF, 0x4B, 0x3F, 0x9F, 0xA1, 0x7E, 0xB9, 0x9F, 0x94, 0x4C, 0xAA, 0xC8, 0x2F,
    0xAA, 0xA8, 0x1F, 0x4C, 0x28, 0x69, 0x64, 0x7E, 0x49, 0x11, 0x65, 0x2D, 0xFD, 0x9E, 0x9C, 0xE6,
    0xF7, 0x38, 0xA2, 0x84, 0xFA, 0x49, 0x00, 0x64, 0x55, 0x47, 0xBC, 0x55, 0x50, 0x19, 0xD1, 0x0A,
    0x39, 0x92, 0x79, 0x2F, 0x72, 0xC6, 0xE2, 0x91, 0x0B, 0xA8, 0x40, 0x77, 0x89, 0x08, 0xFC, 0x0D,
    0xFE, 0xE7, 0x42, 0xC9, 0x7B, 0xBF, 0xAE, 0xB7, 0x1E, 0xE4, 0x9A, 0x2C, 0x18, 0xC9, 0x24, 0xA7,
    0x0C, 0x49, 0x0C, 0xE9, 0x68, 0x82, 0x27, 0xF0, 0x2B, 0x33, 0x9F, 0x2A, 0xFD, 0x9D, 0x90, 0x31,
    0x93, 0x30, 0xED, 0x33, 0x59, 0xA6, 0x1B, 0x4A, 0x92, 0x28, 0x68, 0xF2, 0x42, 0x49, 0x3E, 0xB9,
    0x12, 0x82, 0x9E, 0x65, 0x52, 0xAA, 0x31, 0xC8, 0x27, 0xCA, 0x37, 0xC1, 0x1F, 0xA5, 0x86, 0x60,
    0xA6, 0x3B, 0x39, 0xDE, 0x01, 0x11, 0x15, 0x35, 0x41, 0x82, 0x8A, 0x22, 0x90, 0xE5, 0x3F, 0x78,
    0xE9, 0x62, 0x81, 0x5D, 0x76, 0x55, 0xC5, 0xFC, 0x3E, 0x45, 0xA7, 0x99, 0xF4, 0x89, 0xAF, 0x84,
    0xCC, 0x12, 0x26, 0xDD, 0xBF, 0x5D, 0x52, 0x23, 0x6C, 0x5B, 0x95, 0x8B, 0x17, 0x72, 0x2A, 0x21,
    0x68, 0x67, 0x04, 0x29, 0x61, 0xE1, 0x96, 0x52, 0x17, 0x70, 0x81, 0x73, 0x61, 0x71, 0x8D, 0x37,
    0xB3, 0xB8, 0x38, 0x26, 0x7D, 0xF2, 0x2D, 0xB2, 0x97, 0x2C, 0x5E, 0x90, 0x7C, 0x83, 0x02, 0xE2,
    0x6F, 0xAB, 0x52, 0x2F, 0xF6, 0xE6, 0xD2, 0xA6, 0xA5, 0xED, 0x83, 0xF4, 0x63, 0x1D, 0xBB, 0x89,
    0xE5, 0xAF, 0x2E, 0x5E, 0xDC, 0xD8, 0xA0, 0xDD, 0xAE, 0x7B, 0x3D, 0xED, 0x5C, 0x23, 0x0D, 0x85,
    0x81, 0x15, 0x7B, 0x4B, 0x0B, 0x73, 0x0A, 0x9A, 0x59, 0xF0, 0x79, 0x70, 0x77, 0x84, 0x4B, 0x20,
    0xEE, 0x90, 0xFA, 0x3B, 0x36, 0x98, 0x65, 0x59, 0x37, 0x65, 0xA4, 0x65, 0xAB, 0x65, 0xF2, 0x94,
    0xE5, 0xF1, 0x66, 0x71, 0x58, 0xE1, 0x40, 0x82, 0xE6, 0xC0, 0xD3, 0x6A, 0x38, 0x43, 0xC2, 0x63,
    0x35, 0xEC, 0xFE, 0xCB, 0x11, 0x8F, 0x71, 0x0F, 0x55, 0x41, 0x3B, 0x49, 0xFC, 0x6A, 0xED, 0x62,
    0x3F, 0x5D, 0xA1, 0xA0, 0xE7, 0x9F, 0xEE, 0x56, 0x4F, 0x51, 0x3D, 0x70, 0x7F, 0x71, 0x30, 0xC3,
    0x1A, 0x42, 0xAE, 0x24, 0xD9, 0x25, 0x82, 0x55, 0xB5, 0x92, 0xAF, 0xFC, 0x3C, 0x0D, 0xAB, 0x8E,
    0xBF, 0x7C, 0xE8, 0x6C, 0x9A, 0x74, 0x02, 0x31, 0xFE, 0x4C, 0x40, 0x11, 0x2E, 0x58, 0xEE, 0xD6,
    0xF9, 0xBA, 0xEA, 0xE1, 0xD9, 0x1A, 0xB5, 0x24, 0x9E, 0xDD, 0x68, 0xD2, 0xA7, 0x2B, 0x6C, 0xCC,
    0x6F, 0x62, 0xB7, 0x35, 0x20, 0x78, 0x82, 0x3A, 0x6C, 0xAC, 0xE2, 0x32, 0x85, 0xBC, 0x07, 0xE7,
    0x32, 0x40, 0xF1, 0x1E, 0x2E, 0x5B, 0x9B, 0xBE, 0xCC, 0xB6, 0xA4, 0xCF, 0xB3, 0x95, 0x90, 0x7B,
    0xD9, 0x98, 0x8C, 0x38, 0x63, 0x8C, 0x3E, 0x60, 0xBD, 0xC2, 0x05, 0x07, 0x4B, 0x63, 0x46, 0xAF,
    0x30, 0x0E, 0x51, 0x88, 0x89, 0x86, 0x35, 0xB9, 0x60, 0xE0, 0x86, 0xE6, 0xA3, 0xAB, 0x26, 0xBC,
    0x34, 0xF5, 0xCE, 0x9F, 0x18, 0x1A, 0x6B, 0xA3, 0x96, 0xB9, 0x8D, 0xF9, 0x4B, 0x9A, 0x51, 0x4B,
    0x44, 0xBC, 0x14, 0x0C, 0x40, 0xB3, 0x04, 0x5F, 0x7A, 0xFA, 0x5E, 0x91, 0x1B, 0x9F, 0xE3, 0xCA,
    0x26, 0x81, 0xF5, 0x29, 0x5B, 0x43, 0x2B, 0x85, 0x7B, 0x01, 0xEF, 0xBB, 0x52, 0x8C, 0xA9, 0x1F,
    0x53, 0x37, 0x07, 0xCD, 0xDA, 0x58, 0x14, 0x26, 0x1B, 0xB7, 0x0D, 0x8B, 0x6F, 0xA1, 0x71, 0x70,
    0x95, 0xE8, 0xA4, 0xCC, 0x92, 0xDA, 0x3E, 0xA5, 0x5E, 0x94, 0xFD, 0x28, 0x78, 0x91, 0xE8, 0x69,
    0x59, 0x35, 0x3D, 0x85, 0x57, 0x5A, 0x36, 0x5C, 0x90, 0x89, 0x2B, 0x3D, 0x1A, 0x0C, 0x4F, 0x8E,
    0x44, 0x2E, 0x64, 0x28, 0xBD, 0x02, 0x9B, 0x2C, 0x1D, 0x98, 0x56, 0xB4, 0xB1, 0xCF, 0xE9, 0xBE,
    0xA7, 0x38, 0xA6, 0xB8, 0xD6, 0x71, 0x82, 0xD2, 0xA6, 0xF3, 0xEE, 0xF6, 0x78, 0xDD, 0xDB, 0xE0,
    0xAD, 0x99, 0x7D, 0x17, 0x11, 0x4D, 0x75, 0x6D, 0x90, 0x7A, 0x23, 0xE0, 0x75, 0xFE, 0x43, 0x36,
    0xF6, 0x03, 0xAF, 0x9B, 0x17, 0xCD, 0xDD, 0x5B, 0xE0, 0x9D, 0xC1, 0x26, 0x66, 0xD2, 0x38, 0x6E,
    0xA9, 0xBF, 0x7B, 0x5A, 0x95, 0x59, 0x12, 0xD7, 0x4F, 0x9C, 0x97, 0x59, 0x3F, 0x6A, 0x7D, 0x4E,
    0xD0, 0x6B, 0x65, 0x55, 0x9B, 0x9D, 0x1C, 0xD9, 0x39, 0x29, 0x8A, 0x86, 0xDF, 0x50, 0x93, 0xD5,
    0xE7, 0xA4, 0x27, 0x2E, 0x0B, 0xFA, 0xA9, 0xC8, 0x5D, 0x79, 0x49, 0x38, 0x23, 0xC6, 0x1B, 0xDE,
    0x18, 0xF0, 0x53, 0x13, 0xC6, 0xBD, 0x09, 0xAF, 0xBB, 0x05, 0x5E, 0x1B, 0x0E, 0xD8, 0x90, 0xF9,
    0xE5, 0x4C, 0x3E, 0x7F, 0xB2, 0x58, 0xD7, 0xF4, 0x65, 0x7D, 0x34, 0xCF, 0x8A, 0xA0, 0xBF, 0xAC,
    0xEC, 0x42, 0x56, 0xC4, 0x95, 0xE5, 0x89, 0xD1, 0xB4, 0x26, 0xBB, 0xF1, 0x8B, 0x75, 0x36, 0x19,
    0x7D, 0x87, 0xCF, 0x86, 0xA5, 0xEF, 0x58, 0x05, 0x9E, 0x4A, 0xDB, 0xCB, 0x59, 0xDC, 0x57, 0x7A,
    0x63, 0x0A, 0x86, 0xCC, 0xB4, 0xA2, 0x11, 0x50, 0x27, 0x72, 0x24, 0x7C, 0xA3, 0x65, 0x15, 0x76,
    0xA4, 0xAF, 0x1B, 0xC0, 0x7E, 0x7F, 0xA8, 0x45, 0xF1, 0xFB, 0x23, 0xE2, 0x50, 0xC2, 0xAB, 0xCE,
    0x52, 0x1C, 0x2C, 0x9C, 0x83, 0x57, 0xE9, 0x78, 0xD4, 0xAE, 0x3F, 0x72, 0x41, 0x4D, 0xFE, 0xA4,
    0x29, 0x60, 0xB4, 0xFA, 0x5C, 0xC3, 0xA3, 0xD6, 0x28, 0x84, 0x02, 0xAC, 0xF9, 0x13, 0xDA, 0xB9,
    0xEC, 0xE3, 0x68, 0xC4, 0xFA, 0xB1, 0xDF, 0x55, 0x2F, 0x0C, 0xE0, 0xB6, 0x79, 0xA7, 0xCF, 0x42,
    0xF1, 0x3A, 0x7A, 0xF7, 0x3B, 0xD5, 0x55, 0x63, 0x25, 0xD5, 0x3A, 0x98, 0x75, 0x94, 0x3A, 0x36,
    0x8E, 0x6E, 0xE2, 0xC6, 0x06, 0x87, 0x3E, 0xAC, 0x2D, 0x04, 0x38, 0xC7, 0xB6, 0xD0, 0x4D, 0xBD,
    0x8A, 0x6D, 0xA1, 0x9B, 0xFB, 0x95, 0xB1, 0x05, 0x78, 0x36, 0x6D, 0x0B, 0xA0, 0xB0, 0x05, 0x7D,
    0x1E, 0x3A, 0x11, 0xF2, 0xB2, 0xDB, 0xD8, 0xC2, 0xD3, 0xEF, 0x67, 0x0B, 0x57, 0xAD, 0x2D, 0xE4,
    0xFE, 0x03, 0x65, 0x0B, 0x1A, 0x1F, 0xF0, 0x5E, 0x2B, 0x0F, 0x7E, 0x89, 0xF1, 0xA6, 0x7B, 0xF6,
    0xEC, 0xD8, 0xCE, 0xF6, 0xAF, 0x91, 0x33, 0xB5, 0xFD, 0x73, 0x1B, 0x78, 0x6B, 0x06, 0x6F, 0x71,
    0x33, 0x5E, 0xF7, 0xFD, 0xF0, 0xDE, 0xD6, 0x16, 0xA6, 0xB8, 0xF5, 0x17, 0x6E, 0x6E, 0xAF, 0xE4,
    0x5B, 0xF4, 0xAD, 0x3F, 0xE9, 0x1B, 0x6D, 0xA7, 0xE5, 0xC4, 0x3A, 0xDA, 0xB8, 0x69, 0x51, 0xF7,
    0x1B, 0x16, 0x76, 0xE9, 0xD9, 0x3C, 0xAB, 0x10, 0x64, 0x80, 0x4B, 0x41, 0xD1, 0xF4, 0x2B, 0x86,
    0xEE, 0x8D, 0x4E, 0x41, 0x9B, 0xE9, 0x9D, 0x6A, 0xF6, 0xF7, 0xC2, 0x11, 0xB5, 0x29, 0x3F, 0xB0,
    0x63, 0x06, 0xB1, 0xCF, 0xA2, 0x6D, 0x6F, 0x71, 0xC0, 0x0C, 0xA0, 0x93, 0x05, 0xE2, 0xA3, 0xF6,
    0x7E, 0xDF, 0xE8, 0x93, 0x66, 0xC1, 0x89, 0xA2, 0x24, 0xC3, 0x03, 0x29, 0x49, 0x33, 0x41, 0x61,
    0x33, 0x9A, 0x0B, 0x63, 0x44, 0x62, 0x21, 0x83, 0xDC, 0x2B, 0x79, 0x33, 0x25, 0x19, 0x3E, 0x18,
    0x46, 0xF4, 0xA7, 0x12, 0x94, 0x56, 0x85, 0xE7, 0x36, 0xCB, 0x78, 0x93, 0x63, 0xB8, 0x47, 0xD2,
    0x17, 0x3A, 0xE9, 0x29, 0x22, 0xCE, 0x2A, 0x9F, 0x65, 0xE9, 0xB7, 0x52, 0xAF, 0x64, 0xE9, 0xFB,
    0x55, 0x37, 0x87, 0xF4, 0x1D, 0x95, 0x7A, 0x6B, 0x90, 0xB6, 0x57, 0xB0, 0x11, 0x6E, 0x21, 0xFD,
    0x37, 0x61, 0xE2, 0x2C, 0xFD, 0xBD, 0x6A, 0x72, 0x3F, 0xA5, 0xBF, 0x73, 0x00, 0xDE, 0xC2, 0xEE,
    0xD5, 0x9B, 0xE9, 0xEF, 0x20, 0x86, 0x87, 0xFC, 0x1D, 0x36, 0xD6, 0xCD, 0x43, 0xB5, 0x46, 0x03,
    0x1A, 0xB8, 0xD7, 0x69, 0x5F, 0xD9, 0xCD, 0x7B, 0x3F, 0x05, 0x9E, 0x4B, 0x2A, 0x0D, 0x15, 0x5C,
    0xCF, 0x60, 0x82, 0x64, 0x91, 0x5F, 0x48, 0x36, 0xDE, 0xE2, 0x7D, 0x54, 0xC8, 0x3D, 0xF6, 0x2E,
    0xBE, 0x84, 0x87, 0x1A, 0xFC, 0x11, 0x35, 0x35, 0xAD, 0x1B, 0xC5, 0xC1, 0x26, 0x12, 0x67, 0x42,
    0xAD, 0xC2, 0x47, 0x52, 0x7C, 0x36, 0x5F, 0xEA, 0x7B, 0x64, 0x52, 0x0C, 0x61, 0xA5, 0x2D, 0xD2,
    0xE9, 0xE7, 0xD8, 0xE6, 0x1A, 0x26, 0x13, 0xF1, 0xB1, 0x52, 0x1B, 0x67, 0x03, 0xAC, 0xD7, 0x7D,
    0x61, 0x80, 0xF5, 0x02, 0x62, 0x47, 0x16, 0x91, 0x4E, 0x3E, 0x90, 0x2D, 0xAD, 0xBB, 0xE5, 0xA9,
    0x5B, 0x9B, 0x3A, 0x35, 0xDF, 0x3A, 0xF3, 0x75, 0x87, 0x36, 0x75, 0x67, 0x77, 0x2A, 0xDF, 0x83,
    0x46, 0xBE, 0xCE, 0xC8, 0xC8, 0x97, 0xE5, 0xCA, 0xF2, 0xF5, 0x36, 0x59, 0xF7, 0x43, 0x2C, 0xDF,
    0x90, 0xE5, 0xAC, 0xBD, 0x99, 0x6B, 0xBC, 0x99, 0xF4, 0xB5, 0x17, 0x6B, 0xA5, 0xBE, 0x62, 0x3A,
    0x03, 0x5E, 0x6F, 0x92, 0xAF, 0xA1, 0x99, 0xC1, 0x49, 0x7D, 0xCD, 0x31, 0x64, 0xCF, 0x35, 0x94,
    0x1A, 0xFB, 0x4A, 0xC4, 0x09, 0xCD, 0x65, 0x96, 0xAF, 0xD1, 0xAB, 0xA9, 0x9E, 0x4D, 0xF7, 0x75,
    0x47, 0xD6, 0x7D, 0x5F, 0xBC, 0x59, 0x2F, 0xF7, 0x87, 0x8C, 0xF7, 0x0D, 0x89, 0x42, 0x09, 0xFA,
    0x2C, 0x8B, 0x66, 0x7D, 0xB3, 0x1E, 0x43, 0x40, 0x0E, 0xE8, 0x43, 0xDF, 0x25, 0xFA, 0xA2, 0x8C,
    0xE3, 0x3A, 0x94, 0xEC, 0xC7, 0xD0, 0x67, 0x07, 0xDF, 0xEE, 0x60, 0xBC, 0x66, 0x9D, 0x9A, 0xC9,
    0x90, 0x80, 0x37, 0xB8, 0x7A, 0x52, 0x32, 0x5E, 0xD6, 0xDF, 0xFB, 0x85, 0x57, 0xDA, 0x75, 0x86,
    0x76, 0xDD, 0xCE, 0xCD, 0x78, 0xD3, 0xDB, 0xE2, 0x85, 0xBD, 0x8A, 0x35, 0xE0, 0x15, 0xCF, 0xC9,
    0xC0, 0x67, 0xBC, 0x94, 0xEE, 0x70, 0xB6, 0xF1, 0xDE, 0x66, 0xDF, 0x59, 0xA2, 0x6B, 0x93, 0xA4,
    0x1F, 0x69, 0x43, 0xA8, 0xAA, 0x9A, 0xCE, 0x4C, 0xC7, 0x65, 0x83, 0xF7, 0x12, 0x1C, 0x03, 0x5E,
    0xE8, 0xD5, 0x19, 0x8E, 0x8F, 0xAD, 0xF3, 0x27, 0xFE, 0x17, 0x59, 0x41, 0xE9, 0xA8, 0x35, 0x8F,
    0x24, 0xEF, 0x13, 0x9A, 0x27, 0x4D, 0xBD, 0x87, 0xF3, 0xC0, 0xE1, 0x14, 0xAC, 0x7C, 0xC0, 0x35,
    0x0A, 0x0D, 0xCE, 0x63, 0x36, 0x40, 0x7F, 0x28, 0x39, 0x5F, 0x44, 0x0A, 0x03, 0x39, 0x7B, 0x1C,
    0x5D, 0x1F, 0x93, 0x35, 0x2E, 0x40, 0xDD, 0xA2, 0x88, 0xB8, 0x66, 0xA0, 0xB4, 0x9A, 0xEA, 0xE7,
    0x54, 0x5F, 0xD7, 0x71, 0x7B, 0xCF, 0xCB, 0xE0, 0x68, 0x1A, 0xB7, 0x61, 0xD7, 0xEE, 0xDA, 0x76,
    0x7A, 0x3D, 0x95, 0xB3, 0xE1, 0x67, 0x83, 0x5C, 0xFE, 0x07, 0xDC, 0xA2, 0x6C, 0x19, 0x39, 0xF7,
    0x86, 0x1F, 0xA9, 0x5E, 0x87, 0xA9, 0x07, 0x3E, 0x36, 0xE6, 0x06, 0x45, 0xF8, 0xEE, 0x1B, 0xB2,
    0x86, 0x5A, 0xAE, 0xA5, 0x46, 0x45, 0x04, 0x67, 0xD6, 0x55, 0xE3, 0x2A, 0x51, 0xFC, 0x79, 0xDC,
    0x8F, 0x95, 0x2A, 0x42, 0x35, 0xCE, 0xDA, 0x3D, 0x25, 0x03, 0x35, 0x8C, 0xDB, 0xA1, 0x82, 0xCF,
    0x2B, 0xE2, 0x36, 0xC0, 0x02, 0x32, 0xF0, 0x7E, 0x1C, 0x3D, 0x84, 0x2D, 0xF1, 0xC2, 0x0F, 0x32,
    0x5E, 0x78, 0x48, 0x8D, 0x97, 0xA9, 0xD6, 0x6B, 0xEC, 0x57, 0xE3, 0x6D, 0xDD, 0x13, 0xBC, 0xD3,
    0xEC, 0x25, 0xB4, 0xF7, 0x9D, 0xDE, 0x3A, 0x0B, 0xF3, 0xAD, 0x1D, 0xB7, 0x16, 0x17, 0x8F, 0xFF,
    0xDA, 0xE2, 0xCB, 0x57, 0x07, 0xDA, 0x6F, 0xAB, 0x71, 0xEF, 0x47, 0x78, 0x7F, 0x52, 0x8D, 0xBB,
    0x7F, 0xAD, 0x46, 0x2B, 0xA8, 0x36, 0x7B, 0x03, 0x55, 0x2D, 0x0C, 0xD4, 0xB0, 0xA7, 0xF1, 0xAB,
    0x21, 0xAE, 0x03, 0x6E, 0x35, 0x9A, 0xD2, 0x3F, 0x54, 0x8C, 0x5F, 0x2D, 0x7D, 0x59, 0xD7, 0xBF,
    0x93, 0x75, 0xDC, 0x9D, 0x75, 0xDC, 0xF3, 0x9C, 0x2C, 0x97, 0x53, 0x3B, 0xC6, 0x73, 0x07, 0x23,
    0xE2, 0x2C, 0xEC, 0x26, 0x3B, 0x9E, 0xEE, 0x33, 0xDC, 0x26, 0x0B, 0xBB, 0x27, 0x7E, 0x6B, 0x0F,
    0xD1, 0xC7, 0x61, 0xC7, 0x48, 0xB9, 0xA8, 0x95, 0x17, 0xD1, 0xBC, 0xCE, 0xE6, 0xAB, 0x84, 0xBB,
    0x3E, 0xF4, 0xA9, 0x0D, 0x7D, 0x76, 0x21, 0x1D, 0xF6, 0xCF, 0x62, 0x90, 0xE3, 0x2F, 0xE6, 0x2C,
    0x14, 0x7F, 0xA0, 0xBB, 0x09, 0x7F, 0xDB, 0xEB, 0xF3, 0x71, 0x96, 0x2F, 0x67, 0x1A, 0xC6, 0x4F,
    0x3B, 0xD2, 0xF8, 0xAD, 0x7D, 0x39, 0xE3, 0x15, 0x88, 0x9F, 0x0F, 0x82, 0x9F, 0x0E, 0x59, 0x2E,
    0xA6, 0xE2, 0x1C, 0x99, 0xB8, 0x84, 0xCA, 0x53, 0xC7, 0x25, 0xA4, 0x26, 0x26, 0x2E, 0x1D, 0xFF,
    0x20, 0xF6, 0xDB, 0x85, 0x16, 0x58, 0xBC, 0x0F, 0x74, 0x5C, 0xB2, 0xFE, 0xCA, 0x81, 0xDE, 0xAE,
    0x31, 0xDE, 0xAD, 0xFD, 0xF3, 0xFB, 0xE3, 0x65, 0x2B, 0x79, 0x00, 0xF1, 0xA2, 0x9C, 0x86, 0x28,
    0x8B, 0x68, 0x01, 0xF1, 0x75, 0x27, 0xF4, 0x79, 0x0F, 0x9F, 0xDF, 0xF3, 0x1E, 0x7D, 0x46, 0xA8,
    0x82, 0x7F, 0x66, 0x7D, 0x96, 0x46, 0x9F, 0x5B, 0x4C, 0x1B, 0x9C, 0x4E, 0x7D, 0x00, 0xFF, 0x4C,
    0xBD, 0x91, 0xF1, 0xCF, 0x57, 0x5B, 0x29, 0xE3, 0x75, 0xE0, 0xAF, 0xEF, 0x02, 0xEF, 0x2E, 0x4B,
    0x67, 0xED, 0xF9, 0x6E, 0x65, 0xAE, 0xFB, 0x67, 0x69, 0xEE, 0x2B, 0x4A, 0xBD, 0x8E, 0x90, 0x99,
    0xF1, 0x57, 0x69, 0x62, 0xFD, 0x55, 0xD3, 0xE2, 0xAD, 0x69, 0xBC, 0x86, 0x52, 0x31, 0x67, 0x68,
    0xD5, 0x35, 0x55, 0x45, 0xFF, 0xF0, 0xEB, 0x4B, 0x06, 0xEF, 0x40, 0x6E, 0x2F, 0x5F, 0x9F, 0xFD,
    0x57, 0x9E, 0x25, 0x33, 0x4E, 0xFE, 0x90, 0x93, 0x6E, 0x85, 0x77, 0x2A, 0x5F, 0xEB, 0xAF, 0x38,
    0x2E, 0xE9, 0x3C, 0x1A, 0xB8, 0x3F, 0x4A, 0xF9, 0xC2, 0x31, 0x7D, 0x12, 0xF2, 0xE5, 0x8E, 0xC3,
    0x2C, 0xF4, 0xB9, 0xC5, 0xF5, 0x43, 0x59, 0x99, 0x96, 0x5C, 0x7F, 0x43, 0xBE, 0x37, 0xE3, 0x74,
    0x38, 0xD1, 0x02, 0xF5, 0xFF, 0x4C, 0xFA, 0xCF, 0x23, 0xCF, 0x72, 0xE0, 0xCF, 0x26, 0xDB, 0xCA,
    0xF7, 0x66, 0x7D, 0xC6, 0xBE, 0xEF, 0x57, 0x9E, 0x05, 0x2C, 0xE5, 0x0E, 0x9B, 0x67, 0x2D, 0x1B,
    0xBC, 0xEC, 0xEF, 0x91, 0xBD, 0x37, 0x02, 0xAB, 0xCF, 0x33, 0x33, 0x1C, 0x0B, 0x0A, 0xEE, 0x90,
    0xD1, 0x9A, 0xE9, 0x0A, 0x20, 0x6F, 0xD6, 0xFE, 0x2A, 0xD4, 0xFE, 0x2A, 0xA4, 0xDD, 0x83, 0xDB,
    0xC8, 0x57, 0x54, 0xAC, 0xCF, 0x22, 0x0F, 0xC6, 0x07, 0x12, 0xEE, 0x7D, 0x07, 0x93, 0x9C, 0xF1,
    0x22, 0x56, 0x6B, 0xBC, 0x55, 0xA0, 0xAA, 0x86, 0x6E, 0xA7, 0xAB, 0x8A, 0xF1, 0xC6, 0xA0, 0xC0,
    0x8B, 0xEB, 0x50, 0xE8, 0xA0, 0x74, 0xC9, 0xB9, 0xD7, 0x67, 0x03, 0x18, 0x05, 0xA9, 0xC1, 0xC0,
    0x1D, 0xF4, 0x90, 0x73, 0xFC, 0xEE, 0xF9, 0x7D, 0xA3, 0x0F, 0xD1, 0x15, 0xF8, 0xCE, 0x0A, 0x89,
    0xEB, 0xC0, 0xEB, 0x9F, 0x27, 0x7A, 0xF2, 0x6C, 0xBE, 0x5D, 0x5E, 0xE9, 0x71, 0x47, 0x50, 0xFC,
    0x67, 0x31, 0xFB, 0xA4, 0xC9, 0xAF, 0xC8, 0xD9, 0x36, 0x8F, 0xF6, 0x0A, 0x93, 0x47, 0x3B, 0x7D,
    0x9B, 0x47, 0x67, 0x46, 0xBE, 0xBC, 0x73, 0x2D, 0xDF, 0xBE, 0x95, 0x6F, 0x6C, 0xE4, 0x0B, 0x8D,
    0xD2, 0xF2, 0xF5, 0xE4, 0x5D, 0x75, 0x05, 0xEE, 0x2C, 0xDF, 0xD8, 0xEC, 0xAF, 0xBC, 0x11, 0x77,
    0x7D, 0x90, 0xC7, 0xFA, 0xE8, 0xFA, 0xA0, 0x1E, 0xCB, 0xDC, 0xBC, 0x8A, 0x51, 0x47, 0xFD, 0x4D,
    0x29, 0x75, 0xE7, 0xF3, 0xFB, 0x95, 0x6C, 0xB7, 0x85, 0x92, 0xF8, 0x1C, 0xB7, 0x67, 0x53, 0xFE,
    0x5E, 0xE3, 0xC6, 0xF5, 0x9A, 0xC2, 0xD5, 0x6D, 0xF8, 0xAB, 0xDD, 0xE7, 0x88, 0xF6, 0xE6, 0xA8,
    0x83, 0x39, 0x7D, 0x29, 0xCA, 0x7A, 0x30, 0x19, 0xBC, 0xAB, 0x5E, 0x2F, 0x82, 0x60, 0x22, 0x48,
    0xAD, 0x4A, 0x71, 0x96, 0xE9, 0x51, 0xA4, 0xAE, 0xA0, 0x6B, 0x48, 0x62, 0x87, 0x0B, 0x82, 0x86,
    0xE8, 0xFC, 0xCE, 0x37, 0x04, 0xBD, 0x0A, 0xCE, 0xF8, 0xFF, 0x46, 0x0E, 0xD7, 0xB0, 0xB0, 0x0F,
    0x31, 0xD6, 0x8D, 0xDE, 0x22, 0x3C, 0x67, 0x06, 0x28, 0x9B, 0xB3, 0xE8, 0x7B, 0x81, 0xDB, 0x74,
    0x7E, 0x4D, 0xF3, 0x23, 0x32, 0x7D, 0x80, 0x2A, 0x36, 0x7D, 0x00, 0xC6, 0x9D, 0xA2, 0x91, 0xDF,
    0x6E, 0x93, 0x57, 0xC1, 0xC4, 0x61, 0xBF, 0x83, 0xDC, 0xBF, 0xCE, 0xF9, 0x34, 0x3F, 0x27, 0xBD,
    0x35, 0x2E, 0x6D, 0x83, 0xDB, 0xB1, 0xB8, 0x1D, 0xE5, 0x6B, 0xDC, 0x8E, 0xC5, 0xED, 0x54, 0x06,
    0xB7, 0x63, 0x71, 0xBB, 0x1F, 0x14, 0xF7, 0xFD, 0x8C, 0xC7, 0xB7, 0xF8, 0xAF, 0x92, 0x0B, 0x1C,
    0xD0, 0x15, 0x72, 0x47, 0xBA, 0xEB, 0x57, 0x04, 0x25, 0xE3, 0xEE, 0x96, 0x61, 0xC5, 0xFE, 0xAB,
    0xA5, 0xBB, 0x83, 0x11, 0xBA, 0xB2, 0x78, 0xFC, 0x6D, 0xFD, 0xB5, 0x0B, 0x7F, 0x1D, 0xA6, 0xAC,
    0xDF, 0x3C, 0xFD, 0xB8, 0x17, 0xFE, 0xEB, 0xA8, 0xB9, 0xAF, 0x3B, 0x39, 0xAE, 0xD7, 0x19, 0xB1,
    0x13, 0x03, 0xDE, 0xCB, 0xDC, 0xB1, 0x05, 0xDE, 0x1A, 0x23, 0x07, 0xDE, 0x26, 0x7F, 0x06, 0xDE,
    0x44, 0x77, 0x1E, 0x8A, 0xE8, 0x63, 0x5A, 0x6B, 0xAA, 0xC4, 0x7B, 0xFC, 0xF6, 0x78, 0x23, 0x83,
    0xD7, 0x79, 0xA0, 0xF0, 0x6E, 0x23, 0xDF, 0x3D, 0x2C, 0x5F, 0xF8, 0xED, 0x0E, 0xF7, 0x3D, 0xF0,
    0x45, 0x80, 0xFA, 0x50, 0xD7, 0xAF, 0xB2, 0x88, 0xEA, 0x7A, 0x7B, 0x77, 0x90, 0x5F, 0x1E, 0xB0,
    0x7A, 0xDD, 0xB7, 0xF9, 0xC7, 0xD8, 0xC4, 0x27, 0xF1, 0x3D, 0xAD, 0x27, 0x75, 0xCF, 0x1F, 0x60,
    0x72, 0x56, 0x04, 0x0D, 0x71, 0xF5, 0x44, 0x01, 0xBC, 0x4F, 0x60, 0x07, 0x39, 0xF0, 0x8E, 0x0D,
    0xDF, 0x21, 0x07, 0x69, 0xE3, 0x53, 0xA1, 0xF7, 0xC9, 0x4D, 0x74, 0xDE, 0x77, 0x03, 0x8E, 0x85,
    0x71, 0x78, 0xEA, 0xFC, 0xBE, 0xF7, 0x74, 0x71, 0x31, 0xA5, 0x33, 0x03, 0xAB, 0xF0, 0xDA, 0x27,
    0xF4, 0x4C, 0x8E, 0x2B, 0x6D, 0x3D, 0x12, 0xF5, 0xA4, 0x69, 0x01, 0x50, 0x88, 0xD8, 0x34, 0xC3,
    0xFD, 0x9D, 0x0E, 0x5A, 0xFF, 0x5D, 0x2E, 0x95, 0x2A, 0x60, 0x19, 0xC2, 0xA6, 0xF1, 0xF0, 0x8E,
    0xE0, 0x99, 0x1A, 0xCC, 0xF7, 0x93, 0x2E, 0xBB, 0x54, 0xCF, 0x0A, 0xD2, 0xB6, 0xFF, 0x11, 0x37,
    0xEC, 0x60, 0x39, 0x42, 0x57, 0xEA, 0xD4, 0x97, 0xC4, 0x9F, 0xC2, 0xE4, 0x9B, 0x68, 0xC8, 0xA3,
    0x9D, 0x5F, 0xB7, 0xDD, 0x2F, 0x7A, 0xCF, 0x01, 0x1A, 0xAB, 0x9F, 0xE2, 0x06, 0x56, 0x39, 0xC0,
    0x90, 0xF5, 0x85, 0x65, 0x8C, 0x9C, 0x31, 0x1B, 0x6C, 0x0C, 0x2E, 0x51, 0x67, 0x57, 0xC3, 0x9F,
    0xF8, 0x33, 0x3E, 0xA0, 0x35, 0x57, 0x4E, 0x7C, 0x5F, 0x37, 0xBD, 0x92, 0xE3, 0xC4, 0x31, 0xA3,
    0xC3, 0x62, 0x41, 0x47, 0x13, 0x4D, 0xB0, 0x26, 0x77, 0xC7, 0xC4, 0xC6, 0xC1, 0xFC, 0x19, 0x44,
    0x2E, 0xF1, 0xFC, 0x31, 0x42, 0x50, 0xE3, 0x2E, 0x17, 0xB3, 0x13, 0xB3, 0x55, 0xDF, 0xF4, 0xBA,
    0xA6, 0x90, 0xA9, 0xA7, 0xCE, 0xD9, 0xE9, 0xF0, 0xED, 0xAB, 0x47, 0x69, 0xBD, 0xDA, 0x10, 0x83,
    0x47, 0x03, 0x4D, 0x37, 0xB9, 0x52, 0xCE, 0xC6, 0xCE, 0xF0, 0x14, 0x3A, 0xAF, 0x73, 0x15, 0xD5,
    0x7B, 0x4E, 0x46, 0x8C, 0x79, 0xA7, 0x2C, 0xAC, 0x55, 0x57, 0x56, 0xCB, 0xFB, 0x99, 0xE1, 0x78,
    0xF6, 0x4F, 0xC8, 0xD3, 0xB8, 0x77, 0xFF, 0xAD, 0xAA, 0x47, 0xDC, 0xCB, 0x7F, 0x25, 0xE9, 0xF1,
    0xF4, 0x32, 0xBE, 0xD4, 0xEC, 0x22, 0x99, 0xA1, 0xF8, 0x4C, 0xB0, 0x8B, 0x1C, 0x38, 0xFA, 0x4C,
    0xE8, 0x1B, 0xFA, 0x95, 0x6D, 0xDF, 0x15, 0x66, 0x1C, 0x52, 0x48, 0x16, 0x32, 0xAB, 0x97, 0x23,
    0x7B, 0x1C, 0xA0, 0x4B, 0xF7, 0xD5, 0xF2, 0x19, 0xEE, 0x1E, 0xFA, 0x7E, 0xCA, 0x6C, 0x09, 0xD7,
    0x6C, 0xF7, 0x26, 0x4C, 0x6D, 0xF5, 0x58, 0xDD, 0xAD, 0xB6, 0xE7, 0xBB, 0xB4, 0xB6, 0xBB, 0x60,
    0x2E, 0x6B, 0xBB, 0x97, 0x32, 0x9B, 0x3D, 0xEE, 0xB9, 0x0C, 0xD9, 0x9B, 0xC1, 0x6E, 0x1F, 0x7E,
    0x8F, 0x37, 0x2B, 0x1E, 0x32, 0xDE, 0x8C, 0x67, 0xDA, 0xD0, 0x76, 0x4F, 0x7A, 0xBA, 0x8B, 0x3B,
    0xE1, 0x6C, 0x6B, 0xAB, 0xEC, 0x04, 0x59, 0x34, 0x6B, 0xBB, 0x57, 0xEC, 0xCB, 0x59, 0xDB, 0xF7,
    0xB3, 0x65, 0xC1, 0xBA, 0x63, 0x7E, 0x36, 0xAC, 0x7B, 0x60, 0xAB, 0x0B, 0x1E, 0xDF, 0xB0, 0x75,
    0x33, 0x65, 0xEB, 0x56, 0x13, 0xB5, 0xC6, 0xD6, 0xBD, 0x92, 0xBA, 0xE3, 0xFF, 0x8F, 0x6A, 0x6A,
    0x17, 0x61, 0xCC, 0x0B, 0xBC, 0x5D, 0x66, 0x2D, 0x77, 0xF9, 0x52, 0xD3, 0xE5, 0xEB, 0xF1, 0xEC,
    0x06, 0xD6, 0x3D, 0xC7, 0xAA, 0xB3, 0x05, 0xDE, 0x2F, 0x2E, 0x2E, 0xBE, 0x08, 0xBC, 0xE2, 0xDB,
    0x3F, 0xFF, 0xC7, 0x57, 0x80, 0xB7, 0xD1, 0x5E, 0xAD, 0x3D, 0x22, 0x6D, 0xD4, 0x42, 0xD7, 0xBA,
    0xF1, 0xC8, 0xEA, 0xE7, 0x7E, 0x43, 0x62, 0xFA, 0x95, 0xAD, 0xD6, 0x0E, 0xBF, 0x8A, 0xF9, 0x1D,
    0x9F, 0x3F, 0x02, 0xBC, 0x8B, 0x8B, 0x8B, 0x7F, 0x7F, 0xFF, 0xAB, 0x29, 0x21, 0x61, 0x05, 0x75,
    0xCE, 0xC6, 0x78, 0xA8, 0xB1, 0x8A, 0xEE, 0x0F, 0x9F, 0xFF, 0xA5, 0x6C, 0x6A, 0x05, 0xEE, 0xA0,
    0x4B, 0xCF, 0x5D, 0x0D, 0x74, 0xBB, 0x82, 0xB7, 0x48, 0xDC, 0x28, 0xFB, 0x71, 0xF0, 0xF5, 0x54,
    0xFC, 0xF7, 0x37, 0xB2, 0xB6, 0xF8, 0x6D, 0xA2, 0x2B, 0xDC, 0x1D, 0xB8, 0x85, 0xF6, 0x46, 0x57,
    0x18, 0xEF, 0xB1, 0xEB, 0x17, 0xAE, 0x00, 0xAF, 0x08, 0xF0, 0x53, 0x12, 0xF6, 0x66, 0xE0, 0xE4,
    0x95, 0xB4, 0xAA, 0x09, 0x00, 0xBF, 0x92, 0x96, 0x81, 0xA6, 0x8F, 0x49, 0xEF, 0x08, 0xD3, 0xC7,
    0x73, 0xF7, 0xB5, 0xE0, 0xDA, 0xC9, 0x2B, 0x5F, 0x27, 0xFA, 0x15, 0x5F, 0x07, 0x73, 0xED, 0x31,
    0x85, 0xE9, 0x5E, 0x0F, 0x52, 0xF1, 0xFA, 0x49, 0xB6, 0xB5, 0x22, 0xE0, 0x1E, 0x64, 0xC2, 0xF8,
    0xC0, 0x8F, 0x50, 0xFD, 0xE5, 0xCB, 0xAA, 0xBA, 0x0F, 0x51, 0x5A, 0x7B, 0xE5, 0x62, 0xCB, 0xB9,
    0xB4, 0xCD, 0xBA, 0x9D, 0x6A, 0xDB, 0xAA, 0x19, 0x66, 0xAC, 0xAB, 0x8C, 0xEE, 0xC8, 0x54, 0x19,
    0xDC, 0xED, 0x32, 0x5D, 0xAF, 0xD4, 0x76, 0xBD, 0x74, 0x37, 0x17, 0x94, 0xBD, 0xB8, 0xC4, 0xB8,
    0xC2, 0x64, 0xA1, 0xB0, 0x8B, 0x3B, 0x91, 0x33, 0xED, 0xB3, 0x0E, 0x0C, 0x0B, 0x98, 0x33, 0xAD,
    0x6F, 0x1D, 0xFA, 0x8C, 0x86, 0x77, 0xE3, 0xD0, 0xA1, 0x43, 0x5C, 0x54, 0x88, 0x2B, 0x38, 0xE8,
    0x32, 0xCE, 0x6F, 0xE2, 0xE0, 0x10, 0x20, 0x2F, 0xFC, 0x2E, 0x1F, 0x80, 0x6D, 0xCF, 0xE8, 0x03,
    0xCC, 0xFD, 0xDF, 0xD1, 0x07, 0x1D, 0x72, 0xDE, 0xE9, 0xBD, 0x7D, 0xA8, 0xFB, 0xF6, 0x3C, 0x34,
    0x62, 0x78, 0x91, 0x4E, 0x5F, 0xC4, 0x68, 0x12, 0x5E, 0x8D, 0xCA, 0xA6, 0x4F, 0xE2, 0x48, 0x5A,
    0x87, 0x75, 0x7B, 0x28, 0x51, 0xE0, 0xA6, 0xE5, 0x6E, 0x91, 0x7A, 0x22, 0xAD, 0x01, 0x0B, 0x0E,
    0x5C, 0xD9, 0xA1, 0x7E, 0x1D, 0x07, 0xC5, 0x2F, 0x2B, 0x9A, 0xBF, 0x18, 0xA6, 0x73, 0x2B, 0x48,
    0xDE, 0xFC, 0x37, 0xDE, 0x2D, 0xE7, 0x0F, 0xA7, 0xE8, 0xA0, 0x8A, 0x2F, 0x57, 0xBF, 0xF5, 0xA8,
    0x74, 0xD6, 0xA8, 0xF1, 0xE8, 0xD2, 0xE1, 0xA4, 0x42, 0x0D, 0xDE, 0xF9, 0xE6, 0xA9, 0xC3, 0x4F,
    0x74, 0x84, 0xA2, 0xEA, 0xB5, 0xEC, 0xD3, 0xDF, 0x0B, 0x84, 0x12, 0xAB, 0x7F, 0xDC, 0x6F, 0xFE,
    0x40, 0xAC, 0xAA, 0x63, 0x4E, 0x93, 0xC7, 0x53, 0x6F, 0x2B, 0xE3, 0x76, 0xE8, 0x2B, 0x13, 0x78,
    0x89, 0x14, 0x92, 0x8A, 0xBF, 0x90, 0x71, 0x4C, 0x59, 0x82, 0x8F, 0x88, 0xD9, 0x21, 0xB7, 0x3E,
    0x0B, 0x9F, 0xC0, 0x69, 0xA1, 0xAB, 0xFE, 0xE8, 0xA5, 0xA3, 0x93, 0xBB, 0x49, 0xD6, 0x7E, 0x06,
    0xA1, 0x4C, 0xF0, 0x9C, 0x7F, 0xC5, 0x39, 0xFF, 0xDF, 0xC9, 0x9B, 0xD1, 0x13, 0xE9, 0x2D, 0x92,
    0xB5, 0x16, 0x8B, 0x5B, 0x8F, 0x28, 0xC5, 0x48, 0xAB, 0x81, 0xB4, 0xC1, 0x9C, 0x3F, 0xC7, 0xB7,
    0x53, 0x07, 0xA8, 0x01, 0x72, 0x18, 0xAD, 0x06, 0x9D, 0xC4, 0xA8, 0x41, 0xBB, 0x69, 0x8A, 0x91,
    0xAF, 0xFE, 0x83, 0x6D, 0x26, 0x8C, 0x4D, 0xF2, 0x02, 0x6A, 0x9A, 0xBD, 0x63, 0xA3, 0x06, 0xDD,
    0xB1, 0x51, 0x03, 0xA8, 0x8F, 0x56, 0x83, 0xA0, 0xBC, 0x97, 0xEE, 0xED, 0x35, 0x6E, 0x56, 0x02,
    0xAF, 0x83, 0x2A, 0x89, 0x8E, 0xDC, 0x8A, 0x97, 0x33, 0xE1, 0x41, 0x5E, 0x25, 0x75, 0x28, 0x68,
    0x8E, 0xE2, 0x3A, 0x76, 0xE4, 0x6E, 0x7A, 0x38, 0x6B, 0x3F, 0x5A, 0xCA, 0xDA, 0x5C, 0x2D, 0x6E,
    0x1F, 0xAA, 0x64, 0xAD, 0x0B, 0xFA, 0x9B, 0x3F, 0x93, 0xBB, 0xE7, 0x1E, 0x8E, 0xDB, 0x0D, 0x7D,
    0x1D, 0xCC, 0x5D, 0xDF, 0xB7, 0x51, 0x5C, 0xCF, 0xFC, 0x39, 0xD1, 0xAF, 0xC3, 0xDC, 0x6B, 0xFF,
    0x45, 0xF4, 0x57, 0x70, 0x6F, 0xBB, 0x9F, 0x22, 0xFA, 0x8B, 0xC7, 0x36, 0x17, 0xD7, 0xDD, 0xEA,
    0x6E, 0x8B, 0xEB, 0x94, 0x63, 0x34, 0x8A, 0xD0, 0x12, 0x09, 0xA6, 0xFE, 0x59, 0x97, 0x5B, 0xE8,
    0x22, 0xB5, 0x75, 0x34, 0xE5, 0xA2, 0x75, 0x8F, 0x17, 0x70, 0x11, 0x4B, 0xCF, 0xEE, 0xA7, 0x73,
    0x6C, 0xE6, 0xD1, 0x02, 0xD7, 0x19, 0x88, 0xE0, 0x7B, 0xB5, 0x99, 0x3B, 0x23, 0x8B, 0x77, 0xC7,
    0x46, 0x32, 0x5E, 0xDE, 0x92, 0x8C, 0x8B, 0xAF, 0x15, 0xFE, 0xE3, 0x79, 0x1B, 0xC3, 0xC8, 0x1C,
    0x61, 0xAC, 0x3D, 0x1D, 0xBD, 0x4E, 0xE9, 0x6D, 0x9A, 0x45, 0x25, 0xD6, 0xE5, 0x39, 0x21, 0x87,
    0x42, 0x24, 0x6D, 0x5A, 0xBE, 0xDC, 0x1E, 0x46, 0x08, 0xE5, 0x66, 0x42, 0x63, 0x7D, 0xB8, 0xB2,
    0xDE, 0x04, 0x98, 0x36, 0x05, 0xD6, 0xE7, 0xAE, 0x1F, 0x36, 0x7C, 0x0D, 0x48, 0xAC, 0x59, 0x77,
    0x1E, 0x42, 0x9F, 0x79, 0xA8, 0xE4, 0x6C, 0x92, 0xAF, 0x43, 0xB2, 0xEE, 0x40, 0x9F, 0xFD, 0xB3,
    0x18, 0xD6, 0xE4, 0xDC, 0x0C, 0xC4, 0xF5, 0xAC, 0xCF, 0x0B, 0xF6, 0xE7, 0x36, 0x37, 0x64, 0xB0,
    0xCC, 0x6E, 0x5C, 0x56, 0x51, 0xC0, 0x34, 0xD5, 0xB3, 0xC7, 0x4D, 0x78, 0xF1, 0xEB, 0x36, 0xE3,
    0xD6, 0xC6, 0x5A, 0x9F, 0xDD, 0x9B, 0x9A, 0xF9, 0x4C, 0x75, 0x73, 0x0C, 0x4D, 0x5E, 0x2D, 0x5F,
    0xFD, 0x6B, 0xB8, 0x8F, 0x3E, 0x5C, 0x4F, 0xDD, 0x78, 0x37, 0x15, 0x77, 0xE7, 0xC6, 0x6F, 0x96,
    0x2F, 0x27, 0xE1, 0xC0, 0xEB, 0x5F, 0x3D, 0xA1, 0x87, 0x90, 0x48, 0x5B, 0xFA, 0x0F, 0x52, 0xB3,
    0xF7, 0x5E, 0xE3, 0x45, 0xBA, 0xF3, 0x94, 0x19, 0xBA, 0xFA, 0x66, 0xE8, 0xAA, 0x1E, 0x98, 0xA1,
    0xEB, 0x1E, 0x6E, 0x06, 0x62, 0xE8, 0xA8, 0x80, 0xD7, 0x53, 0x45, 0x80, 0x34, 0x2A, 0x69, 0xA8,
    0xFE, 0xC2, 0x04, 0xE9, 0x49, 0xED, 0x99, 0x2C, 0x1E, 0x67, 0x59, 0xBB, 0xC6, 0xB6, 0xDA, 0x8E,
    0x41, 0x33, 0xFC, 0x9A, 0x34, 0x6E, 0x07, 0x54, 0x21, 0x98, 0x41, 0x9F, 0x7F, 0x28, 0x83, 0xC7,
    0xD1, 0x2C, 0xA2, 0x3B, 0x6F, 0x06, 0x8E, 0xEF, 0x02, 0xEF, 0xFF, 0x01,
};

static const EpdGlyph lato_14_regularGlyphs[] = {
    { 0, 0, 0, 0, 0, 0, 0 }, // U+0000
    { 0, 0, 0, 0, 0, 0, 0 }, // U+0001
    { 0, 0, 0, 0, 0, 0, 0 }, // U+0002
    { 0, 0, 0, 0, 0, 0, 0 }, // U+0003
    { 0, 0, 0, 0, 0, 0, 0 }, // U+0004
    { 0, 0, 0, 0, 0, 0, 0 }, // U+0005
    { 0, 0, 0, 0, 0, 0, 0 }, // U+0006
    { 0, 0, 0, 0, 0, 0, 0 }, // U+0007
    { 0, 0, 0, 0, 0, 0, 0 }, // U+0008
    { 0, 0, 0, 0, 0, 0, 0 }, // U+0009
    { 0, 0, 0, 0, 0, 0, 0 }, // U+000A
    { 0, 0, 0, 0, 0, 0, 0 }, // U+000B
    { 0, 0, 0, 0, 0, 0, 0 }, // U+000C
    { 0, 0, 0, 0, 0, 0, 0 }, // U+000D
    { 0, 0, 0, 0, 0, 0, 0 }, // U+000E
    { 0, 0, 0, 0, 0, 0, 0 }, // U+000F
    { 0, 0, 0, 0, 0, 0, 0 }, // U+0010
    { 0, 0, 0, 0, 0, 0, 0 }, // U+0011
    { 0, 0, 0, 0, 0, 0, 0 }, // U+0012
    { 0, 0, 0, 0, 0, 0, 0 }, // U+0013
    { 0, 0, 0, 0, 0, 0, 0 }, // U+0014
    { 0, 0, 0, 0, 0, 0, 0 }, // U+0015
    { 0, 0, 0, 0, 0, 0, 0 }, // U+0016
    { 0, 0, 0, 0, 0, 0, 0 }, // U+0017
    { 0, 0, 0, 0, 0, 0, 0 }, // U+0018
    { 0, 0, 0, 0, 0, 0, 0 }, // U+0019
    { 0, 0, 0, 0, 0, 0, 0 }, // U+001A
    { 0, 0, 0, 0, 0, 0, 0 }, // U+001B
    { 0, 0, 0, 0, 0, 0, 0 }, // U+001C
    { 0, 0, 0, 0, 0, 0, 0 }, // U+001D
    { 0, 0, 0, 0, 0, 0, 0 }, // U+001E
    { 0, 0, 0, 0, 0, 0, 0 }, // U+001F
    { 0, 0, 119, 0, 0, 0, 0 }, // U+0020
    { 4, 21, 126, 2, 21, 21, 0 }, // !
    { 8, 7, 173, 1, 21, 14, 21 }, // "
    { 17, 21, 302, 1, 21, 90, 35 }, // #
    { 15, 28, 263, 1, 24, 105, 125 }, // $
    { 21, 21, 374, 1, 21, 111, 230 }, // %
    { 20, 21, 332, 1, 21, 105, 341 }, // &
    { 4, 7, 95, 1, 21, 7, 446 }, // '
    { 6, 28, 125, 1, 23, 42, 453 }, // (
    { 7, 28, 125, 0, 23, 49, 495 }, // )
    { 10, 9, 198, 1, 22, 23, 544 }, // *
    { 15, 14, 271, 1, 17, 53, 567 }, // +
    { 5, 7, 106, 1, 3, 9, 620 }, // ,
    { 8, 2, 173, 1, 10, 4, 629 }, // -
    { 5, 4, 110, 1, 4, 5, 633 }, // .
    { 13, 23, 211, 0, 21, 75, 638 }, // /
    { 17, 21, 307, 1, 21, 90, 713 }, // 0
    { 9, 21, 185, 0, 21, 48, 803 }, // 1
    { 15, 21, 264, 1, 21, 79, 851 }, // 2
    { 15, 21, 269, 1, 21, 79, 930 }, // 3
    { 17, 21, 279, 0, 21, 90, 1009 }, // 4
    { 14, 21, 253, 1, 21, 74, 1099 }, // 5
    { 15, 21, 264, 1, 21, 79, 1173 }, // 6
    { 15, 21, 247, 0, 21, 79, 1252 }, // 7
    { 15, 21, 274, 1, 21, 79, 1331 }, // 8
    { 14, 21, 255, 1, 21, 74, 1410 }, // 9
    { 5, 15, 117, 1, 15, 19, 1484 }, // :
    { 5, 19, 122, 1, 15, 24, 1503 }, // ;
    { 12, 14, 271, 2, 17, 42, 1527 }, // <
    { 13, 7, 271, 2, 13, 23, 1569 }, // =
    { 12, 14, 271, 3, 17, 42, 1592 }, // >
    { 11, 21, 209, 1, 21, 58, 1634 }, // ?
    { 22, 23, 390, 1, 20, 127, 1692 }, // @
    { 20, 21, 316, 0, 21, 105, 1819 }, // A
    { 16, 21, 302, 2, 21, 84, 1924 }, // B
    { 18, 21, 312, 1, 21, 95, 2008 }, // C
    { 19, 21, 355, 2, 21, 100, 2103 }, // D
    { 14, 21, 270, 2, 21, 74, 2203 }, // E
    { 14, 21, 264, 2, 21, 74, 2277 }, // F
    { 19, 21, 341, 1, 21, 100, 2351 }, // G
    { 18, 21, 356, 2, 21, 95, 2451 }, // H
    { 4, 21, 131, 2, 21, 21, 2546 }, // I
    { 10, 21, 197, 0, 21, 53, 2567 }, // J
    { 18, 21, 309, 2, 21, 95, 2620 }, // K
    { 13, 21, 240, 2, 21, 69, 2715 }, // L
    { 23, 21, 433, 2, 21, 121, 2784 }, // M
    { 18, 21, 356, 2, 21, 95, 2905 }, // N
    { 21, 21, 374, 1, 21, 111, 3000 }, // O
    { 15, 21, 280, 2, 21, 79, 3111 }, // P
    { 22, 25, 374, 1, 21, 138, 3190 }, // Q
    { 17, 21, 292, 2, 21, 90, 3328 }, // R
    { 15, 21, 253, 0, 21, 79, 3418 }, // S
    { 17, 21, 276, 0, 21, 90, 3497 }, // T
    { 17, 21, 343, 2, 21, 90, 3587 }, // U
    { 20, 21, 316, 0, 21, 105, 3677 }, // V
    { 30, 21, 483, 0, 21, 158, 3782 }, // W
    { 19, 21, 303, 0, 21, 100, 3940 }, // X
    { 19, 21, 291, 0, 21, 100, 4040 }, // Y
    { 17, 21, 281, 0, 21, 90, 4140 }, // Z
    { 6, 27, 143, 2, 23, 41, 4230 }, // [
    { 13, 23, 211, 0, 21, 75, 4271 }, // <backslash>
    { 7, 27, 143, 0, 23, 48, 4346 }, // ]
    { 14, 11, 271, 1, 21, 39, 4394 }, // ^
    { 13, 2, 214, 0, -2, 7, 4433 }, // _
    { 7, 4, 187, 1, 21, 7, 4440 }, // `
    { 13, 15, 232, 0, 15, 49, 4447 }, // a
    { 13, 21, 261, 2, 21, 69, 4496 }, // b
    { 13, 15, 223, 1, 15, 49, 4565 }, // c
    { 14, 21, 261, 1, 21, 74, 4614 }, // d
    { 14, 15, 246, 1, 15, 53, 4688 }, // e
    { 10, 21, 164, 0, 21, 53, 4741 }, // f
    { 15, 20, 243, 0, 15, 75, 4794 }, // g
    { 13, 21, 260, 2, 21, 69, 4869 }, // h
    { 5, 21, 112, 1, 21, 27, 4938 }, // i
    { 8, 26, 112, -2, 21, 52, 4965 }, // j
    { 13, 21, 237, 2, 21, 69, 5017 }, // k
    { 3, 21, 110, 2, 21, 16, 5086 }, // l
    { 20, 15, 384, 2, 15, 75, 5102 }, // m
    { 13, 15, 260, 2, 15, 49, 5177 }, // n
    { 15, 15, 265, 1, 15, 57, 5226 }, // o
    { 13, 20, 262, 2, 15, 65, 5283 }, // p
    { 14, 20, 261, 1, 15, 70, 5348 }, // q
    { 9, 15, 170, 2, 15, 34, 5418 }, // r
    { 12, 15, 202, 0, 15, 45, 5452 }, // s
    { 11, 20, 167, 0, 20, 55, 5497 }, // t
    { 14, 15, 260, 1, 15, 53, 5552 }, // u
    { 15, 15, 241, 0, 15, 57, 5605 }, // v
    { 23, 15, 367, 0, 15, 87, 5662 }, // w
    { 15, 15, 232, 0, 15, 57, 5749 }, // x
    { 15, 20, 241, 0, 15, 75, 5806 }, // y
    { 13, 15, 211, 0, 15, 49, 5881 }, // z
    { 8, 27, 140, 0, 23, 54, 5930 }, // {
    { 3, 28, 117, 2, 23, 21, 5984 }, // |
    { 8, 27, 140, 0, 23, 54, 6005 }, // }
    { 15, 6, 271, 1, 12, 23, 6059 }, // ~
    { 0, 0, 0, 0, 0, 0, 6082 }, // U+007F
    { 0, 0, 0, 0, 0, 0, 0 }, // U+0080
    { 0, 0, 0, 0, 0, 0, 0 }, // U+0081
    { 0, 0, 0, 0, 0, 0, 0 }, // U+0082
    { 0, 0, 0, 0, 0, 0, 0 }, // U+0083
    { 0, 0, 0, 0, 0, 0, 0 }, // U+0084
    { 0, 0, 0, 0, 0, 0, 0 }, // U+0085
    { 0, 0, 0, 0, 0, 0, 0 }, // U+0086
    { 0, 0, 0, 0, 0, 0, 0 }, // U+0087
    { 0, 0, 0, 0, 0, 0, 0 }, // U+0088
    { 0, 0, 0, 0, 0, 0, 0 }, // U+0089
    { 0, 0, 0, 0, 0, 0, 0 }, // U+008A
    { 0, 0, 0, 0, 0, 0, 0 }, // U+008B
    { 0, 0, 0, 0, 0, 0, 0 }, // U+008C
    { 0, 0, 0, 0, 0, 0, 0 }, // U+008D
    { 0, 0, 0, 0, 0, 0, 0 }, // U+008E
    { 0, 0, 0, 0, 0, 0, 0 }, // U+008F
    { 0, 0, 0, 0, 0, 0, 0 }, // U+0090
    { 0, 0, 0, 0, 0, 0, 0 }, // U+0091
    { 0, 0, 0, 0, 0, 0, 0 }, // U+0092
    { 0, 0, 0, 0, 0, 0, 0 }, // U+0093
    { 0, 0, 0, 0, 0, 0, 0 }, // U+0094
    { 0, 0, 0, 0, 0, 0, 0 }, // U+0095
    { 0, 0, 0, 0, 0, 0, 0 }, // U+0096
    { 0, 0, 0, 0, 0, 0, 0 }, // U+0097
    { 0, 0, 0, 0, 0, 0, 0 }, // U+0098
    { 0, 0, 0, 0, 0, 0, 0 }, // U+0099
    { 0, 0, 0, 0, 0, 0, 0 }, // U+009A
    { 0, 0, 0, 0, 0, 0, 0 }, // U+009B
    { 0, 0, 0, 0, 0, 0, 0 }, // U+009C
    { 0, 0, 0, 0, 0, 0, 0 }, // U+009D
    { 0, 0, 0, 0, 0, 0, 0 }, // U+009E
    { 0, 0, 0, 0, 0, 0, 0 }, // U+009F
    { 0, 0, 119, 0, 0, 0, 0 }, // U+00A0
    { 5, 20, 118, 1, 15, 25, 0 }, // U+00A1
    { 14, 22, 252, 1, 19, 77, 25 }, // U+00A2
    { 17, 21, 271, 0, 21, 90, 102 }, // U+00A3
    { 14, 15, 271, 1, 17, 53, 192 }, // U+00A4
    { 19, 21, 308, 0, 21, 100, 245 }, // U+00A5
    { 3, 28, 118, 2, 23, 21, 345 }, // U+00A6
    { 12, 23, 231, 1, 21, 69, 366 }, // U+00A7
    { 10, 3, 187, 1, 21, 8, 435 }, // U+00A8
    { 22, 21, 388, 1, 21, 116, 443 }, // U+00A9
    { 8, 9, 172, 1, 21, 18, 559 }, // U+00AA
    { 10, 13, 200, 1, 14, 33, 577 }, // U+00AB
    { 13, 6, 271, 2, 11, 20, 610 }, // U+00AC
    { 0, 0, 0, 0, 0, 0, 630 }, // U+00AD
    { 22, 21, 388, 1, 21, 116, 630 }, // U+00AE
    { 9, 2, 187, 1, 20, 5, 746 }, // U+00AF
    { 10, 10, 193, 1, 21, 25, 751 }, // U+00B0
    { 15, 16, 271, 1, 17, 60, 776 }, // U+00B1
    { 8, 11, 156, 1, 24, 22, 836 }, // U+00B2
    { 8, 11, 156, 1, 24, 22, 858 }, // U+00B3
    { 7, 4, 187, 4, 21, 7, 880 }, // U+00B4
    { 16, 20, 303, 2, 15, 80, 887 }, // U+00B5
    { 19, 24, 327, 1, 21, 114, 967 }, // U+00B6
    { 5, 4, 121, 1, 10, 5, 1081 }, // U+00B7
    { 6, 6, 187, 3, 1, 9, 1086 }, // U+00B8
    { 8, 11, 156, 1, 24, 22, 1095 }, // U+00B9
    { 10, 10, 188, 1, 21, 25, 1117 }, // U+00BA
    { 11, 13, 200, 1, 14, 36, 1142 }, // U+00BB
    { 20, 21, 343, 1, 21, 105, 1178 }, // U+00BC
    { 19, 21, 339, 1, 21, 100, 1283 }, // U+00BD
    { 20, 21, 346, 1, 21, 105, 1383 }, // U+00BE
    { 11, 20, 205, 1, 15, 55, 1488 }, // U+00BF
    { 20, 28, 316, 0, 28, 140, 1543 }, // U+00C0
    { 20, 28, 316, 0, 28, 140, 1683 }, // U+00C1
    { 20, 27, 316, 0, 27, 135, 1823 }, // U+00C2
    { 20, 26, 316, 0, 26, 130, 1958 }, // U+00C3
    { 20, 26, 316, 0, 26, 130, 2088 }, // U+00C4
    { 20, 27, 316, 0, 27, 135, 2218 }, // U+00C5
    { 27, 21, 434, -1, 21, 142, 2353 }, // U+00C6
    { 18, 26, 312, 1, 21, 117, 2495 }, // U+00C7
    { 14, 28, 270, 2, 28, 98, 2612 }, // U+00C8
    { 14, 28, 270, 2, 28, 98, 2710 }, // U+00C9
    { 14, 27, 270, 2, 27, 95, 2808 }, // U+00CA
    { 14, 26, 270, 2, 26, 91, 2903 }, // U+00CB
    { 9, 28, 131, -2, 28, 63, 2994 }, // U+00CC
    { 8, 28, 131, 2, 28, 56, 3057 }, // U+00CD
    { 10, 27, 131, -1, 27, 68, 3113 }, // U+00CE
    { 10, 26, 131, -1, 26, 65, 3181 }, // U+00CF
    { 21, 21, 359, 0, 21, 111, 3246 }, // U+00D0
    { 18, 26, 356, 2, 26, 117, 3357 }, // U+00D1
    { 21, 28, 374, 1, 28, 147, 3474 }, // U+00D2
    { 21, 28, 374, 1, 28, 147, 3621 }, // U+00D3
    { 21, 27, 374, 1, 27, 142, 3768 }, // U+00D4
    { 21, 26, 374, 1, 26, 137, 3910 }, // U+00D5
    { 21, 26, 374, 1, 26, 137, 4047 }, // U+00D6
    { 14, 14, 271, 1, 17, 49, 4184 }, // U+00D7
    { 21, 23, 374, 1, 21, 121, 4233 }, // U+00D8
    { 17, 28, 343, 2, 28, 119, 4354 }, // U+00D9
    { 17, 28, 343, 2, 28, 119, 4473 }, // U+00DA
    { 17, 27, 343, 2, 27, 115, 4592 }, // U+00DB
    { 17, 26, 343, 2, 26, 111, 4707 }, // U+00DC
    { 19, 28, 291, 0, 28, 133, 4818 }, // U+00DD
    { 15, 21, 279, 2, 21, 79, 4951 }, // U+00DE
    { 14, 21, 271, 2, 21, 74, 5030 }, // U+00DF
    { 13, 21, 232, 0, 21, 69, 5104 }, // U+00E0
    { 13, 21, 232, 0, 21, 69, 5173 }, // U+00E1
    { 13, 21, 232, 0, 21, 69, 5242 }, // U+00E2
    { 13, 21, 232, 0, 21, 69, 5311 }, // U+00E3
    { 13, 21, 232, 0, 21, 69, 5380 }, // U+00E4
    { 13, 23, 232, 0, 23, 75, 5449 }, // U+00E5
    { 23, 15, 376, 0, 15, 87, 5524 }, // U+00E6
    { 13, 20, 223, 1, 15, 65, 5611 }, // U+00E7
    { 14, 21, 246, 1, 21, 74, 5676 }, // U+00E8
    { 14, 21, 246, 1, 21, 74, 5750 }, // U+00E9
    { 14, 21, 246, 1, 21, 74, 5824 }, // U+00EA
    { 14, 21, 246, 1, 21, 74, 5898 }, // U+00EB
    { 7, 21, 112, -1, 21, 37, 5972 }, // U+00EC
    { 7, 21, 112, 1, 21, 37, 6009 }, // U+00ED
    { 9, 21, 112, -1, 21, 48, 6046 }, // U+00EE
    { 9, 21, 112, -1, 21, 48, 6094 }, // U+00EF
    { 14, 22, 264, 1, 22, 77, 6142 }, // U+00F0
    { 13, 21, 260, 2, 21, 69, 6219 }, // U+00F1
    { 15, 21, 265, 1, 21, 79, 6288 }, // U+00F2
    { 15, 21, 265, 1, 21, 79, 6367 }, // U+00F3
    { 15, 21, 265, 1, 21, 79, 6446 }, // U+00F4
    { 15, 21, 265, 1, 21, 79, 6525 }, // U+00F5
    { 15, 21, 265, 1, 21, 79, 6604 }, // U+00F6
    { 15, 14, 271, 1, 17, 53, 6683 }, // U+00F7
    { 15, 17, 264, 1, 16, 64, 6736 }, // U+00F8
    { 14, 21, 260, 1, 21, 74, 6800 }, // U+00F9
    { 14, 21, 260, 1, 21, 74, 6874 }, // U+00FA
    { 14, 21, 260, 1, 21, 74, 6948 }, // U+00FB
    { 14, 21, 260, 1, 21, 74, 7022 }, // U+00FC
    { 15, 26, 241, 0, 21, 98, 7096 }, // U+00FD
    { 13, 26, 262, 2, 21, 85, 7194 }, // U+00FE
    { 15, 26, 241, 0, 21, 98, 7279 }, // U+00FF
    { 20, 25, 316, 0, 25, 125, 0 }, // U+0100
    { 13, 20, 232, 0, 20, 65, 125 }, // U+0101
    { 20, 27, 316, 0, 27, 135, 190 }, // U+0102
    { 13, 21, 232, 0, 21, 69, 325 }, // U+0103
    { 21, 26, 316, 0, 21, 137, 394 }, // U+0104
    { 15, 20, 232, 0, 15, 75, 531 }, // U+0105
    { 18, 28, 312, 1, 28, 126, 606 }, // U+0106
    { 13, 21, 223, 1, 21, 69, 732 }, // U+0107
    { 18, 27, 312, 1, 27, 122, 801 }, // U+0108
    { 13, 21, 223, 1, 21, 69, 923 }, // U+0109
    { 18, 27, 312, 1, 27, 122, 992 }, // U+010A
    { 13, 21, 223, 1, 21, 69, 1114 }, // U+010B
    { 18, 27, 312, 1, 27, 122, 1183 }, // U+010C
    { 13, 21, 223, 1, 21, 69, 1305 }, // U+010D
    { 19, 27, 355, 2, 27, 129, 1374 }, // U+010E
    { 18, 21, 261, 1, 21, 95, 1503 }, // U+010F
    { 21, 21, 359, 0, 21, 111, 1598 }, // U+0110
    { 16, 21, 262, 1, 21, 84, 1709 }, // U+0111
    { 14, 25, 270, 2, 25, 88, 1793 }, // U+0112
    { 14, 20, 246, 1, 20, 70, 1881 }, // U+0113
    { 14, 27, 270, 2, 27, 95, 1951 }, // U+0114
    { 14, 21, 246, 1, 21, 74, 2046 }, // U+0115
    { 14, 27, 270, 2, 27, 95, 2120 }, // U+0116
    { 14, 21, 246, 1, 21, 74, 2215 }, // U+0117
    { 14, 26, 270, 2, 21, 91, 2289 }, // U+0118
    { 14, 20, 246, 1, 15, 70, 2380 }, // U+0119
    { 14, 27, 270, 2, 27, 95, 2450 }, // U+011A
    { 14, 21, 246, 1, 21, 74, 2545 }, // U+011B
    { 19, 27, 341, 1, 27, 129, 2619 }, // U+011C
    { 15, 26, 243, 0, 21, 98, 2748 }, // U+011D
    { 19, 27, 341, 1, 27, 129, 2846 }, // U+011E
    { 15, 26, 243, 0, 21, 98, 2975 }, // U+011F
    { 19, 27, 341, 1, 27, 129, 3073 }, // U+0120
    { 15, 26, 243, 0, 21, 98, 3202 }, // U+0121
    { 19, 26, 341, 1, 21, 124, 3300 }, // U+0122
    { 15, 26, 243, 0, 21, 98, 3424 }, // U+0123
    { 18, 27, 356, 2, 27, 122, 3522 }, // U+0124
    { 17, 27, 260, -2, 27, 115, 3644 }, // U+0125
    { 22, 21, 360, 0, 21, 116, 3759 }, // U+0126
    { 16, 21, 260, -1, 21, 84, 3875 }, // U+0127
    { 10, 26, 131, -1, 26, 65, 3959 }, // U+0128
    { 9, 21, 112, -1, 21, 48, 4024 }, // U+0129
    { 9, 25, 131, 0, 25, 57, 4072 }, // U+012A
    { 9, 20, 112, -1, 20, 45, 4129 }, // U+012B
    { 10, 27, 131, -1, 27, 68, 4174 }, // U+012C
    { 9, 21, 112, -1, 21, 48, 4242 }, // U+012D
    { 6, 26, 131, 1, 21, 39, 4290 }, // U+012E
    { 7, 26, 112, 0, 21, 46, 4329 }, // U+012F
    { 4, 27, 131, 2, 27, 27, 4375 }, // U+0130
    { 3, 15, 112, 2, 15, 12, 4402 }, // U+0131
    { 17, 21, 343, 2, 21, 90, 4414 }, // U+0132
    { 12, 26, 231, 1, 21, 78, 4504 }, // U+0133
    { 14, 27, 197, 0, 27, 95, 4582 }, // U+0134
    { 10, 26, 112, -2, 21, 65, 4677 }, // U+0135
    { 18, 26, 309, 2, 21, 117, 4742 }, // U+0136
    { 13, 26, 237, 2, 21, 85, 4859 }, // U+0137
    { 13, 15, 237, 2, 15, 49, 4944 }, // U+0138
    { 13, 28, 240, 2, 28, 91, 4993 }, // U+0139
    { 8, 28, 110, 1, 28, 56, 5084 }, // U+013A
    { 13, 26, 240, 2, 21, 85, 5140 }, // U+013B
    { 4, 26, 110, 1, 21, 26, 5225 }, // U+013C
    { 13, 21, 240, 2, 21, 69, 5251 }, // U+013D
    { 8, 21, 110, 2, 21, 42, 5320 }, // U+013E
    { 13, 21, 249, 2, 21, 69, 5362 }, // U+013F
    { 9, 21, 173, 2, 21, 48, 5431 }, // U+0140
    { 15, 21, 246, 0, 21, 79, 5479 }, // U+0141
    { 9, 21, 144, 0, 21, 48, 5558 }, // U+0142
    { 18, 28, 356, 2, 28, 126, 5606 }, // U+0143
    { 13, 21, 260, 2, 21, 69, 5732 }, // U+0144
    { 18, 26, 356, 2, 21, 117, 5801 }, // U+0145
    { 13, 20, 260, 2, 15, 65, 5918 }, // U+0146
    { 18, 27, 356, 2, 27, 122, 5983 }, // U+0147
    { 13, 21, 260, 2, 21, 69, 6105 }, // U+0148
    { 16, 22, 282, 0, 22, 88, 6174 }, // U+0149
    { 18, 26, 356, 2, 21, 117, 6262 }, // U+014A
    { 13, 20, 260, 2, 15, 65, 6379 }, // U+014B
    { 21, 25, 374, 1, 25, 132, 6444 }, // U+014C
    { 15, 20, 265, 1, 20, 75, 6576 }, // U+014D
    { 21, 27, 374, 1, 27, 142, 6651 }, // U+014E
    { 15, 21, 265, 1, 21, 79, 6793 }, // U+014F
    { 21, 27, 374, 1, 27, 142, 6872 }, // U+0150
    { 15, 21, 265, 1, 21, 79, 7014 }, // U+0151
    { 30, 21, 509, 1, 21, 158, 7093 }, // U+0152
    { 24, 15, 407, 1, 15, 90, 7251 }, // U+0153
    { 17, 28, 292, 2, 28, 119, 7341 }, // U+0154
    { 9, 21, 170, 2, 21, 48, 7460 }, // U+0155
    { 17, 26, 292, 2, 21, 111, 7508 }, // U+0156
    { 10, 20, 170, 1, 15, 50, 7619 }, // U+0157
    { 17, 27, 292, 2, 27, 115, 7669 }, // U+0158
    { 10, 21, 170, 1, 21, 53, 7784 }, // U+0159
    { 15, 28, 253, 0, 28, 105, 7837 }, // U+015A
    { 12, 21, 202, 0, 21, 63, 7942 }, // U+015B
    { 15, 27, 253, 0, 27, 102, 8005 }, // U+015C
    { 12, 21, 202, 0, 21, 63, 8107 }, // U+015D
    { 15, 26, 253, 0, 21, 98, 8170 }, // U+015E
    { 12, 20, 202, 0, 15, 60, 8268 }, // U+015F
    { 15, 27, 253, 0, 27, 102, 8328 }, // U+0160
    { 12, 21, 202, 0, 21, 63, 8430 }, // U+0161
    { 17, 26, 276, 0, 21, 111, 8493 }, // U+0162
    { 11, 25, 167, 0, 20, 69, 8604 }, // U+0163
    { 17, 27, 276, 0, 27, 115, 8673 }, // U+0164
    { 12, 21, 167, 0, 21, 63, 8788 }, // U+0165
    { 17, 21, 282, 0, 21, 90, 8851 }, // U+0166
    { 11, 20, 169, 0, 20, 55, 8941 }, // U+0167
    { 17, 26, 343, 2, 26, 111, 8996 }, // U+0168
    { 14, 21, 260, 1, 21, 74, 9107 }, // U+0169
    { 17, 25, 343, 2, 25, 107, 9181 }, // U+016A
    { 14, 20, 260, 1, 20, 70, 9288 }, // U+016B
    { 17, 27, 343, 2, 27, 115, 9358 }, // U+016C
    { 14, 21, 260, 1, 21, 74, 9473 }, // U+016D
    { 17, 27, 343, 2, 27, 115, 9547 }, // U+016E
    { 14, 23, 260, 1, 23, 81, 9662 }, // U+016F
    { 17, 27, 343, 2, 27, 115, 9743 }, // U+0170
    { 14, 21, 260, 1, 21, 74, 9858 }, // U+0171
    { 17, 26, 343, 2, 21, 111, 9932 }, // U+0172
    { 15, 20, 260, 1, 15, 75, 10043 }, // U+0173
    { 30, 27, 483, 0, 27, 203, 10118 }, // U+0174
    { 23, 21, 367, 0, 21, 121, 10321 }, // U+0175
    { 19, 27, 291, 0, 27, 129, 10442 }, // U+0176
    { 15, 26, 241, 0, 21, 98, 10571 }, // U+0177
    { 19, 26, 291, 0, 26, 124, 10669 }, // U+0178
    { 17, 28, 281, 0, 28, 119, 10793 }, // U+0179
    { 13, 21, 211, 0, 21, 69, 10912 }, // U+017A
    { 17, 27, 281, 0, 27, 115, 10981 }, // U+017B
    { 13, 21, 211, 0, 21, 69, 11096 }, // U+017C
    { 17, 27, 281, 0, 27, 115, 11165 }, // U+017D
    { 13, 21, 211, 0, 21, 69, 11280 }, // U+017E
    { 10, 21, 133, 0, 21, 53, 11349 }, // U+017F
    { 23, 23, 396, 1, 23, 133, 0 }, // U+01A0
    { 18, 17, 286, 1, 17, 77, 133 }, // U+01A1
    { 23, 23, 392, 2, 23, 133, 210 }, // U+01AF
    { 18, 17, 296, 1, 17, 77, 343 }, // U+01B0
    { 37, 27, 642, 2, 27, 250, 420 }, // U+01C4
    { 33, 21, 567, 2, 21, 174, 670 }, // U+01C5
    { 28, 21, 478, 1, 21, 147, 844 }, // U+01C6
    { 24, 21, 448, 2, 21, 126, 991 }, // U+01C7
    { 19, 26, 358, 2, 21, 124, 1117 }, // U+01C8
    { 11, 26, 230, 2, 21, 72, 1241 }, // U+01C9
    { 31, 21, 561, 2, 21, 163, 1313 }, // U+01CA
    { 26, 26, 470, 2, 21, 169, 1476 }, // U+01CB
    { 20, 26, 376, 2, 21, 130, 1645 }, // U+01CC
    { 20, 27, 316, 0, 27, 135, 1775 }, // U+01CD
    { 13, 21, 232, 0, 21, 69, 1910 }, // U+01CE
    { 10, 27, 131, -1, 27, 68, 1979 }, // U+01CF
    { 9, 21, 112, -1, 21, 48, 2047 }, // U+01D0
    { 21, 27, 374, 1, 27, 142, 2095 }, // U+01D1
    { 15, 21, 265, 1, 21, 79, 2237 }, // U+01D2
    { 17, 27, 343, 2, 27, 115, 2316 }, // U+01D3
    { 14, 21, 260, 1, 21, 74, 2431 }, // U+01D4
    { 17, 29, 343, 2, 29, 124, 2505 }, // U+01D5
    { 14, 25, 260, 1, 25, 88, 2629 }, // U+01D6
    { 17, 32, 343, 2, 32, 136, 2717 }, // U+01D7
    { 14, 26, 260, 1, 26, 91, 2853 }, // U+01D8
    { 17, 31, 343, 2, 31, 132, 2944 }, // U+01D9
    { 14, 27, 260, 1, 27, 95, 3076 }, // U+01DA
    { 17, 32, 343, 2, 32, 136, 3171 }, // U+01DB
    { 14, 27, 260, 1, 27, 95, 3307 }, // U+01DC
    { 14, 15, 246, 1, 15, 53, 3402 }, // U+01DD
    { 20, 29, 316, 0, 29, 145, 3455 }, // U+01DE
    { 13, 25, 232, 0, 25, 82, 3600 }, // U+01DF
    { 20, 29, 316, 0, 29, 145, 3682 }, // U+01E0
    { 13, 25, 232, 0, 25, 82, 3827 }, // U+01E1
    { 27, 25, 434, -1, 25, 169, 3909 }, // U+01E2
    { 23, 20, 376, 0, 20, 115, 4078 }, // U+01E3
    { 21, 21, 356, 1, 21, 111, 4193 }, // U+01E4
    { 17, 20, 258, 0, 15, 85, 4304 }, // U+01E5
    { 19, 27, 341, 1, 27, 129, 4389 }, // U+01E6
    { 15, 26, 243, 0, 21, 98, 4518 }, // U+01E7
    { 18, 27, 309, 2, 27, 122, 4616 }, // U+01E8
    { 17, 27, 237, -2, 27, 115, 4738 }, // U+01E9
    { 21, 26, 373, 1, 21, 137, 4853 }, // U+01EA
    { 15, 20, 264, 1, 15, 75, 4990 }, // U+01EB
    { 21, 30, 374, 1, 25, 158, 5065 }, // U+01EC
    { 15, 25, 265, 1, 20, 94, 5223 }, // U+01ED
    { 16, 27, 274, 0, 27, 108, 5317 }, // U+01EE
    { 13, 26, 205, -1, 21, 85, 5425 }, // U+01EF
    { 10, 26, 112, -2, 21, 65, 5510 }, // U+01F0
    { 37, 21, 642, 2, 21, 195, 5575 }, // U+01F1
    { 33, 21, 567, 2, 21, 174, 5770 }, // U+01F2
    { 28, 21, 478, 1, 21, 147, 5944 }, // U+01F3
    { 19, 28, 341, 1, 28, 133, 6091 }, // U+01F4
    { 15, 26, 243, 0, 21, 98, 6224 }, // U+01F5
    { 28, 21, 496, 2, 21, 147, 6322 }, // U+01F6
    { 18, 26, 327, 2, 21, 117, 6469 }, // U+01F7
    { 18, 27, 356, 2, 27, 122, 6586 }, // U+01F8
    { 13, 21, 260, 2, 21, 69, 6708 }, // U+01F9
    { 20, 31, 316, 0, 31, 155, 6777 }, // U+01FA
    { 13, 27, 232, 0, 27, 88, 6932 }, // U+01FB
    { 27, 28, 434, -1, 28, 189, 7020 }, // U+01FC
    { 23, 21, 376, 0, 21, 121, 7209 }, // U+01FD
    { 21, 30, 373, 1, 28, 158, 7330 }, // U+01FE
    { 15, 22, 265, 1, 21, 83, 7488 }, // U+01FF
    { 20, 27, 316, 0, 27, 135, 7571 }, // U+0200
    { 13, 21, 232, 0, 21, 69, 7706 }, // U+0201
    { 20, 27, 316, 0, 27, 135, 7775 }, // U+0202
    { 13, 21, 232, 0, 21, 69, 7910 }, // U+0203
    { 14, 27, 270, 2, 27, 95, 7979 }, // U+0204
    { 14, 21, 246, 1, 21, 74, 8074 }, // U+0205
    { 14, 27, 270, 2, 27, 95, 8148 }, // U+0206
    { 14, 21, 246, 1, 21, 74, 8243 }, // U+0207
    { 11, 27, 131, -3, 27, 75, 8317 }, // U+0208
    { 10, 21, 112, -3, 21, 53, 8392 }, // U+0209
    { 10, 27, 131, -1, 27, 68, 8445 }, // U+020A
    { 9, 21, 112, -1, 21, 48, 8513 }, // U+020B
    { 21, 27, 374, 1, 27, 142, 8561 }, // U+020C
    { 15, 21, 265, 1, 21, 79, 8703 }, // U+020D
    { 21, 27, 374, 1, 27, 142, 8782 }, // U+020E
    { 15, 21, 265, 1, 21, 79, 8924 }, // U+020F
    { 18, 27, 292, 1, 27, 122, 9003 }, // U+0210
    { 12, 21, 170, -1, 21, 63, 9125 }, // U+0211
    { 17, 27, 292, 2, 27, 115, 9188 }, // U+0212
    { 9, 21, 170, 2, 21, 48, 9303 }, // U+0213
    { 17, 27, 343, 2, 27, 115, 9351 }, // U+0214
    { 14, 21, 260, 1, 21, 74, 9466 }, // U+0215
    { 17, 27, 343, 2, 27, 115, 9540 }, // U+0216
    { 14, 21, 260, 1, 21, 74, 9655 }, // U+0217
    { 15, 26, 253, 0, 21, 98, 9729 }, // U+0218
    { 12, 20, 202, 0, 15, 60, 9827 }, // U+0219
    { 17, 26, 276, 0, 21, 111, 9887 }, // U+021A
    { 11, 25, 167, 0, 20, 69, 9998 }, // U+021B
    { 16, 21, 274, 0, 21, 84, 10067 }, // U+021C
    { 13, 20, 205, -1, 15, 65, 10151 }, // U+021D
    { 18, 27, 356, 2, 27, 122, 10216 }, // U+021E
    { 17, 27, 260, -2, 27, 115, 10338 }, // U+021F
    { 7, 4, 0, -10, 21, 7, 0 }, // U+0300
    { 7, 4, 0, -8, 21, 7, 7 }, // U+0301
    { 10, 4, 0, -11, 21, 10, 14 }, // U+0302
    { 9, 3, 0, -10, 21, 7, 24 }, // U+0303
    { 9, 2, 0, -10, 20, 5, 31 }, // U+0304
    { 18, 2, 0, -9, 25, 9, 36 }, // U+0305
    { 9, 4, 0, -10, 21, 9, 45 }, // U+0306
    { 5, 4, 0, -8, 21, 5, 54 }, // U+0307
    { 10, 3, 0, -11, 21, 8, 59 }, // U+0308
    { 6, 6, 0, -9, 21, 9, 67 }, // U+0309
    { 7, 6, 0, -9, 23, 11, 76 }, // U+030A
    { 10, 4, 0, -9, 21, 10, 87 }, // U+030B
    { 10, 4, 0, -11, 21, 10, 97 }, // U+030C
    { 3, 6, 0, 4, 23, 5, 107 }, // U+030D
    { 7, 6, 0, 2, 23, 11, 112 }, // U+030E
    { 10, 4, 0, -1, 21, 10, 123 }, // U+030F
    { 10, 7, 0, 1, 24, 18, 133 }, // U+0310
    { 9, 4, 0, 1, 21, 9, 151 }, // U+0311
    { 4, 4, 0, -7, 21, 4, 160 }, // U+0312
    { 4, 7, 0, 4, 22, 7, 164 }, // U+0313
    { 4, 7, 0, 4, 22, 7, 171 }, // U+0314
    { 4, 5, 0, 4, 21, 5, 178 }, // U+0315
    { 7, 4, 0, -9, -1, 7, 183 }, // U+0316
    { 7, 4, 0, -9, -1, 7, 190 }, // U+0317
    { 7, 7, 0, 2, -1, 13, 197 }, // U+0318
    { 7, 7, 0, 2, -1, 13, 210 }, // U+0319
    { 7, 7, 0, 2, 24, 13, 223 }, // U+031A
    { 6, 6, 0, 3, 17, 9, 236 }, // U+031B
    { 4, 6, 0, 1, 23, 6, 245 }, // U+031C
    { 8, 7, 0, 2, 0, 14, 251 }, // U+031D
    { 7, 7, 0, 2, 0, 13, 265 }, // U+031E
    { 7, 7, 0, 2, -1, 13, 278 }, // U+031F
    { 7, 2, 0, 2, -3, 4, 291 }, // U+0320
    { 8, 5, 0, 1, 0, 10, 295 }, // U+0321
    { 7, 5, 0, 3, 0, 9, 305 }, // U+0322
    { 4, 3, 0, -8, -2, 3, 314 }, // U+0323
    { 10, 3, 0, -11, 0, 8, 317 }, // U+0324
    { 7, 6, 0, 2, 0, 11, 325 }, // U+0325
    { 4, 4, 0, -8, -1, 4, 336 }, // U+0326
    { 7, 6, 0, -9, 1, 11, 340 }, // U+0327
    { 6, 6, 0, -9, 1, 9, 351 }, // U+0328
    { 3, 6, 0, 4, 0, 5, 360 }, // U+0329
    { 11, 4, 0, 0, -1, 11, 365 }, // U+032A
    { 11, 4, 0, 0, 0, 11, 376 }, // U+032B
    { 10, 4, 0, -11, -1, 10, 387 }, // U+032C
    { 10, 4, 0, -11, -1, 10, 397 }, // U+032D
    { 9, 4, 0, -10, -1, 9, 407 }, // U+032E
    { 9, 4, 0, 1, 21, 9, 416 }, // U+032F
    { 9, 3, 0, -10, -2, 7, 425 }, // U+0330
    { 9, 2, 0, -10, -2, 5, 432 }, // U+0331
    { 12, 2, 0, 0, -2, 6, 437 }, // U+0332
    { 12, 2, 0, 0, -2, 6, 443 }, // U+0333
    { 11, 3, 0, -11, 13, 9, 449 }, // U+0334
    { 3, 28, 0, -6, 23, 21, 458 }, // U+0335
    { 12, 2, 0, -6, 10, 6, 479 }, // U+0336
    { 12, 17, 0, -6, 16, 51, 485 }, // U+0337
    { 16, 23, 0, -8, 21, 92, 536 }, // U+0338
    { 4, 6, 0, 1, 23, 6, 628 }, // U+0339
    { 11, 4, 0, 0, -1, 11, 634 }, // U+033A
    { 8, 7, 0, 2, 0, 14, 645 }, // U+033B
    { 11, 4, 0, 0, -1, 11, 659 }, // U+033C
    { 7, 8, 0, 2, 24, 14, 670 }, // U+033D
    { 4, 9, 0, 4, 26, 9, 684 }, // U+033E
    { 18, 5, 0, -9, 28, 23, 693 }, // U+033F
    { 7, 4, 0, -10, 21, 7, 716 }, // U+0340
    { 7, 4, 0, -8, 21, 7, 723 }, // U+0341
    { 9, 3, 0, -10, 21, 7, 730 }, // U+0342
    { 4, 7, 0, 4, 22, 7, 737 }, // U+0343
    { 11, 5, 0, -11, 22, 14, 744 }, // U+0344
    { 5, 5, 0, -5, -1, 7, 758 }, // U+0345
    { 11, 4, 0, 0, -1, 11, 765 }, // U+0346
    { 12, 2, 0, 0, -2, 6, 776 }, // U+0347
    { 7, 6, 0, 2, 23, 11, 782 }, // U+0348
    { 7, 7, 0, 2, 24, 13, 793 }, // U+0349
    { 10, 8, 0, 1, 23, 20, 806 }, // U+034A
    { 10, 11, 0, -11, 25, 28, 826 }, // U+034B
    { 9, 7, 0, -10, 23, 16, 854 }, // U+034C
    { 16, 6, 0, 0, -2, 24, 870 }, // U+034D
    { 6, 7, 0, 5, -1, 11, 894 }, // U+034E
    { 0, 0, 0, 0, 0, 0, 905 }, // U+034F
    { 5, 8, 0, 3, 24, 10, 905 }, // U+0350
    { 4, 6, 0, 3, 23, 6, 915 }, // U+0351
    { 10, 6, 0, 1, 23, 15, 921 }, // U+0352
    { 7, 8, 0, 2, 24, 14, 936 }, // U+0353
    { 5, 8, 0, 3, 0, 10, 950 }, // U+0354
    { 6, 8, 0, 3, 0, 12, 960 }, // U+0355
    { 12, 8, 0, 0, 0, 24, 972 }, // U+0356
    { 5, 6, 0, 4, 23, 8, 996 }, // U+0357
    { 5, 4, 0, -8, 21, 5, 1004 }, // U+0358
    { 6, 6, 0, 1, 0, 9, 1009 }, // U+0359
    { 9, 5, 0, 2, 0, 12, 1018 }, // U+035A
    { 6, 8, 0, 3, 24, 12, 1030 }, // U+035B
    { 30, 5, 0, 1, -2, 38, 1042 }, // U+035C
    { 30, 5, 0, 1, 22, 38, 1080 }, // U+035D
    { 30, 2, 0, 1, 20, 15, 1118 }, // U+035E
    { 30, 2, 0, 1, -4, 15, 1133 }, // U+035F
    { 29, 5, 0, 1, 21, 37, 1148 }, // U+0360
    { 30, 5, 0, -15, 22, 38, 1185 }, // U+0361
    { 29, 6, 0, 1, -2, 44, 1223 }, // U+0362
    { 6, 7, 0, 1, 23, 11, 1267 }, // U+0363
    { 7, 7, 0, 1, 23, 13, 1278 }, // U+0364
    { 3, 10, 0, 1, 26, 8, 1291 }, // U+0365
    { 7, 7, 0, 1, 23, 13, 1299 }, // U+0366
    { 7, 7, 0, 1, 23, 13, 1312 }, // U+0367
    { 6, 7, 0, 1, 23, 11, 1325 }, // U+0368
    { 7, 10, 0, 1, 26, 18, 1336 }, // U+0369
    { 7, 10, 0, 1, 26, 18, 1354 }, // U+036A
    { 10, 7, 0, 1, 23, 18, 1372 }, // U+036B
    { 5, 7, 0, 1, 23, 9, 1390 }, // U+036C
    { 6, 9, 0, 0, 25, 14, 1399 }, // U+036D
    { 8, 7, 0, 0, 23, 14, 1413 }, // U+036E
    { 8, 7, 0, 0, 23, 14, 1427 }, // U+036F
    { 16, 21, 252, 0, 21, 84, 0 }, // U+03BB
    { 14, 28, 270, 2, 28, 98, 0 }, // U+0400
    { 14, 26, 270, 2, 26, 91, 98 }, // U+0401
    { 21, 21, 345, 0, 21, 111, 189 }, // U+0402
    { 14, 28, 251, 2, 28, 98, 300 }, // U+0403
    { 18, 21, 316, 1, 21, 95, 398 }, // U+0404
    { 15, 21, 253, 0, 21, 79, 493 }, // U+0405
    { 4, 21, 131, 2, 21, 21, 572 }, // U+0406
    { 10, 26, 131, -1, 26, 65, 593 }, // U+0407
    { 10, 21, 197, 0, 21, 53, 658 }, // U+0408
    { 31, 21, 492, -1, 21, 163, 711 }, // U+0409
    { 29, 21, 510, 2, 21, 153, 874 }, // U+040A
    { 21, 21, 349, 0, 21, 111, 1027 }, // U+040B
    { 18, 28, 313, 2, 28, 126, 1138 }, // U+040C
    { 18, 28, 356, 2, 28, 126, 1264 }, // U+040D
    { 19, 26, 292, 0, 26, 124, 1390 }, // U+040E
    { 17, 26, 343, 2, 21, 111, 1514 }, // U+040F
    { 20, 21, 315, 0, 21, 105, 1625 }, // U+0410
    { 15, 21, 289, 2, 21, 79, 1730 }, // U+0411
    { 16, 21, 302, 2, 21, 84, 1809 }, // U+0412
    { 14, 21, 251, 2, 21, 74, 1893 }, // U+0413
    { 23, 26, 367, 0, 21, 150, 1967 }, // U+0414
    { 14, 21, 270, 2, 21, 74, 2117 }, // U+0415
    { 30, 21, 485, 0, 21, 158, 2191 }, // U+0416
    { 16, 21, 269, 0, 21, 84, 2349 }, // U+0417
    { 18, 21, 356, 2, 21, 95, 2433 }, // U+0418
    { 18, 26, 356, 2, 26, 117, 2528 }, // U+0419
    { 18, 21, 313, 2, 21, 95, 2645 }, // U+041A
    { 20, 21, 339, -1, 21, 105, 2740 }, // U+041B
    { 23, 21, 433, 2, 21, 121, 2845 }, // U+041C
    { 18, 21, 356, 2, 21, 95, 2966 }, // U+041D
    { 21, 21, 374, 1, 21, 111, 3061 }, // U+041E
    { 17, 21, 343, 2, 21, 90, 3172 }, // U+041F
    { 15, 21, 280, 2, 21, 79, 3262 }, // U+0420
    { 18, 21, 312, 1, 21, 95, 3341 }, // U+0421
    { 17, 21, 276, 0, 21, 90, 3436 }, // U+0422
    { 19, 21, 292, 0, 21, 100, 3526 }, // U+0423
    { 21, 22, 365, 1, 22, 116, 3626 }, // U+0424
    { 19, 21, 303, 0, 21, 100, 3742 }, // U+0425
    { 20, 26, 364, 2, 21, 130, 3842 }, // U+0426
    { 16, 21, 309, 1, 21, 84, 3972 }, // U+0427
    { 27, 21, 502, 2, 21, 142, 4056 }, // U+0428
    { 30, 26, 523, 2, 21, 195, 4198 }, // U+0429
    { 21, 21, 344, 0, 21, 111, 4393 }, // U+042A
    { 22, 21, 420, 2, 21, 116, 4504 }, // U+042B
    { 15, 21, 284, 2, 21, 79, 4620 }, // U+042C
    { 19, 21, 315, 0, 21, 100, 4699 }, // U+042D
    { 27, 21, 487, 2, 21, 142, 4799 }, // U+042E
    { 18, 21, 310, -1, 21, 95, 4941 }, // U+042F
    { 13, 15, 232, 0, 15, 49, 5036 }, // U+0430
    { 15, 22, 273, 1, 22, 83, 5085 }, // U+0431
    { 12, 15, 232, 2, 15, 45, 5168 }, // U+0432
    { 10, 15, 193, 2, 15, 38, 5213 }, // U+0433
    { 18, 20, 288, 0, 15, 90, 5251 }, // U+0434
    { 14, 15, 246, 1, 15, 53, 5341 }, // U+0435
    { 23, 15, 368, 0, 15, 87, 5394 }, // U+0436
    { 12, 15, 210, 0, 15, 45, 5481 }, // U+0437
    { 13, 15, 269, 2, 15, 49, 5526 }, // U+0438
    { 13, 21, 269, 2, 21, 69, 5575 }, // U+0439
    { 13, 15, 242, 2, 15, 49, 5644 }, // U+043A
    { 15, 15, 273, 0, 15, 57, 5693 }, // U+043B
    { 17, 15, 329, 2, 15, 64, 5750 }, // U+043C
    { 13, 15, 263, 2, 15, 49, 5814 }, // U+043D
    { 15, 15, 265, 1, 15, 57, 5863 }, // U+043E
    { 13, 15, 263, 2, 15, 49, 5920 }, // U+043F
    { 13, 20, 261, 2, 15, 65, 5969 }, // U+0440
    { 13, 15, 223, 1, 15, 49, 6034 }, // U+0441
    { 15, 15, 236, 0, 15, 57, 6083 }, // U+0442
    { 15, 20, 241, 0, 15, 75, 6140 }, // U+0443
    { 19, 26, 329, 1, 21, 124, 6215 }, // U+0444
    { 15, 15, 232, 0, 15, 57, 6339 }, // U+0445
    { 15, 20, 282, 2, 15, 75, 6396 }, // U+0446
    { 12, 15, 240, 1, 15, 45, 6471 }, // U+0447
    { 20, 15, 384, 2, 15, 75, 6516 }, // U+0448
    { 23, 20, 404, 2, 15, 115, 6591 }, // U+0449
    { 17, 15, 273, 0, 15, 64, 6706 }, // U+044A
    { 17, 15, 337, 2, 15, 64, 6770 }, // U+044B
    { 12, 15, 224, 2, 15, 45, 6834 }, // U+044C
    { 13, 15, 225, 0, 15, 49, 6879 }, // U+044D
    { 20, 15, 365, 2, 15, 75, 6928 }, // U+044E
    { 13, 15, 230, 0, 15, 49, 7003 }, // U+044F
    { 14, 21, 246, 1, 21, 74, 7052 }, // U+0450
    { 14, 21, 246, 1, 21, 74, 7126 }, // U+0451
    { 16, 27, 257, -1, 22, 108, 7200 }, // U+0452
    { 10, 21, 193, 2, 21, 53, 7308 }, // U+0453
    { 13, 15, 225, 1, 15, 49, 7361 }, // U+0454
    { 12, 15, 202, 0, 15, 45, 7410 }, // U+0455
    { 5, 21, 112, 1, 21, 27, 7455 }, // U+0456
    { 9, 21, 112, -1, 21, 48, 7482 }, // U+0457
    { 8, 26, 112, -2, 21, 52, 7530 }, // U+0458
    { 24, 15, 391, 0, 15, 90, 7582 }, // U+0459
    { 21, 15, 381, 2, 15, 79, 7672 }, // U+045A
    { 16, 22, 260, -1, 22, 88, 7751 }, // U+045B
    { 13, 21, 241, 2, 21, 69, 7839 }, // U+045C
    { 13, 21, 269, 2, 21, 69, 7908 }, // U+045D
    { 15, 26, 241, 0, 21, 98, 7977 }, // U+045E
    { 13, 20, 263, 2, 15, 65, 8075 }, // U+045F
    { 29, 21, 502, 1, 21, 153, 8140 }, // U+0460
    { 20, 15, 362, 1, 15, 75, 8293 }, // U+0461
    { 21, 21, 338, 0, 21, 111, 8368 }, // U+0462
    { 16, 19, 263, 0, 19, 76, 8479 }, // U+0463
    { 25, 21, 445, 2, 21, 132, 8555 }, // U+0464
    { 18, 15, 325, 2, 15, 68, 8687 }, // U+0465
    { 22, 21, 325, -1, 21, 116, 8755 }, // U+0466
    { 16, 15, 260, 0, 15, 60, 8871 }, // U+0467
    { 27, 21, 464, 2, 21, 142, 8931 }, // U+0468
    { 21, 15, 366, 2, 15, 79, 9073 }, // U+0469
    { 24, 21, 383, 0, 21, 126, 9152 }, // U+046A
    { 19, 15, 299, 0, 15, 72, 9278 }, // U+046B
    { 31, 21, 523, 2, 21, 163, 9350 }, // U+046C
    { 23, 15, 407, 2, 15, 87, 9513 }, // U+046D
    { 15, 27, 260, 0, 21, 102, 9600 }, // U+046E
    { 12, 25, 206, 0, 19, 75, 9702 }, // U+046F
    { 22, 21, 381, 1, 21, 116, 9777 }, // U+0470
    { 20, 26, 356, 1, 21, 130, 9893 }, // U+0471
    { 21, 21, 374, 1, 21, 111, 10023 }, // U+0472
    { 15, 15, 265, 1, 15, 57, 10134 }, // U+0473
    { 20, 21, 326, 0, 21, 105, 10191 }, // U+0474
    { 16, 15, 252, 0, 15, 60, 10296 }, // U+0475
    { 20, 27, 326, 0, 27, 135, 10356 }, // U+0476
    { 16, 21, 252, 0, 21, 84, 10491 }, // U+0477
    { 37, 26, 611, 1, 21, 241, 10575 }, // U+0478
    { 30, 20, 502, 1, 15, 150, 10816 }, // U+0479
    { 23, 24, 394, 1, 23, 138, 10966 }, // U+047A
    { 17, 18, 293, 1, 17, 77, 11104 }, // U+047B
    { 29, 28, 502, 1, 28, 203, 11181 }, // U+047C
    { 21, 23, 364, 1, 23, 121, 11384 }, // U+047D
    { 29, 25, 502, 1, 25, 182, 11505 }, // U+047E
    { 20, 19, 362, 1, 19, 95, 11687 }, // U+047F
    { 18, 26, 298, 1, 21, 117, 11782 }, // U+0480
    { 12, 20, 214, 1, 15, 60, 11899 }, // U+0481
    { 21, 22, 339, 0, 21, 116, 11959 }, // U+0482
    { 13, 5, 0, -1, 21, 17, 12075 }, // U+0483
    { 12, 4, 0, 0, 21, 12, 12092 }, // U+0484
    { 4, 4, 0, 4, 21, 4, 12104 }, // U+0485
    { 4, 4, 0, 4, 21, 4, 12108 }, // U+0486
    { 30, 26, 522, 1, 23, 195, 12112 }, // U+0488
    { 30, 30, 506, 1, 25, 225, 12307 }, // U+0489
    { 21, 31, 370, 2, 26, 163, 12532 }, // U+048A
    { 16, 26, 285, 2, 21, 104, 12695 }, // U+048B
    { 19, 21, 307, 0, 21, 100, 12799 }, // U+048C
    { 15, 15, 244, 0, 15, 57, 12899 }, // U+048D
    { 15, 21, 280, 2, 21, 79, 12956 }, // U+048E
    { 13, 20, 261, 2, 15, 65, 13035 }, // U+048F
    { 14, 26, 251, 2, 26, 91, 13100 }, // U+0490
    { 10, 19, 193, 2, 19, 48, 13191 }, // U+0491
    { 17, 21, 275, 0, 21, 90, 13239 }, // U+0492
    { 13, 15, 214, 0, 15, 49, 13329 }, // U+0493
    { 16, 26, 295, 2, 21, 104, 13378 }, // U+0494
    { 12, 20, 228, 2, 15, 60, 13482 }, // U+0495
    { 32, 26, 508, 0, 21, 208, 13542 }, // U+0496
    { 25, 20, 393, 0, 15, 125, 13750 }, // U+0497
    { 16, 26, 269, 0, 21, 104, 13875 }, // U+0498
    { 12, 20, 210, 0, 15, 60, 13979 }, // U+0499
    { 19, 26, 333, 2, 21, 124, 14039 }, // U+049A
    { 15, 20, 266, 2, 15, 75, 14163 }, // U+049B
    { 19, 21, 329, 2, 21, 100, 14238 }, // U+049C
    { 14, 15, 259, 2, 15, 53, 14338 }, // U+049D
    { 21, 21, 336, 0, 21, 111, 14391 }, // U+049E
    { 16, 15, 262, 0, 15, 60, 14502 }, // U+049F
    { 23, 21, 373, 0, 21, 121, 14562 }, // U+04A0
    { 18, 15, 291, 0, 15, 68, 14683 }, // U+04A1
    { 21, 26, 377, 2, 21, 137, 14751 }, // U+04A2
    { 15, 20, 282, 2, 15, 75, 14888 }, // U+04A3
    { 28, 21, 477, 2, 21, 147, 14963 }, // U+04A4
    { 20, 15, 348, 2, 15, 75, 15110 }, // U+04A5
    { 29, 26, 506, 2, 21, 189, 15185 }, // U+04A6
    { 21, 20, 381, 2, 15, 105, 15374 }, // U+04A7
    { 23, 21, 388, 1, 21, 121, 15479 }, // U+04A8
    { 17, 15, 287, 1, 15, 64, 15600 }, // U+04A9
    { 18, 26, 312, 1, 21, 117, 15664 }, // U+04AA
    { 13, 20, 223, 1, 15, 65, 15781 }, // U+04AB
    { 17, 26, 277, 0, 21, 111, 15846 }, // U+04AC
    { 15, 20, 238, 0, 15, 75, 15957 }, // U+04AD
    { 19, 21, 290, 0, 21, 100, 16032 }, // U+04AE
    { 15, 20, 239, 0, 15, 75, 16132 }, // U+04AF
    { 19, 21, 299, 0, 21, 100, 16207 }, // U+04B0
    { 15, 20, 241, 0, 15, 75, 16307 }, // U+04B1
    { 20, 26, 319, 0, 21, 130, 16382 }, // U+04B2
    { 16, 20, 255, 0, 15, 80, 16512 }, // U+04B3
    { 26, 26, 424, 0, 21, 169, 16592 }, // U+04B4
    { 21, 20, 331, 0, 15, 105, 16761 }, // U+04B5
    { 19, 26, 329, 1, 21, 124, 16866 }, // U+04B6
    { 15, 20, 260, 1, 15, 75, 16990 }, // U+04B7
    { 16, 21, 309, 1, 21, 84, 17065 }, // U+04B8
    { 12, 15, 240, 1, 15, 45, 17149 }, // U+04B9
    { 16, 21, 297, 2, 21, 84, 17194 }, // U+04BA
    { 12, 15, 239, 2, 15, 45, 17278 }, // U+04BB
    { 24, 21, 396, 0, 21, 126, 17323 }, // U+04BC
    { 18, 15, 304, 0, 15, 68, 17449 }, // U+04BD
    { 24, 26, 396, 0, 21, 156, 17517 }, // U+04BE
    { 18, 20, 304, 0, 15, 90, 17673 }, // U+04BF
    { 4, 21, 131, 2, 21, 21, 17763 }, // U+04C0
    { 30, 26, 485, 0, 26, 195, 17784 }, // U+04C1
    { 23, 21, 368, 0, 21, 121, 17979 }, // U+04C2
    { 17, 26, 327, 2, 21, 111, 18100 }, // U+04C3
    { 13, 20, 251, 2, 15, 65, 18211 }, // U+04C4
    { 23, 26, 356, -1, 21, 150, 18276 }, // U+04C5
    { 18, 20, 294, 0, 15, 90, 18426 }, // U+04C6
    { 18, 26, 356, 2, 21, 117, 18516 }, // U+04C7
    { 13, 20, 263, 2, 15, 65, 18633 }, // U+04C8
    { 21, 26, 374, 2, 21, 137, 18698 }, // U+04C9
    { 16, 20, 283, 2, 15, 80, 18835 }, // U+04CA
    { 16, 26, 309, 1, 21, 104, 18915 }, // U+04CB
    { 12, 20, 240, 1, 15, 60, 19019 }, // U+04CC
    { 26, 26, 451, 2, 21, 169, 19079 }, // U+04CD
    { 20, 20, 349, 2, 15, 100, 19248 }, // U+04CE
    { 4, 21, 131, 2, 21, 21, 19348 }, // U+04CF
    { 20, 26, 315, 0, 26, 130, 19369 }, // U+04D0
    { 13, 21, 232, 0, 21, 69, 19499 }, // U+04D1
    { 20, 26, 315, 0, 26, 130, 19568 }, // U+04D2
    { 13, 21, 232, 0, 21, 69, 19698 }, // U+04D3
    { 27, 21, 434, -1, 21, 142, 19767 }, // U+04D4
    { 23, 15, 376, 0, 15, 87, 19909 }, // U+04D5
    { 14, 26, 270, 2, 26, 91, 19996 }, // U+04D6
    { 14, 21, 246, 1, 21, 74, 20087 }, // U+04D7
    { 19, 21, 337, 1, 21, 100, 20161 }, // U+04D8
    { 14, 15, 246, 1, 15, 53, 20261 }, // U+04D9
    { 19, 26, 337, 1, 26, 124, 20314 }, // U+04DA
    { 14, 21, 246, 1, 21, 74, 20438 }, // U+04DB
    { 30, 26, 485, 0, 26, 195, 20512 }, // U+04DC
    { 23, 21, 368, 0, 21, 121, 20707 }, // U+04DD
    { 16, 26, 269, 0, 26, 104, 20828 }, // U+04DE
    { 12, 21, 209, 0, 21, 63, 20932 }, // U+04DF
    { 16, 21, 274, 0, 21, 84, 20995 }, // U+04E0
    { 13, 20, 207, -1, 15, 65, 21079 }, // U+04E1
    { 18, 25, 356, 2, 25, 113, 21144 }, // U+04E2
    { 13, 20, 269, 2, 20, 65, 21257 }, // U+04E3
    { 18, 26, 356, 2, 26, 117, 21322 }, // U+04E4
    { 13, 21, 269, 2, 21, 69, 21439 }, // U+04E5
    { 21, 26, 374, 1, 26, 137, 21508 }, // U+04E6
    { 15, 21, 265, 1, 21, 79, 21645 }, // U+04E7
    { 21, 21, 374, 1, 21, 111, 21724 }, // U+04E8
    { 15, 15, 265, 1, 15, 57, 21835 }, // U+04E9
    { 21, 26, 374, 1, 26, 137, 21892 }, // U+04EA
    { 15, 21, 265, 1, 21, 79, 22029 }, // U+04EB
    { 19, 26, 315, 0, 26, 124, 22108 }, // U+04EC
    { 13, 21, 225, 0, 21, 69, 22232 }, // U+04ED
    { 19, 25, 292, 0, 25, 119, 22301 }, // U+04EE
    { 15, 25, 241, 0, 20, 94, 22420 }, // U+04EF
    { 19, 26, 292, 0, 26, 124, 22514 }, // U+04F0
    { 15, 26, 241, 0, 21, 98, 22638 }, // U+04F1
    { 19, 27, 292, 0, 27, 129, 22736 }, // U+04F2
    { 15, 26, 241, 0, 21, 98, 22865 }, // U+04F3
    { 16, 26, 309, 1, 26, 104, 22963 }, // U+04F4
    { 12, 21, 240, 1, 21, 63, 23067 }, // U+04F5
    { 14, 26, 252, 2, 21, 91, 23130 }, // U+04F6
    { 10, 20, 193, 2, 15, 50, 23221 }, // U+04F7
    { 22, 26, 420, 2, 26, 143, 23271 }, // U+04F8
    { 17, 21, 337, 2, 21, 90, 23414 }, // U+04F9
    { 17, 26, 275, 0, 21, 111, 23504 }, // U+04FA
    { 13, 20, 214, 0, 15, 65, 23615 }, // U+04FB
    { 20, 26, 322, 0, 21, 130, 23680 }, // U+04FC
    { 16, 20, 255, 0, 15, 80, 23810 }, // U+04FD
    { 20, 21, 323, 0, 21, 105, 23890 }, // U+04FE
    { 15, 15, 248, 0, 15, 57, 23995 }, // U+04FF
    { 20, 26, 316, 0, 21, 130, 0 }, // U+1EA0
    { 13, 20, 232, 0, 15, 65, 130 }, // U+1EA1
    { 20, 27, 316, 0, 27, 135, 195 }, // U+1EA2
    { 13, 21, 232, 0, 21, 69, 330 }, // U+1EA3
    { 20, 29, 316, 0, 29, 145, 399 }, // U+1EA4
    { 16, 23, 232, 0, 23, 92, 544 }, // U+1EA5
    { 20, 29, 316, 0, 29, 145, 636 }, // U+1EA6
    { 15, 23, 232, -2, 23, 87, 781 }, // U+1EA7
    { 20, 30, 316, 0, 30, 150, 868 }, // U+1EA8
    { 14, 24, 232, 0, 24, 84, 1018 }, // U+1EA9
    { 20, 30, 316, 0, 30, 150, 1102 }, // U+1EAA
    { 13, 25, 232, 0, 25, 82, 1252 }, // U+1EAB
    { 20, 32, 316, 0, 27, 160, 1334 }, // U+1EAC
    { 13, 26, 232, 0, 21, 85, 1494 }, // U+1EAD
    { 20, 30, 316, 0, 30, 150, 1579 }, // U+1EAE
    { 13, 25, 232, 0, 25, 82, 1729 }, // U+1EAF
    { 20, 30, 316, 0, 30, 150, 1811 }, // U+1EB0
    { 13, 25, 232, 0, 25, 82, 1961 }, // U+1EB1
    { 20, 30, 316, 0, 30, 150, 2043 }, // U+1EB2
    { 13, 26, 232, 0, 26, 85, 2193 }, // U+1EB3
    { 20, 30, 316, 0, 30, 150, 2278 }, // U+1EB4
    { 13, 25, 232, 0, 25, 82, 2428 }, // U+1EB5
    { 20, 32, 316, 0, 27, 160, 2510 }, // U+1EB6
    { 13, 26, 232, 0, 21, 85, 2670 }, // U+1EB7
    { 14, 26, 270, 2, 21, 91, 2755 }, // U+1EB8
    { 14, 20, 246, 1, 15, 70, 2846 }, // U+1EB9
    { 14, 27, 270, 2, 27, 95, 2916 }, // U+1EBA
    { 14, 21, 246, 1, 21, 74, 3011 }, // U+1EBB
    { 14, 26, 270, 2, 26, 91, 3085 }, // U+1EBC
    { 14, 21, 246, 1, 21, 74, 3176 }, // U+1EBD
    { 17, 29, 270, 2, 29, 124, 3250 }, // U+1EBE
    { 16, 24, 246, 1, 24, 96, 3374 }, // U+1EBF
    { 16, 29, 270, 0, 29, 116, 3470 }, // U+1EC0
    { 16, 24, 246, -1, 24, 96, 3586 }, // U+1EC1
    { 15, 30, 270, 2, 30, 113, 3682 }, // U+1EC2
    { 14, 24, 246, 1, 24, 84, 3795 }, // U+1EC3
    { 14, 30, 270, 2, 30, 105, 3879 }, // U+1EC4
    { 14, 25, 246, 1, 25, 88, 3984 }, // U+1EC5
    { 14, 32, 270, 2, 27, 112, 4072 }, // U+1EC6
    { 14, 26, 246, 1, 21, 91, 4184 }, // U+1EC7
    { 6, 27, 131, 1, 27, 41, 4275 }, // U+1EC8
    { 7, 21, 112, 0, 21, 37, 4316 }, // U+1EC9
    { 4, 26, 131, 2, 21, 26, 4353 }, // U+1ECA
    { 5, 26, 112, 1, 21, 33, 4379 }, // U+1ECB
    { 21, 26, 374, 1, 21, 137, 4412 }, // U+1ECC
    { 15, 20, 265, 1, 15, 75, 4549 }, // U+1ECD
    { 21, 27, 374, 1, 27, 142, 4624 }, // U+1ECE
    { 15, 21, 265, 1, 21, 79, 4766 }, // U+1ECF
    { 21, 29, 374, 1, 29, 153, 4845 }, // U+1ED0
    { 17, 24, 264, 1, 24, 102, 4998 }, // U+1ED1
    { 21, 29, 374, 1, 29, 153, 5100 }, // U+1ED2
    { 17, 24, 265, -1, 24, 102, 5253 }, // U+1ED3
    { 21, 30, 374, 1, 30, 158, 5355 }, // U+1ED4
    { 15, 24, 265, 1, 24, 90, 5513 }, // U+1ED5
    { 21, 30, 374, 1, 30, 158, 5603 }, // U+1ED6
    { 15, 25, 265, 1, 25, 94, 5761 }, // U+1ED7
    { 21, 32, 374, 1, 27, 168, 5855 }, // U+1ED8
    { 15, 26, 265, 1, 21, 98, 6023 }, // U+1ED9
    { 23, 28, 396, 1, 28, 161, 6121 }, // U+1EDA
    { 18, 21, 286, 1, 21, 95, 6282 }, // U+1EDB
    { 23, 28, 396, 1, 28, 161, 6377 }, // U+1EDC
    { 18, 21, 286, 1, 21, 95, 6538 }, // U+1EDD
    { 23, 27, 396, 1, 27, 156, 6633 }, // U+1EDE
    { 18, 21, 286, 1, 21, 95, 6789 }, // U+1EDF
    { 23, 26, 396, 1, 26, 150, 6884 }, // U+1EE0
    { 18, 21, 286, 1, 21, 95, 7034 }, // U+1EE1
    { 23, 28, 396, 1, 23, 161, 7129 }, // U+1EE2
    { 18, 22, 286, 1, 17, 99, 7290 }, // U+1EE3
    { 17, 26, 343, 2, 21, 111, 7389 }, // U+1EE4
    { 14, 20, 260, 1, 15, 70, 7500 }, // U+1EE5
    { 17, 27, 343, 2, 27, 115, 7570 }, // U+1EE6
    { 14, 21, 260, 1, 21, 74, 7685 }, // U+1EE7
    { 23, 28, 392, 2, 28, 161, 7759 }, // U+1EE8
    { 18, 21, 296, 1, 21, 95, 7920 }, // U+1EE9
    { 23, 28, 392, 2, 28, 161, 8015 }, // U+1EEA
    { 18, 21, 296, 1, 21, 95, 8176 }, // U+1EEB
    { 23, 27, 392, 2, 27, 156, 8271 }, // U+1EEC
    { 18, 21, 296, 1, 21, 95, 8427 }, // U+1EED
    { 23, 26, 392, 2, 26, 150, 8522 }, // U+1EEE
    { 18, 21, 296, 1, 21, 95, 8672 }, // U+1EEF
    { 23, 28, 392, 2, 23, 161, 8767 }, // U+1EF0
    { 18, 22, 296, 1, 17, 99, 8928 }, // U+1EF1
    { 19, 28, 291, 0, 28, 133, 9027 }, // U+1EF2
    { 15, 26, 241, 0, 21, 98, 9160 }, // U+1EF3
    { 19, 26, 291, 0, 21, 124, 9258 }, // U+1EF4
    { 15, 20, 241, 0, 15, 75, 9382 }, // U+1EF5
    { 19, 27, 291, 0, 27, 129, 9457 }, // U+1EF6
    { 15, 26, 241, 0, 21, 98, 9586 }, // U+1EF7
    { 19, 26, 291, 0, 26, 124, 9684 }, // U+1EF8
    { 15, 26, 241, 0, 21, 98, 9808 }, // U+1EF9
    { 0, 0, 233, 0, 0, 0, 0 }, // U+2000
    { 0, 0, 350, 0, 0, 0, 0 }, // U+2001
    { 0, 0, 233, 0, 0, 0, 0 }, // U+2002
    { 0, 0, 350, 0, 0, 0, 0 }, // U+2003
    { 0, 0, 155, 0, 0, 0, 0 }, // U+2004
    { 0, 0, 117, 0, 0, 0, 0 }, // U+2005
    { 0, 0, 78, 0, 0, 0, 0 }, // U+2006
    { 0, 0, 271, 0, 0, 0, 0 }, // U+2007
    { 0, 0, 99, 0, 0, 0, 0 }, // U+2008
    { 0, 0, 58, 0, 0, 0, 0 }, // U+2009
    { 0, 0, 29, 0, 0, 0, 0 }, // U+200A
    { 0, 0, 0, 0, 0, 0, 0 }, // U+200B
    { 0, 0, 0, 0, 0, 0, 0 }, // U+200C
    { 0, 0, 0, 0, 0, 0, 0 }, // U+200D
    { 0, 0, 0, 0, 0, 0, 0 }, // U+200E
    { 0, 0, 0, 0, 0, 0, 0 }, // U+200F
    { 8, 2, 173, 1, 10, 4, 0 }, // U+2010
    { 12, 2, 252, 2, 10, 6, 4 }, // U+2012
    { 13, 2, 271, 2, 10, 7, 10 }, // U+2013
    { 21, 2, 370, 1, 10, 11, 17 }, // U+2014
    { 21, 2, 370, 1, 10, 11, 28 }, // U+2015
    { 9, 28, 207, 2, 23, 63, 39 }, // U+2016
    { 13, 5, 215, 0, -1, 17, 102 }, // U+2017
    { 4, 10, 100, 1, 23, 10, 119 }, // U+2018
    { 4, 9, 100, 1, 22, 9, 129 }, // U+2019
    { 4, 9, 101, 1, 4, 9, 138 }, // U+201A
    { 4, 10, 100, 1, 23, 10, 147 }, // U+201B
    { 9, 10, 171, 1, 23, 23, 157 }, // U+201C
    { 9, 9, 171, 1, 22, 21, 180 }, // U+201D
    { 9, 9, 172, 1, 4, 21, 201 }, // U+201E
    { 9, 10, 171, 1, 23, 23, 222 }, // U+201F
    { 15, 26, 271, 1, 21, 98, 245 }, // U+2020
    { 15, 26, 271, 1, 21, 98, 343 }, // U+2021
    { 11, 11, 271, 3, 14, 31, 441 }, // U+2022
    { 20, 4, 350, 1, 4, 20, 472 }, // U+2026
    { 0, 0, 0, 0, 0, 0, 492 }, // U+202A
    { 0, 0, 0, 0, 0, 0, 492 }, // U+202B
    { 0, 0, 0, 0, 0, 0, 492 }, // U+202C
    { 0, 0, 0, 0, 0, 0, 492 }, // U+202D
    { 0, 0, 0, 0, 0, 0, 492 }, // U+202E
    { 0, 0, 117, 0, 0, 0, 492 }, // U+202F
    { 32, 21, 543, 1, 21, 168, 492 }, // U+2030
    { 6, 9, 153, 2, 23, 14, 660 }, // U+2032
    { 12, 9, 244, 2, 23, 27, 674 }, // U+2033
    { 17, 9, 334, 2, 23, 39, 701 }, // U+2034
    { 6, 13, 131, 1, 14, 20, 740 }, // U+2039
    { 6, 13, 131, 1, 14, 20, 760 }, // U+203A
    { 10, 21, 217, 2, 21, 53, 780 }, // U+203C
    { 12, 22, 227, 1, 22, 66, 833 }, // U+203D
    { 18, 2, 301, 0, 25, 9, 899 }, // U+203E
    { 16, 21, 65, -6, 21, 84, 908 }, // U+2044
    { 5, 29, 121, 1, 24, 37, 992 }, // U+205E
    { 0, 0, 93, 0, 0, 0, 1029 }, // U+205F
    { 0, 0, 0, 0, 0, 0, 1029 }, // U+2060
    { 0, 0, 0, 0, 0, 0, 1029 }, // U+2061
    { 0, 0, 0, 0, 0, 0, 1029 }, // U+2062
    { 0, 0, 0, 0, 0, 0, 1029 }, // U+2063
    { 0, 0, 0, 0, 0, 0, 1029 }, // U+2064
    { 0, 0, 0, 0, 0, 0, 1029 }, // U+2066
    { 0, 0, 0, 0, 0, 0, 1029 }, // U+2067
    { 0, 0, 0, 0, 0, 0, 1029 }, // U+2068
    { 0, 0, 0, 0, 0, 0, 1029 }, // U+2069
    { 0, 0, 0, 0, 0, 0, 1029 }, // U+206A
    { 0, 0, 0, 0, 0, 0, 1029 }, // U+206B
    { 0, 0, 0, 0, 0, 0, 1029 }, // U+206C
    { 0, 0, 0, 0, 0, 0, 1029 }, // U+206D
    { 0, 0, 0, 0, 0, 0, 1029 }, // U+206E
    { 0, 0, 0, 0, 0, 0, 1029 }, // U+206F
    { 9, 11, 156, 0, 24, 25, 0 }, // U+2070
    { 4, 11, 95, 1, 25, 11, 25 }, // U+2071
    { 9, 11, 156, 0, 24, 25, 36 }, // U+2074
    { 8, 11, 156, 1, 24, 22, 61 }, // U+2075
    { 8, 11, 156, 1, 24, 22, 83 }, // U+2076
    { 8, 11, 156, 1, 24, 22, 105 }, // U+2077
    { 8, 11, 156, 1, 24, 22, 127 }, // U+2078
    { 8, 11, 156, 1, 24, 22, 149 }, // U+2079
    { 8, 7, 156, 1, 21, 14, 171 }, // U+207A
    { 8, 2, 156, 1, 19, 4, 185 }, // U+207B
    { 8, 4, 156, 1, 20, 8, 189 }, // U+207C
    { 5, 15, 78, 0, 26, 19, 197 }, // U+207D
    { 4, 15, 78, 0, 26, 15, 216 }, // U+207E
    { 7, 8, 142, 1, 21, 14, 231 }, // U+207F
    { 9, 11, 156, 0, 8, 25, 245 }, // U+2080
    { 8, 11, 156, 1, 8, 22, 270 }, // U+2081
    { 8, 11, 156, 1, 8, 22, 292 }, // U+2082
    { 8, 11, 156, 1, 8, 22, 314 }, // U+2083
    { 9, 11, 156, 0, 8, 25, 336 }, // U+2084
    { 8, 11, 156, 1, 8, 22, 361 }, // U+2085
    { 8, 11, 156, 1, 8, 22, 383 }, // U+2086
    { 8, 11, 156, 1, 8, 22, 405 }, // U+2087
    { 8, 11, 156, 1, 8, 22, 427 }, // U+2088
    { 8, 11, 156, 1, 8, 22, 449 }, // U+2089
    { 8, 7, 156, 1, 5, 14, 471 }, // U+208A
    { 8, 2, 156, 1, 3, 4, 485 }, // U+208B
    { 8, 4, 156, 1, 4, 8, 489 }, // U+208C
    { 5, 15, 78, 0, 10, 19, 497 }, // U+208D
    { 4, 15, 78, 0, 10, 15, 516 }, // U+208E
    { 8, 8, 162, 1, 5, 16, 531 }, // U+208F
    { 7, 8, 128, 0, 5, 14, 547 }, // U+2090
    { 8, 8, 134, 0, 4, 16, 561 }, // U+2091
    { 9, 8, 143, 0, 5, 18, 577 }, // U+2092
    { 8, 8, 133, 0, 5, 16, 595 }, // U+2093
    { 8, 8, 134, 0, 4, 16, 611 }, // U+2094
    { 19, 21, 344, 1, 21, 100, 0 }, // U+20A0
    { 18, 27, 321, 1, 24, 122, 100 }, // U+20A1
    { 18, 21, 328, 1, 21, 95, 222 }, // U+20A2
    { 16, 21, 284, 1, 21, 84, 317 }, // U+20A3
    { 16, 21, 292, 1, 21, 84, 401 }, // U+20A4
    { 20, 21, 386, 2, 18, 105, 485 }, // U+20A5
    { 21, 21, 372, 1, 21, 111, 590 }, // U+20A6
    { 18, 21, 314, 1, 21, 95, 701 }, // U+20A7
    { 24, 21, 445, 3, 21, 126, 796 }, // U+20A8
    { 29, 21, 494, 1, 21, 153, 922 }, // U+20A9
    { 20, 17, 395, 2, 17, 85, 1075 }, // U+20AA
    { 16, 25, 283, 1, 21, 100, 1160 }, // U+20AB
    { 19, 21, 345, 1, 21, 100, 1260 }, // U+20AC
    { 20, 21, 348, 1, 21, 105, 1360 }, // U+20AD
    { 17, 21, 296, 1, 21, 90, 1465 }, // U+20AE
    { 34, 26, 565, 0, 21, 221, 1555 }, // U+20AF
    { 17, 28, 290, 0, 22, 119, 1776 }, // U+20B0
    { 17, 21, 271, 0, 21, 90, 1895 }, // U+20B1
    { 19, 27, 343, 1, 24, 129, 1985 }, // U+20B2
    { 20, 21, 347, 1, 21, 105, 2114 }, // U+20B3
    { 16, 21, 282, 1, 21, 84, 2219 }, // U+20B4
    { 18, 27, 323, 1, 24, 122, 2303 }, // U+20B5
    { 17, 21, 301, 1, 21, 90, 2425 }, // U+20B8
    { 15, 21, 270, 1, 21, 79, 2515 }, // U+20B9
    { 15, 21, 271, 1, 21, 79, 2594 }, // U+20BA
    { 16, 21, 251, 0, 21, 84, 0 }, // U+2113
    { 27, 18, 467, 1, 18, 122, 0 }, // U+2190
    { 18, 26, 350, 2, 23, 117, 122 }, // U+2191
    { 27, 18, 467, 1, 18, 122, 239 }, // U+2192
    { 18, 26, 350, 2, 21, 117, 361 }, // U+2193
    { 27, 18, 467, 1, 18, 122, 478 }, // U+2194
    { 18, 28, 350, 2, 23, 126, 600 }, // U+2195
    { 20, 20, 350, 2, 19, 100, 726 }, // U+2196
    { 20, 20, 350, 0, 19, 100, 826 }, // U+2197
    { 20, 20, 350, 0, 20, 100, 926 }, // U+2198
    { 20, 19, 350, 2, 19, 95, 1026 }, // U+2199
    { 18, 27, 350, 2, 24, 122, 1121 }, // U+21A8
    { 15, 21, 269, 1, 21, 79, 0 }, // U+2202
    { 19, 26, 323, 1, 21, 124, 79 }, // U+220F
    { 18, 26, 319, 1, 21, 117, 203 }, // U+2211
    { 13, 2, 271, 2, 11, 7, 320 }, // U+2212
    { 16, 21, 225, -1, 21, 84, 327 }, // U+2215
    { 5, 4, 121, 1, 10, 5, 411 }, // U+2219
    { 18, 25, 292, 0, 25, 113, 416 }, // U+221A
    { 19, 10, 344, 1, 14, 48, 529 }, // U+221E
    { 15, 14, 278, 2, 14, 53, 577 }, // U+221F
    { 15, 16, 280, 1, 16, 60, 630 }, // U+2229
    { 15, 29, 236, 0, 24, 109, 690 }, // U+222B
    { 13, 9, 271, 2, 15, 30, 799 }, // U+2248
    { 13, 15, 271, 2, 17, 49, 829 }, // U+2260
    { 13, 12, 271, 2, 16, 39, 878 }, // U+2261
    { 12, 16, 271, 2, 17, 48, 917 }, // U+2264
    { 13, 16, 271, 2, 17, 52, 965 }, // U+2265
    { 2, 27, 0, -1, 22, 14, 0 }, // U+2669
    { 11, 19, 211, 1, 19, 53, 14 }, // U+266A
    { 17, 22, 299, 1, 20, 94, 67 }, // U+266B
    { 17, 22, 299, 1, 20, 94, 161 }, // U+266C
    { 8, 19, 162, 1, 18, 38, 255 }, // U+266D
    { 9, 19, 167, 1, 12, 43, 293 }, // U+266E
    { 14, 25, 258, 1, 18, 88, 336 }, // U+266F
    { 33, 30, 593, 2, 25, 248, 424 }, // U+2764
    { 28, 30, 467, 1, 26, 210, 672 }, // U+4F1A
    { 27, 29, 467, 1, 26, 196, 882 }, // U+53BB
    { 27, 28, 467, 1, 24, 189, 1078 }, // U+5458
    { 29, 30, 467, 0, 26, 218, 1267 }, // U+59DA
    { 25, 30, 467, 2, 26, 188, 1485 }, // U+5B98
    { 27, 28, 467, 1, 26, 189, 1673 }, // U+5BA4
    { 27, 29, 467, 1, 25, 196, 1862 }, // U+5E26
    { 28, 29, 467, 1, 25, 203, 2058 }, // U+6211
    { 28, 30, 467, 1, 26, 210, 2261 }, // U+62C9
    { 29, 30, 467, 0, 26, 218, 2471 }, // U+653E
    { 29, 30, 467, 0, 26, 218, 2689 }, // U+6746
    { 29, 30, 467, 0, 26, 218, 2907 }, // U+6747
    { 28, 30, 467, 1, 26, 210, 3125 }, // U+6748
    { 28, 30, 467, 0, 26, 210, 3335 }, // U+6749
    { 28, 30, 467, 0, 26, 210, 3545 }, // U+674A
    { 29, 30, 467, 0, 26, 218, 3755 }, // U+674B
    { 29, 30, 467, 0, 26, 218, 3973 }, // U+674C
    { 28, 30, 467, 0, 26, 210, 4191 }, // U+674D
    { 28, 30, 467, 1, 26, 210, 4401 }, // U+674E
    { 28, 30, 467, 1, 26, 210, 4611 }, // U+674F
    { 28, 30, 467, 0, 26, 210, 4821 }, // U+6750
    { 29, 30, 467, 0, 26, 218, 5031 }, // U+6751
    { 28, 30, 467, 0, 26, 210, 5249 }, // U+6752
    { 27, 30, 467, 1, 26, 203, 5459 }, // U+6753
    { 28, 30, 467, 0, 26, 210, 5662 }, // U+6754
    { 28, 30, 467, 1, 26, 210, 5872 }, // U+6755
    { 29, 30, 467, 0, 26, 218, 6082 }, // U+6756
    { 28, 30, 467, 1, 26, 210, 6300 }, // U+6757
    { 29, 28, 467, 0, 24, 203, 6510 }, // U+6758
    { 29, 30, 467, 0, 26, 218, 6713 }, // U+6759
    { 28, 30, 467, 0, 26, 210, 6931 }, // U+675A
    { 28, 29, 467, 0, 26, 203, 7141 }, // U+675B
    { 28, 30, 467, 0, 26, 210, 7344 }, // U+675C
    { 29, 30, 467, 0, 26, 218, 7554 }, // U+675D
    { 28, 30, 467, 1, 26, 210, 7772 }, // U+675E
    { 28, 30, 467, 1, 26, 210, 7982 }, // U+675F
    { 27, 30, 467, 1, 26, 203, 8192 }, // U+6760
    { 28, 29, 467, 1, 26, 203, 8395 }, // U+6761
    { 28, 29, 467, 1, 26, 203, 8598 }, // U+6762
    { 28, 30, 467, 0, 26, 210, 8801 }, // U+6763
    { 28, 30, 467, 0, 26, 210, 9011 }, // U+6764
    { 29, 29, 467, 0, 25, 211, 9221 }, // U+6765
    { 29, 30, 467, 0, 26, 218, 9432 }, // U+6766
    { 29, 30, 467, 0, 26, 218, 9650 }, // U+6767
    { 28, 30, 467, 0, 26, 210, 9868 }, // U+6768
    { 27, 30, 467, 1, 26, 203, 10078 }, // U+6769
    { 28, 30, 467, 0, 26, 210, 10281 }, // U+676A
    { 28, 30, 467, 1, 26, 210, 10491 }, // U+676B
    { 29, 30, 467, 0, 26, 218, 10701 }, // U+676C
    { 29, 30, 467, 0, 26, 218, 10919 }, // U+676D
    { 27, 30, 467, 1, 26, 203, 11137 }, // U+676E
    { 29, 30, 467, 0, 26, 218, 11340 }, // U+676F
    { 27, 30, 467, 1, 26, 203, 11558 }, // U+6770
    { 28, 30, 467, 1, 26, 210, 11761 }, // U+6771
    { 28, 28, 467, 1, 24, 196, 11971 }, // U+6772
    { 28, 30, 467, 1, 26, 210, 12167 }, // U+6773
    { 28, 30, 467, 1, 26, 210, 12377 }, // U+6774
    { 28, 30, 467, 1, 26, 210, 12587 }, // U+6775
    { 29, 30, 467, 0, 26, 218, 12797 }, // U+6776
    { 29, 30, 467, 0, 26, 218, 13015 }, // U+6777
    { 28, 30, 467, 0, 26, 210, 13233 }, // U+6778
    { 29, 30, 467, 0, 26, 218, 13443 }, // U+6779
    { 28, 30, 467, 1, 26, 210, 13661 }, // U+677A
    { 29, 30, 467, 0, 26, 218, 13871 }, // U+677B
    { 29, 30, 467, 0, 26, 218, 14089 }, // U+677C
    { 27, 30, 467, 1, 26, 203, 14307 }, // U+677D
    { 28, 30, 467, 0, 26, 210, 14510 }, // U+677E
    { 29, 30, 467, 0, 26, 218, 14720 }, // U+677F
    { 23, 28, 467, 3, 24, 161, 14938 }, // U+7532
    { 26, 30, 467, 2, 26, 195, 15099 }, // U+7684
    { 28, 29, 467, 1, 25, 203, 15294 }, // U+8BAE
    { 27, 30, 467, 1, 26, 203, 15497 }, // U+8BF7
    { 29, 29, 467, 0, 25, 211, 15700 }, // U+91CA
    { 19, 21, 311, 0, 21, 100, 0 }, // U+FB00
    { 15, 21, 267, 0, 21, 79, 100 }, // U+FB01
    { 15, 21, 275, 0, 21, 79, 179 }, // U+FB02
    { 24, 21, 414, 0, 21, 126, 258 }, // U+FB03
    { 25, 21, 422, 0, 21, 132, 384 }, // U+FB04
    { 31, 30, 593, 3, 25, 233, 0 }, // U+1F44B
    { 23, 30, 593, 7, 25, 173, 233 }, // U+1F44C
    { 27, 30, 593, 5, 25, 203, 406 }, // U+1F44D
    { 27, 30, 593, 5, 25, 203, 609 }, // U+1F44E
    { 29, 30, 593, 4, 25, 218, 812 }, // U+1F44F
    { 31, 30, 593, 3, 25, 233, 1030 }, // U+1F600
    { 31, 30, 593, 3, 25, 233, 1263 }, // U+1F601
    { 37, 30, 593, 0, 25, 278, 1496 }, // U+1F602
    { 31, 30, 593, 3, 25, 233, 1774 }, // U+1F603
    { 31, 30, 593, 3, 25, 233, 2007 }, // U+1F604
    { 33, 30, 593, 2, 25, 248, 2240 }, // U+1F605
    { 31, 30, 593, 3, 25, 233, 2488 }, // U+1F606
    { 29, 30, 593, 4, 25, 218, 2721 }, // U+1F607
    { 31, 30, 593, 3, 25, 233, 2939 }, // U+1F609
    { 31, 30, 593, 3, 25, 233, 3172 }, // U+1F60A
    { 31, 31, 593, 3, 25, 241, 3405 }, // U+1F60B
    { 31, 30, 593, 3, 25, 233, 3646 }, // U+1F60C
    { 31, 30, 593, 3, 25, 233, 3879 }, // U+1F60D
    { 31, 30, 593, 3, 25, 233, 4112 }, // U+1F60E
    { 31, 30, 593, 3, 25, 233, 4345 }, // U+1F60F
    { 31, 30, 593, 3, 25, 233, 4578 }, // U+1F610
    { 31, 30, 593, 3, 25, 233, 4811 }, // U+1F611
    { 31, 30, 593, 3, 25, 233, 5044 }, // U+1F612
    { 31, 30, 593, 3, 25, 233, 5277 }, // U+1F613
    { 31, 30, 593, 3, 25, 233, 5510 }, // U+1F614
    { 31, 30, 593, 3, 25, 233, 5743 }, // U+1F618
    { 31, 30, 593, 3, 25, 233, 5976 }, // U+1F61A
    { 31, 31, 593, 3, 25, 241, 6209 }, // U+1F61C
    { 31, 31, 593, 3, 25, 241, 6450 }, // U+1F61D
    { 31, 30, 593, 3, 25, 233, 6691 }, // U+1F620
    { 31, 30, 593, 3, 25, 233, 6924 }, // U+1F621
    { 31, 30, 593, 3, 25, 233, 7157 }, // U+1F622
    { 33, 30, 593, 2, 25, 248, 7390 }, // U+1F624
    { 31, 30, 593, 3, 25, 233, 7638 }, // U+1F625
    { 31, 30, 593, 3, 25, 233, 7871 }, // U+1F629
    { 31, 30, 593, 3, 25, 233, 8104 }, // U+1F62C
    { 31, 31, 593, 3, 25, 241, 8337 }, // U+1F62D
    { 31, 30, 593, 3, 25, 233, 8578 }, // U+1F62E
    { 35, 31, 593, 1, 25, 272, 8811 }, // U+1F631
    { 31, 30, 593, 3, 25, 233, 9083 }, // U+1F632
    { 31, 30, 593, 3, 25, 233, 9316 }, // U+1F633
    { 31, 30, 593, 3, 25, 233, 9549 }, // U+1F634
    { 31, 30, 593, 3, 25, 233, 9782 }, // U+1F635
    { 31, 30, 593, 3, 25, 233, 10015 }, // U+1F641
    { 31, 30, 593, 3, 25, 233, 10248 }, // U+1F642
    { 31, 30, 593, 3, 25, 233, 10481 }, // U+1F644
};

static const EpdUnicodeInterval lato_14_regularIntervals[] = {
    { 0x0, 0x17F, 0x0 },
    { 0x1A0, 0x1A1, 0x180 },
    { 0x1AF, 0x1B0, 0x182 },
    { 0x1C4, 0x21F, 0x184 },
    { 0x300, 0x36F, 0x1E0 },
    { 0x3BB, 0x3BB, 0x250 },
    { 0x400, 0x486, 0x251 },
    { 0x488, 0x4FF, 0x2D8 },
    { 0x1EA0, 0x1EF9, 0x350 },
    { 0x2000, 0x2010, 0x3AA },
    { 0x2012, 0x2022, 0x3BB },
    { 0x2026, 0x2026, 0x3CC },
    { 0x202A, 0x2030, 0x3CD },
    { 0x2032, 0x2034, 0x3D4 },
    { 0x2039, 0x203A, 0x3D7 },
    { 0x203C, 0x203E, 0x3D9 },
    { 0x2044, 0x2044, 0x3DC },
    { 0x205E, 0x2064, 0x3DD },
    { 0x2066, 0x2071, 0x3E4 },
    { 0x2074, 0x2094, 0x3F0 },
    { 0x20A0, 0x20B5, 0x411 },
    { 0x20B8, 0x20BA, 0x427 },
    { 0x2113, 0x2113, 0x42A },
    { 0x2190, 0x2199, 0x42B },
    { 0x21A8, 0x21A8, 0x435 },
    { 0x2202, 0x2202, 0x436 },
    { 0x220F, 0x220F, 0x437 },
    { 0x2211, 0x2212, 0x438 },
    { 0x2215, 0x2215, 0x43A },
    { 0x2219, 0x221A, 0x43B },
    { 0x221E, 0x221F, 0x43D },
    { 0x2229, 0x2229, 0x43F },
    { 0x222B, 0x222B, 0x440 },
    { 0x2248, 0x2248, 0x441 },
    { 0x2260, 0x2261, 0x442 },
    { 0x2264, 0x2265, 0x444 },
    { 0x2669, 0x266F, 0x446 },
    { 0x2764, 0x2764, 0x44D },
    { 0x4F1A, 0x4F1A, 0x44E },
    { 0x53BB, 0x53BB, 0x44F },
    { 0x5458, 0x5458, 0x450 },
    { 0x59DA, 0x59DA, 0x451 },
    { 0x5B98, 0x5B98, 0x452 },
    { 0x5BA4, 0x5BA4, 0x453 },
    { 0x5E26, 0x5E26, 0x454 },
    { 0x6211, 0x6211, 0x455 },
    { 0x62C9, 0x62C9, 0x456 },
    { 0x653E, 0x653E, 0x457 },
    { 0x6746, 0x677F, 0x458 },
    { 0x7532, 0x7532, 0x492 },
    { 0x7684, 0x7684, 0x493 },
    { 0x8BAE, 0x8BAE, 0x494 },
    { 0x8BF7, 0x8BF7, 0x495 },
    { 0x91CA, 0x91CA, 0x496 },
    { 0xFB00, 0xFB04, 0x497 },
    { 0x1F44B, 0x1F44F, 0x49C },
    { 0x1F600, 0x1F607, 0x4A1 },
    { 0x1F609, 0x1F614, 0x4A9 },
    { 0x1F618, 0x1F618, 0x4B5 },
    { 0x1F61A, 0x1F61A, 0x4B6 },
    { 0x1F61C, 0x1F61D, 0x4B7 },
    { 0x1F620, 0x1F622, 0x4B9 },
    { 0x1F624, 0x1F625, 0x4BC },
    { 0x1F629, 0x1F629, 0x4BE },
    { 0x1F62C, 0x1F62E, 0x4BF },
    { 0x1F631, 0x1F635, 0x4C2 },
    { 0x1F641, 0x1F642, 0x4C7 },
    { 0x1F644, 0x1F644, 0x4C9 },
};

static const EpdFontGroup lato_14_regularGroups[] = {
    { 0, 2817, 6782, 128, 0 },
    { 2817, 2421, 8202, 128, 128 },
    { 5238, 3015, 12810, 128, 256 },
    { 8253, 2964, 11498, 96, 384 },
    { 11217, 873, 1628, 112, 480 },
    { 12090, 72, 84, 1, 592 },
    { 12162, 7290, 25995, 255, 593 },
    { 19452, 1840, 10772, 90, 848 },
    { 21292, 515, 1150, 68, 938 },
    { 21807, 326, 691, 35, 1006 },
    { 22133, 1326, 2854, 25, 1041 },
    { 23459, 79, 84, 1, 1066 },
    { 23538, 447, 1308, 11, 1067 },
    { 23985, 437, 1111, 16, 1078 },
    { 24422, 6905, 16654, 81, 1094 },
    { 31327, 148, 546, 5, 1175 },
    { 31475, 3993, 11111, 46, 1180 },
};

static const EpdKernClassEntry lato_14_regularKernLeftClasses[] = {
    { 0x0022, 1 }, // "
    { 0x0026, 2 }, // &
    { 0x0027, 1 }, // '
    { 0x0028, 3 }, // (
    { 0x002A, 4 }, // *
    { 0x002C, 5 }, // ,
    { 0x002E, 6 }, // .
    { 0x002F, 7 }, // /
    { 0x0030, 8 }, // 0
    { 0x0032, 9 }, // 2
    { 0x0033, 10 }, // 3
    { 0x0034, 11 }, // 4
    { 0x0035, 12 }, // 5
    { 0x0036, 13 }, // 6
    { 0x0037, 14 }, // 7
    { 0x0038, 10 }, // 8
    { 0x0039, 15 }, // 9
    { 0x003A, 16 }, // :
    { 0x003B, 17 }, // ;
    { 0x0040, 18 }, // @
    { 0x0041, 19 }, // A
    { 0x0042, 20 }, // B
    { 0x0043, 21 }, // C
    { 0x0044, 22 }, // D
    { 0x0045, 23 }, // E
    { 0x0046, 24 }, // F
    { 0x0047, 25 }, // G
    { 0x0048, 26 }, // H
    { 0x0049, 26 }, // I
    { 0x004A, 27 }, // J
    { 0x004B, 28 }, // K
    { 0x004C, 29 }, // L
    { 0x004D, 26 }, // M
    { 0x004E, 26 }, // N
    { 0x004F, 30 }, // O
    { 0x0050, 31 }, // P
    { 0x0051, 32 }, // Q
    { 0x0052, 33 }, // R
    { 0x0053, 34 }, // S
    { 0x0054, 35 }, // T
    { 0x0055, 36 }, // U
    { 0x0056, 37 }, // V
    { 0x0057, 38 }, // W
    { 0x0058, 39 }, // X
    { 0x0059, 40 }, // Y
    { 0x005A, 41 }, // Z
    { 0x005B, 42 }, // [
    { 0x005C, 43 }, // <backslash>
    { 0x0061, 44 }, // a
    { 0x0062, 45 }, // b
    { 0x0063, 46 }, // c
    { 0x0064, 47 }, // d
    { 0x0065, 48 }, // e
    { 0x0066, 49 }, // f
    { 0x0067, 50 }, // g
    { 0x0068, 51 }, // h
    { 0x0069, 52 }, // i
    { 0x006A, 52 }, // j
    { 0x006B, 53 }, // k
    { 0x006C, 54 }, // l
    { 0x006D, 51 }, // m
    { 0x006E, 51 }, // n
    { 0x006F, 55 }, // o
    { 0x0070, 45 }, // p
    { 0x0071, 56 }, // q
    { 0x0072, 57 }, // r
    { 0x0073, 58 }, // s
    { 0x0074, 59 }, // t
    { 0x0075, 56 }, // u
    { 0x0076, 60 }, // v
    { 0x0077, 61 }, // w
    { 0x0078, 62 }, // x
    { 0x0079, 63 }, // y
    { 0x007A, 64 }, // z
    { 0x007B, 65 }, // {
    { 0x007C, 66 }, // |
    { 0x00A0, 67 }, // U+00A0
    { 0x00A1, 68 }, // U+00A1
    { 0x00AB, 69 }, // U+00AB
    { 0x00AD, 70 }, // U+00AD
    { 0x00B0, 71 }, // U+00B0
    { 0x00BB, 72 }, // U+00BB
    { 0x00BF, 73 }, // U+00BF
    { 0x00C0, 19 }, // U+00C0
    { 0x00C1, 19 }, // U+00C1
    { 0x00C2, 19 }, // U+00C2
    { 0x00C3, 19 }, // U+00C3
    { 0x00C4, 19 }, // U+00C4
    { 0x00C5, 19 }, // U+00C5
    { 0x00C6, 23 }, // U+00C6
    { 0x00C7, 21 }, // U+00C7
    { 0x00C8, 23 }, // U+00C8
    { 0x00C9, 23 }, // U+00C9
    { 0x00CA, 23 }, // U+00CA
    { 0x00CB, 23 }, // U+00CB
    { 0x00CC, 26 }, // U+00CC
    { 0x00CD, 26 }, // U+00CD
    { 0x00CE, 74 }, // U+00CE
    { 0x00CF, 75 }, // U+00CF
    { 0x00D0, 22 }, // U+00D0
    { 0x00D1, 26 }, // U+00D1
    { 0x00D2, 30 }, // U+00D2
    { 0x00D3, 30 }, // U+00D3
    { 0x00D4, 30 }, // U+00D4
    { 0x00D5, 30 }, // U+00D5
    { 0x00D6, 30 }, // U+00D6
    { 0x00D8, 30 }, // U+00D8
    { 0x00D9, 36 }, // U+00D9
    { 0x00DA, 36 }, // U+00DA
    { 0x00DB, 36 }, // U+00DB
    { 0x00DC, 36 }, // U+00DC
    { 0x00DD, 40 }, // U+00DD
    { 0x00DE, 76 }, // U+00DE
    { 0x00DF, 77 }, // U+00DF
    { 0x00E0, 44 }, // U+00E0
    { 0x00E1, 44 }, // U+00E1
    { 0x00E2, 44 }, // U+00E2
    { 0x00E3, 44 }, // U+00E3
    { 0x00E4, 44 }, // U+00E4
    { 0x00E5, 44 }, // U+00E5
    { 0x00E6, 48 }, // U+00E6
    { 0x00E7, 46 }, // U+00E7
    { 0x00E8, 48 }, // U+00E8
    { 0x00E9, 48 }, // U+00E9
    { 0x00EA, 48 }, // U+00EA
    { 0x00EB, 48 }, // U+00EB
    { 0x00EC, 52 }, // U+00EC
    { 0x00ED, 78 }, // U+00ED
    { 0x00EE, 79 }, // U+00EE
    { 0x00EF, 80 }, // U+00EF
    { 0x00F0, 81 }, // U+00F0
    { 0x00F1, 51 }, // U+00F1
    { 0x00F2, 55 }, // U+00F2
    { 0x00F3, 55 }, // U+00F3
    { 0x00F4, 55 }, // U+00F4
    { 0x00F5, 55 }, // U+00F5
    { 0x00F6, 55 }, // U+00F6
    { 0x00F8, 82 }, // U+00F8
    { 0x00F9, 56 }, // U+00F9
    { 0x00FA, 56 }, // U+00FA
    { 0x00FB, 56 }, // U+00FB
    { 0x00FC, 56 }, // U+00FC
    { 0x00FD, 63 }, // U+00FD
    { 0x00FE, 45 }, // U+00FE
    { 0x00FF, 63 }, // U+00FF
    { 0x0100, 19 }, // U+0100
    { 0x0101, 44 }, // U+0101
    { 0x0102, 19 }, // U+0102
    { 0x0103, 44 }, // U+0103
    { 0x0104, 83 }, // U+0104
    { 0x0105, 84 }, // U+0105
    { 0x0106, 21 }, // U+0106
    { 0x0107, 85 }, // U+0107
    { 0x0108, 21 }, // U+0108
    { 0x0109, 46 }, // U+0109
    { 0x010A, 21 }, // U+010A
    { 0x010B, 46 }, // U+010B
    { 0x010C, 21 }, // U+010C
    { 0x010D, 86 }, // U+010D
    { 0x010E, 22 }, // U+010E
    { 0x010F, 87 }, // U+010F
    { 0x0110, 22 }, // U+0110
    { 0x0111, 88 }, // U+0111
    { 0x0112, 23 }, // U+0112
    { 0x0113, 48 }, // U+0113
    { 0x0114, 23 }, // U+0114
    { 0x0115, 48 }, // U+0115
    { 0x0116, 23 }, // U+0116
    { 0x0117, 48 }, // U+0117
    { 0x0118, 89 }, // U+0118
    { 0x0119, 48 }, // U+0119
    { 0x011A, 23 }, // U+011A
    { 0x011B, 48 }, // U+011B
    { 0x011C, 25 }, // U+011C
    { 0x011D, 50 }, // U+011D
    { 0x011E, 25 }, // U+011E
    { 0x011F, 50 }, // U+011F
    { 0x0120, 25 }, // U+0120
    { 0x0121, 50 }, // U+0121
    { 0x0122, 25 }, // U+0122
    { 0x0123, 50 }, // U+0123
    { 0x0124, 26 }, // U+0124
    { 0x0125, 51 }, // U+0125
    { 0x0126, 90 }, // U+0126
    { 0x0127, 51 }, // U+0127
    { 0x0128, 26 }, // U+0128
    { 0x0129, 91 }, // U+0129
    { 0x012A, 92 }, // U+012A
    { 0x012B, 93 }, // U+012B
    { 0x012C, 26 }, // U+012C
    { 0x012D, 94 }, // U+012D
    { 0x012E, 26 }, // U+012E
    { 0x012F, 95 }, // U+012F
    { 0x0130, 26 }, // U+0130
    { 0x0131, 52 }, // U+0131
    { 0x0132, 27 }, // U+0132
    { 0x0133, 52 }, // U+0133
    { 0x0134, 96 }, // U+0134
    { 0x0135, 97 }, // U+0135
    { 0x0136, 28 }, // U+0136
    { 0x0137, 53 }, // U+0137
    { 0x0138, 53 }, // U+0138
    { 0x0139, 29 }, // U+0139
    { 0x013A, 54 }, // U+013A
    { 0x013B, 29 }, // U+013B
    { 0x013C, 54 }, // U+013C
    { 0x013D, 98 }, // U+013D
    { 0x013E, 99 }, // U+013E
    { 0x013F, 100 }, // U+013F
    { 0x0140, 101 }, // U+0140
    { 0x0141, 29 }, // U+0141
    { 0x0142, 102 }, // U+0142
    { 0x0143, 26 }, // U+0143
    { 0x0144, 51 }, // U+0144
    { 0x0145, 26 }, // U+0145
    { 0x0146, 51 }, // U+0146
    { 0x0147, 26 }, // U+0147
    { 0x0148, 51 }, // U+0148
    { 0x0149, 51 }, // U+0149
    { 0x014A, 26 }, // U+014A
    { 0x014B, 51 }, // U+014B
    { 0x014C, 30 }, // U+014C
    { 0x014D, 55 }, // U+014D
    { 0x014E, 30 }, // U+014E
    { 0x014F, 55 }, // U+014F
    { 0x0150, 30 }, // U+0150
    { 0x0151, 103 }, // U+0151
    { 0x0152, 23 }, // U+0152
    { 0x0153, 48 }, // U+0153
    { 0x0154, 33 }, // U+0154
    { 0x0155, 104 }, // U+0155
    { 0x0156, 33 }, // U+0156
    { 0x0157, 57 }, // U+0157
    { 0x0158, 33 }, // U+0158
    { 0x0159, 105 }, // U+0159
    { 0x015A, 34 }, // U+015A
    { 0x015B, 106 }, // U+015B
    { 0x015C, 34 }, // U+015C
    { 0x015D, 58 }, // U+015D
    { 0x015E, 34 }, // U+015E
    { 0x015F, 58 }, // U+015F
    { 0x0160, 34 }, // U+0160
    { 0x0161, 107 }, // U+0161
    { 0x0162, 35 }, // U+0162
    { 0x0163, 59 }, // U+0163
    { 0x0164, 35 }, // U+0164
    { 0x0165, 108 }, // U+0165
    { 0x0166, 109 }, // U+0166
    { 0x0167, 59 }, // U+0167
    { 0x0168, 36 }, // U+0168
    { 0x0169, 56 }, // U+0169
    { 0x016A, 36 }, // U+016A
    { 0x016B, 56 }, // U+016B
    { 0x016C, 36 }, // U+016C
    { 0x016D, 56 }, // U+016D
    { 0x016E, 36 }, // U+016E
    { 0x016F, 56 }, // U+016F
    { 0x0170, 36 }, // U+0170
    { 0x0171, 110 }, // U+0171
    { 0x0172, 36 }, // U+0172
    { 0x0173, 111 }, // U+0173
    { 0x0174, 38 }, // U+0174
    { 0x0175, 61 }, // U+0175
    { 0x0176, 40 }, // U+0176
    { 0x0177, 63 }, // U+0177
    { 0x0178, 40 }, // U+0178
    { 0x0179, 41 }, // U+0179
    { 0x017A, 112 }, // U+017A
    { 0x017B, 41 }, // U+017B
    { 0x017C, 64 }, // U+017C
    { 0x017D, 41 }, // U+017D
    { 0x017E, 64 }, // U+017E
    { 0x017F, 113 }, // U+017F
    { 0x01A0, 114 }, // U+01A0
    { 0x01A1, 115 }, // U+01A1
    { 0x01AF, 116 }, // U+01AF
    { 0x01B0, 117 }, // U+01B0
    { 0x01C4, 41 }, // U+01C4
    { 0x01C5, 118 }, // U+01C5
    { 0x01C6, 64 }, // U+01C6
    { 0x01C7, 27 }, // U+01C7
    { 0x01C8, 52 }, // U+01C8
    { 0x01C9, 52 }, // U+01C9
    { 0x01CA, 27 }, // U+01CA
    { 0x01CB, 52 }, // U+01CB
    { 0x01CC, 52 }, // U+01CC
    { 0x01CD, 19 }, // U+01CD
    { 0x01CE, 44 }, // U+01CE
    { 0x01CF, 26 }, // U+01CF
    { 0x01D0, 119 }, // U+01D0
    { 0x01D1, 30 }, // U+01D1
    { 0x01D2, 55 }, // U+01D2
    { 0x01D3, 36 }, // U+01D3
    { 0x01D4, 56 }, // U+01D4
    { 0x01D5, 36 }, // U+01D5
    { 0x01D6, 56 }, // U+01D6
    { 0x01D7, 36 }, // U+01D7
    { 0x01D8, 56 }, // U+01D8
    { 0x01D9, 36 }, // U+01D9
    { 0x01DA, 56 }, // U+01DA
    { 0x01DB, 36 }, // U+01DB
    { 0x01DC, 56 }, // U+01DC
    { 0x01DD, 55 }, // U+01DD
    { 0x01DE, 19 }, // U+01DE
    { 0x01DF, 44 }, // U+01DF
    { 0x01E0, 19 }, // U+01E0
    { 0x01E1, 44 }, // U+01E1
    { 0x01E2, 23 }, // U+01E2
    { 0x01E3, 48 }, // U+01E3
    { 0x01E4, 120 }, // U+01E4
    { 0x01E5, 121 }, // U+01E5
    { 0x01E6, 25 }, // U+01E6
    { 0x01E7, 50 }, // U+01E7
    { 0x01E8, 28 }, // U+01E8
    { 0x01E9, 53 }, // U+01E9
    { 0x01EA, 30 }, // U+01EA
    { 0x01EB, 55 }, // U+01EB
    { 0x01EC, 30 }, // U+01EC
    { 0x01ED, 55 }, // U+01ED
    { 0x01EE, 122 }, // U+01EE
    { 0x01EF, 123 }, // U+01EF
    { 0x01F0, 124 }, // U+01F0
    { 0x01F1, 41 }, // U+01F1
    { 0x01F2, 64 }, // U+01F2
    { 0x01F3, 64 }, // U+01F3
    { 0x01F4, 25 }, // U+01F4
    { 0x01F5, 50 }, // U+01F5
    { 0x01F7, 125 }, // U+01F7
    { 0x01F8, 26 }, // U+01F8
    { 0x01F9, 51 }, // U+01F9
    { 0x01FA, 19 }, // U+01FA
    { 0x01FB, 44 }, // U+01FB
    { 0x01FC, 23 }, // U+01FC
    { 0x01FD, 48 }, // U+01FD
    { 0x01FE, 30 }, // U+01FE
    { 0x01FF, 126 }, // U+01FF
    { 0x0200, 19 }, // U+0200
    { 0x0201, 44 }, // U+0201
    { 0x0202, 19 }, // U+0202
    { 0x0203, 44 }, // U+0203
    { 0x0204, 23 }, // U+0204
    { 0x0205, 48 }, // U+0205
    { 0x0206, 23 }, // U+0206
    { 0x0207, 48 }, // U+0207
    { 0x0208, 127 }, // U+0208
    { 0x0209, 128 }, // U+0209
    { 0x020A, 129 }, // U+020A
    { 0x020B, 130 }, // U+020B
    { 0x020C, 30 }, // U+020C
    { 0x020D, 55 }, // U+020D
    { 0x020E, 30 }, // U+020E
    { 0x020F, 55 }, // U+020F
    { 0x0210, 33 }, // U+0210
    { 0x0211, 57 }, // U+0211
    { 0x0212, 33 }, // U+0212
    { 0x0213, 57 }, // U+0213
    { 0x0214, 36 }, // U+0214
    { 0x0215, 56 }, // U+0215
    { 0x0216, 36 }, // U+0216
    { 0x0217, 56 }, // U+0217
    { 0x0218, 34 }, // U+0218
    { 0x0219, 58 }, // U+0219
    { 0x021A, 35 }, // U+021A
    { 0x021B, 59 }, // U+021B
    { 0x021C, 122 }, // U+021C
    { 0x021D, 123 }, // U+021D
    { 0x021E, 26 }, // U+021E
    { 0x021F, 51 }, // U+021F
    { 0x03BB, 131 }, // U+03BB
    { 0x0401, 132 }, // U+0401
    { 0x0402, 133 }, // U+0402
    { 0x0403, 134 }, // U+0403
    { 0x0404, 135 }, // U+0404
    { 0x0405, 136 }, // U+0405
    { 0x0406, 137 }, // U+0406
    { 0x0407, 138 }, // U+0407
    { 0x0408, 139 }, // U+0408
    { 0x0409, 140 }, // U+0409
    { 0x040A, 140 }, // U+040A
    { 0x040B, 141 }, // U+040B
    { 0x040C, 142 }, // U+040C
    { 0x040D, 137 }, // U+040D
    { 0x040E, 143 }, // U+040E
    { 0x040F, 137 }, // U+040F
    { 0x0410, 144 }, // U+0410
    { 0x0411, 145 }, // U+0411
    { 0x0412, 146 }, // U+0412
    { 0x0413, 134 }, // U+0413
    { 0x0414, 147 }, // U+0414
    { 0x0415, 132 }, // U+0415
    { 0x0416, 148 }, // U+0416
    { 0x0417, 149 }, // U+0417
    { 0x0418, 137 }, // U+0418
    { 0x0419, 137 }, // U+0419
    { 0x041A, 142 }, // U+041A
    { 0x041B, 137 }, // U+041B
    { 0x041C, 137 }, // U+041C
    { 0x041D, 137 }, // U+041D
    { 0x041E, 150 }, // U+041E
    { 0x041F, 137 }, // U+041F
    { 0x0420, 151 }, // U+0420
    { 0x0421, 152 }, // U+0421
    { 0x0422, 153 }, // U+0422
    { 0x0423, 143 }, // U+0423
    { 0x0424, 154 }, // U+0424
    { 0x0425, 155 }, // U+0425
    { 0x0426, 147 }, // U+0426
    { 0x0427, 137 }, // U+0427
    { 0x0428, 137 }, // U+0428
    { 0x0429, 147 }, // U+0429
    { 0x042A, 140 }, // U+042A
    { 0x042B, 137 }, // U+042B
    { 0x042C, 140 }, // U+042C
    { 0x042D, 150 }, // U+042D
    { 0x042E, 150 }, // U+042E
    { 0x042F, 137 }, // U+042F
    { 0x0430, 156 }, // U+0430
    { 0x0431, 157 }, // U+0431
    { 0x0432, 158 }, // U+0432
    { 0x0433, 159 }, // U+0433
    { 0x0434, 160 }, // U+0434
    { 0x0435, 161 }, // U+0435
    { 0x0436, 162 }, // U+0436
    { 0x0437, 158 }, // U+0437
    { 0x0438, 163 }, // U+0438
    { 0x0439, 163 }, // U+0439
    { 0x043A, 164 }, // U+043A
    { 0x043B, 163 }, // U+043B
    { 0x043C, 163 }, // U+043C
    { 0x043D, 163 }, // U+043D
    { 0x043E, 165 }, // U+043E
    { 0x043F, 163 }, // U+043F
    { 0x0440, 166 }, // U+0440
    { 0x0441, 167 }, // U+0441
    { 0x0442, 168 }, // U+0442
    { 0x0443, 169 }, // U+0443
    { 0x0444, 165 }, // U+0444
    { 0x0445, 170 }, // U+0445
    { 0x0446, 160 }, // U+0446
    { 0x0447, 163 }, // U+0447
    { 0x0448, 163 }, // U+0448
    { 0x0449, 160 }, // U+0449
    { 0x044A, 171 }, // U+044A
    { 0x044B, 163 }, // U+044B
    { 0x044C, 171 }, // U+044C
    { 0x044D, 165 }, // U+044D
    { 0x044E, 165 }, // U+044E
    { 0x044F, 163 }, // U+044F
    { 0x0451, 161 }, // U+0451
    { 0x0452, 172 }, // U+0452
    { 0x0453, 173 }, // U+0453
    { 0x0454, 174 }, // U+0454
    { 0x0455, 175 }, // U+0455
    { 0x0456, 176 }, // U+0456
    { 0x0457, 177 }, // U+0457
    { 0x0458, 176 }, // U+0458
    { 0x0459, 171 }, // U+0459
    { 0x045A, 171 }, // U+045A
    { 0x045B, 178 }, // U+045B
    { 0x045C, 164 }, // U+045C
    { 0x045D, 163 }, // U+045D
    { 0x045E, 169 }, // U+045E
    { 0x045F, 163 }, // U+045F
    { 0x0460, 179 }, // U+0460
    { 0x0461, 180 }, // U+0461
    { 0x0462, 140 }, // U+0462
    { 0x0463, 181 }, // U+0463
    { 0x0464, 135 }, // U+0464
    { 0x0465, 174 }, // U+0465
    { 0x0466, 182 }, // U+0466
    { 0x0467, 183 }, // U+0467
    { 0x0468, 182 }, // U+0468
    { 0x0469, 183 }, // U+0469
    { 0x046A, 184 }, // U+046A
    { 0x046B, 185 }, // U+046B
    { 0x046C, 184 }, // U+046C
    { 0x046D, 186 }, // U+046D
    { 0x046E, 187 }, // U+046E
    { 0x046F, 188 }, // U+046F
    { 0x0470, 189 }, // U+0470
    { 0x0471, 190 }, // U+0471
    { 0x0472, 150 }, // U+0472
    { 0x0473, 165 }, // U+0473
    { 0x0474, 191 }, // U+0474
    { 0x0475, 192 }, // U+0475
    { 0x0476, 191 }, // U+0476
    { 0x0477, 192 }, // U+0477
    { 0x0478, 193 }, // U+0478
    { 0x0479, 169 }, // U+0479
    { 0x047A, 150 }, // U+047A
    { 0x047B, 165 }, // U+047B
    { 0x047C, 179 }, // U+047C
    { 0x047D, 194 }, // U+047D
    { 0x047E, 179 }, // U+047E
    { 0x047F, 180 }, // U+047F
    { 0x0480, 195 }, // U+0480
    { 0x0481, 196 }, // U+0481
    { 0x048A, 197 }, // U+048A
    { 0x048B, 163 }, // U+048B
    { 0x048C, 140 }, // U+048C
    { 0x048D, 171 }, // U+048D
    { 0x048E, 151 }, // U+048E
    { 0x048F, 166 }, // U+048F
    { 0x0490, 134 }, // U+0490
    { 0x0491, 198 }, // U+0491
    { 0x0492, 199 }, // U+0492
    { 0x0493, 159 }, // U+0493
    { 0x0494, 200 }, // U+0494
    { 0x0495, 201 }, // U+0495
    { 0x0496, 202 }, // U+0496
    { 0x0497, 203 }, // U+0497
    { 0x0498, 149 }, // U+0498
    { 0x0499, 158 }, // U+0499
    { 0x049A, 204 }, // U+049A
    { 0x049B, 205 }, // U+049B
    { 0x049C, 206 }, // U+049C
    { 0x049D, 207 }, // U+049D
    { 0x049E, 142 }, // U+049E
    { 0x049F, 164 }, // U+049F
    { 0x04A0, 142 }, // U+04A0
    { 0x04A1, 164 }, // U+04A1
    { 0x04A2, 147 }, // U+04A2
    { 0x04A3, 160 }, // U+04A3
    { 0x04A4, 134 }, // U+04A4
    { 0x04A5, 168 }, // U+04A5
    { 0x04A6, 208 }, // U+04A6
    { 0x04A7, 209 }, // U+04A7
    { 0x04A8, 210 }, // U+04A8
    { 0x04A9, 211 }, // U+04A9
    { 0x04AA, 152 }, // U+04AA
    { 0x04AB, 167 }, // U+04AB
    { 0x04AC, 153 }, // U+04AC
    { 0x04AD, 168 }, // U+04AD
    { 0x04AE, 212 }, // U+04AE
    { 0x04AF, 213 }, // U+04AF
    { 0x04B0, 214 }, // U+04B0
    { 0x04B1, 215 }, // U+04B1
    { 0x04B2, 216 }, // U+04B2
    { 0x04B3, 217 }, // U+04B3
    { 0x04B4, 147 }, // U+04B4
    { 0x04B5, 160 }, // U+04B5
    { 0x04B6, 147 }, // U+04B6
    { 0x04B7, 160 }, // U+04B7
    { 0x04B8, 137 }, // U+04B8
    { 0x04B9, 163 }, // U+04B9
    { 0x04BA, 218 }, // U+04BA
    { 0x04BB, 219 }, // U+04BB
    { 0x04BC, 220 }, // U+04BC
    { 0x04BD, 161 }, // U+04BD
    { 0x04BE, 220 }, // U+04BE
    { 0x04BF, 161 }, // U+04BF
    { 0x04C0, 137 }, // U+04C0
    { 0x04C1, 148 }, // U+04C1
    { 0x04C2, 162 }, // U+04C2
    { 0x04C3, 221 }, // U+04C3
    { 0x04C4, 222 }, // U+04C4
    { 0x04C5, 147 }, // U+04C5
    { 0x04C6, 160 }, // U+04C6
    { 0x04C7, 137 }, // U+04C7
    { 0x04C8, 163 }, // U+04C8
    { 0x04C9, 147 }, // U+04C9
    { 0x04CA, 160 }, // U+04CA
    { 0x04CB, 137 }, // U+04CB
    { 0x04CC, 163 }, // U+04CC
    { 0x04CD, 147 }, // U+04CD
    { 0x04CE, 160 }, // U+04CE
    { 0x04CF, 137 }, // U+04CF
    { 0x04D0, 144 }, // U+04D0
    { 0x04D1, 156 }, // U+04D1
    { 0x04D2, 144 }, // U+04D2
    { 0x04D3, 156 }, // U+04D3
    { 0x04D4, 132 }, // U+04D4
    { 0x04D5, 161 }, // U+04D5
    { 0x04D6, 132 }, // U+04D6
    { 0x04D7, 161 }, // U+04D7
    { 0x04D8, 150 }, // U+04D8
    { 0x04D9, 165 }, // U+04D9
    { 0x04DA, 150 }, // U+04DA
    { 0x04DB, 165 }, // U+04DB
    { 0x04DC, 148 }, // U+04DC
    { 0x04DD, 162 }, // U+04DD
    { 0x04DE, 149 }, // U+04DE
    { 0x04DF, 158 }, // U+04DF
    { 0x04E0, 223 }, // U+04E0
    { 0x04E1, 224 }, // U+04E1
    { 0x04E2, 137 }, // U+04E2
    { 0x04E3, 163 }, // U+04E3
    { 0x04E4, 137 }, // U+04E4
    { 0x04E5, 163 }, // U+04E5
    { 0x04E6, 150 }, // U+04E6
    { 0x04E7, 165 }, // U+04E7
    { 0x04E8, 150 }, // U+04E8
    { 0x04E9, 165 }, // U+04E9
    { 0x04EA, 150 }, // U+04EA
    { 0x04EB, 165 }, // U+04EB
    { 0x04EC, 150 }, // U+04EC
    { 0x04ED, 165 }, // U+04ED
    { 0x04EE, 143 }, // U+04EE
    { 0x04EF, 169 }, // U+04EF
    { 0x04F0, 143 }, // U+04F0
    { 0x04F1, 169 }, // U+04F1
    { 0x04F2, 143 }, // U+04F2
    { 0x04F3, 225 }, // U+04F3
    { 0x04F4, 137 }, // U+04F4
    { 0x04F5, 163 }, // U+04F5
    { 0x04F6, 134 }, // U+04F6
    { 0x04F7, 159 }, // U+04F7
    { 0x04F8, 137 }, // U+04F8
    { 0x04F9, 163 }, // U+04F9
    { 0x04FA, 226 }, // U+04FA
    { 0x04FB, 159 }, // U+04FB
    { 0x04FC, 227 }, // U+04FC
    { 0x04FD, 228 }, // U+04FD
    { 0x04FE, 229 }, // U+04FE
    { 0x04FF, 230 }, // U+04FF
    { 0x1EA0, 19 }, // U+1EA0
    { 0x1EA1, 44 }, // U+1EA1
    { 0x1EA2, 19 }, // U+1EA2
    { 0x1EA3, 44 }, // U+1EA3
    { 0x1EA4, 19 }, // U+1EA4
    { 0x1EA5, 231 }, // U+1EA5
    { 0x1EA6, 19 }, // U+1EA6
    { 0x1EA7, 44 }, // U+1EA7
    { 0x1EA8, 19 }, // U+1EA8
    { 0x1EA9, 232 }, // U+1EA9
    { 0x1EAA, 19 }, // U+1EAA
    { 0x1EAB, 44 }, // U+1EAB
    { 0x1EAC, 19 }, // U+1EAC
    { 0x1EAD, 44 }, // U+1EAD
    { 0x1EAE, 19 }, // U+1EAE
    { 0x1EAF, 44 }, // U+1EAF
    { 0x1EB0, 19 }, // U+1EB0
    { 0x1EB1, 44 }, // U+1EB1
    { 0x1EB2, 19 }, // U+1EB2
    { 0x1EB3, 44 }, // U+1EB3
    { 0x1EB4, 19 }, // U+1EB4
    { 0x1EB5, 44 }, // U+1EB5
    { 0x1EB6, 19 }, // U+1EB6
    { 0x1EB7, 44 }, // U+1EB7
    { 0x1EB8, 23 }, // U+1EB8
    { 0x1EB9, 48 }, // U+1EB9
    { 0x1EBA, 23 }, // U+1EBA
    { 0x1EBB, 48 }, // U+1EBB
    { 0x1EBC, 23 }, // U+1EBC
    { 0x1EBD, 48 }, // U+1EBD
    { 0x1EBE, 23 }, // U+1EBE
    { 0x1EBF, 233 }, // U+1EBF
    { 0x1EC0, 23 }, // U+1EC0
    { 0x1EC1, 48 }, // U+1EC1
    { 0x1EC2, 23 }, // U+1EC2
    { 0x1EC3, 234 }, // U+1EC3
    { 0x1EC4, 23 }, // U+1EC4
    { 0x1EC5, 48 }, // U+1EC5
    { 0x1EC6, 23 }, // U+1EC6
    { 0x1EC7, 48 }, // U+1EC7
    { 0x1EC8, 26 }, // U+1EC8
    { 0x1EC9, 52 }, // U+1EC9
    { 0x1ECA, 26 }, // U+1ECA
    { 0x1ECB, 52 }, // U+1ECB
    { 0x1ECC, 30 }, // U+1ECC
    { 0x1ECD, 55 }, // U+1ECD
    { 0x1ECE, 30 }, // U+1ECE
    { 0x1ECF, 55 }, // U+1ECF
    { 0x1ED0, 30 }, // U+1ED0
    { 0x1ED1, 235 }, // U+1ED1
    { 0x1ED2, 30 }, // U+1ED2
    { 0x1ED3, 55 }, // U+1ED3
    { 0x1ED4, 30 }, // U+1ED4
    { 0x1ED5, 236 }, // U+1ED5
    { 0x1ED6, 30 }, // U+1ED6
    { 0x1ED7, 55 }, // U+1ED7
    { 0x1ED8, 30 }, // U+1ED8
    { 0x1ED9, 55 }, // U+1ED9
    { 0x1EDA, 114 }, // U+1EDA
    { 0x1EDB, 115 }, // U+1EDB
    { 0x1EDC, 114 }, // U+1EDC
    { 0x1EDD, 115 }, // U+1EDD
    { 0x1EDE, 114 }, // U+1EDE
    { 0x1EDF, 115 }, // U+1EDF
    { 0x1EE0, 114 }, // U+1EE0
    { 0x1EE1, 115 }, // U+1EE1
    { 0x1EE2, 114 }, // U+1EE2
    { 0x1EE3, 115 }, // U+1EE3
    { 0x1EE4, 36 }, // U+1EE4
    { 0x1EE5, 56 }, // U+1EE5
    { 0x1EE6, 36 }, // U+1EE6
    { 0x1EE7, 56 }, // U+1EE7
    { 0x1EE8, 116 }, // U+1EE8
    { 0x1EE9, 117 }, // U+1EE9
    { 0x1EEA, 116 }, // U+1EEA
    { 0x1EEB, 117 }, // U+1EEB
    { 0x1EEC, 116 }, // U+1EEC
    { 0x1EED, 117 }, // U+1EED
    { 0x1EEE, 116 }, // U+1EEE
    { 0x1EEF, 117 }, // U+1EEF
    { 0x1EF0, 116 }, // U+1EF0
    { 0x1EF1, 117 }, // U+1EF1
    { 0x1EF2, 40 }, // U+1EF2
    { 0x1EF3, 63 }, // U+1EF3
    { 0x1EF4, 40 }, // U+1EF4
    { 0x1EF5, 237 }, // U+1EF5
    { 0x1EF6, 40 }, // U+1EF6
    { 0x1EF7, 63 }, // U+1EF7
    { 0x1EF8, 40 }, // U+1EF8
    { 0x1EF9, 63 }, // U+1EF9
    { 0x2014, 70 }, // U+2014
    { 0x2015, 70 }, // U+2015
    { 0x2018, 238 }, // U+2018
    { 0x2019, 239 }, // U+2019
    { 0x201A, 240 }, // U+201A
    { 0x201B, 241 }, // U+201B
    { 0x201C, 238 }, // U+201C
    { 0x201D, 239 }, // U+201D
    { 0x201E, 240 }, // U+201E
    { 0x201F, 242 }, // U+201F
    { 0x2039, 69 }, // U+2039
    { 0x203A, 72 }, // U+203A
    { 0x2219, 243 }, // U+2219
    { 0xFB00, 244 }, // U+FB00
    { 0xFB01, 245 }, // U+FB01
    { 0xFB02, 54 }, // U+FB02
    { 0xFB03, 245 }, // U+FB03
    { 0xFB04, 54 }, // U+FB04
};

static const EpdKernClassEntry lato_14_regularKernRightClasses[] = {
    { 0x0021, 1 }, // !
    { 0x0022, 2 }, // "
    { 0x0026, 3 }, // &
    { 0x0027, 2 }, // '
    { 0x0029, 4 }, // )
    { 0x002A, 5 }, // *
    { 0x002C, 6 }, // ,
    { 0x002E, 7 }, // .
    { 0x002F, 8 }, // /
    { 0x0030, 9 }, // 0
    { 0x0031, 10 }, // 1
    { 0x0032, 11 }, // 2
    { 0x0033, 12 }, // 3
    { 0x0034, 13 }, // 4
    { 0x0035, 14 }, // 5
    { 0x0036, 15 }, // 6
    { 0x0037, 16 }, // 7
    { 0x0038, 12 }, // 8
    { 0x0039, 17 }, // 9
    { 0x003A, 18 }, // :
    { 0x003B, 19 }, // ;
    { 0x003F, 20 }, // ?
    { 0x0040, 21 }, // @
    { 0x0041, 22 }, // A
    { 0x0042, 23 }, // B
    { 0x0043, 24 }, // C
    { 0x0044, 23 }, // D
    { 0x0045, 23 }, // E
    { 0x0046, 23 }, // F
    { 0x0047, 24 }, // G
    { 0x0048, 23 }, // H
    { 0x0049, 23 }, // I
    { 0x004A, 25 }, // J
    { 0x004B, 23 }, // K
    { 0x004C, 23 }, // L
    { 0x004D, 23 }, // M
    { 0x004E, 23 }, // N
    { 0x004F, 24 }, // O
    { 0x0050, 23 }, // P
    { 0x0051, 24 }, // Q
    { 0x0052, 23 }, // R
    { 0x0053, 26 }, // S
    { 0x0054, 27 }, // T
    { 0x0055, 28 }, // U
    { 0x0056, 29 }, // V
    { 0x0057, 30 }, // W
    { 0x0058, 31 }, // X
    { 0x0059, 32 }, // Y
    { 0x005A, 33 }, // Z
    { 0x005C, 34 }, // <backslash>
    { 0x005D, 35 }, // ]
    { 0x0061, 36 }, // a
    { 0x0062, 37 }, // b
    { 0x0063, 38 }, // c
    { 0x0064, 39 }, // d
    { 0x0065, 38 }, // e
    { 0x0066, 40 }, // f
    { 0x0067, 41 }, // g
    { 0x0068, 37 }, // h
    { 0x0069, 42 }, // i
    { 0x006A, 43 }, // j
    { 0x006B, 37 }, // k
    { 0x006C, 44 }, // l
    { 0x006D, 45 }, // m
    { 0x006E, 45 }, // n
    { 0x006F, 38 }, // o
    { 0x0070, 45 }, // p
    { 0x0071, 46 }, // q
    { 0x0072, 45 }, // r
    { 0x0073, 47 }, // s
    { 0x0074, 48 }, // t
    { 0x0075, 49 }, // u
    { 0x0076, 50 }, // v
    { 0x0077, 51 }, // w
    { 0x0078, 52 }, // x
    { 0x0079, 53 }, // y
    { 0x007A, 54 }, // z
    { 0x007C, 55 }, // |
    { 0x007D, 56 }, // }
    { 0x00A0, 57 }, // U+00A0
    { 0x00A9, 58 }, // U+00A9
    { 0x00AA, 59 }, // U+00AA
    { 0x00AB, 60 }, // U+00AB
    { 0x00AD, 61 }, // U+00AD
    { 0x00AE, 58 }, // U+00AE
    { 0x00B0, 62 }, // U+00B0
    { 0x00BA, 63 }, // U+00BA
    { 0x00BB, 64 }, // U+00BB
    { 0x00C0, 22 }, // U+00C0
    { 0x00C1, 22 }, // U+00C1
    { 0x00C2, 22 }, // U+00C2
    { 0x00C3, 22 }, // U+00C3
    { 0x00C4, 22 }, // U+00C4
    { 0x00C5, 22 }, // U+00C5
    { 0x00C6, 65 }, // U+00C6
    { 0x00C7, 24 }, // U+00C7
    { 0x00C8, 23 }, // U+00C8
    { 0x00C9, 23 }, // U+00C9
    { 0x00CA, 23 }, // U+00CA
    { 0x00CB, 23 }, // U+00CB
    { 0x00CC, 23 }, // U+00CC
    { 0x00CD, 23 }, // U+00CD
    { 0x00CE, 66 }, // U+00CE
    { 0x00CF, 67 }, // U+00CF
    { 0x00D0, 68 }, // U+00D0
    { 0x00D1, 23 }, // U+00D1
    { 0x00D2, 24 }, // U+00D2
    { 0x00D3, 24 }, // U+00D3
    { 0x00D4, 24 }, // U+00D4
    { 0x00D5, 24 }, // U+00D5
    { 0x00D6, 24 }, // U+00D6
    { 0x00D8, 24 }, // U+00D8
    { 0x00D9, 28 }, // U+00D9
    { 0x00DA, 28 }, // U+00DA
    { 0x00DB, 28 }, // U+00DB
    { 0x00DC, 28 }, // U+00DC
    { 0x00DD, 32 }, // U+00DD
    { 0x00DE, 23 }, // U+00DE
    { 0x00DF, 69 }, // U+00DF
    { 0x00E0, 70 }, // U+00E0
    { 0x00E1, 36 }, // U+00E1
    { 0x00E2, 71 }, // U+00E2
    { 0x00E3, 72 }, // U+00E3
    { 0x00E4, 73 }, // U+00E4
    { 0x00E5, 36 }, // U+00E5
    { 0x00E6, 36 }, // U+00E6
    { 0x00E7, 38 }, // U+00E7
    { 0x00E8, 74 }, // U+00E8
    { 0x00E9, 38 }, // U+00E9
    { 0x00EA, 75 }, // U+00EA
    { 0x00EB, 76 }, // U+00EB
    { 0x00EC, 77 }, // U+00EC
    { 0x00ED, 78 }, // U+00ED
    { 0x00EE, 79 }, // U+00EE
    { 0x00EF, 80 }, // U+00EF
    { 0x00F0, 81 }, // U+00F0
    { 0x00F1, 45 }, // U+00F1
    { 0x00F2, 82 }, // U+00F2
    { 0x00F3, 38 }, // U+00F3
    { 0x00F4, 83 }, // U+00F4
    { 0x00F5, 38 }, // U+00F5
    { 0x00F6, 84 }, // U+00F6
    { 0x00F8, 85 }, // U+00F8
    { 0x00F9, 86 }, // U+00F9
    { 0x00FA, 49 }, // U+00FA
    { 0x00FB, 49 }, // U+00FB
    { 0x00FC, 49 }, // U+00FC
    { 0x00FD, 53 }, // U+00FD
    { 0x00FE, 37 }, // U+00FE
    { 0x00FF, 53 }, // U+00FF
    { 0x0100, 22 }, // U+0100
    { 0x0101, 87 }, // U+0101
    { 0x0102, 22 }, // U+0102
    { 0x0103, 88 }, // U+0103
    { 0x0104, 22 }, // U+0104
    { 0x0105, 36 }, // U+0105
    { 0x0106, 24 }, // U+0106
    { 0x0107, 38 }, // U+0107
    { 0x0108, 24 }, // U+0108
    { 0x0109, 89 }, // U+0109
    { 0x010A, 24 }, // U+010A
    { 0x010B, 38 }, // U+010B
    { 0x010C, 24 }, // U+010C
    { 0x010D, 90 }, // U+010D
    { 0x010E, 23 }, // U+010E
    { 0x010F, 39 }, // U+010F
    { 0x0110, 68 }, // U+0110
    { 0x0111, 39 }, // U+0111
    { 0x0112, 23 }, // U+0112
    { 0x0113, 38 }, // U+0113
    { 0x0114, 23 }, // U+0114
    { 0x0115, 91 }, // U+0115
    { 0x0116, 23 }, // U+0116
    { 0x0117, 38 }, // U+0117
    { 0x0118, 23 }, // U+0118
    { 0x0119, 38 }, // U+0119
    { 0x011A, 23 }, // U+011A
    { 0x011B, 92 }, // U+011B
    { 0x011C, 24 }, // U+011C
    { 0x011D, 93 }, // U+011D
    { 0x011E, 24 }, // U+011E
    { 0x011F, 94 }, // U+011F
    { 0x0120, 24 }, // U+0120
    { 0x0121, 41 }, // U+0121
    { 0x0122, 24 }, // U+0122
    { 0x0123, 41 }, // U+0123
    { 0x0124, 23 }, // U+0124
    { 0x0125, 95 }, // U+0125
    { 0x0126, 68 }, // U+0126
    { 0x0127, 96 }, // U+0127
    { 0x0128, 97 }, // U+0128
    { 0x0129, 98 }, // U+0129
    { 0x012A, 99 }, // U+012A
    { 0x012B, 100 }, // U+012B
    { 0x012C, 23 }, // U+012C
    { 0x012D, 101 }, // U+012D
    { 0x012E, 23 }, // U+012E
    { 0x012F, 42 }, // U+012F
    { 0x0130, 23 }, // U+0130
    { 0x0131, 102 }, // U+0131
    { 0x0132, 23 }, // U+0132
    { 0x0133, 42 }, // U+0133
    { 0x0134, 25 }, // U+0134
    { 0x0135, 103 }, // U+0135
    { 0x0136, 23 }, // U+0136
    { 0x0137, 37 }, // U+0137
    { 0x0138, 45 }, // U+0138
    { 0x0139, 23 }, // U+0139
    { 0x013A, 44 }, // U+013A
    { 0x013B, 23 }, // U+013B
    { 0x013C, 44 }, // U+013C
    { 0x013D, 23 }, // U+013D
    { 0x013E, 44 }, // U+013E
    { 0x013F, 23 }, // U+013F
    { 0x0140, 44 }, // U+0140
    { 0x0141, 104 }, // U+0141
    { 0x0142, 105 }, // U+0142
    { 0x0143, 23 }, // U+0143
    { 0x0144, 45 }, // U+0144
    { 0x0145, 23 }, // U+0145
    { 0x0146, 45 }, // U+0146
    { 0x0147, 23 }, // U+0147
    { 0x0148, 106 }, // U+0148
    { 0x0149, 107 }, // U+0149
    { 0x014A, 23 }, // U+014A
    { 0x014B, 45 }, // U+014B
    { 0x014C, 24 }, // U+014C
    { 0x014D, 38 }, // U+014D
    { 0x014E, 24 }, // U+014E
    { 0x014F, 108 }, // U+014F
    { 0x0150, 24 }, // U+0150
    { 0x0151, 38 }, // U+0151
    { 0x0152, 24 }, // U+0152
    { 0x0153, 38 }, // U+0153
    { 0x0154, 23 }, // U+0154
    { 0x0155, 45 }, // U+0155
    { 0x0156, 23 }, // U+0156
    { 0x0157, 45 }, // U+0157
    { 0x0158, 23 }, // U+0158
    { 0x0159, 109 }, // U+0159
    { 0x015A, 26 }, // U+015A
    { 0x015B, 47 }, // U+015B
    { 0x015C, 26 }, // U+015C
    { 0x015D, 110 }, // U+015D
    { 0x015E, 26 }, // U+015E
    { 0x015F, 47 }, // U+015F
    { 0x0160, 26 }, // U+0160
    { 0x0161, 111 }, // U+0161
    { 0x0162, 27 }, // U+0162
    { 0x0163, 48 }, // U+0163
    { 0x0164, 27 }, // U+0164
    { 0x0165, 112 }, // U+0165
    { 0x0166, 113 }, // U+0166
    { 0x0167, 112 }, // U+0167
    { 0x0168, 28 }, // U+0168
    { 0x0169, 49 }, // U+0169
    { 0x016A, 28 }, // U+016A
    { 0x016B, 49 }, // U+016B
    { 0x016C, 28 }, // U+016C
    { 0x016D, 49 }, // U+016D
    { 0x016E, 28 }, // U+016E
    { 0x016F, 49 }, // U+016F
    { 0x0170, 28 }, // U+0170
    { 0x0171, 49 }, // U+0171
    { 0x0172, 28 }, // U+0172
    { 0x0173, 49 }, // U+0173
    { 0x0174, 30 }, // U+0174
    { 0x0175, 51 }, // U+0175
    { 0x0176, 32 }, // U+0176
    { 0x0177, 53 }, // U+0177
    { 0x0178, 32 }, // U+0178
    { 0x0179, 33 }, // U+0179
    { 0x017A, 54 }, // U+017A
    { 0x017B, 33 }, // U+017B
    { 0x017C, 54 }, // U+017C
    { 0x017D, 33 }, // U+017D
    { 0x017E, 114 }, // U+017E
    { 0x017F, 40 }, // U+017F
    { 0x01A0, 24 }, // U+01A0
    { 0x01A1, 38 }, // U+01A1
    { 0x01AF, 28 }, // U+01AF
    { 0x01B0, 49 }, // U+01B0
    { 0x01C4, 23 }, // U+01C4
    { 0x01C6, 39 }, // U+01C6
    { 0x01C7, 23 }, // U+01C7
    { 0x01C9, 44 }, // U+01C9
    { 0x01CA, 23 }, // U+01CA
    { 0x01CC, 45 }, // U+01CC
    { 0x01CD, 22 }, // U+01CD
    { 0x01CE, 115 }, // U+01CE
    { 0x01CF, 23 }, // U+01CF
    { 0x01D0, 116 }, // U+01D0
    { 0x01D1, 24 }, // U+01D1
    { 0x01D2, 117 }, // U+01D2
    { 0x01D3, 28 }, // U+01D3
    { 0x01D4, 118 }, // U+01D4
    { 0x01D5, 28 }, // U+01D5
    { 0x01D6, 49 }, // U+01D6
    { 0x01D7, 28 }, // U+01D7
    { 0x01D8, 49 }, // U+01D8
    { 0x01D9, 28 }, // U+01D9
    { 0x01DA, 49 }, // U+01DA
    { 0x01DB, 28 }, // U+01DB
    { 0x01DC, 49 }, // U+01DC
    { 0x01DD, 119 }, // U+01DD
    { 0x01DE, 22 }, // U+01DE
    { 0x01DF, 36 }, // U+01DF
    { 0x01E0, 22 }, // U+01E0
    { 0x01E1, 36 }, // U+01E1
    { 0x01E2, 65 }, // U+01E2
    { 0x01E3, 36 }, // U+01E3
    { 0x01E4, 24 }, // U+01E4
    { 0x01E5, 120 }, // U+01E5
    { 0x01E6, 24 }, // U+01E6
    { 0x01E7, 121 }, // U+01E7
    { 0x01E8, 23 }, // U+01E8
    { 0x01E9, 37 }, // U+01E9
    { 0x01EA, 24 }, // U+01EA
    { 0x01EB, 38 }, // U+01EB
    { 0x01EC, 24 }, // U+01EC
    { 0x01ED, 38 }, // U+01ED
    { 0x01EE, 122 }, // U+01EE
    { 0x01EF, 123 }, // U+01EF
    { 0x01F0, 124 }, // U+01F0
    { 0x01F1, 23 }, // U+01F1
    { 0x01F3, 39 }, // U+01F3
    { 0x01F4, 24 }, // U+01F4
    { 0x01F5, 41 }, // U+01F5
    { 0x01F7, 23 }, // U+01F7
    { 0x01F8, 23 }, // U+01F8
    { 0x01F9, 45 }, // U+01F9
    { 0x01FA, 22 }, // U+01FA
    { 0x01FB, 36 }, // U+01FB
    { 0x01FC, 65 }, // U+01FC
    { 0x01FD, 36 }, // U+01FD
    { 0x01FE, 24 }, // U+01FE
    { 0x01FF, 85 }, // U+01FF
    { 0x0200, 22 }, // U+0200
    { 0x0201, 125 }, // U+0201
    { 0x0202, 22 }, // U+0202
    { 0x0203, 36 }, // U+0203
    { 0x0204, 23 }, // U+0204
    { 0x0205, 126 }, // U+0205
    { 0x0206, 23 }, // U+0206
    { 0x0207, 38 }, // U+0207
    { 0x0208, 23 }, // U+0208
    { 0x0209, 127 }, // U+0209
    { 0x020A, 128 }, // U+020A
    { 0x020B, 129 }, // U+020B
    { 0x020C, 24 }, // U+020C
    { 0x020D, 130 }, // U+020D
    { 0x020E, 24 }, // U+020E
    { 0x020F, 38 }, // U+020F
    { 0x0210, 23 }, // U+0210
    { 0x0211, 131 }, // U+0211
    { 0x0212, 23 }, // U+0212
    { 0x0213, 45 }, // U+0213
    { 0x0214, 28 }, // U+0214
    { 0x0215, 132 }, // U+0215
    { 0x0216, 28 }, // U+0216
    { 0x0217, 49 }, // U+0217
    { 0x0218, 26 }, // U+0218
    { 0x0219, 47 }, // U+0219
    { 0x021A, 27 }, // U+021A
    { 0x021B, 112 }, // U+021B
    { 0x021C, 122 }, // U+021C
    { 0x021D, 133 }, // U+021D
    { 0x021E, 23 }, // U+021E
    { 0x021F, 37 }, // U+021F
    { 0x03BB, 134 }, // U+03BB
    { 0x0401, 135 }, // U+0401
    { 0x0402, 136 }, // U+0402
    { 0x0403, 135 }, // U+0403
    { 0x0404, 137 }, // U+0404
    { 0x0405, 138 }, // U+0405
    { 0x0406, 135 }, // U+0406
    { 0x0407, 139 }, // U+0407
    { 0x0408, 140 }, // U+0408
    { 0x0409, 141 }, // U+0409
    { 0x040A, 135 }, // U+040A
    { 0x040B, 136 }, // U+040B
    { 0x040C, 135 }, // U+040C
    { 0x040D, 135 }, // U+040D
    { 0x040E, 142 }, // U+040E
    { 0x040F, 135 }, // U+040F
    { 0x0410, 143 }, // U+0410
    { 0x0411, 135 }, // U+0411
    { 0x0412, 135 }, // U+0412
    { 0x0413, 135 }, // U+0413
    { 0x0414, 144 }, // U+0414
    { 0x0415, 135 }, // U+0415
    { 0x0416, 145 }, // U+0416
    { 0x0417, 146 }, // U+0417
    { 0x0418, 135 }, // U+0418
    { 0x0419, 135 }, // U+0419
    { 0x041A, 135 }, // U+041A
    { 0x041B, 141 }, // U+041B
    { 0x041C, 135 }, // U+041C
    { 0x041D, 135 }, // U+041D
    { 0x041E, 137 }, // U+041E
    { 0x041F, 135 }, // U+041F
    { 0x0420, 135 }, // U+0420
    { 0x0421, 137 }, // U+0421
    { 0x0422, 136 }, // U+0422
    { 0x0423, 142 }, // U+0423
    { 0x0424, 147 }, // U+0424
    { 0x0425, 148 }, // U+0425
    { 0x0426, 135 }, // U+0426
    { 0x0427, 149 }, // U+0427
    { 0x0428, 135 }, // U+0428
    { 0x0429, 135 }, // U+0429
    { 0x042A, 150 }, // U+042A
    { 0x042B, 135 }, // U+042B
    { 0x042C, 135 }, // U+042C
    { 0x042D, 151 }, // U+042D
    { 0x042E, 135 }, // U+042E
    { 0x042F, 152 }, // U+042F
    { 0x0430, 153 }, // U+0430
    { 0x0431, 154 }, // U+0431
    { 0x0432, 155 }, // U+0432
    { 0x0433, 155 }, // U+0433
    { 0x0434, 156 }, // U+0434
    { 0x0435, 157 }, // U+0435
    { 0x0436, 158 }, // U+0436
    { 0x0437, 159 }, // U+0437
    { 0x0438, 155 }, // U+0438
    { 0x0439, 160 }, // U+0439
    { 0x043A, 155 }, // U+043A
    { 0x043B, 161 }, // U+043B
    { 0x043C, 155 }, // U+043C
    { 0x043D, 155 }, // U+043D
    { 0x043E, 157 }, // U+043E
    { 0x043F, 155 }, // U+043F
    { 0x0440, 155 }, // U+0440
    { 0x0441, 157 }, // U+0441
    { 0x0442, 162 }, // U+0442
    { 0x0443, 163 }, // U+0443
    { 0x0444, 157 }, // U+0444
    { 0x0445, 164 }, // U+0445
    { 0x0446, 155 }, // U+0446
    { 0x0447, 165 }, // U+0447
    { 0x0448, 155 }, // U+0448
    { 0x0449, 155 }, // U+0449
    { 0x044A, 166 }, // U+044A
    { 0x044B, 155 }, // U+044B
    { 0x044C, 155 }, // U+044C
    { 0x044D, 167 }, // U+044D
    { 0x044E, 155 }, // U+044E
    { 0x044F, 168 }, // U+044F
    { 0x0451, 169 }, // U+0451
    { 0x0452, 170 }, // U+0452
    { 0x0453, 155 }, // U+0453
    { 0x0454, 157 }, // U+0454
    { 0x0455, 171 }, // U+0455
    { 0x0456, 172 }, // U+0456
    { 0x0457, 173 }, // U+0457
    { 0x0458, 174 }, // U+0458
    { 0x0459, 161 }, // U+0459
    { 0x045A, 155 }, // U+045A
    { 0x045B, 175 }, // U+045B
    { 0x045C, 155 }, // U+045C
    { 0x045D, 176 }, // U+045D
    { 0x045E, 177 }, // U+045E
    { 0x045F, 155 }, // U+045F
    { 0x0460, 178 }, // U+0460
    { 0x0461, 179 }, // U+0461
    { 0x0462, 180 }, // U+0462
    { 0x0463, 181 }, // U+0463
    { 0x0464, 135 }, // U+0464
    { 0x0465, 155 }, // U+0465
    { 0x0466, 182 }, // U+0466
    { 0x0467, 183 }, // U+0467
    { 0x0468, 135 }, // U+0468
    { 0x0469, 155 }, // U+0469
    { 0x046A, 184 }, // U+046A
    { 0x046B, 185 }, // U+046B
    { 0x046C, 135 }, // U+046C
    { 0x046D, 155 }, // U+046D
    { 0x046E, 186 }, // U+046E
    { 0x046F, 187 }, // U+046F
    { 0x0470, 188 }, // U+0470
    { 0x0471, 189 }, // U+0471
    { 0x0472, 137 }, // U+0472
    { 0x0473, 157 }, // U+0473
    { 0x0474, 190 }, // U+0474
    { 0x0475, 191 }, // U+0475
    { 0x0476, 190 }, // U+0476
    { 0x0477, 192 }, // U+0477
    { 0x0478, 137 }, // U+0478
    { 0x0479, 157 }, // U+0479
    { 0x047A, 137 }, // U+047A
    { 0x047B, 157 }, // U+047B
    { 0x047C, 178 }, // U+047C
    { 0x047D, 193 }, // U+047D
    { 0x047E, 178 }, // U+047E
    { 0x047F, 179 }, // U+047F
    { 0x0480, 137 }, // U+0480
    { 0x0481, 157 }, // U+0481
    { 0x048A, 135 }, // U+048A
    { 0x048B, 155 }, // U+048B
    { 0x048C, 194 }, // U+048C
    { 0x048D, 155 }, // U+048D
    { 0x048E, 135 }, // U+048E
    { 0x048F, 155 }, // U+048F
    { 0x0490, 135 }, // U+0490
    { 0x0491, 155 }, // U+0491
    { 0x0492, 135 }, // U+0492
    { 0x0493, 195 }, // U+0493
    { 0x0494, 135 }, // U+0494
    { 0x0495, 155 }, // U+0495
    { 0x0496, 145 }, // U+0496
    { 0x0497, 158 }, // U+0497
    { 0x0498, 146 }, // U+0498
    { 0x0499, 159 }, // U+0499
    { 0x049A, 135 }, // U+049A
    { 0x049B, 155 }, // U+049B
    { 0x049C, 135 }, // U+049C
    { 0x049D, 155 }, // U+049D
    { 0x049E, 196 }, // U+049E
    { 0x049F, 155 }, // U+049F
    { 0x04A0, 136 }, // U+04A0
    { 0x04A1, 197 }, // U+04A1
    { 0x04A2, 135 }, // U+04A2
    { 0x04A3, 155 }, // U+04A3
    { 0x04A4, 135 }, // U+04A4
    { 0x04A5, 155 }, // U+04A5
    { 0x04A6, 135 }, // U+04A6
    { 0x04A7, 155 }, // U+04A7
    { 0x04A8, 137 }, // U+04A8
    { 0x04A9, 157 }, // U+04A9
    { 0x04AA, 137 }, // U+04AA
    { 0x04AB, 157 }, // U+04AB
    { 0x04AC, 136 }, // U+04AC
    { 0x04AD, 162 }, // U+04AD
    { 0x04AE, 198 }, // U+04AE
    { 0x04AF, 199 }, // U+04AF
    { 0x04B0, 200 }, // U+04B0
    { 0x04B1, 201 }, // U+04B1
    { 0x04B2, 148 }, // U+04B2
    { 0x04B3, 202 }, // U+04B3
    { 0x04B4, 136 }, // U+04B4
    { 0x04B5, 162 }, // U+04B5
    { 0x04B6, 149 }, // U+04B6
    { 0x04B7, 165 }, // U+04B7
    { 0x04B8, 149 }, // U+04B8
    { 0x04B9, 165 }, // U+04B9
    { 0x04BA, 135 }, // U+04BA
    { 0x04BB, 155 }, // U+04BB
    { 0x04BC, 203 }, // U+04BC
    { 0x04BD, 204 }, // U+04BD
    { 0x04BE, 203 }, // U+04BE
    { 0x04BF, 204 }, // U+04BF
    { 0x04C0, 205 }, // U+04C0
    { 0x04C1, 145 }, // U+04C1
    { 0x04C2, 158 }, // U+04C2
    { 0x04C3, 135 }, // U+04C3
    { 0x04C4, 155 }, // U+04C4
    { 0x04C5, 141 }, // U+04C5
    { 0x04C6, 161 }, // U+04C6
    { 0x04C7, 135 }, // U+04C7
    { 0x04C8, 155 }, // U+04C8
    { 0x04C9, 135 }, // U+04C9
    { 0x04CA, 155 }, // U+04CA
    { 0x04CB, 149 }, // U+04CB
    { 0x04CC, 165 }, // U+04CC
    { 0x04CD, 135 }, // U+04CD
    { 0x04CE, 155 }, // U+04CE
    { 0x04CF, 135 }, // U+04CF
    { 0x04D0, 143 }, // U+04D0
    { 0x04D1, 206 }, // U+04D1
    { 0x04D2, 143 }, // U+04D2
    { 0x04D3, 207 }, // U+04D3
    { 0x04D4, 208 }, // U+04D4
    { 0x04D5, 153 }, // U+04D5
    { 0x04D6, 135 }, // U+04D6
    { 0x04D7, 209 }, // U+04D7
    { 0x04D8, 210 }, // U+04D8
    { 0x04D9, 211 }, // U+04D9
    { 0x04DA, 210 }, // U+04DA
    { 0x04DB, 212 }, // U+04DB
    { 0x04DC, 145 }, // U+04DC
    { 0x04DD, 158 }, // U+04DD
    { 0x04DE, 146 }, // U+04DE
    { 0x04DF, 213 }, // U+04DF
    { 0x04E0, 214 }, // U+04E0
    { 0x04E1, 215 }, // U+04E1
    { 0x04E2, 135 }, // U+04E2
    { 0x04E3, 216 }, // U+04E3
    { 0x04E4, 135 }, // U+04E4
    { 0x04E5, 155 }, // U+04E5
    { 0x04E6, 217 }, // U+04E6
    { 0x04E7, 218 }, // U+04E7
    { 0x04E8, 137 }, // U+04E8
    { 0x04E9, 157 }, // U+04E9
    { 0x04EA, 137 }, // U+04EA
    { 0x04EB, 219 }, // U+04EB
    { 0x04EC, 151 }, // U+04EC
    { 0x04ED, 220 }, // U+04ED
    { 0x04EE, 142 }, // U+04EE
    { 0x04EF, 221 }, // U+04EF
    { 0x04F0, 142 }, // U+04F0
    { 0x04F1, 222 }, // U+04F1
    { 0x04F2, 142 }, // U+04F2
    { 0x04F3, 163 }, // U+04F3
    { 0x04F4, 149 }, // U+04F4
    { 0x04F5, 223 }, // U+04F5
    { 0x04F6, 135 }, // U+04F6
    { 0x04F7, 155 }, // U+04F7
    { 0x04F8, 135 }, // U+04F8
    { 0x04F9, 155 }, // U+04F9
    { 0x04FA, 135 }, // U+04FA
    { 0x04FB, 155 }, // U+04FB
    { 0x04FC, 148 }, // U+04FC
    { 0x04FD, 164 }, // U+04FD
    { 0x04FE, 224 }, // U+04FE
    { 0x04FF, 225 }, // U+04FF
    { 0x1EA0, 22 }, // U+1EA0
    { 0x1EA1, 36 }, // U+1EA1
    { 0x1EA2, 22 }, // U+1EA2
    { 0x1EA3, 226 }, // U+1EA3
    { 0x1EA4, 22 }, // U+1EA4
    { 0x1EA5, 71 }, // U+1EA5
    { 0x1EA6, 22 }, // U+1EA6
    { 0x1EA7, 227 }, // U+1EA7
    { 0x1EA8, 22 }, // U+1EA8
    { 0x1EA9, 71 }, // U+1EA9
    { 0x1EAA, 22 }, // U+1EAA
    { 0x1EAB, 71 }, // U+1EAB
    { 0x1EAC, 22 }, // U+1EAC
    { 0x1EAD, 71 }, // U+1EAD
    { 0x1EAE, 22 }, // U+1EAE
    { 0x1EAF, 228 }, // U+1EAF
    { 0x1EB0, 22 }, // U+1EB0
    { 0x1EB1, 228 }, // U+1EB1
    { 0x1EB2, 22 }, // U+1EB2
    { 0x1EB3, 228 }, // U+1EB3
    { 0x1EB4, 22 }, // U+1EB4
    { 0x1EB5, 228 }, // U+1EB5
    { 0x1EB6, 22 }, // U+1EB6
    { 0x1EB7, 88 }, // U+1EB7
    { 0x1EB8, 23 }, // U+1EB8
    { 0x1EB9, 38 }, // U+1EB9
    { 0x1EBA, 23 }, // U+1EBA
    { 0x1EBB, 38 }, // U+1EBB
    { 0x1EBC, 23 }, // U+1EBC
    { 0x1EBD, 229 }, // U+1EBD
    { 0x1EBE, 23 }, // U+1EBE
    { 0x1EBF, 75 }, // U+1EBF
    { 0x1EC0, 23 }, // U+1EC0
    { 0x1EC1, 230 }, // U+1EC1
    { 0x1EC2, 23 }, // U+1EC2
    { 0x1EC3, 75 }, // U+1EC3
    { 0x1EC4, 23 }, // U+1EC4
    { 0x1EC5, 75 }, // U+1EC5
    { 0x1EC6, 23 }, // U+1EC6
    { 0x1EC7, 75 }, // U+1EC7
    { 0x1EC8, 23 }, // U+1EC8
    { 0x1EC9, 231 }, // U+1EC9
    { 0x1ECA, 23 }, // U+1ECA
    { 0x1ECB, 42 }, // U+1ECB
    { 0x1ECC, 24 }, // U+1ECC
    { 0x1ECD, 38 }, // U+1ECD
    { 0x1ECE, 24 }, // U+1ECE
    { 0x1ECF, 38 }, // U+1ECF
    { 0x1ED0, 24 }, // U+1ED0
    { 0x1ED1, 83 }, // U+1ED1
    { 0x1ED2, 24 }, // U+1ED2
    { 0x1ED3, 232 }, // U+1ED3
    { 0x1ED4, 24 }, // U+1ED4
    { 0x1ED5, 83 }, // U+1ED5
    { 0x1ED6, 24 }, // U+1ED6
    { 0x1ED7, 83 }, // U+1ED7
    { 0x1ED8, 24 }, // U+1ED8
    { 0x1ED9, 83 }, // U+1ED9
    { 0x1EDA, 24 }, // U+1EDA
    { 0x1EDB, 38 }, // U+1EDB
    { 0x1EDC, 24 }, // U+1EDC
    { 0x1EDD, 82 }, // U+1EDD
    { 0x1EDE, 24 }, // U+1EDE
    { 0x1EDF, 38 }, // U+1EDF
    { 0x1EE0, 24 }, // U+1EE0
    { 0x1EE1, 38 }, // U+1EE1
    { 0x1EE2, 24 }, // U+1EE2
    { 0x1EE3, 38 }, // U+1EE3
    { 0x1EE4, 28 }, // U+1EE4
    { 0x1EE5, 49 }, // U+1EE5
    { 0x1EE6, 28 }, // U+1EE6
    { 0x1EE7, 49 }, // U+1EE7
    { 0x1EE8, 28 }, // U+1EE8
    { 0x1EE9, 49 }, // U+1EE9
    { 0x1EEA, 28 }, // U+1EEA
    { 0x1EEB, 49 }, // U+1EEB
    { 0x1EEC, 28 }, // U+1EEC
    { 0x1EED, 49 }, // U+1EED
    { 0x1EEE, 28 }, // U+1EEE
    { 0x1EEF, 49 }, // U+1EEF
    { 0x1EF0, 28 }, // U+1EF0
    { 0x1EF1, 49 }, // U+1EF1
    { 0x1EF2, 32 }, // U+1EF2
    { 0x1EF3, 53 }, // U+1EF3
    { 0x1EF4, 32 }, // U+1EF4
    { 0x1EF5, 53 }, // U+1EF5
    { 0x1EF6, 32 }, // U+1EF6
    { 0x1EF7, 53 }, // U+1EF7
    { 0x1EF8, 32 }, // U+1EF8
    { 0x1EF9, 53 }, // U+1EF9
    { 0x2014, 233 }, // U+2014
    { 0x2015, 233 }, // U+2015
    { 0x2018, 234 }, // U+2018
    { 0x2019, 235 }, // U+2019
    { 0x201A, 236 }, // U+201A
    { 0x201B, 237 }, // U+201B
    { 0x201C, 234 }, // U+201C
    { 0x201D, 235 }, // U+201D
    { 0x201E, 236 }, // U+201E
    { 0x201F, 238 }, // U+201F
    { 0x2026, 7 }, // U+2026
    { 0x2039, 60 }, // U+2039
    { 0x203A, 64 }, // U+203A
    { 0x203C, 1 }, // U+203C
    { 0x203D, 239 }, // U+203D
    { 0x2219, 240 }, // U+2219
    { 0xFB00, 40 }, // U+FB00
    { 0xFB01, 241 }, // U+FB01
    { 0xFB02, 242 }, // U+FB02
    { 0xFB03, 40 }, // U+FB03
    { 0xFB04, 40 }, // U+FB04
};

static const int8_t lato_14_regularKernMatrix[] = {
       0,    0,   -8,    0,    0,  -48,  -48,  -23,    0,    0,    0,    0,  -16,    0,  -11,    0,    0,    0,    0,    0,    0,  -26,    0,    0,  -33,    0,    0,    0,    0,    0,    0,    0,    0,    0,    0,   -7,    0,  -10,  -12,    0,   -7,    0,    0,    0,    0,  -12,   -4,    0,    0,    0,    0,    0,    0,    0,    0,    0,    0,    0,    0,  -12,    0,    0,    0,    0,  -40,    0,    0,    0,    0,   -7,   -7,   -7,   -7,  -10,  -10,  -10,    8,    0,   10,    6,  -10,  -10,  -10,  -10,  -10,    0,   -7,   -7,  -10,  -10,  -10,  -10,   -7,   -7,    0,    0,    0,    6,    0,    1,    4,    0,   11,    0,    0,    0,    0,  -10,    0,   -4,   -4,    0,    0,    0,   -7,   10,  -10,    0,    0,   -7,   -7,    0,    0,   11,  -12,  -10,   26,    0,    4,  -10,    9,    0,    0,    0,    0,    0,    0,    0,    0,  -33,  -27,    0,  -26,  -28,    0,    0,    0,    0,    0,    0,    0,    0,   -7,    0,    0,  -17,  -10,    0,    0,    0,  -19,    0,    0,    0,    0,    0,    0,   -5,  -10,    0,   -4,    0,    6,    0,    0,    0,    0,    0,    0,    0,    0,    0,    0,    0,    0,    0,    0,    0,    0,    0,    0,    0,    0,    0,    0,    0,    0,    0,    0,    0,    0,    0,    0,    0,    0,   -7,   -7,  -39,  -10,    0,    0,    0,    0,    0,    0,    0,    0,  -10,  -10,    0,    0,    0,    0,    0,    0,   -7,   -4,   -7,  -10,  -13,    0,  -15,    0,    0,    0,  -48,    0,    0,    0,    0,    0,    0,
       0,  -13,    0,    0,    0,    0,    0,    0,    0,    0,    0,    0,    0,    0,    0,    0,    0,    0,    0,    0,    0,   11,    0,    0,    4,    0,  -23,    0,  -20,  -14,    9,  -25,    4,    0,    0,    0,    0,    0,    0,    0,    0,    0,    0,    0,    0,    0,    0,    0,    0,   -4,    0,    7,   -5,    0,    0,    0,    0,    0,    0,    0,    0,    0,    0,    0,   12,    0,    0,    0,    0,    0,    0,    0,    0,    0,    0,    0,    0,    0,    0,    0,    0,    0,    0,    0,    0,    0,    0,    0,    0,    0,    0,    0,    0,    0,    0,    0,    0,    0,    0,    0,    0,    0,    0,    0,    0,    0,    0,    0,    0,    0,    0,    0,  -20,    0,    0,    0,    0,    0,    0,   10,    0,    0,   -5,    0,    0,    0,    0,    0,    0,    0,    0,    0,   -5,    0,    0,    0,    0,    0,    0,    0,    0,    0,    0,    0,    0,    0,    0,    0,    0,    0,    0,    0,    0,    0,    0,    0,    0,    0,    0,    0,    0,    0,    0,    0,    0,    0,    0,    0,    0,    0,    0,    0,    0,    0,    0,    0,    0,    0,    0,    0,    0,    0,    0,    0,    0,    0,    0,    0,    0,    0,    0,    0,    0,    0,    0,    0,    0,    0,    0,    0,    0,    0,    0,    0,    0,    0,    0,    0,    0,    0,    0,    0,    0,    0,    0,    0,    0,    0,    0,    0,    0,    0,    0,    0,    0,    0,    0,    0,    0,    0,    0,    0,    0,    0,   -9,    0,  -15,  -15,    0,    0,    0,    0,
       0,    0,    0,    0,    0,    0,    0,    0,   -4,    0,    0,    0,  -10,    0,  -11,    0,    0,    0,    0,    0,    0,    0,    0,  -10,    0,    0,    0,    0,    3,    0,    0,    3,    0,    0,    0,   -9,    0,  -14,  -13,   -8,    0,    0,    8,    0,   -4,  -13,   -9,   -9,  -10,  -11,   -9,    0,   -5,    0,    0,    0,    0,    0,    0,    0,    0,    0,    0,    0,    0,    0,    0,    0,    0,   -9,   -9,   -9,   -9,  -14,  -14,  -14,   12,    0,    3,    6,  -12,  -14,  -14,  -14,  -14,  -10,   -9,   -9,  -14,  -14,  -14,  -14,    0,    0,    7,    0,    4,    2,    0,    5,    8,    0,    8,    0,    0,   -4,    0,  -14,   -4,   -9,   -9,   -9,    0,    0,   -9,   14,  -14,  -10,  -11,    2,    0,    0,    6,   15,   -2,  -11,   38,    0,    0,  -14,    9,  -10,    5,    0,    0,    0,  -10,    0,    0,    0,    0,    4,    0,    0,    0,    0,  -11,    0,    0,    0,    0,    0,   -9,  -10,   -4,    0,  -14,    0,   -8,   -4,    0,  -10,   -5,    0,  -13,  -10,   -8,    0,  -14,    0,   -9,    0,    6,    8,    0,   -4,   -5,    0,    0,    0,    0,    0,    0,    0,    0,    0,    0,    0,    0,    0,    0,    0,    0,    0,   -4,    0,  -10,    4,  -10,    1,  -10,    0,    0,  -15,    0,   -9,   -9,    0,  -14,    0,  -11,  -11,   -8,    0,    4,   -4,  -10,  -14,  -14,   -8,   -5,   -5,  -13,    0,    0,   -9,    9,   -9,  -14,    0,    0,   -2,    0,    0,    0,    0,    0,    0,    0,    0,   -8,   -8,
       0,    0,    0,    0,    0,    0,    0,    0,    0,    0,    0,    0,    0,    0,    0,    0,    0,    0,    0,    0,    0,  -26,    0,    0,  -33,    0,    0,    0,    0,    0,    0,    0,    0,    0,    0,   -9,    0,  -13,  -14,    0,  -10,    0,    0,    0,    0,  -14,   -9,    0,    0,    0,    0,    0,    0,    0,    0,    0,    0,    0,    0,    0,    0,    0,    0,    0,  -40,    0,    0,    0,    0,   -9,   -9,   -9,   -9,  -13,  -13,  -13,    0,    0,    3,    9,  -13,  -13,  -13,  -13,  -13,    0,   -9,   -9,  -13,  -13,  -13,  -13,  -10,  -10,    0,    4,    0,    7,    0,    4,    3,    0,    4,    0,    0,    0,    0,  -13,    0,   -9,   -9,    0,    0,    0,   -9,    0,  -13,    0,   -7,  -10,  -10,    0,    0,    1,   -9,  -13,   14,    0,    5,  -13,    0,    0,    0,   -5,    0,    0,    0,    0,    0,  -33,  -26,    0,  -25,  -28,    0,    0,    0,    0,    0,    0,    0,    0,   -9,    0,    0,  -19,  -13,    0,   -3,    0,  -21,    0,    0,    0,    0,    0,   -3,  -10,  -13,    6,   -9,    0,    9,    0,    4,    0,    0,    0,    0,    0,    0,    0,    0,    0,    0,    0,    0,    0,    0,    0,    0,    0,    0,    0,    0,    0,    0,    0,    0,    0,    0,    0,    0,   -8,    0,   -9,   -9,  -40,  -13,    0,   -7,   -7,   -3,    0,    0,    0,    0,  -13,  -13,   -3,    0,    0,    0,    0,    0,   -9,   -9,   -9,  -13,  -13,    0,  -13,    0,    0,    0,    0,    0,    0,    0,    0,    0,    0,
       0,  -48,    0,    0,    0,    0,    0,    0,   -5,  -21,    0,    0,    0,    0,    0,    0,   -6,    0,    0,    0,    0,    0,    0,  -12,    0,    0,  -33,  -10,  -35,  -25,    0,  -38,    0,    0,    0,    0,    0,    0,    0,    0,    0,    0,    0,    0,    0,    0,    0,    0,    0,  -17,  -11,    0,  -18,    0,    0,    0,    0,    0,    0,    0,    0,    0,    0,    0,    0,    0,    0,    0,    0,    0,    0,    0,    0,    0,    0,    0,    0,    0,    0,    0,    0,    0,    0,    0,    0,    0,    0,    0,    0,    0,    0,    0,    0,    0,    0,    0,    0,    0,    0,    0,    0,    0,    0,    0,    0,    0,    0,    0,    0,    0,    0,    0,  -33,    0,    0,    0,    0,    0,    0,    0,    0,    0,   -3,    0,    0,    0,    0,    0,    0,    0,    0,    0,   -3,    0,    0,  -33,  -12,    0,    0,    0,    0,  -12,    0,    0,    0,    0,  -14,    0,  -46,  -29,    0,    0,    0,    0,    0,    0,    0,    0,    0,    0,    0,  -20,  -18,    0,  -22,  -15,    0,    0,    0,    0,    0,    0,    0,    0,    0,    0,  -18,    0,    0,    0,    0,    0,    0,    0,    0,    0,    0,    0,    0,    0,    0,    0,    0,    0,    0,    0,  -20,  -37,  -17,  -34,  -17,    0,  -34,  -20,    0,    0,    0,    0,    0,   -5,    0,    0,    0,    0,   -4,    0,  -12,    0,    0,    0,  -18,  -18,  -22,    0,    0,    0,    0,    0,    0,    0,    0,    0,    0,  -50,  -50,    0,  -50,  -53,    0,    0,    0,    0,
       0,  -48,    0,    0,    0,    0,    0,    0,   -4,  -21,    0,    0,    0,    0,    0,   -4,   -7,    0,    0,    0,    0,    0,    0,  -11,    0,    0,  -33,   -9,  -34,  -25,    0,  -38,    0,    0,    0,    0,    0,    0,    0,    0,    0,    0,    0,    0,    0,    0,    0,    0,    0,  -16,  -10,    0,  -18,    0,    0,    0,    0,    0,    0,    0,    0,    0,    0,    0,    0,    0,    0,    0,    0,    0,    0,    0,    0,    0,    0,    0,    0,    0,    0,    0,    0,    0,    0,    0,    0,    0,    0,    0,    0,    0,    0,    0,    0,    0,    0,    0,    0,    0,    0,    0,    0,    0,    0,    0,    0,    0,    0,    0,    0,    0,    0,    0,  -33,    0,    0,    0,    0,    0,    0,    0,    0,    0,  -13,    0,    0,    0,    0,    0,    0,    0,    0,    0,  -13,    0,    0,  -33,  -11,    0,    0,    0,    0,  -14,    0,    0,    0,    0,  -14,    0,  -48,  -29,    0,    0,    0,    0,    0,    0,    0,    0,    0,    0,    0,  -19,  -18,    0,  -23,  -15,    0,    0,    0,    0,    0,    0,    0,    0,    0,    0,  -18,    0,    0,    0,    0,    0,    0,    0,    0,    0,    0,    0,    0,    0,    0,    0,    0,    0,    0,    0,  -19,  -38,  -16,  -35,  -16,    0,  -33,  -19,    0,    0,    0,    0,    0,   -4,    0,    0,    0,    0,  -14,    0,  -11,    0,    0,    0,  -18,  -18,  -23,    0,    0,    0,    0,    0,    0,    0,    0,    0,    0,  -50,  -50,    0,  -50,  -55,    0,    0,    0,    0,
       0,    0,    0,    0,    0,    0,    0, -104,    0,    0,    0,    0,  -19,    0,  -19,    0,    0,    0,    0,    0,    0,  -26,    0,   -4,  -27,    0,    0,    0,    2,    0,    0,    2,    0,    0,    0,  -19,    0,  -21,  -21,   -4,  -20,    0,    0,    0,  -13,  -21,  -18,   -5,  -12,    0,    0,   -4,    0,   -7,    0,    0,    0,    0,    0,    0,    0,    0,    0,    0,  -35,    0,    0,    0,    0,  -19,  -19,  -19,  -19,  -21,  -21,  -21,   11,    0,    0,    3,  -15,  -21,  -21,  -21,  -21,  -12,  -19,  -19,  -21,  -21,  -21,  -21,  -20,  -20,    0,    0,    0,    0,    0,    1,    6,    0,    0,    0,    0,  -13,   -5,  -21,  -10,  -18,  -18,   -5,    0,   -7,  -19,   12,  -21,  -12,  -16,  -20,  -20,    0,    0,   13,   -6,  -14,   42,    0,    0,  -16,    8,  -10,    0,    0,    0,    0,   -4,    0,    0,  -27,  -22,    3,  -26,  -24,    0,    0,   -5,    0,    0,    0,    0,   -6,  -19,  -10,  -13,  -33,  -21,  -10,  -14,  -13,  -34,   -4,    0,   -4,   -6,   -4,  -14,  -21,  -21,    0,  -18,    0,    3,    0,    0,  -13,    0,    0,    0,    0,    0,    0,    0,    0,    0,    0,    0,    0,    0,    0,    0,    0,    0,    0,  -13,    0,   -4,    3,   -4,    0,   -4,   -4,    0,  -15,    0,  -19,  -19,  -34,  -21,    0,  -16,  -16,  -14,    0,   -5,  -13,   -4,  -21,  -21,  -14,    0,    0,   -6,    0,   -4,  -19,    8,  -19,  -21,    0,    0,   -2,    0,    0,    0,    0,    0,    0,    0,    0,   -4,   -4,
       0,    0,    0,   -4,    0,   -5,   -4,   -5,    0,    0,    0,    0,    0,    0,    0,   -4,    0,    0,    0,    0,    0,    0,    0,    0,    0,    0,    0,    0,    0,    0,    0,    0,    0,    0,  -11,    0,    0,    0,    0,    0,    0,    0,    0,    0,    0,    0,    0,    0,    0,    0,    0,    0,    0,    0,    0,   -9,    0,    0,    0,    0,    0,    0,    0,    0,    0,    0,    0,    0,    0,    0,    0,    0,    0,    0,    0,    0,    0,    0,    0,    0,    0,    0,    0,    0,    0,    0,    0,    0,    0,    0,    0,    0,    0,    0,    0,    0,    0,    0,    0,    0,    0,    0,    0,    0,    0,    0,    0,    0,    0,    0,    0,    0,    0,    0,    0,    0,    0,    0,    0,    0,    0,    0,    0,    0,    0,    0,    0,    0,    0,    0,    0,    0,    0,    0,    0,    0,    0,    0,    0,    0,    0,    0,    0,    0,    0,    0,    0,    0,    0,    0,    0,    0,    0,    0,    0,    0,    0,    0,    0,    0,    0,    0,    0,    0,    0,    0,    0,    0,    0,    0,    0,    0,    0,    0,    0,    0,    0,    0,    0,    0,    0,    0,    0,    0,    0,    0,    0,    0,    0,    0,    0,    0,    0,    0,    0,    0,    0,    0,    0,    0,    0,    0,    0,    0,    0,    0,    0,    0,    0,    0,    0,    0,    0,    0,    0,    0,    0,    0,    0,    0,    0,    0,    0,    0,    0,    0,    0,    0,    0,    0,    0,    0,    0,    0,    0,    0,    0,    0,    0,    0,    0,    0,
       0,    0,    0,    0,    0,    0,    0,    0,    0,    0,    0,    0,   -5,    0,    0,    0,    0,    0,    0,    0,    0,    0,    0,    0,    0,    0,    0,    0,    0,    0,    0,    0,    0,    0,    0,    0,    0,    0,    0,    0,    0,    0,    0,    0,    0,    0,    0,    0,    0,    0,    0,    0,    0,    0,    0,    0,    0,    0,    0,    0,    0,    0,    0,    0,    0,    0,    0,    0,    0,    0,    0,    0,    0,    0,    0,    0,    0,    0,    0,    0,    0,    0,    0,    0,    0,    0,    0,    0,    0,    0,    0,    0,    0,    0,    0,    0,    0,    0,    0,    0,    0,    0,    0,    0,    0,    0,    0,    0,    0,    0,    0,    0,    0,    0,    0,    0,    0,    0,    0,    0,    0,    0,    0,    0,    0,    0,    0,    0,    0,    0,    0,    0,    0,    0,    0,    0,    0,    0,    0,    0,    0,    0,    0,    0,    0,    0,    0,    0,    0,    0,    0,    0,    0,    0,    0,    0,    0,    0,    0,    0,    0,    0,    0,    0,    0,    0,    0,    0,    0,    0,    0,    0,    0,    0,    0,    0,    0,    0,    0,    0,    0,    0,    0,    0,    0,    0,    0,    0,    0,    0,    0,    0,    0,    0,    0,    0,    0,    0,    0,    0,    0,    0,    0,    0,    0,    0,    0,    0,    0,    0,    0,    0,    0,    0,    0,    0,    0,    0,    0,    0,    0,    0,    0,    0,    0,    0,    0,    0,    0,    0,    0,    0,    0,    0,    0,    0,    0,    0,    0,    0,    0,    0,
       0,    0,    0,    0,    0,    0,    0,    0,    0,    0,    0,    0,    0,    0,    0,    0,    0,    0,    0,    0,    0,    0,    0,    0,    0,    0,    0,    0,    0,    0,    0,    0,    0,    0,   -5,    0,    0,    0,    0,    0,    0,    0,    0,    0,    0,    0,    0,    0,    0,    0,    0,    0,    0,    0,    0,   -4,    0,    0,    0,    0,    0,    0,    0,    0,    0,    0,    0,    0,    0,    0,    0,    0,    0,    0,    0,    0,    0,    0,    0,    0,    0,    0,    0,    0,    0,    0,    0,    0,    0,    0,    0,    0,    0,    0,    0,    0,    0,    0,    0,    0,    0,    0,    0,    0,    0,    0,    0,    0,    0,    0,    0,    0,    0,    0,    0,    0,    0,    0,    0,    0,    0,    0,    0,    0,    0,    0,    0,    0,    0,    0,    0,    0,    0,    0,    0,    0,    0,    0,    0,    0,    0,    0,    0,    0,    0,    0,    0,    0,    0,    0,    0,    0,    0,    0,    0,    0,    0,    0,    0,    0,    0,    0,    0,    0,    0,    0,    0,    0,    0,    0,    0,    0,    0,    0,    0,    0,    0,    0,    0,    0,    0,    0,    0,    0,    0,    0,    0,    0,    0,    0,    0,    0,    0,    0,    0,    0,    0,    0,    0,    0,    0,    0,    0,    0,    0,    0,    0,    0,    0,    0,    0,    0,    0,    0,    0,    0,    0,    0,    0,    0,    0,    0,    0,    0,    0,    0,    0,    0,    0,    0,    0,    0,    0,    0,    0,    0,    0,    0,    0,    0,    0,    0,
       0,   -5,    0,   -4,    0,    0,    0,    0,    0,   -5,   -4,    0,    0,    0,    0,   -5,   -4,    0,    0,    0,    0,    0,    0,    0,    0,    0,    0,    0,    0,    0,    0,    0,    0,   -5,   -5,    0,    0,    0,    0,    0,    0,    0,    0,    0,    0,    0,    0,    0,    0,    0,    0,    0,    0,    0,    0,   -4,    0,    0,    0,    0,    0,   -5,    0,    0,    0,    0,    0,    0,    0,    0,    0,    0,    0,    0,    0,    0,    0,    0,    0,    0,    0,    0,    0,    0,    0,    0,    0,    0,    0,    0,    0,    0,    0,    0,    0,    0,    0,    0,    0,    0,    0,    0,    0,    0,    0,    0,    0,    0,    0,    0,    0,    0,    0,    0,    0,    0,    0,    0,    0,    0,    0,    0,    0,    0,    0,    0,    0,    0,    0,    0,    0,    0,    0,    0,    0,    0,    0,    0,    0,    0,    0,    0,    0,    0,    0,    0,    0,    0,    0,    0,    0,    0,    0,    0,    0,    0,    0,    0,    0,    0,    0,    0,    0,    0,    0,    0,    0,    0,    0,    0,    0,    0,    0,    0,    0,    0,    0,    0,    0,    0,    0,    0,    0,    0,    0,    0,    0,    0,    0,    0,    0,    0,    0,    0,    0,    0,    0,    0,    0,    0,    0,    0,    0,    0,    0,    0,    0,    0,    0,    0,    0,    0,    0,    0,    0,    0,    0,    0,    0,    0,    0,    0,    0,    0,    0,    0,    0,    0,    0,    0,    0,    0,    0,    0,    0,    0,    0,    0,    0,    0,    0,    0,
       0,    0,    0,    0,    0,    0,    0,    0,    0,   -4,    0,    0,    0,    0,    0,    0,    0,    0,    0,    0,    0,    0,    0,    0,    0,    0,    0,    0,    0,    0,    0,    0,    0,    0,    0,    0,    0,    0,    0,    0,    0,    0,    0,    0,    0,    0,    0,    0,    0,    0,    0,    0,    0,    0,    0,    0,    0,    0,    0,    0,    0,    0,    0,    0,    0,    0,    0,    0,    0,    0,    0,    0,    0,    0,    0,    0,    0,    0,    0,    0,    0,    0,    0,    0,    0,    0,    0,    0,    0,    0,    0,    0,    0,    0,    0,    0,    0,    0,    0,    0,    0,    0,    0,    0,    0,    0,    0,    0,    0,    0,    0,    0,    0,    0,    0,    0,    0,    0,    0,    0,    0,    0,    0,    0,    0,    0,    0,    0,    0,    0,    0,    0,    0,    0,    0,    0,    0,    0,    0,    0,    0,    0,    0,    0,    0,    0,    0,    0,    0,    0,    0,    0,    0,    0,    0,    0,    0,    0,    0,    0,    0,    0,    0,    0,    0,    0,    0,    0,    0,    0,    0,    0,    0,    0,    0,    0,    0,    0,    0,    0,    0,    0,    0,    0,    0,    0,    0,    0,    0,    0,    0,    0,    0,    0,    0,    0,    0,    0,    0,    0,    0,    0,    0,    0,    0,    0,    0,    0,    0,    0,    0,    0,    0,    0,    0,    0,    0,    0,    0,    0,    0,    0,    0,    0,    0,    0,    0,    0,    0,    0,    0,    0,    0,    0,    0,    0,    0,    0,    0,    0,    0,    0,
       0,   -5,    0,    0,    0,    0,    0,    0,    0,  -14,    0,    0,    0,    0,    0,   -5,    0,    0,    0,    0,    0,    0,    0,    0,    0,    0,    0,    0,    0,    0,    0,    0,    0,   -4,   -5,    0,    0,    0,    0,    0,    0,    0,    0,    0,    0,    0,    0,    0,    0,    0,    0,    0,    0,    0,    0,   -4,    0,    0,    0,    0,    0,   -5,    0,    0,    0,    0,    0,    0,    0,    0,    0,    0,    0,    0,    0,    0,    0,    0,    0,    0,    0,    0,    0,    0,    0,    0,    0,    0,    0,    0,    0,    0,    0,    0,    0,    0,    0,    0,    0,    0,    0,    0,    0,    0,    0,    0,    0,    0,    0,    0,    0,    0,    0,    0,    0,    0,    0,    0,    0,    0,    0,    0,    0,    0,    0,    0,    0,    0,    0,    0,    0,    0,    0,    0,    0,    0,    0,    0,    0,    0,    0,    0,    0,    0,    0,    0,    0,    0,    0,    0,    0,    0,    0,    0,    0,    0,    0,    0,    0,    0,    0,    0,    0,    0,    0,    0,    0,    0,    0,    0,    0,    0,    0,    0,    0,    0,    0,    0,    0,    0,    0,    0,    0,    0,    0,    0,    0,    0,    0,    0,    0,    0,    0,    0,    0,    0,    0,    0,    0,    0,    0,    0,    0,    0,    0,    0,    0,    0,    0,    0,    0,    0,    0,    0,    0,    0,    0,    0,    0,    0,    0,    0,    0,    0,    0,    0,    0,    0,    0,    0,    0,    0,    0,    0,    0,    0,    0,    0,    0,    0,    0,    0,
       0,    0,    0,    0,    0,  -35,  -34,  -31,    0,    0,    0,    0,  -19,    0,  -18,    0,    0,    0,    0,    0,    0,    0,    0,    0,    0,    0,    0,    0,    0,    0,    0,    0,    0,    0,    0,    0,    0,    0,    0,    0,    0,    0,    0,    0,    0,    0,    0,    0,    0,    0,    0,    0,    0,    0,    0,    0,    0,    0,    0,    0,  -14,    0,    0,    0,    0,    0,    0,    0,    0,    0,    0,    0,    0,    0,    0,    0,    0,    0,    0,    0,    0,    0,    0,    0,    0,    0,    0,    0,    0,    0,    0,    0,    0,    0,    0,    0,    0,    0,    0,    0,    0,    0,    0,    0,    0,    0,    0,    0,    0,    0,    0,    0,    0,    0,    0,    0,    0,    0,    0,    0,    0,    0,    0,    0,    0,    0,    0,    0,    0,    0,    0,    0,    0,    0,    0,    0,    0,    0,    0,    0,    0,    0,    0,    0,    0,    0,    0,    0,    0,    0,    0,    0,    0,    0,    0,    0,    0,    0,    0,    0,    0,    0,    0,    0,    0,    0,    0,    0,    0,    0,    0,    0,    0,    0,    0,    0,    0,    0,    0,    0,    0,    0,    0,    0,    0,    0,    0,    0,    0,    0,    0,    0,    0,    0,    0,    0,    0,    0,    0,    0,    0,    0,    0,    0,    0,    0,    0,    0,    0,    0,    0,    0,    0,    0,    0,    0,    0,    0,    0,    0,    0,    0,    0,    0,    0,    0,    0,    0,    0,    0,    0,    0,  -14,    0,    0,    0,    0,    0,    0,  -13,    0,    0,
       0,    0,    0,    0,    0,  -28,  -27,  -21,    0,    0,    0,    0,   -4,    0,   -4,    0,    0,    0,    0,    0,    0,    0,    0,    0,    0,    0,    0,    0,    0,    0,    0,    0,    0,    0,  -10,    0,    0,    0,    0,    0,    0,    0,    0,    0,    0,    0,    0,    0,    0,    0,    0,    0,    0,    0,    0,   -5,    0,    0,    0,    0,    0,    0,    0,    0,    0,    0,    0,    0,    0,    0,    0,    0,    0,    0,    0,    0,    0,    0,    0,    0,    0,    0,    0,    0,    0,    0,    0,    0,    0,    0,    0,    0,    0,    0,    0,    0,    0,    0,    0,    0,    0,    0,    0,    0,    0,    0,    0,    0,    0,    0,    0,    0,    0,    0,    0,    0,    0,    0,    0,    0,    0,    0,    0,    0,    0,    0,    0,    0,    0,    0,    0,    0,    0,    0,    0,    0,    0,    0,    0,    0,    0,    0,    0,    0,    0,    0,    0,    0,    0,    0,    0,    0,    0,    0,    0,    0,    0,    0,    0,    0,    0,    0,    0,    0,    0,    0,    0,    0,    0,    0,    0,    0,    0,    0,    0,    0,    0,    0,    0,    0,    0,    0,    0,    0,    0,    0,    0,    0,    0,    0,    0,    0,    0,    0,    0,    0,    0,    0,    0,    0,    0,    0,    0,    0,    0,    0,    0,    0,    0,    0,    0,    0,    0,    0,    0,    0,    0,    0,    0,    0,    0,    0,    0,    0,    0,    0,    0,    0,    0,    0,    0,    0,    0,    0,    0,    0,    0,    0,    0,    0,    0,    0,
       0,    0,    0,    0,    0,    0,    0,    0,    0,    0,    0,    0,    0,    0,    0,    0,    0,    0,    0,    0,    0,    0,    0,    0,    0,    0,  -25,    0,   -7,   -4,    0,  -18,    0,    0,    0,    0,    0,    0,    0,    0,    0,    0,    0,    0,    0,    0,    0,    0,    0,    0,    0,    0,    0,    0,    0,    0,    0,    0,    0,    0,    0,    0,    0,    0,    0,    0,    0,    0,    0,    0,    0,    0,    0,    0,    0,    0,    0,    0,    0,    0,    0,    0,    0,    0,    0,    0,    0,    0,    0,    0,    0,    0,    0,    0,    0,    0,    0,    0,    0,    0,    0,    0,    0,    0,    0,    0,    0,    0,    0,    0,    0,    0,  -17,    0,    0,    0,    0,    0,    0,    0,    0,    0,    0,    0,    0,    0,    0,    0,    0,    0,    0,    0,    0,    0,    0,  -25,    0,    0,    0,    0,    0,   -6,    0,    0,    0,    0,    0,    0,    0,  -21,    0,    0,    0,    0,    0,    0,    0,    0,    0,    0,    0,    0,    0,    0,    0,    0,    0,    0,    0,    0,    0,    0,    0,    0,    0,    0,    0,    0,    0,    0,    0,    0,    0,    0,    0,    0,    0,    0,    0,    0,    0,    0,    0,    0,    0,    0,    0,  -17,    0,  -17,    0,    0,    0,    0,    0,    0,    0,    0,    0,    0,    0,    0,    0,    0,    0,    0,    0,    0,    0,    0,    0,    0,    0,    0,    0,    0,    0,    0,    0,    0,    0,    0,    0,    0,    0,    0,    0,    0,    0,    0,    0,    0,
       0,    0,    0,    0,    0,    0,    0,    0,    0,    0,    0,    0,    0,    0,    0,    0,    0,    0,    0,    0,    0,    0,    0,    0,    0,    0,  -24,    0,   -7,   -4,    0,  -17,    0,    0,    0,    0,    0,    0,    0,    0,    0,    0,    0,    0,    0,    0,    0,    0,    0,    0,    0,    0,    0,    0,    0,    0,    0,    0,    0,    0,    0,    0,    0,    0,    0,    0,    0,    0,    0,    0,    0,    0,    0,    0,    0,    0,    0,    0,    0,    0,    0,    0,    0,    0,    0,    0,    0,    0,    0,    0,    0,    0,    0,    0,    0,    0,    0,    0,    0,    0,    0,    0,    0,    0,    0,    0,    0,    0,    0,    0,    0,    0,  -17,    0,    0,    0,    0,    0,    0,    0,    0,    0,    0,    0,    0,    0,    0,    0,    0,    0,    0,    0,    0,    0,    0,  -24,    0,    0,    0,    0,    0,   -6,    0,    0,    0,    0,    0,    0,    0,  -20,    0,    0,    0,    0,    0,    0,    0,    0,    0,    0,    0,    0,    0,    0,    0,    0,    0,    0,    0,    0,    0,    0,    0,    0,    0,    0,    0,    0,    0,    0,    0,    0,    0,    0,    0,    0,    0,    0,    0,    0,    0,    0,    0,    0,    0,    0,    0,  -17,    0,  -17,    0,    0,    0,    0,    0,    0,    0,    0,    0,    0,    0,    0,    0,    0,    0,    0,    0,    0,    0,    0,    0,    0,    0,    0,    0,    0,    0,    0,    0,    0,    0,    0,    0,    0,    0,    0,    0,    0,    0,    0,    0,    0,
       0,    0,    0,    0,    0,    0,    0,    0,    0,    0,    0,    0,    0,    0,    0,    0,    0,    0,    0,    0,    0,    0,    0,    0,    0,    0,  -15,    0,   -5,    0,    0,  -16,    0,    0,    0,    0,    0,    0,    0,    0,    0,    0,    0,    0,    0,    0,    0,    0,    0,    0,    0,    0,    0,    0,    0,    0,    0,    0,    0,    0,    0,    0,    0,    0,    0,    0,    0,    0,    0,    0,    0,    0,    0,    0,    0,    0,    0,    0,    0,    0,    0,    0,    0,    0,    0,    0,    0,    0,    0,    0,    0,    0,    0,    0,    0,    0,    0,    0,    0,    0,    0,    0,    0,    0,    0,    0,    0,    0,    0,    0,    0,    0,  -15,    0,    0,    0,    0,    0,    0,    0,    0,    0,    0,    0,    0,    0,    0,    0,    0,    0,    0,    0,    0,    0,    0,    0,    0,    0,    0,    0,    0,    0,    0,    0,    0,    0,    0,    0,    0,    0,    0,    0,    0,    0,    0,    0,    0,    0,    0,    0,    0,    0,    0,    0,    0,    0,    0,    0,    0,    0,    0,    0,    0,    0,    0,    0,    0,    0,    0,    0,    0,    0,    0,    0,    0,    0,    0,    0,    0,    0,    0,    0,    0,    0,    0,    0,    0,    0,    0,    0,    0,    0,    0,    0,    0,    0,    0,    0,    0,    0,    0,    0,    0,    0,    0,    0,    0,    0,    0,    0,    0,    0,    0,    0,    0,    0,    0,    0,    0,    0,    0,    0,    0,    0,    0,    0,    0,    0,    0,    0,    0,    0,
       0,  -27,    0,    0,  -26,    0,    0,    0,    0,    0,    0,    0,    0,    0,    0,    0,    0,    0,    0,    0,    0,    0,    0,   -9,    0,    0,  -33,   -8,  -25,  -20,    0,  -33,    0,  -26,   -8,    0,   -1,   -6,   -5,  -10,    0,   -1,   -1,   -1,   -1,   -5,    0,  -14,   -6,  -19,  -14,    0,  -20,    0,    0,   -4,  -16,   -4,  -23,    0,    0,    0,  -26,    0,    0,    0,    0,    0,   -1,    0,    0,    0,    0,   -6,   -6,   -6,   -1,   -1,   -1,   -1,   -6,   -6,   -6,   -6,   -6,   -6,    0,    0,   -6,   -6,   -6,   -6,    0,    0,   -1,   -1,    0,   -1,    0,   -1,   -1,   -1,   -1,   -1,   -1,   -1,   -1,   -6,   -1,    0,    0,  -14,  -63,    0,    0,   -1,   -6,   -6,   -4,    9,    0,   -1,  -21,   -1,    0,   -6,   -1,    0,   -1,   -6,   -1,   -6,  -21,    0,    0,    0,    0,    0,    0,    0,    0,    0,    0,    0,    0,    0,    0,    0,    0,    0,    0,    0,    0,    0,    0,    0,    0,    0,    0,    0,    0,    0,    0,    0,    0,    0,    0,    0,    0,    0,    0,    0,    0,    0,    0,    0,    0,    0,    0,    0,    0,    0,    0,    0,    0,    0,    0,    0,    0,    0,    0,    0,    0,    0,    0,    0,    0,    0,    0,    0,    0,    0,    0,    0,    0,    0,    0,    0,    0,    0,    0,    0,    0,    0,    0,    0,    0,    0,    0,    0,    0,    0,    0,    0,    0,    0,    0,    0,   -6,   -6,   -1,   -6,    0,  -28,  -26,    0,  -31,  -31,   -9,    0,  -10,  -10,
       0,    0,    0,    0,    0,    0,    0,    0,    0,    0,    0,    0,    0,    0,    0,    0,    0,    0,    0,    0,    0,   -5,    0,    0,   -4,    0,   -7,    0,   -6,   -3,   -5,  -11,    0,    0,   -5,   -4,   -5,   -4,   -4,   -7,   -9,   -5,   -5,   -5,   -5,   -4,  -10,   -7,   -5,   -6,   -3,   -9,   -6,   -8,    0,   -5,    0,    0,    0,    0,    0,    0,    0,    0,   -9,    0,    0,    0,   -5,   -4,   -4,   -4,   -4,   -4,   -4,   -4,   -5,   -5,   -5,   -5,   -4,   -4,   -4,   -4,   -4,   -5,   -4,   -4,   -4,   -4,   -4,   -4,   -9,   -9,   -5,   -5,    0,   -5,    0,   -5,   -5,   -5,   -4,   -1,   -5,   -5,   -5,   -4,   -5,  -10,  -10,   -7,  -13,   -8,   -4,   -5,   -4,   -5,   -3,   -9,   -9,    0,   -5,   -5,   -4,   -4,   -5,    0,   -5,   -4,   -5,   -5,   -5,    0,    0,    0,    0,    0,    0,    0,    0,    0,    0,    0,    0,    0,    0,    0,    0,    0,    0,    0,    0,    0,    0,    0,    0,    0,    0,    0,    0,    0,    0,    0,    0,    0,    0,    0,    0,    0,    0,    0,    0,    0,    0,    0,    0,    0,    0,    0,    0,    0,    0,    0,    0,    0,    0,    0,    0,    0,    0,    0,    0,    0,    0,    0,    0,    0,    0,    0,    0,    0,    0,    0,    0,    0,    0,    0,    0,    0,    0,    0,    0,    0,    0,    0,    0,    0,    0,    0,    0,    0,    0,    0,    0,   -4,   -4,   -4,   -4,   -4,   -5,   -4,    0,    0,    0,    0,    0,    0,    0,    0,   -7,   -7,
       0,    0,    0,    0,    2,    0,    0,    0,    0,    0,    0,    0,    0,    0,    0,    0,    0,    0,    0,    0,    0,    0,    0,   -7,    0,    0,    0,    0,    0,    0,    0,    0,    0,    0,    0,    0,    0,   -5,   -4,   -6,   -5,    0,    0,    0,   -1,   -4,    0,   -7,   -4,   -8,   -5,    0,   -8,    0,    0,    0,    0,    0,    0,    0,    0,    0,    0,    0,   -3,    0,    0,    0,    0,    0,    0,    0,    0,   -5,   -5,   -5,    0,    0,    5,   10,   -4,   -5,   -5,   -5,   -5,   -4,    0,    0,   -5,   -5,   -5,   -5,   -5,   -5,    0,    5,    0,    8,    0,    6,    3,   -1,    6,    0,    0,   -1,   -1,   -5,   -1,    0,    0,   -7,    0,    0,    0,    0,   -5,   -4,    0,   -5,   -5,    0,   -7,    0,    0,   -5,    0,    0,    0,   -5,   -1,   -4,   -7,    0,    0,    0,    0,    0,    0,    0,    0,    0,    0,    0,    0,    0,    0,    0,    0,    0,    0,    0,    0,    0,    0,    0,    0,    0,    0,    0,    0,    0,    0,    0,    0,    0,    0,    0,    0,    0,    0,    0,    0,    0,    0,    0,    0,    0,    0,    0,    0,    0,    0,    0,    0,    0,    0,    0,    0,    0,    0,    0,    0,    0,    0,    0,    0,    0,    0,    0,    0,    0,    0,    0,    0,    0,    0,    0,    0,    0,    0,    0,    0,    0,    0,    0,    0,    0,    0,    0,    0,    0,    0,    0,    0,    0,    0,    0,   -5,   -5,    0,   -5,    0,    0,    0,    0,    0,    0,    0,    0,   -6,   -6,
       0,    0,    0,   -9,    0,  -12,  -10,   -5,    0,    0,    0,    0,    0,    0,    0,    0,    0,    0,    0,    0,    0,   -9,    0,    0,  -17,    0,  -15,    0,  -10,   -5,  -13,  -18,   -8,    0,  -12,   -6,   -4,   -3,   -3,   -2,   -6,   -5,   -5,   -4,   -5,   -3,   -4,   -1,   -4,   -1,    0,   -7,   -1,   -5,    0,  -10,    0,    0,    0,    0,    0,    0,    0,    0,  -16,    0,    0,   -2,   -4,   -6,   -6,   -6,   -6,   -3,   -3,   -3,   -5,   -5,   -5,   -5,   -4,   -3,   -3,   -3,   -3,   -4,   -6,   -6,   -3,   -3,   -3,   -3,   -6,   -6,   -4,   -4,    0,   -5,    0,   -5,   -5,   -5,   -5,   -4,   -4,   -5,   -5,   -3,   -5,   -4,   -4,   -1,  -24,   -5,   -6,   -5,   -3,   -4,   -2,   -6,   -6,   -8,    0,   -5,   -6,   -3,   -5,    0,   -5,   -3,   -5,   -4,    0,    0,    0,    0,    0,    0,    0,    0,    0,    0,    0,    0,    0,    0,    0,    0,    0,    0,    0,    0,    0,    0,    0,    0,    0,    0,    0,    0,    0,    0,    0,    0,    0,    0,    0,    0,    0,    0,    0,    0,    0,    0,    0,    0,    0,    0,    0,    0,    0,    0,    0,    0,    0,    0,    0,    0,    0,    0,    0,    0,    0,    0,    0,    0,    0,    0,    0,    0,    0,    0,    0,    0,    0,    0,    0,    0,    0,    0,    0,    0,    0,    0,    0,    0,    0,    0,    0,    0,    0,    0,    0,    0,    0,   -6,   -6,   -6,   -3,   -3,   -5,   -3,    0,    0,    0,   -9,    0,    0,    0,    0,   -2,   -2,
       0,    0,    0,    0,    0,    0,    0,    0,    0,    0,    0,    0,    0,    0,    0,    0,    0,    0,    0,    0,    0,    0,    0,   -7,    0,    0,    0,    0,    0,    0,    0,    0,    0,    0,    0,   -3,   -2,  -11,  -10,  -10,   -7,   -1,   -1,   -2,   -7,  -10,   -4,  -10,  -10,  -11,   -8,    0,  -10,    0,    0,    0,    0,    0,    0,   -4,    0,    0,    0,    0,    0,    0,    0,    0,   -8,   -3,   -3,   -3,   -3,  -11,  -11,  -11,    4,   -4,    5,    2,  -11,  -11,  -11,  -11,  -11,  -10,   -3,   -3,  -11,  -11,  -11,  -11,   -7,   -7,   -2,   -2,    0,    2,    0,   -1,    0,   -8,    6,    0,   -2,   -7,   -7,  -11,   -7,   -4,   -4,  -10,    0,    0,   -3,    7,  -11,  -10,   -8,   -7,   -7,    0,  -10,   -1,   -3,  -11,   -1,    0,   -1,  -11,   -7,  -10,  -10,    0,    0,    0,    0,    0,    0,    0,    0,    0,    0,    0,    0,    0,    0,    0,    0,    0,    0,    0,    0,    0,    0,    0,    0,    0,    0,    0,    0,    0,    0,    0,    0,    0,    0,    0,    0,    0,    0,    0,    0,    0,    0,    0,    0,    0,    0,    0,    0,    0,    0,    0,    0,    0,    0,    0,    0,    0,    0,    0,    0,    0,    0,    0,    0,    0,    0,    0,    0,    0,    0,    0,    0,    0,    0,    0,    0,    0,    0,    0,    0,    0,    0,    0,    0,    0,    0,    0,    0,    0,    0,    0,    0,   -3,    0,   -3,  -11,  -20,   -1,  -11,    0,    0,    0,    0,    0,    0,    0,    0,  -10,  -10,
       0,    0,    0,    0,    0,  -42,  -44,  -21,    0,    0,    0,    0,    0,    0,    0,    0,    0,   -4,   -4,    0,    0,  -27,    0,   -3,  -43,   -8,    0,    0,    0,    0,    0,    0,    0,    0,    0,  -33,   -4,  -20,  -21,  -11,  -23,   -1,   -1,   -4,  -20,  -21,  -21,  -10,  -18,   -7,   -6,  -14,   -7,  -18,    0,    0,  -11,    0,    0,  -10,   -7,    0,    0,  -10,  -40,    0,    0,    0,  -18,  -33,  -33,  -33,  -33,  -20,  -20,  -20,    6,  -10,    7,    4,  -24,  -20,  -20,  -20,  -20,  -18,  -33,  -33,  -20,  -20,  -20,  -20,  -23,  -23,   -4,   -5,    0,    4,    0,    0,    2,  -21,    8,    0,   -4,  -20,  -20,  -20,  -38,  -21,  -21,  -10,    0,  -18,  -33,    9,  -20,  -18,  -26,  -23,  -23,    0,   -8,   -1,  -33,  -20,   -1,    0,   -1,  -20,  -20,  -18,   -8,    0,    0,    0,    0,    0,    0,    0,    0,    0,    0,    0,    0,    0,    0,    0,    0,    0,    0,    0,    0,    0,    0,    0,    0,    0,    0,    0,    0,    0,    0,    0,    0,    0,    0,    0,    0,    0,    0,    0,    0,    0,    0,    0,    0,    0,    0,    0,    0,    0,    0,    0,    0,    0,    0,    0,    0,    0,    0,    0,    0,    0,    0,    0,    0,    0,    0,    0,    0,    0,    0,    0,    0,    0,    0,    0,    0,    0,    0,    0,    0,    0,    0,    0,    0,    0,    0,    0,    0,    0,    0,    0,    0,  -33,  -43,  -33,  -20,  -29,   -1,  -31,   -7,    0,    0,  -42,    0,    0,    0,    0,  -11,  -11,
       0,    0,    0,    0,    0,    0,    0,    0,    0,    0,    0,    0,    0,    0,    0,    0,    0,    0,    0,    0,    0,   -3,    0,    0,    0,    0,   -1,    0,   -6,   -2,    0,   -8,    0,    0,   -4,   -1,   -2,   -3,   -3,   -7,   -5,   -2,   -2,   -2,   -4,   -3,   -3,   -7,   -4,   -8,   -5,   -4,   -9,   -4,    0,    0,    0,    0,    0,    0,    0,    0,    0,    0,   -4,    0,    0,    0,   -2,   -1,   -1,   -1,   -1,   -3,   -3,   -3,   -2,   -2,   -2,   -1,   -3,   -3,   -3,   -3,   -3,   -4,   -1,   -1,   -3,   -3,   -3,   -3,   -5,   -5,   -2,   -2,    0,   -2,    0,   -2,   -2,   -2,   -2,    0,   -2,   -4,   -4,   -3,   -4,   -3,   -3,   -7,   -1,   -4,   -1,   -2,   -3,   -4,   -3,   -5,   -5,    0,   -6,   -2,   -1,   -3,   -2,    0,   -2,   -3,   -4,   -4,   -6,    0,    0,    0,    0,    0,    0,    0,    0,    0,    0,    0,    0,    0,    0,    0,    0,    0,    0,    0,    0,    0,    0,    0,    0,    0,    0,    0,    0,    0,    0,    0,    0,    0,    0,    0,    0,    0,    0,    0,    0,    0,    0,    0,    0,    0,    0,    0,    0,    0,    0,    0,    0,    0,    0,    0,    0,    0,    0,    0,    0,    0,    0,    0,    0,    0,    0,    0,    0,    0,    0,    0,    0,    0,    0,    0,    0,    0,    0,    0,    0,    0,    0,    0,    0,    0,    0,    0,    0,    0,    0,    0,    0,   -1,   -1,   -1,   -3,   -3,   -2,   -3,    0,    0,    0,    0,    0,    0,    0,    0,   -7,   -7,
       0,    0,    0,    0,    0,    0,    0,    0,    0,    0,    0,    0,    0,    0,    0,    0,    0,    0,    0,    0,    0,    0,    0,    0,    0,    0,    0,    0,    0,    0,    0,    0,    0,    0,    0,   -7,   -4,   -7,   -7,   -7,   -8,   -4,   -4,   -4,   -4,   -7,   -7,   -7,   -4,   -6,   -4,   -2,   -5,   -5,    0,    0,    0,    0,    0,    0,    0,    0,    0,    0,    0,    0,    0,    0,   -4,   -7,   -7,   -7,   -7,   -7,   -7,   -7,   -4,   -4,   -5,   -4,   -8,   -7,   -7,   -7,   -7,   -4,   -7,   -7,   -7,   -7,   -7,   -7,   -8,   -8,   -4,   -4,    0,   -4,    0,   -4,   -4,   -4,   -4,    0,   -4,   -4,   -4,   -7,   -4,   -7,   -7,   -7,    0,   -5,   -7,   -4,   -7,   -4,   -7,   -8,   -8,    0,   -4,   -4,   -7,   -7,   -4,    0,   -4,   -7,   -4,   -4,   -4,    0,    0,    0,    0,    0,    0,    0,    0,    0,    0,    0,    0,    0,    0,    0,    0,    0,    0,    0,    0,    0,    0,    0,    0,    0,    0,    0,    0,    0,    0,    0,    0,    0,    0,    0,    0,    0,    0,    0,    0,    0,    0,    0,    0,    0,    0,    0,    0,    0,    0,    0,    0,    0,    0,    0,    0,    0,    0,    0,    0,    0,    0,    0,    0,    0,    0,    0,    0,    0,    0,    0,    0,    0,    0,    0,    0,    0,    0,    0,    0,    0,    0,    0,    0,    0,    0,    0,    0,    0,    0,    0,    0,   -7,   -7,   -7,   -7,   -7,   -4,   -7,    0,    0,    0,    0,    0,    0,    0,    0,   -7,   -7,
       0,    0,    0,    0,    0,   -5,   -4,   -4,    0,    0,    0,    0,    0,    0,    0,    0,    0,    0,    0,    0,    0,   -4,    0,    0,   -8,    0,    0,    0,    0,    0,    0,    0,    0,    0,    0,   -9,   -4,   -8,   -8,   -6,  -10,   -4,   -4,   -4,   -5,   -8,  -10,   -5,   -7,   -4,   -1,   -5,   -4,   -8,    0,    0,    0,    0,    0,    0,    0,    0,    0,    0,   -8,    0,    0,    0,   -4,   -9,   -9,   -9,   -9,   -8,   -8,   -8,   -4,  -10,   -5,   -4,   -9,   -8,   -8,   -8,   -8,   -7,   -9,   -9,   -8,   -8,   -8,   -8,  -10,  -10,   -4,   -4,    0,   -4,    0,   -4,   -4,  -10,   -4,    0,   -4,   -5,   -5,   -8,   -5,  -10,  -10,   -5,    0,   -8,   -9,   -5,   -8,   -7,   -7,  -10,  -10,    0,   -3,   -4,   -9,   -8,   -4,    0,   -4,   -8,   -5,   -7,   -3,    0,    0,    0,    0,    0,    0,    0,    0,    0,    0,    0,    0,    0,    0,    0,    0,    0,    0,    0,    0,    0,    0,    0,    0,    0,    0,    0,    0,    0,    0,    0,    0,    0,    0,    0,    0,    0,    0,    0,    0,    0,    0,    0,    0,    0,    0,    0,    0,    0,    0,    0,    0,    0,    0,    0,    0,    0,    0,    0,    0,    0,    0,    0,    0,    0,    0,    0,    0,    0,    0,    0,    0,    0,    0,    0,    0,    0,    0,    0,    0,    0,    0,    0,    0,    0,    0,    0,    0,    0,    0,    0,    0,   -9,  -17,   -9,   -8,   -8,   -4,   -8,    0,    0,    0,   -3,    0,    0,    0,    0,   -6,   -6,
       0,    0,    0,    0,    0,    0,    0,    0,    0,    0,    0,    0,    0,    0,    0,    0,    0,    0,    0,    0,    0,    0,    0,  -20,    0,    0,    0,    0,    0,    0,    0,    0,    0,    0,    0,   -1,    0,  -18,  -14,  -11,    0,    0,    0,    0,    0,  -14,   -2,  -17,  -12,  -24,  -18,    0,  -24,    0,    0,    0,    0,  -10,    0,  -13,  -14,    0,    0,    0,    0,    0,    0,    0,    0,   -1,   -1,   -1,   -1,  -18,  -18,  -18,   14,    0,    0,    3,  -17,  -18,  -18,  -18,  -30,  -12,   -1,   -1,  -18,  -18,  -18,  -18,    0,    0,    0,    0,    0,    0,    0,    3,   10,    0,    0,    0,    0,    0,    0,  -18,    0,   -2,   -2,  -17,    0,    0,   -1,   16,  -18,  -12,  -12,   10,    0,    0,  -17,    0,   -1,  -18,    0,    0,    0,  -18,    0,  -12,  -27,    0,    0,    0,    0,    0,    0,    0,    0,    0,    0,    0,    0,    0,    0,    0,    0,    0,    0,    0,    0,    0,    0,    0,    0,    0,    0,    0,    0,    0,    0,    0,    0,    0,    0,    0,    0,    0,    0,    0,    0,    0,    0,    0,    0,    0,    0,    0,    0,    0,    0,    0,    0,    0,    0,    0,    0,    0,    0,    0,    0,    0,    0,    0,    0,    0,    0,    0,    0,    0,    0,    0,    0,    0,    0,    0,    0,    0,    0,    0,    0,    0,    0,    0,    0,    0,    0,    0,    0,    0,    0,    0,    0,   -1,   10,   -1,  -18,  -21,    0,  -23,  -14,    0,    0,    0,    0,    0,    0,    0,  -11,  -11,
       0,  -46,    0,    0,  -48,    0,    0,    0,    0,    0,    0,    0,    0,    0,    0,    0,    0,    0,    0,    0,    0,    0,    0,  -16,    0,    0,  -44,  -12,  -41,  -30,    0,  -44,    0,  -33,    0,    0,    0,  -17,  -13,  -15,    0,    0,    0,    0,    0,  -13,   -3,  -21,  -13,  -43,  -33,    0,  -44,    0,    0,    0,  -14,   -8,  -48,  -22,  -33,    0,  -48,   -7,    0,    0,    0,    0,    0,    0,    0,    0,    0,  -17,  -17,  -17,    0,    0,    0,    0,  -16,  -17,  -17,  -17,  -17,  -13,    0,    0,  -17,  -17,  -17,  -17,    0,    0,    0,    0,    0,    0,    0,    0,    0,    0,    0,    0,    0,    0,    0,  -17,    0,   -3,   -3,  -21,  -44,    0,    0,    0,  -17,  -13,  -11,    2,    0,    0,  -43,    0,    0,  -17,    0,    0,    0,  -17,    0,  -13,  -43,    0,    0,    0,    0,    0,    0,    0,    0,    0,    0,    0,    0,    0,    0,    0,    0,    0,    0,    0,    0,    0,    0,    0,    0,    0,    0,    0,    0,    0,    0,    0,    0,    0,    0,    0,    0,    0,    0,    0,    0,    0,    0,    0,    0,    0,    0,    0,    0,    0,    0,    0,    0,    0,    0,    0,    0,    0,    0,    0,    0,    0,    0,    0,    0,    0,    0,    0,    0,    0,    0,    0,    0,    0,    0,    0,    0,    0,    0,    0,    0,    0,    0,    0,    0,    0,    0,    0,    0,    0,    0,    0,    0,    0,    0,    0,  -17,  -17,    0,  -17,  -33,  -47,  -47,    0,  -47,  -48,   -7,  -67,  -15,  -15,
       0,    0,    0,   -9,    0,  -12,  -11,   -5,    0,    0,    0,    0,    0,    0,    0,    0,    0,    0,    0,    0,    0,   -9,    0,    0,  -17,    0,  -15,    0,   -9,   -5,  -13,  -18,   -8,    0,  -12,   -6,   -4,   -3,   -3,   -2,   -5,   -4,   -4,   -4,   -5,   -3,   -4,   -1,   -4,   -1,    0,   -7,   -1,   -5,    0,  -10,    0,    0,    0,    0,    0,    0,    0,    0,  -16,    0,    0,   -2,   -4,   -6,   -6,   -6,   -6,   -3,   -3,   -3,   -4,   -4,   -4,   -4,   -4,   -3,   -3,   -3,   -3,   -4,   -6,   -6,   -3,   -3,   -3,   -3,   -5,   -5,   -4,   -4,    0,   -4,    0,   -4,   -4,   -4,   -4,   -4,   -4,   -5,   -5,   -3,   -5,   -4,   -4,   -1,  -23,   -5,   -6,   -4,   -3,   -4,   -2,   -5,   -5,   -7,    0,   -4,   -6,   -3,   -4,    0,   -4,   -3,   -5,   -4,    0,    0,    0,    0,    0,    0,    0,    0,    0,    0,    0,    0,    0,    0,    0,    0,    0,    0,    0,    0,    0,    0,    0,    0,    0,    0,    0,    0,    0,    0,    0,    0,    0,    0,    0,    0,    0,    0,    0,    0,    0,    0,    0,    0,    0,    0,    0,    0,    0,    0,    0,    0,    0,    0,    0,    0,    0,    0,    0,    0,    0,    0,    0,    0,    0,    0,    0,    0,    0,    0,    0,    0,    0,    0,    0,    0,    0,    0,    0,    0,    0,    0,    0,    0,    0,    0,    0,    0,    0,    0,    0,    0,    0,   -6,   -6,   -6,   -3,   -3,   -4,   -3,    0,    0,    0,   -9,    0,    0,    0,    0,   -2,   -2,
       0,    0,   -4,    0,    0,  -45,  -47,  -21,    0,    0,    0,    0,    0,    0,    0,    0,    0,    0,    0,    0,    0,  -23,    0,    0,  -38,    0,    0,    0,   -4,    0,   -6,   -7,    0,    0,   -4,   -7,   -1,  -12,  -13,    0,  -10,   -1,   -1,   -1,   -4,  -13,   -6,    0,   -2,    0,    0,    0,    0,    0,    0,    0,  -13,    0,    0,   -5,  -11,    0,    0,    0,  -38,    0,    0,    0,   -1,   -7,   -7,   -7,   -7,  -12,  -12,  -12,   -1,   -1,    7,   -1,  -21,  -12,  -12,  -12,  -12,   -2,   -7,   -7,  -12,  -12,  -12,  -12,  -10,  -10,   -1,   -1,    0,    2,    0,   -1,   -1,   -4,    8,   -1,   -1,   -4,   -4,  -12,   -4,   -6,   -6,    0,    0,    0,   -7,   -1,  -12,   -2,   -4,  -10,  -10,   -2,    0,   -1,   -7,  -12,   -1,    0,   -1,  -12,   -4,   -2,    0,    0,    0,    0,    0,    0,    0,    0,    0,    0,    0,    0,    0,    0,    0,    0,    0,    0,    0,    0,    0,    0,    0,    0,    0,    0,    0,    0,    0,    0,    0,    0,    0,    0,    0,    0,    0,    0,    0,    0,    0,    0,    0,    0,    0,    0,    0,    0,    0,    0,    0,    0,    0,    0,    0,    0,    0,    0,    0,    0,    0,    0,    0,    0,    0,    0,    0,    0,    0,    0,    0,    0,    0,    0,    0,    0,    0,    0,    0,    0,    0,    0,    0,    0,    0,    0,    0,    0,    0,    0,    0,    0,    0,   -7,   -7,   -7,  -12,  -12,   -1,  -12,  -11,    0,    0,  -45,    0,    0,    0,    0,    0,    0,
       0,    0,    0,   -7,    0,  -12,  -11,   -5,    0,    0,    0,    0,    0,    0,    0,    0,    0,    0,    0,    0,    0,   -9,    0,    0,  -17,    0,  -15,    0,   -9,   -5,  -13,  -18,   -8,    0,   -3,   -6,   -4,   -3,   -3,   -2,   -5,   -4,   -4,   -4,   -5,   -3,   -4,   -1,   -4,   -1,    0,   -7,   -1,   -5,    0,   -2,    0,    0,    0,    0,    0,    0,    0,    0,  -16,    0,    0,   -2,   -4,   -6,   -6,   -6,   -6,   -3,   -3,   -3,   -4,   -4,   -4,   -4,   -4,   -3,   -3,   -3,   -3,   -4,   -6,   -6,   -3,   -3,   -3,   -3,   -5,   -5,   -4,   -4,    0,   -4,    0,   -4,   -4,   -4,   -4,   -4,   -4,   -5,   -5,   -3,   -5,   -4,   -4,   -1,  -23,   -5,   -6,   -4,   -3,   -4,   -2,   -5,   -5,   -7,    0,   -4,   -6,   -3,   -4,    0,   -4,   -3,   -5,   -4,    0,    0,    0,    0,    0,    0,    0,    0,    0,    0,    0,    0,    0,    0,    0,    0,    0,    0,    0,    0,    0,    0,    0,    0,    0,    0,    0,    0,    0,    0,    0,    0,    0,    0,    0,    0,    0,    0,    0,    0,    0,    0,    0,    0,    0,    0,    0,    0,    0,    0,    0,    0,    0,    0,    0,    0,    0,    0,    0,    0,    0,    0,    0,    0,    0,    0,    0,    0,    0,    0,    0,    0,    0,    0,    0,    0,    0,    0,    0,    0,    0,    0,    0,    0,    0,    0,    0,    0,    0,    0,    0,    0,    0,   -6,   -6,   -6,   -3,   -3,   -4,   -3,    0,    0,    0,  -11,    0,    0,    0,    0,   -2,   -2,
       0,    0,    0,    0,    0,    0,    0,    0,    0,    0,    0,    0,    0,    0,    0,    0,    0,    0,    0,    0,    0,    0,    0,   -3,    0,    0,  -11,   -2,   -9,   -5,    0,  -13,    0,    0,    0,   -4,   -3,  -15,  -12,   -7,   -2,   -3,   -3,   -3,   -3,  -12,   -4,   -8,  -10,   -8,   -6,    0,   -8,    0,    0,    0,    0,    0,    0,   -9,    0,    0,    0,    0,    0,    0,    0,   -2,   -3,   -4,   -4,   -4,   -4,  -15,  -15,  -15,   -3,   -3,   -4,   -3,  -16,  -15,  -15,  -15,  -27,  -10,   -4,   -4,  -15,  -15,  -15,  -15,   -2,   -2,   -3,   -3,    0,   -3,    0,   -3,   -3,   -3,   -3,   -2,   -3,   -3,   -3,  -15,   -3,   -4,   -4,   -8,  -21,    0,   -4,   -3,  -15,  -10,  -10,    7,   -2,    0,   -9,   -3,   -4,  -15,   -3,    0,   -3,  -15,   -3,  -10,   -9,    0,    0,    0,    0,    0,    0,    0,    0,    0,    0,    0,    0,    0,    0,    0,    0,    0,    0,    0,    0,    0,    0,    0,    0,    0,    0,    0,    0,    0,    0,    0,    0,    0,    0,    0,    0,    0,    0,    0,    0,    0,    0,    0,    0,    0,    0,    0,    0,    0,    0,    0,    0,    0,    0,    0,    0,    0,    0,    0,    0,    0,    0,    0,    0,    0,    0,    0,    0,    0,    0,    0,    0,    0,    0,    0,    0,    0,    0,    0,    0,    0,    0,    0,    0,    0,    0,    0,    0,    0,    0,    0,    0,   -4,   -4,   -4,  -15,  -15,   -3,  -15,    0,    0,    0,    0,    0,    0,    0,    0,   -7,   -7,
       0,    0,    0,    0,    0,    0,    0,    0,    0,    0,    0,    0,    0,    0,    0,    0,    0,    0,    0,    0,    0,   -6,    0,    0,   -1,    0,    0,    0,   -6,   -1,   -1,   -7,    0,    0,   -4,   -3,   -4,   -1,   -1,  -11,   -7,   -2,   -2,   -4,   -5,   -1,   -6,  -10,   -5,  -12,   -8,  -11,  -12,   -8,    0,    0,    0,    0,    0,    0,    0,    0,    0,    0,  -10,    0,    0,    0,   -4,   -3,   -3,   -3,   -3,   -1,   -1,   -1,   -2,   -2,   -2,   -1,   -1,   -1,   -1,   -1,   -1,   -5,   -3,   -3,   -1,   -1,   -1,   -1,   -7,   -7,   -4,   -4,    0,   -2,    0,   -2,   -2,   -2,   -2,   -1,   -4,   -5,   -5,   -1,   -5,   -6,   -6,  -10,    0,   -8,   -3,   -2,   -1,   -5,   -1,   -7,   -7,    0,   -8,   -2,   -3,   -1,   -2,    0,   -2,   -1,   -5,   -5,   -8,    0,    0,    0,    0,    0,    0,    0,    0,    0,    0,    0,    0,    0,    0,    0,    0,    0,    0,    0,    0,    0,    0,    0,    0,    0,    0,    0,    0,    0,    0,    0,    0,    0,    0,    0,    0,    0,    0,    0,    0,    0,    0,    0,    0,    0,    0,    0,    0,    0,    0,    0,    0,    0,    0,    0,    0,    0,    0,    0,    0,    0,    0,    0,    0,    0,    0,    0,    0,    0,    0,    0,    0,    0,    0,    0,    0,    0,    0,    0,    0,    0,    0,    0,    0,    0,    0,    0,    0,    0,    0,    0,    0,   -3,   -3,   -3,   -1,   -1,   -2,   -1,    0,    0,    0,    0,    0,    0,    0,    0,  -11,  -11,
       0,    0,  -13,    0,    0,  -33,  -33,  -29,    0,    0,    0,    0,    0,    0,    0,    0,    0,  -25,  -24,    0,  -21,  -33,    0,  -15,  -32,   -1,    0,    0,    0,    0,    0,    0,    0,    0,    0,  -53,   -4,  -57,  -56,  -26,  -57,   -1,   -1,   -4,  -51,  -56,  -53,  -29,  -49,  -41,  -41,  -42,  -40,  -45,    0,    0,  -14,   -7,    0,  -37,  -28,    0,    0,  -35,  -42,    0,    0,    0,  -27,  -98,  -96, -100,  -96, -110, -108, -108,    9,  -18,   12,    6,  -38, -112, -110, -110,  -57,  -49, -104, -100, -107, -107,  -57, -108, -104, -109,   -4,   -1,    0,    8,    0,    4,    9,  -46,   13,    0,   -4,  -51,  -51,  -57,  -75,  -90,  -84,  -29,    0,  -82,  -93,   16, -109,  -49,  -53,  -57, -103,    0,  -23,   -1,  -53,  -57,   -1,    0,   -1,  -57,  -51,  -49,  -43,    0,    0,    0,    0,    0,    0,    0,    0,    0,    0,    0,    0,    0,    0,    0,    0,    0,    0,    0,    0,    0,    0,    0,    0,    0,    0,    0,    0,    0,    0,    0,    0,    0,    0,    0,    0,    0,    0,    0,    0,    0,    0,    0,    0,    0,    0,    0,    0,    0,    0,    0,    0,    0,    0,    0,    0,    0,    0,    0,    0,    0,    0,    0,    0,    0,    0,    0,    0,    0,    0,    0,    0,    0,    0,    0,    0,    0,    0,    0,    0,    0,    0,    0,    0,    0,    0,    0,    0,    0,    0,    0,    0,  -53,  -63,  -90, -112,  -81,   -1,  -83,  -28,    0,    0,  -31,    0,    0,    0,    0,  -56,  -56,
       0,    0,    0,    0,    0,  -11,   -9,   -6,    0,    0,    0,    0,    0,    0,    0,    0,    0,    0,    0,    0,    0,   -8,    0,    0,  -13,    0,    0,    0,    0,    0,    0,    0,    0,    0,    0,  -11,   -5,   -9,   -9,   -6,  -11,   -5,   -5,   -5,   -7,   -9,  -11,   -5,   -7,   -3,   -1,   -5,   -3,   -8,    0,    0,    0,    0,    0,    0,    0,    0,    0,    0,  -14,    0,    0,    0,  -12,  -11,  -11,  -11,  -11,   -9,   -9,   -9,   -5,  -12,   -6,   -5,  -10,   -9,   -9,   -9,   -9,   -7,  -11,  -11,   -9,   -9,   -9,   -9,  -11,  -11,   -5,   -5,    0,   -5,    0,   -5,   -5,  -12,   -5,   -1,   -5,   -7,   -7,   -9,   -7,  -11,  -11,   -5,    0,   -8,  -11,   -6,   -9,   -7,   -7,  -11,  -11,    0,   -3,   -5,  -11,   -9,   -5,    0,   -5,   -9,   -7,   -7,   -3,    0,    0,    0,    0,    0,    0,    0,    0,    0,    0,    0,    0,    0,    0,    0,    0,    0,    0,    0,    0,    0,    0,    0,    0,    0,    0,    0,    0,    0,    0,    0,    0,    0,    0,    0,    0,    0,    0,    0,    0,    0,    0,    0,    0,    0,    0,    0,    0,    0,    0,    0,    0,    0,    0,    0,    0,    0,    0,    0,    0,    0,    0,    0,    0,    0,    0,    0,    0,    0,    0,    0,    0,    0,    0,    0,    0,    0,    0,    0,    0,    0,    0,    0,    0,    0,    0,    0,    0,    0,    0,    0,    0,  -11,  -19,  -11,   -9,   -9,   -5,   -9,    0,    0,    0,   -8,    0,    0,    0,    0,   -6,   -6,
       0,    0,  -14,    3,    0,  -35,  -34,  -30,    0,    0,    0,    0,    0,    0,    0,    0,    0,   -7,   -7,    0,  -12,  -25,    0,   -9,  -32,   -7,    0,    0,    0,    0,    0,    0,    0,    2,    4,  -34,   -1,  -35,  -34,  -13,  -35,    0,    0,   -1,  -26,  -34,  -32,  -13,  -24,  -11,  -11,  -14,  -11,  -21,    0,    3,  -17,   -4,    0,  -24,  -14,    0,    0,  -15,  -37,    0,    0,    0,  -18,  -61,  -34,  -34,  -65,  -68,  -35,  -35,   18,  -10,    7,   10,  -31,  -35,  -35,  -35,  -35,  -24,  -34,  -64,  -35,  -64,  -35,  -66,  -35,  -66,   -1,    2,    0,    7,    0,   10,   14,  -25,    8,   -1,   -1,  -26,  -26,  -35,  -36,  -62,  -48,  -13,    0,  -35,  -58,   23,  -67,  -24,  -30,  -35,  -60,    0,   -3,    0,  -34,  -35,    0,    0,    0,  -35,  -26,  -24,  -10,    0,    0,    0,    0,    0,    0,    0,    0,    0,    0,    0,    0,    0,    0,    0,    0,    0,    0,    0,    0,    0,    0,    0,    0,    0,    0,    0,    0,    0,    0,    0,    0,    0,    0,    0,    0,    0,    0,    0,    0,    0,    0,    0,    0,    0,    0,    0,    0,    0,    0,    0,    0,    0,    0,    0,    0,    0,    0,    0,    0,    0,    0,    0,    0,    0,    0,    0,    0,    0,    0,    0,    0,    0,    0,    0,    0,    0,    0,    0,    0,    0,    0,    0,    0,    0,    0,    0,    0,    0,    0,    0,    0,  -34,  -32,  -57,  -35,  -39,    3,  -41,  -14,    0,    0,  -32,    0,    0,    0,    0,  -13,  -13,
       0,    0,   -7,    0,    0,  -26,  -25,  -22,    0,    0,    0,    0,    0,    0,    0,    0,    0,   -4,   -4,    0,   -4,  -20,    0,   -5,  -27,   -3,    0,    0,    0,    0,    0,    0,    0,    0,    0,  -26,   -2,  -26,  -25,  -10,  -26,   -2,   -2,   -2,  -20,  -25,  -25,  -10,  -18,   -7,   -7,   -9,   -7,  -15,    0,    0,   -6,    0,    0,  -17,   -8,    0,    0,   -7,  -32,    0,    0,   -3,  -17,  -26,  -26,  -26,  -26,  -26,  -26,  -26,   12,  -11,    4,    6,  -27,  -26,  -26,  -26,  -26,  -18,  -26,  -26,  -26,  -26,  -26,  -26,  -26,  -26,   -2,    0,    0,    3,    0,    4,    9,  -21,    5,   -3,   -2,  -20,  -20,  -26,  -29,  -25,  -40,  -10,    0,  -15,  -49,   15,  -26,  -18,  -24,  -26,  -51,    0,   -3,   -2,  -26,  -26,   -2,    0,   -2,  -26,  -20,  -18,   -6,    0,    0,    0,    0,    0,    0,    0,    0,    0,    0,    0,    0,    0,    0,    0,    0,    0,    0,    0,    0,    0,    0,    0,    0,    0,    0,    0,    0,    0,    0,    0,    0,    0,    0,    0,    0,    0,    0,    0,    0,    0,    0,    0,    0,    0,    0,    0,    0,    0,    0,    0,    0,    0,    0,    0,    0,    0,    0,    0,    0,    0,    0,    0,    0,    0,    0,    0,    0,    0,    0,    0,    0,    0,    0,    0,    0,    0,    0,    0,    0,    0,    0,    0,    0,    0,    0,    0,    0,    0,    0,    0,    0,  -26,  -23,  -47,  -26,  -30,   -2,  -32,   -8,    0,    0,  -23,    0,    0,    0,    0,  -10,  -10,
       0,    0,    0,    0,    0,    0,    0,    0,    0,    0,    0,    0,    0,    0,    0,    0,    0,    0,    0,    0,    0,    0,    0,  -14,    0,    0,    0,    0,    0,    0,    0,    0,    0,    0,    0,   -4,   -2,  -19,  -15,  -14,   -3,    0,    0,   -2,   -5,  -15,   -3,  -18,  -15,  -21,  -19,    0,  -22,    0,    0,    0,    0,   -8,    0,  -13,  -11,    0,    0,    0,    0,    0,    0,    0,   -6,   -4,   -4,   -4,   -4,  -19,  -19,  -19,   14,   -4,    0,    4,  -18,  -19,  -19,  -19,  -33,  -15,   -4,   -4,  -19,  -19,  -19,  -19,   -3,   -3,   -2,   -2,    0,    0,    0,    4,   11,   -5,    0,    0,   -2,   -5,   -5,  -19,   -5,   -3,   -3,  -18,    0,    0,   -4,   17,  -19,  -15,  -13,    3,   -3,    0,  -14,    0,   -4,  -19,    0,    0,    0,  -19,   -5,  -15,  -24,    0,    0,    0,    0,    0,    0,    0,    0,    0,    0,    0,    0,    0,    0,    0,    0,    0,    0,    0,    0,    0,    0,    0,    0,    0,    0,    0,    0,    0,    0,    0,    0,    0,    0,    0,    0,    0,    0,    0,    0,    0,    0,    0,    0,    0,    0,    0,    0,    0,    0,    0,    0,    0,    0,    0,    0,    0,    0,    0,    0,    0,    0,    0,    0,    0,    0,    0,    0,    0,    0,    0,    0,    0,    0,    0,    0,    0,    0,    0,    0,    0,    0,    0,    0,    0,    0,    0,    0,    0,    0,    0,    0,   -4,    8,   -4,  -19,  -21,    0,  -22,  -11,    0,    0,    0,    0,    0,    0,    0,  -14,  -14,
       0,    0,  -19,    3,    0,  -38,  -38,  -34,    0,    0,    0,    0,    0,    0,    0,    0,    0,  -18,  -17,    0,  -22,  -33,    0,  -18,  -35,  -10,    0,    0,    0,    0,    0,    0,    0,    2,    4,  -52,   -1,  -51,  -51,  -23,  -46,    0,    0,   -1,  -39,  -51,  -50,  -23,  -39,  -26,  -25,  -25,  -26,  -34,    0,    3,  -18,  -14,    0,  -36,  -30,    0,    0,  -26,  -45,    0,    0,    0,  -24,  -86,  -52, -100,  -92,  -92,  -51,  -98,   18,  -16,    0,    8,  -37,  -94,  -51, -100,  -51,  -75,  -96,  -90,  -51,  -88,  -96,  -90,  -46,  -84,   -1,   -1,    0,    4,    0,    8,   16,  -39,    0,   -2,   -4,  -74,  -39,  -97,  -54,  -94,  -74,  -23,    0,  -54,  -84,   23,  -91,  -72,  -48,  -46,  -78,    0,   -8,    0,  -52,  -51,    0,    0,    0,  -51,  -39,  -39,  -24,    0,    0,    0,    0,    0,    0,    0,    0,    0,    0,    0,    0,    0,    0,    0,    0,    0,    0,    0,    0,    0,    0,    0,    0,    0,    0,    0,    0,    0,    0,    0,    0,    0,    0,    0,    0,    0,    0,    0,    0,    0,    0,    0,    0,    0,    0,    0,    0,    0,    0,    0,    0,    0,    0,    0,    0,    0,    0,    0,    0,    0,    0,    0,    0,    0,    0,    0,    0,    0,    0,    0,    0,    0,    0,    0,    0,    0,    0,    0,    0,    0,    0,    0,    0,    0,    0,    0,    0,    0,    0,    0,    0, -101,  -55,  -82,  -51,  -63,    3,  -65,  -30,    0,    0,  -36,    0,    0,    0,    0,  -23,  -48,
       0,    0,    0,    0,    0,    0,    0,    0,    0,    0,    0,    0,    0,    0,    0,    0,    0,    0,    0,    0,    0,    0,    0,   -8,    0,    0,    0,    0,    0,    0,    0,    0,    0,    0,    0,   -2,   -2,  -11,  -10,  -11,   -6,   -1,   -1,   -2,   -7,  -10,   -4,  -12,  -11,  -14,  -12,    0,  -14,    0,    0,    0,    0,   -4,    0,   -4,   -3,    0,    0,    0,    0,    0,    0,    0,   -7,   -2,   -2,   -2,   -2,  -11,  -11,  -11,    7,   -4,    1,    5,  -10,  -11,  -11,  -11,  -11,  -11,   -2,   -2,  -11,  -11,  -11,  -11,   -6,   -6,   -2,   -1,    0,    3,    0,    1,    4,   -7,    2,   -1,   -2,   -7,   -7,  -11,   -7,   -4,   -4,  -12,    0,    0,   -2,   10,  -11,  -11,   -7,   -6,   -6,    0,  -13,   -1,   -2,  -11,   -1,    0,   -1,  -11,   -7,  -11,  -13,    0,    0,    0,    0,    0,    0,    0,    0,    0,    0,    0,    0,    0,    0,    0,    0,    0,    0,    0,    0,    0,    0,    0,    0,    0,    0,    0,    0,    0,    0,    0,    0,    0,    0,    0,    0,    0,    0,    0,    0,    0,    0,    0,    0,    0,    0,    0,    0,    0,    0,    0,    0,    0,    0,    0,    0,    0,    0,    0,    0,    0,    0,    0,    0,    0,    0,    0,    0,    0,    0,    0,    0,    0,    0,    0,    0,    0,    0,    0,    0,    0,    0,    0,    0,    0,    0,    0,    0,    0,    0,    0,    0,   -2,    5,   -2,  -11,  -17,   -1,  -18,   -3,    0,    0,    0,    0,    0,    0,    0,  -11,  -11,
       0,    0,    0,    0,    0,    0,    0,    0,  -11,   -9,   -4,   -5,  -11,   -4,  -14,    0,   -4,    0,    0,    0,    0,   -9,    0,  -12,    0,   -5,    0,    0,    4,    0,    0,    4,    0,    0,    0,  -14,    0,  -16,  -16,  -11,    0,    0,   10,    0,  -13,  -16,  -14,  -12,  -14,  -14,  -12,  -10,  -10,  -10,    0,    0,    0,    0,    0,    0,    0,    0,    0,    0,  -12,   12,    7,    0,    0,  -14,  -14,  -14,  -14,  -16,  -16,  -16,   13,    0,    0,    6,  -14,  -16,  -16,  -16,  -16,  -14,  -14,  -14,  -16,  -16,  -16,  -16,    0,    0,   18,    0,   12,    2,    5,    6,    9,    0,   10,   -5,    0,  -13,   -3,  -16,  -10,  -14,  -14,  -12,    0,  -10,  -14,   15,  -16,  -14,  -14,    0,    0,    0,    7,   16,   -3,  -11,   38,   10,    0,  -13,    8,  -10,    7,    0,    0,    0,  -12,   -5,    7,    0,    0,    5,   -5,    0,    0,   -4,  -12,    0,    0,    0,   -4,    0,  -14,  -13,  -13,    0,  -16,  -11,  -14,  -13,  -12,  -13,  -10,  -10,  -14,  -13,  -14,  -13,  -16,    0,  -14,    0,    6,   10,    0,  -13,  -10,    0,    0,    0,    0,    0,    0,    0,    0,    0,    0,    0,    0,    0,    0,    0,    0,    0,  -13,    0,  -13,    4,  -13,    2,  -13,  -10,  -10,  -16,    0,  -14,  -14,  -11,  -16,   -5,  -14,  -14,  -14,    0,    5,  -13,  -12,  -16,  -16,  -14,  -10,  -10,  -14,    0,  -10,  -14,   18,  -14,  -16,   10,    0,    9,    0,    0,    0,    0,    0,    0,    0,    0,  -11,  -11,
       0,  -23,    0,    0,    0,    0,    0,    0,   -5,  -20,    0,    0,    0,    0,    0,    0,   -4,    0,    0,    0,    0,    0,    0,   -6,    0,    0,  -30,   -5,  -30,  -22,    0,  -34,    0,    0,    0,    0,    0,    0,    0,   -5,    0,    0,    0,    0,    0,    0,    0,   -7,    0,  -18,  -13,    0,  -17,    0,    0,    0,    0,    0,    0,    0,    0,    0,    0,    0,    0,    0,    0,    0,    0,    0,    0,    0,    0,    0,    0,    0,    0,    0,    0,    0,    0,    0,    0,    0,    0,    0,    0,    0,    0,    0,    0,    0,    0,    0,    0,    0,    0,    0,    0,    0,    0,    0,    0,    0,    0,    0,    0,    0,    0,    0,    0,   -7,  -27,    0,    0,    0,    0,    0,    0,    3,    0,    0,   -6,    0,    0,    0,    0,    0,    0,    0,    0,    0,   -6,    0,    0,  -30,   -6,    0,    0,    0,    0,  -11,    0,    0,    0,    0,  -12,    0,  -23,  -26,    0,    0,    0,   -6,    0,    0,    0,    0,    0,    0,    0,  -21,  -17,    0,  -15,  -18,    0,    0,    0,    0,    0,    0,    0,    0,    0,    0,  -17,    0,    0,    0,    0,    0,    0,    0,    0,    0,    0,    0,    0,    0,    0,    0,    0,    0,    0,    0,  -21,  -34,  -17,  -27,  -17,    0,  -18,  -15,    0,    0,    0,    0,    0,    0,    0,    0,    0,    0,   -6,    0,   -6,    0,    0,    0,  -17,  -17,  -15,    0,    0,    0,    0,    0,    0,    0,    0,    0,    0,    0,  -23,    0,  -26,  -26,    0,    0,   -5,   -5,
       0,   -5,    0,   -8,  -10,    0,    0,    0,    0,    0,    0,    0,    0,    0,    0,    0,    0,    0,    0,  -11,    0,    0,   -5,   -5,    0,   -4,  -58,   -9,  -31,  -21,   -4,  -49,   -5,  -19,  -14,    0,    0,    0,    0,   -4,    0,    0,    0,    0,    0,    0,    0,   -3,    0,   -5,   -1,    0,   -6,    0,    0,  -12,    0,    0,   -3,    0,    0,    0,   -5,    0,    0,   -5,   -5,   -5,    0,    0,    0,    0,    0,    0,    0,    0,    0,    0,    0,    0,    0,    0,    0,    0,    0,    0,    0,    0,    0,    0,    0,    0,    0,    0,    0,    0,   -5,    0,   -5,    0,    0,    0,    0,   -5,    0,    0,    0,    0,    0,    0,    0,   -3,  -58,    0,    0,    0,    0,    0,    0,    0,    0,    0,   -2,    0,    0,    0,    0,   -5,    0,    0,    0,    0,   -2,    0,    0,    0,    0,    0,    0,    0,    0,    0,    0,    0,    0,    0,    0,    0,    0,    0,    0,    0,    0,    0,    0,    0,    0,    0,    0,    0,    0,    0,    0,    0,    0,    0,    0,    0,    0,    0,    0,    0,    0,    0,    0,    0,    0,    0,    0,    0,    0,    0,    0,    0,    0,    0,    0,    0,    0,    0,    0,    0,    0,    0,    0,    0,    0,    0,    0,    0,    0,    0,    0,    0,    0,    0,    0,    0,    0,    0,    0,    0,    0,    0,    0,    0,    0,    0,    0,    0,    0,    0,    0,    0,    0,    0,    0,    0,    0,    0,    0,    0,    0,   -8,   -7,    0,  -11,  -11,  -11,    0,   -4,   -4,
       0,  -10,    0,  -14,  -13,    0,    0,   -4,    0,    0,    0,    0,    0,    0,    0,    0,    0,    0,    0,  -14,    0,   -7,   -7,   -2,  -15,   -7,  -56,   -9,  -34,  -25,  -18,  -47,  -12,  -20,  -16,    0,    0,    0,    0,   -4,    0,    0,    0,    0,    0,    0,    0,   -3,    0,   -5,   -3,   -9,   -6,   -4,    0,  -14,    0,    0,   -6,    0,    0,    0,   -9,    0,    0,   -7,   -7,   -7,    0,    0,    0,    0,    0,    0,    0,    0,    0,    0,    0,    0,    0,    0,    0,    0,    0,    0,    0,    0,    0,    0,    0,    0,    0,    0,    0,    0,   -7,    0,   -7,    0,    0,    0,    0,   -7,    0,    0,    0,    0,    0,    0,    0,   -3,  -56,   -4,    0,    0,    0,    0,    0,    0,    0,    0,   -1,    0,    0,    0,    0,   -7,    0,    0,    0,    0,   -1,    0,    0,    0,    0,    0,    0,    0,    0,    0,    0,    0,    0,    0,    0,    0,    0,    0,    0,    0,    0,    0,    0,    0,    0,    0,    0,    0,    0,    0,    0,    0,    0,    0,    0,    0,    0,    0,    0,    0,    0,    0,    0,    0,    0,    0,    0,    0,    0,    0,    0,    0,    0,    0,    0,    0,    0,    0,    0,    0,    0,    0,    0,    0,    0,    0,    0,    0,    0,    0,    0,    0,    0,    0,    0,    0,    0,    0,    0,    0,    0,    0,    0,    0,    0,    0,    0,    0,    0,    0,    0,    0,    0,    0,    0,    0,    0,    0,    0,    0,    0,  -11,  -11,    0,  -16,  -16,  -14,    0,   -4,   -4,
       0,    0,    0,   -8,   -3,    0,    0,    0,    0,    0,    0,    0,    0,    0,    0,    0,    0,    0,    0,   -4,    0,    0,   -3,   -5,    0,   -2,  -50,   -8,  -27,  -19,    0,  -41,    0,  -14,  -14,    0,    0,   -4,   -3,    0,    0,    0,    0,    0,    0,   -3,    0,    0,    0,    0,    0,    0,    0,    0,    0,  -12,    0,    0,    0,   -9,   -4,    0,    0,    0,    0,   -3,   -3,   -3,    0,    0,    0,    0,    0,   -4,   -4,   -4,    0,    0,    0,    0,   -5,   -4,   -4,   -4,   -4,    0,    0,    0,   -4,   -4,   -4,   -4,    0,    0,    0,    0,   -3,    0,   -3,    0,    0,    0,    0,   -3,    0,    0,    0,   -4,    0,    0,    0,    0,  -50,    0,    0,    0,   -4,    0,    0,    0,    0,    0,    0,    0,    0,   -4,    0,   -3,    0,   -4,    0,    0,    0,    0,    0,    0,    0,    0,    0,    0,    0,    0,    0,    0,    0,    0,    0,    0,    0,    0,    0,    0,    0,    0,    0,    0,    0,    0,    0,    0,    0,    0,    0,    0,    0,    0,    0,    0,    0,    0,    0,    0,    0,    0,    0,    0,    0,    0,    0,    0,    0,    0,    0,    0,    0,    0,    0,    0,    0,    0,    0,    0,    0,    0,    0,    0,    0,    0,    0,    0,    0,    0,    0,    0,    0,    0,    0,    0,    0,    0,    0,    0,    0,    0,    0,    0,    0,    0,    0,    0,    0,    0,    0,    0,    0,    0,    0,    0,   -4,   -4,    0,   -4,   -4,    0,   -3,    0,   -7,   -7,   -4,    0,    0,    0,
       0,    0,    0,    0,    0,    0,    0,    0,    0,    0,    0,    0,    0,    0,    0,    0,    0,    0,    0,    0,    0,   -1,   -4,   -4,   -1,   -2,   -4,   -5,   -1,   -2,   -2,   -1,   -4,    0,    0,    0,    0,    0,    0,    0,    0,    0,    0,    0,    0,    0,    0,    0,    0,    0,    0,    0,    0,    0,    0,    0,    0,    0,    0,    0,    0,    0,    0,    0,    0,   -4,   -4,   -4,    0,    0,    0,    0,    0,    0,    0,    0,    0,    0,    4,    0,    0,    0,    0,    0,    0,    0,    0,    0,    0,    0,    0,    0,    0,    0,    0,    0,   -4,    0,   -4,    0,    0,    0,    5,   -4,    0,    0,    0,    0,    0,    0,    0,    0,   -4,    0,    0,    4,    0,    0,    0,    0,    0,    0,    0,    5,    0,    0,   22,   -4,    0,    0,    4,    0,    0,    0,    0,    0,    0,    0,    0,    0,    0,    0,    0,    0,    0,    0,    0,    0,    0,    0,    0,    0,    0,    0,    0,    0,    0,    0,    0,    0,    0,    0,    0,    0,    0,    0,    0,    0,    0,    0,    0,    0,    0,    0,    0,    0,    0,    0,    0,    0,    0,    0,    0,    0,    0,    0,    0,    0,    0,    0,    0,    0,    0,    0,    0,    0,    0,    0,    0,    0,    0,    0,    0,    0,    0,    0,    0,    0,    0,    0,    0,    0,    0,    0,    0,    0,    0,    0,    0,    0,    0,    0,    0,    0,    0,    0,    4,    0,    0,    0,    0,    0,    0,    0,    0,    0,    0,    0,    0,    0,    0,    0,
       0,   -8,    0,  -11,  -11,    0,    0,    0,    0,    0,    0,    0,    0,    0,    0,    0,    0,    0,    0,  -12,    0,   -3,   -7,   -2,   -5,   -7,  -54,   -9,  -35,  -28,   -8,  -53,   -5,  -19,  -15,    0,    0,    0,    0,   -2,    0,    0,    0,    0,    0,    0,    0,   -2,    0,   -5,   -2,   -3,   -6,    0,    0,  -13,    0,    0,    0,    0,    0,    0,   -7,    0,    0,   -7,   -7,   -7,    0,    0,    0,    0,    0,    0,    0,    0,    0,    0,    0,    0,    0,    0,    0,    0,    0,    0,    0,    0,    0,    0,    0,    0,    0,    0,    0,    0,   -7,    0,   -7,    0,    0,    0,    0,   -7,    0,    0,    0,    0,    0,    0,    0,   -2,  -54,    0,    0,    0,    0,    0,    0,    0,    0,    0,   -2,    0,    0,    0,    0,   -7,    0,    0,    0,    0,   -2,    0,    0,    0,    0,    0,    0,    0,    0,    0,    0,    0,    0,    0,    0,    0,    0,    0,    0,    0,    0,    0,    0,    0,    0,    0,    0,    0,    0,    0,    0,    0,    0,    0,    0,    0,    0,    0,    0,    0,    0,    0,    0,    0,    0,    0,    0,    0,    0,    0,    0,    0,    0,    0,    0,    0,    0,    0,    0,    0,    0,    0,    0,    0,    0,    0,    0,    0,    0,    0,    0,    0,    0,    0,    0,    0,    0,    0,    0,    0,    0,    0,    0,    0,    0,    0,    0,    0,    0,    0,    0,    0,    0,    0,    0,    0,    0,    0,    0,    0,    0,  -10,   -8,    0,  -13,  -13,  -11,    0,   -2,   -2,
       0,    0,    0,    2,    0,  -11,  -11,  -15,    0,    0,    0,    0,    0,    0,    0,    0,    0,    0,    0,    0,    0,  -21,   -1,    0,  -31,   -1,    0,    0,    8,    4,    4,    8,    0,    0,    3,   -1,    0,   -8,   -8,    0,   -2,    0,    0,    0,    0,   -8,    0,    0,    0,    0,    0,    0,    0,    0,    0,    2,   -9,    0,    0,   -5,   -7,    0,    0,    0,    0,   -1,   -1,   -1,    0,   -1,   -1,   -1,   -1,   -8,   -8,   -8,   13,    0,    4,   12,  -14,   -8,   -8,   -8,   -8,    0,   -1,   -1,   -8,   -8,   -8,   -8,   -2,   -2,    0,    0,   -1,   10,   -1,    9,   11,    0,    5,   -1,    0,    0,    7,   -8,    0,    0,    0,    0,    0,    0,   -1,   18,   -8,    0,    0,   -2,   -2,    0,    0,   18,    2,   -8,   44,   -1,    8,   -8,   17,    0,    0,    0,    0,    0,    0,    0,    0,    0,    0,    0,    0,    0,    0,    0,    0,    0,    0,    0,    0,    0,    0,    0,    0,    0,    0,    0,    0,    0,    0,    0,    0,    0,    0,    0,    0,    0,    0,    0,    0,    0,    0,    0,    0,    0,    0,    0,    0,    0,    0,    0,    0,    0,    0,    0,    0,    0,    0,    0,    0,    0,    0,    0,    0,    0,    0,    0,    0,    0,    0,    0,    0,    0,    0,    0,    0,    0,    0,    0,    0,    0,    0,    0,    0,    0,    0,    0,    0,    0,    0,    0,    0,    0,    0,   -1,   12,   -1,   -8,   -5,    0,   -7,   -7,    0,    0,  -14,    0,    0,    0,    0,    0,    0,
       0,    0,    0,    0,    0,    0,    0,    0,    0,    0,    0,    0,    0,    0,    0,    0,    0,    0,    0,    0,    0,   -1,   -5,   -3,    0,   -2,  -46,   -6,  -18,  -12,   -1,  -32,   -1,   -6,    0,    0,    0,   -4,   -3,    0,   -1,    0,    0,    0,    0,   -3,    0,    0,    0,    0,    0,    0,    0,    0,    0,    0,    0,    0,    0,    0,    0,    0,    0,    0,    0,   -5,   -5,   -5,    0,    0,    0,    0,    0,   -4,   -4,   -4,    0,    0,    0,    0,   -5,   -4,   -4,   -4,   -4,    0,    0,    0,   -4,   -4,   -4,   -4,   -1,   -1,    0,    0,   -5,    0,   -5,    0,    0,    0,    0,   -5,    0,    0,    0,   -4,    0,    0,    0,    0,  -46,    0,    0,    0,   -4,    0,    0,   -1,   -1,    0,    0,    0,    0,   -4,    0,   -5,    0,   -4,    0,    0,    0,    0,    0,    0,    0,    0,    0,    0,    0,    0,    0,    0,    0,    0,    0,    0,    0,    0,    0,    0,    0,    0,    0,    0,    0,    0,    0,    0,    0,    0,    0,    0,    0,    0,    0,    0,    0,    0,    0,    0,    0,    0,    0,    0,    0,    0,    0,    0,    0,    0,    0,    0,    0,    0,    0,    0,    0,    0,    0,    0,    0,    0,    0,    0,    0,    0,    0,    0,    0,    0,    0,    0,    0,    0,    0,    0,    0,    0,    0,    0,    0,    0,    0,    0,    0,    0,    0,    0,    0,    0,    0,    0,    0,    0,    0,    0,   -4,   -4,    0,   -4,    0,    0,    0,    0,    0,    0,    0,    0,    0,    0,
       0,   -5,    0,   -8,  -10,    0,    0,    0,    0,    0,    0,    0,    0,    0,    0,    0,    0,    0,    0,  -11,    0,    0,   -4,   -5,    0,   -4,  -58,   -9,  -31,  -21,   -4,  -49,   -5,  -19,  -14,    0,    0,    0,    0,   -4,    0,    0,    0,    0,    0,    0,    0,   -3,    0,   -5,   -1,    0,   -6,    0,    0,  -12,    0,    0,    0,    0,    0,    0,   -4,    0,    0,   -4,   -4,   -4,    0,    0,    0,    0,    0,    0,    0,    0,    0,    0,    0,    0,    0,    0,    0,    0,    0,    0,    0,    0,    0,    0,    0,    0,    0,    0,    0,    0,   -4,    0,   -4,    0,    0,    0,    0,   -4,    0,    0,    0,    0,    0,    0,    0,   -3,  -58,    0,    0,    0,    0,    0,    0,    0,    0,    0,   -2,    0,    0,    0,    0,   -4,    0,    0,    0,    0,   -2,    0,    0,    0,    0,    0,    0,    0,    0,    0,    0,    0,    0,    0,    0,    0,    0,    0,    0,    0,    0,    0,    0,    0,    0,    0,    0,    0,    0,    0,    0,    0,    0,    0,    0,    0,    0,    0,    0,    0,    0,    0,    0,    0,    0,    0,    0,    0,    0,    0,    0,    0,    0,    0,    0,    0,    0,    0,    0,    0,    0,    0,    0,    0,    0,    0,    0,    0,    0,    0,    0,    0,    0,    0,    0,    0,    0,    0,    0,    0,    0,    0,    0,    0,    0,    0,    0,    0,    0,    0,    0,    0,    0,    0,    0,    0,    0,    0,    0,    0,    0,   -8,   -7,    0,  -11,  -11,  -11,    0,   -4,   -4,
       0,    0,    0,    0,    0,    0,    0,    0,    0,    0,    0,    0,    0,    0,    0,    0,    0,    0,    0,    0,    0,   -1,   -4,   -4,   -1,   -3,   -1,   -5,    0,   -2,    0,    0,   -3,    0,    0,    0,    0,    0,    0,    0,    0,    0,    0,    0,    0,    0,    0,    0,    0,    0,    0,    0,    0,    0,    0,    0,    0,    0,    0,    0,    0,    0,    0,    0,    0,   -4,   -4,   -4,    0,    0,    0,    0,    0,    0,    0,    0,    0,    0,    0,    3,    0,    0,    0,    0,    0,    0,    0,    0,    0,    0,    0,    0,    0,    0,    0,    0,   -4,    0,   -4,    0,    0,    0,    0,   -4,    0,    0,    0,    0,    0,    0,    0,    0,   -1,    0,    0,    0,    0,    0,    0,    0,    0,    0,    0,    0,    0,    0,   16,   -4,    0,    0,    0,    0,    0,    0,    0,    0,    0,    0,    0,    0,    0,    0,    0,    0,    0,    0,    0,    0,    0,    0,    0,    0,    0,    0,    0,    0,    0,    0,    0,    0,    0,    0,    0,    0,    0,    0,    0,    0,    0,    0,    0,    0,    0,    0,    0,    0,    0,    0,    0,    0,    0,    0,    0,    0,    0,    0,    0,    0,    0,    0,    0,    0,    0,    0,    0,    0,    0,    0,    0,    0,    0,    0,    0,    0,    0,    0,    0,    0,    0,    0,    0,    0,    0,    0,    0,    0,    0,    0,    0,    0,    0,    0,    0,    0,    0,    0,    0,    0,    0,    0,    0,    0,    0,    0,    0,    0,    0,    0,    0,    0,    0,    0,
       0,    0,    0,    0,    0,    0,    0,    0,    0,    0,    0,    0,    0,    0,    0,    0,    0,    0,    0,    0,    0,    0,    0,  -10,    0,    0,  -42,   -6,  -15,  -10,    0,  -25,    0,   -9,  -10,    0,    0,  -13,  -12,    0,    0,    0,    0,    0,    0,  -12,    0,    0,    0,    0,    0,    0,    0,    0,    0,   -5,    0,    0,    0,  -13,  -11,    0,    0,    0,    0,    0,    0,    0,    0,    0,    0,    0,    0,  -13,  -13,  -13,    0,    0,    0,    0,  -15,  -13,  -13,  -13,  -13,    0,    0,    0,  -13,  -13,  -13,  -13,    0,    0,    0,    0,    0,    0,    0,    0,    0,    0,    0,    0,    0,    0,    4,  -13,    0,    0,    0,    0,  -42,    0,    0,    0,  -13,    0,   -5,    7,    0,    0,    0,    0,    0,  -13,    0,    0,    0,  -13,    0,    0,    0,    0,    0,    0,    0,    0,    0,    0,    0,    0,    0,    0,    0,    0,    0,    0,    0,    0,    0,    0,    0,    0,    0,    0,    0,    0,    0,    0,    0,    0,    0,    0,    0,    0,    0,    0,    0,    0,    0,    0,    0,    0,    0,    0,    0,    0,    0,    0,    0,    0,    0,    0,    0,    0,    0,    0,    0,    0,    0,    0,    0,    0,    0,    0,    0,    0,    0,    0,    0,    0,    0,    0,    0,    0,    0,    0,    0,    0,    0,    0,    0,    0,    0,    0,    0,    0,    0,    0,    0,    0,    0,    0,    0,    0,    0,    0,  -13,  -13,    0,  -13,  -11,    0,    0,    0,    0,    0,    0,    0,    0,    0,
       0,    0,    0,    0,    0,    0,    0,    0,    0,    0,    0,    0,    0,    0,    0,    0,    0,    0,    0,    0,    0,   -1,   -4,   -4,   -1,   -2,   -4,   -5,   -1,   -2,   -2,   -1,   -4,    0,    0,    0,    0,    0,    0,    0,    0,    0,    0,    0,    0,    0,    0,    0,    0,    0,    0,    0,    0,    0,    0,    0,    0,    0,    0,    0,    0,    0,    0,    0,    0,   -4,   -4,   -4,    0,    0,    0,    0,    0,    0,    0,    0,    0,    0,    4,    0,    0,    0,    0,    0,    0,    0,    0,    0,    0,    0,    0,    0,    0,    0,    0,    0,   -4,    0,   -4,    0,    0,    0,    5,   -4,    0,    0,    0,    0,    0,    0,    0,    0,   -4,    0,    0,    4,    0,    0,    0,    0,    0,    0,    0,    5,    0,    0,   22,   -4,    0,    0,    4,    0,    0,    0,    0,    0,    0,    0,    0,    0,    0,    0,    0,    0,    0,    0,    0,    0,    0,    0,    0,    0,    0,    0,    0,    0,    0,    0,    0,    0,    0,    0,    0,    0,    0,    0,    0,    0,    0,    0,    0,    0,    0,    0,    0,    0,    0,    0,    0,    0,    0,    0,    0,    0,    0,    0,    0,    0,    0,    0,    0,    0,    0,    0,    0,    0,    0,    0,    0,    0,    0,    0,    0,    0,    0,    0,    0,    0,    0,    0,    0,    0,    0,    0,    0,    0,    0,    0,    0,    0,    0,    0,    0,    0,    0,    0,    4,    0,    0,    0,    0,    0,    0,    0,    0,    0,    0,    0,    0,  -15,    0,    0,
       0,  -10,    0,  -14,  -13,    0,    0,    0,    0,    0,    0,    0,    0,    0,    0,    0,    0,    0,    0,  -14,    0,   -7,   -7,   -3,  -15,   -7,  -58,   -9,  -35,  -26,  -18,  -51,  -11,  -21,  -16,    0,    0,    0,    0,   -5,   -1,    0,    0,    0,    0,    0,    0,   -4,    0,   -7,   -4,  -10,   -7,   -5,    0,  -14,    0,    0,   -4,    0,    0,    0,   -9,    0,    0,   -7,   -7,   -7,    0,    0,    0,    0,    0,    0,    0,    0,    0,    0,    0,    0,    0,    0,    0,    0,    0,    0,    0,    0,    0,    0,    0,    0,   -1,   -1,    0,    0,   -7,    0,   -7,    0,    0,    0,    0,   -7,    0,    0,    0,    0,    0,    0,    0,   -4,  -58,   -5,    0,    0,    0,    0,    0,   -1,   -1,    0,   -3,    0,    0,    0,    0,   -7,    0,    0,    0,    0,   -3,    0,    0,    0,    0,    0,    0,    0,    0,    0,    0,    0,    0,    0,    0,    0,    0,    0,    0,    0,    0,    0,    0,    0,    0,    0,    0,    0,    0,    0,    0,    0,    0,    0,    0,    0,    0,    0,    0,    0,    0,    0,    0,    0,    0,    0,    0,    0,    0,    0,    0,    0,    0,    0,    0,    0,    0,    0,    0,    0,    0,    0,    0,    0,    0,    0,    0,    0,    0,    0,    0,    0,    0,    0,    0,    0,    0,    0,    0,    0,    0,    0,    0,    0,    0,    0,    0,    0,    0,    0,    0,    0,    0,    0,    0,    0,    0,    0,    0,    0,    0,  -11,  -10,    0,  -15,  -15,  -14,    0,   -5,   -5,
       0,    0,    0,   -4,    0,    0,    0,    0,    0,    0,    0,    0,    0,    0,    0,    0,    0,    0,    0,   -4,    0,    0,   -4,   -4,   -1,   -2,  -51,   -7,  -25,  -19,   -5,  -39,   -5,  -13,  -13,    0,    0,    0,    0,    0,    0,    0,    0,    0,    0,    0,    0,    0,    0,    0,    0,    0,    0,    0,    0,  -11,    0,    0,    0,    0,    0,    0,    0,    0,    0,   -4,   -4,   -4,    0,    0,    0,    0,    0,    0,    0,    0,    0,    0,    0,    0,    0,    0,    0,    0,    0,    0,    0,    0,    0,    0,    0,    0,    0,    0,    0,    0,   -4,    0,   -4,    0,    0,    0,    0,   -4,    0,    0,    0,    0,    0,    0,    0,    0,  -51,    0,    0,    0,    0,    0,    0,    0,    0,    0,    0,    0,    0,    0,    0,   -4,    0,    0,    0,    0,    0,    0,    0,    0,    0,    0,    0,    0,    0,    0,    0,    0,    0,    0,    0,    0,    0,    0,    0,    0,    0,    0,    0,    0,    0,    0,    0,    0,    0,    0,    0,    0,    0,    0,    0,    0,    0,    0,    0,    0,    0,    0,    0,    0,    0,    0,    0,    0,    0,    0,    0,    0,    0,    0,    0,    0,    0,    0,    0,    0,    0,    0,    0,    0,    0,    0,    0,    0,    0,    0,    0,    0,    0,    0,    0,    0,    0,    0,    0,    0,    0,    0,    0,    0,    0,    0,    0,    0,    0,    0,    0,    0,    0,    0,    0,    0,    0,    0,    0,    0,    0,    0,    0,    0,    0,    0,   -4,    0,    0,    0,
       0,    0,    0,  -10,    0,  -19,  -18,  -19,    0,    0,    0,    0,    0,    0,    0,    0,    0,    0,    0,    0,    0,  -26,   -4,    0,  -36,   -2,  -41,   -1,   -9,   -5,  -24,  -23,  -14,    0,  -12,   -4,    0,  -10,   -9,    0,   -5,    0,    0,    0,    0,   -9,   -1,    0,    0,    0,    0,    0,    0,    0,    0,  -10,  -10,    0,    0,   -7,  -10,    0,    0,    0,    0,   -4,   -4,   -4,    0,   -4,   -4,   -4,   -4,  -10,  -10,  -10,    0,    0,    0,    0,  -16,  -10,  -10,  -10,  -10,    0,   -4,   -4,  -10,  -10,  -10,  -10,   -5,   -5,    0,    0,   -4,    0,   -4,    0,    0,    0,    0,   -4,    0,    0,    4,  -10,    0,   -1,   -1,    0,  -41,    0,   -4,    0,  -10,    0,    0,   -5,   -5,    0,    0,    0,   -4,  -10,    0,   -4,    0,  -10,    0,    0,    0,    0,    0,    0,    0,    0,    0,    0,    0,    0,    0,    0,    0,    0,    0,    0,    0,    0,    0,    0,    0,    0,    0,    0,    0,    0,    0,    0,    0,    0,    0,    0,    0,    0,    0,    0,    0,    0,    0,    0,    0,    0,    0,    0,    0,    0,    0,    0,    0,    0,    0,    0,    0,    0,    0,    0,    0,    0,    0,    0,    0,    0,    0,    0,    0,    0,    0,    0,    0,    0,    0,    0,    0,    0,    0,    0,    0,    0,    0,    0,    0,    0,    0,    0,    0,    0,    0,    0,    0,    0,    0,    0,    0,   -4,   -4,   -4,  -10,  -10,    0,  -10,  -10,    0,    0,  -22,    0,    0,    0,    0,    0,    0,
       0,    0,    0,  -10,   -4,    0,    0,    0,    0,    0,    0,    0,    0,    0,    0,    0,    0,    0,    0,   -5,    0,   -3,   -7,   -4,   -3,   -1,  -53,   -9,  -28,  -22,   -7,  -45,   -4,  -15,  -14,    0,    0,    0,    0,    0,   -1,    0,    0,    0,    0,    0,    0,    0,    0,   -4,    0,    0,   -4,    0,    0,  -12,    0,    0,    0,    0,    0,    0,    0,    0,    0,   -7,   -7,   -7,    0,    0,    0,    0,    0,    0,    0,    0,    0,    0,    0,    0,    0,    0,    0,    0,    0,    0,    0,    0,    0,    0,    0,    0,   -1,   -1,    0,    0,   -7,    0,   -7,    0,    0,    0,    0,   -7,    0,    0,    0,    0,    0,    0,    0,    0,  -53,    0,    0,    0,    0,    0,    0,   -1,   -1,    0,    0,    0,    0,    0,    0,   -7,    0,    0,    0,    0,    0,    0,    0,    0,    0,    0,    0,    0,    0,    0,    0,    0,    0,    0,    0,    0,    0,    0,    0,    0,    0,    0,    0,    0,    0,    0,    0,    0,    0,    0,    0,    0,    0,    0,    0,    0,    0,    0,    0,    0,    0,    0,    0,    0,    0,    0,    0,    0,    0,    0,    0,    0,    0,    0,    0,    0,    0,    0,    0,    0,    0,    0,    0,    0,    0,    0,    0,    0,    0,    0,    0,    0,    0,    0,    0,    0,    0,    0,    0,    0,    0,    0,    0,    0,    0,    0,    0,    0,    0,    0,    0,    0,    0,    0,    0,    0,    0,    0,    0,    0,    0,   -3,   -3,    0,   -8,   -8,   -6,    0,    0,    0,
       0,    0,    0,    0,    0,    0,    0,    0,    0,    0,    0,    0,    0,    0,    0,    0,    0,    0,    0,    0,    0,    0,    0,    0,    0,    0,  -42,   -3,  -13,   -7,    0,  -26,    0,   -4,    0,    0,    0,   -1,    0,    0,    0,    0,    0,    0,    0,    0,    0,    0,    0,    0,    0,    0,    0,    0,    0,    0,    0,    0,    0,    0,    0,    0,    0,    0,    0,    0,    0,    0,    0,    0,    0,    0,    0,   -1,   -1,   -1,    0,    0,    0,    0,   -2,   -1,   -1,   -1,   -1,    0,    0,    0,   -1,   -1,   -1,   -1,    0,    0,    0,    0,    0,    0,    0,    0,    0,    0,    0,    0,    0,    0,    0,   -1,    0,    0,    0,    0,  -42,    0,    0,    0,   -1,    0,    0,    4,    0,    0,    0,    0,    0,   -1,    0,    0,    0,   -1,    0,    0,    0,    0,    0,    0,    0,    0,    0,    0,    0,    0,    0,    0,    0,    0,    0,    0,    0,    0,    0,    0,    0,    0,    0,    0,    0,    0,    0,    0,    0,    0,    0,    0,    0,    0,    0,    0,    0,    0,    0,    0,    0,    0,    0,    0,    0,    0,    0,    0,    0,    0,    0,    0,    0,    0,    0,    0,    0,    0,    0,    0,    0,    0,    0,    0,    0,    0,    0,    0,    0,    0,    0,    0,    0,    0,    0,    0,    0,    0,    0,    0,    0,    0,    0,    0,    0,    0,    0,    0,    0,    0,    0,    0,    0,    0,    0,    0,   -1,   -1,    0,   -1,    0,    0,    0,    0,    0,    0,    0,    0,    0,    0,
       0,    0,    0,  -11,    0,  -17,  -16,  -18,    0,    0,    0,    0,    0,    0,    0,    0,    0,    0,    0,    0,    0,  -19,   -6,   -1,  -34,   -2,  -41,   -3,  -11,   -7,  -21,  -26,  -14,    0,  -14,   -5,    0,   -7,   -7,    0,   -6,    0,    0,    0,    0,   -7,   -5,    0,    0,    0,    0,    0,    0,    0,    0,  -12,  -11,    0,    0,   -4,    0,    0,    0,    0,    0,   -6,   -6,   -6,    0,   -5,   -5,   -5,   -5,   -7,   -7,   -7,    0,    0,    0,    0,  -10,   -7,   -7,   -7,   -7,    0,   -5,   -5,   -7,   -7,   -7,   -7,   -6,   -6,    0,    0,   -6,    0,   -6,    0,    0,    0,    0,   -6,    0,    0,    0,   -7,    0,   -5,   -5,    0,  -41,    0,   -5,    0,   -7,    0,   -4,   -6,   -6,    0,    0,    0,   -5,   -7,    0,   -6,    0,   -7,    0,    0,    0,    0,    0,    0,    0,    0,    0,    0,    0,    0,    0,    0,    0,    0,    0,    0,    0,    0,    0,    0,    0,    0,    0,    0,    0,    0,    0,    0,    0,    0,    0,    0,    0,    0,    0,    0,    0,    0,    0,    0,    0,    0,    0,    0,    0,    0,    0,    0,    0,    0,    0,    0,    0,    0,    0,    0,    0,    0,    0,    0,    0,    0,    0,    0,    0,    0,    0,    0,    0,    0,    0,    0,    0,    0,    0,    0,    0,    0,    0,    0,    0,    0,    0,    0,    0,    0,    0,    0,    0,    0,    0,    0,    0,   -5,   -5,   -5,   -7,   -7,    0,   -7,    0,    0,    0,  -18,    0,    0,    0,    0,    0,    0,
       0,    0,    0,   -9,    0,  -11,  -10,  -13,    0,    0,    0,    0,    0,    0,    0,    0,    0,    0,    0,    0,    0,  -14,   -4,    0,  -29,   -2,  -41,   -1,  -11,   -7,  -19,  -25,  -11,    0,  -12,   -3,    0,   -3,   -4,    0,   -3,    0,    0,    0,    0,   -4,   -2,    0,    0,    0,    0,    0,    0,    0,    0,  -10,  -10,    0,    0,    0,    0,    0,    0,    0,    0,   -4,   -4,   -4,    0,   -3,   -3,   -3,   -3,   -3,   -3,   -3,    0,    0,    0,    0,   -6,   -3,   -3,   -3,   -3,    0,   -3,   -3,   -3,   -3,   -3,   -3,   -3,   -3,    0,    0,   -4,    0,   -4,    0,    0,    0,    0,   -4,    0,    0,    0,   -3,    0,   -2,   -2,    0,  -41,    0,   -3,    0,   -3,    0,   -1,   -3,   -3,    0,    0,    0,   -3,   -3,    0,   -4,    0,   -3,    0,    0,    0,    0,    0,    0,    0,    0,    0,    0,    0,    0,    0,    0,    0,    0,    0,    0,    0,    0,    0,    0,    0,    0,    0,    0,    0,    0,    0,    0,    0,    0,    0,    0,    0,    0,    0,    0,    0,    0,    0,    0,    0,    0,    0,    0,    0,    0,    0,    0,    0,    0,    0,    0,    0,    0,    0,    0,    0,    0,    0,    0,    0,    0,    0,    0,    0,    0,    0,    0,    0,    0,    0,    0,    0,    0,    0,    0,    0,    0,    0,    0,    0,    0,    0,    0,    0,    0,    0,    0,    0,    0,    0,    0,    0,   -3,   -3,   -3,   -3,   -3,    0,   -3,    0,    0,    0,  -11,    0,    0,    0,    0,    0,    0,
       0,    0,    0,    0,    0,    0,    0,    0,    0,    0,    0,    0,    0,    0,    0,    0,    0,    0,    0,    0,    0,    0,   -2,   -7,    0,   -1,  -42,   -5,  -14,   -9,    0,  -25,    0,   -4,  -10,    0,    0,  -10,   -9,    0,    0,    0,    0,    0,    0,   -9,    0,    0,    0,    0,    0,    0,    0,    0,    0,   -5,    0,    0,    0,  -12,   -7,    0,    0,    0,    0,   -2,   -2,   -2,    0,    0,    0,    0,    0,  -10,  -10,  -10,    0,    0,    0,    0,  -12,  -10,  -10,  -10,  -10,    0,    0,    0,  -10,  -10,  -10,  -10,    0,    0,    0,    0,   -2,    0,   -2,    0,    0,    0,    0,   -2,    0,    0,    0,  -10,    0,    0,    0,    0,  -42,    0,    0,    0,  -10,    0,   -4,    7,    0,    0,    0,    0,    0,  -10,    0,   -2,    0,  -10,    0,    0,    0,    0,    0,    0,    0,    0,    0,    0,    0,    0,    0,    0,    0,    0,    0,    0,    0,    0,    0,    0,    0,    0,    0,    0,    0,    0,    0,    0,    0,    0,    0,    0,    0,    0,    0,    0,    0,    0,    0,    0,    0,    0,    0,    0,    0,    0,    0,    0,    0,    0,    0,    0,    0,    0,    0,    0,    0,    0,    0,    0,    0,    0,    0,    0,    0,    0,    0,    0,    0,    0,    0,    0,    0,    0,    0,    0,    0,    0,    0,    0,    0,    0,    0,    0,    0,    0,    0,    0,    0,    0,    0,    0,    0,    0,    0,    0,  -10,  -10,    0,  -10,   -7,    0,    0,    0,    0,    0,    0,    0,    0,    0,
       0,    0,    0,  -10,    0,  -18,  -16,  -18,    0,    0,    0,    0,    0,    0,    0,    0,    0,    0,    0,    0,    0,  -19,   -5,   -1,  -35,   -2,  -39,   -2,  -10,   -6,  -21,  -25,  -13,    0,  -13,   -5,    0,   -7,   -7,    0,   -5,    0,    0,    0,    0,   -7,   -4,    0,    0,    0,    0,    0,    0,    0,    0,  -11,  -11,    0,    0,   -4,    0,    0,    0,    0,    0,   -5,   -5,   -5,    0,   -5,   -5,   -5,   -5,   -7,   -7,   -7,    0,    0,    0,    0,  -10,   -7,   -7,   -7,   -7,    0,   -5,   -5,   -7,   -7,   -7,   -7,   -5,   -5,    0,    0,   -5,    0,   -5,    0,    0,    0,    0,   -5,    0,    0,    0,   -7,    0,   -4,   -4,    0,  -39,    0,   -5,    0,   -7,    0,   -3,   -5,   -5,    0,    0,    0,   -5,   -7,    0,   -5,    0,   -7,    0,    0,    0,    0,    0,    0,    0,    0,    0,    0,    0,    0,    0,    0,    0,    0,    0,    0,    0,    0,    0,    0,    0,    0,    0,    0,    0,    0,    0,    0,    0,    0,    0,    0,    0,    0,    0,    0,    0,    0,    0,    0,    0,    0,    0,    0,    0,    0,    0,    0,    0,    0,    0,    0,    0,    0,    0,    0,    0,    0,    0,    0,    0,    0,    0,    0,    0,    0,    0,    0,    0,    0,    0,    0,    0,    0,    0,    0,    0,    0,    0,    0,    0,    0,    0,    0,    0,    0,    0,    0,    0,    0,    0,    0,    0,   -5,   -5,   -5,   -7,   -7,    0,   -7,    0,    0,    0,  -18,    0,    0,    0,    0,    0,    0,
       0,    0,    0,    0,    0,    0,    0,    0,    0,    0,    0,    0,    0,    0,    0,    0,    0,    0,    0,    0,    0,    0,   -5,   -4,    0,   -1,  -44,   -7,  -18,  -13,    0,  -31,    0,   -6,  -10,    0,    0,   -4,   -4,    0,    0,    0,    0,    0,    0,   -4,    0,    0,    0,    0,    0,    0,    0,    0,    0,   -9,    0,    0,    0,   -5,   -4,    0,    0,    0,    0,   -5,   -5,   -5,    0,    0,    0,    0,    0,   -4,   -4,   -4,    0,    0,    0,    0,   -7,   -4,   -4,   -4,   -4,    0,    0,    0,   -4,   -4,   -4,   -4,    0,    0,    0,    0,   -5,    0,   -5,    0,    0,    0,    0,   -5,    0,    0,    0,   -4,    0,    0,    0,    0,  -44,    0,    0,    0,   -4,    0,    0,    0,    0,    0,    0,    0,    0,   -4,    0,   -5,    0,   -4,    0,    0,    0,    0,    0,    0,    0,    0,    0,    0,    0,    0,    0,    0,    0,    0,    0,    0,    0,    0,    0,    0,    0,    0,    0,    0,    0,    0,    0,    0,    0,    0,    0,    0,    0,    0,    0,    0,    0,    0,    0,    0,    0,    0,    0,    0,    0,    0,    0,    0,    0,    0,    0,    0,    0,    0,    0,    0,    0,    0,    0,    0,    0,    0,    0,    0,    0,    0,    0,    0,    0,    0,    0,    0,    0,    0,    0,    0,    0,    0,    0,    0,    0,    0,    0,    0,    0,    0,    0,    0,    0,    0,    0,    0,    0,    0,    0,    0,   -4,   -4,    0,   -4,   -4,    0,    0,    0,    0,    0,    0,    0,    0,    0,
       0,    0,    0,    0,    0,    0,    0,    0,   -9,   -5,    0,   -4,   -9,   -4,  -12,    0,    0,    0,    0,    0,    0,   -5,    0,  -10,   -4,   -4,    0,    0,    3,    0,    0,    3,    0,    0,    0,  -12,    0,  -14,  -14,  -10,    0,    0,    9,    0,  -10,  -14,  -13,  -10,  -12,  -12,  -10,   -5,   -9,  -10,    0,    0,    0,    0,    0,    0,    0,    0,    0,    0,  -11,   12,    7,    0,    0,  -12,  -12,  -12,  -12,  -14,  -14,  -14,   13,    0,    0,    6,  -13,  -14,  -14,  -14,  -14,  -12,  -12,  -12,  -14,  -14,  -14,  -14,    0,    0,   18,    0,   11,    2,    4,    6,    8,    0,    9,   -4,    0,  -10,   -2,  -14,  -10,  -13,  -13,  -10,    0,  -10,  -12,   14,  -14,  -12,  -12,    0,    0,    0,    6,   15,   -3,  -11,   37,    9,    0,  -13,    9,  -10,    6,    0,    0,    0,  -10,   -4,    7,   -4,    0,    4,   -5,    0,    0,   -4,  -11,    0,    0,    0,   -4,    0,  -12,  -11,  -10,    0,  -14,  -10,  -12,  -10,  -12,  -11,   -9,   -5,  -12,  -11,  -12,  -12,  -14,    0,  -13,    0,    6,    9,    0,  -10,   -9,    0,    0,    0,    0,    0,    0,    0,    0,    0,    0,    0,    0,    0,    0,    0,    0,    0,  -10,    0,  -11,    4,  -11,    2,  -11,   -5,   -4,  -14,    0,  -12,  -12,  -11,  -14,   -4,  -12,  -12,  -12,    0,    4,  -10,  -10,  -14,  -14,  -12,   -9,   -9,  -12,    0,   -5,  -12,   18,  -12,  -14,   11,    0,    9,    0,    0,    0,    0,    0,    0,    0,    0,  -10,  -10,
       0,    0,    0,    0,    0,    0,    0,    0,    0,    0,    0,    0,    0,    0,    0,    0,    0,    0,    0,    0,    0,    0,    0,    0,    0,    0,    0,    0,    0,    0,    0,    0,    0,    0,    0,    0,    0,    0,    0,    0,    0,    0,    0,    0,    0,    0,    0,    0,    0,    0,    0,    0,    0,    0,    0,    0,    0,    0,    0,    0,    0,    0,    0,    0,    0,    0,    0,    0,    0,    0,    0,    0,    0,    0,    0,    0,    0,    0,    2,    0,    0,    0,    0,    0,    0,    0,    0,    0,    0,    0,    0,    0,    0,    0,    5,    0,    0,    0,    0,    0,    0,    0,    3,    0,    0,    0,    0,    0,    0,    0,    0,    0,    0,    0,    0,    0,    0,    0,    0,    0,    0,    0,    0,    2,    0,    0,   20,    0,    0,    0,    0,    0,    0,    0,    0,    0,    0,    0,    0,    0,    0,    0,    0,    0,    0,    0,    0,    0,    0,    0,    0,    0,    0,    0,    0,    0,    0,    0,    0,    0,    0,    0,    0,    0,    0,    0,    0,    0,    0,    0,    0,    0,    0,    0,    0,    0,    0,    0,    0,    0,    0,    0,    0,    0,    0,    0,    0,    0,    0,    0,    0,    0,    0,    0,    0,    0,    0,    0,    0,    0,    0,    0,    0,    0,    0,    0,    0,    0,    0,    0,    0,    0,    0,    0,    0,    0,    0,    0,    0,    0,    0,    0,    0,    0,    0,    0,   12,    0,    0,    4,    0,    3,    0,    0,    0,    0,    0,    0,    0,    0,    0,    0,
       0,    0,    0,    0,    0,    0,    0,    0,    0,    0,    0,    0,    0,    0,    0,    0,    0,    0,    0,    0,    0,  -16,    0,    0,  -14,    0,  -14,    0,  -17,   -6,    0,  -18,    0,    0,    0,    0,    0,    0,    0,    0,    0,    0,    0,    0,    0,    0,    0,    0,    0,  -11,  -10,    0,  -12,    0,    0,    0,    0,    0,    0,    0,    0,    0,    0,    0,  -18,    0,    0,    0,    0,    0,    0,    0,    0,    0,    0,    0,    0,    0,    0,    0,    0,    0,    0,    0,    0,    0,    0,    0,    0,    0,    0,    0,    0,    0,    0,    0,    0,    0,    0,    0,    0,    0,    0,   -4,  -18,    0,  -21,    0,    0,    0,    0,   -4,  -13,    0,    0,    0,    0,    0,    0,   -8,    0,    0,   -8,    0,    0,    0,    0,    0,    0,    0,    0,    0,   -8,    0,    0,    0,    0,    0,    0,    0,    0,    0,    0,    0,    0,    0,    0,    0,    0,    0,    0,    0,    0,    0,    0,    0,    0,    0,    0,    0,    0,    0,    0,    0,    0,    0,    0,    0,    0,    0,    0,    0,    0,    0,    0,    0,    0,    0,    0,    0,    0,    0,    0,    0,    0,    0,    0,    0,    0,    0,    0,    0,    0,    0,    0,    0,    0,    0,    0,    0,    0,    0,    0,    0,    0,    0,    0,    0,    0,    0,    0,    0,    0,    0,    0,    0,    0,    0,    0,    0,    0,    0,    0,    0,    0,    0,    0,    0,    0,    0,    0,    0,    0,    0,    0,    0,   -4,   -4,    0,    0,    0,    0,
       0,    0,    0,    0,    0,    0,    0,    0,    0,    0,    0,    0,    0,    0,    0,    0,    0,    0,    0,    0,    0,    0,    0,    0,    0,    0,  -31,    0,  -12,   -6,    0,  -21,    0,    0,    0,    0,    0,    0,    0,    0,    0,    0,    0,    0,    0,    0,    0,    0,    0,    0,    0,    0,    0,    0,    0,    0,    0,    0,    0,    0,    0,    0,    0,    0,    0,    0,    0,    0,    0,    0,    0,    0,    0,    0,    0,    0,    0,    0,    0,    0,    0,    0,    0,    0,    0,    0,    0,    0,    0,    0,    0,    0,    0,    0,    0,    0,    0,    0,    0,    0,    0,    0,    0,    0,    0,    0,    0,    0,    0,    0,    0,    0,  -23,    0,    0,    0,    0,    0,    0,    0,    0,    0,    0,    0,    0,    0,    0,    0,    0,    0,    0,    0,    0,    0,    0,    0,    0,    0,    0,    0,    0,    0,    0,    0,    0,    0,    0,    0,    0,    0,    0,    0,    0,    0,    0,    0,    0,    0,    0,    0,    0,    0,    0,    0,    0,    0,    0,    0,    0,    0,    0,    0,    0,    0,    0,    0,    0,    0,    0,    0,    0,    0,    0,    0,    0,    0,    0,    0,    0,    0,    0,    0,    0,    0,    0,    0,    0,    0,    0,    0,    0,    0,    0,    0,    0,    0,    0,    0,    0,    0,    0,    0,    0,    0,    0,    0,    0,    0,    0,    0,    0,    0,    0,    0,    0,    0,    0,    0,    0,    0,    0,    0,    0,    0,    0,    0,    0,    0,    0,    0,    0,    0,
       0,    0,    0,    0,    0,    0,    0,    0,    0,    0,    0,    0,    0,    0,    0,    0,    0,    0,    0,    0,    0,    0,    0,    0,   -5,    0,  -35,    0,  -15,   -7,    0,  -26,    0,    0,    0,    0,    0,    0,    0,    0,    0,    0,    0,    0,    0,    0,    0,    0,    0,    0,    0,    0,    0,    0,    0,    0,    0,    0,    0,    0,    0,    0,    0,    0,    0,    0,    0,    0,    0,    0,    0,    0,    0,    0,    0,    0,    0,    0,    0,    0,    0,    0,    0,    0,    0,    0,    0,    0,    0,    0,    0,    0,    0,    0,    0,    0,    0,    0,    0,    0,    0,    0,    0,    0,    0,    0,    0,    0,    0,    0,    0,    0,  -60,    0,    0,    0,    0,    0,    0,    0,    0,    0,    0,    0,    0,    0,    0,    0,    0,    0,    0,    0,    0,    0,    0,  -35,    0,    0,    0,   -5,   -4,  -16,    0,    0,    0,    0,    0,    0,    0,  -30,    0,    0,    0,    0,    0,    0,    0,    0,    0,    0,   -4,    0,    0,    0,    0,    0,    0,    0,    0,    0,    0,    0,    0,    0,    0,    0,    0,    0,    0,    0,    0,    0,    0,    0,    0,    0,    0,    0,    0,    0,    0,    0,    0,    0,    0,    0,    0,  -26,    0,  -47,    0,    0,    0,    0,    0,    0,    0,    0,    0,    0,    0,    0,    0,    0,    0,    0,    0,    0,    0,    0,    0,    0,    0,    0,    0,    0,    0,    0,    0,    0,    0,    0,    0,    0,    0,    0,   -4,   -4,    0,    0,    0,    0,
       0,    0,    0,    0,    0,    0,    0,    0,    0,    0,    0,    0,    0,    0,    0,  -14,    0,    0,    0,    0,    0,    0,    0,    0,  -25,    0,  -28,    0,  -14,   -8,  -11,  -30,   -3,    0,    0,    0,    0,    0,    0,    0,    0,    0,    0,    0,    0,    0,    0,    0,    0,    0,    0,   -7,    0,   -5,    0,    0,    0,    0,    0,    0,    0,    0,    0,    0,   -7,    0,    0,    0,    0,    0,    0,    0,    0,    0,    0,    0,    0,    0,    0,    0,    0,    0,    0,    0,    0,    0,    0,    0,    0,    0,    0,    0,    0,    0,    0,    0,    0,    0,    0,    0,    0,    0,    0,    0,    0,    0,    0,    0,    0,    0,    0,    0,  -52,   -5,    0,    0,    0,    0,    0,    0,    0,    0,   -3,    0,    0,    0,    0,    0,    0,    0,    0,    0,   -3,  -10,    0,  -28,    0,    0,    0,  -25,  -16,  -20,    0,  -17,  -12,    0,    0,  -11,  -14,  -24,    0,    0,    0,    0,    0,  -16,    0,   -8,   -3,    0,  -19,  -10,    0,   -7,    0,   -6,    0,    0,    0,    0,    0,    0,    0,    0,    0,    0,    0,    0,    0,    0,    0,    0,    0,    0,    0,    0,    0,    0,    0,    0,    0,    0,    0,    0,    0,    0,  -10,  -30,    0,  -55,    0,   -7,    0,    0,    0,    0,    0,   -7,    0,    0,    0,    0,   -3,    0,   -3,    0,    0,    0,    0,    0,    0,    0,    0,  -15,  -10,    0,    0,    0,    0,    0,    0,    0,    0,    0,  -15,    0,  -21,  -21,    0,    0,    0,    0,
       0,    0,    0,    0,    0,    0,    0,    0,    0,    0,    0,    0,  -15,    0,   -6,    0,    0,    0,    0,    0,    0,    0,    0,    0,    0,    0,    0,    0,    0,    0,    0,    0,    0,    0,    0,    0,    0,    0,    0,    0,    0,    0,    0,    0,    0,    0,    0,    0,    0,    0,    0,    0,    0,    0,    0,    0,    0,    0,    0,    0,    0,    0,    0,    0,    0,    0,    0,    0,    0,    0,    0,    0,    0,    0,    0,    0,    0,    0,    0,    0,    0,    0,    0,    0,    0,    0,    0,    0,    0,    0,    0,    0,    0,    0,    0,    0,    0,    0,    0,    0,    0,    0,    0,    0,    0,    0,    0,    0,    0,    0,    0,    0,    0,    0,    0,    0,    0,    0,    0,    0,    0,    0,    0,    0,    0,    0,    0,    0,    0,    0,    0,    0,    0,    0,    0,    0,    0,    0,    0,    0,    0,    0,    0,    0,    0,    0,    0,    0,    0,    0,    0,    0,    0,    0,    0,    0,    0,    0,    0,    0,    0,    0,    0,    0,    0,    0,    0,    0,    0,    0,    0,    0,    0,    0,    0,    0,    0,    0,    0,    0,    0,    0,    0,    0,    0,    0,    0,    0,    0,    0,    0,    0,    0,    0,    0,    0,    0,    0,    0,    0,    0,    0,    0,    0,    0,    0,    0,    0,    0,    0,    0,    0,    0,    0,    0,    0,    0,    0,    0,    0,    0,    0,    0,    0,    0,    0,    0,    0,    0,    0,    0,    0,    0,    0,    0,    0,    0,    0,    0,    0,    0,    0,
       0,  -12,    0,    0,    0,    0,    0,    0,    0,    0,    0,    0,    0,    0,    0,    0,    0,    0,    0,    0,    0,    0,    0,    0,  -20,    0,  -38,    0,  -24,  -17,  -13,  -36,   -4,    0,    0,    0,    0,    0,    0,    0,    0,    0,    0,    0,    0,    0,    0,    0,    0,   -4,    0,  -12,   -9,   -9,    0,    0,    0,    0,    0,    0,    0,    0,    0,    0,   -5,    0,    0,    0,    0,    0,    0,    0,    0,    0,    0,    0,    0,    0,    0,    0,    0,    0,    0,    0,    0,    0,    0,    0,    0,    0,    0,    0,    0,    0,    0,    0,    0,    0,    0,    0,    0,    0,    0,    0,    0,    0,    0,    0,    0,    0,    0,    0,  -67,   -9,    0,    0,    0,    0,    0,    0,    0,    0,    0,    0,    0,    0,    0,    0,    0,    0,    0,    0,    0,  -13,    0,  -38,    0,    0,    0,  -20,  -13,  -28,    0,  -14,  -13,    0,    0,  -13,  -11,  -33,    0,  -10,    0,    0,    0,  -15,    0,  -12,   -8,    0,  -17,  -12,   -9,  -12,    0,  -11,    0,    0,    0,    0,    0,    0,    0,    0,    0,    0,   -9,    0,    0,    0,    0,    0,    0,    0,    0,    0,    0,    0,    0,    0,    0,    0,    0,    0,    0,    0,  -12,  -35,   -5,  -61,   -5,  -12,   -4,    0,    0,    0,    0,   -5,    0,    0,    0,    0,   -8,    0,    0,    0,    0,    0,    0,    0,   -9,   -9,    0,  -20,  -16,    0,    0,    0,    0,    0,    0,    0,    0,    0,  -14,    0,  -19,  -19,    0,    0,    0,    0,
       0,    0,    0,    0,    0,    0,    0,    0,    0,    0,    0,    0,    0,    0,    0,    0,    0,    0,    0,    0,    0,   -8,   -5,  -13,  -10,   -6,  -40,  -13,  -26,  -21,   -8,  -34,   -7,    0,    0,  -12,   -6,  -15,  -14,   -5,    0,   -6,    1,   -6,   -6,  -14,  -12,   -9,  -12,  -11,   -9,   -6,   -5,   -6,    0,    0,    0,    0,    0,    0,    0,    0,    0,    0,   -9,   -5,   -5,  -10,   -6,  -12,  -12,  -12,  -12,  -15,  -15,  -15,   -6,   -6,   -6,   -6,  -16,  -15,  -15,  -15,  -15,  -12,  -12,  -12,  -15,  -15,  -15,  -15,    0,    0,   -6,   -6,   -5,   -6,   -5,   -6,   -6,   -6,    1,  -13,   -6,   -6,   -6,  -15,   -6,  -12,  -12,   -9,  -35,   -6,  -12,   -6,  -15,  -12,  -12,    0,    0,   -7,    4,    1,  -12,  -15,   -6,   -5,   -6,  -15,   -6,  -12,    3,    0,    0,    0,    0,    0,    0,    0,    0,    0,    0,    0,    0,    0,    0,    0,    0,    0,    0,    0,    0,    0,    0,    0,    0,    0,    0,    0,    0,    0,    0,    0,    0,    0,    0,    0,    0,    0,    0,    0,    0,    0,    0,    0,    0,    0,    0,    0,    0,    0,    0,    0,    0,    0,    0,    0,    0,    0,    0,    0,    0,    0,    0,    0,    0,    0,    0,    0,    0,    0,    0,    0,    0,    0,    0,    0,    0,    0,    0,    0,    0,    0,    0,    0,    0,    0,    0,    0,    0,    0,    0,    0,    0,  -12,  -12,  -12,  -15,  -15,   -6,  -15,    0,    0,    0,    0,    0,    0,    0,    0,   -5,   -5,
       0,    0,    0,    4,    0,    0,    0,    0,    0,    0,    0,    0,    0,    0,    0,    0,    0,    0,    0,    0,    0,    0,    0,    0,    0,    0,    0,    0,    0,    0,    0,    0,    0,    0,   15,   -7,   -4,   -7,   -7,   -7,   -8,   -4,   -4,   -4,   -4,   -7,   -7,   -7,   -4,   -6,   -4,   -2,   -5,   -5,    0,   14,    0,    0,    0,    0,    0,    0,    0,    0,    0,    0,    0,    0,   -4,   -7,   -7,   -7,   -7,   -7,   -7,   -7,   -4,   -4,   -5,   -4,   -8,   -7,   -7,   -7,   -7,   -4,   -7,   -7,   -7,   -7,   -7,   -7,   -8,   -8,   -4,   -4,    0,   -4,    0,   -4,   -4,   -4,   -4,    0,   -4,   -4,   -4,   -7,   -4,   -7,   -7,   -7,    0,   -5,   -7,   -4,   -7,   -4,   -7,   -8,   -8,    0,   -4,   -4,   -7,   -7,   -4,    0,   -4,   -7,   -4,   -4,   -4,    0,    0,    0,    0,    0,    0,    0,    0,    0,    0,    0,    0,    0,    0,    0,    0,    0,    0,    0,    0,    0,    0,    0,    0,    0,    0,    0,    0,    0,    0,    0,    0,    0,    0,    0,    0,    0,    0,    0,    0,    0,    0,    0,    0,    0,    0,    0,    0,    0,    0,    0,    0,    0,    0,    0,    0,    0,    0,    0,    0,    0,    0,    0,    0,    0,    0,    0,    0,    0,    0,    0,    0,    0,    0,    0,    0,    0,    0,    0,    0,    0,    0,    0,    0,    0,    0,    0,    0,    0,    0,    0,    0,   -7,   -7,   -7,   -7,   -7,   -4,   -7,    0,    0,    0,    0,    3,    3,    0,    0,   -7,   -7,
       0,    0,    0,    0,    0,    0,    0,    0,    0,    0,    0,    0,    0,    0,    0,    0,    0,    0,    0,    0,    0,    0,    0,    0,    0,    0,    0,    0,    0,    0,    0,    0,    0,    0,    8,   -7,   -4,   -7,   -7,   -7,   -8,   -4,   -4,   -4,   -4,   -7,   -7,   -7,   -4,   -6,   -4,   -2,   -5,   -5,    0,    8,    0,    0,    0,    0,    0,    0,    0,    0,    0,    0,    0,    0,   -4,   -7,   -7,   -7,   -7,   -7,   -7,   -7,   -4,   -4,   -5,   -4,   -8,   -7,   -7,   -7,   -7,   -4,   -7,   -7,   -7,   -7,   -7,   -7,   -8,   -8,   -4,   -4,    0,   -4,    0,   -4,   -4,   -4,   -4,    0,   -4,   -4,   -4,   -7,   -4,   -7,   -7,   -7,    0,   -5,   -7,   -4,   -7,   -4,   -7,   -8,   -8,    0,   -4,   -4,   -7,   -7,   -4,    0,   -4,   -7,   -4,   -4,   -4,    0,    0,    0,    0,    0,    0,    0,    0,    0,    0,    0,    0,    0,    0,    0,    0,    0,    0,    0,    0,    0,    0,    0,    0,    0,    0,    0,    0,    0,    0,    0,    0,    0,    0,    0,    0,    0,    0,    0,    0,    0,    0,    0,    0,    0,    0,    0,    0,    0,    0,    0,    0,    0,    0,    0,    0,    0,    0,    0,    0,    0,    0,    0,    0,    0,    0,    0,    0,    0,    0,    0,    0,    0,    0,    0,    0,    0,    0,    0,    0,    0,    0,    0,    0,    0,    0,    0,    0,    0,    0,    0,    0,   -7,   -7,   -7,   -7,   -7,   -4,   -7,    0,    0,    0,    0,    0,    0,    0,    0,   -7,   -7,
       0,    0,    0,   -5,    0,  -14,  -17,   -8,    0,    0,    0,    0,    0,    0,    0,    0,    0,    0,    0,   -4,    0,  -10,    0,    0,  -20,   -1,  -16,    0,  -10,   -5,  -17,  -20,  -11,    0,  -10,   -1,   -1,    0,    0,    0,   -1,   -1,   -1,   -1,   -1,    0,    0,    0,   -1,    0,    0,   -2,    0,   -1,    0,   -4,    0,    0,    0,    0,    0,    0,    0,    0,    0,    0,    0,    0,   -1,   -1,   -1,   -1,   -1,    0,    0,    0,   -1,   -1,   -1,   -1,    0,    0,    0,    0,    0,   -1,   -1,   -1,    0,    0,    0,    0,   -1,   -1,   -1,   -1,    0,   -1,    0,   -1,   -1,   -1,   -1,    0,   -1,   -1,   -1,    0,   -1,    0,    0,    0,  -16,   -1,   -1,   -1,    0,   -1,    0,   -1,   -1,    0,    0,   -1,   -1,    0,   -1,    0,   -1,    0,   -1,   -1,    0,    0,    0,    0,    0,    0,    0,    0,    0,    0,    0,    0,    0,    0,    0,    0,    0,    0,    0,    0,    0,    0,    0,    0,    0,    0,    0,    0,    0,    0,    0,    0,    0,    0,    0,    0,    0,    0,    0,    0,    0,    0,    0,    0,    0,    0,    0,    0,    0,    0,    0,    0,    0,    0,    0,    0,    0,    0,    0,    0,    0,    0,    0,    0,    0,    0,    0,    0,    0,    0,    0,    0,    0,    0,    0,    0,    0,    0,    0,    0,    0,    0,    0,    0,    0,    0,    0,    0,    0,    0,    0,    0,    0,   -1,   -1,   -1,    0,    0,   -1,    0,    0,    0,    0,  -14,   -4,   -4,    0,    0,    0,    0,
       0,    0,    0,    0,    0,    0,    0,    0,    0,    0,    0,    0,    0,    0,    0,    0,    0,    0,    0,    0,    0,    0,    0,    0,    0,    0,    0,    0,    0,    0,    0,    0,    0,   -5,   -9,    0,    0,    0,    0,   -5,   -2,    0,    0,    0,    0,    0,   -1,   -5,    0,   -7,   -5,   -4,   -8,    0,    0,   -4,    0,    0,    0,    0,    0,    0,    0,    0,    0,    0,    0,    0,    0,    0,    0,    0,    0,    0,    0,    0,    0,    0,    0,    0,    0,    0,    0,    0,    0,    0,    0,    0,    0,    0,    0,    0,   -2,   -2,    0,    0,    0,    0,    0,    0,    0,    0,    0,    0,    0,    0,    0,    0,    0,   -1,   -1,   -5,    0,    0,    0,    0,    0,    0,    0,   -2,   -2,    0,    0,    0,    0,    0,    0,    0,    0,    0,    0,    0,    0,    0,    0,    0,    0,    0,    0,    0,    0,    0,    0,    0,    0,    0,    0,    0,    0,    0,    0,    0,    0,    0,    0,    0,    0,    0,    0,    0,    0,    0,    0,    0,    0,    0,    0,    0,    0,    0,    0,    0,    0,    0,    0,    0,    0,    0,    0,    0,    0,    0,    0,    0,    0,    0,    0,    0,    0,    0,    0,    0,    0,    0,    0,    0,    0,    0,    0,    0,    0,    0,    0,    0,    0,    0,    0,    0,    0,    0,    0,    0,    0,    0,    0,    0,    0,    0,    0,    0,    0,    0,    0,    0,    0,    0,    0,    0,    0,    0,    0,    0,    0,    0,    0,    0,    0,    0,    0,    0,   -5,   -5,
       5,   12,    0,   18,    2,    0,    0,    0,    0,    0,    0,    0,    0,    0,    0,    0,    0,    0,    0,    0,    0,   -1,   -4,   -4,   -1,   -3,   -1,   -5,    0,   -2,    0,    0,   -3,   17,   19,    0,    8,    0,    0,    0,    0,    0,    0,    8,    0,    0,    0,    0,    0,    0,    0,    0,    0,    0,    6,   18,    0,    0,    3,    0,    0,    0,    0,    0,    0,   -4,   -4,   -4,    8,    0,    0,    0,    0,    0,    0,    0,    0,    0,    0,    3,    0,    0,    0,    0,    0,    0,    0,    0,    0,    0,    0,    0,    0,    0,    8,    8,   -4,    0,   -4,    0,    0,    0,    0,   -4,    8,    0,    0,    0,   14,    0,    9,    0,   -1,    4,    0,    0,    0,    0,    0,    0,    0,    0,    0,    0,    0,    0,   16,   -4,    0,    0,    0,    0,    0,    0,    0,    0,    0,    0,    0,    0,    0,    0,    0,    0,    0,    0,    0,    0,    0,    0,    0,    0,    0,    0,    0,    0,    0,    0,    0,    0,    0,    0,    0,    0,    0,    0,    0,    0,    0,    0,    0,    0,    0,    0,    0,    0,    0,    0,    0,    0,    0,    0,    0,    0,    0,    0,    0,    0,    0,    0,    0,    0,    0,    0,    0,    0,    0,    0,    0,    0,    0,    0,    0,    0,    0,    0,    0,    0,    0,    0,    0,    0,    0,    0,    0,    0,    0,    0,    0,    0,    0,    0,    0,    0,    0,    0,    0,    0,    0,    0,    0,    0,    0,    6,   11,    0,   12,   12,   11,    0,    0,    0,
       4,   12,    0,    5,    5,    0,    0,    0,    0,    0,    0,    0,    0,    0,    0,    0,    0,    0,    0,    4,    0,   -1,   -4,   -4,   -1,   -3,   -1,   -5,    0,   -2,    0,    0,   -3,    2,    0,    0,    7,    0,    0,    0,    0,    0,    0,    7,    0,    0,    0,    0,    0,    0,    0,    0,    0,    0,    4,    0,    0,    0,    4,    0,    0,    0,   16,    0,    0,   -4,   -4,   -4,    7,    0,    0,    0,    0,    0,    0,    0,    0,    0,    0,    3,    0,    0,    0,    0,    0,    0,    0,    0,    0,    0,    0,    0,    0,    0,    7,    7,   -4,    0,   -4,    0,    0,    0,    0,   -4,    7,    0,    0,    0,    0,    0,    0,    0,   -1,    0,    0,    0,    0,    0,    0,    0,    0,    0,    0,    0,    0,    0,   16,   -4,    0,    0,    0,    0,    0,    0,    0,    0,    0,    0,    0,    0,    0,    0,    0,    0,    0,    0,    0,    0,    0,    0,    0,    0,    0,    0,    0,    0,    0,    0,    0,    0,    0,    0,    0,    0,    0,    0,    0,    0,    0,    0,    0,    0,    0,    0,    0,    0,    0,    0,    0,    0,    0,    0,    0,    0,    0,    0,    0,    0,    0,    0,    0,    0,    0,    0,    0,    0,    0,    0,    0,    0,    0,    0,    0,    0,    0,    0,    0,    0,    0,    0,    0,    0,    0,    0,    0,    0,    0,    0,    0,    0,    0,    0,    0,    0,    0,    0,    0,    0,    0,    0,    0,    0,    0,   15,    4,    0,   14,   14,    6,    0,    0,    0,
       0,    8,    0,    8,   11,    0,    0,    0,    0,    0,    0,    0,    0,    0,    0,    0,    0,    0,    0,   11,    0,   -1,   -4,   -4,   -1,   -3,   -1,   -5,    0,   -2,    0,    0,   -3,    4,    9,    0,    2,    0,    0,    0,    0,    5,    5,    2,    0,    0,    0,    0,    0,    0,    0,    0,    0,    0,    0,    9,    0,    0,    5,    0,    0,    0,    9,    0,    0,   -4,   -4,   -4,    2,    0,    0,    0,    0,    0,    0,    0,    5,    5,    5,    3,    0,    0,    0,    0,    0,    0,    0,    0,    0,    0,    0,    0,    0,    0,    2,    2,   -4,    5,   -4,    5,    5,    5,    5,   -4,    2,    0,    0,    0,    0,    0,    0,    0,   -1,    0,    0,    5,    0,    0,    0,    0,    0,    0,    0,    5,    0,    0,   16,   -4,    5,    0,    0,    0,    0,    0,    0,    0,    0,    0,    0,    0,    0,    0,    0,    0,    0,    0,    0,    0,    0,    0,    0,    0,    0,    0,    0,    0,    0,    0,    0,    0,    0,    0,    0,    0,    0,    0,    0,    0,    0,    0,    0,    0,    0,    0,    0,    0,    0,    0,    0,    0,    0,    0,    0,    0,    0,    0,    0,    0,    0,    0,    0,    0,    0,    0,    0,    0,    0,    0,    0,    0,    0,    0,    0,    0,    0,    0,    0,    0,    0,    0,    0,    0,    0,    0,    0,    0,    0,    0,    0,    0,    0,    0,    0,    0,    0,    0,    0,    0,    0,    0,    5,    0,    0,    9,    4,    0,   11,   11,    7,    0,    0,    0,
       0,    0,    0,  -10,    0,    0,    0,   -5,    0,    0,    0,    0,    0,    0,    0,    0,    0,    0,    0,   -4,    0,    0,    0,    0,    0,    0,    0,    0,    0,    0,    0,    0,    0,  -10,  -12,    0,    0,    0,    0,   -1,    0,    0,    0,    0,    0,    0,    0,    0,    0,   -2,    0,   -7,   -2,   -3,    0,  -10,    0,    0,    0,    0,    0,    0,    0,    0,    0,    0,    0,    0,    0,    0,    0,    0,    0,    0,    0,    0,    0,    0,    0,    0,    0,    0,    0,    0,    0,    0,    0,    0,    0,    0,    0,    0,    0,    0,    0,    0,    0,    0,    0,    0,    0,    0,    0,    0,    0,    0,    0,    0,    0,    0,    0,    0,    0,   -3,    0,    0,    0,    0,    0,    0,    0,    0,    0,    0,    0,    0,    0,    0,    0,    0,    0,    0,    0,    0,    0,    0,    0,    0,    0,    0,    0,    0,    0,    0,    0,    0,    0,    0,    0,    0,    0,    0,    0,    0,    0,    0,    0,    0,    0,    0,    0,    0,    0,    0,    0,    0,    0,    0,    0,    0,    0,    0,    0,    0,    0,    0,    0,    0,    0,    0,    0,    0,    0,    0,    0,    0,    0,    0,    0,    0,    0,    0,    0,    0,    0,    0,    0,    0,    0,    0,    0,    0,    0,    0,    0,    0,    0,    0,    0,    0,    0,    0,    0,    0,    0,    0,    0,    0,    0,    0,    0,    0,    0,    0,    0,    0,    0,    0,    0,    0,    0,    0,    0,    0,    0,    0,    0,    0,   -8,    0,   -1,   -1,
       0,  -17,    0,  -14,  -13,    0,    0,    0,    0,    0,    0,    0,    0,    0,    0,    0,    0,    0,    0,  -14,    0,   -7,   -7,   -3,  -15,   -7,  -58,   -9,  -35,  -26,  -18,  -51,  -11,  -21,  -16,    0,    0,    0,    0,   -5,   -1,    0,    0,    0,    0,    0,    0,   -4,    0,   -7,   -4,  -10,   -7,   -5,    0,  -14,    0,    0,   -4,    0,    0,    0,   -3,    0,    0,   -7,   -7,   -7,    0,    0,    0,    0,    0,    0,    0,    0,    0,    0,    0,    0,    0,    0,    0,    0,    0,    0,    0,    0,    0,    0,    0,    0,   -1,   -1,    0,    0,   -7,    0,   -7,    0,    0,    0,    0,   -7,    0,    0,    0,    0,    0,    0,    0,   -4,  -58,   -5,    0,    0,    0,    0,    0,   -1,   -1,    0,   -3,    0,    0,    0,    0,   -7,    0,    0,    0,    0,   -3,    0,    0,    0,    0,    0,    0,    0,    0,    0,    0,    0,    0,    0,    0,    0,    0,    0,    0,    0,    0,    0,    0,    0,    0,    0,    0,    0,    0,    0,    0,    0,    0,    0,    0,    0,    0,    0,    0,    0,    0,    0,    0,    0,    0,    0,    0,    0,    0,    0,    0,    0,    0,    0,    0,    0,    0,    0,    0,    0,    0,    0,    0,    0,    0,    0,    0,    0,    0,    0,    0,    0,    0,    0,    0,    0,    0,    0,    0,    0,    0,    0,    0,    0,    0,    0,    0,    0,    0,    0,    0,    0,    0,    0,    0,    0,    0,    0,    0,    0,    0,  -18,  -10,    0,   -9,   -9,  -14,    0,   -5,   -5,
       0,  -27,    0,    2,  -26,    0,    0,    0,    0,    0,    0,    0,    0,    0,    0,    0,    0,    0,    0,    0,    0,    0,    0,   -9,    0,    0,  -33,   -8,  -25,  -20,    0,  -33,    0,  -26,    3,    0,   -1,   -6,   -5,  -10,    0,   -1,   19,   -1,   -1,   -5,    0,  -14,   -6,  -19,  -14,    0,  -20,    0,    0,    2,  -16,   -4,  -23,    0,    0,    0,  -26,    0,    0,    0,    0,    0,   -1,    0,    0,    0,    0,   -6,   -6,   -6,   -1,   -1,   -1,   -1,   -6,   -6,   -6,   -6,   -6,   -6,    0,    0,   -6,   -6,   -6,   -6,    0,    0,   -1,   -1,    0,   -1,    0,   -1,   -1,   -1,   -1,   -1,   -1,   -1,   -1,   -6,   -1,    0,    0,  -14,  -63,    0,    0,   -1,   -6,   -6,   -4,    9,    0,   -1,  -21,   -1,    0,   -6,   -1,    0,   -1,   -6,   -1,   -6,  -21,    0,    0,    0,    0,    0,    0,    0,    0,    0,    0,    0,    0,    0,    0,    0,    0,    0,    0,    0,    0,    0,    0,    0,    0,    0,    0,    0,    0,    0,    0,    0,    0,    0,    0,    0,    0,    0,    0,    0,    0,    0,    0,    0,    0,    0,    0,    0,    0,    0,    0,    0,    0,    0,    0,    0,    0,    0,    0,    0,    0,    0,    0,    0,    0,    0,    0,    0,    0,    0,    0,    0,    0,    0,    0,    0,    0,    0,    0,    0,    0,    0,    0,    0,    0,    0,    0,    0,    0,    0,    0,    0,    0,    0,    0,    0,   -6,   -6,   -1,   -6,    0,  -28,  -26,    5,  -31,  -31,   -9,    0,  -10,  -10,
       0,   -5,    0,   -8,  -10,    0,    0,    0,    0,    0,    0,    0,    0,    0,    0,    0,    0,    0,    0,  -11,    0,    0,   -5,   -5,    0,   -4,  -58,   -9,  -31,  -21,   -4,  -49,   -5,  -19,   -7,    0,    0,    0,    0,   -4,    0,    0,   14,    0,    0,    0,    0,   -3,    0,   -5,   -1,    0,   -6,    0,    0,   -7,    0,    0,   -3,    0,    0,    0,   -5,    0,    0,   -5,   -5,   -5,    0,    0,    0,    0,    0,    0,    0,    0,    0,    0,    0,    0,    0,    0,    0,    0,    0,    0,    0,    0,    0,    0,    0,    0,    0,    0,    0,    0,   -5,    0,   -5,    0,    0,    0,    0,   -5,    0,    0,    0,    0,    0,    0,    0,   -3,  -58,    0,    0,    0,    0,    0,    0,    0,    0,    0,   -2,    0,    0,    0,    0,   -5,    0,    0,    0,    0,   -2,    0,    0,    0,    0,    0,    0,    0,    0,    0,    0,    0,    0,    0,    0,    0,    0,    0,    0,    0,    0,    0,    0,    0,    0,    0,    0,    0,    0,    0,    0,    0,    0,    0,    0,    0,    0,    0,    0,    0,    0,    0,    0,    0,    0,    0,    0,    0,    0,    0,    0,    0,    0,    0,    0,    0,    0,    0,    0,    0,    0,    0,    0,    0,    0,    0,    0,    0,    0,    0,    0,    0,    0,    0,    0,    0,    0,    0,    0,    0,    0,    0,    0,    0,    0,    0,    0,    0,    0,    0,    0,    0,    0,    0,    0,    0,    0,    0,    0,    0,    0,   -8,   -7,    0,  -11,  -11,  -11,    0,   -4,   -4,
       0,    0,    0,   -5,   -3,    0,    0,    0,    0,    0,    0,    0,    0,    0,    0,    0,    0,    0,    0,   -4,    0,    0,   -3,   -5,    0,   -2,  -50,   -8,  -27,  -19,    0,  -41,    0,   -7,   -7,    0,    0,   -4,   -3,    0,    0,    0,    0,    0,    0,   -3,    0,    0,    0,    0,    0,    0,    0,    0,    0,   -7,    0,    0,    0,   -9,   -4,    0,    0,    0,    0,   -3,   -3,   -3,    0,    0,    0,    0,    0,   -4,   -4,   -4,    0,    0,    0,    0,   -5,   -4,   -4,   -4,   -4,    0,    0,    0,   -4,   -4,   -4,   -4,    0,    0,    0,    0,   -3,    0,   -3,    0,    0,    0,    0,   -3,    0,    0,    0,   -4,    0,    0,    0,    0,  -50,    0,    0,    0,   -4,    0,    0,    0,    0,    0,    0,    0,    0,   -4,    0,   -3,    0,   -4,    0,    0,    0,    0,    0,    0,    0,    0,    0,    0,    0,    0,    0,    0,    0,    0,    0,    0,    0,    0,    0,    0,    0,    0,    0,    0,    0,    0,    0,    0,    0,    0,    0,    0,    0,    0,    0,    0,    0,    0,    0,    0,    0,    0,    0,    0,    0,    0,    0,    0,    0,    0,    0,    0,    0,    0,    0,    0,    0,    0,    0,    0,    0,    0,    0,    0,    0,    0,    0,    0,    0,    0,    0,    0,    0,    0,    0,    0,    0,    0,    0,    0,    0,    0,    0,    0,    0,    0,    0,    0,    0,    0,    0,    0,    0,    0,    0,    0,   -4,   -4,    0,   -4,   -4,    0,   -3,    0,   -7,   -7,   -4,    0,    0,    0,
       0,    0,    0,   -8,   -3,    0,    0,    0,    0,    0,    0,    0,    0,    0,    0,    0,    0,    0,    0,   -4,    0,    0,   -3,   -5,    0,   -2,  -50,   -8,  -27,  -19,    0,  -41,    0,   -9,   -9,    0,    0,   -4,   -3,    0,    0,    0,    0,    0,    0,   -3,    0,    0,    0,    0,    0,    0,    0,    0,    0,   -9,    0,    0,    0,   -9,   -4,    0,    0,    0,    0,   -3,   -3,   -3,    0,    0,    0,    0,    0,   -4,   -4,   -4,    0,    0,    0,    0,   -5,   -4,   -4,   -4,   -4,    0,    0,    0,   -4,   -4,   -4,   -4,    0,    0,    0,    0,   -3,    0,   -3,    0,    0,    0,    0,   -3,    0,    0,    0,   -4,    0,    0,    0,    0,  -50,    0,    0,    0,   -4,    0,    0,    0,    0,    0,    0,    0,    0,   -4,    0,   -3,    0,   -4,    0,    0,    0,    0,    0,    0,    0,    0,    0,    0,    0,    0,    0,    0,    0,    0,    0,    0,    0,    0,    0,    0,    0,    0,    0,    0,    0,    0,    0,    0,    0,    0,    0,    0,    0,    0,    0,    0,    0,    0,    0,    0,    0,    0,    0,    0,    0,    0,    0,    0,    0,    0,    0,    0,    0,    0,    0,    0,    0,    0,    0,    0,    0,    0,    0,    0,    0,    0,    0,    0,    0,    0,    0,    0,    0,    0,    0,    0,    0,    0,    0,    0,    0,    0,    0,    0,    0,    0,    0,    0,    0,    0,    0,    0,    0,    0,    0,    0,   -4,   -4,    0,   -4,   -4,    0,   -3,    0,   -7,   -7,   -4,    0,    0,    0,
      21,   29,    0,   35,   27,    0,    0,    0,    0,    0,    0,    0,    0,    0,    0,    0,    0,    0,    0,   26,    0,   -1,   -4,   -4,   -1,   -2,   -4,   -5,   -1,   -2,   -2,   -1,   -4,   37,   34,    0,   26,    0,    0,    3,    0,   25,   25,   26,    0,    0,    0,    0,    0,    8,    7,    7,    9,    0,   21,   34,    5,    0,   25,    0,    0,    0,   22,    0,    0,   -4,   -4,   -4,   26,    0,    0,    0,    0,    0,    0,    0,   25,   25,    4,   25,    0,    0,    0,    0,    0,    0,    0,    0,    0,    0,    0,    0,    0,    0,   26,   26,   -4,   25,   -4,   25,   25,   25,    5,   -4,   26,    0,    0,    0,    0,    0,    0,    0,   -4,   25,    0,    4,    0,    0,    0,    0,    0,    0,    0,    5,    0,    0,   22,   -4,   25,    0,    4,    0,    0,    0,    0,    0,    0,    0,    0,    0,    0,    0,    0,    0,    0,    0,    0,    0,    0,    0,    0,    0,    0,    0,    0,    0,    0,    0,    0,    0,    0,    0,    0,    0,    0,    0,    0,    0,    0,    0,    0,    0,    0,    0,    0,    0,    0,    0,    0,    0,    0,    0,    0,    0,    0,    0,    0,    0,    0,    0,    0,    0,    0,    0,    0,    0,    0,    0,    0,    0,    0,    0,    0,    0,    0,    0,    0,    0,    0,    0,    0,    0,    0,    0,    0,    0,    0,    0,    0,    0,    0,    0,    0,    0,    0,    0,    4,    0,    0,    0,   25,    0,    0,   23,   28,    0,   29,   29,   31,    0,    3,    3,
       0,    0,    0,    0,    5,    0,    0,    0,    0,    0,    0,    0,    0,    0,    0,    0,    0,    0,    0,    2,    0,   -1,   -4,   -4,   -1,   -2,   -4,   -5,   -1,   -2,   -2,   -1,   -4,    0,    0,    0,    0,    0,    0,    0,    0,    0,    0,    0,    0,    0,    0,    0,    0,    0,    0,    0,    0,    0,    0,    0,    0,    0,    0,    0,    0,    0,    3,    0,    0,   -4,   -4,   -4,    0,    0,    0,    0,    0,    0,    0,    0,    0,    0,    4,    0,    0,    0,    0,    0,    0,    0,    0,    0,    0,    0,    0,    0,    0,    0,    0,    0,   -4,    0,   -4,    0,    0,    0,    5,   -4,    0,    0,    0,    0,    0,    0,    0,    0,   -4,    0,    0,    4,    0,    0,    0,    0,    0,    0,    0,    5,    0,    0,   22,   -4,    0,    0,    4,    0,    0,    0,    0,    0,    0,    0,    0,    0,    0,    0,    0,    0,    0,    0,    0,    0,    0,    0,    0,    0,    0,    0,    0,    0,    0,    0,    0,    0,    0,    0,    0,    0,    0,    0,    0,    0,    0,    0,    0,    0,    0,    0,    0,    0,    0,    0,    0,    0,    0,    0,    0,    0,    0,    0,    0,    0,    0,    0,    0,    0,    0,    0,    0,    0,    0,    0,    0,    0,    0,    0,    0,    0,    0,    0,    0,    0,    0,    0,    0,    0,    0,    0,    0,    0,    0,    0,    0,    0,    0,    0,    0,    0,    0,    0,    4,    0,    0,    0,    0,    0,    0,    1,    0,    0,    3,    3,    0,    0,    0,    0,
       0,    0,    0,    0,    0,    0,    0,    0,    0,    0,    0,    0,    0,    0,    0,    0,    0,    0,    0,    0,    0,    0,    0,   -7,    0,    0,    0,    0,    0,    0,    0,    0,    0,    0,    0,   -3,   -2,  -11,  -10,  -10,   -7,   -1,    4,   -2,   -7,  -10,   -4,  -10,  -10,  -11,   -8,    0,  -10,    0,    0,    0,    0,    0,    0,   -4,    0,    0,    0,    0,    0,    0,    0,    0,   -8,   -3,   -3,   -3,   -3,  -11,  -11,  -11,    4,   -4,    5,    2,  -11,  -11,  -11,  -11,  -11,  -10,   -3,   -3,  -11,  -11,  -11,  -11,   -7,   -7,   -2,   -2,    0,    2,    0,   -1,    0,   -8,    6,    0,   -2,   -7,   -7,  -11,   -7,   -4,   -4,  -10,    0,    0,   -3,    7,  -11,  -10,   -8,   -7,   -7,    0,  -10,   -1,   -3,  -11,   -1,    0,   -1,  -11,   -7,  -10,  -10,    0,    0,    0,    0,    0,    0,    0,    0,    0,    0,    0,    0,    0,    0,    0,    0,    0,    0,    0,    0,    0,    0,    0,    0,    0,    0,    0,    0,    0,    0,    0,    0,    0,    0,    0,    0,    0,    0,    0,    0,    0,    0,    0,    0,    0,    0,    0,    0,    0,    0,    0,    0,    0,    0,    0,    0,    0,    0,    0,    0,    0,    0,    0,    0,    0,    0,    0,    0,    0,    0,    0,    0,    0,    0,    0,    0,    0,    0,    0,    0,    0,    0,    0,    0,    0,    0,    0,    0,    0,    0,    0,    0,   -3,    0,   -3,  -11,  -20,   -1,  -11,    0,    0,    0,    0,    0,    0,    0,    0,  -10,  -10,
       0,    0,    0,    0,    0,    0,    0,    0,    0,    0,    0,    0,    0,    0,    0,    0,    0,    0,    0,    0,    0,    0,    0,   -2,    0,    0,    0,    0,    0,   -3,    0,    0,    0,    0,    0,  -15,   -9,  -16,  -16,  -12,  -17,   -9,   -9,   -9,   -9,  -16,  -15,  -15,  -10,   -5,   -4,   -1,   -4,  -12,    0,    0,    0,    0,    0,    0,    0,    0,    0,    0,    0,    0,    0,    0,   -9,  -15,  -15,  -15,  -15,  -16,  -16,  -16,   -9,   -9,   -5,   -9,   -8,  -16,  -16,  -16,  -16,  -10,  -15,  -15,  -16,  -16,  -16,  -16,  -17,  -17,   -9,   -9,    0,   -9,    0,   -9,   -9,   -9,   -4,    0,   -9,   -9,   -9,  -16,   -9,  -15,  -15,  -15,    0,  -12,  -15,   -9,  -16,  -10,   -7,  -17,  -17,    0,   -4,   -9,  -15,  -16,   -9,    0,   -9,  -16,   -9,  -10,   -4,    0,    0,    0,    0,    0,    0,    0,    0,    0,    0,    0,    0,    0,    0,    0,    0,    0,    0,    0,    0,    0,    0,    0,    0,    0,    0,    0,    0,    0,    0,    0,    0,    0,    0,    0,    0,    0,    0,    0,    0,    0,    0,    0,    0,    0,    0,    0,    0,    0,    0,    0,    0,    0,    0,    0,    0,    0,    0,    0,    0,    0,    0,    0,    0,    0,    0,    0,    0,    0,    0,    0,    0,    0,    0,    0,    0,    0,    0,    0,    0,    0,    0,    0,    0,    0,    0,    0,    0,    0,    0,    0,    0,  -15,  -15,  -15,  -16,  -16,   -9,  -16,    0,    0,    0,    0,    0,    0,    0,    0,  -12,  -12,
       0,    8,    0,   13,    7,    0,    0,    0,    0,    0,    0,    0,    0,    0,    0,    0,    0,    0,    0,    8,    0,   -1,   -4,   -4,   -1,   -3,   -1,   -5,    0,   -2,    0,    0,   -3,   11,   13,    0,    2,    0,    0,    0,    0,    4,    4,    2,    0,    0,    0,    0,    0,    0,    0,    0,    0,    0,    0,   13,    0,    0,    6,    0,    0,    0,    4,    0,    0,   -4,   -4,   -4,    2,    0,    0,    0,    0,    0,    0,    0,    4,    4,    4,    3,    0,    0,    0,    0,    0,    0,    0,    0,    0,    0,    0,    0,    0,    0,    2,    2,   -4,    4,   -4,    4,    4,    4,    4,   -4,    2,    0,    0,    0,    0,    0,    0,    0,   -1,    0,    0,    4,    0,    0,    0,    0,    0,    0,    0,    4,    0,    0,   16,   -4,    4,    0,    0,    0,    0,    0,    0,    0,    0,    0,    0,    0,    0,    0,    0,    0,    0,    0,    0,    0,    0,    0,    0,    0,    0,    0,    0,    0,    0,    0,    0,    0,    0,    0,    0,    0,    0,    0,    0,    0,    0,    0,    0,    0,    0,    0,    0,    0,    0,    0,    0,    0,    0,    0,    0,    0,    0,    0,    0,    0,    0,    0,    0,    0,    0,    0,    0,    0,    0,    0,    0,    0,    0,    0,    0,    0,    0,    0,    0,    0,    0,    0,    0,    0,    0,    0,    0,    0,    0,    0,    0,    0,    0,    0,    0,    0,    0,    0,    0,    0,    0,    0,    4,    0,    0,    5,    8,    0,    9,    9,   11,    0,    0,    0,
       0,    0,    0,    0,    0,    0,    0,    0,    0,    0,    0,    0,    0,    0,    0,    0,    0,    0,    0,    0,    0,    0,    0,    0,    0,    0,    0,    0,    0,    0,    0,    0,    0,    0,    6,   -7,   -4,   -7,   -7,   -7,   -8,   -4,   -4,   -4,   -4,   -7,   -7,   -7,   -4,   -6,   -4,   -2,   -5,   -5,    0,    5,    0,    0,    0,    0,    0,    0,    0,    0,    0,    0,    0,    0,   -4,   -7,   -7,   -7,   -7,   -7,   -7,   -7,   -4,   -4,   -5,   -4,   -8,   -7,   -7,   -7,   -7,   -4,   -7,   -7,   -7,   -7,   -7,   -7,   -8,   -8,   -4,   -4,    0,   -4,    0,   -4,   -4,   -4,   -4,    0,   -4,   -4,   -4,   -7,   -4,   -7,   -7,   -7,    0,   -5,   -7,   -4,   -7,   -4,   -7,   -8,   -8,    0,   -4,   -4,   -7,   -7,   -4,    0,   -4,   -7,   -4,   -4,   -4,    0,    0,    0,    0,    0,    0,    0,    0,    0,    0,    0,    0,    0,    0,    0,    0,    0,    0,    0,    0,    0,    0,    0,    0,    0,    0,    0,    0,    0,    0,    0,    0,    0,    0,    0,    0,    0,    0,    0,    0,    0,    0,    0,    0,    0,    0,    0,    0,    0,    0,    0,    0,    0,    0,    0,    0,    0,    0,    0,    0,    0,    0,    0,    0,    0,    0,    0,    0,    0,    0,    0,    0,    0,    0,    0,    0,    0,    0,    0,    0,    0,    0,    0,    0,    0,    0,    0,    0,    0,    0,    0,    0,   -7,   -7,   -7,   -7,   -7,   -4,   -7,    0,    0,    0,    0,    0,    0,    0,    0,   -7,   -7,
       0,    4,    0,    7,    7,    0,    0,    0,    0,    0,    0,    0,    0,    0,    0,    0,    0,    0,    0,   11,    0,   -1,   -4,   -4,   -1,   -3,   -1,   -5,    0,   -2,    0,    0,   -3,    3,    8,    0,    0,    0,    0,    0,    0,    0,    0,    0,    0,    0,    0,    0,    0,    0,    0,    0,    0,    0,    0,    8,    0,    0,    2,    0,    0,    0,    7,    0,    0,   -4,   -4,   -4,    0,    0,    0,    0,    0,    0,    0,    0,    0,    0,    0,    3,    0,    0,    0,    0,    0,    0,    0,    0,    0,    0,    0,    0,    0,    0,    0,    0,   -4,    0,   -4,    0,    0,    0,    0,   -4,    0,    0,    0,    0,    0,    0,    0,    0,   -1,    0,    0,    0,    0,    0,    0,    0,    0,    0,    0,    0,    0,    0,   16,   -4,    0,    0,    0,    0,    0,    0,    0,    0,    0,    0,    0,    0,    0,    0,    0,    0,    0,    0,    0,    0,    0,    0,    0,    0,    0,    0,    0,    0,    0,    0,    0,    0,    0,    0,    0,    0,    0,    0,    0,    0,    0,    0,    0,    0,    0,    0,    0,    0,    0,    0,    0,    0,    0,    0,    0,    0,    0,    0,    0,    0,    0,    0,    0,    0,    0,    0,    0,    0,    0,    0,    0,    0,    0,    0,    0,    0,    0,    0,    0,    0,    0,    0,    0,    0,    0,    0,    0,    0,    0,    0,    0,    0,    0,    0,    0,    0,    0,    0,    0,    0,    0,    0,    0,    0,    0,    6,    3,    0,    7,    7,    7,    0,    0,    0,
       0,    6,    0,   10,    5,    0,    0,    0,    0,    0,    0,    0,    0,    0,    0,    0,    0,    0,    0,    7,    0,   -1,   -4,   -4,   -1,   -3,   -1,   -5,    0,   -2,    0,    0,   -3,    8,   11,    0,    0,    0,    0,    0,    0,    0,    0,    0,    0,    0,    0,    0,    0,    0,    0,    0,    0,    0,    0,   10,    0,    0,    4,    0,    0,    0,    2,    0,    0,   -4,   -4,   -4,    0,    0,    0,    0,    0,    0,    0,    0,    0,    0,    0,    3,    0,    0,    0,    0,    0,    0,    0,    0,    0,    0,    0,    0,    0,    0,    0,    0,   -4,    0,   -4,    0,    0,    0,    0,   -4,    0,    0,    0,    0,    0,    0,    0,    0,   -1,    0,    0,    0,    0,    0,    0,    0,    0,    0,    0,    0,    0,    0,   16,   -4,    0,    0,    0,    0,    0,    0,    0,    0,    0,    0,    0,    0,    0,    0,    0,    0,    0,    0,    0,    0,    0,    0,    0,    0,    0,    0,    0,    0,    0,    0,    0,    0,    0,    0,    0,    0,    0,    0,    0,    0,    0,    0,    0,    0,    0,    0,    0,    0,    0,    0,    0,    0,    0,    0,    0,    0,    0,    0,    0,    0,    0,    0,    0,    0,    0,    0,    0,    0,    0,    0,    0,    0,    0,    0,    0,    0,    0,    0,    0,    0,    0,    0,    0,    0,    0,    0,    0,    0,    0,    0,    0,    0,    0,    0,    0,    0,    0,    0,    0,    0,    0,    0,    0,    0,    0,    4,    6,    0,    7,    7,    9,    0,    0,    0,
       0,    0,    0,    0,    0,    0,    0,    0,    0,    0,    0,    0,    0,    0,    0,    0,    0,    0,    0,    0,    0,   -1,   -4,   -4,   -1,   -3,   -1,   -5,    0,   -2,    0,    0,   -3,    0,    0,    0,    0,    0,    0,    0,    0,    0,    8,    0,    0,    0,    0,    0,    0,    0,    0,    0,    0,    0,    0,    0,    0,    0,    0,    0,    0,    0,    0,    0,    0,   -4,   -4,   -4,    0,    0,    0,    0,    0,    0,    0,    0,    0,    0,    0,    3,    0,    0,    0,    0,    0,    0,    0,    0,    0,    0,    0,    0,    0,    0,    0,    0,   -4,    0,   -4,    0,    0,    0,    0,   -4,    0,    0,    0,    0,    0,    0,    0,    0,   -1,    0,    0,    0,    0,    0,    0,    0,    0,    0,    0,    0,    0,    0,   16,   -4,    0,    0,    0,    0,    0,    0,    0,    0,    0,    0,    0,    0,    0,    0,    0,    0,    0,    0,    0,    0,    0,    0,    0,    0,    0,    0,    0,    0,    0,    0,    0,    0,    0,    0,    0,    0,    0,    0,    0,    0,    0,    0,    0,    0,    0,    0,    0,    0,    0,    0,    0,    0,    0,    0,    0,    0,    0,    0,    0,    0,    0,    0,    0,    0,    0,    0,    0,    0,    0,    0,    0,    0,    0,    0,    0,    0,    0,    0,    0,    0,    0,    0,    0,    0,    0,    0,    0,    0,    0,    0,    0,    0,    0,    0,    0,    0,    0,    0,    0,    0,    0,    0,    0,    0,    0,    0,    0,    0,    0,    0,    0,    0,    0,    0,
       0,    0,    0,    4,    0,   -5,   -4,   -4,    0,    0,    0,    0,    0,    0,    0,    0,    0,    0,    0,    0,    0,   -4,    0,    0,   -8,    0,    0,    0,    0,    0,    0,    0,    0,    0,   16,   -9,   -4,   -8,   -8,   -6,  -10,   -4,   -4,   -4,   -5,   -8,  -10,   -5,   -7,   -4,   -1,   -5,   -4,   -8,    2,   15,    0,    0,    0,    0,    0,    0,    0,    0,   -8,    0,    0,    0,   -4,   -9,   -9,   -9,   -9,   -8,   -8,   -8,   -4,  -10,   -5,   -4,   -9,   -8,   -8,   -8,   -8,   -7,   -9,   -9,   -8,   -8,   -8,   -8,  -10,  -10,   -4,   -4,    0,   -4,    0,   -4,   -4,  -10,   -4,    0,   -4,   -5,   -5,   -8,   -5,  -10,  -10,   -5,    0,   -8,   -9,   -5,   -8,   -7,   -7,  -10,  -10,    0,   -3,   -4,   -9,   -8,   -4,    0,   -4,   -8,   -5,   -7,   -3,    0,    0,    0,    0,    0,    0,    0,    0,    0,    0,    0,    0,    0,    0,    0,    0,    0,    0,    0,    0,    0,    0,    0,    0,    0,    0,    0,    0,    0,    0,    0,    0,    0,    0,    0,    0,    0,    0,    0,    0,    0,    0,    0,    0,    0,    0,    0,    0,    0,    0,    0,    0,    0,    0,    0,    0,    0,    0,    0,    0,    0,    0,    0,    0,    0,    0,    0,    0,    0,    0,    0,    0,    0,    0,    0,    0,    0,    0,    0,    0,    0,    0,    0,    0,    0,    0,    0,    0,    0,    0,    0,    0,   -9,  -17,   -9,   -8,   -8,   -4,   -8,    0,    0,    0,   -3,    4,    4,    0,    0,   -6,   -6,
       4,   11,    0,    4,    4,    0,    0,    0,    0,    0,    0,    0,    0,    0,    0,    0,    0,    0,    0,    4,    0,   -1,   -4,   -4,   -1,   -3,   -1,   -5,    0,   -2,    0,    0,   -3,    0,    0,    0,    6,    0,    0,    0,    0,    0,    0,    6,    0,    0,    0,    0,    0,    0,    0,    0,    0,    0,    3,    0,    0,    0,    2,    0,    0,    0,   15,    0,    0,   -4,   -4,   -4,    6,    0,    0,    0,    0,    0,    0,    0,    0,    0,    0,    3,    0,    0,    0,    0,    0,    0,    0,    0,    0,    0,    0,    0,    0,    0,    6,    6,   -4,    0,   -4,    0,    0,    0,    0,   -4,    6,    0,    0,    0,    0,    0,    0,    0,   -1,    0,    0,    0,    0,    0,    0,    0,    0,    0,    0,    0,    0,    0,   16,   -4,    0,    0,    0,    0,    0,    0,    0,    0,    0,    0,    0,    0,    0,    0,    0,    0,    0,    0,    0,    0,    0,    0,    0,    0,    0,    0,    0,    0,    0,    0,    0,    0,    0,    0,    0,    0,    0,    0,    0,    0,    0,    0,    0,    0,    0,    0,    0,    0,    0,    0,    0,    0,    0,    0,    0,    0,    0,    0,    0,    0,    0,    0,    0,    0,    0,    0,    0,    0,    0,    0,    0,    0,    0,    0,    0,    0,    0,    0,    0,    0,    0,    0,    0,    0,    0,    0,    0,    0,    0,    0,    0,    0,    0,    0,    0,    0,    0,    0,    0,    0,    0,    0,    0,    0,    0,   14,    3,    0,   13,   13,    5,    0,    0,    0,
       0,  -87,    0,    0,  -42,    0,    0,    0,    0,    0,    0,    0,    0,    0,    0,    0,    0,    0,    0,    0,    0,    0,    0,  -16,    0,    0,  -79,  -12,  -67,  -53,    0,  -70,    0,  -32,    0,    0,    0,  -17,  -13,  -15,    0,    0,    0,    0,    0,  -13,   -3,  -21,  -13,  -43,  -33,    0,  -44,    0,    0,    0,  -14,   -8,  -48,  -22,  -33,    0,  -48,   -7,    0,    0,    0,    0,    0,    0,    0,    0,    0,  -17,  -17,  -17,    0,    0,    0,    0,  -16,  -17,  -17,  -17,  -17,  -13,    0,    0,  -17,  -17,  -17,  -17,    0,    0,    0,    0,    0,    0,    0,    0,    0,    0,    0,    0,    0,    0,    0,  -17,    0,   -3,   -3,  -21,  -79,    0,    0,    0,  -17,  -13,  -11,    2,    0,    0,  -43,    0,    0,  -17,    0,    0,    0,  -17,    0,  -13,  -43,    0,    0,    0,    0,    0,    0,    0,    0,    0,    0,    0,    0,    0,    0,    0,    0,    0,    0,    0,    0,    0,    0,    0,    0,    0,    0,    0,    0,    0,    0,    0,    0,    0,    0,    0,    0,    0,    0,    0,    0,    0,    0,    0,    0,    0,    0,    0,    0,    0,    0,    0,    0,    0,    0,    0,    0,    0,    0,    0,    0,    0,    0,    0,    0,    0,    0,    0,    0,    0,    0,    0,    0,    0,    0,    0,    0,    0,    0,    0,    0,    0,    0,    0,    0,    0,    0,    0,    0,    0,    0,    0,    0,    0,    0,    0,  -17,  -17,    0,  -17,  -33,  -47,  -89,    0,  -41,  -42,   -7,  -67,  -15,  -15,
      24,   32,    0,   36,   30,    0,    0,    0,    0,    0,    0,    0,    0,    0,    0,    0,    0,    0,    0,   29,    0,   -1,   -4,   -4,   -1,   -2,   -4,   -5,   -1,   -2,   -2,   -1,   -4,   39,   37,    0,   29,    0,    0,    6,    0,   28,   28,   29,    0,    0,    0,    4,    0,   11,   10,   10,   11,    0,   23,   36,    8,    0,   28,    0,    0,    0,   24,    0,    0,   -4,   -4,   -4,   29,    0,    0,    0,    0,    0,    0,    0,   28,   28,    4,   28,    0,    0,    0,    0,    0,    0,    0,    0,    0,   18,    0,    0,    0,    0,   29,   29,   -4,   28,   -4,   28,   28,   28,    5,   -4,   29,   16,    0,    0,    0,    0,   31,    4,   -4,   28,    0,    4,    0,    0,    0,    0,    0,    0,    0,    5,    0,    0,   22,   -4,   28,    0,    4,    0,    0,    0,    0,    0,    0,    0,    0,    0,    0,    0,    0,    0,    0,    0,    0,    0,    0,    0,    0,    0,    0,    0,    0,    0,    0,    0,    0,    0,    0,    0,    0,    0,    0,    0,    0,    0,    0,    0,    0,    0,    0,    0,    0,    0,    0,    0,    0,    0,    0,    0,    0,    0,    0,    0,    0,    0,    0,    0,    0,    0,    0,    0,    0,    0,    0,    0,    0,    0,    0,    0,    0,    0,    0,    0,    0,    0,    0,    0,    0,    0,    0,    0,    0,    0,    0,    0,    0,    0,    0,    0,    0,    0,    0,    0,    4,    0,    0,    0,   28,    0,    0,   26,   31,    0,   32,   32,   33,  -15,    6,    6,
       0,   -9,    0,    0,  -15,    0,    0,    0,    0,    0,    0,    0,    0,    0,    0,    0,    0,    0,    0,   -4,    0,    0,    0,   -2,    0,    0,  -41,   -3,  -22,  -15,    0,  -32,    0,  -16,    0,    0,   -1,   -5,   -4,   -7,    0,   -1,   -1,   -1,   -1,   -4,    0,   -7,   -5,  -14,   -8,    0,  -14,    0,    0,    0,  -10,    0,   -6,    0,    0,    0,   -7,    0,    0,    0,    0,    0,   -1,    0,    0,    0,    0,   -5,   -5,   -5,   -1,   -1,   -1,   -1,    0,   -5,   -5,   -5,   -5,   -5,    0,    0,   -5,   -5,   -5,   -5,    0,    0,   -1,   -1,    0,   -1,    0,   -1,   -1,   -1,   -1,    0,   -1,   -1,   -1,   -5,   -1,    0,    0,   -7,  -41,    0,    0,   -1,   -5,   -5,    0,    0,    0,    0,    0,   -1,    0,   -5,   -1,    0,   -1,   -5,   -1,   -5,    0,    0,    0,    0,    0,    0,    0,    0,    0,    0,    0,    0,    0,    0,    0,    0,    0,    0,    0,    0,    0,    0,    0,    0,    0,    0,    0,    0,    0,    0,    0,    0,    0,    0,    0,    0,    0,    0,    0,    0,    0,    0,    0,    0,    0,    0,    0,    0,    0,    0,    0,    0,    0,    0,    0,    0,    0,    0,    0,    0,    0,    0,    0,    0,    0,    0,    0,    0,    0,    0,    0,    0,    0,    0,    0,    0,    0,    0,    0,    0,    0,    0,    0,    0,    0,    0,    0,    0,    0,    0,    0,    0,    0,    0,    0,    0,   -5,   -5,   -1,   -5,    0,  -15,  -16,    0,  -24,  -24,    0,    0,   -7,   -7,
       0,   -5,    0,  -14,   -6,  -21,  -21,  -18,    0,    0,    0,    0,    0,    0,    0,    0,    0,    0,    0,  -13,    0,    0,    0,    0,    0,    0,    0,    0,    0,    0,    0,    0,    0,  -13,  -14,    0,    0,    0,    0,   -1,    0,    0,    0,    0,    0,    0,    0,   -1,    0,    0,    0,   -2,    0,   -3,    0,  -12,  -12,    0,    0,    0,    0,    0,   -3,    0,    0,    0,    0,    0,    0,    0,    0,    0,    0,    0,    0,    0,    0,    0,    0,    0,    0,    0,    0,    0,    0,    0,    0,    0,    0,    0,    0,    0,    0,    0,    0,    0,    0,    0,    0,    0,    0,    0,    0,    0,    0,    0,    0,    0,    0,    0,    0,   -1,    0,   -3,    0,    0,    0,    0,    0,    0,    0,    0,    0,    0,    0,    0,    0,    0,    0,    0,    0,    0,    0,    0,    0,    0,    0,    0,    0,    0,    0,    0,    0,    0,    0,    0,    0,    0,    0,    0,    0,    0,    0,    0,    0,    0,    0,    0,    0,    0,    0,    0,    0,    0,    0,    0,    0,    0,    0,    0,    0,    0,    0,    0,    0,    0,    0,    0,    0,    0,    0,    0,    0,    0,    0,    0,    0,    0,    0,    0,    0,    0,    0,    0,    0,    0,    0,    0,    0,    0,    0,    0,    0,    0,    0,    0,    0,    0,    0,    0,    0,    0,    0,    0,    0,    0,    0,    0,    0,    0,    0,    0,    0,    0,    0,    0,    0,    0,    0,    0,    0,    0,    0,   -7,   -7,  -24,  -12,  -12,   -9,    0,   -1,   -1,
       0,    0,    0,    0,    0,    0,    0,    0,    0,    0,    0,    0,    0,    0,    0,    0,    0,    0,    0,    0,    0,   -1,   -4,   -4,   -1,   -2,   -4,   -5,   -1,   -2,   -2,   -1,   -4,    0,    0,    0,    0,    0,    0,    0,    0,    0,    0,    0,    0,    0,    0,    0,    0,    0,    0,    0,    0,    0,    0,    0,  -16,    0,    0,    0,    0,    0,    0,    0,    0,   -4,   -4,   -4,    0,    0,    0,    0,    0,    0,    0,    0,    0,    0,    4,    0,    0,    0,    0,    0,    0,    0,    0,    0,    0,    0,    0,    0,    0,    0,    0,    0,   -4,    0,   -4,    0,    0,    0,    5,   -4,   -1,    0,    0,    0,    0,    0,    0,    0,   -4,    0,    0,    4,    0,    0,    0,    0,    0,    0,    0,    5,    0,    0,   22,   -4,    0,    0,    4,    0,    0,    0,    0,    0,    0,    0,    0,    0,    0,    0,    0,    0,    0,    0,    0,    0,    0,    0,    0,    0,    0,    0,    0,    0,    0,    0,    0,    0,    0,    0,    0,    0,    0,    0,    0,    0,    0,    0,    0,    0,    0,    0,    0,    0,    0,    0,    0,    0,    0,    0,    0,    0,    0,    0,    0,    0,    0,    0,    0,    0,    0,    0,    0,    0,    0,    0,    0,    0,    0,    0,    0,    0,    0,    0,    0,    0,    0,    0,    0,    0,    0,    0,    0,    0,    0,    0,    0,    0,    0,    0,    0,    0,    0,    0,    4,    0,    0,    0,    0,    0,    0,    0,    0,    0,    0,    0,    0,  -15,    0,    0,
       0,  -10,    0,  -14,  -13,    0,    0,    0,    0,    0,    0,    0,    0,    0,    0,    0,    0,    0,    0,  -14,    0,   -7,   -7,   -3,  -15,   -7,  -58,   -9,  -35,  -26,  -18,  -51,  -11,  -16,  -13,    0,    0,    0,    0,   -5,   -1,    0,    0,    0,    0,    0,    0,   -4,    0,   -7,   -4,  -10,   -7,   -5,    0,  -13,    0,    0,   -4,    0,    0,    0,   -9,    0,    0,   -7,   -7,   -7,    0,    0,    0,    0,    0,    0,    0,    0,    0,    0,    0,    0,    0,    0,    0,    0,    0,    0,    0,    0,    0,    0,    0,    0,   -1,   -1,    0,    0,   -7,    0,   -7,    0,    0,    0,    0,   -7,    0,    0,    0,    0,    0,    0,    0,   -4,  -58,   -5,    0,    0,    0,    0,    0,   -1,   -1,    0,   -3,    0,    0,    0,    0,   -7,    0,    0,    0,    0,   -3,    0,    0,    0,    0,    0,    0,    0,    0,    0,    0,    0,    0,    0,    0,    0,    0,    0,    0,    0,    0,    0,    0,    0,    0,    0,    0,    0,    0,    0,    0,    0,    0,    0,    0,    0,    0,    0,    0,    0,    0,    0,    0,    0,    0,    0,    0,    0,    0,    0,    0,    0,    0,    0,    0,    0,    0,    0,    0,    0,    0,    0,    0,    0,    0,    0,    0,    0,    0,    0,    0,    0,    0,    0,    0,    0,    0,    0,    0,    0,    0,    0,    0,    0,    0,    0,    0,    0,    0,    0,    0,    0,    0,    0,    0,    0,    0,    0,    0,    0,    0,  -11,  -10,    0,  -15,  -15,  -14,    0,   -5,   -5,
       0,    3,    0,    3,    0,  -19,  -18,  -19,    0,    0,    0,    0,    0,    0,    0,    0,    0,    0,    0,    0,    0,  -26,   -4,    0,  -36,   -2,  -41,   -1,   -9,   -5,  -24,  -23,  -14,    7,    3,   -4,    0,  -10,   -9,    0,   -5,    0,    0,    0,    0,   -9,   -1,    0,    0,    0,    0,    0,    0,    0,    0,    3,  -10,    0,    0,   -7,  -10,    0,    0,    0,    0,   -4,   -4,   -4,    0,   -4,   -4,   -4,   -4,  -10,  -10,  -10,    0,    0,    0,    0,  -16,  -10,  -10,  -10,  -10,    0,   -4,   -4,  -10,  -10,  -10,  -10,   -5,   -5,    0,    0,   -4,    0,   -4,    0,    0,    0,    0,   -4,    0,    0,    4,  -10,    0,   -1,   -1,    0,  -41,    0,   -4,    0,  -10,    0,    0,   -5,   -5,    0,    0,    0,   -4,  -10,    0,   -4,    0,  -10,    0,    0,    0,    0,    0,    0,    0,    0,    0,    0,    0,    0,    0,    0,    0,    0,    0,    0,    0,    0,    0,    0,    0,    0,    0,    0,    0,    0,    0,    0,    0,    0,    0,    0,    0,    0,    0,    0,    0,    0,    0,    0,    0,    0,    0,    0,    0,    0,    0,    0,    0,    0,    0,    0,    0,    0,    0,    0,    0,    0,    0,    0,    0,    0,    0,    0,    0,    0,    0,    0,    0,    0,    0,    0,    0,    0,    0,    0,    0,    0,    0,    0,    0,    0,    0,    0,    0,    0,    0,    0,    0,    0,    0,    0,    0,   -4,   -4,   -4,  -10,  -10,    0,  -10,  -10,    0,    2,  -22,    3,    3,    2,    0,    0,    0,
       0,    2,    0,    2,    0,  -19,  -18,  -19,    0,    0,    0,    0,    0,    0,    0,    0,    0,    0,    0,    0,    0,  -26,   -4,    0,  -36,   -2,  -41,   -1,   -9,   -5,  -24,  -23,  -14,    4,    1,   -4,    0,  -10,   -9,    0,   -5,    0,    0,    0,    0,   -9,   -1,    0,    0,    0,    0,    0,    0,    0,    0,    1,  -10,    0,    0,   -7,  -10,    0,    0,    0,    0,   -4,   -4,   -4,    0,   -4,   -4,   -4,   -4,  -10,  -10,  -10,    0,    0,    0,    0,  -16,  -10,  -10,  -10,  -10,    0,   -4,   -4,  -10,  -10,  -10,  -10,   -5,   -5,    0,    0,   -4,    0,   -4,    0,    0,    0,    0,   -4,    0,    0,    4,  -10,    4,   -1,   -1,    0,  -41,    0,   -4,    0,  -10,    0,    0,   -5,   -5,    0,    0,    0,   -4,  -10,    0,   -4,    0,  -10,    0,    0,    0,    0,    0,    0,    0,    0,    0,    0,    0,    0,    0,    0,    0,    0,    0,    0,    0,    0,    0,    0,    0,    0,    0,    0,    0,    0,    0,    0,    0,    0,    0,    0,    0,    0,    0,    0,    0,    0,    0,    0,    0,    0,    0,    0,    0,    0,    0,    0,    0,    0,    0,    0,    0,    0,    0,    0,    0,    0,    0,    0,    0,    0,    0,    0,    0,    0,    0,    0,    0,    0,    0,    0,    0,    0,    0,    0,    0,    0,    0,    0,    0,    0,    0,    0,    0,    0,    0,    0,    0,    0,    0,    0,    0,   -4,   -4,   -4,  -10,  -10,    0,  -10,  -10,    0,    1,  -22,    2,    2,    3,    0,    0,    0,
       0,    0,    0,   -8,   -4,    0,    0,    0,    0,    0,    0,    0,    0,    0,    0,    0,    0,    0,    0,   -5,    0,   -3,   -7,   -4,   -3,   -1,  -53,   -9,  -28,  -22,   -7,  -45,   -4,  -10,   -9,    0,    0,    0,    0,    0,   -1,    0,    0,    0,    0,    0,    0,    0,    0,   -4,    0,    0,   -4,    0,    0,   -9,    0,    0,    0,    0,    0,    0,    0,    0,    0,   -7,   -7,   -7,    0,    0,    0,    0,    0,    0,    0,    0,    0,    0,    0,    0,    0,    0,    0,    0,    0,    0,    0,    0,    0,    0,    0,    0,   -1,   -1,    0,    0,   -7,    0,   -7,    0,    0,    0,    0,   -7,    0,    0,    0,    0,    0,    0,    0,    0,  -53,    0,    0,    0,    0,    0,    0,   -1,   -1,    0,    0,    0,    0,    0,    0,   -7,    0,    0,    0,    0,    0,    0,    0,    0,    0,    0,    0,    0,    0,    0,    0,    0,    0,    0,    0,    0,    0,    0,    0,    0,    0,    0,    0,    0,    0,    0,    0,    0,    0,    0,    0,    0,    0,    0,    0,    0,    0,    0,    0,    0,    0,    0,    0,    0,    0,    0,    0,    0,    0,    0,    0,    0,    0,    0,    0,    0,    0,    0,    0,    0,    0,    0,    0,    0,    0,    0,    0,    0,    0,    0,    0,    0,    0,    0,    0,    0,    0,    0,    0,    0,    0,    0,    0,    0,    0,    0,    0,    0,    0,    0,    0,    0,    0,    0,    0,    0,    0,    0,    0,    0,    0,   -3,   -3,    0,   -8,   -8,   -6,    0,    0,    0,
       0,    0,    0,  -10,   -4,    0,    0,    0,    0,    0,    0,    0,    0,    0,    0,    0,    0,    0,    0,   -5,    0,   -3,   -7,   -4,   -3,   -1,  -53,   -9,  -28,  -22,   -7,  -45,   -4,  -12,  -11,    0,    0,    0,    0,    0,   -1,    0,    0,    0,    0,    0,    0,    0,    0,   -4,    0,    0,   -4,    0,    0,  -12,    0,    0,    0,    0,    0,    0,    0,    0,    0,   -7,   -7,   -7,    0,    0,    0,    0,    0,    0,    0,    0,    0,    0,    0,    0,    0,    0,    0,    0,    0,    0,    0,    0,    0,    0,    0,    0,   -1,   -1,    0,    0,   -7,    0,   -7,    0,    0,    0,    0,   -7,    0,    0,    0,    0,    0,    0,    0,    0,  -53,    0,    0,    0,    0,    0,    0,   -1,   -1,    0,    0,    0,    0,    0,    0,   -7,    0,    0,    0,    0,    0,    0,    0,    0,    0,    0,    0,    0,    0,    0,    0,    0,    0,    0,    0,    0,    0,    0,    0,    0,    0,    0,    0,    0,    0,    0,    0,    0,    0,    0,    0,    0,    0,    0,    0,    0,    0,    0,    0,    0,    0,    0,    0,    0,    0,    0,    0,    0,    0,    0,    0,    0,    0,    0,    0,    0,    0,    0,    0,    0,    0,    0,    0,    0,    0,    0,    0,    0,    0,    0,    0,    0,    0,    0,    0,    0,    0,    0,    0,    0,    0,    0,    0,    0,    0,    0,    0,    0,    0,    0,    0,    0,    0,    0,    0,    0,    0,    0,    0,    0,    0,   -3,   -3,    0,   -8,   -8,   -6,    0,    0,    0,
       9,   17,    0,   21,   13,    0,    0,    0,    0,    0,    0,    0,    0,    0,    0,    0,    0,    0,    0,   14,    0,    0,    0,    0,    0,    0,  -42,   -3,  -13,   -7,    0,  -26,    0,   20,   22,    0,   11,   -1,    0,    0,    0,   10,   10,   11,    0,    0,    0,    0,    0,    0,    0,    0,    2,    0,    9,   21,    0,    0,   13,    0,    0,    0,   10,    0,    0,    0,    0,    0,   11,    0,    0,    0,    0,   -1,   -1,   -1,   10,    0,   10,   10,   -2,   -1,   -1,   -1,   -1,    0,    0,    0,   -1,    0,   -1,   -1,    0,    0,   11,   11,    0,   10,    0,   10,   10,   10,   10,    0,   11,    0,    0,   -1,    0,    0,   14,    0,  -42,    0,    0,   10,   -1,    0,    0,    4,    0,    0,    0,   10,    0,   -1,   10,    0,   10,   -1,    0,    0,    0,    0,    0,    0,    0,    0,    0,    0,    0,    0,    0,    0,    0,    0,    0,    0,    0,    0,    0,    0,    0,    0,    0,    0,    0,    0,    0,    0,    0,    0,    0,    0,    0,    0,    0,    0,    0,    0,    0,    0,    0,    0,    0,    0,    0,    0,    0,    0,    0,    0,    0,    0,    0,    0,    0,    0,    0,    0,    0,    0,    0,    0,    0,    0,    0,    0,    0,    0,    0,    0,    0,    0,    0,    0,    0,    0,    0,    0,    0,    0,    0,    0,    0,    0,    0,    0,    0,    0,    0,    0,    0,    0,    0,    0,    0,    0,   -1,   -1,   10,   -1,    0,   12,   16,    0,   17,   17,   19,    0,    0,    0,
       0,    0,  -13,    0,    0,  -33,  -33,  -26,    0,    0,    0,    0,    0,    0,    0,    0,    0,  -17,  -17,    0,  -21,  -63,    0,  -23,  -32,   -1,    0,    0,    0,    0,    0,    0,    0,    0,    0,  -96,   -4,  -99,  -98,  -49,  -98,   -1,   -1,   -4,  -89,  -90,  -92,  -52,  -84,  -71,  -70,  -75,  -72,  -86,    0,    0,  -13,   -4,    0,  -67,  -52,    0,    0,  -60,  -42,    0,    0,    0,  -27,  -98,  -96, -100,  -96, -110, -108, -108,    9,  -18,   12,    6,  -38, -112, -110, -110,  -99,  -84, -104, -100, -107, -107,  -99, -108, -104, -109,   -4,   -1,    0,    8,    0,    4,    9,  -46,   13,    0,   -4,  -89,  -89,  -99,  -75,  -90,  -84,  -52,    0,  -82,  -93,   16, -109,  -84,  -53,  -98, -103,    0,  -23,   -1,  -96,  -99,   -1,    0,   -1,  -99,  -89,  -84,  -43,    0,    0,    0,    0,    0,    0,    0,    0,    0,    0,    0,    0,    0,    0,    0,    0,    0,    0,    0,    0,    0,    0,    0,    0,    0,    0,    0,    0,    0,    0,    0,    0,    0,    0,    0,    0,    0,    0,    0,    0,    0,    0,    0,    0,    0,    0,    0,    0,    0,    0,    0,    0,    0,    0,    0,    0,    0,    0,    0,    0,    0,    0,    0,    0,    0,    0,    0,    0,    0,    0,    0,    0,    0,    0,    0,    0,    0,    0,    0,    0,    0,    0,    0,    0,    0,    0,    0,    0,    0,    0,    0,    0,  -96,  -63,  -90, -112,  -81,   -1,  -83,  -52,    0,    0,  -31,    0,    0,    0,    0,  -56,  -50,
       0,    0,    0,   -4,    0,    0,    0,    0,    0,    0,    0,    0,    0,    0,    0,    0,    0,    0,    0,   -4,    0,    0,   -4,   -4,   -1,   -2,  -51,   -7,  -25,  -19,   -5,  -39,   -5,  -10,  -11,    0,    0,    0,    0,    0,    0,    0,    0,    0,    0,    0,    0,    0,    0,    0,    0,    0,    0,    0,    0,  -11,    0,    0,    0,    0,    0,    0,    0,    0,    0,   -4,   -4,   -4,    0,    0,    0,    0,    0,    0,    0,    0,    0,    0,    0,    0,    0,    0,    0,    0,    0,    0,    0,    0,    0,    0,    0,    0,    0,    0,    0,    0,   -4,    0,   -4,    0,    0,    0,    0,   -4,    0,    0,    0,    0,    0,    0,    0,    0,  -51,    0,    0,    0,    0,    0,    0,    0,    0,    0,    0,    0,    0,    0,    0,   -4,    0,    0,    0,    0,    0,    0,    0,    0,    0,    0,    0,    0,    0,    0,    0,    0,    0,    0,    0,    0,    0,    0,    0,    0,    0,    0,    0,    0,    0,    0,    0,    0,    0,    0,    0,    0,    0,    0,    0,    0,    0,    0,    0,    0,    0,    0,    0,    0,    0,    0,    0,    0,    0,    0,    0,    0,    0,    0,    0,    0,    0,    0,    0,    0,    0,    0,    0,    0,    0,    0,    0,    0,    0,    0,    0,    0,    0,    0,    0,    0,    0,    0,    0,    0,    0,    0,    0,    0,    0,    0,    0,    0,    0,    0,    0,    0,    0,    0,    0,    0,    0,    0,    0,    0,    0,    0,    0,    0,    0,    0,   -4,    0,    0,    0,
       0,    0,    0,   -4,    0,    0,    0,    0,    0,    0,    0,    0,    0,    0,    0,    0,    0,    0,    0,   -4,    0,    0,   -4,   -4,   -1,   -2,  -51,   -7,  -25,  -19,   -5,  -39,   -5,  -13,   -9,    0,    0,    0,    0,    0,    0,    0,   13,    0,    0,    0,    0,    0,    0,    0,    0,    0,    0,    0,    0,   -8,    0,    0,    0,    0,    0,    0,    0,    0,    0,   -4,   -4,   -4,    0,    0,    0,    0,    0,    0,    0,    0,    0,    0,    0,    0,    0,    0,    0,    0,    0,    0,    0,    0,    0,    0,    0,    0,    0,    0,    0,    0,   -4,    0,   -4,    0,    0,    0,    0,   -4,    0,    0,    0,    0,    0,    0,    0,    0,  -51,    0,    0,    0,    0,    0,    0,    0,    0,    0,    0,    0,    0,    0,    0,   -4,    0,    0,    0,    0,    0,    0,    0,    0,    0,    0,    0,    0,    0,    0,    0,    0,    0,    0,    0,    0,    0,    0,    0,    0,    0,    0,    0,    0,    0,    0,    0,    0,    0,    0,    0,    0,    0,    0,    0,    0,    0,    0,    0,    0,    0,    0,    0,    0,    0,    0,    0,    0,    0,    0,    0,    0,    0,    0,    0,    0,    0,    0,    0,    0,    0,    0,    0,    0,    0,    0,    0,    0,    0,    0,    0,    0,    0,    0,    0,    0,    0,    0,    0,    0,    0,    0,    0,    0,    0,    0,    0,    0,    0,    0,    0,    0,    0,    0,    0,    0,    0,    0,    0,    0,    0,    0,    0,    0,    0,    0,   -4,    0,    0,    0,
       0,    0,    0,    0,    0,    0,    0,    0,    0,    0,    0,    0,    0,    0,    0,    0,    0,    0,    0,    0,    0,    0,   -5,   -4,    0,   -1,  -44,   -7,  -18,  -13,    0,  -31,    0,   -6,   -9,    0,    0,   -4,   -4,    0,    0,    0,    0,    0,    0,   -4,    0,    0,    0,    0,    0,    0,    0,    0,    0,   -9,    0,    0,    0,   -5,   -4,    0,    0,    0,    0,   -5,   -5,   -5,    0,    0,    0,    0,    0,   -4,   -4,   -4,    0,    0,    0,    0,   -7,   -4,   -4,   -4,   -4,    0,    0,    0,   -4,   -4,   -4,   -4,    0,    0,    0,    0,   -5,    0,   -5,    0,    0,    0,    0,   -5,    0,    0,    0,   -4,    0,    0,    0,    0,  -44,    0,    0,    0,   -4,    0,    0,    0,    0,    0,    0,    0,    0,   -4,    0,   -5,    0,   -4,    0,    0,    0,    0,    0,    0,    0,    0,    0,    0,    0,    0,    0,    0,    0,    0,    0,    0,    0,    0,    0,    0,    0,    0,    0,    0,    0,    0,    0,    0,    0,    0,    0,    0,    0,    0,    0,    0,    0,    0,    0,    0,    0,    0,    0,    0,    0,    0,    0,    0,    0,    0,    0,    0,    0,    0,    0,    0,    0,    0,    0,    0,    0,    0,    0,    0,    0,    0,    0,    0,    0,    0,    0,    0,    0,    0,    0,    0,    0,    0,    0,    0,    0,    0,    0,    0,    0,    0,    0,    0,    0,    0,    0,    0,    0,    0,    0,    0,   -4,   -4,    0,   -4,   -4,    0,    0,    0,    0,    0,    0,    0,    0,    0,
       0,    0,    0,    0,    0,    0,    0,    0,    0,    0,    0,    0,    0,    0,    0,    0,    0,    0,    0,    0,    0,    0,    0,    0,    0,    0,    0,    0,    0,    0,    0,    0,    0,    0,    0,    0,    0,    0,    0,    0,    0,    6,    6,    0,    0,    0,    0,    0,    0,    0,    0,    0,    0,    0,    0,    0,    0,    0,    0,    0,    0,    0,    0,    0,    0,    0,    0,    0,    0,    0,    0,    0,    0,    0,    0,    0,   34,    0,   16,   24,    0,    0,    0,    0,    0,    0,    0,    0,    0,    0,    0,    0,    0,    0,    0,    0,    0,   22,    0,   21,   43,    0,   17,    0,    0,    0,   20,    0,   11,    0,    0,    0,    0,    0,    0,    6,    0,    0,    0,    0,    0,    0,    0,    6,    0,    0,    6,    0,    6,    0,    0,    0,    0,    0,    0,    0,    0,    0,    0,    0,    0,    0,    0,    0,    0,    0,    0,    0,    0,    0,    0,    0,    0,    0,    0,    0,    0,    0,    0,    0,    0,    0,    0,    0,    0,    0,    0,    0,    0,    0,    0,    0,    0,    0,    0,    0,    0,    0,    0,    0,    0,    0,    0,    0,    0,    0,    0,    0,    0,    0,    0,    0,    0,    0,    0,    0,    0,    0,    0,    0,    0,    0,    0,    0,    0,    0,    0,    0,    0,    0,    0,    0,    0,    0,    0,    0,    0,    0,    0,    0,    0,    0,    0,    0,    0,    0,    0,    0,    0,    0,    6,    0,    0,    0,    0,    0,    0,    0,    0,    0,    0,    0,
       0,    0,   -6,    0,    0,  -25,  -24,  -20,    0,    0,    0,    0,    0,    0,    0,    0,    0,   -5,   -5,    0,    0,  -16,    0,   -1,  -20,    0,    0,    0,    4,    0,    0,    4,    0,    0,    0,  -21,    0,  -16,  -16,  -12,  -18,    0,    0,    0,  -12,  -16,  -18,  -12,  -14,  -13,  -11,  -15,  -13,  -18,    0,    0,   -4,    0,    0,  -12,   -4,    0,    0,  -11,    0,    0,    0,    0,    0,  -21,  -21,  -21,  -21,  -16,  -16,  -16,    0,    0,    0,    0,    0,  -16,  -16,  -16,  -16,  -14,  -21,  -21,  -16,  -16,  -16,  -16,  -18,  -18,    0,    0,    0,    0,    0,    0,    0,    0,    0,    0,    0,  -12,  -12,  -16,  -12,  -18,  -18,  -12,    0,  -18,  -21,    0,  -16,  -14,    0,  -18,  -18,    0,    0,    0,  -21,  -16,    0,    0,    0,  -16,  -12,  -14,    0,    0,    0,    0,    0,    0,    0,    0,    0,    0,    0,    0,    0,    0,    0,    0,    0,    0,    0,    0,    0,    0,    0,    0,    0,    0,    0,    0,    0,    0,    0,    0,    0,    0,    0,    0,    0,    0,    0,    0,    0,    0,    0,    0,    0,    0,    0,    0,    0,    0,    0,    0,    0,    0,    0,    0,    0,    0,    0,    0,    0,    0,    0,    0,    0,    0,    0,    0,    0,    0,    0,    0,    0,    0,    0,    0,    0,    0,    0,    0,    0,    0,    0,    0,    0,    0,    0,    0,    0,    0,    0,    0,    0,  -21,  -21,  -21,  -16,  -16,    0,  -16,   -4,    0,    0,  -21,    0,    0,    0,    0,  -12,  -12,
       0,    0,    0,    0,    0,  -10,   -6,  -14,    0,    0,    0,    0,    0,    0,    0,    0,    0,    0,    0,    0,    0,    0,    0,    0,    0,    0,    0,    0,    0,    0,    0,    0,    0,    0,   -5,    0,    0,    0,    0,    4,    0,    0,    0,    0,    0,    0,    0,    4,    0,    9,    8,    8,    9,    0,    0,   -4,  -13,    0,    3,    0,    0,    0,    4,    0,    0,    0,    0,    0,    0,    0,    0,    0,    0,    0,    0,    0,    0,    0,    0,    0,    0,    0,    0,    0,    0,    0,    0,    0,    0,    0,    0,    0,    0,    0,    0,    0,    0,    0,    0,    0,    0,    0,    0,    0,    0,    0,    0,    0,    0,    0,    0,    4,    0,    0,    0,    0,    0,    0,    0,    0,    0,    0,    0,    0,    0,    0,    0,    0,    0,    0,    0,    0,    0,    0,    0,    0,    0,    0,    0,    0,    0,    0,    0,    0,    0,    0,    0,    0,    0,    0,    0,    0,    0,    0,    0,    0,    0,    0,    0,    0,    0,    0,    0,    0,    0,    0,    0,    0,    0,    0,    0,    0,    0,    0,    0,    0,    0,    0,    0,    0,    0,    0,    0,    0,    0,    0,    0,    0,    0,    0,    0,    0,    0,    0,    0,    0,    0,    0,    0,    0,    0,    0,    0,    0,    0,    0,    0,    0,    0,    0,    0,    0,    0,    0,    0,    0,    0,    0,    0,    0,    0,    0,    0,    0,    0,    0,    0,    0,    0,    0,    0,    0,    0,    3,    1,  -10,    2,    2,    0,    0,    4,    4,
       0,    0,  -15,    4,    2,  -36,  -35,  -32,    0,    0,    0,    0,    0,    0,    0,    0,    0,  -20,  -19,    0,    0,  -21,    0,   -5,  -26,    0,    4,    0,   10,    7,    6,   10,    0,    4,    5,  -43,    0,  -39,  -38,  -18,  -40,    0,    0,    0,  -33,  -38,  -44,  -20,  -30,  -31,  -28,  -28,  -32,  -33,    0,    4,  -20,  -13,    0,  -32,  -23,    0,    0,  -30,    0,    0,    0,    0,    0,  -43,  -43,  -43,  -43,  -39,  -39,  -39,    0,    0,    0,    0,    0,  -39,  -39,  -39,  -39,  -30,  -43,  -43,  -39,  -39,  -39,  -39,  -40,  -40,    0,    0,    0,    0,    0,    0,    0,    0,    0,    0,    0,  -33,  -33,  -39,  -33,  -44,  -44,  -20,    4,  -33,  -43,    0,  -39,  -30,    0,  -40,  -40,    0,    0,    0,  -43,  -39,    0,    0,    0,  -39,  -33,  -30,    0,    0,    0,    0,    0,    0,    0,    0,    0,    0,    0,    0,    0,    0,    0,    0,    0,    0,    0,    0,    0,    0,    0,    0,    0,    0,    0,    0,    0,    0,    0,    0,    0,    0,    0,    0,    0,    0,    0,    0,    0,    0,    0,    0,    0,    0,    0,    0,    0,    0,    0,    0,    0,    0,    0,    0,    0,    0,    0,    0,    0,    0,    0,    0,    0,    0,    0,    0,    0,    0,    0,    0,    0,    0,    0,    0,    0,    0,    0,    0,    0,    0,    0,    0,    0,    0,    0,    0,    0,    0,    0,    0,    0,  -43,  -43,  -43,  -39,  -39,    0,  -39,  -23,    0,    0,  -32,    0,    0,    2,    0,  -18,  -18,
       0,    0,    0,    0,    2,  -10,  -10,  -15,    0,    0,    0,    0,    0,    0,    0,    0,    0,    0,    0,    0,    0,    0,    0,    0,    0,    0,    0,    0,    0,    0,    0,    0,    0,    0,   -4,    0,    0,   -2,   -1,    4,    0,    0,    0,    0,    0,   -1,    0,    5,    0,   10,    9,    9,   10,    0,    0,   -4,  -14,    0,    4,  -10,    0,    0,    5,    0,    0,    0,    0,    0,    0,    0,    0,    0,    0,   -2,   -2,   -2,    0,    0,    0,    0,    0,   -2,   -2,   -2,   -2,    0,    0,    0,   -2,   -2,   -2,   -2,    0,    0,    0,    0,    0,    0,    0,    0,    0,    0,    0,    0,    0,    0,    0,   -2,    0,    0,    0,    5,    0,    0,    0,    0,   -2,    0,    0,    0,    0,    0,    0,    0,    0,   -2,    0,    0,    0,   -2,    0,    0,    0,    0,    0,    0,    0,    0,    0,    0,    0,    0,    0,    0,    0,    0,    0,    0,    0,    0,    0,    0,    0,    0,    0,    0,    0,    0,    0,    0,    0,    0,    0,    0,    0,    0,    0,    0,    0,    0,    0,    0,    0,    0,    0,    0,    0,    0,    0,    0,    0,    0,    0,    0,    0,    0,    0,    0,    0,    0,    0,    0,    0,    0,    0,    0,    0,    0,    0,    0,    0,    0,    0,    0,    0,    0,    0,    0,    0,    0,    0,    0,    0,    0,    0,    0,    0,    0,    0,    0,    0,    0,    0,    0,    0,    0,    0,    0,   -2,   -2,    0,   -2,    0,    4,    2,  -14,    3,    3,    0,    0,    4,    4,
       0,    0,    0,    0,    0,    0,    0,    0,    0,    0,    0,    0,    0,    0,    0,    0,    0,    0,    0,    0,    0,    0,   -5,   -4,    0,   -1,  -44,   -7,  -18,  -13,    0,  -31,    0,   -6,  -10,    0,    0,   -4,   -4,    0,    0,    0,    0,    0,    0,   -4,    0,    0,    0,    0,    0,    0,    0,    0,    0,   -9,    0,    0,    0,   -5,   -4,    0,    0,    0,    0,   -5,   -5,   -5,    0,    0,    0,    0,    0,   -4,   -4,   -4,    3,    0,    0,    0,   -7,   -4,   -4,   -4,   -4,    0,    0,    0,   -4,   -4,   -4,   -4,    0,    0,    0,    0,   -5,    0,   -5,    0,    3,    0,    0,   -5,    0,    0,    0,   -4,    0,    0,    0,    0,  -44,    0,    0,    9,   -4,    0,    0,    0,    0,    0,    0,   10,    0,   -4,   25,   -5,    0,   -4,    6,    0,    0,    0,    0,    0,    0,    0,    0,    0,    0,    0,    0,    0,    0,    0,    0,    0,    0,    0,    0,    0,    0,    0,    0,    0,    0,    0,    0,    0,    0,    0,    0,    0,    0,    0,    0,    0,    0,    0,    0,    0,    0,    0,    0,    0,    0,    0,    0,    0,    0,    0,    0,    0,    0,    0,    0,    0,    0,    0,    0,    0,    0,    0,    0,    0,    0,    0,    0,    0,    0,    0,    0,    0,    0,    0,    0,    0,    0,    0,    0,    0,    0,    0,    0,    0,    0,    0,    0,    0,    0,    0,    0,    0,    0,    0,    4,    0,   -4,   -4,    0,   -4,   -4,    0,    0,    0,    0,    0,    0,    0,    0,    0,
       4,   12,    0,   16,    3,    0,    0,    0,    0,    0,    0,    0,    0,    0,    0,    0,    0,    0,    0,    4,    0,   -1,   -4,   -4,   -1,   -3,   -1,   -5,    0,   -2,    0,    0,   -3,   15,   17,    0,    6,    0,    0,    0,    0,    2,    2,    6,    0,    0,    0,    0,    0,    0,    0,    0,    0,    0,    4,   17,    0,    0,    4,    0,    0,    0,    0,    0,    0,   -4,   -4,   -4,    6,    0,    0,    0,    0,    0,    0,    0,    2,    2,    2,    3,    0,    0,    0,    0,    0,    0,    0,    0,    0,    0,    0,    0,    0,    0,    6,    6,   -4,    2,   -4,    2,    2,    2,    2,   -4,    6,    0,    0,    0,    0,    0,    0,    0,   -1,    0,    0,    2,    0,    0,    0,    0,    0,    0,    0,    2,    0,    0,   16,   -4,    2,    0,    0,    0,    0,    0,    0,    0,    0,    0,    0,    0,    0,    0,    0,    0,    0,    0,    0,    0,    0,    0,    0,    0,    0,    0,    0,    0,    0,    0,    0,    0,    0,    0,    0,    0,    0,    0,    0,    0,    0,    0,    0,    0,    0,    0,    0,    0,    0,    0,    0,    0,    0,    0,    0,    0,    0,    0,    0,    0,    0,    0,    0,    0,    0,    0,    0,    0,    0,    0,    0,    0,    0,    0,    0,    0,    0,    0,    0,    0,    0,    0,    0,    0,    0,    0,    0,    0,    0,    0,    0,    0,    0,    0,    0,    0,    0,    0,    0,    0,    0,    0,    2,    0,    0,    5,   11,    0,   11,   11,   12,    0,    0,    0,
       0,    0,    2,    0,    0,    0,    0,    0,    0,    0,    0,    0,    0,    0,    0,    0,    0,    0,    0,    0,    0,   -3,    0,    0,    0,    0,   -1,    0,   -6,   -2,    0,   -8,    0,    0,   -4,   -1,   -2,   -4,   -4,   -7,   -5,   -2,   -2,   -2,   -4,   -4,   -3,   -7,   -4,   -8,   -5,   -4,   -9,   -4,    0,    0,  -13,    0,    0,    0,    0,    0,    0,    0,   -4,    0,    0,    0,   -2,   -1,   -1,   -1,   -1,   -4,   -4,   -4,   -2,   -2,   -2,   -1,   -3,   -4,   -4,   -4,   -4,   -4,   -1,   -1,   -4,   -4,   -4,   -4,   -5,   -5,   -2,   -2,    0,   -2,    0,   -2,   -2,   -2,   -2,    0,   -2,   -4,   -4,   -4,   -4,   -3,   -3,   -7,   -1,   -4,   -1,   -2,   -4,   -4,   -3,   -5,   -5,    0,   -6,   -2,   -1,   -4,   -2,    0,   -2,   -4,   -4,   -4,   -6,    0,    0,    0,    0,    0,    0,    0,    0,    0,    0,    0,    0,    0,    0,    0,    0,    0,    0,    0,    0,    0,    0,    0,    0,    0,    0,    0,    0,    0,    0,    0,    0,    0,    0,    0,    0,    0,    0,    0,    0,    0,    0,    0,    0,    0,    0,    0,    0,    0,    0,    0,    0,    0,    0,    0,    0,    0,    0,    0,    0,    0,    0,    0,    0,    0,    0,    0,    0,    0,    0,    0,    0,    0,    0,    0,    0,    0,    0,    0,    0,    0,    0,    0,    0,    0,    0,    0,    0,    0,    0,    0,    0,   -1,   -1,   -1,   -4,   -4,   -2,   -4,    0,    0,    0,    0,    0,    0,    0,    0,   -7,   -7,
       0,    0,    0,    3,    0,    0,    0,    4,    0,    0,    0,    0,    0,    0,    0,    0,    0,    0,    0,    0,    0,   -1,   -5,   -3,    0,   -2,  -46,   -6,  -18,  -12,   -1,  -32,   -1,   -6,    0,    0,    0,   -4,   -3,    0,   -1,    0,   12,    0,    0,   -3,    0,    0,    0,    0,    0,    8,    0,    0,    0,    1,   -4,    0,    0,    0,    0,    0,    0,    0,    0,   -5,   -5,   -5,    0,    0,    0,    0,    0,   -4,   -4,   -4,    0,    0,    0,    0,   -5,   -4,   -4,   -4,   -4,    0,    0,    0,   -4,   -4,   -4,   -4,   -1,   -1,    0,    0,   -5,    0,   -5,    0,    0,    0,    0,   -5,    0,    0,    0,   -4,    0,    0,    0,    0,  -46,    0,    0,    0,   -4,    0,    0,   -1,   -1,    0,    0,    0,    0,   -4,    0,   -5,    0,   -4,    0,    0,    0,    0,    0,    0,    0,    0,    0,    0,    0,    0,    0,    0,    0,    0,    0,    0,    0,    0,    0,    0,    0,    0,    0,    0,    0,    0,    0,    0,    0,    0,    0,    0,    0,    0,    0,    0,    0,    0,    0,    0,    0,    0,    0,    0,    0,    0,    0,    0,    0,    0,    0,    0,    0,    0,    0,    0,    0,    0,    0,    0,    0,    0,    0,    0,    0,    0,    0,    0,    0,    0,    0,    0,    0,    0,    0,    0,    0,    0,    0,    0,    0,    0,    0,    0,    0,    0,    0,    0,    0,    0,    0,    0,    0,    0,    0,    0,   -4,   -4,    0,   -4,    0,    0,    0,    0,    0,    0,    0,    0,    0,    0,
       0,    0,    0,    0,    0,    0,    0,    0,    0,    0,    0,    0,    0,    0,    0,    0,    0,    0,    0,    0,    0,   -6,    0,    0,   -3,    0,    0,    0,   -5,   -2,   -1,   -6,    0,    0,    0,   -4,   -5,   -3,   -2,  -13,   -7,   -4,   -4,   -5,   -5,   -2,   -6,  -12,   -5,  -13,   -9,  -17,  -14,  -12,    0,    0,    0,    0,    0,    0,    0,    0,    0,    0,    0,    0,    0,    0,   -5,   -4,   -4,   -4,   -4,   -3,   -3,   -3,   -4,   -4,   -4,   -4,    0,   -3,   -3,   -3,   -3,   -5,   -4,   -4,   -3,   -3,   -3,   -3,   -7,   -7,   -5,   -5,    0,   -4,    0,   -4,   -4,   -4,   -4,    0,   -5,   -5,   -5,   -3,   -5,   -6,   -6,  -12,    0,  -12,   -4,   -4,   -3,   -5,    0,   -7,   -7,    0,    0,   -4,   -4,   -3,   -4,    0,   -4,   -3,   -5,   -5,    0,    0,    0,    0,    0,    0,    0,    0,    0,    0,    0,    0,    0,    0,    0,    0,    0,    0,    0,    0,    0,    0,    0,    0,    0,    0,    0,    0,    0,    0,    0,    0,    0,    0,    0,    0,    0,    0,    0,    0,    0,    0,    0,    0,    0,    0,    0,    0,    0,    0,    0,    0,    0,    0,    0,    0,    0,    0,    0,    0,    0,    0,    0,    0,    0,    0,    0,    0,    0,    0,    0,    0,    0,    0,    0,    0,    0,    0,    0,    0,    0,    0,    0,    0,    0,    0,    0,    0,    0,    0,    0,    0,    0,   -4,   -4,   -4,   -3,   -3,   -4,   -3,    0,    0,    0,    0,    0,    0,    0,    0,  -13,  -13,
       0,    0,    0,    0,    0,    0,    0,    0,    0,    0,    0,    0,    0,    0,    0,    0,    0,    0,    0,    0,    0,    0,    0,    0,    0,    0,    0,    0,    0,    0,    0,    0,    0,  -14,    0,    0,    0,   -3,   -2,   -1,    0,    0,    0,    0,    0,   -2,    0,    0,    0,   -3,   -1,    0,   -3,    0,    0,    0,    0,    0,    0,   -8,   -4,    0,    0,    0,    0,    0,    0,    0,    0,    0,    0,    0,    0,   -3,   -3,   -3,    0,    0,    0,    0,    0,   -3,   -3,   -3,   -3,    0,    0,    0,   -3,   -3,   -3,   -3,    0,    0,    0,    0,    0,    0,    0,    0,    0,    0,    0,    0,    0,    0,    0,   -3,    0,    0,    0,    0,    0,    0,    0,    0,   -3,    0,    0,    0,    0,    0,    0,    0,    0,   -3,    0,    0,    0,   -3,    0,    0,    0,    0,    0,    0,    0,    0,    0,    0,    0,    0,    0,    0,    0,    0,    0,    0,    0,    0,    0,    0,    0,    0,    0,    0,    0,    0,    0,    0,    0,    0,    0,    0,    0,    0,    0,    0,    0,    0,    0,    0,    0,    0,    0,    0,    0,    0,    0,    0,    0,    0,    0,    0,    0,    0,    0,    0,    0,    0,    0,    0,    0,    0,    0,    0,    0,    0,    0,    0,    0,    0,    0,    0,    0,    0,    0,    0,    0,    0,    0,    0,    0,    0,    0,    0,    0,    0,    0,    0,    0,    0,    0,    0,    0,    0,    0,    0,   -3,   -3,    0,   -3,   -4,    0,    0,    0,    0,    0,   -4,    0,   -1,   -1,
       3,   11,    0,   15,    2,    0,    0,    0,    0,    0,    0,    0,    0,    0,    0,    0,    0,    0,    0,    3,    0,   -1,   -4,   -4,   -1,   -3,   -1,   -5,    0,   -2,    0,    0,   -3,   14,   16,    0,    5,    0,    0,    0,    0,    0,    0,    5,    0,    0,    0,    0,    0,    0,    0,    0,    0,    0,    3,   15,    0,    0,    4,    0,    0,    0,    0,    0,    0,   -4,   -4,   -4,    5,    0,    0,    0,    0,    0,    0,    0,    0,    0,    0,    3,    0,    0,    0,    0,    0,    0,    0,    0,    0,    0,    0,    0,    0,    0,    5,    5,   -4,    0,   -4,    0,    0,    0,    0,   -4,    5,    0,    0,    0,    0,    0,    0,    0,   -1,    0,    0,    0,    0,    0,    0,    0,    0,    0,    0,    0,    0,    0,   16,   -4,    0,    0,    0,    0,    0,    0,    0,    0,    0,    0,    0,    0,    0,    0,    0,    0,    0,    0,    0,    0,    0,    0,    0,    0,    0,    0,    0,    0,    0,    0,    0,    0,    0,    0,    0,    0,    0,    0,    0,    0,    0,    0,    0,    0,    0,    0,    0,    0,    0,    0,    0,    0,    0,    0,    0,    0,    0,    0,    0,    0,    0,    0,    0,    0,    0,    0,    0,    0,    0,    0,    0,    0,    0,    0,    0,    0,    0,    0,    0,    0,    0,    0,    0,    0,    0,    0,    0,    0,    0,    0,    0,    0,    0,    0,    0,    0,    0,    0,    0,    0,    0,    0,    0,    0,    0,    4,   11,    0,   11,   11,   10,    0,    0,    0,
       0,    0,    0,   -4,    0,  -34,  -32,  -19,    0,    0,    0,    0,    0,    0,    0,    0,    0,    0,    0,    0,    0,  -23,    0,    0,  -31,   -1,   -2,    0,   -6,   -2,  -12,   -9,   -8,    0,  -11,  -12,   -6,  -11,  -12,    0,  -11,   -6,   -6,   -6,   -8,  -12,   -8,    0,   -6,    0,    0,   -2,    0,   -4,    0,   -9,    0,    0,    0,    0,    0,    0,    0,    0,    0,    0,    0,    0,   -6,  -12,  -12,  -12,  -12,  -11,  -11,  -11,   -6,   -6,   -6,   -6,    0,  -11,  -11,  -11,  -11,   -6,  -12,  -12,  -11,  -11,  -11,  -11,  -11,  -11,   -6,   -6,    0,   -6,    0,   -6,   -6,   -6,   -6,    0,   -6,   -8,   -8,  -11,   -8,   -8,   -8,    0,   -2,   -4,  -12,   -6,  -11,   -6,    0,  -11,  -11,    0,    0,   -6,  -12,  -11,   -6,    0,   -6,  -11,   -8,   -6,    0,    0,    0,    0,    0,    0,    0,    0,    0,    0,    0,    0,    0,    0,    0,    0,    0,    0,    0,    0,    0,    0,    0,    0,    0,    0,    0,    0,    0,    0,    0,    0,    0,    0,    0,    0,    0,    0,    0,    0,    0,    0,    0,    0,    0,    0,    0,    0,    0,    0,    0,    0,    0,    0,    0,    0,    0,    0,    0,    0,    0,    0,    0,    0,    0,    0,    0,    0,    0,    0,    0,    0,    0,    0,    0,    0,    0,    0,    0,    0,    0,    0,    0,    0,    0,    0,    0,    0,    0,    0,    0,    0,    0,  -12,  -12,  -12,  -11,  -11,   -6,  -11,    0,    0,    0,  -28,    0,    0,    0,    0,    0,    0,
       0,  -10,    0,  -14,  -13,    0,    0,    0,    0,    0,    0,    0,    0,    0,    0,    0,    0,    0,    0,  -14,    0,   -7,   -7,   -3,  -15,   -7,  -58,   -9,  -35,  -26,  -18,  -51,  -11,  -21,  -16,    0,    0,    0,    0,   -5,   -1,    0,    0,    0,    0,    0,    0,   -4,    0,   -7,   -4,  -10,   -7,   -5,    0,  -14,    0,    0,   -4,    0,    0,    0,   -6,    0,    0,   -7,   -7,   -7,    0,    0,    0,    0,    0,    0,    0,    0,    0,    0,    0,    0,    0,    0,    0,    0,    0,    0,    0,    0,    0,    0,    0,    0,   -1,   -1,    0,    0,   -7,    0,   -7,    0,    0,    0,    0,   -7,    0,    0,    0,    0,    0,    0,    0,   -4,  -58,   -5,    0,    0,    0,    0,    0,   -1,   -1,    0,   -3,    0,    0,    0,    0,   -7,    0,    0,    0,    0,   -3,    0,    0,    0,    0,    0,    0,    0,    0,    0,    0,    0,    0,    0,    0,    0,    0,    0,    0,    0,    0,    0,    0,    0,    0,    0,    0,    0,    0,    0,    0,    0,    0,    0,    0,    0,    0,    0,    0,    0,    0,    0,    0,    0,    0,    0,    0,    0,    0,    0,    0,    0,    0,    0,    0,    0,    0,    0,    0,    0,    0,    0,    0,    0,    0,    0,    0,    0,    0,    0,    0,    0,    0,    0,    0,    0,    0,    0,    0,    0,    0,    0,    0,    0,    0,    0,    0,    0,    0,    0,    0,    0,    0,    0,    0,    0,    0,    0,    0,    0,    0,  -20,  -10,    0,  -11,  -11,  -14,    0,   -5,   -5,
       0,    0,    0,    0,    0,    0,    0,    0,    0,    0,    0,    0,    0,    0,    0,    0,    0,    0,    0,    0,    0,    0,    0,    0,    0,    0,    0,    0,    0,    0,    0,    0,    0,    0,    3,   -7,   -4,   -7,   -7,   -7,   -8,   -4,   -4,   -4,   -4,   -7,   -7,   -7,   -4,   -6,   -4,   -2,   -5,   -5,    0,    2,    0,    0,    0,    0,    0,    0,    0,    0,    0,    0,    0,    0,   -4,   -7,   -7,   -7,   -7,   -7,   -7,   -7,   -4,   -4,   -5,   -4,   -8,   -7,   -7,   -7,   -7,   -4,   -7,   -7,   -7,   -7,   -7,   -7,   -8,   -8,   -4,   -4,    0,   -4,    0,   -4,   -4,   -4,   -4,    0,   -4,   -4,   -4,   -7,   -4,   -7,   -7,   -7,    0,   -5,   -7,   -4,   -7,   -4,   -7,   -8,   -8,    0,   -4,   -4,   -7,   -7,   -4,    0,   -4,   -7,   -4,   -4,   -4,    0,    0,    0,    0,    0,    0,    0,    0,    0,    0,    0,    0,    0,    0,    0,    0,    0,    0,    0,    0,    0,    0,    0,    0,    0,    0,    0,    0,    0,    0,    0,    0,    0,    0,    0,    0,    0,    0,    0,    0,    0,    0,    0,    0,    0,    0,    0,    0,    0,    0,    0,    0,    0,    0,    0,    0,    0,    0,    0,    0,    0,    0,    0,    0,    0,    0,    0,    0,    0,    0,    0,    0,    0,    0,    0,    0,    0,    0,    0,    0,    0,    0,    0,    0,    0,    0,    0,    0,    0,    0,    0,    0,   -7,   -7,   -7,   -7,   -7,   -4,   -7,    0,    0,    0,    0,    0,    0,    0,    0,   -7,   -7,
       0,    0,    0,    0,    0,    0,    0,    0,    0,    0,    0,    0,    0,    0,    0,    0,    0,    0,    0,    0,    0,   -1,   -4,   -4,   -1,   -3,   -1,   -5,    0,   -2,    0,    0,   -3,    0,    0,    0,    0,    0,    0,    0,    0,    0,    0,    0,    0,    0,    0,    0,    0,    0,    0,    0,    0,    0,    0,    0,    0,    0,    0,    0,    0,    0,    4,    0,    0,   -4,   -4,   -4,    0,    0,    0,    0,    0,    0,    0,    0,    0,    0,    0,    3,    0,    0,    0,    0,    0,    0,    0,    0,    0,    0,    0,    0,    0,    0,    0,    0,   -4,    0,   -4,    0,    0,    0,    0,   -4,    0,    0,    0,    0,    0,    0,    0,    0,   -1,    0,    0,    0,    0,    0,    0,    0,    0,    0,    0,    0,    0,    0,   16,   -4,    0,    0,    0,    0,    0,    0,    0,    0,    0,    0,    0,    0,    0,    0,    0,    0,    0,    0,    0,    0,    0,    0,    0,    0,    0,    0,    0,    0,    0,    0,    0,    0,    0,    0,    0,    0,    0,    0,    0,    0,    0,    0,    0,    0,    0,    0,    0,    0,    0,    0,    0,    0,    0,    0,    0,    0,    0,    0,    0,    0,    0,    0,    0,    0,    0,    0,    0,    0,    0,    0,    0,    0,    0,    0,    0,    0,    0,    0,    0,    0,    0,    0,    0,    0,    0,    0,    0,    0,    0,    0,    0,    0,    0,    0,    0,    0,    0,    0,    0,    0,    0,    0,    0,    0,    0,    2,    0,    0,    1,    1,    0,    0,    0,    0,
       0,    0,    0,    0,    0,    0,    0,    0,    0,    0,    0,    0,    0,    0,    0,    0,    0,    0,    0,    0,    0,    0,    0,    0,    0,    0,    0,    0,    0,    0,    0,    0,    0,    0,   10,   -7,   -4,   -7,   -7,   -7,   -8,   -4,   -4,   -4,   -4,   -7,   -7,   -7,   -4,   -6,   -4,   -2,   -5,   -5,    0,   10,    0,    0,    0,    0,    0,    0,    0,    0,    0,    0,    0,    0,   -4,   -7,   -7,   -7,   -7,   -7,   -7,   -7,   -4,   -4,   -5,   -4,   -8,   -7,   -7,   -7,   -7,   -4,   -7,   -7,   -7,   -7,   -7,   -7,   -8,   -8,   -4,   -4,    0,   -4,    0,   -4,   -4,   -4,   -4,    0,   -4,   -4,   -4,   -7,   -4,   -7,   -7,   -7,    0,   -5,   -7,   -4,   -7,   -4,   -7,   -8,   -8,    0,   -4,   -4,   -7,   -7,   -4,    0,   -4,   -7,   -4,   -4,   -4,    0,    0,    0,    0,    0,    0,    0,    0,    0,    0,    0,    0,    0,    0,    0,    0,    0,    0,    0,    0,    0,    0,    0,    0,    0,    0,    0,    0,    0,    0,    0,    0,    0,    0,    0,    0,    0,    0,    0,    0,    0,    0,    0,    0,    0,    0,    0,    0,    0,    0,    0,    0,    0,    0,    0,    0,    0,    0,    0,    0,    0,    0,    0,    0,    0,    0,    0,    0,    0,    0,    0,    0,    0,    0,    0,    0,    0,    0,    0,    0,    0,    0,    0,    0,    0,    0,    0,    0,    0,    0,    0,    0,   -7,   -7,   -7,   -7,   -7,   -4,   -7,    0,    0,    0,    0,    0,    0,    0,    0,   -7,   -7,
       0,    6,    0,    2,    7,    0,    0,    0,    0,    0,    0,    0,    0,    0,    0,    0,    0,    0,    0,    6,    0,   -1,   -4,   -4,   -1,   -3,   -1,   -5,    0,   -2,    0,    0,   -3,    0,    0,    0,    0,    0,    0,    0,    0,    0,    0,    0,    0,    0,    0,    0,    0,    0,    0,    0,    0,    0,    0,    1,    0,    0,    0,    0,    0,    0,   10,    0,    0,   -4,   -4,   -4,    0,    0,    0,    0,    0,    0,    0,    0,    0,    0,    0,    3,    0,    0,    0,    0,    0,    0,    0,    0,    0,    0,    0,    0,    0,    0,    0,    0,   -4,    0,   -4,    0,    0,    0,    0,   -4,    0,    0,    0,    0,    0,    0,    0,    0,   -1,    0,    0,    0,    0,    0,    0,    0,    0,    0,    0,    0,    0,    0,   16,   -4,    0,    0,    0,    0,    0,    0,    0,    0,    0,    0,    0,    0,    0,    0,    0,    0,    0,    0,    0,    0,    0,    0,    0,    0,    0,    0,    0,    0,    0,    0,    0,    0,    0,    0,    0,    0,    0,    0,    0,    0,    0,    0,    0,    0,    0,    0,    0,    0,    0,    0,    0,    0,    0,    0,    0,    0,    0,    0,    0,    0,    0,    0,    0,    0,    0,    0,    0,    0,    0,    0,    0,    0,    0,    0,    0,    0,    0,    0,    0,    0,    0,    0,    0,    0,    0,    0,    0,    0,    0,    0,    0,    0,    0,    0,    0,    0,    0,    0,    0,    0,    0,    0,    0,    0,    0,    8,    0,    0,    9,    9,    2,    0,    0,    0,
       0,  -26,    0,    0,  -27,    0,    0,    0,    0,    0,    0,    0,    0,    0,    0,    0,    0,    0,    0,  -11,    0,    0,    0,    0,    0,    0,    0,    0,    0,    0,    0,    0,    0,  -33,  -11,    0,    0,    0,    0,    0,    0,    0,    0,    0,    0,    0,    0,    0,    0,    0,    0,    0,    0,    0,    0,  -11,    0,    0,    0,  -12,  -14,    0,    0,    0,    0,    0,    0,    0,    0,    0,    0,    0,    0,    0,    0,    0,    0,    0,    0,    0,    0,    0,    0,    0,    0,    0,    0,    0,    0,    0,    0,    0,    0,    0,    0,    0,    0,    0,    0,    0,    0,    0,    0,    0,    0,    0,    0,    0,    0,    0,    0,    0,    0,    0,    0,    0,    0,    0,    0,    0,    0,    0,    0,    0,    0,    0,    0,    0,    0,    0,    0,    0,    0,    0,    0,    0,    0,    0,    0,    0,    0,    0,    0,    0,    0,    0,    0,    0,    0,    0,    0,    0,    0,    0,    0,    0,    0,    0,    0,    0,    0,    0,    0,    0,    0,    0,    0,    0,    0,    0,    0,    0,    0,    0,    0,    0,    0,    0,    0,    0,    0,    0,    0,    0,    0,    0,    0,    0,    0,    0,    0,    0,    0,    0,    0,    0,    0,    0,    0,    0,    0,    0,    0,    0,    0,    0,    0,    0,    0,    0,    0,    0,    0,    0,    0,    0,    0,    0,    0,    0,    0,    0,    0,    0,    0,    0,    0,    0,    0,    0,    0,    0,  -14,    0,  -26,    0,    0,    0,  -14,    0,    0,    0,
       0,    0,    0,    0,    0,    0,    0,    0,    0,    0,    0,    0,    0,    0,    0,    0,    0,    0,    0,    0,    0,    0,    0,    0,    0,    0,    0,    0,    0,    0,    0,    0,    0,    0,    0,    0,    0,    0,    0,    0,    0,    0,    0,    0,    0,    0,    0,    0,    0,    0,    0,    0,    0,    0,    0,    0,    0,    0,    0,   -4,    0,    0,    0,    0,    0,    0,    0,    0,    0,    0,    0,    0,    0,    0,    0,    0,    0,    0,    0,    0,    0,    0,    0,    0,    0,    0,    0,    0,    0,    0,    0,    0,    0,    0,    0,    0,    0,    0,    0,    0,    0,    0,    0,    0,    0,    0,    0,    0,    0,    0,    0,    0,    0,    0,    0,    0,    0,    0,    0,    0,    0,    0,    0,    0,    0,    0,    0,    0,    0,    0,    0,    0,    0,    0,    0,    0,   -7,    0,    0,    0,    0,    0,    0,    0,    0,    0,   -9,    0,    0,    0,    0,    0,   -3,  -14,   -7,    0,  -11,    0,   -4,   -7,    0,  -11,  -10,    0,  -12,  -10,   -4,    0,  -11,    0,   -4,   -1,    2,   -1,    0,   -7,  -10,   -5,  -14,   -3,  -10,    0,    0,    0,    0,    0,   -3,    0,  -13,    0,  -10,  -10,  -10,    0,   -7,    0,  -11,    0,  -10,    0,  -10,    0,   -6,  -18,    0,   -3,   -3,    0,  -11,   -2,   -8,   -8,   -4,    0,  -12,   -7,   -7,  -11,  -11,   -4,  -10,  -10,  -12,    0,    0,    0,    0,    0,    0,    0,    0,    0,    0,    0,    0,    0,    0,    0,    0,    0,    0,    0,
       0,  -18,    0,    0,  -20,    0,    0,    0,    0,    0,    0,    0,    0,    0,    0,    0,    0,    0,    0,   -5,    0,    0,    0,    0,    0,    0,    0,    0,    0,    0,    0,    0,    0,  -14,   -5,    0,    0,    0,    0,    0,    0,    0,    0,    0,    0,    0,    0,    0,    0,    0,    0,    0,    0,    0,    0,   -4,    0,    0,    0,    0,    0,    0,    0,    0,    0,    0,    0,    0,    0,    0,    0,    0,    0,    0,    0,    0,    0,    0,    0,    0,    0,    0,    0,    0,    0,    0,    0,    0,    0,    0,    0,    0,    0,    0,    0,    0,    0,    0,    0,    0,    0,    0,    0,    0,    0,    0,    0,    0,    0,    0,    0,    0,    0,    0,    0,    0,    0,    0,    0,    0,    0,    0,    0,    0,    0,    0,    0,    0,    0,    0,    0,    0,    0,    0,    0,  -28,    0,    0,    0,    0,    0,  -21,   -2,    0,   -3,    0,    0,   -4,   -7,  -25,    0,   -2,    0,   -1,   -1,   -1,    0,   -7,   -5,   -1,    0,  -27,  -14,   -9,   -2,  -24,   -5,   -4,    0,    0,    0,    0,    0,   -1,    0,   -1,  -14,    0,    0,    0,    0,    0,    0,    0,    0,    0,    0,    0,    0,    0,    0,    0,    0,    0,   -1,    0,  -27,    0,    0,    0,    0,   -9,    0,    0,    0,    0,    0,    0,    0,    0,    0,    0,   -5,    0,    0,   -1,    0,    0,    0,   -5,  -14,  -14,   -2,   -4,   -9,    0,    0,    0,    0,    0,    0,    0,    0,  -18,  -18,    0,  -18,  -18,   -9,    0,    0,    0,
       0,    0,    0,    0,    0,  -44,  -46,  -36,    0,    0,    0,    0,    0,    0,    0,    0,    0,  -30,  -31,    0,    0,    0,    0,    0,    0,    0,    0,    0,    0,    0,    0,    0,    0,    0,    0,    0,    0,    0,    0,    0,    0,    0,    0,    0,    0,    0,    0,    0,    0,    0,    0,    0,    0,    0,    0,    0,    0,    0,    0,  -48,  -37,    0,    0,  -41,    0,    0,    0,    0,    0,    0,    0,    0,    0,    0,    0,    0,    0,    0,    0,    0,    0,    0,    0,    0,    0,    0,    0,    0,    0,    0,    0,    0,    0,    0,    0,    0,    0,    0,    0,    0,    0,    0,    0,    0,    0,    0,    0,    0,    0,    0,    0,    0,    0,    0,    0,    0,    0,    0,    0,    0,    0,    0,    0,    0,    0,    0,    0,    0,    0,    0,    0,    0,    0,    0,    0,    0,  -17,   -2,    0,  -43,  -31,    0,  -42,  -35,    0,    0,  -18,    0,    0,    0,    0,  -21,  -69,  -37,  -54,  -91,  -81,  -48,  -59,  -54,  -91,  -46,  -46,  -45,  -52,  -47,  -60,  -77, -128,   11,  -69,   -1,    5,   -1,    5,  -54,  -46,   -8,  -49,  -11,  -40,  -43,  -99,    0,  -47,    0,  -29,    0,  -49,    0,  -48,  -65,  -52,    0,  -54,    0,  -46,    0,  -46,    0,  -46,  -45,    0,  -59,    0, -112, -120,  -52, -128,   -1,  -64, -114,  -95,    0,  -49,  -54,  -17, -128, -128, -101,  -46,  -46,  -94,    0,  -45,    0,    0,    0,    0,    0,    0,    0,  -37,    0,    0,  -42,    0,    0,    0,    0,    0,    0,
       0,    0,    0,    0,    0,    0,    0,    0,    0,    0,    0,    0,    0,    0,    0,    0,    0,    0,    0,    0,    0,    0,    0,    0,    0,    0,    0,    0,    0,    0,    0,    0,    0,    0,    0,    0,    0,    0,    0,    0,    0,    0,    0,    0,    0,    0,    0,    0,    0,    0,    0,    0,    0,    0,    0,    0,    0,    0,    0,    0,    0,    0,    0,    0,    0,    0,    0,    0,    0,    0,    0,    0,    0,    0,    0,    0,    0,    0,    0,    0,    0,    0,    0,    0,    0,    0,    0,    0,    0,    0,    0,    0,    0,    0,    0,    0,    0,    0,    0,    0,    0,    0,    0,    0,    0,    0,    0,    0,    0,    0,    0,    0,    0,    0,    0,    0,    0,    0,    0,    0,    0,    0,    0,    0,    0,    0,    0,    0,    0,    0,    0,    0,    0,    0,    0,    0,   -7,    0,    0,    0,    0,    0,    0,    0,    0,    0,  -11,    0,    0,    0,    0,   -2,   -1,  -11,   -5,    0,   -8,    0,   -3,   -5,    0,  -12,  -11,    0,  -16,  -11,   -3,   -4,   -8,    0,    0,   -1,    6,   -1,    0,   -5,  -11,    0,    0,    0,    0,    0,    0,    0,    0,    0,    0,    0,    0,    0,    0,    0,    0,    0,   -5,    0,  -12,    0,    0,    0,    0,    0,    0,    0,    0,   -1,   -1,    0,   -8,    0,   -4,   -4,   -3,    0,    0,   -5,   -7,   -8,   -8,   -3,  -11,  -11,  -16,    0,    0,    0,    0,    0,    0,    0,    0,    0,    0,    0,    0,    0,    0,    0,    0,    0,    0,    0,
       0,    0,    0,    0,    0,    0,    0,    0,    0,    0,    0,    0,    0,    0,    0,    0,    0,    0,    0,    0,    0,    0,    0,    0,    0,    0,    0,    0,    0,    0,    0,    0,    0,    0,   -4,    0,    0,    0,    0,    0,    0,    0,    0,    0,    0,    0,    0,    0,    0,    0,    0,    0,    0,    0,    0,    0,    0,    0,    0,    0,    0,    0,    0,    0,    0,    0,    0,    0,    0,    0,    0,    0,    0,    0,    0,    0,    0,    0,    0,    0,    0,    0,    0,    0,    0,    0,    0,    0,    0,    0,    0,    0,    0,    0,    0,    0,    0,    0,    0,    0,    0,    0,    0,    0,    0,    0,    0,    0,    0,    0,    0,    0,    0,    0,    0,    0,    0,    0,    0,    0,    0,    0,    0,    0,    0,    0,    0,    0,    0,    0,    0,    0,    0,    0,    0,    0,    0,    0,    0,   -1,    0,    0,   -5,   -2,    0,    0,    0,   -1,    0,    0,    0,   -4,   -3,   -5,   -5,   -8,   -1,  -10,  -10,   -5,   -7,  -16,  -12,  -11,   -6,  -14,  -10,   -9,   -1,    0,   -6,    0,    0,   -2,    0,   -5,  -12,    0,    0,    0,    0,    0,    0,    0,    0,    0,    0,    0,    0,    0,    0,    0,    0,    0,   -5,    0,  -16,    0,    0,    0,    0,  -11,    0,    0,    0,   -3,   -3,    0,   -1,    0,    0,    0,  -10,    0,    0,   -5,    0,   -1,   -1,  -10,  -12,  -12,   -6,   -1,  -11,    0,    0,    0,    0,    0,    0,    0,    0,    0,    0,    0,    0,    0,    0,    0,    0,    0,
       0,    0,    0,    0,    0,    0,    0,    0,    0,    0,    0,    0,    0,    0,    0,    0,    0,    0,    0,    0,    0,    0,    0,    0,    0,    0,    0,    0,    0,    0,    0,    0,    0,    0,    0,    0,    0,    0,    0,    0,    0,    0,    0,    0,    0,    0,    0,    0,    0,    0,    0,    0,    0,    0,    0,    0,    0,    0,    0,    0,    0,    0,    0,    0,    0,    0,    0,    0,    0,    0,    0,    0,    0,    0,    0,    0,    0,    0,    0,    0,    0,    0,    0,    0,    0,    0,    0,    0,    0,    0,    0,    0,    0,    0,    0,    0,    0,    0,    0,    0,    0,    0,    0,    0,    0,    0,    0,    0,    0,    0,    0,    0,    0,    0,    0,    0,    0,    0,    0,    0,    0,    0,    0,    0,    0,    0,    0,    0,    0,    0,    0,    0,    0,    0,    0,    0,    0,    0,    0,    0,    0,    0,    0,    0,    0,    0,    0,    0,    0,    0,    0,    0,   -7,   -6,   -4,   -6,   -7,   -3,   -6,   -4,   -4,   -5,   -5,   -2,   -7,   -5,   -6,   -6,   -7,    0,   -7,   -4,   -4,   -4,    0,   -4,   -5,    0,   -7,    0,   -5,    0,   -8,    0,   -3,    0,   -5,    0,   -6,    0,   -5,   -5,   -7,    0,   -4,    0,   -5,    0,   -5,    0,   -5,   -2,    0,   -8,    0,   -7,   -7,    0,   -7,    0,   -7,   -7,   -6,    0,   -4,   -4,    0,   -7,   -7,   -6,   -5,   -5,   -7,    0,   -2,    0,    0,    0,    0,    0,    0,    0,    0,    0,    0,    0,    0,    0,    0,    0,    0,    0,
       0,    0,    0,    0,    0,    0,    0,    0,    0,    0,    0,    0,    0,    0,    0,    0,    0,    0,    0,    0,    0,    0,    0,    0,    0,    0,    0,    0,    0,    0,    0,    0,    0,    0,    8,    0,    0,    0,    0,    0,    0,    0,    0,    0,    0,    0,    0,    0,    0,    0,    0,    0,    0,    0,    0,    8,    0,    0,    0,    0,    0,    0,    0,    0,    0,    0,    0,    0,    0,    0,    0,    0,    0,    0,    0,    0,    0,    0,    0,    0,    0,    0,    0,    0,    0,    0,    0,    0,    0,    0,    0,    0,    0,    0,    0,    0,    0,    0,    0,    0,    0,    0,    0,    0,    0,    0,    0,    0,    0,    0,    0,    0,    0,    0,    0,    0,    0,    0,    0,    0,    0,    0,    0,    0,    0,    0,    0,    0,    0,    0,    0,    0,    0,    0,    0,    0,    0,    0,    0,    0,    0,    0,    0,    0,    0,    0,    0,    0,    0,    0,    0,    0,   -7,   -6,   -4,   -6,   -7,   -3,   -6,   -4,   -4,   -5,   -5,   -2,   -7,   -5,   -6,   -6,   -7,    0,   -7,   -4,   -4,   -4,    0,   -4,   -5,    0,   -7,    0,   -5,    0,   -8,    0,   -3,    0,   -5,    0,   -6,    0,   -5,   -5,   -7,    0,   -4,    0,   -5,    0,   -5,    0,   -5,   -2,    0,   -8,    0,   -7,   -7,    0,   -7,    0,   -7,   -7,   -6,    0,   -4,   -4,    0,   -7,   -7,   -6,   -5,   -5,   -7,    0,   -2,    0,    0,    0,    0,    0,    0,    0,    0,    0,    0,    0,    0,    0,    0,    0,    0,    0,
       0,    0,    0,    0,    0,   -5,   -4,   -4,    0,    0,    0,    0,    0,    0,    0,    0,    0,    0,    0,    0,    0,    0,    0,    0,    0,    0,    0,    0,    0,    0,    0,    0,    0,    0,    0,    0,    0,    0,    0,    0,    0,    0,    0,    0,    0,    0,    0,    0,    0,    0,    0,    0,    0,    0,    0,    0,    0,    0,    0,    0,    0,    0,    0,    0,    0,    0,    0,    0,    0,    0,    0,    0,    0,    0,    0,    0,    0,    0,    0,    0,    0,    0,    0,    0,    0,    0,    0,    0,    0,    0,    0,    0,    0,    0,    0,    0,    0,    0,    0,    0,    0,    0,    0,    0,    0,    0,    0,    0,    0,    0,    0,    0,    0,    0,    0,    0,    0,    0,    0,    0,    0,    0,    0,    0,    0,    0,    0,    0,    0,    0,    0,    0,    0,    0,    0,    0,    0,    0,    0,   -8,   -3,    0,   -4,   -7,    0,    0,    0,    0,    0,    0,    0,   -3,   -9,   -7,   -5,  -17,   -8,   -7,   -9,   -5,  -16,   -3,   -4,   -5,   -5,   -4,   -9,  -13,   -8,    0,  -10,    0,    0,   -4,    0,   -5,   -4,    0,    0,    0,    0,    0,    0,    0,    0,    0,    0,    0,    0,    0,    0,    0,    0,    0,   -5,    0,   -3,    0,   -4,    0,   -4,   -5,    0,    0,    0,   -9,   -9,    0,   -8,    0,   -7,   -7,   -9,    0,    0,   -5,    0,   -8,   -8,   -9,   -4,   -4,   -5,    0,   -5,    0,    0,    0,    0,    0,    0,    0,    0,    0,    0,   -3,    0,    0,    0,    0,    0,    0,
       0,  -32,    0,   -4,  -33,    0,   -4,    0,    0,    0,    0,    0,    0,    0,    0,    0,    0,    0,    0,  -11,    0,    0,    0,    0,    0,    0,    0,    0,    0,    0,    0,    0,    0,  -20,  -10,    0,    0,    0,    0,    0,    0,    0,    0,    0,    0,    0,    0,    0,    0,    0,    0,    0,    0,    0,    0,   -4,    0,    0,    0,    0,   -3,    0,    0,    0,    0,    0,    0,    0,    0,    0,    0,    0,    0,    0,    0,    0,    0,    0,    0,    0,    0,    0,    0,    0,    0,    0,    0,    0,    0,    0,    0,    0,    0,    0,    0,    0,    0,    0,    0,    0,    0,    0,    0,    0,    0,    0,    0,    0,    0,    0,    0,    0,    0,    0,    0,    0,    0,    0,    0,    0,    0,    0,    0,    0,    0,    0,    0,    0,    0,    0,    0,    0,    0,    0,    0,  -41,    0,    0,    0,    0,    0,  -25,   -3,    0,    0,    0,    0,   -3,  -10,  -35,    0,   -2,    0,   -1,   -1,    0,    0,   -8,   -4,   -1,    0,  -27,  -17,  -11,   -2,  -25,   -4,   -4,    0,   -1,   -1,   -1,   -1,   -1,   -1,   -1,  -17,    0,   -2,  -30,  -20,   -3,   -4,    0,   -6,   -2,   -8,   -4,   -1,  -26,  -14,  -14,    0,    0,   -1,    0,  -27,  -38,  -16,  -60,  -16,  -11,   -9,   -3,    0,    0,    0,   -4,    0,    0,    0,    0,   -4,    0,   -8,   -1,    0,    0,    0,   -4,  -17,  -17,   -2,   -6,  -14,    0,    0,    0,    0,    0,    0,    0,   -3,  -36,  -32,    0,  -38,  -41,  -12,    0,    0,    0,
       0,  -17,    0,    0,  -20,    0,    0,    0,    0,    0,    0,    0,    0,    0,    0,    0,    0,    0,    0,   -4,    0,    0,    0,    0,    0,    0,    0,    0,    0,    0,    0,    0,    0,  -16,   -5,    0,    0,    0,    0,    0,    0,    0,    0,    0,    0,    0,    0,    0,    0,    0,    0,    0,    0,    0,    0,   -4,    0,    0,    0,    0,    0,    0,    0,    0,    0,    0,    0,    0,    0,    0,    0,    0,    0,    0,    0,    0,    0,    0,    0,    0,    0,    0,    0,    0,    0,    0,    0,    0,    0,    0,    0,    0,    0,    0,    0,    0,    0,    0,    0,    0,    0,    0,    0,    0,    0,    0,    0,    0,    0,    0,    0,    0,    0,    0,    0,    0,    0,    0,    0,    0,    0,    0,    0,    0,    0,    0,    0,    0,    0,    0,    0,    0,    0,    0,    0,  -30,    0,    0,    0,    0,    0,  -14,    0,    0,    0,    0,    0,    0,   -6,  -26,    0,    0,    0,   -1,   -1,    0,    0,    0,    0,   -1,    0,  -23,  -16,    0,   -3,  -21,    0,    0,    0,   -1,    0,    0,    0,   -1,   -1,   -1,  -16,    0,    0,    0,    0,    0,    0,    0,    0,    0,    0,    0,    0,    0,    0,    0,    0,    0,   -1,    0,  -23,    0,    0,    0,    0,    0,    0,    0,    0,    0,    0,    0,    0,    0,    0,    0,    0,    0,    0,   -1,    0,    0,    0,    0,  -16,  -16,   -3,    0,    0,    0,    0,    0,    0,    0,    0,    0,    0,  -18,  -17,    0,  -20,  -20,   -4,    0,    0,    0,
       0,    0,    0,    0,    0,    0,    0,    0,    0,    0,    0,    0,    0,    0,    0,    0,    0,    0,    0,    0,    0,    0,    0,    0,    0,    0,    0,    0,    0,    0,    0,    0,    0,    0,    0,    0,    0,    0,    0,    0,    0,    0,    0,    0,    0,    0,    0,    0,    0,    0,    0,    0,    0,    0,    0,    0,    0,    0,    0,  -13,  -12,    0,    0,    0,    0,    0,    0,    0,    0,    0,    0,    0,    0,    0,    0,    0,    0,    0,    0,    0,    0,    0,    0,    0,    0,    0,    0,    0,    0,    0,    0,    0,    0,    0,    0,    0,    0,    0,    0,    0,    0,    0,    0,    0,    0,    0,    0,    0,    0,    0,    0,    0,    0,    0,    0,    0,    0,    0,    0,    0,    0,    0,    0,    0,    0,    0,    0,    0,    0,    0,    0,    0,    0,    0,    0,    0,  -16,    0,    0,    0,    3,    0,    0,    3,    0,    0,  -22,    0,    0,    0,    0,    0,   -4,  -19,   -4,    2,  -18,    0,   -2,   -4,    0,  -28,  -24,    0,  -31,  -25,   -2,    0,  -18,    0,   -3,   -1,   -1,   -1,    0,   -4,  -24,  -11,  -20,    0,  -21,    0,    0,    0,    0,    0,    0,    0,  -17,    0,  -24,  -35,  -16,   -1,   -4,   -1,  -28,    0,  -24,    0,  -24,    0,  -15,  -32,    0,   -4,   -4,    0,  -18,   -4,  -12,  -12,   -2,    0,  -28,   -4,  -16,  -18,  -18,   -2,  -24,  -24,  -31,    0,    0,    0,    0,    0,    0,    0,    0,    0,  -12,    0,    0,    0,    0,    0,    0,    0,    0,    0,
       0,    0,    0,    4,    0,  -40,  -39,  -33,    0,    0,    0,    0,    0,    0,    0,    0,    0,  -12,  -11,    0,    0,    0,    0,    0,    0,    0,    0,    0,    0,    0,    0,    0,    0,    3,    5,    0,    0,    0,    0,    0,    0,    0,    0,    0,    0,    0,    0,    0,    0,    0,    0,    0,    0,    0,    0,    4,    0,    0,    0,  -28,  -18,    0,    0,  -19,    0,    0,    0,    0,    0,    0,    0,    0,    0,    0,    0,    0,    0,    0,    0,    0,    0,    0,    0,    0,    0,    0,    0,    0,    0,    0,    0,    0,    0,    0,    0,    0,    0,    0,    0,    0,    0,    0,    0,    0,    0,    0,    0,    0,    0,    0,    0,    0,    0,    0,    0,    0,    0,    0,    0,    0,    0,    0,    0,    0,    0,    0,    0,    0,    0,    0,    0,    0,    0,    0,    0,    0,  -12,   -9,    0,  -35,  -28,    0,  -29,  -32,    0,   -4,  -13,    0,    0,    0,   -2,  -14,  -41,  -23,  -32,  -62,  -42,  -22,  -34,  -32,  -63,  -13,  -14,  -18,  -23,  -13,  -34,  -43,  -81,    4,  -39,    0,   10,    0,    4,  -32,  -14,   -9,  -26,    0,  -14,  -30,  -68,   -2,  -22,    0,  -13,    0,  -29,    0,  -16,  -15,  -40,    0,  -32,    0,  -13,    0,  -14,    0,  -14,  -18,   -7,  -33,    0,  -71,  -74,  -41,  -79,   -7,  -36,  -69,  -54,    0,  -15,  -32,  -12,  -83,  -83,  -57,  -14,  -14,  -23,    0,  -18,    0,    0,    0,    0,    0,    0,    0,  -18,    0,    0,  -36,    0,    0,    1,    0,    0,    0,
       0,  -26,    0,    0,  -26,    0,    0,    0,    0,    0,    0,    0,    0,    0,    0,    0,    0,    0,    0,    0,    0,    0,    0,    0,    0,    0,    0,    0,    0,    0,    0,    0,    0,  -26,   -4,    0,    0,    0,    0,    0,    0,    0,    0,    0,    0,    0,    0,    0,    0,    0,    0,    0,    0,    0,    0,   -4,    0,    0,    0,    0,    0,    0,    0,    0,    0,    0,    0,    0,    0,    0,    0,    0,    0,    0,    0,    0,    0,    0,    0,    0,    0,    0,    0,    0,    0,    0,    0,    0,    0,    0,    0,    0,    0,    0,    0,    0,    0,    0,    0,    0,    0,    0,    0,    0,    0,    0,    0,    0,    0,    0,    0,    0,    0,    0,    0,    0,    0,    0,    0,    0,    0,    0,    0,    0,    0,    0,    0,    0,    0,    0,    0,    0,    0,    0,    0,  -32,   -8,    0,    0,    0,    6,  -14,    0,    6,    0,    0,  -12,    0,  -25,  -28,    0,    0,    0,  -10,   -1,    4,   -6,    0,    0,   -1,    4,  -27,  -19,    0,  -21,  -24,    0,    0,   -6,   -1,    0,   -1,   -1,   -1,   -1,   -1,  -19,   -7,  -12,  -25,  -21,    0,    0,    0,    0,    2,    2,  -24,  -10,  -24,  -18,  -18,   -5,    0,   -1,    0,  -27,  -32,  -19,  -58,  -19,    0,  -22,  -20,    0,    0,    0,    0,   -6,   -7,   -4,   -4,    0,    0,  -21,   -1,   -8,   -6,   -6,    0,  -19,  -19,  -21,    0,    0,    0,    0,    0,    0,    0,    0,    0,    0,  -27,  -26,    0,  -30,  -30,   -8,    0,    0,    0,
       0,    0,    0,    0,    0,    0,    0,    0,    0,    0,    0,    0,    0,    0,    0,    0,    0,    0,    0,    0,    0,    0,    0,    0,    0,    0,    0,    0,    0,    0,    0,    0,    0,    0,    0,    0,    0,    0,    0,    0,    0,    0,    0,    0,    0,    0,    0,    0,    0,    0,    0,    0,    0,    0,    0,    0,    0,    0,    0,    0,    0,    0,    0,    0,    0,    0,    0,    0,    0,    0,    0,    0,    0,    0,    0,    0,    0,    0,    0,    0,    0,    0,    0,    0,    0,    0,    0,    0,    0,    0,    0,    0,    0,    0,    0,    0,    0,    0,    0,    0,    0,    0,    0,    0,    0,    0,    0,    0,    0,    0,    0,    0,    0,    0,    0,    0,    0,    0,    0,    0,    0,    0,    0,    0,    0,    0,    0,    0,    0,    0,    0,    0,    0,    0,    0,    0,    0,    0,    0,    0,    0,    0,   -5,   -1,    0,    0,    0,   -1,    0,    0,    0,   -4,   -1,   -4,   -4,   -7,   -1,   -9,   -9,   -4,   -5,  -15,  -11,   -9,   -5,  -14,   -8,   -7,   -1,    0,   -6,   -2,   -2,   -2,    0,   -4,  -11,    0,   -5,   -5,  -13,   -5,   -8,    0,   -6,    0,  -10,    0,   -4,   -3,  -10,  -10,   -1,    0,   -4,    0,  -15,   -1,  -11,   -1,  -11,   -9,   -3,   -4,    0,   -1,   -1,   -9,   -1,    0,   -1,   -1,   -9,    0,   -8,   -4,    0,   -1,   -1,   -8,  -11,  -11,   -5,    0,   -5,    0,    0,    0,    0,    0,    0,    0,    0,    0,    0,    0,    0,    0,    0,    0,    0,    0,
       0,    0,    0,    0,    0,    0,    0,    0,    0,    0,    0,    0,    0,    0,    0,    0,    0,    0,    0,    0,    0,    0,    0,    0,    0,    0,    0,    0,    0,    0,    0,    0,    0,    0,   -5,    0,    0,    0,    0,    0,    0,    0,    0,    0,    0,    0,    0,    0,    0,    0,    0,    0,    0,    0,    0,   -5,    0,    0,    0,    0,    0,    0,    0,    0,    0,    0,    0,    0,    0,    0,    0,    0,    0,    0,    0,    0,    0,    0,    0,    0,    0,    0,    0,    0,    0,    0,    0,    0,    0,    0,    0,    0,    0,    0,    0,    0,    0,    0,    0,    0,    0,    0,    0,    0,    0,    0,    0,    0,    0,    0,    0,    0,    0,    0,    0,    0,    0,    0,    0,    0,    0,    0,    0,    0,    0,    0,    0,    0,    0,    0,    0,    0,    0,    0,    0,   -7,    0,    0,    0,   -4,    0,   -5,   -4,   -3,   -5,    0,    0,   -5,    0,   -5,    0,   -3,   -4,   -6,   -5,  -12,   -4,   -8,  -11,   -5,  -10,   -7,   -6,   -8,   -6,   -7,  -11,  -12,   -4,    0,   -9,   -5,   -5,   -5,    0,   -5,   -6,    0,   -6,    0,   -7,   -5,  -11,   -2,   -7,   -4,  -14,    0,   -5,   -6,   -6,   -6,   -4,    0,   -5,    0,   -7,  -10,   -6,  -10,   -6,   -8,    0,  -10,    0,   -4,   -4,   -8,   -4,    0,   -3,   -3,  -11,    0,   -6,   -5,    0,   -4,   -4,  -11,   -6,   -6,   -6,   -4,   -7,    0,    0,    0,    0,    0,    0,    0,    0,    0,    0,    0,    0,    0,    0,    0,    0,    0,
       0,   -9,    0,    0,   -9,    0,    0,    0,    0,    0,    0,    0,    0,    0,    0,    0,    0,    0,    0,    0,    0,    0,    0,    0,    0,    0,    0,    0,    0,    0,    0,    0,    0,   -5,    0,    0,    0,    0,    0,    0,    0,    0,    0,    0,    0,    0,    0,    0,    0,    0,    0,    0,    0,    0,    0,    0,    0,    0,    0,  -10,   -8,    0,    0,    0,    0,    0,    0,    0,    0,    0,    0,    0,    0,    0,    0,    0,    0,    0,    0,    0,    0,    0,    0,    0,    0,    0,    0,    0,    0,    0,    0,    0,    0,    0,    0,    0,    0,    0,    0,    0,    0,    0,    0,    0,    0,    0,    0,    0,    0,    0,    0,    0,    0,    0,    0,    0,    0,    0,    0,    0,    0,    0,    0,    0,    0,    0,    0,    0,    0,    0,    0,    0,    0,    0,    0,  -10,   -8,    0,    0,    0,    0,   -8,    2,    0,    0,    0,  -11,    0,  -13,  -10,    0,    0,   -2,  -16,   -4,    0,  -14,    0,   -2,   -4,    0,  -23,  -22,    0,  -25,  -21,   -2,    0,  -14,   -3,   -2,   -4,   -4,   -4,   -3,   -4,  -22,   -6,  -18,   -9,  -18,    3,    0,    0,    0,    0,    0,  -13,  -16,  -13,  -21,  -21,  -12,   -3,   -4,   -3,  -23,  -16,  -22,  -30,  -22,    0,  -10,  -24,    0,   -2,   -2,    3,  -14,   -4,  -10,  -10,   -2,    0,    0,   -4,   -8,  -14,  -14,   -2,  -22,  -22,  -25,    0,    0,    0,    0,    0,    0,    0,    0,    0,   -8,   -9,   -9,    0,   -9,   -9,    0,    0,    0,    0,
       0,    0,    0,    0,    0,    0,    0,    0,    0,    0,    0,    0,    0,    0,    0,    0,    0,    0,    0,    0,    0,    0,    0,    0,    0,    0,    0,    0,    0,    0,    0,    0,    0,    0,    0,    0,    0,    0,    0,    0,    0,    0,    0,    0,    0,    0,    0,    0,    0,    0,    0,    0,    0,    0,    0,    0,    0,    0,    0,  -13,  -12,    0,    0,    0,    0,    0,    0,    0,    0,    0,    0,    0,    0,    0,    0,    0,    0,    0,    0,    0,    0,    0,    0,    0,    0,    0,    0,    0,    0,    0,    0,    0,    0,    0,    0,    0,    0,    0,    0,    0,    0,    0,    0,    0,    0,    0,    0,    0,    0,    0,    0,    0,    0,    0,    0,    0,    0,    0,    0,    0,    0,    0,    0,    0,    0,    0,    0,    0,    0,    0,    0,    0,    0,    0,    0,    0,  -15,    0,    0,    0,    3,    0,    0,    3,    0,    0,  -22,    0,    0,    0,    0,    0,   -4,  -19,   -4,    2,  -18,    0,   -1,   -4,    2,  -28,  -24,    0,  -31,  -25,   -3,    0,  -18,    0,   -4,   -1,   -1,   -1,    0,   -4,  -24,  -11,  -20,    0,  -21,    0,    0,    0,    0,    0,    0,    0,  -18,    0,  -23,  -35,  -16,   -1,   -4,   -1,  -28,    0,  -24,    0,  -24,    0,  -14,  -32,    0,   -4,   -4,    0,  -18,   -4,  -13,  -13,   -1,    0,  -28,   -4,  -15,  -18,  -18,   -3,  -24,  -24,  -31,    0,    0,    0,    0,    0,    0,    0,    0,    0,  -12,    0,    0,    0,    0,    0,    0,    0,    0,    0,
       0,    0,    0,    0,    0,    0,    0,    0,    0,    0,    0,    0,    0,    0,    0,    0,    0,    0,    0,    0,    0,    0,    0,    0,    0,    0,    0,    0,    0,    0,    0,    0,    0,    0,   -5,    0,    0,    0,    0,    0,    0,    0,    0,    0,    0,    0,    0,    0,    0,    0,    0,    0,    0,    0,    0,   -4,    0,    0,    0,    0,    0,    0,    0,    0,    0,    0,    0,    0,    0,    0,    0,    0,    0,    0,    0,    0,    0,    0,    0,    0,    0,    0,    0,    0,    0,    0,    0,    0,    0,    0,    0,    0,    0,    0,    0,    0,    0,    0,    0,    0,    0,    0,    0,    0,    0,    0,    0,    0,    0,    0,    0,    0,    0,    0,    0,    0,    0,    0,    0,    0,    0,    0,    0,    0,    0,    0,    0,    0,    0,    0,    0,    0,    0,    0,    0,   -2,    0,    0,    0,   -2,    0,   -4,   -2,   -3,   -4,    0,    0,   -4,    0,   -2,    0,   -3,   -4,   -6,   -5,  -12,   -3,   -7,   -9,   -5,  -10,   -4,   -4,   -7,   -4,   -4,   -8,  -11,   -3,    0,   -8,   -5,   -5,   -5,    0,   -5,   -4,    0,   -6,    0,   -4,   -4,  -12,   -2,   -6,   -1,  -10,    0,   -5,   -4,   -4,   -4,   -4,   -2,   -5,   -2,   -4,   -8,   -4,   -8,   -4,   -7,    0,   -7,    0,   -4,   -4,   -6,   -3,    0,   -2,   -2,   -9,    0,   -4,   -5,    0,   -3,   -3,   -8,   -4,   -4,   -4,   -8,  -11,    0,    0,    0,    0,    0,    0,    0,    0,    0,    0,    0,    0,    0,    0,    0,    0,    0,
       0,    0,    0,   -9,    0,  -12,  -11,   -5,    0,    0,    0,    0,    0,    0,    0,    0,    0,    0,    0,    0,    0,    0,    0,    0,    0,    0,    0,    0,    0,    0,    0,    0,    0,    0,  -12,    0,    0,    0,    0,    0,    0,    0,    0,    0,    0,    0,    0,    0,    0,    0,    0,    0,    0,    0,    0,  -10,    0,    0,    0,    0,    0,    0,    0,    0,    0,    0,    0,    0,    0,    0,    0,    0,    0,    0,    0,    0,    0,    0,    0,    0,    0,    0,    0,    0,    0,    0,    0,    0,    0,    0,    0,    0,    0,    0,    0,    0,    0,    0,    0,    0,    0,    0,    0,    0,    0,    0,    0,    0,    0,    0,    0,    0,    0,    0,    0,    0,    0,    0,    0,    0,    0,    0,    0,    0,    0,    0,    0,    0,    0,    0,    0,    0,    0,    0,    0,  -15,    0,    0,    0,  -17,   -9,  -12,   -8,  -14,  -15,   -7,    0,  -13,    0,  -13,   -7,   -4,   -6,   -2,   -5,  -21,   -3,   -9,   -7,   -5,  -21,    0,   -1,   -7,    0,    0,   -6,   -7,   -3,   -1,   -4,   -4,   -4,   -4,   -1,   -5,   -1,    0,   -2,    0,    0,   -9,  -21,   -7,  -10,   -9,   -5,    0,   -4,   -9,    0,    0,   -3,   -2,   -5,   -2,    0,  -17,    0,  -31,    0,   -7,    0,    0,    0,   -6,   -6,  -15,   -3,    0,   -2,   -2,   -7,   -7,    0,   -5,    0,   -3,   -3,   -6,   -1,   -1,    0,  -19,  -13,    0,    0,    0,    0,    0,    0,    0,    0,    0,    0,   -9,    0,    0,    0,    0,    0,    0,
       0,    0,    0,    0,    0,  -45,  -47,  -21,    0,    0,    0,    0,    0,    0,    0,    0,    0,    0,    0,    0,    0,    0,    0,    0,    0,    0,    0,    0,    0,    0,    0,    0,    0,    0,   -4,    0,    0,    0,    0,    0,    0,    0,    0,    0,    0,    0,    0,    0,    0,    0,    0,    0,    0,    0,    0,    0,    0,    0,    0,   -5,  -11,    0,    0,    0,    0,    0,    0,    0,    0,    0,    0,    0,    0,    0,    0,    0,    0,    0,    0,    0,    0,    0,    0,    0,    0,    0,    0,    0,    0,    0,    0,    0,    0,    0,    0,    0,    0,    0,    0,    0,    0,    0,    0,    0,    0,    0,    0,    0,    0,    0,    0,    0,    0,    0,    0,    0,    0,    0,    0,    0,    0,    0,    0,    0,    0,    0,    0,    0,    0,    0,    0,    0,    0,    0,    0,    0,    0,    0,    0,  -38,  -27,    0,  -23,  -33,   -7,   -2,    0,   -6,    0,    0,    0,   -3,   -7,   -3,   -4,  -41,  -12,    0,   -3,   -4,  -39,    0,    0,    0,    0,    0,   -1,  -13,  -12,    7,   -6,   -1,   -1,   -1,    2,   -4,    0,    0,   -1,    0,    0,  -25,  -43,  -10,   -2,    0,    0,    0,   -2,   -3,    0,    0,  -10,    0,   -4,    0,    0,   -7,    0,   -7,    0,    0,    0,    0,    0,   -7,   -7,  -38,  -12,    0,   -4,   -4,   -3,   -2,    0,   -4,    0,  -12,  -12,   -1,    0,    0,    0,   -8,    0,    0,    0,    0,    0,    0,    0,    0,  -11,    0,    0,  -45,    0,    0,    0,    0,    0,    0,
       0,    0,    0,    0,    2,    0,    0,    0,    0,    0,    0,    0,    0,    0,    0,    0,    0,    0,    0,    0,    0,    0,    0,    0,    0,    0,    0,    0,    0,    0,    0,    0,    0,    0,    0,    0,    0,    0,    0,    0,    0,    0,    0,    0,    0,    0,    0,    0,    0,    0,    0,    0,    0,    0,    0,    0,    0,    0,    0,    0,    0,    0,    0,    0,    0,    0,    0,    0,    0,    0,    0,    0,    0,    0,    0,    0,    0,    0,    0,    0,    0,    0,    0,    0,    0,    0,    0,    0,    0,    0,    0,    0,    0,    0,    0,    0,    0,    0,    0,    0,    0,    0,    0,    0,    0,    0,    0,    0,    0,    0,    0,    0,    0,    0,    0,    0,    0,    0,    0,    0,    0,    0,    0,    0,    0,    0,    0,    0,    0,    0,    0,    0,    0,    0,    0,    0,   -7,    0,    0,    0,    3,    0,    0,    0,    0,    0,  -10,    0,    0,    0,    0,   -1,    0,   -9,   -1,    0,   -5,    0,   -1,   -1,    0,  -10,   -8,    0,  -13,   -9,   -1,   -2,   -5,   12,    0,    0,   10,    0,    5,   -1,   -8,   -4,   -9,    0,   -8,    0,    0,    0,    0,    0,   -2,    0,   -6,    0,   -9,   -9,   -4,    0,   -1,    0,  -10,    0,   -8,    0,   -8,    0,   -5,  -21,    0,    0,    0,   -3,   -5,    0,    0,    0,   -1,    0,   -8,   -1,   -7,   -5,   -5,   -1,   -8,   -8,  -13,    0,    0,    0,    0,    0,    0,    0,    0,    0,    0,    0,    0,    0,    0,    0,    0,    0,    0,    0,
       0,    0,    0,    0,    0,  -33,  -33,  -29,    0,    0,    0,    0,    0,    0,    0,    0,    0,  -25,  -24,    0,    0,    0,    0,    0,    0,    0,    0,    0,    0,    0,    0,    0,    0,    0,    0,    0,    0,    0,    0,    0,    0,    0,    0,    0,    0,    0,    0,    0,    0,    0,    0,    0,    0,    0,    0,    0,    0,    0,    0,  -37,  -28,    0,    0,  -35,    0,    0,    0,    0,    0,    0,    0,    0,    0,    0,    0,    0,    0,    0,    0,    0,    0,    0,    0,    0,    0,    0,    0,    0,    0,    0,    0,    0,    0,    0,    0,    0,    0,    0,    0,    0,    0,    0,    0,    0,    0,    0,    0,    0,    0,    0,    0,    0,    0,    0,    0,    0,    0,    0,    0,    0,    0,    0,    0,    0,    0,    0,    0,    0,    0,    0,    0,    0,    0,    0,    0,    0,  -15,   -1,    0,  -32,  -22,    0,  -32,  -27,    0,    0,  -16,    0,    0,    0,    0,  -17,  -53,  -32,  -51,  -56,  -57,  -42,  -50,  -51,  -54,  -42,  -40,  -41,  -43,  -39,  -50,  -54, -108,    7,  -53,   -1,    6,   -1,    3,  -51,  -40,   -7,  -47,  -11,  -36,  -33,  -58,    0,  -45,    0,  -26,    0,  -49,    0,  -42,  -59,  -47,    0,  -51,    0,  -42,    0,  -40,    0,  -40,  -41,   -4,  -53,    0,  -96,  -96,  -42, -110,    0,  -53,  -98,  -82,    0,  -43,  -51,  -15, -110, -110,  -85,  -40,  -40,  -83,    0,  -41,    0,    0,    0,    0,    0,    0,    0,  -28,    0,    0,  -31,    0,    0,    0,    0,    0,    0,
       0,    0,    0,  -10,    0,  -14,  -14,  -11,    0,    0,    0,    0,    0,    0,    0,    0,    0,    0,    0,   -4,    0,    0,    0,    0,    0,    0,    0,    0,    0,    0,    0,    0,    0,    0,  -12,    0,    0,    0,    0,    0,    0,    0,    0,    0,    0,    0,    0,    0,    0,    0,    0,    0,    0,    0,    0,  -10,    0,    0,    0,    0,    0,    0,    0,    0,    0,    0,    0,    0,    0,    0,    0,    0,    0,    0,    0,    0,    0,    0,    0,    0,    0,    0,    0,    0,    0,    0,    0,    0,    0,    0,    0,    0,    0,    0,    0,    0,    0,    0,    0,    0,    0,    0,    0,    0,    0,    0,    0,    0,    0,    0,    0,    0,    0,    0,    0,    0,    0,    0,    0,    0,    0,    0,    0,    0,    0,    0,    0,    0,    0,    0,    0,    0,    0,    0,    0,  -16,    0,   -3,    0,  -27,  -18,  -15,  -12,  -22,  -22,  -12,    0,  -18,    0,  -16,  -11,   -7,   -7,   -1,   -4,  -24,   -3,   -8,   -6,   -4,  -25,    0,    0,   -6,    0,    0,   -5,   -6,   -3,    0,   -3,   -4,   -4,   -4,    0,   -4,    0,    0,   -1,    0,    0,  -13,  -24,  -11,  -10,  -13,   -4,    0,   -3,   -9,    0,    0,   -3,   -3,   -4,   -3,    0,  -19,    0,  -16,    0,   -6,    0,    0,    0,   -7,   -7,  -21,   -3,    0,   -3,   -3,   -6,  -11,    0,   -4,    0,   -3,   -3,   -5,    0,    0,    0,   -9,   -5,    0,    0,    0,    0,    0,    0,    0,    0,    0,    0,  -12,    0,    0,    0,    0,    0,    0,
       0,    0,    0,    0,    0,    0,    0,    0,    0,    0,    0,    0,    0,    0,    0,    0,    0,    0,    0,    0,    0,    0,    0,    0,    0,    0,    0,    0,    0,    0,    0,    0,    0,    0,    0,    0,    0,    0,    0,    0,    0,    0,    0,    0,    0,    0,    0,    0,    0,    0,    0,    0,    0,    0,    0,    0,    0,    0,    0,  -13,  -11,    0,    0,    0,    0,    0,    0,    0,    0,    0,    0,    0,    0,    0,    0,    0,    0,    0,    0,    0,    0,    0,    0,    0,    0,    0,    0,    0,    0,    0,    0,    0,    0,    0,    0,    0,    0,    0,    0,    0,    0,    0,    0,    0,    0,    0,    0,    0,    0,    0,    0,    0,    0,    0,    0,    0,    0,    0,    0,    0,    0,    0,    0,    0,    0,    0,    0,    0,    0,    0,    0,    0,    0,    0,    0,    0,  -14,    0,    0,    0,    3,    0,    0,    3,    0,    0,  -19,    0,    0,    0,    0,    0,   -4,  -19,   -5,    2,  -18,    0,   -3,   -5,    2,  -26,  -21,    0,  -30,  -23,   -3,    0,  -18,    0,   -3,    0,    4,    0,    0,   -5,  -21,   -9,  -20,    0,  -20,    0,    0,    0,    0,    0,    0,    0,  -18,    0,  -21,  -28,  -16,    0,   -5,    0,  -26,    0,  -21,    0,  -21,    0,  -11,  -32,    0,   -4,   -4,    0,  -18,   -5,  -13,  -13,   -3,    0,  -25,   -5,  -14,  -18,  -18,   -3,  -21,  -21,  -30,    0,    0,    0,    0,    0,    0,    0,    0,    0,  -11,    0,    0,    0,    0,    0,    0,    0,    0,    0,
       0,   -5,    0,   -8,  -10,    0,    0,    0,    0,    0,    0,    0,    0,    0,    0,    0,    0,    0,    0,  -11,    0,    0,    0,    0,    0,    0,    0,    0,    0,    0,    0,    0,    0,  -19,  -14,    0,    0,    0,    0,    0,    0,    0,    0,    0,    0,    0,    0,    0,    0,    0,    0,    0,    0,    0,    0,  -12,    0,    0,    0,    0,    0,    0,    0,    0,    0,    0,    0,    0,    0,    0,    0,    0,    0,    0,    0,    0,    0,    0,    0,    0,    0,    0,    0,    0,    0,    0,    0,    0,    0,    0,    0,    0,    0,    0,    0,    0,    0,    0,    0,    0,    0,    0,    0,    0,    0,    0,    0,    0,    0,    0,    0,    0,    0,    0,    0,    0,    0,    0,    0,    0,    0,    0,    0,    0,    0,    0,    0,    0,    0,    0,    0,    0,    0,    0,    0,    0,    0,    0,    0,    0,    0,    0,    0,    0,    0,    0,    0,    0,    0,    0,    0,    0,    0,    0,    0,    0,    0,    0,    0,    0,    0,   -6,   -6,    0,    0,   -5,    0,    0,    0,    0,    0,    0,    0,    0,    0,    0,   -6,    0,    0,    0,   -4,    0,    0,    0,    0,    0,    0,    0,    0,    0,   -4,   -4,    0,    0,    0,    0,   -6,    0,   -5,    0,   -5,    0,    0,    0,   -5,    0,    0,    0,    0,    0,    0,    0,    0,    0,   -3,    0,   -5,    0,    0,    0,   -6,   -6,    0,    0,    0,    0,    0,    0,    0,    0,    0,    0,    0,   -8,   -7,    0,  -11,  -11,  -11,    0,    0,    0,
       0,    0,    0,    0,   -6,    0,    0,   -4,    0,    0,    0,    0,    0,    0,    0,    0,    0,    0,    0,    0,    0,    0,    0,    0,    0,    0,    0,    0,    0,    0,    0,    0,    0,    0,   -4,    0,    0,    0,    0,    0,    0,    0,    0,    0,    0,    0,    0,    0,    0,    0,    0,    0,    0,    0,    0,   -4,    0,    0,    0,    0,    0,    0,    0,    0,    0,    0,    0,    0,    0,    0,    0,    0,    0,    0,    0,    0,    0,    0,    0,    0,    0,    0,    0,    0,    0,    0,    0,    0,    0,    0,    0,    0,    0,    0,    0,    0,    0,    0,    0,    0,    0,    0,    0,    0,    0,    0,    0,    0,    0,    0,    0,    0,    0,    0,    0,    0,    0,    0,    0,    0,    0,    0,    0,    0,    0,    0,    0,    0,    0,    0,    0,    0,    0,    0,    0,    0,    0,    0,    0,    0,    0,    0,    0,    0,    0,    0,    0,    0,    0,    0,    0,    0,    0,    0,    0,   -9,    0,  -10,   -5,    0,   -7,  -12,   -9,  -11,    0,  -10,   -5,   -3,    0,    0,    0,    0,    0,    0,    0,    0,   -9,    0,    0,    0,  -10,    0,   -6,    0,   -7,    0,   -8,    0,    0,    0,   -7,   -7,    0,    0,    0,    0,  -12,    0,   -8,    0,   -8,  -11,    0,    0,   -8,    0,    0,    0,    0,    0,    0,    0,   -5,    0,   -5,    0,   -4,    0,    0,   -5,   -9,   -9,    0,    0,   -4,    0,    0,    0,    0,    0,    0,    0,    0,    0,    0,    0,    0,    0,    0,    0,    0,    0,
       0,   -7,    0,  -11,   -9,    0,    0,    0,    0,    0,    0,    0,    0,    0,    0,    0,    0,    0,    0,  -12,    0,    0,    0,    0,    0,    0,    0,    0,    0,    0,    0,    0,    0,  -20,  -15,    0,    0,    0,    0,    0,    0,    0,    0,    0,    0,    0,    0,    0,    0,    0,    0,    0,    0,    0,    0,  -13,    0,    0,    0,    0,    0,    0,    0,    0,    0,    0,    0,    0,    0,    0,    0,    0,    0,    0,    0,    0,    0,    0,    0,    0,    0,    0,    0,    0,    0,    0,    0,    0,    0,    0,    0,    0,    0,    0,    0,    0,    0,    0,    0,    0,    0,    0,    0,    0,    0,    0,    0,    0,    0,    0,    0,    0,    0,    0,    0,    0,    0,    0,    0,    0,    0,    0,    0,    0,    0,    0,    0,    0,    0,    0,    0,    0,    0,    0,    0,    0,    0,    0,    0,    0,    0,    0,    0,    0,    0,    0,    0,    0,    0,    0,    0,    0,    0,    0,    0,   -2,    0,   -2,    0,    0,    0,   -4,   -6,   -5,    0,   -3,    0,   -1,    0,    0,    0,    0,    0,    0,    0,    0,   -6,    0,    0,    0,   -3,    0,   -4,    0,   -2,    0,   -4,    0,    0,    0,   -5,   -5,    0,    0,    0,    0,   -4,    0,   -5,    0,   -5,   -5,    0,    0,   -7,    0,    0,    0,    0,    0,    0,    0,    0,    0,   -1,    0,   -5,    0,    0,    0,   -6,   -6,    0,    0,   -7,    0,    0,    0,    0,    0,    0,    0,    0,   -8,   -4,    0,  -11,  -11,  -12,    0,    0,    0,
       0,    0,    0,  -10,    0,  -26,  -26,  -23,    0,    0,    0,    0,    0,    0,    0,    0,    0,    0,    0,    0,    0,    0,    0,    0,    0,    0,    0,    0,    0,    0,    0,    0,    0,   -4,  -13,    0,    0,    0,    0,    0,    0,    0,    0,    0,    0,    0,    0,    0,    0,    0,    0,    0,    0,    0,    0,  -11,    0,    0,    0,  -12,  -12,    0,    0,    0,    0,    0,    0,    0,    0,    0,    0,    0,    0,    0,    0,    0,    0,    0,    0,    0,    0,    0,    0,    0,    0,    0,    0,    0,    0,    0,    0,    0,    0,    0,    0,    0,    0,    0,    0,    0,    0,    0,    0,    0,    0,    0,    0,    0,    0,    0,    0,    0,    0,    0,    0,    0,    0,    0,    0,    0,    0,    0,    0,    0,    0,    0,    0,    0,    0,    0,    0,    0,    0,    0,    0,    0,    0,    0,    0,    0,    0,    0,    0,    0,    0,    0,    0,    0,    0,    0,    0,    0,   -3,    0,    0,  -29,  -11,    0,    0,    0,  -28,    0,    0,    0,    0,    0,    0,  -13,  -11,    0,   -1,    0,    0,    0,    0,    0,    0,    0,    0,    0,    0,    0,  -31,    0,    0,    0,    0,    0,    0,    0,    0,    0,   -7,    0,    0,    0,    0,    0,    0,    0,    0,    0,    0,   -3,   -5,   -3,   -3,    0,  -11,    0,    0,    0,    0,    0,    0,    0,    0,  -11,  -11,    0,    0,    0,    0,    0,    0,    0,    0,    0,    0,    0,    0,    0,  -12,    0,    0,  -29,    0,    0,    0,    0,    0,    0,
       0,   -6,    0,    0,  -10,    0,    0,    0,    0,    0,    0,    0,    0,    0,    0,    0,    0,    0,    0,  -10,    0,    0,    0,    0,    0,    0,    0,    0,    0,    0,    0,    0,    0,  -23,    0,    0,    0,    0,    0,    0,    0,    0,    0,    0,    0,    0,    0,    0,    0,    0,    0,    0,    0,    0,    0,    0,    0,    0,    0,   -5,   -5,    0,    0,    0,    0,    0,    0,    0,    0,    0,    0,    0,    0,    0,    0,    0,    0,    0,    0,    0,    0,    0,    0,    0,    0,    0,    0,    0,    0,    0,    0,    0,    0,    0,    0,    0,    0,    0,    0,    0,    0,    0,    0,    0,    0,    0,    0,    0,    0,    0,    0,    0,    0,    0,    0,    0,    0,    0,    0,    0,    0,    0,    0,    0,    0,    0,    0,    0,    0,    0,    0,    0,    0,    0,    0,    0,    0,    0,    0,    0,    0,    0,    0,    0,    0,    0,    0,    0,    0,    0,    0,    0,    0,   -6,    0,    0,   -4,    0,    0,    0,    0,  -10,  -11,    0,  -12,   -9,    0,    0,   -4,    0,    0,    0,    0,    0,    0,    0,  -11,    0,   -8,    0,   -8,    0,    1,    0,    0,    0,    0,    0,   -6,    0,  -10,  -10,   -3,    0,    0,    0,  -10,    0,  -10,    0,  -10,    0,    0,  -11,   -8,    0,    0,    0,   -4,    0,    0,    0,    0,    0,   -3,    0,  -16,   -4,   -4,    0,  -11,  -11,  -12,    0,    0,    0,    0,    0,    0,    0,    0,    0,   -5,   -9,   -8,    0,  -11,  -11,  -11,    0,    0,    0,
       0,   -8,    0,  -11,  -11,    0,    0,    0,    0,    0,    0,    0,    0,    0,    0,    0,    0,    0,    0,  -12,    0,    0,    0,    0,    0,    0,    0,    0,    0,    0,    0,    0,    0,  -19,  -15,    0,    0,    0,    0,    0,    0,    0,    0,    0,    0,    0,    0,    0,    0,    0,    0,    0,    0,    0,    0,  -13,    0,    0,    0,    0,    0,    0,    0,    0,    0,    0,    0,    0,    0,    0,    0,    0,    0,    0,    0,    0,    0,    0,    0,    0,    0,    0,    0,    0,    0,    0,    0,    0,    0,    0,    0,    0,    0,    0,    0,    0,    0,    0,    0,    0,    0,    0,    0,    0,    0,    0,    0,    0,    0,    0,    0,    0,    0,    0,    0,    0,    0,    0,    0,    0,    0,    0,    0,    0,    0,    0,    0,    0,    0,    0,    0,    0,    0,    0,    0,    0,    0,    0,    0,    0,    0,    0,    0,    0,    0,    0,    0,    0,    0,    0,    0,    0,    0,    0,    0,   -2,    0,   -2,    0,    0,    0,   -4,   -6,   -3,    0,   -3,    0,    0,    0,    0,    0,    0,    0,    0,    0,    0,   -6,    0,    0,    0,   -3,    0,   -3,    0,   -2,    0,    0,    0,    0,    0,   -5,   -5,    0,    0,    0,    0,   -4,    0,   -5,    0,   -5,   -3,    0,    0,   -7,    0,    0,    0,    0,    0,    0,    0,    0,    0,   -2,    0,   -1,    0,    0,    0,   -6,   -6,    0,    0,   -4,    0,    0,    0,    0,    0,    0,    0,    0,  -10,   -8,    0,  -13,  -13,  -11,    0,    0,    0,
       0,    0,    0,    0,    0,    0,    0,    0,    0,    0,    0,    0,    0,    0,    0,    0,    0,    0,    0,    0,    0,    0,    0,    0,    0,    0,    0,    0,    0,    0,    0,    0,    0,  -10,  -11,    0,    0,    0,    0,    0,    0,    0,    0,    0,    0,    0,    0,    0,    0,    0,    0,    0,    0,    0,    0,  -10,    0,    0,    0,  -12,   -8,    0,    0,    0,    0,    0,    0,    0,    0,    0,    0,    0,    0,    0,    0,    0,    0,    0,    0,    0,    0,    0,    0,    0,    0,    0,    0,    0,    0,    0,    0,    0,    0,    0,    0,    0,    0,    0,    0,    0,    0,    0,    0,    0,    0,    0,    0,    0,    0,    0,    0,    0,    0,    0,    0,    0,    0,    0,    0,    0,    0,    0,    0,    0,    0,    0,    0,    0,    0,    0,    0,    0,    0,    0,    0,    0,    0,    0,    0,    0,    0,    0,    0,    0,    0,    0,    0,    0,    0,    0,    0,    0,    0,   -4,    0,    0,   -9,    0,    0,    0,    0,    0,    0,    0,    0,    0,    0,    0,   -9,    0,    0,    0,    0,    0,    0,    0,    0,    0,   -1,    0,    0,    0,    0,    0,    0,    0,    0,    0,   -1,    0,    0,    0,   -8,    0,    0,    0,    0,    0,    0,    0,    0,    0,    0,   -4,   -3,    0,    0,    0,   -9,    0,   -2,   -2,    0,    0,    0,    0,   -9,   -9,   -9,    0,    0,    0,    0,    0,    0,    0,    0,    0,    0,    0,    0,    0,   -8,    0,    0,    0,    0,    0,    0,    0,    0,    0,
       0,    0,    0,   -4,    0,    0,    0,    0,    0,    0,    0,    0,    0,    0,    0,    0,    0,    0,    0,   -4,    0,    0,    0,    0,    0,    0,    0,    0,    0,    0,    0,    0,    0,  -13,  -12,    0,    0,    0,    0,    0,    0,    0,    0,    0,    0,    0,    0,    0,    0,    0,    0,    0,    0,    0,    0,  -10,    0,    0,    0,    0,    0,    0,    0,    0,    0,    0,    0,    0,    0,    0,    0,    0,    0,    0,    0,    0,    0,    0,    0,    0,    0,    0,    0,    0,    0,    0,    0,    0,    0,    0,    0,    0,    0,    0,    0,    0,    0,    0,    0,    0,    0,    0,    0,    0,    0,    0,    0,    0,    0,    0,    0,    0,    0,    0,    0,    0,    0,    0,    0,    0,    0,    0,    0,    0,    0,    0,    0,    0,    0,    0,    0,    0,    0,    0,    0,    0,    0,    0,    0,    0,    0,    0,    0,    0,    0,    0,    0,    0,    0,    0,    0,    0,    0,    0,    0,    0,    0,    0,    0,    0,    0,    0,    0,    0,    0,    0,    0,    0,    0,    0,    0,    0,    0,    0,    0,    0,    0,    0,    0,    0,    0,    0,    0,    0,    0,    0,    0,    0,    0,    0,    0,    0,    0,    0,    0,    0,    0,    0,    0,    0,    0,    0,    0,    0,   -4,    0,    0,    0,    0,    0,    0,    0,    0,    0,    0,    0,   -5,    0,    0,    0,    0,    0,    0,    0,    0,    0,    0,    0,    0,    0,    0,    0,    0,    0,    0,    0,    0,    0,   -4,    0,    0,    0,
       0,    0,    0,    0,    0,    0,    0,    0,    0,    0,    0,    0,    0,    0,    0,    0,    0,    0,    0,    0,    0,    0,    0,    0,    0,    0,    0,    0,    0,    0,    0,    0,    0,  -10,  -10,    0,    0,    0,    0,    0,    0,    0,    0,    0,    0,    0,    0,    0,    0,    0,    0,    0,    0,    0,    0,   -9,    0,    0,    0,  -12,   -8,    0,    0,    0,    0,    0,    0,    0,    0,    0,    0,    0,    0,    0,    0,    0,    0,    0,    0,    0,    0,    0,    0,    0,    0,    0,    0,    0,    0,    0,    0,    0,    0,    0,    0,    0,    0,    0,    0,    0,    0,    0,    0,    0,    0,    0,    0,    0,    0,    0,    0,    0,    0,    0,    0,    0,    0,    0,    0,    0,    0,    0,    0,    0,    0,    0,    0,    0,    0,    0,    0,    0,    0,    0,    0,    0,    0,    0,    0,    0,    0,    0,    0,    0,    0,    0,    0,    0,    0,    0,    0,    0,    0,   -4,    0,    0,   -9,    0,    0,    0,    0,    0,    0,    0,    0,    0,    0,    0,   -9,    0,    0,    0,    0,    0,    0,    0,    0,    0,   -1,    0,    0,    0,    0,    0,    0,    0,    0,    0,   -1,    0,    0,    0,   -8,    0,    0,    0,    0,    0,    0,    0,    0,    0,    0,   -4,   -3,    0,    0,    0,   -9,    0,   -2,   -2,    0,    0,    0,    0,   -9,   -9,   -9,    0,    0,    0,    0,    0,    0,    0,    0,    0,    0,    0,    0,    0,   -8,    0,    0,    0,    0,    0,    0,    0,    0,    0,
       0,  -10,    0,  -14,  -13,    0,    0,    0,    0,    0,    0,    0,    0,    0,    0,    0,    0,    0,    0,  -14,    0,    0,    0,    0,    0,    0,    0,    0,    0,    0,    0,    0,    0,  -21,  -16,    0,    0,    0,    0,    0,    0,    0,    0,    0,    0,    0,    0,    0,    0,    0,    0,    0,    0,    0,    0,  -14,    0,    0,    0,    0,    0,    0,    0,    0,    0,    0,    0,    0,    0,    0,    0,    0,    0,    0,    0,    0,    0,    0,    0,    0,    0,    0,    0,    0,    0,    0,    0,    0,    0,    0,    0,    0,    0,    0,    0,    0,    0,    0,    0,    0,    0,    0,    0,    0,    0,    0,    0,    0,    0,    0,    0,    0,    0,    0,    0,    0,    0,    0,    0,    0,    0,    0,    0,    0,    0,    0,    0,    0,    0,    0,    0,    0,    0,    0,    0,    0,    0,    0,    0,    0,    0,    0,    0,    0,    0,    0,    0,    0,    0,    0,    0,    0,    0,    0,    0,   -9,    0,  -10,   -5,    0,   -7,  -10,   -7,  -10,    0,   -9,   -4,   -2,    0,    0,    0,    0,    0,    0,    0,    0,   -7,    0,    0,    0,   -7,    0,   -7,    0,   -7,    0,   -7,    0,    0,    0,   -6,   -6,    0,    0,    0,    0,  -10,    0,   -7,    0,   -7,  -10,    0,    0,   -7,    0,    0,    0,    0,    0,    0,    0,   -5,    0,   -4,    0,   -3,    0,    0,   -4,   -7,   -7,    0,    0,  -14,    0,    0,    0,    0,    0,    0,    0,    0,  -11,  -10,    0,  -15,  -15,  -14,    0,    0,    0,
       0,   -8,    0,  -14,  -11,    0,    0,    0,    0,    0,    0,    0,    0,    0,    0,    0,    0,    0,    0,  -13,    0,    0,    0,    0,    0,    0,    0,    0,    0,    0,    0,    0,    0,  -20,  -16,    0,    0,    0,    0,    0,    0,    0,    0,    0,    0,    0,    0,    0,    0,    0,    0,    0,    0,    0,    0,  -14,    0,    0,    0,    0,    0,    0,    0,    0,    0,    0,    0,    0,    0,    0,    0,    0,    0,    0,    0,    0,    0,    0,    0,    0,    0,    0,    0,    0,    0,    0,    0,    0,    0,    0,    0,    0,    0,    0,    0,    0,    0,    0,    0,    0,    0,    0,    0,    0,    0,    0,    0,    0,    0,    0,    0,    0,    0,    0,    0,    0,    0,    0,    0,    0,    0,    0,    0,    0,    0,    0,    0,    0,    0,    0,    0,    0,    0,    0,    0,    0,    0,    0,    0,    0,    0,    0,    0,    0,    0,    0,    0,    0,    0,    0,    0,    0,    0,    0,    0,   -9,    0,   -9,   -4,    0,   -7,   -7,   -6,   -9,    0,   -6,   -4,   -2,    0,    0,    0,    0,    0,    0,    0,    0,   -6,    0,    0,    0,   -5,    0,   -7,    0,   -7,    0,   -6,    0,    0,    0,   -5,   -5,    0,    0,    0,    0,   -7,    0,   -5,    0,   -5,   -9,    0,    0,   -7,    0,    0,    0,    0,    0,    0,    0,   -4,    0,   -1,    0,   -2,    0,    0,   -4,   -6,   -6,    0,    0,  -12,    0,    0,    0,    0,    0,    0,    0,    0,   -9,   -8,    0,  -12,  -12,  -13,    0,    0,    0,
       0,    0,    0,   -8,   -3,    0,    0,    0,    0,    0,    0,    0,    0,    0,    0,    0,    0,    0,    0,   -4,    0,    0,    0,    0,    0,    0,    0,    0,    0,    0,    0,    0,    0,  -14,  -14,    0,    0,    0,    0,    0,    0,    0,    0,    0,    0,    0,    0,    0,    0,    0,    0,    0,    0,    0,    0,  -12,    0,    0,    0,   -9,   -4,    0,    0,    0,    0,    0,    0,    0,    0,    0,    0,    0,    0,    0,    0,    0,    0,    0,    0,    0,    0,    0,    0,    0,    0,    0,    0,    0,    0,    0,    0,    0,    0,    0,    0,    0,    0,    0,    0,    0,    0,    0,    0,    0,    0,    0,    0,    0,    0,    0,    0,    0,    0,    0,    0,    0,    0,    0,    0,    0,    0,    0,    0,    0,    0,    0,    0,    0,    0,    0,    0,    0,    0,    0,    0,    0,    0,    0,    0,    0,    0,    0,    0,    0,    0,    0,    0,    0,    0,    0,    0,    0,    0,   -1,    0,    0,   -4,    0,    0,    0,    0,    0,    0,    0,    0,    0,    0,    0,   -4,    0,    0,    0,    0,    0,    0,    0,    0,    0,    0,    0,    0,    0,    0,    0,    0,    0,    0,    0,    0,    0,    0,    0,   -3,    0,    0,    0,    0,    0,    0,    0,    0,    0,    0,    0,   -3,    0,    0,    0,   -4,    0,    0,    0,    0,    0,    0,    0,   -5,   -4,   -4,    0,    0,    0,    0,    0,    0,    0,    0,    0,    0,    0,    0,    0,   -4,    0,   -3,    0,   -7,   -7,   -4,    0,    0,    0,
       0,    0,    0,  -10,    0,  -20,  -19,  -21,    0,    0,    0,    0,    0,    0,    0,    0,    0,    0,    0,    0,    0,    0,    0,    0,    0,    0,    0,    0,    0,    0,    0,    0,    0,   -4,  -13,    0,    0,    0,    0,    0,    0,    0,    0,    0,    0,    0,    0,    0,    0,    0,    0,    0,    0,    0,    0,  -11,    0,    0,    0,  -12,  -10,    0,    0,    0,    0,    0,    0,    0,    0,    0,    0,    0,    0,    0,    0,    0,    0,    0,    0,    0,    0,    0,    0,    0,    0,    0,    0,    0,    0,    0,    0,    0,    0,    0,    0,    0,    0,    0,    0,    0,    0,    0,    0,    0,    0,    0,    0,    0,    0,    0,    0,    0,    0,    0,    0,    0,    0,    0,    0,    0,    0,    0,    0,    0,    0,    0,    0,    0,    0,    0,    0,    0,    0,    0,    0,    0,    0,    0,    0,    0,    0,    0,    0,    0,    0,    0,    0,    0,    0,    0,    0,    0,   -2,    0,    0,  -24,  -10,    0,    0,    0,  -23,    0,    0,    0,    0,    0,    0,  -10,  -10,    0,   -1,    0,    0,    0,    0,    0,    0,    0,    0,    0,    0,    0,  -27,    0,    0,    0,    0,    0,    0,    0,    0,    0,   -7,    0,    0,    0,    0,    0,    0,    0,    0,    0,    0,   -3,   -5,   -2,   -2,    0,  -10,    0,    0,    0,    0,    0,    0,    0,    0,  -10,  -10,    0,    0,    0,    0,    0,    0,    0,    0,    0,    0,    0,    0,    0,  -10,    0,    0,  -23,    0,    0,    0,    0,    0,    0,
       0,    0,    0,  -10,    0,  -18,  -16,  -18,    0,    0,    0,    0,    0,    0,    0,    0,    0,    0,    0,    0,    0,    0,    0,    0,    0,    0,    0,    0,    0,    0,    0,    0,    0,    0,  -13,    0,    0,    0,    0,    0,    0,    0,    0,    0,    0,    0,    0,    0,    0,    0,    0,    0,    0,    0,    0,  -11,    0,    0,    0,   -4,    0,    0,    0,    0,    0,    0,    0,    0,    0,    0,    0,    0,    0,    0,    0,    0,    0,    0,    0,    0,    0,    0,    0,    0,    0,    0,    0,    0,    0,    0,    0,    0,    0,    0,    0,    0,    0,    0,    0,    0,    0,    0,    0,    0,    0,    0,    0,    0,    0,    0,    0,    0,    0,    0,    0,    0,    0,    0,    0,    0,    0,    0,    0,    0,    0,    0,    0,    0,    0,    0,    0,    0,    0,    0,    0,    0,    0,    0,    0,    0,    0,    0,    0,    0,    0,    0,    0,    0,    0,    0,    0,    0,   -5,    0,    0,  -22,   -7,    0,   -2,    0,  -21,    0,    0,    0,    0,    0,   -1,   -7,   -7,    0,   -4,    0,    0,    0,    0,    0,    0,    0,    0,    0,    0,    0,  -21,    0,    0,    0,    0,    0,    0,    0,    0,    0,   -5,    0,    0,    0,    0,    0,    0,    0,    4,    0,    0,   -2,   -5,   -5,   -5,    0,   -7,    0,   -3,   -3,   -2,    0,    0,    0,   -1,   -7,   -7,   -1,    0,    0,    0,    0,    0,    0,    0,    0,    0,    0,    0,    0,    0,    0,    0,  -18,    0,    0,    0,    0,    0,    0,
       0,    0,    0,    0,    0,    0,    0,    0,    0,    0,    0,    0,    0,    0,    0,    0,    0,    0,    0,    0,    0,    0,    0,    0,    0,    0,    0,    0,    0,    0,    0,    0,    0,   -4,  -10,    0,    0,    0,    0,    0,    0,    0,    0,    0,    0,    0,    0,    0,    0,    0,    0,    0,    0,    0,    0,   -5,    0,    0,    0,  -12,   -7,    0,    0,    0,    0,    0,    0,    0,    0,    0,    0,    0,    0,    0,    0,    0,    0,    0,    0,    0,    0,    0,    0,    0,    0,    0,    0,    0,    0,    0,    0,    0,    0,    0,    0,    0,    0,    0,    0,    0,    0,    0,    0,    0,    0,    0,    0,    0,    0,    0,    0,    0,    0,    0,    0,    0,    0,    0,    0,    0,    0,    0,    0,    0,    0,    0,    0,    0,    0,    0,    0,    0,    0,    0,    0,    0,    0,    0,    0,    0,    0,    0,    0,    0,    0,    0,    0,    0,    0,    0,    0,    0,    0,   -3,    0,    2,  -10,    0,    0,    0,    0,    0,    0,    0,    0,    0,    0,    0,  -10,    0,    0,    0,    0,    0,    0,    0,    0,    0,    0,    0,    0,    0,    0,    0,    0,    0,    0,    0,    0,    0,    0,    0,   -9,    0,    0,    0,    0,    0,    0,    0,    2,    0,    0,   -5,   -2,    0,    0,    0,  -10,    0,   -4,   -4,    0,    0,    0,    0,   -7,  -10,  -10,    0,    0,    0,    0,    0,    0,    0,    0,    0,    0,    0,    0,    0,   -7,    0,    0,    0,    0,    0,    0,    0,    0,    0,
       0,  -34,    0,  -11,  -35,    0,    0,    0,    0,    0,    0,    0,    0,    0,    0,    0,    0,    0,    0,  -15,    0,    0,    0,    0,    0,    0,    0,    0,    0,    0,    0,    0,    0,  -32,  -15,    0,    0,    0,    0,    0,    0,    0,    0,    0,    0,    0,    0,    0,    0,    0,    0,    0,    0,    0,    0,  -13,    0,    0,    0,    0,   -6,    0,    0,    0,    0,    0,    0,    0,    0,    0,    0,    0,    0,    0,    0,    0,    0,    0,    0,    0,    0,    0,    0,    0,    0,    0,    0,    0,    0,    0,    0,    0,    0,    0,    0,    0,    0,    0,    0,    0,    0,    0,    0,    0,    0,    0,    0,    0,    0,    0,    0,    0,    0,    0,    0,    0,    0,    0,    0,    0,    0,    0,    0,    0,    0,    0,    0,    0,    0,    0,    0,    0,    0,    0,    0,    0,    0,    0,    0,    0,    0,    0,    0,    0,    0,    0,    0,    0,    0,    0,    0,    0,    0,    0,    0,    0,    0,   -2,    0,    0,    0,  -32,  -21,   -6,   -7,  -29,    0,   -2,    0,    0,    0,    0,    0,    0,    0,    0,  -21,    0,   -2,    0,  -22,    0,   -2,    0,   -2,    0,   -7,    0,    0,    0,  -19,  -19,    0,    0,    0,    0,  -32,    0,  -21,    0,  -21,   -6,    0,  -12,   -8,    0,    0,    0,    0,    0,    0,    0,    0,    0,   -9,    0,   -8,    0,    0,    0,  -21,  -21,   -7,    0,   -8,    0,    0,    0,    0,    0,    0,    0,   -6,  -35,  -34,    0,  -37,  -37,  -18,    0,    0,    0,
       0,  -13,    0,  -10,  -15,    0,    0,    0,    0,    0,    0,    0,    0,    0,    0,    0,    0,    0,    0,  -14,    0,    0,    0,    0,    0,    0,    0,    0,    0,    0,    0,    0,    0,  -21,  -12,    0,    0,    0,    0,    0,    0,    0,    0,    0,    0,    0,    0,    0,    0,    0,    0,    0,    0,    0,    0,  -10,    0,    0,    0,    0,    0,    0,    0,    0,    0,    0,    0,    0,    0,    0,    0,    0,    0,    0,    0,    0,    0,    0,    0,    0,    0,    0,    0,    0,    0,    0,    0,    0,    0,    0,    0,    0,    0,    0,    0,    0,    0,    0,    0,    0,    0,    0,    0,    0,    0,    0,    0,    0,    0,    0,    0,    0,    0,    0,    0,    0,    0,    0,    0,    0,    0,    0,    0,    0,    0,    0,    0,    0,    0,    0,    0,    0,    0,    0,    0,    0,    0,    0,    0,    0,    0,    0,    0,    0,    0,    0,    0,    0,    0,    0,    0,    0,    0,    0,    0,   -2,    0,   -6,   -2,    0,    0,  -12,   -9,   -7,    0,  -11,   -2,    0,    0,    0,    0,    0,    0,    0,    0,    0,   -9,    0,    0,    0,    0,    0,    0,    0,    0,    0,    0,    0,    0,    0,    0,    0,    0,    0,    0,    0,  -12,    0,    0,    0,    0,   -7,    0,    0,    0,    0,    0,    0,    0,    0,    0,    0,   -2,    0,    0,    0,    0,    0,    0,   -2,   -9,   -9,    0,    0,   -7,    0,    0,    0,    0,    0,    0,    0,    0,  -14,  -14,    0,  -16,  -16,  -14,    0,    0,    0,
       0,    0,    0,   -6,    0,  -26,  -26,  -23,    0,    0,    0,    0,    0,    0,    0,    0,    0,    0,    0,    0,    0,    0,    0,    0,    0,    0,    0,    0,    0,    0,    0,    0,    0,   -2,   -7,    0,    0,    0,    0,    0,    0,    0,    0,    0,    0,    0,    0,    0,    0,    0,    0,    0,    0,    0,    0,   -6,    0,    0,    0,  -12,  -12,    0,    0,    0,    0,    0,    0,    0,    0,    0,    0,    0,    0,    0,    0,    0,    0,    0,    0,    0,    0,    0,    0,    0,    0,    0,    0,    0,    0,    0,    0,    0,    0,    0,    0,    0,    0,    0,    0,    0,    0,    0,    0,    0,    0,    0,    0,    0,    0,    0,    0,    0,    0,    0,    0,    0,    0,    0,    0,    0,    0,    0,    0,    0,    0,    0,    0,    0,    0,    0,    0,    0,    0,    0,    0,    0,    0,    0,    0,    0,    0,    0,    0,    0,    0,    0,    0,    0,    0,    0,    0,    0,   -3,    0,    0,  -29,  -11,    0,    0,    0,  -28,    0,    0,    0,    0,    0,    0,  -13,  -11,    0,   -1,    0,    0,    0,    0,    0,    0,    0,    0,    0,    0,    0,  -31,    0,    0,    0,    0,    0,    0,    0,    0,    0,   -7,    0,    0,    0,    0,    0,    0,    0,    0,    0,    0,   -3,   -5,   -3,   -3,    0,  -11,    0,    0,    0,    0,    0,    0,    0,    0,  -11,  -11,    0,    0,    0,    0,    0,    0,    0,    0,    0,    0,    0,    0,    0,  -12,    0,    0,  -29,    0,    0,    0,    0,    0,    0,
       0,    0,    0,   -8,   -3,    0,    0,    0,    0,    0,    0,    0,    0,    0,    0,    0,    0,    0,    0,   -4,    0,    0,    0,    0,    0,    0,    0,    0,    0,    0,    0,    0,    0,  -14,  -14,    0,    0,    0,    0,    0,    0,    0,    0,    0,    0,    0,    0,    0,    0,    0,    0,    0,    0,    0,    0,  -12,    0,    0,    0,    0,    0,    0,    0,    0,    0,    0,    0,    0,    0,    0,    0,    0,    0,    0,    0,    0,    0,    0,    0,    0,    0,    0,    0,    0,    0,    0,    0,    0,    0,    0,    0,    0,    0,    0,    0,    0,    0,    0,    0,    0,    0,    0,    0,    0,    0,    0,    0,    0,    0,    0,    0,    0,    0,    0,    0,    0,    0,    0,    0,    0,    0,    0,    0,    0,    0,    0,    0,    0,    0,    0,    0,    0,    0,    0,    0,    0,    0,    0,    0,    0,    0,    0,    0,    0,    0,    0,    0,    0,    0,    0,    0,    0,    0,   -1,    0,    0,   -4,    0,    0,    0,    0,    0,   -2,    0,    0,    0,    0,   -1,   -4,    0,    0,    0,    0,    0,    0,    0,   -2,    0,    0,    0,    0,    0,    0,    0,    0,    0,    0,    0,    0,    0,    0,    0,    0,    0,    0,    0,    0,    0,    0,    0,    0,    0,    0,    0,    0,    0,    0,    0,   -4,    0,    0,    0,    0,    0,    0,    0,    0,   -4,   -4,    0,   -2,   -2,    0,    0,    0,    0,    0,    0,    0,    0,    0,    0,    0,    0,   -3,    0,   -7,   -7,   -4,    0,    0,    0,
       0,    0,    0,  -10,   -4,    0,    0,    0,    0,    0,    0,    0,    0,    0,    0,    0,    0,    0,    0,   -5,    0,    0,    0,    0,    0,    0,    0,    0,    0,    0,    0,    0,    0,  -15,  -14,    0,    0,    0,    0,    0,    0,    0,    0,    0,    0,    0,    0,    0,    0,    0,    0,    0,    0,    0,    0,  -12,    0,    0,    0,    0,    0,    0,    0,    0,    0,    0,    0,    0,    0,    0,    0,    0,    0,    0,    0,    0,    0,    0,    0,    0,    0,    0,    0,    0,    0,    0,    0,    0,    0,    0,    0,    0,    0,    0,    0,    0,    0,    0,    0,    0,    0,    0,    0,    0,    0,    0,    0,    0,    0,    0,    0,    0,    0,    0,    0,    0,    0,    0,    0,    0,    0,    0,    0,    0,    0,    0,    0,    0,    0,    0,    0,    0,    0,    0,    0,    0,    0,    0,    0,    0,    0,    0,    0,    0,    0,    0,    0,    0,    0,    0,    0,    0,    0,    0,    0,   -2,    0,    0,    0,    0,    0,    0,   -4,    0,    0,    0,    0,   -2,    0,    0,    0,    0,    0,    0,    0,    0,   -4,    0,    0,    0,    0,    0,    0,    0,    0,    0,    0,    0,    0,    0,    0,    0,    0,    0,    0,    0,    0,    0,    0,    0,    0,    0,    0,    0,    0,    0,    0,    0,    0,    0,    0,    0,    0,    0,    0,    0,    0,    0,    0,    0,   -4,   -4,    0,    0,    0,    0,    0,    0,    0,    0,    0,    0,    0,   -3,   -3,    0,   -8,   -8,   -6,    0,    0,    0,
       0,    0,    0,    0,    0,    0,    0,    0,    0,    0,    0,    0,    0,    0,    0,    0,    0,    0,    0,    0,    0,    0,    0,    0,    0,    0,    0,    0,    0,    0,    0,    0,    0,    0,    0,    0,    0,    0,    0,    0,    0,    0,    0,    0,    0,    0,    0,    0,    0,    0,    0,    0,    0,    0,    0,    0,    0,    0,    0,    0,    0,    0,    0,    0,    0,    0,    0,    0,    0,    0,    0,    0,    0,    0,    0,    0,    0,    0,    0,    0,    0,    0,    0,    0,    0,    0,    0,    0,    0,    0,    0,    0,    0,    0,    0,    0,    0,    0,    0,    0,    0,    0,    0,    0,    0,    0,    0,    0,    0,    0,    0,    0,    0,    0,    0,    0,    0,    0,    0,    0,    0,    0,    0,    0,    0,    0,    0,    0,    0,    0,    0,    0,    0,    0,    0,    0,    0,    0,    0,    0,    0,    0,    0,    0,    0,    0,    0,    0,    0,    0,    0,    0,    0,    0,    0,    0,    0,    0,    0,    0,    0,    0,    0,    0,    0,    0,    0,    0,    0,    0,    0,    0,    3,    0,    0,    0,    0,    0,    0,    0,    0,    0,    0,    0,    0,    0,    0,    0,    0,    0,    0,    0,    0,    0,    0,    0,    0,    0,    0,    0,    0,    0,    0,    0,    0,    0,    0,    0,    0,    0,    0,    0,    0,    0,    0,    0,   -4,    0,    0,    0,    0,    0,    0,    0,    0,    0,    0,    0,    0,    0,    0,    0,    0,    0,    0,    0,    0,    0,    0,    0,    0,    0,
       0,    8,    0,    8,   11,    0,    0,    0,    0,    0,    0,    0,    0,    0,    0,    0,    0,    0,    0,   11,    0,    0,    0,    0,    0,    0,    0,    0,    0,    0,    0,    0,    0,    4,    9,    0,    0,    0,    0,    0,    0,    0,    0,    0,    0,    0,    0,    0,    0,    0,    0,    0,    0,    0,    0,    9,    0,    0,    0,    0,    0,    0,    0,    0,    0,    0,    0,    0,    0,    0,    0,    0,    0,    0,    0,    0,    0,    0,    0,    0,    0,    0,    0,    0,    0,    0,    0,    0,    0,    0,    0,    0,    0,    0,    0,    0,    0,    0,    0,    0,    0,    0,    0,    0,    0,    0,    0,    0,    0,    0,    0,    0,    0,    0,    0,    0,    0,    0,    0,    0,    0,    0,    0,    0,    0,    0,    0,    0,    0,    0,    0,    0,    0,    0,    0,    0,    0,    0,    0,    0,    0,    0,    0,    0,    0,    0,    0,    0,    0,    0,    0,    0,    0,    0,    0,    0,    0,    0,    0,    0,    0,    0,    0,    0,    0,    0,    0,    0,    0,    0,    0,    5,   24,    5,    0,    0,    0,    0,    0,    0,    0,    0,    0,    0,    0,    0,    0,    0,    0,    0,    0,    0,    0,    0,    0,    0,    0,    0,    0,    0,    0,    0,    0,    0,    0,    0,    0,    0,    0,    0,    0,    0,    0,    0,    0,    0,   -4,    0,    0,    0,    0,    0,    0,    0,    0,    0,    0,    0,    0,    0,    0,    0,    0,    9,    4,    0,   11,   11,    7,    0,    0,    0,
       0,  -10,    0,   -8,  -13,    0,    0,    0,    0,    0,    0,    0,    0,    0,    0,    0,    0,    0,    0,  -12,    0,    0,    0,    0,    0,    0,    0,    0,    0,    0,    0,    0,    0,  -20,  -14,    0,    0,    0,    0,    0,    0,    0,    0,    0,    0,    0,    0,    0,    0,    0,    0,    0,    0,    0,    0,  -12,    0,    0,    0,    0,    0,    0,    0,    0,    0,    0,    0,    0,    0,    0,    0,    0,    0,    0,    0,    0,    0,    0,    0,    0,    0,    0,    0,    0,    0,    0,    0,    0,    0,    0,    0,    0,    0,    0,    0,    0,    0,    0,    0,    0,    0,    0,    0,    0,    0,    0,    0,    0,    0,    0,    0,    0,    0,    0,    0,    0,    0,    0,    0,    0,    0,    0,    0,    0,    0,    0,    0,    0,    0,    0,    0,    0,    0,    0,    0,    0,    0,    0,    0,    0,    0,    0,    0,    0,    0,    0,    0,    0,    0,    0,    0,    0,    0,    0,    0,    0,    0,    0,    0,    0,    0,   -8,   -7,    0,    0,   -7,    0,    0,    0,    0,    0,    0,    0,    0,    0,    0,   -7,    0,    0,    0,    0,    0,    0,    0,    0,    0,    0,    0,    0,    0,    0,    0,    0,    0,    0,    0,   -8,    0,    0,    0,    0,    0,    0,    0,    0,    0,    0,    0,    0,    0,    0,    0,    0,    0,    0,    0,    0,    0,    0,    0,   -7,   -7,    0,    0,    0,    0,    0,    0,    0,    0,    0,    0,    0,  -12,  -11,    0,  -15,  -15,  -13,    0,    0,    0,
       0,    0,    0,    0,    0,    0,    0,    0,    0,    0,    0,    0,    0,    0,    0,    0,    0,    0,    0,    0,    0,    0,    0,    0,    0,    0,    0,    0,    0,    0,    0,    0,    0,    0,    0,    0,    0,    0,    0,    0,    0,    0,    0,    0,    0,    0,    0,    0,    0,    0,    0,    0,    0,    0,    0,    0,    0,    0,    0,    0,    0,    0,    0,    0,    0,    0,    0,    0,    0,    0,    0,    0,    0,    0,    0,    0,    0,    0,    0,    0,    0,    0,    0,    0,    0,    0,    0,    0,    0,    0,    0,    0,    0,    0,    0,    0,    0,    0,    0,    0,    0,    0,    0,    0,    0,    0,    0,    0,    0,    0,    0,    0,    0,    0,    0,    0,    0,    0,    0,    0,    0,    0,    0,    0,    0,    0,    0,    0,    0,    0,    0,    0,    0,    0,    0,   -7,    0,    0,    0,    0,   -5,   -7,   -7,  -10,  -11,   -5,    0,   -9,    0,   -6,   -5,   -3,   -5,   -4,   -4,  -18,   -3,   -7,   -6,   -4,  -17,    0,    0,   -5,    0,    0,   -6,   -7,   -3,    0,    0,    0,    0,    0,    0,   -4,    0,    0,    0,    0,    0,    0,    0,    0,    0,    0,    0,    0,    0,    0,    0,    0,    0,    0,   -4,    0,    0,    0,    0,    0,    0,   -5,    0,    0,    0,   -5,   -5,    0,   -3,    0,    0,    0,   -6,    0,    0,   -4,    0,   -3,   -3,   -6,    0,    0,    0,   -9,   -5,    0,    0,    0,    0,    0,    0,    0,    0,    0,    0,    0,    0,    0,    0,    0,    0,    0,
       0,    0,    0,    0,    0,    0,    0,    0,    0,    0,    0,    0,    0,    0,    0,    0,    0,    0,    0,    0,    0,    0,    0,    0,    0,    0,    0,    0,    0,    0,    0,    0,    0,    0,    0,    0,    0,    0,    0,    0,    0,    0,    0,    0,    0,    0,    0,    0,    0,    0,    0,    0,    0,    0,    0,    0,    0,    0,    0,    0,    0,    0,    0,    0,    0,    0,    0,    0,    0,    0,    0,    0,    0,    0,    0,    0,    0,    0,    0,    0,    0,    0,    0,    0,    0,    0,    0,    0,    0,    0,    0,    0,    0,    0,    0,    0,    0,    0,    0,    0,    0,    0,    0,    0,    0,    0,    0,    0,    0,    0,    0,    0,    0,    0,    0,    0,    0,    0,    0,    0,    0,    0,    0,    0,    0,    0,    0,    0,    0,    0,    0,    0,    0,    0,    0,    0,    0,    0,    0,    0,    0,    0,    0,    0,    0,    0,    0,    0,    0,    0,    0,    0,    0,    0,    0,  -14,    0,   -4,   -3,    0,  -14,    0,   -1,   -2,    0,    0,   -2,   -2,    0,    0,    0,    0,    0,    0,    0,    0,   -1,    0,    0,    0,    0,    0,    0,    0,    0,    0,    0,    0,    0,    0,    0,    0,    0,    0,    0,    0,    0,    0,    0,    0,    0,   -2,    0,    0,    0,    0,    0,    0,    0,    0,    0,    0,   -3,    0,    0,    0,    0,    0,    0,   -2,   -1,   -1,    0,    0,   -2,    0,    0,    0,    0,    0,    0,    0,    0,    0,    0,    0,    0,    0,    0,    0,    0,    0,
       0,    0,    0,  -10,    0,  -20,  -19,  -21,    0,    0,    0,    0,    0,    0,    0,    0,    0,    0,    0,    0,    0,    0,    0,    0,    0,    0,    0,    0,    0,    0,    0,    0,    0,   -4,  -13,    0,    0,    0,    0,    0,    0,    0,    0,    0,    0,    0,    0,    0,    0,    0,    0,    0,    0,    0,    0,  -11,    0,    0,    0,  -12,  -10,    0,    0,    0,    0,    0,    0,    0,    0,    0,    0,    0,    0,    0,    0,    0,    0,    0,    0,    0,    0,    0,    0,    0,    0,    0,    0,    0,    0,    0,    0,    0,    0,    0,    0,    0,    0,    0,    0,    0,    0,    0,    0,    0,    0,    0,    0,    0,    0,    0,    0,    0,    0,    0,    0,    0,    0,    0,    0,    0,    0,    0,    0,    0,    0,    0,    0,    0,    0,    0,    0,    0,    0,    0,    0,    0,    0,    0,    0,    0,    0,    0,    0,    0,    0,    0,    0,    0,    0,    0,    0,    0,   -2,    0,    0,  -17,  -10,    0,    0,    0,  -37,    0,    0,    0,    0,    0,    0,  -10,  -10,    0,   -1,    0,    0,    0,    0,    0,    0,    0,    0,    0,    0,    0,  -27,    0,    0,    0,    0,    0,    0,    0,    0,    0,   -7,    0,    0,    0,    0,    0,    0,    0,    0,    0,    0,   -3,   -5,   -2,   -2,    0,  -10,    0,    0,    0,    0,    0,    0,    0,    0,  -10,  -10,    0,    0,    0,    0,    0,    0,    0,    0,    0,    0,    0,    0,    0,  -10,    0,    0,  -23,    0,    0,    0,    0,    0,    0,
       0,    0,    0,    0,    0,    0,    0,    0,    0,    0,    0,    0,    0,    0,    0,    0,    0,    0,    0,    0,    0,    0,    0,    0,    0,    0,    0,    0,    0,    0,    0,    0,    0,    0,    0,    0,    0,    0,    0,    0,    0,    0,    0,    0,    0,    0,    0,    0,    0,    0,    0,    0,    0,    0,    0,    0,    0,    0,    0,    0,    0,    0,    0,    0,    0,    0,    0,    0,    0,    0,    0,    0,    0,    0,    0,    0,    0,    0,    0,    0,    0,    0,    0,    0,    0,    0,    0,    0,    0,    0,    0,    0,    0,    0,    0,    0,    0,    0,    0,    0,    0,    0,    0,    0,    0,    0,    0,    0,    0,    0,    0,    0,    0,    0,    0,    0,    0,    0,    0,    0,    0,    0,    0,    0,    0,    0,    0,    0,    0,    0,    0,    0,    0,    0,    0,  -33,   -9,    0,    0,    0,    7,  -15,    0,    7,    0,    0,  -13,    0,  -27,  -29,    0,    0,    0,  -11,   -1,    6,   -7,    0,    0,   -1,    5,  -27,  -20,    0,  -21,  -24,    0,    0,   -7,    0,    0,    0,    0,    0,    0,   -1,  -20,    0,    0,    0,    0,    0,    0,    0,    0,    0,    0,    0,    0,    0,    0,    0,    0,    0,   -1,    0,  -27,    0,    0,    0,    0,    0,    0,    0,    0,    0,    0,    0,   -7,    0,    0,    0,    0,    0,    0,   -1,   -9,   -7,   -7,    0,  -20,  -20,  -21,    0,    0,    0,    0,    0,    0,    0,    0,    0,    0,    0,    0,    0,    0,    0,    0,    0,    0,    0,
       0,    0,    0,    0,    0,    0,    0,    0,    0,    0,    0,    0,    0,    0,    0,    0,    0,    0,    0,    0,    0,    0,    0,    0,    0,    0,    0,    0,    0,    0,    0,    0,    0,    0,    0,    0,    0,    0,    0,    0,    0,    0,    0,    0,    0,    0,    0,    0,    0,    0,    0,    0,    0,    0,    0,    0,    0,    0,    0,    0,    0,    0,    0,    0,    0,    0,    0,    0,    0,    0,    0,    0,    0,    0,    0,    0,    0,    0,    0,    0,    0,    0,    0,    0,    0,    0,    0,    0,    0,    0,    0,    0,    0,    0,    0,    0,    0,    0,    0,    0,    0,    0,    0,    0,    0,    0,    0,    0,    0,    0,    0,    0,    0,    0,    0,    0,    0,    0,    0,    0,    0,    0,    0,    0,    0,    0,    0,    0,    0,    0,    0,    0,    0,    0,    0,    0,    0,    0,    0,    0,    0,    0,    0,    0,    0,    0,    0,    0,    0,    0,    0,    0,    0,  -11,    0,    3,   -7,    0,    0,    0,    3,  -27,  -22,    0,  -23,  -23,    0,    0,   -7,    0,    0,    0,    0,    0,    0,    0,  -22,    0,    0,    0,    0,    0,    0,    0,    0,    0,    0,    0,    0,    0,    0,    0,    0,    0,    0,    0,  -27,    0,    0,    0,    0,    0,    0,    0,    0,    0,    0,    0,   -7,    0,    0,    0,    0,    0,    0,    0,    0,   -7,   -7,    0,  -22,  -22,  -23,    0,    0,    0,    0,    0,    0,    0,    0,    0,    0,    0,    0,    0,    0,    0,    0,    0,    0,    0,
       0,    0,    0,    0,    0,    0,    0,    0,    0,    0,    0,    0,    0,    0,    0,    0,    0,    0,    0,    0,    0,    0,    0,    0,    0,    0,    0,    0,    0,    0,    0,    0,    0,    0,    0,    0,    0,    0,    0,    0,    0,    0,    0,    0,    0,    0,    0,    0,    0,    0,    0,    0,    0,    0,    0,    0,    0,    0,    0,    0,    0,    0,    0,    0,    0,    0,    0,    0,    0,    0,    0,    0,    0,    0,    0,    0,    0,    0,    0,    0,    0,    0,    0,    0,    0,    0,    0,    0,    0,    0,    0,    0,    0,    0,    0,    0,    0,    0,    0,    0,    0,    0,    0,    0,    0,    0,    0,    0,    0,    0,    0,    0,    0,    0,    0,    0,    0,    0,    0,    0,    0,    0,    0,    0,    0,    0,    0,    0,    0,    0,    0,    0,    0,    0,    0,    0,   -7,    0,    0,    0,    3,    0,    0,    2,    0,    0,  -11,    0,    0,    0,    0,    0,    0,  -17,   -4,    0,  -10,    0,    0,   -4,    0,  -31,  -28,    0,  -25,  -27,   -1,    0,  -10,    0,    0,    0,    0,    0,    0,   -4,  -28,    0,    0,    0,    0,    0,    0,    0,    0,    0,    0,    0,    0,    0,    0,    0,    0,    0,   -4,    0,  -31,    0,    0,    0,    0,    0,    0,    0,    0,    0,    0,    0,  -10,    0,    0,    0,    0,    0,    0,   -4,   -7,  -10,  -10,   -1,  -28,  -28,  -25,    0,    0,    0,    0,    0,    0,    0,    0,    0,    0,    0,    0,    0,    0,    0,    0,    0,    0,    0,
       0,    0,    0,    0,    0,    0,    0,    0,    0,    0,    0,    0,    0,    0,    0,    0,    0,    0,    0,    0,    0,    0,    0,    0,    0,    0,    0,    0,    0,    0,    0,    0,    0,    0,    0,    0,    0,    0,    0,    0,    0,    0,    0,    0,    0,    0,    0,    0,    0,    0,    0,    0,    0,    0,    0,    0,    0,    0,    0,    0,    0,    0,    0,    0,    0,    0,    0,    0,    0,    0,    0,    0,    0,    0,    0,    0,    0,    0,    0,    0,    0,    0,    0,    0,    0,    0,    0,    0,    0,    0,    0,    0,    0,    0,    0,    0,    0,    0,    0,    0,    0,    0,    0,    0,    0,    0,    0,    0,    0,    0,    0,    0,    0,    0,    0,    0,    0,    0,    0,    0,    0,    0,    0,    0,    0,    0,    0,    0,    0,    0,    0,    0,    0,    0,    0,    0,    0,    0,    0,    0,    0,    0,    0,    0,    0,    0,    0,    0,    0,    0,    0,    0,    0,   -5,    0,    0,   -7,    0,    0,    0,    0,    0,    0,    0,    0,    0,    0,    0,   -7,    0,    0,    0,    0,    0,    0,    0,    0,    0,    0,    0,    0,    0,    0,    0,    0,    0,    0,    0,    0,    0,    0,    0,    0,    0,    0,    0,    0,    0,    0,    0,    0,    0,    0,    0,    0,    0,    0,    0,   -7,    0,    0,    0,    0,    0,    0,    0,    0,   -7,   -7,    0,    0,    0,    0,    0,    0,    0,    0,    0,    0,    0,    0,    0,    0,    0,    0,    0,    0,    0,    0,    0,    0,    0,
       0,    0,    0,    0,    0,    0,    0,    0,    0,    0,    0,    0,    0,    0,    0,    0,    0,    0,    0,    0,    0,    0,    0,    0,    0,    0,    0,    0,    0,    0,    0,    0,    0,    0,    0,    0,    0,    0,    0,    0,    0,    0,    0,    0,    0,    0,    0,    0,    0,    0,    0,    0,    0,    0,    0,    0,    0,    0,    0,    0,    0,    0,    0,    0,    0,    0,    0,    0,    0,    0,    0,    0,    0,    0,    0,    0,    0,    0,    0,    0,    0,    0,    0,    0,    0,    0,    0,    0,    0,    0,    0,    0,    0,    0,    0,    0,    0,    0,    0,    0,    0,    0,    0,    0,    0,    0,    0,    0,    0,    0,    0,    0,    0,    0,    0,    0,    0,    0,    0,    0,    0,    0,    0,    0,    0,    0,    0,    0,    0,    0,    0,    0,    0,    0,    0,    0,    0,    0,    0,    0,    0,    0,    0,    0,    0,    0,    0,    0,    0,    0,    0,    0,    0,   -5,    0,    1,   -7,    0,    0,    0,    0,    0,    0,    0,    0,    0,    0,    0,   -7,    0,    0,    0,    0,    0,    0,    0,    0,    0,    0,    0,    0,    0,    0,    0,    0,    0,    0,    0,    0,    0,    0,    0,    0,    0,    0,    0,    0,    0,    0,    0,    0,    0,    0,    0,    0,    0,    0,    0,   -7,    0,    0,    0,    0,    0,    0,    0,    0,   -7,   -7,    0,    0,    0,    0,    0,    0,    0,    0,    0,    0,    0,    0,    0,    0,    0,    0,    0,    0,    0,    0,    0,    0,    0,
       0,    0,    0,    0,    0,    0,    0,    0,    0,    0,    0,    0,    0,    0,    0,    0,    0,    0,    0,    0,    0,    0,    0,    0,    0,    0,    0,    0,    0,    0,    0,    0,    0,    0,    0,    0,    0,    0,    0,    0,    0,    0,    0,    0,    0,    0,    0,    0,    0,    0,    0,    0,    0,    0,    0,    0,    0,    0,    0,    0,    0,    0,    0,    0,    0,    0,    0,    0,    0,    0,    0,    0,    0,    0,    0,    0,    0,    0,    0,    0,    0,    0,    0,    0,    0,    0,    0,    0,    0,    0,    0,    0,    0,    0,    0,    0,    0,    0,    0,    0,    0,    0,    0,    0,    0,    0,    0,    0,    0,    0,    0,    0,    0,    0,    0,    0,    0,    0,    0,    0,    0,    0,    0,    0,    0,    0,    0,    0,    0,    0,    0,    0,    0,    0,    0,   -2,    0,    0,    0,    0,    0,   -4,   -3,   -2,   -4,    0,    0,   -5,    0,   -2,    0,   -3,   -4,   -6,   -5,  -12,   -3,   -7,   -9,   -5,  -10,   -4,   -4,   -7,   -4,   -4,   -8,  -11,   -3,    0,    0,    0,    0,    0,    0,   -5,   -4,    0,    0,    0,    0,    0,    0,    0,    0,    0,    0,    0,    0,    0,    0,    0,    0,    0,   -5,    0,   -4,    0,    0,    0,    0,   -7,    0,    0,    0,   -4,   -4,    0,   -3,    0,    0,    0,   -9,    0,    0,   -5,    0,   -3,   -3,   -8,   -4,   -4,   -4,   -5,   -7,    0,    0,    0,    0,    0,    0,    0,    0,    0,    0,    0,    0,    0,    0,    0,    0,    0,
       0,    0,    0,    0,    0,    0,    0,    0,    0,    0,    0,    0,    0,    0,    0,    0,    0,    0,    0,    0,    0,    0,    0,    0,    0,    0,    0,    0,    0,    0,    0,    0,    0,    0,    0,    0,    0,    0,    0,    0,    0,    0,    0,    0,    0,    0,    0,    0,    0,    0,    0,    0,    0,    0,    0,    0,    0,    0,    0,    0,    0,    0,    0,    0,    0,    0,    0,    0,    0,    0,    0,    0,    0,    0,    0,    0,    0,    0,    0,    0,    0,    0,    0,    0,    0,    0,    0,    0,    0,    0,    0,    0,    0,    0,    0,    0,    0,    0,    0,    0,    0,    0,    0,    0,    0,    0,    0,    0,    0,    0,    0,    0,    0,    0,    0,    0,    0,    0,    0,    0,    0,    0,    0,    0,    0,    0,    0,    0,    0,    0,    0,    0,    0,    0,    0,    0,    0,    0,    0,    0,    0,    0,    0,    0,    0,    0,    0,    0,    0,    0,    0,    0,    0,    0,    0,   -2,    0,   -2,    0,    0,    0,   -2,   -5,   -4,    0,   -2,    0,   -1,    0,    0,    0,    0,    0,    0,    0,    0,   -5,    0,    0,    0,    0,    0,    0,    0,    0,    0,    0,    0,    0,    0,    0,    0,    0,    0,    0,    0,   -2,    0,    0,    0,    0,   -4,    0,    0,    0,    0,    0,    0,    0,    0,    0,    0,    0,    0,    0,    0,    0,    0,    0,    0,   -5,   -5,    0,    0,   -4,    0,    0,    0,    0,    0,    0,    0,    0,    0,    0,    0,    0,    0,    0,    0,    0,    0,
       0,    0,    0,    0,    0,    0,    0,    0,    0,    0,    0,    0,    0,    0,    0,    0,    0,    0,    0,    0,    0,    0,    0,    0,    0,    0,    0,    0,    0,    0,    0,    0,    0,    0,    0,    0,    0,    0,    0,    0,    0,    0,    0,    0,    0,    0,    0,    0,    0,    0,    0,    0,    0,    0,    0,    0,    0,    0,    0,    0,    0,    0,    0,    0,    0,    0,    0,    0,    0,    0,    0,    0,    0,    0,    0,    0,    0,    0,    0,    0,    0,    0,    0,    0,    0,    0,    0,    0,    0,    0,    0,    0,    0,    0,    0,    0,    0,    0,    0,    0,    0,    0,    0,    0,    0,    0,    0,    0,    0,    0,    0,    0,    0,    0,    0,    0,    0,    0,    0,    0,    0,    0,    0,    0,    0,    0,    0,    0,    0,    0,    0,    0,    0,    0,    0,    0,    0,    0,    0,    0,  -24,    0,  -24,  -29,   -2,    0,    0,    0,    0,    0,    0,   -5,  -10,   -6,   -7,  -37,  -12,   -1,   -3,   -7,  -39,    0,    0,    0,    0,    0,   -2,  -14,  -12,    0,    0,    0,    0,    0,    0,   -7,    0,    0,    0,    0,    0,    0,    0,    0,    0,    0,    0,    0,    0,    0,    0,    0,    0,    0,   -7,    0,    0,    0,    0,    0,    0,    0,    0,    0,    0,  -10,  -10,    0,  -12,    0,    0,    0,   -3,    0,    0,   -7,    0,  -12,  -12,   -2,    0,    0,    0,    0,    0,    0,    0,    0,    0,    0,    0,    0,    0,    0,    0,    0,    0,    0,    0,    0,    0,    0,
       0,    0,    0,    0,    0,    0,    0,    0,    0,    0,    0,    0,    0,    0,    0,    0,    0,    0,    0,    0,    0,    0,    0,    0,    0,    0,    0,    0,    0,    0,    0,    0,    0,    0,    0,    0,    0,    0,    0,    0,    0,    0,    0,    0,    0,    0,    0,    0,    0,    0,    0,    0,    0,    0,    0,    0,    0,    0,    0,    0,    0,    0,    0,    0,    0,    0,    0,    0,    0,    0,    0,    0,    0,    0,    0,    0,    0,    0,    0,    0,    0,    0,    0,    0,    0,    0,    0,    0,    0,    0,    0,    0,    0,    0,    0,    0,    0,    0,    0,    0,    0,    0,    0,    0,    0,    0,    0,    0,    0,    0,    0,    0,    0,    0,    0,    0,    0,    0,    0,    0,    0,    0,    0,    0,    0,    0,    0,    0,    0,    0,    0,    0,    0,    0,    0,    0,    0,    0,    0,    0,    0,    0,    0,    0,    0,    0,    0,    0,    0,    0,    0,    0,    0,    0,    0,  -12,    0,   -5,   -4,    0,  -10,    0,   -2,   -4,    0,    0,   -3,   -2,    0,    0,    0,    0,    0,    0,    0,    0,   -2,    0,    0,    0,    0,    0,    0,    0,    0,    0,    0,    0,    0,    0,    0,    0,    0,    0,    0,    0,    0,    0,    0,    0,    0,   -4,    0,    0,    0,    0,    0,    0,    0,    0,    0,    0,   -4,    0,    0,    0,    0,    0,    0,   -3,   -2,   -2,    0,    0,   -4,    0,    0,    0,    0,    0,    0,    0,    0,    0,    0,    0,    0,    0,    0,    0,    0,    0,
       0,    0,    0,    0,    0,    0,    0,    0,    0,    0,    0,    0,    0,    0,    0,    0,    0,    0,    0,    0,    0,    0,    0,    0,    0,    0,    0,    0,    0,    0,    0,    0,    0,    0,    0,    0,    0,    0,    0,    0,    0,    0,    0,    0,    0,    0,    0,    0,    0,    0,    0,    0,    0,    0,    0,    0,    0,    0,    0,    0,    0,    0,    0,    0,    0,    0,    0,    0,    0,    0,    0,    0,    0,    0,    0,    0,    0,    0,    0,    0,    0,    0,    0,    0,    0,    0,    0,    0,    0,    0,    0,    0,    0,    0,    0,    0,    0,    0,    0,    0,    0,    0,    0,    0,    0,    0,    0,    0,    0,    0,    0,    0,    0,    0,    0,    0,    0,    0,    0,    0,    0,    0,    0,    0,    0,    0,    0,    0,    0,    0,    0,    0,    0,    0,    0,    0,  -14,    0,    0,    0,  -27,    0,  -30,  -31,    0,   -3,  -16,    0,    0,    0,   -4,  -15,  -49,  -28,  -36,  -68,  -44,  -30,  -42,  -36,  -67,  -26,  -25,  -26,  -32,  -27,  -41,  -44,  -86,    0,    0,    0,    0,    0,    0,  -36,  -25,    0,    0,    0,    0,    0,    0,    0,    0,    0,    0,    0,    0,    0,    0,    0,    0,    0,  -36,    0,  -26,    0,    0,    0,    0,  -26,    0,    0,    0,  -49,  -49,    0,  -44,    0,    0,    0,  -42,    0,    0,  -36,  -14,  -44,  -44,  -41,  -25,  -25,  -32,    0,  -26,    0,    0,    0,    0,    0,    0,    0,    0,    0,    0,    0,    0,    0,    0,    0,    0,    0,
       0,    0,    0,    0,    0,    0,    0,    0,    0,    0,    0,    0,    0,    0,    0,    0,    0,    0,    0,    0,    0,    0,    0,    0,    0,    0,    0,    0,    0,    0,    0,    0,    0,    0,    0,    0,    0,    0,    0,    0,    0,    0,    0,    0,    0,    0,    0,    0,    0,    0,    0,    0,    0,    0,    0,    0,    0,    0,    0,    0,    0,    0,    0,    0,    0,    0,    0,    0,    0,    0,    0,    0,    0,    0,    0,    0,    0,    0,    0,    0,    0,    0,    0,    0,    0,    0,    0,    0,    0,    0,    0,    0,    0,    0,    0,    0,    0,    0,    0,    0,    0,    0,    0,    0,    0,    0,    0,    0,    0,    0,    0,    0,    0,    0,    0,    0,    0,    0,    0,    0,    0,    0,    0,    0,    0,    0,    0,    0,    0,    0,    0,    0,    0,    0,    0,    0,    0,    0,    0,    0,    0,    0,    0,    0,    0,    0,    0,    0,    0,    0,    0,    0,   -7,    0,    0,  -27,  -11,    0,   -4,    0,  -25,    0,    0,    0,    0,    0,   -2,  -12,  -11,    0,    0,    0,    0,    0,    0,    0,    0,    0,    0,    0,    0,    0,    0,    0,    0,    0,    0,    0,    0,    0,    0,    0,    0,    0,    0,    0,    0,    0,    0,    0,    0,    0,    0,    0,    0,   -7,   -7,    0,  -11,    0,    0,    0,   -4,    0,    0,    0,    0,  -11,  -11,   -2,    0,    0,    0,    0,    0,    0,    0,    0,    0,    0,    0,    0,    0,    0,    0,    0,    0,    0,    0,    0,    0,    0,
       0,    0,    0,  -10,    0,  -18,  -16,  -18,    0,    0,    0,    0,    0,    0,    0,    0,    0,    0,    0,    0,    0,    0,    0,    0,    0,    0,    0,    0,    0,    0,    0,    0,    0,    0,  -13,    0,    0,    0,    0,    0,    0,    0,    0,    0,    0,    0,    0,    0,    0,    0,    0,    0,    0,    0,    0,  -11,    0,    0,    0,   -4,    0,    0,    0,    0,    0,    0,    0,    0,    0,    0,    0,    0,    0,    0,    0,    0,    0,    0,    0,    0,    0,    0,    0,    0,    0,    0,    0,    0,    0,    0,    0,    0,    0,    0,    0,    0,    0,    0,    0,    0,    0,    0,    0,    0,    0,    0,    0,    0,    0,    0,    0,    0,    0,    0,    0,    0,    0,    0,    0,    0,    0,    0,    0,    0,    0,    0,    0,    0,    0,    0,    0,    0,    0,    0,   -5,  -39,   -1,    0,   -5,    0,  -24,  -20,  -19,  -28,  -23,  -15,    0,  -21,    0,  -37,  -10,  -12,   -5,    0,    0,  -22,   -7,    0,   -2,    0,  -21,    0,    0,    0,    0,    0,   -1,   -7,   -7,    0,   -4,    0,    0,    0,    0,    0,    0,    0,    0,    0,    0,    0,  -21,    0,    0,    0,    0,    0,    0,    0,    0,    0,   -5,   -5,    0,   -5,    0,    0,    0,    0,    4,    0,    0,   -2,   -5,   -5,   -5,    0,   -7,    0,   -3,   -3,   -2,    0,    0,    0,   -1,   -7,   -7,   -1,    0,    0,    0,  -21,    0,    0,    0,    0,    0,    0,    0,    0,    0,    0,    0,  -18,    0,    0,    0,    0,    0,    0,
       0,    0,    0,    0,    0,    0,    0,    0,    0,    0,    0,    0,    0,    0,    0,    0,    0,    0,    0,    0,    0,    0,    0,    0,    0,    0,    0,    0,    0,    0,    0,    0,    0,    0,    0,    0,    0,    0,    0,    0,    0,    0,    0,    0,    0,    0,    0,    0,    0,    0,    0,    0,    0,    0,    0,    0,    0,    0,    0,    0,    0,    0,    0,    0,    0,    0,    0,    0,    0,    0,    0,    0,    0,    0,    0,    0,    0,    0,    0,    0,    0,    0,    0,    0,    0,    0,    0,    0,    0,    0,    0,    0,    0,    0,    0,    0,    0,    0,    0,    0,    0,    0,    0,    0,    0,    0,    0,    0,    0,    0,    0,    0,    0,    0,    0,    0,    0,    0,    0,    0,    0,    0,    0,    0,    0,    0,    0,    0,    0,    0,    0,    0,    0,    0,    0,    0,    0,    0,    0,    0,    0,    0,    0,    0,    0,    0,    0,    0,    0,    0,    0,    0,    0,    0,    0,   -7,    0,   -8,   -4,    0,   -6,   -7,   -7,   -9,    0,   -6,   -4,   -2,    0,    0,    0,    0,    0,    0,    0,    0,   -7,    0,    0,    0,    0,    0,    0,    0,    0,    0,    0,    0,    0,    0,    0,    0,    0,    0,    0,    0,   -7,    0,    0,    0,    0,   -9,    0,    0,    0,    0,    0,    0,    0,    0,    0,    0,   -4,    0,    0,    0,    0,    0,    0,   -4,   -7,   -7,    0,    0,   -9,    0,    0,    0,    0,    0,    0,    0,    0,    0,    0,    0,    0,    0,    0,    0,    0,    0,
       0,    0,    0,    0,    0,    0,    0,    0,    0,    0,    0,    0,    0,    0,    0,    0,    0,    0,    0,    0,    0,    0,    0,    0,    0,    0,    0,    0,    0,    0,    0,    0,    0,    0,    0,    0,    0,    0,    0,    0,    0,    0,    0,    0,    0,    0,    0,    0,    0,    0,    0,    0,    0,    0,    0,    0,    0,    0,    0,    0,    0,    0,    0,    0,    0,    0,    0,    0,    0,    0,    0,    0,    0,    0,    0,    0,    0,    0,    0,    0,    0,    0,    0,    0,    0,    0,    0,    0,    0,    0,    0,    0,    0,    0,    0,    0,    0,    0,    0,    0,    0,    0,    0,    0,    0,    0,    0,    0,    0,    0,    0,    0,    0,    0,    0,    0,    0,    0,    0,    0,    0,    0,    0,    0,    0,    0,    0,    0,    0,    0,    0,    0,    0,    0,    0,    0,  -10,    0,    0,    0,   -8,    0,   -9,  -10,    0,   -2,  -13,    0,    0,    0,   -2,   -4,  -18,  -12,  -13,  -23,  -26,   -2,  -12,  -13,  -21,   -3,   -1,   -2,   -8,   -3,  -13,  -19,  -26,    0,    0,    0,    0,    0,    0,  -13,   -1,    0,    0,    0,    0,    0,    0,    0,    0,    0,    0,    0,    0,    0,    0,    0,    0,    0,  -13,    0,   -3,    0,    0,    0,    0,   -2,    0,    0,    0,  -18,  -18,    0,  -26,    0,    0,    0,  -12,    0,    0,  -13,  -10,  -26,  -26,  -13,   -1,   -1,   -8,    0,   -2,    0,    0,    0,    0,    0,    0,    0,    0,    0,    0,    0,    0,    0,    0,    0,    0,    0,
       0,    0,    0,    0,    0,    0,    0,    0,    0,    0,    0,    0,    0,    0,    0,    0,    0,    0,    0,    0,    0,    0,    0,    0,    0,    0,    0,    0,    0,    0,    0,    0,    0,    0,    0,    0,    0,    0,    0,    0,    0,    0,    0,    0,    0,    0,    0,    0,    0,    0,    0,    0,    0,    0,    0,    0,    0,    0,    0,    0,    0,    0,    0,    0,    0,    0,    0,    0,    0,    0,    0,    0,    0,    0,    0,    0,    0,    0,    0,    0,    0,    0,    0,    0,    0,    0,    0,    0,    0,    0,    0,    0,    0,    0,    0,    0,    0,    0,    0,    0,    0,    0,    0,    0,    0,    0,    0,    0,    0,    0,    0,    0,    0,    0,    0,    0,    0,    0,    0,    0,    0,    0,    0,    0,    0,    0,    0,    0,    0,    0,    0,    0,    0,    0,    0,    0,    0,    0,    0,    0,    0,    0,    0,    0,    0,    0,    0,    0,    0,    0,    0,    0,    0,    0,    0,   -2,   -6,    0,    0,    0,    0,    0,    0,    0,    0,    0,    0,   -1,   -6,    0,    0,    0,    0,    0,    0,    0,    0,    0,    0,    0,    0,    0,    0,    0,    0,    0,    0,    0,    0,    0,    0,    0,    0,    0,    0,    0,    0,    0,    0,    0,    0,    0,    0,    0,    0,    0,    0,    0,   -6,    0,    0,    0,    0,    0,    0,    0,    0,   -6,   -6,    0,    0,    0,    0,    0,    0,    0,    0,    0,    0,    0,    0,    0,    0,    0,    0,    0,    0,    0,    0,    0,    0,    0,
       0,    0,    0,    0,    0,   -4,    0,    0,    0,    0,    0,    0,    0,    0,    0,    0,    0,    0,    0,    0,    0,    0,    0,    0,    0,    0,    0,    0,    0,    0,    0,    0,    0,    0,   -5,    0,    0,    0,    0,    0,    0,    0,    0,    0,    0,    0,    0,    0,    0,    0,    0,    0,    0,    0,    0,   -4,    0,    0,    0,    0,    0,    0,    0,    0,    0,    0,    0,    0,    0,    0,    0,    0,    0,    0,    0,    0,    0,    0,    0,    0,    0,    0,    0,    0,    0,    0,    0,    0,    0,    0,    0,    0,    0,    0,    0,    0,    0,    0,    0,    0,    0,    0,    0,    0,    0,    0,    0,    0,    0,    0,    0,    0,    0,    0,    0,    0,    0,    0,    0,    0,    0,    0,    0,    0,    0,    0,    0,    0,    0,    0,    0,    0,    0,    0,    0,    0,   -4,    0,    0,    0,    0,   -1,   -1,   -2,   -1,    0,   -4,    0,   -1,    0,    0,   -2,  -18,  -11,  -11,   -9,  -19,  -11,  -17,  -11,  -11,  -13,  -15,   -8,  -19,   -9,  -16,  -10,  -19,    0,   -7,   -4,   -4,   -4,    0,  -11,  -15,    0,   -7,    0,   -5,    0,   -8,    0,   -3,    0,   -5,    0,   -6,    0,   -5,   -5,   -7,    0,  -11,    0,  -13,    0,   -5,    0,   -5,   -8,    0,   -8,    0,  -18,  -18,    0,  -19,    0,   -7,   -7,  -17,    0,   -4,  -11,   -4,  -19,  -19,  -16,  -15,  -15,  -19,    0,   -8,    0,    0,    0,    0,    0,    0,    0,    0,    0,    0,   -3,    0,    0,    0,    0,    0,    0,
       0,    0,    0,  -10,    0,  -26,  -26,  -23,    0,    0,    0,    0,    0,    0,    0,    0,    0,    0,    0,    0,    0,    0,    0,    0,    0,    0,    0,    0,    0,    0,    0,    0,    0,   -4,  -13,    0,    0,    0,    0,    0,    0,    0,    0,    0,    0,    0,    0,    0,    0,    0,    0,    0,    0,    0,    0,  -11,    0,    0,    0,  -12,  -12,    0,    0,    0,    0,    0,    0,    0,    0,    0,    0,    0,    0,    0,    0,    0,    0,    0,    0,    0,    0,    0,    0,    0,    0,    0,    0,    0,    0,    0,    0,    0,    0,    0,    0,    0,    0,    0,    0,    0,    0,    0,    0,    0,    0,    0,    0,    0,    0,    0,    0,    0,    0,    0,    0,    0,    0,    0,    0,    0,    0,    0,    0,    0,    0,    0,    0,    0,    0,    0,    0,    0,    0,    0,    0,    0,    0,    0,    0,    0,    0,    0,    0,    0,    0,    0,    0,    0,    0,    0,    0,    0,   -3,    0,    0,  -29,  -11,    0,    0,    0,  -28,    0,    0,    0,    0,    0,    0,  -13,  -11,    0,   -1,    0,   10,    0,    0,    0,    0,    0,    0,    0,    0,    0,  -31,    0,    0,    0,    0,    0,    0,    0,    0,    0,   -7,    0,    0,    0,    0,    0,    0,    0,    0,    0,    0,   -3,   -5,   -3,   -3,    0,  -11,    0,    0,    0,    0,    0,    0,    0,    0,  -11,  -11,    0,    0,    0,    0,    0,    0,    0,    0,    0,    0,    0,    0,    0,  -12,    0,    0,  -29,    0,    0,    0,    0,    0,    0,
       0,    0,    0,    0,    0,  -44,  -46,  -36,    0,    0,    0,    0,    0,    0,    0,    0,    0,  -27,  -27,    0,    0,    0,    0,    0,    0,    0,    0,    0,    0,    0,    0,    0,    0,    0,    0,    0,    0,    0,    0,    0,    0,    0,    0,    0,    0,    0,    0,    0,    0,    0,    0,    0,    0,    0,    0,    0,    0,    0,    0,  -88,  -69,    0,    0,  -76,    0,    0,    0,    0,    0,    0,    0,    0,    0,    0,    0,    0,    0,    0,    0,    0,    0,    0,    0,    0,    0,    0,    0,    0,    0,    0,    0,    0,    0,    0,    0,    0,    0,    0,    0,    0,    0,    0,    0,    0,    0,    0,    0,    0,    0,    0,    0,    0,    0,    0,    0,    0,    0,    0,    0,    0,    0,    0,    0,    0,    0,    0,    0,    0,    0,    0,    0,    0,    0,    0,    0,    0,  -17,   -2,    0,  -43,  -31,    0,  -42,  -35,    0,    0,  -18,    0,    0,    0,    0,  -21, -128,  -35, -103,  -83, -128,  -94, -116,  -93, -128,  -89,  -88,  -88,  -97,  -43, -119,  -63, -125,   11,  -69,   -1,    5,   -1,    5, -102,  -82,   -8,  -49,  -11,  -40,  -43,  -99,    0,  -47,    0,  -29,    0,  -49,    0,  -48,  -65,  -52,    0,  -99,    0,  -95,    0,  -88,    0,  -88,  -88,    0,  -59,    0, -112, -120,  -52, -128,   -1, -124, -114,  -95,    0,  -49, -102,  -17, -126, -128, -101,  -86,  -83,  -94,    0,  -88,    0,    0,    0,    0,    0,    0,    0,  -70,    0,    0,  -42,    0,    0,    0,    0,    0,    0,
       0,   -3,    0,    0,   -7,    0,    0,    0,    0,    0,    0,    0,    0,    0,    0,    0,    0,    0,    0,    0,    0,    0,    0,    0,    0,    0,    0,    0,    0,    0,    0,    0,    0,    0,    0,    0,    0,    0,    0,    0,    0,    0,    0,    0,    0,    0,    0,    0,    0,    0,    0,    0,    0,    0,    0,    0,    0,    0,    0,    0,    0,    0,    0,    0,    0,    0,    0,    0,    0,    0,    0,    0,    0,    0,    0,    0,    0,    0,    0,    0,    0,    0,    0,    0,    0,    0,    0,    0,    0,    0,    0,    0,    0,    0,    0,    0,    0,    0,    0,    0,    0,    0,    0,    0,    0,    0,    0,    0,    0,    0,    0,    0,    0,    0,    0,    0,    0,    0,    0,    0,    0,    0,    0,    0,    0,    0,    0,    0,    0,    0,    0,    0,    0,    0,    0,   -6,    0,    0,    0,    0,    0,   -3,    0,    0,    0,    0,   -2,    0,   -2,   -6,    0,    0,    0,   -3,   -2,    0,   -1,    0,   -1,   -2,    0,  -22,  -17,    0,   -7,  -20,    0,    0,   -1,    0,    0,    0,    0,    0,    0,   -2,  -17,    0,    0,    0,    0,    0,    0,    0,    0,    0,    0,    0,    0,    0,    0,    0,    0,    0,   -2,    0,  -22,  -10,  -16,  -10,  -16,    0,   -8,   -7,    0,    0,    0,    0,   -1,    0,   -1,   -1,   -1,    0,  -10,   -2,    0,   -1,   -1,    0,  -17,  -17,   -7,    0,    0,    0,    0,    0,    0,    0,    0,    0,    0,   -3,   -4,    0,    0,    0,    0,    0,    0,    0,
       0,   -4,    0,    0,   -8,    0,    0,    0,    0,    0,    0,    0,    0,    0,    0,    0,    0,    0,    0,   -5,    0,    0,    0,    0,    0,    0,    0,    0,    0,    0,    0,    0,    0,  -18,    0,    0,    0,    0,    0,    0,    0,    0,    0,    0,    0,    0,    0,    0,    0,    0,    0,    0,    0,    0,    0,    0,    0,    0,    0,    0,    0,    0,    0,    0,    0,    0,    0,    0,    0,    0,    0,    0,    0,    0,    0,    0,    0,    0,    0,    0,    0,    0,    0,    0,    0,    0,    0,    0,    0,    0,    0,    0,    0,    0,    0,    0,    0,    0,    0,    0,    0,    0,    0,    0,    0,    0,    0,    0,    0,    0,    0,    0,    0,    0,    0,    0,    0,    0,    0,    0,    0,    0,    0,    0,    0,    0,    0,    0,    0,    0,    0,    0,    0,    0,    0,    0,    0,    0,    0,    0,    0,    0,    0,    0,    0,    0,    0,    0,    0,    0,    0,    0,    0,   -2,    0,    0,    0,    0,    0,    0,    0,   -6,   -8,    0,   -5,   -6,    0,    0,    0,    0,    0,    0,    0,    0,    0,    0,   -8,    0,    0,    0,    0,    0,    0,    0,    0,    0,    0,    0,    0,    0,    0,    0,    0,    0,    0,    0,   -6,    0,   -7,    0,   -7,    0,    0,  -11,    0,    0,    0,    0,    0,    0,    0,    0,    0,    0,   -4,    0,    0,    0,    0,    0,   -8,   -8,   -5,    0,    0,    0,    0,    0,    0,    0,    0,    0,    0,   -4,   -4,    0,   -6,   -6,   -6,    0,    0,    0,
       0,    0,    0,    0,    0,    0,    0,    0,    0,    0,    0,    0,    0,    0,    0,    0,    0,    0,    0,    0,    0,    0,    0,    0,    0,    0,    0,    0,    0,    0,    0,    0,    0,    0,    0,    0,    0,    0,    0,    0,    0,    0,    0,    0,    0,    0,    0,    0,    0,    0,    0,    0,    0,    0,    0,    0,    0,    0,    0,  -13,  -12,    0,    0,    0,    0,    0,    0,    0,    0,    0,    0,    0,    0,    0,    0,    0,    0,    0,    0,    0,    0,    0,    0,    0,    0,    0,    0,    0,    0,    0,    0,    0,    0,    0,    0,    0,    0,    0,    0,    0,    0,    0,    0,    0,    0,    0,    0,    0,    0,    0,    0,    0,    0,    0,    0,    0,    0,    0,    0,    0,    0,    0,    0,    0,    0,    0,    0,    0,    0,    0,    0,    0,    0,    0,    0,    0,  -15,    0,    0,    0,   10,    0,    7,    3,    5,    3,  -22,    5,    0,    0,    0,    7,   -4,  -19,   -4,    2,  -18,    1,   -2,   -4,    6,  -28,  -24,    4,  -31,  -25,   -3,    4,  -18,    0,   -4,   -1,   -1,   -1,    0,   -4,  -24,  -11,  -20,    0,  -21,    0,    0,    0,    0,    0,    0,    0,  -18,    0,  -23,  -35,  -16,   -1,   -4,   -1,  -28,    0,  -24,    0,  -24,    4,  -14,  -32,    0,   -4,   -4,    0,  -18,   -4,  -13,  -13,   -2,    0,  -28,   -4,  -15,  -18,  -18,   -3,  -24,  -24,  -31,    5,    4,    0,    0,    0,    0,    0,    0,    0,  -12,    0,    0,    0,    0,    0,    0,    0,    0,    0,
       0,    0,    0,    0,    0,    0,    0,    0,    0,    0,    0,    0,    0,    0,    0,    0,    0,    0,    0,    0,    0,    0,    0,    0,    0,    0,    0,    0,    0,    0,    0,    0,    0,  -10,   -8,    0,    0,    0,    0,    0,    0,    0,    0,    0,    0,    0,    0,    0,    0,    0,    0,    0,    0,    0,    0,   -8,    0,    0,    0,  -12,   -8,    0,    0,    0,    0,    0,    0,    0,    0,    0,    0,    0,    0,    0,    0,    0,    0,    0,    0,    0,    0,    0,    0,    0,    0,    0,    0,    0,    0,    0,    0,    0,    0,    0,    0,    0,    0,    0,    0,    0,    0,    0,    0,    0,    0,    0,    0,    0,    0,    0,    0,    0,    0,    0,    0,    0,    0,    0,    0,    0,    0,    0,    0,    0,    0,    0,    0,    0,    0,    0,    0,    0,    0,    0,    0,    0,    0,    0,    0,    0,    0,    0,    0,    0,    0,    0,    0,    0,    0,    0,    0,    0,    0,   -4,    0,    0,   -9,    0,    0,    0,    0,    0,    0,    0,    0,    0,    0,    2,   -9,    0,    0,    0,    0,    0,    0,    0,    0,    0,   -1,    0,    0,    0,    0,    0,    0,    0,    0,    0,   -1,    0,    0,    0,   -8,    0,    0,    0,    0,    0,    0,    0,    0,    0,    0,   -4,   -3,    0,    0,    0,   -9,    0,   -2,   -2,    0,    0,    0,    0,   -9,   -9,   -9,    0,    0,    0,    0,    0,    0,    0,    0,    0,    0,    0,    0,    0,   -8,    0,    0,    0,    0,    0,    0,    0,    0,    0,
       0,    0,    0,    0,    0,    0,    0,    0,    0,    0,    0,    0,    0,    0,    0,    0,    0,    0,    0,    0,    0,    0,    0,    0,    0,    0,    0,    0,    0,    0,    0,    0,    0,    0,    0,    0,    0,    0,    0,    0,    0,    0,    0,    0,    0,    0,    0,    0,    0,    0,    0,    0,    0,    0,    0,    0,    0,    0,    0,  -13,  -12,    0,    0,    0,    0,    0,    0,    0,    0,    0,    0,    0,    0,    0,    0,    0,    0,    0,    0,    0,    0,    0,    0,    0,    0,    0,    0,    0,    0,    0,    0,    0,    0,    0,    0,    0,    0,    0,    0,    0,    0,    0,    0,    0,    0,    0,    0,    0,    0,    0,    0,    0,    0,    0,    0,    0,    0,    0,    0,    0,    0,    0,    0,    0,    0,    0,    0,    0,    0,    0,    0,    0,    0,    0,    0,    0,  -16,    0,    0,    0,   10,    0,    7,    2,    4,    2,  -22,    4,    0,    0,    0,    6,   -4,  -19,   -4,    0,  -18,    0,   -2,   -4,    3,  -28,  -24,    3,  -31,  -25,   -2,    3,  -18,    0,   -3,   -1,   -1,   -1,    0,   -4,  -24,  -11,  -20,    0,  -21,    0,    0,    0,    0,    0,    0,    0,  -17,    0,  -24,  -35,  -16,   -1,   -4,   -1,  -28,    0,  -24,    0,  -24,    3,  -15,  -32,    0,   -4,   -4,    0,  -18,   -4,  -12,  -12,   -2,    0,  -28,   -4,  -16,  -18,  -18,   -2,  -24,  -24,  -31,    4,    3,    0,    0,    0,    0,    0,    0,    0,  -12,    0,    0,    0,    0,    0,    0,    0,    0,    0,
       0,    0,    0,    0,    0,    0,    0,    0,    0,    0,    0,    0,    0,    0,    0,    0,    0,    0,    0,    0,    0,    0,    0,    0,    0,    0,    0,    0,    0,    0,    0,    0,    0,  -10,   -8,    0,    0,    0,    0,    0,    0,    0,    0,    0,    0,    0,    0,    0,    0,    0,    0,    0,    0,    0,    0,   -9,    0,    0,    0,  -12,   -8,    0,    0,    0,    0,    0,    0,    0,    0,    0,    0,    0,    0,    0,    0,    0,    0,    0,    0,    0,    0,    0,    0,    0,    0,    0,    0,    0,    0,    0,    0,    0,    0,    0,    0,    0,    0,    0,    0,    0,    0,    0,    0,    0,    0,    0,    0,    0,    0,    0,    0,    0,    0,    0,    0,    0,    0,    0,    0,    0,    0,    0,    0,    0,    0,    0,    0,    0,    0,    0,    0,    0,    0,    0,    0,    0,    0,    0,    0,    0,    0,    0,    0,    0,    0,    0,    0,    0,    0,    0,    0,    0,    0,   -4,    0,    0,   -9,    0,    0,    0,    0,    0,    0,    0,    0,    0,    0,    2,   -9,    0,    0,    0,    0,    0,    0,    0,    0,    0,   -1,    0,    0,    0,    0,    0,    0,    0,    0,    0,   -1,    0,    0,    0,   -8,    0,    0,    0,    0,    0,    0,    0,    0,    2,    0,   -4,   -3,    0,    0,    0,   -9,    0,   -2,   -2,    0,    0,    0,    0,   -9,   -9,   -9,    0,    0,    0,    0,    0,    0,    0,    0,    0,    0,    0,    0,    0,   -8,    0,    0,    0,    0,    0,    0,    0,    0,    0,
       0,    0,    0,    0,    0,    0,    0,    0,    0,    0,    0,    0,    0,    0,    0,    0,    0,    0,    0,    0,    0,    0,    0,    0,    0,    0,    0,    0,    0,    0,    0,    0,    0,    0,    0,    0,    0,    0,    0,    0,    0,    0,    0,    0,    0,    0,    0,    0,    0,    0,    0,    0,    0,    0,    0,    0,    0,    0,    0,  -13,  -11,    0,    0,    0,    0,    0,    0,    0,    0,    0,    0,    0,    0,    0,    0,    0,    0,    0,    0,    0,    0,    0,    0,    0,    0,    0,    0,    0,    0,    0,    0,    0,    0,    0,    0,    0,    0,    0,    0,    0,    0,    0,    0,    0,    0,    0,    0,    0,    0,    0,    0,    0,    0,    0,    0,    0,    0,    0,    0,    0,    0,    0,    0,    0,    0,    0,    0,    0,    0,    0,    0,    0,    0,    0,    0,    0,  -15,    0,    0,    0,    0,    0,    0,    0,    0,    0,  -22,    0,    0,    0,    0,    0,   -4,  -20,   -6,    0,  -19,    0,   -3,   -6,    0,  -28,  -25,    0,  -31,  -25,   -3,    0,  -19,    0,    0,    0,    0,   -2,    0,   -6,  -25,    0,    0,    0,    0,    0,    0,    0,    0,    0,    0,    0,    0,    0,    0,    0,    0,    0,   -6,    0,  -28,    0,  -25,    0,  -25,    0,    0,    0,    0,   -4,   -4,    0,  -19,   -5,  -14,  -14,   -3,    0,    0,   -6,  -15,  -19,  -19,   -3,  -25,  -25,  -31,    0,    0,    0,    0,    0,    0,    0,    0,    0,  -11,    0,    0,    0,    0,    0,    0,    0,    0,    0,
       0,    0,    0,    0,    0,    0,    0,    0,    0,    0,    0,    0,    0,    0,    0,    0,    0,    0,    0,    0,    0,    0,    0,    0,    0,    0,    0,    0,    0,    0,    0,    0,    0,  -11,  -11,    0,    0,    0,    0,    0,    0,    0,    0,    0,    0,    0,    0,    0,    0,    0,    0,    0,    0,    0,    0,  -10,    0,    0,    0,  -11,   -4,    0,    0,    0,    0,    0,    0,    0,    0,    0,    0,    0,    0,    0,    0,    0,    0,    0,    0,    0,    0,    0,    0,    0,    0,    0,    0,    0,    0,    0,    0,    0,    0,    0,    0,    0,    0,    0,    0,    0,    0,    0,    0,    0,    0,    0,    0,    0,    0,    0,    0,    0,    0,    0,    0,    0,    0,    0,    0,    0,    0,    0,    0,    0,    0,    0,    0,    0,    0,    0,    0,    0,    0,    0,    0,    0,    0,    0,    0,    0,    0,    0,    0,    0,    0,    0,    0,    0,    0,    0,    0,    0,    0,   -4,    0,    0,   -9,    0,    0,    0,    0,    0,    0,    0,    0,    0,    0,    0,   -9,    0,    0,    0,    0,    0,    0,    0,    0,    0,    0,    0,    0,    0,    0,    0,    0,    0,    0,    0,    0,    0,    0,    0,    0,    0,    0,    0,    0,    0,    0,    0,    0,    0,    0,    0,    0,    0,    0,    0,   -9,    0,   -4,   -4,    0,    0,    0,    0,    0,   -9,   -9,    0,    0,    0,    0,    0,    0,    0,    0,    0,    0,    0,    0,    0,   -4,    0,    0,    0,    0,    0,    0,    0,    0,    0,
       0,  -33,    0,    0,  -34,    0,    0,    0,    0,    0,    0,    0,    0,    0,    0,    0,    0,    0,    0,   -5,    0,    0,    0,    0,    0,    0,    0,    0,    0,    0,    0,    0,    0,  -23,    0,    0,    0,    0,    0,    0,    0,    0,    0,    0,    0,    0,    0,    0,    0,    0,    0,    0,    0,    0,    0,    0,    0,    0,    0,    0,    0,    0,    0,    0,    0,    0,    0,    0,    0,    0,    0,    0,    0,    0,    0,    0,    0,    0,    0,    0,    0,    0,    0,    0,    0,    0,    0,    0,    0,    0,    0,    0,    0,    0,    0,    0,    0,    0,    0,    0,    0,    0,    0,    0,    0,    0,    0,    0,    0,    0,    0,    0,    0,    0,    0,    0,    0,    0,    0,    0,    0,    0,    0,    0,    0,    0,    0,    0,    0,    0,    0,    0,    0,    0,    0,  -39,    0,    0,    0,    0,    0,  -18,    0,    0,    0,    0,    0,    0,  -14,  -34,    0,    0,    0,   -1,    0,    0,    0,    0,    0,    0,    0,  -30,  -20,    0,   -5,  -26,    0,    0,    0,    0,    0,    0,    0,    0,    0,    0,  -20,    0,    0,    0,    0,    0,    0,    0,    0,    0,    0,    0,    0,    0,    0,    0,    0,    0,    0,    0,  -30,    0,    0,    0,    0,    0,  -13,   -6,    0,    0,    0,    0,    0,    0,    0,    0,    0,    0,  -13,    0,    0,    0,    0,    0,  -20,  -20,   -5,    0,    0,    0,    0,    0,    0,    0,    0,    0,    0,  -38,  -36,    0,  -42,  -43,   -9,    0,    0,    0,
       0,  -35,    0,    0,  -36,    0,    0,    0,    0,    0,    0,    0,    0,    0,    0,    0,    0,    0,    0,  -14,    0,    0,    0,    0,    0,    0,    0,    0,    0,    0,    0,    0,    0,  -34,    0,    0,    0,    0,    0,    0,    0,    0,    0,    0,    0,    0,    0,    0,    0,    0,    0,    0,    0,    0,    0,    0,    0,    0,    0,    0,   -3,    0,    0,    0,    0,    0,    0,    0,    0,    0,    0,    0,    0,    0,    0,    0,    0,    0,    0,    0,    0,    0,    0,    0,    0,    0,    0,    0,    0,    0,    0,    0,    0,    0,    0,    0,    0,    0,    0,    0,    0,    0,    0,    0,    0,    0,    0,    0,    0,    0,    0,    0,    0,    0,    0,    0,    0,    0,    0,    0,    0,    0,    0,    0,    0,    0,    0,    0,    0,    0,    0,    0,    0,    0,    0,    0,    0,    0,    0,    0,    0,    0,    0,    0,    0,    0,    0,    0,    0,    0,    0,    0,    0,   -3,    0,    0,    0,    0,    0,    0,    0,  -32,  -25,    0,  -16,  -28,    0,    0,    0,    0,    0,    0,    0,    0,    0,    0,  -25,    0,    0,    0,    0,    0,    0,    0,    0,    0,    0,    0,    0,    0,    0,    0,    0,    0,    0,    0,  -32,    0,    0,    0,    0,    0,    0,  -18,    0,    0,    0,    0,    0,    0,    0,    0,    0,    0,  -15,    0,    0,    0,    0,    0,  -25,  -25,  -16,    0,    0,    0,    0,    0,    0,    0,    0,    0,   -3,  -35,  -35,    0,  -37,  -37,  -16,    0,    0,    0,
       0,    0,    0,    0,    0,    0,    0,    0,    0,    0,    0,    0,    0,    0,    0,    0,    0,    0,    0,    0,    0,    0,    0,    0,    0,    0,    0,    0,    0,    0,    0,    0,    0,    0,    0,    0,    0,    0,    0,    0,    0,    0,    0,    0,    0,    0,    0,    0,    0,    0,    0,    0,    0,    0,    0,    0,    0,    0,    0,    0,    0,    0,    0,    0,    0,    0,    0,    0,    0,    0,    0,    0,    0,    0,    0,    0,    0,    0,    0,    0,    0,    0,    0,    0,    0,    0,    0,    0,    0,    0,    0,    0,    0,    0,    0,    0,    0,    0,    0,    0,    0,    0,    0,    0,    0,    0,    0,    0,    0,    0,    0,    0,    0,    0,    0,    0,    0,    0,    0,    0,    0,    0,    0,    0,    0,    0,    0,    0,    0,    0,    0,    0,    0,    0,    0,  -35,   -4,    0,    0,    0,    2,  -13,    0,    0,    0,    0,   -5,    0,  -11,  -29,    0,    0,    0,  -10,    0,    0,   -5,    0,    0,    0,    0,  -17,  -18,    0,  -17,  -16,    0,    0,   -5,    0,    0,    0,    0,    0,    0,    0,  -18,    0,    0,    0,    0,    0,    0,    0,    0,    0,    0,    0,    0,    0,    0,    0,    0,    0,    0,    0,  -17,    0,    0,    0,    0,    0,   -6,  -14,    0,    0,    0,    0,   -5,   -1,   -3,   -3,    0,    0,  -14,    0,   -4,   -5,   -5,    0,  -18,  -18,  -17,    0,    0,    0,    0,    0,    0,    0,    0,    0,    0,    0,    0,    0,    0,    0,    0,    0,    0,    0,
       0,    0,    0,    0,    0,    0,    0,    0,    0,    0,    0,    0,    0,    0,    0,    0,    0,    0,    0,    0,    0,    0,    0,    0,    0,    0,    0,    0,    0,    0,    0,    0,    0,    0,    0,    0,    0,    0,    0,    0,    0,    0,    0,    0,    0,    0,    0,    0,    0,    0,    0,    0,    0,    0,    0,    0,    0,    0,    0,    0,    0,    0,    0,    0,    0,    0,    0,    0,    0,    0,    0,    0,    0,    0,    0,    0,    0,    0,    0,    0,    0,    0,    0,    0,    0,    0,    0,    0,    0,    0,    0,    0,    0,    0,    0,    0,    0,    0,    0,    0,    0,    0,    0,    0,    0,    0,    0,    0,    0,    0,    0,    0,    0,    0,    0,    0,    0,    0,    0,    0,    0,    0,    0,    0,    0,    0,    0,    0,    0,    0,    0,    0,    0,    0,    0,    0,    0,    0,    0,    0,    0,    0,    0,    0,    0,    0,    0,    0,    0,    0,    0,    0,    0,    0,    0,    0,    0,    0,    0,    0,    0,  -23,  -16,    0,   -3,  -21,    0,    0,    0,    0,    0,    0,    0,    0,    0,    0,  -16,    0,    0,    0,    0,    0,    0,    0,    0,    0,    0,    0,    0,    0,    0,    0,    0,    0,    0,    0,  -23,    0,    0,    0,    0,    0,    0,   -2,    0,    0,    0,    0,    0,    0,    0,    0,    0,    0,  -13,    0,    0,    0,    0,    0,  -16,  -16,   -3,    0,    0,    0,    0,    0,    0,    0,    0,    0,    0,    0,    0,    0,    0,    0,    0,    0,    0,    0,
       0,    0,    0,    4,    0,  -38,  -38,  -34,    0,    0,    0,    0,    0,    0,    0,    0,    0,  -17,  -17,    0,    0,    0,    0,    0,    0,    0,    0,    0,    0,    0,    0,    0,    0,    3,    4,    0,    0,    0,    0,    0,    0,    0,    0,    0,    0,    0,    0,    0,    0,    0,    0,    0,    0,    0,    0,    4,    0,    0,    0,  -35,  -30,    0,    0,  -26,    0,    0,    0,    0,    0,    0,    0,    0,    0,    0,    0,    0,    0,    0,    0,    0,    0,    0,    0,    0,    0,    0,    0,    0,    0,    0,    0,    0,    0,    0,    0,    0,    0,    0,    0,    0,    0,    0,    0,    0,    0,    0,    0,    0,    0,    0,    0,    0,    0,    0,    0,    0,    0,    0,    0,    0,    0,    0,    0,    0,    0,    0,    0,    0,    0,    0,    0,    0,    0,    0,    0,    0,  -17,    0,    0,  -35,  -28,    0,  -32,  -33,    0,   -3,  -19,    0,    0,    0,    0,  -16,  -51,  -31,  -39,  -60,  -51,  -26,  -41,  -39,  -58,  -22,  -25,  -24,  -33,  -23,  -42,  -47,  -97,    0,    0,    0,    0,    0,    0,  -39,  -25,    0,    0,    0,    0,    0,    0,    0,    0,    0,    0,    0,    0,    0,    0,    0,    0,    0,  -39,    0,  -22,    0,  -25,    0,  -25,  -24,    0,    0,    0,  -51,  -51,    0,  -51,   -7,  -48,  -48,  -41,    0,    0,  -39,  -17,  -51,  -51,  -42,  -25,  -25,  -33,    0,  -24,    0,    0,    0,    0,    0,    0,    0,  -30,    0,    0,  -35,    0,    0,    0,    0,    0,    0,
       0,    0,    0,  -10,    0,  -17,  -16,  -17,    0,    0,    0,    0,    0,    0,    0,    0,    0,    0,    0,    0,    0,    0,    0,    0,    0,    0,    0,    0,    0,    0,    0,    0,    0,   -4,  -13,    0,    0,    0,    0,    0,    0,    0,    0,    0,    0,    0,    0,    0,    0,    0,    0,    0,    0,    0,    0,  -11,    0,    0,    0,   -5,    0,    0,    0,    0,    0,    0,    0,    0,    0,    0,    0,    0,    0,    0,    0,    0,    0,    0,    0,    0,    0,    0,    0,    0,    0,    0,    0,    0,    0,    0,    0,    0,    0,    0,    0,    0,    0,    0,    0,    0,    0,    0,    0,    0,    0,    0,    0,    0,    0,    0,    0,    0,    0,    0,    0,    0,    0,    0,    0,    0,    0,    0,    0,    0,    0,    0,    0,    0,    0,    0,    0,    0,    0,    0,    0,    0,    0,    0,    0,    0,    0,    0,    0,    0,    0,    0,    0,    0,    0,    0,    0,    0,   -5,    0,    0,  -22,   -6,    0,   -2,    0,  -21,    0,    0,    0,    0,    0,   -2,   -7,   -6,    0,    0,    0,    0,    0,    0,    0,    0,    0,    0,    0,    0,    0,    0,    0,    0,    0,    0,    0,    0,    0,    0,    0,    0,    0,    0,    0,    0,    0,    0,    0,    3,    0,    0,    0,    0,   -5,   -5,    0,   -6,    0,   -4,   -4,   -2,    0,    0,    0,    0,   -6,   -6,   -2,    0,    0,    0,    0,    0,    0,    0,    0,    0,    0,    0,    0,    0,    0,    0,  -18,    0,    0,    0,    0,    0,    0,
       0,    0,    0,    1,    0,  -34,  -73,  -27,    0,    0,    0,    0,    0,    0,    0,    0,    0,  -17,  -17,    0,    0,    0,    0,    0,    0,    0,    0,    0,    0,    0,    0,    0,    0,    0,    2,    0,    0,    0,    0,    0,    0,    0,    0,    0,    0,    0,    0,    0,    0,    0,    0,    0,    0,    0,    0,    2,    0,    0,    0,  -61,  -55,    0,    0,  -47,    0,    0,    0,    0,    0,    0,    0,    0,    0,    0,    0,    0,    0,    0,    0,    0,    0,    0,    0,    0,    0,    0,    0,    0,    0,    0,    0,    0,    0,    0,    0,    0,    0,    0,    0,    0,    0,    0,    0,    0,    0,    0,    0,    0,    0,    0,    0,    0,    0,    0,    0,    0,    0,    0,    0,    0,    0,    0,    0,    0,    0,    0,    0,    0,    0,    0,    0,    0,    0,    0,    0,    0,  -31,    0,    0,  -35,  -52,    0,  -58,  -27,    0,   -3,  -16,    0,    0,    0,    0,  -16,  -92,  -27,  -71,  -51,  -89,  -26,  -41,  -63, -109,  -22,  -25,  -24,  -62,  -23,  -42,  -44,  -77,    0,    0,    0,    0,    0,    0,  -71,  -25,    0,    0,    0,    0,    0,    0,    0,    0,    0,    0,    0,    0,    0,    0,    0,    0,    0,  -66,    0,  -22,    0,  -25,    0,  -25,  -24,    0,    0,    0,  -92,  -92,    0,  -89,   -7,  -86,  -86,  -41,    0,    0,  -71,  -31,  -89,  -89,  -42,  -25,  -25,  -62,    0,  -24,    0,    0,    0,    0,    0,    0,    0,  -55,    0,    0,  -68,    0,    0,    0,    0,    0,    0,
       0,    0,    0,  -10,    0,  -17,  -16,  -17,    0,    0,    0,    0,    0,    0,    0,    0,    0,    0,    0,    0,    0,    0,    0,    0,    0,    0,    0,    0,    0,    0,    0,    0,    0,   -4,  -13,    0,    0,    0,    0,    0,    0,    0,    0,    0,    0,    0,    0,    0,    0,    0,    0,    0,    0,    0,    0,  -11,    0,    0,    0,   -5,    0,    0,    0,    0,    0,    0,    0,    0,    0,    0,    0,    0,    0,    0,    0,    0,    0,    0,    0,    0,    0,    0,    0,    0,    0,    0,    0,    0,    0,    0,    0,    0,    0,    0,    0,    0,    0,    0,    0,    0,    0,    0,    0,    0,    0,    0,    0,    0,    0,    0,    0,    0,    0,    0,    0,    0,    0,    0,    0,    0,    0,    0,    0,    0,    0,    0,    0,    0,    0,    0,    0,    0,    0,    0,    0,    0,    0,    0,    0,    0,    0,    0,    0,    0,    0,    0,    0,    0,    0,    0,    0,    0,   -5,    0,    0,  -22,   -6,    0,   -2,    0,  -21,    0,    4,    2,    0,    0,   -2,   -7,   -6,    0,    0,    0,    0,    0,    0,    0,    4,    0,    0,    0,    0,    0,    0,    0,    0,    0,    0,    0,    0,    0,    0,    0,    0,    0,    0,    0,    0,    0,    3,    0,    3,    2,    0,    0,    0,   -5,   -5,    0,   -6,    0,   -4,   -4,   -2,    0,    0,    0,    0,   -6,   -6,   -2,    4,    4,    0,    0,    2,    0,    0,    0,    0,    0,    0,    0,    0,    0,    0,  -18,    0,    0,    0,    0,    0,    0,
       0,    0,    0,    0,    0,    0,    0,    0,    0,    0,    0,    0,    0,    0,    0,    0,    0,    0,    0,    0,    0,    0,    0,    0,    0,    0,    0,    0,    0,    0,    0,    0,    0,    0,    0,    0,    0,    0,    0,    0,    0,    0,    0,    0,    0,    0,    0,    0,    0,    0,    0,    0,    0,    0,    0,    0,    0,    0,    0,  -13,  -11,    0,    0,    0,    0,    0,    0,    0,    0,    0,    0,    0,    0,    0,    0,    0,    0,    0,    0,    0,    0,    0,    0,    0,    0,    0,    0,    0,    0,    0,    0,    0,    0,    0,    0,    0,    0,    0,    0,    0,    0,    0,    0,    0,    0,    0,    0,    0,    0,    0,    0,    0,    0,    0,    0,    0,    0,    0,    0,    0,    0,    0,    0,    0,    0,    0,    0,    0,    0,    0,    0,    0,    0,    0,    0,    0,  -14,    0,    0,    0,    7,    0,    4,    0,    2,    0,  -19,    3,    0,    0,    0,    4,   -4,  -19,   -5,    0,  -18,    0,   -3,   -5,    4,  -26,  -21,    0,  -30,  -23,   -3,    0,  -18,    0,   -3,    0,    4,    0,    0,   -5,  -21,   -9,  -20,    0,  -20,    0,    0,    0,    0,    0,    0,    0,  -18,    0,  -21,  -28,  -16,    0,   -5,    0,  -26,    0,  -21,    0,  -21,    0,  -11,  -32,    0,   -4,   -4,    0,  -18,   -5,  -13,  -13,   -3,    0,  -25,   -5,  -14,  -18,  -18,   -3,  -21,  -21,  -30,    3,    0,    0,    0,    0,    0,    0,    0,    0,  -11,    0,    0,    0,    0,    0,    0,    0,    0,    0,
       0,    0,    0,    0,    0,    0,    0,    0,    0,    0,    0,    0,    0,    0,    0,    0,    0,    0,    0,    0,    0,    0,    0,    0,    0,    0,    0,    0,    0,    0,    0,    0,    0,   -4,   -8,    0,    0,    0,    0,    0,    0,    0,    0,    0,    0,    0,    0,    0,    0,    0,    0,    0,    0,    0,    0,   -5,    0,    0,    0,  -12,   -7,    0,    0,    0,    0,    0,    0,    0,    0,    0,    0,    0,    0,    0,    0,    0,    0,    0,    0,    0,    0,    0,    0,    0,    0,    0,    0,    0,    0,    0,    0,    0,    0,    0,    0,    0,    0,    0,    0,    0,    0,    0,    0,    0,    0,    0,    0,    0,    0,    0,    0,    0,    0,    0,    0,    0,    0,    0,    0,    0,    0,    0,    0,    0,    0,    0,    0,    0,    0,    0,    0,    0,    0,    0,    0,    0,    0,    0,    0,    0,    0,    0,    0,    0,    0,    0,    0,    0,    0,    0,    0,    0,    0,   -3,    0,    0,  -10,    0,    0,    0,    0,    0,    0,    1,    0,    0,    0,    2,  -10,    0,    0,    0,    0,    0,    0,    0,    0,    0,    0,    0,    0,    0,    0,    0,    0,    0,    0,    0,    0,    0,    0,    0,   -9,    0,    0,    0,    0,    0,    0,    0,    2,    1,    0,   -5,   -2,    0,    0,    0,  -10,    0,   -4,   -4,    0,    0,    0,    0,   -7,  -10,  -10,    0,    0,    0,    0,    0,    1,    0,    0,    0,    0,    0,    0,    0,   -7,    0,    0,    0,    0,    0,    0,    0,    0,    0,
       0,  -24,    0,    0,  -24,    0,    0,    0,    0,    0,    0,    0,    0,    0,    0,    0,    0,    0,    0,   -5,    0,    0,    0,    0,    0,    0,    0,    0,    0,    0,    0,    0,    0,  -19,   -5,    0,    0,    0,    0,    0,    0,    0,    0,    0,    0,    0,    0,    0,    0,    0,    0,    0,    0,    0,    0,   -4,    0,    0,    0,    0,    0,    0,    0,    0,    0,    0,    0,    0,    0,    0,    0,    0,    0,    0,    0,    0,    0,    0,    0,    0,    0,    0,    0,    0,    0,    0,    0,    0,    0,    0,    0,    0,    0,    0,    0,    0,    0,    0,    0,    0,    0,    0,    0,    0,    0,    0,    0,    0,    0,    0,    0,    0,    0,    0,    0,    0,    0,    0,    0,    0,    0,    0,    0,    0,    0,    0,    0,    0,    0,    0,    0,    0,    0,    0,    0,  -39,    0,    0,    0,    0,    0,  -18,    0,    0,    0,    0,    0,    0,   -7,  -33,    0,    0,    0,   -1,    0,    0,    0,    0,    0,    0,    0,  -21,  -15,    0,   -2,  -18,    0,    0,    0,    0,    0,    0,    0,    0,    0,    0,  -15,    0,    0,    0,    0,    0,    0,    0,    0,    0,    0,    0,    0,    0,    0,    0,    0,    0,    0,    0,  -21,  -36,  -14,  -23,  -14,    0,    0,    0,    0,    0,    0,    0,    0,    0,    0,    0,    0,    0,    0,    0,    0,    0,    0,    0,  -15,  -15,   -2,    0,    0,    0,    0,    0,    0,    0,    0,    0,    0,  -27,  -26,    0,  -33,  -34,   -5,    0,    0,    0,
       0,  -36,    0,    0,  -37,    0,    0,    0,    0,    0,    0,    0,    0,    0,    0,    0,    0,    0,    0,  -14,    0,    0,    0,    0,    0,    0,    0,    0,    0,    0,    0,    0,    0,  -32,  -14,    0,    0,    0,    0,    0,    0,    0,    0,    0,    0,    0,    0,    0,    0,    0,    0,    0,    0,    0,    0,  -13,    0,    0,    0,    0,    0,    0,    0,    0,    0,    0,    0,    0,    0,    0,    0,    0,    0,    0,    0,    0,    0,    0,    0,    0,    0,    0,    0,    0,    0,    0,    0,    0,    0,    0,    0,    0,    0,    0,    0,    0,    0,    0,    0,    0,    0,    0,    0,    0,    0,    0,    0,    0,    0,    0,    0,    0,    0,    0,    0,    0,    0,    0,    0,    0,    0,    0,    0,    0,    0,    0,    0,    0,    0,    0,    0,    0,    0,    0,    0,    0,    0,    0,    0,    0,    0,    0,    0,    0,    0,    0,    0,    0,    0,    0,    0,    0,    0,    0,    0,    0,    0,    0,    0,    0,    0,  -32,  -21,    0,   -7,  -28,    0,    0,    0,    0,    0,    0,    0,    0,    0,    0,  -21,    0,    0,    0,    0,    0,    0,    0,    0,    0,    0,    0,    0,    0,    0,    0,    0,    0,    0,    0,  -32,    0,  -20,    0,  -20,    0,    0,    0,    0,    0,    0,    0,    0,    0,    0,    0,    0,    0,    0,    0,    0,    0,    0,    0,  -21,  -21,   -7,    0,    0,    0,    0,    0,    0,    0,    0,    0,    0,  -37,  -36,    0,  -39,  -39,  -16,    0,    0,    0,
       0,    0,    0,    0,    0,    0,    0,    0,    0,    0,    0,    0,    0,    0,    0,    0,    0,    0,    0,    0,    0,    0,    0,    0,    0,    0,    0,    0,    0,    0,    0,    0,    0,    0,   -5,    0,    0,    0,    0,    0,    0,    0,    0,    0,    0,    0,    0,    0,    0,    0,    0,    0,    0,    0,    0,   -4,    0,    0,    0,    0,    0,    0,    0,    0,    0,    0,    0,    0,    0,    0,    0,    0,    0,    0,    0,    0,    0,    0,    0,    0,    0,    0,    0,    0,    0,    0,    0,    0,    0,    0,    0,    0,    0,    0,    0,    0,    0,    0,    0,    0,    0,    0,    0,    0,    0,    0,    0,    0,    0,    0,    0,    0,    0,    0,    0,    0,    0,    0,    0,    0,    0,    0,    0,    0,    0,    0,    0,    0,    0,    0,    0,    0,    0,    0,    0,   -4,    0,    0,    0,    0,    0,   -5,   -5,   -2,   -3,    0,    0,   -4,    0,   -3,    0,   -2,   -2,   -3,   -2,   -3,   -5,    0,   -3,   -2,   -2,    0,    0,   -1,    0,    0,   -3,   -4,   -5,    0,    0,    0,    0,    0,    0,   -2,    0,    0,    0,    0,    0,    0,    0,    0,    0,    0,    0,    0,    0,    0,    0,    0,    0,    0,   -2,    0,    0,    0,    0,    0,    0,   -1,    0,    0,    0,   -2,   -2,    0,   -5,    0,   -2,   -2,   -3,    0,    0,   -2,    0,   -5,   -5,   -3,    0,    0,    0,   -4,   -1,    0,    0,    0,    0,    0,    0,    0,    0,    0,    0,    0,    0,    0,    0,    0,    0,    0,
       0,    0,    0,    0,    0,    0,    0,    0,    0,    0,    0,    0,    0,    0,    0,    0,    0,    0,    0,    0,    0,    0,    0,    0,    0,    0,    0,    0,    0,    0,    0,    0,    0,    0,    0,    0,    0,    0,    0,    0,    0,    0,    0,    0,    0,    0,    0,    0,    0,    0,    0,    0,    0,    0,    0,    0,    0,    0,    0,    0,    0,    0,    0,    0,    0,    0,    0,    0,    0,    0,    0,    0,    0,    0,    0,    0,    0,    0,    0,    0,    0,    0,    0,    0,    0,    0,    0,    0,    0,    0,    0,    0,    0,    0,    0,    0,    0,    0,    0,    0,    0,    0,    0,    0,    0,    0,    0,    0,    0,    0,    0,    0,    0,    0,    0,    0,    0,    0,    0,    0,    0,    0,    0,    0,    0,    0,    0,    0,    0,    0,    0,    0,    0,    0,    0,    0,   -3,    0,    0,    0,    0,    0,    0,    0,    0,    0,   -6,    0,    0,    0,    0,    0,   -1,   -9,   -5,    0,   -4,   -4,   -4,   -5,    0,  -30,  -23,   -3,  -16,  -26,   -4,   -3,   -4,    0,    0,    0,    0,    0,    0,   -5,  -23,    0,    0,    0,    0,    0,    0,    0,    0,    0,    0,    0,    0,    0,    0,    0,    0,    0,   -5,    0,  -30,    0,    0,    0,    0,   -3,    0,    0,    0,   -1,   -1,    0,   -4,    0,   -4,   -4,   -4,    0,    0,   -5,   -3,   -4,   -4,   -4,  -23,  -23,  -16,    0,   -3,    0,    0,    0,    0,    0,    0,    0,    0,    0,    0,    0,    0,    0,    0,    0,    0,    0,
       0,    0,    0,    0,    0,    0,    0,    0,    0,    0,    0,    0,    0,    0,    0,    0,    0,    0,    0,    0,    0,    0,    0,    0,    0,    0,    0,    0,    0,    0,    0,    0,    0,  -12,    0,    0,    0,    0,    0,    0,    0,    0,    0,    0,    0,    0,    0,    0,    0,    0,    0,    0,    0,    0,    0,    0,    0,    0,    0,    0,    0,    0,    0,    0,    0,    0,    0,    0,    0,    0,    0,    0,    0,    0,    0,    0,    0,    0,    0,    0,    0,    0,    0,    0,    0,    0,    0,    0,    0,    0,    0,    0,    0,    0,    0,    0,    0,    0,    0,    0,    0,    0,    0,    0,    0,    0,    0,    0,    0,    0,    0,    0,    0,    0,    0,    0,    0,    0,    0,    0,    0,    0,    0,    0,    0,    0,    0,    0,    0,    0,    0,    0,    0,    0,    0,    0,    0,    0,    0,    0,    0,    0,    0,    0,    0,    0,    0,    0,    0,    0,    0,    0,    0,   -2,    0,    0,   -2,    0,    0,    0,    0,    0,   -1,    0,   -1,    0,    0,    0,   -2,    0,    0,    0,    0,    0,    0,    0,   -1,    0,    0,    0,    0,    0,    0,    0,    0,    0,    0,    0,    0,    0,    0,    0,    0,    0,    0,    0,    0,    0,    0,    0,    0,    0,    0,    0,    0,    0,    0,    0,   -2,    0,    0,    0,    0,    0,    0,    0,    0,   -2,   -2,    0,   -1,   -1,   -1,    0,    0,    0,    0,    0,    0,    0,    0,    0,    0,    0,    0,    0,    0,    0,    0,    0,    0,    0,
       0,    0,    0,    0,    0,    0,    0,    0,    0,    0,    0,    0,    0,    0,    0,    0,    0,    0,    0,    0,    0,    0,    0,    0,    0,    0,    0,    0,    0,    0,    0,    0,    0,    0,    0,    0,    0,    0,    0,    0,    0,    0,    0,    0,    0,    0,    0,    0,    0,    0,    0,    0,    0,    0,    0,    0,    0,    0,    0,    0,    0,    0,    0,    0,    0,    0,    0,    0,    0,    0,    0,    0,    0,    0,    0,    0,    0,    0,    0,    0,    0,    0,    0,    0,    0,    0,    0,    0,    0,    0,    0,    0,    0,    0,    0,    0,    0,    0,    0,    0,    0,    0,    0,    0,    0,    0,    0,    0,    0,    0,    0,    0,    0,    0,    0,    0,    0,    0,    0,    0,    0,    0,    0,    0,    0,    0,    0,    0,    0,    0,    0,    0,    0,    0,    0,    0,    0,    0,    0,    0,    0,    0,   -6,   -3,   -1,    0,    0,   -1,    0,    0,    0,   -4,   -4,   -4,   -5,  -14,   -3,  -16,  -13,   -5,  -13,  -18,  -14,  -17,   -4,  -17,  -12,  -10,   -3,    0,    0,    0,    0,    0,    0,   -5,  -14,    0,    0,    0,    0,    0,    0,    0,    0,    0,    0,    0,    0,    0,    0,    0,    0,    0,   -5,   -2,  -18,    0,    0,    0,    0,  -17,   -4,   -4,    0,   -4,   -4,    0,   -3,    0,   -3,   -3,  -13,    0,  -11,   -5,    0,   -3,   -3,  -12,  -14,  -14,   -4,   -1,  -17,    0,    0,    0,    0,    0,    0,    0,    0,    0,    0,    0,    0,    0,    0,    0,    0,    0,
       0,    0,    0,    0,    0,    0,    0,    0,    0,    0,    0,    0,    0,    0,    0,    0,    0,    0,    0,    0,    0,    0,    0,    0,    0,    0,    0,    0,    0,    0,    0,    0,    0,  -14,    0,    0,    0,    0,    0,    0,    0,    0,    0,    0,    0,    0,    0,    0,    0,    0,    0,    0,    0,    0,    0,    0,    0,    0,    0,   -8,   -4,    0,    0,    0,    0,    0,    0,    0,    0,    0,    0,    0,    0,    0,    0,    0,    0,    0,    0,    0,    0,    0,    0,    0,    0,    0,    0,    0,    0,    0,    0,    0,    0,    0,    0,    0,    0,    0,    0,    0,    0,    0,    0,    0,    0,    0,    0,    0,    0,    0,    0,    0,    0,    0,    0,    0,    0,    0,    0,    0,    0,    0,    0,    0,    0,    0,    0,    0,    0,    0,    0,    0,    0,    0,    0,    0,    0,    0,    0,    0,    0,    0,    0,    0,    0,    0,    0,    0,    0,    0,    0,    0,    0,   -3,    0,    0,   -3,    0,    0,    0,    0,    0,   -3,    0,   -3,    0,    0,    0,   -3,    0,    0,    0,    0,    0,    0,    0,   -3,    0,    0,    0,    0,    0,    0,    0,    0,    0,    0,    0,    0,    0,    0,    0,    0,    0,    0,    0,    0,    0,    0,    0,    0,    0,    0,   -8,    0,    0,    0,    0,   -3,    0,    0,    0,    0,    0,    0,    0,    0,   -3,   -3,    0,   -3,   -3,   -3,    0,    0,    0,    0,    0,    0,    0,    0,    0,   -4,    0,    0,    0,    0,    0,   -4,    0,    0,    0,
       0,    0,    0,   -4,    0,  -18,  -16,  -18,    0,    0,    0,    0,    0,    0,    0,    0,    0,    0,    0,    0,    0,    0,    0,    0,    0,    0,    0,    0,    0,    0,    0,    0,    0,    0,   -3,    0,    0,    0,    0,    0,    0,    0,    0,    0,    0,    0,    0,    0,    0,    0,    0,    0,    0,    0,    0,   -3,    0,    0,    0,   -4,    0,    0,    0,    0,    0,    0,    0,    0,    0,    0,    0,    0,    0,    0,    0,    0,    0,    0,    0,    0,    0,    0,    0,    0,    0,    0,    0,    0,    0,    0,    0,    0,    0,    0,    0,    0,    0,    0,    0,    0,    0,    0,    0,    0,    0,    0,    0,    0,    0,    0,    0,    0,    0,    0,    0,    0,    0,    0,    0,    0,    0,    0,    0,    0,    0,    0,    0,    0,    0,    0,    0,    0,    0,    0,    0,    0,    0,    0,    0,    0,    0,    0,    0,    0,    0,    0,    0,    0,    0,    0,    0,    0,   -5,    0,    0,  -22,   -7,    0,   -2,    0,  -21,    0,    0,    0,    0,    0,   -1,   -7,   -7,    0,   -4,    0,    0,    0,    0,    0,    0,    0,    0,    0,    0,    0,  -21,    0,    0,    0,    0,    0,    0,    0,    0,    0,   -5,    0,    0,    0,    0,    0,    0,    0,    4,    0,    0,   -2,   -5,   -5,   -5,    0,   -7,    0,   -3,   -3,   -2,    0,    0,    0,   -1,   -7,   -7,   -1,    0,    0,    0,    0,    0,    0,    0,    0,    0,    0,    0,    0,    0,    0,    0,  -18,    0,    0,    0,    0,    0,    0,
       0,    0,    0,    0,    0,  -40,  -86,  -32,    0,    0,    0,    0,    0,    0,    0,    0,    0,  -26,  -26,    0,    0,    0,    0,    0,    0,    0,    0,    0,    0,    0,    0,    0,    0,    0,    0,    0,    0,    0,    0,    0,    0,    0,    0,    0,    0,    0,    0,    0,    0,    0,    0,    0,    0,    0,    0,    0,    0,    0,    0,  -88,  -69,    0,    0,  -76,    0,    0,    0,    0,    0,    0,    0,    0,    0,    0,    0,    0,    0,    0,    0,    0,    0,    0,    0,    0,    0,    0,    0,    0,    0,    0,    0,    0,    0,    0,    0,    0,    0,    0,    0,    0,    0,    0,    0,    0,    0,    0,    0,    0,    0,    0,    0,    0,    0,    0,    0,    0,    0,    0,    0,    0,    0,    0,    0,    0,    0,    0,    0,    0,    0,    0,    0,    0,    0,    0,    0,    0,  -17,   -2,    0,  -43,  -59,    0,  -81,  -32,    0,    0,  -18,    0,    0,    0,    0,  -21, -128,  -35, -102,  -72, -128,  -94, -115,  -92, -128,  -89,  -89,  -88,  -97,  -43, -118,  -61, -125,   11,  -69,   -1,    5,   -1,    5, -101,  -89,   -8,  -49,  -11,  -40,  -43,  -99,    0,  -47,    0,  -29,    0,  -49,    0,  -48,  -65,  -52,    0, -102,    0,  -89,    0,  -46,    0,  -46,  -88,    0,  -59,    0, -112, -120,  -52, -128,   -1,  -64, -114,  -95,    0,  -49, -102,  -17, -128, -128, -101,  -89,  -89,  -94,    0,  -88,    0,    0,    0,    0,    0,    0,    0,  -69,    0,    0,  -80,    0,    0,    0,    0,    0,    0,
       0,    0,    0,    0,    0,    0,    0,    0,    0,    0,    0,    0,    0,    0,    0,    0,    0,    0,    0,    0,    0,    0,    0,    0,    0,    0,    0,    0,    0,    0,    0,    0,    0,    0,    0,    0,    0,    0,    0,    0,    0,    0,    0,    0,    0,    0,    0,    0,    0,    0,    0,    0,    0,    0,    0,    0,    0,    0,    0,  -13,  -11,    0,    0,    0,    0,    0,    0,    0,    0,    0,    0,    0,    0,    0,    0,    0,    0,    0,    0,    0,    0,    0,    0,    0,    0,    0,    0,    0,    0,    0,    0,    0,    0,    0,    0,    0,    0,    0,    0,    0,    0,    0,    0,    0,    0,    0,    0,    0,    0,    0,    0,    0,    0,    0,    0,    0,    0,    0,    0,    0,    0,    0,    0,    0,    0,    0,    0,    0,    0,    0,    0,    0,    0,    0,    0,    0,  -14,    0,    0,    0,    9,    0,    6,    0,    3,    0,  -19,    4,    0,    0,    0,    5,   -4,  -19,   -5,    0,  -18,    0,   -3,   -5,    4,  -26,  -21,    2,  -30,  -23,   -3,    2,  -18,    0,   -3,    0,    4,    0,    0,   -5,  -21,   -9,  -20,    0,  -20,    0,    0,    0,    0,    0,    0,    0,  -18,    0,  -21,  -28,  -16,    0,   -5,    0,  -26,    0,  -21,    0,  -21,    2,  -11,  -32,    0,   -4,   -4,    0,  -18,   -5,  -13,  -13,   -3,    0,  -25,   -5,  -14,  -18,  -18,   -3,  -21,  -21,  -30,    4,    2,    0,    0,    0,    0,    0,    0,    0,  -11,    0,    0,    0,    0,    0,    0,    0,    0,    0,
       0,    0,    0,    0,    0,    0,    0,    0,    0,    0,    0,    0,    0,    0,    0,    0,    0,    0,    0,    0,    0,    0,    0,    0,    0,    0,    0,    0,    0,    0,    0,    0,    0,   -4,  -10,    0,    0,    0,    0,    0,    0,    0,    0,    0,    0,    0,    0,    0,    0,    0,    0,    0,    0,    0,    0,   -5,    0,    0,    0,  -12,   -7,    0,    0,    0,    0,    0,    0,    0,    0,    0,    0,    0,    0,    0,    0,    0,    0,    0,    0,    0,    0,    0,    0,    0,    0,    0,    0,    0,    0,    0,    0,    0,    0,    0,    0,    0,    0,    0,    0,    0,    0,    0,    0,    0,    0,    0,    0,    0,    0,    0,    0,    0,    0,    0,    0,    0,    0,    0,    0,    0,    0,    0,    0,    0,    0,    0,    0,    0,    0,    0,    0,    0,    0,    0,    0,    0,    0,    0,    0,    0,    0,    0,    0,    0,    0,    0,    0,    0,    0,    0,    0,    0,    0,   -3,    0,    0,  -10,    0,    0,    0,    0,    0,    0,    0,    0,    0,    0,    2,  -10,    0,    0,    0,    0,    0,    0,    0,    0,    0,    0,    0,    0,    0,    0,    0,    0,    0,    0,    0,    0,    0,    0,    0,   -9,    0,    0,    0,    0,    0,    0,    0,    2,    0,    0,   -5,   -2,    0,    0,    0,  -10,    0,   -4,   -4,    0,    0,    0,    0,   -7,  -10,  -10,    0,    0,    0,    0,    0,    0,    0,    0,    0,    0,    0,    0,    0,   -7,    0,    0,    0,    0,    0,    0,    0,    0,    0,
       0,    0,    0,    0,    0,    0,    0,    0,    0,    0,    0,    0,    0,    0,    0,    0,    0,    0,    0,    0,    0,    0,    0,    0,    0,    0,    0,    0,    0,    0,    0,    0,    0,    0,    0,    0,    0,    0,    0,    0,    0,    0,    0,    0,    0,    0,    0,    0,    0,    0,    0,    0,    0,    0,    0,    0,    0,    0,    0,  -20,  -15,    0,    0,    0,    0,    0,    0,    0,    0,    0,    0,    0,    0,    0,    0,    0,    0,    0,    0,    0,    0,    0,    0,    0,    0,    0,    0,    0,    0,    0,    0,    0,    0,    0,    0,    0,    0,    0,    0,    0,    0,    0,    0,    0,    0,    0,    0,    0,    0,    0,    0,    0,    0,    0,    0,    0,    0,    0,    0,    0,    0,    0,    0,    0,    0,    0,    0,    0,    0,    0,    0,    0,    0,    0,    0,    0,  -20,    0,    0,    0,    3,    0,    0,    0,    0,    0,  -10,    0,    0,    0,    0,    0,   -4,  -13,   -5,    0,  -30,    0,   -3,   -5,    2,  -42,  -35,    0,  -47,  -14,   -3,    0,  -30,    0,   -3,    0,    4,    0,    0,   -5,  -35,   -9,  -20,    0,  -20,    0,    0,    0,    0,    0,    0,    0,  -18,    0,  -21,  -28,  -16,    0,   -5,    0,  -42,    0,  -21,    0,  -21,    0,  -11,  -32,    0,   -4,   -4,    0,  -30,   -5,  -13,  -13,   -3,    0,  -25,   -5,  -20,  -30,  -30,   -3,  -35,  -35,  -47,    0,    0,    0,    0,    0,    0,    0,    0,    0,  -15,    0,    0,    0,    0,    0,    0,    0,    0,    0,
       0,    0,    0,    0,    0,    0,    0,    0,    0,    0,    0,    0,    0,    0,    0,    0,    0,    0,    0,    0,    0,    0,    0,    0,    0,    0,    0,    0,    0,    0,    0,    0,    0,   -4,  -10,    0,    0,    0,    0,    0,    0,    0,    0,    0,    0,    0,    0,    0,    0,    0,    0,    0,    0,    0,    0,   -5,    0,    0,    0,  -16,  -10,    0,    0,    0,    0,    0,    0,    0,    0,    0,    0,    0,    0,    0,    0,    0,    0,    0,    0,    0,    0,    0,    0,    0,    0,    0,    0,    0,    0,    0,    0,    0,    0,    0,    0,    0,    0,    0,    0,    0,    0,    0,    0,    0,    0,    0,    0,    0,    0,    0,    0,    0,    0,    0,    0,    0,    0,    0,    0,    0,    0,    0,    0,    0,    0,    0,    0,    0,    0,    0,    0,    0,    0,    0,    0,    0,    0,    0,    0,    0,    0,    0,    0,    0,    0,    0,    0,    0,    0,    0,    0,    0,    0,    0,    0,    0,  -14,    0,    0,    0,    0,    0,    0,    0,    0,    0,    0,    0,  -14,    0,    0,    0,    0,    0,    0,    0,    0,    0,    0,    0,    0,    0,    0,    0,    0,    0,    0,    0,    0,    0,    0,    0,   -9,    0,    0,    0,    0,    0,    0,    0,    2,    0,    0,   -5,   -2,    0,    0,    0,  -14,    0,   -4,   -4,    0,    0,    0,    0,   -7,  -14,  -14,    0,    0,    0,    0,    0,    0,    0,    0,    0,    0,    0,    0,    0,  -10,    0,    0,    0,    0,    0,    0,    0,    0,    0,
       0,    0,    0,    9,  -10,    0,    0,    0,    0,    0,    0,    0,    0,    0,    0,    0,    0,    0,    0,  -11,    0,    0,   -5,   -5,    0,   -4,  -58,   -9,  -31,  -21,   -4,  -49,   -5,    7,   18,    0,    3,    0,    0,   -4,    0,    0,    0,    3,    0,    0,    0,   -3,    0,   -5,   -1,    0,   -6,    0,   11,   18,    0,    0,   -3,    0,    0,    0,   -5,    0,    0,   -5,   -5,   -5,    3,    0,    0,    0,    0,    0,    0,    0,    0,    0,    0,    0,    0,    0,    0,    0,    0,    0,    0,    0,    0,    0,    0,    0,    0,    0,    3,    3,   -5,    0,   -5,    0,    0,    0,    0,   -5,    3,    0,    0,    0,    0,    0,    0,   -3,  -58,    0,    0,    0,    0,    0,    0,    0,    0,    0,   -2,    0,    0,    0,    0,   -5,    0,    0,    0,    0,   -2,    0,    0,    0,    0,    0,    0,    0,    0,    0,    0,    0,    0,    0,    0,    0,    0,    0,    0,    0,    0,    0,    0,    0,    0,    0,    0,    0,    0,    0,    0,    0,    0,    0,    0,    0,    0,    0,    0,    0,    0,    0,    0,    0,    0,    0,    0,    0,    0,    0,    0,    0,    0,    0,    0,    0,    0,    0,    0,    0,    0,    0,    0,    0,    0,    0,    0,    0,    0,    0,    0,    0,    0,    0,    0,    0,    0,    0,    0,    0,    0,    0,    0,    0,    0,    0,    0,    0,    0,    0,    0,    0,    0,    0,    0,    0,    0,    0,    0,    0,    0,  -10,   -5,    0,    7,    7,    0,    0,   -4,   -4,
       0,   -2,    0,    4,  -10,    0,    0,    0,    0,    0,    0,    0,    0,    0,    0,    0,    0,    0,    0,  -11,    0,    0,   -5,   -5,    0,   -4,  -58,   -9,  -31,  -21,   -4,  -49,   -5,    1,    3,    0,    0,    0,    0,   -4,    0,    0,    0,    0,    0,    0,    0,   -3,    0,   -5,   -1,    0,   -6,    0,    0,    3,    0,    0,   -3,    0,    0,    0,   -5,    0,    0,   -5,   -5,   -5,    0,    0,    0,    0,    0,    0,    0,    0,    0,    0,    0,    0,    0,    0,    0,    0,    0,    0,    0,    0,    0,    0,    0,    0,    0,    0,    0,    0,   -5,    0,   -5,    0,    0,    0,    0,   -5,    0,    0,    0,    0,    0,    0,    0,   -3,  -58,    0,    0,    0,    0,    0,    0,    0,    0,    0,   -2,    0,    0,    0,    0,   -5,    0,    0,    0,    0,   -2,    0,    0,    0,    0,    0,    0,    0,    0,    0,    0,    0,    0,    0,    0,    0,    0,    0,    0,    0,    0,    0,    0,    0,    0,    0,    0,    0,    0,    0,    0,    0,    0,    0,    0,    0,    0,    0,    0,    0,    0,    0,    0,    0,    0,    0,    0,    0,    0,    0,    0,    0,    0,    0,    0,    0,    0,    0,    0,    0,    0,    0,    0,    0,    0,    0,    0,    0,    0,    0,    0,    0,    0,    0,    0,    0,    0,    0,    0,    0,    0,    0,    0,    0,    0,    0,    0,    0,    0,    0,    0,    0,    0,    0,    0,    0,    0,    0,    0,    0,    0,  -15,   -8,    0,   -2,   -2,  -11,    0,   -4,   -4,
       0,   -4,    0,    9,  -11,    0,    0,    0,    0,    0,    0,    0,    0,    0,    0,    0,    0,    0,    0,  -10,    0,   -3,   -7,   -2,   -5,   -7,  -54,   -9,  -35,  -28,   -8,  -53,   -5,    9,   19,    0,    5,    0,    0,   -2,    0,    0,    0,    5,    0,    0,    0,   -2,    0,   -5,   -2,   -3,   -6,    0,   13,   19,    0,    0,    0,    0,    0,    0,   -7,    0,    0,   -7,   -7,   -7,    5,    0,    0,    0,    0,    0,    0,    0,    0,    0,    0,    0,    0,    0,    0,    0,    0,    0,    0,    0,    0,    0,    0,    0,    0,    0,    5,    5,   -7,    0,   -7,    0,    0,    0,    0,   -7,    5,    0,    0,    0,    0,    0,    0,   -2,  -54,    0,    0,    0,    0,    0,    0,    0,    0,    0,   -2,    0,    0,    0,    0,   -7,    0,    0,    0,    0,   -2,    0,    0,    0,    0,    0,    0,    0,    0,    0,    0,    0,    0,    0,    0,    0,    0,    0,    0,    0,    0,    0,    0,    0,    0,    0,    0,    0,    0,    0,    0,    0,    0,    0,    0,    0,    0,    0,    0,    0,    0,    0,    0,    0,    0,    0,    0,    0,    0,    0,    0,    0,    0,    0,    0,    0,    0,    0,    0,    0,    0,    0,    0,    0,    0,    0,    0,    0,    0,    0,    0,    0,    0,    0,    0,    0,    0,    0,    0,    0,    0,    0,    0,    0,    0,    0,    0,    0,    0,    0,    0,    0,    0,    0,    0,    0,    0,    0,    0,    0,    0,  -12,   -5,    0,    7,    7,    1,    0,   -2,   -2,
       0,   -6,    0,    4,   -8,    0,    0,    0,    0,    0,    0,    0,    0,    0,    0,    0,    0,    0,    0,   -9,    0,   -3,   -7,   -2,   -5,   -7,  -54,   -9,  -35,  -28,   -8,  -53,   -5,    4,    5,    0,    0,    0,    0,   -2,    0,    0,    0,    0,    0,    0,    0,   -2,    0,   -5,   -2,   -3,   -6,    0,    0,    5,    0,    0,    0,    0,    0,    0,   -7,    0,    0,   -7,   -7,   -7,    0,    0,    0,    0,    0,    0,    0,    0,    0,    0,    0,    0,    0,    0,    0,    0,    0,    0,    0,    0,    0,    0,    0,    0,    0,    0,    0,    0,   -7,    0,   -7,    0,    0,    0,    0,   -7,    0,    0,    0,    0,    0,    0,    0,   -2,  -54,    0,    0,    0,    0,    0,    0,    0,    0,    0,   -2,    0,    0,    0,    0,   -7,    0,    0,    0,    0,   -2,    0,    0,    0,    0,    0,    0,    0,    0,    0,    0,    0,    0,    0,    0,    0,    0,    0,    0,    0,    0,    0,    0,    0,    0,    0,    0,    0,    0,    0,    0,    0,    0,    0,    0,    0,    0,    0,    0,    0,    0,    0,    0,    0,    0,    0,    0,    0,    0,    0,    0,    0,    0,    0,    0,    0,    0,    0,    0,    0,    0,    0,    0,    0,    0,    0,    0,    0,    0,    0,    0,    0,    0,    0,    0,    0,    0,    0,    0,    0,    0,    0,    0,    0,    0,    0,    0,    0,    0,    0,    0,    0,    0,    0,    0,    0,    0,    0,    0,    0,    0,  -16,   -8,    0,   -1,   -1,    2,    0,   -2,   -2,
       0,  -14,    0,   -1,  -13,    0,    0,    0,    0,    0,    0,    0,    0,    0,    0,    0,    0,    0,    0,  -14,    0,   -7,   -7,   -3,  -15,   -7,  -58,   -9,  -35,  -26,  -18,  -51,  -11,   -1,   10,    0,    0,    0,    0,   -5,   -1,    0,    0,    0,    0,    0,    0,   -4,    0,   -7,   -4,  -10,   -7,   -5,    4,   10,    0,    0,   -4,    0,    0,    0,   -9,    0,    0,   -7,   -7,   -7,    0,    0,    0,    0,    0,    0,    0,    0,    0,    0,    0,    0,    0,    0,    0,    0,    0,    0,    0,    0,    0,    0,    0,    0,   -1,   -1,    0,    0,   -7,    0,   -7,    0,    0,    0,    0,   -7,    0,    0,    0,    0,    0,    0,    0,   -4,  -58,   -5,    0,    0,    0,    0,    0,   -1,   -1,    0,   -3,    0,    0,    0,    0,   -7,    0,    0,    0,    0,   -3,    0,    0,    0,    0,    0,    0,    0,    0,    0,    0,    0,    0,    0,    0,    0,    0,    0,    0,    0,    0,    0,    0,    0,    0,    0,    0,    0,    0,    0,    0,    0,    0,    0,    0,    0,    0,    0,    0,    0,    0,    0,    0,    0,    0,    0,    0,    0,    0,    0,    0,    0,    0,    0,    0,    0,    0,    0,    0,    0,    0,    0,    0,    0,    0,    0,    0,    0,    0,    0,    0,    0,    0,    0,    0,    0,    0,    0,    0,    0,    0,    0,    0,    0,    0,    0,    0,    0,    0,    0,    0,    0,    0,    0,    0,    0,    0,    0,    0,    0,    0,  -21,  -15,    0,   -2,   -2,   -7,    0,   -5,   -5,
       0,  -17,    0,   -6,  -13,    0,    0,    0,    0,    0,    0,    0,    0,    0,    0,    0,    0,    0,    0,  -14,    0,   -7,   -7,   -3,  -15,   -7,  -58,   -9,  -35,  -26,  -18,  -51,  -11,   -7,   -5,    0,    0,    0,    0,   -5,   -1,    0,    0,    0,    0,    0,    0,   -4,    0,   -7,   -4,  -10,   -7,   -5,    0,   -4,    0,    0,   -4,    0,    0,    0,   -9,    0,    0,   -7,   -7,   -7,    0,    0,    0,    0,    0,    0,    0,    0,    0,    0,    0,    0,    0,    0,    0,    0,    0,    0,    0,    0,    0,    0,    0,    0,   -1,   -1,    0,    0,   -7,    0,   -7,    0,    0,    0,    0,   -7,    0,    0,    0,    0,    0,    0,    0,   -4,  -58,   -5,    0,    0,    0,    0,    0,   -1,   -1,    0,   -3,    0,    0,    0,    0,   -7,    0,    0,    0,    0,   -3,    0,    0,    0,    0,    0,    0,    0,    0,    0,    0,    0,    0,    0,    0,    0,    0,    0,    0,    0,    0,    0,    0,    0,    0,    0,    0,    0,    0,    0,    0,    0,    0,    0,    0,    0,    0,    0,    0,    0,    0,    0,    0,    0,    0,    0,    0,    0,    0,    0,    0,    0,    0,    0,    0,    0,    0,    0,    0,    0,    0,    0,    0,    0,    0,    0,    0,    0,    0,    0,    0,    0,    0,    0,    0,    0,    0,    0,    0,    0,    0,    0,    0,    0,    0,    0,    0,    0,    0,    0,    0,    0,    0,    0,    0,    0,    0,    0,    0,    0,    0,  -11,  -10,    0,  -10,  -10,   -7,    0,   -5,   -5,
       0,    0,    0,  -10,    0,  -18,  -16,  -18,    0,    0,    0,    0,    0,    0,    0,    0,    0,    0,    0,    0,    0,  -19,   -5,   -1,  -35,   -2,  -39,   -2,  -10,   -6,  -21,  -25,  -13,    0,  -13,   -5,    0,   -7,   -7,    0,   -5,    0,    0,    0,    0,   -7,   -4,    0,    0,    0,    0,    0,    0,    0,    0,  -11,  -11,    0,    0,   -4,    0,    0,    0,    0,    0,   -5,   -5,   -5,    0,   -5,   -5,   -5,   -5,   -7,   -7,   -7,    0,    0,    0,    0,  -10,   -7,   -7,   -7,   -7,    0,   -5,   -5,   -7,   -7,   -7,   -7,   -5,   -5,    0,    0,   -5,    0,   -5,    0,    0,    0,    0,   -5,    0,    0,    0,   -7,    0,   -4,   -4,    0,  -39,    0,   -5,    0,   -7,    0,   -3,   -5,   -5,    0,    0,    0,   -5,   -7,    0,   -5,    0,   -7,    0,    0,    0,    0,    0,    0,    0,    0,    0,    0,    0,    0,    0,    0,    0,    0,    0,    0,    0,    0,    0,    0,    0,    0,    0,    0,    0,    0,    0,    0,    0,    0,    0,    0,    0,    0,    0,    0,    0,    0,    0,    0,    0,    0,    0,    0,    0,    0,    0,    0,    0,    0,    0,    0,    0,    0,    0,    0,    0,    0,    0,    0,    0,    0,    0,    0,    0,    0,    0,    0,    0,    0,    0,    0,    0,    0,    0,    0,    0,    0,    0,    0,    0,    0,    0,    0,    0,    0,    0,    0,    0,    0,    0,    0,    0,   -5,   -5,   -5,   -7,   -7,    0,   -7,    0,    0,    0,  -34,    0,    0,    0,    0,    0,    0,
       0,    0,    0,    0,    0,  -50,  -50,    0,    0,    0,    0,    0,    0,    0,    0,    0,    0,    0,    0,    0,    0,  -29,    0,    0,  -33,    0,    0,    0,    0,    0,    0,    0,    0,    0,    0,   -9,    0,  -13,  -15,    0,   -9,    0,    0,    0,    0,  -15,   -8,    0,    0,    0,    0,    0,    0,    0,    0,    0,    0,    0,    0,    0,    0,    0,    0,    0,  -43,    5,    0,    0,    0,   -9,   -9,   -9,   -9,  -13,  -13,  -13,   11,    0,    4,    0,  -12,  -13,  -13,  -13,  -13,    0,   -9,   -9,  -13,  -13,  -13,  -13,   -9,   -9,   11,    0,    8,    0,    0,    0,    6,    0,    5,    0,    0,    0,    0,  -13,    0,   -8,   -8,    0,    0,    0,   -9,   11,  -13,    0,   -8,   -9,   -9,    0,    0,   12,  -12,  -24,   34,    4,    0,  -13,   12,    0,    0,    0,    0,    0,    0,    0,    0,  -33,  -27,    2,  -28,  -28,    0,    0,    0,    0,    0,    0,    0,    0,   -9,    0,    0,  -18,  -13,    0,    0,    0,  -20,    0,    0,    0,    0,    0,    0,  -11,  -13,    0,   -8,    0,    0,    0,    0,    0,    0,    0,    0,    0,    0,    0,    0,    0,    0,    0,    0,    0,    0,    0,    0,    0,    0,    0,    0,    0,    0,    2,    0,    2,    0,    0,    0,   -6,    0,   -9,   -9,  -42,  -13,    0,   -8,   -8,    0,    0,    0,    0,    0,  -13,  -13,    0,    0,    0,    0,    0,    0,   -9,    4,   -9,  -13,   -8,    0,  -10,    0,    0,    0,    0,    0,    0,    0,    0,    0,    0,
       0,    0,   -9,    0,    0,  -50,  -50,  -26,    0,    0,    0,    0,    0,    0,    0,    0,    0,    0,    0,    0,   -5,  -31,    0,    0,  -32,    0,    0,    0,    0,    0,    0,    0,    0,    0,    0,  -12,    0,  -15,  -18,    0,  -11,    0,    0,    0,    0,  -18,  -10,    0,    0,    0,    0,    0,    0,    0,    0,    0,   -4,    0,    0,  -19,  -20,    0,    0,   -4,  -45,    0,    0,    0,    0,  -12,  -12,  -12,  -12,  -15,  -15,  -15,    7,    0,   12,    9,  -10,  -15,  -15,  -15,  -15,    0,  -12,  -12,  -15,  -15,  -15,  -15,  -11,  -11,    7,    2,    2,    8,    0,    5,    5,    0,   13,    0,    0,    0,    0,  -15,    0,  -10,  -10,    0,    0,    0,  -12,   10,  -15,    0,  -10,  -11,  -11,    0,    0,   11,  -20,  -15,   30,    0,    6,  -15,    8,    0,    0,    0,    0,    0,    0,    0,    0,  -32,  -27,    0,  -30,  -28,    0,    0,    0,    0,    0,    0,    0,    0,  -12,    0,    0,  -20,  -15,    0,   -8,    0,  -22,    0,    0,    0,    0,    0,   -7,  -12,  -15,    5,  -10,    0,    9,    0,    2,    0,    0,    0,    0,    0,    0,    0,    0,    0,    0,    0,    0,    0,    0,    0,    0,    0,    0,    0,    0,    0,    0,    0,    0,    0,    0,    0,    0,   -9,    0,  -12,  -12,  -44,  -15,    0,  -10,  -10,   -8,    0,    0,    0,    0,  -15,  -15,   -7,    0,    0,    0,    0,    0,  -12,   -6,  -12,  -15,  -17,    0,  -18,  -20,    0,    0,  -49,    0,    0,    0,    0,    0,    0,
       0,  -48,    0,    0,    0,    0,    0,    0,    0,    0,    0,    0,    0,    0,    0,    0,    0,    0,    0,    0,    0,    0,    0,   -9,    0,    0,  -31,   -8,  -32,  -23,    0,  -36,    0,    0,    0,    0,    0,    0,    0,    0,    0,    0,    0,    0,    0,    0,    0,    0,    0,  -18,  -12,    0,  -20,    0,    0,    0,    0,    0,    0,    0,    0,    0,    0,    0,    0,    0,    0,    0,    0,    0,    0,    0,    0,    0,    0,    0,    0,    0,    0,    0,    0,    0,    0,    0,    0,    0,    0,    0,    0,    0,    0,    0,    0,    0,    0,    0,    0,    0,    0,    0,    0,    0,    0,   -3,    0,    0,    0,    0,    0,    0,    0,    0,  -31,    0,    0,    0,    0,    0,    0,    0,    0,    0,  -15,    0,    0,    0,    0,    0,    0,    0,    0,    0,  -15,    0,    0,  -31,   -9,    0,    0,    0,    0,  -13,    0,    0,    0,    0,  -12,    0,  -45,  -27,    0,    0,    0,    0,    0,    0,    0,    0,    0,    0,    0,  -23,  -20,    0,  -25,  -17,    0,    0,    0,    0,    0,    0,    0,    0,    0,    0,  -20,    0,    0,    0,    0,    0,    0,    0,    0,    0,    0,    0,    0,    0,    0,    0,    0,    0,    0,    0,  -23,  -35,  -19,  -67,  -19,    0,  -30,  -21,    0,    0,    0,    0,    0,    0,    0,    0,    0,    0,  -16,    0,   -9,    0,    0,    0,  -20,  -20,  -25,    0,    0,    0,    0,    0,    0,    0,    0,    0,    0,    0,  -49,    0,  -49,  -50,    0,    0,    0,    0,
       0,    0,   -9,    0,    0,  -50,  -50,  -23,    0,    0,    0,    0,    0,    0,    0,    0,    0,    0,    0,    0,    0,  -26,    0,    0,  -33,    0,    0,    0,    0,    0,    0,    0,    0,    0,    0,   -5,    0,  -10,  -13,    0,   -4,    0,    0,    0,    0,  -13,   -3,    0,    0,    0,    0,    0,    0,    0,    0,    0,    0,    0,    0,  -14,  -15,    0,    0,    0,  -41,    0,    0,    0,    0,   -5,   -5,   -5,   -5,  -10,  -10,  -10,    7,    0,    2,    0,  -11,  -10,  -10,  -10,  -10,    0,   -5,   -5,  -10,  -10,  -10,  -10,   -4,   -4,    0,    0,    0,    0,    0,    0,    4,    0,    3,    0,    0,    0,    0,  -10,    0,   -3,   -3,    0,    0,    0,   -5,   10,  -10,    0,   -4,   -4,   -4,    0,    0,   10,   -5,  -10,   25,    0,    0,  -10,    8,    0,    0,    0,    0,    0,    0,    0,    0,  -33,  -26,    0,  -26,  -27,    0,    0,    0,    0,    0,    0,    0,    0,   -5,    0,    0,  -17,  -10,    0,   -3,    0,  -19,    0,    0,    0,    0,    0,   -3,   -8,  -10,    0,   -3,    0,    0,    0,    0,    0,    0,    0,    0,    0,    0,    0,    0,    0,    0,    0,    0,    0,    0,    0,    0,    0,    0,    0,    0,    0,    0,    0,    0,    0,    0,    0,    0,    0,    0,   -5,   -5,  -40,  -10,    0,   -4,   -4,   -3,    0,    0,    0,    0,  -10,  -10,   -3,    0,    0,    0,    0,    0,   -5,    3,   -5,  -10,   -5,    0,   -7,  -15,    0,    0,  -49,    0,    0,    0,    0,    0,    0,
       0,    0,   -9,    0,    0,  -53,  -55,  -23,    0,    0,    0,    0,    0,    0,    0,    0,    0,    0,    0,    0,    0,  -26,    0,    0,  -33,    0,    0,    0,    0,    0,    0,    0,    0,    0,    0,   -5,    0,  -10,  -13,    0,   -4,    0,    0,    0,    0,  -13,   -3,    0,    0,    0,    0,    0,    0,    0,    0,    0,    0,    0,    0,  -14,  -15,    0,    0,    0,  -41,    0,    0,    0,    0,   -5,   -5,   -5,   -5,  -10,  -10,  -10,    7,    0,    2,    0,  -11,  -10,  -10,  -10,  -10,    0,   -5,   -5,  -10,  -10,  -10,  -10,   -4,   -4,    0,    0,    0,    0,    0,    0,    4,    0,    3,    0,    0,    0,    0,  -10,    0,   -3,   -3,    0,    0,    0,   -5,   10,  -10,    0,   -4,   -4,   -4,    0,    0,   10,   -5,  -10,   25,    0,    0,  -10,    8,    0,    0,    0,    0,    0,    0,    0,    0,  -33,  -26,    0,  -26,  -27,    0,    0,    0,    0,    0,    0,    0,    0,   -5,    0,    0,  -17,  -10,    0,   -3,    0,  -19,    0,    0,    0,    0,    0,   -3,   -8,  -10,    0,   -3,    0,    0,    0,    0,    0,    0,    0,    0,    0,    0,    0,    0,    0,    0,    0,    0,    0,    0,    0,    0,    0,    0,    0,    0,    0,    0,    0,    0,    0,    0,    0,    0,    0,    0,   -5,   -5,  -40,  -10,    0,   -4,   -4,   -3,    0,    0,    0,    0,  -10,  -10,   -3,    0,    0,    0,    0,    0,   -5,    3,   -5,  -10,   -5,    0,   -7,  -15,    0,    0,  -50,    0,    0,    0,    0,    0,    0,
       0,    0,    0,    0,    0,    0,    0,    0,    0,   -4,    0,    0,    0,    0,    0,  -13,    0,    0,    0,    0,    0,    0,    0,    0,    0,    0,    0,    0,    0,    0,    0,    0,    0,    0,    0,    0,    0,    0,    0,    0,    0,    0,    0,  -15,    0,    0,    0,    0,    0,    0,    0,    0,    0,    0,    0,    0,    0,    0,    0,    0,    0,    0,    0,    0,    0,    0,    0,    0,    0,    0,    0,    0,    0,    0,    0,    0,    0,    0,    0,    0,    0,    0,    0,    0,    0,    0,    0,    0,    0,    0,    0,    0,    0,    0,    0,    0,    0,    0,    0,    0,    0,    0,    0,    0,  -15,    0,    0,    0,    0,    0,    0,    0,    0,    0,    0,    0,    0,    0,    0,    0,    0,    0,    0,    0,    0,    0,    0,    0,    0,    0,    0,    0,    0,    0,    0,    0,    0,    0,    0,    0,    0,    0,    0,    0,    0,    0,    0,    0,    0,    0,    0,    0,    0,    0,    0,    0,    0,    0,    0,    0,    0,    0,    0,    0,    0,    0,    0,    0,    0,    0,    0,    0,    0,    0,    0,    0,    0,    0,    0,    0,    0,    0,    0,    0,    0,    0,    0,    0,    0,    0,    0,    0,    0,    0,    0,    0,    0,    0,    0,    0,    0,    0,    0,    0,    0,    0,    0,    0,    0,    0,    0,    0,    0,    0,    0,    0,    0,    0,    0,    0,    0,    0,    0,    0,    0,    0,    0,    0,    0,    0,    0,    0,    0,    0,    0,    0,    0,    0,    0,    0,    0,    0,
       0,    0,    0,    2,    0,  -11,  -11,  -15,    0,    0,    0,    0,    0,    0,    0,    0,    0,    0,    0,    0,    0,  -21,   -1,    0,  -31,   -1,    0,    0,    8,    4,    4,    8,    0,    0,    3,   -1,    0,   -8,   -8,    0,   -2,    0,    0,    0,    0,   -8,    0,    0,    0,    0,    0,    0,    0,    0,    0,    2,   -9,    0,    0,   -5,   -7,    0,    0,    0,    0,   -1,   -1,   -1,    0,   -1,   -1,   -1,   -1,   -8,   -8,   -8,   13,    0,    2,   12,  -14,   -8,   -8,   -8,   -8,    0,   -1,   -1,   -8,   -8,   -8,   -8,   -2,   -2,    0,    0,   -1,   10,   -1,    9,   11,    0,    3,   -1,    0,    0,    7,   -8,    0,    0,    0,    0,    0,    0,   -1,   18,   -8,    0,    0,   -2,   -2,    0,    0,   18,    2,   -8,   44,   -1,    8,   -8,   17,    0,    0,    0,    0,    0,    0,    0,    0,    0,    0,    0,    0,    0,    0,    0,    0,    0,    0,    0,    0,    0,    0,    0,    0,    0,    0,    0,    0,    0,    0,    0,    0,    0,    0,    0,    0,    0,    0,    0,    0,    0,    0,    0,    0,    0,    0,    0,    0,    0,    0,    0,    0,    0,    0,    0,    0,    0,    0,    0,    0,    0,    0,    0,    0,    0,    0,    0,    0,    0,    0,    0,    0,    0,    0,    0,    0,    0,    0,    0,    0,    0,    0,    0,    0,    0,    0,    0,    0,    0,    0,    0,    0,    0,    0,   -1,   12,   -1,   -8,   -5,    0,   -7,   -7,    0,    0,  -14,    0,    0,    0,    0,    0,    0,
       0,    0,    0,    0,    0,    0,    0,    0,    0,    0,    0,    0,    0,    0,    0,    0,    0,    0,    0,    0,    0,   -1,   -4,   -4,   -1,   -3,   -1,   -5,    0,   -2,    0,    0,   -3,    0,    0,    0,    0,    0,    0,    0,    0,    0,    0,    0,    0,    0,    0,    0,    0,    0,    0,    0,    0,    0,    0,    0,    0,    0,    0,    0,    0,    0,    0,    0,    0,   -4,   -4,   -4,    0,    0,    0,    0,    0,    0,    0,    0,    0,    0,    0,    0,    0,    0,    0,    0,    0,    0,    0,    0,    0,    0,    0,    0,    0,    0,    0,    0,   -4,    0,   -4,    0,    0,    0,    0,   -4,    0,    0,    0,    0,    0,    0,    0,    0,   -1,    0,    0,    0,    0,    0,    0,    0,    0,    0,    0,    0,    0,    0,   16,   -4,    0,    0,    0,    0,    0,    0,    0,    0,    0,    0,    0,    0,    0,    0,    0,    0,    0,    0,    0,    0,    0,    0,    0,    0,    0,    0,    0,    0,    0,    0,    0,    0,    0,    0,    0,    0,    0,    0,    0,    0,    0,    0,    0,    0,    0,    0,    0,    0,    0,    0,    0,    0,    0,    0,    0,    0,    0,    0,    0,    0,    0,    0,    0,    0,    0,    0,    0,    0,    0,    0,    0,    0,    0,    0,    0,    0,    0,    0,    0,    0,    0,    0,    0,    0,    0,    0,    0,    0,    0,    0,    0,    0,    0,    0,    0,    0,    0,    0,    0,    0,    0,    0,    0,    0,    0,    0,    0,    0,    0,    0,    0,    0,    0,    0,
};

static const EpdLigaturePair lato_14_regularLigaturePairs[] = {
    { 0x00660066, 0xFB00 }, // f f -> U+FB00
    { 0x00660069, 0xFB01 }, // f i -> U+FB01
    { 0x0066006C, 0xFB02 }, // f l -> U+FB02
    { 0xFB000069, 0xFB03 }, // U+FB00 i -> U+FB03
    { 0xFB00006C, 0xFB04 }, // U+FB00 l -> U+FB04
};

static constexpr EpdFontData lato_14_regular = {
    lato_14_regularBitmaps,
    lato_14_regularGlyphs,
    lato_14_regularIntervals,
    68,
    35,
    29,
    -7,
    true,
    lato_14_regularGroups,
    17,
    nullptr,
    lato_14_regularKernLeftClasses,
    lato_14_regularKernRightClasses,
    lato_14_regularKernMatrix,
    723,
    727,
    245,
    242,
    lato_14_regularLigaturePairs,
    5,
};
