/**
 * generated by fontconvert.py
 * name: lato_16_bolditalic
 * size: 16
 * mode: 2-bit  compressed: true
 * Command used: fontconvert.py lato_16_bolditalic 16 ../builtinFonts/source/Lato/Lato-BoldItalic.ttf ../builtinFonts/source/ChareInk7/ChareInk7-BoldItalic.ttf ../builtinFonts/source/NotoEmoji/NotoEmoji-Regular.ttf ../builtinFonts/source/NotoSymbols/NotoSansSymbols-Regular.ttf --additional-intervals 0x03BB,0x03BB --additional-intervals 0x0410,0x0414 --additional-intervals 0x0418,0x0418 --additional-intervals 0x041B,0x041B --additional-intervals 0x041D,0x0423 --additional-intervals 0x0425,0x0425 --additional-intervals 0x0427,0x0427 --additional-intervals 0x042B,0x042C --additional-intervals 0x042E,0x0432 --additional-intervals 0x0434,0x0435 --additional-intervals 0x0437,0x0437 --additional-intervals 0x043A,0x043A --additional-intervals 0x043D,0x043E --additional-intervals 0x0440,0x0440 --additional-intervals 0x0442,0x0442 --additional-intervals 0x0446,0x0446 --additional-intervals 0x044C,0x044C --additional-intervals 0x044E,0x044E --additional-intervals 0x2113,0x2113 --additional-intervals 0x2669,0x266F --additional-intervals 0x1F600,0x1F607 --additional-intervals 0x1F609,0x1F614 --additional-intervals 0x1F618,0x1F618 --additional-intervals 0x1F61A,0x1F61A --additional-intervals 0x1F61C,0x1F61D --additional-intervals 0x1F620,0x1F622 --additional-intervals 0x1F624,0x1F625 --additional-intervals 0x1F629,0x1F629 --additional-intervals 0x1F62C,0x1F62E --additional-intervals 0x1F631,0x1F635 --additional-intervals 0x1F641,0x1F642 --additional-intervals 0x1F644,0x1F644 --additional-intervals 0x1F44B,0x1F44F --additional-intervals 0x2764,0x2764 --font-include-intervals 1:0x03BB,0x03BB --font-include-intervals 1:0x0410,0x0414 --font-include-intervals 1:0x0418,0x0418 --font-include-intervals 1:0x041B,0x041B --font-include-intervals 1:0x041D,0x0423 --font-include-intervals 1:0x0425,0x0425 --font-include-intervals 1:0x0427,0x0427 --font-include-intervals 1:0x042B,0x042C --font-include-intervals 1:0x042E,0x0432 --font-include-intervals 1:0x0434,0x0435 --font-include-intervals 1:0x0437,0x0437 --font-include-intervals 1:0x043A,0x043A --font-include-intervals 1:0x043D,0x043E --font-include-intervals 1:0x0440,0x0440 --font-include-intervals 1:0x0442,0x0442 --font-include-intervals 1:0x0446,0x0446 --font-include-intervals 1:0x044C,0x044C --font-include-intervals 1:0x044E,0x044E --font-include-intervals 1:0x2113,0x2113 --font-include-intervals 2:0x1F600,0x1F607 --font-include-intervals 2:0x1F609,0x1F614 --font-include-intervals 2:0x1F618,0x1F618 --font-include-intervals 2:0x1F61A,0x1F61A --font-include-intervals 2:0x1F61C,0x1F61D --font-include-intervals 2:0x1F620,0x1F622 --font-include-intervals 2:0x1F624,0x1F625 --font-include-intervals 2:0x1F629,0x1F629 --font-include-intervals 2:0x1F62C,0x1F62E --font-include-intervals 2:0x1F631,0x1F635 --font-include-intervals 2:0x1F641,0x1F642 --font-include-intervals 2:0x1F644,0x1F644 --font-include-intervals 2:0x1F44B,0x1F44F --font-include-intervals 2:0x2764,0x2764 --font-include-intervals 3:0x2669,0x266F --2bit --compress --pnum --darken-aa
 */
#pragma once
#include "EpdFontData.h"

static const uint8_t lato_16_bolditalicBitmaps[40953] = {
    0xBD, 0x5A, 0x3D, 0xB3, 0xE4, 0xC6, 0x75, 0x6D, 0x00, 0xD4, 0xA2, 0x6C, 0x04, 0x9D, 0x38, 0x70,
    0x79, 0x03, 0x28, 0x60, 0xA0, 0x52, 0xD9, 0x46, 0xA2, 0x70, 0x55, 0x8D, 0xE2, 0x06, 0x0A, 0x1C,
    0xF8, 0x27, 0x28, 0x75, 0xC6, 0xD4, 0x81, 0xB4, 0x80, 0xCA, 0x01, 0x03, 0x05, 0x7C, 0xFF, 0x40,
    0xA9, 0x42, 0x85, 0xAA, 0x72, 0x2D, 0x01, 0x91, 0x81, 0x02, 0x06, 0x04, 0xA9, 0x1F, 0x40, 0x50,
    0x56, 0xC6, 0x60, 0x21, 0x12, 0x55, 0x0B, 0x6A, 0x01, 0xB4, 0xCF, 0x39, 0x17, 0x98, 0x99, 0xF7,
    0x76, 0x45, 0xA9, 0x14, 0xE8, 0x0D, 0xE6, 0xBE, 0x79, 0x98, 0x46, 0xF7, 0xED, 0xFB, 0x71, 0xEE,
    0x47, 0xBF, 0x6C, 0xCD, 0x96, 0x7C, 0xC9, 0xE7, 0x62, 0x2E, 0x26, 0x6F, 0xAF, 0xD1, 0x8F, 0xE5,
    0x50, 0xF6, 0x78, 0xB5, 0xEE, 0xF8, 0x09, 0x2E, 0xF6, 0x7C, 0x05, 0x17, 0x3E, 0x9A, 0xC3, 0x7B,
    0x53, 0xF8, 0xF9, 0x14, 0xFE, 0x63, 0x6A, 0x3C, 0xAE, 0xB1, 0xF1, 0xC3, 0x33, 0xDF, 0x3F, 0xC9,
    0x31, 0xF8, 0x83, 0x74, 0x76, 0x6E, 0xCD, 0x66, 0x97, 0xAC, 0xD9, 0xE4, 0xD2, 0xA5, 0x98, 0x5C,
    0x36, 0xFB, 0xD1, 0x65, 0x93, 0x1F, 0x5C, 0x31, 0x95, 0x7D, 0x1A, 0xF1, 0x93, 0xE1, 0xBD, 0x17,
    0x20, 0xAB, 0xAB, 0xFA, 0x06, 0x93, 0xB7, 0x3B, 0x57, 0xD8, 0x9C, 0xEB, 0x92, 0xD5, 0x05, 0x7C,
    0x31, 0x5E, 0xC8, 0x90, 0xAE, 0x39, 0x26, 0x59, 0x6E, 0x27, 0x71, 0x7E, 0xAC, 0x40, 0x86, 0xD0,
    0xBA, 0xB2, 0xAD, 0xC4, 0x1F, 0x96, 0x75, 0xC9, 0x04, 0x92, 0x92, 0x74, 0x98, 0x0F, 0xF3, 0x0F,
    0x9C, 0x6B, 0x76, 0xF1, 0xCB, 0x17, 0x53, 0x12, 0x8B, 0x0F, 0xFB, 0x6C, 0xF5, 0xAD, 0x3B, 0x48,
    0x59, 0xBB, 0x6C, 0xC7, 0xB3, 0xE0, 0x05, 0x4F, 0xC6, 0x08, 0xE6, 0x9B, 0xB8, 0xE8, 0x31, 0x4E,
    0x10, 0x7B, 0xE7, 0x36, 0x4C, 0xE0, 0x96, 0x30, 0x62, 0xF6, 0x6A, 0xC4, 0xEC, 0xD5, 0xF0, 0x56,
    0x3A, 0x85, 0xBE, 0x7A, 0x3A, 0x75, 0x6D, 0xF3, 0xEA, 0x65, 0xC4, 0x03, 0xD8, 0x81, 0x8F, 0x71,
    0x72, 0x49, 0xB7, 0xD7, 0xCE, 0x79, 0x3C, 0xE4, 0x3C, 0x65, 0xE6, 0xF1, 0x97, 0xFB, 0x07, 0x32,
    0xD6, 0x0C, 0x2E, 0x5D, 0x33, 0x70, 0x01, 0xF9, 0x62, 0x74, 0x39, 0xFA, 0x2F, 0x36, 0x6C, 0xB8,
    0xC2, 0x96, 0xA3, 0x0B, 0xF5, 0x07, 0x19, 0x36, 0x5C, 0x6F, 0xC5, 0x0C, 0xBA, 0x96, 0x60, 0xF8,
    0xA3, 0xB5, 0xC1, 0xAE, 0xE2, 0x04, 0x2E, 0x7C, 0xFC, 0xDD, 0x8A, 0x0D, 0xED, 0x9E, 0x5B, 0x72,
    0xD5, 0x67, 0x11, 0x93, 0x36, 0xEF, 0x93, 0xA9, 0x3D, 0x60, 0xCD, 0x6C, 0x6D, 0x7E, 0x34, 0x3B,
    0x3F, 0x7D, 0x90, 0x2D, 0x10, 0xE3, 0x06, 0xDA, 0xD5, 0x10, 0x7D, 0xB2, 0xBB, 0x2D, 0x9B, 0x30,
    0x6D, 0xA4, 0x2E, 0xB9, 0x93, 0xD0, 0x43, 0x0E, 0x75, 0x57, 0xBB, 0x62, 0xE1, 0x3C, 0x24, 0xA9,
    0x76, 0x89, 0xBD, 0x82, 0x63, 0x3F, 0x83, 0x47, 0x57, 0x0D, 0x25, 0x36, 0x1A, 0x7A, 0x7F, 0x47,
    0x2A, 0x95, 0xDF, 0xD0, 0x4A, 0x2C, 0x78, 0x3E, 0xEA, 0xBA, 0xCD, 0x75, 0x12, 0x5B, 0xC4, 0x8D,
    0xD8, 0xEF, 0xAE, 0x9C, 0x9A, 0xDF, 0x63, 0x17, 0x7D, 0xF5, 0x92, 0xD4, 0x63, 0xAF, 0x4D, 0x9F,
    0x81, 0xC1, 0xA6, 0x4F, 0x30, 0x7F, 0x18, 0x5C, 0x1C, 0x5D, 0x98, 0x1F, 0xE3, 0x7E, 0x29, 0x9D,
    0x63, 0xD9, 0xDF, 0x62, 0xF9, 0x6E, 0x49, 0x62, 0x1B, 0xFA, 0xD0, 0xE2, 0x55, 0x37, 0x8E, 0xAF,
    0x67, 0xEE, 0x89, 0xC4, 0x56, 0xD5, 0x10, 0x07, 0xE6, 0x4F, 0x36, 0xEC, 0xD2, 0xE5, 0xDC, 0x25,
    0x74, 0x8E, 0x5D, 0x92, 0x1D, 0x68, 0xBD, 0xA9, 0xC1, 0x02, 0xAF, 0xA8, 0x6B, 0xBF, 0xB9, 0xEC,
    0x8E, 0x7D, 0x8B, 0x61, 0x18, 0x8C, 0x47, 0x68, 0x2D, 0xBD, 0x2B, 0xCC, 0x94, 0xDF, 0x86, 0x85,
    0xC2, 0x3E, 0xCF, 0xD1, 0x1C, 0xE7, 0xB8, 0x1C, 0x87, 0x6A, 0xF4, 0xBD, 0xCB, 0x6E, 0xD6, 0x1C,
    0xD3, 0x1D, 0x8B, 0xA5, 0xEB, 0x95, 0x2B, 0xAA, 0xAC, 0xE7, 0x97, 0x1F, 0x38, 0xF7, 0xAF, 0x36,
    0xFF, 0x13, 0x5E, 0xFF, 0xFC, 0xE4, 0xED, 0xF0, 0xD3, 0xD5, 0xC7, 0x31, 0x85, 0x94, 0x62, 0xDF,
    0xFC, 0xEF, 0xF4, 0x83, 0xF9, 0x57, 0x0E, 0x52, 0xA4, 0x20, 0x7F, 0xC9, 0x61, 0xEB, 0x49, 0xC8,
    0x0A, 0xE7, 0x3C, 0x08, 0xF4, 0x48, 0xC3, 0xC2, 0x33, 0x24, 0x5D, 0xA4, 0x69, 0x66, 0x7C, 0x2A,
    0x27, 0x29, 0x2E, 0x04, 0xF2, 0x38, 0x09, 0xD5, 0x57, 0x37, 0x7D, 0x37, 0x34, 0x43, 0xD5, 0xE7,
    0xBD, 0xAF, 0x83, 0xFB, 0x89, 0xFB, 0x2E, 0x94, 0x8E, 0x39, 0x30, 0x03, 0x8C, 0xAD, 0x19, 0xBA,
    0x11, 0x5F, 0xD2, 0x34, 0xC1, 0x2B, 0x3D, 0x8D, 0x6B, 0xC1, 0x4F, 0x35, 0x17, 0x27, 0x80, 0x57,
    0x71, 0x9B, 0xFA, 0x7A, 0x37, 0xA6, 0xC8, 0x09, 0x17, 0xE5, 0x22, 0xFA, 0xBA, 0xA5, 0x97, 0xEA,
    0x6B, 0x32, 0x9E, 0xE2, 0x6B, 0x32, 0x56, 0x8C, 0x66, 0xF9, 0x55, 0x6F, 0x5F, 0x7F, 0x8F, 0x1B,
    0x4B, 0x3A, 0xDE, 0x8D, 0x9B, 0xF6, 0x52, 0x43, 0xD1, 0x5D, 0x9F, 0x6D, 0xAE, 0x1A, 0x61, 0x82,
    0x32, 0x4B, 0x3F, 0xC1, 0xA5, 0xFC, 0x0C, 0xE3, 0x28, 0x16, 0x08, 0xF0, 0x20, 0x0D, 0x49, 0xD7,
    0xE2, 0x8B, 0x0B, 0x99, 0x44, 0xF0, 0x45, 0x35, 0x4A, 0x23, 0x94, 0x76, 0x5B, 0xC1, 0x9F, 0x61,
    0x7C, 0xC5, 0xE6, 0x72, 0x3A, 0x78, 0x22, 0x3B, 0xAE, 0x36, 0x0A, 0x09, 0xBE, 0x00, 0x8F, 0x9F,
    0x61, 0x7F, 0x3E, 0x4E, 0xCD, 0x8B, 0xA9, 0xFB, 0xC5, 0xF4, 0x6F, 0xB0, 0x6C, 0xAC, 0x56, 0x0D,
    0xB4, 0xC5, 0x5B, 0xE5, 0x62, 0x56, 0xCC, 0x8E, 0x2B, 0xD6, 0x87, 0xDD, 0xE8, 0x4A, 0xE8, 0x1B,
    0x0D, 0x37, 0x4F, 0x2F, 0x29, 0x39, 0x79, 0x18, 0x3B, 0x98, 0x71, 0x0D, 0x37, 0x88, 0x30, 0xF7,
    0x74, 0x03, 0x71, 0xFF, 0x64, 0x5E, 0x41, 0x7C, 0x30, 0x2F, 0x21, 0x13, 0xA9, 0xFC, 0x6A, 0x3B,
    0xFD, 0x8C, 0x52, 0x48, 0x89, 0x2D, 0xC5, 0xFE, 0x67, 0x6E, 0x41, 0xBF, 0x42, 0xBC, 0x9A, 0x84,
    0x48, 0x44, 0x61, 0x1F, 0x72, 0xC3, 0x94, 0x3F, 0x8B, 0x6D, 0xB6, 0xD3, 0x9F, 0xE8, 0x5A, 0x30,
    0x39, 0x2D, 0xD4, 0x50, 0x8F, 0x5A, 0x88, 0x9A, 0x82, 0x00, 0xEC, 0xB1, 0x34, 0xD2, 0x7E, 0x1E,
    0x73, 0x5A, 0x6D, 0xC1, 0x1D, 0xA4, 0xE2, 0xEE, 0x9A, 0x3E, 0xDD, 0xB1, 0x7F, 0xCE, 0x33, 0x83,
    0x0F, 0xA1, 0x56, 0x2E, 0xD8, 0xEB, 0xE4, 0xD5, 0x1A, 0x9C, 0x19, 0x2A, 0x38, 0xB2, 0xC0, 0x5D,
    0x91, 0x44, 0xCC, 0x97, 0xAD, 0x04, 0xD4, 0x19, 0x5C, 0x95, 0x5F, 0x90, 0xB5, 0xDF, 0x60, 0xA1,
    0x48, 0x37, 0xD8, 0x40, 0x8A, 0x19, 0x93, 0x56, 0x23, 0xAC, 0x05, 0x6C, 0x2E, 0x2E, 0x9E, 0x66,
    0x2B, 0x03, 0x6E, 0xEF, 0x99, 0xEC, 0xEB, 0x76, 0x0B, 0x2C, 0x18, 0xC9, 0xCC, 0x40, 0xD2, 0xCA,
    0xCC, 0x9C, 0xCC, 0x94, 0xB6, 0x28, 0x73, 0xA2, 0xDB, 0x9D, 0x5B, 0xC1, 0x30, 0xE8, 0x7A, 0x21,
    0x7C, 0x81, 0xA1, 0xFF, 0xCA, 0xED, 0x2E, 0x47, 0x72, 0x21, 0x6A, 0x12, 0xA4, 0x3E, 0x86, 0x43,
    0x06, 0x8F, 0xC0, 0x21, 0x20, 0xB7, 0x5C, 0x28, 0xE2, 0xC9, 0x96, 0x48, 0x6C, 0xBF, 0xF9, 0x66,
    0xFA, 0x68, 0x46, 0x29, 0x8E, 0x3B, 0x2F, 0xB0, 0x2B, 0x18, 0x0F, 0x21, 0x9B, 0xF3, 0x01, 0xE2,
    0x5A, 0xB0, 0x37, 0xE3, 0xA9, 0xB5, 0x5A, 0xFC, 0x1E, 0xC6, 0x2C, 0x12, 0xD2, 0x68, 0x2F, 0x84,
    0x82, 0x0E, 0x2B, 0x74, 0x75, 0xB6, 0x35, 0x7D, 0xBE, 0x86, 0xA9, 0x9A, 0x61, 0x28, 0x83, 0x2C,
    0xA6, 0x9B, 0xA5, 0xD1, 0xF6, 0x42, 0xEA, 0x43, 0x21, 0x19, 0xED, 0x82, 0xAB, 0xC0, 0xB6, 0xB9,
    0x3B, 0x8A, 0xA3, 0xE9, 0x0F, 0xEE, 0x6D, 0xC4, 0x7E, 0x6F, 0x84, 0x19, 0xD8, 0x70, 0xD8, 0xD6,
    0x75, 0x44, 0xBE, 0x9E, 0x68, 0x7C, 0x1D, 0xA1, 0xCD, 0xBF, 0xC9, 0x7E, 0xA8, 0x77, 0xB3, 0x9F,
    0x7B, 0xA4, 0x83, 0x57, 0x3E, 0x25, 0xB7, 0xB4, 0x9A, 0x80, 0xC7, 0x52, 0x45, 0xB3, 0x2D, 0x27,
    0xA0, 0x33, 0x36, 0xD1, 0xE0, 0x61, 0x6E, 0x37, 0xC4, 0x51, 0x04, 0x90, 0x5A, 0xA9, 0xA8, 0x37,
    0x53, 0x42, 0x83, 0xE2, 0x01, 0xF5, 0x08, 0x48, 0x8E, 0xF8, 0x3A, 0xC2, 0x2B, 0x8B, 0xB5, 0x9C,
    0xB2, 0x2D, 0x0C, 0xC9, 0xCE, 0xA7, 0xB0, 0xC3, 0x1D, 0x72, 0xC3, 0xFB, 0x90, 0x15, 0xEC, 0x0F,
    0x66, 0x0F, 0xFF, 0x8C, 0x23, 0x24, 0xD8, 0x4B, 0x5B, 0x14, 0x0D, 0xC3, 0x13, 0xF7, 0x83, 0x5B,
    0x09, 0xA6, 0x03, 0x23, 0xCE, 0xAF, 0x26, 0xA6, 0x6C, 0x2E, 0x56, 0xBF, 0x16, 0xCC, 0x2C, 0xEE,
    0xFD, 0x94, 0x7D, 0x18, 0xC3, 0x14, 0xC6, 0xB2, 0x2F, 0x86, 0x0A, 0x3A, 0xA8, 0xA6, 0x62, 0xB8,
    0x3F, 0xC2, 0x12, 0x97, 0x0E, 0xB8, 0xE1, 0xDB, 0xD2, 0xFD, 0xD0, 0xFD, 0x1A, 0xC0, 0x88, 0x9F,
    0xB7, 0x20, 0x2A, 0x2C, 0x07, 0xCB, 0x48, 0x60, 0x18, 0x65, 0x1C, 0x12, 0x06, 0x67, 0xE8, 0x81,
    0x7E, 0xDF, 0xD0, 0xD0, 0x23, 0xB9, 0x20, 0x47, 0xB8, 0x99, 0x52, 0xFC, 0x74, 0xBD, 0x9C, 0xDA,
    0xAA, 0x3D, 0x15, 0xCB, 0x58, 0x56, 0xCB, 0x7D, 0x1F, 0xFC, 0x84, 0xC3, 0xA5, 0x77, 0x23, 0xDF,
    0xA1, 0x74, 0x7A, 0x53, 0x97, 0xD7, 0x5C, 0x33, 0xC7, 0x60, 0x7F, 0x58, 0xD8, 0x35, 0xAB, 0x1C,
    0x50, 0x0C, 0x6C, 0xF8, 0x1E, 0x00, 0xB5, 0xD9, 0x52, 0x4F, 0x8E, 0xE9, 0xD2, 0x38, 0x54, 0x71,
    0x6D, 0xE2, 0x1E, 0xDE, 0xB9, 0xC1, 0x28, 0xC8, 0x0B, 0xB2, 0x81, 0x68, 0x80, 0x0F, 0x1B, 0x91,
    0x1A, 0x48, 0xCC, 0x8C, 0xEB, 0xEE, 0xCA, 0x07, 0x24, 0x01, 0x69, 0x86, 0x99, 0x54, 0x52, 0x29,
    0xE2, 0x9D, 0x9C, 0x68, 0x93, 0xDB, 0x81, 0x95, 0xF0, 0x4D, 0x42, 0x58, 0x6B, 0xE1, 0x9D, 0x80,
    0x34, 0xCC, 0xA2, 0x10, 0xB3, 0x7A, 0x04, 0xAD, 0x71, 0x43, 0xF6, 0x17, 0xE7, 0xE7, 0xA1, 0xEE,
    0xE2, 0xF4, 0x2C, 0x24, 0xF1, 0x47, 0xE3, 0xB3, 0x67, 0xC8, 0xC2, 0xFA, 0x67, 0xCF, 0x91, 0x26,
    0xF6, 0xCF, 0x37, 0x3F, 0x54, 0xF5, 0xBA, 0xFA, 0x3E, 0x24, 0xEB, 0x5A, 0xF6, 0x5D, 0x36, 0x6F,
    0xE5, 0x67, 0xC8, 0x38, 0x9E, 0x7B, 0x79, 0x7E, 0x11, 0x7F, 0x01, 0x19, 0xA4, 0x1B, 0x54, 0x1A,
    0x64, 0x97, 0xE5, 0x70, 0x26, 0x10, 0xFF, 0x08, 0xB3, 0xB9, 0x7B, 0xC4, 0x4D, 0xC8, 0x89, 0xAB,
    0x68, 0xD0, 0xB5, 0x1B, 0x08, 0xF5, 0xDA, 0x71, 0x2F, 0x2C, 0xEA, 0xC5, 0xB3, 0x90, 0x82, 0xA2,
    0x72, 0xD5, 0xE7, 0x32, 0xF6, 0x8F, 0x95, 0xE1, 0xFD, 0x9C, 0x96, 0x10, 0x01, 0xF7, 0x2E, 0xD9,
    0x33, 0x06, 0xAB, 0x95, 0x34, 0x5F, 0x69, 0x48, 0x7E, 0x86, 0xCD, 0xC3, 0x8A, 0xE9, 0x30, 0x34,
    0x63, 0x0B, 0xA8, 0xB5, 0xA0, 0xA9, 0x4D, 0x04, 0x50, 0x74, 0x23, 0xA1, 0x2A, 0x06, 0xC8, 0xC8,
    0x46, 0x3A, 0x1C, 0xDC, 0x78, 0xA2, 0x0D, 0xD2, 0xA1, 0xFC, 0x44, 0x63, 0xA6, 0x8D, 0x43, 0xC4,
    0xCC, 0x46, 0xE1, 0x74, 0xDD, 0x04, 0x52, 0xC1, 0x16, 0xB1, 0x84, 0x88, 0x57, 0x38, 0x43, 0xCC,
    0x99, 0xF0, 0x38, 0x66, 0x9A, 0x53, 0x19, 0xC6, 0xC6, 0xA8, 0xB1, 0x08, 0xDC, 0x6B, 0xC6, 0xAA,
    0x1E, 0x8A, 0x82, 0xA1, 0x8E, 0x17, 0xC2, 0x50, 0x04, 0x25, 0x77, 0x3D, 0x60, 0x19, 0xB1, 0x91,
    0x92, 0xE8, 0xF8, 0x84, 0x21, 0xA6, 0x6C, 0xCE, 0x69, 0x79, 0x0B, 0x10, 0x30, 0x91, 0x47, 0xBB,
    0xA2, 0xC6, 0x7F, 0xCB, 0x2D, 0xCE, 0x54, 0xAC, 0x54, 0x5A, 0xA6, 0x08, 0x64, 0x20, 0x60, 0x70,
    0x42, 0x0F, 0xBA, 0xD0, 0xF8, 0xDA, 0x1D, 0x1B, 0x73, 0x3C, 0xA5, 0x19, 0xE0, 0xD0, 0xB0, 0x6C,
    0x1F, 0xEB, 0x66, 0xD2, 0x86, 0xE9, 0xD5, 0x47, 0x86, 0x38, 0x8A, 0x91, 0x6F, 0xDC, 0x71, 0x9F,
    0x74, 0x26, 0xFE, 0x20, 0xDA, 0x82, 0x02, 0x0E, 0x88, 0x56, 0x00, 0x4A, 0xD2, 0x9E, 0x5C, 0x35,
    0xA2, 0x94, 0xC5, 0x45, 0xAA, 0x23, 0xF9, 0x0C, 0x83, 0x51, 0x4A, 0xB8, 0xE9, 0xCD, 0xCF, 0xB9,
    0x3A, 0x20, 0x92, 0x10, 0x5C, 0x83, 0x66, 0x42, 0x9D, 0x62, 0x55, 0xCA, 0xC6, 0x2C, 0x12, 0x76,
    0x48, 0x46, 0x84, 0x2D, 0x14, 0x86, 0x89, 0x27, 0x93, 0x02, 0x2F, 0x44, 0x60, 0x28, 0x52, 0x5C,
    0x88, 0xBF, 0x00, 0xA4, 0x91, 0x59, 0x21, 0x4D, 0x9E, 0x8E, 0x29, 0x65, 0x73, 0x86, 0x9C, 0xD7,
    0x08, 0x3E, 0x9E, 0x32, 0xB4, 0x10, 0xDB, 0xAB, 0x0A, 0xC0, 0xA2, 0xA7, 0x5E, 0xE6, 0xBF, 0x6A,
    0xDD, 0xFB, 0x4B, 0x9E, 0xEB, 0xCE, 0xB6, 0x78, 0x25, 0xF2, 0xA6, 0x25, 0x1F, 0xAC, 0x7B, 0x21,
    0xA6, 0x3C, 0x3C, 0x78, 0xA7, 0x6D, 0x9B, 0xBF, 0xE0, 0x66, 0xB7, 0xA4, 0xB1, 0xA6, 0x3D, 0xFC,
    0xBB, 0x02, 0xD9, 0x69, 0x0F, 0xD5, 0x5F, 0xB2, 0x87, 0x2E, 0x72, 0x4A, 0xA8, 0x96, 0x9F, 0x77,
    0xD2, 0x94, 0xD9, 0x85, 0x83, 0xFB, 0xE3, 0x29, 0x52, 0xD6, 0x15, 0x14, 0x5F, 0xC6, 0x3C, 0xBD,
    0xAD, 0x56, 0x86, 0x85, 0x68, 0x29, 0xE9, 0xC0, 0x8C, 0x68, 0xB1, 0x10, 0x54, 0x4D, 0x74, 0x34,
    0xA3, 0x81, 0xAE, 0x71, 0xD2, 0xA1, 0xB8, 0x50, 0x58, 0xC2, 0x7A, 0xDA, 0x43, 0x77, 0xD2, 0x99,
    0x1A, 0x2F, 0xE3, 0x89, 0xA0, 0x06, 0xA1, 0xCA, 0xAC, 0x18, 0x5F, 0x26, 0x06, 0x39, 0x72, 0x72,
    0xA1, 0x03, 0x97, 0x83, 0x68, 0x94, 0x05, 0x11, 0xF6, 0xBA, 0x93, 0x62, 0xB9, 0x28, 0x9A, 0xED,
    0xD9, 0x96, 0xAD, 0x39, 0xC2, 0x03, 0x5F, 0x7E, 0xC1, 0x6B, 0xF6, 0x73, 0x39, 0x95, 0xF0, 0x66,
    0xF8, 0xF2, 0x48, 0x7F, 0x0B, 0x43, 0x03, 0x5F, 0xEB, 0xF0, 0x52, 0xAA, 0x38, 0xD9, 0x9B, 0x92,
    0xD2, 0x7B, 0x38, 0xDE, 0xBD, 0x49, 0xAC, 0x3B, 0xDE, 0xB4, 0x36, 0xBD, 0xEB, 0xE3, 0x6D, 0x41,
    0x98, 0x49, 0x1E, 0x11, 0x46, 0x41, 0xCB, 0x92, 0x86, 0x20, 0x4B, 0x6D, 0x95, 0x4C, 0x51, 0x3E,
    0x91, 0xE9, 0x6E, 0x16, 0x6B, 0x8A, 0x51, 0x9E, 0x82, 0x5C, 0x03, 0x43, 0x91, 0x6D, 0x14, 0x62,
    0x1B, 0xA1, 0x8C, 0x15, 0xDE, 0x42, 0x09, 0xF9, 0x85, 0x59, 0x07, 0xD2, 0x5D, 0xA2, 0x8E, 0x2C,
    0xBC, 0x54, 0xCE, 0x50, 0x5A, 0x5A, 0x3B, 0x31, 0x63, 0xC4, 0x3E, 0xC4, 0x6F, 0xB9, 0xC8, 0xAB,
    0x24, 0x63, 0xA6, 0x3F, 0x08, 0xE5, 0x84, 0x37, 0x55, 0x5A, 0xE0, 0x1C, 0x3A, 0x02, 0xDF, 0x18,
    0x4A, 0x3A, 0x93, 0x77, 0xAA, 0xF2, 0x60, 0xD5, 0x00, 0xD2, 0xDE, 0xC5, 0xF1, 0x56, 0x54, 0x5A,
    0xCC, 0x52, 0xF9, 0xA6, 0x8F, 0x96, 0xD3, 0x8D, 0x84, 0x1E, 0x4A, 0xE9, 0x94, 0x10, 0x5C, 0x88,
    0x6F, 0x82, 0xC2, 0x91, 0x92, 0x28, 0x79, 0xF4, 0xF8, 0xC5, 0x32, 0x61, 0xCD, 0xC9, 0x7B, 0x63,
    0xBF, 0xE2, 0x5A, 0x28, 0xBF, 0x58, 0x0A, 0x96, 0xAD, 0x71, 0xF1, 0xAF, 0x50, 0x3B, 0xBD, 0x9A,
    0xFD, 0x4B, 0x04, 0xBE, 0x2F, 0x27, 0xFF, 0x35, 0x1C, 0xFE, 0x93, 0xC9, 0x7F, 0x05, 0xAD, 0xFE,
    0xE7, 0x54, 0x8E, 0x91, 0x95, 0x2B, 0x7E, 0xA1, 0x50, 0x47, 0xC9, 0xDD, 0xBD, 0xB7, 0x94, 0x63,
    0x35, 0x60, 0x40, 0x89, 0x02, 0x20, 0xBC, 0x18, 0xF0, 0x19, 0x91, 0xA9, 0xAF, 0x18, 0xD1, 0xA3,
    0x0A, 0x82, 0x82, 0x06, 0x12, 0xDA, 0x9C, 0xB8, 0xD1, 0xB4, 0x19, 0x93, 0x64, 0x25, 0x81, 0x4D,
    0x7B, 0xFC, 0x52, 0x88, 0x46, 0xAA, 0xB6, 0x08, 0xD5, 0x37, 0xC3, 0x76, 0xEC, 0x73, 0xCC, 0x21,
    0x66, 0x52, 0xC0, 0xCD, 0x40, 0x16, 0x49, 0x27, 0xD6, 0xB0, 0xAF, 0x16, 0xD2, 0xAF, 0x37, 0xD2,
    0xAF, 0xB8, 0x8A, 0x9F, 0x00, 0x8E, 0x6D, 0x39, 0xC2, 0x8A, 0x40, 0x51, 0x0E, 0xD4, 0x28, 0x98,
    0x27, 0x52, 0xD4, 0xC0, 0x4A, 0xA8, 0x48, 0x59, 0x56, 0x07, 0xF9, 0x57, 0x90, 0x7F, 0xB1, 0x74,
    0xDC, 0x99, 0xAE, 0x97, 0x1B, 0xF3, 0x52, 0x2F, 0xCA, 0xD2, 0xFC, 0xA8, 0xF5, 0x5E, 0xC7, 0xF9,
    0x19, 0xCC, 0xA4, 0xC4, 0xBB, 0x91, 0x7E, 0x1D, 0x26, 0xD3, 0x0D, 0x35, 0xE1, 0xD5, 0x89, 0x28,
    0x56, 0x6A, 0xA1, 0x58, 0xA9, 0x83, 0x62, 0xED, 0x6E, 0xA8, 0x4A, 0x79, 0x7D, 0xF6, 0x0B, 0x69,
    0xC9, 0xA2, 0xC9, 0x31, 0x39, 0x62, 0x46, 0x2B, 0xFF, 0x6A, 0xBD, 0x21, 0x76, 0x6C, 0xDF, 0x35,
    0xBF, 0x9E, 0xAC, 0x3C, 0xA3, 0x5F, 0xFF, 0x41, 0x8C, 0xFC, 0x41, 0x20, 0xE7, 0x0E, 0x7C, 0x43,
    0x32, 0x49, 0x30, 0x9E, 0x40, 0x4A, 0x12, 0x85, 0xBA, 0xF2, 0x20, 0x33, 0xB9, 0x43, 0x91, 0x0F,
    0x31, 0x3C, 0x8A, 0x3D, 0x7D, 0x99, 0x7B, 0x50, 0xD0, 0x6B, 0xFF, 0x3C, 0xA4, 0x3E, 0xC4, 0xB7,
    0xF6, 0xC0, 0xB7, 0xBF, 0xAB, 0x1C, 0xFA, 0xAB, 0x1C, 0x36, 0xC9, 0x61, 0x96, 0x1C, 0x46, 0x55,
    0x7C, 0xD6, 0xE9, 0x50, 0x75, 0x6E, 0xF5, 0x45, 0x6A, 0x4C, 0x46, 0xE1, 0xE9, 0xBF, 0xDC, 0x65,
    0x1C, 0x28, 0x2C, 0x56, 0x6A, 0x40, 0x29, 0x11, 0xED, 0xC2, 0x45, 0x54, 0xD5, 0x91, 0x10, 0x2C,
    0x16, 0xFE, 0x02, 0x31, 0x0F, 0x02, 0x9A, 0x30, 0x5B, 0xA9, 0x96, 0xD7, 0x11, 0x82, 0x5A, 0xAB,
    0x2A, 0x99, 0xC0, 0x32, 0x2C, 0xCE, 0x96, 0x89, 0x34, 0x3D, 0xF0, 0x82, 0xFD, 0x13, 0x08, 0x08,
    0x02, 0xC0, 0x0E, 0x90, 0xBF, 0x02, 0x57, 0x18, 0x92, 0xBF, 0x11, 0x83, 0xBD, 0x05, 0xB1, 0xC0,
    0x1E, 0x58, 0xAC, 0xF3, 0xFA, 0x2C, 0x76, 0x8E, 0xE2, 0x33, 0xB5, 0x52, 0x61, 0x53, 0xAA, 0xC7,
    0x3D, 0x33, 0xBF, 0x2F, 0x8F, 0x2E, 0x57, 0xCD, 0x90, 0xAE, 0x62, 0xA3, 0x3D, 0xA5, 0x6F, 0xE5,
    0x13, 0x2A, 0x78, 0x34, 0x8E, 0xAA, 0xA5, 0x58, 0xAD, 0x67, 0x66, 0xAD, 0x21, 0xAE, 0xC8, 0x74,
    0x76, 0x21, 0x99, 0x83, 0x2C, 0x46, 0xDE, 0x6E, 0x84, 0x6B, 0x64, 0x97, 0x28, 0xF8, 0x57, 0x84,
    0x42, 0x15, 0x80, 0x4A, 0x5A, 0xAA, 0x0B, 0xB9, 0x31, 0x95, 0x7B, 0xF6, 0x62, 0xB9, 0x59, 0xAE,
    0x08, 0x52, 0x5C, 0x68, 0xA7, 0x98, 0x62, 0xD1, 0x04, 0xF6, 0x6C, 0x94, 0x31, 0xA5, 0xE6, 0xDC,
    0xB1, 0x2E, 0x15, 0x47, 0x2A, 0xC5, 0x11, 0xD0, 0xF4, 0xA4, 0x8C, 0x26, 0x3B, 0x69, 0x66, 0x54,
    0xF1, 0x8E, 0xA5, 0x90, 0x00, 0x19, 0x63, 0x30, 0x09, 0xCB, 0x44, 0x14, 0xA3, 0x7B, 0xAA, 0x7A,
    0x50, 0xF9, 0x8F, 0x4C, 0xD2, 0x3D, 0x56, 0x77, 0x50, 0x58, 0x6C, 0x58, 0x18, 0x94, 0xBD, 0x98,
    0x4F, 0x95, 0x9A, 0x1F, 0x8F, 0x63, 0x66, 0xF0, 0x03, 0x86, 0xE9, 0x29, 0xFA, 0x50, 0x4E, 0xC7,
    0x12, 0x5C, 0x4E, 0xA1, 0x16, 0x45, 0x5A, 0x12, 0xA5, 0xB0, 0xC8, 0x00, 0xE2, 0xE2, 0xD3, 0x55,
    0xC9, 0x2C, 0x57, 0x69, 0x3E, 0x91, 0x38, 0x3E, 0x97, 0x14, 0x14, 0xF8, 0xE5, 0x16, 0x56, 0x8A,
    0x23, 0x30, 0x5C, 0xED, 0x52, 0xF2, 0x65, 0x64, 0x3C, 0xC3, 0xA5, 0x5F, 0x94, 0x3B, 0x4D, 0x42,
    0xFB, 0x8D, 0xDB, 0xA9, 0xD6, 0x63, 0x5F, 0x41, 0xCC, 0x80, 0x93, 0x46, 0xFC, 0xD0, 0x16, 0x15,
    0xE5, 0x71, 0x73, 0x63, 0x43, 0x00, 0x1F, 0xD2, 0x55, 0xF9, 0x00, 0x42, 0xD2, 0xD2, 0xA9, 0x1A,
    0x40, 0xC7, 0xB5, 0xA3, 0x41, 0xE5, 0x40, 0xE0, 0x86, 0x46, 0x05, 0x28, 0x1E, 0xC2, 0x53, 0x86,
    0x90, 0x0D, 0xB8, 0xFB, 0x1E, 0xD3, 0xED, 0x1D, 0x5D, 0xBB, 0xF7, 0x15, 0xEC, 0x1A, 0x57, 0x91,
    0x73, 0x62, 0x5F, 0xF5, 0x62, 0x32, 0xDB, 0x2B, 0xE5, 0x2D, 0xEA, 0x8E, 0xCA, 0xCD, 0x17, 0x95,
    0x3E, 0xF8, 0x30, 0x1D, 0x1B, 0x51, 0xD5, 0x2F, 0x58, 0x1E, 0xAC, 0x5D, 0x42, 0xF9, 0xCA, 0x82,
    0x58, 0x7E, 0x13, 0xD1, 0x27, 0x66, 0xA5, 0xE0, 0xD8, 0x78, 0xE5, 0xB0, 0x95, 0x56, 0x8B, 0x60,
    0xAF, 0x08, 0x2C, 0x19, 0xC4, 0x1F, 0xCF, 0x4A, 0xD3, 0x6E, 0x45, 0xE6, 0x2E, 0x34, 0xD8, 0x92,
    0xD6, 0x96, 0x61, 0x51, 0x9F, 0xEF, 0x02, 0x90, 0xD5, 0x52, 0x7D, 0x19, 0x92, 0xE0, 0x85, 0x09,
    0x1D, 0x05, 0x88, 0x3D, 0xB3, 0xA3, 0x02, 0x9D, 0xAE, 0x67, 0x76, 0x1A, 0x46, 0x35, 0x08, 0xDA,
    0x60, 0xB6, 0x34, 0x1F, 0x85, 0x97, 0x5F, 0x0E, 0xF1, 0x66, 0x92, 0x21, 0x9E, 0x65, 0x67, 0x21,
    0xCA, 0x0B, 0xE3, 0xFF, 0x48, 0xA7, 0x1F, 0x2F, 0xD2, 0xA6, 0xEC, 0x5C, 0xAC, 0x99, 0x04, 0x6C,
    0xD7, 0x96, 0xB4, 0xE5, 0x57, 0x6D, 0x1E, 0xD4, 0xD2, 0xB8, 0x83, 0xCE, 0x37, 0x74, 0xBA, 0xA6,
    0xFB, 0xF1, 0x52, 0xCB, 0x38, 0xD5, 0x32, 0x57, 0xBB, 0x08, 0x1A, 0xCB, 0x74, 0xC1, 0x25, 0x47,
    0x0D, 0xA5, 0x2F, 0x55, 0x31, 0x54, 0xEB, 0x35, 0xDF, 0x97, 0x76, 0x0C, 0xD7, 0xF2, 0xDB, 0xE7,
    0xB5, 0x6E, 0x33, 0x5D, 0xCA, 0x86, 0x4C, 0xE0, 0xA0, 0x46, 0x15, 0xB5, 0x71, 0x14, 0xB7, 0x96,
    0x93, 0x0F, 0x07, 0x75, 0xDD, 0x4A, 0x45, 0x03, 0x33, 0x76, 0x35, 0x16, 0x37, 0xF6, 0x0E, 0xD3,
    0xF5, 0xE8, 0x92, 0xB2, 0x32, 0x5D, 0xD8, 0x68, 0x84, 0xAD, 0xA2, 0xBA, 0x2C, 0x74, 0x59, 0x37,
    0x17, 0xED, 0x1F, 0x5E, 0x3D, 0x9B, 0x3E, 0x95, 0xAE, 0xA3, 0xD9, 0xBA, 0xB2, 0x06, 0x06, 0x7D,
    0xA6, 0x06, 0x10, 0x1A, 0x41, 0x95, 0x1A, 0x43, 0xBE, 0xD7, 0xF8, 0x91, 0x33, 0xF0, 0x48, 0x60,
    0xE6, 0xCC, 0xA9, 0xB5, 0x72, 0xAD, 0x9B, 0x7B, 0xB4, 0x72, 0xCF, 0x6E, 0x6E, 0x75, 0x3E, 0x83,
    0x0E, 0x65, 0x72, 0x47, 0x07, 0x00, 0xAB, 0xA0, 0xE9, 0x85, 0xA7, 0x93, 0x2D, 0xE3, 0x8C, 0x3C,
    0x7D, 0x0B, 0x5B, 0xF5, 0xD1, 0x06, 0x6E, 0x8E, 0xF6, 0x72, 0xB5, 0x33, 0xB8, 0xB3, 0x5C, 0x57,
    0x93, 0x74, 0x31, 0x11, 0xB1, 0x67, 0xD6, 0x21, 0xCA, 0x47, 0x64, 0x03, 0x5B, 0x39, 0x30, 0x89,
    0x41, 0xB6, 0x81, 0x1C, 0x26, 0x5D, 0x03, 0x1B, 0x21, 0xD6, 0x17, 0x63, 0x83, 0x0C, 0x75, 0x8F,
    0x9F, 0x72, 0x78, 0x9F, 0x0E, 0x3E, 0x76, 0xE5, 0x7E, 0x56, 0x77, 0xA5, 0xF1, 0xD3, 0x08, 0x13,
    0x61, 0x8F, 0x93, 0x95, 0x6C, 0x35, 0x59, 0xEB, 0x6E, 0xB3, 0xC6, 0x0D, 0x7B, 0x28, 0x86, 0x83,
    0x5D, 0x5F, 0xF2, 0x4F, 0x0A, 0x6C, 0x8C, 0xEC, 0x71, 0xBD, 0xA2, 0x9F, 0xFD, 0x96, 0x50, 0xC4,
    0x5E, 0x00, 0xD5, 0x96, 0xDE, 0x07, 0xEA, 0x07, 0x24, 0x5F, 0x4B, 0x40, 0xFD, 0x02, 0x87, 0x2D,
    0x5E, 0x45, 0x36, 0xAA, 0x3F, 0x05, 0x8E, 0xD2, 0x96, 0x99, 0xA9, 0x10, 0x63, 0x91, 0xBC, 0x23,
    0x97, 0x24, 0xC6, 0x75, 0x2D, 0x5A, 0xA8, 0xC8, 0xD3, 0x47, 0xB5, 0x86, 0x94, 0x93, 0xE7, 0xEA,
    0x25, 0xAA, 0xD9, 0x35, 0x92, 0xA0, 0x79, 0x22, 0xCB, 0xCD, 0xF9, 0x29, 0xA2, 0xEC, 0x65, 0x1B,
    0xF6, 0x9D, 0x51, 0x92, 0x39, 0xD3, 0xC8, 0xFE, 0x9A, 0x42, 0x36, 0xC7, 0xE7, 0x30, 0xA4, 0x6D,
    0x98, 0x71, 0x30, 0x72, 0xD3, 0x3F, 0xBB, 0x84, 0x89, 0xF1, 0x24, 0xD7, 0x3C, 0xE2, 0x24, 0x05,
    0xBA, 0x49, 0x0C, 0xDB, 0x7D, 0x62, 0x25, 0xFA, 0x3B, 0xAA, 0x42, 0x15, 0x08, 0xA2, 0x33, 0x3E,
    0xD5, 0xB3, 0x42, 0x18, 0x65, 0x40, 0x65, 0xFD, 0x90, 0x93, 0x78, 0xC6, 0xD7, 0x8A, 0x20, 0xD8,
    0x31, 0xD8, 0xBD, 0x5C, 0xED, 0xA0, 0x25, 0xDB, 0x99, 0x92, 0x5D, 0x79, 0x5F, 0xB2, 0x1D, 0xF8,
    0xB7, 0x64, 0xEC, 0x65, 0xAD, 0x61, 0x7C, 0x97, 0xE1, 0x0F, 0x27, 0x52, 0x98, 0x61, 0xBF, 0xBB,
    0xE1, 0xDD, 0x8D, 0xD5, 0xFC, 0x98, 0x3D, 0x42, 0xB6, 0x0B, 0x2C, 0xFF, 0xCF, 0x65, 0x18, 0x11,
    0xFA, 0xAB, 0x33, 0x3B, 0xC0, 0x80, 0xAA, 0xE2, 0x0C, 0x71, 0x60, 0x66, 0xF8, 0xB3, 0xB7, 0xF3,
    0x0C, 0x5D, 0xD8, 0x65, 0xA5, 0xEE, 0x74, 0xB8, 0xDF, 0x9D, 0xE6, 0xD6, 0xDA, 0xE3, 0x18, 0x63,
    0x3B, 0xFB, 0x7A, 0xEC, 0x44, 0x52, 0xD0, 0x0B, 0xFB, 0x7A, 0x77, 0xD8, 0x1B, 0x7A, 0x78, 0x88,
    0x29, 0x75, 0xBA, 0xAB, 0x6B, 0xFD, 0x54, 0x4D, 0x95, 0xF5, 0x38, 0xC8, 0xF2, 0x7F, 0xA2, 0x18,
    0x75, 0x72, 0xC0, 0xC4, 0xF7, 0x5D, 0x7C, 0x91, 0x33, 0x6B, 0x29, 0xE7, 0xE4, 0x22, 0x19, 0x7E,
    0x9A, 0x1F, 0x6F, 0x96, 0xB8, 0xA9, 0x15, 0x2B, 0x43, 0xB4, 0x3C, 0xE2, 0x0D, 0x71, 0xFE, 0xA1,
    0xE5, 0xAC, 0x57, 0xCB, 0xF9, 0x8C, 0x84, 0xD2, 0x97, 0x0A, 0x16, 0x66, 0x14, 0xD6, 0x2C, 0x57,
    0x38, 0x66, 0x34, 0x1E, 0x15, 0x86, 0xCD, 0x94, 0xD5, 0x92, 0xDC, 0x2E, 0x64, 0x3D, 0x7A, 0x31,
    0x2B, 0xD1, 0x3D, 0xDB, 0x13, 0xCB, 0xBE, 0x58, 0xD2, 0x2D, 0x85, 0x8A, 0x39, 0x3B, 0x98, 0x44,
    0x41, 0x37, 0x56, 0x2A, 0xE6, 0x98, 0xF6, 0x63, 0x0F, 0xB9, 0x42, 0x5F, 0x69, 0xF1, 0x76, 0x3C,
    0x7B, 0x82, 0x0F, 0xA4, 0x7A, 0x2B, 0xD2, 0x37, 0x34, 0xFC, 0xC1, 0x1A, 0x78, 0x02, 0x20, 0x13,
    0xC7, 0xD8, 0x4F, 0x7B, 0xCD, 0x71, 0xDE, 0xB8, 0x7D, 0xF6, 0x3C, 0x60, 0x22, 0xF0, 0x1E, 0x86,
    0x83, 0x99, 0x51, 0x6A, 0x42, 0x10, 0x65, 0xB5, 0x00, 0x41, 0xB0, 0xB2, 0xA2, 0x12, 0x4A, 0x7E,
    0xAA, 0xFE, 0x8F, 0x05, 0xF3, 0x17, 0x6A, 0x46, 0x31, 0xEB, 0x43, 0x21, 0xCA, 0x82, 0x05, 0xDC,
    0xF5, 0x8C, 0xCB, 0xE6, 0x67, 0x39, 0x33, 0xF2, 0x74, 0xB7, 0x5A, 0x96, 0x2F, 0xD5, 0xB3, 0x56,
    0xCB, 0x1E, 0x9B, 0xBF, 0x6C, 0x5F, 0x9B, 0xC7, 0x23, 0xE8, 0x53, 0xA1, 0xC1, 0x56, 0x7C, 0x85,
    0x83, 0x8E, 0x48, 0x3D, 0x7C, 0x13, 0xE9, 0xBE, 0xEF, 0xE1, 0xF0, 0xB0, 0xF5, 0x10, 0x64, 0xDF,
    0xB5, 0x2C, 0xC7, 0xB0, 0x5F, 0x3F, 0x67, 0xBB, 0xDC, 0x98, 0xB5, 0x47, 0x7D, 0xFC, 0xAA, 0x58,
    0xB0, 0x53, 0x2F, 0xFA, 0xA5, 0xA9, 0x68, 0x13, 0xC5, 0x22, 0xFB, 0x60, 0x2B, 0xCB, 0x7E, 0xED,
    0x2A, 0x7F, 0xE4, 0x3F, 0xAA, 0x9E, 0x72, 0xF4, 0x59, 0x01, 0x97, 0x54, 0xFD, 0xCB, 0x03, 0x34,
    0x1E, 0xAA, 0xBE, 0xBC, 0xAA, 0x7E, 0xBC, 0xA8, 0x7E, 0xF8, 0x56, 0xD5, 0xE7, 0x2A, 0x1B, 0x79,
    0x94, 0x4A, 0x13, 0x86, 0xEF, 0x31, 0x9B, 0x4A, 0x8E, 0x59, 0xC2, 0x8D, 0x37, 0xEB, 0x2C, 0x23,
    0x39, 0x0F, 0x34, 0xD4, 0xCE, 0x66, 0xFE, 0x5D, 0x49, 0x05, 0xD1, 0x52, 0x37, 0x67, 0x20, 0x92,
    0xAC, 0x50, 0x2B, 0x70, 0x17, 0x3D, 0xF0, 0x55, 0x5D, 0x9B, 0xB9, 0x41, 0x87, 0xBA, 0x67, 0x17,
    0x1B, 0x0D, 0x87, 0x8C, 0x8D, 0x6E, 0x56, 0xE6, 0x22, 0x3C, 0x99, 0x92, 0x0C, 0x2C, 0x5F, 0x6F,
    0xBD, 0x8E, 0x98, 0xB6, 0x82, 0x4D, 0xD9, 0xB8, 0x58, 0xCA, 0x5D, 0x7E, 0xB5, 0x7F, 0x0B, 0x24,
    0xBD, 0x06, 0xE2, 0xC3, 0xDF, 0x06, 0xE2, 0x4A, 0x96, 0x3E, 0x21, 0x88, 0xFB, 0xEB, 0xA1, 0xC9,
    0x74, 0x0F, 0x11, 0x71, 0xA0, 0x05, 0x2D, 0x50, 0x09, 0xAE, 0xF8, 0x1A, 0x0B, 0xBC, 0xA2, 0x06,
    0x54, 0x5F, 0x2A, 0x92, 0x97, 0x47, 0x21, 0xCF, 0xB1, 0xD5, 0x83, 0xF6, 0xC6, 0x2D, 0x02, 0x2B,
    0xB2, 0x77, 0x38, 0x62, 0x27, 0x7A, 0x6D, 0x39, 0xCF, 0x97, 0x70, 0x9A, 0x63, 0xB7, 0x79, 0x80,
    0xAB, 0xB3, 0x9F, 0x52, 0x8D, 0x0F, 0x3D, 0xF5, 0x16, 0x0F, 0xAE, 0x7F, 0xC6, 0xE6, 0x36, 0xF6,
    0x03, 0x36, 0x1F, 0x51, 0x67, 0xCF, 0x8F, 0xE3, 0xD4, 0x4C, 0x17, 0x60, 0x06, 0x1B, 0xC0, 0xF5,
    0x17, 0x40, 0xEE, 0x0B, 0xE6, 0x6B, 0x28, 0xE3, 0xA1, 0x66, 0x9A, 0x08, 0x71, 0x81, 0x06, 0x42,
    0x01, 0xD1, 0x32, 0x28, 0xA3, 0xE6, 0x78, 0x77, 0xA8, 0xB1, 0x68, 0xC9, 0x4C, 0xF7, 0xA1, 0x37,
    0xBC, 0xBB, 0x39, 0x7E, 0x48, 0x9B, 0x7F, 0x31, 0x85, 0xF8, 0xFE, 0x04, 0x8C, 0x98, 0xC2, 0xE1,
    0x51, 0xC7, 0x11, 0x9D, 0x67, 0x3F, 0xDB, 0xD3, 0xCC, 0xD1, 0xA7, 0x65, 0x84, 0xF3, 0xFC, 0x17,
    0x02, 0xF4, 0xA0, 0x33, 0x06, 0x61, 0x4C, 0x5B, 0x3B, 0x26, 0xBD, 0x80, 0xD6, 0xCD, 0xD2, 0x54,
    0xC7, 0xFC, 0x05, 0xB2, 0x98, 0x6E, 0xD5, 0x6A, 0x10, 0x46, 0x7F, 0x49, 0xB7, 0xAE, 0x0E, 0x98,
    0xAE, 0x41, 0xA0, 0xCA, 0x97, 0xD0, 0x76, 0x5A, 0x12, 0x9B, 0x1C, 0xC3, 0x6F, 0x76, 0x1C, 0xDB,
    0x87, 0x8F, 0xFE, 0x84, 0x89, 0xAB, 0x8F, 0xFE, 0xB8, 0x86, 0xBA, 0xFC, 0x78, 0xDA, 0x1A, 0xE7,
    0x3F, 0x1F, 0x90, 0x5E, 0xFB, 0x17, 0xFD, 0xCE, 0xF0, 0xD2, 0x76, 0xA4, 0xAE, 0x99, 0x29, 0x5A,
    0xE4, 0x57, 0xF9, 0x7A, 0x96, 0x1F, 0x3C, 0x64, 0xD0, 0x32, 0x2D, 0x96, 0x45, 0x83, 0x8A, 0x45,
    0x21, 0x5B, 0x13, 0x5F, 0x0B, 0x41, 0x66, 0xFA, 0xC5, 0x78, 0xF4, 0xC2, 0x45, 0x78, 0x42, 0x00,
    0xD9, 0xB3, 0x70, 0xFF, 0x84, 0x65, 0x4F, 0x61, 0xED, 0x2F, 0xEB, 0x27, 0xA9, 0xE3, 0xCD, 0x86,
    0x77, 0x2B, 0x29, 0x2B, 0x60, 0xEB, 0x9E, 0xFC, 0xD6, 0xF3, 0x9C, 0x4E, 0xA2, 0x40, 0x5C, 0x1B,
    0x0F, 0x51, 0x6C, 0xC8, 0x6C, 0x92, 0xBD, 0x3B, 0xCE, 0xF9, 0x4C, 0x14, 0x3A, 0x20, 0x6B, 0xEE,
    0x89, 0xE2, 0x7A, 0xAA, 0x96, 0x5E, 0xD0, 0xD0, 0x9A, 0x9B, 0xA3, 0xD2, 0xC4, 0xB8, 0xF2, 0x9D,
    0x2B, 0xFA, 0xA8, 0xC1, 0x7B, 0x1E, 0xA1, 0x59, 0x62, 0x4B, 0x83, 0x0C, 0x6F, 0xB8, 0x85, 0x88,
    0x7F, 0x26, 0x44, 0x3C, 0xB9, 0x45, 0xFE, 0xDA, 0x51, 0x7D, 0xD7, 0xEC, 0xF1, 0xF6, 0x52, 0xCA,
    0x56, 0x4C, 0xC7, 0xA9, 0xBC, 0xE5, 0x81, 0x97, 0x4C, 0xB2, 0xBC, 0x3D, 0xAD, 0xB7, 0x53, 0x7C,
    0xB5, 0x31, 0x31, 0x4F, 0xF8, 0xF6, 0x1F, 0xFC, 0x8F, 0x41, 0xC2, 0x53, 0x81, 0x81, 0x7B, 0xF1,
    0x37, 0x59, 0xE0, 0xE5, 0xBF, 0x0D, 0x2C, 0xF3, 0xC3, 0x67, 0x9A, 0xF2, 0xC8, 0xFF, 0x2A, 0x38,
    0x33, 0xDD, 0xDB, 0x2B, 0x21, 0xD4, 0x28, 0xD4, 0x4F, 0xCC, 0xAF, 0xED, 0x3C, 0xE3, 0xFB, 0x8C,
    0xCD, 0xA1, 0xC5, 0xFF, 0x01, 0x74, 0x76, 0xC0, 0x1B, 0x3E, 0x04, 0x6E, 0x36, 0x94, 0x91, 0x8E,
    0x35, 0xFF, 0x1F, 0xCD, 0x5A, 0x3D, 0xD3, 0xDD, 0x46, 0x15, 0x5E, 0x49, 0xC6, 0x1A, 0xAC, 0x61,
    0x44, 0x41, 0x91, 0x89, 0x0B, 0x35, 0x34, 0x64, 0x18, 0x54, 0x42, 0x81, 0xDF, 0x55, 0xEC, 0x22,
    0x05, 0x45, 0x52, 0x30, 0xC3, 0x5F, 0x20, 0x34, 0xFE, 0x03, 0xC1, 0xD2, 0x38, 0x05, 0x45, 0x8A,
    0xE4, 0x1F, 0x90, 0x22, 0x45, 0xA8, 0xF8, 0x03, 0xB6, 0xA5, 0xC4, 0x45, 0x0A, 0x17, 0x51, 0x9C,
    0x92, 0x22, 0x0B, 0x78, 0xA0, 0x48, 0x91, 0x25, 0xD1, 0x60, 0x11, 0x56, 0x3A, 0x3C, 0xCF, 0x59,
    0xE9, 0xDE, 0x6B, 0x1B, 0x52, 0x30, 0xB6, 0xF3, 0xDE, 0x57, 0x7A, 0xF4, 0x5E, 0x5D, 0x69, 0xF7,
    0xEC, 0xD9, 0xF3, 0xBD, 0x9B, 0x4D, 0x45, 0x28, 0x43, 0x11, 0xB2, 0xC9, 0xE0, 0x93, 0x8F, 0xC5,
    0x58, 0xEA, 0x5F, 0x35, 0xD4, 0xF8, 0xB3, 0xFC, 0xEB, 0x6C, 0xD7, 0x36, 0x6D, 0xD3, 0xE3, 0xF7,
    0x8B, 0x8D, 0x31, 0x65, 0x87, 0x13, 0xD7, 0xDA, 0x98, 0x42, 0x9C, 0x11, 0x59, 0x32, 0x11, 0x29,
    0xC3, 0x6F, 0x6F, 0xD5, 0xEE, 0x96, 0xB1, 0x43, 0x30, 0x7D, 0x37, 0x1B, 0x31, 0x38, 0x13, 0x6F,
    0x24, 0xC5, 0x99, 0xE1, 0xBC, 0xE6, 0x4C, 0x7F, 0x77, 0x34, 0xF6, 0xEF, 0x1F, 0xFA, 0x5A, 0x64,
    0x2E, 0x44, 0x5C, 0x22, 0x6B, 0x6C, 0xAA, 0x32, 0xDA, 0x9C, 0x79, 0x81, 0x34, 0x14, 0x82, 0x0E,
    0x4C, 0x2F, 0xB3, 0x31, 0x68, 0x78, 0xC1, 0x8D, 0x35, 0x15, 0x3C, 0x37, 0x99, 0xDB, 0x78, 0xCA,
    0xF1, 0x11, 0x3B, 0x2A, 0x0E, 0x47, 0x6C, 0x15, 0x7B, 0x62, 0x09, 0x6A, 0x76, 0xAC, 0x84, 0x5D,
    0x18, 0x69, 0xF8, 0xAB, 0x98, 0x03, 0x26, 0x27, 0x98, 0x2E, 0x3A, 0xF2, 0xA0, 0x8D, 0xE1, 0xAD,
    0x79, 0xC3, 0x16, 0xE8, 0xCD, 0x05, 0x83, 0x03, 0xF4, 0x9D, 0x19, 0xFB, 0xA7, 0x45, 0xD8, 0xEC,
    0x42, 0xB2, 0x26, 0x93, 0x2D, 0xA5, 0x37, 0xB9, 0xCF, 0x66, 0x40, 0x12, 0x76, 0xC0, 0x57, 0xFD,
    0x41, 0x1F, 0xD1, 0x87, 0xF5, 0xB5, 0xAA, 0x41, 0x03, 0xDF, 0x61, 0x53, 0x20, 0x34, 0x5B, 0xAD,
    0x33, 0x45, 0xA8, 0x3D, 0xC6, 0x84, 0x47, 0xAD, 0x2B, 0xD1, 0xD9, 0x00, 0x02, 0xA4, 0xCB, 0x02,
    0x68, 0x4A, 0x97, 0x2C, 0x80, 0xB6, 0x1C, 0x0C, 0x10, 0xFC, 0x6E, 0xFA, 0xEB, 0x18, 0xAE, 0xE5,
    0xD8, 0x2C, 0x09, 0xAE, 0x56, 0x1D, 0xD7, 0x62, 0xC0, 0x46, 0x10, 0xCD, 0x27, 0x2C, 0xFF, 0xB3,
    0x24, 0xDA, 0x54, 0x9E, 0x8F, 0x90, 0x4B, 0xCA, 0xAA, 0x7A, 0xDC, 0xD8, 0x65, 0x4F, 0x3F, 0xCA,
    0x88, 0x47, 0xEF, 0x5C, 0x04, 0xD7, 0x6B, 0xD0, 0xDC, 0xA3, 0x25, 0xB9, 0xEA, 0x53, 0xB4, 0xAC,
    0xA7, 0x90, 0x4D, 0x68, 0x09, 0x7C, 0x4C, 0x45, 0x86, 0xE2, 0xA1, 0xF8, 0x72, 0xB4, 0x53, 0x3D,
    0x94, 0x53, 0xED, 0xF3, 0xA9, 0x5A, 0x0A, 0x5F, 0xCA, 0x17, 0x23, 0xC6, 0xDB, 0x80, 0x63, 0x9C,
    0x32, 0xF0, 0xBA, 0xC7, 0x0C, 0xDA, 0xEE, 0x82, 0xB1, 0x8D, 0x7D, 0x59, 0xD0, 0x24, 0xB8, 0x80,
    0xA6, 0x73, 0x74, 0x71, 0x23, 0xF3, 0xF2, 0x56, 0xC0, 0xD1, 0x42, 0x26, 0xCC, 0x75, 0x9D, 0xEA,
    0x5C, 0x09, 0x37, 0xF5, 0x83, 0x84, 0xEF, 0x52, 0x24, 0x9C, 0xC9, 0xA6, 0x42, 0xAE, 0x4E, 0xA6,
    0x18, 0x7B, 0xF1, 0xB7, 0x4C, 0x79, 0x13, 0xEC, 0x3C, 0x33, 0x75, 0xBE, 0xA6, 0xAE, 0x32, 0x67,
    0x1C, 0x72, 0xD9, 0x5D, 0xC1, 0x63, 0xA6, 0x18, 0xDE, 0xA8, 0x30, 0xBA, 0xFC, 0xF1, 0x0B, 0x7F,
    0xCB, 0x87, 0x2B, 0x7C, 0xB2, 0x18, 0xCE, 0xF2, 0x25, 0x75, 0x65, 0x57, 0x73, 0x52, 0x2A, 0xBC,
    0xD9, 0x8B, 0xB3, 0x68, 0xFA, 0xF2, 0xDA, 0xDC, 0x32, 0x94, 0xFB, 0x74, 0xDA, 0xBB, 0x05, 0x11,
    0x29, 0x89, 0xD8, 0x48, 0x8A, 0x04, 0xE6, 0x64, 0x75, 0xF3, 0xBD, 0x6A, 0x30, 0xE5, 0x50, 0xC8,
    0x60, 0xA5, 0x5B, 0xAB, 0x2E, 0xD4, 0x0D, 0x86, 0xDC, 0xBE, 0x6D, 0xCC, 0x6B, 0x3F, 0x30, 0xF3,
    0x59, 0x3A, 0x2D, 0xF9, 0x3F, 0x42, 0x79, 0xD7, 0xDB, 0xB7, 0x5D, 0x5F, 0x0F, 0x2B, 0x54, 0xA6,
    0x1A, 0xEC, 0xAB, 0x63, 0x7D, 0xCF, 0xE3, 0x66, 0x71, 0x7F, 0xCA, 0x1A, 0x0C, 0x45, 0x82, 0x6C,
    0x27, 0x18, 0xC5, 0x73, 0xDE, 0x4E, 0x12, 0xF1, 0xEE, 0x37, 0xF2, 0xE3, 0x9F, 0xA2, 0xFC, 0xB8,
    0x0F, 0xB5, 0x39, 0xF2, 0x23, 0x0D, 0xC5, 0x0C, 0x7E, 0xA4, 0x21, 0x0B, 0xE0, 0x07, 0x2E, 0x33,
    0xF8, 0x81, 0x9B, 0x13, 0x38, 0x80, 0xD9, 0x72, 0xF1, 0xD2, 0x1C, 0x2E, 0x78, 0xA4, 0x1D, 0xC0,
    0x8F, 0x34, 0xD4, 0xE4, 0x47, 0x1A, 0x4A, 0x0F, 0x7E, 0xDC, 0x84, 0xFA, 0x83, 0x1F, 0xF7, 0x43,
    0xB6, 0x90, 0x1F, 0xBF, 0x34, 0xBF, 0xFA, 0x66, 0x7E, 0x58, 0xF1, 0xF1, 0xC0, 0x4F, 0x25, 0x58,
    0x29, 0x73, 0x7F, 0x2D, 0x2C, 0x66, 0x09, 0xE6, 0x0E, 0x0E, 0xFC, 0xD3, 0x5E, 0x0B, 0xB8, 0x89,
    0x9F, 0xF4, 0x5D, 0xCB, 0x31, 0x59, 0x6A, 0xA0, 0xCA, 0x9D, 0x42, 0xAB, 0xDA, 0x1A, 0xB5, 0xD4,
    0x1F, 0xC1, 0x18, 0xD5, 0xC5, 0xB0, 0x43, 0x42, 0x48, 0xF5, 0xBF, 0xF7, 0x4C, 0xFC, 0x50, 0x2B,
    0x07, 0x05, 0xB0, 0x13, 0xD4, 0xF4, 0x43, 0x8E, 0x97, 0x3F, 0x9D, 0x2E, 0x5D, 0x83, 0xD2, 0x41,
    0xA3, 0x46, 0x76, 0x15, 0xF8, 0x6F, 0x45, 0xD2, 0x7C, 0x0B, 0xE1, 0x6D, 0xBB, 0x54, 0xFC, 0xF6,
    0xD8, 0x55, 0x2A, 0x2D, 0x8D, 0x46, 0x3B, 0x5E, 0xC8, 0xBD, 0x2D, 0x30, 0x0E, 0x57, 0xC9, 0x90,
    0xAF, 0x50, 0x4B, 0x53, 0xCC, 0x1C, 0x34, 0x7E, 0xBC, 0x83, 0x6E, 0x57, 0xE8, 0x0D, 0xEE, 0xD9,
    0x21, 0x5B, 0x08, 0x21, 0x42, 0x4B, 0xE8, 0xA9, 0xAD, 0x7D, 0x57, 0x50, 0x65, 0xF1, 0x0E, 0xD8,
    0x40, 0x83, 0x07, 0x0B, 0x45, 0x80, 0x06, 0x97, 0x73, 0x06, 0x58, 0x2A, 0x69, 0x2A, 0x9A, 0x92,
    0x5A, 0x42, 0x3B, 0xD5, 0x5F, 0xB8, 0xCA, 0xA9, 0xB1, 0xFA, 0x6F, 0x60, 0x2E, 0x0B, 0x0D, 0x16,
    0x61, 0xCD, 0x15, 0xC1, 0x90, 0x46, 0xA8, 0xE3, 0x98, 0x0A, 0xBB, 0x63, 0xB2, 0x1C, 0x31, 0xA5,
    0xCA, 0xAF, 0xC0, 0x52, 0x56, 0xD0, 0x94, 0x0B, 0xCD, 0x86, 0xB9, 0x1E, 0x28, 0x50, 0xA9, 0x62,
    0x16, 0xF2, 0xE9, 0x88, 0x85, 0xA7, 0xB0, 0x45, 0xA4, 0x5E, 0xE4, 0x93, 0x6A, 0x87, 0x57, 0x35,
    0x52, 0x84, 0x34, 0x8C, 0x47, 0xAC, 0x07, 0x8A, 0x00, 0xF1, 0xD2, 0x3B, 0x2F, 0x76, 0xA6, 0x1A,
    0x5B, 0xDF, 0xCF, 0xFD, 0xDC, 0xE2, 0xE7, 0xB4, 0xCB, 0x87, 0xD2, 0x17, 0x21, 0x09, 0x36, 0x58,
    0x97, 0x40, 0x0A, 0xED, 0x2C, 0xD3, 0x4F, 0x7D, 0xB6, 0xFD, 0xE5, 0x0E, 0x52, 0x1E, 0x54, 0x3C,
    0x46, 0xCE, 0xC1, 0x2B, 0xFE, 0x4E, 0x36, 0x2D, 0x3C, 0x3C, 0x2C, 0x5A, 0xCB, 0x9B, 0x5D, 0xB1,
    0x98, 0xA4, 0x79, 0xCD, 0x40, 0x3B, 0x0C, 0xE6, 0xC5, 0x40, 0x7B, 0x30, 0x69, 0x01, 0x94, 0x43,
    0x2C, 0x20, 0x8E, 0x3C, 0xB3, 0x19, 0x53, 0xF2, 0x65, 0xD0, 0x67, 0xA0, 0x4B, 0x50, 0xFC, 0xCE,
    0xFC, 0xB8, 0x88, 0xB2, 0x71, 0x1B, 0xCC, 0x4F, 0xE7, 0x9A, 0x2F, 0xB5, 0x98, 0xB5, 0xE1, 0xA5,
    0xD9, 0xD4, 0x1D, 0x14, 0xB9, 0xA5, 0x32, 0xF1, 0x6E, 0x0A, 0x4B, 0xEC, 0x73, 0x0A, 0x45, 0x39,
    0x98, 0x7E, 0xAD, 0x1B, 0xD3, 0x2F, 0x2A, 0x76, 0xA0, 0x1A, 0xCF, 0x60, 0x02, 0x73, 0x1A, 0xDE,
    0x72, 0xB0, 0x30, 0xF8, 0x4D, 0x98, 0xCC, 0x9D, 0xCC, 0xE3, 0xCD, 0xF2, 0x03, 0x9F, 0x4D, 0x95,
    0xAC, 0x85, 0x2B, 0x65, 0xC1, 0x9B, 0x99, 0x07, 0x2D, 0x99, 0xBB, 0x4D, 0xA0, 0xEC, 0xDE, 0x50,
    0xAF, 0x11, 0xE0, 0xA5, 0xD8, 0x11, 0x6C, 0x71, 0xE1, 0xCC, 0xA5, 0x1B, 0x68, 0x06, 0x24, 0xA9,
    0x94, 0xDF, 0xA6, 0xF0, 0xE0, 0x01, 0x4A, 0x6D, 0xA0, 0x91, 0x33, 0xA1, 0xA0, 0x22, 0xC9, 0xEF,
    0x07, 0xA2, 0x92, 0x60, 0xEE, 0x80, 0x7A, 0x48, 0x37, 0xED, 0x79, 0xE6, 0x17, 0xBC, 0x56, 0x8C,
    0xEF, 0x81, 0x42, 0x98, 0x18, 0xAB, 0x1A, 0xB2, 0xF0, 0xC0, 0x68, 0x92, 0x99, 0x12, 0x8D, 0x56,
    0x70, 0x0F, 0xFF, 0xC0, 0x08, 0xD7, 0x1D, 0xAC, 0x18, 0x9C, 0x49, 0x4E, 0xC7, 0x46, 0x3B, 0x0B,
    0x8B, 0xEB, 0x4C, 0xD5, 0x15, 0xC2, 0x87, 0xC8, 0xA9, 0x60, 0x2E, 0xE9, 0xE8, 0x31, 0x3E, 0x76,
    0xDF, 0x76, 0xA4, 0xAD, 0x1D, 0xEB, 0xCE, 0x5C, 0x28, 0x3C, 0xBA, 0x87, 0xCC, 0x07, 0x2A, 0xF1,
    0xFD, 0x89, 0xF4, 0x7C, 0x44, 0x19, 0xE0, 0x40, 0x55, 0x49, 0xAD, 0xEA, 0xA6, 0x28, 0xE9, 0xA4,
    0x6D, 0x2A, 0x85, 0xED, 0xD4, 0x67, 0xE8, 0x7E, 0xB8, 0x0D, 0xB4, 0x57, 0xA7, 0x2B, 0x20, 0x1F,
    0x34, 0x0C, 0x7C, 0x04, 0x1E, 0x0B, 0xEF, 0xDF, 0x22, 0x13, 0x80, 0x8C, 0x0C, 0x6E, 0xC5, 0xE9,
    0xD1, 0xB7, 0xB7, 0x53, 0xB5, 0x78, 0xFF, 0x34, 0x1C, 0xB1, 0xA1, 0x0E, 0x46, 0xCF, 0x35, 0x82,
    0x9F, 0x1D, 0x28, 0x88, 0x9E, 0x8B, 0xBA, 0xC0, 0xB3, 0x1D, 0xE0, 0x3C, 0xDC, 0x0D, 0x15, 0x7C,
    0xCC, 0x03, 0x5C, 0x0F, 0xFD, 0x58, 0xAB, 0xCE, 0xBF, 0x9A, 0x8E, 0xFE, 0x3A, 0x5D, 0xB5, 0xD1,
    0xBE, 0x39, 0x76, 0x20, 0x1C, 0x4A, 0xAA, 0x98, 0x29, 0x32, 0x48, 0xA1, 0xA5, 0xE1, 0x54, 0xD4,
    0x9F, 0x11, 0xED, 0x3D, 0x62, 0xFF, 0x16, 0x1B, 0x52, 0x37, 0x9B, 0xAC, 0x6A, 0x8D, 0x03, 0x31,
    0x87, 0x19, 0x64, 0xB4, 0xC1, 0xA6, 0x2B, 0xCF, 0xC9, 0x06, 0x8D, 0x12, 0x0D, 0x4F, 0xA3, 0x0A,
    0xDA, 0x25, 0xC4, 0x01, 0xB6, 0x21, 0x5A, 0x03, 0x3C, 0x50, 0x12, 0x1D, 0x0C, 0x80, 0xB1, 0x1E,
    0x7E, 0xDD, 0xD4, 0xDE, 0x8E, 0x71, 0x80, 0xE8, 0x61, 0x34, 0x91, 0x0F, 0xB8, 0xA1, 0x44, 0xC7,
    0x18, 0xA6, 0x3D, 0xC7, 0x34, 0xC7, 0xF8, 0x4A, 0x7B, 0xCF, 0xBE, 0x26, 0xCD, 0xA5, 0x23, 0xA3,
    0x2F, 0x75, 0xBF, 0x39, 0xB7, 0x34, 0xA7, 0x2B, 0xA5, 0xAF, 0xE0, 0xBB, 0xF4, 0x2A, 0xA4, 0xA1,
    0x98, 0xCF, 0x2D, 0xB5, 0xE5, 0x40, 0x23, 0x61, 0x9D, 0x1C, 0x30, 0xDE, 0x39, 0xA7, 0xF2, 0x50,
    0xC7, 0xE8, 0x5A, 0xC5, 0xD9, 0x13, 0x13, 0x1F, 0x45, 0x3B, 0x4A, 0x72, 0x77, 0x7E, 0x29, 0x2F,
    0x63, 0xB0, 0xC5, 0x80, 0x59, 0xAF, 0x76, 0xBB, 0xF6, 0x31, 0x19, 0x30, 0x6B, 0xBC, 0x66, 0x21,
    0x5E, 0xF3, 0x39, 0x5E, 0x4B, 0x1F, 0xAF, 0x95, 0x8B, 0x57, 0x3B, 0xC4, 0x6B, 0xDF, 0xED, 0x49,
    0x84, 0xA6, 0x17, 0xA0, 0x55, 0xAF, 0x8C, 0xDD, 0x35, 0x97, 0x99, 0x62, 0x7A, 0x51, 0xEB, 0xDD,
    0xD8, 0x9B, 0xBE, 0xB6, 0x5D, 0x25, 0xA6, 0x1F, 0xA4, 0x5D, 0x36, 0x1B, 0xA6, 0x73, 0xCF, 0x48,
    0x1F, 0x23, 0x23, 0xED, 0xBC, 0x92, 0x7A, 0x1D, 0x2F, 0x1A, 0xEA, 0xF6, 0xE0, 0x2B, 0xB6, 0x29,
    0xF3, 0xC5, 0x55, 0x63, 0xEC, 0x9F, 0x31, 0x2C, 0xDD, 0xDE, 0xE5, 0x88, 0xB5, 0x3B, 0x77, 0x4C,
    0x88, 0xFA, 0x27, 0x50, 0x9E, 0xB8, 0x13, 0xED, 0xA9, 0xF5, 0x70, 0xC4, 0x06, 0x9E, 0xB4, 0x40,
    0x80, 0x2B, 0x7F, 0xC3, 0x2C, 0x33, 0x00, 0xA1, 0x5D, 0x8E, 0x6A, 0x24, 0x0F, 0x0E, 0x31, 0x99,
    0xD9, 0xCC, 0xAD, 0x4E, 0x78, 0x1D, 0x27, 0x99, 0x66, 0x2C, 0x92, 0x62, 0xA7, 0xDD, 0xC4, 0x65,
    0xEB, 0x21, 0xD3, 0x8A, 0xD4, 0x68, 0x2A, 0x87, 0x49, 0x3B, 0x80, 0x9A, 0x6F, 0x85, 0xE2, 0x00,
    0xFA, 0xAA, 0x8E, 0x27, 0xC2, 0x14, 0xE7, 0x8D, 0x91, 0x1C, 0x84, 0xA8, 0x56, 0xF0, 0x91, 0xE0,
    0x6D, 0xAC, 0x11, 0xC6, 0xBD, 0x1B, 0x4D, 0x02, 0x7B, 0x72, 0x4B, 0x41, 0x98, 0x83, 0x6D, 0x06,
    0x58, 0xED, 0xAF, 0xF6, 0xA2, 0xD6, 0x77, 0x17, 0xD9, 0x6F, 0x8F, 0x2A, 0xBD, 0x4B, 0xAD, 0xC8,
    0x1E, 0xA2, 0xD9, 0xF2, 0x13, 0xF4, 0xF2, 0x62, 0xF3, 0xFA, 0xB7, 0x4C, 0x15, 0x7C, 0x3C, 0x7E,
    0xFE, 0xB3, 0x6C, 0x50, 0xED, 0x36, 0xE9, 0xDB, 0x22, 0x08, 0x0F, 0x57, 0x33, 0x7B, 0xA2, 0x21,
    0x88, 0x0E, 0x13, 0x0A, 0x41, 0x43, 0xC0, 0x3B, 0xE9, 0x7E, 0x64, 0x1A, 0xBC, 0x43, 0x19, 0x71,
    0x30, 0xAE, 0x0B, 0x24, 0x09, 0x07, 0xC3, 0xBB, 0x99, 0xA4, 0xE0, 0x40, 0x74, 0x81, 0xA3, 0xD6,
    0x83, 0x34, 0x50, 0x70, 0x49, 0x33, 0x89, 0x82, 0x3C, 0x27, 0xEB, 0x36, 0xD2, 0x55, 0xB5, 0xDA,
    0x44, 0x5B, 0x14, 0xC7, 0xB6, 0x9F, 0x1C, 0x98, 0x9E, 0x53, 0x3C, 0x19, 0xB0, 0x54, 0x3E, 0x36,
    0xC1, 0x93, 0x03, 0xD2, 0x73, 0x8C, 0x67, 0x3B, 0xC4, 0xB3, 0xDF, 0x4E, 0x55, 0x40, 0xA1, 0x5D,
    0x2C, 0x3F, 0x73, 0xF6, 0xCD, 0xE9, 0xF5, 0xE4, 0xFD, 0xD8, 0x23, 0x29, 0x3F, 0x21, 0xFB, 0x9B,
    0x28, 0x77, 0x7A, 0x8C, 0x3C, 0xD0, 0x34, 0x8E, 0x5E, 0x0F, 0x34, 0x6D, 0xD3, 0x59, 0xDE, 0x0C,
    0x38, 0x2C, 0x63, 0xBF, 0xA7, 0xD6, 0xEC, 0x66, 0x88, 0xA2, 0x7C, 0x88, 0x5A, 0x39, 0x69, 0x58,
    0xA2, 0xA1, 0x31, 0x1A, 0xD5, 0x40, 0xAB, 0x99, 0xAE, 0x7D, 0x2C, 0xD2, 0x28, 0xCE, 0x64, 0xE3,
    0x86, 0x01, 0xD3, 0x39, 0x94, 0xB3, 0x9C, 0x20, 0x19, 0x5B, 0xF9, 0x5C, 0xB9, 0x5F, 0x44, 0xDB,
    0x1D, 0xC8, 0x22, 0xD0, 0x96, 0x68, 0x2E, 0x85, 0x6C, 0x0C, 0x14, 0xB6, 0x41, 0xCD, 0xB7, 0x53,
    0xE3, 0xDD, 0x44, 0x19, 0x52, 0x05, 0x9E, 0x55, 0x52, 0x26, 0x56, 0x26, 0xA8, 0x41, 0xA9, 0xEF,
    0x77, 0x0F, 0xC4, 0xAC, 0xA7, 0xF4, 0xEA, 0x42, 0x3C, 0x55, 0xBE, 0x72, 0x39, 0xDE, 0x24, 0x0E,
    0x28, 0x85, 0xD0, 0x17, 0x11, 0x99, 0xFF, 0x95, 0xFF, 0x9E, 0x89, 0x5F, 0x31, 0xB7, 0x2B, 0xBF,
    0x14, 0xA2, 0x47, 0x3E, 0xDF, 0x55, 0xAE, 0x1D, 0x88, 0xD6, 0xF5, 0x4D, 0x3D, 0x56, 0x9E, 0x08,
    0xBA, 0x35, 0xF9, 0x23, 0x22, 0x91, 0xA6, 0xBC, 0x46, 0xEC, 0x57, 0x66, 0xB7, 0x76, 0xA5, 0x3D,
    0xA9, 0x16, 0x86, 0xA1, 0xA5, 0x22, 0xD8, 0x2E, 0x5B, 0xE2, 0x1A, 0xAD, 0x6E, 0xB4, 0xCC, 0x5A,
    0x9B, 0xD9, 0x22, 0xD7, 0x5D, 0xE0, 0xA2, 0xBB, 0xE8, 0x54, 0xC7, 0x0E, 0x56, 0xBE, 0x9F, 0x40,
    0x30, 0x93, 0xE7, 0xDE, 0xD1, 0xB4, 0x5A, 0x1F, 0xC5, 0x8E, 0x42, 0x56, 0xCE, 0x6C, 0x0B, 0x09,
    0xFB, 0x48, 0xA4, 0x78, 0x15, 0xA1, 0x3F, 0x41, 0xF6, 0x57, 0xEA, 0xFF, 0xE5, 0x4C, 0xAC, 0x3C,
    0x9F, 0xB1, 0x9E, 0x6F, 0x21, 0x09, 0xA0, 0x87, 0xE9, 0xC0, 0x6D, 0x30, 0x07, 0x93, 0x78, 0x3D,
    0xB0, 0xA8, 0x43, 0x1E, 0xB6, 0x12, 0xD3, 0xFC, 0x07, 0xD1, 0x0D, 0xCA, 0xD1, 0xB5, 0x44, 0xD2,
    0xD5, 0xCC, 0x67, 0xE1, 0xFC, 0xD2, 0x1C, 0x6B, 0x79, 0xB9, 0x16, 0x50, 0xAA, 0x8F, 0xD5, 0xAA,
    0xFC, 0x82, 0xEC, 0xFE, 0x43, 0xFA, 0xDE, 0xB9, 0xA5, 0xB9, 0x9C, 0x6E, 0x69, 0x90, 0x10, 0x76,
    0x79, 0x36, 0xB3, 0xD6, 0xEB, 0xCE, 0x27, 0xB5, 0x36, 0x51, 0xBD, 0xBB, 0xBB, 0x1C, 0x30, 0xDE,
    0x39, 0x97, 0xD4, 0xAA, 0xB8, 0x0E, 0x28, 0xDC, 0x22, 0x0A, 0x6C, 0xBB, 0x1C, 0xB5, 0x08, 0x48,
    0x08, 0x13, 0x82, 0x5E, 0x34, 0x19, 0x67, 0x96, 0xC0, 0x21, 0x28, 0xB4, 0xF8, 0x9A, 0x08, 0xFA,
    0x28, 0x02, 0x4D, 0xA2, 0xD3, 0xE2, 0x0E, 0x22, 0xD0, 0x33, 0xA6, 0xB3, 0x28, 0x00, 0x7F, 0x3F,
    0xC6, 0xB1, 0x0C, 0x1A, 0xB4, 0x4A, 0xC3, 0x34, 0x83, 0x93, 0x56, 0x2F, 0x09, 0xFB, 0xED, 0x47,
    0x8D, 0xA1, 0xE8, 0x96, 0x02, 0xED, 0x6E, 0x2A, 0x6A, 0x75, 0xF3, 0xAF, 0x56, 0xB5, 0xB6, 0xF7,
    0xB5, 0x32, 0x64, 0x6F, 0x0A, 0xF5, 0xBF, 0x07, 0x21, 0x35, 0x4A, 0xC5, 0x7A, 0xC9, 0x68, 0x2D,
    0xC1, 0x18, 0x97, 0xF1, 0x5B, 0xCD, 0x98, 0xB6, 0x46, 0x86, 0xCE, 0x7A, 0xA3, 0x5F, 0xE8, 0x9D,
    0x68, 0xA4, 0xAA, 0x49, 0xA3, 0x67, 0xCB, 0xB0, 0x4C, 0x2D, 0x32, 0xF2, 0xFD, 0xCB, 0x14, 0xF6,
    0xAD, 0x8C, 0xA8, 0x16, 0xD2, 0x94, 0x7F, 0x91, 0x7F, 0x71, 0x16, 0xA2, 0x21, 0xFC, 0xD1, 0x36,
    0x29, 0xF9, 0x56, 0xE6, 0x6E, 0x8E, 0x25, 0x72, 0x2D, 0x0D, 0x9B, 0x62, 0xDA, 0xE7, 0x2D, 0x46,
    0xD0, 0xB4, 0x49, 0xA8, 0x0C, 0x1E, 0x10, 0xB6, 0x78, 0xB7, 0xC8, 0xE4, 0x75, 0x44, 0x3A, 0x80,
    0x86, 0x51, 0x35, 0xCA, 0x5A, 0x44, 0x7A, 0x8E, 0x44, 0x31, 0xDD, 0x11, 0x33, 0xC4, 0xBA, 0x99,
    0x23, 0x1B, 0x88, 0x8B, 0x62, 0x30, 0x5A, 0xF0, 0x36, 0x5A, 0xF1, 0xA6, 0x47, 0xC7, 0xD7, 0x72,
    0x4D, 0x75, 0x2C, 0x12, 0x87, 0x32, 0x6B, 0x09, 0x2C, 0x52, 0x5F, 0x85, 0x63, 0x70, 0x1A, 0xED,
    0x4E, 0x8C, 0x74, 0xFD, 0xF9, 0xA5, 0x59, 0x43, 0x20, 0xAD, 0xCC, 0x83, 0x1A, 0x56, 0x81, 0x92,
    0xC0, 0xF0, 0x38, 0x7D, 0xF7, 0xD2, 0x3B, 0xE7, 0x96, 0xE6, 0x50, 0x30, 0x2E, 0x5E, 0xD9, 0x45,
    0xC4, 0x44, 0x0B, 0x55, 0xE7, 0x55, 0x2A, 0x4E, 0xCA, 0x28, 0xC5, 0x69, 0x19, 0xE5, 0x90, 0x7C,
    0x52, 0x60, 0x90, 0x3B, 0xC5, 0x7E, 0xB9, 0x3E, 0xA3, 0x1A, 0x34, 0x6F, 0x5D, 0xB0, 0xEB, 0x91,
    0xEF, 0xA3, 0xB9, 0x44, 0xD4, 0x5B, 0x20, 0x56, 0xA2, 0x29, 0xBB, 0xC7, 0x5E, 0xAC, 0xA6, 0xA6,
    0xB5, 0xC4, 0x05, 0xA4, 0x4E, 0xD1, 0x1C, 0x32, 0x9B, 0xE8, 0xB2, 0x8B, 0x13, 0x8C, 0xBE, 0x71,
    0xC3, 0xE9, 0x04, 0xFD, 0xC1, 0xD1, 0x6B, 0x12, 0xA4, 0xA2, 0xAB, 0x70, 0x12, 0x2F, 0x53, 0x63,
    0x0B, 0x86, 0x52, 0x0C, 0x6F, 0xC0, 0x47, 0x8C, 0x99, 0xE1, 0x0E, 0x33, 0x58, 0xEB, 0x2A, 0xEA,
    0x3A, 0xC1, 0xD5, 0x1B, 0xB4, 0x03, 0x06, 0x85, 0x75, 0x07, 0x44, 0x31, 0xCC, 0x28, 0xB5, 0xF8,
    0x8B, 0xBB, 0xB2, 0x36, 0x5B, 0xD0, 0x7C, 0x80, 0x8D, 0x55, 0xD7, 0xE3, 0xD2, 0x59, 0xC3, 0xF6,
    0x69, 0x9B, 0x5A, 0xCF, 0x89, 0x62, 0x98, 0x86, 0xA8, 0x68, 0x05, 0x75, 0x5C, 0x2D, 0x1A, 0xB4,
    0x40, 0xDB, 0x06, 0x46, 0x86, 0x33, 0xE7, 0x60, 0x06, 0x7F, 0xCA, 0x09, 0x5D, 0x95, 0xDE, 0x06,
    0x56, 0x81, 0x39, 0xAD, 0xB0, 0x39, 0xB4, 0x5A, 0x4E, 0x43, 0x45, 0x70, 0x1C, 0x05, 0x61, 0xD7,
    0x20, 0x3A, 0xFA, 0x74, 0x02, 0x55, 0xF7, 0x98, 0xAB, 0xDE, 0x15, 0xD6, 0xC8, 0x7B, 0x17, 0x67,
    0x42, 0x83, 0xF4, 0x5E, 0x4B, 0x9C, 0xE6, 0x58, 0xA0, 0x53, 0x2D, 0xD6, 0x75, 0x80, 0x4A, 0x6B,
    0x02, 0xCE, 0x9C, 0x7E, 0xFA, 0x75, 0x2B, 0xD9, 0x20, 0x52, 0xC4, 0xE4, 0x7D, 0x22, 0xE0, 0x3A,
    0x69, 0x65, 0x11, 0x00, 0x61, 0xA5, 0xD6, 0xE1, 0x97, 0xBD, 0xFA, 0x4E, 0xDB, 0x4C, 0x31, 0xEC,
    0x87, 0x8A, 0x5F, 0x2D, 0xA5, 0x48, 0x97, 0xEC, 0x60, 0x2A, 0x4B, 0xF9, 0x08, 0xF3, 0xBE, 0x6A,
    0xD1, 0x15, 0x8E, 0x62, 0xEB, 0x58, 0xD7, 0xF7, 0x72, 0xCD, 0x4D, 0xC7, 0x67, 0xDF, 0xAF, 0x26,
    0x39, 0x3D, 0xAB, 0x1A, 0x0B, 0x53, 0x08, 0x16, 0x5C, 0x2F, 0x75, 0x2F, 0x3E, 0xFB, 0x7E, 0xFB,
    0x57, 0x3B, 0xFA, 0xC1, 0x86, 0x13, 0x8F, 0x7E, 0x3F, 0x9C, 0xCD, 0x13, 0x9F, 0x67, 0xD1, 0x6F,
    0xE6, 0x51, 0xB6, 0x86, 0x27, 0x1F, 0xA2, 0x23, 0xC7, 0xD7, 0xEE, 0xB9, 0xF4, 0x1B, 0x27, 0xB4,
    0xA6, 0x3A, 0x5D, 0x81, 0x9B, 0x36, 0x6F, 0xFC, 0x84, 0xF0, 0x73, 0x8A, 0x99, 0xA6, 0x9F, 0xEE,
    0x59, 0x76, 0x5E, 0x43, 0x73, 0x58, 0x86, 0x82, 0x5F, 0x66, 0x24, 0x20, 0x58, 0x70, 0xAB, 0xE5,
    0x5A, 0x48, 0x9B, 0x32, 0x24, 0x5A, 0xBD, 0xCA, 0x74, 0x5D, 0x16, 0xD4, 0x31, 0x14, 0xF2, 0xBA,
    0x9E, 0x33, 0xD4, 0x71, 0x51, 0xF9, 0x01, 0x1D, 0xB0, 0x34, 0x1A, 0xC4, 0x18, 0x28, 0xE6, 0x0F,
    0xE5, 0xAA, 0x2C, 0x17, 0xB1, 0x26, 0xF8, 0x35, 0xDA, 0xC1, 0x5A, 0x14, 0x6C, 0x43, 0xB1, 0xAA,
    0x27, 0x61, 0x2C, 0xDB, 0x0A, 0xB4, 0x56, 0xA6, 0x4C, 0xAE, 0x72, 0xAD, 0x22, 0x66, 0x99, 0xE3,
    0x5E, 0x22, 0x3F, 0x9E, 0x5A, 0x36, 0xF7, 0x05, 0xFB, 0xC0, 0xB2, 0x85, 0x74, 0x8C, 0x40, 0x74,
    0x31, 0x82, 0x3A, 0x57, 0xEB, 0xFA, 0x8E, 0x16, 0xEB, 0x34, 0x12, 0xB0, 0x2E, 0x9A, 0xA9, 0x7C,
    0xDE, 0x52, 0x94, 0xDB, 0xC7, 0xA9, 0x3A, 0xF6, 0x89, 0xE4, 0x2D, 0x0F, 0x48, 0xE1, 0x10, 0x11,
    0x65, 0x58, 0xE3, 0xB9, 0x3E, 0xC1, 0xE8, 0x60, 0x3D, 0x0D, 0xA9, 0xCE, 0xFA, 0xCE, 0xB1, 0xCF,
    0xD1, 0xB8, 0x7A, 0xBA, 0x8C, 0x55, 0x02, 0xF1, 0x99, 0xAE, 0xC6, 0xCD, 0x9B, 0xCD, 0xA4, 0x35,
    0x64, 0x2C, 0x4B, 0x7B, 0xB0, 0x3C, 0xE5, 0xF6, 0x55, 0xC8, 0x51, 0xAB, 0xFA, 0x1C, 0xF6, 0xF1,
    0xCD, 0x09, 0xC1, 0xCE, 0xFB, 0x4F, 0xB5, 0xFD, 0xFA, 0x65, 0x4C, 0xD3, 0xDD, 0x55, 0xCF, 0xFA,
    0xE5, 0xF0, 0x88, 0x28, 0x3F, 0x85, 0xF6, 0x2D, 0x92, 0xCA, 0x62, 0x42, 0xA2, 0x1A, 0xA2, 0x67,
    0xC9, 0xB1, 0x7A, 0x56, 0xCC, 0xD8, 0x09, 0x80, 0xE5, 0x38, 0xFE, 0x55, 0x30, 0xB3, 0xB5, 0xB3,
    0x23, 0xFE, 0x74, 0xFB, 0x85, 0x06, 0x8F, 0x23, 0xB3, 0xCA, 0xC5, 0x64, 0x7B, 0xD8, 0xB6, 0x55,
    0x39, 0x66, 0x5D, 0xB1, 0xD4, 0x74, 0xBE, 0xF4, 0xDB, 0xA1, 0x11, 0x2C, 0x8F, 0x98, 0xCE, 0xA3,
    0x81, 0x78, 0x40, 0xA8, 0x53, 0xAC, 0x08, 0x3F, 0xF4, 0xD5, 0x07, 0xE1, 0x25, 0xF3, 0xEB, 0xD8,
    0x4E, 0x12, 0x0B, 0x29, 0x2B, 0x8F, 0x58, 0x3F, 0x81, 0xE8, 0xC6, 0xE3, 0x7F, 0xB5, 0x5F, 0xBF,
    0xE2, 0xDA, 0x8F, 0x27, 0x1C, 0xF8, 0xE7, 0xC8, 0x97, 0xFF, 0x83, 0x9E, 0x58, 0x68, 0x1D, 0xBF,
    0xCB, 0x20, 0x9C, 0xCB, 0x5B, 0xBA, 0x53, 0x83, 0x35, 0xE6, 0x44, 0xB7, 0x7E, 0x70, 0xDD, 0x21,
    0x1B, 0xD6, 0x6D, 0xB5, 0xB8, 0xE2, 0x23, 0x22, 0x7D, 0x93, 0xA9, 0xCB, 0x5C, 0x72, 0xAD, 0x96,
    0x4A, 0xC3, 0x24, 0x5C, 0x81, 0xEE, 0x47, 0x36, 0x18, 0x52, 0x6A, 0x34, 0x08, 0xC2, 0x3E, 0x85,
    0x29, 0x3A, 0xC1, 0x5C, 0x73, 0x03, 0x15, 0x9F, 0x6C, 0x7E, 0x83, 0xBD, 0x31, 0x7E, 0x67, 0xCE,
    0x65, 0xAB, 0xF1, 0x71, 0x83, 0x95, 0x7B, 0xBC, 0x56, 0x78, 0x78, 0x5A, 0x6C, 0x77, 0xE0, 0x02,
    0xD4, 0x27, 0x04, 0x86, 0x39, 0x61, 0x5F, 0xEB, 0xC5, 0xA8, 0x36, 0xA8, 0x1D, 0xA3, 0x1D, 0xC7,
    0x30, 0x67, 0x7C, 0x7C, 0xCD, 0x78, 0x39, 0x59, 0x33, 0x8E, 0xA1, 0x81, 0x06, 0x00, 0x31, 0x8F,
    0x5E, 0x0F, 0xAB, 0xE1, 0x8F, 0x88, 0x17, 0x97, 0xD7, 0x59, 0xD8, 0x60, 0x2A, 0xC1, 0x3A, 0xC8,
    0x9C, 0x6C, 0x1D, 0x41, 0x6F, 0x63, 0xE9, 0x21, 0x42, 0x3B, 0x24, 0x3A, 0xD4, 0x75, 0x5B, 0x9C,
    0x1E, 0x19, 0xE7, 0xA8, 0xFB, 0x96, 0x18, 0x42, 0x91, 0x9B, 0xD3, 0x21, 0x86, 0xD1, 0xF0, 0x44,
    0xB3, 0x4B, 0x75, 0xD1, 0xCB, 0x73, 0xE8, 0x97, 0x8D, 0xEA, 0xC2, 0x5D, 0xF1, 0x90, 0x95, 0x32,
    0xBA, 0xA4, 0x97, 0x4E, 0x74, 0xF5, 0x59, 0xF5, 0x9B, 0xCE, 0x57, 0xB6, 0xF9, 0xAD, 0x34, 0x1B,
    0xAD, 0xDC, 0x13, 0x1E, 0xE9, 0x99, 0xF4, 0x8B, 0x3D, 0x21, 0x68, 0xF4, 0xD3, 0x95, 0x20, 0xDB,
    0xD7, 0xE7, 0xD1, 0xAF, 0x1A, 0x12, 0x0D, 0x8C, 0xB3, 0x7D, 0x71, 0xC1, 0x24, 0x8F, 0xB8, 0xFF,
    0xC7, 0xF7, 0x4C, 0x9C, 0x10, 0xE4, 0x0E, 0xA2, 0x31, 0xED, 0xC1, 0xCB, 0x16, 0x25, 0x65, 0xA4,
    0xF2, 0xB3, 0x81, 0xC5, 0x37, 0xEE, 0xEC, 0x61, 0xB9, 0xEF, 0x26, 0x96, 0x7B, 0xB1, 0xD9, 0x6B,
    0xC8, 0xB1, 0xB7, 0x03, 0xE5, 0xB2, 0x1A, 0xBE, 0xD2, 0xB7, 0x2C, 0x9C, 0xC1, 0xFF, 0x57, 0x7F,
    0x9D, 0x00, 0x9F, 0x23, 0x49, 0xC6, 0x6F, 0x54, 0x17, 0x10, 0x5E, 0x2C, 0x05, 0xB3, 0x74, 0xD9,
    0x68, 0xAE, 0xFF, 0xB8, 0xEC, 0xA9, 0x29, 0x0D, 0x64, 0xBD, 0xF9, 0x21, 0x1A, 0xB5, 0x93, 0x25,
    0x62, 0xEA, 0x93, 0x75, 0xE9, 0x4A, 0x6D, 0xA2, 0x6F, 0xA6, 0x1A, 0x91, 0x03, 0xED, 0x76, 0xF6,
    0xC8, 0xE6, 0x7B, 0xA4, 0xFF, 0x0C, 0x9C, 0xE1, 0x47, 0x71, 0xF6, 0x93, 0x7C, 0xC8, 0x8D, 0x1E,
    0x5F, 0x60, 0x2F, 0xC7, 0xDB, 0xBE, 0xD0, 0x2D, 0x0E, 0x45, 0x38, 0x2E, 0x28, 0xCB, 0xD3, 0x6F,
    0x3F, 0x95, 0xB8, 0x4F, 0xAD, 0x02, 0x83, 0x5A, 0x7C, 0x7F, 0x3F, 0x79, 0xF7, 0xA9, 0xB6, 0x7F,
    0x87, 0x3B, 0xE6, 0x68, 0x68, 0x5E, 0x9D, 0xF5, 0xFF, 0x93, 0xCF, 0xD3, 0xE3, 0x4F, 0x4C, 0x53,
    0xEC, 0xB0, 0x2D, 0xD5, 0x3C, 0xB2, 0x4C, 0x1F, 0x4D, 0x35, 0xA6, 0x88, 0x59, 0x5D, 0x4C, 0x1C,
    0x96, 0x18, 0xD8, 0x14, 0xDC, 0x3C, 0x02, 0xD7, 0xC7, 0x0C, 0x0E, 0xEF, 0xA2, 0x73, 0x56, 0xCF,
    0x19, 0xF2, 0xC7, 0xAD, 0x76, 0x61, 0x8B, 0x7F, 0x19, 0xDC, 0x9C, 0xD6, 0xF7, 0x75, 0x8D, 0x5E,
    0xF6, 0xFD, 0x76, 0x6A, 0x02, 0xE3, 0x22, 0x81, 0x3B, 0x2C, 0x29, 0x29, 0x68, 0xAE, 0x20, 0xFB,
    0xC3, 0x47, 0xC0, 0x86, 0x38, 0xEC, 0x03, 0x58, 0xB1, 0x73, 0x24, 0x5D, 0x75, 0x21, 0x62, 0x6A,
    0x51, 0x37, 0x41, 0x56, 0x94, 0x31, 0x9A, 0xD2, 0xB4, 0x26, 0x67, 0xA6, 0x47, 0x70, 0x05, 0xFD,
    0x6C, 0xA1, 0x15, 0xDE, 0xE9, 0x90, 0xFB, 0x2C, 0xD8, 0x65, 0x50, 0x32, 0x08, 0xD3, 0x25, 0x89,
    0xEA, 0xCB, 0x75, 0xDF, 0x23, 0xF7, 0xE8, 0x42, 0xC4, 0xB6, 0xAD, 0x90, 0x9B, 0xC2, 0xE4, 0x77,
    0x61, 0x03, 0xFD, 0xFA, 0xE8, 0xE7, 0xF9, 0x72, 0xE8, 0x3F, 0xCD, 0x5B, 0xBF, 0x93, 0xE4, 0xC6,
    0x79, 0x6D, 0x0C, 0x2C, 0xA2, 0x8A, 0x08, 0x10, 0xB8, 0x1C, 0x31, 0x40, 0xA2, 0x88, 0x01, 0x91,
    0x2A, 0xF1, 0xF5, 0x88, 0x0C, 0x14, 0x38, 0xB0, 0x02, 0xE7, 0x4A, 0x25, 0x25, 0x54, 0xE8, 0x84,
    0x02, 0x68, 0x05, 0x0E, 0x14, 0xE8, 0x22, 0xA7, 0xBE, 0x80, 0x81, 0x14, 0xF9, 0x1F, 0xB8, 0x33,
    0x20, 0x32, 0x50, 0xB9, 0x18, 0x70, 0x28, 0x06, 0x0A, 0x09, 0x5A, 0xAC, 0x52, 0x48, 0xC8, 0x44,
    0x15, 0x41, 0x1D, 0x30, 0xED, 0xF7, 0xDE, 0x07, 0x60, 0x30, 0x73, 0x7B, 0xC7, 0x35, 0xB5, 0xE7,
    0x9D, 0x5D, 0xE0, 0x3B, 0xEC, 0x1C, 0xA6, 0xFB, 0xEB, 0xD7, 0xDD, 0xDF, 0xEF, 0x76, 0x2E, 0x0B,
    0x47, 0xE7, 0x40, 0xA7, 0x95, 0x9E, 0xFD, 0x84, 0x06, 0x64, 0x27, 0x1A, 0x8B, 0xA6, 0xA1, 0xD5,
    0x9B, 0x1D, 0x68, 0xF1, 0x29, 0xA9, 0xFF, 0x90, 0xB4, 0xFE, 0x65, 0xCF, 0xD7, 0x93, 0xC1, 0xB9,
    0xE8, 0x18, 0x8F, 0x78, 0x7D, 0x24, 0x4D, 0xC6, 0x18, 0x6D, 0x66, 0xFD, 0x0E, 0xBD, 0xE4, 0x5D,
    0x14, 0xF0, 0xFA, 0xC1, 0x81, 0x96, 0x21, 0x84, 0xBD, 0x03, 0x09, 0x55, 0x44, 0xDA, 0xC4, 0x78,
    0xA1, 0x6C, 0xF8, 0x15, 0x7F, 0xC8, 0x48, 0xDB, 0x0C, 0x0D, 0xFA, 0xAE, 0x40, 0xE3, 0x45, 0x87,
    0x2F, 0xB9, 0xAC, 0x03, 0x0B, 0xA1, 0x22, 0xD9, 0x1B, 0xB9, 0xFC, 0xA9, 0x8F, 0xE4, 0x0C, 0xAD,
    0xD7, 0x20, 0xBB, 0xF0, 0x71, 0x70, 0xC9, 0x84, 0x2E, 0xD5, 0x7B, 0xD1, 0x81, 0xF8, 0x03, 0xB8,
    0xF1, 0xEC, 0xA5, 0x6C, 0x92, 0xD1, 0xD5, 0x4D, 0x46, 0x92, 0xF3, 0x4F, 0x3F, 0xA2, 0xCB, 0x30,
    0x38, 0x1F, 0x9E, 0x0E, 0x68, 0xE4, 0x77, 0xBD, 0x8B, 0x8F, 0x31, 0x07, 0xF6, 0x6A, 0xF5, 0x3A,
    0x07, 0x7C, 0x28, 0x35, 0x6C, 0x82, 0x95, 0x04, 0xF0, 0xE7, 0xA2, 0x70, 0xB8, 0x56, 0x98, 0xA2,
    0x3E, 0x6B, 0x5C, 0x34, 0x16, 0x15, 0x7A, 0x22, 0x4C, 0xC4, 0xC5, 0x15, 0xFD, 0xCB, 0xC7, 0xEA,
    0xB9, 0x38, 0x7C, 0x21, 0x1C, 0x3E, 0xDA, 0xE0, 0xF0, 0x03, 0xE1, 0x10, 0x13, 0x87, 0x69, 0x83,
    0x43, 0xBF, 0x23, 0x0E, 0x5D, 0x44, 0x1C, 0x84, 0x80, 0x0F, 0xE1, 0x02, 0x07, 0x43, 0x00, 0xAF,
    0xF9, 0x05, 0x87, 0x41, 0x38, 0x08, 0x81, 0x19, 0x87, 0x46, 0x38, 0xB0, 0x7F, 0x32, 0xE1, 0x0A,
    0x0D, 0xD9, 0x0F, 0xA2, 0x9C, 0x3C, 0x97, 0xB7, 0x1B, 0x08, 0x4A, 0x41, 0x70, 0x78, 0x2E, 0x04,
    0x93, 0x41, 0x50, 0x7E, 0x13, 0x04, 0x1C, 0x52, 0x5A, 0xB1, 0x0F, 0x76, 0x51, 0xF2, 0xCF, 0x92,
    0x7D, 0x16, 0xAD, 0x58, 0x39, 0xBA, 0x75, 0x1A, 0xCA, 0x46, 0x2B, 0x88, 0x8F, 0xF1, 0x70, 0x9A,
    0x94, 0x02, 0xCB, 0x9B, 0x4B, 0x7B, 0xE0, 0xA3, 0x26, 0x67, 0x78, 0xE5, 0x08, 0xD6, 0x2A, 0xF7,
    0xCF, 0x2E, 0xD1, 0xD7, 0x33, 0xBD, 0x9D, 0x6B, 0x6C, 0x5E, 0xCD, 0xFA, 0xC3, 0xDA, 0x20, 0x98,
    0x3B, 0xD1, 0xF0, 0xCC, 0x27, 0xF6, 0xCE, 0xFC, 0x2D, 0xB5, 0x80, 0xA1, 0x24, 0x0D, 0xD8, 0xDF,
    0x97, 0xDA, 0x5B, 0x5C, 0xD1, 0x5C, 0x0E, 0xCB, 0xB4, 0x61, 0x59, 0x72, 0x51, 0x5A, 0x1F, 0x25,
    0x16, 0xD2, 0x46, 0x3C, 0x24, 0x60, 0xAA, 0x0C, 0x58, 0xAA, 0xA1, 0x8F, 0xC3, 0x9B, 0x2D, 0xF9,
    0x22, 0x57, 0x6C, 0x9D, 0xE8, 0xF3, 0x2E, 0xE7, 0x5B, 0x7F, 0x1F, 0x76, 0x95, 0xEF, 0xF3, 0x16,
    0x78, 0x1F, 0x12, 0x8D, 0x8C, 0x38, 0xEC, 0x34, 0xA6, 0x54, 0x5B, 0xB9, 0xF8, 0x94, 0xEC, 0xD5,
    0x9A, 0xB6, 0x5F, 0xEF, 0x1E, 0x5D, 0x2D, 0x26, 0x92, 0x40, 0x78, 0xE1, 0x69, 0xE7, 0x8A, 0x0F,
    0x06, 0xF7, 0xBA, 0xFB, 0xF5, 0xDD, 0x62, 0xE2, 0x9E, 0xB8, 0x75, 0x6D, 0xEC, 0x84, 0xCC, 0x4E,
    0xCF, 0xF6, 0xF9, 0x75, 0x62, 0xF2, 0x9F, 0x64, 0x78, 0x2F, 0x06, 0xF8, 0x2F, 0xFF, 0xBE, 0x53,
    0x4C, 0x7E, 0x1A, 0x11, 0x64, 0xFF, 0x0B, 0x3E, 0xE7, 0x1F, 0x1D, 0xD4, 0x31, 0xF7, 0x59, 0x7C,
    0xBC, 0x5A, 0x4C, 0xFC, 0xF7, 0x47, 0x97, 0xFF, 0xAE, 0xC3, 0x0B, 0x07, 0xFC, 0xF7, 0x7E, 0x5E,
    0xEA, 0x7F, 0x2D, 0x26, 0xCD, 0x8A, 0xC9, 0xEE, 0xD1, 0xAB, 0x1C, 0xEF, 0xE0, 0x89, 0xC3, 0xA4,
    0xC6, 0xEB, 0xE1, 0xC4, 0x9D, 0x24, 0x4B, 0x08, 0x5F, 0xBB, 0x99, 0x37, 0xD2, 0x9E, 0xFB, 0xB9,
    0x98, 0x48, 0xE3, 0xE0, 0xD2, 0x91, 0x6B, 0x59, 0xB4, 0x21, 0x07, 0xA5, 0x28, 0xA4, 0x69, 0xBF,
    0x6A, 0x95, 0x56, 0x5C, 0x1D, 0x8C, 0x52, 0xB2, 0x96, 0x0D, 0x69, 0xDD, 0xB0, 0x8F, 0x50, 0x91,
    0xDF, 0xB0, 0x07, 0x45, 0x6B, 0x40, 0x12, 0x4D, 0x81, 0x5B, 0xC8, 0xB7, 0xB2, 0xD9, 0x01, 0x82,
    0x5A, 0x22, 0xBB, 0xD6, 0x84, 0x50, 0x6E, 0x8B, 0xA5, 0xFC, 0x4B, 0x4E, 0x61, 0xF1, 0x47, 0xA9,
    0x83, 0x3F, 0x09, 0x27, 0x6D, 0x7B, 0xFF, 0x11, 0x17, 0xBA, 0xFF, 0x2F, 0x0D, 0x00, 0x1F, 0xA4,
    0x93, 0x00, 0xC0, 0x80, 0x5D, 0x14, 0x4C, 0xE9, 0xBF, 0x09, 0x8A, 0x2E, 0xD0, 0x26, 0x44, 0x44,
    0x90, 0x50, 0x0D, 0x7A, 0x59, 0x94, 0x7B, 0xA4, 0x9C, 0xB5, 0x63, 0x22, 0x9A, 0x4D, 0xE2, 0x97,
    0x7A, 0xA2, 0xAB, 0xA9, 0x27, 0xC2, 0x57, 0x94, 0x66, 0xE1, 0x13, 0x2A, 0x9B, 0xE3, 0x8E, 0x5A,
    0x40, 0x1C, 0x3A, 0x21, 0x43, 0x7A, 0xE4, 0x70, 0xB8, 0xB0, 0xD0, 0x56, 0x38, 0x48, 0x09, 0x4B,
    0x15, 0x43, 0x17, 0x04, 0x29, 0x67, 0xD2, 0x81, 0x7D, 0xCC, 0x74, 0xC4, 0xE8, 0x80, 0x5A, 0xD8,
    0x50, 0x4A, 0xCC, 0xBC, 0x23, 0x2D, 0xBA, 0xD4, 0xF4, 0xF3, 0x48, 0xC4, 0x80, 0x2D, 0x76, 0x06,
    0x28, 0x98, 0x03, 0xB6, 0xE5, 0x48, 0xCD, 0x03, 0x94, 0x72, 0xF1, 0x50, 0x04, 0xDB, 0x47, 0xB6,
    0x38, 0xA5, 0x2E, 0xB8, 0x34, 0x73, 0xDA, 0x63, 0x22, 0x99, 0x4C, 0x0E, 0x0C, 0x56, 0xC0, 0x10,
    0x17, 0xC1, 0x22, 0x54, 0x32, 0x82, 0x92, 0x13, 0x13, 0x41, 0xE2, 0xF1, 0x5F, 0x06, 0x08, 0xF0,
    0x08, 0x06, 0x07, 0xD0, 0x80, 0x36, 0x6B, 0x3C, 0xB4, 0x59, 0x87, 0x96, 0x0A, 0x42, 0x21, 0x24,
    0x76, 0x02, 0x42, 0x66, 0x4D, 0x66, 0xFD, 0x6C, 0x2D, 0xC0, 0x58, 0x16, 0xC7, 0x4A, 0x38, 0x2A,
    0xA9, 0x04, 0xAD, 0x1D, 0x23, 0xD9, 0xB8, 0x6C, 0x2C, 0x23, 0xDA, 0xA1, 0x01, 0x66, 0x4F, 0xCE,
    0x21, 0x69, 0x5C, 0x45, 0xB7, 0xAC, 0x4A, 0x6D, 0x1F, 0xBF, 0x8C, 0x4E, 0x13, 0x6D, 0x1B, 0x4B,
    0xAB, 0x44, 0xC4, 0x26, 0xA3, 0x10, 0x93, 0x83, 0xEE, 0xED, 0xCF, 0x69, 0xE3, 0x60, 0x02, 0x92,
    0x11, 0xD3, 0x30, 0xE6, 0x5D, 0x3C, 0xFA, 0xF6, 0xED, 0x1E, 0x76, 0x42, 0xEB, 0x31, 0x8E, 0xF2,
    0xF8, 0x70, 0xB3, 0x71, 0x5C, 0x5B, 0xF4, 0xAF, 0xF5, 0x80, 0xBA, 0x93, 0xE9, 0xC8, 0x1D, 0x22,
    0x7B, 0x2E, 0x3B, 0xD4, 0xF3, 0xB0, 0x65, 0xCC, 0xAD, 0xB6, 0xDC, 0xFD, 0x8D, 0x78, 0x0F, 0x71,
    0xF1, 0x2F, 0x03, 0x1A, 0xA1, 0xC8, 0x68, 0x67, 0xC9, 0x7F, 0x77, 0xA3, 0x46, 0x07, 0x8B, 0x2C,
    0xD3, 0x58, 0xF5, 0x54, 0xEC, 0xEF, 0x79, 0xD4, 0xEE, 0xE7, 0xE4, 0x67, 0x0F, 0xFC, 0x2B, 0xFD,
    0xAB, 0xBF, 0xEF, 0x6E, 0xD4, 0xB7, 0x19, 0xD7, 0xF9, 0x90, 0xB2, 0x75, 0x48, 0xF9, 0x3A, 0xA4,
    0xE2, 0xA6, 0x21, 0x7D, 0xC3, 0xB8, 0xB2, 0xD5, 0x0A, 0xAC, 0xBB, 0x85, 0xF0, 0x3B, 0xDF, 0x7E,
    0x50, 0x6D, 0xC2, 0xD5, 0x5A, 0xD3, 0xC0, 0x9F, 0x9B, 0x2E, 0x3B, 0x33, 0x2F, 0x29, 0x2E, 0x6C,
    0x51, 0x77, 0x78, 0x23, 0xFE, 0x8A, 0x26, 0xB5, 0xFC, 0x0E, 0xD3, 0x62, 0xF7, 0x38, 0xBD, 0xB7,
    0xD3, 0x81, 0x7F, 0xC5, 0xA2, 0x36, 0xCB, 0xC8, 0x6C, 0x81, 0x5C, 0x8A, 0xA4, 0x4C, 0x9F, 0xB5,
    0x1F, 0x1F, 0x0A, 0x82, 0xA3, 0xD9, 0x05, 0x0D, 0xBE, 0x89, 0xCD, 0x45, 0xBB, 0xE0, 0x0D, 0xD8,
    0xFB, 0x27, 0xBB, 0xA0, 0xF8, 0x26, 0xBB, 0xA0, 0x0E, 0x44, 0x14, 0xFA, 0x97, 0xCF, 0x47, 0xD2,
    0x1D, 0x25, 0xAB, 0x83, 0xC7, 0x82, 0x6F, 0x91, 0xC2, 0x10, 0x18, 0x09, 0x25, 0x28, 0x78, 0x2A,
    0x20, 0x5E, 0x83, 0xD4, 0x5F, 0x29, 0xEB, 0x20, 0x31, 0x61, 0x26, 0x6C, 0xE5, 0x84, 0x1C, 0x8F,
    0x52, 0xE0, 0x7B, 0xF7, 0xCA, 0xC3, 0x57, 0xB7, 0xCE, 0x6C, 0x44, 0x65, 0x80, 0x81, 0x8E, 0x74,
    0x7E, 0x80, 0xE5, 0xBB, 0x18, 0x01, 0x7A, 0xDD, 0xC3, 0xF3, 0xA9, 0xF7, 0xE8, 0x33, 0xE0, 0x8D,
    0xB7, 0xA8, 0xA3, 0x28, 0xBA, 0x4A, 0xB6, 0x9A, 0xFD, 0x85, 0x8D, 0xCA, 0x05, 0xA3, 0x3B, 0xF1,
    0x36, 0xFE, 0x23, 0xE1, 0x88, 0xF3, 0x5E, 0xBA, 0x60, 0xD5, 0x0A, 0xFD, 0x6B, 0x13, 0x41, 0x18,
    0xC0, 0x5E, 0x98, 0x1D, 0x20, 0xE7, 0x7E, 0x1C, 0xBD, 0xC7, 0x01, 0x26, 0x72, 0x57, 0xB4, 0x70,
    0xBC, 0xB9, 0x6E, 0x67, 0xC6, 0xD5, 0x55, 0x81, 0x18, 0x77, 0x39, 0x4C, 0x82, 0xDE, 0x73, 0x05,
    0x70, 0x09, 0x98, 0x76, 0x6C, 0xDD, 0xFD, 0x81, 0xE8, 0x46, 0xDB, 0x69, 0x97, 0xD4, 0x3E, 0xBF,
    0xCE, 0x95, 0x98, 0x1E, 0x56, 0xE9, 0xD6, 0x2F, 0x4F, 0xE9, 0xE1, 0x1E, 0x41, 0xBC, 0x36, 0x80,
    0xEC, 0xA7, 0xB4, 0x78, 0x89, 0xE8, 0x74, 0x9A, 0xD3, 0x9D, 0xC5, 0x53, 0xA2, 0x6E, 0x19, 0x6F,
    0xA2, 0x48, 0x07, 0xD9, 0xC9, 0x9A, 0x7B, 0x04, 0xD1, 0x7C, 0xA2, 0x4C, 0xAB, 0xAF, 0xF8, 0x0F,
    0xF3, 0xA9, 0xDB, 0x33, 0x99, 0xC8, 0x37, 0x8A, 0x8E, 0x11, 0x14, 0xA3, 0xBE, 0x4D, 0xC6, 0x95,
    0x1E, 0xD2, 0x95, 0x2A, 0xDE, 0x31, 0xFB, 0x05, 0xF5, 0x42, 0x69, 0x2A, 0x57, 0xB9, 0x22, 0x31,
    0xA2, 0xFB, 0xC2, 0x28, 0x3D, 0x02, 0xC2, 0x4A, 0xBE, 0x68, 0xBE, 0x2C, 0xF4, 0xC0, 0xEE, 0xC0,
    0x73, 0xAC, 0x09, 0x40, 0x77, 0xF5, 0x42, 0xD1, 0x5D, 0x10, 0x8D, 0x28, 0x6E, 0xE4, 0x35, 0xF9,
    0x3F, 0x0C, 0x8B, 0xB3, 0xE7, 0x16, 0xF1, 0x2E, 0xA5, 0xA1, 0x41, 0x91, 0x57, 0x4E, 0xD8, 0x96,
    0x24, 0x63, 0xDE, 0x43, 0x85, 0xC1, 0x6C, 0x4D, 0x9F, 0x62, 0xBE, 0xB3, 0xF0, 0x7B, 0x12, 0xD8,
    0x12, 0xB2, 0x8A, 0xC1, 0x73, 0x30, 0x77, 0xC1, 0xEC, 0x63, 0x9A, 0xF3, 0x45, 0x2B, 0xE6, 0x2C,
    0xBC, 0x73, 0xB4, 0xF0, 0xCE, 0x42, 0x46, 0x8B, 0xAD, 0x71, 0xEB, 0x42, 0x19, 0x19, 0x4C, 0xC7,
    0x13, 0x4C, 0x74, 0x69, 0x42, 0xD8, 0xD0, 0xA3, 0xC0, 0x6A, 0xD2, 0x15, 0xA6, 0x15, 0x2C, 0x05,
    0xEB, 0xB2, 0x13, 0x4C, 0x15, 0x2D, 0xFB, 0x05, 0xA6, 0x62, 0x81, 0x29, 0xDA, 0xC0, 0xB4, 0x82,
    0x55, 0x5E, 0x80, 0x35, 0x5E, 0xE2, 0xE0, 0x69, 0xA4, 0x97, 0x24, 0x75, 0x18, 0x57, 0x1C, 0xD0,
    0x68, 0x3A, 0xE0, 0xEF, 0x73, 0x1C, 0xB8, 0xC6, 0x83, 0xDB, 0xE2, 0x20, 0x08, 0x56, 0x1C, 0x0E,
    0x97, 0x38, 0x8C, 0x1B, 0x1C, 0xD2, 0xFE, 0xEF, 0x7D, 0x18, 0xB1, 0x24, 0x1F, 0xCB, 0x25, 0xC1,
    0x5B, 0x78, 0x07, 0x9F, 0x63, 0xCE, 0xD2, 0xE5, 0x42, 0xD3, 0xBC, 0x7A, 0x5E, 0x18, 0x23, 0xAE,
    0x42, 0x17, 0xC6, 0xC5, 0xEB, 0xC0, 0x8B, 0x2E, 0x4B, 0xA3, 0xBD, 0xD8, 0x70, 0xCA, 0xD3, 0x7E,
    0x28, 0x42, 0xE7, 0x43, 0xFB, 0xB8, 0xAC, 0x4E, 0xF6, 0x80, 0x35, 0x3B, 0xF0, 0xB2, 0xD6, 0xC0,
    0xAF, 0x5D, 0x6C, 0xB3, 0xE5, 0x65, 0xAD, 0x61, 0x31, 0xCD, 0x57, 0xE8, 0x75, 0x75, 0xEB, 0xB2,
    0xBE, 0x13, 0xF6, 0x3C, 0x79, 0xEB, 0xD6, 0x66, 0xBF, 0x1D, 0x6F, 0x08, 0x0B, 0xF9, 0x77, 0x47,
    0x1F, 0x86, 0x9C, 0xF6, 0x4A, 0x75, 0x97, 0xEC, 0x45, 0xBD, 0x7F, 0xAB, 0x03, 0x80, 0x99, 0x45,
    0x83, 0xBF, 0x2D, 0x87, 0x4B, 0x07, 0x9B, 0xD6, 0xD9, 0x41, 0xA5, 0x0B, 0xB1, 0xD6, 0x7D, 0x44,
    0xC1, 0xC4, 0xB5, 0x87, 0x8B, 0xCC, 0x1B, 0xFF, 0xD3, 0xD2, 0x97, 0xF1, 0x3F, 0x32, 0xC2, 0x5A,
    0x28, 0xB6, 0x0A, 0x9B, 0x46, 0x91, 0x02, 0x85, 0xC8, 0x82, 0x9A, 0x2A, 0x57, 0x11, 0xA8, 0xA6,
    0x8E, 0xBC, 0xAC, 0x91, 0x78, 0x9C, 0xAF, 0xE7, 0xB1, 0x9D, 0xED, 0xDD, 0x03, 0xB4, 0xD4, 0xF1,
    0xA2, 0x8C, 0x7F, 0x22, 0x36, 0xA8, 0x0D, 0xE6, 0x48, 0xD8, 0x5D, 0xE1, 0x99, 0x8C, 0xC9, 0x98,
    0x0E, 0xE9, 0x90, 0xF5, 0xF8, 0xED, 0xF8, 0x9B, 0x77, 0x45, 0x5B, 0xB4, 0xFE, 0x80, 0xDF, 0x86,
    0xBF, 0x44, 0x59, 0xDB, 0x63, 0x8E, 0xBC, 0xD7, 0x32, 0xA1, 0xEB, 0x66, 0x13, 0x41, 0x31, 0x4A,
    0x79, 0xB3, 0x50, 0x72, 0x10, 0x2D, 0x14, 0x7C, 0xEC, 0x16, 0x0A, 0x6E, 0xE2, 0xE3, 0x4C, 0x19,
    0x3B, 0x91, 0x4A, 0xE2, 0xB6, 0x3B, 0x70, 0x24, 0x8C, 0xA3, 0x0C, 0xE4, 0x0F, 0x10, 0x90, 0x51,
    0xC4, 0x51, 0x1A, 0x69, 0xC2, 0x86, 0x86, 0x4E, 0x68, 0xE4, 0x5D, 0x8C, 0x11, 0x6C, 0x66, 0xFC,
    0x86, 0x24, 0xF0, 0xDF, 0x68, 0x88, 0x86, 0xD3, 0x52, 0x8D, 0xC7, 0x65, 0x44, 0x9B, 0x51, 0xCD,
    0x23, 0x5B, 0xC6, 0x67, 0x23, 0x5C, 0x47, 0xB9, 0x8E, 0x94, 0xBF, 0x54, 0xA5, 0x54, 0xA4, 0x0A,
    0x4B, 0x98, 0xA5, 0x2A, 0x4D, 0x2B, 0x3F, 0x21, 0xE7, 0x82, 0x2B, 0x11, 0x0A, 0x46, 0x76, 0xA1,
    0x61, 0x0C, 0xEA, 0xE1, 0x62, 0xDB, 0xDC, 0xD6, 0x53, 0x5A, 0x89, 0x36, 0x85, 0x91, 0xFD, 0x4A,
    0x96, 0xC8, 0xE7, 0x46, 0xE2, 0x4D, 0x4B, 0xDF, 0x8C, 0x9C, 0x7B, 0xE9, 0x39, 0x7E, 0xCB, 0x82,
    0x5D, 0x0A, 0xB7, 0x1C, 0x8D, 0xA5, 0x29, 0x6F, 0xA2, 0x47, 0xAF, 0x3C, 0x5C, 0x77, 0x2D, 0x17,
    0x23, 0x6F, 0xCA, 0x2E, 0xDE, 0xE4, 0x64, 0x09, 0xAF, 0x6D, 0x43, 0x6C, 0x75, 0x65, 0xB7, 0x62,
    0x41, 0x6E, 0xBD, 0xC9, 0x07, 0x39, 0xA0, 0xE1, 0xC1, 0xF8, 0x51, 0xE8, 0x8C, 0x5D, 0xAE, 0x86,
    0xC0, 0xD5, 0x80, 0xC5, 0x48, 0x19, 0xA9, 0x0D, 0x51, 0x0C, 0xE4, 0x11, 0xB3, 0x95, 0x4A, 0xA9,
    0xA5, 0x63, 0xAC, 0x58, 0x11, 0xF5, 0x67, 0x36, 0x90, 0xF1, 0xAC, 0x97, 0xEB, 0xA6, 0x38, 0x58,
    0xAE, 0xB0, 0x53, 0xCE, 0x69, 0x05, 0x64, 0x75, 0xAB, 0x8C, 0x85, 0xE2, 0x7F, 0xF9, 0xB0, 0x44,
    0x8C, 0x3C, 0xA2, 0x9F, 0x5A, 0x75, 0x8A, 0x6B, 0x51, 0x43, 0x82, 0x55, 0x98, 0x26, 0x80, 0x0E,
    0xAF, 0x92, 0xF6, 0xE4, 0x26, 0x5B, 0xCD, 0xCB, 0xC4, 0xD2, 0x1D, 0xA2, 0x32, 0x42, 0x66, 0x2B,
    0x24, 0xDF, 0x2F, 0x48, 0x9E, 0xE0, 0xBC, 0x59, 0x91, 0x72, 0x15, 0x33, 0xAE, 0x95, 0x92, 0xED,
    0xAC, 0xF7, 0xDC, 0x86, 0xE8, 0x28, 0xFB, 0x9F, 0x30, 0xC7, 0x9F, 0x32, 0xDA, 0x26, 0x39, 0x9F,
    0x8A, 0x3F, 0x52, 0x2B, 0x7E, 0xA6, 0x34, 0x15, 0xB8, 0xD0, 0xA2, 0xC1, 0xDA, 0xC1, 0x0E, 0x6B,
    0xF2, 0xCE, 0x94, 0x60, 0x69, 0x7E, 0xA6, 0xD6, 0x86, 0x22, 0x7C, 0xAB, 0x47, 0x2C, 0x1F, 0xFF,
    0xF1, 0xED, 0xBA, 0xCC, 0x9F, 0xDB, 0xE5, 0xE1, 0xAC, 0x4B, 0x7F, 0xEA, 0x92, 0xE6, 0x62, 0x3A,
    0xD9, 0xD4, 0x73, 0x7A, 0x8F, 0x27, 0xA3, 0x87, 0xE3, 0xB6, 0x6C, 0x9B, 0xDD, 0xE9, 0x7C, 0x73,
    0xC3, 0xEA, 0xEE, 0xED, 0x5E, 0x57, 0xCE, 0x7C, 0xFB, 0x25, 0x38, 0xBB, 0x59, 0x45, 0x5A, 0x39,
    0x30, 0xBB, 0x78, 0x2B, 0xC2, 0xBA, 0xF6, 0xDB, 0xDB, 0x0B, 0xE1, 0x64, 0xC3, 0x10, 0xF9, 0x6D,
    0xFF, 0xCB, 0xBD, 0xF2, 0xB0, 0xED, 0xBF, 0x3B, 0xDD, 0xB7, 0x59, 0xC1, 0x2F, 0x7D, 0x5C, 0x6E,
    0x9E, 0x3C, 0xF8, 0xA9, 0x92, 0xE7, 0x4F, 0x66, 0x03, 0x98, 0x02, 0x74, 0x55, 0x16, 0xCE, 0xAE,
    0x59, 0x5F, 0x1C, 0x4F, 0xC2, 0x79, 0x15, 0xF2, 0x67, 0x72, 0x7E, 0xA3, 0x9B, 0x6C, 0xA1, 0x62,
    0x89, 0xA0, 0x0F, 0x2C, 0x8F, 0x77, 0x38, 0xA2, 0x78, 0x88, 0xA7, 0xB8, 0x8F, 0xC7, 0x14, 0x81,
    0xD4, 0xEC, 0x80, 0x1B, 0xA2, 0x36, 0xDF, 0xDF, 0xD5, 0x88, 0x76, 0xA1, 0x80, 0xD9, 0xED, 0xD1,
    0xCF, 0x03, 0x30, 0xF9, 0x18, 0xFC, 0x21, 0x52, 0x34, 0x3E, 0xFA, 0x7F, 0x9C, 0x91, 0x62, 0x0F,
    0x71, 0xD0, 0x50, 0x24, 0xE4, 0x58, 0xEE, 0x10, 0xC6, 0xFB, 0xFF, 0x1B, 0xFF, 0xB7, 0x59, 0x51,
    0x1E, 0xFD, 0xC0, 0x02, 0xED, 0x71, 0x77, 0xBC, 0xFD, 0xFE, 0xB6, 0xFC, 0xDB, 0xAC, 0xE4, 0xDD,
    0x8B, 0xA5, 0xFA, 0x77, 0xF1, 0xF2, 0xFB, 0x40, 0xA7, 0x64, 0x72, 0xBB, 0x0E, 0x9D, 0x89, 0xE5,
    0x9D, 0xED, 0x57, 0xB6, 0x46, 0x19, 0x27, 0xF2, 0xBD, 0x0B, 0xA9, 0x1E, 0x16, 0xE7, 0x98, 0xD1,
    0xA8, 0x3D, 0x89, 0x9E, 0xDC, 0x62, 0x8A, 0x54, 0x5A, 0x57, 0xFB, 0xCD, 0xBA, 0xFA, 0x59, 0xC4,
    0x44, 0x09, 0x4C, 0xB2, 0xAA, 0x44, 0x2A, 0x76, 0x72, 0x7F, 0xFB, 0x42, 0xE3, 0x81, 0x2B, 0x6A,
    0x3A, 0x65, 0x42, 0x2C, 0x25, 0x2D, 0x29, 0x90, 0xAC, 0x29, 0x70, 0xBA, 0x55, 0x99, 0xAC, 0x7A,
    0x50, 0x5A, 0xFB, 0x08, 0xAF, 0xED, 0x45, 0xB1, 0x16, 0x0F, 0xF4, 0x45, 0x48, 0x25, 0x57, 0x90,
    0xDF, 0x05, 0xFD, 0x92, 0xC6, 0x31, 0xE5, 0x92, 0x27, 0x9E, 0xFB, 0xB2, 0xCA, 0xDB, 0xB2, 0x21,
    0x85, 0x57, 0xB0, 0x2F, 0x38, 0x8F, 0xA0, 0x40, 0x5C, 0xD6, 0xB3, 0xC5, 0xDF, 0xCD, 0x55, 0x13,
    0x85, 0x67, 0xC6, 0xE5, 0x0D, 0xAB, 0xBE, 0x72, 0x39, 0xAC, 0xFA, 0x3D, 0x39, 0x04, 0x8D, 0x69,
    0x9C, 0xBB, 0xDD, 0x1A, 0x90, 0x53, 0x6C, 0xA8, 0x20, 0xC0, 0xCC, 0xB6, 0xBA, 0xB3, 0x6A, 0x8C,
    0xA4, 0x83, 0x1E, 0x49, 0x3B, 0x7A, 0x3A, 0x5F, 0xC9, 0xC2, 0xFF, 0xF8, 0x19, 0x4F, 0x27, 0x3F,
    0x79, 0x3A, 0x2F, 0xB0, 0xF0, 0xCF, 0x3C, 0x9D, 0xAB, 0xC3, 0xC1, 0x9D, 0xFC, 0xEC, 0xC8, 0xFC,
    0x6C, 0x8B, 0xAC, 0x68, 0x2E, 0xE3, 0xF6, 0x65, 0x01, 0x61, 0x3F, 0x52, 0x99, 0xB9, 0x42, 0xE3,
    0xAB, 0xBA, 0x7A, 0xA0, 0xFF, 0xF9, 0xCD, 0x4E, 0x41, 0x32, 0xE9, 0x57, 0x2F, 0xAF, 0xDA, 0x3C,
    0xEC, 0x55, 0xC9, 0x5D, 0x1F, 0x94, 0x45, 0x45, 0x81, 0xF3, 0x49, 0x3F, 0xFB, 0xD6, 0x56, 0x8F,
    0x11, 0x5E, 0xFA, 0x92, 0x72, 0x44, 0x4E, 0x11, 0x07, 0xED, 0x45, 0x23, 0xE7, 0xA1, 0x11, 0xE1,
    0xFA, 0x4E, 0x89, 0x84, 0xD8, 0x77, 0x6B, 0xC6, 0x86, 0x6B, 0x86, 0x1D, 0xC3, 0xC4, 0x6E, 0x60,
    0xAA, 0x32, 0x1F, 0x49, 0xE3, 0x86, 0x84, 0xA5, 0x20, 0x24, 0xE8, 0x30, 0x37, 0x42, 0xDB, 0xB9,
    0x45, 0x87, 0x20, 0xB4, 0x96, 0x57, 0x42, 0xDD, 0x0F, 0x26, 0x6E, 0x98, 0x84, 0xEA, 0x7C, 0x12,
    0x9A, 0x79, 0x12, 0x18, 0x8F, 0xB9, 0x9C, 0x84, 0x8A, 0xF0, 0xD7, 0xE7, 0x93, 0x80, 0x6F, 0x64,
    0x82, 0x3F, 0x9E, 0x6E, 0x9A, 0x84, 0xF2, 0x62, 0x12, 0xC6, 0xD3, 0x24, 0xD8, 0xB2, 0x8A, 0x4F,
    0x51, 0xDF, 0x54, 0x3E, 0x65, 0xA6, 0x89, 0xA0, 0x88, 0xBA, 0x3D, 0xFE, 0xB7, 0x75, 0xDA, 0x4F,
    0x61, 0xFD, 0xBC, 0x9F, 0xFB, 0x53, 0x77, 0x99, 0xE4, 0x9F, 0x97, 0xF7, 0xB0, 0xD0, 0xEE, 0xA2,
    0x7A, 0xEA, 0xD9, 0x04, 0x7A, 0x0F, 0xD8, 0x98, 0x88, 0xAA, 0xDB, 0x44, 0x69, 0x54, 0xD3, 0x88,
    0xD4, 0x07, 0xD9, 0x40, 0x5D, 0x90, 0x8E, 0x54, 0x06, 0xE9, 0x48, 0xAD, 0x91, 0x8E, 0xF5, 0x86,
    0xAA, 0x4F, 0x3D, 0x67, 0x03, 0x69, 0xDE, 0x29, 0x90, 0xDF, 0xF1, 0x5B, 0xA5, 0x52, 0xC9, 0xCA,
    0x5B, 0x32, 0x0D, 0x1D, 0xAA, 0xB7, 0x2D, 0xFA, 0xD6, 0x29, 0xFA, 0xB6, 0x67, 0xF4, 0xED, 0x73,
    0xB7, 0xDA, 0x7F, 0x0B, 0xB9, 0xF8, 0xE1, 0xB4, 0x6A, 0x0C, 0x11, 0xC3, 0x66, 0xC8, 0x20, 0x20,
    0xAD, 0x3A, 0x44, 0x33, 0x5E, 0xDE, 0xF2, 0xA0, 0x0B, 0xA1, 0xFD, 0xCC, 0xA4, 0xF4, 0x71, 0x86,
    0x8A, 0xC1, 0xAD, 0x42, 0xC6, 0x26, 0x4D, 0xF0, 0x58, 0x11, 0x64, 0x2B, 0xBD, 0xB0, 0x62, 0x0E,
    0xFF, 0xA6, 0xC2, 0xC9, 0x8A, 0x01, 0xE6, 0x82, 0x29, 0xD9, 0x64, 0xE3, 0xAE, 0x0D, 0xA6, 0x06,
    0xA6, 0x74, 0xF6, 0xDB, 0xC5, 0x3C, 0x4F, 0xF8, 0xFF, 0x51, 0xA8, 0x5E, 0x3E, 0x56, 0xF2, 0x00,
    0x21, 0x97, 0xF9, 0x49, 0xF6, 0x01, 0xB1, 0xF2, 0xD9, 0xE1, 0x5A, 0x51, 0x72, 0x75, 0xC1, 0x8A,
    0x38, 0xD8, 0xAF, 0x71, 0x4F, 0x33, 0x89, 0x05, 0x08, 0xD9, 0x2F, 0x9B, 0x97, 0x8F, 0x52, 0x3D,
    0xC5, 0xAA, 0x5F, 0x40, 0x84, 0xF6, 0x13, 0xA5, 0xFA, 0x11, 0x03, 0x7E, 0x2A, 0x40, 0xC2, 0xE7,
    0xB9, 0xE5, 0x32, 0x18, 0xD3, 0x90, 0x74, 0x98, 0xCC, 0xC9, 0x94, 0x91, 0x58, 0x2F, 0x96, 0xD7,
    0x9A, 0x71, 0xF3, 0x4B, 0x0E, 0x51, 0x0F, 0x42, 0xC0, 0x02, 0x03, 0x37, 0x3E, 0x2C, 0x6E, 0xF6,
    0xEA, 0x74, 0xD7, 0x8B, 0x0B, 0x2E, 0xE9, 0xA3, 0x78, 0x63, 0x63, 0x36, 0x52, 0xA2, 0x87, 0x9C,
    0xB9, 0x67, 0x89, 0xEE, 0xF0, 0xFD, 0xDA, 0x02, 0x56, 0x8A, 0x73, 0xCA, 0xED, 0x0D, 0xA3, 0x3D,
    0xBC, 0x16, 0x2A, 0x55, 0x2D, 0x70, 0x43, 0x14, 0xF4, 0x55, 0xC3, 0x67, 0x81, 0x81, 0xA2, 0xB9,
    0x34, 0x31, 0x41, 0x34, 0x0E, 0x1A, 0x0B, 0x9E, 0x50, 0x76, 0x30, 0x9D, 0xD1, 0xC0, 0x98, 0x39,
    0xE2, 0x6F, 0x49, 0xCC, 0xA3, 0xC2, 0xD6, 0xF8, 0x3A, 0x0B, 0x44, 0x3E, 0x5F, 0xAA, 0xF8, 0xE6,
    0xB2, 0x0D, 0x89, 0x64, 0x97, 0xEE, 0x7D, 0x57, 0x86, 0x06, 0x46, 0x71, 0x08, 0x9C, 0xBF, 0x34,
    0x8C, 0x94, 0x03, 0x11, 0xAD, 0xDE, 0x87, 0x32, 0x23, 0x9B, 0xD9, 0x78, 0x54, 0x26, 0x40, 0xB6,
    0x68, 0x7D, 0xCA, 0x62, 0xB7, 0x96, 0x3D, 0x10, 0xE4, 0xC9, 0x88, 0x6F, 0xB1, 0x26, 0xA5, 0x25,
    0x61, 0x31, 0x46, 0xC1, 0x35, 0x27, 0xA2, 0xFA, 0x16, 0x2F, 0x35, 0x03, 0xF3, 0x1B, 0x9E, 0x76,
    0x1E, 0x54, 0x71, 0x60, 0xB9, 0xCE, 0x8A, 0xA1, 0x5E, 0x84, 0x8A, 0x5A, 0xCF, 0xD0, 0x13, 0x44,
    0xB4, 0x4A, 0x2D, 0xCB, 0x26, 0x9D, 0xAC, 0xA4, 0xA2, 0xE6, 0x3A, 0x56, 0xF0, 0x88, 0x79, 0xC8,
    0xC3, 0x0C, 0xEB, 0x6C, 0x80, 0x77, 0x67, 0xE1, 0x7F, 0x48, 0x78, 0x0A, 0x78, 0x97, 0x7E, 0x09,
    0xC9, 0xFE, 0x94, 0xD2, 0x5D, 0x7A, 0x5A, 0x7E, 0x7B, 0xDE, 0xDF, 0x60, 0x8B, 0xDF, 0xE4, 0x4F,
    0xDC, 0xDB, 0xB8, 0xD6, 0xB8, 0x82, 0xCC, 0x9E, 0x93, 0xFE, 0x66, 0xDD, 0x40, 0x34, 0xA6, 0xCD,
    0x6E, 0x84, 0x3E, 0x1C, 0x39, 0xF3, 0x4C, 0x2D, 0x5B, 0x8E, 0x97, 0x93, 0xC3, 0x0D, 0x9E, 0xCC,
    0x5E, 0x54, 0xBA, 0xF1, 0xD6, 0x2E, 0x3D, 0x29, 0x37, 0x5B, 0x5B, 0x14, 0x24, 0x74, 0x2F, 0x69,
    0x17, 0xBC, 0xE3, 0xDC, 0x37, 0xA7, 0xB3, 0xEF, 0x05, 0x8F, 0xB8, 0x47, 0x80, 0x89, 0x22, 0xA4,
    0x9E, 0x2C, 0x63, 0x96, 0xB7, 0x77, 0x3A, 0xCF, 0x4B, 0x1E, 0x8E, 0xC8, 0xCB, 0x49, 0x32, 0x97,
    0x60, 0xED, 0xA4, 0xFE, 0x9A, 0xFB, 0x0E, 0x28, 0x28, 0x27, 0xEF, 0x5B, 0xA0, 0x16, 0xF6, 0xC9,
    0xFE, 0x32, 0x68, 0x46, 0x98, 0x22, 0x95, 0xF1, 0x68, 0xA7, 0x96, 0xA6, 0x41, 0x15, 0xD0, 0xA2,
    0x3C, 0x54, 0xB2, 0x3C, 0xBA, 0x0C, 0xBE, 0x61, 0x5E, 0x91, 0x8E, 0x2A, 0x86, 0x54, 0x49, 0xAA,
    0x9E, 0xE2, 0xAA, 0xB1, 0x1E, 0xCD, 0x9C, 0x90, 0x24, 0xB2, 0x55, 0x1E, 0x6D, 0x94, 0x31, 0x53,
    0xC4, 0x35, 0xF7, 0x26, 0x82, 0xDC, 0x53, 0xD2, 0xD0, 0xBF, 0x4A, 0x7B, 0xFB, 0x38, 0x96, 0xE0,
    0x60, 0x19, 0xAF, 0xE2, 0x6A, 0x1A, 0xE7, 0xDF, 0xC0, 0x64, 0x2D, 0xDE, 0x85, 0x0C, 0xC5, 0xE7,
    0x2C, 0xED, 0x79, 0x45, 0x1C, 0x58, 0x70, 0x8F, 0x0C, 0xD7, 0x25, 0x9B, 0xF7, 0xCD, 0x5C, 0xDC,
    0x76, 0x9F, 0xA3, 0x66, 0xD3, 0x2A, 0xF3, 0xFC, 0x14, 0x9D, 0xBE, 0xD5, 0xB9, 0x9F, 0xB8, 0xF7,
    0xEE, 0x76, 0xD4, 0xEB, 0xB8, 0xB4, 0x1A, 0x4B, 0x1B, 0xD7, 0xCE, 0x0C, 0xF4, 0x93, 0x9F, 0x6C,
    0x85, 0x49, 0xAA, 0x3A, 0x97, 0x8F, 0x5D, 0x70, 0x88, 0x96, 0xF3, 0x56, 0x0F, 0xDB, 0x21, 0x55,
    0x91, 0x0D, 0x89, 0x31, 0xE6, 0xAF, 0x7F, 0x34, 0x59, 0xB6, 0x91, 0x95, 0x23, 0x78, 0xEB, 0xB8,
    0x94, 0x42, 0x67, 0x6B, 0x28, 0x57, 0x7E, 0x95, 0x4A, 0xA2, 0xCB, 0xC3, 0xF3, 0x07, 0x95, 0x68,
    0x50, 0xAA, 0x8F, 0x93, 0xF8, 0x77, 0xB3, 0x7A, 0xD1, 0xA0, 0xFE, 0x2D, 0x28, 0x17, 0x25, 0x1B,
    0x89, 0xD0, 0x1F, 0x67, 0x5D, 0x53, 0x50, 0x07, 0x56, 0x96, 0xAC, 0xDA, 0xBD, 0x87, 0x90, 0xAC,
    0xD9, 0x0A, 0x9C, 0x5E, 0xAB, 0x7C, 0xC8, 0xBB, 0x7B, 0x5E, 0xD4, 0x1E, 0xA3, 0x2F, 0x54, 0x99,
    0xD2, 0xC8, 0xB8, 0xDB, 0x4D, 0x77, 0xBA, 0xA8, 0x59, 0xB4, 0x3E, 0x90, 0xB0, 0x96, 0x25, 0x74,
    0x73, 0xFA, 0xF2, 0x3C, 0x87, 0x79, 0x9B, 0x6A, 0xA4, 0x7E, 0x71, 0xA0, 0x9E, 0x1F, 0x8D, 0x39,
    0x2F, 0xC3, 0x29, 0xD6, 0x94, 0xB8, 0x44, 0x36, 0xB1, 0x32, 0x58, 0x7E, 0xAC, 0x19, 0x1A, 0x39,
    0xEB, 0x16, 0x3A, 0xA9, 0xA9, 0xD3, 0x51, 0xB4, 0x38, 0xBC, 0x28, 0x57, 0x84, 0x0B, 0xC9, 0xF1,
    0x00, 0x97, 0xA9, 0x82, 0x03, 0x0E, 0x4F, 0x86, 0x71, 0x94, 0x40, 0x57, 0x87, 0x31, 0xED, 0xD7,
    0xF7, 0x3F, 0x01, 0x67, 0xEF, 0x53, 0xD0, 0x7F, 0xD5, 0xCD, 0x0E, 0x66, 0xB4, 0x58, 0xCA, 0xF7,
    0x06, 0x81, 0x54, 0x14, 0xDC, 0xF7, 0x27, 0xD0, 0x26, 0xE3, 0x03, 0x2C, 0xBD, 0xC7, 0x5A, 0xEA,
    0xEC, 0x90, 0x89, 0x74, 0xAB, 0x4E, 0x1A, 0x6E, 0xD4, 0x47, 0x37, 0x4A, 0xE8, 0xCF, 0xAC, 0x1E,
    0x86, 0x41, 0x2D, 0x6E, 0x06, 0x99, 0x44, 0x24, 0xAD, 0xC8, 0x2D, 0x38, 0xF7, 0x6B, 0xEA, 0xBF,
    0x34, 0x7B, 0xF8, 0x85, 0x35, 0x54, 0xCF, 0xCD, 0x92, 0x40, 0xE9, 0x42, 0x47, 0x96, 0xAA, 0x44,
    0x08, 0xD8, 0x8A, 0xC1, 0xF3, 0x3A, 0x5A, 0x98, 0x15, 0xB3, 0x69, 0xD7, 0x65, 0x44, 0x6C, 0xF8,
    0x61, 0xCA, 0x04, 0xA4, 0x92, 0x05, 0xCE, 0x7F, 0xAC, 0x45, 0xC1, 0x45, 0xBC, 0x53, 0x68, 0x37,
    0xEE, 0x16, 0xE3, 0xC9, 0xD9, 0x51, 0x8A, 0x44, 0x99, 0xEC, 0x74, 0xA5, 0x3A, 0xF5, 0x31, 0x27,
    0xFF, 0x61, 0xD5, 0x19, 0xED, 0x95, 0xE4, 0x52, 0x3E, 0x3B, 0xDF, 0xE4, 0xB3, 0x8B, 0x25, 0xBD,
    0x35, 0x27, 0xFF, 0x2D, 0xBD, 0x75, 0x91, 0xE4, 0x12, 0x60, 0x78, 0x87, 0xF9, 0x39, 0xEA, 0x67,
    0x78, 0xA6, 0x3B, 0x33, 0x99, 0x95, 0x76, 0x91, 0x45, 0xFC, 0x9A, 0xD9, 0xA1, 0x9F, 0xF5, 0x32,
    0xC7, 0x4B, 0x80, 0x3C, 0x96, 0x67, 0x0E, 0x0D, 0x5D, 0x61, 0x66, 0xF0, 0xE9, 0x08, 0xF3, 0x8C,
    0x06, 0xDD, 0x60, 0x1A, 0xE2, 0xE5, 0x7C, 0xD7, 0x30, 0x0A, 0x6A, 0xB8, 0x04, 0xE4, 0x98, 0x86,
    0x2A, 0xB4, 0x78, 0x1F, 0xDE, 0x0F, 0xB0, 0x2C, 0xBF, 0x40, 0x10, 0xF1, 0x57, 0x1D, 0x12, 0x63,
    0xB2, 0x6A, 0x05, 0xF0, 0x86, 0x6E, 0x2A, 0x5F, 0xAF, 0x0D, 0x0D, 0x43, 0xA2, 0x9B, 0x0B, 0xB4,
    0xEE, 0x18, 0x89, 0xF7, 0x54, 0x1A, 0x32, 0x9A, 0xC8, 0xB0, 0xF2, 0x50, 0x2B, 0xA9, 0x9B, 0xAE,
    0x16, 0x8F, 0x07, 0x3B, 0xD8, 0x6C, 0xB0, 0x4D, 0xBD, 0x4A, 0x35, 0x9B, 0xB9, 0xC2, 0xFF, 0x0E,
    0x31, 0x99, 0xC3, 0x36, 0x6A, 0xF6, 0x8D, 0x5C, 0xF4, 0x8D, 0xB9, 0xEC, 0xDF, 0x99, 0x42, 0xB8,
    0x52, 0x64, 0xA2, 0x49, 0x3E, 0xA5, 0xDC, 0xDB, 0x8C, 0x27, 0x14, 0xFE, 0x91, 0xDE, 0x27, 0x76,
    0xFC, 0x70, 0x87, 0xE8, 0x24, 0x3D, 0x05, 0x47, 0xF6, 0x7B, 0xD9, 0x10, 0xFF, 0x40, 0x31, 0xF6,
    0xB8, 0xB8, 0x5A, 0x49, 0xE2, 0x26, 0xCF, 0x6A, 0x41, 0xE6, 0x72, 0xFF, 0x9B, 0xDE, 0xC8, 0x87,
    0x14, 0xF3, 0x59, 0x75, 0xB1, 0x8D, 0x96, 0x9A, 0xA0, 0xB3, 0x73, 0x5F, 0xA7, 0xB0, 0xA6, 0x08,
    0xC1, 0x71, 0xB5, 0x2A, 0xEE, 0x39, 0x04, 0x39, 0xC1, 0x04, 0xC8, 0x11, 0x21, 0x47, 0x88, 0x1C,
    0x31, 0x72, 0x02, 0xE9, 0x5B, 0xE1, 0xE0, 0xF2, 0x85, 0x3E, 0x17, 0x87, 0x0D, 0x02, 0x33, 0x0E,
    0xBD, 0x70, 0xE8, 0x84, 0x43, 0x23, 0x1C, 0x96, 0xD8, 0x8B, 0xB3, 0x83, 0x17, 0xB9, 0xCD, 0x7D,
    0x77, 0x8A, 0xA4, 0xA7, 0xE1, 0x74, 0xF2, 0x4A, 0xC9, 0x91, 0xBB, 0x59, 0x17, 0xF9, 0x5C, 0xC3,
    0x2D, 0x3B, 0xA9, 0x9B, 0x95, 0xDB, 0x5A, 0xA5, 0x92, 0x2D, 0xC6, 0x41, 0xF1, 0xEF, 0xB3, 0xB8,
    0xB5, 0xE3, 0x5E, 0xF8, 0xF9, 0xA7, 0xE8, 0x87, 0x5B, 0xB9, 0xC6, 0x4A, 0xA8, 0xA5, 0x48, 0x2A,
    0x1B, 0x74, 0xC0, 0xA4, 0x53, 0xB9, 0xDE, 0xA4, 0x82, 0x8E, 0x71, 0x9E, 0x7B, 0xAF, 0x8A, 0x0F,
    0xA6, 0x9C, 0x55, 0x7B, 0x42, 0x3F, 0x4F, 0xB5, 0x7D, 0xF8, 0x70, 0xE2, 0x34, 0xE2, 0x01, 0xFE,
    0x29, 0x35, 0x29, 0x32, 0xF2, 0x43, 0xED, 0x74, 0x84, 0x24, 0xE9, 0x6A, 0x5A, 0x96, 0x48, 0x2B,
    0x76, 0xA5, 0x90, 0x42, 0x8E, 0xD1, 0xBF, 0xC5, 0x5D, 0x33, 0x15, 0x8D, 0xFF, 0x57, 0x1D, 0x0F,
    0xF1, 0x95, 0xFF, 0xD5, 0xC0, 0x87, 0xD2, 0x4E, 0x2D, 0xD2, 0xE4, 0x2E, 0xBE, 0xE8, 0xCC, 0x08,
    0xCD, 0xCD, 0x28, 0x1F, 0xE7, 0x48, 0xAE, 0xAC, 0xEC, 0xCA, 0x06, 0x6D, 0x49, 0x01, 0xC8, 0x24,
    0x7B, 0x80, 0x2B, 0x97, 0x4E, 0x73, 0x7D, 0xE2, 0x9C, 0x29, 0x48, 0xED, 0xF8, 0xA1, 0x20, 0x29,
    0x2D, 0xCB, 0x43, 0x17, 0x18, 0x95, 0x0B, 0xD5, 0xF9, 0xC1, 0x5B, 0xD5, 0x6B, 0x71, 0x5F, 0xEC,
    0xA6, 0x1A, 0x51, 0x11, 0xCC, 0x02, 0x0E, 0x01, 0x25, 0x43, 0x59, 0xD5, 0x40, 0xDA, 0x37, 0x30,
    0xDC, 0x5A, 0xFF, 0xDB, 0xE3, 0x98, 0x37, 0xFE, 0x83, 0xBF, 0xC0, 0x67, 0x2A, 0x3E, 0xF8, 0xF3,
    0xE8, 0xF7, 0xF9, 0x87, 0xDD, 0x54, 0xF3, 0x88, 0x14, 0x86, 0x9F, 0x7D, 0xD1, 0x1C, 0xC9, 0x63,
    0x55, 0x93, 0x32, 0x1E, 0x05, 0x13, 0x16, 0x45, 0xE3, 0xC9, 0xBA, 0x74, 0x9A, 0xB5, 0x8A, 0x52,
    0x01, 0xA8, 0xF8, 0x6B, 0x73, 0x38, 0xC9, 0xFA, 0x77, 0xF6, 0x7F, 0xB7, 0xD6, 0x3F, 0xB6, 0x3A,
    0xEC, 0x63, 0x6B, 0xB1, 0xE7, 0x14, 0x64, 0x82, 0xDD, 0xA6, 0x20, 0x16, 0xCE, 0x98, 0x20, 0x9D,
    0xFD, 0x92, 0xC9, 0x1E, 0x7E, 0xA1, 0xFC, 0xF0, 0x87, 0x8A, 0xD0, 0xE8, 0xEC, 0x6B, 0x61, 0x21,
    0xEF, 0x39, 0xBE, 0x24, 0x87, 0x79, 0x3A, 0x65, 0x4F, 0xD2, 0x0D, 0xB5, 0x02, 0xCF, 0xEC, 0x14,
    0x33, 0x5F, 0x68, 0x77, 0x3A, 0xBB, 0x65, 0xCE, 0xB1, 0x2A, 0x29, 0x3E, 0xA5, 0x95, 0xF6, 0x83,
    0x8E, 0x45, 0xCC, 0x8F, 0xCE, 0x97, 0x0F, 0x10, 0x69, 0x25, 0x56, 0x94, 0x3F, 0x20, 0xD3, 0x3D,
    0xAB, 0x35, 0x86, 0x8C, 0x00, 0x64, 0x1C, 0x3F, 0x8B, 0x12, 0x29, 0x19, 0xA2, 0x63, 0xBD, 0xF8,
    0x58, 0x0A, 0x34, 0xAB, 0xB2, 0xA4, 0xEC, 0xCE, 0x4C, 0xB3, 0x7A, 0xA9, 0x4E, 0xD9, 0xAD, 0xC6,
    0xAB, 0xD5, 0xC8, 0xDB, 0xC9, 0x4E, 0x1D, 0x0E, 0x2E, 0x3A, 0xB2, 0x64, 0xD4, 0x8E, 0x0B, 0x5F,
    0x27, 0x7C, 0x8E, 0xD5, 0x2A, 0x33, 0x63, 0xB3, 0xBD, 0x6E, 0x99, 0x8A, 0xEC, 0x64, 0x5A, 0x84,
    0xF5, 0xBC, 0xAD, 0xCE, 0x5F, 0xA9, 0x4F, 0xAB, 0x35, 0xF1, 0x16, 0xD6, 0x6C, 0x97, 0x60, 0xDC,
    0x5C, 0xE7, 0x6C, 0x8A, 0xB2, 0x18, 0x37, 0x79, 0xD7, 0x83, 0xB3, 0x62, 0x0C, 0xCE, 0xD5, 0xE6,
    0xFB, 0xD6, 0xF7, 0x29, 0x35, 0x1B, 0x8B, 0x03, 0x2B, 0x36, 0x37, 0xE5, 0xEA, 0x65, 0x58, 0xD7,
    0xAA, 0x3E, 0xA8, 0xE7, 0x1A, 0x84, 0x74, 0x9C, 0xCF, 0xC8, 0x35, 0x56, 0x8A, 0x3B, 0x6E, 0x0F,
    0x29, 0x8D, 0xBC, 0x13, 0xD5, 0xCF, 0xEA, 0x94, 0xDA, 0x61, 0x3E, 0xA5, 0x39, 0x7F, 0x6D, 0x3E,
    0xC0, 0x7A, 0xF9, 0x11, 0x1A, 0xE6, 0x41, 0x2A, 0x1D, 0x32, 0x9B, 0xAB, 0x79, 0x67, 0x10, 0xA7,
    0xD3, 0xF3, 0xAE, 0xBF, 0x5E, 0x4C, 0x9E, 0xCC, 0x45, 0x4A, 0x3A, 0x79, 0x79, 0x76, 0x40, 0xF4,
    0x4E, 0x30, 0x89, 0xAC, 0x62, 0xF8, 0xA8, 0xB8, 0x5F, 0xA9, 0xFA, 0x9D, 0x62, 0x73, 0x8E, 0xF2,
    0x2A, 0x31, 0x59, 0x4E, 0x9C, 0xA4, 0xB2, 0x04, 0xF6, 0x32, 0x86, 0xEE, 0x12, 0x13, 0x98, 0x99,
    0xC8, 0xF6, 0x05, 0x1C, 0x13, 0xAF, 0xD6, 0x12, 0x97, 0xA0, 0xAB, 0x94, 0xE3, 0x95, 0x3D, 0x53,
    0xDF, 0x72, 0xE6, 0x52, 0x2F, 0xB5, 0x97, 0x70, 0x67, 0x20, 0xFA, 0x6B, 0x1D, 0x94, 0xFD, 0x5F,
    0xED, 0x5B, 0x3D, 0xB3, 0xEC, 0x46, 0x11, 0x1D, 0x49, 0xD4, 0x53, 0x15, 0xAA, 0x42, 0x11, 0x09,
    0x0E, 0x94, 0x90, 0xE0, 0x00, 0xFD, 0x01, 0x8C, 0x04, 0x0E, 0x08, 0x1C, 0xF0, 0x13, 0xC8, 0x49,
    0xFC, 0x07, 0xC0, 0x5A, 0x9B, 0xD0, 0x81, 0xDF, 0x3F, 0xC0, 0x81, 0x03, 0x9B, 0x84, 0x3F, 0x00,
    0x4F, 0xB2, 0x09, 0x1C, 0x90, 0xC8, 0x76, 0xE8, 0xC0, 0x32, 0xA6, 0x8A, 0xC0, 0x01, 0xC2, 0x56,
    0x95, 0x65, 0x2C, 0x69, 0x38, 0xE7, 0xF4, 0x48, 0xAB, 0xFB, 0x6C, 0xF3, 0xF9, 0x2E, 0xEF, 0x9A,
    0x62, 0xEF, 0xEE, 0xCC, 0xEC, 0xDE, 0xBD, 0xD2, 0x74, 0x4F, 0x4F, 0xF7, 0xE9, 0xD3, 0x73, 0x9D,
    0xC3, 0x23, 0x7A, 0x85, 0xAD, 0xCB, 0x16, 0x75, 0x39, 0xBA, 0xD2, 0x5F, 0xB2, 0xD9, 0x25, 0xDE,
    0x2F, 0xD9, 0x88, 0x37, 0xDE, 0xFF, 0x64, 0x70, 0xED, 0x94, 0x7A, 0x7F, 0x89, 0x7D, 0xED, 0xDA,
    0xD5, 0xA5, 0xAB, 0x73, 0xD5, 0xE8, 0xF2, 0xD9, 0xF1, 0x55, 0x8E, 0xFA, 0xB3, 0x6A, 0xD0, 0x45,
    0xAA, 0x5E, 0x5D, 0xD3, 0xA9, 0x6B, 0x6F, 0x74, 0xBE, 0xD3, 0x1F, 0xF0, 0x5D, 0x3E, 0xA9, 0x2B,
    0x46, 0x7D, 0x13, 0x17, 0xE3, 0x9F, 0x63, 0xC8, 0x8B, 0xF9, 0x0B, 0xAF, 0x97, 0x78, 0xFC, 0x8D,
    0xBF, 0x3C, 0x8B, 0x09, 0xC5, 0x98, 0x03, 0x3E, 0x77, 0x8D, 0xC7, 0xFD, 0x9D, 0x4B, 0xFD, 0x1F,
    0x9D, 0x3D, 0xBE, 0xC5, 0xB7, 0xAE, 0xBD, 0xB0, 0xC5, 0xAF, 0x52, 0x7F, 0x69, 0x71, 0x31, 0x3F,
    0x36, 0x2E, 0xF2, 0x7E, 0xC5, 0x35, 0xB6, 0xD4, 0x73, 0x9E, 0x91, 0xD7, 0xAD, 0xD0, 0xE2, 0x36,
    0x6C, 0xBB, 0x6B, 0xDB, 0x74, 0x91, 0xDA, 0x78, 0xE3, 0x27, 0x09, 0x6E, 0x57, 0xF5, 0x10, 0xDF,
    0x95, 0x53, 0x45, 0xC1, 0x3C, 0x27, 0x0D, 0x5D, 0xE8, 0x46, 0x93, 0xDB, 0x1F, 0x3F, 0x55, 0x1B,
    0xFB, 0xD0, 0xE9, 0xCF, 0xDE, 0xDE, 0x52, 0x74, 0xCD, 0xEB, 0x0B, 0x75, 0xD9, 0xBC, 0x39, 0xB3,
    0x6B, 0xFD, 0x40, 0x95, 0xB6, 0x9B, 0xB4, 0x45, 0xC9, 0x42, 0x37, 0x69, 0xC6, 0x39, 0xC5, 0xD5,
    0xDC, 0xD8, 0x41, 0xF8, 0xC8, 0xBA, 0xF8, 0xDA, 0x61, 0xC6, 0x9A, 0xDA, 0x00, 0x69, 0xAC, 0x5B,
    0xAD, 0x5B, 0xD4, 0x69, 0xAA, 0xA3, 0x2E, 0x54, 0xCC, 0xD2, 0x62, 0xBE, 0xC5, 0x61, 0xCE, 0x9A,
    0x9D, 0xF7, 0x33, 0xBB, 0x27, 0xFC, 0x25, 0x4C, 0xFD, 0x9E, 0x06, 0x65, 0xCF, 0xB6, 0xEA, 0xCB,
    0x21, 0xF2, 0x65, 0x57, 0x0D, 0xF1, 0x56, 0x5D, 0xAA, 0x3E, 0xF6, 0x1B, 0x3E, 0x4B, 0xFC, 0xB4,
    0xAB, 0x42, 0x6D, 0x73, 0x6A, 0xDB, 0x4B, 0xAA, 0xD6, 0xE4, 0x50, 0x5B, 0x97, 0x12, 0x86, 0xDA,
    0xF1, 0x6F, 0x70, 0xA1, 0x1A, 0xFF, 0xE7, 0x91, 0xEB, 0xF0, 0x12, 0xDA, 0x6C, 0xCE, 0xC6, 0x43,
    0x6B, 0x4F, 0xBA, 0x57, 0xF7, 0x61, 0xF9, 0xBB, 0x65, 0x1F, 0xE6, 0x1F, 0x1E, 0xDF, 0x48, 0x39,
    0x73, 0x77, 0xD6, 0xED, 0xFE, 0x80, 0x38, 0x9F, 0xF2, 0x9A, 0xDE, 0x0F, 0x94, 0xAC, 0xBF, 0x0E,
    0x27, 0x0D, 0x3B, 0x4C, 0xAB, 0x5C, 0xF5, 0xC5, 0x3A, 0x35, 0xEB, 0x71, 0xD9, 0x26, 0xB3, 0xA6,
    0xE4, 0xC5, 0x62, 0xC3, 0xEE, 0xB0, 0x5C, 0xDA, 0x9D, 0x1F, 0x34, 0x84, 0xCD, 0x52, 0x65, 0x5C,
    0x13, 0x2A, 0xD6, 0xBB, 0x7D, 0x98, 0xAF, 0xB6, 0x36, 0xF8, 0x42, 0x39, 0x1F, 0xC3, 0x66, 0x94,
    0xCA, 0x79, 0x05, 0x5E, 0x8F, 0xC3, 0xB6, 0x4B, 0x78, 0x97, 0x4A, 0xD6, 0x9B, 0xF2, 0xDE, 0x5C,
    0x09, 0x5F, 0x73, 0xED, 0xC3, 0x35, 0xAB, 0x49, 0xFA, 0xD6, 0x76, 0x18, 0x9C, 0xAC, 0xAF, 0x9C,
    0x22, 0xC9, 0x0B, 0xE3, 0xA3, 0x28, 0x34, 0xE6, 0x16, 0xA2, 0xD4, 0x19, 0x9A, 0x85, 0xC3, 0x99,
    0xF6, 0x87, 0x21, 0x9A, 0x8B, 0x2B, 0x3C, 0x3F, 0x30, 0x3D, 0xE4, 0x43, 0xE3, 0x4C, 0x0D, 0xC9,
    0xA7, 0x8B, 0x33, 0x2D, 0x44, 0x78, 0x05, 0x25, 0xE0, 0xF3, 0xA0, 0x83, 0x6F, 0xD6, 0x87, 0x0A,
    0xDC, 0xA1, 0x01, 0x17, 0x14, 0xC0, 0x7B, 0x99, 0xFC, 0xB4, 0x15, 0x93, 0xF9, 0x3A, 0xE2, 0x36,
    0x0F, 0x12, 0xE3, 0x4B, 0x61, 0x04, 0x09, 0x83, 0xE8, 0x6D, 0x17, 0x24, 0xA7, 0xC9, 0x9A, 0xE0,
    0xC1, 0x32, 0x5D, 0xB8, 0xAA, 0x89, 0x3D, 0x1E, 0x52, 0x77, 0x87, 0xD0, 0xF5, 0x2E, 0xF3, 0xB6,
    0x8B, 0x9C, 0x53, 0xB6, 0x5D, 0xE2, 0xC9, 0x04, 0xCE, 0x6D, 0xD7, 0xE3, 0xD6, 0xF9, 0x50, 0xC9,
    0x66, 0x86, 0x64, 0x5C, 0x6D, 0x10, 0xFB, 0xC9, 0xEC, 0x97, 0x6B, 0x68, 0xDA, 0x6C, 0xBA, 0x30,
    0xB0, 0x47, 0x18, 0x64, 0xAB, 0xC9, 0x49, 0xE7, 0xC1, 0x01, 0x3D, 0x83, 0xBF, 0x70, 0x90, 0xF8,
    0x1F, 0xE2, 0x26, 0x10, 0x92, 0x9E, 0xA9, 0xA6, 0x8C, 0xB9, 0xB9, 0x08, 0x88, 0x28, 0x2F, 0x81,
    0x09, 0xCB, 0x45, 0x68, 0x17, 0x62, 0xBA, 0xF2, 0x7B, 0xD8, 0x05, 0x5B, 0x50, 0x5F, 0xBA, 0x49,
    0xBA, 0xA6, 0x83, 0x99, 0x50, 0xB8, 0xA6, 0x2B, 0x57, 0xC9, 0x56, 0x8D, 0xED, 0x22, 0xD1, 0x2A,
    0xFF, 0xC9, 0x22, 0x79, 0x72, 0xFF, 0x8E, 0x0D, 0x92, 0x2D, 0x5E, 0x0A, 0xCA, 0xA5, 0xDF, 0xC3,
    0x71, 0x98, 0xC9, 0x72, 0x67, 0xD1, 0x5B, 0x9D, 0xBB, 0x55, 0x2E, 0x39, 0x91, 0x37, 0xC1, 0x72,
    0xF2, 0x9E, 0x7B, 0x97, 0x2D, 0x5C, 0xA2, 0xBD, 0xCB, 0x67, 0x2E, 0xCE, 0xD1, 0x4D, 0xA5, 0xBA,
    0x51, 0x5D, 0x31, 0x56, 0xA1, 0xA3, 0x9A, 0x4A, 0xEB, 0xAA, 0x81, 0x5E, 0x1A, 0xCA, 0x93, 0x8E,
    0xDA, 0x8E, 0x9A, 0x83, 0x6B, 0x87, 0xFA, 0xFF, 0x84, 0xFD, 0x8F, 0xEE, 0x43, 0xAC, 0x03, 0x54,
    0xF4, 0x2E, 0xF4, 0xC3, 0x79, 0x26, 0x23, 0xA7, 0x99, 0x2F, 0x9C, 0x65, 0xBE, 0xA4, 0x6A, 0x39,
    0xAB, 0x64, 0xB4, 0xA8, 0x91, 0x2F, 0xBB, 0x4D, 0xE5, 0x63, 0x68, 0x27, 0x2D, 0x1B, 0x37, 0xCA,
    0x50, 0xA8, 0x2D, 0x65, 0x07, 0xA7, 0xB6, 0xE3, 0x54, 0x8E, 0xB6, 0xA7, 0xFA, 0xD8, 0xB6, 0x17,
    0xCE, 0xC6, 0x5A, 0x4D, 0x69, 0x08, 0x2D, 0x27, 0xD4, 0xCB, 0x27, 0x44, 0x6A, 0xA5, 0x40, 0xD7,
    0x2C, 0x57, 0xC7, 0x8C, 0x38, 0x80, 0x45, 0x5A, 0xE2, 0x2D, 0xE1, 0x0F, 0x54, 0x8B, 0x76, 0x89,
    0x66, 0xCE, 0x9A, 0xAF, 0x74, 0xA1, 0x2E, 0xD3, 0x25, 0x9B, 0xA9, 0xC5, 0x6C, 0xCE, 0x27, 0xBC,
    0x30, 0x53, 0xBC, 0xF4, 0x53, 0xE8, 0x55, 0x8C, 0x9C, 0x31, 0xE6, 0x3B, 0xD0, 0x37, 0x72, 0x66,
    0x78, 0xE9, 0x07, 0xF3, 0xEB, 0x82, 0xDB, 0xB8, 0x20, 0x2C, 0x62, 0xDA, 0xE6, 0x81, 0x13, 0x49,
    0xCC, 0xCB, 0xAF, 0x1A, 0x64, 0x0B, 0x37, 0x5E, 0x01, 0xD7, 0xBC, 0xA4, 0xB0, 0x86, 0x30, 0xE8,
    0xE8, 0x71, 0x71, 0x5B, 0x98, 0x6B, 0x18, 0x8C, 0xB4, 0x2E, 0xDC, 0xFE, 0xB3, 0x59, 0x83, 0x31,
    0xFF, 0x78, 0xE5, 0x00, 0xD3, 0xF8, 0xC8, 0x87, 0xC1, 0xE8, 0xEB, 0x06, 0xF7, 0x1A, 0x8B, 0xA1,
    0xE9, 0xC2, 0xA0, 0x1A, 0xDA, 0x1A, 0x77, 0x2D, 0xFB, 0x62, 0x0C, 0x83, 0x7C, 0xF6, 0xB6, 0x96,
    0xC9, 0x22, 0x43, 0xA5, 0xA9, 0x2A, 0xA2, 0xD1, 0x78, 0x65, 0xC6, 0x18, 0x20, 0x00, 0x61, 0xDA,
    0xD5, 0xC5, 0x55, 0x1B, 0xF5, 0x87, 0x8B, 0x15, 0x88, 0xE3, 0x58, 0x6C, 0x18, 0xFE, 0x9A, 0xD3,
    0xDB, 0xD4, 0x50, 0x52, 0xE1, 0xB5, 0x03, 0x60, 0xA2, 0x5B, 0x1D, 0xE4, 0xCA, 0xE5, 0xF5, 0x69,
    0x4D, 0x26, 0x55, 0x35, 0x52, 0x28, 0xAE, 0x67, 0x26, 0x99, 0xF2, 0x8E, 0x22, 0x51, 0x33, 0xB9,
    0x49, 0xE4, 0x4C, 0xA0, 0xAA, 0xCF, 0x3F, 0x5E, 0x34, 0x1B, 0x13, 0x07, 0xBD, 0xA4, 0xA9, 0x3A,
    0x13, 0x06, 0x9B, 0x45, 0xB2, 0xB4, 0x17, 0x89, 0x82, 0xC5, 0x2B, 0x3B, 0x4A, 0xE2, 0x6B, 0x13,
    0x84, 0x3D, 0xE5, 0x90, 0x2A, 0xF6, 0x1E, 0x52, 0x68, 0xEE, 0xD5, 0xB6, 0xCB, 0x10, 0x07, 0x11,
    0xD8, 0x73, 0x99, 0xB1, 0x06, 0x12, 0x40, 0xFB, 0xCA, 0xD9, 0xC2, 0x9F, 0xE0, 0x8D, 0x33, 0xB7,
    0x01, 0x15, 0x0C, 0x21, 0xC8, 0xD4, 0xC1, 0x5B, 0x58, 0xD7, 0x9A, 0xD3, 0x08, 0x51, 0x28, 0xBC,
    0xAB, 0xDC, 0xCD, 0x47, 0x3A, 0x22, 0xE0, 0xC1, 0x4B, 0x8F, 0x9E, 0x37, 0xCB, 0x3E, 0xD1, 0xEC,
    0x72, 0xFF, 0x96, 0x75, 0xCE, 0xFF, 0xC0, 0x73, 0x47, 0xF8, 0x1F, 0xCA, 0x4F, 0x78, 0xCC, 0x8C,
    0xD0, 0x23, 0x59, 0xF7, 0x8E, 0x11, 0x17, 0xD3, 0xA2, 0x0F, 0x4B, 0x88, 0x97, 0x62, 0xEE, 0x77,
    0x04, 0x5D, 0x75, 0x1D, 0xB6, 0xFD, 0x7C, 0xEA, 0xB8, 0xC3, 0x19, 0x78, 0x73, 0x0B, 0x91, 0xA1,
    0xD3, 0xD6, 0x86, 0xDB, 0xE8, 0x2D, 0x66, 0x9A, 0x73, 0x97, 0xC4, 0x5F, 0xBF, 0x3C, 0xC9, 0xAF,
    0x0D, 0xDC, 0x1C, 0xC9, 0x27, 0xB3, 0x44, 0x94, 0xA8, 0x47, 0xF8, 0xDF, 0xC5, 0x13, 0x48, 0xC0,
    0x35, 0xD8, 0x66, 0xFA, 0x4E, 0x2E, 0x77, 0x5B, 0xBE, 0xC7, 0xB6, 0xFA, 0x3D, 0xDB, 0xF6, 0x45,
    0xAA, 0xCB, 0xA7, 0xB8, 0x4E, 0xB4, 0xD9, 0x3E, 0x0A, 0x3B, 0x89, 0xA6, 0x3E, 0x11, 0x97, 0x14,
    0xA3, 0xFC, 0x7F, 0x2F, 0x28, 0x25, 0x47, 0xEB, 0xE9, 0x60, 0xE9, 0x65, 0x3D, 0x5D, 0x65, 0x80,
    0x0D, 0x30, 0x07, 0xED, 0x16, 0x85, 0x16, 0xB9, 0x26, 0xF8, 0xA2, 0x5E, 0x02, 0x25, 0x73, 0x8E,
    0x39, 0xAC, 0x55, 0x2D, 0x98, 0x84, 0x5F, 0xCF, 0xCE, 0x42, 0xED, 0xE9, 0xC1, 0x5F, 0xE4, 0x32,
    0x66, 0x4F, 0x7F, 0xFC, 0x16, 0x7D, 0x71, 0xE4, 0x6D, 0x0A, 0xE5, 0x18, 0x0B, 0xB4, 0xAC, 0x86,
    0x56, 0x1A, 0x22, 0x81, 0xB6, 0xCB, 0xD9, 0x14, 0x7C, 0x5B, 0x11, 0x9B, 0xC2, 0xA1, 0x55, 0xFE,
    0x33, 0x46, 0x97, 0x37, 0xE9, 0x84, 0x93, 0x91, 0x58, 0xA4, 0xFA, 0xDD, 0x9C, 0xBF, 0x37, 0x60,
    0x6F, 0xC6, 0xBB, 0x47, 0xC1, 0x45, 0x70, 0x89, 0x54, 0x60, 0xC1, 0x9E, 0x0C, 0x0B, 0x33, 0x23,
    0x22, 0x9E, 0x98, 0x54, 0xA1, 0xF8, 0x57, 0x0A, 0xAF, 0xF2, 0xD9, 0x0B, 0x10, 0x74, 0x21, 0x20,
    0xB6, 0x42, 0x04, 0x6D, 0x32, 0x55, 0x2F, 0x0D, 0x39, 0x50, 0x34, 0xE6, 0x3A, 0xEF, 0x46, 0x63,
    0x97, 0x9D, 0xF9, 0xB4, 0xAB, 0xE5, 0x63, 0x78, 0x16, 0x0A, 0x38, 0xE5, 0x7E, 0xB5, 0xAA, 0x0B,
    0xCF, 0x1D, 0x2F, 0x61, 0x9A, 0x5C, 0x9D, 0x77, 0xC7, 0x03, 0x20, 0x9D, 0xB1, 0x51, 0xC9, 0x95,
    0x4D, 0x84, 0xF2, 0x4A, 0x41, 0x3E, 0x42, 0xF5, 0x4E, 0x48, 0x7D, 0x30, 0xA0, 0x2E, 0x97, 0xAC,
    0xA8, 0x90, 0xCF, 0x86, 0xD2, 0x0D, 0xA4, 0x1B, 0x46, 0x6F, 0x4F, 0xAD, 0x00, 0xBA, 0xC6, 0xF9,
    0x6C, 0xF0, 0xDC, 0xD0, 0xB9, 0xC0, 0x79, 0x6F, 0xD8, 0xDC, 0xA0, 0xB9, 0x21, 0xF3, 0x00, 0xCC,
    0x0D, 0x97, 0x1B, 0x2C, 0x2F, 0x3B, 0x9A, 0xC6, 0x07, 0x33, 0xDF, 0x8F, 0xBB, 0x95, 0xDD, 0x84,
    0x72, 0x32, 0x58, 0xA0, 0x74, 0x86, 0x62, 0x61, 0xF4, 0xCD, 0x20, 0xBA, 0x10, 0xBA, 0x00, 0xBA,
    0xC2, 0xAE, 0x1A, 0xA1, 0x73, 0x81, 0x73, 0x2D, 0x2E, 0xA0, 0xF9, 0x62, 0xC8, 0x5C, 0xC0, 0xDC,
    0x70, 0xB9, 0xBC, 0x7F, 0xF4, 0xEA, 0xBD, 0x97, 0xD1, 0x6D, 0x39, 0xF7, 0x44, 0x43, 0x63, 0x72,
    0xE5, 0xB6, 0x87, 0xA5, 0xAB, 0x2F, 0xA8, 0x7A, 0x61, 0xF4, 0x2E, 0x3B, 0x5A, 0x99, 0x0A, 0xDB,
    0x2B, 0xA0, 0xBD, 0x18, 0x3A, 0x17, 0x38, 0xAF, 0x0D, 0x9B, 0x1B, 0x34, 0x37, 0x48, 0x6E, 0xAD,
    0xE1, 0x72, 0x83, 0xE5, 0x86, 0xCA, 0x0D, 0x94, 0x13, 0x93, 0x2F, 0x82, 0xE4, 0x53, 0x40, 0xE4,
    0x06, 0xC8, 0x03, 0x1E, 0x37, 0x38, 0x6E, 0x68, 0x1C, 0x86, 0xE2, 0x60, 0x29, 0x90, 0xE5, 0x02,
    0x85, 0xBA, 0xAB, 0xB1, 0x38, 0x39, 0x09, 0x81, 0xF2, 0x9E, 0xAF, 0x64, 0xA5, 0x47, 0xA0, 0x06,
    0x9A, 0xF0, 0x22, 0x0C, 0x07, 0x08, 0x5F, 0x38, 0x63, 0x00, 0xF0, 0x99, 0xF0, 0x9B, 0xE0, 0x9B,
    0xD0, 0x9B, 0xC0, 0xDB, 0x60, 0x77, 0xAB, 0x1D, 0xDD, 0x6A, 0x77, 0xFB, 0xE0, 0xF2, 0x8E, 0x47,
    0x34, 0x67, 0x3D, 0x8D, 0x9E, 0x02, 0x5A, 0x1B, 0x2D, 0x59, 0x7F, 0x57, 0x75, 0x55, 0x62, 0x5C,
    0x6A, 0x17, 0x5F, 0x95, 0xF4, 0x1C, 0xB6, 0xB1, 0x7F, 0x06, 0xAE, 0xF6, 0xC7, 0x8B, 0xC6, 0xA7,
    0xC7, 0xA3, 0xD1, 0x9F, 0x13, 0x94, 0x0F, 0xF8, 0xA6, 0x1A, 0x42, 0x9A, 0x89, 0x85, 0x5A, 0xBF,
    0xA2, 0x5A, 0x74, 0x02, 0x6F, 0xA3, 0xA1, 0xE3, 0x06, 0xA2, 0xAC, 0x27, 0x2D, 0x3E, 0x73, 0x4B,
    0x5A, 0x7C, 0x2D, 0x26, 0xC5, 0xD0, 0x48, 0xA1, 0xD5, 0x2F, 0x3B, 0x45, 0x9A, 0x7D, 0x2E, 0x5F,
    0x49, 0x2D, 0x56, 0x17, 0xC4, 0x85, 0x77, 0x90, 0x6D, 0x31, 0xFF, 0xE2, 0x27, 0xBF, 0xBA, 0x7D,
    0x5B, 0x4C, 0xB7, 0x13, 0x5E, 0x31, 0x60, 0x52, 0xCA, 0x20, 0x4F, 0xE9, 0xF5, 0x57, 0x4C, 0x8B,
    0x83, 0x99, 0x22, 0xD1, 0x45, 0x4C, 0x53, 0x58, 0x4F, 0xBB, 0xFA, 0xC7, 0xF3, 0xAD, 0x69, 0xF2,
    0xD9, 0x95, 0xB3, 0xE9, 0x98, 0x85, 0x01, 0x3E, 0x4F, 0xDF, 0x10, 0x85, 0x92, 0x5A, 0x92, 0x70,
    0xAF, 0x5D, 0x18, 0x94, 0x98, 0x8D, 0x56, 0x48, 0x10, 0x08, 0x5A, 0x9B, 0xBA, 0x1A, 0x9A, 0xD7,
    0x7D, 0x07, 0x92, 0x01, 0x29, 0xF8, 0x0C, 0xE1, 0xEF, 0xCB, 0x31, 0xF8, 0xA3, 0xCD, 0xBC, 0x7F,
    0x08, 0x21, 0xE6, 0xDD, 0x73, 0x42, 0x69, 0x5C, 0x2D, 0x6B, 0xED, 0x93, 0x3B, 0x89, 0xBF, 0x22,
    0x46, 0xD2, 0x38, 0x34, 0x97, 0x33, 0xE5, 0x32, 0x56, 0xB5, 0x01, 0x01, 0x35, 0xE9, 0x58, 0xD5,
    0xEE, 0xE1, 0xC7, 0x2D, 0x00, 0xB3, 0x9B, 0x6A, 0xCD, 0xFC, 0xF6, 0xF0, 0x3D, 0xCB, 0xD3, 0x1E,
    0x30, 0x08, 0x1C, 0xF6, 0x43, 0xFD, 0x95, 0x52, 0xB1, 0x76, 0xA6, 0x90, 0xBC, 0xA8, 0x21, 0x8D,
    0x8E, 0xDD, 0x7A, 0x8B, 0xDA, 0x15, 0x5A, 0xAC, 0x43, 0xEF, 0xCE, 0xFD, 0xC3, 0x56, 0x2C, 0xEE,
    0xC9, 0x89, 0x78, 0x12, 0x8F, 0x15, 0xFA, 0x36, 0x7C, 0x7B, 0x0B, 0x7F, 0xBD, 0x58, 0x9F, 0xCE,
    0x3E, 0xE4, 0x28, 0xD6, 0x17, 0x83, 0x0F, 0x44, 0x8C, 0xF5, 0xED, 0xC5, 0x7A, 0x65, 0xF2, 0xE4,
    0x37, 0xAC, 0x4F, 0x49, 0x6F, 0x6D, 0xA2, 0xDC, 0xBC, 0xE1, 0x59, 0x9B, 0x4D, 0x15, 0xFA, 0x76,
    0xE7, 0x31, 0x0D, 0x46, 0x52, 0xDF, 0x3E, 0x04, 0x0F, 0x1F, 0xE0, 0x1D, 0x57, 0x43, 0xE0, 0x14,
    0x3D, 0x35, 0xAE, 0x35, 0x12, 0xC2, 0xE4, 0x82, 0x5D, 0xDB, 0xCF, 0x3D, 0xCA, 0x25, 0xD6, 0x3A,
    0xC2, 0x2C, 0xC8, 0xB9, 0x81, 0xF0, 0x9E, 0x4A, 0xFF, 0xF4, 0x12, 0x83, 0xB7, 0x8B, 0xB4, 0xFC,
    0x21, 0xF7, 0x5D, 0x34, 0x2B, 0x64, 0xBE, 0x5C, 0xF1, 0x52, 0x3C, 0x5C, 0xF3, 0xC7, 0x42, 0x4C,
    0x97, 0xEE, 0x4B, 0x4A, 0xF0, 0xDB, 0xA0, 0x93, 0xD6, 0x7B, 0x8B, 0xF7, 0x7F, 0xC5, 0x75, 0x2A,
    0x10, 0x16, 0x7E, 0x00, 0xFF, 0x58, 0x6C, 0x12, 0x69, 0x90, 0x92, 0x37, 0x93, 0x0E, 0x19, 0xC2,
    0x0C, 0x47, 0x8E, 0x5B, 0xBB, 0xEF, 0x8A, 0x53, 0xDA, 0x41, 0xAA, 0xA5, 0x75, 0x86, 0x33, 0xC4,
    0xD0, 0x04, 0x4E, 0x8B, 0x99, 0x85, 0x7F, 0xB8, 0x8D, 0x36, 0xA5, 0x1B, 0x7E, 0x68, 0xD4, 0x12,
    0x37, 0x7B, 0x42, 0x74, 0x4C, 0x99, 0x10, 0x7D, 0x21, 0x44, 0x2F, 0x0D, 0xA2, 0xCF, 0xB2, 0xDB,
    0x8E, 0x1B, 0x4B, 0xF7, 0x69, 0x47, 0xED, 0xAE, 0x95, 0xB3, 0x21, 0xA6, 0x06, 0x1F, 0xD9, 0xD6,
    0x27, 0xCC, 0x7D, 0x71, 0xFE, 0x79, 0x63, 0xCC, 0xA8, 0xC5, 0x85, 0x44, 0xAA, 0x42, 0xF5, 0xDE,
    0x94, 0x90, 0x24, 0x16, 0x51, 0x08, 0xE2, 0xEB, 0x82, 0xAB, 0x35, 0x23, 0x57, 0x69, 0xF4, 0x53,
    0xEC, 0xC7, 0x82, 0x72, 0x66, 0xE4, 0xBA, 0x60, 0xBE, 0xF5, 0xC3, 0x49, 0xCC, 0x7B, 0xC3, 0x91,
    0xC4, 0x24, 0x37, 0x92, 0x98, 0xFB, 0xFF, 0xA9, 0x86, 0x0E, 0x3D, 0x79, 0xF1, 0x05, 0xAD, 0xD8,
    0x02, 0xB4, 0xD8, 0x25, 0xF8, 0x4E, 0xAC, 0x00, 0xC5, 0xF6, 0xEF, 0x68, 0xA8, 0xDF, 0x35, 0x94,
    0xD1, 0xD5, 0x25, 0xF3, 0x46, 0xA2, 0x80, 0x42, 0xCB, 0x7A, 0x0E, 0x66, 0xF1, 0xCA, 0x20, 0xE4,
    0xD2, 0x1F, 0xFF, 0x1C, 0x0A, 0xBB, 0x0F, 0xD5, 0xB5, 0x35, 0x97, 0xA5, 0x8E, 0xC9, 0x53, 0x44,
    0xFE, 0x69, 0xDA, 0x2C, 0x2F, 0xD0, 0xF0, 0xAA, 0xF9, 0x5F, 0x27, 0x39, 0x55, 0x36, 0x78, 0xFB,
    0x2C, 0x7E, 0x91, 0x52, 0xE2, 0x02, 0x84, 0xE8, 0x9E, 0xF1, 0x70, 0x34, 0x3D, 0xA1, 0x85, 0x99,
    0xA9, 0xC4, 0x21, 0xE4, 0xC4, 0xF1, 0xCB, 0x5F, 0xBF, 0xCF, 0x28, 0xA9, 0x39, 0x6C, 0xAD, 0xC4,
    0x5F, 0xAE, 0x0A, 0xD9, 0xF9, 0x30, 0xB8, 0x23, 0x06, 0xB7, 0x9A, 0xB2, 0xAD, 0x22, 0x83, 0x67,
    0x15, 0x63, 0x86, 0x50, 0x7D, 0x31, 0x6A, 0x2A, 0x9F, 0xE9, 0xA8, 0xF2, 0x99, 0xB4, 0x7D, 0x3E,
    0xB5, 0xBD, 0xE4, 0xB8, 0x68, 0x9F, 0xD7, 0x6A, 0x45, 0x6A, 0x93, 0xA4, 0x2E, 0xC5, 0x1E, 0x56,
    0x43, 0x21, 0x3A, 0x37, 0x37, 0x04, 0x21, 0x92, 0x29, 0x09, 0x95, 0x13, 0x65, 0xBE, 0x50, 0x1C,
    0xB9, 0xD2, 0x51, 0xED, 0x14, 0xEA, 0x37, 0x4F, 0xD6, 0xAF, 0x05, 0x96, 0x5F, 0xFC, 0xBE, 0xBC,
    0x70, 0x74, 0x2C, 0x79, 0xBC, 0xED, 0x8D, 0x31, 0xA0, 0xEB, 0xCE, 0xD5, 0x5C, 0x1B, 0x3A, 0x06,
    0x14, 0xA2, 0x20, 0x57, 0xC6, 0x09, 0xE7, 0xCA, 0xFA, 0x46, 0x46, 0xA3, 0x8F, 0x28, 0x04, 0xF5,
    0x9A, 0x53, 0xAF, 0x05, 0x47, 0xE5, 0x07, 0x34, 0x9D, 0xF7, 0xE5, 0xA7, 0x71, 0x7F, 0xB2, 0x75,
    0x46, 0x2E, 0x82, 0x6F, 0x62, 0x8D, 0x09, 0xE6, 0x23, 0x0F, 0xF9, 0x4F, 0xE7, 0xCB, 0x22, 0x53,
    0xF3, 0xE5, 0x9F, 0xC8, 0x97, 0x67, 0xAB, 0x67, 0x9D, 0xF2, 0xE5, 0xC1, 0x8A, 0x59, 0x22, 0xC5,
    0x65, 0x6A, 0xAB, 0xF2, 0xE5, 0x51, 0xA6, 0x76, 0x09, 0xE6, 0xA0, 0x8C, 0x0F, 0x8F, 0xEF, 0xB9,
    0x63, 0x6B, 0x59, 0x35, 0x20, 0x70, 0x53, 0xAA, 0x6A, 0xA5, 0xF6, 0xF5, 0x90, 0x2A, 0xA7, 0x47,
    0xAA, 0x5C, 0x2A, 0x55, 0xEE, 0xBF, 0x28, 0x55, 0x56, 0x40, 0x20, 0x95, 0x34, 0x16, 0x13, 0x17,
    0x73, 0xA0, 0x1D, 0xD5, 0xB8, 0x80, 0xF6, 0x1F, 0x2F, 0xFA, 0x7D, 0x5E, 0xFE, 0x81, 0xDB, 0xED,
    0xBA, 0x1D, 0x8F, 0xCD, 0x54, 0xFA, 0x25, 0xA4, 0x5A, 0xEE, 0x46, 0xA2, 0xF5, 0x2F, 0x31, 0x0D,
    0x77, 0x43, 0x73, 0xB9, 0x5F, 0x0F, 0x23, 0x59, 0x3E, 0xE7, 0xF8, 0xFF, 0xBB, 0x7A, 0x8D, 0x5F,
    0xB9, 0x77, 0x1F, 0x50, 0xBC, 0x24, 0xB1, 0xDD, 0xEC, 0x5B, 0xB7, 0xD8, 0x8B, 0x89, 0x8C, 0x3B,
    0xC4, 0x12, 0x4B, 0xAC, 0x32, 0x8E, 0xAA, 0x52, 0x4E, 0xD5, 0x20, 0x96, 0x9F, 0x54, 0x62, 0x70,
    0x56, 0xD0, 0x93, 0xE8, 0xDC, 0xB4, 0x7E, 0xDB, 0xF7, 0xAC, 0xB9, 0x52, 0x2B, 0x28, 0x8D, 0xBB,
    0x6B, 0xB4, 0xA6, 0x97, 0x47, 0xC4, 0xCC, 0xE0, 0xE5, 0x26, 0xA8, 0xAC, 0xA2, 0xA8, 0x27, 0x9F,
    0x52, 0x74, 0x0F, 0xB0, 0x95, 0x58, 0x51, 0x1A, 0x4D, 0x7F, 0xED, 0x09, 0x3E, 0x91, 0xD3, 0xC4,
    0x5D, 0xBC, 0xB4, 0x38, 0x59, 0xAE, 0x41, 0x7E, 0x7D, 0xB3, 0xC8, 0xCB, 0xC9, 0x57, 0x0A, 0x11,
    0xF4, 0x12, 0x93, 0x3B, 0x63, 0x68, 0x01, 0xFA, 0x4C, 0x05, 0x80, 0xE2, 0xD2, 0x0E, 0x15, 0x83,
    0xB3, 0x02, 0x06, 0xFC, 0xEF, 0x02, 0x7A, 0x66, 0x33, 0x16, 0x1A, 0xC1, 0x17, 0x5F, 0x3B, 0x71,
    0x12, 0x34, 0x1B, 0xAB, 0x15, 0xD8, 0x8B, 0x02, 0x54, 0xDD, 0xF5, 0xD5, 0x84, 0x17, 0x97, 0x97,
    0x2F, 0x6A, 0xC8, 0xBB, 0xE3, 0x45, 0xDF, 0xA2, 0xE9, 0x61, 0xC6, 0xED, 0x62, 0x6B, 0x10, 0x0C,
    0xF6, 0xFF, 0x85, 0xC3, 0xA3, 0x70, 0x18, 0xE0, 0x9E, 0xC1, 0xE6, 0x50, 0x38, 0x0C, 0xB9, 0x78,
    0xB9, 0xEE, 0xA3, 0x10, 0x99, 0xFF, 0x07, 0x0A, 0x87, 0x7B, 0xDA, 0x78, 0xB3, 0xAF, 0xFA, 0x1B,
    0x25, 0xC2, 0x87, 0x7A, 0x54, 0x0C, 0x5F, 0xA7, 0x30, 0x00, 0x04, 0xEC, 0xB9, 0x35, 0x5F, 0xC0,
    0x5E, 0xB0, 0x72, 0xA1, 0x0A, 0x5F, 0x2C, 0x80, 0x8C, 0x56, 0x2C, 0x04, 0x2B, 0xAA, 0x5A, 0x21,
    0x80, 0x27, 0x7D, 0x05, 0xE7, 0x4D, 0x36, 0x59, 0x27, 0x20, 0x92, 0xCD, 0xCE, 0x37, 0xB0, 0x4E,
    0xD8, 0x5B, 0x99, 0x10, 0x57, 0x60, 0x95, 0x30, 0xF1, 0x56, 0x24, 0xA4, 0x5E, 0x43, 0x8D, 0x70,
    0x64, 0x89, 0x10, 0x6E, 0x75, 0x64, 0x85, 0xB0, 0x34, 0x01, 0xFE, 0x31, 0xFB, 0x74, 0xD7, 0x80,
    0x93, 0x5D, 0x50, 0x61, 0x5E, 0x31, 0x5C, 0xE4, 0x44, 0xFE, 0xF8, 0x80, 0x13, 0xED, 0x84, 0xA2,
    0x27, 0x76, 0x62, 0x65, 0x3F, 0x34, 0x21, 0x57, 0x15, 0x0E, 0xAC, 0xEC, 0x27, 0x56, 0xB4, 0xFA,
    0x46, 0x8C, 0x98, 0xD2, 0xDA, 0xD7, 0x8D, 0x10, 0x41, 0xAF, 0x7A, 0x26, 0xCA, 0xC7, 0x73, 0xAE,
    0xCC, 0x0F, 0x21, 0x4E, 0x7D, 0xB6, 0xA8, 0x87, 0xDB, 0xB0, 0x2C, 0x20, 0x5B, 0x8C, 0x28, 0xC9,
    0x48, 0xB3, 0xC7, 0xDC, 0x0E, 0xA1, 0x1F, 0xE5, 0x28, 0x58, 0x85, 0xED, 0x44, 0x9E, 0xF4, 0x8D,
    0x7A, 0x55, 0x39, 0x23, 0x58, 0x97, 0xB4, 0xA6, 0xAD, 0xDB, 0x59, 0xDE, 0xC2, 0x6D, 0x97, 0x11,
    0x3D, 0x63, 0x0D, 0x78, 0x6B, 0x65, 0xC4, 0xBE, 0x54, 0xD6, 0xD9, 0xFE, 0x80, 0x41, 0x17, 0x78,
    0x66, 0xA0, 0x4B, 0xAD, 0x06, 0x22, 0xAB, 0x6A, 0xA4, 0x17, 0xA8, 0x54, 0xA3, 0xC3, 0x27, 0xDA,
    0x4E, 0x76, 0x66, 0x43, 0x79, 0x12, 0xA9, 0x1E, 0x6C, 0x9E, 0x4C, 0x5B, 0x9B, 0xE5, 0x0C, 0xD5,
    0x35, 0x2A, 0x95, 0x21, 0xE8, 0xCA, 0x10, 0x1E, 0x60, 0xDA, 0x63, 0x43, 0xAF, 0xF5, 0x09, 0x4D,
    0xAF, 0x50, 0x70, 0x31, 0x20, 0x50, 0x1A, 0x5B, 0x33, 0x3D, 0x6C, 0x40, 0xB6, 0x5B, 0x9A, 0x53,
    0xBB, 0xBB, 0x0B, 0xFB, 0x4D, 0x71, 0xA2, 0xA7, 0x92, 0xE9, 0x66, 0xFC, 0xB5, 0xDA, 0xA2, 0x15,
    0x4C, 0xAD, 0xAE, 0x68, 0xA5, 0x52, 0xAB, 0x93, 0x5A, 0x91, 0xD4, 0x2A, 0xA4, 0x56, 0x4D, 0xB4,
    0xDA, 0xA8, 0x55, 0x12, 0xAD, 0x8E, 0x68, 0x55, 0x44, 0xAB, 0x87, 0x5A, 0x31, 0xD4, 0x2A, 0xA1,
    0x56, 0x3D, 0xB4, 0xDA, 0xA1, 0x55, 0x0E, 0xAD, 0x6E, 0x68, 0x41, 0xC7, 0xEA, 0x9E, 0xAA, 0x18,
    0x5A, 0xC5, 0xD3, 0xAA, 0x85, 0x41, 0x24, 0xF9, 0x8B, 0x6C, 0xB7, 0xB3, 0x00, 0x2D, 0x6E, 0x54,
    0xFD, 0x54, 0xF3, 0x53, 0xC5, 0x4F, 0xF5, 0x3E, 0x56, 0xFB, 0xE8, 0xAA, 0xE5, 0xB7, 0x42, 0x01,
    0x43, 0x0D, 0x89, 0x2A, 0x55, 0xF8, 0x54, 0xDF, 0x53, 0x75, 0x4F, 0x45, 0xBD, 0xA3, 0x59, 0x02,
    0x69, 0xC0, 0xFC, 0xE8, 0xE5, 0x83, 0xB0, 0xB0, 0x9A, 0xB6, 0x8A, 0xFA, 0xEE, 0x5B, 0x76, 0x4C,
    0x47, 0xAD, 0xFC, 0xBE, 0x1B, 0x39, 0xB3, 0xE8, 0xFD, 0xE1, 0x5A, 0xA1, 0x6C, 0xEA, 0xBB, 0xC7,
    0x75, 0xE0, 0x80, 0xD1, 0xAB, 0xBB, 0x2E, 0xED, 0x7C, 0x81, 0x0B, 0xDC, 0x5E, 0x44, 0x41, 0x53,
    0x71, 0x1D, 0x94, 0xFC, 0x29, 0xE2, 0xA5, 0x9F, 0x7D, 0x97, 0xCD, 0x53, 0x7B, 0xD9, 0x2F, 0x1F,
    0x6E, 0x99, 0xFA, 0x70, 0x0A, 0xC2, 0xA7, 0x82, 0x68, 0x12, 0xE8, 0xA5, 0x7C, 0xBA, 0x19, 0x0B,
    0xFE, 0x27, 0x28, 0x90, 0x3D, 0x04, 0x4C, 0xD7, 0x13, 0x5F, 0x66, 0x32, 0xEB, 0xE3, 0x21, 0x42,
    0x5C, 0x7C, 0xAE, 0x55, 0xEF, 0x10, 0x38, 0xA8, 0xFC, 0x06, 0x07, 0x05, 0x13, 0x6E, 0x2E, 0x12,
    0x43, 0xC7, 0x00, 0xA5, 0x75, 0x9E, 0xAE, 0x21, 0x70, 0x10, 0x98, 0x20, 0x16, 0x50, 0xF5, 0x10,
    0xD7, 0x54, 0x69, 0x35, 0xFD, 0x58, 0xF5, 0xF6, 0xFC, 0x6D, 0xC1, 0x90, 0xEA, 0x05, 0xED, 0xC4,
    0x56, 0x84, 0x75, 0xB4, 0xA8, 0x4B, 0x26, 0xEE, 0x47, 0x1C, 0x26, 0x4A, 0xF8, 0xAE, 0xA4, 0x39,
    0x97, 0x38, 0x2A, 0x08, 0x1D, 0x95, 0x38, 0x56, 0x44, 0x9F, 0x08, 0x73, 0x29, 0x26, 0x3B, 0xC8,
    0x30, 0x0A, 0x5A, 0x8B, 0xB9, 0x1E, 0x9E, 0xF0, 0x01, 0xA6, 0x1B, 0x62, 0x62, 0xFC, 0xFA, 0x83,
    0xC0, 0x94, 0xED, 0x4E, 0xF7, 0x9D, 0x2B, 0x6E, 0xBE, 0x84, 0xE2, 0xAC, 0xF6, 0xB6, 0x76, 0x43,
    0xD1, 0x9D, 0x08, 0x55, 0x4C, 0xFB, 0xBD, 0xCE, 0x12, 0x6D, 0xB1, 0x2B, 0xF0, 0xFD, 0x00, 0x3F,
    0xD8, 0xB5, 0x29, 0x42, 0x0B, 0x3C, 0x5B, 0xD9, 0x92, 0x71, 0xA6, 0x8F, 0x43, 0xAA, 0x5F, 0x7C,
    0x00, 0x02, 0xBA, 0xF8, 0x10, 0x8A, 0xC0, 0xEF, 0xE8, 0x6C, 0x60, 0xF5, 0xD9, 0x2A, 0x27, 0xEE,
    0x43, 0x01, 0xB4, 0xFC, 0xF5, 0xBA, 0xDF, 0x3E, 0x59, 0x44, 0xCF, 0x6E, 0xBA, 0x5F, 0xF5, 0x8C,
    0x3C, 0xC0, 0x1B, 0xE3, 0x5D, 0x65, 0x44, 0x59, 0xF6, 0x74, 0xC5, 0x9B, 0x24, 0xA2, 0xFE, 0x30,
    0x51, 0x33, 0xD4, 0xD7, 0xF2, 0x9B, 0xFF, 0x02, 0xFB, 0x49, 0xBE, 0x03, 0x1A, 0x90, 0xB7, 0xB1,
    0xBD, 0xDD, 0xAF, 0x22, 0x8F, 0x1F, 0xDC, 0x55, 0x5D, 0x29, 0xC1, 0x72, 0xCC, 0xC4, 0x74, 0xB0,
    0x27, 0x99, 0x90, 0x43, 0xA6, 0x43, 0x75, 0xDB, 0xBA, 0x02, 0xDB, 0xC4, 0x4C, 0x8B, 0x05, 0xF5,
    0xF2, 0x17, 0x5C, 0xA8, 0xB7, 0xA6, 0x6B, 0xFE, 0xD0, 0x5D, 0x9B, 0x74, 0xD9, 0x6B, 0x79, 0xD9,
    0xD1, 0x08, 0xB3, 0x0A, 0x79, 0x5A, 0x33, 0x99, 0x0F, 0x1D, 0x2D, 0x71, 0x2E, 0xD5, 0x8C, 0x5F,
    0x92, 0xB3, 0x56, 0xDD, 0x0E, 0x28, 0xDA, 0x03, 0xDB, 0x2B, 0x4F, 0x49, 0xA7, 0x15, 0x93, 0x6A,
    0x79, 0x56, 0x04, 0xDF, 0x2A, 0x10, 0xCA, 0x5F, 0xEC, 0x6E, 0x64, 0xF4, 0x48, 0xE8, 0xA1, 0xD6,
    0x99, 0x27, 0x69, 0x72, 0x1C, 0xFB, 0x2A, 0x46, 0xEC, 0x89, 0xE1, 0xD9, 0xA9, 0x22, 0x3D, 0x0A,
    0xFF, 0xDA, 0x6C, 0xF7, 0xED, 0xB4, 0x71, 0xA7, 0x3B, 0xA1, 0xF6, 0xF3, 0xC4, 0x44, 0xE4, 0x9D,
    0x10, 0xEC, 0xB4, 0x73, 0x88, 0xB3, 0x32, 0x0D, 0x59, 0x46, 0xD1, 0x13, 0x3D, 0x5E, 0x1E, 0x3C,
    0x5E, 0xA9, 0xE1, 0x32, 0x2E, 0xB2, 0x3F, 0x1E, 0xCE, 0x2A, 0x7F, 0x01, 0xD7, 0x16, 0x4D, 0x8F,
    0x52, 0x6A, 0x12, 0xB3, 0x70, 0x37, 0x80, 0x3C, 0x30, 0xAB, 0xB5, 0x0C, 0x71, 0x6F, 0xB6, 0xE9,
    0xE7, 0x7B, 0x4E, 0x7E, 0x7A, 0xE9, 0xC4, 0xDE, 0x9E, 0x9F, 0xF7, 0xA7, 0xBC, 0x3C, 0xBC, 0xE8,
    0x03, 0xFD, 0x9E, 0x9F, 0xD7, 0x4A, 0x06, 0x94, 0x9B, 0x87, 0x97, 0x20, 0xEA, 0x8B, 0x43, 0xFE,
    0xCE, 0x98, 0x7E, 0x34, 0xC7, 0xD3, 0xE2, 0x96, 0x9F, 0x5F, 0x09, 0x80, 0x2F, 0x3B, 0x0A, 0xC3,
    0xB4, 0xF1, 0xC2, 0x27, 0xB7, 0x4F, 0x1D, 0x02, 0x21, 0x0D, 0x1D, 0xAE, 0x11, 0x95, 0xBD, 0xA9,
    0x7A, 0x7A, 0x7E, 0x2E, 0x5A, 0x1E, 0xE1, 0x19, 0x1E, 0xE4, 0x6C, 0x05, 0x6B, 0x7E, 0x7D, 0x93,
    0x0D, 0xBF, 0x49, 0x86, 0x7F, 0xFF, 0x0C, 0x4F, 0x3E, 0x88, 0x5B, 0xA0, 0x72, 0xA9, 0x5E, 0x41,
    0xE9, 0x53, 0x42, 0x74, 0xB7, 0x4E, 0xEF, 0x24, 0xD8, 0x61, 0x20, 0xAA, 0x38, 0xD7, 0x07, 0x95,
    0x66, 0x8A, 0xD9, 0xE5, 0x2F, 0x76, 0xB7, 0x7E, 0x7A, 0x27, 0x14, 0xB6, 0x0B, 0xB9, 0x59, 0x2B,
    0xDC, 0xB4, 0x42, 0x8A, 0x6B, 0x3C, 0xDD, 0xD5, 0x93, 0x4E, 0x91, 0x92, 0x34, 0xAF, 0x7F, 0x12,
    0x20, 0x43, 0xF6, 0x02, 0x3D, 0x77, 0x34, 0xDD, 0xB6, 0xAE, 0xB2, 0x71, 0x53, 0x25, 0x00, 0xF3,
    0x78, 0xC0, 0x58, 0x5F, 0xFE, 0xA8, 0x3F, 0x1C, 0xD4, 0x60, 0x54, 0x00, 0x1D, 0x14, 0x2A, 0xE1,
    0x91, 0xE7, 0x35, 0xAA, 0x81, 0xCD, 0xA8, 0xAA, 0xBC, 0xFE, 0x5B, 0x83, 0x99, 0x1F, 0xC3, 0x0C,
    0x50, 0x06, 0xF0, 0x26, 0xE8, 0xF1, 0x94, 0x85, 0x6D, 0xBF, 0x04, 0x07, 0x45, 0xB7, 0x80, 0xA4,
    0xAA, 0x27, 0x19, 0x3B, 0xF2, 0xB0, 0xEE, 0x64, 0xB1, 0x09, 0xE7, 0x05, 0x56, 0xC6, 0x2A, 0x26,
    0xAB, 0x3C, 0x2C, 0xCC, 0x6D, 0x42, 0x0F, 0xD2, 0x37, 0x30, 0xE7, 0xF2, 0xF7, 0xC8, 0x22, 0xDF,
    0x01, 0x43, 0xF0, 0x17, 0x9C, 0x43, 0x9F, 0x96, 0x73, 0xD2, 0xC4, 0x9C, 0xC9, 0x65, 0x1F, 0x23,
    0x16, 0x7D, 0x46, 0x0C, 0xA3, 0xD4, 0x4B, 0x9E, 0xB2, 0x98, 0xBE, 0x80, 0xEF, 0xFB, 0x02, 0xCE,
    0xCF, 0xC8, 0xC9, 0xCC, 0xD2, 0x52, 0xC6, 0xC8, 0xE7, 0xD9, 0xEC, 0xC9, 0xD9, 0xE3, 0x92, 0x5A,
    0xBC, 0x9E, 0xE7, 0x61, 0x5A, 0xB0, 0x3E, 0x53, 0x05, 0x04, 0x53, 0x3E, 0x5A, 0xA9, 0x43, 0xC1,
    0x4C, 0xC0, 0xE8, 0x70, 0x1F, 0x77, 0xF5, 0x28, 0x5B, 0xFE, 0xD1, 0x62, 0xCE, 0x63, 0x79, 0xCE,
    0x5C, 0x47, 0x99, 0xD7, 0x8F, 0xF6, 0x10, 0x91, 0xA5, 0x0C, 0x8D, 0xF2, 0x07, 0x55, 0xA8, 0xA2,
    0x95, 0xC8, 0x24, 0x9E, 0xEE, 0xEE, 0x01, 0x17, 0x1E, 0xD9, 0x29, 0x48, 0xCE, 0x80, 0x1F, 0x43,
    0x18, 0x71, 0x47, 0x1C, 0x79, 0x64, 0xC7, 0xFB, 0x3E, 0xD5, 0x59, 0x89, 0xCE, 0xF0, 0x05, 0x0E,
    0xB3, 0xC0, 0x3A, 0xEB, 0x54, 0xE1, 0xD1, 0x38, 0xB8, 0xD8, 0xEF, 0x38, 0x36, 0x22, 0x7C, 0xB4,
    0x33, 0x80, 0x8D, 0xB0, 0x8D, 0x57, 0x58, 0xA6, 0x37, 0x23, 0xF7, 0x63, 0xCE, 0xCC, 0x72, 0x62,
    0x79, 0x62, 0x18, 0x6D, 0x07, 0x46, 0xAE, 0xE4, 0x3F, 0x31, 0x55, 0x84, 0x21, 0x99, 0x94, 0xDE,
    0x7E, 0x7A, 0xB5, 0xF1, 0x83, 0xDE, 0xEB, 0x77, 0x8E, 0x4F, 0x07, 0x30, 0x90, 0xEB, 0x01, 0xBD,
    0xE0, 0x3F, 0x89, 0x00, 0x31, 0xD6, 0xB4, 0xA3, 0x17, 0x67, 0x31, 0x80, 0x1F, 0x27, 0xE2, 0xE4,
    0xA5, 0x95, 0x3A, 0x50, 0xEA, 0xDD, 0xD7, 0xC0, 0xCC, 0x94, 0xCF, 0xB3, 0x3A, 0xB1, 0x89, 0x6F,
    0xBA, 0xB7, 0x9F, 0x8F, 0x20, 0x6D, 0xB0, 0x19, 0x09, 0x13, 0xF1, 0x84, 0xD0, 0x68, 0xF9, 0xF0,
    0xCC, 0x86, 0xE0, 0x66, 0xFF, 0x1F, 0x8A, 0x64, 0xBB, 0x51, 0x3F, 0xFC, 0x42, 0x5C, 0x76, 0x13,
    0x92, 0x59, 0x33, 0xEE, 0x24, 0x45, 0x79, 0x34, 0x27, 0x48, 0x76, 0x13, 0x97, 0x59, 0x9A, 0x4A,
    0xE9, 0x9A, 0xA3, 0xC6, 0x23, 0xFF, 0x23, 0x9A, 0xE8, 0xB7, 0x7C, 0x13, 0x89, 0x18, 0xC5, 0x13,
    0xF4, 0x24, 0x66, 0x89, 0xE7, 0x3F, 0x80, 0x07, 0xEF, 0x43, 0x1C, 0x1C, 0x42, 0xEA, 0xEC, 0x60,
    0x17, 0xF0, 0x36, 0x94, 0x09, 0xFA, 0x03, 0x8A, 0x2C, 0xEA, 0xC7, 0x57, 0x14, 0xBA, 0xA5, 0xC2,
    0x8F, 0x73, 0xAF, 0xC6, 0x64, 0x7F, 0x5A, 0xA9, 0xBD, 0xFA, 0x75, 0xA7, 0x60, 0x7F, 0x3E, 0x98,
    0xBF, 0x73, 0xB5, 0x5C, 0x49, 0x6B, 0xAB, 0xC1, 0x58, 0xDA, 0xD4, 0xFE, 0x25, 0xEF, 0x68, 0x1B,
    0xED, 0x68, 0x95, 0x74, 0xC3, 0xBE, 0x6E, 0x3B, 0xED, 0xE8, 0x8B, 0xB1, 0xB2, 0xC6, 0xC9, 0x96,
    0xD6, 0x6A, 0x77, 0x8B, 0x2E, 0x70, 0xC6, 0xC5, 0x86, 0xB6, 0xD7, 0xBE, 0xEE, 0xD8, 0xC2, 0xDB,
    0x26, 0xFA, 0x07, 0x1E, 0x6B, 0x53, 0x55, 0xCA, 0xD3, 0xBD, 0x80, 0xFD, 0xC6, 0x97, 0x15, 0xB0,
    0xFD, 0x51, 0xC0, 0xDE, 0xBE, 0xB4, 0x80, 0x0D, 0x6D, 0x01, 0x6A, 0x80, 0x31, 0xFC, 0x4C, 0x8C,
    0xE1, 0xDB, 0x9F, 0x63, 0x0C, 0xF3, 0x2B, 0x63, 0x38, 0x1E, 0x8C, 0xE1, 0xF0, 0xF7, 0x18, 0xC3,
    0xBF, 0x01, 0x95, 0x56, 0x31, 0xAF, 0xDC, 0x44, 0x10, 0x9E, 0xB3, 0x45, 0x1C, 0x62, 0xA1, 0xA5,
    0xA0, 0x20, 0x28, 0xB0, 0x29, 0x22, 0x91, 0xA4, 0xC8, 0x36, 0x74, 0xBC, 0xF3, 0xBA, 0xA3, 0xA4,
    0x87, 0x96, 0x02, 0xAA, 0xD7, 0x52, 0xBC, 0xBB, 0x5D, 0x89, 0x82, 0x82, 0x02, 0xFE, 0x01, 0x94,
    0xAF, 0x0B, 0x05, 0x05, 0x85, 0xDF, 0xB3, 0x45, 0x93, 0x82, 0xE2, 0x59, 0x4A, 0x41, 0x89, 0xA5,
    0x08, 0x21, 0xBA, 0x8D, 0x64, 0x09, 0x07, 0xF6, 0x3C, 0x7C, 0xB3, 0xBE, 0x7B, 0x49, 0x20, 0x20,
    0xB1, 0x3B, 0xB7, 0xBE, 0x5B, 0x8F, 0x67, 0xBF, 0x99, 0xF9, 0x66, 0x7C, 0xB6, 0x57, 0xA1, 0x18,
    0xF3, 0x48, 0x31, 0x9F, 0xD5, 0xA4, 0x07, 0xEB, 0xCF, 0x89, 0xDA, 0x2E, 0xE3, 0xA1, 0xF8, 0x3D,
    0xE8, 0x1F, 0xE2, 0x5D, 0xFA, 0xB8, 0x1C, 0x46, 0xCB, 0xC1, 0xF1, 0xD0, 0x38, 0x9F, 0xBE, 0x88,
    0xB4, 0xCC, 0xBC, 0x93, 0x25, 0xB2, 0x2C, 0x36, 0x0B, 0xB6, 0x08, 0x96, 0x07, 0xCD, 0x5D, 0x31,
    0x93, 0xEA, 0x6C, 0x90, 0xA9, 0x3A, 0xED, 0xA3, 0x7D, 0x38, 0xDB, 0x87, 0x8C, 0x2F, 0x26, 0xB8,
    0xE9, 0xD5, 0x29, 0x1B, 0xCB, 0x5E, 0xD5, 0xD7, 0x28, 0x9F, 0xD4, 0xAE, 0x32, 0x47, 0x7A, 0x5D,
    0x99, 0x58, 0x86, 0x7C, 0x9C, 0xD5, 0xA3, 0x49, 0xFF, 0x38, 0x58, 0xED, 0x9B, 0x8A, 0x5C, 0x36,
    0x99, 0x8B, 0x41, 0xB1, 0x2F, 0x98, 0xB2, 0x53, 0xD2, 0xB5, 0xA9, 0x0D, 0xD9, 0xFD, 0x34, 0xCA,
    0x43, 0xCB, 0xEA, 0xDA, 0x1A, 0x08, 0x55, 0x96, 0xB6, 0xD8, 0x7E, 0xBF, 0xD7, 0x0F, 0x42, 0xF9,
    0x28, 0xE4, 0x8F, 0x27, 0x9A, 0x1A, 0xAA, 0x88, 0x18, 0x52, 0xCB, 0xBA, 0x21, 0xF8, 0x77, 0x9E,
    0x45, 0xC7, 0xF0, 0x64, 0x28, 0xB9, 0xCE, 0xB8, 0x56, 0xDC, 0xC3, 0x19, 0xFB, 0x5E, 0xD8, 0xE6,
    0xA1, 0xE8, 0x04, 0xA8, 0xAD, 0x2D, 0x5D, 0x21, 0xDB, 0xC9, 0x34, 0x5D, 0x59, 0xBF, 0x45, 0x47,
    0x44, 0x64, 0x6A, 0xD7, 0xB5, 0xBE, 0xA5, 0x4F, 0xF1, 0xEB, 0x4D, 0xFC, 0x56, 0xBD, 0xE9, 0xAC,
    0xB7, 0xE4, 0xA8, 0x21, 0x3B, 0x48, 0xF0, 0x32, 0x18, 0x5F, 0x31, 0x21, 0x86, 0x2A, 0x90, 0xE9,
    0x00, 0x90, 0xA8, 0xEC, 0x25, 0x06, 0xBC, 0x17, 0xD2, 0x5E, 0xE4, 0x0D, 0x18, 0x23, 0x43, 0x74,
    0xB9, 0x0F, 0xCD, 0x2D, 0xD1, 0x1D, 0xD9, 0x41, 0x64, 0xBD, 0x03, 0x5A, 0x68, 0x60, 0xF7, 0x20,
    0xD9, 0x2E, 0x8F, 0x79, 0xCC, 0x62, 0x39, 0xBA, 0xFE, 0x9C, 0x0A, 0xAF, 0xFD, 0x1A, 0x30, 0x8E,
    0x70, 0x47, 0x11, 0x9D, 0x12, 0xDC, 0x5A, 0x4D, 0x22, 0xD9, 0x48, 0x8E, 0x3B, 0xC7, 0xBE, 0x15,
    0xA9, 0x5B, 0x26, 0x66, 0x2A, 0x06, 0x81, 0x91, 0x90, 0x88, 0x2C, 0xCA, 0x97, 0x67, 0xE7, 0x81,
    0x20, 0xD9, 0x37, 0xF4, 0x0C, 0x4A, 0x01, 0x7A, 0xCF, 0x02, 0x07, 0xD9, 0x9D, 0x38, 0xB3, 0x87,
    0xF1, 0xB2, 0xE0, 0x33, 0x4C, 0xE5, 0x04, 0xF4, 0xCE, 0x23, 0x1A, 0x75, 0x45, 0x26, 0x0B, 0xED,
    0xE7, 0xB1, 0xFD, 0x62, 0xAA, 0xF2, 0x50, 0x06, 0x13, 0x37, 0xEB, 0xA6, 0x6A, 0x36, 0x16, 0x14,
    0x32, 0x29, 0x92, 0x5B, 0xC4, 0x27, 0xF3, 0x65, 0xA7, 0x86, 0x12, 0x0E, 0xD8, 0xC9, 0x0D, 0xAB,
    0x5A, 0xA5, 0xB8, 0xB5, 0xC1, 0x8D, 0x66, 0x90, 0x84, 0x1E, 0x52, 0x5A, 0xE1, 0x00, 0x76, 0xCC,
    0x1B, 0xAA, 0xCE, 0x68, 0xDB, 0xD0, 0xC6, 0x3A, 0x6B, 0x79, 0xB6, 0x1C, 0xD5, 0x4F, 0xE3, 0x1D,
    0x3A, 0xB5, 0x9F, 0x05, 0xFD, 0x73, 0x8F, 0xBC, 0xE5, 0x33, 0xD1, 0x5D, 0xA4, 0xB4, 0xCF, 0x39,
    0x80, 0x2E, 0xC6, 0xC7, 0xD3, 0xCC, 0x47, 0xD5, 0xB1, 0x38, 0x4F, 0x1A, 0x81, 0x78, 0x3E, 0xB1,
    0xE5, 0x38, 0x19, 0xC9, 0x79, 0x58, 0xA8, 0xBB, 0x08, 0x0E, 0xEA, 0xC0, 0x5C, 0x2F, 0x9F, 0x67,
    0xBF, 0x67, 0xB3, 0xEA, 0x14, 0x4B, 0x28, 0xE0, 0x7F, 0x19, 0x25, 0x60, 0x92, 0xD9, 0x29, 0x03,
    0x65, 0xF3, 0x31, 0x0F, 0xCB, 0x2C, 0x86, 0x72, 0x00, 0x81, 0x7B, 0xE8, 0xA6, 0xA9, 0xBD, 0xF1,
    0xA0, 0x61, 0x7D, 0x20, 0xA7, 0xA3, 0x73, 0xCC, 0x9D, 0x78, 0x34, 0xEC, 0x3F, 0x3D, 0xA5, 0x24,
    0xC3, 0x9A, 0x24, 0x4A, 0xC2, 0x9E, 0xF2, 0x61, 0x7C, 0x0A, 0x2F, 0x74, 0x25, 0x31, 0xCB, 0x36,
    0x54, 0x91, 0x85, 0xB4, 0x8D, 0x3A, 0x5C, 0xC5, 0x65, 0xBB, 0x1C, 0x96, 0x27, 0x6C, 0x2D, 0x5C,
    0x5E, 0x86, 0x4D, 0xEB, 0x2C, 0x0B, 0x08, 0x88, 0x51, 0x8C, 0xB2, 0xAA, 0x41, 0x56, 0xB0, 0x90,
    0x16, 0xF5, 0x54, 0x05, 0x07, 0x95, 0x7C, 0x4A, 0x2A, 0x41, 0x56, 0xBD, 0xA8, 0xF8, 0x4B, 0x95,
    0xD5, 0xEE, 0xA9, 0x4A, 0xB9, 0xA8, 0xF4, 0x49, 0x25, 0x29, 0xB6, 0xE9, 0xB8, 0x45, 0x25, 0x3E,
    0x55, 0x59, 0x8E, 0x5B, 0x54, 0x5C, 0x52, 0x79, 0x9E, 0xA4, 0xC8, 0xEC, 0x96, 0x2C, 0xF2, 0xDA,
    0xF2, 0xDC, 0xF2, 0xCE, 0x48, 0x6E, 0x7A, 0xA1, 0x5B, 0xD9, 0x55, 0xA9, 0x40, 0x9C, 0xC4, 0xDF,
    0x97, 0x8F, 0x46, 0x83, 0x26, 0xC2, 0xBB, 0xEB, 0xE7, 0x1F, 0x5D, 0x5D, 0xA1, 0xC0, 0x6B, 0x0D,
    0xBA, 0x45, 0xF1, 0x49, 0x47, 0xB2, 0x8E, 0x8E, 0x6E, 0x24, 0x2F, 0x10, 0x75, 0x54, 0xA7, 0xB4,
    0x00, 0x52, 0x38, 0xC7, 0xD5, 0x2D, 0x7D, 0x2F, 0x91, 0x66, 0x96, 0x65, 0x76, 0xB2, 0x24, 0x14,
    0x7F, 0x6B, 0x4F, 0xAD, 0xB7, 0x42, 0xC4, 0x90, 0x8D, 0x59, 0xB2, 0x2B, 0xDC, 0xEE, 0x04, 0xF0,
    0x25, 0x41, 0x4E, 0x8C, 0xFF, 0x67, 0xED, 0x2F, 0x29, 0xF2, 0xB4, 0xB6, 0x15, 0xB5, 0x5B, 0x47,
    0x1B, 0x74, 0x26, 0x9A, 0x24, 0xF6, 0x5B, 0x4C, 0xD7, 0x21, 0xEB, 0xCF, 0xF3, 0xF6, 0x59, 0x3A,
    0xBD, 0xB8, 0x4B, 0xFD, 0x4B, 0xA1, 0x13, 0x21, 0xD6, 0xF9, 0x40, 0xF9, 0x9F, 0x17, 0xA4, 0xF8,
    0x3E, 0x19, 0xF8, 0x51, 0xB9, 0x48, 0x6B, 0x1E, 0x69, 0x15, 0x96, 0xDB, 0x74, 0x8B, 0x6E, 0x52,
    0x16, 0xC0, 0x00, 0xCD, 0x0B, 0x4D, 0x79, 0x30, 0x2C, 0xC4, 0x0D, 0x02, 0xEA, 0x26, 0x01, 0x6C,
    0x9F, 0x81, 0xA2, 0x6A, 0xD4, 0x93, 0x8D, 0x20, 0x69, 0xF7, 0x12, 0x3A, 0xA7, 0xEA, 0x0A, 0xD9,
    0x43, 0xD8, 0x24, 0x86, 0x25, 0x0E, 0x6B, 0xA0, 0x1E, 0xC1, 0xAF, 0x7B, 0xB4, 0x6A, 0xD1, 0x23,
    0x38, 0x22, 0xD3, 0x2D, 0x59, 0x83, 0x42, 0x6C, 0x8F, 0xC1, 0x06, 0xBF, 0xA4, 0x7B, 0x4D, 0xF4,
    0x1F, 0xB9, 0x00, 0x61, 0xBA, 0x02, 0xB5, 0x2E, 0x6C, 0x37, 0x5E, 0x75, 0x19, 0x76, 0x5E, 0x81,
    0x71, 0x8D, 0xE3, 0xCA, 0xC1, 0xD6, 0x1B, 0xC0, 0x95, 0x71, 0x2D, 0xF5, 0xD0, 0xAB, 0xE0, 0xEF,
    0x86, 0x8A, 0xC7, 0xB0, 0xF4, 0x2B, 0x77, 0xE6, 0xCB, 0x07, 0x5D, 0x95, 0x65, 0xF4, 0x3A, 0xEE,
    0x1D, 0x21, 0x0D, 0x86, 0x34, 0x9E, 0xDC, 0xD1, 0x08, 0xCD, 0xB6, 0xE3, 0x4E, 0x3A, 0x63, 0xEE,
    0xDF, 0xFE, 0xCE, 0x04, 0x33, 0xBC, 0xFB, 0x6D, 0x49, 0xFA, 0x42, 0x4A, 0xBA, 0x89, 0xA1, 0x79,
    0x22, 0xEF, 0x1E, 0xF3, 0xB5, 0x4F, 0x1D, 0xBB, 0xB6, 0xB3, 0x8D, 0x6D, 0x24, 0xA9, 0xCD, 0xFE,
    0xF6, 0x02, 0xEA, 0xBA, 0x4B, 0x8C, 0xBC, 0x32, 0x33, 0xFF, 0x42, 0xF4, 0x21, 0xB3, 0x44, 0x08,
    0x63, 0x4C, 0x94, 0xE0, 0x27, 0x80, 0x7D, 0x9F, 0xF9, 0x37, 0xA2, 0xFF, 0xAB, 0xDF, 0x2E, 0xFB,
    0xF3, 0xE1, 0xBA, 0x5C, 0x16, 0x92, 0xBD, 0x68, 0x9F, 0x8E, 0x39, 0xD5, 0x16, 0xE5, 0x0B, 0x27,
    0x1D, 0xF2, 0x2A, 0x66, 0x51, 0x6C, 0x76, 0xB8, 0xC2, 0xFC, 0x55, 0xB1, 0x93, 0x02, 0x2D, 0x85,
    0x9E, 0xA9, 0x74, 0xC0, 0x9D, 0x81, 0x3E, 0x91, 0xB8, 0xB6, 0x89, 0xC3, 0xC0, 0xF2, 0x87, 0x14,
    0xF0, 0x71, 0x32, 0xBB, 0x68, 0x62, 0x4C, 0x40, 0x02, 0x38, 0x1F, 0xA0, 0x49, 0x1D, 0xA0, 0xD3,
    0x3B, 0x8B, 0x2F, 0xFB, 0xBC, 0xD0, 0xD5, 0xFD, 0x55, 0xF9, 0x3D, 0xA8, 0x71, 0x7F, 0x8D, 0x7C,
    0x70, 0x2E, 0x0D, 0x53, 0x2F, 0xD7, 0x5B, 0x28, 0x03, 0x13, 0x6F, 0x6C, 0x68, 0xAD, 0x63, 0xD3,
    0xCC, 0xD1, 0x35, 0xC5, 0xA8, 0xA3, 0xAD, 0x4E, 0xEE, 0xB5, 0x33, 0x48, 0x7D, 0xDB, 0x46, 0x15,
    0x14, 0xB4, 0x75, 0x6A, 0x3B, 0x15, 0xE6, 0x86, 0x4E, 0xC0, 0xA2, 0x86, 0x0A, 0xBC, 0x11, 0x66,
    0xA1, 0x76, 0x63, 0x44, 0xCE, 0x40, 0xF0, 0x54, 0x5C, 0x95, 0xA9, 0xEC, 0xDA, 0x6E, 0xAA, 0x13,
    0xBC, 0x12, 0xDC, 0xCE, 0x34, 0xE5, 0x64, 0x62, 0xF5, 0x9A, 0x3C, 0x71, 0x76, 0x53, 0x5E, 0x11,
    0x80, 0x46, 0xAA, 0x06, 0x39, 0x4B, 0x06, 0xD5, 0x93, 0x01, 0x48, 0x25, 0xE2, 0x76, 0x64, 0xCE,
    0xC0, 0x87, 0xF4, 0x76, 0x88, 0xC8, 0xB0, 0x85, 0x29, 0x31, 0xB4, 0x6E, 0x36, 0xD5, 0x13, 0xF4,
    0x08, 0xB6, 0xD8, 0xAA, 0x60, 0xBC, 0x3A, 0x59, 0xC3, 0xFC, 0xBA, 0x39, 0xD9, 0xAC, 0xD3, 0x9F,
    0x0D, 0x81, 0x25, 0x47, 0x44, 0x2A, 0x6B, 0x45, 0x2E, 0xB4, 0xC1, 0xEE, 0xE1, 0xA2, 0xA6, 0xFD,
    0x46, 0xD7, 0x15, 0xAA, 0x70, 0x4D, 0xE6, 0x84, 0xCC, 0x28, 0x20, 0xD1, 0xBB, 0xE4, 0xCD, 0xF8,
    0xA0, 0x2F, 0x2F, 0x7C, 0xCE, 0xD2, 0x22, 0xF3, 0x1D, 0xA2, 0x4C, 0xFA, 0x98, 0x2A, 0xE5, 0xFF,
    0x02, 0x35, 0xCC, 0xB1, 0x15, 0x80, 0x20, 0x0C, 0x04, 0xD0, 0x13, 0x0A, 0x0B, 0x8A, 0x8C, 0xC2,
    0x08, 0xB0, 0x89, 0xA3, 0xC8, 0x66, 0x30, 0x82, 0x23, 0xB0, 0x81, 0x14, 0x16, 0x14, 0x6A, 0xBC,
    0x14, 0x36, 0xFF, 0xE5, 0xBD, 0xDC, 0x1D, 0xF6, 0x02, 0x40, 0x87, 0x31, 0xC9, 0x7A, 0x13, 0x6F,
    0xB8, 0xC7, 0x78, 0xC9, 0xA2, 0xB0, 0xF7, 0x7F, 0x79, 0xCD, 0x40, 0x50, 0xF6, 0x44, 0x1B, 0x10,
    0x8D, 0x74, 0x92, 0xBA, 0x1D, 0x8C, 0x49, 0x67, 0x55, 0x06, 0x47, 0x48, 0x98, 0xE1, 0x82, 0x0C,
    0xAE, 0xC6, 0xEE, 0xB5, 0xA5, 0xE6, 0xB4, 0xD5, 0x82, 0x9A, 0x3F, 0xDD, 0x7D, 0xBF, 0xB3, 0xE4,
    0xD6, 0x75, 0x26, 0xBA, 0x5B, 0x45, 0x6C, 0x19, 0x65, 0x43, 0x81, 0x6B, 0x6B, 0x57, 0x52, 0x55,
    0x3B, 0xF0, 0x06, 0xEB, 0x75, 0x15, 0x36, 0x70, 0xE0, 0xC0, 0x16, 0xDA, 0x54, 0xA0, 0x40, 0x01,
    0x1D, 0x6C, 0xAE, 0xD4, 0x8E, 0x98, 0x6C, 0xE0, 0x40, 0x16, 0x40, 0x33, 0x60, 0xE0, 0x80, 0x2C,
    0xFF, 0x03, 0xAB, 0xC0, 0xC1, 0x6E, 0x39, 0x70, 0xE2, 0x90, 0x43, 0x60, 0x38, 0x5B, 0xC5, 0x80,
    0x01, 0x21, 0xB2, 0xB6, 0x14, 0x28, 0x20, 0x64, 0xB2, 0x4A, 0xB5, 0xC5, 0x60, 0x20, 0x0E, 0xD6,
    0x04, 0x35, 0x68, 0xDC, 0xFD, 0xBE, 0xEF, 0x9C, 0x8B, 0xEE, 0x7E, 0xF3, 0x66, 0x38, 0x43, 0x3D,
    0x72, 0x9E, 0xFD, 0x66, 0xFA, 0xDC, 0x7E, 0xEF, 0xF5, 0x6B, 0x5C, 0xDC, 0x7B, 0xEE, 0xF9, 0xF1,
    0x9D, 0x1F, 0x9D, 0xEC, 0xA7, 0x24, 0x49, 0xD2, 0x23, 0xC8, 0x36, 0x80, 0x24, 0x4D, 0x0D, 0x52,
    0xB4, 0x89, 0xBE, 0x76, 0x21, 0x84, 0xF6, 0x44, 0xD2, 0x99, 0xAF, 0x25, 0xC9, 0x56, 0x92, 0x8B,
    0x4C, 0x2B, 0x19, 0x41, 0xF6, 0x21, 0x0C, 0x24, 0x7D, 0x52, 0x88, 0x0C, 0xF8, 0x59, 0x29, 0xD2,
    0xAF, 0xA4, 0x23, 0xE1, 0x65, 0x2A, 0x92, 0x26, 0x84, 0xC9, 0x08, 0xAE, 0x83, 0xB7, 0xC8, 0xBA,
    0x0A, 0xB3, 0x18, 0x42, 0x6D, 0x44, 0xDF, 0x3E, 0xCF, 0x09, 0x95, 0x81, 0x7F, 0x47, 0xDA, 0x89,
    0xB6, 0x7E, 0x31, 0xBB, 0x46, 0xA4, 0xE3, 0x19, 0xE5, 0xBB, 0x27, 0x7B, 0x51, 0x5D, 0x93, 0x74,
    0x49, 0xF4, 0xC7, 0x07, 0x5C, 0x71, 0x8B, 0xB7, 0xC0, 0x75, 0xAB, 0x8E, 0x17, 0xE6, 0xFF, 0x96,
    0x14, 0x97, 0xC6, 0x93, 0x4A, 0xFF, 0x9B, 0x36, 0xC1, 0x9D, 0x37, 0x6D, 0x8A, 0x6D, 0x09, 0xAF,
    0x86, 0x59, 0x14, 0xEF, 0x17, 0xBE, 0xB7, 0x1C, 0xF8, 0xAE, 0x9C, 0xC3, 0x2E, 0xC4, 0x8B, 0x17,
    0xBC, 0x87, 0xE6, 0x70, 0x65, 0x95, 0x6A, 0x91, 0x2B, 0x0B, 0x94, 0x5D, 0xB3, 0x40, 0x9A, 0xEE,
    0x7E, 0x25, 0xC5, 0x4A, 0xAE, 0x2E, 0x50, 0x17, 0x17, 0xC8, 0x56, 0x69, 0x25, 0xA1, 0xD6, 0x95,
    0x5F, 0xC6, 0x98, 0x72, 0xD5, 0x70, 0xB7, 0x21, 0x09, 0x63, 0x3A, 0x6F, 0x71, 0xBB, 0xFF, 0x24,
    0xFE, 0xB2, 0x79, 0x0E, 0x17, 0xEF, 0x57, 0x05, 0xDC, 0x58, 0x73, 0x22, 0x97, 0x6F, 0x5A, 0x75,
    0xEB, 0x8B, 0x35, 0xB5, 0x39, 0x49, 0xDB, 0x3C, 0xD4, 0xD5, 0xB0, 0xD3, 0x46, 0xE0, 0x4F, 0x70,
    0x37, 0x41, 0x77, 0x8E, 0xF7, 0xC6, 0x75, 0x6B, 0x5B, 0xEB, 0xAA, 0xC3, 0xEC, 0x42, 0x92, 0x62,
    0x5A, 0xE4, 0xEB, 0x25, 0x32, 0x37, 0x17, 0x3D, 0xD9, 0x04, 0x4E, 0x86, 0x7F, 0x8F, 0xAB, 0xCF,
    0xE2, 0x0D, 0xFE, 0x90, 0xBF, 0xCF, 0x78, 0x17, 0x1B, 0xDD, 0x8A, 0x11, 0xAE, 0x67, 0x48, 0xF2,
    0x16, 0x6F, 0x51, 0x8C, 0x58, 0xB7, 0x92, 0x7C, 0x94, 0x69, 0xFB, 0x9B, 0xCF, 0xB1, 0xCE, 0xCB,
    0xEE, 0xB8, 0x9B, 0xD3, 0x39, 0xD3, 0xBF, 0x7C, 0xC2, 0xBF, 0x31, 0x1F, 0xF7, 0xC3, 0x7E, 0x28,
    0xF0, 0xAF, 0xEC, 0xF1, 0xAF, 0x2B, 0x31, 0x97, 0xAA, 0x6D, 0xF0, 0x2F, 0xB4, 0xE5, 0x66, 0x6A,
    0xEE, 0x1D, 0xF1, 0x1F, 0x4F, 0xB8, 0x4D, 0x4B, 0xB2, 0x3B, 0x26, 0xBB, 0x99, 0x1C, 0x9C, 0xC5,
    0xFF, 0x58, 0x25, 0xFE, 0x1F, 0xF9, 0x1F, 0x7B, 0x81, 0xFF, 0x85, 0xFE, 0x63, 0x19, 0xF8, 0xBF,
    0x73, 0x36, 0x31, 0x06, 0x21, 0x8F, 0xB4, 0xBE, 0xAA, 0x7C, 0x70, 0xAD, 0xF4, 0xE8, 0xFC, 0xD1,
    0xDA, 0x46, 0x35, 0xFE, 0xE0, 0x5D, 0xE9, 0x71, 0xF0, 0x07, 0x6F, 0xD7, 0x16, 0x87, 0xAB, 0x84,
    0xD9, 0x88, 0x3B, 0x0A, 0x32, 0x7C, 0x8F, 0xF5, 0xAD, 0x93, 0xCA, 0x38, 0x3B, 0x68, 0x7D, 0xB4,
    0x58, 0xF6, 0xA4, 0x58, 0x9F, 0xF4, 0x3B, 0x7B, 0x52, 0xF6, 0xBB, 0xC5, 0x9E, 0x74, 0xF1, 0x49,
    0xCB, 0x37, 0x14, 0xAF, 0xF8, 0x93, 0xC6, 0x78, 0x91, 0x93, 0xC8, 0xFC, 0x09, 0x97, 0xF3, 0xE3,
    0xF8, 0xC4, 0xE6, 0x93, 0xEB, 0x80, 0x61, 0x42, 0xF9, 0xB4, 0xC1, 0x36, 0x61, 0x81, 0xB0, 0x16,
    0xB8, 0xAD, 0xD4, 0x9E, 0x60, 0x07, 0x26, 0xAE, 0x0B, 0x7E, 0x92, 0x0F, 0xFE, 0xC4, 0xD7, 0x48,
    0xE7, 0x08, 0x4F, 0x9A, 0x96, 0xBB, 0x58, 0x0E, 0x2F, 0x84, 0x43, 0x19, 0x74, 0xE8, 0x96, 0xA4,
    0x9C, 0xF5, 0x64, 0xB4, 0x05, 0xE2, 0x29, 0xE4, 0x34, 0xB9, 0x6A, 0x9C, 0x5C, 0x1C, 0xF9, 0x4B,
    0xCE, 0x71, 0x1D, 0x3B, 0x5B, 0x92, 0x38, 0x72, 0x35, 0xF3, 0x38, 0x4E, 0xB6, 0xAA, 0xEB, 0x38,
    0xDA, 0xA9, 0xE4, 0x22, 0xF1, 0x8A, 0x36, 0x86, 0xBE, 0xB0, 0x71, 0xE2, 0x35, 0x02, 0xB8, 0x18,
    0x77, 0x80, 0xBB, 0x4C, 0x8F, 0xB8, 0x06, 0x56, 0x7E, 0x77, 0x1A, 0x3B, 0x1E, 0xE8, 0xDD, 0x8C,
    0x7B, 0xC0, 0xD4, 0xF2, 0xB9, 0xD2, 0x58, 0x0D, 0x78, 0x6F, 0x31, 0x3C, 0xC6, 0x94, 0xE2, 0x23,
    0x68, 0xFC, 0xF8, 0x4B, 0x0B, 0xA5, 0x7F, 0xE1, 0x69, 0xB1, 0x0D, 0x2C, 0x4C, 0x1C, 0x85, 0x7F,
    0x30, 0x71, 0x64, 0xB4, 0x91, 0x2C, 0x6A, 0x24, 0x8B, 0x9A, 0xC8, 0x6A, 0x95, 0x8B, 0xA3, 0x48,
    0x0F, 0x7C, 0x42, 0xD1, 0x54, 0x93, 0x83, 0xC2, 0x61, 0x23, 0x2E, 0x28, 0x74, 0xCD, 0x8A, 0x47,
    0x72, 0xA3, 0xD3, 0xB3, 0x9B, 0x4F, 0x17, 0x4E, 0x8C, 0xE7, 0xF1, 0xE7, 0x58, 0x69, 0xFC, 0x1A,
    0xBF, 0xC3, 0xB7, 0xDC, 0x55, 0x71, 0x3E, 0x96, 0x07, 0x14, 0x7F, 0x0B, 0x8A, 0x89, 0xE4, 0x13,
    0x19, 0x2B, 0x9F, 0xB2, 0x23, 0xA7, 0x4F, 0x35, 0x95, 0x4B, 0x8E, 0xEE, 0x83, 0xAF, 0xB1, 0x78,
    0x9E, 0x17, 0x2C, 0x86, 0x5C, 0x3B, 0x96, 0x2E, 0xE2, 0x42, 0x6E, 0x78, 0x47, 0xB1, 0x53, 0xEA,
    0x74, 0x54, 0x91, 0x56, 0x76, 0x67, 0xE4, 0x0E, 0xCE, 0x13, 0xD3, 0x97, 0xAA, 0xD0, 0x01, 0x32,
    0x29, 0xE3, 0xCB, 0x64, 0x3C, 0xBA, 0x59, 0xCE, 0xE7, 0x5C, 0x0C, 0xE4, 0x8E, 0x66, 0xC0, 0x9C,
    0x37, 0xA1, 0xC7, 0x2B, 0x76, 0xA1, 0xE7, 0x69, 0x0D, 0x1D, 0xE8, 0x3E, 0xB4, 0x12, 0x0E, 0x2D,
    0x96, 0x3C, 0x34, 0xA0, 0xDB, 0x23, 0xE8, 0xB8, 0x9B, 0xF0, 0x93, 0x31, 0x87, 0x02, 0x83, 0x40,
    0xE8, 0x48, 0xCB, 0x3A, 0x1C, 0xA0, 0xD0, 0xB0, 0x5C, 0xC5, 0xA7, 0x33, 0x56, 0xAC, 0xFC, 0xE5,
    0x44, 0x7A, 0x7F, 0xC0, 0xFE, 0xE3, 0xCF, 0x45, 0x6B, 0xEE, 0x79, 0xD0, 0xCE, 0xCF, 0x64, 0xC9,
    0x66, 0x14, 0x15, 0xFB, 0x73, 0xE7, 0x31, 0xB9, 0xED, 0x1B, 0xDF, 0xA2, 0xB4, 0xEA, 0x4B, 0xAC,
    0x70, 0x36, 0x54, 0x92, 0xF8, 0x9A, 0x6D, 0xF3, 0x71, 0x9C, 0x33, 0x45, 0x67, 0xA8, 0x71, 0xB3,
    0x58, 0x0E, 0x1C, 0x67, 0x08, 0x60, 0x4A, 0x15, 0x2D, 0xF5, 0x7E, 0xE4, 0x9B, 0xF0, 0x57, 0x0B,
    0x97, 0x05, 0x17, 0x95, 0x48, 0xD0, 0x06, 0x86, 0x57, 0xF9, 0x3E, 0xD5, 0x3B, 0x5C, 0x81, 0xF2,
    0x3D, 0xAE, 0x46, 0x71, 0x7F, 0x90, 0x00, 0xE8, 0x44, 0x5B, 0x49, 0xC9, 0xB8, 0x28, 0x71, 0x7B,
    0xB3, 0xE9, 0xB4, 0xC9, 0xD5, 0xE9, 0x85, 0x79, 0x38, 0xB1, 0x21, 0x5F, 0x6E, 0x62, 0x00, 0xBB,
    0x3F, 0x93, 0xF2, 0x46, 0xB4, 0x6E, 0x2E, 0x0C, 0x9C, 0x1E, 0xF8, 0xFA, 0xC0, 0xBF, 0xA2, 0x24,
    0x18, 0x39, 0x3D, 0xA3, 0x38, 0xE8, 0x46, 0xF1, 0x56, 0xC5, 0x4A, 0x8F, 0xDC, 0x39, 0xA3, 0xBC,
    0xA9, 0xCE, 0x29, 0x19, 0xA9, 0x75, 0x9A, 0x4B, 0x91, 0x9B, 0x3A, 0xC7, 0xF1, 0x0F, 0x66, 0x61,
    0xD8, 0xCC, 0xCF, 0xA9, 0x6D, 0x7B, 0x36, 0xDA, 0x02, 0xEA, 0x0E, 0xA4, 0x30, 0xB0, 0x84, 0x5D,
    0x12, 0x15, 0x4D, 0x1E, 0xA4, 0x89, 0x3E, 0x94, 0x1A, 0x7B, 0x97, 0xAF, 0xAD, 0x5E, 0xE3, 0x0D,
    0x06, 0xBE, 0xC7, 0x66, 0x21, 0xDD, 0xCD, 0xA4, 0xD0, 0x7C, 0x62, 0x5C, 0xB2, 0x11, 0x26, 0x1D,
    0xC4, 0x62, 0x21, 0x1A, 0x00, 0x9C, 0x44, 0x2D, 0x4A, 0xDD, 0x42, 0x49, 0x29, 0x19, 0x23, 0x49,
    0xD3, 0x93, 0x0B, 0xA9, 0x40, 0x48, 0x29, 0x77, 0xC0, 0x49, 0x78, 0xE1, 0x70, 0x22, 0x4F, 0xA3,
    0xD0, 0x29, 0x14, 0x70, 0x48, 0x8E, 0x26, 0xB2, 0x0B, 0x70, 0x58, 0x8B, 0x77, 0x84, 0x0E, 0x82,
    0x7A, 0x74, 0xD2, 0x19, 0x69, 0x6A, 0x1E, 0x91, 0x43, 0xD5, 0x62, 0x63, 0xA3, 0x2A, 0xC6, 0x54,
    0xC9, 0x51, 0x3B, 0x2E, 0xDB, 0x6A, 0x48, 0x90, 0xED, 0x1B, 0x5E, 0x5C, 0xBA, 0x30, 0x37, 0x42,
    0xB6, 0x1A, 0x40, 0x70, 0x08, 0x21, 0x5A, 0xBB, 0x7C, 0xDC, 0x82, 0xD1, 0xFD, 0xBA, 0x66, 0x06,
    0x80, 0xE3, 0x37, 0xB8, 0x2E, 0xE5, 0xB4, 0x94, 0x98, 0x11, 0x2A, 0x32, 0xC9, 0x97, 0x0A, 0x6C,
    0x5F, 0x37, 0xBC, 0x5C, 0x34, 0xB7, 0xEA, 0xE7, 0x68, 0xC0, 0xE4, 0xDA, 0x9E, 0xF3, 0x41, 0x6F,
    0x29, 0xF3, 0xA1, 0xE8, 0x35, 0x94, 0x3E, 0x98, 0x9A, 0xC3, 0xD6, 0x2D, 0x27, 0x15, 0xD7, 0xF8,
    0x60, 0x53, 0x0E, 0x89, 0x0F, 0x99, 0x98, 0x43, 0x03, 0x7E, 0x9F, 0x8B, 0x49, 0x34, 0xF9, 0xD4,
    0x06, 0x53, 0xF7, 0xBC, 0x09, 0xDE, 0x07, 0xE6, 0xC8, 0x9B, 0x68, 0xA4, 0xCA, 0x4C, 0x79, 0xB4,
    0xE5, 0xE5, 0xD0, 0xEA, 0xCA, 0x6E, 0xAE, 0xDA, 0x9D, 0xD4, 0xB2, 0xDC, 0x9B, 0x43, 0x63, 0x46,
    0xCB, 0x73, 0x33, 0xDD, 0x21, 0x00, 0x70, 0x13, 0x10, 0x38, 0xA5, 0xEE, 0x86, 0xAC, 0x21, 0x4B,
    0x86, 0xDF, 0x4A, 0xC8, 0x37, 0x3A, 0x9E, 0x30, 0x58, 0xB9, 0xD1, 0x8B, 0x4B, 0x6C, 0x8A, 0x3E,
    0xB1, 0x3F, 0xA5, 0x56, 0xBB, 0x1F, 0xB5, 0x96, 0x65, 0xEB, 0x57, 0x2D, 0x5B, 0x1D, 0x44, 0x29,
    0xD4, 0x68, 0x86, 0xC8, 0xA2, 0xA8, 0x82, 0x6D, 0x14, 0xD4, 0x3D, 0xFE, 0x99, 0x45, 0x0C, 0x56,
    0xEE, 0x75, 0x87, 0x41, 0x33, 0x87, 0xE6, 0x90, 0x08, 0xE4, 0x37, 0x41, 0xF7, 0x4C, 0xEB, 0x80,
    0xBF, 0xDF, 0x48, 0x77, 0xD1, 0x0A, 0x0B, 0xB4, 0x36, 0x76, 0xFA, 0x21, 0x9E, 0x6C, 0x24, 0x84,
    0xB8, 0x91, 0x3A, 0x2E, 0x76, 0x34, 0x31, 0xC3, 0xC9, 0xED, 0x06, 0xA9, 0x5A, 0xF0, 0x6C, 0x9F,
    0xFC, 0x77, 0x5B, 0xA0, 0x7C, 0xB8, 0xE0, 0x40, 0x2E, 0xD0, 0x46, 0x86, 0xF0, 0x42, 0xB1, 0x31,
    0x91, 0x98, 0x0D, 0x5A, 0xC7, 0x45, 0xB3, 0x0D, 0x5C, 0x17, 0xB2, 0x6C, 0xF3, 0x9A, 0x37, 0x3E,
    0xC1, 0xD8, 0x97, 0x49, 0x9C, 0x4B, 0xBD, 0x35, 0xCB, 0xE1, 0xF6, 0x29, 0x9F, 0xE4, 0x2F, 0xB6,
    0x3F, 0x01, 0x3D, 0xEE, 0x78, 0xAB, 0x4B, 0x36, 0x88, 0x05, 0x78, 0x27, 0xFB, 0x5B, 0xAB, 0x30,
    0x6F, 0x9F, 0xD1, 0x11, 0x05, 0x8B, 0x0D, 0x6E, 0x4C, 0xBB, 0x29, 0xED, 0x86, 0xF4, 0x49, 0xBE,
    0x1C, 0xCF, 0xE4, 0x8B, 0x0B, 0x16, 0x33, 0x9F, 0x4D, 0xB0, 0x44, 0xF9, 0x22, 0xA5, 0x69, 0x66,
    0x73, 0xE2, 0x46, 0xB3, 0x9B, 0xCC, 0x6E, 0x30, 0xBB, 0xB9, 0xEC, 0xC6, 0xB2, 0x9B, 0xCA, 0x32,
    0x94, 0x69, 0x45, 0xEA, 0x74, 0x97, 0xC6, 0xEB, 0xEE, 0x43, 0x68, 0x02, 0xE9, 0x6C, 0x5E, 0x26,
    0x06, 0xB0, 0x6F, 0x39, 0xA7, 0x5C, 0x89, 0xCA, 0x86, 0x30, 0x53, 0x2B, 0xE2, 0x64, 0x64, 0x81,
    0x96, 0xC6, 0x94, 0x3F, 0x84, 0x20, 0x7B, 0x38, 0xE6, 0x9F, 0xE1, 0x7A, 0x9F, 0x0C, 0xF9, 0x03,
    0xEC, 0xF1, 0x7B, 0x43, 0xFE, 0x29, 0x76, 0xE3, 0xA5, 0x61, 0xDF, 0x63, 0x1B, 0x73, 0x0E, 0xBB,
    0x39, 0xC7, 0xF6, 0x36, 0xAF, 0x4D, 0xFB, 0xBE, 0xE8, 0xF0, 0x82, 0x3D, 0xCE, 0x77, 0x79, 0xBF,
    0xC3, 0xF3, 0x16, 0x8C, 0x51, 0xE0, 0xD8, 0xC3, 0x72, 0xA0, 0x74, 0xCB, 0x16, 0x0E, 0xBC, 0xE5,
    0xB2, 0xAD, 0xEA, 0x1D, 0xF4, 0x4B, 0x2B, 0xE9, 0x56, 0xD5, 0x3E, 0x18, 0x62, 0x71, 0x38, 0xF1,
    0x9B, 0xD1, 0xB2, 0x37, 0x13, 0x3E, 0x3D, 0x29, 0xD5, 0xCE, 0x8C, 0x77, 0x33, 0xDD, 0xCD, 0x60,
    0x77, 0x4A, 0xA3, 0xBD, 0x96, 0x64, 0x31, 0x7A, 0x28, 0x8C, 0xCA, 0x58, 0x37, 0x53, 0xDD, 0x0C,
    0x74, 0xA7, 0x5A, 0x16, 0x33, 0xD1, 0x69, 0xA0, 0x1F, 0xB9, 0xB3, 0x46, 0xCF, 0xCE, 0x48, 0xC1,
    0xB5, 0x92, 0xF6, 0xF4, 0xCD, 0x6D, 0xC6, 0x94, 0xEC, 0x7A, 0x00, 0x5F, 0xD2, 0x19, 0x2E, 0x07,
    0x13, 0xFB, 0xBC, 0x4A, 0x3E, 0x95, 0x92, 0x57, 0xE6, 0x62, 0x54, 0xB2, 0xE2, 0x9B, 0x33, 0x1A,
    0xE4, 0x72, 0x98, 0xA3, 0x41, 0xBA, 0x1F, 0xF8, 0x9A, 0x72, 0xE0, 0x5F, 0x55, 0x9D, 0xE6, 0x59,
    0xE7, 0xB3, 0xC4, 0x57, 0xA8, 0x5F, 0x86, 0x04, 0x0B, 0x62, 0xD3, 0x4A, 0x82, 0x31, 0xA5, 0x73,
    0xB5, 0x0B, 0x51, 0x0F, 0x44, 0xFA, 0x0C, 0xC6, 0xD7, 0x6A, 0x76, 0x3D, 0x85, 0xF1, 0x95, 0x5D,
    0x6B, 0x7C, 0xAD, 0x74, 0x14, 0xFF, 0x8F, 0x9C, 0xCF, 0xC7, 0x9A, 0x54, 0xE2, 0xBA, 0x69, 0x23,
    0xD9, 0x50, 0x0E, 0x14, 0x0D, 0x24, 0xB2, 0x28, 0xF6, 0x4E, 0xE8, 0xF2, 0x61, 0x16, 0x55, 0xB7,
    0x87, 0x3F, 0xD7, 0x9A, 0x39, 0xE3, 0xB6, 0x45, 0xFD, 0x78, 0xB5, 0x74, 0xBD, 0x7A, 0x7F, 0x74,
    0x5F, 0xA6, 0x17, 0x16, 0x09, 0xE6, 0xBF, 0x4A, 0xD2, 0xE5, 0x64, 0xAE, 0x1A, 0x70, 0x63, 0x4E,
    0x81, 0xDE, 0xD8, 0xDE, 0xCF, 0xDE, 0xCB, 0x69, 0x78, 0xE4, 0x27, 0xD5, 0x99, 0x2B, 0x51, 0x9A,
    0xAF, 0x45, 0xC8, 0x02, 0xA7, 0xFD, 0x50, 0x0D, 0xE6, 0xC3, 0x25, 0x86, 0x5A, 0x98, 0x35, 0x49,
    0x6D, 0x3E, 0x91, 0x8C, 0xA5, 0xF6, 0x4C, 0xE7, 0xCD, 0xC8, 0x31, 0x9A, 0xA5, 0xD7, 0x2A, 0xEE,
    0x2B, 0xB6, 0xCF, 0xA5, 0x01, 0x74, 0xAD, 0xED, 0x73, 0xB1, 0x42, 0xB7, 0xCD, 0x39, 0x80, 0xD4,
    0xFA, 0x9F, 0x57, 0xAC, 0xF1, 0xED, 0x19, 0x66, 0xE6, 0x7C, 0xFB, 0xFA, 0xD4, 0xF4, 0xF9, 0xCC,
    0x33, 0x03, 0xD9, 0x3B, 0xF0, 0xD4, 0xE4, 0x03, 0xCF, 0x4B, 0x0E, 0x93, 0xB4, 0x69, 0xF7, 0xA0,
    0xD4, 0x18, 0xA4, 0x05, 0xB8, 0x89, 0x94, 0xE7, 0x85, 0x26, 0x69, 0x05, 0x14, 0x06, 0xE7, 0x65,
    0x80, 0xF8, 0x68, 0xF7, 0xC7, 0xF2, 0x9D, 0x70, 0xC8, 0x64, 0x40, 0x6C, 0xEC, 0xA4, 0x14, 0xEE,
    0x3C, 0x89, 0x45, 0xC2, 0x61, 0xA5, 0x98, 0x2D, 0x25, 0xD0, 0xC0, 0x5D, 0x74, 0x03, 0x66, 0x32,
    0xEB, 0x65, 0x23, 0xD3, 0xC5, 0xEC, 0x16, 0x13, 0xC1, 0x3F, 0x94, 0xC5, 0x22, 0x17, 0xA1, 0x34,
    0x48, 0xC6, 0xFC, 0x61, 0xD1, 0xD2, 0xD0, 0x24, 0xFE, 0x7C, 0x1B, 0xB8, 0x06, 0xE9, 0xA2, 0x83,
    0x3F, 0xE7, 0x32, 0x4B, 0x64, 0x93, 0x48, 0x2C, 0xF0, 0x36, 0xB9, 0x29, 0xB4, 0x4F, 0x16, 0xC9,
    0x25, 0x99, 0x2B, 0xE5, 0x10, 0xB5, 0xC2, 0xF3, 0x75, 0xA1, 0x42, 0x6F, 0x54, 0x46, 0x68, 0x77,
    0x3A, 0x1B, 0x65, 0x7B, 0x95, 0x56, 0x87, 0x9C, 0x8C, 0xB4, 0xA7, 0x76, 0x15, 0x29, 0xB8, 0x78,
    0x22, 0x84, 0x6D, 0x46, 0x23, 0xB4, 0x73, 0x23, 0x21, 0x5E, 0x46, 0x32, 0x6D, 0x1A, 0x01, 0x26,
    0x3D, 0x55, 0x24, 0x34, 0xEA, 0xAF, 0xAB, 0xC7, 0x5A, 0xEC, 0xEB, 0xB9, 0x3E, 0x07, 0xEB, 0x1C,
    0x54, 0x3B, 0x8A, 0x70, 0x9C, 0x0D, 0x61, 0x4B, 0x05, 0xB3, 0x11, 0xAB, 0x33, 0xA0, 0xED, 0x6C,
    0x24, 0xE7, 0x4F, 0x8E, 0xBB, 0xC5, 0x71, 0x34, 0x93, 0xDC, 0x46, 0x1A, 0xB2, 0x86, 0xC5, 0x11,
    0xDB, 0x33, 0xFD, 0x59, 0x9C, 0xC6, 0x93, 0x6B, 0x73, 0x1A, 0x3B, 0x87, 0x75, 0xE3, 0xD8, 0x56,
    0x8E, 0xEB, 0x46, 0xEC, 0xAE, 0x31, 0x50, 0x68, 0x1D, 0x6D, 0x90, 0x31, 0xF3, 0x3C, 0xE6, 0x3F,
    0x5C, 0x99, 0x7F, 0xFF, 0x94, 0xF3, 0x0F, 0x71, 0x8C, 0x5F, 0x7E, 0x9E, 0xDD, 0x16, 0xDC, 0x1E,
    0xDD, 0x22, 0x8C, 0xE3, 0x1C, 0xC7, 0x52, 0x87, 0xCE, 0x68, 0x65, 0xC6, 0xBC, 0xBD, 0x28, 0x3D,
    0x77, 0xC6, 0xCF, 0xE8, 0x05, 0xA8, 0x25, 0xE9, 0x90, 0xCB, 0x09, 0xD8, 0xCB, 0x03, 0xA0, 0x8B,
    0xE6, 0xD0, 0x5F, 0x44, 0x02, 0x7B, 0x81, 0xEA, 0x91, 0x1A, 0xA8, 0x45, 0x8D, 0x21, 0x44, 0x5D,
    0x56, 0x36, 0x99, 0x9A, 0x66, 0xB6, 0x5C, 0xDD, 0x25, 0x89, 0xE6, 0x03, 0x56, 0x43, 0xF3, 0x34,
    0x03, 0x02, 0x83, 0x26, 0xE0, 0xEE, 0x89, 0x0F, 0x66, 0x44, 0xC4, 0xC1, 0xCC, 0x08, 0x0E, 0x3C,
    0x17, 0xEE, 0x00, 0x9B, 0x3D, 0x41, 0xD3, 0x95, 0x73, 0x93, 0x45, 0x11, 0xEE, 0xCA, 0x8C, 0xA8,
    0x7C, 0x78, 0x5B, 0xE6, 0x84, 0x0F, 0xCD, 0xAB, 0x92, 0xB8, 0x80, 0xF7, 0x13, 0xBA, 0xE2, 0x34,
    0x29, 0x30, 0x47, 0x1B, 0x7A, 0xCC, 0x87, 0xA2, 0xD0, 0x6D, 0xD9, 0xAB, 0xEA, 0xE1, 0xEB, 0x80,
    0x02, 0xCC, 0xFF, 0xA1, 0xCA, 0xAA, 0x25, 0x37, 0x7B, 0x1A, 0xD3, 0x44, 0x87, 0xFF, 0xC9, 0x2C,
    0x5A, 0x8B, 0x45, 0x78, 0x10, 0x29, 0x4A, 0xD1, 0xDA, 0x69, 0x2E, 0xAF, 0xFE, 0x9C, 0x46, 0x7C,
    0xD0, 0x5E, 0x6F, 0x7F, 0xEB, 0x0A, 0x18, 0x0E, 0x83, 0x80, 0x44, 0xB8, 0x44, 0x0D, 0x76, 0x92,
    0x86, 0x93, 0x2B, 0xEB, 0x4C, 0x0E, 0x26, 0xF6, 0xEE, 0x60, 0xFB, 0x95, 0x06, 0x09, 0x2E, 0xCC,
    0xD2, 0x0E, 0x8B, 0x63, 0x05, 0xF9, 0xB2, 0x91, 0x97, 0x21, 0xBE, 0xCE, 0x66, 0x33, 0x40, 0x68,
    0xDF, 0x1F, 0x28, 0x72, 0x67, 0x5E, 0x32, 0x05, 0x5A, 0xCF, 0xBF, 0xDC, 0x1D, 0x31, 0xCA, 0x2B,
    0x17, 0x9C, 0x81, 0x71, 0x2F, 0xC6, 0xD0, 0x28, 0x33, 0x5A, 0xA6, 0x06, 0x5E, 0x5F, 0xC8, 0x62,
    0x83, 0x95, 0x26, 0x71, 0x4D, 0x31, 0xC6, 0xD7, 0x43, 0x74, 0x99, 0x95, 0x39, 0x98, 0xB9, 0x6E,
    0x70, 0x06, 0xC0, 0x50, 0x2D, 0x64, 0x0F, 0x97, 0x88, 0x7C, 0x27, 0x0F, 0x99, 0x66, 0x40, 0x90,
    0x5B, 0xB0, 0x61, 0xEC, 0x40, 0x77, 0x33, 0x38, 0x0B, 0x0A, 0xD5, 0x71, 0x65, 0x63, 0x58, 0xF7,
    0x05, 0xE2, 0x1F, 0x79, 0xB8, 0x12, 0x6F, 0x83, 0xEE, 0x75, 0x53, 0x99, 0xE1, 0xE4, 0xB6, 0x9E,
    0x15, 0x29, 0x0C, 0x19, 0xDC, 0x24, 0xD6, 0x91, 0x4E, 0x0C, 0xFD, 0x25, 0xBC, 0x21, 0x69, 0x03,
    0x41, 0x8A, 0x05, 0xA7, 0xBF, 0xB4, 0x93, 0x88, 0xCC, 0x8F, 0xA4, 0xFB, 0x29, 0x4A, 0x7F, 0xEE,
    0x60, 0xB3, 0x88, 0x57, 0xCC, 0x42, 0xD9, 0x86, 0x9F, 0x12, 0xA2, 0x96, 0x02, 0x61, 0xF4, 0x63,
    0x00, 0xC1, 0x2D, 0x1E, 0x0D, 0xAA, 0xAA, 0xA8, 0x7A, 0x1A, 0x5A, 0xD3, 0x50, 0xA8, 0xFC, 0x16,
    0x7E, 0x43, 0xD9, 0xE3, 0x2E, 0xCB, 0xF0, 0x10, 0x1B, 0x17, 0xDE, 0x19, 0xA9, 0x1E, 0xA5, 0xF2,
    0x37, 0x98, 0xDB, 0x0B, 0x36, 0xCD, 0xD6, 0xDC, 0xA8, 0x2A, 0xFC, 0x5F, 0xBA, 0x84, 0xCE, 0xC5,
    0xC2, 0xDB, 0x72, 0xEA, 0xCD, 0xFD, 0x5D, 0xE8, 0xD6, 0xF2, 0x6F, 0xF9, 0x2E, 0x0C, 0xCC, 0x94,
    0x01, 0xF7, 0x51, 0x4D, 0x98, 0x72, 0xC3, 0x7B, 0x20, 0xE6, 0x6C, 0x9E, 0x7B, 0x53, 0x8B, 0x40,
    0xB4, 0x34, 0x35, 0xE7, 0x42, 0xA5, 0x07, 0x97, 0x81, 0x9B, 0x0D, 0x6F, 0x2B, 0x0F, 0xD1, 0xF3,
    0xA6, 0x0B, 0xC8, 0x6B, 0xE3, 0xC8, 0x63, 0x71, 0xC1, 0x3A, 0xBB, 0x90, 0x41, 0x3C, 0xEE, 0x10,
    0xA0, 0x49, 0xB1, 0x6D, 0xF0, 0x33, 0xEE, 0x2F, 0xDC, 0x9B, 0xB6, 0xFA, 0xFC, 0x65, 0x98, 0xD4,
    0xD9, 0xC8, 0x07, 0xDF, 0xA8, 0x1C, 0xCB, 0x81, 0x33, 0x4D, 0xCD, 0x70, 0xD7, 0x83, 0x1E, 0x3C,
    0x17, 0x27, 0xEB, 0xB8, 0xD8, 0x4D, 0x2D, 0xC6, 0xCD, 0x17, 0x45, 0x9E, 0x88, 0x0F, 0xD2, 0xF9,
    0x2D, 0x07, 0x8F, 0xB2, 0x30, 0xB2, 0xF2, 0xCA, 0x1D, 0xAD, 0x63, 0x89, 0xDB, 0x51, 0x58, 0x29,
    0x7C, 0x1E, 0x4D, 0x00, 0x6D, 0xFB, 0xA6, 0x99, 0x63, 0xDC, 0xD5, 0x90, 0x73, 0xB2, 0xF7, 0x11,
    0x6E, 0x0D, 0xFE, 0xE8, 0xA0, 0x2D, 0x4D, 0xC3, 0x8B, 0xB2, 0xEB, 0x1B, 0x18, 0x35, 0x20, 0x44,
    0x0F, 0x0F, 0x74, 0x2E, 0xE5, 0x61, 0x4A, 0x52, 0x80, 0x6C, 0x7D, 0x43, 0x20, 0x95, 0x88, 0xB3,
    0x50, 0xC1, 0xF2, 0x1A, 0x3B, 0xC9, 0x61, 0xA1, 0xC1, 0x29, 0x83, 0x38, 0x01, 0x2B, 0x18, 0xA6,
    0xDD, 0x22, 0xB6, 0x87, 0x42, 0x86, 0xF8, 0xED, 0x5F, 0xA6, 0xD1, 0xD9, 0x53, 0x00, 0x57, 0xCB,
    0x1B, 0xD2, 0xAD, 0x54, 0xDD, 0x60, 0xB7, 0xBE, 0x18, 0xBF, 0x3D, 0xE6, 0x86, 0x35, 0xD6, 0xBC,
    0xBF, 0x4D, 0x53, 0xE7, 0x14, 0xAC, 0x70, 0xF2, 0x72, 0xFC, 0x70, 0xA0, 0xA3, 0xD7, 0xC3, 0x53,
    0x4B, 0xBE, 0x3F, 0x17, 0x3D, 0xB1, 0x16, 0xBE, 0x9D, 0x0C, 0xEB, 0xB9, 0xFA, 0x20, 0x48, 0x32,
    0x85, 0x77, 0x35, 0xFE, 0x3A, 0x7C, 0x28, 0x71, 0xF5, 0xD0, 0xE0, 0x9A, 0x5D, 0xB8, 0x3F, 0xEB,
    0xB6, 0x43, 0x39, 0x49, 0x5A, 0x1D, 0xCB, 0x5F, 0x99, 0xC0, 0x2A, 0x7F, 0x81, 0xDF, 0xFF, 0xBB,
    0x8A, 0x40, 0xCF, 0x7F, 0xA0, 0xB9, 0x84, 0x11, 0x37, 0x8A, 0x9B, 0xAB, 0xE1, 0xD9, 0x03, 0x2A,
    0xAA, 0xC8, 0xAB, 0x60, 0x1F, 0x9C, 0x2C, 0x80, 0x09, 0xDC, 0xCB, 0x51, 0xF0, 0xD9, 0x28, 0x9B,
    0x97, 0xF6, 0x55, 0xB9, 0x98, 0xE5, 0xF5, 0x4D, 0x46, 0x42, 0x73, 0x39, 0xBB, 0xDF, 0x48, 0xE0,
    0x59, 0xD6, 0x4D, 0xC7, 0xA3, 0x41, 0x1B, 0x6F, 0x4B, 0x40, 0xAB, 0xDF, 0x04, 0x00, 0x78, 0x0B,
    0x9C, 0xF5, 0x85, 0xFC, 0x4C, 0xF7, 0x9A, 0x2B, 0x58, 0xF9, 0x83, 0x0E, 0x36, 0x6E, 0x17, 0xE6,
    0x63, 0x3E, 0x41, 0x64, 0xE3, 0xD1, 0x8C, 0xE1, 0xED, 0x30, 0x54, 0xE1, 0xFE, 0x50, 0x86, 0xD7,
    0x87, 0x6C, 0x02, 0xE2, 0x51, 0x6D, 0xC7, 0xA4, 0x81, 0x3B, 0x5A, 0xA5, 0xBC, 0xB6, 0xAC, 0xC4,
    0xF8, 0x75, 0x13, 0xEF, 0x9F, 0x4E, 0xB0, 0x9F, 0x32, 0x72, 0x7E, 0x06, 0x9E, 0x8D, 0x3A, 0xBC,
    0x60, 0xB8, 0x8B, 0xB6, 0xD8, 0xAF, 0x02, 0x57, 0x42, 0x91, 0x4B, 0x7A, 0xBC, 0x0F, 0xC1, 0x6E,
    0x45, 0x27, 0xF5, 0x46, 0x29, 0xD1, 0x4A, 0x5A, 0x70, 0x51, 0xA8, 0x93, 0xCA, 0x56, 0x06, 0x9C,
    0xCE, 0x77, 0x66, 0xE2, 0x46, 0xD2, 0x06, 0xC2, 0xE6, 0xB8, 0x97, 0x59, 0xD0, 0x63, 0x91, 0x0A,
    0x8A, 0x99, 0x82, 0x5A, 0xDE, 0x14, 0x41, 0x4B, 0x7E, 0x5B, 0x59, 0xAD, 0x24, 0x44, 0x5D, 0x51,
    0xB0, 0x42, 0x3D, 0x4C, 0x04, 0x1A, 0x71, 0x9A, 0x0E, 0x8D, 0xA2, 0x3F, 0xB4, 0x16, 0x19, 0xA2,
    0xA2, 0x40, 0xC1, 0x8F, 0x0B, 0x08, 0xD9, 0x89, 0x20, 0x02, 0x55, 0x87, 0x68, 0x98, 0x37, 0xCB,
    0xB2, 0x7B, 0x38, 0x6F, 0xE7, 0x90, 0x3E, 0x98, 0x00, 0xF0, 0xE4, 0xBF, 0x04, 0x6D, 0x7E, 0xF8,
    0xCE, 0x88, 0xC0, 0x45, 0xF3, 0x03, 0x30, 0x54, 0x19, 0x32, 0xD2, 0x99, 0x73, 0x29, 0x26, 0x22,
    0x03, 0x7B, 0x7E, 0xDF, 0xE6, 0x7D, 0x8E, 0x00, 0x47, 0xD6, 0xEE, 0x29, 0x60, 0x71, 0x34, 0x79,
    0x65, 0x11, 0xBA, 0x91, 0x07, 0x23, 0x42, 0xF4, 0x48, 0xA4, 0xD9, 0xA2, 0x6B, 0xB8, 0x10, 0xA9,
    0x15, 0xB0, 0x78, 0x3C, 0x93, 0x59, 0x27, 0x22, 0xE9, 0xA5, 0x83, 0x21, 0xC9, 0xB0, 0xA1, 0xC4,
    0xC7, 0xD9, 0xB0, 0x78, 0xA3, 0x81, 0xF5, 0xC2, 0xEA, 0xCF, 0x4F, 0xDB, 0x46, 0xA7, 0x6D, 0x59,
    0x4F, 0x1B, 0x41, 0xF0, 0xF2, 0xF2, 0xB4, 0x11, 0x6E, 0x19, 0xE0, 0x4E, 0x65, 0x03, 0xF6, 0x25,
    0xFB, 0x2C, 0x30, 0x90, 0xF9, 0x53, 0x12, 0xCE, 0x74, 0x36, 0xB3, 0xDC, 0xDF, 0x5E, 0x84, 0xAC,
    0x62, 0x98, 0x32, 0x99, 0xC5, 0xF0, 0x1E, 0xA1, 0x3D, 0x91, 0xF8, 0xCE, 0x6D, 0x66, 0x88, 0x89,
    0x2D, 0x0C, 0xA6, 0x1A, 0x8B, 0x48, 0x0F, 0x61, 0xAC, 0x00, 0x14, 0xB5, 0x04, 0x9D, 0x60, 0x53,
    0x50, 0x8C, 0x0B, 0x93, 0x17, 0xE9, 0xB1, 0x42, 0x92, 0x05, 0xDA, 0x7D, 0x30, 0x19, 0x45, 0x67,
    0x7E, 0x04, 0x9C, 0x95, 0x53, 0x09, 0x09, 0xD8, 0xDD, 0x7F, 0xBA, 0x78, 0xBE, 0x40, 0xD1, 0x5F,
    0x41, 0x21, 0x93, 0x0B, 0x81, 0x01, 0xE6, 0x7B, 0xB1, 0xE7, 0x31, 0xDB, 0xC7, 0xD0, 0x72, 0x7B,
    0x0A, 0x29, 0x9F, 0x04, 0xC6, 0xB6, 0x2E, 0xC7, 0x3D, 0xCD, 0xF5, 0x2E, 0x0A, 0x4C, 0x88, 0x57,
    0xCE, 0x21, 0xFB, 0x94, 0x7C, 0x9D, 0x64, 0x0F, 0xC3, 0xE7, 0x10, 0x6A, 0x79, 0x78, 0x2D, 0x00,
    0xD9, 0xCB, 0xE1, 0x36, 0xB5, 0x3C, 0x01, 0xBB, 0xA0, 0xBD, 0xC4, 0xFC, 0x29, 0xE1, 0x68, 0xE0,
    0x1C, 0x7C, 0x28, 0xB8, 0xE3, 0x5C, 0x1A, 0x0D, 0x7A, 0x2B, 0xEE, 0x43, 0x26, 0xE8, 0xAF, 0x65,
    0x84, 0xC1, 0x86, 0x45, 0x62, 0x5F, 0x8E, 0x6A, 0x3E, 0x68, 0xAF, 0xF1, 0x03, 0xE2, 0xCA, 0x78,
    0x23, 0xDE, 0x36, 0x7F, 0x86, 0x0B, 0xC0, 0x4A, 0x9E, 0x88, 0x48, 0xCF, 0x79, 0xEF, 0xC1, 0xD5,
    0x63, 0x09, 0x1B, 0x66, 0x69, 0x28, 0x75, 0x79, 0x72, 0xC3, 0xEC, 0x19, 0x04, 0x64, 0xE4, 0xF3,
    0x05, 0x71, 0x28, 0xDD, 0xCD, 0x58, 0x1D, 0x22, 0x03, 0xC9, 0x7B, 0x3B, 0xEC, 0x8D, 0x87, 0xB0,
    0x57, 0x21, 0x6E, 0x66, 0xAF, 0xD1, 0xDD, 0xC9, 0xA6, 0xDD, 0x7F, 0x76, 0x64, 0xB0, 0x9E, 0x4A,
    0x9E, 0xA2, 0x3D, 0xCC, 0xE9, 0x92, 0x2D, 0x4C, 0x18, 0xC8, 0x60, 0x84, 0x00, 0xF0, 0x80, 0x64,
    0x66, 0xD4, 0x07, 0x12, 0x83, 0x20, 0xE8, 0xA2, 0xBB, 0x3A, 0xEA, 0xA6, 0xDC, 0xBD, 0xAD, 0x5A,
    0x82, 0x21, 0xBC, 0x39, 0x18, 0x1C, 0x43, 0x33, 0x98, 0x8B, 0x14, 0x68, 0x6E, 0x4A, 0xAE, 0x55,
    0x1F, 0x8E, 0x57, 0x1D, 0xB0, 0xF6, 0xE4, 0xD2, 0x36, 0x36, 0x3F, 0x1E, 0x94, 0x5A, 0x07, 0xBC,
    0x21, 0x6E, 0x42, 0x29, 0xF2, 0x80, 0xA6, 0x0C, 0x6D, 0xAA, 0x54, 0xFA, 0xD8, 0x00, 0xF4, 0xD6,
    0x3D, 0xFA, 0x42, 0x28, 0x12, 0xFD, 0x7C, 0xFA, 0xB8, 0xCC, 0x75, 0x80, 0xF9, 0x23, 0x14, 0x68,
    0x13, 0xCC, 0x96, 0x16, 0x07, 0x97, 0x3A, 0x6B, 0xDD, 0x99, 0x7D, 0x70, 0xCE, 0xBC, 0x22, 0x8D,
    0x09, 0x0F, 0xF2, 0xBF, 0xC8, 0x81, 0x48, 0x28, 0x04, 0x5F, 0x42, 0xC9, 0x07, 0x66, 0xBB, 0xCF,
    0xC0, 0xC6, 0xEB, 0xF0, 0x5E, 0x81, 0x23, 0x72, 0xC9, 0xCB, 0x75, 0x71, 0xB5, 0x92, 0x4A, 0x4E,
    0xA2, 0x0B, 0xCE, 0xC5, 0x82, 0x45, 0xD6, 0xF3, 0x91, 0x02, 0x2F, 0xE3, 0x23, 0xC3, 0xB2, 0x68,
    0x69, 0xE0, 0x53, 0x36, 0x54, 0x69, 0x50, 0xDD, 0xF7, 0x87, 0x74, 0x21, 0xCF, 0x3A, 0xD8, 0x29,
    0x3E, 0x37, 0x48, 0x33, 0xF2, 0xD4, 0x89, 0xB5, 0x36, 0x97, 0xAC, 0x65, 0x3C, 0xB5, 0x5D, 0x79,
    0xCA, 0x07, 0x67, 0xD1, 0xA6, 0xD6, 0x31, 0x83, 0x22, 0xEE, 0x65, 0x4F, 0x56, 0xBD, 0x0E, 0x36,
    0xD4, 0x28, 0x6E, 0x88, 0xEC, 0x4D, 0x3F, 0xF9, 0xBD, 0xF0, 0x90, 0xF9, 0x13, 0x69, 0xF8, 0x19,
    0xC4, 0xF6, 0xB4, 0xA5, 0x1D, 0xF4, 0xE5, 0x2E, 0x3B, 0x3F, 0xEB, 0x65, 0xB9, 0x8C, 0xB8, 0x2C,
    0x61, 0x75, 0x5C, 0xD6, 0x21, 0xAF, 0xD2, 0x92, 0x82, 0xAA, 0x73, 0x96, 0x4D, 0x5C, 0x61, 0x41,
    0x62, 0x70, 0xF7, 0x29, 0x05, 0x8D, 0x24, 0xF9, 0x09, 0x45, 0x63, 0x5C, 0xB3, 0xA9, 0x82, 0xF0,
    0x17, 0xE8, 0xDD, 0x1E, 0x26, 0x17, 0x66, 0x00, 0x02, 0x65, 0x80, 0x99, 0x36, 0xE0, 0xF3, 0x0D,
    0xAD, 0x4A, 0xA1, 0x10, 0x34, 0x92, 0x2B, 0x72, 0x0D, 0x6D, 0x22, 0x42, 0x3E, 0xBC, 0xBB, 0xC4,
    0xC4, 0x90, 0xEE, 0x26, 0x52, 0xDA, 0x12, 0x8C, 0x55, 0xE5, 0x9F, 0x01, 0x47, 0x38, 0x10, 0x51,
    0x07, 0x3B, 0x2C, 0xF9, 0x48, 0x24, 0x2A, 0x1B, 0xB9, 0x46, 0xD9, 0xAF, 0xB8, 0x44, 0x54, 0x73,
    0xD8, 0xD5, 0x7F, 0xA6, 0x1C, 0x6F, 0xDE, 0x96, 0xA1, 0x46, 0x51, 0x17, 0x68, 0xB6, 0x43, 0x44,
    0xE9, 0x54, 0xDB, 0x95, 0x3C, 0x72, 0xE6, 0x0F, 0x7B, 0x67, 0xBE, 0x2F, 0xDF, 0x95, 0xEF, 0x89,
    0x77, 0x84, 0x3C, 0xA2, 0x4A, 0x29, 0xE0, 0xDD, 0x36, 0x8C, 0xA1, 0xF1, 0x7D, 0x4C, 0x01, 0xBC,
    0x2C, 0xB7, 0xA1, 0xCE, 0xE8, 0x63, 0xF5, 0xE5, 0x90, 0xC4, 0xA8, 0x1C, 0x4F, 0x7B, 0x43, 0xFD,
    0xE5, 0x0F, 0xBB, 0x92, 0x78, 0x29, 0xFF, 0x33, 0xC5, 0xE1, 0xB0, 0x74, 0xC4, 0x5A, 0xDF, 0x48,
    0xA0, 0xAE, 0xF7, 0x47, 0xFE, 0x9E, 0xEF, 0xC3, 0x50, 0x6D, 0x4F, 0x5F, 0x82, 0x18, 0x15, 0xC1,
    0x4B, 0x5E, 0x97, 0xF2, 0x87, 0x74, 0xCF, 0x57, 0x38, 0x2D, 0x28, 0x12, 0x47, 0x28, 0x6E, 0x68,
    0xB1, 0xB2, 0xC3, 0x0E, 0xF7, 0xF4, 0xB1, 0x89, 0x7A, 0x97, 0x3F, 0xA5, 0xFD, 0x43, 0x83, 0x85,
    0x40, 0xF8, 0x24, 0xE5, 0x23, 0x23, 0x3A, 0xC8, 0x95, 0x68, 0x15, 0x22, 0xA5, 0x87, 0xA1, 0x5D,
    0x38, 0x90, 0x3B, 0x29, 0x66, 0x82, 0xC0, 0x3A, 0xED, 0x96, 0x80, 0x33, 0xC7, 0xB5, 0x9A, 0x96,
    0x01, 0xAD, 0x0D, 0x16, 0xED, 0x08, 0x29, 0x06, 0x7B, 0x7A, 0xB6, 0xA0, 0x8C, 0x6C, 0x67, 0x9D,
    0x8E, 0xDC, 0xA3, 0xE1, 0x1B, 0x9E, 0xB3, 0xB7, 0x56, 0x4B, 0xE6, 0x26, 0x2C, 0xC7, 0xA4, 0xF8,
    0x33, 0xCC, 0xFF, 0xDE, 0x51, 0x0F, 0x3E, 0x3F, 0xFF, 0xBA, 0x09, 0xCB, 0xF4, 0x7F, 0x99, 0xB4,
    0xDD, 0x1E, 0x4D, 0xD2, 0xC2, 0xD2, 0x93, 0xD5, 0xDD, 0x98, 0xAF, 0xCC, 0xAD, 0xC1, 0xC6, 0x40,
    0x2B, 0xFE, 0x0B, 0x4C, 0x56, 0x6C, 0x23, 0x74, 0xD0, 0x92, 0x1F, 0xB7, 0x81, 0x8A, 0x9E, 0x62,
    0x6C, 0x0F, 0x01, 0x06, 0x21, 0xB6, 0x14, 0xB2, 0xD6, 0xB6, 0xB2, 0xD4, 0xEC, 0x21, 0xB1, 0x32,
    0x50, 0xEE, 0x9E, 0xD4, 0x5E, 0xF0, 0xA4, 0x90, 0x37, 0xFD, 0x06, 0x28, 0x52, 0x28, 0x61, 0x17,
    0x5B, 0xBF, 0xAC, 0x3F, 0xDD, 0xDB, 0x4D, 0x78, 0x0C, 0x29, 0x7E, 0x7A, 0x9D, 0x22, 0xEE, 0x0C,
    0x36, 0x29, 0x61, 0x65, 0x10, 0x38, 0x39, 0xAD, 0xCF, 0xE6, 0xE0, 0x8A, 0xF8, 0xE4, 0xB9, 0xD0,
    0x32, 0x6D, 0x08, 0xA3, 0x61, 0xCD, 0x8E, 0x69, 0x4B, 0x7B, 0x39, 0xF3, 0x1F, 0xEF, 0x94, 0x4C,
    0xB8, 0xC8, 0xAA, 0x36, 0x30, 0xAD, 0x6C, 0xBF, 0x01, 0x83, 0xBB, 0x78, 0x25, 0xE8, 0xFD, 0x0B,
    0xCC, 0x83, 0xCE, 0x53, 0x32, 0x13, 0xE9, 0xDC, 0x2D, 0x1B, 0xC7, 0x65, 0x00, 0x41, 0x41, 0x6F,
    0xD1, 0x28, 0xCD, 0x09, 0xC3, 0x32, 0xD9, 0x0D, 0x06, 0x24, 0x81, 0x22, 0x31, 0x6F, 0x5B, 0x7C,
    0xBF, 0x87, 0xD2, 0x68, 0xDE, 0x1B, 0x8B, 0x1F, 0x9C, 0x16, 0xC4, 0xD0, 0x2B, 0xDA, 0x04, 0x31,
    0xB7, 0xCD, 0x62, 0xDD, 0x16, 0x91, 0x2A, 0x68, 0x97, 0x9F, 0x25, 0x42, 0xEA, 0x7F, 0x92, 0xF6,
    0x3C, 0x8C, 0x7B, 0x45, 0xC8, 0xD3, 0xF8, 0x56, 0xFB, 0x2B, 0x7F, 0x10, 0x5F, 0xED, 0xB0, 0x54,
    0xCD, 0xFF, 0x0C, 0xD1, 0x26, 0xF6, 0x7F, 0xA3, 0xC8, 0x2E, 0xEC, 0x27, 0x5A, 0xA3, 0x83, 0x01,
    0x12, 0x99, 0x40, 0x04, 0x59, 0xC2, 0xC2, 0x99, 0x07, 0x41, 0x0F, 0x16, 0xC3, 0x1D, 0x2D, 0x85,
    0xA0, 0xDF, 0xFF, 0x82, 0xA1, 0xBC, 0xAE, 0xF8, 0x84, 0x67, 0x0E, 0x67, 0x91, 0x6A, 0xAA, 0x2D,
    0x8F, 0xE6, 0x89, 0x0D, 0x32, 0x39, 0x29, 0x52, 0x64, 0x97, 0xEC, 0x7B, 0xC9, 0xED, 0x92, 0x56,
    0x65, 0x85, 0xCD, 0xAE, 0x26, 0xAD, 0x1F, 0xCD, 0x61, 0x5C, 0x09, 0xF3, 0xE1, 0x6E, 0x12, 0x86,
    0xA8, 0x25, 0x45, 0x7C, 0x50, 0x7A, 0xC1, 0x68, 0x83, 0xD2, 0x43, 0x34, 0x70, 0x79, 0x70, 0x80,
    0xAB, 0x98, 0x3C, 0xA6, 0xA1, 0xA7, 0x49, 0x04, 0xD9, 0xDB, 0x1C, 0x14, 0x21, 0x6C, 0x4C, 0xD1,
    0x72, 0x06, 0xBB, 0xD9, 0x4C, 0xD2, 0x45, 0x2E, 0xB0, 0xEC, 0x7A, 0xDA, 0xAB, 0x3C, 0x58, 0x98,
    0x37, 0x18, 0x86, 0x07, 0xC4, 0x13, 0x20, 0x57, 0xDC, 0x88, 0x8C, 0x63, 0x90, 0x5B, 0x13, 0xE6,
    0x15, 0x46, 0x62, 0x20, 0x74, 0xC2, 0xF7, 0xB0, 0xD6, 0x68, 0xB3, 0xBE, 0x6F, 0x86, 0x2B, 0xD1,
    0x18, 0x21, 0xC9, 0xD1, 0xCE, 0x1E, 0x36, 0x4F, 0x36, 0x5C, 0xE7, 0x33, 0xDD, 0xEF, 0xE8, 0x94,
    0x56, 0xD6, 0x54, 0xCA, 0xC1, 0xB5, 0xF9, 0x89, 0x2F, 0xBE, 0x12, 0x57, 0x87, 0x47, 0x22, 0xBA,
    0x81, 0x3B, 0xAE, 0xC2, 0x7C, 0xA3, 0xFE, 0x59, 0xA2, 0xF4, 0xCD, 0x6A, 0x4B, 0xFD, 0xF6, 0x7D,
    0xE6, 0xEA, 0xD0, 0x78, 0x32, 0xCB, 0x25, 0x7E, 0x7D, 0xBD, 0xA6, 0xE8, 0xC5, 0x4D, 0xB5, 0x57,
    0x6F, 0x8A, 0x37, 0x94, 0xD9, 0x4D, 0xE9, 0x86, 0xAA, 0x09, 0x37, 0x34, 0xD2, 0x18, 0x85, 0xD1,
    0x80, 0x9B, 0xC2, 0x11, 0x46, 0x18, 0x9F, 0xD2, 0x9F, 0x8F, 0xED, 0x6C, 0x0F, 0xAE, 0x1B, 0x4E,
    0x07, 0x80, 0x79, 0xAE, 0x7C, 0x00, 0x6A, 0xA6, 0x84, 0x25, 0x18, 0x80, 0xA1, 0xDB, 0x85, 0x57,
    0x86, 0xED, 0xC7, 0xD5, 0x20, 0xF8, 0x02, 0x21, 0x23, 0x07, 0x65, 0x67, 0x8B, 0x9A, 0x09, 0xEC,
    0xD7, 0xE6, 0x5B, 0x74, 0x20, 0x9D, 0xDD, 0xB1, 0x98, 0xAB, 0xD3, 0xB8, 0xE7, 0x2A, 0x18, 0x56,
    0x1B, 0x47, 0xC5, 0x3B, 0x19, 0x18, 0x98, 0x7C, 0x1C, 0x7D, 0x24, 0x2B, 0x58, 0x84, 0xC0, 0x0F,
    0x3C, 0x33, 0x39, 0x98, 0xAC, 0xB8, 0x3F, 0xA6, 0x01, 0xFF, 0x05, 0x84, 0x05, 0x69, 0xE3, 0xF0,
    0xCF, 0x16, 0xFB, 0x84, 0xF8, 0x5A, 0x18, 0x8B, 0x87, 0x13, 0x39, 0xF0, 0x84, 0x9E, 0x68, 0x61,
    0x96, 0x00, 0x85, 0x7B, 0x4D, 0x11, 0xDF, 0x18, 0x3D, 0xF0, 0xF7, 0x0D, 0x90, 0x4F, 0xF0, 0x57,
    0xCD, 0x04, 0x1B, 0x04, 0x97, 0x61, 0x27, 0x97, 0xF7, 0x70, 0xFA, 0x90, 0x75, 0xF0, 0xD9, 0x03,
    0x0A, 0xC4, 0x0F, 0x94, 0x99, 0xF1, 0x37, 0x81, 0xC2, 0x3D, 0xB1, 0xCC, 0xD4, 0xAA, 0x7E, 0x2C,
    0x56, 0x6D, 0x29, 0x99, 0x46, 0x2B, 0x4B, 0xCF, 0xBC, 0xC8, 0x0A, 0x8F, 0xB9, 0xE1, 0x72, 0x43,
    0x3D, 0xB9, 0x84, 0x3A, 0xA1, 0x23, 0x3E, 0x5D, 0xB6, 0x86, 0x55, 0x27, 0x76, 0x96, 0x2F, 0x52,
    0x2F, 0x09, 0xA9, 0x6E, 0x43, 0x0C, 0x0F, 0x59, 0xD6, 0x8D, 0x05, 0x64, 0x82, 0x50, 0xA6, 0x6F,
    0xBD, 0x71, 0x91, 0xED, 0xB4, 0xFA, 0x76, 0xA5, 0x27, 0x8A, 0xBA, 0x19, 0x91, 0x78, 0xC2, 0x10,
    0x19, 0xEB, 0x07, 0x8C, 0x18, 0x45, 0x5B, 0x2F, 0xA1, 0x9F, 0x06, 0xB4, 0xB0, 0x22, 0xD0, 0x76,
    0x6E, 0xEB, 0x6D, 0x69, 0xEB, 0x6D, 0xFD, 0x7A, 0x3C, 0x63, 0x9F, 0x1B, 0x0E, 0x9B, 0x39, 0x0E,
    0xCB, 0xF9, 0x33, 0x58, 0xE1, 0x38, 0x6C, 0x71, 0xDC, 0x06, 0xCF, 0xAE, 0xF8, 0x13, 0xE5, 0x57,
    0x48, 0xFA, 0xCE, 0x5B, 0x8F, 0xFC, 0x99, 0x83, 0x24, 0x64, 0x56, 0xDC, 0x6C, 0x30, 0x72, 0x6E,
    0xB9, 0xB3, 0x26, 0xFF, 0xE2, 0xA8, 0xC8, 0xBE, 0x92, 0x82, 0x2C, 0xCF, 0x4C, 0xCA, 0xD7, 0xB8,
    0x6E, 0x1D, 0x3B, 0xFB, 0x7B, 0x2C, 0x1F, 0xFE, 0xEA, 0x40, 0x49, 0x00, 0x20, 0x6D, 0x90, 0xF5,
    0xD4, 0xEF, 0x85, 0xBF, 0x36, 0x9C, 0x79, 0x23, 0x14, 0x92, 0xD9, 0x36, 0x86, 0x68, 0x43, 0x02,
    0xC1, 0x1B, 0xC9, 0xE0, 0x54, 0x22, 0x2A, 0x48, 0xE3, 0x02, 0xDC, 0x00, 0x20, 0x2D, 0x21, 0x97,
    0xC8, 0x9E, 0x94, 0x80, 0x8E, 0xC9, 0x1A, 0x83, 0x09, 0x64, 0xE1, 0xD1, 0xA0, 0xEF, 0x2B, 0x86,
    0x71, 0x57, 0x59, 0x1B, 0xAD, 0xD3, 0xEE, 0x4D, 0x72, 0x28, 0x15, 0x74, 0x4D, 0x2B, 0x13, 0xEB,
    0x67, 0x86, 0xB8, 0x07, 0x8D, 0x3B, 0x1D, 0xAB, 0x21, 0x71, 0x05, 0x6C, 0xA8, 0x4C, 0xC2, 0x8C,
    0x09, 0xDC, 0xDB, 0x47, 0x8A, 0x30, 0xDC, 0x93, 0x10, 0x78, 0x55, 0x69, 0xEA, 0xB2, 0x6E, 0x14,
    0x7E, 0x95, 0xC8, 0x17, 0xAB, 0x1F, 0x1C, 0x43, 0x2F, 0x8C, 0xC1, 0x3E, 0xE0, 0xF9, 0x6A, 0xEE,
    0xCD, 0xC4, 0x2C, 0xBE, 0x0F, 0x7C, 0x9A, 0xBB, 0xC4, 0x40, 0x06, 0x2C, 0x4D, 0xAC, 0x69, 0xE6,
    0x59, 0xE9, 0x39, 0x91, 0xEB, 0x81, 0x59, 0x06, 0x12, 0x46, 0x9E, 0xA9, 0x34, 0x38, 0x70, 0x21,
    0xC1, 0xB3, 0x5D, 0x78, 0xEE, 0xFF, 0x1F, 0x93, 0xC0, 0x07, 0x62, 0xC1, 0x9D, 0xA5, 0x2B, 0x3A,
    0xB6, 0xCC, 0x8B, 0x41, 0x52, 0x51, 0xAE, 0x34, 0x05, 0x3C, 0x98, 0x40, 0xE5, 0x1F, 0x28, 0xAC,
    0x03, 0x42, 0x79, 0xED, 0x92, 0x4E, 0x82, 0xE4, 0xDD, 0x12, 0xCB, 0x3D, 0x9D, 0x3C, 0x0F, 0x9E,
    0x47, 0x1D, 0x3C, 0x8F, 0xDA, 0x74, 0x21, 0x98, 0xAD, 0xB5, 0xB1, 0x54, 0x74, 0x91, 0xA6, 0x17,
    0x47, 0x7A, 0x76, 0x1C, 0x33, 0x2A, 0x62, 0xE9, 0x82, 0x68, 0x21, 0x30, 0x1D, 0xDE, 0xD2, 0xA8,
    0x3D, 0x25, 0x6E, 0x5E, 0x47, 0xDC, 0xF2, 0x52, 0x7E, 0x40, 0x20, 0x1B, 0x32, 0xF5, 0xDE, 0x22,
    0x96, 0x28, 0x15, 0x54, 0x81, 0xB7, 0x7C, 0x37, 0x28, 0xC8, 0x51, 0xB5, 0x84, 0xE4, 0x2B, 0xA5,
    0xE1, 0xE3, 0x01, 0x07, 0x04, 0x21, 0xAC, 0xB7, 0x95, 0x2C, 0xD6, 0x05, 0x2C, 0x35, 0x7D, 0xAB,
    0x94, 0xD7, 0xA7, 0x7D, 0x04, 0x30, 0x0B, 0x14, 0x06, 0x1A, 0x41, 0x65, 0x69, 0xBE, 0xA6, 0x22,
    0x5D, 0x4A, 0x38, 0x2F, 0x40, 0x62, 0x20, 0x2A, 0x76, 0x53, 0xA1, 0x54, 0x84, 0xD0, 0x69, 0x16,
    0x83, 0x51, 0x6C, 0xFC, 0x87, 0x3F, 0xC7, 0x62, 0x84, 0xFD, 0xCF, 0x26, 0x5C, 0xB9, 0xC0, 0xA6,
    0xDC, 0x9B, 0x49, 0x5F, 0x9B, 0xCB, 0xB7, 0x97, 0xEA, 0xF5, 0x81, 0x5C, 0x62, 0x39, 0x7C, 0xB6,
    0x7D, 0x61, 0x71, 0x8E, 0x9F, 0x4F, 0x69, 0xE8, 0x3C, 0x1F, 0x16, 0xE0, 0xF4, 0xA4, 0xEA, 0x98,
    0x3E, 0x6F, 0x99, 0xA1, 0x64, 0x47, 0x4B, 0x31, 0xA0, 0x50, 0xD7, 0x78, 0xF4, 0x40, 0x8B, 0x85,
    0x47, 0x76, 0xF6, 0xB6, 0xD8, 0x82, 0xEA, 0x13, 0xA5, 0x15, 0xF1, 0xAA, 0x14, 0x32, 0xAD, 0xA5,
    0x0A, 0x36, 0xF2, 0x33, 0x12, 0x61, 0x78, 0xCA, 0x6B, 0x33, 0x74, 0x19, 0xBB, 0xA7, 0x18, 0x95,
    0x3C, 0x4C, 0x45, 0x6A, 0xA9, 0xEF, 0x47, 0xC3, 0xAA, 0xF0, 0x4D, 0xD9, 0x5B, 0xD6, 0x9C, 0x27,
    0xD0, 0x36, 0x6B, 0xDA, 0x79, 0x4D, 0x25, 0x44, 0x29, 0x30, 0x5A, 0xF6, 0x2B, 0x85, 0xDC, 0x66,
    0x91, 0xD4, 0x09, 0x9C, 0x60, 0x1E, 0xCC, 0xC7, 0x54, 0xC0, 0xED, 0x25, 0x38, 0x74, 0xC9, 0x92,
    0xF7, 0xCC, 0x73, 0xDF, 0x83, 0xC1, 0xD2, 0x69, 0x2F, 0x17, 0xA8, 0x80, 0xB4, 0x81, 0x25, 0x69,
    0x0E, 0x50, 0x4B, 0x93, 0x66, 0x6B, 0xBB, 0x4B, 0xB6, 0xD7, 0xDA, 0xD2, 0x2B, 0xD6, 0x82, 0x5B,
    0x7E, 0x02, 0x26, 0x99, 0x29, 0x5D, 0x61, 0xA7, 0xBC, 0xCA, 0xDC, 0xAC, 0x4B, 0x25, 0x80, 0xED,
    0x35, 0x79, 0xA1, 0x44, 0x92, 0xC4, 0xF0, 0x94, 0x4D, 0x24, 0x57, 0x6F, 0xCF, 0xA6, 0x36, 0xCB,
    0x5F, 0x1E, 0x63, 0x9A, 0xBE, 0x45, 0x25, 0x74, 0x85, 0x24, 0x26, 0xEA, 0x2B, 0xFA, 0xF2, 0xFE,
    0x92, 0xCF, 0x0A, 0x9F, 0x08, 0xF9, 0x20, 0x98, 0x88, 0x7F, 0x8B, 0x7C, 0xF8, 0xDD, 0x2C, 0xDB,
    0x87, 0x1E, 0x8B, 0x70, 0x41, 0xC7, 0xAD, 0xC8, 0x67, 0x74, 0xD3, 0x6B, 0xAE, 0xB0, 0xF2, 0xC9,
    0xC8, 0x69, 0x34, 0xF9, 0x5A, 0x28, 0x0D, 0xCE, 0x00, 0xCA, 0x58, 0xF9, 0x1E, 0x98, 0x32, 0x45,
    0x0D, 0xCD, 0xAD, 0x31, 0xD3, 0xA5, 0xE5, 0xEE, 0x73, 0xBE, 0xE0, 0x32, 0x45, 0x6F, 0xC0, 0x73,
    0x2F, 0xCE, 0x1A, 0x95, 0x66, 0xCC, 0x39, 0xDE, 0x1F, 0x4F, 0x62, 0xD1, 0xA6, 0x4A, 0x73, 0x08,
    0x59, 0x56, 0x2A, 0x1B, 0x02, 0xA7, 0x49, 0x39, 0x36, 0xDF, 0x9B, 0x05, 0xE5, 0x86, 0x1D, 0x50,
    0xFA, 0x04, 0x6C, 0xB7, 0xA3, 0xC9, 0x51, 0xBE, 0x3A, 0xA7, 0x23, 0xB3, 0x68, 0xFE, 0x76, 0x4C,
    0x47, 0x79, 0xCE, 0x34, 0x5A, 0x1A, 0xA1, 0x47, 0x72, 0x27, 0xE1, 0xD4, 0x26, 0x56, 0x1B, 0x71,
    0x86, 0x0D, 0x9E, 0x00, 0xC2, 0x46, 0xB9, 0x0B, 0x94, 0x3C, 0xE2, 0x58, 0x25, 0xC6, 0x29, 0x3B,
    0x4C, 0x66, 0x4F, 0x73, 0x25, 0xED, 0xC6, 0xE2, 0xF1, 0xE9, 0x92, 0x0A, 0x8F, 0x9D, 0xB9, 0x71,
    0x1E, 0x46, 0x3C, 0xC5, 0xEB, 0x1B, 0xA5, 0xEF, 0x90, 0x89, 0x52, 0xB3, 0xC1, 0x15, 0x2F, 0xDA,
    0x12, 0xA6, 0x81, 0xA3, 0x98, 0xBF, 0x83, 0xDD, 0xBC, 0xCF, 0x82, 0x08, 0xC4, 0xB3, 0x24, 0x82,
    0xE4, 0xC4, 0x40, 0x00, 0x8D, 0xC9, 0x9F, 0xA7, 0x27, 0xE8, 0x3F, 0xD7, 0xFE, 0x71, 0x3D, 0xCE,
    0x6C, 0x3E, 0xA1, 0x0D, 0x30, 0x95, 0x05, 0x90, 0xC9, 0xA1, 0x22, 0x08, 0xA2, 0x87, 0x45, 0x41,
    0x79, 0x46, 0xF0, 0xDD, 0x9E, 0xDC, 0x99, 0x9C, 0x43, 0x88, 0x81, 0x7B, 0xC9, 0xD0, 0x6D, 0xA1,
    0x2D, 0xBD, 0xC4, 0x5D, 0x14, 0x09, 0x16, 0xE2, 0x95, 0x4F, 0xCE, 0x00, 0x0E, 0x45, 0xCA, 0x00,
    0xB6, 0xA1, 0x23, 0x5E, 0x87, 0x97, 0x28, 0x7B, 0xA9, 0x40, 0xCA, 0x83, 0x50, 0xE2, 0xE6, 0xA1,
    0xDD, 0x27, 0x2F, 0xBB, 0xB1, 0xE3, 0xCE, 0x95, 0x79, 0xE3, 0x94, 0x43, 0xE1, 0xB8, 0x9D, 0x03,
    0x77, 0xAE, 0x2D, 0xE2, 0x60, 0xA9, 0x46, 0x97, 0x79, 0xEA, 0xD3, 0x59, 0x72, 0xCD, 0x59, 0x75,
    0x87, 0x30, 0x8A, 0x96, 0x72, 0x93, 0x53, 0xD9, 0xD3, 0xEE, 0x11, 0x2D, 0xCC, 0xFA, 0xE9, 0x69,
    0x4D, 0xF1, 0x37, 0x8F, 0x5A, 0x3F, 0x0C, 0x2F, 0x31, 0xEB, 0x92, 0xD2, 0x01, 0xC2, 0x11, 0x22,
    0xB2, 0xEA, 0x1B, 0x3A, 0x83, 0x4B, 0xF8, 0x47, 0xE1, 0xC7, 0x61, 0xB4, 0x10, 0x6B, 0x92, 0xFC,
    0x17, 0x95, 0xEC, 0x3C, 0x19, 0xF9, 0xFC, 0x4D, 0x72, 0xE0, 0x74, 0xF2, 0x9B, 0x33, 0xFA, 0x94,
    0x39, 0x70, 0xE9, 0xE3, 0x73, 0xE0, 0xAE, 0xC5, 0xFB, 0xC7, 0x88, 0xC5, 0x13, 0xCE, 0x94, 0x30,
    0x33, 0x52, 0x89, 0x40, 0xDD, 0x45, 0x97, 0x46, 0x78, 0x7F, 0xF1, 0x08, 0xDE, 0x5F, 0x69, 0x2A,
    0x9C, 0x74, 0xA5, 0xA9, 0x04, 0xA6, 0x53, 0x78, 0xA2, 0x1C, 0xB3, 0xD8, 0xE4, 0xEE, 0x4E, 0xFE,
    0x44, 0x26, 0xAF, 0xF2, 0x07, 0x75, 0xD2, 0x85, 0x2A, 0x72, 0xC5, 0x54, 0xF4, 0x24, 0x60, 0x41,
    0x45, 0x04, 0xA0, 0x4A, 0x29, 0xF8, 0x01, 0xB7, 0x13, 0x2A, 0x83, 0xAC, 0x71, 0xBF, 0x5B, 0xF3,
    0x8A, 0x2C, 0x97, 0xC8, 0xF2, 0x8A, 0xF2, 0x18, 0x30, 0x5F, 0x4D, 0x4E, 0x18, 0xD2, 0xAD, 0xEA,
    0x78, 0xE8, 0x9E, 0x19, 0x2F, 0xE7, 0x8C, 0x27, 0x49, 0x8F, 0x42, 0xE6, 0x20, 0xC5, 0x07, 0x8A,
    0x8B, 0xBE, 0x47, 0xCD, 0x68, 0x1D, 0x4D, 0xFD, 0x85, 0xD2, 0x7A, 0x8E, 0xBE, 0x87, 0x34, 0x48,
    0x33, 0xAC, 0xC5, 0x77, 0x2C, 0x98, 0x5B, 0xF6, 0x3A, 0xD9, 0x9A, 0xD0, 0xFE, 0x9E, 0xDC, 0xE5,
    0x61, 0xF5, 0xA8, 0x6E, 0xDB, 0x12, 0xE4, 0x1F, 0x31, 0x6C, 0xCF, 0xF9, 0x6D, 0x66, 0x82, 0x59,
    0x77, 0x08, 0x26, 0x97, 0xFB, 0x73, 0xA7, 0xF3, 0xCB, 0xAC, 0x52, 0xF8, 0xA2, 0x55, 0x72, 0x7E,
    0x8F, 0xF5, 0x97, 0x11, 0xEA, 0x5A, 0xEB, 0xE4, 0x9C, 0xFD, 0x2D, 0x2B, 0x46, 0x67, 0xC0, 0x1C,
    0xE0, 0x63, 0x4C, 0x15, 0x8C, 0x85, 0x00, 0xD1, 0x37, 0xC8, 0x27, 0x01, 0x1A, 0xEB, 0xB9, 0x08,
    0x5E, 0x83, 0x56, 0x1A, 0xDC, 0x90, 0x28, 0xB3, 0x6A, 0x67, 0x35, 0x93, 0x88, 0x25, 0x0C, 0xD9,
    0x18, 0x9F, 0x52, 0xCE, 0xDB, 0x81, 0x01, 0xF6, 0xD5, 0x79, 0x89, 0x9A, 0xBC, 0x30, 0x3B, 0x3A,
    0x30, 0xE0, 0x0E, 0x06, 0x1B, 0xE1, 0xA9, 0xE5, 0xFD, 0xE2, 0x3E, 0xB6, 0xC1, 0xF1, 0x40, 0xDA,
    0x7A, 0x93, 0xD6, 0x94, 0x69, 0x19, 0x3C, 0x46, 0x76, 0xA6, 0x34, 0xE5, 0x78, 0xB0, 0xDA, 0x24,
    0x9E, 0x2E, 0x7A, 0x40, 0x7E, 0xC4, 0xC2, 0xBA, 0xC4, 0xA7, 0xE2, 0xA9, 0x35, 0xE5, 0x67, 0x95,
    0x56, 0xC9, 0x65, 0x45, 0x18, 0x54, 0x98, 0xA3, 0x81, 0x74, 0x1D, 0x88, 0x9D, 0xD8, 0x7E, 0xF0,
    0x98, 0x32, 0xF3, 0xA0, 0xE7, 0x51, 0x35, 0x9C, 0x9C, 0x70, 0x79, 0xB0, 0x80, 0x78, 0x90, 0x56,
    0x57, 0x98, 0xAE, 0x79, 0x65, 0xF1, 0x50, 0xDD, 0xBD, 0xD9, 0x9F, 0x20, 0xFF, 0x40, 0x21, 0xBB,
    0xE2, 0xC3, 0xC1, 0xC2, 0x76, 0x7B, 0xDA, 0x2A, 0x3C, 0xCA, 0xD4, 0x17, 0x0A, 0xDF, 0xE5, 0x54,
    0x9E, 0x0C, 0xE1, 0x31, 0x63, 0xD1, 0x8E, 0xF5, 0x9C, 0xD8, 0xD1, 0xB6, 0x6C, 0x08, 0xC2, 0x64,
    0x71, 0x92, 0x79, 0x7F, 0x62, 0x1D, 0x67, 0xFB, 0xB8, 0xD7, 0xF1, 0x9E, 0x63, 0xA6, 0xD3, 0xE2,
    0xD8, 0x66, 0x27, 0xD1, 0x68, 0x86, 0x98, 0x39, 0x7F, 0x95, 0x96, 0x0E, 0xDE, 0xC8, 0x52, 0xD8,
    0xD2, 0x66, 0x5E, 0x11, 0xA2, 0xF4, 0x3C, 0xDA, 0x2B, 0x72, 0x09, 0x83, 0xB6, 0x3C, 0x51, 0x06,
    0x49, 0x22, 0x63, 0xE2, 0x9A, 0xC1, 0x72, 0xDF, 0x5C, 0x2B, 0x6B, 0xA0, 0x0E, 0xEB, 0x12, 0x4F,
    0xDE, 0x54, 0xD5, 0xC5, 0x24, 0xCE, 0xCA, 0x97, 0xE2, 0xAE, 0xC9, 0x2C, 0xED, 0xD6, 0x49, 0xF7,
    0x68, 0x82, 0x8D, 0xF3, 0x9B, 0xDD, 0x56, 0x59, 0x3B, 0x6F, 0xEF, 0xBD, 0xCC, 0xA1, 0x53, 0x62,
    0x0A, 0x78, 0xEE, 0x75, 0xDA, 0x10, 0x19, 0x8D, 0x73, 0x79, 0xF5, 0xC2, 0x2E, 0xE4, 0xC7, 0x8B,
    0x64, 0x64, 0x55, 0x39, 0x4C, 0x90, 0x04, 0x1F, 0x4D, 0xA5, 0x2C, 0xE3, 0x3A, 0xB7, 0xD8, 0x14,
    0xDF, 0xAF, 0x10, 0xF8, 0x34, 0x25, 0x27, 0xF5, 0xC5, 0x6B, 0x78, 0x7C, 0xC2, 0x73, 0x40, 0x7F,
    0x64, 0x85, 0xB7, 0xC9, 0x9B, 0x3F, 0x2A, 0x0E, 0xE7, 0x31, 0x8A, 0x15, 0x92, 0xFE, 0x8E, 0x1D,
    0x9D, 0x6E, 0xFC, 0x42, 0x44, 0x22, 0x7F, 0x3C, 0x22, 0xD1, 0x3F, 0x16, 0x91, 0xD0, 0xD8, 0x5C,
    0x8C, 0x99, 0x8F, 0xA6, 0x73, 0xF8, 0xBE, 0xF6, 0x3A, 0x21, 0x12, 0x45, 0xED, 0x88, 0x84, 0xB2,
    0xE4, 0x06, 0xC1, 0x8B, 0x2D, 0x42, 0xAD, 0xD7, 0x23, 0x12, 0x2F, 0x1B, 0x22, 0x41, 0x63, 0xDD,
    0x32, 0x42, 0x79, 0x5E, 0xEE, 0x7C, 0x9B, 0x5B, 0x32, 0xBF, 0xD9, 0x24, 0x2B, 0x2E, 0x66, 0xF4,
    0x0F, 0x45, 0xE5, 0x12, 0x8E, 0x7F, 0x47, 0x37, 0xE0, 0x98, 0xF3, 0x1E, 0x81, 0x5F, 0x43, 0x67,
    0xFE, 0xD1, 0x6F, 0xE9, 0x84, 0x53, 0x46, 0x75, 0x89, 0x6D, 0xC5, 0x55, 0x4A, 0x50, 0x62, 0x12,
    0x85, 0x33, 0xF2, 0x5B, 0xF5, 0x8A, 0x7B, 0xF4, 0xCD, 0x80, 0x34, 0x6A, 0xB9, 0x1F, 0x99, 0xEC,
    0x48, 0x24, 0x4A, 0x35, 0xD1, 0x67, 0xB0, 0x82, 0xB7, 0x60, 0x69, 0x59, 0xFD, 0x9F, 0xE4, 0x3A,
    0xC7, 0xED, 0x1F, 0xFF, 0x8E, 0xE6, 0x72, 0xF8, 0xE6, 0x37, 0xFE, 0xF5, 0xE3, 0x41, 0x9E, 0x31,
    0x98, 0xEB, 0x0C, 0xE4, 0x2F, 0xF6, 0x7F, 0x85, 0xC9, 0x6D, 0xDA, 0x3F, 0xB2, 0xFB, 0xFB, 0xBA,
    0xD0, 0xA2, 0xA7, 0xC9, 0x41, 0x9F, 0xBF, 0x7C, 0x0E, 0x7A, 0x73, 0x5D, 0x0E, 0xBA, 0x84, 0xD0,
    0xE1, 0x2F, 0x74, 0x59, 0x09, 0xB7, 0x60, 0x09, 0x21, 0x56, 0x9A, 0x29, 0x9A, 0x8E, 0xA7, 0xEA,
    0xC7, 0x6C, 0xB5, 0x24, 0x9F, 0x39, 0x1B, 0x80, 0x3F, 0x1F, 0xBF, 0xA5, 0xC0, 0x87, 0x05, 0x21,
    0x82, 0x9F, 0xE4, 0xE5, 0x12, 0x5E, 0x5C, 0xBF, 0x7E, 0x1B, 0x8F, 0xDF, 0x93, 0xE4, 0x51, 0xF5,
    0x04, 0x2E, 0x02, 0x06, 0xDC, 0x86, 0x9F, 0x59, 0x5E, 0xE8, 0xBC, 0x96, 0x5C, 0xEE, 0x82, 0x15,
    0x15, 0x8F, 0x5E, 0xED, 0x9A, 0x1F, 0x28, 0xB4, 0x11, 0x7A, 0x18, 0xE1, 0x76, 0x4F, 0x15, 0x42,
    0x10, 0xFC, 0x3E, 0x23, 0x08, 0xCE, 0xFC, 0xC1, 0x46, 0xAC, 0x28, 0xB9, 0xE3, 0x56, 0x83, 0x18,
    0x61, 0x1B, 0x10, 0xF0, 0x4B, 0x18, 0x7E, 0x57, 0x82, 0x9C, 0x39, 0x58, 0xFF, 0x15, 0x3F, 0xEF,
    0xCE, 0x0D, 0x84, 0x9D, 0xE2, 0x87, 0xA5, 0x3D, 0x3A, 0x1A, 0x10, 0x45, 0xD4, 0xD5, 0x95, 0xEE,
    0xAB, 0x0E, 0xC7, 0x02, 0x48, 0x4F, 0xDE, 0x42, 0x51, 0xB5, 0x05, 0x78, 0xA2, 0x3A, 0xFC, 0x31,
    0x5E, 0xF3, 0x42, 0x52, 0x1C, 0x54, 0xB7, 0x52, 0x7F, 0x37, 0xF9, 0xE6, 0x59, 0x36, 0x64, 0xCC,
    0x79, 0x4F, 0x3C, 0xA8, 0xAE, 0x49, 0xBD, 0xE6, 0x4F, 0x8A, 0xED, 0x70, 0x11, 0x16, 0x2B, 0x46,
    0x37, 0x00, 0xAC, 0x4F, 0xC1, 0x6C, 0xBD, 0x09, 0xB6, 0x94, 0xA5, 0x13, 0xA6, 0xB2, 0x1B, 0xAB,
    0x64, 0xF3, 0x13, 0xD4, 0xFF, 0x6E, 0x7E, 0xF2, 0x1F, 0x93, 0x47, 0xBF, 0x5C, 0xC5, 0x32, 0xCA,
    0x69, 0x96, 0xC8, 0xD0, 0x04, 0x53, 0xD0, 0xF3, 0x51, 0x66, 0x5C, 0xD6, 0xCF, 0x73, 0xAE, 0x27,
    0xED, 0x9B, 0xC9, 0x13, 0xBE, 0x1E, 0x99, 0xC6, 0xD6, 0xA6, 0x01, 0xDF, 0x29, 0x4E, 0xE3, 0xFC,
    0xEB, 0x69, 0xEE, 0xF4, 0x0F, 0x54, 0x38, 0x76, 0xF1, 0xB5, 0x8B, 0xA0, 0x79, 0x1E, 0x9F, 0xFC,
    0x69, 0xFC, 0xD5, 0x8F, 0xEC, 0x05, 0xB5, 0x87, 0xAC, 0x77, 0x82, 0x3F, 0xFF, 0x12, 0x4F, 0xFE,
    0x37, 0x63, 0xC8, 0x82, 0xC5, 0xEA, 0xD2, 0x4E, 0x54, 0x68, 0x5D, 0x0F, 0xC7, 0x58, 0x5A, 0x42,
    0x15, 0xF2, 0xE3, 0x27, 0xDD, 0x5E, 0xF2, 0x87, 0xB9, 0xCF, 0xB3, 0x2C, 0xBC, 0x5A, 0xDD, 0x0A,
    0x7C, 0x77, 0x86, 0x11, 0x52, 0x8C, 0xDE, 0x71, 0x5B, 0x66, 0xFC, 0xCE, 0x13, 0xDF, 0x89, 0xFC,
    0x71, 0xC7, 0x13, 0x5D, 0x37, 0xB1, 0x87, 0x8A, 0xB7, 0x9A, 0x80, 0xF2, 0x52, 0x64, 0x8D, 0x58,
    0x0A, 0x79, 0xEC, 0x0F, 0x34, 0xBF, 0x3E, 0x86, 0xE2, 0xED, 0x09, 0x8C, 0x53, 0x39, 0x82, 0xC9,
    0x77, 0x2F, 0xEF, 0x1D, 0x5F, 0x2B, 0x6B, 0xF8, 0xF2, 0x30, 0xF3, 0x0C, 0x7F, 0xA9, 0xC3, 0x5A,
    0x3A, 0x7E, 0x78, 0xB8, 0x5C, 0xD1, 0x9B, 0xAF, 0xBD, 0x4B, 0x9E, 0xB6, 0xF6, 0x6E, 0xF9, 0x73,
    0xD6, 0xDE, 0x81, 0xE5, 0x60, 0x26, 0x00, 0x43, 0x6E, 0xDD, 0x0C, 0x72, 0xAB, 0xC9, 0xEB, 0x2B,
    0xCE, 0xFC, 0x44, 0x1C, 0xBF, 0x1F, 0xEF, 0x98, 0x5F, 0x99, 0xCA, 0x57, 0x63, 0x9D, 0xDD, 0x72,
    0x78, 0x84, 0x11, 0xBF, 0xD6, 0x24, 0x93, 0xAB, 0x45, 0x06, 0x8D, 0x19, 0x6E, 0x83, 0x11, 0xA5,
    0x43, 0xEB, 0x16, 0x36, 0x2B, 0xD9, 0x52, 0x92, 0x6F, 0x63, 0xAD, 0xB2, 0x60, 0xAA, 0x91, 0x06,
    0xEC, 0xA4, 0x12, 0xDF, 0x74, 0x25, 0x2A, 0x6B, 0x52, 0xC5, 0xA1, 0xDA, 0x5A, 0xA8, 0xC2, 0x58,
    0xFA, 0x28, 0x27, 0x0E, 0xA0, 0x5C, 0x5D, 0x86, 0xEF, 0xFC, 0x61, 0x50, 0x1A, 0x8C, 0xDF, 0x23,
    0xA2, 0xE3, 0xCC, 0x18, 0x02, 0x48, 0x99, 0x2D, 0xDB, 0x23, 0xE0, 0xF3, 0x23, 0x03, 0x49, 0x78,
    0xAB, 0x89, 0x05, 0x15, 0x99, 0x32, 0xC2, 0x08, 0xAC, 0xF4, 0xCF, 0x50, 0x56, 0xF5, 0x3B, 0xCC,
    0x4C, 0x68, 0x08, 0x08, 0x03, 0x57, 0xC1, 0x4E, 0x5F, 0x29, 0xAB, 0x9A, 0x04, 0xA5, 0x12, 0xF1,
    0x63, 0x36, 0x19, 0x98, 0xF3, 0xC9, 0x65, 0x55, 0xD7, 0x24, 0xA8, 0x75, 0x5F, 0x94, 0xA0, 0xF6,
    0x1D, 0xE2, 0x25, 0x0B, 0x13, 0xD4, 0x1A, 0x26, 0xA8, 0x95, 0xCB, 0x9A, 0xA0, 0x06, 0xBC, 0xF7,
    0x53, 0x62, 0x71, 0x80, 0x58, 0x19, 0x64, 0x64, 0x51, 0x79, 0x52, 0x9F, 0x27, 0xA8, 0x79, 0x92,
    0x8A, 0x88, 0x44, 0x9A, 0x48, 0xD1, 0x3E, 0xBF, 0xA2, 0x71, 0x99, 0xA8, 0x31, 0x6E, 0x36, 0x2B,
    0xAE, 0xC0, 0xAC, 0x2A, 0x4A, 0x40, 0xFE, 0x29, 0x19, 0xBF, 0xB1, 0x6E, 0x2B, 0xF1, 0x41, 0xFF,
    0x28, 0x76, 0x5C, 0xE1, 0x56, 0xAB, 0x04, 0x68, 0x34, 0x17, 0x4B, 0x11, 0x99, 0xC2, 0x01, 0xEE,
    0xD9, 0x80, 0xD3, 0x2F, 0xAE, 0x70, 0x53, 0x6B, 0x9A, 0x72, 0xE5, 0xD4, 0xC4, 0xAA, 0xA2, 0x4F,
    0x4C, 0x1A, 0xC9, 0xD5, 0x1A, 0xB3, 0xCB, 0x4A, 0x82, 0xE4, 0x65, 0xD5, 0xFB, 0xAB, 0xC7, 0xCD,
    0xAE, 0x8F, 0x5A, 0xBD, 0xA9, 0xFF, 0xD3, 0x8E, 0xA7, 0xFD, 0x78, 0x28, 0x95, 0x5C, 0x60, 0xB5,
    0x93, 0xD6, 0x60, 0x06, 0x29, 0x03, 0x68, 0xCE, 0xC4, 0xBA, 0x68, 0xC6, 0x68, 0x69, 0x20, 0x7E,
    0xC1, 0x3E, 0x5C, 0xAD, 0x5D, 0x63, 0xCE, 0xF6, 0x67, 0xB1, 0x38, 0x61, 0x0F, 0x7B, 0xA9, 0x2E,
    0xE8, 0xD4, 0x12, 0x82, 0xB5, 0x00, 0xAF, 0x91, 0xCE, 0xEA, 0xDD, 0x55, 0x88, 0xE2, 0xD5, 0x28,
    0x0C, 0xE9, 0xD4, 0xEA, 0x45, 0x62, 0x4D, 0x48, 0x2C, 0x9D, 0xBA, 0x98, 0x5D, 0x34, 0x4A, 0xF1,
    0x55, 0xD6, 0x18, 0xA8, 0xE3, 0x0D, 0xF1, 0x71, 0x91, 0x2C, 0xF4, 0xA9, 0xAE, 0xCA, 0x32, 0x8D,
    0xB6, 0x00, 0x00, 0x85, 0x62, 0x98, 0x9E, 0x70, 0xD9, 0xD9, 0xA3, 0x27, 0x64, 0x66, 0x70, 0x39,
    0x2E, 0xC9, 0x92, 0x05, 0x1A, 0x34, 0x42, 0xB2, 0xBB, 0xAF, 0xAF, 0xD4, 0x7D, 0x59, 0x4B, 0xDD,
    0xEB, 0xA7, 0x28, 0x75, 0x9F, 0x1E, 0x29, 0x75, 0x3F, 0xC6, 0x52, 0xF7, 0xB0, 0x96, 0xBA, 0x87,
    0x58, 0xEA, 0x1E, 0x62, 0xA9, 0xFB, 0x12, 0x4B, 0xDD, 0x97, 0x2B, 0x1E, 0xED, 0xC9, 0x83, 0xBF,
    0xE6, 0xC9, 0x74, 0x3B, 0x92, 0xC3, 0x57, 0x8C, 0xC5, 0x47, 0x9F, 0x7A, 0x0C, 0xFC, 0x47, 0x8B,
    0x93, 0xA6, 0xEE, 0x0B, 0x96, 0xAA, 0xE6, 0x0E, 0x2E, 0x55, 0xC4, 0x00, 0x03, 0x74, 0x7F, 0x59,
    0xC7, 0x4F, 0x9B, 0x60, 0x63, 0x7D, 0x76, 0xA8, 0x62, 0x67, 0x05, 0xDE, 0xAE, 0x94, 0xF0, 0x77,
    0x57, 0xA2, 0xAC, 0x30, 0x61, 0x58, 0xAA, 0x07, 0x70, 0xA7, 0x52, 0x0E, 0x32, 0xCF, 0x6D, 0x2A,
    0x85, 0x51, 0x2D, 0xD1, 0x9D, 0xB3, 0xDC, 0x21, 0x45, 0xF9, 0xA6, 0x28, 0x62, 0x9E, 0x2E, 0xAB,
    0x7D, 0x38, 0xCB, 0x6A, 0x1F, 0xAE, 0x66, 0xB5, 0x27, 0xBB, 0xCE, 0xF0, 0xF3, 0x8C, 0x00, 0x43,
    0x27, 0x46, 0xBD, 0xF1, 0xA2, 0xF7, 0xF9, 0x71, 0x45, 0xEF, 0xF5, 0x59, 0xD1, 0xBB, 0x8A, 0x54,
    0x2A, 0xE1, 0x14, 0xA5, 0x68, 0xC1, 0xD3, 0xE9, 0xD5, 0x9E, 0xC9, 0x23, 0xD4, 0xC1, 0xE3, 0x23,
    0x81, 0x9F, 0x26, 0x26, 0x82, 0x10, 0x99, 0x1D, 0x94, 0x1C, 0xA4, 0x80, 0x08, 0xA3, 0x0E, 0x0F,
    0x15, 0x09, 0x9E, 0xBC, 0x5B, 0x57, 0x41, 0x86, 0x2A, 0xBA, 0x6A, 0xCD, 0x01, 0x91, 0xB0, 0xC8,
    0x43, 0xEB, 0x24, 0x23, 0x78, 0x62, 0x35, 0x45, 0xD7, 0x6B, 0x79, 0xAE, 0xCD, 0x7E, 0xB4, 0x52,
    0xF1, 0x9D, 0x8A, 0x28, 0xD3, 0x59, 0x26, 0xE0, 0x6C, 0xE1, 0xA4, 0x3B, 0x5A, 0x27, 0x65, 0xC8,
    0x4F, 0xB3, 0x5C, 0xD0, 0x59, 0xF5, 0xCB, 0x4B, 0x38, 0xAB, 0x3A, 0x9B, 0x63, 0xFD, 0x7E, 0xF1,
    0xE0, 0xD7, 0x04, 0x93, 0x1E, 0x8C, 0xC4, 0x96, 0x3E, 0x1A, 0x8C, 0x62, 0x75, 0xCB, 0xF7, 0xDF,
    0x28, 0x95, 0x90, 0x53, 0x8E, 0x2A, 0xDA, 0x99, 0x54, 0x4A, 0x69, 0xF5, 0x48, 0x56, 0x30, 0xAE,
    0xEA, 0xDA, 0x1D, 0xA3, 0x60, 0xD8, 0x39, 0x56, 0x70, 0x10, 0xC5, 0xAB, 0x06, 0x4B, 0x6E, 0x7F,
    0x80, 0x3C, 0xED, 0xFC, 0x01, 0x42, 0xC2, 0xF9, 0x03, 0x94, 0xD9, 0xEE, 0x3F, 0xB3, 0x2A, 0x2E,
    0xC5, 0x0D, 0xA1, 0x1E, 0x3F, 0x41, 0x62, 0x6E, 0xF9, 0xF3, 0x77, 0x58, 0x61, 0x8F, 0xDC, 0xBA,
    0xF2, 0xBD, 0xBF, 0x39, 0xCB, 0x57, 0xAF, 0xAD, 0x8F, 0x9C, 0x95, 0x8A, 0x9A, 0x46, 0x3A, 0x28,
    0x05, 0x6B, 0x49, 0x9C, 0x09, 0x28, 0xC7, 0x4B, 0xE9, 0x8B, 0xB6, 0x51, 0x14, 0xEF, 0x2E, 0x19,
    0xDB, 0x18, 0xC1, 0x3A, 0xBB, 0x90, 0xD5, 0x0A, 0xEF, 0x08, 0xD2, 0x99, 0x42, 0xB2, 0xB2, 0xD6,
    0x60, 0x0A, 0xB2, 0x30, 0xFE, 0xCD, 0xBD, 0x26, 0xEE, 0x68, 0x1D, 0x0B, 0x2C, 0x06, 0xAE, 0xC1,
    0xD3, 0x16, 0xBD, 0x45, 0x19, 0x65, 0x75, 0x2F, 0x85, 0x59, 0x1A, 0xC4, 0x58, 0x8E, 0x49, 0xEC,
    0x86, 0x10, 0xC8, 0xB6, 0x94, 0x60, 0x10, 0xDB, 0x38, 0xE5, 0xCC, 0x08, 0x2D, 0xC3, 0x03, 0x28,
    0x13, 0x84, 0xB0, 0x59, 0x99, 0xC5, 0x4A, 0x55, 0x83, 0xB0, 0x6A, 0xAB, 0x5D, 0x48, 0x59, 0x38,
    0x9B, 0xD2, 0xA2, 0xCA, 0x26, 0x45, 0x6C, 0x59, 0xD1, 0x34, 0x7A, 0x8A, 0x33, 0xAB, 0x02, 0x2A,
    0x05, 0xE0, 0x21, 0x9F, 0x4B, 0x8B, 0x39, 0x31, 0xEC, 0xB3, 0xB3, 0x18, 0x7A, 0xA6, 0xDE, 0x3C,
    0x0C, 0x1C, 0x0A, 0x2B, 0x73, 0xF1, 0xD9, 0xAE, 0x89, 0x09, 0xB0, 0xD6, 0x84, 0xD9, 0x4D, 0x6A,
    0x8C, 0x68, 0x07, 0xC1, 0x4A, 0xE8, 0x62, 0x24, 0x93, 0x45, 0x94, 0xC2, 0xD0, 0x06, 0xDD, 0x35,
    0x2C, 0x1C, 0xEF, 0xDA, 0x60, 0x83, 0xEE, 0x9A, 0x78, 0xAD, 0xE5, 0x2C, 0x36, 0xE6, 0x29, 0x97,
    0x06, 0x9A, 0x96, 0x16, 0x34, 0xB0, 0xB2, 0x5E, 0x95, 0xCB, 0x33, 0xA6, 0x05, 0x82, 0x6E, 0x60,
    0x81, 0x8B, 0x59, 0xA8, 0x00, 0xB3, 0x63, 0x86, 0x36, 0x13, 0x0A, 0xCA, 0x77, 0xA4, 0xCD, 0x14,
    0x3F, 0xA5, 0xD8, 0xFA, 0x84, 0x77, 0xF5, 0x0A, 0xFD, 0x6A, 0x16, 0x7A, 0xA1, 0xD9, 0x4B, 0xBB,
    0x56, 0x05, 0xF5, 0x31, 0x96, 0xA1, 0xE5, 0x88, 0x9D, 0x10, 0x54, 0xC9, 0x18, 0xFB, 0x21, 0x9C,
    0x3A, 0x21, 0x28, 0xA2, 0x71, 0x5D, 0x27, 0x04, 0xA5, 0x94, 0x5F, 0xE9, 0x87, 0xA0, 0x4E, 0x08,
    0xC5, 0xB5, 0x9D, 0x10, 0xC2, 0x59, 0x27, 0x04, 0xA3, 0x61, 0x6C, 0x22, 0xA5, 0x0F, 0xC0, 0x5A,
    0xAC, 0xE1, 0x32, 0x3A, 0xB5, 0x26, 0xC0, 0xF4, 0x06, 0x3D, 0xFA, 0xD1, 0x67, 0x40, 0x97, 0xF1,
    0x18, 0x05, 0x65, 0xBC, 0xB2, 0xC3, 0x9A, 0xC1, 0x29, 0x19, 0x6E, 0xB1, 0x12, 0x46, 0x26, 0x7F,
    0xE3, 0xE8, 0xAB, 0x08, 0xE3, 0x54, 0xD4, 0x81, 0xF4, 0x75, 0x92, 0x8E, 0x47, 0x9F, 0xB1, 0x57,
    0x63, 0xD5, 0x3A, 0x66, 0x3F, 0x57, 0xAB, 0x10, 0x38, 0x9A, 0x7F, 0x64, 0x71, 0x65, 0x99, 0x56,
    0x71, 0xBC, 0xAE, 0xD9, 0x5B, 0xD9, 0x9E, 0x35, 0x7D, 0x9B, 0x9E, 0xD0, 0xF4, 0xAD, 0x76, 0x85,
    0x1D, 0xC7, 0x83, 0x07, 0x68, 0xA3, 0x0B, 0x6D, 0x58, 0xCC, 0xC6, 0x18, 0x24, 0xD9, 0x5E, 0x8C,
    0xDE, 0x66, 0xC3, 0x56, 0x30, 0xF1, 0x9E, 0x12, 0x89, 0x77, 0x95, 0x48, 0xBC, 0xAF, 0x84, 0xAE,
    0x61, 0xAD, 0x00, 0x98, 0xEB, 0x3D, 0x2B, 0xDB, 0x78, 0xE6, 0x7A, 0x85, 0x59, 0x0B, 0xE6, 0x49,
    0x84, 0x91, 0x6E, 0x2C, 0x73, 0x66, 0xA5, 0x85, 0xE5, 0xD0, 0xF4, 0xD6, 0xCB, 0x46, 0xB4, 0x3D,
    0xA7, 0xE9, 0x1C, 0x33, 0xB6, 0x55, 0x69, 0xE3, 0x1D, 0x23, 0x1E, 0x1D, 0x95, 0xEB, 0x5D, 0xDB,
    0xAA, 0xAC, 0xE3, 0xE1, 0x34, 0x5A, 0xE5, 0x79, 0xE2, 0xB5, 0xE7, 0x89, 0xD5, 0x9D, 0x67, 0x8B,
    0x75, 0x91, 0xA8, 0x18, 0x6B, 0xD1, 0x5B, 0xF5, 0x1A, 0x81, 0xBE, 0x2B, 0x56, 0x54, 0xAB, 0x32,
    0x9C, 0xFD, 0x2B, 0x26, 0xB3, 0x41, 0x18, 0xE4, 0xB0, 0x94, 0x51, 0xAB, 0x43, 0x3F, 0x8D, 0x96,
    0x35, 0x62, 0x78, 0xF3, 0x64, 0xC8, 0xA0, 0x82, 0x4B, 0xD6, 0x5D, 0x62, 0x3F, 0x58, 0x7F, 0x89,
    0x32, 0xD6, 0x67, 0xB4, 0x0E, 0xC6, 0x1F, 0xAC, 0xDE, 0xF2, 0xE8, 0x08, 0xC5, 0xE8, 0xE3, 0xC1,
    0xFA, 0xE9, 0x79, 0x52, 0x8D, 0xF5, 0x1F, 0xBC, 0x7E, 0x35, 0x99, 0x4A, 0x42, 0x28, 0x1B, 0xB9,
    0x9E, 0x58, 0x71, 0xA6, 0x61, 0xBE, 0x76, 0x04, 0x17, 0x2E, 0xBB, 0xC5, 0x92, 0x30, 0xB9, 0x8E,
    0x27, 0x9A, 0x4E, 0xCC, 0x67, 0xA1, 0x6C, 0xAA, 0x44, 0x4F, 0xC0, 0x8C, 0xB5, 0x0B, 0x72, 0x99,
    0x42, 0xFE, 0xCC, 0x8F, 0x11, 0x11, 0x4C, 0x2D, 0xA5, 0x2A, 0xA2, 0xF4, 0x86, 0x44, 0xC8, 0xBF,
    0x67, 0xF5, 0x0E, 0x93, 0x1F, 0xE4, 0xD1, 0x52, 0x6E, 0xF3, 0xAA, 0x54, 0x5C, 0xFB, 0xBE, 0xEA,
    0x10, 0xAE, 0xC2, 0xDD, 0xB3, 0x84, 0xAA, 0x51, 0xD4, 0x97, 0x14, 0xD8, 0x64, 0xAB, 0x16, 0x2B,
    0x2C, 0x66, 0x6C, 0x2B, 0x51, 0x9C, 0xFE, 0x11, 0xB8, 0x25, 0x04, 0x0D, 0x5B, 0x10, 0xEE, 0x98,
    0x7A, 0x00, 0xA8, 0xCD, 0x22, 0xBA, 0xDE, 0x1B, 0x8D, 0x3F, 0x7A, 0x5F, 0xD9, 0xC7, 0x89, 0x01,
    0x77, 0xDB, 0x20, 0xB0, 0x4C, 0x91, 0xD2, 0x92, 0xE5, 0x1E, 0x48, 0x25, 0x2E, 0x3B, 0x64, 0x4C,
    0x97, 0x77, 0x91, 0xC2, 0x51, 0xDE, 0x3D, 0xE6, 0x7D, 0xF5, 0xF6, 0x71, 0xDF, 0xE1, 0x5B, 0x66,
    0x6E, 0x84, 0x12, 0xB9, 0xB1, 0x74, 0x23, 0xA7, 0x4A, 0x1D, 0x8C, 0x2C, 0x7C, 0x80, 0xD2, 0xEB,
    0xB1, 0xE9, 0x6F, 0x16, 0xF6, 0x6C, 0xBE, 0x44, 0xEB, 0x8D, 0xFE, 0xA2, 0xF5, 0x46, 0x44, 0x9C,
    0x0C, 0x05, 0xDA, 0x5B, 0x9B, 0xB7, 0x43, 0xF4, 0x21, 0x6E, 0xA2, 0x08, 0x2A, 0x49, 0xC6, 0x93,
    0x57, 0x58, 0x59, 0x63, 0xAC, 0x9B, 0x6A, 0xF8, 0x31, 0x3C, 0xB1, 0xE1, 0x87, 0x05, 0xBA, 0x0F,
    0x96, 0x74, 0x65, 0x24, 0x59, 0x89, 0xF9, 0x84, 0x8B, 0x1B, 0xC5, 0xBF, 0x59, 0xA5, 0x56, 0x72,
    0x7D, 0xA5, 0x56, 0x77, 0x56, 0xA9, 0x35, 0xDA, 0x30, 0xA8, 0xA6, 0x09, 0x17, 0xD1, 0xD0, 0x9F,
    0xBC, 0xF8, 0xB8, 0x03, 0xB6, 0x05, 0xAB, 0x8B, 0x5F, 0xCA, 0xB1, 0x51, 0x8F, 0x92, 0xAD, 0x7A,
    0x94, 0x58, 0xDB, 0xB4, 0x7C, 0x72, 0xF3, 0x55, 0x99, 0x16, 0xF2, 0x80, 0x88, 0xB9, 0x79, 0x77,
    0x12, 0x21, 0xDB, 0xEF, 0xCA, 0x2E, 0x51, 0x7F, 0xBE, 0xC2, 0x1B, 0x8D, 0xD4, 0x6B, 0xBB, 0x91,
    0xF4, 0xF8, 0x14, 0xBD, 0x05, 0xAE, 0xEF, 0xE2, 0xCB, 0x1C, 0xF3, 0x5A, 0x61, 0x58, 0x16, 0x0C,
    0x58, 0xBE, 0x8E, 0x82, 0xC6, 0x3C, 0x80, 0x4C, 0x63, 0x8A, 0x19, 0xBD, 0x8C, 0xBE, 0x58, 0xBC,
    0xF8, 0xB8, 0x66, 0xF4, 0x0A, 0x68, 0xB7, 0x78, 0x71, 0x7F, 0x51, 0x6D, 0x77, 0x4A, 0x97, 0x69,
    0xCE, 0x7A, 0x58, 0xD8, 0x46, 0xAA, 0x4A, 0x7F, 0xAB, 0xBC, 0xA1, 0x35, 0xC7, 0xC9, 0xB2, 0x9B,
    0x4C, 0xF9, 0x2A, 0x14, 0xAA, 0x60, 0x20, 0xDF, 0xE8, 0x9E, 0x2C, 0xB0, 0x9F, 0x4F, 0xB2, 0xD8,
    0x86, 0xB3, 0x7E, 0x2C, 0xF5, 0x5A, 0x5F, 0x2F, 0x46, 0xCB, 0x62, 0x25, 0xBD, 0x99, 0xB2, 0xCB,
    0xD3, 0xAD, 0x07, 0x33, 0xE9, 0x59, 0x31, 0xA2, 0x04, 0xA6, 0xD6, 0xE2, 0x23, 0xEA, 0xD7, 0xD4,
    0x57, 0x35, 0xB3, 0x23, 0xF3, 0x5F, 0x61, 0x86, 0xA8, 0x26, 0xDB, 0x3D, 0x14, 0x00, 0x28, 0x1C,
    0x60, 0x13, 0xDA, 0xB5, 0xCB, 0x6C, 0xA9, 0x24, 0x20, 0x7B, 0x9C, 0x17, 0x6C, 0x3C, 0xB6, 0xC7,
    0x4A, 0x7A, 0xD6, 0x63, 0x65, 0x13, 0xAC, 0x51, 0xE7, 0xFF, 0xB0, 0xE2, 0xFF, 0xEB, 0x7B, 0xAC,
    0x54, 0xA7, 0x1E, 0x2B, 0xBB, 0x20, 0xB3, 0xEE, 0xB8, 0xB7, 0x1E, 0x2B, 0xF2, 0x87, 0x33, 0xB9,
    0xEC, 0x3B, 0x7A, 0xBC, 0x6B, 0x8F, 0x95, 0x99, 0xC2, 0x37, 0xCC, 0x32, 0xC6, 0x26, 0xF5, 0x58,
    0x99, 0x4E, 0x31, 0x90, 0xAB, 0x39, 0x35, 0x0C, 0x02, 0x5F, 0x14, 0xD1, 0xB1, 0x40, 0x80, 0xC9,
    0x6C, 0xF9, 0x67, 0xB3, 0x67, 0x71, 0x9E, 0xEA, 0xE7, 0x32, 0x73, 0x9C, 0x06, 0xE7, 0xC4, 0xE6,
    0xA5, 0xD9, 0xEA, 0xA4, 0x76, 0x14, 0xBC, 0xCC, 0x1A, 0x62, 0x68, 0x0C, 0x92, 0xA0, 0xB5, 0x4C,
    0x02, 0x65, 0x3E, 0x29, 0xE8, 0xA2, 0x40, 0xB3, 0x0E, 0x46, 0xA1, 0x5E, 0x7F, 0x38, 0x9E, 0x1A,
    0x2A, 0x7D, 0xD7, 0x57, 0xAB, 0x51, 0x9F, 0xCE, 0xEB, 0x10, 0x33, 0x2A, 0xEB, 0xA8, 0x85, 0x2D,
    0xE7, 0x2D, 0xEA, 0x62, 0x57, 0xC5, 0xD6, 0x01, 0xC6, 0xB9, 0xC7, 0xFB, 0x39, 0xF9, 0x49, 0x8A,
    0x43, 0x39, 0xC4, 0x16, 0xB8, 0x66, 0x34, 0xC6, 0x06, 0xB8, 0xD9, 0x69, 0xA8, 0x2C, 0x51, 0xAE,
    0x39, 0x1B, 0xFA, 0xB3, 0x20, 0xFE, 0x95, 0x5C, 0xA6, 0x38, 0xD4, 0x0C, 0xA3, 0x28, 0xB5, 0xA6,
    0x53, 0x6E, 0xCD, 0xDD, 0x10, 0x9B, 0x29, 0x0A, 0xD2, 0xF5, 0x56, 0x67, 0xD6, 0xE9, 0xEC, 0xDC,
    0x2E, 0xB1, 0x42, 0x5D, 0xF5, 0x19, 0xA0, 0xE8, 0xB1, 0x5E, 0x38, 0xB4, 0x51, 0xDE, 0xB7, 0x74,
    0xE9, 0x87, 0xEA, 0x0C, 0xF1, 0x2E, 0x68, 0x76, 0x4C, 0x0D, 0x8B, 0xB3, 0x6A, 0xB7, 0xF2, 0x0C,
    0x0C, 0x58, 0xBC, 0xD2, 0xED, 0xE6, 0x1A, 0xD2, 0x3C, 0x11, 0x0C, 0xB5, 0x70, 0xC9, 0x71, 0x3D,
    0xF9, 0x73, 0x94, 0xEB, 0x3B, 0xB7, 0xDE, 0xDC, 0x14, 0xC8, 0x06, 0xC9, 0x50, 0x91, 0xC2, 0xD0,
    0xD6, 0xD4, 0x2B, 0x8B, 0x99, 0xE9, 0xC0, 0xC2, 0x06, 0xC2, 0xB0, 0xCD, 0x68, 0xA0, 0x1E, 0x8B,
    0x1A, 0x63, 0x95, 0xCA, 0x99, 0xD0, 0x37, 0x4B, 0x33, 0x4A, 0xF9, 0x72, 0xF5, 0x71, 0x05, 0x31,
    0x6C, 0x4E, 0xD7, 0x56, 0xBD, 0xCD, 0xD9, 0x9D, 0xDB, 0xED, 0x97, 0x17, 0xB7, 0x8F, 0x9B, 0x3E,
    0xEE, 0x23, 0x99, 0x79, 0xFB, 0x24, 0x9F, 0x2F, 0x7E, 0xFB, 0x14, 0x19, 0xDD, 0x26, 0x2C, 0x38,
    0xB1, 0x3B, 0xC6, 0xC1, 0x8D, 0xA8, 0x39, 0xF1, 0xD0, 0x5C, 0xD7, 0x8A, 0xC7, 0x00, 0xC8, 0xB5,
    0x6A, 0x73, 0xF0, 0xAA, 0xCD, 0x8F, 0xDE, 0x99, 0xCB, 0x0F, 0xDE, 0x9D, 0xCA, 0x77, 0xDE, 0xC3,
    0xE3, 0xC3, 0xB1, 0xFC, 0x44, 0xCA, 0x70, 0xC8, 0x59, 0xB5, 0x19, 0x5E, 0xC2, 0x8C, 0xE8, 0x75,
    0x5F, 0x56, 0x6D, 0x3E, 0x5B, 0xCF, 0x93, 0xCF, 0x1B, 0xCB, 0x56, 0x93, 0xFB, 0xD2, 0xEE, 0x3F,
    0x07, 0x0A, 0xAE, 0x26, 0x37, 0x45, 0x6C, 0x73, 0x33, 0xAC, 0x0D, 0x6E, 0xAC, 0xCB, 0x8D, 0xC2,
    0xC9, 0x11, 0x51, 0x34, 0x58, 0xB1, 0xB5, 0xD6, 0xEB, 0x83, 0x97, 0x4B, 0x9D, 0x57, 0x17, 0x3E,
    0xE0, 0x5C, 0x03, 0xAA, 0xF8, 0x10, 0xDF, 0x86, 0xD7, 0x50, 0x8C, 0xCC, 0xB6, 0x66, 0x66, 0x41,
    0x76, 0x56, 0x8D, 0x9A, 0x8F, 0x56, 0x3E, 0x96, 0x0F, 0x27, 0x83, 0xC3, 0x60, 0x2E, 0xB3, 0x35,
    0xB1, 0x55, 0x12, 0x8F, 0x8D, 0x7A, 0x7C, 0x10, 0xAE, 0xF1, 0x33, 0xA8, 0x1D, 0x52, 0xCE, 0xEE,
    0x4B, 0x93, 0xE0, 0xC0, 0xD7, 0xE9, 0x5F, 0x74, 0xD5, 0x0F, 0x99, 0xA8, 0xD2, 0x56, 0xFF, 0x38,
    0xFC, 0x7B, 0xCF, 0x51, 0x53, 0xB3, 0x8D, 0x68, 0xB7, 0x2E, 0x6F, 0xAC, 0x05, 0x05, 0x6E, 0x3F,
    0xC5, 0x4C, 0x22, 0x1E, 0x9D, 0x6F, 0x58, 0x6B, 0x95, 0xB7, 0x14, 0xBF, 0xFF, 0x76, 0xB0, 0x4C,
    0xE1, 0x65, 0x6D, 0x4C, 0x8F, 0x9F, 0x7A, 0x3F, 0x92, 0x83, 0x89, 0x57, 0x1A, 0xBA, 0xBF, 0x8B,
    0x18, 0xE9, 0xFC, 0x5D, 0x46, 0x1A, 0xFE, 0x1A, 0xBB, 0x36, 0xDD, 0x29, 0xDB, 0x97, 0x87, 0xA6,
    0xB9, 0x1F, 0x3A, 0x15, 0x29, 0xA0, 0xB6, 0xED, 0x70, 0xAE, 0xB7, 0xE0, 0xEB, 0x63, 0x21, 0x99,
    0xB3, 0xAD, 0x0A, 0xF3, 0x54, 0xB7, 0xD8, 0x98, 0x34, 0x7D, 0x2E, 0x37, 0x6F, 0x51, 0x50, 0xCA,
    0xF7, 0xBF, 0x56, 0x32, 0xCE, 0xB7, 0x2D, 0x76, 0x69, 0x6D, 0x41, 0x2C, 0x3B, 0x6B, 0xEF, 0x6D,
    0x68, 0xBC, 0x67, 0xB2, 0xE7, 0x5D, 0x7A, 0x5E, 0x4F, 0xE3, 0xC3, 0xE1, 0xAC, 0x9B, 0x8D, 0xD6,
    0xA7, 0x91, 0x72, 0x0B, 0xD3, 0xEF, 0x66, 0x5A, 0x1F, 0x30, 0xF5, 0x1D, 0xC6, 0x34, 0xDE, 0x2A,
    0xEF, 0x22, 0xB5, 0x22, 0x08, 0x92, 0x43, 0x10, 0x66, 0xA3, 0xCC, 0xCE, 0xB8, 0x34, 0xB5, 0x2D,
    0x8D, 0xA0, 0x93, 0xDC, 0x5A, 0xB6, 0x1C, 0x57, 0x2B, 0xA0, 0x8E, 0x44, 0xC5, 0x51, 0x22, 0xCD,
    0xB3, 0x77, 0x96, 0xE7, 0xFC, 0xFE, 0xFE, 0x85, 0xDA, 0x41, 0x4F, 0xAF, 0x44, 0xDC, 0x20, 0xC3,
    0xDA, 0x93, 0x94, 0x62, 0xA0, 0xA2, 0xB8, 0xA8, 0xBE, 0xFA, 0x37, 0xDB, 0xAB, 0x15, 0xF2, 0xCF,
    0x2A, 0x06, 0xB1, 0x16, 0xC6, 0x11, 0x47, 0x5F, 0x8A, 0xC6, 0x57, 0x62, 0x7F, 0xBC, 0x26, 0x92,
    0x7B, 0x5B, 0x1A, 0x9D, 0x5C, 0x85, 0x6E, 0xC3, 0xB3, 0x41, 0xB7, 0xC3, 0xDA, 0x14, 0x2B, 0x78,
    0x0F, 0x5F, 0xB8, 0x1F, 0x92, 0xFA, 0xB1, 0xC7, 0x9B, 0x16, 0x8A, 0x06, 0xF4, 0xD1, 0x71, 0xC2,
    0x4A, 0x30, 0xA1, 0x51, 0x33, 0x2B, 0x08, 0x4F, 0x59, 0xBF, 0xD2, 0x93, 0x3F, 0xB6, 0x71, 0x28,
    0x60, 0xCD, 0x1D, 0xB1, 0x3A, 0xD5, 0xA7, 0xAE, 0xE1, 0x5B, 0xC1, 0x4B, 0xD6, 0xEA, 0x9C, 0xE3,
    0x37, 0x57, 0xDB, 0x73, 0x4C, 0x6B, 0xD9, 0xE0, 0xE0, 0x86, 0xAC, 0x94, 0x5C, 0x31, 0x26, 0xB7,
    0xAF, 0x77, 0xEA, 0x60, 0xBD, 0x53, 0x43, 0x6B, 0x1F, 0x30, 0x70, 0xB0, 0x8F, 0x17, 0x38, 0xEF,
    0x7A, 0xE6, 0x19, 0x6F, 0x51, 0x28, 0x0D, 0x6B, 0xF1, 0xF0, 0x8D, 0xB5, 0x64, 0x99, 0xD9, 0x92,
    0x85, 0xD5, 0x20, 0xDA, 0x95, 0xDD, 0x75, 0x36, 0x65, 0xFB, 0xF5, 0x81, 0x82, 0x97, 0xED, 0x51,
    0x4F, 0x4D, 0x52, 0x23, 0x6B, 0xD1, 0x52, 0x3D, 0x73, 0xB5, 0x54, 0xE9, 0x18, 0x3C, 0x47, 0x27,
    0xF1, 0x0C, 0xC4, 0x67, 0x05, 0x05, 0x8F, 0xD7, 0x80, 0x82, 0xB3, 0x41, 0x5A, 0x22, 0x55, 0x7B,
    0xF2, 0x9C, 0x25, 0x69, 0x8C, 0xA9, 0x0E, 0x66, 0xF4, 0x3F, 0x4F, 0xC0, 0x74, 0xF9, 0xFB, 0x47,
    0x00, 0xD3, 0xC7, 0x24, 0x4D, 0x04, 0xE7, 0xA9, 0x94, 0x52, 0x52, 0xAE, 0xB6, 0xAF, 0x8D, 0xFC,
    0x12, 0x32, 0xEF, 0xB0, 0x3D, 0x5A, 0x7C, 0x42, 0xE1, 0x09, 0x91, 0x73, 0xC0, 0x34, 0x9D, 0xD6,
    0x15, 0x59, 0x63, 0x25, 0x39, 0x01, 0x53, 0xF3, 0x91, 0xCB, 0x6B, 0xD2, 0x22, 0x6E, 0xD2, 0x6E,
    0x7E, 0x52, 0x23, 0x47, 0x07, 0x2D, 0x2E, 0x91, 0x8B, 0xEB, 0x3C, 0xE4, 0xE4, 0x9A, 0x3E, 0x20,
    0xAA, 0x6A, 0x63, 0xDA, 0x29, 0xE6, 0xD4, 0x10, 0x5F, 0x19, 0xAD, 0x07, 0x48, 0x7E, 0xDE, 0x03,
    0x64, 0x90, 0x29, 0x62, 0x0F, 0xF8, 0x97, 0x4C, 0xA0, 0x1C, 0xEC, 0x98, 0xF0, 0xBC, 0xEC, 0x86,
    0xAF, 0xA3, 0xDB, 0x71, 0xFB, 0x85, 0xDD, 0x8E, 0xAB, 0xF3, 0x6E, 0xC7, 0xFF, 0xC7, 0xDA, 0x1C,
    0x2F, 0x36, 0xCC, 0x96, 0x5B, 0x34, 0x5F, 0x98, 0x77, 0x43, 0x72, 0x82, 0xD2, 0xA3, 0xBF, 0xA5,
    0xF6, 0x2E, 0x96, 0xAD, 0xA6, 0xC6, 0x4C, 0x44, 0xA3, 0x28, 0x9C, 0x58, 0x8D, 0x38, 0x27, 0xD6,
    0x95, 0x89, 0x3E, 0x0A, 0x33, 0xBE, 0xD9, 0x9D, 0x09, 0xF3, 0x07, 0x60, 0x91, 0x3F, 0x80, 0xE2,
    0x99, 0xC2, 0x0F, 0xD1, 0xB5, 0x64, 0x37, 0x36, 0xCD, 0xBB, 0x03, 0x3F, 0x5A, 0x02, 0xBD, 0x99,
    0xE8, 0x18, 0x2C, 0x16, 0x8D, 0x63, 0x69, 0x97, 0x9A, 0x34, 0x81, 0xC7, 0xD9, 0x91, 0x26, 0x58,
    0xCE, 0x24, 0x06, 0xF6, 0x69, 0x0A, 0x57, 0x5A, 0x8B, 0x9C, 0x05, 0x60, 0x3D, 0xFE, 0xBA, 0x1B,
    0xBF, 0x84, 0x61, 0xF3, 0x42, 0xFD, 0x9F, 0x25, 0xBF, 0x4A, 0x89, 0x32, 0xD3, 0x3D, 0xD6, 0x21,
    0xF6, 0xAC, 0xDF, 0xC2, 0x0D, 0x7C, 0x5A, 0xC3, 0x72, 0x63, 0x9F, 0xD6, 0x00, 0x66, 0x42, 0xFE,
    0x19, 0x9A, 0x8E, 0xE0, 0x2C, 0x33, 0x4D, 0x6E, 0x77, 0xEA, 0x46, 0x77, 0xD6, 0x21, 0xE2, 0xAB,
    0xE8, 0xB6, 0x97, 0xB7, 0x3F, 0x96, 0x6A, 0x31, 0x55, 0x28, 0x40, 0xBE, 0x7D, 0xEB, 0xB6, 0xAE,
    0x52, 0xDA, 0x97, 0x89, 0x25, 0xF5, 0x8A, 0xE8, 0xDB, 0xAB, 0x5F, 0x5F, 0x4D, 0x4F, 0xC2, 0xDC,
    0xB3, 0xE0, 0xF7, 0x3E, 0x96, 0x21, 0xA6, 0xC5, 0x3A, 0x0B, 0xBB, 0xFA, 0xB6, 0x13, 0x07, 0x79,
    0x1B, 0xFC, 0xB0, 0xF9, 0x87, 0x20, 0xF5, 0xFE, 0x89, 0x47, 0x6D, 0xF0, 0xF3, 0x16, 0x23, 0xDA,
    0x86, 0xDB, 0x1F, 0x6D, 0x4C, 0xAD, 0x67, 0xA7, 0x47, 0x14, 0x4E, 0xA5, 0x20, 0xA5, 0x8F, 0x8D,
    0x8F, 0xD6, 0xAB, 0x42, 0xE2, 0x27, 0xB8, 0xB5, 0x10, 0x3F, 0xD6, 0x4B, 0x0E, 0xC5, 0x60, 0xA3,
    0x10, 0x3F, 0x95, 0xFC, 0x21, 0x50, 0x59, 0x33, 0x71, 0x23, 0x0C, 0x4A, 0x74, 0x46, 0x18, 0xA8,
    0x08, 0xDF, 0x9B, 0xB7, 0x68, 0x32, 0xB6, 0x91, 0x19, 0xA8, 0x84, 0x22, 0xC6, 0xEB, 0x0B, 0x7D,
    0x58, 0x88, 0x76, 0xA4, 0x90, 0xD3, 0x54, 0x7D, 0xCC, 0x7E, 0x01, 0x51, 0x43, 0x41, 0x3A, 0xFC,
    0x3E, 0x62, 0x00, 0xC7, 0x17, 0x90, 0xB5, 0xF5, 0x6B, 0xBC, 0x4F, 0xC9, 0xCE, 0xBE, 0x3D, 0xC4,
    0x10, 0x5B, 0x93, 0xE8, 0xD8, 0xE9, 0xD4, 0xE9, 0xD0, 0xE9, 0xCC, 0x6D, 0xE2, 0x91, 0x7B, 0x6E,
    0x1F, 0x2E, 0x51, 0x42, 0xAE, 0x94, 0x07, 0x3C, 0x5E, 0x9D, 0x84, 0xAF, 0xA5, 0x67, 0xD9, 0x8F,
    0x37, 0xD1, 0xAF, 0xE6, 0x05, 0x43, 0x6A, 0xAD, 0x87, 0x24, 0xE7, 0x98, 0x2F, 0x07, 0xFC, 0x1C,
    0x0E, 0xD5, 0x17, 0x37, 0x39, 0xB5, 0xA2, 0x0D, 0x9D, 0x82, 0x70, 0xA2, 0x07, 0x55, 0xFC, 0x25,
    0xE6, 0x36, 0x59, 0x5A, 0x46, 0x53, 0x9F, 0xDA, 0x2A, 0x0B, 0x8F, 0x80, 0x5B, 0xC6, 0x16, 0x99,
    0x66, 0xD8, 0x6E, 0xCD, 0x3D, 0xB5, 0x6A, 0x01, 0x6B, 0x4F, 0x44, 0x1B, 0x63, 0xC8, 0x31, 0xDB,
    0x8D, 0x15, 0x8C, 0xAC, 0x8F, 0xD2, 0x0A, 0xE4, 0xEC, 0x01, 0x3E, 0xAD, 0xD4, 0x4C, 0xA8, 0x62,
    0x4D, 0x72, 0x9D, 0x29, 0xBD, 0x9F, 0x4E, 0xCB, 0xB0, 0xAF, 0x4F, 0xB5, 0x75, 0x65, 0x17, 0x7F,
    0x62, 0x5F, 0xB7, 0xED, 0x8E, 0xEF, 0x40, 0x2B, 0x33, 0x27, 0x89, 0x8F, 0xB7, 0xD2, 0xCB, 0xD4,
    0xE8, 0x9B, 0x58, 0x0D, 0x70, 0xF1, 0x94, 0x75, 0x9E, 0x2A, 0xEB, 0x70, 0xC1, 0xFA, 0x64, 0xFD,
    0xD5, 0xBF, 0x7D, 0xFF, 0xD8, 0x6E, 0x74, 0xB7, 0x18, 0x70, 0x12, 0xC7, 0x64, 0xCE, 0xBB, 0xC7,
    0x67, 0x3A, 0xDF, 0x9A, 0x46, 0xA0, 0x62, 0x60, 0xBC, 0x18, 0xDB, 0xA3, 0x72, 0xA4, 0xA1, 0xA8,
    0x63, 0x1A, 0xFA, 0x73, 0xF9, 0x90, 0x96, 0xE4, 0xAD, 0x9D, 0x73, 0xED, 0x4B, 0x8F, 0x72, 0xED,
    0x0D, 0x74, 0x2D, 0x55, 0xD9, 0x96, 0xEA, 0x86, 0xB7, 0x5E, 0xE4, 0x6F, 0xFD, 0xFA, 0x0E, 0x1E,
    0x40, 0x96, 0x10, 0x5D, 0x3F, 0x10, 0x52, 0x0D, 0x8E, 0xBC, 0x50, 0xDB, 0x22, 0xCB, 0x6D, 0xB4,
    0x3F, 0xAE, 0x93, 0xB6, 0x8D, 0xDD, 0x17, 0x5A, 0xA5, 0x05, 0x4B, 0x36, 0xCD, 0x2C, 0x58, 0xBA,
    0x18, 0x50, 0xE8, 0x8F, 0xA3, 0xE1, 0xD6, 0x9C, 0xA7, 0x32, 0x21, 0x3D, 0x6F, 0x75, 0x34, 0xAB,
    0x5D, 0x09, 0x97, 0xC5, 0x94, 0x5C, 0x39, 0x91, 0xB1, 0x6D, 0x5A, 0x8E, 0x7D, 0x28, 0xA5, 0x85,
    0xFC, 0x7E, 0xBC, 0x55, 0x7E, 0x38, 0xA3, 0x5F, 0x69, 0x0A, 0xFB, 0x6F, 0xF6, 0x91, 0x37, 0x95,
    0xB2, 0x6A, 0x07, 0x6F, 0x19, 0x75, 0xB3, 0xBD, 0x84, 0x92, 0x3B, 0x3B, 0xD5, 0xA5, 0x08, 0x7F,
    0x10, 0x95, 0x08, 0xBC, 0xA5, 0x2B, 0x71, 0x27, 0xC5, 0x3D, 0x33, 0x7F, 0x1D, 0xD7, 0xBB, 0x93,
    0x7E, 0x05, 0xAB, 0x61, 0x9F, 0x8C, 0x19, 0xAC, 0xF9, 0x89, 0x68, 0xB9, 0x3D, 0x55, 0x8D, 0xDE,
    0xAE, 0x8F, 0x55, 0xB1, 0xA9, 0x35, 0x6C, 0xD7, 0x22, 0x52, 0xBE, 0x38, 0x3D, 0x22, 0x32, 0xBF,
    0x8A, 0x2E, 0xB3, 0xB7, 0xB5, 0xB4, 0x7E, 0x5C, 0x6F, 0xD2, 0x5B, 0x86, 0xF1, 0x26, 0x0F, 0xCC,
    0x81, 0x3B, 0xC8, 0x43, 0x10, 0xF1, 0xD2, 0xFA, 0x08, 0x62, 0x09, 0xA6, 0x41, 0x69, 0xFD, 0x68,
    0x39, 0x76, 0xD6, 0x97, 0xC1, 0x6E, 0xD2, 0x58, 0xA1, 0x51, 0x60, 0xDB, 0xA8, 0xFD, 0x24, 0xB9,
    0x8D, 0xDD, 0x05, 0x9E, 0x9E, 0x15, 0x6E, 0x76, 0x95, 0xCC, 0x62, 0xD9, 0x1D, 0xED, 0xF3, 0x4B,
    0x49, 0x37, 0xD3, 0x49, 0x85, 0xDF, 0xB2, 0x9E, 0xFD, 0x98, 0x5A, 0x4B, 0x4B, 0x83, 0x8F, 0xCD,
    0x55, 0x4B, 0xE3, 0xD9, 0x3B, 0x71, 0x0E, 0xDE, 0x89, 0xF3, 0x10, 0x3B, 0x71, 0x7A, 0x4F, 0x92,
    0x48, 0xAF, 0x40, 0xFC, 0xB7, 0xEE, 0x53, 0x6F, 0xAA, 0x88, 0xFE, 0xBA, 0x36, 0xBC, 0xAC, 0x2A,
    0xFB, 0x7A, 0x9B, 0x19, 0x1B, 0x72, 0x50, 0x0C, 0x0A, 0x28, 0x0F, 0x86, 0x1C, 0xFC, 0xF8, 0xD6,
    0xAE, 0x1C, 0xD4, 0x50, 0x22, 0x1D, 0x24, 0xF2, 0x88, 0xC5, 0xF5, 0xF5, 0x2F, 0x1F, 0x8A, 0x1C,
    0xF9, 0x37, 0x0B, 0xA3, 0x4C, 0xDB, 0x89, 0xF9, 0xA6, 0xE9, 0x4F, 0xA7, 0x5B, 0xBB, 0x7C, 0x1B,
    0xF6, 0xB4, 0x50, 0x8F, 0x8C, 0xFC, 0x03, 0xDA, 0xA2, 0xAF, 0xE3, 0x75, 0xDF, 0x2D, 0x0E, 0xCF,
    0x99, 0xFB, 0xC4, 0x76, 0xFA, 0xB8, 0xF7, 0x95, 0xF5, 0x9E, 0xD7, 0x87, 0x08, 0xC1, 0x3D, 0x42,
    0x7A, 0x0A, 0xE0, 0x74, 0x3C, 0x92, 0x63, 0x76, 0x71, 0x38, 0x6F, 0xA2, 0x0D, 0xF5, 0x33, 0x96,
    0x48, 0x3D, 0xAE, 0x54, 0xED, 0x9A, 0x2A, 0xB5, 0xB3, 0xF2, 0xB0, 0x98, 0xC5, 0x69, 0x24, 0xAC,
    0x4D, 0x40, 0x4F, 0x3B, 0x60, 0x64, 0xBA, 0x6C, 0x58, 0x7B, 0x58, 0x1B, 0xD6, 0x6E, 0x2E, 0x1B,
    0xD6, 0xE6, 0x57, 0x1B, 0xD6, 0xDE, 0x8D, 0x0D, 0x6B, 0x83, 0x7F, 0xE0, 0xC6, 0x6C, 0x80, 0x2F,
    0xDF, 0x71, 0x37, 0x1A, 0xBE, 0x1E, 0xF7, 0xD2, 0xD0, 0xC8, 0x38, 0x9C, 0xA3, 0x92, 0xFF, 0x5A,
    0x3E, 0x78, 0x47, 0xDA, 0x2B, 0x7A, 0xCA, 0x46, 0x37, 0xD7, 0x7B, 0xCB, 0xD7, 0xB7, 0xBF, 0x6E,
    0x4E, 0xED, 0xAF, 0x51, 0x11, 0xF3, 0x94, 0xED, 0xAF, 0xDF, 0x7F, 0x7C, 0xFB, 0xEB, 0xF3, 0xF8,
    0x97, 0x02, 0x3D, 0x4F, 0x02, 0xD2, 0x62, 0xF5, 0xEA, 0x5A, 0xC2, 0x7A, 0x91, 0xA6, 0xF3, 0x48,
    0x45, 0xEB, 0x5A, 0x2C, 0xA8, 0xCF, 0xC0, 0x31, 0x32, 0xC6, 0x8C, 0xE4, 0x34, 0x3A, 0xD2, 0x3B,
    0xEB, 0x7B, 0xDA, 0x46, 0x2B, 0xA0, 0x7A, 0x72, 0xED, 0x60, 0xE5, 0xB5, 0x83, 0xFB, 0xB3, 0xDA,
    0xC1, 0xAA, 0x6B, 0xBC, 0x76, 0x50, 0x9F, 0x7A, 0x72, 0xB0, 0xD0, 0x13, 0x21, 0xE5, 0xA3, 0xC9,
    0x91, 0xAA, 0x7B, 0xBE, 0x9F, 0xC3, 0xF6, 0xDF, 0xF4, 0x39, 0x6C, 0x96, 0x23, 0x38, 0x2B, 0x47,
    0xF0, 0xFC, 0x13, 0xA3, 0x27, 0x2D, 0xD9, 0xB0, 0xE2, 0xE9, 0xFA, 0x94, 0x9D, 0x2B, 0x8D, 0xF6,
    0x7F, 0xF1, 0xAC, 0x8D, 0xF6, 0x8F, 0x12, 0xB3, 0x80, 0x57, 0x28, 0x7A, 0x59, 0x02, 0x15, 0xD6,
    0x28, 0x2E, 0xD5, 0x4B, 0x66, 0x7F, 0x77, 0xB0, 0x56, 0x22, 0x41, 0x15, 0x45, 0x14, 0x7D, 0x13,
    0x17, 0x06, 0x52, 0x17, 0x2A, 0x45, 0x3F, 0xB4, 0x9A, 0x9F, 0x54, 0x1F, 0x6D, 0x95, 0x0B, 0xBC,
    0xB5, 0xF6, 0x32, 0x9A, 0x68, 0xA5, 0xF6, 0x97, 0x31, 0x45, 0x3B, 0x7E, 0x2A, 0x24, 0x8D, 0x44,
    0xCD, 0xCC, 0x3E, 0xE5, 0x9E, 0x7C, 0x54, 0x4C, 0xCA, 0x7B, 0x96, 0x31, 0x2D, 0x5F, 0x13, 0xF8,
    0x88, 0x58, 0x50, 0x6D, 0x6B, 0x54, 0x34, 0x55, 0xEA, 0x57, 0x95, 0x80, 0x01, 0x7D, 0xA4, 0xDC,
    0xC6, 0x4C, 0x57, 0x56, 0xA8, 0x54, 0x6F, 0x53, 0x68, 0xFC, 0x6C, 0xF6, 0x6C, 0x48, 0xDE, 0x6E,
    0xE6, 0xBD, 0x61, 0x54, 0xFD, 0x1C, 0x7C, 0x9B, 0x9A, 0xFB, 0x52, 0xE8, 0xAC, 0x7B, 0xD6, 0xA7,
    0x97, 0xA9, 0x54, 0x78, 0xE7, 0x1F, 0xF8, 0xF3, 0xFF, 0x01, 0xD5, 0x9B, 0xBF, 0x8F, 0xDC, 0xC6,
    0x15, 0xC7, 0x87, 0xCB, 0x48, 0x74, 0xC4, 0x82, 0x08, 0x20, 0x01, 0xC6, 0xA9, 0x20, 0x12, 0xA4,
    0x30, 0x84, 0x00, 0x6C, 0x53, 0xD8, 0xC7, 0x05, 0x52, 0x08, 0x88, 0x0B, 0x15, 0x41, 0xEA, 0xB8,
    0x95, 0x1A, 0x21, 0xBD, 0x6D, 0x32, 0x51, 0xA1, 0xC2, 0x85, 0xF4, 0x27, 0xA8, 0x50, 0x11, 0xF8,
    0x6F, 0x38, 0x83, 0x1B, 0x09, 0xB0, 0x0A, 0x15, 0xA2, 0x5C, 0xA6, 0x31, 0x11, 0xA7, 0x17, 0x13,
    0x31, 0x36, 0x13, 0x73, 0x39, 0x79, 0xDF, 0xEF, 0x9B, 0xE1, 0xF2, 0x4E, 0x8A, 0xE0, 0x04, 0xBA,
    0xFD, 0x71, 0xB7, 0xFB, 0x76, 0x8F, 0xCB, 0x9D, 0x79, 0xF3, 0x99, 0x37, 0xF3, 0xDE, 0xBC, 0x99,
    0x33, 0xC6, 0xD8, 0x95, 0x31, 0x66, 0x41, 0x19, 0x52, 0xC6, 0xB6, 0x11, 0x99, 0xD8, 0x56, 0x64,
    0xF6, 0x35, 0x64, 0xFE, 0x14, 0xB2, 0xFA, 0xAC, 0x13, 0x69, 0xA3, 0xDE, 0x98, 0x60, 0x0C, 0x07,
    0xB9, 0x7D, 0x80, 0x8C, 0x86, 0x70, 0x2D, 0xB7, 0x77, 0x8B, 0xD1, 0x98, 0xB4, 0x0D, 0xAC, 0xDC,
    0x5E, 0x1B, 0x91, 0x85, 0xB5, 0x76, 0x69, 0x44, 0xD8, 0x32, 0x80, 0x5C, 0x85, 0x72, 0x43, 0xB1,
    0xC2, 0x57, 0xF2, 0x3A, 0x81, 0x6C, 0x12, 0x29, 0x30, 0x6F, 0x33, 0x29, 0x3C, 0x6B, 0xE5, 0x4B,
    0x26, 0x41, 0x35, 0xFC, 0x49, 0x4A, 0x48, 0x5C, 0xC3, 0x7D, 0x9B, 0xF7, 0x29, 0xAF, 0x57, 0x23,
    0xF4, 0x93, 0x3A, 0x2A, 0x11, 0x0B, 0xFB, 0xDC, 0x9A, 0x68, 0x2D, 0x15, 0x53, 0x87, 0xAC, 0x15,
    0x91, 0xD7, 0xA2, 0x53, 0x8E, 0xBA, 0x8A, 0x55, 0x34, 0x98, 0x6A, 0x95, 0x40, 0xA4, 0xF8, 0x33,
    0x1F, 0xA4, 0x40, 0xDB, 0x9B, 0xDC, 0x7E, 0xDF, 0x4B, 0x21, 0x4F, 0x3A, 0x13, 0x8E, 0xA1, 0xAF,
    0x97, 0xC5, 0xE7, 0x2B, 0x5F, 0x29, 0xDF, 0x69, 0x95, 0xF2, 0x75, 0x48, 0x42, 0x31, 0xBF, 0xA2,
    0x8C, 0xA9, 0x51, 0xB6, 0x84, 0x7C, 0x97, 0xF7, 0xEC, 0x19, 0x4A, 0xFC, 0x65, 0x0A, 0xA9, 0xC3,
    0xFC, 0x04, 0x62, 0xD1, 0x79, 0xA5, 0x13, 0xE8, 0x7C, 0xF1, 0x3C, 0x49, 0x16, 0xB5, 0x02, 0x81,
    0xB8, 0x76, 0x67, 0x60, 0x55, 0xDF, 0xE0, 0xB3, 0xC0, 0x76, 0xE0, 0x19, 0xFD, 0x83, 0xD7, 0x92,
    0x7A, 0xC4, 0xCB, 0x05, 0x73, 0xC5, 0xCC, 0x7E, 0x88, 0xCE, 0x71, 0x74, 0x20, 0x1D, 0x49, 0x87,
    0xD2, 0xB1, 0x74, 0x30, 0x1D, 0x4D, 0xC5, 0xE9, 0x78, 0x3A, 0xA0, 0x8E, 0xA8, 0x43, 0xEA, 0x98,
    0x3A, 0xA8, 0x8E, 0xAA, 0x62, 0x35, 0xCA, 0xD5, 0x28, 0x58, 0xA3, 0x64, 0x8D, 0xA2, 0x35, 0xCA,
    0xD6, 0x28, 0x5C, 0x33, 0x33, 0xD4, 0x4B, 0x0F, 0x36, 0x96, 0x89, 0x12, 0xB3, 0xBF, 0x0F, 0x24,
    0x2E, 0x97, 0x83, 0x35, 0xAB, 0x6F, 0x0B, 0xDC, 0x56, 0x1E, 0x99, 0x33, 0x3F, 0xE0, 0xAE, 0xE0,
    0x49, 0x5E, 0xD1, 0x2B, 0x7B, 0xA7, 0x2C, 0xE9, 0x2B, 0x7E, 0xE5, 0xAF, 0x1D, 0xA0, 0x3D, 0xA0,
    0x5D, 0xA0, 0x7D, 0xA0, 0x9D, 0xA0, 0xBD, 0xA0, 0xDD, 0xE0, 0xFB, 0x41, 0x07, 0x8E, 0xEA, 0x1A,
    0x0E, 0xD7, 0xC0, 0x7D, 0x20, 0xC6, 0x9F, 0x91, 0x62, 0xFC, 0x12, 0x2A, 0xA6, 0xAB, 0x35, 0x7B,
    0xE0, 0xF2, 0x19, 0xFE, 0xFB, 0x62, 0xC6, 0x64, 0x8C, 0x86, 0x9B, 0xC5, 0x9A, 0xE4, 0xF0, 0xE1,
    0x2F, 0x60, 0xD5, 0x44, 0x4C, 0xC2, 0x67, 0x01, 0x9F, 0x93, 0x55, 0xC7, 0x34, 0xB3, 0x84, 0x96,
    0x7B, 0xE1, 0x7D, 0x52, 0x3B, 0x41, 0x6D, 0x8F, 0x5B, 0xD8, 0xF5, 0x4B, 0xE1, 0x1B, 0xBD, 0x84,
    0x09, 0xA6, 0x35, 0x34, 0xBD, 0x32, 0x37, 0xEA, 0x7D, 0x9B, 0x64, 0x17, 0x1C, 0x23, 0x30, 0xBF,
    0x45, 0x06, 0xFD, 0x8E, 0xF1, 0x29, 0x2C, 0xAA, 0x6F, 0x85, 0xEB, 0x7A, 0xBB, 0x5C, 0x2F, 0x96,
    0x68, 0x6C, 0x22, 0x58, 0x22, 0x0C, 0x45, 0x37, 0x2E, 0x92, 0xBB, 0xC3, 0xA6, 0xE6, 0x62, 0xC5,
    0xB9, 0x03, 0xF7, 0x2B, 0xE3, 0xE4, 0xB9, 0x32, 0xFE, 0xED, 0xFE, 0x32, 0x0E, 0xC4, 0x72, 0xAB,
    0x3B, 0x8D, 0xA8, 0x84, 0x89, 0x05, 0x2D, 0x8B, 0x9E, 0x8F, 0x5E, 0xD9, 0x69, 0x6E, 0xDE, 0xB6,
    0x15, 0x17, 0x1B, 0x3F, 0x16, 0x7E, 0xA7, 0x24, 0xC1, 0xF9, 0x68, 0x79, 0x73, 0x7F, 0x49, 0xCE,
    0x7E, 0x52, 0xBA, 0x5B, 0x3A, 0x66, 0xE7, 0x64, 0xF4, 0xBD, 0x5E, 0x9F, 0x51, 0x15, 0x05, 0x42,
    0x50, 0xBD, 0xB8, 0x1D, 0x1B, 0x76, 0x21, 0x8B, 0x86, 0x0D, 0xD3, 0xE4, 0xAB, 0x61, 0x8C, 0xA8,
    0xC4, 0x9B, 0x60, 0xDB, 0x86, 0xFE, 0x48, 0x9B, 0x75, 0x94, 0xFD, 0x05, 0x3A, 0x97, 0xF0, 0x11,
    0xA9, 0x55, 0x8F, 0xC0, 0x89, 0x4E, 0x7D, 0xDD, 0x7E, 0xF6, 0xC5, 0xD1, 0x7D, 0x1F, 0x0C, 0x59,
    0xBA, 0x15, 0x68, 0x24, 0xD7, 0x93, 0x2F, 0x6F, 0xAC, 0x4C, 0xD2, 0x64, 0x2B, 0xD1, 0x4F, 0xCA,
    0x0D, 0xD9, 0x9C, 0xAA, 0x3B, 0x7F, 0xF4, 0x84, 0xED, 0x26, 0x65, 0x65, 0xAB, 0x51, 0xC7, 0x51,
    0xFE, 0xEB, 0x43, 0x83, 0x4B, 0xF5, 0x19, 0xA1, 0x98, 0x6A, 0xE9, 0x2C, 0x3B, 0x79, 0xF6, 0x6C,
    0xC3, 0xD5, 0x78, 0xAE, 0xCD, 0x16, 0x4C, 0x5A, 0x2B, 0xD1, 0x2E, 0x5C, 0x28, 0x64, 0x8C, 0xB7,
    0xF4, 0x52, 0x7A, 0x70, 0x46, 0x9B, 0xA1, 0x12, 0x84, 0x4A, 0xE6, 0x32, 0x44, 0x80, 0x69, 0x2F,
    0x82, 0x42, 0x11, 0x08, 0x3F, 0xBA, 0xB1, 0x1B, 0xC2, 0xC1, 0x80, 0xEA, 0x43, 0x2B, 0xD5, 0xEB,
    0xA0, 0x31, 0xC9, 0x53, 0x3A, 0xBE, 0x60, 0x60, 0x6C, 0x71, 0x61, 0xC6, 0xD9, 0x1E, 0x04, 0x67,
    0xE7, 0xED, 0x6A, 0x78, 0x3B, 0xC1, 0xF9, 0x95, 0xF7, 0x76, 0xC9, 0x2A, 0x79, 0xCD, 0xE4, 0xD0,
    0x9E, 0x3F, 0xE2, 0x4B, 0xE5, 0x35, 0xDA, 0x6D, 0x45, 0x28, 0xA8, 0x35, 0x22, 0xC4, 0xC0, 0xD6,
    0x7B, 0xEE, 0xED, 0x74, 0xD5, 0xA9, 0xBE, 0xCD, 0x2D, 0x80, 0x57, 0xD3, 0xF5, 0xB0, 0xCD, 0x9C,
    0x77, 0x23, 0xCA, 0x80, 0x6D, 0x2A, 0x9A, 0x6D, 0xFA, 0xB9, 0x7A, 0x72, 0x76, 0xB5, 0xBB, 0x16,
    0xB2, 0x89, 0x93, 0x88, 0x06, 0x1F, 0xB7, 0xC7, 0x93, 0xE0, 0x2C, 0x9D, 0xF4, 0x93, 0xE8, 0xD4,
    0xB6, 0x5B, 0x88, 0xC6, 0x64, 0x14, 0xED, 0x29, 0x07, 0xBA, 0xA9, 0x82, 0xCD, 0x67, 0xF0, 0x22,
    0x0D, 0xEA, 0x55, 0x48, 0x3D, 0xDD, 0xA9, 0x95, 0xFB, 0x69, 0xAD, 0x78, 0x2D, 0x12, 0xAF, 0x5B,
    0x58, 0xE9, 0x16, 0xDB, 0x87, 0x63, 0x34, 0x24, 0x7D, 0x38, 0xA4, 0x6D, 0x38, 0xE4, 0xCD, 0xED,
    0x2E, 0x97, 0x0A, 0x73, 0x01, 0x58, 0x8C, 0xF7, 0x59, 0x32, 0xAA, 0x90, 0x2F, 0x36, 0x59, 0x77,
    0xB5, 0x13, 0x74, 0x2D, 0x63, 0xB6, 0xAA, 0x77, 0x01, 0xDB, 0x52, 0x6F, 0xF0, 0x37, 0x72, 0xDD,
    0x5F, 0xD5, 0x3E, 0x96, 0xFA, 0x0D, 0x57, 0x54, 0x8D, 0x8F, 0x44, 0x7E, 0xBC, 0x43, 0x1E, 0x01,
    0x87, 0x98, 0x7C, 0x82, 0x89, 0x25, 0x85, 0xBA, 0x72, 0xD3, 0xC7, 0xF2, 0xFC, 0xF9, 0xDB, 0xA1,
    0xB1, 0x18, 0xA5, 0xBB, 0x39, 0x90, 0x69, 0x5F, 0x59, 0xE4, 0x08, 0xED, 0xAC, 0xC1, 0x51, 0x7F,
    0x22, 0xAA, 0xC0, 0x5C, 0x5B, 0x73, 0x9C, 0xAD, 0x4E, 0x0D, 0x83, 0xB7, 0xD4, 0xFD, 0x6E, 0x8D,
    0x2F, 0x5D, 0x7B, 0xF4, 0x47, 0x78, 0xE9, 0xE2, 0x25, 0xD7, 0x7C, 0x3D, 0xEC, 0xFE, 0x9F, 0x6C,
    0x54, 0x63, 0x4F, 0x27, 0x32, 0x42, 0xEB, 0xC2, 0xFE, 0x49, 0x92, 0x85, 0x93, 0xF1, 0x4C, 0x6A,
    0xEC, 0x42, 0x20, 0x5E, 0xD2, 0xAA, 0x09, 0x46, 0xC9, 0x28, 0x1A, 0x65, 0xE3, 0x22, 0x1E, 0x37,
    0x29, 0xCC, 0x72, 0x63, 0x2E, 0x28, 0xA6, 0x24, 0x1D, 0x27, 0x37, 0xA3, 0xE4, 0x73, 0x98, 0x26,
    0x33, 0x21, 0x26, 0xC6, 0x24, 0x66, 0x6F, 0xD4, 0x50, 0xF4, 0x09, 0xAA, 0x7C, 0x41, 0xD0, 0x77,
    0x50, 0xF6, 0x4D, 0xF3, 0xF0, 0x4C, 0xBA, 0x22, 0x62, 0xE8, 0x5A, 0x58, 0x36, 0x1A, 0x65, 0x82,
    0x25, 0xB4, 0xC5, 0x64, 0x06, 0x9E, 0xD0, 0xE4, 0x36, 0x26, 0x33, 0xEA, 0x99, 0x73, 0xAA, 0x05,
    0x57, 0xAF, 0x8F, 0x9B, 0xC8, 0x84, 0x2E, 0xBC, 0xF1, 0xD5, 0x8E, 0x73, 0x53, 0x6B, 0x74, 0x59,
    0x64, 0x94, 0x32, 0x5B, 0x07, 0xBD, 0x64, 0x5E, 0x3D, 0x92, 0xAB, 0x03, 0xA2, 0xE6, 0x9F, 0xB2,
    0x36, 0x20, 0x26, 0xE1, 0x09, 0xF0, 0xAE, 0x8C, 0x8D, 0x59, 0x94, 0x94, 0xEB, 0x50, 0x66, 0x9B,
    0x06, 0xDC, 0xF4, 0x7B, 0x36, 0xE5, 0x3B, 0xB4, 0xAA, 0x1E, 0xCE, 0xAC, 0xA5, 0x40, 0xAC, 0x41,
    0xC5, 0x58, 0x5D, 0x83, 0x8B, 0xFD, 0x83, 0x45, 0x9A, 0xC9, 0x42, 0x5D, 0x99, 0x8F, 0xFB, 0xAB,
    0x6B, 0xB0, 0xC0, 0x3C, 0x2B, 0x28, 0x52, 0xFB, 0xD0, 0x15, 0x4F, 0x57, 0x20, 0x3A, 0xFF, 0xD2,
    0xC4, 0xEB, 0x8B, 0x6B, 0xB4, 0x77, 0x40, 0x57, 0x82, 0x9F, 0xBA, 0x55, 0xD6, 0x1F, 0x33, 0x64,
    0xFC, 0x40, 0xC0, 0x2C, 0x25, 0x15, 0x91, 0xFF, 0x55, 0x54, 0xB0, 0xDF, 0x8A, 0xC1, 0x7D, 0x4B,
    0x60, 0x23, 0xAE, 0xEF, 0x18, 0x18, 0x3A, 0xB6, 0xF6, 0x5F, 0xBA, 0xD2, 0x6A, 0x30, 0x19, 0x58,
    0x09, 0x08, 0x22, 0xFB, 0x4C, 0x2A, 0xF9, 0x5A, 0x3E, 0xCC, 0x91, 0x50, 0xBD, 0x19, 0x3C, 0x7C,
    0xC5, 0xE4, 0x60, 0x71, 0x34, 0x38, 0xDA, 0x1B, 0xCD, 0x8D, 0xD6, 0x46, 0x63, 0xA3, 0xAD, 0xD1,
    0xD4, 0x68, 0x69, 0xAC, 0x5C, 0x73, 0xB7, 0x30, 0x33, 0x5A, 0x19, 0x8D, 0x4C, 0x6D, 0xCC, 0x0D,
    0xE4, 0x85, 0xBC, 0xB5, 0x1F, 0xAE, 0x5C, 0x84, 0xC2, 0x49, 0xEC, 0xD1, 0xDA, 0xD7, 0xC9, 0xE6,
    0xB0, 0x2F, 0xF7, 0x8A, 0xDF, 0x25, 0xA9, 0xFD, 0x5F, 0xB9, 0x8B, 0x60, 0x32, 0xD8, 0xC1, 0xF1,
    0xD5, 0x76, 0x32, 0xAE, 0xA5, 0x0B, 0x5B, 0x38, 0x82, 0x39, 0x80, 0xCF, 0x8C, 0xDF, 0xF3, 0x21,
    0x99, 0x7B, 0xD7, 0x17, 0xFE, 0x1B, 0xAC, 0xDA, 0xD1, 0x47, 0x5B, 0x66, 0xD7, 0xA1, 0xC0, 0x9B,
    0xE3, 0x01, 0xEF, 0x1D, 0x81, 0x0B, 0xB4, 0xE6, 0xB0, 0xDE, 0x56, 0xAC, 0x80, 0x8A, 0x50, 0x23,
    0xAA, 0xC6, 0xAB, 0xFC, 0xBD, 0xB0, 0x4B, 0xA9, 0x35, 0x10, 0x97, 0x9C, 0x95, 0xE6, 0x13, 0xF8,
    0x62, 0x99, 0x03, 0x24, 0x00, 0x93, 0x2E, 0x10, 0x32, 0xB1, 0x7F, 0x08, 0x0C, 0x3C, 0x3A, 0x3C,
    0x64, 0x1A, 0x48, 0x99, 0x75, 0x46, 0xD2, 0xB9, 0xE1, 0xA3, 0xC6, 0x43, 0xAA, 0x97, 0x47, 0xC5,
    0x07, 0xDC, 0xCA, 0x28, 0x76, 0x6C, 0x02, 0x89, 0x47, 0xC4, 0x44, 0x84, 0xAA, 0x00, 0xBB, 0x8F,
    0x32, 0x51, 0x6C, 0x8F, 0x87, 0x96, 0x26, 0xF3, 0x89, 0x3E, 0x50, 0x66, 0x83, 0x87, 0x96, 0x26,
    0x0D, 0xD1, 0x07, 0xD2, 0x13, 0x88, 0x57, 0xB1, 0x02, 0x5D, 0xF8, 0x07, 0x94, 0x54, 0x3D, 0xD7,
    0xBE, 0xCC, 0x37, 0xEB, 0xA9, 0xE9, 0x79, 0xB3, 0xD1, 0x10, 0xE9, 0xC5, 0x41, 0xC2, 0x47, 0x1B,
    0x8E, 0x81, 0x73, 0x80, 0xD1, 0x10, 0xF7, 0x71, 0x9F, 0x74, 0xF2, 0xDB, 0xE2, 0x37, 0x6D, 0xB3,
    0x26, 0x6B, 0xF2, 0x5A, 0x7E, 0x57, 0xF8, 0x45, 0x3A, 0xD2, 0x96, 0x76, 0x65, 0xCB, 0x63, 0x14,
    0x66, 0x35, 0xB8, 0xEC, 0xE9, 0x05, 0x11, 0xD0, 0x76, 0x91, 0x5D, 0x09, 0x4F, 0x59, 0xA4, 0x45,
    0x48, 0x8E, 0xB7, 0xB0, 0xA0, 0xA4, 0x83, 0xB9, 0x24, 0x3D, 0x90, 0xC7, 0x03, 0xA0, 0xC7, 0x9C,
    0x9A, 0xE3, 0xA1, 0x9A, 0x49, 0x8E, 0x13, 0xBE, 0x4F, 0x7A, 0xC8, 0xB4, 0x65, 0x5F, 0xB6, 0xF8,
    0x56, 0x51, 0xA3, 0x04, 0x5B, 0x8A, 0x65, 0x4A, 0x62, 0x34, 0xB6, 0xE5, 0xED, 0x01, 0x8B, 0x19,
    0x98, 0x78, 0xC1, 0xD5, 0x59, 0x64, 0xFF, 0xB6, 0xB1, 0xAF, 0x7E, 0x93, 0x6F, 0x08, 0xC7, 0xCD,
    0x7B, 0x2E, 0x2D, 0x75, 0xC4, 0xE5, 0x3A, 0xE2, 0x06, 0x8C, 0xB8, 0x51, 0xEA, 0x13, 0xAC, 0x82,
    0xC9, 0xA2, 0x1F, 0x2D, 0x78, 0x3B, 0x51, 0xAC, 0x02, 0x08, 0x04, 0xE4, 0x88, 0xC5, 0xF3, 0x5A,
    0xE8, 0x66, 0x9D, 0x70, 0x4C, 0x5C, 0xE4, 0x70, 0x2A, 0x8F, 0x92, 0x4F, 0x79, 0x24, 0xAE, 0x54,
    0xF8, 0xEE, 0x58, 0x27, 0x36, 0xAB, 0x35, 0x33, 0x51, 0x9A, 0x68, 0x28, 0xC0, 0x9C, 0xD8, 0x09,
    0x3F, 0xFE, 0xC8, 0xEC, 0x21, 0xCA, 0xAA, 0x74, 0xDE, 0xD1, 0x5C, 0x87, 0x88, 0x39, 0xE5, 0x40,
    0xE9, 0x0F, 0xF0, 0xE9, 0x7B, 0xE7, 0x48, 0x52, 0xB3, 0x2C, 0x9A, 0xBE, 0x32, 0x9F, 0x6B, 0x4A,
    0x9C, 0x0B, 0x71, 0xD1, 0xF6, 0x4B, 0x0E, 0xE1, 0x67, 0x1A, 0x65, 0x5D, 0xE7, 0x17, 0x4E, 0xFB,
    0xA6, 0x4C, 0x13, 0x79, 0xE4, 0xE8, 0x40, 0x2A, 0x49, 0xA3, 0x28, 0x8D, 0xB2, 0x34, 0x0A, 0xD3,
    0x28, 0x4D, 0xA3, 0x38, 0x8D, 0xF2, 0x34, 0x0A, 0xD4, 0x54, 0xA7, 0x5E, 0x94, 0xA9, 0x51, 0xA8,
    0x46, 0xA9, 0xEA, 0x6C, 0xC3, 0x19, 0x00, 0x09, 0x4F, 0x05, 0x6B, 0x94, 0xAC, 0x43, 0xEB, 0xD9,
    0x3A, 0xB8, 0x33, 0x43, 0xBD, 0xB5, 0x9C, 0xDA, 0xCA, 0xA6, 0xDA, 0x7B, 0x0D, 0x14, 0x7F, 0x2C,
    0x97, 0xE3, 0xEF, 0xB9, 0xBC, 0x7D, 0x8C, 0x36, 0x5C, 0x33, 0x7F, 0x7A, 0x6D, 0xC0, 0x97, 0xBB,
    0x80, 0x6F, 0x30, 0x8A, 0x5E, 0xD9, 0x2B, 0x7C, 0xA5, 0xAF, 0xE4, 0x9D, 0x64, 0x07, 0x68, 0x0F,
    0xB8, 0x2D, 0x2B, 0xF6, 0x81, 0x76, 0x82, 0xF6, 0x82, 0xEB, 0x06, 0xD7, 0x0F, 0x76, 0xB6, 0xC8,
    0x4D, 0xDA, 0xCF, 0xB9, 0x2F, 0x88, 0x16, 0x04, 0x9F, 0xD1, 0x8C, 0xB5, 0x0F, 0xB4, 0x0B, 0xE6,
    0x3D, 0xB0, 0x5F, 0x66, 0x4C, 0xC6, 0x9A, 0xED, 0x65, 0x52, 0xBD, 0x83, 0x76, 0xDF, 0xA0, 0x5C,
    0x22, 0x26, 0xE1, 0x33, 0x80, 0xCF, 0xCB, 0xAA, 0xB3, 0x7A, 0xB3, 0x3E, 0xB8, 0xDC, 0xFA, 0xC4,
    0x1D, 0x83, 0x2D, 0x8D, 0xB6, 0x24, 0xDC, 0xA2, 0x37, 0xBC, 0xDB, 0xEE, 0x35, 0x52, 0xF4, 0x3D,
    0xF4, 0x64, 0xDE, 0xEE, 0x1D, 0xC6, 0xD9, 0x08, 0x6C, 0xEF, 0x36, 0xF2, 0xA5, 0xA7, 0xCB, 0xED,
    0x73, 0xBD, 0xC4, 0x70, 0x3B, 0x9F, 0x32, 0x9E, 0x39, 0x13, 0x2E, 0xC7, 0x69, 0x3B, 0x8B, 0xF1,
    0x37, 0x7B, 0xD5, 0x07, 0xC3, 0x18, 0x71, 0xE5, 0x3A, 0x73, 0x69, 0xA2, 0xD4, 0x8A, 0x0A, 0x59,
    0x3C, 0x79, 0x1A, 0x55, 0x76, 0xFB, 0x56, 0xFC, 0x1A, 0x92, 0xD7, 0xF7, 0x9E, 0x24, 0x7F, 0xE8,
    0x4B, 0x74, 0x75, 0xCD, 0x9D, 0x55, 0xF7, 0x5E, 0xAF, 0xEF, 0x8C, 0xA7, 0x8B, 0xC7, 0x7C, 0xC0,
    0x3C, 0x85, 0xCE, 0x99, 0x0F, 0xD5, 0x97, 0x9B, 0x1C, 0x84, 0x9B, 0x3A, 0xC4, 0x2F, 0x03, 0x76,
    0xB0, 0x76, 0x09, 0x0A, 0x7E, 0x2A, 0xCC, 0x25, 0x96, 0xC4, 0x32, 0x54, 0xB6, 0x7B, 0x40, 0xFD,
    0x77, 0x0D, 0xB1, 0xDB, 0x92, 0xDC, 0xD7, 0xA7, 0x9C, 0x5E, 0xAF, 0x4E, 0x6F, 0xF8, 0xC1, 0x4E,
    0x4F, 0xBD, 0x9D, 0x38, 0xCB, 0xD7, 0x38, 0xBD, 0xD5, 0xFF, 0xE4, 0xF4, 0xDC, 0xFE, 0x5A, 0x37,
    0x9B, 0x0F, 0xE9, 0x65, 0x46, 0x59, 0x96, 0xFB, 0x98, 0x83, 0x99, 0x1C, 0xC1, 0x5D, 0x91, 0x77,
    0x01, 0xE0, 0x6B, 0x12, 0xB7, 0xED, 0xFF, 0xE3, 0xE2, 0xFA, 0x37, 0xB8, 0x38, 0x4D, 0x11, 0xFA,
    0xD4, 0x8D, 0x07, 0x2A, 0x4A, 0xD2, 0x9C, 0xED, 0x01, 0x12, 0x56, 0xB4, 0x9A, 0xC6, 0xD2, 0x23,
    0x19, 0x66, 0x74, 0xB1, 0xE9, 0x6E, 0x08, 0x2F, 0x5C, 0x2C, 0xA7, 0x07, 0x85, 0x5C, 0xEC, 0x2B,
    0x71, 0x24, 0x09, 0x7F, 0xA1, 0x84, 0x3F, 0x3A, 0x28, 0x1B, 0x66, 0x5C, 0xB4, 0xD0, 0x3D, 0x8A,
    0x0F, 0xF5, 0x10, 0x8F, 0xE6, 0xCF, 0x96, 0x20, 0xFC, 0x3E, 0x09, 0xBF, 0xB7, 0x45, 0xC2, 0x49,
    0xF7, 0x89, 0x99, 0xDC, 0x9E, 0x28, 0xDB, 0x03, 0xED, 0x90, 0x35, 0x87, 0x67, 0xBC, 0x61, 0xFF,
    0xF1, 0xB4, 0x93, 0x96, 0x31, 0x63, 0x90, 0xA7, 0x6E, 0x2B, 0x68, 0x37, 0xC6, 0x0B, 0x8B, 0x7D,
    0x38, 0x9F, 0x1A, 0x0E, 0xC9, 0x4E, 0xE7, 0x6B, 0x61, 0xBF, 0xF9, 0xAE, 0xAB, 0x61, 0xFF, 0x97,
    0xFB, 0x6C, 0x97, 0x78, 0xBD, 0xAB, 0x73, 0x89, 0xF1, 0x59, 0x92, 0x3C, 0xF3, 0xEB, 0xA2, 0xBC,
    0x8E, 0x78, 0x9A, 0x2E, 0x9E, 0xA4, 0x3F, 0x65, 0x07, 0xC2, 0xE2, 0xFF, 0x55, 0x22, 0x06, 0x5D,
    0x22, 0xC8, 0xB7, 0x4B, 0x84, 0x7E, 0x16, 0xAC, 0x02, 0xCA, 0x85, 0x97, 0xA2, 0x33, 0x7C, 0x72,
    0x03, 0x0C, 0x90, 0x6B, 0x4A, 0xF6, 0x0D, 0x3C, 0x74, 0xCB, 0x7C, 0x09, 0xD7, 0x82, 0xC9, 0xB8,
    0x70, 0x3B, 0x03, 0x00, 0xC2, 0xA5, 0xE4, 0x55, 0x5B, 0x4E, 0x3A, 0xEB, 0x76, 0x5B, 0xDC, 0x9F,
    0xDD, 0x20, 0xE0, 0xF5, 0xAC, 0x09, 0x6C, 0xDE, 0x2C, 0xC6, 0xBC, 0xC6, 0x33, 0x5C, 0x0B, 0x0B,
    0x3C, 0x87, 0xC2, 0x3D, 0xAB, 0x32, 0x92, 0x67, 0x32, 0x40, 0x73, 0xBB, 0xCC, 0xE4, 0x59, 0x75,
    0xF6, 0x91, 0xB0, 0xB6, 0x2F, 0xDA, 0xDC, 0xDE, 0x6B, 0x25, 0xFD, 0xA2, 0xEE, 0xE8, 0x44, 0xE3,
    0x2D, 0xCC, 0xA0, 0x8C, 0xBB, 0x4E, 0x36, 0x95, 0x6A, 0x96, 0xF9, 0x1D, 0x26, 0x17, 0x34, 0x71,
    0xA3, 0x2A, 0x05, 0xE5, 0x1E, 0x32, 0xC3, 0x78, 0x48, 0xD0, 0x08, 0xC4, 0xE8, 0x85, 0xC6, 0x5C,
    0x01, 0xD4, 0xBD, 0xFF, 0xB6, 0x58, 0x9D, 0x0E, 0x90, 0xB4, 0xA3, 0x60, 0x86, 0xB7, 0x78, 0x2C,
    0xD0, 0xB9, 0xA0, 0x85, 0x25, 0x99, 0xAF, 0xB8, 0x39, 0x52, 0xFC, 0x79, 0x20, 0x9B, 0x27, 0x3D,
    0xE1, 0xD8, 0x86, 0x74, 0x46, 0xA3, 0x60, 0xA6, 0x17, 0x02, 0xE2, 0xD2, 0x51, 0x0D, 0x1F, 0x2F,
    0xCA, 0xC8, 0xE1, 0xF1, 0x2F, 0x8A, 0xC9, 0x71, 0x72, 0xA0, 0x1C, 0x29, 0xA2, 0xEA, 0x79, 0x27,
    0x0A, 0x52, 0x58, 0x8E, 0x96, 0xC7, 0xE5, 0x78, 0x4D, 0x46, 0xA6, 0xE6, 0xA4, 0xFB, 0x47, 0x45,
    0x39, 0x79, 0xF1, 0x85, 0x1F, 0xB0, 0x17, 0xCB, 0x59, 0x04, 0x55, 0x83, 0x62, 0xB6, 0x22, 0xC7,
    0x52, 0x48, 0x5A, 0x6E, 0x1F, 0xCB, 0xFC, 0xE9, 0x46, 0xA1, 0x3B, 0x9F, 0xBA, 0x91, 0xA0, 0x0A,
    0x39, 0xB3, 0x85, 0x65, 0xC6, 0xA6, 0x62, 0x60, 0x82, 0x2F, 0x26, 0x93, 0x17, 0x2D, 0xA6, 0x80,
    0x7B, 0x2D, 0x6C, 0x8E, 0x94, 0x35, 0x6E, 0xF6, 0x7C, 0xDD, 0x30, 0x25, 0x95, 0x5B, 0xDC, 0xF0,
    0x38, 0x3C, 0xCE, 0xF3, 0x14, 0x07, 0xD7, 0xB4, 0x46, 0x87, 0xDE, 0xA2, 0xDB, 0x25, 0x67, 0xEF,
    0x6C, 0x52, 0xE5, 0xF9, 0xA3, 0x5C, 0x1D, 0xD1, 0x9A, 0x9C, 0x17, 0xCA, 0x21, 0x28, 0x0F, 0x89,
    0x73, 0xA4, 0xBB, 0x9A, 0x74, 0x4F, 0x81, 0x9E, 0xC9, 0xCF, 0x67, 0xAB, 0xAF, 0x96, 0x9C, 0x1F,
    0x6C, 0x9D, 0x73, 0xFE, 0x5C, 0x13, 0x5D, 0x56, 0x33, 0x8C, 0x92, 0xEB, 0xBC, 0x25, 0xF3, 0x68,
    0x55, 0x1E, 0x9E, 0x21, 0xC7, 0x4D, 0xE7, 0x33, 0x82, 0xD2, 0x52, 0x58, 0xF2, 0x49, 0x51, 0xCE,
    0xA3, 0x80, 0xDD, 0x18, 0x32, 0xB3, 0x9C, 0xF3, 0x65, 0xC0, 0x21, 0xCD, 0xC1, 0xCE, 0xD5, 0x37,
    0x66, 0xB3, 0xAE, 0x72, 0xF3, 0xB2, 0xFF, 0x2B, 0x6C, 0x76, 0x8F, 0xD7, 0x7C, 0x6A, 0xFC, 0xE1,
    0x07, 0x3F, 0x9F, 0xE9, 0xFB, 0x4F, 0x67, 0x2E, 0xD1, 0x1D, 0xC0, 0x1C, 0x37, 0x07, 0x30, 0xDD,
    0xA4, 0x67, 0xDC, 0xD1, 0x24, 0x5B, 0xE6, 0xEA, 0xF3, 0x3B, 0x40, 0x4B, 0xB8, 0x85, 0xA4, 0xEE,
    0x1D, 0x6E, 0x1F, 0x47, 0xC6, 0x0C, 0xFF, 0x0D, 0x83, 0x71, 0x88, 0xE5, 0xBF, 0x8C, 0x54, 0x4F,
    0xC1, 0x22, 0xE7, 0x09, 0xAC, 0x4C, 0x13, 0x42, 0xAC, 0x3E, 0xD1, 0xAD, 0x8E, 0xF5, 0x7F, 0x39,
    0x4E, 0xF1, 0xCA, 0x41, 0x0A, 0x27, 0x5B, 0xEF, 0x4B, 0x9C, 0x6A, 0xD9, 0x26, 0x67, 0xDB, 0x4F,
    0x41, 0xCE, 0xB4, 0xD1, 0x82, 0x9D, 0x31, 0xB9, 0x03, 0x61, 0x0B, 0x8E, 0x4D, 0xB5, 0x50, 0xBA,
    0x0B, 0xB1, 0xA7, 0x26, 0x5F, 0x91, 0xBD, 0x41, 0x74, 0xBA, 0x14, 0x23, 0xC1, 0x84, 0x68, 0x3D,
    0xE2, 0x80, 0x19, 0x53, 0x83, 0x5C, 0x59, 0x70, 0x1F, 0x90, 0x67, 0x7E, 0x37, 0xFB, 0x95, 0x3C,
    0xD1, 0x69, 0xFD, 0x9A, 0x99, 0xD9, 0x78, 0xDD, 0xF4, 0x6C, 0xF6, 0x11, 0xD0, 0x0F, 0x38, 0x6C,
    0x7D, 0x9E, 0x84, 0x70, 0xBC, 0x0D, 0x39, 0xB9, 0xA4, 0x93, 0x56, 0xA5, 0x4D, 0x35, 0x25, 0xAC,
    0xAA, 0xCD, 0xFF, 0x01, 0xB8, 0xFF, 0xC2, 0xD2, 0xE5, 0x9B, 0x86, 0xF8, 0xEF, 0xEE, 0x23, 0xCA,
    0x50, 0x8F, 0x1D, 0x62, 0x5B, 0x83, 0x1B, 0xD0, 0x54, 0x95, 0xE5, 0xF1, 0xD6, 0x07, 0xDB, 0xB6,
    0x35, 0x9C, 0xDF, 0xD2, 0x13, 0xA7, 0xD3, 0xBF, 0x5A, 0xA4, 0xD7, 0x87, 0xBD, 0x1D, 0xAA, 0xF4,
    0x3B, 0xB9, 0xCE, 0x4F, 0xCD, 0x2B, 0x4E, 0x67, 0xFB, 0x43, 0xF5, 0x3F, 0xB5, 0x54, 0xBD, 0x8E,
    0xD4, 0x30, 0x10, 0x9E, 0x3D, 0x17, 0x39, 0x29, 0x42, 0xEE, 0x69, 0x72, 0x0F, 0x80, 0xE4, 0x86,
    0x9A, 0x31, 0x15, 0x05, 0x05, 0xBC, 0x01, 0xF7, 0x24, 0xC4, 0x82, 0x82, 0x82, 0x82, 0x57, 0xA0,
    0xB8, 0x82, 0x8E, 0x17, 0x40, 0x67, 0xC3, 0x16, 0x14, 0x14, 0x6B, 0x41, 0x41, 0x1B, 0x68, 0x69,
    0xAC, 0x53, 0x24, 0xC2, 0xE1, 0x8D, 0xF9, 0xC6, 0x39, 0x6E, 0xF7, 0x56, 0xB4, 0x24, 0x99, 0x89,
    0xE3, 0xF9, 0x3C, 0xFE, 0x3C, 0x3F, 0xE1, 0x12, 0xFA, 0x12, 0x7C, 0x71, 0x5C, 0x4A, 0xB8, 0x12,
    0xE7, 0xF1, 0x2E, 0x8B, 0xC8, 0x7C, 0x29, 0x43, 0xBF, 0xD3, 0xF1, 0x1F, 0x33, 0x4D, 0xFA, 0x8F,
    0xCF, 0x8E, 0x58, 0x20, 0x5C, 0xD8, 0x12, 0x94, 0x2B, 0x49, 0x47, 0x4E, 0x0D, 0x3A, 0x18, 0xCB,
    0xE4, 0xAF, 0xEE, 0xBB, 0xB4, 0x72, 0x5D, 0x30, 0x41, 0x47, 0x1D, 0xBA, 0xC0, 0xB6, 0xA7, 0x4C,
    0xA7, 0x98, 0xC3, 0x57, 0xD4, 0x72, 0x07, 0xE3, 0x18, 0x73, 0x27, 0xF0, 0xC4, 0x96, 0x83, 0xB7,
    0xB2, 0xAA, 0x27, 0x26, 0x03, 0x8C, 0xB2, 0xE4, 0x4E, 0xD4, 0x30, 0xE9, 0x75, 0x32, 0x0F, 0x23,
    0xEB, 0xE0, 0xBB, 0xE0, 0x4D, 0x7D, 0xBA, 0x70, 0xF7, 0x16, 0xFC, 0x9C, 0x76, 0x1F, 0x93, 0xF9,
    0x34, 0xEA, 0x2F, 0x23, 0x30, 0x18, 0xF3, 0xC3, 0xD8, 0x77, 0x21, 0x33, 0x9D, 0x1E, 0x8B, 0x55,
    0xAF, 0xC7, 0xEE, 0x2B, 0xAC, 0xD3, 0x02, 0x30, 0x2F, 0x07, 0x38, 0xC9, 0x86, 0x4E, 0x8E, 0x85,
    0x3A, 0x3F, 0x8A, 0xBC, 0x49, 0xFE, 0x49, 0x5C, 0x7C, 0x62, 0x21, 0xAC, 0xC0, 0x00, 0xA9, 0xEC,
    0x40, 0x47, 0x99, 0x48, 0xED, 0xCB, 0x04, 0x19, 0x21, 0x89, 0xF8, 0xC7, 0xE5, 0x2C, 0xB1, 0xC6,
    0xA1, 0x0B, 0xB5, 0x03, 0x91, 0x16, 0x89, 0x90, 0xB0, 0x93, 0x0E, 0x62, 0x20, 0xEC, 0xF6, 0xC4,
    0x22, 0x62, 0x10, 0x8F, 0xED, 0xCB, 0x81, 0xCC, 0xC2, 0x49, 0x0C, 0xF5, 0x6B, 0x4F, 0x55, 0xC3,
    0x56, 0x14, 0x58, 0xE8, 0xCB, 0xD9, 0xBB, 0x4E, 0xCA, 0xC1, 0x88, 0xA2, 0x23, 0xB0, 0x5A, 0x94,
    0x70, 0x13, 0x72, 0xFB, 0xAA, 0x11, 0xD5, 0x56, 0x05, 0x86, 0x58, 0x30, 0x8B, 0xDA, 0x92, 0x7F,
    0xFB, 0x23, 0x2F, 0x2C, 0x2B, 0xCD, 0xCA, 0x93, 0xF8, 0x40, 0x39, 0x49, 0xEF, 0x48, 0x0A, 0x67,
    0xD4, 0x4B, 0xC6, 0x25, 0xFB, 0x23, 0x0E, 0x3D, 0x41, 0xF2, 0x95, 0x4C, 0x32, 0x27, 0x36, 0xC1,
    0x08, 0x56, 0xD6, 0x18, 0xD7, 0x46, 0x95, 0xFA, 0x68, 0x52, 0x9B, 0xFD, 0x60, 0x46, 0x9D, 0x97,
    0x71, 0x9D, 0x1F, 0xA9, 0x8F, 0x35, 0xBA, 0x70, 0x3D, 0x52, 0x2B, 0xB4, 0xDB, 0x92, 0xA9, 0x03,
    0x43, 0xD2, 0xDF, 0xB6, 0xCB, 0xC6, 0xC6, 0xCD, 0xCB, 0xE9, 0xD9, 0x9E, 0x4B, 0xF4, 0x65, 0xB0,
    0xAD, 0x58, 0x0C, 0x72, 0x17, 0xEB, 0x60, 0x9D, 0x7B, 0xC1, 0x52, 0x57, 0x52, 0xC5, 0x82, 0xE7,
    0x97, 0x8A, 0xA5, 0xA3, 0x59, 0x27, 0x5A, 0x2E, 0xF3, 0xB9, 0xD8, 0x46, 0xC2, 0xD7, 0xBF, 0x2A,
    0xD1, 0xA0, 0x4A, 0x69, 0xE6, 0x92, 0x3C, 0x62, 0xA7, 0x72, 0xFF, 0x60, 0x9C, 0x91, 0x3B, 0x9D,
    0xCE, 0xD5, 0xAF, 0x8C, 0x38, 0x99, 0xB0, 0x55, 0x97, 0x13, 0x06, 0xDE, 0x66, 0xF5, 0x73, 0x6A,
    0x87, 0xD5, 0x4C, 0x5B, 0x75, 0x31, 0xE9, 0x08, 0x0E, 0x45, 0x5F, 0x64, 0x94, 0x32, 0x8C, 0xD2,
    0x8B, 0xA8, 0x56, 0xE2, 0x62, 0xFD, 0x0C, 0x2C, 0xB5, 0x13, 0x75, 0x23, 0xAD, 0xCE, 0x54, 0x6E,
    0x72, 0x3B, 0xE9, 0xA4, 0x07, 0x13, 0x18, 0x95, 0xFD, 0x14, 0x29, 0x5B, 0x9D, 0xDD, 0x76, 0x2A,
    0x73, 0x6C, 0x32, 0x87, 0x76, 0xF2, 0x4E, 0x83, 0xAB, 0x1E, 0x66, 0x32, 0xEF, 0x33, 0xF1, 0xB3,
    0x89, 0x18, 0x99, 0x7A, 0xDA, 0x0C, 0x94, 0xDB, 0x20, 0xD8, 0xFB, 0x6F, 0x00, 0x5E, 0x6F, 0x9B,
    0xDC, 0xAF, 0xE1, 0xCA, 0xBF, 0x80, 0xB7, 0x22, 0x0E, 0xC1, 0xD3, 0x7C, 0xC8, 0xA8, 0xD1, 0xE7,
    0x13, 0x7A, 0x46, 0x25, 0x96, 0x45, 0xF0, 0xAF, 0xC3, 0x3B, 0xA2, 0xC7, 0x34, 0x1D, 0x8D, 0x4D,
    0xD2, 0xD8, 0xD4, 0xA3, 0x5E, 0xD0, 0x40, 0x16, 0x4C, 0x03, 0x82, 0x6D, 0x57, 0x56, 0xA3, 0xFD,
    0x9A, 0xA4, 0x12, 0x42, 0x8E, 0x5B, 0xE1, 0x78, 0xC0, 0xD9, 0x7B, 0x74, 0x07, 0x01, 0xE0, 0xA0,
    0x26, 0x0E, 0xCD, 0xC4, 0xAE, 0x19, 0x7B, 0xD7, 0x8E, 0xBD, 0x6D, 0x93, 0xB7, 0x3A, 0x79, 0xAA,
    0x34, 0x2B, 0xD5, 0x85, 0x6E, 0x17, 0xB7, 0xA8, 0x95, 0xBC, 0x88, 0xCB, 0x74, 0x78, 0x31, 0xF2,
    0x5A, 0x3E, 0x21, 0x4A, 0x9B, 0x5C, 0xDF, 0x5C, 0xEB, 0x11, 0xE1, 0xDF, 0xCC, 0xC4, 0x1B, 0x94,
    0xCF, 0x06, 0x7F, 0xA6, 0x60, 0x92, 0x44, 0x10, 0xCD, 0x2F, 0x21, 0x1A, 0xF4, 0xD0, 0x07, 0xFD,
    0xBD, 0x58, 0xFD, 0x3B, 0xA3, 0x04, 0x06, 0x6A, 0x8A, 0xBD, 0xD1, 0x6A, 0xAB, 0xD7, 0x37, 0xF7,
    0x68, 0x91, 0x76, 0x83, 0xBC, 0x72, 0x5A, 0xDE, 0xD2, 0x72, 0xF5, 0xFF, 0x77, 0xAD, 0x6A, 0xAF,
    0x30, 0x5D, 0x77, 0x4C, 0xED, 0x8C, 0xA5, 0x17, 0x96, 0x72, 0x47, 0x61, 0xD5, 0xDF, 0x16, 0x5D,
    0xF5, 0xD3, 0x5F, 0x48, 0xB3, 0x0F, 0xB1, 0x07, 0x90, 0xE5, 0x28, 0xCD, 0xB0, 0x83, 0x70, 0x85,
    0x9C, 0x1F, 0x42, 0xDA, 0x7D, 0x48, 0x35, 0x76, 0x8E, 0x63, 0x3F, 0x70, 0xEC, 0xDC, 0xEE, 0x18,
    0x7F, 0xE7, 0x8C, 0xFB, 0xF7, 0xF7, 0xFE, 0xAA, 0x3F, 0x3D, 0x53, 0xB1, 0x8A, 0xDC, 0x30, 0x10,
    0x1D, 0x5B, 0x47, 0x0C, 0x11, 0x9C, 0xDA, 0x04, 0x0E, 0xD4, 0xA6, 0x09, 0x6E, 0x53, 0xE4, 0x56,
    0xEE, 0x53, 0xDC, 0x0F, 0x1D, 0xB6, 0x20, 0x45, 0x8A, 0xFB, 0x88, 0xFC, 0x44, 0xCA, 0xDD, 0xF5,
    0xC0, 0x15, 0xD7, 0xAA, 0x48, 0x97, 0x46, 0x4D, 0xB8, 0x56, 0xC5, 0x16, 0x86, 0xB3, 0x77, 0xF2,
    0x46, 0xBB, 0x04, 0x3D, 0x84, 0x2D, 0x8D, 0x46, 0x6F, 0xDE, 0x1B, 0xB5, 0x67, 0x72, 0x12, 0xC3,
    0x03, 0x8F, 0x5D, 0xDE, 0x77, 0x79, 0xBD, 0xC0, 0xA6, 0xD5, 0xF1, 0xB1, 0x8F, 0x01, 0xBB, 0x27,
    0x72, 0xD1, 0xB3, 0x1B, 0x88, 0x7A, 0x0A, 0xD7, 0xB1, 0xA3, 0x91, 0x0E, 0x44, 0xB6, 0x90, 0xCF,
    0x34, 0xE5, 0xE6, 0x2D, 0x99, 0x57, 0x76, 0x2F, 0x1C, 0x2C, 0xCF, 0x72, 0x9A, 0xA4, 0xE0, 0x4C,
    0xC5, 0xD0, 0x48, 0x69, 0xA5, 0x18, 0xC9, 0x26, 0x51, 0xF7, 0x17, 0x77, 0xB1, 0x95, 0x4C, 0x5D,
    0xA1, 0x2E, 0xDF, 0xBA, 0x14, 0x24, 0xDA, 0x0D, 0x89, 0x99, 0x8E, 0xD4, 0x2E, 0x64, 0x33, 0xF9,
    0x33, 0x05, 0xE1, 0xD9, 0xF1, 0x6A, 0xF9, 0xCA, 0x41, 0xC8, 0x2D, 0x58, 0x2C, 0x15, 0x89, 0x1C,
    0x83, 0x08, 0x18, 0xD0, 0x4A, 0xED, 0x89, 0x4C, 0xA9, 0x0B, 0x11, 0xA4, 0xA8, 0xD5, 0x5A, 0xB8,
    0x7F, 0x50, 0x1A, 0xC1, 0xB1, 0x13, 0xEA, 0x65, 0x38, 0x7A, 0xCD, 0xB3, 0xF5, 0x71, 0x12, 0xF2,
    0xCB, 0x35, 0x26, 0x7C, 0xE3, 0x5D, 0x97, 0x26, 0x25, 0x80, 0xB0, 0x48, 0x13, 0x35, 0xAB, 0x92,
    0xF2, 0x89, 0x02, 0x0A, 0x3D, 0x55, 0x14, 0x9A, 0xC0, 0x44, 0xB8, 0x2D, 0x64, 0xB2, 0x02, 0xC1,
    0x20, 0x5C, 0x67, 0x26, 0xC2, 0x2F, 0x72, 0x0E, 0x66, 0xB0, 0x10, 0xA7, 0x07, 0xA1, 0x47, 0xDA,
    0xD3, 0xF2, 0x7F, 0xAC, 0xF8, 0x7B, 0xA4, 0x2F, 0x88, 0x7B, 0x07, 0x19, 0x5C, 0x74, 0x6C, 0x31,
    0xBA, 0x3A, 0x83, 0x5B, 0xF4, 0xF5, 0xCC, 0x9E, 0x7E, 0x21, 0xC2, 0x4F, 0x43, 0x0F, 0xE2, 0x4F,
    0x29, 0xD8, 0x0A, 0xA7, 0xF4, 0x77, 0x8E, 0x47, 0x94, 0x26, 0x43, 0x27, 0xC9, 0x3D, 0x97, 0xBE,
    0x2D, 0xA1, 0x3D, 0x01, 0x3B, 0x53, 0x80, 0x00, 0x38, 0xF6, 0xD8, 0x85, 0x7E, 0x07, 0xB3, 0xF9,
    0x35, 0xAC, 0x77, 0x2B, 0xAD, 0xCD, 0xD2, 0x2C, 0xED, 0x09, 0x81, 0x12, 0xA4, 0x81, 0xBA, 0x92,
    0x71, 0xF6, 0xBD, 0x51, 0xBD, 0x55, 0xA8, 0x50, 0x0B, 0xCD, 0x10, 0x26, 0x4D, 0x92, 0x66, 0xC8,
    0x39, 0x0F, 0x30, 0xC7, 0x4A, 0xB9, 0x86, 0xC1, 0x82, 0x39, 0xD2, 0xCC, 0x37, 0x36, 0x8F, 0x2E,
    0x43, 0xEF, 0xFE, 0x62, 0x91, 0xC3, 0x19, 0x04, 0x73, 0xFB, 0xC6, 0xDD, 0x1F, 0xF6, 0x4F, 0xCA,
    0x4D, 0xA4, 0xCC, 0x6A, 0xF5, 0x40, 0x1E, 0x35, 0x50, 0xF5, 0x19, 0x48, 0x96, 0xC9, 0xFD, 0xD6,
    0xB6, 0x72, 0xC8, 0x8F, 0x84, 0x36, 0x7D, 0xF6, 0xD0, 0x6C, 0x80, 0xFC, 0x9A, 0x07, 0x0A, 0x6F,
    0x64, 0x4E, 0x64, 0x25, 0x7A, 0xC9, 0xE1, 0x47, 0xAD, 0xC5, 0xE4, 0xF0, 0xA0, 0x77, 0xA1, 0x9C,
    0x80, 0x45, 0x05, 0x6B, 0x07, 0xC1, 0xD6, 0x83, 0x5A, 0x7D, 0xA1, 0xA6, 0x15, 0x0C, 0xE8, 0x15,
    0x22, 0x44, 0xD6, 0xD2, 0xDC, 0xF7, 0xE2, 0x5E, 0x72, 0xA7, 0x77, 0xC1, 0xD5, 0x1C, 0xBA, 0x1C,
    0xAA, 0xAB, 0xE0, 0x6C, 0x36, 0xF2, 0xB0, 0xCB, 0xF1, 0xC1, 0xF2, 0x51, 0x09, 0x40, 0x2E, 0xD2,
    0x46, 0x5B, 0xB5, 0x71, 0xD1, 0x73, 0x13, 0xA9, 0xC9, 0x4D, 0x21, 0x38, 0x0C, 0x9F, 0x45, 0xA2,
    0xFA, 0x9C, 0xC8, 0x60, 0x4B, 0xE2, 0x2C, 0x43, 0x75, 0x3B, 0x22, 0x0A, 0xDF, 0xB3, 0x50, 0xC3,
    0x26, 0x5B, 0xB5, 0xAE, 0xBE, 0x80, 0x7B, 0x8C, 0x47, 0x8C, 0x7B, 0x7C, 0xEF, 0xD0, 0x92, 0xB7,
    0x88, 0x6B, 0x63, 0xC7, 0x26, 0x99, 0x6C, 0xCA, 0xFF, 0x81, 0xC6, 0xBF, 0x9C, 0xD9, 0xD1, 0x57,
    0x44, 0xDC, 0xCF, 0xDA, 0x37, 0xA1, 0x7A, 0x3B, 0xBA, 0x78, 0xF0, 0x71, 0xDF, 0x0F, 0xAB, 0x82,
    0xEC, 0x12, 0xCE, 0x37, 0xC1, 0xCA, 0x74, 0xDE, 0xC6, 0x6D, 0x9B, 0xB7, 0x8F, 0x9F, 0xBA, 0x15,
    0x15, 0x50, 0xF0, 0xA0, 0xA3, 0xF7, 0x43, 0x88, 0xF1, 0x8E, 0xF4, 0x4D, 0x2E, 0x97, 0xE2, 0x86,
    0xE0, 0x35, 0xCF, 0xA1, 0x62, 0x0C, 0xC3, 0xF5, 0xB9, 0x3E, 0x17, 0xFB, 0x9A, 0x8C, 0xB0, 0x11,
    0x6D, 0x77, 0xCC, 0xB0, 0xA2, 0xFF, 0x89, 0x9E, 0x4A, 0x76, 0xD1, 0xE3, 0x1F, 0x20, 0x6A, 0x3F,
    0x5C, 0x6A, 0xDA, 0xE3, 0x39, 0xAF, 0xFA, 0x8A, 0xFF, 0x01, 0x7D, 0x57, 0xBD, 0x8E, 0xDE, 0x44,
    0x14, 0x1D, 0xDB, 0x51, 0x1C, 0xC9, 0x12, 0x03, 0x12, 0x05, 0x12, 0x02, 0x37, 0x54, 0x14, 0xF8,
    0x05, 0x92, 0x1D, 0x13, 0x4A, 0x0A, 0x5E, 0x81, 0x37, 0x48, 0x43, 0xB9, 0xC8, 0x26, 0x29, 0x52,
    0x50, 0x24, 0x6F, 0x40, 0xC3, 0x03, 0xF0, 0x00, 0x2B, 0x79, 0xC2, 0x57, 0x50, 0x6C, 0xB1, 0x26,
    0x29, 0x52, 0xC6, 0x11, 0x41, 0x94, 0x3B, 0x09, 0x8E, 0x30, 0xC2, 0xF6, 0xE5, 0x9C, 0x3B, 0xFE,
    0xBE, 0x6F, 0x13, 0x24, 0x56, 0xD1, 0x19, 0x7F, 0x8E, 0x3D, 0xF7, 0xCE, 0x3D, 0xE7, 0xFE, 0xD8,
    0xE4, 0xD2, 0x1A, 0x63, 0x1A, 0x19, 0x8D, 0x49, 0x45, 0x26, 0x63, 0xF2, 0x35, 0x1F, 0x8C, 0xB1,
    0xF8, 0x6D, 0x4C, 0x35, 0x10, 0x9D, 0x8F, 0x68, 0x45, 0xEA, 0x88, 0x0D, 0xD1, 0x00, 0x03, 0xEF,
    0x97, 0x78, 0xCA, 0x0D, 0xC4, 0x6A, 0xAA, 0x7A, 0xBC, 0x2B, 0x22, 0xC1, 0x64, 0x8A, 0xA6, 0x53,
    0x3C, 0xEC, 0x41, 0x6C, 0xDA, 0x23, 0x76, 0x32, 0x2B, 0xC2, 0xB0, 0x51, 0xF3, 0x26, 0xFB, 0x8D,
    0x46, 0xF3, 0x1D, 0x36, 0x32, 0xC5, 0x39, 0x5F, 0xA8, 0x04, 0x98, 0xE9, 0x3E, 0xA5, 0xC8, 0xA2,
    0x7B, 0x0A, 0xBC, 0x6D, 0xAA, 0xC5, 0x64, 0x8B, 0xAB, 0xBE, 0x31, 0x76, 0x3A, 0x39, 0xC1, 0x7F,
    0x86, 0x6F, 0x6F, 0xD1, 0xE7, 0xB3, 0x53, 0x58, 0xEA, 0xE7, 0x33, 0xDA, 0x9B, 0xB0, 0x7D, 0xE3,
    0x47, 0x6C, 0xDC, 0x3D, 0x7A, 0x89, 0x33, 0x75, 0x3F, 0xBF, 0xA2, 0x53, 0xBB, 0x3F, 0x81, 0xCD,
    0x8E, 0xA6, 0x9A, 0x3F, 0x9E, 0xC0, 0x94, 0xFB, 0xE7, 0x17, 0x4F, 0x4B, 0xE7, 0x3B, 0x0F, 0xFF,
    0x2F, 0x2E, 0x83, 0x29, 0xD4, 0x7F, 0xC4, 0x84, 0x01, 0x6A, 0x68, 0xD6, 0x38, 0xA9, 0x81, 0x34,
    0x65, 0xCC, 0xAD, 0x5B, 0xC4, 0xD3, 0x53, 0xA3, 0x71, 0x92, 0x87, 0x1A, 0xBE, 0x59, 0x3D, 0x14,
    0x18, 0x98, 0xD2, 0xD5, 0x24, 0x78, 0xF3, 0xA6, 0xC9, 0x56, 0x3E, 0x61, 0x79, 0x4C, 0x78, 0xA8,
    0x4F, 0x2B, 0xBA, 0xDE, 0x3E, 0x1A, 0x19, 0xD5, 0xA7, 0x23, 0x3C, 0x2C, 0x9F, 0x05, 0xD3, 0xF9,
    0x52, 0x7E, 0x02, 0x56, 0xF4, 0xD6, 0xF3, 0xA9, 0xCE, 0x3B, 0x7A, 0x38, 0x30, 0x6E, 0x2E, 0x10,
    0xAB, 0xC9, 0xDD, 0x85, 0x87, 0x6B, 0xF3, 0xC3, 0x70, 0xC5, 0x43, 0xCF, 0x98, 0xD0, 0x4E, 0x21,
    0x83, 0xBA, 0x03, 0x77, 0x1D, 0xDD, 0x89, 0xD0, 0xAB, 0xB9, 0x7D, 0xFC, 0x1B, 0x42, 0x77, 0x00,
    0x51, 0x00, 0xA9, 0x46, 0x3D, 0x8F, 0x80, 0x5B, 0x09, 0x21, 0x3D, 0x40, 0xC3, 0x38, 0x74, 0x04,
    0x3D, 0x50, 0xC6, 0x78, 0x64, 0x3C, 0x54, 0x7E, 0x00, 0x9A, 0x6F, 0xE9, 0xC9, 0x48, 0xB6, 0x66,
    0x53, 0x2C, 0xB9, 0x18, 0x48, 0x64, 0xA1, 0x8E, 0xDE, 0x8D, 0xC6, 0xAF, 0x78, 0xD0, 0x46, 0xA5,
    0x6C, 0x11, 0xD3, 0xD0, 0x4A, 0x74, 0x7E, 0x8D, 0x7E, 0x5F, 0xF1, 0x60, 0xDD, 0x5B, 0x2B, 0x26,
    0xE5, 0x01, 0x52, 0x81, 0x43, 0x32, 0x52, 0x09, 0xAA, 0xD1, 0x54, 0x63, 0x6A, 0x72, 0x15, 0x98,
    0xB1, 0xB5, 0xC9, 0x43, 0xD5, 0xBB, 0xC9, 0x14, 0xAF, 0x25, 0x74, 0x62, 0x8A, 0x7F, 0x64, 0xC1,
    0x11, 0xAD, 0xDC, 0x93, 0x20, 0xAD, 0x5D, 0x33, 0xF1, 0x9D, 0xB7, 0x73, 0x26, 0x70, 0xC3, 0x4E,
    0x71, 0x09, 0x38, 0x53, 0xD7, 0x96, 0x01, 0x76, 0xA4, 0x2E, 0x03, 0x8E, 0x24, 0x70, 0xDC, 0xC6,
    0xC5, 0x71, 0x71, 0x7D, 0x33, 0xC1, 0x29, 0xE7, 0x45, 0x97, 0xDD, 0xE5, 0x08, 0xC7, 0xDC, 0xF9,
    0x05, 0x97, 0xE6, 0xE2, 0x2B, 0x6E, 0x60, 0x54, 0x1C, 0xC6, 0x9C, 0x29, 0x26, 0xD1, 0xAB, 0xA4,
    0x8D, 0x37, 0x11, 0xEA, 0xB2, 0x37, 0x70, 0xB8, 0xF2, 0x06, 0xCC, 0x11, 0xA9, 0x00, 0x03, 0xDD,
    0x3B, 0x9F, 0x90, 0x29, 0x9F, 0xAE, 0x60, 0xAE, 0x4D, 0x67, 0xEC, 0xDB, 0x66, 0x73, 0x67, 0x9A,
    0x9A, 0x87, 0x8D, 0xA7, 0x95, 0x29, 0x9B, 0x2A, 0x2F, 0x26, 0x9B, 0xCA, 0x5E, 0x48, 0x14, 0xE8,
    0x8F, 0x58, 0x84, 0x6C, 0x5A, 0x0D, 0x70, 0x59, 0x10, 0xF0, 0x74, 0x9D, 0x19, 0x76, 0xEC, 0x67,
    0x87, 0x0D, 0xBB, 0x99, 0x96, 0x71, 0x88, 0xD2, 0x1B, 0x44, 0x05, 0x96, 0xCB, 0x89, 0x5C, 0x8F,
    0x66, 0x63, 0xDC, 0x44, 0x15, 0x21, 0x10, 0x03, 0xE3, 0x0E, 0xA1, 0xE2, 0x4C, 0x76, 0x8F, 0xEA,
    0xC3, 0x86, 0x99, 0x6E, 0x0E, 0x04, 0xA9, 0x40, 0x70, 0x99, 0xCF, 0x29, 0x78, 0x2F, 0xC8, 0x1B,
    0x71, 0x54, 0x5E, 0xEB, 0x7D, 0x0D, 0xB1, 0xE1, 0x6D, 0xBC, 0x9A, 0x05, 0x5B, 0x85, 0x51, 0x4C,
    0xF6, 0x5C, 0xEA, 0x4E, 0x66, 0x9F, 0x7B, 0x10, 0x5C, 0xAA, 0x22, 0x85, 0xF0, 0x9A, 0x21, 0x6A,
    0x4F, 0x5F, 0x80, 0x75, 0x5D, 0xF3, 0x2B, 0xAB, 0x56, 0x8D, 0x39, 0x2A, 0x0C, 0xAB, 0xB4, 0xD5,
    0x88, 0xDC, 0x2B, 0x24, 0xC1, 0x96, 0xF0, 0x0A, 0x8C, 0x0B, 0xD7, 0xBE, 0x98, 0x6E, 0x72, 0x6D,
    0x8B, 0x40, 0xAF, 0xBA, 0xBE, 0x58, 0xE9, 0x97, 0x0B, 0x19, 0xD9, 0xC1, 0xCA, 0xB8, 0x55, 0x01,
    0x99, 0x88, 0x4D, 0x5C, 0x80, 0x08, 0x52, 0x1A, 0xB5, 0x8B, 0xFD, 0x82, 0xC6, 0x72, 0xA9, 0xC8,
    0x59, 0x9F, 0x61, 0x0D, 0x64, 0x4D, 0xEE, 0xE3, 0xC0, 0x90, 0x2A, 0x5C, 0x64, 0x34, 0x10, 0x06,
    0xD4, 0xA4, 0x84, 0xA6, 0xB0, 0x7B, 0x5C, 0x71, 0x6A, 0xC8, 0x4A, 0xE8, 0xAA, 0xD4, 0x55, 0xA3,
    0xBC, 0xD7, 0xCE, 0xD1, 0x55, 0x5D, 0xBB, 0x56, 0xE3, 0x8B, 0xB3, 0x6F, 0x2B, 0xD5, 0x38, 0xBB,
    0xDB, 0x70, 0xAC, 0xBB, 0x3B, 0xBA, 0x7B, 0xB3, 0x96, 0x3D, 0xFC, 0xCD, 0x71, 0xA1, 0x03, 0xE7,
    0x7D, 0xF5, 0x80, 0x25, 0xF8, 0xC2, 0x57, 0x17, 0x83, 0xAE, 0xE5, 0x33, 0x16, 0xB3, 0xCB, 0xBA,
    0xBC, 0x64, 0xC9, 0x60, 0x72, 0xB5, 0xBA, 0x5A, 0x12, 0x52, 0x31, 0x06, 0x0C, 0x3A, 0x28, 0x64,
    0x84, 0x4B, 0xAC, 0xCC, 0x63, 0x68, 0x81, 0xF5, 0x29, 0xA3, 0x4D, 0xC9, 0x19, 0xF5, 0x95, 0xE8,
    0x57, 0x44, 0xC7, 0xFD, 0xBA, 0x00, 0xCB, 0xC7, 0xB3, 0x0D, 0xEB, 0x86, 0xBB, 0xD9, 0x3E, 0x5F,
    0xAA, 0x03, 0x3E, 0x9E, 0xDD, 0x6E, 0x2A, 0x15, 0xF1, 0xD3, 0xDD, 0x1F, 0x89, 0xDF, 0x07, 0xFC,
    0x74, 0x5F, 0x12, 0x11, 0x01, 0x77, 0x6F, 0x51, 0xA4, 0x56, 0xDD, 0xE7, 0xCC, 0x59, 0xD5, 0xF5,
    0xB0, 0x17, 0x83, 0xAA, 0x80, 0x60, 0xC9, 0x7C, 0xC9, 0x62, 0x6B, 0x63, 0xC5, 0xF5, 0xA8, 0x22,
    0x88, 0x10, 0xE4, 0x8F, 0x04, 0x81, 0x63, 0x99, 0xDC, 0x46, 0xFE, 0x32, 0x43, 0xA9, 0xF0, 0x1A,
    0xEF, 0x30, 0x2D, 0x09, 0x20, 0x01, 0x90, 0xB1, 0x2D, 0xE5, 0x2B, 0x7B, 0x13, 0x52, 0xC8, 0xA3,
    0x43, 0xB8, 0xD0, 0xA1, 0x00, 0xC9, 0x5F, 0x38, 0xAB, 0x3C, 0x01, 0x8F, 0x6B, 0x3A, 0x6F, 0xD9,
    0x48, 0x35, 0x1F, 0x81, 0x7A, 0x7B, 0x11, 0x8B, 0x8B, 0xD9, 0x8A, 0x6A, 0x21, 0x35, 0xAA, 0x54,
    0x39, 0x9A, 0x77, 0xF6, 0x12, 0xD5, 0x8A, 0x19, 0x6B, 0x95, 0x56, 0x27, 0x3A, 0x86, 0x07, 0x3B,
    0x55, 0xAA, 0x16, 0xA8, 0x0D, 0x45, 0x9B, 0x81, 0xB2, 0xF4, 0xC6, 0xFD, 0x6C, 0x53, 0x76, 0xF4,
    0xA0, 0x35, 0x2C, 0xF2, 0x2F, 0x3E, 0x9C, 0xD5, 0x6C, 0x4C, 0x1C, 0x58, 0x48, 0xBA, 0x29, 0x9E,
    0xBD, 0x54, 0x25, 0x3B, 0xB6, 0x06, 0x16, 0x8F, 0x0E, 0xC7, 0x43, 0x99, 0x6E, 0x8B, 0x85, 0xEF,
    0x6A, 0x06, 0xD7, 0xCC, 0x08, 0xA9, 0x35, 0x77, 0x71, 0x76, 0x78, 0x45, 0x26, 0x55, 0x29, 0x75,
    0x77, 0x38, 0x1C, 0x85, 0x49, 0xA6, 0x33, 0x56, 0x64, 0x60, 0xA6, 0xDE, 0x26, 0xC2, 0xDC, 0x35,
    0xD2, 0x6B, 0xC6, 0x04, 0x95, 0x3A, 0xB3, 0x45, 0x75, 0x31, 0x51, 0x1A, 0x40, 0x96, 0x70, 0xD6,
    0x73, 0x3D, 0x69, 0xE8, 0x0E, 0x70, 0xA5, 0xEE, 0x17, 0xF3, 0x35, 0xC2, 0x29, 0xDD, 0x9F, 0x09,
    0x4A, 0x24, 0xA3, 0x35, 0xBE, 0x8F, 0xF7, 0xD1, 0x76, 0x2D, 0x5F, 0xF8, 0xB8, 0xA4, 0x97, 0x60,
    0x04, 0xC7, 0xD7, 0x56, 0x4E, 0xC5, 0xA2, 0xDC, 0x98, 0x9B, 0xC7, 0x06, 0xD5, 0xFC, 0xB7, 0x41,
    0x71, 0x8E, 0xE8, 0x35, 0x5C, 0xBC, 0x5A, 0x0F, 0x57, 0x5A, 0x12, 0x70, 0xF5, 0xB0, 0x90, 0x58,
    0x65, 0x7F, 0xA4, 0xC1, 0x48, 0xED, 0xA7, 0x94, 0x78, 0x0C, 0xF1, 0xD6, 0x79, 0x19, 0x72, 0x9C,
    0x0F, 0x8C, 0x92, 0x02, 0x04, 0xB0, 0x83, 0x79, 0x14, 0x92, 0x1C, 0xB1, 0x10, 0xCD, 0xF2, 0x62,
    0xB6, 0x2B, 0x16, 0xCB, 0xAB, 0x72, 0xCC, 0xF4, 0xF0, 0x76, 0x76, 0x03, 0x1E, 0x47, 0x00, 0xEC,
    0xD8, 0x78, 0x5C, 0xA1, 0x68, 0x55, 0x01, 0x34, 0x2C, 0xBC, 0x72, 0x83, 0xB4, 0xB1, 0xF6, 0x74,
    0x5E, 0x77, 0x77, 0x7D, 0x22, 0x9F, 0x33, 0xF3, 0xC9, 0xD4, 0x9A, 0xEA, 0xE3, 0xC8, 0xF9, 0x89,
    0x85, 0xAB, 0x4F, 0xD7, 0x44, 0x86, 0x4C, 0xEE, 0x82, 0x3E, 0x92, 0xC3, 0x04, 0x63, 0x4C, 0x27,
    0x96, 0xCC, 0x89, 0xED, 0xBB, 0x36, 0xF6, 0xB5, 0x6C, 0x9D, 0x22, 0x16, 0xCA, 0x63, 0x99, 0x3C,
    0x16, 0xC9, 0xE3, 0x18, 0x75, 0xF5, 0x2A, 0x06, 0x2A, 0x6C, 0x0C, 0x94, 0xBF, 0x51, 0x50, 0x3F,
    0x23, 0xD2, 0xEE, 0x11, 0xE1, 0x3B, 0x40, 0x73, 0x97, 0xF7, 0x76, 0x0A, 0x10, 0x8E, 0xFB, 0x05,
    0xA1, 0xAA, 0x2E, 0x95, 0x07, 0x1D, 0xD9, 0xBC, 0xB9, 0x81, 0xA2, 0x65, 0x3E, 0xA2, 0x88, 0x1C,
    0xA1, 0xE1, 0x64, 0x28, 0x0F, 0xC4, 0x33, 0x17, 0x50, 0xE9, 0xC4, 0x0D, 0xC5, 0xD3, 0xA5, 0x1C,
    0xEC, 0x6E, 0xB2, 0xA1, 0xBA, 0x1D, 0x90, 0xCF, 0x89, 0xB7, 0xF4, 0xC9, 0x92, 0x9E, 0x4A, 0xBB,
    0x3B, 0x13, 0x83, 0x14, 0xA5, 0x14, 0x70, 0x12, 0x69, 0x63, 0x5D, 0x6F, 0x99, 0x51, 0x21, 0x8E,
    0x48, 0xE9, 0x8A, 0xFC, 0x44, 0x04, 0xB5, 0x95, 0xC4, 0xAE, 0x32, 0x2A, 0x20, 0x96, 0x5D, 0x4D,
    0x50, 0xFD, 0x6A, 0x6B, 0x0B, 0x76, 0x4C, 0x59, 0x3A, 0xA8, 0x48, 0x6E, 0xA0, 0xF9, 0x51, 0xCA,
    0xDF, 0x6F, 0xD7, 0x8D, 0x2B, 0xE3, 0xCD, 0x11, 0xCC, 0xBE, 0x1B, 0xEB, 0xA8, 0x66, 0x74, 0x54,
    0xBB, 0x43, 0xD5, 0xE5, 0xAA, 0xA3, 0x4A, 0x93, 0x56, 0x95, 0x94, 0xCA, 0xF3, 0xD0, 0xE1, 0x76,
    0x1A, 0x6E, 0x80, 0xF3, 0x8C, 0x93, 0xEC, 0x48, 0x74, 0x21, 0x67, 0x39, 0x1D, 0x0A, 0x4F, 0x55,
    0x12, 0x31, 0x35, 0xB4, 0x8A, 0x77, 0x84, 0xF3, 0x5A, 0x45, 0xAC, 0x14, 0x5D, 0x42, 0x96, 0x4F,
    0x38, 0x11, 0x0C, 0xB7, 0xE0, 0x74, 0x35, 0x9E, 0xB2, 0x55, 0x2E, 0x67, 0xC0, 0x5C, 0xE6, 0x8A,
    0xF3, 0x8C, 0x96, 0x83, 0x46, 0xF5, 0x9C, 0xC7, 0x61, 0x57, 0xD9, 0xCD, 0x94, 0xD9, 0x4C, 0xC3,
    0x95, 0x46, 0x05, 0xE4, 0x71, 0x6A, 0x94, 0x23, 0x56, 0x8A, 0x71, 0x04, 0xED, 0x74, 0x78, 0x16,
    0x9E, 0x32, 0x59, 0x88, 0xD9, 0xEC, 0xBC, 0x4E, 0x53, 0x32, 0x2A, 0x86, 0x52, 0x91, 0xF3, 0x8B,
    0x8E, 0xE8, 0xFB, 0x1E, 0x1E, 0x14, 0x87, 0x88, 0x94, 0xFF, 0xCC, 0x7F, 0x99, 0xE6, 0x3B, 0x25,
    0x3F, 0x9A, 0x28, 0xF2, 0x4C, 0xFB, 0x54, 0x2A, 0x2A, 0x2C, 0x18, 0xFE, 0x10, 0x91, 0x4A, 0x24,
    0x0E, 0x76, 0x0B, 0x7A, 0x21, 0xCB, 0x48, 0x1F, 0x2B, 0xE0, 0x36, 0x2B, 0xDA, 0x17, 0x29, 0xBB,
    0xCC, 0x53, 0x89, 0x33, 0xFD, 0x27, 0x19, 0x3F, 0x13, 0x2E, 0x09, 0xB2, 0x5E, 0xA7, 0xC6, 0x1F,
    0xA2, 0xFD, 0x70, 0x2C, 0x0D, 0xD7, 0x67, 0xEE, 0x7A, 0x6D, 0x9B, 0x3E, 0x5B, 0x55, 0x2F, 0xC6,
    0xB7, 0x66, 0x40, 0xB7, 0x75, 0x8C, 0x10, 0xFB, 0x33, 0xB6, 0xFC, 0x5B, 0x03, 0xF1, 0xD9, 0x81,
    0x46, 0xF2, 0x77, 0x07, 0x59, 0x92, 0xD3, 0x0F, 0x1D, 0x71, 0x79, 0x8A, 0x54, 0x7E, 0x7F, 0x35,
    0x93, 0xB9, 0xAF, 0x41, 0x1C, 0x1A, 0x15, 0x79, 0x43, 0x1B, 0xEF, 0xD9, 0xA5, 0x7D, 0x24, 0x0D,
    0x6C, 0xF9, 0x48, 0x1C, 0xA0, 0x26, 0x61, 0x26, 0x42, 0xE3, 0x4F, 0xC8, 0x2E, 0x21, 0x9C, 0xB2,
    0x1D, 0x9E, 0xE5, 0xBE, 0x90, 0xF9, 0x4E, 0xC8, 0x74, 0xAC, 0xEC, 0x38, 0xC5, 0x14, 0x6C, 0x0A,
    0x4A, 0x93, 0xB2, 0xA4, 0x24, 0xA5, 0xDB, 0xE8, 0x3A, 0x33, 0xCA, 0x53, 0x15, 0x69, 0x7D, 0xE3,
    0xCF, 0xED, 0x63, 0x1D, 0x61, 0x1B, 0x97, 0x97, 0x37, 0xC6, 0xE5, 0xE2, 0x00, 0x76, 0x3A, 0xC0,
    0x78, 0x80, 0x70, 0x68, 0x8E, 0x07, 0x70, 0x21, 0xDA, 0xF5, 0x07, 0x68, 0x59, 0x9F, 0x8F, 0x61,
    0x54, 0x4D, 0xAB, 0xF1, 0x08, 0xB1, 0x55, 0x69, 0xB7, 0x29, 0xE7, 0xED, 0x2B, 0xAF, 0x89, 0x33,
    0xBA, 0xBE, 0xD0, 0x6F, 0x9B, 0x42, 0xAC, 0xFB, 0x6F, 0x94, 0x42, 0x3D, 0x8D, 0xED, 0xB0, 0xDE,
    0x7F, 0x1E, 0xF0, 0xC1, 0xFF, 0x71, 0xED, 0x5D, 0xC0, 0x4B, 0xEA, 0x4C, 0x14, 0x98, 0x38, 0x9A,
    0xF1, 0x93, 0x16, 0x96, 0x1E, 0x70, 0xEE, 0x63, 0xEA, 0x7E, 0xA0, 0x86, 0x65, 0x29, 0x86, 0x42,
    0x7A, 0x94, 0x11, 0x54, 0x47, 0x88, 0x11, 0x5F, 0x95, 0x27, 0xEC, 0xDB, 0xEF, 0xC9, 0x75, 0xA9,
    0x75, 0xFA, 0x4B, 0x37, 0xAD, 0xB5, 0xE6, 0x5F, 0x15, 0x8D, 0xB1, 0x0D, 0x80, 0x20, 0x14, 0x44,
    0x1F, 0x90, 0xD8, 0x58, 0x60, 0xE2, 0x00, 0x8E, 0xE0, 0x08, 0xDA, 0x3B, 0x94, 0xA3, 0xC1, 0x28,
    0x8E, 0x40, 0x61, 0x61, 0x01, 0x9C, 0x9F, 0xE6, 0xE5, 0x8A, 0xBB, 0x77, 0x30, 0x09, 0xD8, 0x95,
    0x41, 0x7A, 0x08, 0x3D, 0x16, 0xE6, 0x6F, 0x2E, 0xC4, 0x62, 0x38, 0x72, 0x1C, 0xD8, 0x1E, 0xD2,
    0x79, 0x67, 0xE4, 0xAD, 0xAC, 0xAD, 0xE1, 0xBA, 0x0A, 0x5E, 0x3A, 0x6D, 0xF9, 0xC1, 0x6D, 0x81,
    0xA3, 0x9A, 0x68, 0x1D, 0x08, 0x95, 0x85, 0xD0, 0x48, 0xF8, 0xEE, 0x84, 0xD3, 0x55, 0x87, 0xFD,
    0xB5, 0xCE, 0xF8, 0x89, 0x0D, 0x7E, 0xBD, 0x54, 0x4B, 0x8E, 0xD3, 0x40, 0x10, 0x2D, 0xDB, 0x0B,
    0x07, 0x8C, 0x94, 0xED, 0x2C, 0x90, 0xB2, 0x61, 0x01, 0x8B, 0x91, 0x6F, 0x30, 0x9D, 0x11, 0x0B,
    0x96, 0x1C, 0x81, 0x8B, 0x20, 0xEC, 0x23, 0x70, 0x8C, 0x39, 0x04, 0x52, 0x37, 0x37, 0xC8, 0x11,
    0x72, 0x84, 0x46, 0xCA, 0xC2, 0x48, 0x4E, 0x9A, 0x7A, 0xF5, 0xCA, 0x8A, 0x83, 0x04, 0xD2, 0x6C,
    0xA6, 0xA5, 0xA9, 0xCA, 0x74, 0xB9, 0x7E, 0xEF, 0x55, 0x97, 0xC8, 0x46, 0x78, 0x1E, 0xA8, 0xAA,
    0x42, 0xDD, 0x9E, 0xA9, 0x77, 0x13, 0xF5, 0x70, 0x74, 0xF3, 0x78, 0x6B, 0x2E, 0x76, 0x4E, 0xC1,
    0x75, 0xEF, 0xBA, 0x3B, 0x2F, 0xE1, 0xF6, 0xEE, 0x7F, 0x70, 0x87, 0xD3, 0x6D, 0xFC, 0x25, 0x9F,
    0x7C, 0x73, 0x7D, 0x27, 0xEB, 0x73, 0x6F, 0x32, 0x22, 0x48, 0x5D, 0x10, 0xA2, 0x2B, 0x08, 0xD0,
    0x17, 0xB8, 0xC7, 0xA2, 0xD1, 0xEB, 0x32, 0x68, 0xEC, 0x6E, 0x1E, 0x34, 0x72, 0x9F, 0xA3, 0xC6,
    0x0D, 0x29, 0x3E, 0x16, 0xD9, 0xAA, 0xD7, 0xD7, 0xC5, 0xF7, 0x85, 0xA4, 0x1E, 0xC2, 0x23, 0x75,
    0xA6, 0x6E, 0x66, 0xFF, 0x7F, 0xC1, 0x21, 0x3A, 0x0E, 0xBD, 0xE3, 0xB0, 0x02, 0x6A, 0x20, 0x76,
    0x07, 0xD7, 0xD9, 0xF5, 0x3F, 0x80, 0x3F, 0xDD, 0xE0, 0xBA, 0xE0, 0xDC, 0xB8, 0xB9, 0x76, 0xB3,
    0x7C, 0x97, 0x17, 0xC5, 0x80, 0xA8, 0x2B, 0x03, 0xCA, 0x2B, 0xD9, 0x20, 0x33, 0x64, 0x89, 0x8C,
    0x39, 0x7B, 0x64, 0x92, 0xAC, 0x7A, 0x84, 0xFB, 0x15, 0xF3, 0x1B, 0xC7, 0xF2, 0x81, 0x58, 0x6A,
    0x3C, 0xC3, 0xB2, 0xBD, 0x10, 0x4B, 0xCC, 0x25, 0xB0, 0xC4, 0x5C, 0x2A, 0x96, 0x06, 0x8F, 0x62,
    0x69, 0xF0, 0x28, 0x18, 0x3E, 0x97, 0x07, 0x9F, 0xCB, 0xEC, 0x73, 0x79, 0xEC, 0x68, 0x1F, 0xED,
    0x7B, 0x7C, 0x0C, 0x7F, 0x60, 0x89, 0x3F, 0x54, 0xA8, 0x77, 0x86, 0x25, 0xF2, 0x9D, 0x39, 0x97,
    0xC4, 0xF2, 0xCE, 0xB1, 0x7C, 0x63, 0xD5, 0x05, 0x93, 0x25, 0x01, 0xF2, 0x82, 0xFA, 0xB6, 0x05,
    0xD5, 0x69, 0x3A, 0x5C, 0xC7, 0x98, 0xA4, 0xB9, 0x0C, 0x7D, 0x96, 0xED, 0x14, 0xBB, 0x59, 0xC2,
    0x31, 0x36, 0x8A, 0xC7, 0x18, 0xF7, 0x67, 0x79, 0xA5, 0xBD, 0xBE, 0x7B, 0x36, 0xAE, 0xAF, 0x55,
    0xBE, 0x97, 0xA0, 0x11, 0x2E, 0x88, 0xF6, 0xB1, 0x20, 0xF2, 0xE7, 0x49, 0xB3, 0x44, 0x74, 0xA0,
    0xAD, 0x8D, 0xC8, 0x7E, 0xB1, 0x4A, 0x26, 0xAB, 0xCA, 0xE6, 0xA6, 0x8C, 0xD7, 0xB7, 0xBD, 0x61,
    0x81, 0xD3, 0x4A, 0x6A, 0x67, 0xC1, 0x26, 0x34, 0x14, 0x4A, 0x34, 0x14, 0x02, 0x1A, 0x0E, 0x5B,
    0xB4, 0x1F, 0x1A, 0x80, 0x11, 0x04, 0x2C, 0x05, 0x81, 0x21, 0x08, 0x0C, 0x41, 0x60, 0xF8, 0x20,
    0x42, 0xFA, 0xCC, 0xC3, 0x0C, 0x62, 0x06, 0xF9, 0xCB, 0x60, 0x39, 0x1A, 0xBE, 0x89, 0x64, 0x99,
    0xE7, 0x45, 0xF6, 0x26, 0xBD, 0x8E, 0xCA, 0x7E, 0xB7, 0x26, 0xFB, 0xDF, 0x90, 0xF1, 0xD7, 0x8C,
    0x21, 0xF9, 0x39, 0x63, 0x60, 0x2A, 0x7C, 0x3F, 0x43, 0xC6, 0xAC, 0xB2, 0x2E, 0x49, 0x65, 0xA7,
    0xA5, 0x3F, 0xE9, 0xB5, 0x41, 0x95, 0x6D, 0xA4, 0x92, 0x8D, 0x97, 0x3D, 0x33, 0xC6, 0xB6, 0xCC,
    0xBB, 0x64, 0x0F, 0x48, 0xAE, 0x92, 0x37, 0xB4, 0xF2, 0x4B, 0x7A, 0x31, 0x02, 0xA3, 0xAD, 0x0C,
    0x4F, 0x9E, 0x91, 0xD9, 0xBD, 0x12, 0x56, 0xC5, 0x0A, 0x59, 0xAD, 0x57, 0xCE, 0x2E, 0xAA, 0x6B,
    0x77, 0xFD, 0xAA, 0xEB, 0xE0, 0x5D, 0x4B, 0xBA, 0x22, 0x43, 0x94, 0x88, 0x98, 0xA1, 0x47, 0x24,
    0x89, 0xAA, 0x5E, 0x13, 0x6D, 0x22, 0xBF, 0xB0, 0x40, 0x46, 0x8C, 0x1D, 0x32, 0x45, 0xD6, 0xC8,
    0xA0, 0x05, 0x71, 0x66, 0x9D, 0x65, 0x63, 0x7C, 0x35, 0x03, 0xCB, 0x79, 0xCB, 0x65, 0xC2, 0x55,
    0x92, 0xAC, 0xFA, 0x6C, 0xEB, 0x1D, 0x7E, 0x03, 0xA6, 0xBA, 0x2A, 0x71, 0x48, 0xD2, 0xEA, 0x6B,
    0xCE, 0xFA, 0x58, 0x62, 0xAB, 0x53, 0x7D, 0xC0, 0x9E, 0xDD, 0xED, 0xE3, 0xFE, 0xC7, 0xFF, 0x36,
    0xC1, 0xA3, 0x6D, 0x82, 0x4F, 0xD8, 0x04, 0xF1, 0x0B, 0x36, 0x41, 0x8C, 0xCF, 0xDB, 0x04, 0x5E,
    0xB9, 0x0E, 0xF7, 0x5A, 0xFE, 0x01, 0xA5, 0x94, 0x3F, 0x8E, 0x9D, 0x30, 0x10, 0xC6, 0x07, 0x88,
    0x42, 0x41, 0xC1, 0x11, 0x68, 0xB7, 0xE3, 0x04, 0x91, 0x9F, 0xB4, 0x65, 0x8A, 0x5C, 0x25, 0x27,
    0x08, 0x74, 0xDB, 0xE6, 0x10, 0x39, 0x44, 0x8A, 0x6C, 0x4C, 0xB7, 0x65, 0x50, 0x4E, 0x40, 0x4E,
    0xB0, 0x14, 0x14, 0x96, 0xE2, 0xC7, 0xE4, 0xFB, 0xC6, 0x78, 0x79, 0x52, 0xB4, 0x45, 0x14, 0x24,
    0xFF, 0x64, 0x3C, 0x9E, 0x19, 0xCF, 0x1F, 0x5B, 0x64, 0xD8, 0x44, 0x6A, 0x55, 0x91, 0x56, 0x75,
    0x94, 0x7A, 0xF6, 0x93, 0x88, 0xB8, 0x19, 0xE8, 0x16, 0xA0, 0x3D, 0x50, 0xEB, 0x87, 0x45, 0x9C,
    0x3E, 0xCF, 0x85, 0xAA, 0xCE, 0x95, 0xDE, 0xEB, 0xD4, 0x06, 0xD1, 0xA9, 0x5B, 0xC5, 0x8F, 0x6E,
    0x11, 0x7F, 0x71, 0x93, 0xA8, 0x0C, 0x93, 0xEC, 0xE2, 0xA7, 0x32, 0x02, 0x75, 0xC0, 0x6F, 0xBB,
    0x8A, 0x5B, 0x87, 0x59, 0x7A, 0x5A, 0x6F, 0xF5, 0x2A, 0x52, 0x2A, 0x4C, 0x76, 0xB0, 0xA2, 0xA1,
    0x3F, 0xB9, 0x41, 0xB9, 0xDA, 0x85, 0xBC, 0x1A, 0xA3, 0x14, 0x37, 0x2C, 0x77, 0xA9, 0x8D, 0x4D,
    0xE4, 0x86, 0x26, 0x70, 0x31, 0xB1, 0xDD, 0x8C, 0x2B, 0x37, 0xBC, 0x10, 0xA2, 0x2E, 0x13, 0x1B,
    0xFA, 0x85, 0x8B, 0x89, 0x88, 0x2D, 0x11, 0x22, 0x9C, 0x39, 0x11, 0xA2, 0x21, 0x13, 0x22, 0x3F,
    0x66, 0x22, 0xA8, 0x8B, 0x30, 0x66, 0x5D, 0x13, 0x25, 0xD1, 0xAF, 0xC2, 0x3C, 0x05, 0xB2, 0x8B,
    0x64, 0xBB, 0x93, 0x95, 0x92, 0xA5, 0x32, 0x8B, 0xA2, 0x4C, 0xA3, 0x0C, 0xB6, 0xB5, 0xB7, 0xAD,
    0xAD, 0x6D, 0xAD, 0x6F, 0xB6, 0x36, 0xFB, 0x69, 0x22, 0xED, 0x34, 0xDD, 0x0A, 0x6E, 0xB1, 0xFD,
    0x7A, 0x7A, 0x31, 0x8F, 0xC9, 0x70, 0x6D, 0x9A, 0x5D, 0x12, 0xE2, 0x38, 0xC8, 0xB6, 0x51, 0xF3,
    0x3C, 0x72, 0xD8, 0x0F, 0xBE, 0x4F, 0x18, 0x05, 0x67, 0x15, 0x2D, 0x34, 0x56, 0x5A, 0x2B, 0x32,
    0x85, 0xB4, 0x51, 0x84, 0x2C, 0x6C, 0x29, 0xEC, 0xC7, 0x5B, 0x61, 0x79, 0x0A, 0xA7, 0x2C, 0x1C,
    0x28, 0x8C, 0x59, 0x58, 0x9F, 0xC2, 0xCB, 0xE1, 0x4E, 0xBA, 0x79, 0x58, 0x7D, 0xF0, 0x61, 0x58,
    0x3B, 0xCB, 0x41, 0x65, 0x21, 0x34, 0x16, 0x9F, 0xB5, 0x54, 0x3A, 0x82, 0xB8, 0x51, 0xB2, 0x3D,
    0xB1, 0xA0, 0xCC, 0xA7, 0x94, 0xF1, 0x54, 0xAA, 0x5F, 0x51, 0xC2, 0x09, 0x1D, 0x7A, 0x0D, 0xDA,
    0x4A, 0x25, 0xA7, 0xA6, 0xA4, 0xF7, 0x1B, 0x73, 0xF5, 0x40, 0x25, 0xF7, 0x63, 0x31, 0x5A, 0xB0,
    0xCF, 0x54, 0xEA, 0xCD, 0x47, 0x9B, 0x68, 0x9E, 0x9A, 0x54, 0x10, 0x2A, 0x15, 0x7A, 0x41, 0x03,
    0x34, 0xFA, 0x0B, 0x69, 0xEB, 0xF4, 0xB7, 0xEE, 0xE2, 0x9E, 0x74, 0x45, 0x4F, 0x17, 0x3A, 0x79,
    0xF9, 0xCE, 0xEE, 0x46, 0x73, 0x2B, 0x5C, 0xEE, 0xA5, 0x8E, 0x70, 0xFD, 0x5E, 0x7F, 0x46, 0xDE,
    0x09, 0x0D, 0x30, 0xFC, 0x80, 0xA6, 0x68, 0xAE, 0xB0, 0x61, 0x89, 0xF9, 0x2F, 0xB0, 0x8C, 0xE3,
    0x09, 0xE9, 0x77, 0x16, 0x5E, 0x79, 0x36, 0xB8, 0xEA, 0xB6, 0xFA, 0xCA, 0x14, 0x78, 0xA6, 0xCD,
    0x5D, 0x1E, 0x91, 0x95, 0xF1, 0x1B, 0xC2, 0x19, 0x23, 0xAB, 0xF0, 0xEF, 0x60, 0xE0, 0x13, 0x93,
    0x32, 0x31, 0x89, 0xC0, 0xC0, 0x8A, 0x59, 0xFB, 0x69, 0x2E, 0x4B, 0xB1, 0x67, 0x94, 0x06, 0xA6,
    0xAE, 0x8A, 0xAF, 0xA0, 0x36, 0xB0, 0x76, 0x8D, 0x81, 0xB9, 0x6D, 0x0D, 0xEB, 0xDF, 0xE8, 0x88,
    0x7E, 0xC9, 0x6F, 0x4E, 0x3A, 0x04, 0x7C, 0x7B, 0xBA, 0x18, 0xAC, 0xE8, 0xB4, 0xA1, 0x9F, 0xEF,
    0xD0, 0xE8, 0x91, 0xE3, 0xEE, 0xAD, 0x6E, 0x72, 0x18, 0x77, 0x3A, 0x7F, 0x44, 0xAB, 0xAF, 0x5F,
    0x7A, 0x64, 0xBF, 0x40, 0xAA, 0x2C, 0x1E, 0x77, 0x74, 0x21, 0xCE, 0x51, 0x6E, 0xA9, 0x81, 0xB8,
    0xCC, 0xEE, 0x74, 0x69, 0x99, 0x1D, 0xCF, 0x9E, 0xE6, 0x65, 0xE8, 0xC6, 0xB4, 0xFC, 0x28, 0xF6,
    0x2C, 0x5D, 0x31, 0x62, 0x7F, 0x5C, 0x9D, 0xE3, 0x82, 0x05, 0x8E, 0x41, 0x93, 0xDF, 0xFC, 0xF1,
    0x19, 0x38, 0x06, 0x8F, 0x59, 0xD8, 0x25, 0xB7, 0x2B, 0x6A, 0x4A, 0xBC, 0xA5, 0x81, 0xCD, 0x79,
    0xC1, 0x64, 0x39, 0x9E, 0x07, 0x9B, 0xE1, 0x82, 0x5A, 0x48, 0x8C, 0xDC, 0xC7, 0x97, 0x1E, 0xFC,
    0x7A, 0x63, 0xDB, 0xD1, 0x97, 0xE3, 0x3B, 0x63, 0x78, 0xC3, 0x6C, 0x31, 0xB8, 0xC0, 0x3A, 0x8D,
    0x70, 0x11, 0xD8, 0xCB, 0x79, 0x12, 0x61, 0x77, 0x13, 0x8F, 0xC7, 0x11, 0xE6, 0x71, 0x27, 0x2C,
    0x95, 0xEF, 0x6E, 0xCC, 0x21, 0x45, 0x8B, 0xA6, 0x31, 0xFF, 0x01, 0xAD, 0x93, 0xB1, 0x8E, 0xD3,
    0x40, 0x14, 0x45, 0xAF, 0x27, 0x20, 0x17, 0x23, 0xD9, 0x3D, 0x20, 0xF9, 0x07, 0x16, 0xDC, 0x06,
    0xC9, 0x2B, 0xBB, 0xA7, 0xE1, 0x0F, 0xE0, 0x23, 0x52, 0x50, 0xAC, 0xD6, 0x03, 0x94, 0x48, 0xFC,
    0x02, 0x0D, 0x15, 0xD5, 0x16, 0x96, 0xD6, 0xC5, 0x12, 0x0F, 0xA2, 0xA0, 0xA0, 0x60, 0x3E, 0x21,
    0x24, 0x05, 0x05, 0x88, 0x1D, 0x21, 0x17, 0x46, 0x9B, 0x78, 0xB8, 0x63, 0x3B, 0x20, 0x56, 0x62,
    0x25, 0xA4, 0xB5, 0xDE, 0x9D, 0x9C, 0xF8, 0x3D, 0xCF, 0xCB, 0x1B, 0xDF, 0x00, 0xD7, 0x70, 0xDD,
    0xA4, 0xE2, 0xBD, 0x0A, 0xCA, 0x50, 0x96, 0xDA, 0x52, 0x3B, 0x2A, 0xA7, 0x98, 0x8C, 0x65, 0x31,
    0x2A, 0xF4, 0x9F, 0x18, 0x15, 0x41, 0x9C, 0xDF, 0x41, 0xD2, 0x03, 0x39, 0x4B, 0x4B, 0x3E, 0x92,
    0xB7, 0x40, 0xAA, 0xFE, 0x6C, 0x1F, 0xD4, 0x54, 0xC3, 0x44, 0xE3, 0xB6, 0x88, 0xDD, 0xCF, 0x0C,
    0x71, 0x8F, 0xCC, 0x77, 0xCA, 0x7C, 0xCB, 0xFF, 0x5E, 0xE4, 0x59, 0xF0, 0x08, 0x65, 0xC7, 0x4D,
    0x5C, 0x97, 0xF7, 0x81, 0xB3, 0x6C, 0xEA, 0x4C, 0xD9, 0x61, 0x89, 0x7C, 0x75, 0x79, 0xB6, 0x7F,
    0x37, 0x3F, 0xE2, 0x56, 0x29, 0xEF, 0xDD, 0x1E, 0x12, 0x3D, 0xBF, 0xF6, 0x05, 0x13, 0xEA, 0x1A,
    0x9A, 0x3F, 0x06, 0xAA, 0x2B, 0xE2, 0x06, 0x2A, 0x87, 0x53, 0xA7, 0x97, 0x52, 0x9F, 0x85, 0xBA,
    0x62, 0xC4, 0xAA, 0x4A, 0x51, 0xBD, 0x45, 0x63, 0x71, 0x5C, 0x60, 0x01, 0xF0, 0x57, 0xD7, 0xC2,
    0xD4, 0xA9, 0x69, 0xDC, 0x10, 0x1B, 0xB3, 0x9C, 0x99, 0xFA, 0x52, 0x48, 0x53, 0x37, 0x43, 0xF6,
    0xC2, 0x34, 0xCF, 0x4D, 0x35, 0x33, 0x60, 0x08, 0xBE, 0xBC, 0x90, 0xA7, 0x2F, 0x47, 0x15, 0xF2,
    0x29, 0xAC, 0x7C, 0x45, 0x39, 0xD8, 0xB4, 0xC7, 0x0F, 0xD7, 0xC2, 0x39, 0x15, 0xBA, 0xAF, 0x2A,
    0xEF, 0xA5, 0x2A, 0xAD, 0x54, 0xC7, 0xD4, 0x43, 0x8A, 0x35, 0xCF, 0xC6, 0x3A, 0xAF, 0x66, 0x87,
    0x0B, 0x67, 0x02, 0xD6, 0x26, 0xEE, 0x85, 0x2A, 0xBB, 0xB1, 0x76, 0x31, 0xD4, 0x89, 0x02, 0xB4,
    0xC7, 0x20, 0x3F, 0x73, 0xF0, 0x86, 0xCB, 0xAD, 0xD7, 0x5C, 0x52, 0xEE, 0x2E, 0xF8, 0x08, 0x82,
    0xDD, 0xFD, 0x25, 0xE2, 0xF5, 0x07, 0x8B, 0xD0, 0xCE, 0x53, 0x9D, 0x0B, 0xCD, 0x43, 0xB6, 0xF3,
    0x7B, 0x2B, 0x27, 0xB4, 0xC3, 0xDD, 0x93, 0xF9, 0xC1, 0xE9, 0x47, 0xA1, 0xBF, 0xA8, 0x8C, 0x94,
    0x3F, 0x10, 0x7A, 0xA3, 0x9F, 0x90, 0x12, 0x29, 0xF4, 0x5A, 0x9F, 0x90, 0x22, 0xD2, 0x6A, 0x75,
    0x35, 0x2D, 0x26, 0xFA, 0x6C, 0xE6, 0x13, 0xAD, 0x75, 0x36, 0xD1, 0x46, 0x1F, 0xEC, 0x49, 0xC5,
    0x13, 0x9D, 0x43, 0xDA, 0x91, 0x7A, 0xCC, 0x26, 0xDA, 0x22, 0x98, 0x88, 0xA6, 0x6D, 0x07, 0x7A,
    0xC7, 0xB1, 0xB2, 0x81, 0xDE, 0x6B, 0xFA, 0x7B, 0xA0, 0x4F, 0x9C, 0x2D, 0xEC, 0x3C, 0xED, 0xFC,
    0xBC, 0x03, 0xB5, 0xFE, 0x4D, 0x1F, 0x91, 0x78, 0xE8, 0xBC, 0x12, 0x92, 0xFF, 0xF3, 0xB0, 0xF0,
    0x5B, 0x24, 0x0F, 0x47, 0xF3, 0x6D, 0x23, 0xD9, 0x8E, 0x96, 0x38, 0x8C, 0xA4, 0x1E, 0x29, 0x7E,
    0x99, 0x4E, 0x36, 0x11, 0xDF, 0xEB, 0xBD, 0x63, 0x9A, 0xDF, 0xDE, 0x49, 0x8A, 0xBF, 0x0D, 0xFC,
    0x0B, 0x6D, 0x92, 0xB1, 0x95, 0x84, 0x30, 0x0C, 0x44, 0xC5, 0x12, 0x10, 0x10, 0x50, 0x82, 0x4B,
    0xA0, 0x04, 0x93, 0x5F, 0x31, 0x57, 0x82, 0x9D, 0x6F, 0x51, 0x76, 0x09, 0x94, 0xE0, 0x12, 0x1C,
    0x10, 0x10, 0x60, 0x74, 0x23, 0xD9, 0xF8, 0x6E, 0xDF, 0xBB, 0x0D, 0xBE, 0xD8, 0x60, 0xB5, 0x5F,
    0x33, 0xD0, 0x54, 0x28, 0x24, 0xB2, 0x65, 0xE4, 0x9D, 0xF8, 0x5A, 0x38, 0x0E, 0xBC, 0xAD, 0x07,
    0x8D, 0x17, 0xD9, 0x28, 0x74, 0xCA, 0xE0, 0x29, 0x30, 0x3E, 0x5E, 0xC0, 0x9B, 0x3E, 0xD3, 0x72,
    0x10, 0xD3, 0xC3, 0x5C, 0x39, 0x74, 0x9A, 0xFC, 0xBA, 0xC1, 0x24, 0x5C, 0xD3, 0x58, 0x1E, 0xDA,
    0x1D, 0xFB, 0xB0, 0xFC, 0x2F, 0x27, 0xD0, 0xC5, 0xF9, 0x04, 0xFD, 0x7C, 0x10, 0x85, 0x0D, 0xFB,
    0x28, 0xC8, 0x56, 0x2A, 0xB4, 0x44, 0x22, 0x1A, 0x02, 0x9E, 0x0D, 0x03, 0x4E, 0x00, 0x5B, 0x92,
    0xCD, 0x22, 0xD7, 0x20, 0x52, 0x9B, 0x8A, 0x85, 0x6E, 0xB7, 0x1C, 0x50, 0x51, 0x9F, 0x45, 0x74,
    0x14, 0x26, 0x43, 0x03, 0x2E, 0x57, 0x85, 0xFA, 0x54, 0x88, 0x87, 0x15, 0x0D, 0x85, 0x8B, 0x58,
    0xE1, 0xBC, 0x6C, 0xA6, 0x07, 0x45, 0x40, 0x2F, 0xE6, 0x44, 0xAB, 0x00, 0xFF, 0xB4, 0x0F, 0xEC,
    0xF1, 0xF3, 0xBB, 0x1E, 0xD3, 0x10, 0x38, 0xBB, 0xC8, 0x80, 0xC7, 0x53, 0xF0, 0x58, 0x84, 0x93,
    0x20, 0xB4, 0x69, 0x4E, 0xBF, 0x30, 0xA2, 0xB6, 0xA6, 0xE1, 0x06, 0xA0, 0x66, 0xF7, 0x57, 0x11,
    0x97, 0xF2, 0xB1, 0x4C, 0x5B, 0x80, 0xDA, 0xBF, 0x2E, 0xE8, 0xCF, 0x20, 0x6D, 0x5B, 0x06, 0xDC,
    0x8C, 0x06, 0x67, 0xBE, 0x09, 0x15, 0x9A, 0xA2, 0xA9, 0xD8, 0x44, 0xAD, 0x4A, 0xED, 0xD2, 0xD7,
    0x94, 0x20, 0xC6, 0x75, 0xB4, 0x6F, 0x4D, 0x4D, 0x23, 0x33, 0x49, 0xCD, 0xD6, 0x36, 0x76, 0x4D,
    0xCF, 0xEE, 0x5A, 0xA7, 0x8D, 0xDA, 0xA7, 0x8D, 0x5A, 0x65, 0x1F, 0x9A, 0x9E, 0x8B, 0x6A, 0x1A,
    0x7C, 0x1F, 0x50, 0xE6, 0x0D, 0xE6, 0x27, 0xF6, 0xD4, 0x5E, 0x91, 0xC2, 0x9C, 0xE9, 0x69, 0xF6,
    0xA9, 0x56, 0x6E, 0xF8, 0x86, 0xB6, 0x2D, 0x08, 0xB6, 0xE8, 0x5B, 0xC8, 0x97, 0xBC, 0x86, 0xE7,
    0x78, 0xB5, 0x6E, 0x5A, 0x0E, 0x58, 0xE5, 0xFC, 0x74, 0xA9, 0xF5, 0xFB, 0x54, 0xF7, 0xAF, 0xD3,
    0xC9, 0x58, 0x8E, 0xDA, 0x77, 0x6E, 0xD9, 0xF6, 0xA1, 0xD5, 0x6B, 0xCC, 0x26, 0xEB, 0x0D, 0x6B,
    0xD2, 0xA8, 0x65, 0x88, 0xFC, 0xDE, 0xFA, 0x6F, 0x59, 0xF7, 0x31, 0xF5, 0xE1, 0xA2, 0xBE, 0x9A,
    0xC1, 0x87, 0x76, 0x43, 0x95, 0xE7, 0x8F, 0x1B, 0x7E, 0x00, 0xD5, 0x5B, 0x5D, 0x8C, 0x14, 0x57,
    0x76, 0x3E, 0x55, 0x05, 0x14, 0x50, 0x4C, 0x17, 0x51, 0xB2, 0xAB, 0xE5, 0x67, 0xA6, 0x1D, 0x29,
    0x91, 0x1C, 0xD2, 0x33, 0x0D, 0xB2, 0x1F, 0x5A, 0xD9, 0x9A, 0xA9, 0x22, 0x3C, 0x92, 0xC8, 0x3C,
    0x2C, 0x79, 0xB0, 0xA5, 0xC8, 0x0F, 0x2B, 0x25, 0xB1, 0x56, 0x62, 0x1E, 0x5A, 0x5A, 0x1E, 0x06,
    0x77, 0x61, 0x22, 0xED, 0x83, 0xBD, 0x31, 0x2F, 0x51, 0x1E, 0x92, 0x28, 0x44, 0xF2, 0x4A, 0xF1,
    0x58, 0x5A, 0x5A, 0x2B, 0x12, 0x4D, 0xA4, 0x81, 0xAE, 0x65, 0x1E, 0x2C, 0x2D, 0x91, 0xB7, 0x2C,
    0xA4, 0xE4, 0x21, 0xDA, 0xA4, 0x6C, 0x63, 0x29, 0x36, 0xD6, 0xFA, 0x22, 0xCA, 0x4B, 0xCF, 0xB8,
    0xA7, 0x6F, 0xBE, 0x73, 0xEE, 0xAD, 0x9E, 0xC1, 0x33, 0xFC, 0xD8, 0x60, 0x0C, 0x4D, 0xC3, 0x3D,
    0x5D, 0x7D, 0xBB, 0xEA, 0xDE, 0xEF, 0x7E, 0xE7, 0xE7, 0x9E, 0x73, 0x21, 0xC2, 0x2B, 0x21, 0xF3,
    0x72, 0xFA, 0x56, 0xA0, 0x66, 0x75, 0xC5, 0x4F, 0xA5, 0xDD, 0xE3, 0xBD, 0x2B, 0x1F, 0xDF, 0xD0,
    0xA7, 0x15, 0x0B, 0xBE, 0x7E, 0xBF, 0x78, 0x2A, 0xC8, 0x88, 0xC2, 0x30, 0x5B, 0xA0, 0x18, 0xD7,
    0x42, 0xAF, 0x98, 0xA2, 0x93, 0xB3, 0x44, 0x41, 0xD2, 0x0F, 0x52, 0xD5, 0x25, 0xF2, 0xF2, 0x19,
    0xB7, 0x60, 0x21, 0x2C, 0xC3, 0x74, 0x81, 0x85, 0xC9, 0x69, 0x2F, 0x9F, 0x52, 0xE8, 0x13, 0x85,
    0x49, 0x19, 0xA8, 0x16, 0xAE, 0x78, 0xF9, 0xB4, 0xAB, 0x22, 0xF4, 0x49, 0xCA, 0x90, 0xD4, 0x24,
    0x84, 0x7C, 0xDA, 0xA1, 0xA2, 0x46, 0x34, 0x53, 0x86, 0x89, 0x9B, 0x05, 0x44, 0xB3, 0xD3, 0x5E,
    0x86, 0x3F, 0x29, 0x75, 0xC3, 0x24, 0xF1, 0x52, 0x2F, 0xA3, 0xC8, 0xCB, 0xC9, 0x4B, 0x9D, 0x9C,
    0xEA, 0xA4, 0x20, 0x50, 0x41, 0x7E, 0xB6, 0x9B, 0xF0, 0x85, 0x72, 0x7F, 0x8E, 0xA1, 0xE0, 0x8B,
    0xAE, 0x53, 0xCC, 0x61, 0x98, 0x8A, 0x54, 0x77, 0xA1, 0x0E, 0xE1, 0x29, 0xC2, 0x43, 0xD0, 0x01,
    0xAF, 0xA2, 0x9E, 0x10, 0xCF, 0xC1, 0xC9, 0xFD, 0x8C, 0xA6, 0x21, 0xC8, 0xE5, 0x10, 0x18, 0xC8,
    0x5C, 0xBD, 0x02, 0x1F, 0x64, 0xCE, 0x03, 0xA2, 0x39, 0x03, 0x46, 0xEE, 0xCB, 0xA4, 0xC9, 0xD5,
    0xDA, 0xC0, 0x41, 0x7B, 0xDF, 0xE0, 0x7F, 0x8F, 0x89, 0xEC, 0xAF, 0x4A, 0x13, 0xD6, 0xE5, 0xBB,
    0x9A, 0x2B, 0x7D, 0x43, 0xBA, 0x28, 0x4D, 0x16, 0xF2, 0xD5, 0x66, 0xE9, 0xF1, 0xD5, 0x68, 0x86,
    0x16, 0xD1, 0xB4, 0x82, 0x8C, 0x9F, 0x30, 0xE9, 0x94, 0xFC, 0xC4, 0x30, 0x89, 0x78, 0x04, 0xDE,
    0x47, 0xE3, 0x3C, 0x2C, 0x5F, 0x6B, 0x02, 0x52, 0xF1, 0xD9, 0x13, 0x45, 0x8B, 0xDC, 0x3E, 0x39,
    0x83, 0x06, 0x6E, 0x82, 0xCE, 0xE3, 0x18, 0x6B, 0x33, 0x0F, 0x6B, 0xD4, 0x72, 0x87, 0x7D, 0xFF,
    0x75, 0x6A, 0xD5, 0xD3, 0xC8, 0xBB, 0x42, 0xF1, 0x2A, 0xD5, 0xE8, 0xBF, 0xA9, 0x9E, 0xE3, 0x89,
    0x7E, 0xD2, 0xC9, 0x29, 0x40, 0xA3, 0x14, 0x37, 0x3C, 0xE5, 0x10, 0x82, 0x9A, 0xA0, 0x49, 0x08,
    0x2A, 0x48, 0x17, 0xD1, 0x74, 0x5D, 0xAD, 0x68, 0x9C, 0x5A, 0x74, 0x00, 0xE3, 0xA1, 0x06, 0x0F,
    0xB2, 0x65, 0x26, 0xAC, 0x80, 0x22, 0x60, 0x29, 0x84, 0x06, 0xBC, 0xB6, 0x71, 0xEA, 0x5C, 0x92,
    0xB5, 0xD6, 0x85, 0xCC, 0xF9, 0x4D, 0x4B, 0x8A, 0xDF, 0xB1, 0x6D, 0x05, 0xC6, 0x07, 0xB9, 0xE1,
    0x4A, 0xAE, 0x6C, 0xDB, 0xBD, 0xAD, 0x75, 0x33, 0xD3, 0x7A, 0x55, 0x9B, 0x9A, 0x36, 0x24, 0xD3,
    0x7F, 0x9A, 0xE4, 0xF6, 0x6E, 0xE9, 0x66, 0xDF, 0x12, 0xC8, 0xDC, 0x4F, 0x35, 0x9E, 0x3E, 0x43,
    0xDE, 0xF0, 0x6F, 0x15, 0x0F, 0x2B, 0xC0, 0xD2, 0xF3, 0xA2, 0x62, 0x94, 0xDD, 0x03, 0xE7, 0x33,
    0x6E, 0x55, 0x67, 0x98, 0x90, 0xFF, 0x9F, 0x3D, 0xD5, 0xE6, 0x1B, 0x6A, 0x3D, 0xE0, 0x36, 0x28,
    0x69, 0x82, 0xDB, 0x7A, 0x46, 0x35, 0x6E, 0x3B, 0xA6, 0x75, 0x6F, 0x14, 0x74, 0xAA, 0xCD, 0x37,
    0xD6, 0xBA, 0x8F, 0x76, 0x3B, 0xAD, 0xCC, 0x73, 0xCB, 0xB7, 0x6C, 0x48, 0x9B, 0xD1, 0xFE, 0xB6,
    0x50, 0xC3, 0x7C, 0x26, 0xFD, 0xD1, 0x62, 0x47, 0x27, 0xE4, 0x68, 0xAD, 0x62, 0x5D, 0x62, 0xE0,
    0xBC, 0x4E, 0x9D, 0x44, 0x48, 0x48, 0xC1, 0xF2, 0x1F, 0x7F, 0x16, 0xB0, 0xC6, 0xF4, 0x34, 0xD6,
    0x8A, 0x5F, 0xC7, 0x0F, 0xFF, 0x8B, 0x45, 0xE4, 0x7B, 0xFC, 0xCF, 0x09, 0xAD, 0x87, 0x0C, 0xDB,
    0xF0, 0xEF, 0x57, 0x8E, 0xF2, 0xDA, 0xA7, 0xFC, 0xBB, 0x03, 0x6F, 0xF5, 0x89, 0xDB, 0x0E, 0x40,
    0x73, 0x57, 0x74, 0x61, 0x9E, 0xB3, 0xB2, 0xD0, 0x36, 0xC8, 0xDF, 0x36, 0x0E, 0xB4, 0xFC, 0x79,
    0x0B, 0x7D, 0x76, 0x7C, 0x91, 0xC7, 0x9D, 0xF6, 0x74, 0x89, 0xD6, 0xBF, 0x61, 0x3E, 0xD3, 0x25,
    0x3B, 0xBF, 0xA6, 0x6D, 0xC3, 0xC2, 0xB4, 0xBE, 0x5E, 0x59, 0xEC, 0x2C, 0xA3, 0xBD, 0xAE, 0xCB,
    0x58, 0x1B, 0x9C, 0xC8, 0x35, 0xB8, 0x09, 0x8E, 0x09, 0xB7, 0x73, 0xE4, 0x2D, 0x27, 0xC0, 0xB5,
    0x9E, 0x02, 0x37, 0xAC, 0x9C, 0xAB, 0xDC, 0xEC, 0x25, 0x1E, 0xC5, 0x29, 0xB3, 0x0E, 0xA3, 0x75,
    0xF1, 0x53, 0x75, 0xDB, 0xBA, 0x55, 0xEB, 0xF8, 0xC5, 0xF5, 0xAD, 0xD6, 0x9D, 0xDE, 0xCF, 0x6F,
    0xE7, 0xC5, 0x1F, 0x54, 0xD6, 0x64, 0xB7, 0x6D, 0x5B, 0x81, 0x6D, 0x99, 0x6F, 0xEE, 0x59, 0x6A,
    0x31, 0xFD, 0xC2, 0xF2, 0xC5, 0xA7, 0x9F, 0xE6, 0xC7, 0x83, 0xCA, 0xB4, 0xDD, 0xFB, 0x8D, 0x0E,
    0x9F, 0x23, 0x67, 0x35, 0xEC, 0x9D, 0xF9, 0xA5, 0xD7, 0x73, 0x8B, 0xB1, 0x30, 0xBD, 0x75, 0xE6,
    0x73, 0x4C, 0xD4, 0xCB, 0xE3, 0xCB, 0x97, 0x33, 0xCC, 0xA1, 0x0C, 0xAF, 0x2E, 0x2D, 0xAD, 0x06,
    0xC5, 0xB4, 0x77, 0x73, 0xE9, 0xCA, 0x3F, 0x4D, 0xC1, 0x4A, 0xFC, 0xE6, 0xF2, 0x3B, 0x61, 0x0B,
    0x96, 0x64, 0xE6, 0xF2, 0x27, 0xE3, 0x11, 0x77, 0xC8, 0x07, 0xD1, 0x94, 0x9B, 0xC3, 0x6C, 0xF4,
    0xA3, 0x30, 0xBD, 0xB0, 0x8B, 0x68, 0xA1, 0x15, 0x17, 0x93, 0xFC, 0xE0, 0x56, 0x77, 0x81, 0xD7,
    0xAE, 0xD1, 0xEA, 0x4E, 0xB9, 0xAC, 0xAC, 0xAD, 0xB9, 0x80, 0x07, 0x1B, 0xB6, 0xEA, 0x2E, 0x4F,
    0x3E, 0x68, 0xF9, 0x99, 0x18, 0x81, 0x93, 0x8E, 0xCC, 0xC9, 0x3B, 0x69, 0x4C, 0x00, 0x5A, 0xB6,
    0x22, 0xF8, 0x5E, 0x74, 0x84, 0xC2, 0x36, 0x49, 0x87, 0x71, 0x65, 0x6C, 0xC4, 0xB4, 0x35, 0x1A,
    0xB7, 0x32, 0x31, 0x27, 0xDE, 0xA7, 0xDC, 0xB9, 0xA4, 0x70, 0xC0, 0xED, 0x0C, 0xF5, 0x04, 0xD8,
    0x40, 0x68, 0x81, 0xD7, 0xBC, 0xB1, 0xB7, 0xCE, 0xF7, 0xA8, 0xB2, 0x2A, 0xC6, 0xEE, 0x76, 0xAE,
    0x39, 0x3D, 0x86, 0x10, 0x6A, 0x2F, 0x7F, 0xC9, 0xD8, 0x0E, 0x51, 0x11, 0x5E, 0x8F, 0x8C, 0xEC,
    0xCA, 0x28, 0x6B, 0xCA, 0xA0, 0xC0, 0x81, 0xB9, 0xD7, 0x84, 0xB5, 0x59, 0x68, 0x1A, 0x64, 0xB5,
    0x2C, 0xB2, 0x42, 0xD6, 0xC6, 0x5A, 0x53, 0x33, 0xE1, 0xF5, 0x8A, 0x33, 0x7E, 0x17, 0x8A, 0xE2,
    0x9C, 0xD5, 0x03, 0x86, 0xC2, 0x5C, 0x51, 0x05, 0xC1, 0x2C, 0xE2, 0xDD, 0x2D, 0xEC, 0x5A, 0xAD,
    0x09, 0x76, 0x75, 0xD1, 0x39, 0x5C, 0x4E, 0xE8, 0xDB, 0x1A, 0x36, 0x75, 0xD7, 0x5E, 0xAD, 0x57,
    0x8E, 0x50, 0xD1, 0x36, 0x23, 0x74, 0xF2, 0x28, 0xD0, 0x1F, 0xCF, 0xF7, 0x86, 0x5E, 0xD6, 0x00,
    0xA9, 0xA0, 0x8E, 0x5E, 0x5A, 0x23, 0x16, 0x54, 0x80, 0x11, 0xC6, 0x7D, 0x57, 0x67, 0x13, 0xAC,
    0x46, 0xD7, 0x9C, 0x8B, 0x18, 0x33, 0xC6, 0xDF, 0x04, 0x47, 0x2C, 0x76, 0xF0, 0x13, 0x4C, 0x46,
    0xBE, 0x0F, 0xE6, 0xE2, 0x95, 0x00, 0x46, 0x60, 0xEB, 0x9C, 0xA5, 0x13, 0x42, 0xA8, 0x6D, 0x5A,
    0x2F, 0x9B, 0x11, 0x6C, 0xFD, 0x89, 0x1D, 0xCA, 0xD6, 0xE3, 0x0F, 0x00, 0x9D, 0x61, 0xE9, 0x1C,
    0x05, 0x86, 0xA6, 0x53, 0x1B, 0xA0, 0xF3, 0xD7, 0x43, 0xB7, 0x8D, 0x68, 0x87, 0x50, 0x3D, 0x2E,
    0xA8, 0x27, 0xD0, 0x95, 0x17, 0x9C, 0xF7, 0x14, 0x43, 0x57, 0xB4, 0x58, 0x25, 0xD4, 0x46, 0xC4,
    0xD6, 0xA0, 0x0B, 0xE0, 0x27, 0x9C, 0x9F, 0xA2, 0x73, 0x53, 0x0F, 0xDF, 0x82, 0xF7, 0x50, 0xDD,
    0xC8, 0xEB, 0xE9, 0x4F, 0xBC, 0xAC, 0x68, 0x4F, 0x7A, 0x74, 0x6E, 0x97, 0x7F, 0x3A, 0x8F, 0xEA,
    0x1F, 0x40, 0xE8, 0x1D, 0xC9, 0x1A, 0x41, 0xEF, 0xC3, 0x7F, 0xED, 0xFD, 0xDA, 0x4B, 0x43, 0x6F,
    0x09, 0x7D, 0x22, 0xD8, 0xEE, 0xE4, 0x26, 0xBE, 0x52, 0x0C, 0x5D, 0x93, 0xCE, 0x85, 0x3C, 0x2C,
    0xE5, 0x96, 0xFF, 0xDC, 0xE7, 0xB9, 0x9C, 0xA2, 0x7D, 0xC3, 0xC4, 0xCF, 0xD7, 0xCD, 0xD4, 0xE3,
    0xB9, 0x0F, 0xD6, 0xA3, 0xB1, 0x0E, 0xBA, 0x6D, 0x95, 0xF1, 0x1E, 0xD1, 0x6E, 0x1D, 0x7A, 0x30,
    0xF5, 0xF8, 0x85, 0xA1, 0xD4, 0x08, 0x41, 0x12, 0xBF, 0x43, 0xB1, 0xB5, 0xD1, 0x16, 0x45, 0xA6,
    0x35, 0xDF, 0x44, 0xD9, 0x85, 0x23, 0xB3, 0x88, 0x81, 0xD8, 0x74, 0x44, 0x00, 0xF8, 0x95, 0xCF,
    0xD3, 0xBF, 0x28, 0x1E, 0x6E, 0x42, 0x78, 0xFF, 0x23, 0x8C, 0x30, 0x6A, 0xC9, 0xCD, 0x97, 0x70,
    0x8B, 0xF6, 0xEE, 0x3D, 0x18, 0x4F, 0x72, 0x18, 0xBF, 0xEE, 0x3A, 0x30, 0x53, 0x71, 0xC9, 0x86,
    0x47, 0x79, 0x70, 0xDD, 0x65, 0x83, 0xA7, 0xA6, 0x5C, 0x58, 0x8C, 0x64, 0x0B, 0x8B, 0x9F, 0x1B,
    0x28, 0x2F, 0xC1, 0x8E, 0x69, 0xF3, 0xB4, 0x4E, 0x9F, 0xC2, 0x57, 0xCC, 0x50, 0x5B, 0x4D, 0xC4,
    0x0F, 0x46, 0x6C, 0x78, 0x59, 0xCB, 0x7B, 0x7D, 0x25, 0xA1, 0xBD, 0x7A, 0xBF, 0x93, 0x3F, 0xEB,
    0xFF, 0x89, 0x10, 0x74, 0x8C, 0xF2, 0x56, 0x20, 0xF8, 0xD4, 0x43, 0xCA, 0xA7, 0x27, 0x2D, 0x49,
    0xFF, 0x2E, 0x0B, 0x07, 0x96, 0xA6, 0xB0, 0xF2, 0xCF, 0x19, 0xA2, 0x86, 0xBB, 0x79, 0x16, 0x4D,
    0x50, 0x35, 0x9D, 0x92, 0xB9, 0x09, 0x59, 0xE7, 0x0C, 0x67, 0x2C, 0x5D, 0x19, 0x75, 0xC6, 0x41,
    0x46, 0x32, 0xC2, 0x7D, 0x3D, 0xF2, 0xEB, 0xB0, 0x5F, 0x8F, 0xFE, 0x66, 0xF8, 0x3F, 0x74, 0xB5,
    0x97, 0x70, 0x86, 0xD5, 0x1E, 0xFE, 0xA0, 0x27, 0xDC, 0x0D, 0x15, 0x69, 0xE1, 0x6E, 0x1D, 0x42,
    0xC2, 0xDC, 0x35, 0x02, 0xB8, 0x2B, 0x5F, 0x31, 0x77, 0xA5, 0x33, 0x53, 0x96, 0xE3, 0xAA, 0x87,
    0xAB, 0xF6, 0xCB, 0xDB, 0xAC, 0xDA, 0x97, 0xCE, 0xEA, 0x93, 0xA6, 0xF6, 0x23, 0x0F, 0xD7, 0x04,
    0x3E, 0x29, 0x43, 0xB7, 0xD2, 0x77, 0x57, 0x44, 0xED, 0xF3, 0xFD, 0x5E, 0x32, 0x7B, 0x77, 0xB5,
    0x5F, 0x83, 0x4E, 0x28, 0x79, 0x7F, 0xD0, 0x85, 0x96, 0x88, 0x80, 0x4E, 0x68, 0xB8, 0xA9, 0xC5,
    0x1C, 0x11, 0xF0, 0x4B, 0xAA, 0xBD, 0x73, 0x7C, 0xBD, 0xD2, 0x3B, 0x95, 0xCE, 0xE7, 0xFE, 0x08,
    0x3D, 0xD6, 0x76, 0x73, 0xD3, 0xC9, 0xA2, 0xC2, 0xAF, 0xEC, 0x5A, 0x7D, 0x97, 0xF0, 0x59, 0xEE,
    0xED, 0x64, 0xE3, 0x16, 0x42, 0x1E, 0xB1, 0xC1, 0xD0, 0x4B, 0x7C, 0x9A, 0x34, 0x12, 0xFE, 0x44,
    0x56, 0xF2, 0xA9, 0x6D, 0x3D, 0x51, 0x80, 0xB8, 0x03, 0x7B, 0x84, 0xDE, 0xBB, 0x70, 0xC2, 0x8A,
    0x96, 0x17, 0xDD, 0x0F, 0xCB, 0x4E, 0x09, 0x29, 0xDD, 0xEE, 0x26, 0x88, 0xCC, 0x69, 0x04, 0xDC,
    0x5D, 0x25, 0x80, 0x5F, 0xC1, 0x49, 0x82, 0xE7, 0xF0, 0x48, 0x52, 0x90, 0x01, 0x74, 0x1F, 0x62,
    0x39, 0x83, 0xA8, 0x06, 0x8F, 0x2D, 0xA4, 0x88, 0xDA, 0x46, 0x98, 0x32, 0xA8, 0xCB, 0x70, 0x43,
    0x53, 0x54, 0xA1, 0x3A, 0x67, 0x35, 0xFB, 0xAC, 0x50, 0xE4, 0xD4, 0xC8, 0xC0, 0xAD, 0xE9, 0xF5,
    0x3A, 0xB5, 0x5E, 0xD3, 0xEA, 0x75, 0x4A, 0xBD, 0xA6, 0xD3, 0x5F, 0x3B, 0x31, 0x39, 0xF0, 0x64,
    0x63, 0xD7, 0x36, 0x37, 0x14, 0x62, 0xA6, 0xFC, 0x06, 0x31, 0xDD, 0x3E, 0x5F, 0x04, 0x31, 0x85,
    0x35, 0x20, 0xA6, 0x87, 0x38, 0x23, 0x18, 0x80, 0x8F, 0x1E, 0x5B, 0x89, 0xFD, 0x8F, 0x35, 0x31,
    0xB7, 0xCE, 0xCF, 0xCB, 0x2E, 0x6A, 0x1F, 0x3F, 0xA2, 0xCF, 0x31, 0xEC, 0x47, 0x44, 0x2F, 0x60,
    0xC3, 0xD1, 0xEC, 0xD3, 0xB7, 0xDF, 0xA0, 0xFA, 0x2A, 0xB4, 0x2F, 0xD0, 0x08, 0xC2, 0x35, 0x0C,
    0x57, 0xEF, 0xAC, 0xD3, 0x4B, 0xD0, 0x5C, 0xC7, 0x84, 0xFC, 0x5B, 0x9A, 0x62, 0x7D, 0x8D, 0x60,
    0x99, 0x56, 0x79, 0x8B, 0xC2, 0xAF, 0x82, 0x17, 0x80, 0x5F, 0x08, 0xC1, 0x32, 0x84, 0xE1, 0x2B,
    0xD8, 0xCC, 0x84, 0x15, 0x8D, 0x26, 0xC8, 0xDA, 0x4E, 0x8B, 0x6A, 0xC3, 0x12, 0x15, 0x5F, 0xB4,
    0xA8, 0x93, 0x3A, 0x43, 0x74, 0x6D, 0x3B, 0x2B, 0xCA, 0xBF, 0x9E, 0xF1, 0x2E, 0x29, 0x9D, 0xF5,
    0x9D, 0x8C, 0x89, 0x2B, 0xAF, 0xCD, 0x84, 0x76, 0xB5, 0x4C, 0xAD, 0x4A, 0x88, 0x10, 0xB3, 0xE3,
    0x3D, 0x81, 0x7B, 0x83, 0x67, 0x8B, 0x68, 0x6A, 0x14, 0xAC, 0x9C, 0x2F, 0x89, 0x37, 0x62, 0xD4,
    0x1B, 0x72, 0xFC, 0x6D, 0x4C, 0x38, 0x06, 0x26, 0x01, 0xA7, 0x7C, 0x5C, 0x60, 0xA1, 0x5E, 0xB1,
    0x8E, 0x77, 0x88, 0xEC, 0x42, 0xCD, 0x9E, 0x53, 0xA6, 0x6C, 0xA2, 0x47, 0x6D, 0x34, 0x91, 0x61,
    0x79, 0x18, 0xAC, 0xDB, 0x51, 0xB1, 0xEE, 0x65, 0xCB, 0xBA, 0x6A, 0xE3, 0xDA, 0x30, 0x44, 0x04,
    0xEB, 0xB6, 0xDD, 0x66, 0x0E, 0x67, 0xC5, 0x93, 0x24, 0x84, 0xAD, 0x6C, 0x21, 0x71, 0x23, 0xE8,
    0x67, 0x02, 0xC8, 0x45, 0xF1, 0x24, 0x10, 0xB0, 0x02, 0x5D, 0x89, 0x24, 0x9F, 0xEF, 0x6F, 0xCA,
    0xBA, 0x4A, 0xB0, 0x18, 0x82, 0x75, 0x8C, 0x98, 0x03, 0x43, 0x1B, 0xB1, 0x1B, 0x68, 0xE2, 0x59,
    0x0D, 0x6C, 0xB0, 0xFE, 0x6C, 0x55, 0x8C, 0x0B, 0x76, 0x58, 0xBC, 0x79, 0x81, 0xAF, 0x73, 0x8E,
    0xF1, 0x32, 0x8D, 0xBC, 0xDF, 0x68, 0x16, 0x5F, 0xD9, 0x1C, 0x3E, 0xCA, 0x00, 0x32, 0xA1, 0x3D,
    0x77, 0x0A, 0x20, 0x23, 0xEF, 0x0E, 0x01, 0xA4, 0x73, 0x08, 0xB0, 0xFC, 0x3E, 0xA0, 0xF3, 0x7F,
    0x88, 0xBB, 0x3C, 0x83, 0xCE, 0x63, 0xBF, 0x22, 0xDA, 0x39, 0x0F, 0xE8, 0xB6, 0xFC, 0x35, 0x7A,
    0xA4, 0x54, 0x8C, 0x7C, 0xD4, 0xE8, 0x59, 0x0D, 0xCE, 0x85, 0x34, 0x04, 0x3A, 0x77, 0x88, 0xFD,
    0xA6, 0x40, 0xC7, 0xEA, 0xF9, 0x50, 0xA1, 0x73, 0xD6, 0xA0, 0x5B, 0x1E, 0xC5, 0x8E, 0x23, 0xE8,
    0x06, 0x23, 0xE8, 0x12, 0x0B, 0x1D, 0xC3, 0x65, 0x98, 0x5B, 0x56, 0xD0, 0x45, 0x15, 0x74, 0xF5,
    0x0A, 0xBA, 0x20, 0x99, 0xAC, 0x66, 0x61, 0xA7, 0xE3, 0xE6, 0x6D, 0x92, 0x38, 0x91, 0x8A, 0x2E,
    0xF3, 0x0A, 0x51, 0xA2, 0x52, 0x5E, 0x5E, 0x52, 0x79, 0x0A, 0xB0, 0x38, 0xF0, 0x1B, 0xC9, 0x76,
    0x9A, 0xAD, 0x10, 0x6B, 0x6F, 0x14, 0x94, 0x09, 0x91, 0x9E, 0x6A, 0x5B, 0xDA, 0x5D, 0xE8, 0x76,
    0x2F, 0x58, 0x1A, 0xB6, 0x23, 0x33, 0x30, 0x15, 0xC9, 0xE3, 0x83, 0xCF, 0xF2, 0x86, 0x98, 0xFE,
    0xA9, 0x38, 0x0B, 0x1D, 0x1E, 0x6B, 0x3F, 0x4C, 0x11, 0xBF, 0x60, 0x43, 0xA4, 0x38, 0xDF, 0xE4,
    0x0F, 0xDF, 0x1A, 0xCE, 0xB9, 0xD8, 0x24, 0x61, 0x6B, 0x9F, 0xEF, 0x77, 0x25, 0x6B, 0x04, 0xED,
    0x85, 0xC0, 0x33, 0x5D, 0x64, 0x70, 0x79, 0xEE, 0x75, 0x89, 0xCA, 0x3A, 0xD7, 0x10, 0xBF, 0x4C,
    0x19, 0xE8, 0x56, 0x0D, 0xB9, 0x00, 0xDD, 0xCE, 0xF4, 0x21, 0xB2, 0x4E, 0x54, 0x06, 0xAC, 0x73,
    0xD8, 0xCE, 0x97, 0xAC, 0xB0, 0xFC, 0xDD, 0xCB, 0x60, 0xDD, 0xB8, 0xFC, 0xEA, 0xC8, 0xFA, 0xF8,
    0xC5, 0x2A, 0xDA, 0x9A, 0x0E, 0x3A, 0x36, 0xB8, 0x2E, 0xBC, 0x4C, 0xB1, 0x5B, 0x07, 0xEB, 0x38,
    0x08, 0x57, 0xF7, 0xAB, 0xB0, 0x1B, 0x59, 0x87, 0xFC, 0xE1, 0x6E, 0x61, 0x1D, 0x76, 0x05, 0xA5,
    0x61, 0x5D, 0xE7, 0x7C, 0x6E, 0x58, 0x17, 0x0C, 0x1F, 0x2B, 0x85, 0x75, 0x12, 0x64, 0xAF, 0x58,
    0x61, 0x25, 0x10, 0x06, 0x74, 0xB1, 0x86, 0x47, 0xD3, 0x6F, 0xA7, 0x91, 0xEC, 0x06, 0xF4, 0xCD,
    0xAC, 0x6D, 0x84, 0x1B, 0x79, 0xD7, 0x08, 0xAA, 0x50, 0x5A, 0xFA, 0x28, 0xA5, 0x7A, 0x48, 0x9D,
    0xC1, 0xCB, 0xA8, 0x22, 0x06, 0x21, 0x7B, 0x3A, 0xEB, 0x16, 0x01, 0x43, 0x37, 0x64, 0xE8, 0x7A,
    0x92, 0x87, 0xB9, 0x07, 0x74, 0x53, 0xDB, 0x0A, 0x03, 0x9D, 0x96, 0xB4, 0x52, 0x83, 0x85, 0x7E,
    0x65, 0xEB, 0x94, 0x81, 0x8E, 0xEF, 0x6D, 0xA0, 0x43, 0xA4, 0xFE, 0x88, 0x14, 0x36, 0xB3, 0x0A,
    0x3B, 0x73, 0x47, 0x85, 0xB5, 0x79, 0xE0, 0xB5, 0x0D, 0x47, 0xA2, 0xED, 0x6B, 0xB0, 0x26, 0x5C,
    0x65, 0x1F, 0x8E, 0x77, 0xEF, 0x75, 0xAD, 0xC3, 0x9B, 0x80, 0xAC, 0x77, 0x5E, 0xAF, 0x7A, 0xB7,
    0x20, 0xF0, 0xD7, 0xEC, 0x9B, 0x59, 0xE8, 0x3B, 0x56, 0x28, 0xC9, 0x0A, 0x8A, 0x73, 0x69, 0xEA,
    0x73, 0xF6, 0xDB, 0x4D, 0xAD, 0xBB, 0x37, 0x7A, 0xAB, 0x3C, 0xDA, 0xB2, 0x5B, 0x41, 0xA7, 0x5A,
    0x15, 0x86, 0x11, 0x27, 0x6A, 0x03, 0xE4, 0x85, 0x27, 0xC9, 0x5F, 0x06, 0xFF, 0xBD, 0x4C, 0xA0,
    0x2B, 0x70, 0x0D, 0x23, 0x74, 0xDE, 0x60, 0x23, 0x3C, 0x1A, 0xF3, 0x68, 0x16, 0x6B, 0x86, 0x68,
    0x64, 0x9A, 0x78, 0xEE, 0x76, 0xC3, 0x71, 0xCD, 0x6E, 0x38, 0x30, 0xBE, 0xD5, 0x47, 0xE4, 0x26,
    0x9C, 0x2E, 0x5B, 0x10, 0x28, 0x6C, 0x1D, 0x3A, 0xE7, 0x20, 0x64, 0x6D, 0x4B, 0x0C, 0xE0, 0xBF,
    0x9B, 0x77, 0x4D, 0x4E, 0x39, 0x5D, 0xA7, 0xB0, 0x2E, 0x78, 0xD0, 0x84, 0xF5, 0x2B, 0x7C, 0xE0,
    0xD3, 0xE3, 0xB8, 0x8E, 0x5D, 0xAD, 0x27, 0x02, 0x5C, 0x30, 0x86, 0x71, 0xFF, 0x0A, 0xBB, 0xD3,
    0xB0, 0x0E, 0x99, 0x2F, 0xC3, 0x3A, 0x92, 0xD4, 0x30, 0xDB, 0x2D, 0x67, 0x41, 0x58, 0xE7, 0x72,
    0x14, 0xC5, 0xAC, 0x73, 0xE6, 0xDF, 0x7C, 0x52, 0x3C, 0xEC, 0xC8, 0xD6, 0x99, 0x14, 0x56, 0x31,
    0x4A, 0x6A, 0xAD, 0xCB, 0x6E, 0x19, 0xA1, 0xBB, 0x31, 0xCD, 0x75, 0x7F, 0xD0, 0xC5, 0x1C, 0x54,
    0x32, 0x74, 0x7B, 0xE7, 0xE7, 0xE7, 0x13, 0x0B, 0x1D, 0x59, 0xE8, 0xE8, 0xC9, 0x0D, 0x4E, 0x36,
    0xBA, 0x89, 0xF9, 0x73, 0xFC, 0x06, 0x1A, 0x5A, 0xDE, 0xF7, 0xB7, 0xCD, 0xBD, 0x1B, 0x74, 0x1D,
    0x40, 0x97, 0x33, 0x74, 0x07, 0x00, 0x5D, 0xFA, 0xA4, 0x43, 0xE7, 0x63, 0x08, 0x2E, 0x36, 0x47,
    0xED, 0x19, 0x56, 0xD4, 0x17, 0xA0, 0xB0, 0x4F, 0x6D, 0xAA, 0xB0, 0xFB, 0x06, 0x80, 0x4E, 0xBC,
    0x83, 0xB6, 0x0A, 0x4B, 0xDA, 0x2A, 0x2C, 0x5D, 0xFA, 0xF2, 0x1E, 0x96, 0x2D, 0x9B, 0x40, 0xD7,
    0xB1, 0x21, 0xB1, 0x6C, 0xFA, 0x04, 0xBA, 0x14, 0xCE, 0xF7, 0x21, 0xBA, 0x89, 0xB1, 0x0A, 0xBA,
    0x7A, 0xD5, 0x39, 0xAE, 0xA0, 0xFB, 0x59, 0x61, 0x6E, 0xE8, 0xC8, 0x5C, 0x7D, 0xDE, 0x64, 0xB5,
    0x6C, 0xE1, 0x28, 0x69, 0x18, 0xE8, 0x42, 0x18, 0x16, 0x81, 0xAE, 0x66, 0xC0, 0x0B, 0x61, 0x5F,
    0x82, 0x8A, 0x75, 0x81, 0x99, 0xCE, 0x29, 0x23, 0x38, 0x79, 0xCF, 0x74, 0xA6, 0xE2, 0x56, 0xBE,
    0x68, 0x46, 0x7F, 0x43, 0xDB, 0x69, 0x14, 0x5B, 0xEF, 0xCC, 0xBA, 0x6D, 0xEC, 0x7C, 0x97, 0x01,
    0x9D, 0xFF, 0x31, 0xB2, 0x32, 0x97, 0xEE, 0x05, 0x5D, 0x95, 0xAA, 0xB0, 0xDE, 0x41, 0x3C, 0xAC,
    0x09, 0x4E, 0x9C, 0x65, 0xB7, 0x34, 0xD0, 0xA5, 0x5C, 0x20, 0x7C, 0x0C, 0x59, 0xD7, 0xE2, 0x7C,
    0x0B, 0x43, 0xC7, 0x9E, 0xAC, 0x04, 0xEB, 0xEA, 0xB2, 0x20, 0xA7, 0xF3, 0xEE, 0x8C, 0xB9, 0x4F,
    0xB1, 0x91, 0x48, 0x9B, 0x28, 0xAC, 0x47, 0x07, 0xE9, 0xC5, 0x1D, 0x80, 0xCE, 0x03, 0x62, 0x97,
    0x2E, 0x72, 0x67, 0xE4, 0xB4, 0xEA, 0xE5, 0x7D, 0x43, 0x37, 0x52, 0xD8, 0x03, 0xF3, 0x67, 0x0D,
    0xEB, 0x62, 0xEB, 0x26, 0xBE, 0x59, 0x85, 0x3D, 0x65, 0x77, 0x13, 0xAF, 0x94, 0x36, 0x38, 0x31,
    0x20, 0x02, 0x3A, 0x61, 0xD6, 0x53, 0x9C, 0x0D, 0xE5, 0x1D, 0x2B, 0x43, 0x67, 0x76, 0xAC, 0xB6,
    0x08, 0x32, 0x20, 0xEB, 0x26, 0x30, 0x0D, 0xA0, 0x81, 0x3E, 0x2F, 0x0D, 0xEE, 0x6C, 0xEB, 0x9A,
    0xA9, 0x28, 0xEC, 0xF7, 0x51, 0xC8, 0x11, 0xA1, 0x47, 0xFA, 0x86, 0xE4, 0x01, 0x7C, 0x44, 0x30,
    0x62, 0x45, 0x03, 0x08, 0x5C, 0xC6, 0xC6, 0x26, 0x00, 0x42, 0x43, 0xAE, 0xF4, 0x24, 0xEF, 0x84,
    0xE4, 0x18, 0xE2, 0x13, 0xB6, 0x75, 0x4D, 0x12, 0x1F, 0x82, 0x1D, 0x83, 0xC3, 0x81, 0x86, 0xCC,
    0xC2, 0xA9, 0x76, 0x49, 0x2C, 0x3C, 0xD2, 0xE0, 0x64, 0x6B, 0x42, 0xDF, 0x62, 0xD6, 0x9D, 0xC6,
    0xFE, 0xB0, 0x59, 0x82, 0x75, 0x66, 0x13, 0xC1, 0xC1, 0x09, 0x77, 0xD9, 0xB2, 0xB9, 0x9B, 0xD8,
    0x8B, 0x10, 0x82, 0x3D, 0xAC, 0xC3, 0x31, 0x9B, 0xD9, 0x91, 0x2D, 0xB8, 0x28, 0xB5, 0xDF, 0xF7,
    0x1E, 0x76, 0xB1, 0xDA, 0xC3, 0x9E, 0xA8, 0xF6, 0xB0, 0x7E, 0xC5, 0xBA, 0x7A, 0xC5, 0xBA, 0xB8,
    0x62, 0x5D, 0x50, 0xB9, 0x09, 0xBF, 0x72, 0x13, 0x27, 0x2A, 0x37, 0xB1, 0xF0, 0x60, 0xAC, 0xFB,
    0x62, 0x0E, 0xBE, 0xAA, 0x7F, 0xDC, 0x05, 0xBA, 0xAA, 0xEE, 0x71, 0x17, 0x85, 0x95, 0x3D, 0x6C,
    0x87, 0xE3, 0x3A, 0x87, 0x27, 0x35, 0x07, 0xE8, 0x30, 0x38, 0x8F, 0xC6, 0x18, 0xBA, 0x8B, 0xB4,
    0xB3, 0xE9, 0x33, 0xEB, 0xC2, 0x74, 0x2C, 0x3E, 0x23, 0x3A, 0xA8, 0xC6, 0xE2, 0x23, 0xEC, 0x26,
    0x3E, 0xEE, 0xEE, 0xDC, 0x81, 0xC4, 0x12, 0x9F, 0x7A, 0xF0, 0x92, 0x31, 0x83, 0xA1, 0x53, 0x9C,
    0xB4, 0x6E, 0x02, 0xA5, 0xBA, 0x75, 0x6E, 0xC2, 0x65, 0xBF, 0xB3, 0x87, 0xF3, 0x75, 0x7A, 0x65,
    0x5E, 0xEB, 0xC3, 0x79, 0x14, 0xEA, 0x4F, 0xF1, 0x87, 0xEB, 0x47, 0x3A, 0x3D, 0x18, 0x6A, 0xE4,
    0xE0, 0x3D, 0x16, 0x86, 0x80, 0xEE, 0x30, 0x0B, 0x03, 0x86, 0xAE, 0x03, 0x81, 0x09, 0xAA, 0x42,
    0x08, 0x5C, 0xD8, 0x9D, 0xF3, 0xD2, 0x83, 0x35, 0x86, 0xAE, 0x7E, 0x26, 0xDD, 0x3D, 0x26, 0xD0,
    0xA1, 0x7A, 0x39, 0x61, 0xA0, 0xCB, 0xF9, 0xA1, 0x3C, 0xEF, 0x65, 0xC7, 0x42, 0xD7, 0xD4, 0xD9,
    0x17, 0xCA, 0x47, 0x5F, 0x27, 0x86, 0xB7, 0x47, 0x29, 0x2E, 0xDF, 0xF5, 0x69, 0x60, 0x68, 0xEF,
    0x0C, 0x0C, 0xE1, 0x46, 0xEB, 0x92, 0x7D, 0xC2, 0xC7, 0xBE, 0x18, 0xBD, 0x60, 0xC8, 0x69, 0xCF,
    0x6E, 0xE1, 0x22, 0xA1, 0x5B, 0xE7, 0xEC, 0x13, 0x1F, 0xE4, 0xC0, 0xE6, 0x7C, 0x33, 0x57, 0xBB,
    0xED, 0x2C, 0x9A, 0xBF, 0x1A, 0x61, 0xE8, 0x18, 0x0C, 0x39, 0x75, 0x2C, 0x18, 0x36, 0x87, 0x16,
    0xC3, 0xE6, 0xC0, 0x62, 0xD8, 0x2C, 0x2D, 0x86, 0xCD, 0xDC, 0x62, 0xD8, 0x24, 0x8B, 0xA1, 0x64,
    0x0E, 0x18, 0xC3, 0x46, 0x85, 0xE1, 0x4C, 0xDF, 0x62, 0xD8, 0x31, 0x18, 0xF6, 0xDD, 0x11, 0x86,
    0xE9, 0x17, 0x31, 0xFC, 0x26, 0x23, 0xBD, 0x8D, 0x8E, 0xE3, 0x1C, 0x9A, 0x73, 0x4C, 0x3F, 0x1C,
    0xFB, 0x08, 0x24, 0x21, 0x10, 0x62, 0x16, 0x12, 0xE9, 0x85, 0xD8, 0x02, 0x4B, 0xE7, 0x7A, 0xE9,
    0x70, 0x05, 0xA9, 0x6B, 0x2B, 0x48, 0x50, 0x61, 0x18, 0x8E, 0x97, 0xEF, 0xE4, 0x38, 0x78, 0xFB,
    0x2F, 0x2A, 0xDC, 0x3B, 0x6F, 0x76, 0xB5, 0x58, 0x95, 0x45, 0x51, 0x61, 0x37, 0xA1, 0xEF, 0x7C,
    0xCD, 0x8E, 0x03, 0xC7, 0x05, 0xE4, 0x86, 0x31, 0xE3, 0xCE, 0xD0, 0xF5, 0x9F, 0x8E, 0x0C, 0x74,
    0x03, 0x49, 0xDE, 0x02, 0xBA, 0x7F, 0x14, 0x33, 0x0E, 0xE8, 0xC6, 0x45, 0x00, 0x74, 0x91, 0x7C,
    0x05, 0xE8, 0x5A, 0xBF, 0x17, 0x19, 0xE8, 0x7E, 0x5B, 0x96, 0x0D, 0xD0, 0xF9, 0x67, 0xB2, 0x3B,
    0x42, 0xF7, 0x22, 0x9A, 0x17, 0x19, 0xB1, 0xE1, 0x7A, 0xE8, 0x92, 0x27, 0x03, 0xBA, 0xF8, 0xDE,
    0xAC, 0x2B, 0x37, 0xB2, 0xEE, 0x3B, 0xE8, 0x9C, 0x32, 0xEB, 0xF0, 0x40, 0x0F, 0xAE, 0x6E, 0x52,
    0xBE, 0x9B, 0x03, 0x74, 0x26, 0xF4, 0x03, 0x74, 0x63, 0x32, 0x9B, 0xAF, 0xBE, 0x35, 0x3B, 0x58,
    0xE1, 0xBC, 0x50, 0x05, 0xC9, 0x03, 0x1B, 0xAE, 0xB8, 0xEF, 0xD8, 0x70, 0xC5, 0x3B, 0xCA, 0xE5,
    0x41, 0xD6, 0x5C, 0x8F, 0xB7, 0xAE, 0x80, 0xAE, 0xE6, 0x96, 0x38, 0xB7, 0x04, 0xE8, 0x7E, 0x80,
    0xD2, 0xD1, 0x0E, 0x86, 0x6E, 0x20, 0x4A, 0x03, 0xE8, 0xFA, 0xB2, 0xCA, 0xF8, 0x70, 0x92, 0x05,
    0x9E, 0x57, 0x83, 0xCB, 0x4B, 0x4D, 0x33, 0x5C, 0x33, 0x77, 0x5F, 0xE7, 0x16, 0xBA, 0xBF, 0xB8,
    0x4B, 0x19, 0xAD, 0x67, 0x0F, 0x73, 0xD4, 0x97, 0xE9, 0x84, 0x60, 0x73, 0xC9, 0xFE, 0x15, 0xB3,
    0x23, 0x27, 0xE3, 0x78, 0x7B, 0xF3, 0x5B, 0x8A, 0x0F, 0xBB, 0x61, 0x93, 0xCE, 0xB6, 0xB7, 0x44,
    0xB8, 0x59, 0x4F, 0xEB, 0x9C, 0x3B, 0x9C, 0x96, 0x1C, 0xA8, 0x97, 0xC9, 0x61, 0x1B, 0x2F, 0x0B,
    0x2A, 0xAD, 0x0C, 0x2B, 0x46, 0x8D, 0x57, 0x69, 0xCC, 0x46, 0x75, 0x76, 0x26, 0xA2, 0x4B, 0xE7,
    0x39, 0xDC, 0x8D, 0x90, 0x2A, 0x1F, 0x72, 0x19, 0x3C, 0xAA, 0xB2, 0x22, 0x8D, 0x8D, 0x42, 0x24,
    0xE1, 0x39, 0x6A, 0x62, 0xF1, 0x7B, 0xB0, 0xC9, 0xDE, 0xF0, 0xE8, 0x60, 0xA6, 0x77, 0x1D, 0x79,
    0xF4, 0xEB, 0xC3, 0xC5, 0xEE, 0x9E, 0x10, 0x35, 0x1C, 0xF5, 0xFD, 0xB1, 0x2E, 0xD5, 0x9A, 0xD7,
    0xFB, 0xF8, 0xB7, 0xCB, 0x3F, 0xC4, 0x7B, 0x6C, 0x4E, 0x4A, 0x22, 0x0D, 0x9A, 0x56, 0x22, 0x48,
    0x25, 0x99, 0x97, 0x70, 0x96, 0x82, 0x62, 0x37, 0x0B, 0xED, 0x2D, 0xC1, 0xC2, 0x82, 0x7C, 0x35,
    0x35, 0x15, 0x4B, 0x3D, 0xA2, 0x8E, 0x74, 0x0E, 0xE7, 0x21, 0xA9, 0x97, 0x24, 0xEB, 0xD0, 0x70,
    0x80, 0x8F, 0x3D, 0xE5, 0x32, 0x5F, 0x9D, 0x2E, 0x3C, 0x6E, 0x05, 0x6C, 0x08, 0x4D, 0x45, 0x63,
    0x39, 0x79, 0xC1, 0x98, 0xCA, 0xC4, 0xFC, 0x75, 0x4B, 0x5B, 0xFA, 0x08, 0x44, 0xCF, 0xFA, 0x55,
    0x79, 0x7D, 0xAA, 0x3A, 0x88, 0x17, 0xF2, 0xC9, 0x3D, 0x74, 0xC4, 0x49, 0x2C, 0x17, 0x5B, 0x4A,
    0x78, 0x12, 0x07, 0x59, 0x4C, 0xF3, 0x73, 0x15, 0x1C, 0xE1, 0x9B, 0x05, 0xC5, 0xC9, 0x0A, 0xC3,
    0xA8, 0x56, 0xA1, 0x51, 0x81, 0x39, 0xDE, 0xB0, 0x27, 0x91, 0x6A, 0x8D, 0x08, 0xD5, 0x0E, 0xA8,
    0x4E, 0xAD, 0x71, 0x09, 0x3A, 0x03, 0x7D, 0xAC, 0x4D, 0x7E, 0x8A, 0xAD, 0x1D, 0x0B, 0xCD, 0xA5,
    0x25, 0x73, 0xA5, 0xEE, 0xBC, 0x2F, 0x7D, 0xC6, 0x27, 0xAC, 0xCD, 0x6D, 0x34, 0x6C, 0xA9, 0x07,
    0xC8, 0x1B, 0x95, 0x6D, 0x3D, 0x6B, 0x6D, 0x6D, 0xB7, 0x0D, 0x81, 0xCF, 0x3B, 0x15, 0xB8, 0xE2,
    0x6B, 0x25, 0x79, 0xEC, 0xA8, 0x99, 0x5E, 0x84, 0x02, 0xD7, 0x0F, 0xCB, 0x41, 0xBC, 0x29, 0x66,
    0xD6, 0x6E, 0x53, 0xE0, 0x79, 0x49, 0xD9, 0x99, 0x12, 0x17, 0x5F, 0xE2, 0x44, 0xD0, 0xA0, 0x7D,
    0x7D, 0x4B, 0x2D, 0xEB, 0x27, 0x9C, 0x97, 0x8E, 0x7D, 0x05, 0x37, 0x81, 0xEC, 0xAE, 0x71, 0x13,
    0x6D, 0x50, 0x5B, 0x14, 0x56, 0xD1, 0x49, 0x51, 0x58, 0x5C, 0x9E, 0x12, 0x37, 0x31, 0xC5, 0xDC,
    0x67, 0x37, 0xC1, 0x27, 0xF9, 0x92, 0xDB, 0xDD, 0x44, 0x8B, 0x72, 0xE3, 0x26, 0xDA, 0x3C, 0x6B,
    0x28, 0xAC, 0x23, 0xDA, 0xC7, 0x09, 0x81, 0xCC, 0xA4, 0xA1, 0xE0, 0x39, 0xC9, 0x39, 0x7B, 0x87,
    0x84, 0x00, 0xD7, 0x53, 0xB9, 0xB3, 0xD3, 0x77, 0x16, 0x45, 0x61, 0x61, 0xC0, 0x42, 0xB1, 0x75,
    0xFB, 0xF9, 0x04, 0x59, 0x95, 0x4B, 0x91, 0x84, 0x00, 0x67, 0x06, 0x14, 0xDB, 0xBA, 0x5E, 0x55,
    0x5E, 0x14, 0x41, 0x5C, 0x2D, 0xCE, 0x0E, 0x48, 0xB8, 0x32, 0x85, 0x74, 0x5F, 0xF6, 0x58, 0xE7,
    0x52, 0xF0, 0xFB, 0xA6, 0x40, 0xD7, 0xCC, 0xB9, 0x8C, 0xB8, 0xBE, 0xD0, 0x23, 0x57, 0xE4, 0xB4,
    0x45, 0xC6, 0x41, 0xED, 0x5D, 0x73, 0x29, 0x9C, 0x14, 0xD5, 0x1C, 0x51, 0x07, 0x2C, 0x0C, 0x01,
    0x5D, 0xD8, 0x3A, 0x78, 0xEE, 0xF2, 0x2F, 0x01, 0xDD, 0x38, 0x0B, 0x6F, 0x23, 0xD2, 0xAB, 0x4B,
    0x9E, 0x15, 0x91, 0xDE, 0x98, 0x5C, 0x01, 0x74, 0xC1, 0x49, 0x08, 0xFF, 0x23, 0x51, 0x0A, 0xFF,
    0xFC, 0xE1, 0x16, 0x7A, 0x1E, 0x4A, 0x80, 0xF7, 0x0A, 0x8F, 0x83, 0xF7, 0x17, 0x21, 0x5F, 0xEA,
    0xC0, 0x4D, 0x98, 0xCE, 0x48, 0xB9, 0x4B, 0x2C, 0xE2, 0x5C, 0xCD, 0xDA, 0xA6, 0x90, 0x01, 0xE8,
    0x42, 0x93, 0x4E, 0x2F, 0x54, 0xFD, 0x0A, 0x82, 0x90, 0x98, 0xF7, 0x17, 0xAF, 0x26, 0x34, 0xD1,
    0xE0, 0x6A, 0xC5, 0xAB, 0xAC, 0xB6, 0x1C, 0xD7, 0x6D, 0x22, 0x34, 0xF5, 0xDF, 0x34, 0x78, 0x7B,
    0xFB, 0x2A, 0x2A, 0x35, 0xE8, 0xDC, 0xF5, 0x5E, 0x45, 0x18, 0x06, 0xD3, 0xDE, 0xF6, 0x70, 0x02,
    0xB3, 0x86, 0x13, 0x41, 0x2D, 0xEF, 0xE8, 0xFC, 0xFC, 0x4F, 0x51, 0xBB, 0x81, 0xBF, 0x00, 0xBA,
    0xFB, 0xBD, 0x74, 0xC2, 0x08, 0x01, 0xCE, 0x2B, 0xB1, 0x30, 0x8E, 0x84, 0xE8, 0xDB, 0xA8, 0x3C,
    0x0E, 0xC7, 0x22, 0x72, 0x6E, 0xC1, 0x1E, 0xD7, 0xC6, 0x30, 0xF0, 0x1E, 0x0B, 0x18, 0xB8, 0xAB,
    0x41, 0xE3, 0x89, 0xB0, 0x5C, 0xF3, 0xC2, 0xAC, 0x15, 0xB0, 0xE3, 0x98, 0xEF, 0x02, 0x6C, 0xDD,
    0x35, 0x86, 0xB7, 0x29, 0xC7, 0x0F, 0x52, 0xE3, 0x24, 0x6C, 0x74, 0xFC, 0xF5, 0xD3, 0x4F, 0x9C,
    0xA6, 0xDD, 0xDE, 0xC6, 0xD9, 0xED, 0x67, 0xFC, 0x2A, 0x57, 0x6B, 0x1C, 0xEB, 0xFD, 0xA6, 0xF2,
    0x38, 0xF0, 0x90, 0xCC, 0x00, 0x9F, 0x21, 0x95, 0x3D, 0x1A, 0x67, 0xE8, 0x59, 0x73, 0x65, 0x16,
    0x52, 0x67, 0x44, 0x3A, 0x5F, 0xA2, 0x14, 0x11, 0x58, 0x73, 0x1D, 0x26, 0xAF, 0xD0, 0x8F, 0x33,
    0x54, 0x42, 0x3F, 0xCE, 0xB7, 0x3C, 0x00, 0xFD, 0xE8, 0xF9, 0x4A, 0xAA, 0x57, 0xE0, 0x39, 0xFA,
    0xDF, 0x7E, 0x6C, 0x6C, 0x63, 0x70, 0xF3, 0xD0, 0x6B, 0x6F, 0x0B, 0xD9, 0xE2, 0x67, 0x0E, 0xBD,
    0xB6, 0x24, 0x25, 0xEC, 0x21, 0x4B, 0x31, 0xBE, 0xF6, 0x3E, 0x66, 0xE9, 0x19, 0x7E, 0xE4, 0x2F,
    0x44, 0xE2, 0xD3, 0xAE, 0x46, 0xC2, 0xC0, 0x22, 0x23, 0x61, 0x9F, 0xB1, 0xF8, 0x8B, 0x1F, 0x1E,
    0x7A, 0xED, 0xCA, 0x33, 0x40, 0xB5, 0x7F, 0x45, 0xFF, 0xEE, 0x6B, 0xFA, 0x26, 0xFC, 0x4B, 0x51,
    0xF7, 0x53, 0xB7, 0x58, 0xF0, 0x52, 0x37, 0x8F, 0x1C, 0x9C, 0xD7, 0xC5, 0xC1, 0x32, 0x17, 0xE0,
    0xE6, 0xD8, 0xC4, 0xB9, 0xD8, 0xBC, 0xCF, 0x52, 0xE1, 0x53, 0xCD, 0xC9, 0x59, 0xCA, 0xAD, 0xD4,
    0x46, 0x3F, 0xEC, 0xDA, 0x20, 0x45, 0xDC, 0xB9, 0x81, 0x6B, 0x65, 0xFD, 0x3C, 0xD1, 0xF2, 0x42,
    0x90, 0x87, 0xBD, 0x1F, 0x61, 0xA2, 0xCD, 0x62, 0xD8, 0x8F, 0x27, 0x72, 0xAE, 0x18, 0x7A, 0x9F,
    0x5C, 0xFC, 0xEE, 0x2E, 0x39, 0x7E, 0x15, 0xFC, 0xC3, 0xF0, 0xBB, 0x7F, 0x1A, 0x71, 0x16, 0xA6,
    0xDE, 0xFA, 0xF5, 0x1F, 0x5D, 0x99, 0xA0, 0xE6, 0x80, 0xE6, 0x66, 0xDF, 0x89, 0xAE, 0x1E, 0xCD,
    0xE2, 0x81, 0xAB, 0xDE, 0xFF, 0x55, 0xE3, 0x67, 0x3F, 0x57, 0xF1, 0x20, 0x38, 0xB3, 0xF4, 0x83,
    0xDA, 0xB3, 0xC9, 0x5C, 0x3C, 0x98, 0x72, 0x02, 0x3E, 0x38, 0x3B, 0x11, 0x0F, 0x60, 0x8F, 0xBB,
    0x28, 0xF5, 0x06, 0xCD, 0x01, 0x16, 0xB0, 0xC0, 0x09, 0x5F, 0xEF, 0xE8, 0x0D, 0xCE, 0xC6, 0xD1,
    0x05, 0x2C, 0x8A, 0x2B, 0x07, 0x7F, 0x67, 0x40, 0x0E, 0x7C, 0x31, 0xC7, 0x1E, 0x11, 0x35, 0x95,
    0xBE, 0x9C, 0x26, 0xD0, 0x83, 0xE7, 0x7F, 0xD2, 0x14, 0xE7, 0xBB, 0x95, 0x33, 0xFE, 0xC7, 0xBE,
    0x3A, 0x45, 0x7B, 0x7C, 0x2A, 0x1E, 0x14, 0xFD, 0x2F, 0xAC, 0xDA, 0xB6, 0x55, 0x50, 0xF4, 0x75,
    0x49, 0xC0, 0xDC, 0x63, 0x0F, 0x02, 0x7C, 0x67, 0xC8, 0x52, 0xB4, 0x57, 0x45, 0x83, 0xBA, 0x3A,
    0x45, 0x20, 0x67, 0x57, 0xEC, 0x57, 0x1C, 0x3F, 0x73, 0xE7, 0x3B, 0x50, 0x94, 0x19, 0x24, 0x14,
    0xAD, 0xFD, 0xB9, 0x4D, 0x5E, 0x35, 0xAA, 0x34, 0x42, 0xCB, 0xB7, 0x81, 0x34, 0x12, 0xAF, 0x26,
    0x90, 0x66, 0xC1, 0xE6, 0xFD, 0xA8, 0x4A, 0x5E, 0x51, 0x75, 0x76, 0xC5, 0x52, 0x34, 0x1C, 0x5A,
    0x8A, 0x22, 0x08, 0x78, 0x44, 0xCE, 0xE5, 0x2A, 0xDB, 0x3A, 0x86, 0xEE, 0x34, 0x17, 0x25, 0xB7,
    0xDC, 0x1D, 0x3A, 0x97, 0x2D, 0xE4, 0x90, 0x2D, 0x24, 0x86, 0x3F, 0xCD, 0x79, 0xBF, 0xC6, 0x6E,
    0x54, 0x1B, 0x93, 0x42, 0xA9, 0x83, 0x83, 0x83, 0xB4, 0xA4, 0x66, 0x55, 0x71, 0x88, 0x85, 0xF2,
    0x60, 0xB7, 0xB0, 0x57, 0xBA, 0x05, 0x07, 0xB7, 0x38, 0x3F, 0xD5, 0x55, 0xF6, 0x57, 0x48, 0x4D,
    0xCB, 0x7D, 0xD6, 0xE7, 0xFD, 0x4C, 0x96, 0x06, 0xD0, 0x99, 0x2C, 0x0D, 0xA0, 0xDB, 0xF5, 0x1F,
    0x7C, 0xD2, 0x80, 0xA1, 0xE3, 0xC1, 0xA7, 0x02, 0x1D, 0xCF, 0x54, 0xA0, 0x0B, 0x2B, 0xE8, 0xF8,
    0xCA, 0xC3, 0x2A, 0x4A, 0x22, 0xCC, 0xA4, 0xF8, 0x43, 0xA7, 0xC7, 0x56, 0xD5, 0x9C, 0x3D, 0xE5,
    0x27, 0xB1, 0xAB, 0xF9, 0xBF, 0xBA, 0x85, 0x6E, 0x71, 0x26, 0x61, 0x63, 0x1B, 0xA6, 0xED, 0x3F,
    0xCC, 0xD9, 0x30, 0xF2, 0xA1, 0x7E, 0x31, 0x8C, 0xFE, 0x52, 0xDF, 0x11, 0xE8, 0x26, 0xE9, 0x2F,
    0x4D, 0xF6, 0x00, 0x26, 0xC0, 0x1C, 0x7E, 0x76, 0xD3, 0x7B, 0xEC, 0x7C, 0xB9, 0x14, 0x7E, 0x4C,
    0x4A, 0xE1, 0xEF, 0x2D, 0x50, 0xFF, 0x94, 0x94, 0x71, 0x73, 0x0E, 0x72, 0xBE, 0x74, 0x29, 0xDC,
    0xF9, 0x77, 0xCB, 0x3A, 0xF6, 0x60, 0x96, 0x75, 0x45, 0xC5, 0x3A, 0x55, 0xB1, 0x4E, 0x59, 0xE8,
    0x9C, 0xE4, 0x9B, 0x4B, 0x99, 0x36, 0x39, 0x0B, 0xCA, 0x7E, 0x79, 0xC8, 0x45, 0x0A, 0xB0, 0x4E,
    0x2A, 0xBB, 0x93, 0x9B, 0xB3, 0x0E, 0x07, 0xA2, 0xF2, 0xED, 0xBC, 0xF3, 0x7D, 0x17, 0x95, 0xFD,
    0x69, 0xCE, 0xFB, 0xE1, 0x28, 0xFE, 0x4C, 0x29, 0x0A, 0x9B, 0xF0, 0xFF, 0xB3, 0x60, 0x85, 0x95,
    0x93, 0xE4, 0x40, 0xAC, 0x1C, 0xB8, 0x37, 0x78, 0xE7, 0xEB, 0xE5, 0x0D, 0x17, 0x4F, 0x40, 0x48,
    0x93, 0xCA, 0x7F, 0x16, 0xB9, 0x0D, 0x3A, 0xF9, 0xCF, 0x32, 0x0C, 0x1D, 0x27, 0x94, 0x04, 0x3A,
    0xAE, 0xDE, 0xDA, 0x52, 0xB8, 0x32, 0xD0, 0xE9, 0xAA, 0x14, 0xAE, 0xD7, 0xA0, 0xCB, 0x0C, 0x74,
    0xDB, 0x1E, 0xF7, 0xA2, 0xE4, 0x7D, 0xB9, 0x63, 0x3E, 0x8D, 0xFF, 0x00, 0x95, 0xB5, 0xAD, 0x6F,
    0x1A, 0xD6, 0x71, 0xE0, 0x21, 0xD0, 0x85, 0x98, 0x85, 0x40, 0x57, 0xE3, 0x9C, 0xE9, 0x93, 0x5A,
    0x94, 0x7C, 0x04, 0xD0, 0x8D, 0x0E, 0x9B, 0xD9, 0x67, 0xE1, 0xD0, 0xF4, 0xF0, 0x05, 0x7B, 0xD8,
    0xEC, 0x04, 0x76, 0x2E, 0x4F, 0x18, 0x74, 0x5B, 0xB9, 0x6E, 0xC0, 0xD9, 0x66, 0x84, 0x5C, 0x1D,
    0xAE, 0x71, 0xF8, 0x1A, 0x29, 0xA6, 0x55, 0x76, 0x13, 0x9D, 0x81, 0xF7, 0xBF, 0x1A, 0xD0, 0xED,
    0x8F, 0x7F, 0xEC, 0x3F, 0xF7, 0x01, 0xFE, 0x47, 0x58, 0x63, 0x4B, 0x2D, 0x70, 0xBC, 0x54, 0x15,
    0xFB, 0x69, 0xCC, 0x47, 0x9A, 0xB9, 0x8B, 0x5C, 0x43, 0xC4, 0xC7, 0x27, 0xBA, 0x85, 0x9F, 0x95,
    0x8E, 0x9A, 0x96, 0x3D, 0x08, 0xDF, 0x87, 0xA1, 0x33, 0x27, 0xAF, 0xBE, 0x74, 0x79, 0x68, 0xEF,
    0x7C, 0x5A, 0x29, 0x6C, 0xFE, 0xE0, 0xD0, 0xFD, 0x3F,
};

static const EpdGlyph lato_16_bolditalicGlyphs[] = {
    { 0, 0, 0, 0, 0, 0, 0 }, // U+0000
    { 0, 0, 0, 0, 0, 0, 0 }, // U+0001
    { 0, 0, 0, 0, 0, 0, 0 }, // U+0002
    { 0, 0, 0, 0, 0, 0, 0 }, // U+0003
    { 0, 0, 0, 0, 0, 0, 0 }, // U+0004
    { 0, 0, 0, 0, 0, 0, 0 }, // U+0005
    { 0, 0, 0, 0, 0, 0, 0 }, // U+0006
    { 0, 0, 0, 0, 0, 0, 0 }, // U+0007
    { 0, 0, 0, 0, 0, 0, 0 }, // U+0008
    { 0, 0, 0, 0, 0, 0, 0 }, // U+0009
    { 0, 0, 0, 0, 0, 0, 0 }, // U+000A
    { 0, 0, 0, 0, 0, 0, 0 }, // U+000B
    { 0, 0, 0, 0, 0, 0, 0 }, // U+000C
    { 0, 0, 0, 0, 0, 0, 0 }, // U+000D
    { 0, 0, 0, 0, 0, 0, 0 }, // U+000E
    { 0, 0, 0, 0, 0, 0, 0 }, // U+000F
    { 0, 0, 0, 0, 0, 0, 0 }, // U+0010
    { 0, 0, 0, 0, 0, 0, 0 }, // U+0011
    { 0, 0, 0, 0, 0, 0, 0 }, // U+0012
    { 0, 0, 0, 0, 0, 0, 0 }, // U+0013
    { 0, 0, 0, 0, 0, 0, 0 }, // U+0014
    { 0, 0, 0, 0, 0, 0, 0 }, // U+0015
    { 0, 0, 0, 0, 0, 0, 0 }, // U+0016
    { 0, 0, 0, 0, 0, 0, 0 }, // U+0017
    { 0, 0, 0, 0, 0, 0, 0 }, // U+0018
    { 0, 0, 0, 0, 0, 0, 0 }, // U+0019
    { 0, 0, 0, 0, 0, 0, 0 }, // U+001A
    { 0, 0, 0, 0, 0, 0, 0 }, // U+001B
    { 0, 0, 0, 0, 0, 0, 0 }, // U+001C
    { 0, 0, 0, 0, 0, 0, 0 }, // U+001D
    { 0, 0, 0, 0, 0, 0, 0 }, // U+001E
    { 0, 0, 0, 0, 0, 0, 0 }, // U+001F
    { 0, 0, 117, 0, 0, 0, 0 }, // U+0020
    { 7, 24, 141, 1, 24, 42, 0 }, // !
    { 11, 9, 198, 2, 24, 25, 42 }, // "
    { 20, 24, 326, 0, 24, 120, 67 }, // #
    { 19, 31, 308, 0, 27, 148, 187 }, // $
    { 24, 24, 406, 1, 24, 144, 335 }, // %
    { 21, 24, 356, 0, 24, 126, 479 }, // &
    { 5, 9, 108, 2, 24, 12, 605 }, // '
    { 9, 32, 142, 1, 26, 72, 617 }, // (
    { 9, 32, 142, -1, 26, 72, 689 }, // )
    { 11, 11, 211, 2, 24, 31, 761 }, // *
    { 17, 17, 309, 1, 20, 73, 792 }, // +
    { 6, 10, 125, 0, 5, 15, 865 }, // ,
    { 9, 3, 185, 1, 11, 7, 880 }, // -
    { 6, 5, 127, 0, 5, 8, 887 }, // .
    { 16, 26, 229, -1, 24, 104, 895 }, // /
    { 19, 24, 333, 1, 24, 114, 999 }, // 0
    { 11, 24, 207, 1, 24, 66, 1113 }, // 1
    { 18, 24, 284, -1, 24, 108, 1179 }, // 2
    { 17, 24, 287, 0, 24, 102, 1287 }, // 3
    { 18, 24, 295, 0, 24, 108, 1389 }, // 4
    { 18, 24, 274, -1, 24, 108, 1497 }, // 5
    { 16, 24, 282, 1, 24, 96, 1605 }, // 6
    { 17, 24, 266, 1, 24, 102, 1701 }, // 7
    { 17, 24, 293, 0, 24, 102, 1803 }, // 8
    { 16, 24, 276, 1, 24, 96, 1905 }, // 9
    { 8, 17, 138, 0, 17, 34, 2001 }, // :
    { 7, 22, 144, 1, 17, 39, 2035 }, // ;
    { 15, 16, 309, 2, 19, 60, 2074 }, // <
    { 17, 9, 309, 1, 16, 39, 2134 }, // =
    { 15, 16, 309, 2, 19, 60, 2173 }, // >
    { 12, 24, 230, 2, 24, 72, 2233 }, // ?
    { 24, 27, 412, 1, 23, 162, 2305 }, // @
    { 23, 24, 347, -2, 24, 138, 2467 }, // A
    { 19, 24, 327, 1, 24, 114, 2605 }, // B
    { 21, 24, 331, 1, 24, 126, 2719 }, // C
    { 22, 24, 378, 1, 24, 132, 2845 }, // D
    { 18, 24, 286, 1, 24, 108, 2977 }, // E
    { 18, 24, 283, 1, 24, 108, 3085 }, // F
    { 21, 24, 361, 1, 24, 126, 3193 }, // G
    { 22, 24, 383, 1, 24, 132, 3319 }, // H
    { 8, 24, 150, 1, 24, 48, 3451 }, // I
    { 14, 24, 218, -1, 24, 84, 3499 }, // J
    { 22, 24, 342, 1, 24, 132, 3583 }, // K
    { 14, 24, 258, 1, 24, 84, 3715 }, // L
    { 28, 24, 469, 1, 24, 168, 3799 }, // M
    { 22, 24, 383, 1, 24, 132, 3967 }, // N
    { 23, 24, 402, 1, 24, 138, 4099 }, // O
    { 19, 24, 310, 1, 24, 114, 4237 }, // P
    { 23, 29, 402, 1, 24, 167, 4351 }, // Q
    { 18, 24, 320, 1, 24, 108, 4518 }, // R
    { 18, 24, 275, -1, 24, 108, 4626 }, // S
    { 19, 24, 297, 1, 24, 114, 4734 }, // T
    { 22, 24, 369, 1, 24, 132, 4848 }, // U
    { 23, 24, 346, 1, 24, 138, 4980 }, // V
    { 33, 24, 516, 1, 24, 198, 5118 }, // W
    { 24, 24, 336, -2, 24, 144, 5316 }, // X
    { 21, 24, 324, 1, 24, 126, 5460 }, // Y
    { 21, 24, 299, -1, 24, 126, 5586 }, // Z
    { 11, 30, 159, 0, 25, 83, 5712 }, // [
    { 10, 26, 227, 2, 24, 65, 5795 }, // <backslash>
    { 12, 30, 159, -2, 25, 90, 5860 }, // ]
    { 16, 11, 309, 2, 24, 44, 5950 }, // ^
    { 13, 3, 237, -1, -2, 10, 5994 }, // _
    { 8, 5, 196, 3, 24, 10, 6004 }, // `
    { 17, 17, 278, 0, 17, 73, 6014 }, // a
    { 17, 24, 287, 0, 24, 102, 6087 }, // b
    { 15, 17, 242, 0, 17, 64, 6189 }, // c
    { 18, 24, 288, 0, 24, 108, 6253 }, // d
    { 16, 17, 260, 0, 17, 68, 6361 }, // e
    { 12, 28, 177, 1, 24, 84, 6429 }, // f
    { 19, 22, 268, -2, 17, 105, 6513 }, // g
    { 17, 24, 288, 0, 24, 102, 6618 }, // h
    { 8, 24, 131, 0, 24, 48, 6720 }, // i
    { 11, 29, 130, -3, 24, 80, 6768 }, // j
    { 17, 24, 267, 0, 24, 102, 6848 }, // k
    { 8, 24, 127, 0, 24, 48, 6950 }, // l
    { 25, 17, 423, 0, 17, 107, 6998 }, // m
    { 17, 17, 288, 0, 17, 73, 7105 }, // n
    { 17, 17, 279, 0, 17, 73, 7178 }, // o
    { 18, 22, 287, -1, 17, 99, 7251 }, // p
    { 17, 22, 278, 0, 17, 94, 7350 }, // q
    { 13, 17, 189, 0, 17, 56, 7444 }, // r
    { 14, 17, 216, -1, 17, 60, 7500 }, // s
    { 11, 22, 195, 1, 22, 61, 7560 }, // t
    { 16, 17, 288, 1, 17, 68, 7621 }, // u
    { 17, 17, 262, 0, 17, 73, 7689 }, // v
    { 24, 17, 394, 1, 17, 102, 7762 }, // w
    { 19, 17, 260, -2, 17, 81, 7864 }, // x
    { 18, 22, 262, 0, 17, 99, 7945 }, // y
    { 16, 17, 231, -1, 17, 68, 8044 }, // z
    { 11, 30, 155, 0, 25, 83, 8112 }, // {
    { 4, 31, 144, 2, 26, 31, 8195 }, // |
    { 10, 30, 155, -1, 25, 75, 8226 }, // }
    { 17, 7, 309, 1, 13, 30, 8301 }, // ~
    { 0, 0, 0, 0, 0, 0, 8331 }, // U+007F
    { 0, 0, 0, 0, 0, 0, 0 }, // U+0080
    { 0, 0, 0, 0, 0, 0, 0 }, // U+0081
    { 0, 0, 0, 0, 0, 0, 0 }, // U+0082
    { 0, 0, 0, 0, 0, 0, 0 }, // U+0083
    { 0, 0, 0, 0, 0, 0, 0 }, // U+0084
    { 0, 0, 0, 0, 0, 0, 0 }, // U+0085
    { 0, 0, 0, 0, 0, 0, 0 }, // U+0086
    { 0, 0, 0, 0, 0, 0, 0 }, // U+0087
    { 0, 0, 0, 0, 0, 0, 0 }, // U+0088
    { 0, 0, 0, 0, 0, 0, 0 }, // U+0089
    { 0, 0, 0, 0, 0, 0, 0 }, // U+008A
    { 0, 0, 0, 0, 0, 0, 0 }, // U+008B
    { 0, 0, 0, 0, 0, 0, 0 }, // U+008C
    { 0, 0, 0, 0, 0, 0, 0 }, // U+008D
    { 0, 0, 0, 0, 0, 0, 0 }, // U+008E
    { 0, 0, 0, 0, 0, 0, 0 }, // U+008F
    { 0, 0, 0, 0, 0, 0, 0 }, // U+0090
    { 0, 0, 0, 0, 0, 0, 0 }, // U+0091
    { 0, 0, 0, 0, 0, 0, 0 }, // U+0092
    { 0, 0, 0, 0, 0, 0, 0 }, // U+0093
    { 0, 0, 0, 0, 0, 0, 0 }, // U+0094
    { 0, 0, 0, 0, 0, 0, 0 }, // U+0095
    { 0, 0, 0, 0, 0, 0, 0 }, // U+0096
    { 0, 0, 0, 0, 0, 0, 0 }, // U+0097
    { 0, 0, 0, 0, 0, 0, 0 }, // U+0098
    { 0, 0, 0, 0, 0, 0, 0 }, // U+0099
    { 0, 0, 0, 0, 0, 0, 0 }, // U+009A
    { 0, 0, 0, 0, 0, 0, 0 }, // U+009B
    { 0, 0, 0, 0, 0, 0, 0 }, // U+009C
    { 0, 0, 0, 0, 0, 0, 0 }, // U+009D
    { 0, 0, 0, 0, 0, 0, 0 }, // U+009E
    { 0, 0, 0, 0, 0, 0, 0 }, // U+009F
    { 0, 0, 117, 0, 0, 0, 0 }, // U+00A0
    { 8, 22, 134, 0, 17, 44, 0 }, // U+00A1
    { 16, 25, 288, 1, 21, 100, 44 }, // U+00A2
    { 21, 24, 309, -1, 24, 126, 144 }, // U+00A3
    { 17, 16, 309, 1, 19, 68, 270 }, // U+00A4
    { 20, 24, 341, 2, 24, 120, 338 }, // U+00A5
    { 4, 31, 143, 2, 26, 31, 458 }, // U+00A6
    { 15, 26, 251, 0, 24, 98, 489 }, // U+00A7
    { 11, 4, 196, 3, 24, 11, 587 }, // U+00A8
    { 26, 24, 440, 1, 24, 156, 598 }, // U+00A9
    { 9, 10, 183, 2, 24, 23, 754 }, // U+00AA
    { 12, 14, 223, 1, 16, 42, 777 }, // U+00AB
    { 16, 8, 309, 2, 13, 32, 819 }, // U+00AC
    { 0, 0, 0, 0, 0, 0, 851 }, // U+00AD
    { 26, 24, 440, 1, 24, 156, 851 }, // U+00AE
    { 11, 3, 196, 3, 23, 9, 1007 }, // U+00AF
    { 12, 12, 220, 2, 24, 36, 1016 }, // U+00B0
    { 19, 19, 309, 0, 20, 91, 1052 }, // U+00B1
    { 11, 12, 178, 1, 27, 33, 1143 }, // U+00B2
    { 11, 13, 178, 1, 28, 36, 1176 }, // U+00B3
    { 9, 5, 196, 6, 24, 12, 1212 }, // U+00B4
    { 19, 22, 329, 0, 17, 105, 1224 }, // U+00B5
    { 24, 27, 391, 1, 24, 162, 1329 }, // U+00B6
    { 7, 6, 146, 1, 13, 11, 1491 }, // U+00B7
    { 8, 7, 196, 2, 2, 14, 1502 }, // U+00B8
    { 8, 12, 178, 3, 27, 24, 1516 }, // U+00B9
    { 11, 11, 200, 2, 24, 31, 1540 }, // U+00BA
    { 13, 14, 222, 0, 16, 46, 1571 }, // U+00BB
    { 20, 24, 377, 2, 24, 120, 1617 }, // U+00BC
    { 21, 24, 372, 1, 24, 126, 1737 }, // U+00BD
    { 21, 25, 382, 1, 25, 132, 1863 }, // U+00BE
    { 13, 22, 224, -1, 17, 72, 1995 }, // U+00BF
    { 23, 30, 347, -2, 30, 173, 2067 }, // U+00C0
    { 23, 30, 347, -2, 30, 173, 2240 }, // U+00C1
    { 23, 30, 347, -2, 30, 173, 2413 }, // U+00C2
    { 23, 29, 347, -2, 29, 167, 2586 }, // U+00C3
    { 23, 29, 347, -2, 29, 167, 2753 }, // U+00C4
    { 23, 31, 347, -2, 31, 179, 2920 }, // U+00C5
    { 32, 24, 465, -2, 24, 192, 3099 }, // U+00C6
    { 21, 29, 331, 1, 24, 153, 3291 }, // U+00C7
    { 18, 30, 286, 1, 30, 135, 3444 }, // U+00C8
    { 18, 30, 286, 1, 30, 135, 3579 }, // U+00C9
    { 18, 30, 286, 1, 30, 135, 3714 }, // U+00CA
    { 18, 29, 286, 1, 29, 131, 3849 }, // U+00CB
    { 9, 30, 150, 0, 30, 68, 3980 }, // U+00CC
    { 13, 30, 150, 1, 30, 98, 4048 }, // U+00CD
    { 11, 30, 150, 1, 30, 83, 4146 }, // U+00CE
    { 12, 29, 150, 1, 29, 87, 4229 }, // U+00CF
    { 23, 24, 381, 0, 24, 138, 4316 }, // U+00D0
    { 22, 29, 383, 1, 29, 160, 4454 }, // U+00D1
    { 23, 30, 402, 1, 30, 173, 4614 }, // U+00D2
    { 23, 30, 402, 1, 30, 173, 4787 }, // U+00D3
    { 23, 30, 402, 1, 30, 173, 4960 }, // U+00D4
    { 23, 29, 402, 1, 29, 167, 5133 }, // U+00D5
    { 23, 29, 402, 1, 29, 167, 5300 }, // U+00D6
    { 17, 16, 309, 1, 19, 68, 5467 }, // U+00D7
    { 25, 26, 402, 0, 24, 163, 5535 }, // U+00D8
    { 22, 30, 369, 1, 30, 165, 5698 }, // U+00D9
    { 22, 30, 369, 1, 30, 165, 5863 }, // U+00DA
    { 22, 30, 369, 1, 30, 165, 6028 }, // U+00DB
    { 22, 29, 369, 1, 29, 160, 6193 }, // U+00DC
    { 21, 30, 324, 1, 30, 158, 6353 }, // U+00DD
    { 18, 24, 308, 1, 24, 108, 6511 }, // U+00DE
    { 18, 28, 324, 1, 24, 126, 6619 }, // U+00DF
    { 17, 24, 278, 0, 24, 102, 6745 }, // U+00E0
    { 18, 24, 278, 0, 24, 108, 6847 }, // U+00E1
    { 17, 24, 278, 0, 24, 102, 6955 }, // U+00E2
    { 17, 24, 278, 0, 24, 102, 7057 }, // U+00E3
    { 18, 24, 278, 0, 24, 108, 7159 }, // U+00E4
    { 17, 25, 278, 0, 25, 107, 7267 }, // U+00E5
    { 24, 17, 398, 0, 17, 102, 7374 }, // U+00E6
    { 15, 22, 242, 0, 17, 83, 7476 }, // U+00E7
    { 16, 24, 260, 0, 24, 96, 7559 }, // U+00E8
    { 16, 24, 260, 0, 24, 96, 7655 }, // U+00E9
    { 16, 24, 260, 0, 24, 96, 7751 }, // U+00EA
    { 16, 24, 260, 0, 24, 96, 7847 }, // U+00EB
    { 8, 24, 131, 0, 24, 48, 7943 }, // U+00EC
    { 11, 24, 131, 0, 24, 66, 7991 }, // U+00ED
    { 12, 24, 131, -1, 24, 72, 8057 }, // U+00EE
    { 11, 24, 131, 0, 24, 66, 8129 }, // U+00EF
    { 17, 24, 284, 0, 24, 102, 8195 }, // U+00F0
    { 17, 24, 288, 0, 24, 102, 8297 }, // U+00F1
    { 17, 24, 279, 0, 24, 102, 8399 }, // U+00F2
    { 17, 24, 279, 0, 24, 102, 8501 }, // U+00F3
    { 17, 24, 279, 0, 24, 102, 8603 }, // U+00F4
    { 17, 24, 279, 0, 24, 102, 8705 }, // U+00F5
    { 17, 24, 279, 0, 24, 102, 8807 }, // U+00F6
    { 17, 17, 309, 1, 20, 73, 8909 }, // U+00F7
    { 19, 19, 279, -1, 18, 91, 8982 }, // U+00F8
    { 16, 24, 288, 1, 24, 96, 9073 }, // U+00F9
    { 16, 24, 288, 1, 24, 96, 9169 }, // U+00FA
    { 16, 24, 288, 1, 24, 96, 9265 }, // U+00FB
    { 16, 24, 288, 1, 24, 96, 9361 }, // U+00FC
    { 18, 29, 262, 0, 24, 131, 9457 }, // U+00FD
    { 18, 29, 287, -1, 24, 131, 9588 }, // U+00FE
    { 18, 29, 262, 0, 24, 131, 9719 }, // U+00FF
    { 23, 29, 347, -2, 29, 167, 0 }, // U+0100
    { 17, 23, 278, 0, 23, 98, 167 }, // U+0101
    { 23, 30, 347, -2, 30, 173, 265 }, // U+0102
    { 17, 24, 278, 0, 24, 102, 438 }, // U+0103
    { 23, 29, 347, -2, 24, 167, 540 }, // U+0104
    { 17, 22, 278, 0, 17, 94, 707 }, // U+0105
    { 21, 30, 331, 1, 30, 158, 801 }, // U+0106
    { 16, 24, 242, 0, 24, 96, 959 }, // U+0107
    { 21, 30, 331, 1, 30, 158, 1055 }, // U+0108
    { 16, 24, 242, 0, 24, 96, 1213 }, // U+0109
    { 21, 30, 331, 1, 30, 158, 1309 }, // U+010A
    { 15, 24, 242, 0, 24, 90, 1467 }, // U+010B
    { 21, 30, 331, 1, 30, 158, 1557 }, // U+010C
    { 16, 24, 242, 0, 24, 96, 1715 }, // U+010D
    { 22, 30, 378, 1, 30, 165, 1811 }, // U+010E
    { 23, 24, 288, 0, 24, 138, 1976 }, // U+010F
    { 23, 24, 381, 0, 24, 138, 2114 }, // U+0110
    { 20, 24, 288, 0, 24, 120, 2252 }, // U+0111
    { 18, 29, 286, 1, 29, 131, 2372 }, // U+0112
    { 16, 23, 260, 0, 23, 92, 2503 }, // U+0113
    { 18, 30, 286, 1, 30, 135, 2595 }, // U+0114
    { 16, 24, 260, 0, 24, 96, 2730 }, // U+0115
    { 18, 30, 286, 1, 30, 135, 2826 }, // U+0116
    { 16, 24, 260, 0, 24, 96, 2961 }, // U+0117
    { 18, 29, 286, 1, 24, 131, 3057 }, // U+0118
    { 16, 22, 260, 0, 17, 88, 3188 }, // U+0119
    { 18, 30, 286, 1, 30, 135, 3276 }, // U+011A
    { 16, 24, 260, 0, 24, 96, 3411 }, // U+011B
    { 21, 30, 361, 1, 30, 158, 3507 }, // U+011C
    { 19, 29, 268, -2, 24, 138, 3665 }, // U+011D
    { 21, 30, 361, 1, 30, 158, 3803 }, // U+011E
    { 19, 29, 268, -2, 24, 138, 3961 }, // U+011F
    { 21, 30, 361, 1, 30, 158, 4099 }, // U+0120
    { 19, 29, 268, -2, 24, 138, 4257 }, // U+0121
    { 21, 30, 361, 1, 24, 158, 4395 }, // U+0122
    { 19, 29, 268, -2, 24, 138, 4553 }, // U+0123
    { 22, 30, 383, 1, 30, 165, 4691 }, // U+0124
    { 17, 29, 288, 0, 29, 124, 4856 }, // U+0125
    { 24, 24, 388, 1, 24, 144, 4980 }, // U+0126
    { 17, 24, 288, 0, 24, 102, 5124 }, // U+0127
    { 12, 29, 150, 1, 29, 87, 5226 }, // U+0128
    { 11, 24, 131, 0, 24, 66, 5313 }, // U+0129
    { 11, 29, 150, 1, 29, 80, 5379 }, // U+012A
    { 11, 23, 131, 0, 23, 64, 5459 }, // U+012B
    { 12, 30, 150, 1, 30, 90, 5523 }, // U+012C
    { 11, 24, 131, 0, 24, 66, 5613 }, // U+012D
    { 10, 29, 150, -1, 24, 73, 5679 }, // U+012E
    { 9, 29, 131, -1, 24, 66, 5752 }, // U+012F
    { 9, 30, 150, 1, 30, 68, 5818 }, // U+0130
    { 7, 17, 131, 0, 17, 30, 5886 }, // U+0131
    { 22, 24, 368, 1, 24, 132, 5916 }, // U+0132
    { 16, 29, 260, 0, 24, 116, 6048 }, // U+0133
    { 18, 30, 218, -1, 30, 135, 6164 }, // U+0134
    { 14, 29, 130, -3, 24, 102, 6299 }, // U+0135
    { 22, 30, 342, 1, 24, 165, 6401 }, // U+0136
    { 17, 30, 267, 0, 24, 128, 6566 }, // U+0137
    { 17, 17, 267, 0, 17, 73, 6694 }, // U+0138
    { 14, 30, 258, 1, 30, 105, 6767 }, // U+0139
    { 14, 30, 127, 0, 30, 105, 6872 }, // U+013A
    { 14, 30, 258, 1, 24, 105, 6977 }, // U+013B
    { 9, 30, 127, -1, 24, 68, 7082 }, // U+013C
    { 15, 24, 258, 1, 24, 90, 7150 }, // U+013D
    { 13, 24, 127, 0, 24, 78, 7240 }, // U+013E
    { 14, 24, 264, 1, 24, 84, 7318 }, // U+013F
    { 14, 24, 206, 0, 24, 84, 7402 }, // U+0140
    { 17, 24, 267, -1, 24, 102, 7486 }, // U+0141
    { 11, 24, 163, 0, 24, 66, 7588 }, // U+0142
    { 22, 30, 383, 1, 30, 165, 7654 }, // U+0143
    { 17, 24, 288, 0, 24, 102, 7819 }, // U+0144
    { 22, 30, 383, 1, 24, 165, 7921 }, // U+0145
    { 17, 23, 288, 0, 17, 98, 8086 }, // U+0146
    { 22, 30, 383, 1, 30, 165, 8184 }, // U+0147
    { 17, 24, 288, 0, 24, 102, 8349 }, // U+0148
    { 19, 25, 322, 0, 25, 119, 8451 }, // U+0149
    { 22, 29, 382, 1, 24, 160, 8570 }, // U+014A
    { 17, 22, 289, 0, 17, 94, 8730 }, // U+014B
    { 23, 29, 402, 1, 29, 167, 8824 }, // U+014C
    { 17, 23, 279, 0, 23, 98, 8991 }, // U+014D
    { 23, 30, 402, 1, 30, 173, 9089 }, // U+014E
    { 17, 24, 279, 0, 24, 102, 9262 }, // U+014F
    { 23, 29, 402, 1, 29, 167, 9364 }, // U+0150
    { 18, 24, 279, 0, 24, 108, 9531 }, // U+0151
    { 33, 24, 534, 1, 24, 198, 9639 }, // U+0152
    { 26, 17, 428, 0, 17, 111, 9837 }, // U+0153
    { 18, 30, 320, 1, 30, 135, 9948 }, // U+0154
    { 14, 24, 189, 0, 24, 84, 10083 }, // U+0155
    { 18, 30, 320, 1, 24, 135, 10167 }, // U+0156
    { 14, 23, 189, -1, 17, 81, 10302 }, // U+0157
    { 18, 30, 320, 1, 30, 135, 10383 }, // U+0158
    { 14, 24, 189, 0, 24, 84, 10518 }, // U+0159
    { 19, 30, 275, -1, 30, 143, 10602 }, // U+015A
    { 16, 24, 216, -1, 24, 96, 10745 }, // U+015B
    { 18, 30, 275, -1, 30, 135, 10841 }, // U+015C
    { 15, 24, 216, -1, 24, 90, 10976 }, // U+015D
    { 18, 29, 275, -1, 24, 131, 11066 }, // U+015E
    { 14, 22, 216, -1, 17, 77, 11197 }, // U+015F
    { 18, 30, 275, -1, 30, 135, 11274 }, // U+0160
    { 16, 24, 216, -1, 24, 96, 11409 }, // U+0161
    { 19, 29, 297, 1, 24, 138, 11505 }, // U+0162
    { 11, 28, 195, 1, 23, 77, 11643 }, // U+0163
    { 19, 30, 297, 1, 30, 143, 11720 }, // U+0164
    { 13, 24, 195, 1, 24, 78, 11863 }, // U+0165
    { 18, 24, 305, 2, 24, 108, 11941 }, // U+0166
    { 12, 22, 197, 0, 22, 66, 12049 }, // U+0167
    { 22, 29, 369, 1, 29, 160, 12115 }, // U+0168
    { 16, 24, 288, 1, 24, 96, 12275 }, // U+0169
    { 22, 29, 369, 1, 29, 160, 12371 }, // U+016A
    { 16, 23, 288, 1, 23, 92, 12531 }, // U+016B
    { 22, 30, 369, 1, 30, 165, 12623 }, // U+016C
    { 16, 24, 288, 1, 24, 96, 12788 }, // U+016D
    { 22, 31, 369, 1, 31, 171, 12884 }, // U+016E
    { 16, 25, 288, 1, 25, 100, 13055 }, // U+016F
    { 22, 29, 369, 1, 29, 160, 13155 }, // U+0170
    { 17, 24, 288, 1, 24, 102, 13315 }, // U+0171
    { 22, 29, 369, 1, 24, 160, 13417 }, // U+0172
    { 16, 22, 288, 1, 17, 88, 13577 }, // U+0173
    { 33, 30, 516, 1, 30, 248, 13665 }, // U+0174
    { 24, 24, 393, 1, 24, 144, 13913 }, // U+0175
    { 21, 30, 324, 1, 30, 158, 14057 }, // U+0176
    { 18, 29, 262, 0, 24, 131, 14215 }, // U+0177
    { 21, 29, 324, 1, 29, 153, 14346 }, // U+0178
    { 21, 30, 299, -1, 30, 158, 14499 }, // U+0179
    { 16, 24, 231, -1, 24, 96, 14657 }, // U+017A
    { 21, 30, 299, -1, 30, 158, 14753 }, // U+017B
    { 16, 24, 231, -1, 24, 96, 14911 }, // U+017C
    { 21, 30, 299, -1, 30, 158, 15007 }, // U+017D
    { 16, 24, 231, -1, 24, 96, 15165 }, // U+017E
    { 12, 28, 155, 1, 24, 84, 15261 }, // U+017F
    { 27, 27, 424, 1, 27, 183, 0 }, // U+01A0
    { 21, 20, 306, 0, 20, 105, 183 }, // U+01A1
    { 28, 27, 435, 1, 27, 189, 288 }, // U+01AF
    { 22, 20, 336, 1, 20, 110, 477 }, // U+01B0
    { 42, 30, 675, 1, 30, 315, 587 }, // U+01C4
    { 37, 24, 606, 1, 24, 222, 902 }, // U+01C5
    { 33, 24, 524, 0, 24, 198, 1124 }, // U+01C6
    { 28, 24, 476, 1, 24, 168, 1322 }, // U+01C7
    { 23, 29, 392, 1, 24, 167, 1490 }, // U+01C8
    { 16, 29, 262, 0, 24, 116, 1657 }, // U+01C9
    { 36, 24, 593, 1, 24, 216, 1773 }, // U+01CA
    { 31, 29, 509, 1, 24, 225, 1989 }, // U+01CB
    { 26, 29, 412, 0, 24, 189, 2214 }, // U+01CC
    { 23, 30, 347, -2, 30, 173, 2403 }, // U+01CD
    { 18, 24, 278, 0, 24, 108, 2576 }, // U+01CE
    { 12, 30, 150, 1, 30, 90, 2684 }, // U+01CF
    { 11, 24, 131, 0, 24, 66, 2774 }, // U+01D0
    { 23, 30, 402, 1, 30, 173, 2840 }, // U+01D1
    { 17, 24, 279, 0, 24, 102, 3013 }, // U+01D2
    { 22, 30, 369, 1, 30, 165, 3115 }, // U+01D3
    { 16, 24, 288, 1, 24, 96, 3280 }, // U+01D4
    { 22, 34, 369, 1, 34, 187, 3376 }, // U+01D5
    { 16, 29, 288, 1, 29, 116, 3563 }, // U+01D6
    { 22, 35, 369, 1, 35, 193, 3679 }, // U+01D7
    { 16, 29, 288, 1, 29, 116, 3872 }, // U+01D8
    { 22, 35, 369, 1, 35, 193, 3988 }, // U+01D9
    { 16, 29, 288, 1, 29, 116, 4181 }, // U+01DA
    { 22, 35, 369, 1, 35, 193, 4297 }, // U+01DB
    { 16, 30, 288, 1, 30, 120, 4490 }, // U+01DC
    { 15, 17, 260, 0, 17, 64, 4610 }, // U+01DD
    { 23, 34, 347, -2, 34, 196, 4674 }, // U+01DE
    { 17, 29, 278, 0, 29, 124, 4870 }, // U+01DF
    { 23, 35, 347, -2, 35, 202, 4994 }, // U+01E0
    { 17, 28, 278, 0, 28, 119, 5196 }, // U+01E1
    { 32, 29, 465, -2, 29, 232, 5315 }, // U+01E2
    { 24, 23, 398, 0, 23, 138, 5547 }, // U+01E3
    { 22, 24, 370, 1, 24, 132, 5685 }, // U+01E4
    { 20, 22, 278, -2, 17, 110, 5817 }, // U+01E5
    { 21, 30, 361, 1, 30, 158, 5927 }, // U+01E6
    { 19, 29, 268, -2, 24, 138, 6085 }, // U+01E7
    { 22, 30, 342, 1, 30, 165, 6223 }, // U+01E8
    { 17, 30, 267, 0, 30, 128, 6388 }, // U+01E9
    { 23, 29, 402, 1, 24, 167, 6516 }, // U+01EA
    { 17, 22, 279, 0, 17, 94, 6683 }, // U+01EB
    { 23, 34, 402, 1, 29, 196, 6777 }, // U+01EC
    { 17, 28, 279, 0, 23, 119, 6973 }, // U+01ED
    { 19, 30, 293, -1, 30, 143, 7092 }, // U+01EE
    { 16, 29, 221, -3, 24, 116, 7235 }, // U+01EF
    { 14, 29, 130, -3, 24, 102, 7351 }, // U+01F0
    { 42, 24, 676, 1, 24, 252, 7453 }, // U+01F1
    { 37, 24, 606, 1, 24, 222, 7705 }, // U+01F2
    { 32, 24, 518, 0, 24, 192, 7927 }, // U+01F3
    { 21, 30, 361, 1, 30, 158, 8119 }, // U+01F4
    { 19, 29, 268, -2, 24, 138, 8277 }, // U+01F5
    { 31, 24, 526, 1, 24, 186, 8415 }, // U+01F6
    { 22, 29, 356, 0, 24, 160, 8601 }, // U+01F7
    { 22, 31, 383, 1, 31, 171, 8761 }, // U+01F8
    { 17, 24, 288, 0, 24, 102, 8932 }, // U+01F9
    { 23, 35, 347, -2, 35, 202, 9034 }, // U+01FA
    { 20, 31, 278, 0, 31, 155, 9236 }, // U+01FB
    { 32, 30, 465, -2, 30, 240, 9391 }, // U+01FC
    { 24, 24, 398, 0, 24, 144, 9631 }, // U+01FD
    { 25, 32, 402, 0, 30, 200, 9775 }, // U+01FE
    { 19, 25, 279, -1, 24, 119, 9975 }, // U+01FF
    { 23, 29, 347, -2, 29, 167, 10094 }, // U+0200
    { 17, 24, 278, 0, 24, 102, 10261 }, // U+0201
    { 23, 30, 347, -2, 30, 173, 10363 }, // U+0202
    { 17, 24, 278, 0, 24, 102, 10536 }, // U+0203
    { 18, 29, 286, 1, 29, 131, 10638 }, // U+0204
    { 16, 24, 260, 0, 24, 96, 10769 }, // U+0205
    { 18, 30, 286, 1, 30, 135, 10865 }, // U+0206
    { 16, 24, 260, 0, 24, 96, 11000 }, // U+0207
    { 13, 29, 150, -2, 29, 95, 11096 }, // U+0208
    { 12, 24, 131, -3, 24, 72, 11191 }, // U+0209
    { 11, 30, 150, 1, 30, 83, 11263 }, // U+020A
    { 10, 24, 131, 0, 24, 60, 11346 }, // U+020B
    { 23, 29, 402, 1, 29, 167, 11406 }, // U+020C
    { 17, 24, 279, 0, 24, 102, 11573 }, // U+020D
    { 23, 30, 402, 1, 30, 173, 11675 }, // U+020E
    { 17, 24, 279, 0, 24, 102, 11848 }, // U+020F
    { 18, 29, 320, 1, 29, 131, 11950 }, // U+0210
    { 13, 24, 189, 0, 24, 78, 12081 }, // U+0211
    { 18, 30, 320, 1, 30, 135, 12159 }, // U+0212
    { 13, 24, 189, 0, 24, 78, 12294 }, // U+0213
    { 22, 29, 369, 1, 29, 160, 12372 }, // U+0214
    { 16, 24, 288, 1, 24, 96, 12532 }, // U+0215
    { 22, 30, 369, 1, 30, 165, 12628 }, // U+0216
    { 16, 24, 288, 1, 24, 96, 12793 }, // U+0217
    { 18, 30, 275, -1, 24, 135, 12889 }, // U+0218
    { 14, 23, 216, -1, 17, 81, 13024 }, // U+0219
    { 19, 30, 297, 1, 24, 143, 13105 }, // U+021A
    { 11, 28, 195, 1, 22, 77, 13248 }, // U+021B
    { 19, 24, 293, -1, 24, 114, 13325 }, // U+021C
    { 16, 22, 221, -3, 17, 88, 13439 }, // U+021D
    { 22, 30, 383, 1, 30, 165, 13527 }, // U+021E
    { 17, 30, 288, 0, 30, 128, 13692 }, // U+021F
    { 8, 5, 0, -9, 24, 10, 0 }, // U+0300
    { 8, 5, 0, -6, 24, 10, 10 }, // U+0301
    { 12, 5, 0, -10, 24, 15, 20 }, // U+0302
    { 11, 4, 0, -9, 24, 11, 35 }, // U+0303
    { 11, 3, 0, -9, 23, 9, 46 }, // U+0304
    { 20, 3, 0, -7, 28, 15, 55 }, // U+0305
    { 11, 5, 0, -9, 24, 14, 70 }, // U+0306
    { 6, 5, 0, -7, 24, 8, 84 }, // U+0307
    { 12, 4, 0, -10, 24, 12, 92 }, // U+0308
    { 7, 7, 0, -7, 24, 13, 104 }, // U+0309
    { 8, 7, 0, -8, 25, 14, 117 }, // U+030A
    { 12, 5, 0, -8, 24, 15, 131 }, // U+030B
    { 11, 5, 0, -9, 24, 14, 146 }, // U+030C
    { 5, 7, 0, 6, 26, 9, 160 }, // U+030D
    { 9, 7, 0, 4, 26, 16, 169 }, // U+030E
    { 12, 5, 0, 1, 24, 15, 185 }, // U+030F
    { 12, 10, 0, 3, 29, 30, 200 }, // U+0310
    { 10, 5, 0, 3, 24, 13, 230 }, // U+0311
    { 6, 5, 0, -6, 24, 8, 243 }, // U+0312
    { 6, 9, 0, 6, 27, 14, 251 }, // U+0313
    { 5, 8, 0, 6, 26, 10, 265 }, // U+0314
    { 6, 6, 0, 6, 24, 9, 275 }, // U+0315
    { 8, 5, 0, -10, 0, 10, 284 }, // U+0316
    { 9, 5, 0, -11, 0, 12, 294 }, // U+0317
    { 10, 8, 0, 0, 0, 20, 306 }, // U+0318
    { 9, 8, 0, 0, 0, 18, 326 }, // U+0319
    { 9, 8, 0, 4, 27, 18, 344 }, // U+031A
    { 8, 7, 0, 4, 19, 14, 362 }, // U+031B
    { 5, 7, 0, 3, 25, 9, 376 }, // U+031C
    { 9, 8, 0, 0, 0, 18, 385 }, // U+031D
    { 9, 8, 0, 1, 0, 18, 403 }, // U+031E
    { 9, 8, 0, 0, 0, 18, 421 }, // U+031F
    { 9, 3, 0, 0, -2, 7, 439 }, // U+0320
    { 9, 6, 0, 0, 0, 14, 446 }, // U+0321
    { 9, 6, 0, 1, 0, 14, 460 }, // U+0322
    { 5, 5, 0, -9, -1, 7, 474 }, // U+0323
    { 11, 4, 0, -12, -1, 11, 481 }, // U+0324
    { 8, 7, 0, 1, -1, 14, 492 }, // U+0325
    { 5, 5, 0, -9, -1, 7, 506 }, // U+0326
    { 7, 7, 0, -10, 2, 13, 513 }, // U+0327
    { 7, 7, 0, -10, 2, 13, 526 }, // U+0328
    { 5, 7, 0, 3, -1, 9, 539 }, // U+0329
    { 12, 5, 0, -1, 0, 15, 548 }, // U+032A
    { 12, 4, 0, -1, -1, 12, 563 }, // U+032B
    { 12, 5, 0, -12, 0, 15, 575 }, // U+032C
    { 12, 5, 0, -13, 0, 15, 590 }, // U+032D
    { 10, 5, 0, -11, 0, 13, 605 }, // U+032E
    { 10, 5, 0, 3, 24, 13, 618 }, // U+032F
    { 11, 4, 0, -12, -1, 11, 631 }, // U+0330
    { 11, 3, 0, -12, -2, 9, 642 }, // U+0331
    { 13, 3, 0, -2, -2, 10, 651 }, // U+0332
    { 13, 3, 0, -2, -2, 10, 661 }, // U+0333
    { 14, 4, 0, -12, 15, 14, 671 }, // U+0334
    { 8, 31, 0, -7, 26, 62, 685 }, // U+0335
    { 14, 3, 0, -7, 11, 11, 747 }, // U+0336
    { 16, 20, 0, -7, 18, 80, 758 }, // U+0337
    { 21, 26, 0, -9, 24, 137, 838 }, // U+0338
    { 5, 7, 0, 3, 25, 9, 975 }, // U+0339
    { 12, 5, 0, -1, 0, 15, 984 }, // U+033A
    { 10, 8, 0, 0, 0, 20, 999 }, // U+033B
    { 12, 4, 0, -1, -1, 12, 1019 }, // U+033C
    { 9, 9, 0, 4, 27, 21, 1031 }, // U+033D
    { 6, 11, 0, 6, 30, 17, 1052 }, // U+033E
    { 20, 7, 0, -7, 32, 35, 1069 }, // U+033F
    { 7, 5, 0, -8, 24, 9, 1104 }, // U+0340
    { 9, 5, 0, -6, 24, 12, 1113 }, // U+0341
    { 11, 4, 0, -9, 24, 11, 1125 }, // U+0342
    { 6, 9, 0, 6, 27, 14, 1136 }, // U+0343
    { 13, 6, 0, -9, 25, 20, 1150 }, // U+0344
    { 5, 5, 0, -6, -2, 7, 1170 }, // U+0345
    { 12, 5, 0, -1, 0, 15, 1177 }, // U+0346
    { 13, 3, 0, -2, -2, 10, 1192 }, // U+0347
    { 9, 7, 0, 4, 26, 16, 1202 }, // U+0348
    { 9, 8, 0, 4, 27, 18, 1218 }, // U+0349
    { 13, 9, 0, 2, 26, 30, 1236 }, // U+034A
    { 0, 0, 0, 0, 0, 0, 1266 }, // U+034B
    { 0, 0, 0, 0, 0, 0, 1266 }, // U+034C
    { 18, 7, 0, -1, -1, 32, 1266 }, // U+034D
    { 8, 8, 0, 4, -1, 16, 1298 }, // U+034E
    { 0, 0, 0, 0, 0, 0, 1314 }, // U+034F
    { 7, 9, 0, 5, 27, 16, 1314 }, // U+0350
    { 5, 7, 0, 6, 26, 9, 1330 }, // U+0351
    { 13, 8, 0, 2, 26, 26, 1339 }, // U+0352
    { 9, 9, 0, 4, 27, 21, 1365 }, // U+0353
    { 6, 9, 0, 2, 0, 14, 1386 }, // U+0354
    { 6, 9, 0, 2, 0, 14, 1400 }, // U+0355
    { 14, 9, 0, -2, 0, 32, 1414 }, // U+0356
    { 5, 7, 0, 7, 26, 9, 1446 }, // U+0357
    { 6, 5, 0, -6, 24, 8, 1455 }, // U+0358
    { 7, 6, 0, 0, -1, 11, 1463 }, // U+0359
    { 11, 6, 0, 1, 0, 17, 1474 }, // U+035A
    { 8, 9, 0, 5, 27, 18, 1491 }, // U+035B
    { 32, 6, 0, 0, -2, 48, 1509 }, // U+035C
    { 32, 6, 0, 3, 25, 48, 1557 }, // U+035D
    { 32, 3, 0, 3, 24, 24, 1605 }, // U+035E
    { 32, 3, 0, 0, -3, 24, 1629 }, // U+035F
    { 33, 7, 0, 3, 25, 58, 1653 }, // U+0360
    { 33, 6, 0, -14, 25, 50, 1711 }, // U+0361
    { 32, 7, 0, 0, -1, 56, 1761 }, // U+0362
    { 8, 8, 0, 3, 27, 16, 1817 }, // U+0363
    { 8, 9, 0, 3, 28, 18, 1833 }, // U+0364
    { 5, 11, 0, 3, 29, 14, 1851 }, // U+0365
    { 9, 8, 0, 3, 26, 18, 1865 }, // U+0366
    { 8, 8, 0, 3, 26, 16, 1883 }, // U+0367
    { 8, 8, 0, 3, 26, 16, 1899 }, // U+0368
    { 9, 11, 0, 3, 29, 25, 1915 }, // U+0369
    { 8, 11, 0, 3, 29, 22, 1940 }, // U+036A
    { 12, 8, 0, 3, 26, 24, 1962 }, // U+036B
    { 7, 8, 0, 3, 26, 14, 1986 }, // U+036C
    { 6, 10, 0, 3, 28, 15, 2000 }, // U+036D
    { 9, 8, 0, 3, 26, 18, 2015 }, // U+036E
    { 10, 8, 0, 2, 26, 20, 2033 }, // U+036F
    { 17, 24, 272, -1, 24, 102, 0 }, // U+03BB
    { 18, 30, 286, 1, 30, 135, 0 }, // U+0400
    { 18, 29, 286, 1, 29, 131, 135 }, // U+0401
    { 22, 24, 376, 1, 24, 132, 266 }, // U+0402
    { 18, 30, 270, 1, 30, 135, 398 }, // U+0403
    { 20, 24, 331, 1, 24, 120, 533 }, // U+0404
    { 18, 24, 274, -1, 24, 108, 653 }, // U+0405
    { 8, 24, 150, 1, 24, 48, 761 }, // U+0406
    { 12, 29, 150, 1, 29, 87, 809 }, // U+0407
    { 14, 24, 216, -1, 24, 84, 896 }, // U+0408
    { 34, 24, 528, -2, 24, 204, 980 }, // U+0409
    { 32, 24, 540, 1, 24, 192, 1184 }, // U+040A
    { 22, 24, 376, 1, 24, 132, 1376 }, // U+040B
    { 22, 30, 346, 1, 30, 165, 1508 }, // U+040C
    { 22, 30, 382, 1, 30, 165, 1673 }, // U+040D
    { 21, 30, 324, 1, 30, 158, 1838 }, // U+040E
    { 22, 29, 370, 1, 24, 160, 1996 }, // U+040F
    { 23, 24, 348, -2, 24, 138, 2156 }, // U+0410
    { 19, 24, 315, 1, 24, 114, 2294 }, // U+0411
    { 19, 24, 327, 1, 24, 114, 2408 }, // U+0412
    { 17, 24, 270, 1, 24, 102, 2522 }, // U+0413
    { 26, 29, 400, -2, 24, 189, 2624 }, // U+0414
    { 18, 24, 286, 1, 24, 108, 2813 }, // U+0415
    { 36, 24, 529, -2, 24, 216, 2921 }, // U+0416
    { 19, 24, 290, -1, 24, 114, 3137 }, // U+0417
    { 22, 24, 382, 1, 24, 132, 3251 }, // U+0418
    { 22, 30, 382, 1, 30, 165, 3383 }, // U+0419
    { 22, 24, 346, 1, 24, 132, 3548 }, // U+041A
    { 25, 24, 370, -2, 24, 150, 3680 }, // U+041B
    { 28, 24, 469, 1, 24, 168, 3830 }, // U+041C
    { 22, 24, 383, 1, 24, 132, 3998 }, // U+041D
    { 23, 24, 402, 1, 24, 138, 4130 }, // U+041E
    { 22, 24, 370, 1, 24, 132, 4268 }, // U+041F
    { 19, 24, 310, 1, 24, 114, 4400 }, // U+0420
    { 21, 24, 331, 1, 24, 126, 4514 }, // U+0421
    { 19, 24, 297, 1, 24, 114, 4640 }, // U+0422
    { 21, 24, 324, 1, 24, 126, 4754 }, // U+0423
    { 24, 25, 399, 1, 25, 150, 4880 }, // U+0424
    { 24, 24, 336, -2, 24, 144, 5030 }, // U+0425
    { 22, 29, 393, 1, 24, 160, 5174 }, // U+0426
    { 20, 24, 337, 1, 24, 120, 5334 }, // U+0427
    { 32, 24, 536, 1, 24, 192, 5454 }, // U+0428
    { 32, 29, 560, 1, 24, 232, 5646 }, // U+0429
    { 22, 24, 375, 1, 24, 132, 5878 }, // U+042A
    { 26, 24, 447, 1, 24, 156, 6010 }, // U+042B
    { 18, 24, 308, 1, 24, 108, 6166 }, // U+042C
    { 21, 24, 332, -1, 24, 126, 6274 }, // U+042D
    { 32, 24, 538, 1, 24, 192, 6400 }, // U+042E
    { 23, 24, 337, -2, 24, 138, 6592 }, // U+042F
    { 17, 17, 278, 0, 17, 73, 6730 }, // U+0430
    { 17, 26, 291, 1, 26, 111, 6803 }, // U+0431
    { 15, 17, 257, 0, 17, 64, 6914 }, // U+0432
    { 13, 17, 217, 0, 17, 56, 6978 }, // U+0433
    { 17, 24, 286, 0, 24, 102, 7034 }, // U+0434
    { 16, 17, 262, 0, 17, 68, 7136 }, // U+0435
    { 30, 17, 467, -1, 17, 128, 7204 }, // U+0436
    { 15, 17, 235, -1, 17, 64, 7332 }, // U+0437
    { 16, 17, 288, 1, 17, 68, 7396 }, // U+0438
    { 16, 24, 288, 1, 24, 96, 7464 }, // U+0439
    { 17, 17, 270, 0, 17, 73, 7560 }, // U+043A
    { 19, 17, 294, -1, 17, 81, 7633 }, // U+043B
    { 24, 17, 380, -1, 17, 102, 7714 }, // U+043C
    { 17, 17, 288, 0, 17, 73, 7816 }, // U+043D
    { 17, 17, 279, 0, 17, 73, 7889 }, // U+043E
    { 17, 17, 288, 0, 17, 73, 7962 }, // U+043F
    { 18, 22, 287, -1, 17, 99, 8035 }, // U+0440
    { 15, 17, 242, 0, 17, 64, 8134 }, // U+0441
    { 25, 17, 423, 0, 17, 107, 8198 }, // U+0442
    { 18, 22, 262, 0, 17, 99, 8305 }, // U+0443
    { 24, 29, 398, 0, 24, 174, 8404 }, // U+0444
    { 19, 17, 260, -2, 17, 81, 8578 }, // U+0445
    { 17, 22, 309, 1, 17, 94, 8659 }, // U+0446
    { 16, 17, 264, 0, 17, 68, 8753 }, // U+0447
    { 25, 17, 423, 1, 17, 107, 8821 }, // U+0448
    { 26, 22, 443, 1, 17, 143, 8928 }, // U+0449
    { 17, 17, 284, 0, 17, 73, 9071 }, // U+044A
    { 22, 17, 358, 0, 17, 94, 9144 }, // U+044B
    { 15, 17, 246, 0, 17, 64, 9238 }, // U+044C
    { 15, 17, 244, -1, 17, 64, 9302 }, // U+044D
    { 23, 17, 383, 0, 17, 98, 9366 }, // U+044E
    { 17, 17, 273, -1, 17, 73, 9464 }, // U+044F
    { 16, 24, 262, 0, 24, 96, 9537 }, // U+0450
    { 16, 24, 262, 0, 24, 96, 9633 }, // U+0451
    { 16, 31, 280, 0, 25, 124, 9729 }, // U+0452
    { 15, 24, 217, 0, 24, 90, 9853 }, // U+0453
    { 15, 17, 243, 0, 17, 64, 9943 }, // U+0454
    { 14, 17, 216, -1, 17, 60, 10007 }, // U+0455
    { 8, 24, 131, 0, 24, 48, 10067 }, // U+0456
    { 11, 24, 131, 0, 24, 66, 10115 }, // U+0457
    { 11, 29, 130, -3, 24, 80, 10181 }, // U+0458
    { 26, 17, 419, -1, 17, 111, 10261 }, // U+0459
    { 25, 17, 409, 0, 17, 107, 10372 }, // U+045A
    { 17, 25, 288, 0, 25, 107, 10479 }, // U+045B
    { 17, 24, 270, 0, 24, 102, 10586 }, // U+045C
    { 16, 24, 288, 1, 24, 96, 10688 }, // U+045D
    { 18, 29, 262, 0, 24, 131, 10784 }, // U+045E
    { 16, 22, 288, 1, 17, 88, 10915 }, // U+045F
    { 32, 24, 535, 1, 24, 192, 11003 }, // U+0460
    { 22, 17, 388, 1, 17, 94, 11195 }, // U+0461
    { 21, 24, 365, 1, 24, 126, 11289 }, // U+0462
    { 17, 22, 288, 0, 22, 94, 11415 }, // U+0463
    { 29, 24, 473, 1, 24, 174, 11509 }, // U+0464
    { 22, 17, 344, 0, 17, 94, 11683 }, // U+0465
    { 24, 24, 363, -2, 24, 144, 11777 }, // U+0466
    { 19, 17, 288, -2, 17, 81, 11921 }, // U+0467
    { 30, 24, 512, 1, 24, 180, 12002 }, // U+0468
    { 24, 17, 405, 0, 17, 102, 12182 }, // U+0469
    { 29, 24, 423, -2, 24, 174, 12284 }, // U+046A
    { 23, 17, 333, -2, 17, 98, 12458 }, // U+046B
    { 36, 24, 576, 1, 24, 216, 12556 }, // U+046C
    { 29, 17, 451, 0, 17, 124, 12772 }, // U+046D
    { 18, 31, 283, -1, 24, 140, 12896 }, // U+046E
    { 15, 28, 220, -2, 21, 105, 13036 }, // U+046F
    { 25, 24, 412, 1, 24, 150, 13141 }, // U+0470
    { 22, 29, 392, 1, 24, 160, 13291 }, // U+0471
    { 23, 24, 402, 1, 24, 138, 13451 }, // U+0472
    { 17, 17, 279, 0, 17, 73, 13589 }, // U+0473
    { 23, 24, 355, 1, 24, 138, 13662 }, // U+0474
    { 18, 17, 272, 0, 17, 77, 13800 }, // U+0475
    { 23, 29, 355, 1, 29, 167, 13877 }, // U+0476
    { 18, 24, 272, 0, 24, 108, 14044 }, // U+0477
    { 41, 29, 661, 1, 24, 298, 14152 }, // U+0478
    { 35, 22, 550, 0, 17, 193, 14450 }, // U+0479
    { 25, 27, 428, 1, 25, 169, 14643 }, // U+047A
    { 19, 20, 324, 0, 18, 95, 14812 }, // U+047B
    { 32, 32, 535, 1, 32, 256, 14907 }, // U+047C
    { 23, 25, 388, 0, 25, 144, 15163 }, // U+047D
    { 32, 29, 535, 1, 29, 232, 15307 }, // U+047E
    { 22, 22, 388, 1, 22, 121, 15539 }, // U+047F
    { 21, 29, 320, 1, 24, 153, 15660 }, // U+0480
    { 15, 22, 235, 0, 17, 83, 15813 }, // U+0481
    { 23, 26, 362, 0, 25, 150, 15896 }, // U+0482
    { 15, 6, 0, 1, 24, 23, 16046 }, // U+0483
    { 13, 6, 0, 2, 24, 20, 16069 }, // U+0484
    { 5, 6, 0, 6, 24, 8, 16089 }, // U+0485
    { 5, 6, 0, 6, 24, 8, 16097 }, // U+0486
    { 36, 31, 602, 1, 27, 279, 16105 }, // U+0488
    { 36, 35, 586, 0, 29, 315, 16384 }, // U+0489
    { 23, 35, 400, 1, 30, 202, 16699 }, // U+048A
    { 17, 29, 309, 1, 24, 124, 16901 }, // U+048B
    { 19, 24, 334, 1, 24, 114, 17025 }, // U+048C
    { 16, 17, 266, 0, 17, 68, 17139 }, // U+048D
    { 19, 24, 310, 1, 24, 114, 17207 }, // U+048E
    { 18, 22, 288, -1, 17, 99, 17321 }, // U+048F
    { 18, 29, 270, 1, 29, 131, 17420 }, // U+0490
    { 16, 21, 210, -1, 21, 84, 17551 }, // U+0491
    { 20, 24, 294, 0, 24, 120, 17635 }, // U+0492
    { 14, 17, 232, 0, 17, 60, 17755 }, // U+0493
    { 18, 29, 317, 1, 24, 131, 17815 }, // U+0494
    { 14, 22, 248, 0, 17, 77, 17946 }, // U+0495
    { 36, 29, 560, -2, 24, 261, 18023 }, // U+0496
    { 30, 22, 467, -1, 17, 165, 18284 }, // U+0497
    { 19, 29, 290, -1, 24, 138, 18449 }, // U+0498
    { 15, 22, 235, -1, 17, 83, 18587 }, // U+0499
    { 22, 29, 365, 1, 24, 160, 18670 }, // U+049A
    { 17, 22, 291, 0, 17, 94, 18830 }, // U+049B
    { 23, 24, 369, 1, 24, 138, 18924 }, // U+049C
    { 19, 17, 299, 0, 17, 81, 19062 }, // U+049D
    { 26, 24, 392, 0, 24, 156, 19143 }, // U+049E
    { 19, 17, 298, 0, 17, 81, 19299 }, // U+049F
    { 26, 24, 414, 1, 24, 156, 19380 }, // U+04A0
    { 20, 17, 322, 0, 17, 85, 19536 }, // U+04A1
    { 23, 29, 405, 1, 24, 167, 19621 }, // U+04A2
    { 18, 22, 303, 0, 17, 99, 19788 }, // U+04A3
    { 32, 24, 502, 1, 24, 192, 19887 }, // U+04A4
    { 24, 17, 367, 0, 17, 102, 20079 }, // U+04A5
    { 31, 29, 536, 1, 24, 225, 20181 }, // U+04A6
    { 24, 22, 404, 0, 17, 132, 20406 }, // U+04A7
    { 23, 24, 408, 1, 24, 138, 20538 }, // U+04A8
    { 18, 17, 311, 0, 17, 77, 20676 }, // U+04A9
    { 21, 29, 331, 1, 24, 153, 20753 }, // U+04AA
    { 15, 22, 242, 0, 17, 83, 20906 }, // U+04AB
    { 19, 29, 299, 1, 24, 138, 20989 }, // U+04AC
    { 27, 22, 445, 0, 17, 149, 21127 }, // U+04AD
    { 21, 24, 324, 1, 24, 126, 21276 }, // U+04AE
    { 17, 22, 261, 0, 17, 94, 21402 }, // U+04AF
    { 22, 24, 333, 1, 24, 132, 21496 }, // U+04B0
    { 16, 22, 262, 1, 17, 88, 21628 }, // U+04B1
    { 24, 29, 354, -2, 24, 174, 21716 }, // U+04B2
    { 20, 22, 289, -2, 17, 110, 21890 }, // U+04B3
    { 26, 29, 461, 1, 24, 189, 22000 }, // U+04B4
    { 22, 22, 363, 0, 17, 121, 22189 }, // U+04B5
    { 20, 29, 358, 1, 24, 145, 22310 }, // U+04B6
    { 17, 22, 284, 0, 17, 94, 22455 }, // U+04B7
    { 19, 24, 336, 1, 24, 114, 22549 }, // U+04B8
    { 16, 17, 264, 0, 17, 68, 22663 }, // U+04B9
    { 18, 24, 324, 1, 24, 108, 22731 }, // U+04BA
    { 16, 17, 263, 0, 17, 68, 22839 }, // U+04BB
    { 26, 24, 424, 0, 24, 156, 22907 }, // U+04BC
    { 19, 17, 322, 0, 17, 81, 23063 }, // U+04BD
    { 26, 29, 424, 0, 24, 189, 23144 }, // U+04BE
    { 19, 22, 322, 0, 17, 105, 23333 }, // U+04BF
    { 8, 24, 150, 1, 24, 48, 23438 }, // U+04C0
    { 36, 30, 529, -2, 30, 270, 23486 }, // U+04C1
    { 30, 24, 467, -1, 24, 180, 23756 }, // U+04C2
    { 22, 29, 359, 1, 24, 160, 23936 }, // U+04C3
    { 17, 22, 276, 0, 17, 94, 24096 }, // U+04C4
    { 25, 29, 390, -2, 24, 182, 24190 }, // U+04C5
    { 20, 22, 315, -1, 17, 110, 24372 }, // U+04C6
    { 22, 29, 382, 1, 24, 160, 24482 }, // U+04C7
    { 17, 22, 282, 0, 17, 94, 24642 }, // U+04C8
    { 23, 29, 402, 1, 24, 167, 24736 }, // U+04C9
    { 18, 22, 299, 0, 17, 99, 24903 }, // U+04CA
    { 20, 29, 337, 1, 24, 145, 25002 }, // U+04CB
    { 16, 22, 264, 0, 17, 88, 25147 }, // U+04CC
    { 28, 29, 488, 1, 24, 203, 25235 }, // U+04CD
    { 25, 22, 400, -1, 17, 138, 25438 }, // U+04CE
    { 8, 24, 150, 1, 24, 48, 25576 }, // U+04CF
    { 23, 30, 348, -2, 30, 173, 25624 }, // U+04D0
    { 17, 24, 278, 0, 24, 102, 25797 }, // U+04D1
    { 23, 29, 348, -2, 29, 167, 25899 }, // U+04D2
    { 17, 24, 278, 0, 24, 102, 26066 }, // U+04D3
    { 32, 24, 465, -2, 24, 192, 26168 }, // U+04D4
    { 24, 17, 399, 0, 17, 102, 26360 }, // U+04D5
    { 18, 30, 286, 1, 30, 135, 26462 }, // U+04D6
    { 16, 24, 262, 0, 24, 96, 26597 }, // U+04D7
    { 21, 24, 364, 1, 24, 126, 26693 }, // U+04D8
    { 16, 17, 265, 0, 17, 68, 26819 }, // U+04D9
    { 21, 29, 364, 1, 29, 153, 26887 }, // U+04DA
    { 16, 24, 265, 0, 24, 96, 27040 }, // U+04DB
    { 36, 29, 529, -2, 29, 261, 27136 }, // U+04DC
    { 30, 24, 467, -1, 24, 180, 27397 }, // U+04DD
    { 19, 29, 290, -1, 29, 138, 27577 }, // U+04DE
    { 15, 24, 235, -1, 24, 90, 27715 }, // U+04DF
    { 19, 24, 293, -1, 24, 114, 27805 }, // U+04E0
    { 16, 22, 223, -3, 17, 88, 27919 }, // U+04E1
    { 22, 29, 382, 1, 29, 160, 28007 }, // U+04E2
    { 16, 23, 288, 1, 23, 92, 28167 }, // U+04E3
    { 22, 29, 382, 1, 29, 160, 28259 }, // U+04E4
    { 16, 24, 288, 1, 24, 96, 28419 }, // U+04E5
    { 23, 29, 402, 1, 29, 167, 28515 }, // U+04E6
    { 17, 24, 279, 0, 24, 102, 28682 }, // U+04E7
    { 23, 24, 402, 1, 24, 138, 28784 }, // U+04E8
    { 17, 17, 283, 0, 17, 73, 28922 }, // U+04E9
    { 23, 29, 402, 1, 29, 167, 28995 }, // U+04EA
    { 17, 24, 283, 0, 24, 102, 29162 }, // U+04EB
    { 21, 29, 332, -1, 29, 153, 29264 }, // U+04EC
    { 15, 24, 244, -1, 24, 90, 29417 }, // U+04ED
    { 21, 29, 324, 1, 29, 153, 29507 }, // U+04EE
    { 18, 28, 262, 0, 23, 126, 29660 }, // U+04EF
    { 21, 29, 324, 1, 29, 153, 29786 }, // U+04F0
    { 18, 29, 262, 0, 24, 131, 29939 }, // U+04F1
    { 21, 29, 324, 1, 29, 153, 30070 }, // U+04F2
    { 18, 29, 262, 0, 24, 131, 30223 }, // U+04F3
    { 20, 29, 337, 1, 29, 145, 30354 }, // U+04F4
    { 16, 24, 264, 0, 24, 96, 30499 }, // U+04F5
    { 17, 29, 271, 1, 24, 124, 30595 }, // U+04F6
    { 13, 22, 219, 0, 17, 72, 30719 }, // U+04F7
    { 26, 29, 447, 1, 29, 189, 30791 }, // U+04F8
    { 22, 24, 358, 0, 24, 132, 30980 }, // U+04F9
    { 20, 29, 299, 0, 24, 145, 31112 }, // U+04FA
    { 14, 22, 235, 0, 17, 77, 31257 }, // U+04FB
    { 24, 29, 359, -2, 24, 174, 31334 }, // U+04FC
    { 19, 22, 279, -2, 17, 105, 31508 }, // U+04FD
    { 24, 24, 357, -1, 24, 144, 31613 }, // U+04FE
    { 18, 17, 277, -1, 17, 77, 31757 }, // U+04FF
    { 23, 30, 347, -2, 24, 173, 0 }, // U+1EA0
    { 17, 23, 278, 0, 17, 98, 173 }, // U+1EA1
    { 23, 30, 347, -2, 30, 173, 271 }, // U+1EA2
    { 17, 24, 278, 0, 24, 102, 444 }, // U+1EA3
    { 26, 33, 347, -2, 33, 215, 546 }, // U+1EA4
    { 23, 27, 278, 0, 27, 156, 761 }, // U+1EA5
    { 23, 33, 347, -2, 33, 190, 917 }, // U+1EA6
    { 17, 27, 278, 0, 27, 115, 1107 }, // U+1EA7
    { 24, 34, 347, -2, 34, 204, 1222 }, // U+1EA8
    { 20, 28, 278, 0, 28, 140, 1426 }, // U+1EA9
    { 23, 36, 347, -2, 36, 207, 1566 }, // U+1EAA
    { 18, 30, 278, 0, 30, 135, 1773 }, // U+1EAB
    { 23, 37, 347, -2, 30, 213, 1908 }, // U+1EAC
    { 17, 30, 278, 0, 24, 128, 2121 }, // U+1EAD
    { 23, 34, 347, -2, 34, 196, 2249 }, // U+1EAE
    { 18, 29, 278, 0, 29, 131, 2445 }, // U+1EAF
    { 23, 34, 347, -2, 34, 196, 2576 }, // U+1EB0
    { 17, 28, 278, 0, 28, 119, 2772 }, // U+1EB1
    { 23, 34, 347, -2, 34, 196, 2891 }, // U+1EB2
    { 17, 30, 278, 0, 30, 128, 3087 }, // U+1EB3
    { 23, 35, 347, -2, 35, 202, 3215 }, // U+1EB4
    { 18, 29, 278, 0, 29, 131, 3417 }, // U+1EB5
    { 23, 36, 347, -2, 30, 207, 3548 }, // U+1EB6
    { 17, 30, 278, 0, 24, 128, 3755 }, // U+1EB7
    { 18, 30, 286, 1, 24, 135, 3883 }, // U+1EB8
    { 16, 23, 260, 0, 17, 92, 4018 }, // U+1EB9
    { 18, 30, 286, 1, 30, 135, 4110 }, // U+1EBA
    { 16, 24, 260, 0, 24, 96, 4245 }, // U+1EBB
    { 18, 29, 286, 1, 29, 131, 4341 }, // U+1EBC
    { 16, 24, 260, 0, 24, 96, 4472 }, // U+1EBD
    { 22, 33, 286, 1, 33, 182, 4568 }, // U+1EBE
    { 21, 27, 259, 0, 27, 142, 4750 }, // U+1EBF
    { 18, 33, 286, 1, 33, 149, 4892 }, // U+1EC0
    { 17, 27, 260, -1, 27, 115, 5041 }, // U+1EC1
    { 20, 34, 286, 1, 34, 170, 5156 }, // U+1EC2
    { 19, 28, 260, 0, 28, 133, 5326 }, // U+1EC3
    { 18, 36, 286, 1, 36, 162, 5459 }, // U+1EC4
    { 17, 30, 260, 0, 30, 128, 5621 }, // U+1EC5
    { 18, 37, 286, 1, 30, 167, 5749 }, // U+1EC6
    { 16, 30, 260, 0, 24, 120, 5916 }, // U+1EC7
    { 10, 30, 150, 1, 30, 75, 6036 }, // U+1EC8
    { 9, 24, 131, 0, 24, 54, 6111 }, // U+1EC9
    { 9, 30, 150, 0, 24, 68, 6165 }, // U+1ECA
    { 8, 30, 131, 0, 24, 60, 6233 }, // U+1ECB
    { 23, 30, 402, 1, 24, 173, 6293 }, // U+1ECC
    { 17, 23, 279, 0, 17, 98, 6466 }, // U+1ECD
    { 23, 30, 402, 1, 30, 173, 6564 }, // U+1ECE
    { 17, 24, 279, 0, 24, 102, 6737 }, // U+1ECF
    { 25, 33, 402, 1, 33, 207, 6839 }, // U+1ED0
    { 21, 27, 279, 0, 27, 142, 7046 }, // U+1ED1
    { 23, 33, 402, 1, 33, 190, 7188 }, // U+1ED2
    { 17, 27, 279, 0, 27, 115, 7378 }, // U+1ED3
    { 23, 34, 402, 1, 34, 196, 7493 }, // U+1ED4
    { 19, 28, 279, 0, 28, 133, 7689 }, // U+1ED5
    { 23, 36, 402, 1, 36, 207, 7822 }, // U+1ED6
    { 17, 30, 279, 0, 30, 128, 8029 }, // U+1ED7
    { 23, 36, 402, 1, 30, 207, 8157 }, // U+1ED8
    { 17, 30, 279, 0, 24, 128, 8364 }, // U+1ED9
    { 27, 30, 423, 1, 30, 203, 8492 }, // U+1EDA
    { 21, 24, 306, 0, 24, 126, 8695 }, // U+1EDB
    { 27, 30, 423, 1, 30, 203, 8821 }, // U+1EDC
    { 21, 24, 306, 0, 24, 126, 9024 }, // U+1EDD
    { 27, 30, 423, 1, 30, 203, 9150 }, // U+1EDE
    { 21, 24, 306, 0, 24, 126, 9353 }, // U+1EDF
    { 27, 29, 423, 1, 29, 196, 9479 }, // U+1EE0
    { 21, 24, 306, 0, 24, 126, 9675 }, // U+1EE1
    { 27, 33, 424, 1, 27, 223, 9801 }, // U+1EE2
    { 21, 26, 306, 0, 20, 137, 10024 }, // U+1EE3
    { 22, 30, 369, 1, 24, 165, 10161 }, // U+1EE4
    { 16, 23, 288, 1, 17, 92, 10326 }, // U+1EE5
    { 22, 30, 369, 1, 30, 165, 10418 }, // U+1EE6
    { 16, 24, 288, 1, 24, 96, 10583 }, // U+1EE7
    { 28, 30, 435, 1, 30, 210, 10679 }, // U+1EE8
    { 22, 25, 336, 1, 25, 138, 10889 }, // U+1EE9
    { 28, 30, 435, 1, 30, 210, 11027 }, // U+1EEA
    { 22, 25, 336, 1, 25, 138, 11237 }, // U+1EEB
    { 28, 30, 435, 1, 30, 210, 11375 }, // U+1EEC
    { 22, 25, 336, 1, 25, 138, 11585 }, // U+1EED
    { 28, 29, 435, 1, 29, 203, 11723 }, // U+1EEE
    { 22, 25, 336, 1, 25, 138, 11926 }, // U+1EEF
    { 28, 33, 435, 1, 27, 231, 12064 }, // U+1EF0
    { 22, 26, 336, 1, 20, 143, 12295 }, // U+1EF1
    { 21, 30, 324, 1, 30, 158, 12438 }, // U+1EF2
    { 18, 29, 262, 0, 24, 131, 12596 }, // U+1EF3
    { 21, 30, 324, 1, 24, 158, 12727 }, // U+1EF4
    { 18, 23, 262, 0, 17, 104, 12885 }, // U+1EF5
    { 21, 30, 324, 1, 30, 158, 12989 }, // U+1EF6
    { 18, 29, 262, 0, 24, 131, 13147 }, // U+1EF7
    { 21, 29, 324, 1, 29, 153, 13278 }, // U+1EF8
    { 18, 29, 262, 0, 24, 131, 13431 }, // U+1EF9
    { 0, 0, 245, 0, 0, 0, 0 }, // U+2000
    { 0, 0, 368, 0, 0, 0, 0 }, // U+2001
    { 0, 0, 245, 0, 0, 0, 0 }, // U+2002
    { 0, 0, 368, 0, 0, 0, 0 }, // U+2003
    { 0, 0, 163, 0, 0, 0, 0 }, // U+2004
    { 0, 0, 123, 0, 0, 0, 0 }, // U+2005
    { 0, 0, 82, 0, 0, 0, 0 }, // U+2006
    { 0, 0, 284, 0, 0, 0, 0 }, // U+2007
    { 0, 0, 111, 0, 0, 0, 0 }, // U+2008
    { 0, 0, 61, 0, 0, 0, 0 }, // U+2009
    { 0, 0, 31, 0, 0, 0, 0 }, // U+200A
    { 0, 0, 0, 0, 0, 0, 0 }, // U+200B
    { 0, 0, 0, 0, 0, 0, 0 }, // U+200C
    { 0, 0, 0, 0, 0, 0, 0 }, // U+200D
    { 0, 0, 0, 0, 0, 0, 0 }, // U+200E
    { 0, 0, 0, 0, 0, 0, 0 }, // U+200F
    { 9, 3, 185, 1, 11, 7, 0 }, // U+2010
    { 13, 3, 288, 2, 11, 10, 7 }, // U+2012
    { 13, 3, 309, 3, 11, 10, 17 }, // U+2013
    { 22, 3, 392, 1, 11, 17, 27 }, // U+2014
    { 22, 3, 392, 1, 11, 17, 44 }, // U+2015
    { 10, 31, 239, 2, 26, 78, 61 }, // U+2016
    { 14, 7, 245, -1, -1, 25, 139 }, // U+2017
    { 6, 10, 113, 2, 26, 15, 164 }, // U+2018
    { 6, 10, 113, 2, 25, 15, 179 }, // U+2019
    { 6, 10, 111, -1, 5, 15, 194 }, // U+201A
    { 6, 11, 119, 2, 26, 17, 209 }, // U+201B
    { 11, 10, 194, 2, 26, 28, 226 }, // U+201C
    { 11, 10, 194, 2, 25, 28, 254 }, // U+201D
    { 11, 10, 193, -1, 5, 28, 282 }, // U+201E
    { 11, 11, 201, 2, 26, 31, 310 }, // U+201F
    { 16, 29, 309, 2, 24, 116, 341 }, // U+2020
    { 17, 29, 309, 1, 24, 124, 457 }, // U+2021
    { 15, 14, 309, 2, 17, 53, 581 }, // U+2022
    { 24, 5, 412, 0, 5, 30, 634 }, // U+2026
    { 0, 0, 0, 0, 0, 0, 664 }, // U+202A
    { 0, 0, 0, 0, 0, 0, 664 }, // U+202B
    { 0, 0, 0, 0, 0, 0, 664 }, // U+202C
    { 0, 0, 0, 0, 0, 0, 664 }, // U+202D
    { 0, 0, 0, 0, 0, 0, 664 }, // U+202E
    { 0, 0, 123, 0, 0, 0, 664 }, // U+202F
    { 34, 24, 586, 1, 24, 204, 664 }, // U+2030
    { 8, 11, 167, 4, 27, 22, 868 }, // U+2032
    { 14, 11, 267, 4, 27, 39, 890 }, // U+2033
    { 20, 11, 364, 4, 27, 55, 929 }, // U+2034
    { 7, 14, 142, 1, 16, 25, 984 }, // U+2039
    { 8, 14, 142, 0, 16, 28, 1009 }, // U+203A
    { 13, 24, 240, 1, 24, 78, 1037 }, // U+203C
    { 14, 25, 255, 2, 25, 88, 1115 }, // U+203D
    { 20, 3, 335, 2, 28, 15, 1203 }, // U+203E
    { 21, 24, 75, -8, 24, 126, 1218 }, // U+2044
    { 6, 32, 165, 2, 27, 48, 1344 }, // U+205E
    { 0, 0, 98, 0, 0, 0, 1392 }, // U+205F
    { 0, 0, 0, 0, 0, 0, 1392 }, // U+2060
    { 0, 0, 0, 0, 0, 0, 1392 }, // U+2061
    { 0, 0, 0, 0, 0, 0, 1392 }, // U+2062
    { 0, 0, 0, 0, 0, 0, 1392 }, // U+2063
    { 0, 0, 0, 0, 0, 0, 1392 }, // U+2064
    { 0, 0, 0, 0, 0, 0, 1392 }, // U+2066
    { 0, 0, 0, 0, 0, 0, 1392 }, // U+2067
    { 0, 0, 0, 0, 0, 0, 1392 }, // U+2068
    { 0, 0, 0, 0, 0, 0, 1392 }, // U+2069
    { 0, 0, 0, 0, 0, 0, 1392 }, // U+206A
    { 0, 0, 0, 0, 0, 0, 1392 }, // U+206B
    { 0, 0, 0, 0, 0, 0, 1392 }, // U+206C
    { 0, 0, 0, 0, 0, 0, 1392 }, // U+206D
    { 0, 0, 0, 0, 0, 0, 1392 }, // U+206E
    { 0, 0, 0, 0, 0, 0, 1392 }, // U+206F
    { 10, 12, 178, 2, 27, 30, 0 }, // U+2070
    { 5, 12, 106, 2, 27, 15, 30 }, // U+2071
    { 11, 12, 178, 1, 27, 33, 45 }, // U+2074
    { 11, 12, 178, 1, 27, 33, 78 }, // U+2075
    { 10, 12, 178, 2, 27, 30, 111 }, // U+2076
    { 10, 12, 178, 2, 27, 30, 141 }, // U+2077
    { 10, 12, 178, 2, 27, 30, 171 }, // U+2078
    { 10, 12, 178, 2, 27, 30, 201 }, // U+2079
    { 10, 8, 178, 2, 25, 20, 231 }, // U+207A
    { 9, 2, 178, 2, 22, 5, 251 }, // U+207B
    { 9, 5, 178, 2, 23, 12, 256 }, // U+207C
    { 5, 17, 89, 2, 29, 22, 268 }, // U+207D
    { 6, 17, 89, 1, 29, 26, 290 }, // U+207E
    { 10, 9, 163, 1, 24, 23, 316 }, // U+207F
    { 11, 12, 178, -1, 8, 33, 339 }, // U+2080
    { 8, 12, 178, 0, 8, 24, 372 }, // U+2081
    { 11, 12, 178, -1, 8, 33, 396 }, // U+2082
    { 10, 13, 178, -1, 9, 33, 429 }, // U+2083
    { 11, 12, 178, -1, 8, 33, 462 }, // U+2084
    { 10, 12, 178, -1, 8, 30, 495 }, // U+2085
    { 10, 12, 178, -1, 8, 30, 525 }, // U+2086
    { 10, 12, 178, 0, 8, 30, 555 }, // U+2087
    { 10, 12, 178, -1, 8, 30, 585 }, // U+2088
    { 10, 12, 178, 0, 8, 30, 615 }, // U+2089
    { 9, 8, 178, 0, 6, 18, 645 }, // U+208A
    { 9, 2, 178, 0, 3, 5, 663 }, // U+208B
    { 9, 5, 178, 0, 4, 12, 668 }, // U+208C
    { 6, 17, 89, -1, 10, 26, 680 }, // U+208D
    { 6, 17, 89, -2, 10, 26, 706 }, // U+208E
    { 9, 9, 181, 0, 5, 21, 732 }, // U+208F
    { 8, 9, 142, -1, 5, 18, 753 }, // U+2090
    { 9, 9, 146, -1, 5, 21, 771 }, // U+2091
    { 9, 9, 157, -1, 5, 21, 792 }, // U+2092
    { 11, 9, 153, -2, 5, 25, 813 }, // U+2093
    { 9, 9, 146, -1, 5, 21, 838 }, // U+2094
    { 21, 24, 360, 1, 24, 126, 0 }, // U+20A0
    { 21, 30, 342, 1, 27, 158, 126 }, // U+20A1
    { 21, 24, 346, 1, 24, 126, 284 }, // U+20A2
    { 20, 24, 303, 0, 24, 120, 410 }, // U+20A3
    { 20, 24, 331, 0, 24, 120, 530 }, // U+20A4
    { 25, 24, 425, 0, 20, 150, 650 }, // U+20A5
    { 23, 24, 394, 1, 24, 138, 800 }, // U+20A6
    { 21, 24, 344, 1, 24, 126, 938 }, // U+20A7
    { 29, 24, 487, 1, 24, 174, 1064 }, // U+20A8
    { 32, 24, 534, 1, 24, 192, 1238 }, // U+20A9
    { 24, 19, 427, 1, 19, 114, 1430 }, // U+20AA
    { 20, 28, 314, 0, 24, 140, 1544 }, // U+20AB
    { 22, 24, 359, 1, 24, 132, 1684 }, // U+20AC
    { 24, 24, 384, 1, 24, 144, 1816 }, // U+20AD
    { 19, 24, 315, 2, 24, 114, 1960 }, // U+20AE
    { 40, 29, 656, 0, 24, 290, 2074 }, // U+20AF
    { 20, 32, 319, -1, 25, 160, 2364 }, // U+20B0
    { 19, 24, 309, 1, 24, 114, 2524 }, // U+20B1
    { 22, 31, 364, 1, 27, 171, 2638 }, // U+20B2
    { 23, 24, 374, 0, 24, 138, 2809 }, // U+20B3
    { 17, 24, 299, 1, 24, 102, 2947 }, // U+20B4
    { 20, 31, 342, 1, 27, 155, 3049 }, // U+20B5
    { 19, 24, 315, 1, 24, 114, 3204 }, // U+20B8
    { 17, 24, 286, 1, 24, 102, 3318 }, // U+20B9
    { 18, 24, 309, 0, 24, 108, 3420 }, // U+20BA
    { 19, 24, 292, 0, 24, 114, 0 }, // U+2113
    { 31, 19, 533, 1, 20, 148, 0 }, // U+2190
    { 21, 30, 400, 2, 26, 158, 148 }, // U+2191
    { 31, 19, 533, 1, 20, 148, 306 }, // U+2192
    { 21, 30, 400, 2, 24, 158, 454 }, // U+2193
    { 31, 19, 533, 1, 20, 148, 612 }, // U+2194
    { 21, 32, 400, 2, 26, 168, 760 }, // U+2195
    { 24, 22, 400, 1, 22, 132, 928 }, // U+2196
    { 23, 22, 400, 0, 22, 127, 1060 }, // U+2197
    { 23, 22, 400, 0, 22, 127, 1187 }, // U+2198
    { 24, 22, 400, 1, 22, 132, 1314 }, // U+2199
    { 21, 31, 400, 2, 27, 163, 1446 }, // U+21A8
    { 18, 24, 290, 0, 24, 108, 0 }, // U+2202
    { 23, 29, 374, 1, 24, 167, 108 }, // U+220F
    { 23, 29, 337, -1, 24, 167, 275 }, // U+2211
    { 16, 3, 309, 2, 13, 12, 442 }, // U+2212
    { 20, 24, 254, -2, 24, 120, 454 }, // U+2215
    { 7, 6, 146, 1, 13, 11, 574 }, // U+2219
    { 23, 28, 331, 0, 28, 161, 585 }, // U+221A
    { 21, 12, 361, 1, 16, 63, 746 }, // U+221E
    { 17, 16, 323, 2, 16, 68, 809 }, // U+221F
    { 17, 19, 321, 1, 19, 81, 877 }, // U+2229
    { 18, 32, 216, -2, 27, 144, 958 }, // U+222B
    { 15, 11, 309, 2, 17, 42, 1102 }, // U+2248
    { 14, 16, 309, 3, 19, 56, 1144 }, // U+2260
    { 16, 14, 309, 2, 18, 56, 1200 }, // U+2261
    { 17, 19, 309, 1, 20, 81, 1256 }, // U+2264
    { 15, 19, 309, 2, 20, 72, 1337 }, // U+2265
    { 5, 34, 0, -2, 25, 43, 0 }, // U+2669
    { 13, 22, 240, 1, 22, 72, 43 }, // U+266A
    { 19, 25, 342, 1, 23, 119, 115 }, // U+266B
    { 19, 25, 342, 1, 23, 119, 234 }, // U+266C
    { 9, 21, 185, 1, 20, 48, 353 }, // U+266D
    { 10, 21, 190, 1, 14, 53, 401 }, // U+266E
    { 16, 28, 295, 1, 20, 112, 454 }, // U+266F
    { 38, 35, 677, 2, 29, 333, 566 }, // U+2764
    { 22, 28, 338, 1, 24, 154, 0 }, // U+FB00
    { 17, 28, 300, 1, 24, 119, 154 }, // U+FB01
    { 18, 28, 305, 1, 24, 126, 273 }, // U+FB02
    { 27, 28, 459, 1, 24, 189, 399 }, // U+FB03
    { 28, 28, 463, 1, 24, 196, 588 }, // U+FB04
    { 34, 35, 677, 4, 29, 298, 0 }, // U+1F44B
    { 25, 35, 677, 9, 29, 219, 298 }, // U+1F44C
    { 32, 35, 677, 5, 29, 280, 517 }, // U+1F44D
    { 32, 35, 677, 5, 29, 280, 797 }, // U+1F44E
    { 32, 35, 677, 5, 29, 280, 1077 }, // U+1F44F
    { 34, 35, 677, 4, 29, 298, 1357 }, // U+1F600
    { 34, 35, 677, 4, 29, 298, 1655 }, // U+1F601
    { 42, 35, 677, 0, 29, 368, 1953 }, // U+1F602
    { 34, 35, 677, 4, 29, 298, 2321 }, // U+1F603
    { 34, 35, 677, 4, 29, 298, 2619 }, // U+1F604
    { 37, 35, 677, 3, 29, 324, 2917 }, // U+1F605
    { 34, 35, 677, 4, 29, 298, 3241 }, // U+1F606
    { 33, 35, 677, 5, 29, 289, 3539 }, // U+1F607
    { 34, 35, 677, 4, 29, 298, 3828 }, // U+1F609
    { 34, 35, 677, 4, 29, 298, 4126 }, // U+1F60A
    { 35, 35, 677, 4, 29, 307, 4424 }, // U+1F60B
    { 34, 35, 677, 4, 29, 298, 4731 }, // U+1F60C
    { 34, 35, 677, 4, 29, 298, 5029 }, // U+1F60D
    { 35, 35, 677, 4, 29, 307, 5327 }, // U+1F60E
    { 34, 35, 677, 4, 29, 298, 5634 }, // U+1F60F
    { 34, 35, 677, 4, 29, 298, 5932 }, // U+1F610
    { 34, 35, 677, 4, 29, 298, 6230 }, // U+1F611
    { 34, 35, 677, 4, 29, 298, 6528 }, // U+1F612
    { 34, 35, 677, 4, 29, 298, 6826 }, // U+1F613
    { 34, 35, 677, 4, 29, 298, 7124 }, // U+1F614
    { 34, 35, 677, 4, 29, 298, 7422 }, // U+1F618
    { 34, 35, 677, 4, 29, 298, 7720 }, // U+1F61A
    { 34, 36, 677, 4, 29, 306, 8018 }, // U+1F61C
    { 34, 36, 677, 4, 29, 306, 8324 }, // U+1F61D
    { 34, 35, 677, 4, 29, 298, 8630 }, // U+1F620
    { 34, 35, 677, 4, 29, 298, 8928 }, // U+1F621
    { 34, 35, 677, 4, 29, 298, 9226 }, // U+1F622
    { 36, 35, 677, 3, 29, 315, 9524 }, // U+1F624
    { 36, 35, 677, 3, 29, 315, 9839 }, // U+1F625
    { 34, 35, 677, 4, 29, 298, 10154 }, // U+1F629
    { 34, 35, 677, 4, 29, 298, 10452 }, // U+1F62C
    { 34, 36, 677, 4, 29, 306, 10750 }, // U+1F62D
    { 34, 35, 677, 4, 29, 298, 11056 }, // U+1F62E
    { 40, 36, 677, 1, 29, 360, 11354 }, // U+1F631
    { 34, 35, 677, 4, 29, 298, 11714 }, // U+1F632
    { 34, 35, 677, 4, 29, 298, 12012 }, // U+1F633
    { 35, 35, 677, 4, 29, 307, 12310 }, // U+1F634
    { 34, 35, 677, 4, 29, 298, 12617 }, // U+1F635
    { 34, 35, 677, 4, 29, 298, 12915 }, // U+1F641
    { 34, 35, 677, 4, 29, 298, 13213 }, // U+1F642
    { 34, 35, 677, 4, 29, 298, 13511 }, // U+1F644
};

static const EpdUnicodeInterval lato_16_bolditalicIntervals[] = {
    { 0x0, 0x17F, 0x0 },
    { 0x1A0, 0x1A1, 0x180 },
    { 0x1AF, 0x1B0, 0x182 },
    { 0x1C4, 0x21F, 0x184 },
    { 0x300, 0x36F, 0x1E0 },
    { 0x3BB, 0x3BB, 0x250 },
    { 0x400, 0x486, 0x251 },
    { 0x488, 0x4FF, 0x2D8 },
    { 0x1EA0, 0x1EF9, 0x350 },
    { 0x2000, 0x2010, 0x3AA },
    { 0x2012, 0x2022, 0x3BB },
    { 0x2026, 0x2026, 0x3CC },
    { 0x202A, 0x2030, 0x3CD },
    { 0x2032, 0x2034, 0x3D4 },
    { 0x2039, 0x203A, 0x3D7 },
    { 0x203C, 0x203E, 0x3D9 },
    { 0x2044, 0x2044, 0x3DC },
    { 0x205E, 0x2064, 0x3DD },
    { 0x2066, 0x2071, 0x3E4 },
    { 0x2074, 0x2094, 0x3F0 },
    { 0x20A0, 0x20B5, 0x411 },
    { 0x20B8, 0x20BA, 0x427 },
    { 0x2113, 0x2113, 0x42A },
    { 0x2190, 0x2199, 0x42B },
    { 0x21A8, 0x21A8, 0x435 },
    { 0x2202, 0x2202, 0x436 },
    { 0x220F, 0x220F, 0x437 },
    { 0x2211, 0x2212, 0x438 },
    { 0x2215, 0x2215, 0x43A },
    { 0x2219, 0x221A, 0x43B },
    { 0x221E, 0x221F, 0x43D },
    { 0x2229, 0x2229, 0x43F },
    { 0x222B, 0x222B, 0x440 },
    { 0x2248, 0x2248, 0x441 },
    { 0x2260, 0x2261, 0x442 },
    { 0x2264, 0x2265, 0x444 },
    { 0x2669, 0x266F, 0x446 },
    { 0x2764, 0x2764, 0x44D },
    { 0xFB00, 0xFB04, 0x44E },
    { 0x1F44B, 0x1F44F, 0x453 },
    { 0x1F600, 0x1F607, 0x458 },
    { 0x1F609, 0x1F614, 0x460 },
    { 0x1F618, 0x1F618, 0x46C },
    { 0x1F61A, 0x1F61A, 0x46D },
    { 0x1F61C, 0x1F61D, 0x46E },
    { 0x1F620, 0x1F622, 0x470 },
    { 0x1F624, 0x1F625, 0x473 },
    { 0x1F629, 0x1F629, 0x475 },
    { 0x1F62C, 0x1F62E, 0x476 },
    { 0x1F631, 0x1F635, 0x479 },
    { 0x1F641, 0x1F642, 0x47E },
    { 0x1F644, 0x1F644, 0x480 },
};

static const EpdFontGroup lato_16_bolditalicGroups[] = {
    { 0, 4067, 9085, 128, 0 },
    { 4067, 3447, 10664, 128, 128 },
    { 7514, 4390, 16771, 128, 256 },
    { 11904, 4226, 14772, 96, 384 },
    { 16130, 1263, 2329, 112, 480 },
    { 17393, 90, 120, 1, 592 },
    { 17483, 10591, 33956, 255, 593 },
    { 28074, 2802, 14642, 90, 848 },
    { 30876, 749, 1554, 68, 938 },
    { 31625, 625, 1033, 35, 1006 },
    { 32250, 1790, 3745, 25, 1041 },
    { 34040, 94, 120, 1, 1066 },
    { 34134, 576, 1722, 11, 1067 },
    { 34710, 629, 1522, 16, 1078 },
    { 35339, 454, 994, 8, 1094 },
    { 35793, 361, 840, 5, 1102 },
    { 36154, 4799, 14492, 46, 1107 },
};

static const EpdKernClassEntry lato_16_bolditalicKernLeftClasses[] = {
    { 0x0022, 1 }, // "
    { 0x0026, 2 }, // &
    { 0x0027, 1 }, // '
    { 0x0028, 3 }, // (
    { 0x002A, 4 }, // *
    { 0x002C, 5 }, // ,
    { 0x002E, 6 }, // .
    { 0x002F, 7 }, // /
    { 0x0030, 8 }, // 0
    { 0x0032, 9 }, // 2
    { 0x0033, 10 }, // 3
    { 0x0034, 11 }, // 4
    { 0x0037, 12 }, // 7
    { 0x0038, 10 }, // 8
    { 0x0039, 13 }, // 9
    { 0x003A, 14 }, // :
    { 0x003B, 15 }, // ;
    { 0x0040, 16 }, // @
    { 0x0041, 17 }, // A
    { 0x0042, 18 }, // B
    { 0x0043, 19 }, // C
    { 0x0044, 20 }, // D
    { 0x0045, 21 }, // E
    { 0x0046, 22 }, // F
    { 0x0047, 23 }, // G
    { 0x0048, 24 }, // H
    { 0x0049, 24 }, // I
    { 0x004A, 25 }, // J
    { 0x004B, 26 }, // K
    { 0x004C, 27 }, // L
    { 0x004D, 24 }, // M
    { 0x004E, 24 }, // N
    { 0x004F, 28 }, // O
    { 0x0050, 29 }, // P
    { 0x0051, 30 }, // Q
    { 0x0052, 31 }, // R
    { 0x0053, 32 }, // S
    { 0x0054, 33 }, // T
    { 0x0055, 34 }, // U
    { 0x0056, 35 }, // V
    { 0x0057, 36 }, // W
    { 0x0058, 37 }, // X
    { 0x0059, 38 }, // Y
    { 0x005A, 39 }, // Z
    { 0x005B, 40 }, // [
    { 0x005C, 41 }, // <backslash>
    { 0x0061, 42 }, // a
    { 0x0062, 43 }, // b
    { 0x0063, 44 }, // c
    { 0x0064, 45 }, // d
    { 0x0065, 46 }, // e
    { 0x0066, 47 }, // f
    { 0x0067, 48 }, // g
    { 0x0068, 49 }, // h
    { 0x0069, 50 }, // i
    { 0x006A, 51 }, // j
    { 0x006B, 52 }, // k
    { 0x006C, 53 }, // l
    { 0x006D, 49 }, // m
    { 0x006E, 49 }, // n
    { 0x006F, 54 }, // o
    { 0x0070, 43 }, // p
    { 0x0071, 55 }, // q
    { 0x0072, 56 }, // r
    { 0x0073, 57 }, // s
    { 0x0074, 58 }, // t
    { 0x0075, 55 }, // u
    { 0x0076, 59 }, // v
    { 0x0077, 60 }, // w
    { 0x0078, 61 }, // x
    { 0x0079, 62 }, // y
    { 0x007A, 63 }, // z
    { 0x007B, 64 }, // {
    { 0x007C, 65 }, // |
    { 0x00A0, 66 }, // U+00A0
    { 0x00A1, 67 }, // U+00A1
    { 0x00AB, 68 }, // U+00AB
    { 0x00AD, 69 }, // U+00AD
    { 0x00B0, 70 }, // U+00B0
    { 0x00BB, 71 }, // U+00BB
    { 0x00BF, 72 }, // U+00BF
    { 0x00C0, 17 }, // U+00C0
    { 0x00C1, 17 }, // U+00C1
    { 0x00C2, 17 }, // U+00C2
    { 0x00C3, 17 }, // U+00C3
    { 0x00C4, 17 }, // U+00C4
    { 0x00C5, 17 }, // U+00C5
    { 0x00C6, 21 }, // U+00C6
    { 0x00C7, 19 }, // U+00C7
    { 0x00C8, 21 }, // U+00C8
    { 0x00C9, 21 }, // U+00C9
    { 0x00CA, 21 }, // U+00CA
    { 0x00CB, 21 }, // U+00CB
    { 0x00CC, 24 }, // U+00CC
    { 0x00CD, 24 }, // U+00CD
    { 0x00CE, 73 }, // U+00CE
    { 0x00CF, 74 }, // U+00CF
    { 0x00D0, 20 }, // U+00D0
    { 0x00D1, 24 }, // U+00D1
    { 0x00D2, 28 }, // U+00D2
    { 0x00D3, 28 }, // U+00D3
    { 0x00D4, 28 }, // U+00D4
    { 0x00D5, 28 }, // U+00D5
    { 0x00D6, 28 }, // U+00D6
    { 0x00D8, 75 }, // U+00D8
    { 0x00D9, 34 }, // U+00D9
    { 0x00DA, 34 }, // U+00DA
    { 0x00DB, 34 }, // U+00DB
    { 0x00DC, 34 }, // U+00DC
    { 0x00DD, 38 }, // U+00DD
    { 0x00DE, 76 }, // U+00DE
    { 0x00DF, 77 }, // U+00DF
    { 0x00E0, 42 }, // U+00E0
    { 0x00E1, 78 }, // U+00E1
    { 0x00E2, 42 }, // U+00E2
    { 0x00E3, 42 }, // U+00E3
    { 0x00E4, 42 }, // U+00E4
    { 0x00E5, 42 }, // U+00E5
    { 0x00E6, 46 }, // U+00E6
    { 0x00E7, 44 }, // U+00E7
    { 0x00E8, 46 }, // U+00E8
    { 0x00E9, 46 }, // U+00E9
    { 0x00EA, 46 }, // U+00EA
    { 0x00EB, 46 }, // U+00EB
    { 0x00EC, 50 }, // U+00EC
    { 0x00ED, 79 }, // U+00ED
    { 0x00EE, 80 }, // U+00EE
    { 0x00EF, 81 }, // U+00EF
    { 0x00F0, 82 }, // U+00F0
    { 0x00F1, 49 }, // U+00F1
    { 0x00F2, 54 }, // U+00F2
    { 0x00F3, 54 }, // U+00F3
    { 0x00F4, 54 }, // U+00F4
    { 0x00F5, 54 }, // U+00F5
    { 0x00F6, 54 }, // U+00F6
    { 0x00F8, 83 }, // U+00F8
    { 0x00F9, 55 }, // U+00F9
    { 0x00FA, 55 }, // U+00FA
    { 0x00FB, 55 }, // U+00FB
    { 0x00FC, 55 }, // U+00FC
    { 0x00FD, 62 }, // U+00FD
    { 0x00FE, 43 }, // U+00FE
    { 0x00FF, 62 }, // U+00FF
    { 0x0100, 17 }, // U+0100
    { 0x0101, 42 }, // U+0101
    { 0x0102, 17 }, // U+0102
    { 0x0103, 42 }, // U+0103
    { 0x0104, 84 }, // U+0104
    { 0x0105, 85 }, // U+0105
    { 0x0106, 19 }, // U+0106
    { 0x0107, 86 }, // U+0107
    { 0x0108, 19 }, // U+0108
    { 0x0109, 44 }, // U+0109
    { 0x010A, 19 }, // U+010A
    { 0x010B, 44 }, // U+010B
    { 0x010C, 19 }, // U+010C
    { 0x010D, 87 }, // U+010D
    { 0x010E, 20 }, // U+010E
    { 0x010F, 88 }, // U+010F
    { 0x0110, 20 }, // U+0110
    { 0x0111, 89 }, // U+0111
    { 0x0112, 21 }, // U+0112
    { 0x0113, 46 }, // U+0113
    { 0x0114, 21 }, // U+0114
    { 0x0115, 46 }, // U+0115
    { 0x0116, 21 }, // U+0116
    { 0x0117, 46 }, // U+0117
    { 0x0118, 90 }, // U+0118
    { 0x0119, 46 }, // U+0119
    { 0x011A, 21 }, // U+011A
    { 0x011B, 46 }, // U+011B
    { 0x011C, 23 }, // U+011C
    { 0x011D, 48 }, // U+011D
    { 0x011E, 23 }, // U+011E
    { 0x011F, 48 }, // U+011F
    { 0x0120, 23 }, // U+0120
    { 0x0121, 48 }, // U+0121
    { 0x0122, 23 }, // U+0122
    { 0x0123, 48 }, // U+0123
    { 0x0124, 24 }, // U+0124
    { 0x0125, 49 }, // U+0125
    { 0x0126, 91 }, // U+0126
    { 0x0127, 49 }, // U+0127
    { 0x0128, 24 }, // U+0128
    { 0x0129, 92 }, // U+0129
    { 0x012A, 93 }, // U+012A
    { 0x012B, 94 }, // U+012B
    { 0x012C, 24 }, // U+012C
    { 0x012D, 95 }, // U+012D
    { 0x012E, 24 }, // U+012E
    { 0x012F, 96 }, // U+012F
    { 0x0130, 24 }, // U+0130
    { 0x0131, 50 }, // U+0131
    { 0x0132, 25 }, // U+0132
    { 0x0133, 50 }, // U+0133
    { 0x0134, 97 }, // U+0134
    { 0x0135, 98 }, // U+0135
    { 0x0136, 26 }, // U+0136
    { 0x0137, 52 }, // U+0137
    { 0x0138, 52 }, // U+0138
    { 0x0139, 27 }, // U+0139
    { 0x013A, 53 }, // U+013A
    { 0x013B, 27 }, // U+013B
    { 0x013C, 53 }, // U+013C
    { 0x013D, 99 }, // U+013D
    { 0x013E, 100 }, // U+013E
    { 0x013F, 101 }, // U+013F
    { 0x0140, 102 }, // U+0140
    { 0x0141, 27 }, // U+0141
    { 0x0142, 103 }, // U+0142
    { 0x0143, 24 }, // U+0143
    { 0x0144, 49 }, // U+0144
    { 0x0145, 24 }, // U+0145
    { 0x0146, 49 }, // U+0146
    { 0x0147, 24 }, // U+0147
    { 0x0148, 49 }, // U+0148
    { 0x0149, 49 }, // U+0149
    { 0x014A, 24 }, // U+014A
    { 0x014B, 49 }, // U+014B
    { 0x014C, 28 }, // U+014C
    { 0x014D, 54 }, // U+014D
    { 0x014E, 28 }, // U+014E
    { 0x014F, 54 }, // U+014F
    { 0x0150, 28 }, // U+0150
    { 0x0151, 104 }, // U+0151
    { 0x0152, 21 }, // U+0152
    { 0x0153, 46 }, // U+0153
    { 0x0154, 31 }, // U+0154
    { 0x0155, 105 }, // U+0155
    { 0x0156, 31 }, // U+0156
    { 0x0157, 56 }, // U+0157
    { 0x0158, 31 }, // U+0158
    { 0x0159, 106 }, // U+0159
    { 0x015A, 32 }, // U+015A
    { 0x015B, 107 }, // U+015B
    { 0x015C, 32 }, // U+015C
    { 0x015D, 57 }, // U+015D
    { 0x015E, 32 }, // U+015E
    { 0x015F, 57 }, // U+015F
    { 0x0160, 32 }, // U+0160
    { 0x0161, 108 }, // U+0161
    { 0x0162, 33 }, // U+0162
    { 0x0163, 58 }, // U+0163
    { 0x0164, 33 }, // U+0164
    { 0x0165, 109 }, // U+0165
    { 0x0166, 110 }, // U+0166
    { 0x0167, 58 }, // U+0167
    { 0x0168, 34 }, // U+0168
    { 0x0169, 55 }, // U+0169
    { 0x016A, 34 }, // U+016A
    { 0x016B, 55 }, // U+016B
    { 0x016C, 34 }, // U+016C
    { 0x016D, 55 }, // U+016D
    { 0x016E, 34 }, // U+016E
    { 0x016F, 55 }, // U+016F
    { 0x0170, 34 }, // U+0170
    { 0x0171, 55 }, // U+0171
    { 0x0172, 34 }, // U+0172
    { 0x0173, 111 }, // U+0173
    { 0x0174, 36 }, // U+0174
    { 0x0175, 60 }, // U+0175
    { 0x0176, 38 }, // U+0176
    { 0x0177, 62 }, // U+0177
    { 0x0178, 38 }, // U+0178
    { 0x0179, 39 }, // U+0179
    { 0x017A, 63 }, // U+017A
    { 0x017B, 39 }, // U+017B
    { 0x017C, 63 }, // U+017C
    { 0x017D, 39 }, // U+017D
    { 0x017E, 63 }, // U+017E
    { 0x017F, 112 }, // U+017F
    { 0x01A0, 113 }, // U+01A0
    { 0x01A1, 114 }, // U+01A1
    { 0x01AF, 115 }, // U+01AF
    { 0x01B0, 116 }, // U+01B0
    { 0x01C4, 39 }, // U+01C4
    { 0x01C5, 117 }, // U+01C5
    { 0x01C6, 63 }, // U+01C6
    { 0x01C7, 25 }, // U+01C7
    { 0x01C8, 51 }, // U+01C8
    { 0x01C9, 50 }, // U+01C9
    { 0x01CA, 25 }, // U+01CA
    { 0x01CB, 51 }, // U+01CB
    { 0x01CC, 50 }, // U+01CC
    { 0x01CD, 17 }, // U+01CD
    { 0x01CE, 42 }, // U+01CE
    { 0x01CF, 24 }, // U+01CF
    { 0x01D0, 118 }, // U+01D0
    { 0x01D1, 28 }, // U+01D1
    { 0x01D2, 54 }, // U+01D2
    { 0x01D3, 34 }, // U+01D3
    { 0x01D4, 55 }, // U+01D4
    { 0x01D5, 34 }, // U+01D5
    { 0x01D6, 55 }, // U+01D6
    { 0x01D7, 34 }, // U+01D7
    { 0x01D8, 55 }, // U+01D8
    { 0x01D9, 34 }, // U+01D9
    { 0x01DA, 55 }, // U+01DA
    { 0x01DB, 34 }, // U+01DB
    { 0x01DC, 55 }, // U+01DC
    { 0x01DD, 54 }, // U+01DD
    { 0x01DE, 17 }, // U+01DE
    { 0x01DF, 42 }, // U+01DF
    { 0x01E0, 17 }, // U+01E0
    { 0x01E1, 42 }, // U+01E1
    { 0x01E2, 21 }, // U+01E2
    { 0x01E3, 46 }, // U+01E3
    { 0x01E4, 119 }, // U+01E4
    { 0x01E5, 120 }, // U+01E5
    { 0x01E6, 23 }, // U+01E6
    { 0x01E7, 48 }, // U+01E7
    { 0x01E8, 26 }, // U+01E8
    { 0x01E9, 52 }, // U+01E9
    { 0x01EA, 28 }, // U+01EA
    { 0x01EB, 54 }, // U+01EB
    { 0x01EC, 28 }, // U+01EC
    { 0x01ED, 54 }, // U+01ED
    { 0x01EE, 121 }, // U+01EE
    { 0x01EF, 122 }, // U+01EF
    { 0x01F0, 123 }, // U+01F0
    { 0x01F1, 39 }, // U+01F1
    { 0x01F2, 63 }, // U+01F2
    { 0x01F3, 63 }, // U+01F3
    { 0x01F4, 23 }, // U+01F4
    { 0x01F5, 48 }, // U+01F5
    { 0x01F7, 124 }, // U+01F7
    { 0x01F8, 24 }, // U+01F8
    { 0x01F9, 49 }, // U+01F9
    { 0x01FA, 17 }, // U+01FA
    { 0x01FB, 42 }, // U+01FB
    { 0x01FC, 21 }, // U+01FC
    { 0x01FD, 46 }, // U+01FD
    { 0x01FE, 75 }, // U+01FE
    { 0x01FF, 125 }, // U+01FF
    { 0x0200, 17 }, // U+0200
    { 0x0201, 42 }, // U+0201
    { 0x0202, 17 }, // U+0202
    { 0x0203, 42 }, // U+0203
    { 0x0204, 21 }, // U+0204
    { 0x0205, 46 }, // U+0205
    { 0x0206, 21 }, // U+0206
    { 0x0207, 46 }, // U+0207
    { 0x0208, 24 }, // U+0208
    { 0x0209, 50 }, // U+0209
    { 0x020A, 126 }, // U+020A
    { 0x020B, 127 }, // U+020B
    { 0x020C, 28 }, // U+020C
    { 0x020D, 54 }, // U+020D
    { 0x020E, 28 }, // U+020E
    { 0x020F, 54 }, // U+020F
    { 0x0210, 31 }, // U+0210
    { 0x0211, 56 }, // U+0211
    { 0x0212, 31 }, // U+0212
    { 0x0213, 56 }, // U+0213
    { 0x0214, 34 }, // U+0214
    { 0x0215, 55 }, // U+0215
    { 0x0216, 34 }, // U+0216
    { 0x0217, 55 }, // U+0217
    { 0x0218, 32 }, // U+0218
    { 0x0219, 57 }, // U+0219
    { 0x021A, 33 }, // U+021A
    { 0x021B, 58 }, // U+021B
    { 0x021C, 121 }, // U+021C
    { 0x021D, 122 }, // U+021D
    { 0x021E, 24 }, // U+021E
    { 0x021F, 49 }, // U+021F
    { 0x03BB, 128 }, // U+03BB
    { 0x0401, 129 }, // U+0401
    { 0x0402, 130 }, // U+0402
    { 0x0403, 131 }, // U+0403
    { 0x0404, 132 }, // U+0404
    { 0x0405, 133 }, // U+0405
    { 0x0406, 134 }, // U+0406
    { 0x0407, 135 }, // U+0407
    { 0x0408, 136 }, // U+0408
    { 0x0409, 137 }, // U+0409
    { 0x040A, 137 }, // U+040A
    { 0x040B, 138 }, // U+040B
    { 0x040C, 139 }, // U+040C
    { 0x040D, 134 }, // U+040D
    { 0x040E, 140 }, // U+040E
    { 0x040F, 134 }, // U+040F
    { 0x0410, 141 }, // U+0410
    { 0x0411, 142 }, // U+0411
    { 0x0412, 143 }, // U+0412
    { 0x0413, 131 }, // U+0413
    { 0x0414, 144 }, // U+0414
    { 0x0415, 129 }, // U+0415
    { 0x0416, 145 }, // U+0416
    { 0x0417, 146 }, // U+0417
    { 0x0418, 134 }, // U+0418
    { 0x0419, 134 }, // U+0419
    { 0x041A, 139 }, // U+041A
    { 0x041B, 134 }, // U+041B
    { 0x041C, 134 }, // U+041C
    { 0x041D, 134 }, // U+041D
    { 0x041E, 147 }, // U+041E
    { 0x041F, 134 }, // U+041F
    { 0x0420, 148 }, // U+0420
    { 0x0421, 149 }, // U+0421
    { 0x0422, 150 }, // U+0422
    { 0x0423, 140 }, // U+0423
    { 0x0424, 151 }, // U+0424
    { 0x0425, 152 }, // U+0425
    { 0x0426, 153 }, // U+0426
    { 0x0427, 134 }, // U+0427
    { 0x0428, 134 }, // U+0428
    { 0x0429, 153 }, // U+0429
    { 0x042A, 137 }, // U+042A
    { 0x042B, 134 }, // U+042B
    { 0x042C, 137 }, // U+042C
    { 0x042D, 147 }, // U+042D
    { 0x042E, 147 }, // U+042E
    { 0x042F, 134 }, // U+042F
    { 0x0430, 154 }, // U+0430
    { 0x0431, 155 }, // U+0431
    { 0x0432, 156 }, // U+0432
    { 0x0433, 157 }, // U+0433
    { 0x0434, 158 }, // U+0434
    { 0x0435, 159 }, // U+0435
    { 0x0436, 160 }, // U+0436
    { 0x0437, 161 }, // U+0437
    { 0x0438, 162 }, // U+0438
    { 0x0439, 162 }, // U+0439
    { 0x043A, 163 }, // U+043A
    { 0x043B, 162 }, // U+043B
    { 0x043C, 162 }, // U+043C
    { 0x043D, 162 }, // U+043D
    { 0x043E, 164 }, // U+043E
    { 0x043F, 165 }, // U+043F
    { 0x0440, 166 }, // U+0440
    { 0x0441, 167 }, // U+0441
    { 0x0442, 165 }, // U+0442
    { 0x0443, 168 }, // U+0443
    { 0x0444, 166 }, // U+0444
    { 0x0445, 169 }, // U+0445
    { 0x0446, 170 }, // U+0446
    { 0x0447, 162 }, // U+0447
    { 0x0448, 162 }, // U+0448
    { 0x0449, 170 }, // U+0449
    { 0x044A, 171 }, // U+044A
    { 0x044B, 162 }, // U+044B
    { 0x044C, 171 }, // U+044C
    { 0x044D, 164 }, // U+044D
    { 0x044E, 164 }, // U+044E
    { 0x044F, 162 }, // U+044F
    { 0x0451, 159 }, // U+0451
    { 0x0452, 172 }, // U+0452
    { 0x0453, 173 }, // U+0453
    { 0x0454, 174 }, // U+0454
    { 0x0455, 175 }, // U+0455
    { 0x0456, 176 }, // U+0456
    { 0x0457, 177 }, // U+0457
    { 0x0458, 176 }, // U+0458
    { 0x0459, 171 }, // U+0459
    { 0x045A, 171 }, // U+045A
    { 0x045B, 165 }, // U+045B
    { 0x045C, 163 }, // U+045C
    { 0x045D, 162 }, // U+045D
    { 0x045E, 168 }, // U+045E
    { 0x045F, 162 }, // U+045F
    { 0x0460, 178 }, // U+0460
    { 0x0461, 179 }, // U+0461
    { 0x0462, 137 }, // U+0462
    { 0x0463, 171 }, // U+0463
    { 0x0464, 132 }, // U+0464
    { 0x0465, 174 }, // U+0465
    { 0x0466, 180 }, // U+0466
    { 0x0467, 181 }, // U+0467
    { 0x0468, 180 }, // U+0468
    { 0x0469, 181 }, // U+0469
    { 0x046A, 182 }, // U+046A
    { 0x046B, 183 }, // U+046B
    { 0x046C, 182 }, // U+046C
    { 0x046D, 183 }, // U+046D
    { 0x046E, 184 }, // U+046E
    { 0x046F, 185 }, // U+046F
    { 0x0470, 186 }, // U+0470
    { 0x0471, 187 }, // U+0471
    { 0x0472, 147 }, // U+0472
    { 0x0473, 164 }, // U+0473
    { 0x0474, 188 }, // U+0474
    { 0x0475, 189 }, // U+0475
    { 0x0476, 188 }, // U+0476
    { 0x0477, 189 }, // U+0477
    { 0x0478, 190 }, // U+0478
    { 0x0479, 168 }, // U+0479
    { 0x047A, 147 }, // U+047A
    { 0x047B, 164 }, // U+047B
    { 0x047C, 178 }, // U+047C
    { 0x047D, 191 }, // U+047D
    { 0x047E, 178 }, // U+047E
    { 0x047F, 179 }, // U+047F
    { 0x0480, 192 }, // U+0480
    { 0x0481, 193 }, // U+0481
    { 0x048A, 194 }, // U+048A
    { 0x048B, 170 }, // U+048B
    { 0x048C, 137 }, // U+048C
    { 0x048D, 171 }, // U+048D
    { 0x048E, 148 }, // U+048E
    { 0x048F, 164 }, // U+048F
    { 0x0490, 131 }, // U+0490
    { 0x0491, 195 }, // U+0491
    { 0x0492, 196 }, // U+0492
    { 0x0493, 157 }, // U+0493
    { 0x0494, 197 }, // U+0494
    { 0x0495, 198 }, // U+0495
    { 0x0496, 199 }, // U+0496
    { 0x0497, 160 }, // U+0497
    { 0x0498, 146 }, // U+0498
    { 0x0499, 161 }, // U+0499
    { 0x049A, 200 }, // U+049A
    { 0x049B, 201 }, // U+049B
    { 0x049C, 202 }, // U+049C
    { 0x049D, 203 }, // U+049D
    { 0x049E, 139 }, // U+049E
    { 0x049F, 163 }, // U+049F
    { 0x04A0, 139 }, // U+04A0
    { 0x04A1, 163 }, // U+04A1
    { 0x04A2, 144 }, // U+04A2
    { 0x04A3, 170 }, // U+04A3
    { 0x04A4, 131 }, // U+04A4
    { 0x04A5, 204 }, // U+04A5
    { 0x04A6, 205 }, // U+04A6
    { 0x04A7, 206 }, // U+04A7
    { 0x04A8, 207 }, // U+04A8
    { 0x04A9, 208 }, // U+04A9
    { 0x04AA, 149 }, // U+04AA
    { 0x04AB, 167 }, // U+04AB
    { 0x04AC, 150 }, // U+04AC
    { 0x04AD, 209 }, // U+04AD
    { 0x04AE, 210 }, // U+04AE
    { 0x04AF, 211 }, // U+04AF
    { 0x04B0, 212 }, // U+04B0
    { 0x04B1, 213 }, // U+04B1
    { 0x04B2, 214 }, // U+04B2
    { 0x04B3, 215 }, // U+04B3
    { 0x04B4, 144 }, // U+04B4
    { 0x04B5, 170 }, // U+04B5
    { 0x04B6, 144 }, // U+04B6
    { 0x04B7, 170 }, // U+04B7
    { 0x04B8, 134 }, // U+04B8
    { 0x04B9, 162 }, // U+04B9
    { 0x04BA, 216 }, // U+04BA
    { 0x04BB, 217 }, // U+04BB
    { 0x04BC, 218 }, // U+04BC
    { 0x04BD, 159 }, // U+04BD
    { 0x04BE, 218 }, // U+04BE
    { 0x04BF, 159 }, // U+04BF
    { 0x04C0, 134 }, // U+04C0
    { 0x04C1, 145 }, // U+04C1
    { 0x04C2, 160 }, // U+04C2
    { 0x04C3, 219 }, // U+04C3
    { 0x04C4, 220 }, // U+04C4
    { 0x04C5, 144 }, // U+04C5
    { 0x04C6, 170 }, // U+04C6
    { 0x04C7, 134 }, // U+04C7
    { 0x04C8, 162 }, // U+04C8
    { 0x04C9, 144 }, // U+04C9
    { 0x04CA, 170 }, // U+04CA
    { 0x04CB, 134 }, // U+04CB
    { 0x04CC, 162 }, // U+04CC
    { 0x04CD, 144 }, // U+04CD
    { 0x04CE, 170 }, // U+04CE
    { 0x04CF, 134 }, // U+04CF
    { 0x04D0, 141 }, // U+04D0
    { 0x04D1, 154 }, // U+04D1
    { 0x04D2, 141 }, // U+04D2
    { 0x04D3, 154 }, // U+04D3
    { 0x04D4, 129 }, // U+04D4
    { 0x04D5, 159 }, // U+04D5
    { 0x04D6, 129 }, // U+04D6
    { 0x04D7, 159 }, // U+04D7
    { 0x04D8, 147 }, // U+04D8
    { 0x04D9, 164 }, // U+04D9
    { 0x04DA, 147 }, // U+04DA
    { 0x04DB, 164 }, // U+04DB
    { 0x04DC, 145 }, // U+04DC
    { 0x04DD, 160 }, // U+04DD
    { 0x04DE, 146 }, // U+04DE
    { 0x04DF, 161 }, // U+04DF
    { 0x04E0, 221 }, // U+04E0
    { 0x04E1, 222 }, // U+04E1
    { 0x04E2, 134 }, // U+04E2
    { 0x04E3, 162 }, // U+04E3
    { 0x04E4, 134 }, // U+04E4
    { 0x04E5, 162 }, // U+04E5
    { 0x04E6, 147 }, // U+04E6
    { 0x04E7, 164 }, // U+04E7
    { 0x04E8, 147 }, // U+04E8
    { 0x04E9, 164 }, // U+04E9
    { 0x04EA, 147 }, // U+04EA
    { 0x04EB, 164 }, // U+04EB
    { 0x04EC, 147 }, // U+04EC
    { 0x04ED, 164 }, // U+04ED
    { 0x04EE, 140 }, // U+04EE
    { 0x04EF, 168 }, // U+04EF
    { 0x04F0, 140 }, // U+04F0
    { 0x04F1, 168 }, // U+04F1
    { 0x04F2, 140 }, // U+04F2
    { 0x04F3, 168 }, // U+04F3
    { 0x04F4, 134 }, // U+04F4
    { 0x04F5, 162 }, // U+04F5
    { 0x04F6, 131 }, // U+04F6
    { 0x04F7, 157 }, // U+04F7
    { 0x04F8, 134 }, // U+04F8
    { 0x04F9, 162 }, // U+04F9
    { 0x04FA, 223 }, // U+04FA
    { 0x04FB, 157 }, // U+04FB
    { 0x04FC, 224 }, // U+04FC
    { 0x04FD, 225 }, // U+04FD
    { 0x04FE, 226 }, // U+04FE
    { 0x04FF, 227 }, // U+04FF
    { 0x1EA0, 17 }, // U+1EA0
    { 0x1EA1, 42 }, // U+1EA1
    { 0x1EA2, 17 }, // U+1EA2
    { 0x1EA3, 42 }, // U+1EA3
    { 0x1EA4, 17 }, // U+1EA4
    { 0x1EA5, 228 }, // U+1EA5
    { 0x1EA6, 17 }, // U+1EA6
    { 0x1EA7, 42 }, // U+1EA7
    { 0x1EA8, 17 }, // U+1EA8
    { 0x1EA9, 229 }, // U+1EA9
    { 0x1EAA, 17 }, // U+1EAA
    { 0x1EAB, 42 }, // U+1EAB
    { 0x1EAC, 17 }, // U+1EAC
    { 0x1EAD, 42 }, // U+1EAD
    { 0x1EAE, 17 }, // U+1EAE
    { 0x1EAF, 42 }, // U+1EAF
    { 0x1EB0, 17 }, // U+1EB0
    { 0x1EB1, 42 }, // U+1EB1
    { 0x1EB2, 17 }, // U+1EB2
    { 0x1EB3, 42 }, // U+1EB3
    { 0x1EB4, 17 }, // U+1EB4
    { 0x1EB5, 42 }, // U+1EB5
    { 0x1EB6, 17 }, // U+1EB6
    { 0x1EB7, 42 }, // U+1EB7
    { 0x1EB8, 21 }, // U+1EB8
    { 0x1EB9, 46 }, // U+1EB9
    { 0x1EBA, 21 }, // U+1EBA
    { 0x1EBB, 46 }, // U+1EBB
    { 0x1EBC, 21 }, // U+1EBC
    { 0x1EBD, 46 }, // U+1EBD
    { 0x1EBE, 21 }, // U+1EBE
    { 0x1EBF, 230 }, // U+1EBF
    { 0x1EC0, 21 }, // U+1EC0
    { 0x1EC1, 46 }, // U+1EC1
    { 0x1EC2, 21 }, // U+1EC2
    { 0x1EC3, 231 }, // U+1EC3
    { 0x1EC4, 21 }, // U+1EC4
    { 0x1EC5, 46 }, // U+1EC5
    { 0x1EC6, 21 }, // U+1EC6
    { 0x1EC7, 46 }, // U+1EC7
    { 0x1EC8, 24 }, // U+1EC8
    { 0x1EC9, 50 }, // U+1EC9
    { 0x1ECA, 24 }, // U+1ECA
    { 0x1ECB, 50 }, // U+1ECB
    { 0x1ECC, 28 }, // U+1ECC
    { 0x1ECD, 54 }, // U+1ECD
    { 0x1ECE, 28 }, // U+1ECE
    { 0x1ECF, 54 }, // U+1ECF
    { 0x1ED0, 28 }, // U+1ED0
    { 0x1ED1, 232 }, // U+1ED1
    { 0x1ED2, 28 }, // U+1ED2
    { 0x1ED3, 54 }, // U+1ED3
    { 0x1ED4, 28 }, // U+1ED4
    { 0x1ED5, 233 }, // U+1ED5
    { 0x1ED6, 28 }, // U+1ED6
    { 0x1ED7, 54 }, // U+1ED7
    { 0x1ED8, 28 }, // U+1ED8
    { 0x1ED9, 54 }, // U+1ED9
    { 0x1EDA, 113 }, // U+1EDA
    { 0x1EDB, 114 }, // U+1EDB
    { 0x1EDC, 113 }, // U+1EDC
    { 0x1EDD, 114 }, // U+1EDD
    { 0x1EDE, 113 }, // U+1EDE
    { 0x1EDF, 114 }, // U+1EDF
    { 0x1EE0, 113 }, // U+1EE0
    { 0x1EE1, 114 }, // U+1EE1
    { 0x1EE2, 113 }, // U+1EE2
    { 0x1EE3, 114 }, // U+1EE3
    { 0x1EE4, 34 }, // U+1EE4
    { 0x1EE5, 55 }, // U+1EE5
    { 0x1EE6, 34 }, // U+1EE6
    { 0x1EE7, 55 }, // U+1EE7
    { 0x1EE8, 115 }, // U+1EE8
    { 0x1EE9, 116 }, // U+1EE9
    { 0x1EEA, 115 }, // U+1EEA
    { 0x1EEB, 116 }, // U+1EEB
    { 0x1EEC, 115 }, // U+1EEC
    { 0x1EED, 116 }, // U+1EED
    { 0x1EEE, 115 }, // U+1EEE
    { 0x1EEF, 116 }, // U+1EEF
    { 0x1EF0, 115 }, // U+1EF0
    { 0x1EF1, 116 }, // U+1EF1
    { 0x1EF2, 38 }, // U+1EF2
    { 0x1EF3, 62 }, // U+1EF3
    { 0x1EF4, 38 }, // U+1EF4
    { 0x1EF5, 234 }, // U+1EF5
    { 0x1EF6, 38 }, // U+1EF6
    { 0x1EF7, 62 }, // U+1EF7
    { 0x1EF8, 38 }, // U+1EF8
    { 0x1EF9, 62 }, // U+1EF9
    { 0x2014, 235 }, // U+2014
    { 0x2015, 235 }, // U+2015
    { 0x2018, 236 }, // U+2018
    { 0x2019, 237 }, // U+2019
    { 0x201A, 238 }, // U+201A
    { 0x201B, 239 }, // U+201B
    { 0x201C, 240 }, // U+201C
    { 0x201D, 237 }, // U+201D
    { 0x201E, 238 }, // U+201E
    { 0x201F, 241 }, // U+201F
    { 0x2039, 68 }, // U+2039
    { 0x203A, 71 }, // U+203A
    { 0x2219, 242 }, // U+2219
    { 0xFB00, 243 }, // U+FB00
    { 0xFB01, 244 }, // U+FB01
    { 0xFB02, 53 }, // U+FB02
    { 0xFB03, 244 }, // U+FB03
    { 0xFB04, 53 }, // U+FB04
};

static const EpdKernClassEntry lato_16_bolditalicKernRightClasses[] = {
    { 0x0021, 1 }, // !
    { 0x0022, 2 }, // "
    { 0x0026, 3 }, // &
    { 0x0027, 2 }, // '
    { 0x0029, 4 }, // )
    { 0x002A, 5 }, // *
    { 0x002C, 6 }, // ,
    { 0x002E, 7 }, // .
    { 0x002F, 8 }, // /
    { 0x0030, 9 }, // 0
    { 0x0031, 10 }, // 1
    { 0x0032, 11 }, // 2
    { 0x0033, 12 }, // 3
    { 0x0034, 13 }, // 4
    { 0x0035, 14 }, // 5
    { 0x0037, 15 }, // 7
    { 0x0038, 16 }, // 8
    { 0x0039, 17 }, // 9
    { 0x003A, 18 }, // :
    { 0x003B, 19 }, // ;
    { 0x003F, 20 }, // ?
    { 0x0040, 21 }, // @
    { 0x0041, 22 }, // A
    { 0x0042, 23 }, // B
    { 0x0043, 24 }, // C
    { 0x0044, 23 }, // D
    { 0x0045, 23 }, // E
    { 0x0046, 23 }, // F
    { 0x0047, 24 }, // G
    { 0x0048, 23 }, // H
    { 0x0049, 23 }, // I
    { 0x004A, 25 }, // J
    { 0x004B, 23 }, // K
    { 0x004C, 23 }, // L
    { 0x004D, 23 }, // M
    { 0x004E, 23 }, // N
    { 0x004F, 24 }, // O
    { 0x0050, 23 }, // P
    { 0x0051, 24 }, // Q
    { 0x0052, 23 }, // R
    { 0x0053, 26 }, // S
    { 0x0054, 27 }, // T
    { 0x0055, 28 }, // U
    { 0x0056, 29 }, // V
    { 0x0057, 30 }, // W
    { 0x0058, 31 }, // X
    { 0x0059, 32 }, // Y
    { 0x005A, 33 }, // Z
    { 0x005C, 34 }, // <backslash>
    { 0x005D, 35 }, // ]
    { 0x0061, 36 }, // a
    { 0x0062, 37 }, // b
    { 0x0063, 38 }, // c
    { 0x0064, 39 }, // d
    { 0x0065, 38 }, // e
    { 0x0066, 40 }, // f
    { 0x0067, 41 }, // g
    { 0x0068, 37 }, // h
    { 0x0069, 42 }, // i
    { 0x006A, 43 }, // j
    { 0x006B, 37 }, // k
    { 0x006C, 44 }, // l
    { 0x006D, 45 }, // m
    { 0x006E, 45 }, // n
    { 0x006F, 38 }, // o
    { 0x0070, 45 }, // p
    { 0x0071, 36 }, // q
    { 0x0072, 45 }, // r
    { 0x0073, 46 }, // s
    { 0x0074, 47 }, // t
    { 0x0075, 48 }, // u
    { 0x0076, 49 }, // v
    { 0x0077, 50 }, // w
    { 0x0078, 51 }, // x
    { 0x0079, 52 }, // y
    { 0x007A, 53 }, // z
    { 0x007C, 54 }, // |
    { 0x007D, 55 }, // }
    { 0x00A0, 56 }, // U+00A0
    { 0x00A9, 57 }, // U+00A9
    { 0x00AA, 58 }, // U+00AA
    { 0x00AB, 59 }, // U+00AB
    { 0x00AD, 60 }, // U+00AD
    { 0x00AE, 57 }, // U+00AE
    { 0x00B0, 61 }, // U+00B0
    { 0x00BA, 62 }, // U+00BA
    { 0x00BB, 63 }, // U+00BB
    { 0x00C0, 22 }, // U+00C0
    { 0x00C1, 22 }, // U+00C1
    { 0x00C2, 22 }, // U+00C2
    { 0x00C3, 22 }, // U+00C3
    { 0x00C4, 22 }, // U+00C4
    { 0x00C5, 22 }, // U+00C5
    { 0x00C6, 64 }, // U+00C6
    { 0x00C7, 24 }, // U+00C7
    { 0x00C8, 23 }, // U+00C8
    { 0x00C9, 23 }, // U+00C9
    { 0x00CA, 23 }, // U+00CA
    { 0x00CB, 23 }, // U+00CB
    { 0x00CC, 23 }, // U+00CC
    { 0x00CD, 23 }, // U+00CD
    { 0x00CE, 65 }, // U+00CE
    { 0x00CF, 66 }, // U+00CF
    { 0x00D0, 67 }, // U+00D0
    { 0x00D1, 23 }, // U+00D1
    { 0x00D2, 24 }, // U+00D2
    { 0x00D3, 24 }, // U+00D3
    { 0x00D4, 24 }, // U+00D4
    { 0x00D5, 24 }, // U+00D5
    { 0x00D6, 24 }, // U+00D6
    { 0x00D8, 24 }, // U+00D8
    { 0x00D9, 28 }, // U+00D9
    { 0x00DA, 28 }, // U+00DA
    { 0x00DB, 28 }, // U+00DB
    { 0x00DC, 28 }, // U+00DC
    { 0x00DD, 32 }, // U+00DD
    { 0x00DE, 23 }, // U+00DE
    { 0x00DF, 68 }, // U+00DF
    { 0x00E0, 36 }, // U+00E0
    { 0x00E1, 36 }, // U+00E1
    { 0x00E2, 36 }, // U+00E2
    { 0x00E3, 36 }, // U+00E3
    { 0x00E4, 36 }, // U+00E4
    { 0x00E5, 36 }, // U+00E5
    { 0x00E6, 69 }, // U+00E6
    { 0x00E7, 38 }, // U+00E7
    { 0x00E8, 70 }, // U+00E8
    { 0x00E9, 38 }, // U+00E9
    { 0x00EA, 71 }, // U+00EA
    { 0x00EB, 72 }, // U+00EB
    { 0x00EC, 73 }, // U+00EC
    { 0x00ED, 74 }, // U+00ED
    { 0x00EE, 75 }, // U+00EE
    { 0x00EF, 76 }, // U+00EF
    { 0x00F0, 77 }, // U+00F0
    { 0x00F1, 45 }, // U+00F1
    { 0x00F2, 78 }, // U+00F2
    { 0x00F3, 38 }, // U+00F3
    { 0x00F4, 38 }, // U+00F4
    { 0x00F5, 38 }, // U+00F5
    { 0x00F6, 79 }, // U+00F6
    { 0x00F8, 80 }, // U+00F8
    { 0x00F9, 81 }, // U+00F9
    { 0x00FA, 48 }, // U+00FA
    { 0x00FB, 48 }, // U+00FB
    { 0x00FC, 48 }, // U+00FC
    { 0x00FD, 52 }, // U+00FD
    { 0x00FE, 37 }, // U+00FE
    { 0x00FF, 82 }, // U+00FF
    { 0x0100, 22 }, // U+0100
    { 0x0101, 36 }, // U+0101
    { 0x0102, 22 }, // U+0102
    { 0x0103, 36 }, // U+0103
    { 0x0104, 22 }, // U+0104
    { 0x0105, 36 }, // U+0105
    { 0x0106, 24 }, // U+0106
    { 0x0107, 38 }, // U+0107
    { 0x0108, 24 }, // U+0108
    { 0x0109, 83 }, // U+0109
    { 0x010A, 24 }, // U+010A
    { 0x010B, 38 }, // U+010B
    { 0x010C, 24 }, // U+010C
    { 0x010D, 84 }, // U+010D
    { 0x010E, 23 }, // U+010E
    { 0x010F, 39 }, // U+010F
    { 0x0110, 67 }, // U+0110
    { 0x0111, 39 }, // U+0111
    { 0x0112, 23 }, // U+0112
    { 0x0113, 38 }, // U+0113
    { 0x0114, 23 }, // U+0114
    { 0x0115, 85 }, // U+0115
    { 0x0116, 23 }, // U+0116
    { 0x0117, 38 }, // U+0117
    { 0x0118, 23 }, // U+0118
    { 0x0119, 38 }, // U+0119
    { 0x011A, 23 }, // U+011A
    { 0x011B, 86 }, // U+011B
    { 0x011C, 24 }, // U+011C
    { 0x011D, 87 }, // U+011D
    { 0x011E, 24 }, // U+011E
    { 0x011F, 88 }, // U+011F
    { 0x0120, 24 }, // U+0120
    { 0x0121, 41 }, // U+0121
    { 0x0122, 24 }, // U+0122
    { 0x0123, 41 }, // U+0123
    { 0x0124, 23 }, // U+0124
    { 0x0125, 89 }, // U+0125
    { 0x0126, 90 }, // U+0126
    { 0x0127, 91 }, // U+0127
    { 0x0128, 92 }, // U+0128
    { 0x0129, 93 }, // U+0129
    { 0x012A, 94 }, // U+012A
    { 0x012B, 95 }, // U+012B
    { 0x012C, 23 }, // U+012C
    { 0x012D, 96 }, // U+012D
    { 0x012E, 23 }, // U+012E
    { 0x012F, 42 }, // U+012F
    { 0x0130, 23 }, // U+0130
    { 0x0131, 97 }, // U+0131
    { 0x0132, 23 }, // U+0132
    { 0x0133, 42 }, // U+0133
    { 0x0134, 25 }, // U+0134
    { 0x0135, 98 }, // U+0135
    { 0x0136, 23 }, // U+0136
    { 0x0137, 37 }, // U+0137
    { 0x0138, 45 }, // U+0138
    { 0x0139, 23 }, // U+0139
    { 0x013A, 44 }, // U+013A
    { 0x013B, 23 }, // U+013B
    { 0x013C, 44 }, // U+013C
    { 0x013D, 23 }, // U+013D
    { 0x013E, 44 }, // U+013E
    { 0x013F, 23 }, // U+013F
    { 0x0140, 44 }, // U+0140
    { 0x0141, 99 }, // U+0141
    { 0x0142, 100 }, // U+0142
    { 0x0143, 23 }, // U+0143
    { 0x0144, 45 }, // U+0144
    { 0x0145, 23 }, // U+0145
    { 0x0146, 45 }, // U+0146
    { 0x0147, 23 }, // U+0147
    { 0x0148, 101 }, // U+0148
    { 0x0149, 102 }, // U+0149
    { 0x014A, 23 }, // U+014A
    { 0x014B, 45 }, // U+014B
    { 0x014C, 24 }, // U+014C
    { 0x014D, 38 }, // U+014D
    { 0x014E, 24 }, // U+014E
    { 0x014F, 103 }, // U+014F
    { 0x0150, 24 }, // U+0150
    { 0x0151, 38 }, // U+0151
    { 0x0152, 24 }, // U+0152
    { 0x0153, 38 }, // U+0153
    { 0x0154, 23 }, // U+0154
    { 0x0155, 45 }, // U+0155
    { 0x0156, 23 }, // U+0156
    { 0x0157, 45 }, // U+0157
    { 0x0158, 23 }, // U+0158
    { 0x0159, 104 }, // U+0159
    { 0x015A, 26 }, // U+015A
    { 0x015B, 46 }, // U+015B
    { 0x015C, 26 }, // U+015C
    { 0x015D, 105 }, // U+015D
    { 0x015E, 26 }, // U+015E
    { 0x015F, 46 }, // U+015F
    { 0x0160, 26 }, // U+0160
    { 0x0161, 106 }, // U+0161
    { 0x0162, 27 }, // U+0162
    { 0x0163, 47 }, // U+0163
    { 0x0164, 27 }, // U+0164
    { 0x0165, 47 }, // U+0165
    { 0x0166, 107 }, // U+0166
    { 0x0167, 108 }, // U+0167
    { 0x0168, 28 }, // U+0168
    { 0x0169, 48 }, // U+0169
    { 0x016A, 28 }, // U+016A
    { 0x016B, 48 }, // U+016B
    { 0x016C, 28 }, // U+016C
    { 0x016D, 48 }, // U+016D
    { 0x016E, 28 }, // U+016E
    { 0x016F, 48 }, // U+016F
    { 0x0170, 28 }, // U+0170
    { 0x0171, 48 }, // U+0171
    { 0x0172, 28 }, // U+0172
    { 0x0173, 48 }, // U+0173
    { 0x0174, 30 }, // U+0174
    { 0x0175, 50 }, // U+0175
    { 0x0176, 32 }, // U+0176
    { 0x0177, 52 }, // U+0177
    { 0x0178, 32 }, // U+0178
    { 0x0179, 33 }, // U+0179
    { 0x017A, 53 }, // U+017A
    { 0x017B, 33 }, // U+017B
    { 0x017C, 53 }, // U+017C
    { 0x017D, 33 }, // U+017D
    { 0x017E, 109 }, // U+017E
    { 0x017F, 110 }, // U+017F
    { 0x01A0, 24 }, // U+01A0
    { 0x01A1, 38 }, // U+01A1
    { 0x01AF, 28 }, // U+01AF
    { 0x01B0, 48 }, // U+01B0
    { 0x01C4, 23 }, // U+01C4
    { 0x01C6, 39 }, // U+01C6
    { 0x01C7, 23 }, // U+01C7
    { 0x01C9, 44 }, // U+01C9
    { 0x01CA, 23 }, // U+01CA
    { 0x01CC, 45 }, // U+01CC
    { 0x01CD, 22 }, // U+01CD
    { 0x01CE, 36 }, // U+01CE
    { 0x01CF, 23 }, // U+01CF
    { 0x01D0, 111 }, // U+01D0
    { 0x01D1, 24 }, // U+01D1
    { 0x01D2, 112 }, // U+01D2
    { 0x01D3, 28 }, // U+01D3
    { 0x01D4, 81 }, // U+01D4
    { 0x01D5, 28 }, // U+01D5
    { 0x01D6, 48 }, // U+01D6
    { 0x01D7, 28 }, // U+01D7
    { 0x01D8, 48 }, // U+01D8
    { 0x01D9, 28 }, // U+01D9
    { 0x01DA, 48 }, // U+01DA
    { 0x01DB, 28 }, // U+01DB
    { 0x01DC, 48 }, // U+01DC
    { 0x01DD, 113 }, // U+01DD
    { 0x01DE, 22 }, // U+01DE
    { 0x01DF, 36 }, // U+01DF
    { 0x01E0, 22 }, // U+01E0
    { 0x01E1, 36 }, // U+01E1
    { 0x01E2, 64 }, // U+01E2
    { 0x01E3, 69 }, // U+01E3
    { 0x01E4, 24 }, // U+01E4
    { 0x01E5, 114 }, // U+01E5
    { 0x01E6, 24 }, // U+01E6
    { 0x01E7, 115 }, // U+01E7
    { 0x01E8, 23 }, // U+01E8
    { 0x01E9, 37 }, // U+01E9
    { 0x01EA, 24 }, // U+01EA
    { 0x01EB, 38 }, // U+01EB
    { 0x01EC, 24 }, // U+01EC
    { 0x01ED, 38 }, // U+01ED
    { 0x01EE, 116 }, // U+01EE
    { 0x01EF, 117 }, // U+01EF
    { 0x01F0, 118 }, // U+01F0
    { 0x01F1, 23 }, // U+01F1
    { 0x01F3, 39 }, // U+01F3
    { 0x01F4, 24 }, // U+01F4
    { 0x01F5, 41 }, // U+01F5
    { 0x01F7, 23 }, // U+01F7
    { 0x01F8, 23 }, // U+01F8
    { 0x01F9, 45 }, // U+01F9
    { 0x01FA, 22 }, // U+01FA
    { 0x01FB, 36 }, // U+01FB
    { 0x01FC, 64 }, // U+01FC
    { 0x01FD, 69 }, // U+01FD
    { 0x01FE, 24 }, // U+01FE
    { 0x01FF, 80 }, // U+01FF
    { 0x0200, 22 }, // U+0200
    { 0x0201, 36 }, // U+0201
    { 0x0202, 22 }, // U+0202
    { 0x0203, 36 }, // U+0203
    { 0x0204, 23 }, // U+0204
    { 0x0205, 119 }, // U+0205
    { 0x0206, 23 }, // U+0206
    { 0x0207, 38 }, // U+0207
    { 0x0208, 23 }, // U+0208
    { 0x0209, 120 }, // U+0209
    { 0x020A, 121 }, // U+020A
    { 0x020B, 122 }, // U+020B
    { 0x020C, 24 }, // U+020C
    { 0x020D, 123 }, // U+020D
    { 0x020E, 24 }, // U+020E
    { 0x020F, 38 }, // U+020F
    { 0x0210, 23 }, // U+0210
    { 0x0211, 124 }, // U+0211
    { 0x0212, 23 }, // U+0212
    { 0x0213, 45 }, // U+0213
    { 0x0214, 28 }, // U+0214
    { 0x0215, 125 }, // U+0215
    { 0x0216, 28 }, // U+0216
    { 0x0217, 48 }, // U+0217
    { 0x0218, 26 }, // U+0218
    { 0x0219, 46 }, // U+0219
    { 0x021A, 27 }, // U+021A
    { 0x021B, 47 }, // U+021B
    { 0x021C, 116 }, // U+021C
    { 0x021D, 126 }, // U+021D
    { 0x021E, 23 }, // U+021E
    { 0x021F, 37 }, // U+021F
    { 0x03BB, 127 }, // U+03BB
    { 0x0401, 128 }, // U+0401
    { 0x0402, 129 }, // U+0402
    { 0x0403, 128 }, // U+0403
    { 0x0404, 130 }, // U+0404
    { 0x0405, 131 }, // U+0405
    { 0x0406, 128 }, // U+0406
    { 0x0407, 132 }, // U+0407
    { 0x0408, 133 }, // U+0408
    { 0x0409, 134 }, // U+0409
    { 0x040A, 128 }, // U+040A
    { 0x040B, 129 }, // U+040B
    { 0x040C, 128 }, // U+040C
    { 0x040D, 128 }, // U+040D
    { 0x040E, 135 }, // U+040E
    { 0x040F, 128 }, // U+040F
    { 0x0410, 136 }, // U+0410
    { 0x0411, 128 }, // U+0411
    { 0x0412, 128 }, // U+0412
    { 0x0413, 128 }, // U+0413
    { 0x0414, 137 }, // U+0414
    { 0x0415, 128 }, // U+0415
    { 0x0416, 138 }, // U+0416
    { 0x0417, 139 }, // U+0417
    { 0x0418, 128 }, // U+0418
    { 0x0419, 128 }, // U+0419
    { 0x041A, 128 }, // U+041A
    { 0x041B, 134 }, // U+041B
    { 0x041C, 128 }, // U+041C
    { 0x041D, 128 }, // U+041D
    { 0x041E, 130 }, // U+041E
    { 0x041F, 128 }, // U+041F
    { 0x0420, 128 }, // U+0420
    { 0x0421, 130 }, // U+0421
    { 0x0422, 129 }, // U+0422
    { 0x0423, 135 }, // U+0423
    { 0x0424, 140 }, // U+0424
    { 0x0425, 141 }, // U+0425
    { 0x0426, 128 }, // U+0426
    { 0x0427, 142 }, // U+0427
    { 0x0428, 128 }, // U+0428
    { 0x0429, 128 }, // U+0429
    { 0x042A, 143 }, // U+042A
    { 0x042B, 128 }, // U+042B
    { 0x042C, 128 }, // U+042C
    { 0x042D, 144 }, // U+042D
    { 0x042E, 128 }, // U+042E
    { 0x042F, 145 }, // U+042F
    { 0x0430, 146 }, // U+0430
    { 0x0431, 147 }, // U+0431
    { 0x0432, 148 }, // U+0432
    { 0x0433, 149 }, // U+0433
    { 0x0434, 150 }, // U+0434
    { 0x0435, 148 }, // U+0435
    { 0x0436, 151 }, // U+0436
    { 0x0437, 152 }, // U+0437
    { 0x0438, 153 }, // U+0438
    { 0x0439, 154 }, // U+0439
    { 0x043A, 155 }, // U+043A
    { 0x043B, 156 }, // U+043B
    { 0x043C, 157 }, // U+043C
    { 0x043D, 155 }, // U+043D
    { 0x043E, 148 }, // U+043E
    { 0x043F, 155 }, // U+043F
    { 0x0440, 155 }, // U+0440
    { 0x0441, 148 }, // U+0441
    { 0x0442, 155 }, // U+0442
    { 0x0443, 158 }, // U+0443
    { 0x0444, 159 }, // U+0444
    { 0x0445, 160 }, // U+0445
    { 0x0446, 161 }, // U+0446
    { 0x0447, 162 }, // U+0447
    { 0x0448, 153 }, // U+0448
    { 0x0449, 161 }, // U+0449
    { 0x044A, 163 }, // U+044A
    { 0x044B, 161 }, // U+044B
    { 0x044C, 161 }, // U+044C
    { 0x044D, 164 }, // U+044D
    { 0x044E, 155 }, // U+044E
    { 0x044F, 165 }, // U+044F
    { 0x0451, 166 }, // U+0451
    { 0x0452, 167 }, // U+0452
    { 0x0453, 149 }, // U+0453
    { 0x0454, 148 }, // U+0454
    { 0x0455, 168 }, // U+0455
    { 0x0456, 169 }, // U+0456
    { 0x0457, 170 }, // U+0457
    { 0x0458, 171 }, // U+0458
    { 0x0459, 156 }, // U+0459
    { 0x045A, 155 }, // U+045A
    { 0x045B, 172 }, // U+045B
    { 0x045C, 155 }, // U+045C
    { 0x045D, 173 }, // U+045D
    { 0x045E, 174 }, // U+045E
    { 0x045F, 153 }, // U+045F
    { 0x0460, 175 }, // U+0460
    { 0x0461, 176 }, // U+0461
    { 0x0462, 177 }, // U+0462
    { 0x0463, 178 }, // U+0463
    { 0x0464, 128 }, // U+0464
    { 0x0465, 153 }, // U+0465
    { 0x0466, 179 }, // U+0466
    { 0x0467, 180 }, // U+0467
    { 0x0468, 128 }, // U+0468
    { 0x0469, 155 }, // U+0469
    { 0x046A, 181 }, // U+046A
    { 0x046B, 182 }, // U+046B
    { 0x046C, 128 }, // U+046C
    { 0x046D, 155 }, // U+046D
    { 0x046E, 183 }, // U+046E
    { 0x046F, 184 }, // U+046F
    { 0x0470, 185 }, // U+0470
    { 0x0471, 186 }, // U+0471
    { 0x0472, 130 }, // U+0472
    { 0x0473, 148 }, // U+0473
    { 0x0474, 187 }, // U+0474
    { 0x0475, 188 }, // U+0475
    { 0x0476, 187 }, // U+0476
    { 0x0477, 189 }, // U+0477
    { 0x0478, 130 }, // U+0478
    { 0x0479, 148 }, // U+0479
    { 0x047A, 130 }, // U+047A
    { 0x047B, 148 }, // U+047B
    { 0x047C, 175 }, // U+047C
    { 0x047D, 190 }, // U+047D
    { 0x047E, 175 }, // U+047E
    { 0x047F, 176 }, // U+047F
    { 0x0480, 130 }, // U+0480
    { 0x0481, 148 }, // U+0481
    { 0x048A, 128 }, // U+048A
    { 0x048B, 153 }, // U+048B
    { 0x048C, 191 }, // U+048C
    { 0x048D, 153 }, // U+048D
    { 0x048E, 128 }, // U+048E
    { 0x048F, 155 }, // U+048F
    { 0x0490, 128 }, // U+0490
    { 0x0491, 192 }, // U+0491
    { 0x0492, 128 }, // U+0492
    { 0x0493, 193 }, // U+0493
    { 0x0494, 128 }, // U+0494
    { 0x0495, 155 }, // U+0495
    { 0x0496, 138 }, // U+0496
    { 0x0497, 151 }, // U+0497
    { 0x0498, 139 }, // U+0498
    { 0x0499, 152 }, // U+0499
    { 0x049A, 128 }, // U+049A
    { 0x049B, 155 }, // U+049B
    { 0x049C, 128 }, // U+049C
    { 0x049D, 155 }, // U+049D
    { 0x049E, 194 }, // U+049E
    { 0x049F, 155 }, // U+049F
    { 0x04A0, 129 }, // U+04A0
    { 0x04A1, 195 }, // U+04A1
    { 0x04A2, 128 }, // U+04A2
    { 0x04A3, 155 }, // U+04A3
    { 0x04A4, 128 }, // U+04A4
    { 0x04A5, 155 }, // U+04A5
    { 0x04A6, 128 }, // U+04A6
    { 0x04A7, 155 }, // U+04A7
    { 0x04A8, 130 }, // U+04A8
    { 0x04A9, 148 }, // U+04A9
    { 0x04AA, 130 }, // U+04AA
    { 0x04AB, 148 }, // U+04AB
    { 0x04AC, 129 }, // U+04AC
    { 0x04AD, 155 }, // U+04AD
    { 0x04AE, 196 }, // U+04AE
    { 0x04AF, 197 }, // U+04AF
    { 0x04B0, 198 }, // U+04B0
    { 0x04B1, 199 }, // U+04B1
    { 0x04B2, 141 }, // U+04B2
    { 0x04B3, 160 }, // U+04B3
    { 0x04B4, 129 }, // U+04B4
    { 0x04B5, 200 }, // U+04B5
    { 0x04B6, 142 }, // U+04B6
    { 0x04B7, 162 }, // U+04B7
    { 0x04B8, 142 }, // U+04B8
    { 0x04B9, 162 }, // U+04B9
    { 0x04BA, 128 }, // U+04BA
    { 0x04BB, 201 }, // U+04BB
    { 0x04BC, 202 }, // U+04BC
    { 0x04BD, 203 }, // U+04BD
    { 0x04BE, 202 }, // U+04BE
    { 0x04BF, 203 }, // U+04BF
    { 0x04C0, 204 }, // U+04C0
    { 0x04C1, 138 }, // U+04C1
    { 0x04C2, 151 }, // U+04C2
    { 0x04C3, 128 }, // U+04C3
    { 0x04C4, 155 }, // U+04C4
    { 0x04C5, 134 }, // U+04C5
    { 0x04C6, 156 }, // U+04C6
    { 0x04C7, 128 }, // U+04C7
    { 0x04C8, 155 }, // U+04C8
    { 0x04C9, 128 }, // U+04C9
    { 0x04CA, 155 }, // U+04CA
    { 0x04CB, 142 }, // U+04CB
    { 0x04CC, 162 }, // U+04CC
    { 0x04CD, 128 }, // U+04CD
    { 0x04CE, 157 }, // U+04CE
    { 0x04CF, 128 }, // U+04CF
    { 0x04D0, 136 }, // U+04D0
    { 0x04D1, 205 }, // U+04D1
    { 0x04D2, 136 }, // U+04D2
    { 0x04D3, 205 }, // U+04D3
    { 0x04D4, 206 }, // U+04D4
    { 0x04D5, 146 }, // U+04D5
    { 0x04D6, 128 }, // U+04D6
    { 0x04D7, 207 }, // U+04D7
    { 0x04D8, 208 }, // U+04D8
    { 0x04D9, 209 }, // U+04D9
    { 0x04DA, 208 }, // U+04DA
    { 0x04DB, 210 }, // U+04DB
    { 0x04DC, 138 }, // U+04DC
    { 0x04DD, 151 }, // U+04DD
    { 0x04DE, 139 }, // U+04DE
    { 0x04DF, 211 }, // U+04DF
    { 0x04E0, 212 }, // U+04E0
    { 0x04E1, 213 }, // U+04E1
    { 0x04E2, 128 }, // U+04E2
    { 0x04E3, 214 }, // U+04E3
    { 0x04E4, 128 }, // U+04E4
    { 0x04E5, 153 }, // U+04E5
    { 0x04E6, 215 }, // U+04E6
    { 0x04E7, 216 }, // U+04E7
    { 0x04E8, 130 }, // U+04E8
    { 0x04E9, 148 }, // U+04E9
    { 0x04EA, 130 }, // U+04EA
    { 0x04EB, 217 }, // U+04EB
    { 0x04EC, 144 }, // U+04EC
    { 0x04ED, 218 }, // U+04ED
    { 0x04EE, 135 }, // U+04EE
    { 0x04EF, 219 }, // U+04EF
    { 0x04F0, 135 }, // U+04F0
    { 0x04F1, 220 }, // U+04F1
    { 0x04F2, 135 }, // U+04F2
    { 0x04F3, 158 }, // U+04F3
    { 0x04F4, 142 }, // U+04F4
    { 0x04F5, 221 }, // U+04F5
    { 0x04F6, 128 }, // U+04F6
    { 0x04F7, 149 }, // U+04F7
    { 0x04F8, 128 }, // U+04F8
    { 0x04F9, 153 }, // U+04F9
    { 0x04FA, 128 }, // U+04FA
    { 0x04FB, 153 }, // U+04FB
    { 0x04FC, 141 }, // U+04FC
    { 0x04FD, 160 }, // U+04FD
    { 0x04FE, 222 }, // U+04FE
    { 0x04FF, 223 }, // U+04FF
    { 0x1EA0, 22 }, // U+1EA0
    { 0x1EA1, 36 }, // U+1EA1
    { 0x1EA2, 22 }, // U+1EA2
    { 0x1EA3, 36 }, // U+1EA3
    { 0x1EA4, 22 }, // U+1EA4
    { 0x1EA5, 36 }, // U+1EA5
    { 0x1EA6, 22 }, // U+1EA6
    { 0x1EA7, 224 }, // U+1EA7
    { 0x1EA8, 22 }, // U+1EA8
    { 0x1EA9, 36 }, // U+1EA9
    { 0x1EAA, 22 }, // U+1EAA
    { 0x1EAB, 36 }, // U+1EAB
    { 0x1EAC, 22 }, // U+1EAC
    { 0x1EAD, 36 }, // U+1EAD
    { 0x1EAE, 22 }, // U+1EAE
    { 0x1EAF, 225 }, // U+1EAF
    { 0x1EB0, 22 }, // U+1EB0
    { 0x1EB1, 225 }, // U+1EB1
    { 0x1EB2, 22 }, // U+1EB2
    { 0x1EB3, 225 }, // U+1EB3
    { 0x1EB4, 22 }, // U+1EB4
    { 0x1EB5, 225 }, // U+1EB5
    { 0x1EB6, 22 }, // U+1EB6
    { 0x1EB7, 36 }, // U+1EB7
    { 0x1EB8, 23 }, // U+1EB8
    { 0x1EB9, 38 }, // U+1EB9
    { 0x1EBA, 23 }, // U+1EBA
    { 0x1EBB, 38 }, // U+1EBB
    { 0x1EBC, 23 }, // U+1EBC
    { 0x1EBD, 38 }, // U+1EBD
    { 0x1EBE, 23 }, // U+1EBE
    { 0x1EBF, 226 }, // U+1EBF
    { 0x1EC0, 23 }, // U+1EC0
    { 0x1EC1, 227 }, // U+1EC1
    { 0x1EC2, 23 }, // U+1EC2
    { 0x1EC3, 228 }, // U+1EC3
    { 0x1EC4, 23 }, // U+1EC4
    { 0x1EC5, 226 }, // U+1EC5
    { 0x1EC6, 23 }, // U+1EC6
    { 0x1EC7, 226 }, // U+1EC7
    { 0x1EC8, 23 }, // U+1EC8
    { 0x1EC9, 229 }, // U+1EC9
    { 0x1ECA, 23 }, // U+1ECA
    { 0x1ECB, 42 }, // U+1ECB
    { 0x1ECC, 24 }, // U+1ECC
    { 0x1ECD, 38 }, // U+1ECD
    { 0x1ECE, 24 }, // U+1ECE
    { 0x1ECF, 38 }, // U+1ECF
    { 0x1ED0, 24 }, // U+1ED0
    { 0x1ED1, 230 }, // U+1ED1
    { 0x1ED2, 24 }, // U+1ED2
    { 0x1ED3, 231 }, // U+1ED3
    { 0x1ED4, 24 }, // U+1ED4
    { 0x1ED5, 230 }, // U+1ED5
    { 0x1ED6, 24 }, // U+1ED6
    { 0x1ED7, 230 }, // U+1ED7
    { 0x1ED8, 24 }, // U+1ED8
    { 0x1ED9, 230 }, // U+1ED9
    { 0x1EDA, 24 }, // U+1EDA
    { 0x1EDB, 38 }, // U+1EDB
    { 0x1EDC, 24 }, // U+1EDC
    { 0x1EDD, 78 }, // U+1EDD
    { 0x1EDE, 24 }, // U+1EDE
    { 0x1EDF, 38 }, // U+1EDF
    { 0x1EE0, 24 }, // U+1EE0
    { 0x1EE1, 38 }, // U+1EE1
    { 0x1EE2, 24 }, // U+1EE2
    { 0x1EE3, 38 }, // U+1EE3
    { 0x1EE4, 28 }, // U+1EE4
    { 0x1EE5, 48 }, // U+1EE5
    { 0x1EE6, 28 }, // U+1EE6
    { 0x1EE7, 48 }, // U+1EE7
    { 0x1EE8, 28 }, // U+1EE8
    { 0x1EE9, 48 }, // U+1EE9
    { 0x1EEA, 28 }, // U+1EEA
    { 0x1EEB, 48 }, // U+1EEB
    { 0x1EEC, 28 }, // U+1EEC
    { 0x1EED, 48 }, // U+1EED
    { 0x1EEE, 28 }, // U+1EEE
    { 0x1EEF, 48 }, // U+1EEF
    { 0x1EF0, 28 }, // U+1EF0
    { 0x1EF1, 48 }, // U+1EF1
    { 0x1EF2, 32 }, // U+1EF2
    { 0x1EF3, 52 }, // U+1EF3
    { 0x1EF4, 32 }, // U+1EF4
    { 0x1EF5, 52 }, // U+1EF5
    { 0x1EF6, 32 }, // U+1EF6
    { 0x1EF7, 52 }, // U+1EF7
    { 0x1EF8, 32 }, // U+1EF8
    { 0x1EF9, 52 }, // U+1EF9
    { 0x2014, 60 }, // U+2014
    { 0x2015, 60 }, // U+2015
    { 0x2018, 232 }, // U+2018
    { 0x2019, 233 }, // U+2019
    { 0x201A, 234 }, // U+201A
    { 0x201B, 235 }, // U+201B
    { 0x201C, 232 }, // U+201C
    { 0x201D, 233 }, // U+201D
    { 0x201E, 234 }, // U+201E
    { 0x201F, 236 }, // U+201F
    { 0x2026, 7 }, // U+2026
    { 0x2039, 59 }, // U+2039
    { 0x203A, 63 }, // U+203A
    { 0x203C, 1 }, // U+203C
    { 0x203D, 237 }, // U+203D
    { 0x2219, 238 }, // U+2219
    { 0xFB00, 40 }, // U+FB00
    { 0xFB01, 239 }, // U+FB01
    { 0xFB02, 240 }, // U+FB02
    { 0xFB03, 40 }, // U+FB03
    { 0xFB04, 110 }, // U+FB04
};

static const int8_t lato_16_bolditalicKernMatrix[] = {
       0,    0,  -12,    0,    0,  -54,  -54,  -27,    0,    0,    0,    0,  -18,    0,    0,    0,    0,    0,    0,    0,    0,  -33,    0,    0,  -38,    0,    0,    0,    0,    0,    0,    0,    0,    0,    0,  -19,    0,  -14,  -17,    0,  -11,    0,    0,    0,    0,   -8,    0,    0,    0,    0,    0,    0,    0,    0,    0,    0,    0,    0,  -16,  -18,    0,    0,    0,  -47,    0,    0,    0,    0,  -19,  -14,  -14,  -14,   11,    0,   14,   10,  -15,  -14,  -14,  -14,    0,    0,  -14,  -14,  -14,  -14,  -11,  -11,    0,   -1,    0,    0,    7,    0,    0,    0,    0,   11,   -1,    0,    0,    0,  -14,    0,   -8,   -8,    0,    0,    0,    0,   18,  -14,    0,  -11,  -11,    0,    0,   17,  -26,   47,    0,    8,  -14,   17,    0,    0,    0,    0,    0,    0,    0,    0,  -35,  -34,    0,  -34,  -35,    0,    0,    0,    0,    0,    0,    0,    0,  -19,    0,  -14,    0,  -14,    0,   -1,    0,    0,    0,  -29,   -8,    0,  -15,    0,    0,    0,    0,    0,  -13,  -14,    0,   -8,    0,   11,    0,    0,    0,    0,    0,    0,    0,    0,    0,    0,    0,    0,    0,    0,    0,    0,    0,    0,    0,    0,    0,  -21,    0,    0,    0,    0,    0,    0,    0,    0,    0,    0,   -3,    0,  -19,  -47,  -14,    0,   -6,   -6,   -1,    0,    0,    0,    0,  -14,  -14,    0,    0,    0,    0,    0,    0,  -19,  -19,  -14,  -15,  -14,    0,  -14,  -22,    0,    0,  -54,    0,    0,    0,    0,    0,    0,
       0,  -15,    0,    0,    0,    0,    0,    0,    0,    0,    0,    0,    0,    0,    0,    0,    0,    0,    0,    0,    0,   17,    0,    0,    3,    0,  -24,    0,  -22,  -15,   18,  -29,    7,    0,    0,    0,    0,    0,    0,    0,    8,    0,    0,    0,    0,    0,    0,    0,   -2,    0,   15,   -2,    0,    0,    0,    0,    0,    0,    0,    0,    0,    0,    0,   16,    0,    0,    0,    0,    0,    0,    0,    0,    0,    0,    0,    0,    0,    0,    0,    0,    0,   -2,    0,    0,    0,    0,    8,    8,    0,    0,    0,    0,    0,    0,    0,    0,    0,    0,    0,    0,    0,    0,    0,    0,    0,    0,  -19,    0,    0,    0,    0,    0,    0,   18,    8,    0,   -2,    0,    0,    0,    0,    0,    0,    0,    0,   -2,    0,    0,    0,    0,    0,    0,    0,    0,    0,    0,    0,    0,    0,    0,    0,    0,    0,    0,    0,    0,    0,    0,    0,    0,    0,    0,    0,    0,    0,    0,    0,    0,    0,    0,    0,    0,    0,    0,    0,    0,    0,    0,    0,    0,    0,    0,    0,    0,    0,    0,    0,    0,    0,    0,    0,    0,    0,    0,    0,    0,    0,    0,    0,    0,    0,    0,    0,    0,    0,    0,    0,    0,    0,    0,    0,    0,    0,    0,    0,    0,    0,    0,    0,    0,    0,    0,    0,    0,    0,    0,    0,    0,    0,    0,    0,    0,    0,    0,    0,    0,    0,    0,    0,    0,    0,    0,  -16,    0,  -19,  -19,    0,    0,    0,    0,
       0,    0,    0,    0,    0,    0,    0,    0,   -2,    0,    0,    0,  -10,    0,    0,    0,    0,    0,    0,    0,    0,    0,    0,  -10,    0,    0,    0,    0,    0,    0,    0,    0,    0,    0,    0,  -14,    0,  -14,  -14,    0,    0,    0,   10,    0,   -2,   -2,   -8,  -10,  -11,  -10,    0,   -2,    0,    0,    0,    0,    0,    0,    0,    0,    0,    0,    0,    0,    0,    0,    0,    0,  -14,  -14,  -14,  -14,   18,    0,    0,   10,  -13,  -14,  -14,  -14,  -10,   -2,  -14,  -14,  -14,  -14,    0,    0,    8,    0,    0,    0,    0,    0,    4,    7,    0,   10,    0,    0,   -2,    2,  -14,   -2,   -2,   -2,    0,   -8,    0,    0,   23,  -14,  -11,    0,    0,    0,    6,   22,   -4,   59,    0,    0,   -5,   22,  -10,    6,    0,    0,    0,  -10,    0,    0,    0,    0,    4,    0,    0,    0,    0,  -11,    0,    0,    0,    0,    0,  -14,  -11,  -14,  -10,  -14,    0,    0,  -10,  -10,    0,    0,    0,   -2,  -14,    0,  -10,  -12,  -13,   -2,    0,  -14,    0,   -2,    0,   12,   10,    0,  -10,   -2,    0,    0,    0,    0,    0,    0,    0,    0,    0,    0,    0,    0,    0,    0,    0,    0,    0,    0,  -10,    0,  -11,    0,  -10,    0,  -10,  -11,    0,  -10,  -12,    0,  -14,    0,  -14,    0,  -11,  -11,    0,    0,    4,  -10,  -10,  -14,  -14,   -2,   -2,   -2,  -12,    0,    0,  -14,  -14,  -14,    7,  -14,    0,  -14,    1,    0,    0,    0,    0,    0,    0,    0,    0,    0,
       0,    0,    0,    0,    0,    0,    0,    0,    0,    0,    0,    0,    0,    0,    0,    0,    0,    0,    0,    0,    0,  -33,    0,    0,  -38,    0,    0,    0,    0,    0,    0,    0,    0,    0,    0,  -21,    0,  -16,  -18,    0,  -14,    0,    0,    0,   -1,  -11,    0,    0,    0,    0,    0,    0,    0,    0,    0,    0,    0,    0,    0,    0,    0,    0,    0,  -47,    0,    0,    0,    0,  -21,  -16,  -16,  -16,    0,    0,    3,   15,  -17,  -16,  -16,  -16,    0,    0,  -16,  -16,  -16,  -16,  -14,  -14,    0,   -2,    8,    0,   11,    0,    5,    0,    0,    0,   -2,    0,   -1,    3,  -16,   -1,  -11,  -11,    0,    0,    0,    0,    0,  -16,    0,  -14,  -14,    0,    0,    0,  -16,   29,    0,   12,  -16,   -1,    0,    0,   -9,    0,    0,    0,    0,    0,  -35,  -34,    0,  -34,  -36,    0,    0,    0,    0,    0,    0,    0,    0,  -21,    0,  -16,   -2,  -16,   -2,   -3,    0,    0,   -1,  -31,  -11,    0,  -17,    0,    0,    0,    0,   -2,  -16,  -16,    8,  -11,    0,   16,    0,    8,    0,    0,    0,    0,    0,    0,    0,    0,    0,    0,    0,    0,    0,    0,    0,    0,    0,    0,    0,  -22,   -2,    5,    0,    0,    0,    0,    0,    0,   -1,    0,   -5,    0,  -21,  -47,  -16,   -2,   -9,   -9,   -3,    0,    0,    0,    0,  -16,  -16,   -2,    0,    0,    0,    0,    0,  -21,  -21,  -16,  -16,  -16,    0,  -16,  -16,    0,    0,    0,    0,    0,    0,    0,    0,    0,
       0,  -54,    0,    0,    0,    0,    0,    0,  -14,  -26,    0,    0,   -2,    0,   -2,   -2,  -10,    0,    0,    0,    0,    0,    0,  -18,    0,    0,  -35,  -15,  -40,  -29,    0,  -42,    0,    0,    0,    0,    0,    0,    0,   -6,    0,    0,    0,    0,    0,    0,   -8,    0,  -23,  -15,    0,  -23,    0,    0,    0,    0,    0,    0,    0,    0,    0,    0,    0,    0,    0,    0,    0,   -6,    0,    0,    0,    0,    0,    0,    0,    0,    0,    0,    0,    0,    0,  -23,    0,    0,    0,    0,    0,    0,    0,   -3,    0,    0,    0,    0,    0,    0,    0,    0,   -3,    0,    0,    0,    0,    0,    0,    0,  -35,   -8,    0,   -6,    0,    0,    0,    0,    0,    0,   -9,    0,    0,    0,    0,    0,    0,    0,    0,   -9,    0,    0,  -35,  -18,    0,    0,    0,    0,  -17,    0,    0,    0,    0,  -19,    0,  -52,  -33,    0,    0,    0,   -9,    0,    0,    0,    0,    0,    0,    0,    0,    0,    0,  -23,    0,    0,    0,  -19,  -19,    0,    0,    0,    0,    0,    0,    0,    0,    0,    0,  -23,    0,    0,    0,    0,    0,    0,    0,    0,    0,    0,    0,    0,    0,    0,    0,    0,    0,    0,    0,    0,  -20,  -42,  -23,  -38,  -23,  -25,    0,  -39,  -21,    0,    0,    0,    0,  -12,    0,    0,    0,    0,  -11,    0,  -18,    0,    0,    0,  -23,  -23,  -19,    0,    0,    0,    0,    0,    0,    0,    0,    0,    0,  -56,  -57,    0,  -60,  -63,    0,    0,   -6,   -6,
       0,  -54,    0,    0,    0,    0,    0,    0,  -13,  -26,    0,   -2,   -2,    0,   -9,   -2,  -11,    0,    0,    0,    0,    0,    0,  -17,    0,    0,  -35,  -14,  -39,  -29,    0,  -42,    0,    0,    0,    0,    0,    0,    0,   -6,    0,    0,    0,    0,    0,    0,   -7,    0,  -22,  -15,    0,  -23,    0,    0,    0,    0,    0,    0,    0,  -19,    0,    0,    0,    0,    0,    0,    0,   -6,    0,    0,    0,    0,    0,    0,    0,    0,    0,    0,    0,    0,    0,  -23,    0,    0,    0,    0,    0,    0,    0,   -3,    0,    0,    0,    0,    0,    0,    0,    0,   -3,    0,    0,    0,    0,    0,    0,    0,  -35,   -7,    0,   -6,    0,    0,    0,    0,    0,    0,  -15,    0,    0,    0,    0,    0,    0,    0,    0,  -15,    0,    0,  -35,  -17,    0,    0,    0,    0,  -18,    0,    0,    0,    0,  -19,    0,  -54,  -33,    0,    0,    0,   -8,    0,    0,    0,    0,    0,    0,    0,    0,    0,    0,  -23,    0,    0,    0,  -19,  -19,    0,    0,    0,    0,    0,    0,    0,    0,    0,    0,  -23,    0,    0,    0,    0,    0,    0,    0,    0,    0,    0,    0,    0,    0,    0,    0,    0,    0,    0,    0,    0,  -20,  -42,  -23,  -39,  -23,  -24,    0,  -39,  -21,    0,    0,    0,    0,  -12,    0,    0,    0,    0,  -17,    0,  -17,    0,    0,    0,  -23,  -23,  -19,    0,    0,    0,    0,    0,    0,    0,    0,    0,    0,  -56,  -57,    0,  -60,  -63,    0,    0,   -6,   -6,
       0,    0,    0,    0,    0,    0,    0, -110,    0,    0,    0,    0,  -17,    0,    0,    0,    0,    0,    0,    0,    0,  -26,    0,    0,  -25,    0,    0,    0,    3,    0,    0,    3,    0,    0,    0,  -24,    0,  -21,  -22,    0,  -20,    0,    0,    0,  -13,  -18,    0,  -11,    0,    0,   -9,    0,   -9,    0,    0,    0,    0,    0,    0,    0,    0,    0,    0,  -35,    0,    0,    0,    0,  -24,  -21,  -21,  -21,   18,    0,    0,    9,  -16,  -21,  -21,  -21,  -11,    0,  -21,  -21,  -21,  -21,  -20,  -20,    0,    0,    0,    0,    0,    0,    3,    9,    0,    0,    0,    0,  -13,    1,  -21,  -13,  -18,  -18,    0,    0,   -9,    0,   24,  -21,    0,  -20,  -20,    0,    0,   24,   -7,   60,    0,    0,   -8,   21,  -11,    0,    0,    0,    0,    0,    0,    0,  -27,  -23,    5,  -28,  -25,    0,    0,    0,    0,    0,    0,    0,   -7,  -24,   -7,  -21,  -15,  -21,  -12,  -15,  -11,  -11,  -13,  -37,  -19,    0,  -21,   -9,  -11,    0,   -7,  -12,  -23,  -21,    0,  -18,    0,   10,    0,    0,  -11,    0,    0,    0,    0,    0,    0,    0,    0,    0,    0,    0,    0,    0,    0,    0,    0,    0,    0,  -29,  -15,    0,    0,    3,    0,    0,    0,    0,  -12,    0,   -3,    0,  -24,  -35,  -21,    0,  -15,  -15,  -15,    0,    0,  -11,    0,  -21,  -21,   -6,    0,    0,    0,    0,   -9,  -18,  -24,  -21,    5,  -21,    0,  -21,   -2,    0,    0,    0,    0,    0,    0,    0,    0,    0,
       0,    0,    0,   -9,    0,  -10,  -10,    0,    0,    0,    0,    0,    0,    0,   -2,    0,    0,    0,    0,    0,    0,    0,    0,    0,    0,    0,    0,    0,    0,    0,    0,    0,    0,    0,  -11,    0,    0,    0,    0,    0,    0,    0,    0,    0,    0,    0,    0,    0,    0,    0,    0,    0,    0,    0,   -9,    0,    0,    0,    0,    0,    0,    0,    0,    0,    0,    0,    0,    0,    0,    0,    0,    0,    0,    0,    0,    0,    0,    0,    0,    0,    0,    0,    0,    0,    0,    0,    0,    0,    0,    0,    0,    0,    0,    0,    0,    0,    0,    0,    0,    0,    0,    0,    0,    0,    0,    0,    0,    0,    0,    0,    0,    0,    0,    0,    0,    0,    0,    0,    0,    0,    0,    0,    0,    0,    0,    0,    0,    0,    0,    0,    0,    0,    0,    0,    0,    0,    0,    0,    0,    0,    0,    0,    0,    0,    0,    0,    0,    0,    0,    0,    0,    0,    0,    0,    0,    0,    0,    0,    0,    0,    0,    0,    0,    0,    0,    0,    0,    0,    0,    0,    0,    0,    0,    0,    0,    0,    0,    0,    0,    0,    0,    0,    0,    0,    0,    0,    0,    0,    0,    0,    0,    0,    0,    0,    0,    0,    0,    0,    0,    0,    0,    0,    0,    0,    0,    0,    0,    0,    0,    0,    0,    0,    0,    0,    0,    0,    0,    0,    0,    0,    0,    0,    0,    0,    0,    0,    0,    0,    0,    0,    0,    0,    0,    0,    0,    0,    0,    0,    0,    0,
       0,    0,    0,    0,    0,    0,    0,    0,    0,    0,    0,    0,   -2,    0,    0,    0,    0,    0,    0,    0,    0,    0,    0,    0,    0,    0,    0,    0,    0,    0,    0,    0,    0,    0,    0,    0,    0,    0,    0,    0,    0,    0,    0,    0,    0,    0,    0,    0,    0,    0,    0,    0,    0,    0,    0,    0,    0,    0,    0,    0,    0,    0,    0,    0,    0,    0,    0,    0,    0,    0,    0,    0,    0,    0,    0,    0,    0,    0,    0,    0,    0,    0,    0,    0,    0,    0,    0,    0,    0,    0,    0,    0,    0,    0,    0,    0,    0,    0,    0,    0,    0,    0,    0,    0,    0,    0,    0,    0,    0,    0,    0,    0,    0,    0,    0,    0,    0,    0,    0,    0,    0,    0,    0,    0,    0,    0,    0,    0,    0,    0,    0,    0,    0,    0,    0,    0,    0,    0,    0,    0,    0,    0,    0,    0,    0,    0,    0,    0,    0,    0,    0,    0,    0,    0,    0,    0,    0,    0,    0,    0,    0,    0,    0,    0,    0,    0,    0,    0,    0,    0,    0,    0,    0,    0,    0,    0,    0,    0,    0,    0,    0,    0,    0,    0,    0,    0,    0,    0,    0,    0,    0,    0,    0,    0,    0,    0,    0,    0,    0,    0,    0,    0,    0,    0,    0,    0,    0,    0,    0,    0,    0,    0,    0,    0,    0,    0,    0,    0,    0,    0,    0,    0,    0,    0,    0,    0,    0,    0,    0,    0,    0,    0,    0,    0,    0,    0,    0,   -2,    0,    0,
       0,    0,    0,    0,    0,    0,    0,    0,    0,    0,    0,    0,    0,    0,    0,    0,    0,    0,    0,    0,    0,    0,    0,    0,    0,    0,    0,    0,    0,    0,    0,    0,    0,    0,   -2,    0,    0,    0,    0,    0,    0,    0,    0,    0,    0,    0,    0,    0,    0,    0,    0,    0,    0,    0,   -2,    0,    0,    0,    0,    0,    0,    0,    0,    0,    0,    0,    0,    0,    0,    0,    0,    0,    0,    0,    0,    0,    0,    0,    0,    0,    0,    0,    0,    0,    0,    0,    0,    0,    0,    0,    0,    0,    0,    0,    0,    0,    0,    0,    0,    0,    0,    0,    0,    0,    0,    0,    0,    0,    0,    0,    0,    0,    0,    0,    0,    0,    0,    0,    0,    0,    0,    0,    0,    0,    0,    0,    0,    0,    0,    0,    0,    0,    0,    0,    0,    0,    0,    0,    0,    0,    0,    0,    0,    0,    0,    0,    0,    0,    0,    0,    0,    0,    0,    0,    0,    0,    0,    0,    0,    0,    0,    0,    0,    0,    0,    0,    0,    0,    0,    0,    0,    0,    0,    0,    0,    0,    0,    0,    0,    0,    0,    0,    0,    0,    0,    0,    0,    0,    0,    0,    0,    0,    0,    0,    0,    0,    0,    0,    0,    0,    0,    0,    0,    0,    0,    0,    0,    0,    0,    0,    0,    0,    0,    0,    0,    0,    0,    0,    0,    0,    0,    0,    0,    0,    0,    0,    0,    0,    0,    0,    0,    0,    0,    0,    0,    0,    0,    0,    0,    0,
       0,   -3,    0,   -2,    0,    0,    0,    0,    0,   -2,    0,    0,    0,    0,   -2,    0,   -2,    0,    0,    0,    0,    0,    0,    0,    0,    0,    0,    0,    0,    0,    0,    0,    0,   -2,   -2,    0,    0,    0,    0,    0,    0,    0,    0,    0,    0,    0,    0,    0,    0,    0,    0,    0,    0,    0,    0,    0,    0,    0,    0,    0,   -3,    0,    0,    0,    0,    0,    0,    0,    0,    0,    0,    0,    0,    0,    0,    0,    0,    0,    0,    0,    0,    0,    0,    0,    0,    0,    0,    0,    0,    0,    0,    0,    0,    0,    0,    0,    0,    0,    0,    0,    0,    0,    0,    0,    0,    0,    0,    0,    0,    0,    0,    0,    0,    0,    0,    0,    0,    0,    0,    0,    0,    0,    0,    0,    0,    0,    0,    0,    0,    0,    0,    0,    0,    0,    0,    0,    0,    0,    0,    0,    0,    0,    0,    0,    0,    0,    0,    0,    0,    0,    0,    0,    0,    0,    0,    0,    0,    0,    0,    0,    0,    0,    0,    0,    0,    0,    0,    0,    0,    0,    0,    0,    0,    0,    0,    0,    0,    0,    0,    0,    0,    0,    0,    0,    0,    0,    0,    0,    0,    0,    0,    0,    0,    0,    0,    0,    0,    0,    0,    0,    0,    0,    0,    0,    0,    0,    0,    0,    0,    0,    0,    0,    0,    0,    0,    0,    0,    0,    0,    0,    0,    0,    0,    0,    0,    0,    0,    0,    0,    0,    0,    0,    0,    0,    0,    0,    0,    0,    0,    0,
       0,    0,    0,    0,    0,  -37,  -37,  -31,    0,    0,    0,    0,  -18,    0,    0,    0,    0,    0,    0,    0,    0,    0,    0,    0,    0,    0,    0,    0,    0,    0,    0,    0,    0,    0,    0,    0,    0,    0,    0,    0,    0,    0,    0,    0,    0,    0,    0,    0,    0,    0,    0,    0,    0,    0,    0,    0,    0,    0,    0,  -17,    0,    0,    0,    0,    0,    0,    0,    0,    0,    0,    0,    0,    0,    0,    0,    0,    0,    0,    0,    0,    0,    0,    0,    0,    0,    0,    0,    0,    0,    0,    0,    0,    0,    0,    0,    0,    0,    0,    0,    0,    0,    0,    0,    0,    0,    0,    0,    0,    0,    0,    0,    0,    0,    0,    0,    0,    0,    0,    0,    0,    0,    0,    0,    0,    0,    0,    0,    0,    0,    0,    0,    0,    0,    0,    0,    0,    0,    0,    0,    0,    0,    0,    0,    0,    0,    0,    0,    0,    0,    0,    0,    0,    0,    0,    0,    0,    0,    0,    0,    0,    0,    0,    0,    0,    0,    0,    0,    0,    0,    0,    0,    0,    0,    0,    0,    0,    0,    0,    0,    0,    0,    0,    0,    0,    0,    0,    0,    0,    0,    0,    0,    0,    0,    0,    0,    0,    0,    0,    0,    0,    0,    0,    0,    0,    0,    0,    0,    0,    0,    0,    0,    0,    0,    0,    0,    0,    0,    0,    0,    0,    0,    0,    0,    0,    0,    0,    0,    0,    0,    0,    0,    0,    0,    0,    0,    0,    0,  -17,    0,    0,
       0,    0,    0,    0,    0,  -29,  -29,  -21,    0,    0,    0,    0,    0,    0,    0,    0,    0,    0,    0,    0,    0,    0,    0,    0,    0,    0,    0,    0,    0,    0,    0,    0,    0,    0,  -10,    0,    0,    0,    0,    0,    0,    0,    0,    0,    0,    0,    0,    0,    0,    0,    0,    0,    0,    0,   -2,    0,    0,    0,    0,    0,    0,    0,    0,    0,    0,    0,    0,    0,    0,    0,    0,    0,    0,    0,    0,    0,    0,    0,    0,    0,    0,    0,    0,    0,    0,    0,    0,    0,    0,    0,    0,    0,    0,    0,    0,    0,    0,    0,    0,    0,    0,    0,    0,    0,    0,    0,    0,    0,    0,    0,    0,    0,    0,    0,    0,    0,    0,    0,    0,    0,    0,    0,    0,    0,    0,    0,    0,    0,    0,    0,    0,    0,    0,    0,    0,    0,    0,    0,    0,    0,    0,    0,    0,    0,    0,    0,    0,    0,    0,    0,    0,    0,    0,    0,    0,    0,    0,    0,    0,    0,    0,    0,    0,    0,    0,    0,    0,    0,    0,    0,    0,    0,    0,    0,    0,    0,    0,    0,    0,    0,    0,    0,    0,    0,    0,    0,    0,    0,    0,    0,    0,    0,    0,    0,    0,    0,    0,    0,    0,    0,    0,    0,    0,    0,    0,    0,    0,    0,    0,    0,    0,    0,    0,    0,    0,    0,    0,    0,    0,    0,    0,    0,    0,    0,    0,    0,    0,    0,    0,    0,    0,    0,    0,    0,    0,    0,    0,   -2,    0,    0,
       0,   -7,    0,    0,    0,    0,    0,    0,    0,    0,    0,    0,    0,    0,    0,    0,    0,    0,    0,    0,    0,    0,    0,    0,    0,    0,  -27,    0,  -15,   -8,    0,  -24,    0,    0,    0,    0,    0,    0,    0,    0,    0,    0,    0,    0,    0,    0,    0,    0,    0,    0,    0,    0,    0,    0,    0,    0,    0,    0,    0,    0,    0,    0,    0,    0,    0,    0,    0,    0,    0,    0,    0,    0,    0,    0,    0,    0,    0,    0,    0,    0,    0,    0,    0,    0,    0,    0,    0,    0,    0,    0,    0,    0,    0,    0,    0,    0,    0,    0,    0,    0,    0,    0,    0,    0,    0,    0,  -19,    0,    0,    0,    0,    0,    0,    0,    0,    0,    0,    0,    0,    0,    0,    0,    0,    0,    0,    0,    0,    0,  -27,    0,    0,    0,    0,    0,  -13,    0,    0,    0,    0,    0,    0,    0,  -26,    0,    0,    0,    0,    0,    0,    0,    0,    0,    0,    0,    0,    0,    0,    0,    0,    0,    0,    0,    0,    0,    0,    0,    0,    0,    0,    0,    0,    0,    0,    0,    0,    0,    0,    0,    0,    0,    0,    0,    0,    0,    0,    0,    0,    0,    0,    0,    0,    0,    0,    0,    0,  -24,    0,  -24,    0,    0,    0,    0,    0,    0,    0,    0,    0,    0,    0,    0,    0,    0,    0,    0,    0,    0,    0,    0,    0,    0,    0,    0,    0,    0,    0,    0,    0,    0,    0,    0,    0,    0,   -5,    0,  -14,  -14,    0,    0,    0,    0,
       0,   -7,    0,    0,    0,    0,    0,    0,    0,    0,    0,    0,    0,    0,    0,    0,    0,    0,    0,    0,    0,    0,    0,    0,    0,    0,  -27,    0,  -15,   -8,    0,  -24,    0,    0,    0,    0,    0,    0,    0,    0,    0,    0,    0,    0,    0,    0,    0,    0,    0,    0,    0,    0,    0,    0,    0,    0,    0,    0,    0,    0,    0,    0,    0,    0,    0,    0,    0,    0,    0,    0,    0,    0,    0,    0,    0,    0,    0,    0,    0,    0,    0,    0,    0,    0,    0,    0,    0,    0,    0,    0,    0,    0,    0,    0,    0,    0,    0,    0,    0,    0,    0,    0,    0,    0,    0,    0,  -19,    0,    0,    0,    0,    0,    0,    0,    0,    0,    0,    0,    0,    0,    0,    0,    0,    0,    0,    0,    0,    0,  -27,    0,    0,    0,    0,    0,  -13,    0,    0,    0,    0,    0,    0,    0,  -25,    0,    0,    0,    0,    0,    0,    0,    0,    0,    0,    0,    0,    0,    0,    0,    0,    0,    0,    0,    0,    0,    0,    0,    0,    0,    0,    0,    0,    0,    0,    0,    0,    0,    0,    0,    0,    0,    0,    0,    0,    0,    0,    0,    0,    0,    0,    0,    0,    0,    0,    0,    0,  -24,    0,  -24,    0,    0,    0,    0,    0,    0,    0,    0,    0,    0,    0,    0,    0,    0,    0,    0,    0,    0,    0,    0,    0,    0,    0,    0,    0,    0,    0,    0,    0,    0,    0,    0,    0,    0,   -5,    0,  -14,  -14,    0,    0,    0,    0,
       0,    0,    0,    0,    0,    0,    0,    0,    0,    0,    0,    0,    0,    0,    0,    0,    0,    0,    0,    0,    0,    0,    0,    0,    0,    0,  -15,    0,   -9,    0,    0,  -20,    0,    0,    0,    0,    0,    0,    0,    0,    0,    0,    0,    0,    0,    0,    0,    0,    0,    0,    0,    0,    0,    0,    0,    0,    0,    0,    0,    0,    0,    0,    0,    0,    0,    0,    0,    0,    0,    0,    0,    0,    0,    0,    0,    0,    0,    0,    0,    0,    0,    0,    0,    0,    0,    0,    0,    0,    0,    0,    0,    0,    0,    0,    0,    0,    0,    0,    0,    0,    0,    0,    0,    0,    0,    0,  -15,    0,    0,    0,    0,    0,    0,    0,    0,    0,    0,    0,    0,    0,    0,    0,    0,    0,    0,    0,    0,    0,    0,    0,    0,    0,    0,    0,    0,    0,    0,    0,    0,    0,    0,    0,    0,    0,    0,    0,    0,    0,    0,    0,    0,    0,    0,    0,    0,    0,    0,    0,    0,    0,    0,    0,    0,    0,    0,    0,    0,    0,    0,    0,    0,    0,    0,    0,    0,    0,    0,    0,    0,    0,    0,    0,    0,    0,    0,    0,    0,    0,    0,    0,    0,    0,    0,    0,    0,    0,    0,    0,    0,    0,    0,    0,    0,    0,    0,    0,    0,    0,    0,    0,    0,    0,    0,    0,    0,    0,    0,    0,    0,    0,    0,    0,    0,    0,    0,    0,    0,    0,    0,    0,    0,    0,   -2,    0,   -3,   -3,    0,    0,    0,    0,
       0,  -36,    0,    0,  -35,    0,    0,    0,    0,    0,    0,    0,    0,    0,    0,    0,    0,    0,    0,  -10,    0,    0,    0,  -14,    0,   -4,  -36,  -13,  -31,  -24,    0,  -40,    0,  -29,   -9,   -6,    0,   -8,   -6,  -13,    0,    0,    0,    0,    0,    0,  -17,   -7,  -21,  -17,    0,  -21,    0,   -8,   -2,  -17,  -13,  -31,    0,   -9,    0,  -34,    0,    0,    0,    0,   -3,  -13,   -6,   -8,   -8,   -8,    0,    0,    0,    0,   -8,   -8,   -8,   -8,   -7,  -21,   -8,   -8,   -8,   -8,    0,    0,    0,   -4,    0,    0,    0,    0,    0,    0,    0,    0,   -4,    0,    0,    0,   -8,    0,    0,    0,  -72,  -17,    0,  -13,    0,   -8,    0,   14,    0,   -4,  -22,    0,   -8,    0,    0,    0,   -8,    0,   -7,  -22,    0,    0,    0,    0,    0,    0,    0,    0,    0,    0,    0,    0,    0,    0,    0,    0,    0,    0,    0,    0,    0,    0,    0,    0,    0,    0,    0,    0,    0,    0,    0,    0,    0,    0,    0,    0,    0,    0,    0,    0,    0,    0,    0,    0,    0,    0,    0,    0,    0,    0,    0,    0,    0,    0,    0,    0,    0,    0,    0,    0,    0,    0,    0,    0,    0,    0,    0,    0,    0,    0,    0,    0,    0,    0,    0,    0,    0,    0,    0,    0,    0,    0,    0,    0,    0,    0,    0,    0,    0,    0,    0,    0,    0,    0,    0,    0,    0,   -6,   -6,   -8,   -8,   -8,    0,   -8,   -8,  -37,  -35,    0,  -41,  -41,   -9,    0,  -13,  -13,
       0,    0,    0,    0,    0,    0,    0,    0,    0,    0,    0,    0,    0,    0,    0,    0,    0,    0,    0,    0,    0,   -6,    0,    0,   -1,    0,   -7,    0,   -9,   -3,   -6,  -15,    0,    0,   -3,   -3,   -4,   -4,   -3,   -7,  -11,   -4,   -4,   -4,   -5,   -8,   -6,   -4,   -5,   -1,   -9,   -5,   -6,    0,   -2,    0,    0,    0,    0,    0,    0,    0,    0,  -11,    0,    0,    0,   -7,   -3,   -4,   -4,   -4,   -4,   -4,   -2,   -4,   -4,   -4,   -4,   -4,   -4,   -5,   -4,   -4,   -4,   -4,  -11,  -11,   -4,   -1,   -4,    0,   -4,    0,   -4,   -4,   -4,   -5,   -1,   -4,   -5,   -5,   -4,   -5,   -8,   -8,   -7,   -6,   -6,   -7,   -4,   -4,    0,  -11,  -11,    0,   -5,   -4,   -4,   -4,    0,   -4,   -4,   -5,   -4,   -5,    0,    0,    0,    0,    0,    0,    0,    0,    0,    0,    0,    0,    0,    0,    0,    0,    0,    0,    0,    0,    0,    0,    0,    0,    0,    0,    0,    0,    0,    0,    0,    0,    0,    0,    0,    0,    0,    0,    0,    0,    0,    0,    0,    0,    0,    0,    0,    0,    0,    0,    0,    0,    0,    0,    0,    0,    0,    0,    0,    0,    0,    0,    0,    0,    0,    0,    0,    0,    0,    0,    0,    0,    0,    0,    0,    0,    0,    0,    0,    0,    0,    0,    0,    0,    0,    0,    0,    0,    0,    0,    0,    0,    0,    0,    0,    0,    0,   -3,   -3,   -4,   -4,   -4,   -4,   -4,   -4,    0,    0,    0,    0,    0,    0,    0,   -7,   -7,
       0,    0,    0,    0,    0,    0,    0,    0,    0,    0,    0,    0,    0,    0,    0,    0,    0,    0,    0,    0,    0,    0,    0,   -9,    0,    0,    0,    0,   -3,    0,    0,   -4,    0,    0,    0,   -5,    0,  -10,   -7,   -6,   -7,    0,    0,    0,   -3,   -3,   -8,   -5,   -7,   -6,    0,   -7,    0,    0,    0,    0,    0,    0,    0,   -9,    0,    0,    0,   -7,    0,    0,    0,   -6,   -5,  -10,  -10,  -10,    0,    0,    9,   16,   -9,  -10,  -10,  -10,   -5,   -7,  -10,  -10,  -10,  -10,   -7,   -7,    0,    0,   10,    0,   14,    0,    8,    0,   -3,    6,    0,    0,   -3,   -3,  -10,   -3,   -3,   -3,    0,   -8,    0,   -6,    0,  -10,    0,   -7,   -7,    0,   -6,    0,  -10,    0,    0,    0,  -10,   -3,   -5,   -6,    0,    0,    0,    0,    0,    0,    0,    0,    0,    0,    0,    0,    0,    0,    0,    0,    0,    0,    0,    0,    0,    0,    0,    0,    0,    0,    0,    0,    0,    0,    0,    0,    0,    0,    0,    0,    0,    0,    0,    0,    0,    0,    0,    0,    0,    0,    0,    0,    0,    0,    0,    0,    0,    0,    0,    0,    0,    0,    0,    0,    0,    0,    0,    0,    0,    0,    0,    0,    0,    0,    0,    0,    0,    0,    0,    0,    0,    0,    0,    0,    0,    0,    0,    0,    0,    0,    0,    0,    0,    0,    0,    0,    0,    0,    0,    0,    0,   -5,   -5,  -10,  -10,  -10,    0,  -10,  -10,    0,    0,    0,    0,    0,    0,    0,   -6,   -6,
       0,    0,    0,  -10,    0,  -13,  -12,    0,    0,    0,    0,    0,    0,    0,    0,    0,    0,    0,    0,    0,    0,  -10,    0,    0,  -14,   -2,  -17,    0,  -15,   -7,  -15,  -26,   -9,    0,  -12,   -3,   -4,   -1,   -3,   -4,   -5,   -4,   -4,   -4,   -4,   -4,   -2,   -1,   -3,    0,  -11,   -3,   -6,    0,  -10,    0,    0,    0,    0,    0,    0,    0,    0,  -18,    0,    0,   -3,   -4,   -3,   -1,   -1,   -1,   -4,   -4,   -4,   -4,   -3,   -1,   -1,   -1,   -1,   -3,   -1,   -1,   -1,   -1,   -5,   -5,   -4,   -5,   -4,    0,   -4,    0,   -4,   -4,   -4,   -4,   -5,   -4,   -4,   -4,   -1,   -4,   -4,   -4,  -27,   -2,   -6,   -4,   -4,   -1,    0,   -5,   -5,   -8,    0,   -4,   -1,   -4,    0,   -4,   -1,   -4,   -1,    0,    0,    0,    0,    0,    0,    0,    0,    0,    0,    0,    0,    0,    0,    0,    0,    0,    0,    0,    0,    0,    0,    0,    0,    0,    0,    0,    0,    0,    0,    0,    0,    0,    0,    0,    0,    0,    0,    0,    0,    0,    0,    0,    0,    0,    0,    0,    0,    0,    0,    0,    0,    0,    0,    0,    0,    0,    0,    0,    0,    0,    0,    0,    0,    0,    0,    0,    0,    0,    0,    0,    0,    0,    0,    0,    0,    0,    0,    0,    0,    0,    0,    0,    0,    0,    0,    0,    0,    0,    0,    0,    0,    0,    0,    0,    0,    0,    0,   -3,   -3,   -1,   -1,   -1,   -4,   -1,   -1,   -2,   -1,  -14,  -10,  -10,    0,    0,   -4,   -4,
       0,    0,    0,    0,    0,    0,    0,    0,    0,    0,    0,    0,    0,    0,    0,    0,    0,    0,    0,    0,    0,    0,    0,   -8,    0,    0,    0,    0,    0,    0,    0,    0,    0,    0,    0,  -10,   -1,  -12,  -10,  -11,   -3,   -1,   -1,   -1,   -6,   -4,  -12,  -10,  -11,   -9,    0,  -10,    0,    0,    0,    0,    0,    0,   -9,   -8,    0,    0,    0,    0,    0,    0,    0,  -11,  -10,  -12,  -12,  -12,    9,   -1,    7,    6,  -12,  -12,  -12,  -12,  -10,  -10,  -12,  -12,  -12,  -12,   -3,   -3,   -1,    0,   -1,    0,    3,    0,   -1,   -1,   -7,    5,    0,   -1,   -6,   -6,  -12,   -6,   -4,   -4,    0,  -12,    0,  -11,   14,  -12,    0,   -3,   -3,    0,   -9,   -1,  -12,   -1,    0,   -1,  -12,   -6,  -10,   -9,    0,    0,    0,    0,    0,    0,    0,    0,    0,    0,    0,    0,    0,    0,    0,    0,    0,    0,    0,    0,    0,    0,    0,    0,    0,    0,    0,    0,    0,    0,    0,    0,    0,    0,    0,    0,    0,    0,    0,    0,    0,    0,    0,    0,    0,    0,    0,    0,    0,    0,    0,    0,    0,    0,    0,    0,    0,    0,    0,    0,    0,    0,    0,    0,    0,    0,    0,    0,    0,    0,    0,    0,    0,    0,    0,    0,    0,    0,    0,    0,    0,    0,    0,    0,    0,    0,    0,    0,    0,    0,    0,    0,    0,    0,    0,    0,    0,  -10,  -10,  -12,  -15,  -12,   -1,  -12,  -22,    0,    0,    0,    0,    0,    0,    0,  -11,  -11,
       0,    0,    0,    0,    0,  -44,  -45,  -24,    0,    0,    0,    0,    0,    0,    0,    0,    0,  -10,  -10,    0,    0,  -30,    0,   -4,  -43,   -4,    0,    0,    0,    0,    0,    0,    0,    0,    0,  -29,   -6,  -24,  -26,  -14,  -28,   -3,   -3,   -6,  -24,  -26,  -13,  -20,  -10,   -8,  -21,  -10,  -23,    0,    0,  -11,    0,    0,  -12,  -11,    0,    0,  -12,  -42,    0,    0,    0,  -29,  -29,  -24,  -24,  -24,    7,  -15,    5,    5,  -27,  -24,  -24,  -24,  -20,  -10,  -24,  -24,  -24,  -24,  -28,  -28,   -6,    0,   -6,    0,    2,    0,   -3,   -3,  -27,    3,    0,   -6,  -24,  -24,  -24,  -24,  -26,  -26,    0,  -13,  -23,  -14,   13,  -24,    0,  -28,  -28,    0,   -9,   -3,  -24,   -3,    0,   -3,  -24,  -24,  -20,   -9,    0,    0,    0,    0,    0,    0,    0,    0,    0,    0,    0,    0,    0,    0,    0,    0,    0,    0,    0,    0,    0,    0,    0,    0,    0,    0,    0,    0,    0,    0,    0,    0,    0,    0,    0,    0,    0,    0,    0,    0,    0,    0,    0,    0,    0,    0,    0,    0,    0,    0,    0,    0,    0,    0,    0,    0,    0,    0,    0,    0,    0,    0,    0,    0,    0,    0,    0,    0,    0,    0,    0,    0,    0,    0,    0,    0,    0,    0,    0,    0,    0,    0,    0,    0,    0,    0,    0,    0,    0,    0,    0,    0,    0,    0,    0,    0,    0,  -29,  -29,  -24,  -27,  -24,   -3,  -24,  -34,    0,    0,  -44,    0,    0,    0,    0,  -14,  -14,
       0,    0,    0,    0,   -1,    0,    0,    0,    0,    0,    0,    0,    0,    0,    0,    0,    0,    0,    0,    0,    0,   -5,    0,    0,    0,    0,   -1,    0,   -9,    0,    0,  -11,    0,    0,   -2,   -3,   -3,   -3,   -3,   -9,   -5,   -1,   -1,   -3,   -5,   -3,   -9,   -5,   -9,   -6,   -4,  -10,   -5,    0,    0,    0,    0,   -2,    0,    0,    0,    0,    0,   -8,    0,    0,    0,   -9,   -3,   -3,   -3,   -3,   -1,   -1,   -1,    1,   -4,   -3,   -3,   -3,   -5,  -10,   -3,   -3,   -3,   -3,   -5,   -5,   -3,    0,   -3,    0,   -1,    0,   -1,   -1,   -1,   -1,    0,   -3,   -5,   -5,   -3,   -5,   -3,   -3,   -1,   -9,   -5,   -9,   -1,   -3,    0,   -5,   -5,    0,   -6,   -1,   -3,   -1,    0,   -1,   -3,   -5,   -5,   -6,    0,    0,    0,    0,    0,    0,    0,    0,    0,    0,    0,    0,    0,    0,    0,    0,    0,    0,    0,    0,    0,    0,    0,    0,    0,    0,    0,    0,    0,    0,    0,    0,    0,    0,    0,    0,    0,    0,    0,    0,    0,    0,    0,    0,    0,    0,    0,    0,    0,    0,    0,    0,    0,    0,    0,    0,    0,    0,    0,    0,    0,    0,    0,    0,    0,    0,    0,    0,    0,    0,    0,    0,    0,    0,    0,    0,    0,    0,    0,    0,    0,    0,    0,    0,    0,    0,    0,    0,    0,    0,    0,    0,    0,    0,    0,    0,    0,   -3,   -3,   -3,   -3,   -3,   -1,   -3,   -3,    0,    0,    0,    0,    0,    0,    0,   -9,   -9,
       0,    0,    0,    0,    0,    0,    0,    0,    0,    0,    0,    0,    0,    0,    0,    0,    0,    0,    0,    0,    0,    0,    0,    0,    0,    0,    0,    0,    0,    0,    0,    0,    0,    0,    0,   -8,   -3,   -8,   -7,   -7,   -7,   -3,   -3,   -3,   -3,   -7,   -7,   -5,   -5,   -5,   -1,   -5,   -5,    0,    0,    0,    0,    0,    0,    0,    0,    0,    0,    0,    0,    0,    0,   -7,   -8,   -8,   -8,   -8,   -3,   -3,   -3,   -3,   -8,   -8,   -8,   -8,   -5,   -5,   -8,   -8,   -8,   -8,   -7,   -7,   -3,    0,   -3,    0,   -3,    0,   -3,   -3,   -3,   -3,    0,   -3,   -3,   -3,   -8,   -3,   -7,   -7,    0,   -7,   -5,   -7,   -2,   -8,    0,   -7,   -7,    0,   -4,   -3,   -8,   -3,    0,   -3,   -8,   -3,   -5,   -4,    0,    0,    0,    0,    0,    0,    0,    0,    0,    0,    0,    0,    0,    0,    0,    0,    0,    0,    0,    0,    0,    0,    0,    0,    0,    0,    0,    0,    0,    0,    0,    0,    0,    0,    0,    0,    0,    0,    0,    0,    0,    0,    0,    0,    0,    0,    0,    0,    0,    0,    0,    0,    0,    0,    0,    0,    0,    0,    0,    0,    0,    0,    0,    0,    0,    0,    0,    0,    0,    0,    0,    0,    0,    0,    0,    0,    0,    0,    0,    0,    0,    0,    0,    0,    0,    0,    0,    0,    0,    0,    0,    0,    0,    0,    0,    0,    0,   -8,   -8,   -8,   -8,   -8,   -3,   -8,   -8,    0,    0,    0,    0,    0,    0,    0,   -7,   -7,
       0,    0,    0,    0,    0,   -9,   -9,    0,    0,    0,    0,    0,    0,    0,    0,    0,    0,    0,    0,    0,    0,   -3,    0,    0,   -5,    0,    0,    0,    0,    0,    0,    0,    0,    0,    0,   -9,   -4,   -8,   -8,   -7,  -13,   -4,   -4,   -4,   -6,  -10,   -6,   -7,   -4,   -1,   -7,   -4,   -8,    0,    0,    0,    0,    0,    0,    0,    0,    0,    0,   -9,    0,    0,    0,   -7,   -9,   -8,   -8,   -8,   -4,   -4,   -4,   -4,   -9,   -8,   -8,   -8,   -7,   -4,   -8,   -8,   -8,   -8,  -13,  -13,   -4,    0,   -4,    0,   -4,    0,   -4,   -4,   -4,   -4,    0,   -4,   -6,   -6,   -8,   -6,  -10,  -10,    0,   -6,   -8,   -7,   -1,   -8,    0,  -13,  -13,    0,   -2,   -4,   -8,   -4,    0,   -4,   -8,   -6,   -7,   -2,    0,    0,    0,    0,    0,    0,    0,    0,    0,    0,    0,    0,    0,    0,    0,    0,    0,    0,    0,    0,    0,    0,    0,    0,    0,    0,    0,    0,    0,    0,    0,    0,    0,    0,    0,    0,    0,    0,    0,    0,    0,    0,    0,    0,    0,    0,    0,    0,    0,    0,    0,    0,    0,    0,    0,    0,    0,    0,    0,    0,    0,    0,    0,    0,    0,    0,    0,    0,    0,    0,    0,    0,    0,    0,    0,    0,    0,    0,    0,    0,    0,    0,    0,    0,    0,    0,    0,    0,    0,    0,    0,    0,    0,    0,    0,    0,    0,   -9,   -9,   -8,   -8,   -8,   -4,   -8,   -8,    0,    0,  -10,    0,    0,    0,    0,   -7,   -7,
       0,    0,    0,    0,    0,    0,    0,    0,    0,    0,    0,    0,    0,    0,    0,    0,    0,    0,    0,    0,    0,    0,    0,  -19,    0,    0,    0,    0,    0,    0,    0,    0,    0,    0,    0,  -14,    0,  -21,  -15,  -14,    0,    0,    0,    0,   -3,   -1,  -21,  -15,  -26,  -22,    0,  -26,    0,    0,    0,    0,  -10,    0,  -15,  -17,    0,    0,    0,    0,    0,    0,    0,  -14,  -14,  -21,  -21,  -21,   21,   -3,    0,    7,  -20,  -21,  -21,  -31,  -15,  -26,  -21,  -21,  -21,  -21,    0,    0,    0,    0,    0,    0,    0,    0,    0,   11,   -3,    0,    0,    0,   -3,   -3,  -21,   -3,   -1,   -1,    0,  -21,    0,  -14,   27,  -21,    0,   14,    0,    0,   -7,    0,  -21,    0,    0,    0,  -21,   -3,  -15,  -26,    0,    0,    0,    0,    0,    0,    0,    0,    0,    0,    0,    0,    0,    0,    0,    0,    0,    0,    0,    0,    0,    0,    0,    0,    0,    0,    0,    0,    0,    0,    0,    0,    0,    0,    0,    0,    0,    0,    0,    0,    0,    0,    0,    0,    0,    0,    0,    0,    0,    0,    0,    0,    0,    0,    0,    0,    0,    0,    0,    0,    0,    0,    0,    0,    0,    0,    0,    0,    0,    0,    0,    0,    0,    0,    0,    0,    0,    0,    0,    0,    0,    0,    0,    0,    0,    0,    0,    0,    0,    0,    0,    0,    0,    0,    0,    0,    0,  -14,  -14,  -21,  -13,  -21,    0,  -21,  -19,    0,    0,    0,    0,    0,    0,    0,  -14,  -14,
       0,  -51,    0,    0,  -53,    0,    0,    0,    0,    0,    0,    0,    0,    0,    0,    0,    0,    0,    0,   -9,    0,    0,    0,  -17,    0,    0,  -45,  -13,  -43,  -33,    0,  -47,    0,  -34,    0,   -7,   -3,  -15,   -9,  -18,    0,   -2,   -2,   -3,   -3,   -1,  -22,  -12,  -44,  -36,    0,  -44,    0,   -7,    0,  -15,  -21,  -52,  -21,  -36,    0,  -52,   -4,    0,    0,    0,    0,  -18,   -7,  -15,  -15,  -15,   -2,   -2,   -2,   -2,  -14,  -15,  -15,  -15,  -12,  -44,  -15,  -15,  -15,  -15,    0,    0,   -3,    0,   -3,    0,   -2,    0,   -2,   -2,   -2,   -2,    0,   -3,   -3,   -3,  -15,   -3,   -1,   -1,  -45,  -22,    0,  -18,   -2,  -15,    0,    4,    0,    0,  -45,   -2,  -15,   -2,    0,   -2,  -15,   -3,  -12,  -45,    0,    0,    0,    0,    0,    0,    0,    0,    0,    0,    0,    0,    0,    0,    0,    0,    0,    0,    0,    0,    0,    0,    0,    0,    0,    0,    0,    0,    0,    0,    0,    0,    0,    0,    0,    0,    0,    0,    0,    0,    0,    0,    0,    0,    0,    0,    0,    0,    0,    0,    0,    0,    0,    0,    0,    0,    0,    0,    0,    0,    0,    0,    0,    0,    0,    0,    0,    0,    0,    0,    0,    0,    0,    0,    0,    0,    0,    0,    0,    0,    0,    0,    0,    0,    0,    0,    0,    0,    0,    0,    0,    0,    0,    0,    0,    0,    0,   -7,   -7,  -15,  -15,  -15,   -2,  -15,  -15,  -51,  -51,    0,  -51,  -51,   -9,  -82,  -18,  -18,
       0,    0,    0,  -10,    0,  -13,  -12,    0,    0,    0,    0,    0,    0,    0,    0,    0,    0,    0,    0,    0,    0,  -10,    0,    0,  -13,   -2,  -16,    0,  -14,   -7,  -15,  -25,   -8,    0,  -11,   -3,   -4,   -1,   -1,   -4,   -5,   -4,   -4,   -4,   -4,   -4,    0,   -1,   -3,    0,  -11,   -1,   -5,    0,  -10,    0,    0,    0,    0,    0,    0,    0,    0,  -17,    0,    0,   -3,   -4,   -3,   -1,   -1,   -1,   -4,   -4,   -4,   -4,   -3,   -1,   -1,   -1,   -1,   -1,   -1,   -1,   -1,   -1,   -5,   -5,   -4,   -5,   -4,    0,   -4,    0,   -4,   -4,   -4,   -4,   -5,   -4,   -4,   -4,   -1,   -4,   -4,   -4,  -26,    0,   -5,   -4,   -4,   -1,    0,   -5,   -5,   -7,    0,   -4,   -1,   -4,    0,   -4,   -1,   -4,   -1,    0,    0,    0,    0,    0,    0,    0,    0,    0,    0,    0,    0,    0,    0,    0,    0,    0,    0,    0,    0,    0,    0,    0,    0,    0,    0,    0,    0,    0,    0,    0,    0,    0,    0,    0,    0,    0,    0,    0,    0,    0,    0,    0,    0,    0,    0,    0,    0,    0,    0,    0,    0,    0,    0,    0,    0,    0,    0,    0,    0,    0,    0,    0,    0,    0,    0,    0,    0,    0,    0,    0,    0,    0,    0,    0,    0,    0,    0,    0,    0,    0,    0,    0,    0,    0,    0,    0,    0,    0,    0,    0,    0,    0,    0,    0,    0,    0,    0,   -3,   -3,   -1,   -1,   -1,   -4,   -1,   -1,   -2,   -1,  -14,  -10,  -10,    0,    0,   -4,   -4,
       0,    0,    0,    0,    0,  -46,  -48,  -21,    0,    0,    0,    0,    0,    0,    0,    0,    0,    0,    0,    0,    0,  -25,    0,    0,  -42,    0,    0,    0,   -8,    0,  -15,  -11,   -3,    0,   -2,  -18,   -3,  -11,  -13,    0,   -9,   -1,   -1,   -3,   -4,   -6,    0,   -1,    0,    0,    0,    0,    0,    0,    0,  -13,    0,    0,   -2,   -6,    0,    0,    0,  -41,    0,    0,    0,    0,  -18,  -11,  -11,  -11,   -1,   -1,   10,   -1,  -17,  -11,  -11,  -11,   -1,    0,  -11,  -11,  -11,  -11,   -9,   -9,   -3,   -1,   -1,    0,    2,    0,   -1,   -1,   -2,    7,   -1,   -3,   -4,   -4,  -11,   -4,   -6,   -6,    0,    0,    0,    0,   -1,  -11,    0,   -9,   -9,   -2,    0,   -1,  -11,   -1,    0,   -1,  -11,   -4,   -1,    0,    0,    0,    0,    0,    0,    0,    0,    0,    0,    0,    0,    0,    0,    0,    0,    0,    0,    0,    0,    0,    0,    0,    0,    0,    0,    0,    0,    0,    0,    0,    0,    0,    0,    0,    0,    0,    0,    0,    0,    0,    0,    0,    0,    0,    0,    0,    0,    0,    0,    0,    0,    0,    0,    0,    0,    0,    0,    0,    0,    0,    0,    0,    0,    0,    0,    0,    0,    0,    0,    0,    0,    0,    0,    0,    0,    0,    0,    0,    0,    0,    0,    0,    0,    0,    0,    0,    0,    0,    0,    0,    0,    0,    0,    0,    0,    0,    0,  -18,  -18,  -11,  -11,  -11,   -1,  -11,  -11,    0,    0,  -46,    0,    0,    0,    0,    0,    0,
       0,    0,    0,  -10,    0,  -13,  -12,    0,    0,    0,    0,    0,    0,    0,    0,    0,    0,    0,    0,    0,    0,  -10,    0,    0,  -13,   -2,  -16,    0,  -14,   -7,  -15,  -25,   -8,    0,    2,   -3,   -4,   -1,   -1,   -4,   -5,   -4,   -4,   -4,   -4,   -4,    0,   -1,   -3,    0,  -11,   -1,   -5,    0,    1,    0,    0,    0,    0,    0,    0,    0,    0,  -17,    0,    0,   -3,   -4,   -3,   -1,   -1,   -1,   -4,   -4,   -4,   -4,   -3,   -1,   -1,   -1,   -1,   -1,   -1,   -1,   -1,   -1,   -5,   -5,   -4,   -5,   -4,    0,   -4,    0,   -4,   -4,   -4,   -4,   -5,   -4,   -4,   -4,   -1,   -4,   -4,   -4,  -26,    0,   -5,   -4,   -4,   -1,    0,   -5,   -5,   -7,    0,   -4,   -1,   -4,    0,   -4,   -1,   -4,   -1,    0,    0,    0,    0,    0,    0,    0,    0,    0,    0,    0,    0,    0,    0,    0,    0,    0,    0,    0,    0,    0,    0,    0,    0,    0,    0,    0,    0,    0,    0,    0,    0,    0,    0,    0,    0,    0,    0,    0,    0,    0,    0,    0,    0,    0,    0,    0,    0,    0,    0,    0,    0,    0,    0,    0,    0,    0,    0,    0,    0,    0,    0,    0,    0,    0,    0,    0,    0,    0,    0,    0,    0,    0,    0,    0,    0,    0,    0,    0,    0,    0,    0,    0,    0,    0,    0,    0,    0,    0,    0,    0,    0,    0,    0,    0,    0,    0,    0,   -3,   -3,   -1,   -1,   -1,   -4,   -1,   -1,   -2,   -1,  -22,  -10,  -10,    0,    0,   -4,   -4,
       0,    0,    0,    0,    0,    0,    0,    0,    0,    0,    0,    0,    0,    0,    0,    0,    0,    0,    0,    0,    0,    0,    0,   -5,    0,    0,  -11,   -3,  -13,   -6,    0,  -19,    0,    0,    0,  -13,   -4,  -17,  -13,   -7,    0,   -4,   -4,   -4,   -4,   -4,   -9,  -10,   -9,   -6,    0,   -9,    0,    0,    0,    0,    0,    0,  -10,    0,    0,    0,    0,    0,    0,    0,   -3,   -7,  -13,  -17,  -17,  -17,   -4,   -4,   -6,   -4,  -18,  -17,  -17,  -28,  -10,   -9,  -17,  -17,  -17,  -17,    0,    0,   -4,   -3,   -4,    0,   -4,    0,   -4,   -4,   -4,   -4,   -3,   -4,   -4,   -4,  -17,   -4,   -4,   -4,  -11,   -9,    0,   -7,   -4,  -17,    0,   13,    0,   -3,   -9,   -4,  -17,   -4,    0,   -4,  -17,   -4,  -10,   -9,    0,    0,    0,    0,    0,    0,    0,    0,    0,    0,    0,    0,    0,    0,    0,    0,    0,    0,    0,    0,    0,    0,    0,    0,    0,    0,    0,    0,    0,    0,    0,    0,    0,    0,    0,    0,    0,    0,    0,    0,    0,    0,    0,    0,    0,    0,    0,    0,    0,    0,    0,    0,    0,    0,    0,    0,    0,    0,    0,    0,    0,    0,    0,    0,    0,    0,    0,    0,    0,    0,    0,    0,    0,    0,    0,    0,    0,    0,    0,    0,    0,    0,    0,    0,    0,    0,    0,    0,    0,    0,    0,    0,    0,    0,    0,    0,    0,  -13,  -13,  -17,  -17,  -17,   -4,  -17,  -17,    0,    0,    0,    0,    0,    0,    0,   -7,   -7,
       0,    0,    0,    0,    0,    0,    0,    0,    0,    0,    0,    0,    0,    0,    0,    0,    0,    0,    0,    0,    0,   -7,    0,    0,    0,    0,    0,    0,   -8,    0,    0,   -9,    0,    0,   -2,   -1,   -3,   -1,   -1,  -11,   -8,   -1,   -1,   -3,   -5,   -6,  -11,   -5,  -12,   -9,  -11,  -13,   -7,    0,    0,    0,    0,   -2,    0,    0,    0,    0,    0,  -12,    0,    0,    0,  -11,   -1,   -1,   -1,   -1,   -1,   -1,   -1,    3,   -1,   -1,   -1,   -1,   -5,  -13,   -1,   -1,   -1,   -1,   -8,   -8,   -3,   -1,   -3,    0,   -1,    0,   -1,   -1,   -1,   -1,   -1,   -3,   -5,   -5,   -1,   -5,   -6,   -6,    0,  -11,   -7,  -11,   -1,   -1,    0,   -8,   -8,    0,   -8,   -1,   -1,   -1,    0,   -1,   -1,   -5,   -5,   -8,    0,    0,    0,    0,    0,    0,    0,    0,    0,    0,    0,    0,    0,    0,    0,    0,    0,    0,    0,    0,    0,    0,    0,    0,    0,    0,    0,    0,    0,    0,    0,    0,    0,    0,    0,    0,    0,    0,    0,    0,    0,    0,    0,    0,    0,    0,    0,    0,    0,    0,    0,    0,    0,    0,    0,    0,    0,    0,    0,    0,    0,    0,    0,    0,    0,    0,    0,    0,    0,    0,    0,    0,    0,    0,    0,    0,    0,    0,    0,    0,    0,    0,    0,    0,    0,    0,    0,    0,    0,    0,    0,    0,    0,    0,    0,    0,    0,   -1,   -1,   -1,   -1,   -1,   -1,   -1,   -1,    0,    0,   -2,    0,    0,    0,    0,  -11,  -11,
       0,    0,  -13,    0,    0,  -35,  -35,  -30,    0,    0,    0,    0,    0,    0,    0,    0,    0,  -27,  -26,    0,  -18,  -33,    0,  -10,  -30,    0,    0,    0,    0,    0,    0,    0,    0,    0,    0,  -58,   -5,  -57,  -57,  -27,  -54,    0,    0,   -5,  -45,  -52,  -32,  -42,  -41,  -40,  -41,  -41,  -45,    0,    0,  -14,   -2,    0,  -39,  -32,    0,    0,  -36,  -46,    0,    0,    0,  -67,  -58, -106, -109, -104,   17,  -16,   17,   15,  -42,  -57, -106,  -57,  -42,  -41, -110, -103,  -57, -104, -105,  -54,   -5,    0,    2,    0,   12,    0,    5,    8,  -42,   14,    0,   -5,  -45,  -45,  -57,  -63,  -89,  -82,    0,  -32,  -77,  -27,   24, -110,    0,  -54,  -94,    0,  -10,    0,  -57,    0,    0,    0,  -57,  -45,  -42,  -44,    0,    0,    0,    0,    0,    0,    0,    0,    0,    0,    0,    0,    0,    0,    0,    0,    0,    0,    0,    0,    0,    0,    0,    0,    0,    0,    0,    0,    0,    0,    0,    0,    0,    0,    0,    0,    0,    0,    0,    0,    0,    0,    0,    0,    0,    0,    0,    0,    0,    0,    0,    0,    0,    0,    0,    0,    0,    0,    0,    0,    0,    0,    0,    0,    0,    0,    0,    0,    0,    0,    0,    0,    0,    0,    0,    0,    0,    0,    0,    0,    0,    0,    0,    0,    0,    0,    0,    0,    0,    0,    0,    0,    0,    0,    0,    0,    0,  -87,  -58, -106,  -62, -104,    0, -111,  -69,    0,    0,  -35,    0,    0,    0,    0,  -57,  -56,
       0,    0,    0,    0,    0,  -12,  -11,   -8,    0,    0,    0,    0,    0,    0,    0,    0,    0,    0,    0,    0,    0,   -7,    0,    0,  -12,    0,    0,    0,    0,    0,    0,    0,    0,    0,    0,  -10,   -5,   -9,   -9,   -7,  -13,   -5,   -5,   -5,   -7,  -11,   -5,   -7,   -3,   -1,   -8,   -3,   -9,    0,    0,    0,    0,    0,    0,    0,    0,    0,    0,  -15,    0,    0,    0,   -7,  -10,   -9,   -9,   -9,   -6,  -11,   -5,   -5,   -9,   -9,   -9,   -9,   -7,   -3,   -9,   -9,   -9,   -9,  -13,  -13,   -5,   -1,   -5,    0,   -5,    0,   -5,   -5,  -12,   -7,   -1,   -5,   -7,   -7,   -9,   -7,  -11,  -11,    0,   -5,   -9,   -7,   -1,   -9,    0,  -13,  -13,    0,    0,   -5,   -9,   -5,    0,   -5,   -9,   -7,   -7,    0,    0,    0,    0,    0,    0,    0,    0,    0,    0,    0,    0,    0,    0,    0,    0,    0,    0,    0,    0,    0,    0,    0,    0,    0,    0,    0,    0,    0,    0,    0,    0,    0,    0,    0,    0,    0,    0,    0,    0,    0,    0,    0,    0,    0,    0,    0,    0,    0,    0,    0,    0,    0,    0,    0,    0,    0,    0,    0,    0,    0,    0,    0,    0,    0,    0,    0,    0,    0,    0,    0,    0,    0,    0,    0,    0,    0,    0,    0,    0,    0,    0,    0,    0,    0,    0,    0,    0,    0,    0,    0,    0,    0,    0,    0,    0,    0,    0,  -10,  -10,   -9,   -9,   -9,   -5,   -9,   -9,    0,    0,  -13,    0,    0,    0,    0,   -7,   -7,
       0,    0,  -13,    0,    0,  -38,  -38,  -32,    0,    0,    0,    0,    0,    0,    0,    0,    0,  -13,  -10,    0,  -12,  -31,    0,  -11,  -35,   -9,    0,    0,    0,    0,    0,    0,    0,    3,    4,  -39,    0,  -39,  -37,  -14,  -40,    0,    0,    0,  -27,  -36,  -14,  -27,  -11,  -12,  -18,  -11,  -23,    0,    2,  -17,    0,    0,  -25,  -19,    0,    0,  -17,  -43,    0,    0,    0,  -14,  -39,  -71,  -39,  -39,   27,   -9,    8,   18,  -34,  -39,  -39,  -39,  -27,  -20,  -39,  -68,  -39,  -69,  -40,  -40,    0,    0,    8,    0,    8,    0,   12,   17,  -27,    6,    0,    0,  -27,  -27,  -39,  -32,  -36,  -51,    0,  -14,  -37,  -14,   33,  -75,    0,  -40,  -64,    0,    6,    0,  -39,    0,    0,    0,  -39,  -27,  -27,  -12,    0,    0,    0,    0,    0,    0,    0,    0,    0,    0,    0,    0,    0,    0,    0,    0,    0,    0,    0,    0,    0,    0,    0,    0,    0,    0,    0,    0,    0,    0,    0,    0,    0,    0,    0,    0,    0,    0,    0,    0,    0,    0,    0,    0,    0,    0,    0,    0,    0,    0,    0,    0,    0,    0,    0,    0,    0,    0,    0,    0,    0,    0,    0,    0,    0,    0,    0,    0,    0,    0,    0,    0,    0,    0,    0,    0,    0,    0,    0,    0,    0,    0,    0,    0,    0,    0,    0,    0,    0,    0,    0,    0,    0,    0,    0,    0,    0,  -51,  -39,  -39,  -27,  -39,    7,  -39,  -34,    0,    0,  -39,    0,    0,    0,    0,  -14,  -14,
       0,    0,   -8,    0,    0,  -28,  -28,  -24,    0,    0,    0,    0,    0,    0,    0,    0,    0,   -6,   -6,    0,    0,  -24,    0,   -6,  -30,   -5,    0,    0,    0,    0,    0,    0,    0,    0,    0,  -30,    0,  -30,  -28,  -11,  -30,    0,    0,    0,  -22,  -26,  -11,  -20,   -7,   -7,  -13,   -7,  -17,    0,    0,  -14,    0,    0,  -17,  -12,    0,    0,   -9,  -37,    0,    0,    0,  -11,  -30,  -30,  -30,  -30,   23,   -8,    9,   15,  -28,  -30,  -30,  -30,  -20,   -7,  -30,  -30,  -30,  -30,  -30,  -30,    0,    0,    6,    0,    7,    0,    8,   13,  -21,    7,    0,    0,  -22,  -22,  -30,  -31,  -26,  -43,    0,  -11,  -17,  -11,   29,  -30,    0,  -30,  -55,    0,    2,    0,  -30,    0,    0,    0,  -30,  -22,  -20,   -6,    0,    0,    0,    0,    0,    0,    0,    0,    0,    0,    0,    0,    0,    0,    0,    0,    0,    0,    0,    0,    0,    0,    0,    0,    0,    0,    0,    0,    0,    0,    0,    0,    0,    0,    0,    0,    0,    0,    0,    0,    0,    0,    0,    0,    0,    0,    0,    0,    0,    0,    0,    0,    0,    0,    0,    0,    0,    0,    0,    0,    0,    0,    0,    0,    0,    0,    0,    0,    0,    0,    0,    0,    0,    0,    0,    0,    0,    0,    0,    0,    0,    0,    0,    0,    0,    0,    0,    0,    0,    0,    0,    0,    0,    0,    0,    0,    0,  -45,  -30,  -30,  -20,  -30,    3,  -30,  -27,    0,    0,  -29,    0,    0,    0,    0,  -11,  -11,
       0,    0,    0,    0,    0,    0,    0,    0,    0,    0,    0,    0,    0,    0,    0,    0,    0,    0,    0,    0,    0,    0,    0,  -15,    0,    0,    0,    0,    0,    0,    0,    0,    0,    0,    0,  -12,   -1,  -18,  -13,  -14,    0,    0,    0,   -1,   -4,    0,  -22,  -14,  -26,  -22,    0,  -25,    0,    0,    0,    0,  -10,    0,  -14,  -15,    0,    0,    0,    0,    0,    0,    0,  -14,  -12,  -18,  -18,  -18,   19,    0,    0,    6,  -18,  -18,  -18,  -27,  -14,  -25,  -18,  -18,  -18,  -18,    0,    0,   -1,    0,   -1,    0,    0,    0,    0,    9,    0,    0,    0,   -1,   -4,   -4,  -18,   -4,    0,    0,    0,  -22,    0,  -14,   25,  -18,    0,   15,    0,    0,   -6,    0,  -18,    0,    0,    0,  -18,   -4,  -14,  -26,    0,    0,    0,    0,    0,    0,    0,    0,    0,    0,    0,    0,    0,    0,    0,    0,    0,    0,    0,    0,    0,    0,    0,    0,    0,    0,    0,    0,    0,    0,    0,    0,    0,    0,    0,    0,    0,    0,    0,    0,    0,    0,    0,    0,    0,    0,    0,    0,    0,    0,    0,    0,    0,    0,    0,    0,    0,    0,    0,    0,    0,    0,    0,    0,    0,    0,    0,    0,    0,    0,    0,    0,    0,    0,    0,    0,    0,    0,    0,    0,    0,    0,    0,    0,    0,    0,    0,    0,    0,    0,    0,    0,    0,    0,    0,    0,    0,  -12,  -12,  -18,  -11,  -18,    0,  -18,  -18,    0,    0,    0,    0,    0,    0,    0,  -14,  -14,
       0,    0,  -19,    0,    0,  -42,  -42,  -37,    0,    0,    0,    0,    0,    0,    0,    0,    0,  -21,  -21,    0,  -22,  -39,    0,  -18,  -38,  -13,    0,    0,    0,    0,    0,    0,    0,    3,    4,  -61,    0,  -55,  -55,  -25,  -55,    0,    0,    0,  -43,  -54,  -27,  -42,  -27,  -27,  -30,  -27,  -38,    0,    3,  -18,   -9,    0,  -39,  -34,    0,    0,  -29,  -51,    0,    0,    0,  -53,  -61,  -90,  -55,  -99,   27,  -16,    0,   15,  -42,  -98, -102,  -55,  -81,  -51,  -55,  -88,  -99,  -88,  -55,  -97,    0,   -1,    3,    0,    4,    0,    9,   17,  -43,    0,   -1,   -2,  -79,  -43, -105,  -50,  -54,  -73,    0,  -27,  -55,  -25,   34,  -95,    0,  -55,  -82,    0,    3,    0,  -55,    0,    0,    0,  -55,  -43,  -42,  -27,    0,    0,    0,    0,    0,    0,    0,    0,    0,    0,    0,    0,    0,    0,    0,    0,    0,    0,    0,    0,    0,    0,    0,    0,    0,    0,    0,    0,    0,    0,    0,    0,    0,    0,    0,    0,    0,    0,    0,    0,    0,    0,    0,    0,    0,    0,    0,    0,    0,    0,    0,    0,    0,    0,    0,    0,    0,    0,    0,    0,    0,    0,    0,    0,    0,    0,    0,    0,    0,    0,    0,    0,    0,    0,    0,    0,    0,    0,    0,    0,    0,    0,    0,    0,    0,    0,    0,    0,    0,    0,    0,    0,    0,    0,    0,    0,    0,  -78, -113,  -55,  -47,  -55,    7,  -55,  -53,    0,    0,  -42,    0,    0,    0,    0,  -25,  -50,
       0,    0,    0,    0,    0,    0,    0,    0,    0,    0,    0,    0,    0,    0,    0,    0,    0,    0,    0,    0,    0,    0,    0,   -8,    0,    0,    0,    0,    0,    0,    0,    0,    0,    0,    0,   -8,   -1,  -12,   -9,  -12,   -3,    0,    0,   -1,   -7,   -4,  -15,  -11,  -17,  -15,    0,  -17,   -2,    0,    0,    0,    0,    0,   -2,  -10,    0,    0,    0,    0,    0,    0,    0,  -12,   -8,  -12,  -12,  -12,   15,   -3,    0,   12,  -12,  -12,  -12,  -12,  -11,  -17,  -12,  -12,  -12,  -12,   -3,   -3,   -1,   -1,    3,    0,    5,    0,    3,    5,   -7,    0,   -1,   -1,   -7,   -7,  -12,   -7,   -4,   -4,    0,  -15,   -2,  -12,   21,  -12,    0,   -3,   -3,    0,   -9,    0,  -12,    0,    0,    0,  -12,   -7,  -11,  -13,    0,    0,    0,    0,    0,    0,    0,    0,    0,    0,    0,    0,    0,    0,    0,    0,    0,    0,    0,    0,    0,    0,    0,    0,    0,    0,    0,    0,    0,    0,    0,    0,    0,    0,    0,    0,    0,    0,    0,    0,    0,    0,    0,    0,    0,    0,    0,    0,    0,    0,    0,    0,    0,    0,    0,    0,    0,    0,    0,    0,    0,    0,    0,    0,    0,    0,    0,    0,    0,    0,    0,    0,    0,    0,    0,    0,    0,    0,    0,    0,    0,    0,    0,    0,    0,    0,    0,    0,    0,    0,    0,    0,    0,    0,    0,    0,    0,   -8,   -8,  -12,   -9,  -12,    0,  -12,  -16,    0,    0,    0,    0,    0,    0,    0,  -12,  -12,
       0,    0,    0,    0,    0,    0,    0,    0,  -10,   -2,    0,   -2,  -10,    0,    0,   -2,    0,    0,    0,    0,    0,   -2,    0,  -11,    0,   -2,    0,    0,    4,    0,    0,    4,    0,    0,    0,  -16,    0,  -16,  -16,    0,    0,    0,   13,    0,  -11,  -13,  -12,  -13,  -14,  -13,   -2,   -3,  -10,    0,    0,    0,    0,    0,    0,    0,    0,    0,    0,  -13,   17,   11,    0,    0,  -16,  -16,  -16,  -16,   21,    0,    0,   12,  -14,  -16,  -16,  -16,  -13,   -3,  -16,  -16,  -16,  -16,    0,    0,   28,   -2,    0,   17,    0,    6,    6,    9,    0,   13,   -2,    0,  -11,    3,  -16,  -11,  -13,  -13,    0,  -12,  -10,    0,   25,  -16,  -14,    0,    0,    0,    9,   24,   -2,   61,   11,    0,   -3,   25,  -10,    9,    0,    0,    0,  -11,   -2,    9,   -3,    0,    6,   -3,    0,    0,    0,  -13,    0,    0,    0,    0,    0,  -16,  -12,  -16,  -13,  -16,  -11,  -13,  -13,  -13,  -11,  -14,  -13,   -3,  -16,   -2,  -13,  -13,  -15,  -13,  -13,  -16,    0,  -13,    0,   13,   13,    0,  -13,   -3,    0,    0,    0,    0,    0,    0,    0,    0,    0,    0,    0,    0,    0,    0,    0,    0,    0,  -14,  -13,    0,  -13,    4,  -12,    1,  -12,  -14,  -11,  -10,  -11,    0,  -16,  -13,  -16,   -2,  -14,  -14,  -13,    0,    6,  -13,  -11,  -16,  -16,   -5,   -3,   -3,  -13,    0,   -2,    3,  -16,  -16,   27,  -16,    0,  -16,   20,    0,    0,    0,    0,    0,    0,    0,    0,    0,
       0,  -27,    0,    0,    0,    0,    0,    0,   -8,  -22,    0,    0,    0,    0,    0,    0,   -2,    0,    0,    0,    0,    0,    0,  -11,    0,    0,  -32,   -9,  -35,  -25,    0,  -39,    0,    0,    0,    0,    0,    0,    0,    0,    0,    0,    0,    0,    0,    0,  -11,    0,  -20,  -15,    0,  -17,    0,    0,    0,    0,    0,    0,    0,    0,    0,    0,    0,    0,    0,    0,    0,    0,    0,    0,    0,    0,    0,    0,    0,    0,    0,    0,    0,    0,    0,  -17,    0,    0,    0,    0,    0,    0,    0,    0,    0,    0,    0,    0,    0,    0,    0,    0,    0,    0,    0,    0,    0,    0,    0,    0,  -29,  -11,    0,    0,    0,    0,    0,    5,    0,    0,   -3,    0,    0,    0,    0,    0,    0,    0,    0,   -3,    0,    0,  -32,  -11,    0,    0,    0,    0,  -12,    0,    0,    0,    0,  -14,    0,  -26,  -30,    0,    0,    0,   -9,    0,    0,    0,    0,    0,    0,    0,    0,    0,    0,  -17,    0,    0,    0,  -14,  -19,    0,    0,    0,    0,    0,    0,    0,    0,    0,    0,  -17,    0,    0,    0,    0,    0,    0,    0,    0,    0,    0,    0,    0,    0,    0,    0,    0,    0,    0,    0,    0,  -19,  -39,  -19,  -32,  -19,  -22,    0,  -14,   -9,    0,    0,    0,    0,    0,    0,    0,    0,    0,   -3,    0,  -11,    0,    0,    0,  -17,  -17,  -14,    0,    0,    0,    0,    0,    0,    0,    0,    0,    0,    0,  -26,    0,  -31,  -31,    0,    0,    0,    0,
       0,    0,    0,    0,   -2,    0,    0,    0,    0,    0,    0,    0,    0,    0,    0,    0,    0,    0,    0,   -8,    0,    0,   -4,   -4,   -3,   -4,  -54,   -8,  -31,  -22,   -1,  -44,   -5,  -13,  -12,    0,    0,    0,    0,    0,    0,    0,    0,    0,    0,    0,    0,    0,    0,    0,    0,    0,    0,    0,  -10,    0,    0,    0,    0,    0,    0,    0,    0,    0,   -4,   -4,   -4,    0,    0,    0,    0,    0,    0,    0,    0,    0,    0,    0,    0,    0,    0,    0,    0,    0,    0,    0,    0,    0,    0,   -4,    0,   -4,    0,   -4,    0,    0,    0,    0,   -4,    0,    0,    0,    0,    0,    0,    0,  -54,    0,    0,    0,    0,    0,    0,    0,    0,    0,    0,    0,    0,    0,   -4,    0,    0,    0,    0,    0,    0,    0,    0,    0,    0,    0,    0,    0,    0,    0,    0,    0,    0,    0,    0,    0,    0,    0,    0,    0,    0,    0,    0,    0,    0,    0,    0,    0,    0,    0,    0,    0,    0,    0,    0,    0,    0,    0,    0,    0,    0,    0,    0,    0,    0,    0,    0,    0,    0,    0,    0,    0,    0,    0,    0,    0,    0,    0,    0,    0,    0,    0,    0,    0,    0,    0,    0,    0,    0,    0,    0,    0,    0,    0,    0,    0,    0,    0,    0,    0,    0,    0,    0,    0,    0,    0,    0,    0,    0,    0,    0,    0,    0,    0,    0,    0,    0,    0,    0,    0,    0,    0,    0,    0,    0,   -2,   -2,    0,  -11,  -11,   -8,    0,    0,    0,
       0,  -14,    0,  -15,  -16,    0,    0,   -7,    0,    0,    0,    0,    0,    0,    0,    0,    0,    0,    0,  -16,    0,   -7,   -7,   -3,  -16,   -8,  -56,   -9,  -38,  -26,  -18,  -52,  -15,  -19,  -16,    0,    0,    0,    0,   -5,   -2,    0,    0,    0,    0,    0,   -3,    0,   -7,   -3,  -11,   -7,   -4,   -7,  -15,    0,    0,   -9,    0,    0,    0,  -13,    0,    0,   -7,   -7,   -7,   -5,    0,    0,    0,    0,    0,    0,    0,    0,    0,    0,    0,    0,    0,   -7,    0,    0,    0,    0,   -2,   -2,    0,   -7,    0,   -7,    0,   -7,    0,    0,    0,    0,   -7,    0,    0,    0,    0,    0,    0,    0,  -56,   -3,   -4,   -5,    0,    0,    0,   -2,   -2,    0,   -1,    0,    0,    0,   -7,    0,    0,    0,    0,   -1,    0,    0,    0,    0,    0,    0,    0,    0,    0,    0,    0,    0,    0,    0,    0,    0,    0,    0,    0,    0,    0,    0,    0,    0,    0,    0,    0,    0,    0,    0,    0,    0,    0,    0,    0,    0,    0,    0,    0,    0,    0,    0,    0,    0,    0,    0,    0,    0,    0,    0,    0,    0,    0,    0,    0,    0,    0,    0,    0,    0,    0,    0,    0,    0,    0,    0,    0,    0,    0,    0,    0,    0,    0,    0,    0,    0,    0,    0,    0,    0,    0,    0,    0,    0,    0,    0,    0,    0,    0,    0,    0,    0,    0,    0,    0,    0,    0,    0,    0,    0,    0,    0,    0,    0,    0,  -18,  -15,   -2,  -22,  -22,  -16,    0,   -5,   -5,
       0,   -8,    0,   -2,  -10,    0,    0,    0,    0,    0,    0,    0,    0,    0,    0,    0,    0,    0,    0,  -10,    0,    0,   -5,   -8,   -2,   -2,  -52,  -12,  -33,  -23,    0,  -50,   -1,  -15,  -13,   -4,    0,   -6,   -4,    0,    0,    0,    0,    0,    0,    0,    0,    0,   -3,    0,    0,   -3,    0,    0,  -12,    0,    0,    0,   -7,   -8,    0,   -5,    0,    0,   -5,   -5,   -5,    0,   -4,   -6,   -6,   -6,    0,    0,    0,    0,   -6,   -6,   -6,   -6,    0,   -3,   -6,   -6,   -6,   -6,    0,    0,    0,   -5,    0,   -5,    0,   -5,    0,    0,    0,    0,   -5,    0,    0,    0,   -6,    0,    0,    0,  -52,    0,    0,    0,    0,   -6,    0,    0,    0,    0,   -1,    0,   -6,    0,   -5,    0,   -6,    0,    0,    0,    0,    0,    0,    0,    0,    0,    0,    0,    0,    0,    0,    0,    0,    0,    0,    0,    0,    0,    0,    0,    0,    0,    0,    0,    0,    0,    0,    0,    0,    0,    0,    0,    0,    0,    0,    0,    0,    0,    0,    0,    0,    0,    0,    0,    0,    0,    0,    0,    0,    0,    0,    0,    0,    0,    0,    0,    0,    0,    0,    0,    0,    0,    0,    0,    0,    0,    0,    0,    0,    0,    0,    0,    0,    0,    0,    0,    0,    0,    0,    0,    0,    0,    0,    0,    0,    0,    0,    0,    0,    0,    0,    0,    0,    0,    0,    0,    0,   -4,   -4,   -6,   -6,   -6,    0,   -6,   -6,  -11,   -3,    0,  -15,  -15,   -7,    0,    0,    0,
       0,    0,    0,    0,    0,    0,    0,    0,    0,    0,    0,    0,    0,    0,    0,    0,    0,    0,    0,    0,    0,    0,   -3,   -4,   -3,   -1,   -5,   -5,   -1,   -1,   -1,   -1,   -4,    0,    0,    0,    0,    0,    0,    0,    0,    0,    0,    0,    0,    0,    0,    0,    0,    0,    0,    0,    0,    0,    0,    0,    0,    0,    0,    0,    0,    0,    0,    0,   -3,   -3,   -3,    0,    0,    0,    0,    0,    6,    0,    5,    0,    0,    0,    0,    0,    0,    0,    0,    0,    0,    0,    0,    0,    0,   -3,    0,   -3,    0,   -3,    0,    0,    0,    3,   -3,    0,    0,    0,    0,    0,    0,    0,   -5,    0,    0,    0,    9,    0,    0,    0,    0,    0,    0,    9,    0,   42,   -3,    0,    0,   12,    0,    0,    0,    0,    0,    0,    0,    0,    0,    0,    0,    0,    0,    0,    0,    0,    0,    0,    0,    0,    0,    0,    0,    0,    0,    0,    0,    0,    0,    0,    0,    0,    0,    0,    0,    0,    0,    0,    0,    0,    0,    0,    0,    0,    0,    0,    0,    0,    0,    0,    0,    0,    0,    0,    0,    0,    0,    0,    0,    0,    0,    0,    0,    0,    0,    0,    0,    0,    0,    0,    0,    0,    0,    0,    0,    0,    0,    0,    0,    0,    0,    0,    0,    0,    0,    0,    0,    0,    0,    0,    0,    0,    0,    0,    0,    0,    0,    0,    0,    0,    0,    0,    0,    0,    0,    0,    0,    0,    0,    0,    0,    0,    0,    0,    0,    0,
       0,  -12,    0,  -10,  -14,    0,    0,    0,    0,    0,    0,    0,    0,    0,    0,    0,    0,    0,    0,  -12,    0,    0,   -6,   -5,   -2,   -1,  -53,  -11,  -39,  -28,   -3,  -57,   -1,  -18,  -14,    0,    0,   -1,    0,   -3,    0,    0,    0,    0,    0,    0,   -2,    0,   -7,    0,    0,   -7,    0,    0,  -13,    0,    0,   -6,    0,    0,    0,  -10,    0,    0,   -6,   -6,   -6,   -3,    0,   -1,   -1,   -1,    0,    0,    0,    0,   -1,   -1,   -1,   -1,    0,   -7,   -1,   -1,   -1,   -1,    0,    0,    0,   -6,    0,   -6,    0,   -6,    0,    0,    0,    0,   -6,    0,    0,    0,   -1,    0,    0,    0,  -53,   -2,    0,   -3,    0,   -1,    0,    0,    0,    0,   -1,    0,   -1,    0,   -6,    0,   -1,    0,    0,   -1,    0,    0,    0,    0,    0,    0,    0,    0,    0,    0,    0,    0,    0,    0,    0,    0,    0,    0,    0,    0,    0,    0,    0,    0,    0,    0,    0,    0,    0,    0,    0,    0,    0,    0,    0,    0,    0,    0,    0,    0,    0,    0,    0,    0,    0,    0,    0,    0,    0,    0,    0,    0,    0,    0,    0,    0,    0,    0,    0,    0,    0,    0,    0,    0,    0,    0,    0,    0,    0,    0,    0,    0,    0,    0,    0,    0,    0,    0,    0,    0,    0,    0,    0,    0,    0,    0,    0,    0,    0,    0,    0,    0,    0,    0,    0,    0,    0,    0,    0,   -1,   -1,   -1,    0,   -1,   -1,  -14,  -11,    0,  -19,  -19,  -12,    0,   -3,   -3,
       0,    0,    0,    4,    2,  -13,  -13,  -12,    0,    0,    0,    0,    0,    0,    0,    0,    0,    0,    0,    0,    0,  -18,   -1,    0,  -26,   -1,    3,    0,   14,   11,    3,   14,    0,    5,    6,  -11,    0,   -7,   -7,    0,   -1,    0,    0,    0,    0,    0,    0,    0,    0,    0,    0,    0,    0,    3,    4,   -8,    0,    0,   -2,   -3,    0,    0,    0,    0,   -1,   -1,   -1,    0,  -11,   -7,   -7,   -7,   27,    0,    7,   23,  -12,   -7,   -7,   -7,    0,    0,   -7,   -7,   -7,   -7,   -1,   -1,    0,   -1,    0,   -1,   17,   -1,   14,   16,    0,    5,   -1,    0,    0,   13,   -7,    0,    0,    0,    3,    0,    0,    0,   32,   -7,    0,   -1,   -1,    0,    0,   33,   -2,   70,   -1,   17,   -4,   33,    0,    0,    0,    0,    0,    0,    0,    0,    0,    0,    0,    0,    0,    0,    0,    0,    0,    0,    0,    0,    0,    0,    0,    0,    0,    0,    0,    0,    0,    0,    0,    0,    0,    0,    0,    0,    0,    0,    0,    0,    0,    0,    0,    0,    0,    0,    0,    0,    0,    0,    0,    0,    0,    0,    0,    0,    0,    0,    0,    0,    0,    0,    0,    0,    0,    0,    0,    0,    0,    0,    0,    0,    0,    0,    0,    0,    0,    0,    0,    0,    0,    0,    0,    0,    0,    0,    0,    0,    0,    0,    0,    0,    0,    0,    0,    0,    0,    0,    0,  -11,  -11,   -7,   10,   -7,    6,   -7,    3,    0,    0,  -13,    4,    4,    0,    0,    0,    0,
       0,    0,    0,    0,    0,    0,    0,    0,    0,    0,    0,    0,    0,    0,    0,    0,    0,    0,    0,    0,    0,    0,   -6,   -3,   -6,   -3,  -47,   -6,  -20,  -12,   -3,  -35,   -5,   -7,    0,   -8,    0,   -6,   -6,    0,    0,    0,    0,    0,    0,    0,    0,    0,    0,    0,    0,    0,    0,    0,    0,    0,    0,    0,    0,    0,    0,    0,    0,    0,   -6,   -6,   -6,    0,   -8,   -6,   -6,   -6,    0,    0,    0,    0,   -9,   -6,   -6,   -6,    0,    0,   -6,   -6,   -6,   -6,    0,    0,    0,   -6,    0,   -6,    0,   -6,    0,    0,    0,    0,   -6,    0,    0,    0,   -6,    0,    0,    0,  -47,    0,    0,    0,    0,   -6,    0,    0,    0,    0,    0,    0,   -6,    0,   -6,    0,   -6,    0,    0,    0,    0,    0,    0,    0,    0,    0,    0,    0,    0,    0,    0,    0,    0,    0,    0,    0,    0,    0,    0,    0,    0,    0,    0,    0,    0,    0,    0,    0,    0,    0,    0,    0,    0,    0,    0,    0,    0,    0,    0,    0,    0,    0,    0,    0,    0,    0,    0,    0,    0,    0,    0,    0,    0,    0,    0,    0,    0,    0,    0,    0,    0,    0,    0,    0,    0,    0,    0,    0,    0,    0,    0,    0,    0,    0,    0,    0,    0,    0,    0,    0,    0,    0,    0,    0,    0,    0,    0,    0,    0,    0,    0,    0,    0,    0,    0,    0,    0,   -8,   -8,   -6,   -6,   -6,    0,   -6,   -6,   -2,   -2,    0,   -7,   -7,    0,    0,    0,    0,
       0,  -12,    0,   -2,  -14,    0,    0,    0,    0,    0,    0,    0,    0,    0,    0,    0,    0,    0,    0,  -13,    0,    0,   -5,   -6,    0,   -5,  -58,  -10,  -34,  -23,    0,  -55,   -5,  -19,  -13,    0,    0,    0,    0,   -5,    0,    0,    0,    0,    0,    0,   -4,    0,   -7,   -3,    0,   -7,    0,    0,  -12,    0,    0,   -6,    0,    0,    0,  -11,    0,    0,   -5,   -5,   -5,   -5,    0,    0,    0,    0,    0,    0,    0,    0,    0,    0,    0,    0,    0,   -7,    0,    0,    0,    0,    0,    0,    0,   -5,    0,   -5,    0,   -5,    0,    0,    0,    0,   -5,    0,    0,    0,    0,    0,    0,    0,  -58,   -4,    0,   -5,    0,    0,    0,    0,    0,    0,   -1,    0,    0,    0,   -5,    0,    0,    0,    0,   -1,    0,    0,    0,    0,    0,    0,    0,    0,    0,    0,    0,    0,    0,    0,    0,    0,    0,    0,    0,    0,    0,    0,    0,    0,    0,    0,    0,    0,    0,    0,    0,    0,    0,    0,    0,    0,    0,    0,    0,    0,    0,    0,    0,    0,    0,    0,    0,    0,    0,    0,    0,    0,    0,    0,    0,    0,    0,    0,    0,    0,    0,    0,    0,    0,    0,    0,    0,    0,    0,    0,    0,    0,    0,    0,    0,    0,    0,    0,    0,    0,    0,    0,    0,    0,    0,    0,    0,    0,    0,    0,    0,    0,    0,    0,    0,    0,    0,    0,    0,    0,    0,    0,    0,    0,    0,  -14,  -11,    0,  -19,  -19,  -13,    0,   -5,   -5,
       0,    0,    0,    0,    0,    0,    0,    0,    0,    0,    0,    0,    0,    0,    0,    0,    0,    0,    0,    0,    0,    0,   -3,   -5,   -3,   -1,   -4,   -5,    0,    0,    0,   -3,   -4,    0,    0,    0,    0,    0,    0,    0,    0,    0,    0,    0,    0,    0,    0,    0,    0,    0,    0,    0,    0,    0,    0,    0,    0,    0,    0,    0,    0,    0,    0,    0,   -3,   -3,   -3,    0,    0,    0,    0,    0,    0,    0,    0,    4,    0,    0,    0,    0,    0,    0,    0,    0,    0,    0,    0,    0,    0,   -3,    0,   -3,    0,   -3,    0,    0,    0,    0,   -3,    0,    0,    0,    0,    0,    0,    0,   -4,    0,    0,    0,    0,    0,    0,    0,    0,    0,    0,    0,    0,   26,   -3,    0,    0,    0,    0,    0,    0,    0,    0,    0,    0,    0,    0,    0,    0,    0,    0,    0,    0,    0,    0,    0,    0,    0,    0,    0,    0,    0,    0,    0,    0,    0,    0,    0,    0,    0,    0,    0,    0,    0,    0,    0,    0,    0,    0,    0,    0,    0,    0,    0,    0,    0,    0,    0,    0,    0,    0,    0,    0,    0,    0,    0,    0,    0,    0,    0,    0,    0,    0,    0,    0,    0,    0,    0,    0,    0,    0,    0,    0,    0,    0,    0,    0,    0,    0,    0,    0,    0,    0,    0,    0,    0,    0,    0,    0,    0,    0,    0,    0,    0,    0,    0,    0,    0,    0,    0,    0,    0,    0,    0,    0,    0,    0,    0,    0,    0,    0,    0,    0,    0,
       0,    0,    0,    0,    0,    0,    0,    0,    0,    0,    0,    0,    0,    0,    0,    0,    0,    0,    0,    0,    0,    0,   -3,   -5,   -3,   -1,   -4,   -5,    0,    0,    0,   -3,   -4,    0,    0,    0,    0,    0,    0,    0,    0,    0,    0,    0,    0,    0,    0,    0,    0,    0,    0,    0,    0,    0,    0,    0,    0,    0,    0,    0,    0,    0,    0,    0,   -3,   -3,   -3,    0,    0,    0,    0,    0,    0,    0,    0,    4,    0,    0,    0,    0,    0,    0,    0,    0,    0,    0,    0,    0,    0,   -3,    0,   -3,    0,   -3,    0,    0,    0,    0,   -3,    0,    0,    0,    0,    0,    0,    0,   -4,    0,    0,    0,    0,    0,    0,    0,    0,    0,    0,    0,    0,   24,   -3,    0,    0,    0,    0,    0,    0,    0,    0,    0,    0,    0,    0,    0,    0,    0,    0,    0,    0,    0,    0,    0,    0,    0,    0,    0,    0,    0,    0,    0,    0,    0,    0,    0,    0,    0,    0,    0,    0,    0,    0,    0,    0,    0,    0,    0,    0,    0,    0,    0,    0,    0,    0,    0,    0,    0,    0,    0,    0,    0,    0,    0,    0,    0,    0,    0,    0,    0,    0,    0,    0,    0,    0,    0,    0,    0,    0,    0,    0,    0,    0,    0,    0,    0,    0,    0,    0,    0,    0,    0,    0,    0,    0,    0,    0,    0,    0,    0,    0,    0,    0,    0,    0,    0,    0,    0,    0,    0,    0,    0,    0,    0,    0,    0,    0,    0,    0,    0,    0,    0,
       0,    0,    0,    0,   -1,    0,    0,    0,    0,    0,    0,    0,    0,    0,    0,    0,    0,    0,    0,    0,    0,    0,    0,   -9,    0,    0,  -43,   -7,  -18,  -10,    0,  -30,    0,    0,  -10,  -11,    0,  -13,  -11,    0,    0,    0,    0,    0,    0,    0,    0,    0,    0,    0,    0,    0,    0,    0,   -2,    0,    0,    0,  -13,  -12,    0,    0,    0,    0,    0,    0,    0,    0,  -11,  -13,  -13,  -13,    0,    0,    0,    0,  -15,  -13,  -13,  -13,    0,    0,  -13,  -13,  -13,  -13,    0,    0,    0,    0,    0,    0,    0,    0,    0,    0,    0,    0,    0,    0,    0,   11,  -13,    0,    0,    0,  -43,    0,    0,    0,    0,  -13,    0,   11,    0,    0,    0,    0,  -13,    0,    0,    0,  -13,    0,    0,    0,    0,    0,    0,    0,    0,    0,    0,    0,    0,    0,    0,    0,    0,    0,    0,    0,    0,    0,    0,    0,    0,    0,    0,    0,    0,    0,    0,    0,    0,    0,    0,    0,    0,    0,    0,    0,    0,    0,    0,    0,    0,    0,    0,    0,    0,    0,    0,    0,    0,    0,    0,    0,    0,    0,    0,    0,    0,    0,    0,    0,    0,    0,    0,    0,    0,    0,    0,    0,    0,    0,    0,    0,    0,    0,    0,    0,    0,    0,    0,    0,    0,    0,    0,    0,    0,    0,    0,    0,    0,    0,    0,    0,    0,    0,    0,    0,    0,  -11,  -11,  -13,  -13,  -13,    0,  -13,  -13,   -3,   -3,    0,   -2,   -2,    0,    0,    0,    0,
       0,    0,    0,    0,    0,    0,    0,    0,    0,    0,    0,    0,    0,    0,    0,    0,    0,    0,    0,    0,    0,    0,   -3,   -4,   -3,   -1,   -5,   -6,   -1,   -1,   -1,   -3,   -4,    0,    0,    0,    0,    0,    0,    0,    0,    0,    0,    0,    0,    0,    0,    0,    0,    0,    0,    0,    0,    0,    0,    0,    0,    0,    0,    0,    0,    0,    0,    0,   -3,   -3,   -3,    0,    0,    0,    0,    0,    5,    0,    5,    0,    0,    0,    0,    0,    0,    0,    0,    0,    0,    0,    0,    0,    0,   -3,    0,   -3,    0,   -3,    0,    0,    0,    3,   -3,    0,    0,    0,    0,    0,    0,    0,   -5,    0,    0,    0,    9,    0,    0,    0,    0,    0,    0,    8,    0,   42,   -3,    0,    0,   11,    0,    0,    0,    0,    0,    0,    0,    0,    0,    0,    0,    0,    0,    0,    0,    0,    0,    0,    0,    0,    0,    0,    0,    0,    0,    0,    0,    0,    0,    0,    0,    0,    0,    0,    0,    0,    0,    0,    0,    0,    0,    0,    0,    0,    0,    0,    0,    0,    0,    0,    0,    0,    0,    0,    0,    0,    0,    0,    0,    0,    0,    0,    0,    0,    0,    0,    0,    0,    0,    0,    0,    0,    0,    0,    0,    0,    0,    0,    0,    0,    0,    0,    0,    0,    0,    0,    0,    0,    0,    0,    0,    0,    0,    0,    0,    0,    0,    0,    0,    0,    0,    0,    0,    0,    0,    0,    0,    0,    0,    0,    0,    0,    0,  -18,    0,    0,
       0,  -16,    0,  -14,  -18,    0,    0,    0,    0,    0,    0,    0,    0,    0,    0,    0,    0,    0,    0,  -16,    0,   -7,   -8,   -4,  -14,   -8,  -57,   -9,  -39,  -28,  -17,  -58,  -14,  -21,  -16,    0,    0,    0,    0,   -7,   -2,    0,    0,    0,    0,    0,   -5,    0,   -9,   -4,  -12,  -10,   -5,   -7,  -15,    0,    0,  -10,    0,    0,    0,  -15,    0,    0,   -8,   -8,   -8,   -7,    0,    0,    0,    0,    0,    0,    0,    0,    0,    0,    0,    0,    0,  -10,    0,    0,    0,    0,   -2,   -2,    0,   -8,    0,   -8,    0,   -8,    0,    0,    0,    0,   -8,    0,    0,    0,    0,    0,    0,    0,  -57,   -5,   -5,   -7,    0,    0,    0,   -2,   -2,    0,   -3,    0,    0,    0,   -8,    0,    0,    0,    0,   -3,    0,    0,    0,    0,    0,    0,    0,    0,    0,    0,    0,    0,    0,    0,    0,    0,    0,    0,    0,    0,    0,    0,    0,    0,    0,    0,    0,    0,    0,    0,    0,    0,    0,    0,    0,    0,    0,    0,    0,    0,    0,    0,    0,    0,    0,    0,    0,    0,    0,    0,    0,    0,    0,    0,    0,    0,    0,    0,    0,    0,    0,    0,    0,    0,    0,    0,    0,    0,    0,    0,    0,    0,    0,    0,    0,    0,    0,    0,    0,    0,    0,    0,    0,    0,    0,    0,    0,    0,    0,    0,    0,    0,    0,    0,    0,    0,    0,    0,    0,    0,    0,    0,    0,    0,    0,  -19,  -16,    0,  -24,  -24,  -16,    0,   -7,   -7,
       0,    0,    0,    0,   -2,    0,    0,    0,    0,    0,    0,    0,    0,    0,    0,    0,    0,    0,    0,   -7,    0,    0,   -3,   -5,   -3,   -4,  -52,   -8,  -29,  -21,   -1,  -44,   -5,  -12,  -12,    0,    0,    0,    0,    0,    0,    0,    0,    0,    0,    0,    0,    0,    0,    0,    0,    0,    0,    0,  -10,    0,    0,    0,    0,    0,    0,    0,    0,    0,   -3,   -3,   -3,    0,    0,    0,    0,    0,    0,    0,    0,    0,    0,    0,    0,    0,    0,    0,    0,    0,    0,    0,    0,    0,    0,   -3,    0,   -3,    0,   -3,    0,    0,    0,    0,   -3,    0,    0,    0,    0,    0,    0,    0,  -52,    0,    0,    0,    0,    0,    0,    0,    0,    0,    0,    0,    0,    0,   -3,    0,    0,    0,    0,    0,    0,    0,    0,    0,    0,    0,    0,    0,    0,    0,    0,    0,    0,    0,    0,    0,    0,    0,    0,    0,    0,    0,    0,    0,    0,    0,    0,    0,    0,    0,    0,    0,    0,    0,    0,    0,    0,    0,    0,    0,    0,    0,    0,    0,    0,    0,    0,    0,    0,    0,    0,    0,    0,    0,    0,    0,    0,    0,    0,    0,    0,    0,    0,    0,    0,    0,    0,    0,    0,    0,    0,    0,    0,    0,    0,    0,    0,    0,    0,    0,    0,    0,    0,    0,    0,    0,    0,    0,    0,    0,    0,    0,    0,    0,    0,    0,    0,    0,    0,    0,    0,    0,    0,    0,    0,   -2,    0,    0,   -9,   -9,   -7,    0,    0,    0,
       0,    0,    0,  -10,    0,  -23,  -23,  -19,    0,    0,    0,    0,    0,    0,    0,    0,    0,    0,    0,    0,    0,  -26,   -5,    0,  -36,   -3,  -41,   -1,  -13,   -6,  -29,  -30,  -17,    0,  -12,  -10,    0,   -6,   -7,    0,   -2,    0,    0,    0,    0,   -1,    0,    0,    0,    0,    0,    0,    0,    0,  -10,  -10,    0,    0,   -3,   -5,    0,    0,    0,    0,   -5,   -5,   -5,    0,  -10,   -6,   -6,   -6,    0,    0,    0,    0,  -10,   -6,   -6,   -6,    0,    0,   -6,   -6,   -6,   -6,   -2,   -2,    0,   -5,    0,   -5,    0,   -5,    0,    0,    0,    0,   -5,    0,    0,    8,   -6,    0,   -1,   -1,  -41,    0,    0,    0,    0,   -6,    0,   -2,   -2,    0,    0,    0,   -6,    0,   -5,    0,   -6,    0,    0,    0,    0,    0,    0,    0,    0,    0,    0,    0,    0,    0,    0,    0,    0,    0,    0,    0,    0,    0,    0,    0,    0,    0,    0,    0,    0,    0,    0,    0,    0,    0,    0,    0,    0,    0,    0,    0,    0,    0,    0,    0,    0,    0,    0,    0,    0,    0,    0,    0,    0,    0,    0,    0,    0,    0,    0,    0,    0,    0,    0,    0,    0,    0,    0,    0,    0,    0,    0,    0,    0,    0,    0,    0,    0,    0,    0,    0,    0,    0,    0,    0,    0,    0,    0,    0,    0,    0,    0,    0,    0,    0,    0,    0,    0,    0,    0,    0,    0,  -10,  -10,   -6,   -6,   -6,    0,   -6,   -6,    0,    0,  -23,    0,    0,    0,    0,    0,    0,
       0,    0,    0,  -10,   -8,    0,    0,    0,    0,    0,    0,    0,    0,    0,    0,    0,    0,    0,    0,   -9,    0,   -4,   -6,   -4,   -1,   -1,  -52,   -9,  -30,  -23,   -6,  -49,   -5,  -14,  -13,    0,    0,    0,    0,    0,   -2,    0,    0,    0,    0,    0,    0,    0,   -4,    0,    0,   -4,    0,    0,  -11,    0,    0,    0,    0,    0,    0,    0,    0,    0,   -6,   -6,   -6,    0,    0,    0,    0,    0,    0,    0,    0,    0,    0,    0,    0,    0,    0,   -4,    0,    0,    0,    0,   -2,   -2,    0,   -6,    0,   -6,    0,   -6,    0,    0,    0,    0,   -6,    0,    0,    0,    0,    0,    0,    0,  -52,    0,    0,    0,    0,    0,    0,   -2,   -2,    0,    0,    0,    0,    0,   -6,    0,    0,    0,    0,    0,    0,    0,    0,    0,    0,    0,    0,    0,    0,    0,    0,    0,    0,    0,    0,    0,    0,    0,    0,    0,    0,    0,    0,    0,    0,    0,    0,    0,    0,    0,    0,    0,    0,    0,    0,    0,    0,    0,    0,    0,    0,    0,    0,    0,    0,    0,    0,    0,    0,    0,    0,    0,    0,    0,    0,    0,    0,    0,    0,    0,    0,    0,    0,    0,    0,    0,    0,    0,    0,    0,    0,    0,    0,    0,    0,    0,    0,    0,    0,    0,    0,    0,    0,    0,    0,    0,    0,    0,    0,    0,    0,    0,    0,    0,    0,    0,    0,    0,    0,    0,    0,    0,    0,    0,    0,   -9,   -2,    0,  -13,  -13,   -8,    0,    0,    0,
       0,    0,    0,    0,   -3,    0,    0,    0,    0,    0,    0,    0,    0,    0,    0,    0,    0,    0,    0,    0,    0,    0,   -6,   -5,    0,   -1,  -46,  -10,  -25,  -17,    0,  -36,    0,  -10,  -11,   -5,    0,   -6,   -5,    0,    0,    0,    0,    0,    0,    0,    0,    0,    0,    0,    0,    0,    0,    0,  -10,    0,    0,    0,  -10,   -3,    0,    0,    0,    0,   -6,   -6,   -6,    0,   -5,   -6,   -6,   -6,    0,    0,    0,    0,   -7,   -6,   -6,   -6,    0,    0,   -6,   -6,   -6,   -6,    0,    0,    0,   -6,    0,   -6,    0,   -6,    0,    0,    0,    0,   -6,    0,    0,    0,   -6,    0,    0,    0,  -46,    0,    0,    0,    0,   -6,    0,    0,    0,    0,    0,    0,   -6,    0,   -6,    0,   -6,    0,    0,    0,    0,    0,    0,    0,    0,    0,    0,    0,    0,    0,    0,    0,    0,    0,    0,    0,    0,    0,    0,    0,    0,    0,    0,    0,    0,    0,    0,    0,    0,    0,    0,    0,    0,    0,    0,    0,    0,    0,    0,    0,    0,    0,    0,    0,    0,    0,    0,    0,    0,    0,    0,    0,    0,    0,    0,    0,    0,    0,    0,    0,    0,    0,    0,    0,    0,    0,    0,    0,    0,    0,    0,    0,    0,    0,    0,    0,    0,    0,    0,    0,    0,    0,    0,    0,    0,    0,    0,    0,    0,    0,    0,    0,    0,    0,    0,    0,    0,   -5,   -5,   -6,   -6,   -6,    0,   -6,   -6,   -4,   -4,    0,  -10,  -10,    0,    0,    0,    0,
       0,    0,    0,   -2,    0,  -20,  -20,  -18,    0,    0,    0,    0,    0,    0,    0,    0,    0,    0,    0,    0,    0,  -20,   -4,    0,  -35,   -1,  -48,   -1,  -12,   -6,  -25,  -27,  -13,    0,  -13,  -10,    0,   -7,   -8,    0,   -7,    0,    0,    0,    0,   -5,    0,    0,    0,    0,    0,    0,    0,    0,  -11,  -11,    0,    0,    0,    0,    0,    0,    0,    0,   -4,   -4,   -4,    0,  -10,   -7,   -7,   -7,    0,    0,    0,    0,  -10,   -7,   -7,   -7,    0,    0,   -7,   -7,   -7,   -7,   -7,   -7,    0,   -4,    0,   -4,    0,   -4,    0,    0,    0,    0,   -4,    0,    0,    0,   -7,    0,   -5,   -5,  -48,    0,    0,    0,    0,   -7,    0,   -7,   -7,    0,    0,    0,   -7,    0,   -4,    0,   -7,    0,    0,    0,    0,    0,    0,    0,    0,    0,    0,    0,    0,    0,    0,    0,    0,    0,    0,    0,    0,    0,    0,    0,    0,    0,    0,    0,    0,    0,    0,    0,    0,    0,    0,    0,    0,    0,    0,    0,    0,    0,    0,    0,    0,    0,    0,    0,    0,    0,    0,    0,    0,    0,    0,    0,    0,    0,    0,    0,    0,    0,    0,    0,    0,    0,    0,    0,    0,    0,    0,    0,    0,    0,    0,    0,    0,    0,    0,    0,    0,    0,    0,    0,    0,    0,    0,    0,    0,    0,    0,    0,    0,    0,    0,    0,    0,    0,    0,    0,    0,  -10,  -10,   -7,   -7,   -7,    0,   -7,   -7,    0,    0,  -21,    0,    0,    0,    0,    0,    0,
       0,    0,    0,   -2,    0,  -14,  -14,  -14,    0,    0,    0,    0,    0,    0,    0,    0,    0,    0,    0,    0,    0,  -15,   -1,    0,  -29,   -1,  -45,   -1,  -14,   -6,  -22,  -29,  -11,    0,  -11,   -6,    0,   -4,   -5,    0,   -4,    0,    0,    0,    0,   -3,    0,    0,    0,    0,    0,    0,    0,    0,   -9,  -10,    0,    0,    0,    0,    0,    0,    0,    0,   -1,   -1,   -1,    0,   -6,   -4,   -4,   -4,    0,    0,    0,    0,   -6,   -4,   -4,   -4,    0,    0,   -4,   -4,   -4,   -4,   -4,   -4,    0,   -1,    0,   -1,    0,   -1,    0,    0,    0,    0,   -1,    0,    0,    0,   -4,    0,   -3,   -3,  -45,    0,    0,    0,    0,   -4,    0,   -4,   -4,    0,    0,    0,   -4,    0,   -1,    0,   -4,    0,    0,    0,    0,    0,    0,    0,    0,    0,    0,    0,    0,    0,    0,    0,    0,    0,    0,    0,    0,    0,    0,    0,    0,    0,    0,    0,    0,    0,    0,    0,    0,    0,    0,    0,    0,    0,    0,    0,    0,    0,    0,    0,    0,    0,    0,    0,    0,    0,    0,    0,    0,    0,    0,    0,    0,    0,    0,    0,    0,    0,    0,    0,    0,    0,    0,    0,    0,    0,    0,    0,    0,    0,    0,    0,    0,    0,    0,    0,    0,    0,    0,    0,    0,    0,    0,    0,    0,    0,    0,    0,    0,    0,    0,    0,    0,    0,    0,    0,    0,   -6,   -6,   -4,   -4,   -4,    0,   -4,   -4,    0,    0,  -15,    0,    0,    0,    0,    0,    0,
       0,    0,    0,    0,    0,    0,    0,    0,    0,    0,    0,    0,    0,    0,    0,    0,    0,    0,    0,    0,    0,    0,   -1,   -7,    0,   -1,  -44,   -6,  -17,   -9,    0,  -30,    0,    0,   -2,  -10,    0,  -11,   -9,    0,    0,    0,    0,    0,    0,    0,    0,    0,    0,    0,    0,    0,    0,    0,   -2,    0,    0,    0,  -13,  -10,    0,    0,    0,    0,   -1,   -1,   -1,    0,  -10,  -11,  -11,  -11,    0,    0,    0,    0,  -13,  -11,  -11,  -11,    0,    0,  -11,  -11,  -11,  -11,    0,    0,    0,   -1,    0,   -1,    0,   -1,    0,    0,    0,    0,   -1,    0,    0,    0,  -11,    0,    0,    0,  -44,    0,    0,    0,    0,  -11,    0,   13,    0,    0,    0,    0,  -11,    0,   -1,    0,  -11,    0,    0,    0,    0,    0,    0,    0,    0,    0,    0,    0,    0,    0,    0,    0,    0,    0,    0,    0,    0,    0,    0,    0,    0,    0,    0,    0,    0,    0,    0,    0,    0,    0,    0,    0,    0,    0,    0,    0,    0,    0,    0,    0,    0,    0,    0,    0,    0,    0,    0,    0,    0,    0,    0,    0,    0,    0,    0,    0,    0,    0,    0,    0,    0,    0,    0,    0,    0,    0,    0,    0,    0,    0,    0,    0,    0,    0,    0,    0,    0,    0,    0,    0,    0,    0,    0,    0,    0,    0,    0,    0,    0,    0,    0,    0,    0,    0,    0,    0,    0,  -10,  -10,  -11,  -11,  -11,    0,  -11,  -11,    0,    0,    0,    0,    0,    0,    0,    0,    0,
       0,    0,    0,   -2,    0,  -22,  -21,  -18,    0,    0,    0,    0,    0,    0,    0,    0,    0,    0,    0,    0,    0,  -22,   -4,    0,  -36,   -1,  -48,   -1,  -11,   -5,  -25,  -27,  -12,    0,  -12,  -11,    0,   -7,   -8,    0,   -7,    0,    0,    0,    0,   -6,    0,    0,    0,    0,    0,    0,    0,    0,  -10,  -12,    0,    0,    0,    0,    0,    0,    0,    0,   -4,   -4,   -4,    0,  -11,   -7,   -7,   -7,    0,    0,    0,    0,  -11,   -7,   -7,   -7,    0,    0,   -7,   -7,   -7,   -7,   -7,   -7,    0,   -4,    0,   -4,    0,   -4,    0,    0,    0,    0,   -4,    0,    0,    0,   -7,    0,   -6,   -6,  -48,    0,    0,    0,    0,   -7,    0,   -7,   -7,    0,    0,    0,   -7,    0,   -4,    0,   -7,    0,    0,    0,    0,    0,    0,    0,    0,    0,    0,    0,    0,    0,    0,    0,    0,    0,    0,    0,    0,    0,    0,    0,    0,    0,    0,    0,    0,    0,    0,    0,    0,    0,    0,    0,    0,    0,    0,    0,    0,    0,    0,    0,    0,    0,    0,    0,    0,    0,    0,    0,    0,    0,    0,    0,    0,    0,    0,    0,    0,    0,    0,    0,    0,    0,    0,    0,    0,    0,    0,    0,    0,    0,    0,    0,    0,    0,    0,    0,    0,    0,    0,    0,    0,    0,    0,    0,    0,    0,    0,    0,    0,    0,    0,    0,    0,    0,    0,    0,    0,  -11,  -11,   -7,   -7,   -7,    0,   -7,   -7,    0,    0,  -22,    0,    0,    0,    0,    0,    0,
       0,    0,    0,    0,    0,    0,    0,    0,    0,    0,    0,    0,    0,    0,    0,    0,    0,    0,    0,    0,    0,    0,   -6,   -4,    0,   -1,  -47,   -8,  -22,  -14,    0,  -37,    0,   -7,  -10,   -5,    0,   -5,   -4,    0,    0,    0,    0,    0,    0,    0,    0,    0,    0,    0,    0,    0,    0,    0,   -2,    0,    0,    0,   -2,   -2,    0,    0,    0,    0,   -6,   -6,   -6,    0,   -5,   -5,   -5,   -5,    0,    0,    0,    0,   -6,   -5,   -5,   -5,    0,    0,   -5,   -5,   -5,   -5,    0,    0,    0,   -6,    0,   -6,    0,   -6,    0,    0,    0,    0,   -6,    0,    0,    0,   -5,    0,    0,    0,  -47,    0,    0,    0,    0,   -5,    0,    0,    0,    0,    0,    0,   -5,    0,   -6,    0,   -5,    0,    0,    0,    0,    0,    0,    0,    0,    0,    0,    0,    0,    0,    0,    0,    0,    0,    0,    0,    0,    0,    0,    0,    0,    0,    0,    0,    0,    0,    0,    0,    0,    0,    0,    0,    0,    0,    0,    0,    0,    0,    0,    0,    0,    0,    0,    0,    0,    0,    0,    0,    0,    0,    0,    0,    0,    0,    0,    0,    0,    0,    0,    0,    0,    0,    0,    0,    0,    0,    0,    0,    0,    0,    0,    0,    0,    0,    0,    0,    0,    0,    0,    0,    0,    0,    0,    0,    0,    0,    0,    0,    0,    0,    0,    0,    0,    0,    0,    0,    0,   -5,   -5,   -5,   -5,   -5,    0,   -5,   -5,    0,    0,    0,    0,    0,    0,    0,    0,    0,
       0,    0,    0,    0,    0,    0,    0,    0,   -2,   -2,    0,    0,  -10,    0,    0,    0,    0,    0,    0,    0,    0,   -2,    0,  -10,    0,   -2,    0,    0,    3,    0,    0,    2,    0,    0,    0,  -15,    0,  -14,  -14,    0,    0,    0,   12,    0,  -10,  -13,  -11,  -11,  -12,  -11,   -2,   -2,   -2,    0,    0,    0,    0,    0,    0,    0,    0,    0,    0,  -13,   16,   10,    0,    0,  -15,  -14,  -14,  -14,   20,    0,    0,   12,  -13,  -14,  -14,  -14,  -11,   -2,  -14,  -14,  -14,  -14,    0,    0,   27,   -2,    0,   15,    0,    4,    6,    8,    0,   12,   -2,    0,  -10,    2,  -14,  -10,  -13,  -13,    0,  -11,   -2,    0,   24,  -14,  -12,    0,    0,    0,    7,   23,   -3,   60,    9,    0,   -4,   24,  -11,    7,    0,    0,    0,  -10,   -2,    7,   -3,    0,    5,   -3,    0,    0,    0,  -11,    0,    0,    0,    0,    0,  -15,  -11,  -14,  -11,  -14,  -10,  -12,  -11,  -11,  -10,  -14,  -11,   -2,  -14,   -2,  -11,  -12,  -13,  -11,  -12,  -14,    0,  -13,    0,   13,   12,    0,  -11,   -2,    0,    0,    0,    0,    0,    0,    0,    0,    0,    0,    0,    0,    0,    0,    0,    0,    0,  -13,  -11,    0,  -12,    2,  -11,    0,  -11,  -12,  -10,   -7,  -10,    0,  -15,  -13,  -14,    0,  -12,  -12,  -12,    0,    5,  -11,  -10,  -14,  -14,   -5,   -2,   -2,  -12,    0,   -2,    2,  -15,  -14,   26,  -14,    0,  -14,   19,    0,    0,    0,    0,    0,    0,    0,    0,    0,
       0,  -12,    0,    0,    0,    0,    0,    0,    0,    0,    0,    0,    0,    0,    0,    0,    0,    0,    0,    0,    0,    0,    0,    0,    0,    0,  -12,    0,  -16,  -12,    0,  -18,    0,    0,    0,    0,    0,    0,    0,    0,    0,    0,   13,    0,    0,    0,   -7,    0,  -10,   -7,    0,    0,    0,    0,    0,    0,    0,    0,    0,    0,    0,    0,    0,    0,    0,    0,    0,    0,    0,    0,    0,    0,    0,    0,    0,    0,    0,    0,    0,    0,    0,    0,    0,    0,    0,    0,    0,    0,    0,    0,    0,    0,    0,    0,    0,    0,    0,   13,    0,    0,    0,    0,    0,    0,    0,    0,  -12,   -7,    0,    0,    0,    0,    0,    0,    0,    0,    6,   13,    0,   12,    0,    0,    0,    0,    0,    6,    0,    0,    0,    0,    0,    0,    0,    0,    0,    0,    0,    0,    0,    0,    0,    0,    0,    0,    0,    0,    0,    0,    0,    0,    0,    0,    0,    0,    0,    0,    0,    0,    0,    0,    0,    0,    0,    0,    0,    0,    0,    0,    0,    0,    0,    0,    0,    0,    0,    0,    0,    0,    0,    0,    0,    0,    0,    0,    0,    0,    0,    0,    0,    0,    0,    0,    0,    0,    0,    0,    0,    0,    0,    0,    0,    0,    0,    0,    0,    0,    0,    0,    0,    0,    0,    0,    0,    0,    0,    0,    0,    0,    0,    0,    0,    0,    0,    0,    0,    0,    0,    0,    0,    0,    0,    0,  -12,    0,  -13,  -13,    0,    0,    0,    0,
       0,    0,    0,    0,    0,    0,    0,    0,    0,    0,    0,    0,    0,    0,    0,    0,    0,    0,    0,    0,    0,  -15,    0,    0,  -12,    0,  -15,    0,  -19,   -3,    0,  -21,    0,    0,    0,    0,    0,    0,    0,    0,    0,    0,    0,    0,    0,    0,   -2,    0,  -13,   -2,    0,  -13,    0,    0,    0,    0,    0,    0,    0,    0,    0,    0,    0,  -17,    0,    0,    0,    0,   -4,    0,    0,    0,    0,    0,    0,    0,    0,    0,    0,    0,    0,  -13,    0,    0,    0,    0,    0,    0,    0,    0,    0,    0,    0,    0,    0,    0,    0,    0,   -9,  -19,    0,  -33,    0,    0,    0,    0,  -15,   -3,    0,    0,    0,    0,    0,   -7,    0,    0,   -9,    0,    0,   12,    0,    0,    0,    0,    0,   -9,    0,    0,    0,    0,    0,    0,    0,    0,    0,    0,    0,    0,    0,    0,    0,    0,    0,    0,    0,    0,    0,    0,    0,    0,    0,    0,    0,    0,    0,    0,    0,    0,    0,    0,    0,    0,    0,    0,    0,    0,    0,    0,    0,    0,    0,    0,    0,    0,    0,    0,    0,    0,    0,    0,    0,    0,    0,    0,    0,    0,    0,    0,    0,    0,    0,    0,    0,    0,    0,    0,    0,    0,    0,    0,    0,    0,    0,    0,    0,    0,    0,    0,    0,    0,    0,    0,    0,    0,    0,    0,    0,    0,    0,    0,    0,    0,    0,    0,    0,    0,    0,    0,    0,    0,    0,    0,    0,    0,    0,    0,    0,    0,    0,    0,
       0,    0,    0,    0,    0,    0,    0,    0,    0,    0,    0,    0,    0,    0,    0,    0,    0,    0,    0,    0,    0,    0,    0,    0,    0,    0,  -32,    0,  -17,   -9,    0,  -26,    0,    0,    0,    0,    0,    0,    0,    0,    0,    0,    0,    0,    0,    0,    0,    0,    0,    0,    0,    0,    0,    0,    0,    0,    0,    0,    0,    0,    0,    0,    0,    0,    0,    0,    0,    0,    0,    0,    0,    0,    0,    0,    0,    0,    0,    0,    0,    0,    0,    0,    0,    0,    0,    0,    0,    0,    0,    0,    0,    0,    0,    0,    0,    0,    0,    0,    0,    0,    0,    0,    0,    0,    0,    0,  -23,    0,    0,    0,    0,    0,    0,    0,    0,    0,    0,    0,    0,    0,    0,    0,    0,    0,    0,    0,    0,    0,    0,    0,    0,    0,    0,    0,    0,    0,    0,    0,    0,    0,    0,    0,    0,    0,    0,    0,    0,    0,    0,    0,    0,    0,    0,    0,    0,    0,    0,    0,    0,    0,    0,    0,    0,    0,    0,    0,    0,    0,    0,    0,    0,    0,    0,    0,    0,    0,    0,    0,    0,    0,    0,    0,    0,    0,    0,    0,    0,    0,    0,    0,    0,    0,    0,    0,    0,    0,    0,    0,    0,    0,    0,    0,    0,    0,    0,    0,    0,    0,    0,    0,    0,    0,    0,    0,    0,    0,    0,    0,    0,    0,    0,    0,    0,    0,    0,    0,    0,    0,    0,    0,    0,    0,    0,    0,    0,    0,    0,    0,    0,    0,
       0,    0,    0,    0,    0,    0,    0,    0,    0,    0,    0,    0,    0,    0,    0,    0,    0,    0,    0,    0,    0,    0,    0,    0,   -2,    0,  -36,    0,  -19,  -10,    0,  -31,    0,    0,    0,    0,    0,    0,    0,    0,    0,    0,    0,    0,    0,    0,    0,    0,    0,    0,    0,    0,    0,    0,    0,    0,    0,    0,    0,    0,    0,    0,    0,    0,    0,    0,    0,    0,    0,    0,    0,    0,    0,    0,    0,    0,    0,    0,    0,    0,    0,    0,    0,    0,    0,    0,    0,    0,    0,    0,    0,    0,    0,    0,    0,    0,    0,    0,    0,    0,    0,    0,    0,    0,    0,    0,  -63,    0,    0,    0,    0,    0,    0,    0,    0,    0,    0,    0,    0,    0,    0,    0,    0,    0,    0,    0,    0,    0,  -36,    0,    0,    0,   -2,   -2,  -18,    0,    0,    0,    0,    0,    0,    0,  -34,    0,    0,    0,    0,    0,    0,    0,    0,    0,    0,    0,    0,   -3,    0,    0,    0,    0,    0,    0,    0,    0,    0,    0,    0,    0,    0,    0,    0,    0,    0,    0,    0,    0,    0,    0,    0,    0,    0,    0,    0,    0,    0,    0,    0,    0,    0,    0,    0,    0,    0,    0,    0,  -31,    0,  -57,    0,    0,    0,    0,    0,    0,    0,    0,    0,    0,    0,    0,    0,    0,    0,    0,    0,    0,    0,    0,    0,    0,    0,    0,    0,    0,    0,    0,    0,    0,    0,    0,    0,    0,   -7,    0,  -18,  -18,    0,    0,    0,    0,
       0,  -24,    0,    0,    0,    0,    0,    0,    0,   -9,   -8,    0,    0,    0,  -18,    0,    0,    0,    0,    0,    0,   -8,    0,    0,  -29,   -6,  -32,    0,  -21,  -13,  -15,  -35,  -11,    0,    0,    0,    0,    0,    0,    0,    0,    0,    0,    0,    0,    0,    0,    0,    0,    0,  -12,   -5,   -3,    0,    0,    0,    0,    0,    0,    0,    0,    0,    0,  -13,    0,    0,    0,    0,    0,    0,    0,    0,    0,    0,    0,    0,    0,    0,    0,    0,    0,   -5,    0,    0,    0,    0,    0,    0,    0,    0,    0,    0,    0,    0,    0,    0,    0,    0,    0,    0,    0,    0,    0,    0,    0,    0,  -57,    0,   -3,    0,    0,    0,    0,    0,    0,   -6,   -2,    0,    0,    0,    0,    0,    0,    0,    0,   -2,  -13,    0,  -32,    0,   -5,    0,  -29,  -20,  -27,   -7,  -21,  -15,   -6,    0,  -15,  -14,  -30,   -6,   -6,    0,    0,    0,   -2,    0,  -11,   -9,    0,    0,    0,  -16,    0,   -5,    0,  -12,    0,    0,   -2,   -7,    0,    0,    0,    0,    0,    0,    0,    0,    0,   -5,    0,    0,    0,    0,    0,    0,    0,    0,    0,    0,    0,    0,    0,    0,    0,    0,    0,   -8,   -2,    0,   -3,  -35,   -5,  -64,   -5,   -3,    0,    0,    0,    0,    0,  -13,    0,    0,    0,    0,   -9,   -6,   -2,    0,    0,    0,    0,   -7,   -5,   -5,    0,  -21,  -16,    0,    0,    0,    0,    0,    0,    0,    0,    0,  -31,    0,  -35,  -36,    0,    0,    0,    0,
       0,    0,    0,    0,    0,    0,    0,    0,    0,    0,    0,    0,  -13,    0,    0,    0,    0,    0,    0,    0,    0,    0,    0,    0,    0,    0,    0,    0,    0,    0,    0,    0,    0,    0,    0,    0,    0,    0,    0,    0,    0,    0,    0,    0,    0,    0,    0,    0,    0,    0,    0,    0,    0,    0,    0,    0,    0,    0,    0,    0,    0,    0,    0,    0,    0,    0,    0,    0,    0,    0,    0,    0,    0,    0,    0,    0,    0,    0,    0,    0,    0,    0,    0,    0,    0,    0,    0,    0,    0,    0,    0,    0,    0,    0,    0,    0,    0,    0,    0,    0,    0,    0,    0,    0,    0,    0,    0,    0,    0,    0,    0,    0,    0,    0,    0,    0,    0,    0,    0,    0,    0,    0,    0,    0,    0,    0,    0,    0,    0,    0,    0,    0,    0,    0,    0,    0,    0,    0,    0,    0,    0,    0,    0,    0,    0,    0,    0,    0,    0,    0,    0,    0,    0,    0,    0,    0,    0,    0,    0,    0,    0,    0,    0,    0,    0,    0,    0,    0,    0,    0,    0,    0,    0,    0,    0,    0,    0,    0,    0,    0,    0,    0,    0,    0,    0,    0,    0,    0,    0,    0,    0,    0,    0,    0,    0,    0,    0,    0,    0,    0,    0,    0,    0,    0,    0,    0,    0,    0,    0,    0,    0,    0,    0,    0,    0,    0,    0,    0,    0,    0,    0,    0,    0,    0,    0,    0,    0,    0,    0,    0,    0,    0,    0,    0,    0,    0,    0,    0,    0,    0,
       0,  -20,    0,    0,    0,    0,    0,    0,    0,    0,    0,    0,    0,    0,    0,    0,    0,    0,    0,    0,    0,    0,    0,    0,  -17,    0,  -39,    0,  -28,  -19,  -13,  -41,   -8,    0,    0,    0,    0,    0,    0,    0,    0,    0,    0,    0,    0,    0,    0,    0,   -7,    0,  -13,  -11,   -2,    0,    0,    0,    0,    0,    0,    0,    0,    0,    0,   -8,    0,    0,    0,    0,    0,    0,    0,    0,    0,    0,    0,    0,    0,    0,    0,    0,    0,  -11,    0,    0,    0,    0,    0,    0,    0,    0,    0,    0,    0,    0,    0,    0,    0,    0,    0,    0,    0,    0,    0,    0,    0,    0,  -70,    0,   -2,    0,    0,    0,    0,    0,    0,    0,    0,    0,    0,    0,    0,    0,    0,    0,    0,    0,  -13,    0,  -39,    0,    0,    0,  -17,  -12,  -31,    0,  -13,  -13,    0,    0,  -13,  -14,  -37,    0,   -8,    0,    0,    0,    0,    0,  -11,   -7,    0,    0,    0,  -13,    0,  -11,    0,  -13,    0,    0,   -9,    0,    0,    0,    0,    0,    0,    0,    0,    0,    0,  -11,    0,    0,    0,    0,    0,    0,    0,    0,    0,    0,    0,    0,    0,    0,    0,    0,    0,    0,    0,    0,  -12,  -41,  -10,  -71,  -10,  -11,    0,    0,    0,    0,    0,   -8,    0,    0,    0,    0,   -7,    0,    0,    0,    0,    0,    0,    0,  -11,  -11,    0,  -19,  -16,    0,    0,    0,    0,    0,    0,    0,    0,    0,  -23,    0,  -30,  -30,    0,    0,    0,    0,
       0,    0,    0,    0,    0,    0,    0,    0,    0,    0,    0,    0,    0,    0,    0,    0,    0,    0,    0,    0,    0,   -4,   -2,  -12,   -5,   -2,  -41,  -13,  -30,  -22,   -4,  -38,   -3,    0,    0,  -15,   -3,  -14,  -14,    0,    0,   -3,    7,   -3,   -3,  -11,   -2,  -11,  -11,   -2,   -3,   -2,   -3,    0,    0,    0,    0,    0,    0,    0,    0,    0,    0,   -5,   -2,   -2,  -11,    0,  -15,  -14,  -14,  -14,   -3,   -3,   -3,   -3,  -16,  -14,  -14,  -14,  -11,   -2,  -14,  -14,  -14,  -14,    0,    0,   -3,  -13,   -3,   -2,   -3,   -2,   -3,   -3,   -3,    7,  -13,   -3,   -3,   -3,  -14,   -3,  -11,  -11,  -35,   -2,   -3,    0,   -3,  -14,    0,    0,    0,  -11,    5,    7,  -14,   -3,   -2,   -3,  -14,   -3,  -11,    5,    0,    0,    0,    0,    0,    0,    0,    0,    0,    0,    0,    0,    0,    0,    0,    0,    0,    0,    0,    0,    0,    0,    0,    0,    0,    0,    0,    0,    0,    0,    0,    0,    0,    0,    0,    0,    0,    0,    0,    0,    0,    0,    0,    0,    0,    0,    0,    0,    0,    0,    0,    0,    0,    0,    0,    0,    0,    0,    0,    0,    0,    0,    0,    0,    0,    0,    0,    0,    0,    0,    0,    0,    0,    0,    0,    0,    0,    0,    0,    0,    0,    0,    0,    0,    0,    0,    0,    0,    0,    0,    0,    0,    0,    0,    0,    0,    0,  -15,  -15,  -14,  -14,  -14,   -3,  -14,  -14,    0,    0,    0,    0,    0,    0,    0,    0,    0,
       0,    0,    0,    0,    0,    0,    0,    0,    0,    0,    0,    0,    0,    0,    0,    0,    0,    0,    0,    0,    0,    0,    0,    0,    0,    0,    0,    0,    0,    0,    0,    0,    0,    0,   18,   -8,   -3,   -8,   -7,   -7,   -7,   -3,   -3,   -3,   -3,   -7,   -7,   -5,   -5,   -5,   -1,   -5,   -5,   17,   16,    0,    0,    0,    0,    0,    0,    0,    0,    0,    0,    0,    0,   -7,   -8,   -8,   -8,   -8,   -3,   -3,   -3,   -3,   -8,   -8,   -8,   -8,   -5,   -5,   -8,   -8,   -8,   -8,   -7,   -7,   -3,    0,   -3,    0,   -3,    0,   -3,   -3,   -3,   -3,    0,   -3,   -3,   -3,   -8,   -3,   -7,   -7,    0,   -7,   -5,   -7,   -2,   -8,    0,   -7,   -7,    0,   -4,   -3,   -8,   -3,    0,   -3,   -8,   -3,   -5,   -4,    0,    0,    0,    0,    0,    0,    0,    0,    0,    0,    0,    0,    0,    0,    0,    0,    0,    0,    0,    0,    0,    0,    0,    0,    0,    0,    0,    0,    0,    0,    0,    0,    0,    0,    0,    0,    0,    0,    0,    0,    0,    0,    0,    0,    0,    0,    0,    0,    0,    0,    0,    0,    0,    0,    0,    0,    0,    0,    0,    0,    0,    0,    0,    0,    0,    0,    0,    0,    0,    0,    0,    0,    0,    0,    0,    0,    0,    0,    0,    0,    0,    0,    0,    0,    0,    0,    0,    0,    0,    0,    0,    0,    0,    0,    0,    0,    0,   -8,   -8,   -8,   -8,   -8,   -3,   -8,   -8,    0,    0,    0,    6,    6,    0,    0,   -7,   -7,
       0,    0,    0,    0,    0,    0,    0,    0,    0,    0,    0,    0,    0,    0,    0,    0,    0,    0,    0,    0,    0,    0,    0,    0,    0,    0,    0,    0,    0,    0,    0,    0,    0,    0,   15,   -8,   -3,   -8,   -7,   -7,   -7,   -3,   -3,   -3,   -3,   -7,   -7,   -5,   -5,   -5,   -1,   -5,   -5,   13,   14,    0,    0,    0,    0,    0,    0,    0,    0,    0,    0,    0,    0,   -7,   -8,   -8,   -8,   -8,   -3,   -3,   -3,   -3,   -8,   -8,   -8,   -8,   -5,   -5,   -8,   -8,   -8,   -8,   -7,   -7,   -3,    0,   -3,    0,   -3,    0,   -3,   -3,   -3,   -3,    0,   -3,   -3,   -3,   -8,   -3,   -7,   -7,    0,   -7,   -5,   -7,   -2,   -8,    0,   -7,   -7,    0,   -4,   -3,   -8,   -3,    0,   -3,   -8,   -3,   -5,   -4,    0,    0,    0,    0,    0,    0,    0,    0,    0,    0,    0,    0,    0,    0,    0,    0,    0,    0,    0,    0,    0,    0,    0,    0,    0,    0,    0,    0,    0,    0,    0,    0,    0,    0,    0,    0,    0,    0,    0,    0,    0,    0,    0,    0,    0,    0,    0,    0,    0,    0,    0,    0,    0,    0,    0,    0,    0,    0,    0,    0,    0,    0,    0,    0,    0,    0,    0,    0,    0,    0,    0,    0,    0,    0,    0,    0,    0,    0,    0,    0,    0,    0,    0,    0,    0,    0,    0,    0,    0,    0,    0,    0,    0,    0,    0,    0,    0,   -8,   -8,   -8,   -8,   -8,   -3,   -8,   -8,    0,    0,    0,    3,    3,    0,    0,   -7,   -7,
       0,    0,    0,  -10,    0,  -13,  -12,    0,    0,    0,    0,    0,    0,    0,    0,    0,    0,    0,    0,    0,    0,  -10,    0,    0,  -13,   -2,  -16,    0,  -14,   -7,  -15,  -48,   -8,    0,  -11,   -3,   -4,   -1,   -1,   -4,   -5,   -4,   -4,   -4,   -4,   -4,    0,   -1,   -3,    0,  -11,   -1,   -5,    0,  -10,    0,    0,    0,    0,    0,    0,    0,    0,  -17,    0,    0,   -3,   -4,   -3,   -1,   -1,   -1,   -4,   -4,   -4,   -4,   -3,   -1,   -1,   -1,   -1,   -1,   -1,   -1,   -1,   -1,   -5,   -5,   -4,   -5,   -4,    0,   -4,    0,   -4,   -4,   -4,   -4,   -5,   -4,   -4,   -4,   -1,   -4,   -4,   -4,  -26,    0,   -5,   -4,   -4,   -1,    0,   -5,   -5,   -7,    0,   -4,   -1,   -4,    0,   -4,   -1,   -4,   -1,    0,    0,    0,    0,    0,    0,    0,    0,    0,    0,    0,    0,    0,    0,    0,    0,    0,    0,    0,    0,    0,    0,    0,    0,    0,    0,    0,    0,    0,    0,    0,    0,    0,    0,    0,    0,    0,    0,    0,    0,    0,    0,    0,    0,    0,    0,    0,    0,    0,    0,    0,    0,    0,    0,    0,    0,    0,    0,    0,    0,    0,    0,    0,    0,    0,    0,    0,    0,    0,    0,    0,    0,    0,    0,    0,    0,    0,    0,    0,    0,    0,    0,    0,    0,    0,    0,    0,    0,    0,    0,    0,    0,    0,    0,    0,    0,    0,    0,   -3,   -3,   -1,   -1,   -1,   -4,   -1,   -1,   -2,   -1,  -14,  -10,  -10,    0,    0,   -4,   -4,
       0,    0,    0,   -3,   -2,  -14,  -16,    0,    0,    0,    0,    0,    0,    0,    0,    0,    0,    0,    0,   -2,    0,  -11,    0,    0,  -19,   -1,  -19,    0,  -15,   -7,  -18,  -28,  -11,    0,  -10,   -1,   -1,    0,    0,    0,    0,   -1,   -1,   -1,   -1,    0,    0,    0,    0,    0,   -5,    0,   -1,    0,   -2,    0,    0,    0,    0,    0,    0,    0,    0,    0,    0,    0,    0,    0,   -1,    0,    0,    0,   -1,   -1,   -1,   -1,    0,    0,    0,    0,    0,    0,    0,    0,    0,    0,    0,    0,   -1,    0,   -1,    0,   -1,    0,   -1,   -1,   -1,   -1,    0,   -1,   -1,   -1,    0,   -1,    0,    0,  -19,    0,   -1,    0,   -1,    0,    0,    0,    0,    0,    0,   -1,    0,   -1,    0,   -1,    0,   -1,    0,    0,    0,    0,    0,    0,    0,    0,    0,    0,    0,    0,    0,    0,    0,    0,    0,    0,    0,    0,    0,    0,    0,    0,    0,    0,    0,    0,    0,    0,    0,    0,    0,    0,    0,    0,    0,    0,    0,    0,    0,    0,    0,    0,    0,    0,    0,    0,    0,    0,    0,    0,    0,    0,    0,    0,    0,    0,    0,    0,    0,    0,    0,    0,    0,    0,    0,    0,    0,    0,    0,    0,    0,    0,    0,    0,    0,    0,    0,    0,    0,    0,    0,    0,    0,    0,    0,    0,    0,    0,    0,    0,    0,    0,    0,    0,    0,    0,    0,   -1,   -1,    0,    0,    0,   -1,    0,    0,   -4,   -3,  -16,  -14,  -14,    0,    0,    0,    0,
       0,    0,    0,    0,   -6,    0,    0,    0,    0,    0,    0,    0,    0,    0,    0,    0,    0,    0,    0,    0,    0,    0,    0,    0,    0,    0,    0,    0,    0,    0,    0,    0,    0,   -7,  -11,    0,    0,    0,    0,   -6,   -3,    0,    0,    0,    0,    0,   -6,    0,   -9,   -5,   -3,   -9,    0,    0,  -10,    0,    0,    0,    0,    0,    0,    0,    0,    0,    0,    0,    0,   -6,    0,    0,    0,    0,    0,    0,    0,    0,    0,    0,    0,    0,    0,   -9,    0,    0,    0,    0,   -3,   -3,    0,    0,    0,    0,    0,    0,    0,    0,    0,    0,    0,    0,    0,    0,    0,    0,    0,    0,    0,   -6,    0,   -6,    0,    0,    0,   -3,   -3,    0,    0,    0,    0,    0,    0,    0,    0,    0,    0,    0,    0,    0,    0,    0,    0,    0,    0,    0,    0,    0,    0,    0,    0,    0,    0,    0,    0,    0,    0,    0,    0,    0,    0,    0,    0,    0,    0,    0,    0,    0,    0,    0,    0,    0,    0,    0,    0,    0,    0,    0,    0,    0,    0,    0,    0,    0,    0,    0,    0,    0,    0,    0,    0,    0,    0,    0,    0,    0,    0,    0,    0,    0,    0,    0,    0,    0,    0,    0,    0,    0,    0,    0,    0,    0,    0,    0,    0,    0,    0,    0,    0,    0,    0,    0,    0,    0,    0,    0,    0,    0,    0,    0,    0,    0,    0,    0,    0,    0,    0,    0,    0,    0,    0,    0,    0,    0,   -5,    0,   -6,   -6,    0,    0,   -6,   -6,
       0,    0,    0,    0,   -2,    0,    0,    0,    0,    0,    0,    0,    0,    0,    0,    0,    0,    0,    0,   -8,    0,    0,   -4,   -4,   -3,   -4,  -54,   -8,  -31,  -22,   -1,  -44,   -5,  -11,  -12,    0,    0,    0,    0,    0,    0,    0,    0,    0,    0,    0,    0,    0,    0,    0,    0,    0,    0,    0,  -10,    0,    0,    0,    0,    0,    0,    0,    0,    0,   -4,   -4,   -4,    0,    0,    0,    0,    0,    0,    0,    0,    0,    0,    0,    0,    0,    0,    0,    0,    0,    0,    0,    0,    0,    0,   -4,    0,   -4,    0,   -4,    0,    0,    0,    0,   -4,    0,    0,    0,    0,    0,    0,    0,  -54,    0,    0,    0,    0,    0,    0,    0,    0,    0,    0,    0,    0,    0,   -4,    0,    0,    0,    0,    0,    0,    0,    0,    0,    0,    0,    0,    0,    0,    0,    0,    0,    0,    0,    0,    0,    0,    0,    0,    0,    0,    0,    0,    0,    0,    0,    0,    0,    0,    0,    0,    0,    0,    0,    0,    0,    0,    0,    0,    0,    0,    0,    0,    0,    0,    0,    0,    0,    0,    0,    0,    0,    0,    0,    0,    0,    0,    0,    0,    0,    0,    0,    0,    0,    0,    0,    0,    0,    0,    0,    0,    0,    0,    0,    0,    0,    0,    0,    0,    0,    0,    0,    0,    0,    0,    0,    0,    0,    0,    0,    0,    0,    0,    0,    0,    0,    0,    0,    0,    0,    0,    0,    0,    0,    0,   -2,   -2,    0,  -11,  -11,   -8,    0,    0,    0,
       0,   10,    0,   17,    0,    0,    0,    0,    0,    0,    0,    0,    0,    0,    0,    0,    0,    0,    0,    0,    0,    0,   -3,   -5,   -3,   -1,   -4,   -5,    0,    0,    0,   -3,   -4,   17,   19,    0,    3,    0,    0,    0,    0,    0,    0,    3,    0,    0,    0,    0,    0,    0,    0,    0,    0,   18,   18,    0,    0,    0,    0,    0,    0,    0,    0,    0,   -3,   -3,   -3,    0,    0,    0,    0,    0,    0,    0,    0,    4,    0,    0,    0,    0,    0,    0,    0,    0,    0,    0,    0,    0,    3,   -3,    3,   -3,    0,   -3,    0,    0,    0,    0,   -3,    3,    0,    0,    0,   10,    0,    0,   -4,    0,    0,    0,    0,    0,    0,    0,    0,    0,    0,    0,    0,   26,   -3,    0,    0,    0,    0,    0,    0,    0,    0,    0,    0,    0,    0,    0,    0,    0,    0,    0,    0,    0,    0,    0,    0,    0,    0,    0,    0,    0,    0,    0,    0,    0,    0,    0,    0,    0,    0,    0,    0,    0,    0,    0,    0,    0,    0,    0,    0,    0,    0,    0,    0,    0,    0,    0,    0,    0,    0,    0,    0,    0,    0,    0,    0,    0,    0,    0,    0,    0,    0,    0,    0,    0,    0,    0,    0,    0,    0,    0,    0,    0,    0,    0,    0,    0,    0,    0,    0,    0,    0,    0,    0,    0,    0,    0,    0,    0,    0,    0,    0,    0,    0,    0,    0,    0,    0,    0,    0,    0,    0,    0,    0,    0,    9,    0,   15,   15,   10,    0,    0,    0,
       4,   15,    0,    0,    4,    0,    0,    0,    0,    0,    0,    0,    0,    0,    0,    0,    0,    0,    0,    0,    0,    0,   -3,   -5,   -3,   -1,   -4,   -5,    0,    0,    0,   -3,   -4,    0,    0,    0,    6,    0,    0,    0,    0,    0,    0,    6,    0,    0,    0,    0,    0,    0,    0,    0,    0,   12,    0,    0,    0,    0,    0,    0,    0,   20,    0,    0,   -3,   -3,   -3,    0,    0,    0,    0,    0,    0,    0,    0,    4,    0,    0,    0,    0,    0,    0,    0,    0,    0,    0,    0,    0,    6,   -3,    6,   -3,    0,   -3,    0,    0,    0,    0,   -3,    6,    0,    0,    0,    0,    0,    0,   -4,    0,    0,    0,    0,    0,    0,    0,    0,    0,    0,    0,    0,   26,   -3,    0,    0,    0,    0,    0,    0,    0,    0,    0,    0,    0,    0,    0,    0,    0,    0,    0,    0,    0,    0,    0,    0,    0,    0,    0,    0,    0,    0,    0,    0,    0,    0,    0,    0,    0,    0,    0,    0,    0,    0,    0,    0,    0,    0,    0,    0,    0,    0,    0,    0,    0,    0,    0,    0,    0,    0,    0,    0,    0,    0,    0,    0,    0,    0,    0,    0,    0,    0,    0,    0,    0,    0,    0,    0,    0,    0,    0,    0,    0,    0,    0,    0,    0,    0,    0,    0,    0,    0,    0,    0,    0,    0,    0,    0,    0,    0,    0,    0,    0,    0,    0,    0,    0,    0,    0,    0,    0,    0,    0,    0,   18,    3,    0,   15,   15,    3,    0,    0,    0,
       0,   13,    0,    9,   18,    0,    0,    0,    0,    0,    0,    0,    0,    0,    0,    0,    0,    0,    0,   17,    0,    0,   -3,   -5,   -3,   -1,   -4,   -5,    0,    0,    0,   -3,   -4,    9,    9,    0,    4,    0,    0,    0,    0,    8,   11,    4,    0,    0,    0,    0,    0,    0,    0,    0,    0,   13,    9,    0,    0,    5,    0,    0,    0,   16,    0,    0,   -3,   -3,   -3,    0,    0,    0,    0,    0,    8,    8,    8,    4,    0,    0,    0,    0,    0,    0,    0,    0,    0,    0,    0,    0,    4,   -3,    4,   -3,    8,   -3,    8,    8,    8,    8,   -3,    4,    0,    0,    0,    0,    0,    0,   -4,    0,    0,    0,    8,    0,    0,    0,    0,    0,    0,    8,    0,   26,   -3,    8,    0,    0,    0,    0,    0,    0,    0,    0,    0,    0,    0,    0,    0,    0,    0,    0,    0,    0,    0,    0,    0,    0,    0,    0,    0,    0,    0,    0,    0,    0,    0,    0,    0,    0,    0,    0,    0,    0,    0,    0,    0,    0,    0,    0,    0,    0,    0,    0,    0,    0,    0,    0,    0,    0,    0,    0,    0,    0,    0,    0,    0,    0,    0,    0,    0,    0,    0,    0,    0,    0,    0,    0,    0,    0,    0,    0,    0,    0,    0,    0,    0,    0,    0,    0,    0,    0,    0,    0,    0,    0,    0,    0,    0,    0,    0,    0,    0,    0,    0,    0,    0,    0,    0,    0,    0,    0,    8,    0,    0,   16,    0,    0,   18,   18,    9,    0,    0,    0,
       0,    0,    0,  -10,   -7,    0,    0,    0,    0,    0,    0,    0,    0,    0,    0,    0,    0,    0,    0,   -2,    0,    0,    0,    0,    0,    0,    0,    0,    0,    0,    0,    0,    0,   -2,  -11,    0,    0,    0,    0,   -3,    0,    0,    0,    0,    0,    0,    0,    0,   -4,    0,   -9,   -4,   -3,    0,  -10,    0,    0,    0,    0,    0,    0,    0,    0,    0,    0,    0,    0,   -3,    0,    0,    0,    0,    0,    0,    0,    0,    0,    0,    0,    0,    0,   -4,    0,    0,    0,    0,    0,    0,    0,    0,    0,    0,    0,    0,    0,    0,    0,    0,    0,    0,    0,    0,    0,    0,    0,    0,    0,    0,   -3,   -3,    0,    0,    0,    0,    0,    0,    0,    0,    0,    0,    0,    0,    0,    0,    0,    0,    0,    0,    0,    0,    0,    0,    0,    0,    0,    0,    0,    0,    0,    0,    0,    0,    0,    0,    0,    0,    0,    0,    0,    0,    0,    0,    0,    0,    0,    0,    0,    0,    0,    0,    0,    0,    0,    0,    0,    0,    0,    0,    0,    0,    0,    0,    0,    0,    0,    0,    0,    0,    0,    0,    0,    0,    0,    0,    0,    0,    0,    0,    0,    0,    0,    0,    0,    0,    0,    0,    0,    0,    0,    0,    0,    0,    0,    0,    0,    0,    0,    0,    0,    0,    0,    0,    0,    0,    0,    0,    0,    0,    0,    0,    0,    0,    0,    0,    0,    0,    0,    0,    0,    0,    0,   -2,   -2,    0,   -8,   -8,    0,    0,   -3,   -3,
       0,  -16,    0,  -14,  -14,    0,    0,    0,    0,    0,    0,    0,    0,    0,    0,    0,    0,    0,    0,  -16,    0,   -7,   -8,   -4,  -14,   -8,  -57,   -9,  -39,  -28,  -17,  -58,  -14,  -21,  -16,    0,    0,    0,    0,   -7,   -2,    0,    0,    0,    0,    0,   -5,    0,   -9,   -4,  -12,  -10,   -5,   -7,  -15,    0,    0,  -10,    0,    0,    0,  -12,    0,    0,   -8,   -8,   -8,   -7,    0,    0,    0,    0,    0,    0,    0,    0,    0,    0,    0,    0,    0,  -10,    0,    0,    0,    0,   -2,   -2,    0,   -8,    0,   -8,    0,   -8,    0,    0,    0,    0,   -8,    0,    0,    0,    0,    0,    0,    0,  -57,   -5,   -5,   -7,    0,    0,    0,   -2,   -2,    0,   -3,    0,    0,    0,   -8,    0,    0,    0,    0,   -3,    0,    0,    0,    0,    0,    0,    0,    0,    0,    0,    0,    0,    0,    0,    0,    0,    0,    0,    0,    0,    0,    0,    0,    0,    0,    0,    0,    0,    0,    0,    0,    0,    0,    0,    0,    0,    0,    0,    0,    0,    0,    0,    0,    0,    0,    0,    0,    0,    0,    0,    0,    0,    0,    0,    0,    0,    0,    0,    0,    0,    0,    0,    0,    0,    0,    0,    0,    0,    0,    0,    0,    0,    0,    0,    0,    0,    0,    0,    0,    0,    0,    0,    0,    0,    0,    0,    0,    0,    0,    0,    0,    0,    0,    0,    0,    0,    0,    0,    0,    0,    0,    0,    0,    0,    0,  -19,  -16,    0,  -24,  -24,  -16,    0,   -7,   -7,
       0,  -36,    0,    6,  -35,    0,    0,    0,    0,    0,    0,    0,    0,    0,    0,    0,    0,    0,    0,  -10,    0,    0,    0,  -14,    0,   -4,  -36,  -13,  -31,  -24,    0,  -40,    0,  -29,   12,   -6,    0,   -8,   -6,  -13,    0,    0,   35,    0,    0,    0,  -17,   -7,  -21,  -17,    0,  -21,    0,   -8,   11,  -17,  -13,  -31,    0,   -9,    0,  -34,    0,    0,    0,    0,   -3,  -13,   -6,   -8,   -8,   -8,    0,    0,    0,    0,   -8,   -8,   -8,   -8,   -7,  -21,   -8,   -8,   -8,   -8,    0,    0,    0,   -4,    0,    0,    0,    0,    0,    0,    0,    0,   -4,    0,    0,    0,   -8,    0,    0,    0,  -72,  -17,    0,  -13,    0,   -8,    0,   14,    0,   -4,  -22,    0,   -8,    0,    0,    0,   -8,    0,   -7,  -22,    0,    0,    0,    0,    0,    0,    0,    0,    0,    0,    0,    0,    0,    0,    0,    0,    0,    0,    0,    0,    0,    0,    0,    0,    0,    0,    0,    0,    0,    0,    0,    0,    0,    0,    0,    0,    0,    0,    0,    0,    0,    0,    0,    0,    0,    0,    0,    0,    0,    0,    0,    0,    0,    0,    0,    0,    0,    0,    0,    0,    0,    0,    0,    0,    0,    0,    0,    0,    0,    0,    0,    0,    0,    0,    0,    0,    0,    0,    0,    0,    0,    0,    0,    0,    0,    0,    0,    0,    0,    0,    0,    0,    0,    0,    0,    0,    0,   -6,   -6,   -8,   -8,   -8,    0,   -8,   -8,  -37,  -35,    8,  -41,  -41,   -9,    0,  -13,  -13,
       0,    0,    0,    0,   -2,    0,    0,    0,    0,    0,    0,    0,    0,    0,    0,    0,    0,    0,    0,   -8,    0,    0,   -4,   -4,   -3,   -4,  -54,   -8,  -31,  -22,   -1,  -44,   -5,  -13,  -12,    0,    0,    0,    0,    0,    0,    0,   10,    0,    0,    0,    0,    0,    0,    0,    0,    0,    0,    0,  -10,    0,    0,    0,    0,    0,    0,    0,    0,    0,   -4,   -4,   -4,    0,    0,    0,    0,    0,    0,    0,    0,    0,    0,    0,    0,    0,    0,    0,    0,    0,    0,    0,    0,    0,    0,   -4,    0,   -4,    0,   -4,    0,    0,    0,    0,   -4,    0,    0,    0,    0,    0,    0,    0,  -54,    0,    0,    0,    0,    0,    0,    0,    0,    0,    0,    0,    0,    0,   -4,    0,    0,    0,    0,    0,    0,    0,    0,    0,    0,    0,    0,    0,    0,    0,    0,    0,    0,    0,    0,    0,    0,    0,    0,    0,    0,    0,    0,    0,    0,    0,    0,    0,    0,    0,    0,    0,    0,    0,    0,    0,    0,    0,    0,    0,    0,    0,    0,    0,    0,    0,    0,    0,    0,    0,    0,    0,    0,    0,    0,    0,    0,    0,    0,    0,    0,    0,    0,    0,    0,    0,    0,    0,    0,    0,    0,    0,    0,    0,    0,    0,    0,    0,    0,    0,    0,    0,    0,    0,    0,    0,    0,    0,    0,    0,    0,    0,    0,    0,    0,    0,    0,    0,    0,    0,    0,    0,    0,    0,    0,   -2,   -2,    0,  -11,  -11,   -8,    0,    0,    0,
       0,   -8,    0,   -2,  -10,    0,    0,    0,    0,    0,    0,    0,    0,    0,    0,    0,    0,    0,    0,  -10,    0,    0,   -5,   -8,   -2,   -2,  -52,  -12,  -33,  -23,    0,  -50,   -1,   -9,   -6,   -4,    0,   -6,   -4,    0,    0,    0,    0,    0,    0,    0,    0,    0,   -3,    0,    0,   -3,    0,    0,   -7,    0,    0,    0,   -7,   -8,    0,   -5,    0,    0,   -5,   -5,   -5,    0,   -4,   -6,   -6,   -6,    0,    0,    0,    0,   -6,   -6,   -6,   -6,    0,   -3,   -6,   -6,   -6,   -6,    0,    0,    0,   -5,    0,   -5,    0,   -5,    0,    0,    0,    0,   -5,    0,    0,    0,   -6,    0,    0,    0,  -52,    0,    0,    0,    0,   -6,    0,    0,    0,    0,   -1,    0,   -6,    0,   -5,    0,   -6,    0,    0,    0,    0,    0,    0,    0,    0,    0,    0,    0,    0,    0,    0,    0,    0,    0,    0,    0,    0,    0,    0,    0,    0,    0,    0,    0,    0,    0,    0,    0,    0,    0,    0,    0,    0,    0,    0,    0,    0,    0,    0,    0,    0,    0,    0,    0,    0,    0,    0,    0,    0,    0,    0,    0,    0,    0,    0,    0,    0,    0,    0,    0,    0,    0,    0,    0,    0,    0,    0,    0,    0,    0,    0,    0,    0,    0,    0,    0,    0,    0,    0,    0,    0,    0,    0,    0,    0,    0,    0,    0,    0,    0,    0,    0,    0,    0,    0,    0,    0,   -4,   -4,   -6,   -6,   -6,    0,   -6,   -6,  -11,   -3,    0,  -10,  -10,   -7,    0,    0,    0,
       0,   -8,    0,   -2,  -10,    0,    0,    0,    0,    0,    0,    0,    0,    0,    0,    0,    0,    0,    0,  -10,    0,    0,   -5,   -8,   -2,   -2,  -52,  -12,  -33,  -23,    0,  -50,   -1,  -11,  -11,   -4,    0,   -6,   -4,    0,    0,    0,    0,    0,    0,    0,    0,    0,   -3,    0,    0,   -3,    0,    0,  -12,    0,    0,    0,   -7,   -8,    0,   -5,    0,    0,   -5,   -5,   -5,    0,   -4,   -6,   -6,   -6,    0,    0,    0,    0,   -6,   -6,   -6,   -6,    0,   -3,   -6,   -6,   -6,   -6,    0,    0,    0,   -5,    0,   -5,    0,   -5,    0,    0,    0,    0,   -5,    0,    0,    0,   -6,    0,    0,    0,  -52,    0,    0,    0,    0,   -6,    0,    0,    0,    0,   -1,    0,   -6,    0,   -5,    0,   -6,    0,    0,    0,    0,    0,    0,    0,    0,    0,    0,    0,    0,    0,    0,    0,    0,    0,    0,    0,    0,    0,    0,    0,    0,    0,    0,    0,    0,    0,    0,    0,    0,    0,    0,    0,    0,    0,    0,    0,    0,    0,    0,    0,    0,    0,    0,    0,    0,    0,    0,    0,    0,    0,    0,    0,    0,    0,    0,    0,    0,    0,    0,    0,    0,    0,    0,    0,    0,    0,    0,    0,    0,    0,    0,    0,    0,    0,    0,    0,    0,    0,    0,    0,    0,    0,    0,    0,    0,    0,    0,    0,    0,    0,    0,    0,    0,    0,    0,    0,    0,   -4,   -4,   -6,   -6,   -6,    0,   -6,   -6,  -11,   -3,    0,  -15,  -15,   -7,    0,    0,    0,
      22,   33,    0,   40,   31,    0,    0,    0,    0,    0,    0,    0,    0,    0,    0,    0,    0,    0,    0,   29,    0,    0,   -3,   -4,   -3,   -1,   -5,   -5,   -1,   -1,   -1,   -1,   -4,   43,   41,    0,   28,    0,    0,    0,    0,   29,   32,   28,    0,    0,    0,    0,    4,    3,    0,    3,    0,   39,   39,    0,    0,   26,    0,    0,    0,   22,    0,    0,   -3,   -3,   -3,    0,    0,    0,    0,    0,    6,   29,    5,   29,    0,    0,    0,    0,    0,    3,    0,    0,    0,    0,    0,    0,   28,   -3,   28,   -3,   29,   -3,   29,   29,   29,    3,   -3,   28,    0,    0,    0,    0,    0,    0,   -5,    0,   27,    0,    9,    0,    0,    0,    0,    0,    0,    9,    0,   42,   -3,   29,    0,   12,    0,    0,    0,    0,    0,    0,    0,    0,    0,    0,    0,    0,    0,    0,    0,    0,    0,    0,    0,    0,    0,    0,    0,    0,    0,    0,    0,    0,    0,    0,    0,    0,    0,    0,    0,    0,    0,    0,    0,    0,    0,    0,    0,    0,    0,    0,    0,    0,    0,    0,    0,    0,    0,    0,    0,    0,    0,    0,    0,    0,    0,    0,    0,    0,    0,    0,    0,    0,    0,    0,    0,    0,    0,    0,    0,    0,    0,    0,    0,    0,    0,    0,    0,    0,    0,    0,    0,    0,    0,    0,    0,    0,    0,    0,    0,    0,    0,    0,    0,    0,    0,    0,    0,    0,   29,    0,    0,   25,   32,    0,   38,   38,   35,    0,    0,    0,
       0,    0,    0,    0,    6,    0,    0,    0,    0,    0,    0,    0,    0,    0,    0,    0,    0,    0,    0,    0,    0,    0,   -3,   -4,   -3,   -1,   -5,   -5,   -1,   -1,   -1,   -1,   -4,    0,    0,    0,    0,    0,    0,    0,    0,    0,    0,    0,    0,    0,    0,    0,    0,    0,    0,    0,    0,    0,    0,    0,    0,    0,    0,    0,    0,    2,    0,    0,   -3,   -3,   -3,    0,    0,    0,    0,    0,    6,    0,    5,    0,    0,    0,    0,    0,    0,    0,    0,    0,    0,    0,    0,    0,    0,   -3,    0,   -3,    0,   -3,    0,    0,    0,    3,   -3,    0,    0,    0,    0,    0,    0,    0,   -5,    0,    0,    0,    9,    0,    0,    0,    0,    0,    0,    9,    0,   42,   -3,    0,    0,   12,    0,    0,    0,    0,    0,    0,    0,    0,    0,    0,    0,    0,    0,    0,    0,    0,    0,    0,    0,    0,    0,    0,    0,    0,    0,    0,    0,    0,    0,    0,    0,    0,    0,    0,    0,    0,    0,    0,    0,    0,    0,    0,    0,    0,    0,    0,    0,    0,    0,    0,    0,    0,    0,    0,    0,    0,    0,    0,    0,    0,    0,    0,    0,    0,    0,    0,    0,    0,    0,    0,    0,    0,    0,    0,    0,    0,    0,    0,    0,    0,    0,    0,    0,    0,    0,    0,    0,    0,    0,    0,    0,    0,    0,    0,    0,    0,    0,    0,    0,    0,    0,    0,    0,    0,    0,    0,    0,    0,    0,    0,    3,    3,    0,    0,    0,    0,
       0,    0,    0,    0,    0,    0,    0,    0,    0,    0,    0,    0,    0,    0,    0,    0,    0,    0,    0,    0,    0,    0,    0,   -8,    0,    0,    0,    0,    0,    0,    0,    0,    0,    0,    0,  -10,   -1,  -12,  -10,  -11,   -3,   -1,   15,   -1,   -6,   -4,  -12,  -10,  -11,   -9,    0,  -10,    0,    0,    0,    0,    0,    0,   -9,   -8,    0,    0,    0,    0,    0,    0,    0,  -11,  -10,  -12,  -12,  -12,    9,   -1,    7,    6,  -12,  -12,  -12,  -12,  -10,  -10,  -12,  -12,  -12,  -12,   -3,   -3,   -1,    0,   -1,    0,    3,    0,   -1,   -1,   -7,    5,    0,   -1,   -6,   -6,  -12,   -6,   -4,   -4,    0,  -12,    0,  -11,   14,  -12,    0,   -3,   -3,    0,   -9,   -1,  -12,   -1,    0,   -1,  -12,   -6,  -10,   -9,    0,    0,    0,    0,    0,    0,    0,    0,    0,    0,    0,    0,    0,    0,    0,    0,    0,    0,    0,    0,    0,    0,    0,    0,    0,    0,    0,    0,    0,    0,    0,    0,    0,    0,    0,    0,    0,    0,    0,    0,    0,    0,    0,    0,    0,    0,    0,    0,    0,    0,    0,    0,    0,    0,    0,    0,    0,    0,    0,    0,    0,    0,    0,    0,    0,    0,    0,    0,    0,    0,    0,    0,    0,    0,    0,    0,    0,    0,    0,    0,    0,    0,    0,    0,    0,    0,    0,    0,    0,    0,    0,    0,    0,    0,    0,    0,    0,  -10,  -10,  -12,  -15,  -12,   -1,  -12,  -22,    0,    0,    0,    0,    0,    0,    0,  -11,  -11,
       0,    0,    0,    0,    0,    0,    0,    0,    0,    0,    0,    0,    0,    0,    0,    0,    0,    0,    0,    0,    0,    0,    0,   -3,    0,    0,    0,    0,   -3,   -3,    0,   -4,    0,    0,    0,  -18,   -9,  -18,  -17,  -12,  -17,   -9,   -9,   -9,  -10,  -15,  -17,  -12,   -2,   -1,   -1,   -2,  -12,    0,    0,    0,    0,    0,    0,    0,    0,    0,    0,    0,    0,    0,    0,  -12,  -18,  -18,  -18,  -18,   -9,   -9,   -9,   -9,   -8,  -18,  -18,  -18,  -12,   -2,  -18,  -18,  -18,  -18,  -17,  -17,   -9,    0,   -9,    0,   -9,    0,   -9,   -9,   -9,   -9,    0,   -9,  -10,  -10,  -18,  -10,  -15,  -15,    0,  -17,  -12,  -17,   -2,  -18,    0,  -17,  -17,    0,   -4,   -9,  -18,   -9,    0,   -9,  -18,  -10,  -12,   -4,    0,    0,    0,    0,    0,    0,    0,    0,    0,    0,    0,    0,    0,    0,    0,    0,    0,    0,    0,    0,    0,    0,    0,    0,    0,    0,    0,    0,    0,    0,    0,    0,    0,    0,    0,    0,    0,    0,    0,    0,    0,    0,    0,    0,    0,    0,    0,    0,    0,    0,    0,    0,    0,    0,    0,    0,    0,    0,    0,    0,    0,    0,    0,    0,    0,    0,    0,    0,    0,    0,    0,    0,    0,    0,    0,    0,    0,    0,    0,    0,    0,    0,    0,    0,    0,    0,    0,    0,    0,    0,    0,    0,    0,    0,    0,    0,    0,  -18,  -18,  -18,  -18,  -18,   -9,  -18,  -18,    0,    0,    0,    0,    0,    0,    0,  -12,  -12,
       0,    8,    0,   13,    8,    0,    0,    0,    0,    0,    0,    0,    0,    0,    0,    0,    0,    0,    0,    9,    0,    0,   -3,   -5,   -3,   -1,   -4,   -5,    0,    0,    0,   -3,   -4,   15,   15,    0,    0,    0,    0,    0,    0,    2,    5,    0,    0,    0,    0,    0,    0,    0,    0,    0,    0,   13,   14,    0,    0,    4,    0,    0,    0,    3,    0,    0,   -3,   -3,   -3,    0,    0,    0,    0,    0,    2,    2,    2,    4,    0,    0,    0,    0,    0,    0,    0,    0,    0,    0,    0,    0,    0,   -3,    0,   -3,    2,   -3,    2,    2,    2,    2,   -3,    0,    0,    0,    0,    0,    0,    0,   -4,    0,    0,    0,    2,    0,    0,    0,    0,    0,    0,    2,    0,   26,   -3,    2,    0,    0,    0,    0,    0,    0,    0,    0,    0,    0,    0,    0,    0,    0,    0,    0,    0,    0,    0,    0,    0,    0,    0,    0,    0,    0,    0,    0,    0,    0,    0,    0,    0,    0,    0,    0,    0,    0,    0,    0,    0,    0,    0,    0,    0,    0,    0,    0,    0,    0,    0,    0,    0,    0,    0,    0,    0,    0,    0,    0,    0,    0,    0,    0,    0,    0,    0,    0,    0,    0,    0,    0,    0,    0,    0,    0,    0,    0,    0,    0,    0,    0,    0,    0,    0,    0,    0,    0,    0,    0,    0,    0,    0,    0,    0,    0,    0,    0,    0,    0,    0,    0,    0,    0,    0,    0,    2,    0,    0,    5,    7,    0,   13,   13,   11,    0,    0,    0,
       0,    0,    0,    0,    0,    0,    0,    0,    0,    0,    0,    0,    0,    0,    0,    0,    0,    0,    0,    0,    0,    0,    0,    0,    0,    0,    0,    0,    0,    0,    0,    0,    0,    0,    4,   -8,   -3,   -8,   -7,   -7,   -7,   -3,   -3,   -3,   -3,   -7,   -7,   -5,   -5,   -5,   -1,   -5,   -5,    4,    3,    0,    0,    0,    0,    0,    0,    0,    0,    0,    0,    0,    0,   -7,   -8,   -8,   -8,   -8,   -3,   -3,   -3,   -3,   -8,   -8,   -8,   -8,   -5,   -5,   -8,   -8,   -8,   -8,   -7,   -7,   -3,    0,   -3,    0,   -3,    0,   -3,   -3,   -3,   -3,    0,   -3,   -3,   -3,   -8,   -3,   -7,   -7,    0,   -7,   -5,   -7,   -2,   -8,    0,   -7,   -7,    0,   -4,   -3,   -8,   -3,    0,   -3,   -8,   -3,   -5,   -4,    0,    0,    0,    0,    0,    0,    0,    0,    0,    0,    0,    0,    0,    0,    0,    0,    0,    0,    0,    0,    0,    0,    0,    0,    0,    0,    0,    0,    0,    0,    0,    0,    0,    0,    0,    0,    0,    0,    0,    0,    0,    0,    0,    0,    0,    0,    0,    0,    0,    0,    0,    0,    0,    0,    0,    0,    0,    0,    0,    0,    0,    0,    0,    0,    0,    0,    0,    0,    0,    0,    0,    0,    0,    0,    0,    0,    0,    0,    0,    0,    0,    0,    0,    0,    0,    0,    0,    0,    0,    0,    0,    0,    0,    0,    0,    0,    0,   -8,   -8,   -8,   -8,   -8,   -3,   -8,   -8,    0,    0,    0,    0,    0,    0,    0,   -7,   -7,
       0,    0,    0,    6,    7,    0,    0,    0,    0,    0,    0,    0,    0,    0,    0,    0,    0,    0,    0,    9,    0,    0,   -3,   -5,   -3,   -1,   -4,   -5,    0,    0,    0,   -3,   -4,    4,    7,    0,    0,    0,    0,    0,    0,    0,    0,    0,    0,    0,    0,    0,    0,    0,    0,    0,    0,    5,    7,    0,    0,    0,    0,    0,    0,    7,    0,    0,   -3,   -3,   -3,    0,    0,    0,    0,    0,    0,    0,    0,    4,    0,    0,    0,    0,    0,    0,    0,    0,    0,    0,    0,    0,    0,   -3,    0,   -3,    0,   -3,    0,    0,    0,    0,   -3,    0,    0,    0,    0,    0,    0,    0,   -4,    0,    0,    0,    0,    0,    0,    0,    0,    0,    0,    0,    0,   26,   -3,    0,    0,    0,    0,    0,    0,    0,    0,    0,    0,    0,    0,    0,    0,    0,    0,    0,    0,    0,    0,    0,    0,    0,    0,    0,    0,    0,    0,    0,    0,    0,    0,    0,    0,    0,    0,    0,    0,    0,    0,    0,    0,    0,    0,    0,    0,    0,    0,    0,    0,    0,    0,    0,    0,    0,    0,    0,    0,    0,    0,    0,    0,    0,    0,    0,    0,    0,    0,    0,    0,    0,    0,    0,    0,    0,    0,    0,    0,    0,    0,    0,    0,    0,    0,    0,    0,    0,    0,    0,    0,    0,    0,    0,    0,    0,    0,    0,    0,    0,    0,    0,    0,    0,    0,    0,    0,    0,    0,    0,    0,    6,    0,    0,    8,    8,    4,    0,    0,    0,
       0,    7,    0,   12,    7,    0,    0,    0,    0,    0,    0,    0,    0,    0,    0,    0,    0,    0,    0,    9,    0,    0,   -3,   -5,   -3,   -1,   -4,   -5,    0,    0,    0,   -3,   -4,   14,   14,    0,    0,    0,    0,    0,    0,    0,    4,    0,    0,    0,    0,    0,    0,    0,    0,    0,    0,   12,   13,    0,    0,    3,    0,    0,    0,    3,    0,    0,   -3,   -3,   -3,    0,    0,    0,    0,    0,    0,    0,    0,    4,    0,    0,    0,    0,    0,    0,    0,    0,    0,    0,    0,    0,    0,   -3,    0,   -3,    0,   -3,    0,    0,    0,    0,   -3,    0,    0,    0,    0,    0,    0,    0,   -4,    0,    0,    0,    0,    0,    0,    0,    0,    0,    0,    0,    0,   26,   -3,    0,    0,    0,    0,    0,    0,    0,    0,    0,    0,    0,    0,    0,    0,    0,    0,    0,    0,    0,    0,    0,    0,    0,    0,    0,    0,    0,    0,    0,    0,    0,    0,    0,    0,    0,    0,    0,    0,    0,    0,    0,    0,    0,    0,    0,    0,    0,    0,    0,    0,    0,    0,    0,    0,    0,    0,    0,    0,    0,    0,    0,    0,    0,    0,    0,    0,    0,    0,    0,    0,    0,    0,    0,    0,    0,    0,    0,    0,    0,    0,    0,    0,    0,    0,    0,    0,    0,    0,    0,    0,    0,    0,    0,    0,    0,    0,    0,    0,    0,    0,    0,    0,    0,    0,    0,    0,    0,    0,    0,    0,    4,    6,    0,   12,   12,   10,    0,    0,    0,
       0,    0,    0,    0,    0,    0,    0,    0,    0,    0,    0,    0,    0,    0,    0,    0,    0,    0,    0,    0,    0,    0,   -3,   -5,   -3,   -1,   -4,   -5,    0,    0,    0,   -3,   -4,    0,    0,    0,    0,    0,    0,    0,    0,    0,    6,    0,    0,    0,    0,    0,    0,    0,    0,    0,    0,    0,    0,    0,    0,    0,    0,    0,    0,    0,    0,    0,   -3,   -3,   -3,    0,    0,    0,    0,    0,    0,    0,    0,    4,    0,    0,    0,    0,    0,    0,    0,    0,    0,    0,    0,    0,    0,   -3,    0,   -3,    0,   -3,    0,    0,    0,    0,   -3,    0,    0,    0,    0,    0,    0,    0,   -4,    0,    0,    0,    0,    0,    0,    0,    0,    0,    0,    0,    0,   26,   -3,    0,    0,    0,    0,    0,    0,    0,    0,    0,    0,    0,    0,    0,    0,    0,    0,    0,    0,    0,    0,    0,    0,    0,    0,    0,    0,    0,    0,    0,    0,    0,    0,    0,    0,    0,    0,    0,    0,    0,    0,    0,    0,    0,    0,    0,    0,    0,    0,    0,    0,    0,    0,    0,    0,    0,    0,    0,    0,    0,    0,    0,    0,    0,    0,    0,    0,    0,    0,    0,    0,    0,    0,    0,    0,    0,    0,    0,    0,    0,    0,    0,    0,    0,    0,    0,    0,    0,    0,    0,    0,    0,    0,    0,    0,    0,    0,    0,    0,    0,    0,    0,    0,    0,    0,    0,    0,    0,    0,    0,    0,    0,    0,    0,    0,    0,    0,    0,    0,    0,
       0,    0,    0,    8,    0,   -9,   -9,    0,    0,    0,    0,    0,    0,    0,    0,    0,    0,    0,    0,    0,    0,   -3,    0,    0,   -5,    0,    0,    0,    0,    0,    0,    0,    0,    0,   25,   -9,   -4,   -8,   -8,   -7,  -13,   -4,   -4,   -4,   -6,  -10,   -6,   -7,   -4,   -1,   -7,   -4,   -8,   25,   23,    0,    0,    0,    0,    0,    0,    0,    0,   -9,    0,    0,    0,   -7,   -9,   -8,   -8,   -8,   -4,   -4,   -4,   -4,   -9,   -8,   -8,   -8,   -7,   -4,   -8,   -8,   -8,   -8,  -13,  -13,   -4,    0,   -4,    0,   -4,    0,   -4,   -4,   -4,   -4,    0,   -4,   -6,   -6,   -8,   -6,  -10,  -10,    0,   -6,   -8,   -7,   -1,   -8,    0,  -13,  -13,    0,   -2,   -4,   -8,   -4,    0,   -4,   -8,   -6,   -7,   -2,    0,    0,    0,    0,    0,    0,    0,    0,    0,    0,    0,    0,    0,    0,    0,    0,    0,    0,    0,    0,    0,    0,    0,    0,    0,    0,    0,    0,    0,    0,    0,    0,    0,    0,    0,    0,    0,    0,    0,    0,    0,    0,    0,    0,    0,    0,    0,    0,    0,    0,    0,    0,    0,    0,    0,    0,    0,    0,    0,    0,    0,    0,    0,    0,    0,    0,    0,    0,    0,    0,    0,    0,    0,    0,    0,    0,    0,    0,    0,    0,    0,    0,    0,    0,    0,    0,    0,    0,    0,    0,    0,    0,    0,    0,    0,    0,    0,   -9,   -9,   -8,   -8,   -8,   -4,   -8,   -8,    0,    0,  -10,   13,   13,    0,    0,   -7,   -7,
       6,   18,    0,    4,    6,    0,    0,    0,    0,    0,    0,    0,    0,    0,    0,    0,    0,    0,    0,    3,    0,    0,   -3,   -5,   -3,   -1,   -4,   -5,    0,    0,    0,   -3,   -4,    4,    0,    0,    8,    0,    0,    0,    0,    0,    0,    8,    0,    0,    0,    0,    0,    0,    0,    0,    0,   15,    0,    0,    0,    5,    0,    0,    0,   23,    0,    0,   -3,   -3,   -3,    0,    0,    0,    0,    0,    0,    0,    0,    4,    0,    0,    0,    0,    0,    0,    0,    0,    0,    0,    0,    0,    8,   -3,    8,   -3,    0,   -3,    0,    0,    0,    0,   -3,    8,    0,    0,    0,    0,    0,    0,   -4,    0,    0,    0,    0,    0,    0,    0,    0,    0,    0,    0,    0,   26,   -3,    0,    0,    0,    0,    0,    0,    0,    0,    0,    0,    0,    0,    0,    0,    0,    0,    0,    0,    0,    0,    0,    0,    0,    0,    0,    0,    0,    0,    0,    0,    0,    0,    0,    0,    0,    0,    0,    0,    0,    0,    0,    0,    0,    0,    0,    0,    0,    0,    0,    0,    0,    0,    0,    0,    0,    0,    0,    0,    0,    0,    0,    0,    0,    0,    0,    0,    0,    0,    0,    0,    0,    0,    0,    0,    0,    0,    0,    0,    0,    0,    0,    0,    0,    0,    0,    0,    0,    0,    0,    0,    0,    0,    0,    0,    0,    0,    0,    0,    0,    0,    0,    0,    0,    0,    0,    0,    0,    0,    0,    0,   21,    6,    0,   18,   18,    6,    0,    0,    0,
       0,  -88,    0,    0,  -37,    0,    0,    0,    0,    0,    0,    0,    0,    0,    0,    0,    0,    0,    0,   -9,    0,    0,    0,  -17,    0,    0,  -71,  -13,  -59,  -48,    0,  -63,    0,  -26,    0,   -7,   -3,  -15,   -9,  -18,    0,   -2,   -2,   -3,   -3,   -1,  -22,  -12,  -44,  -36,    0,  -44,    0,   -7,    0,  -15,  -21,  -44,  -21,  -36,    0,  -47,   -4,    0,    0,    0,    0,  -18,   -7,  -15,  -15,  -15,   -2,   -2,   -2,   -2,  -14,  -15,  -15,  -15,  -12,  -44,  -15,  -15,  -15,  -15,    0,    0,   -3,    0,   -3,    0,   -2,    0,   -2,   -2,   -2,   -2,    0,   -3,   -3,   -3,  -15,   -3,   -1,   -1,  -71,  -22,    0,  -18,   -2,  -15,    0,    4,    0,    0,  -45,   -2,  -15,   -2,    0,   -2,  -15,   -3,  -12,  -45,    0,    0,    0,    0,    0,    0,    0,    0,    0,    0,    0,    0,    0,    0,    0,    0,    0,    0,    0,    0,    0,    0,    0,    0,    0,    0,    0,    0,    0,    0,    0,    0,    0,    0,    0,    0,    0,    0,    0,    0,    0,    0,    0,    0,    0,    0,    0,    0,    0,    0,    0,    0,    0,    0,    0,    0,    0,    0,    0,    0,    0,    0,    0,    0,    0,    0,    0,    0,    0,    0,    0,    0,    0,    0,    0,    0,    0,    0,    0,    0,    0,    0,    0,    0,    0,    0,    0,    0,    0,    0,    0,    0,    0,    0,    0,    0,    0,   -7,   -7,  -15,  -15,  -15,   -2,  -15,  -15,  -95,  -89,    0,  -34,  -34,   -9,  -82,  -18,  -18,
      23,   34,    0,   41,   33,    0,    0,    0,    0,    0,    0,    0,    0,    0,    0,    0,    0,    0,    0,   29,    0,    0,   -3,   -4,   -3,   -1,   -5,   -6,   -1,   -1,   -1,   -3,   -4,   45,   42,    0,   29,    0,    0,    0,    0,   31,   33,   29,    0,    0,    0,    0,    4,    3,    0,    4,    0,   40,   40,    0,    0,   27,    0,    0,    0,   23,    0,    0,   -3,   -3,   -3,    0,    0,    0,    0,    0,    5,   31,    5,   31,    0,    0,    0,    0,    0,    4,    0,   15,    0,    0,    0,    0,   29,   -3,   29,   -3,   31,   -3,   31,   31,   31,    3,   -3,   29,   10,    0,    0,    0,    0,   29,   -5,    0,   27,    0,    9,    0,    0,    0,    0,    0,    0,    8,    0,   42,   -3,   31,    0,   11,    0,    0,    0,    0,    0,    0,    0,    0,    0,    0,    0,    0,    0,    0,    0,    0,    0,    0,    0,    0,    0,    0,    0,    0,    0,    0,    0,    0,    0,    0,    0,    0,    0,    0,    0,    0,    0,    0,    0,    0,    0,    0,    0,    0,    0,    0,    0,    0,    0,    0,    0,    0,    0,    0,    0,    0,    0,    0,    0,    0,    0,    0,    0,    0,    0,    0,    0,    0,    0,    0,    0,    0,    0,    0,    0,    0,    0,    0,    0,    0,    0,    0,    0,    0,    0,    0,    0,    0,    0,    0,    0,    0,    0,    0,    0,    0,    0,    0,    0,    0,    0,    0,    0,    0,   31,    0,    0,   25,   33,    0,   40,   40,   36,  -18,    0,    0,
       0,  -24,    0,    0,  -23,    0,    0,    0,    0,    0,    0,    0,    0,    0,    0,    0,    0,    0,    0,  -10,    0,    0,    0,   -3,    0,    0,  -42,   -7,  -32,  -21,    0,  -41,    0,  -19,    0,   -4,   -2,   -5,   -4,   -9,    0,   -2,   -2,   -2,   -2,    0,   -9,   -6,  -18,  -14,    0,  -18,    0,    0,    0,  -13,   -3,  -15,    0,   -7,    0,  -21,    0,    0,    0,    0,    0,   -9,   -4,   -5,   -5,   -5,   -2,   -2,   -2,   -2,    0,   -5,   -5,   -5,   -6,  -18,   -5,   -5,   -5,   -5,    0,    0,   -2,    0,   -2,    0,   -2,    0,   -2,   -2,   -2,   -2,    0,   -2,   -2,   -2,   -5,   -2,    0,    0,  -42,   -9,    0,   -9,   -2,   -5,    0,    0,    0,    0,    0,   -2,   -5,   -2,    0,   -2,   -5,   -2,   -6,    0,    0,    0,    0,    0,    0,    0,    0,    0,    0,    0,    0,    0,    0,    0,    0,    0,    0,    0,    0,    0,    0,    0,    0,    0,    0,    0,    0,    0,    0,    0,    0,    0,    0,    0,    0,    0,    0,    0,    0,    0,    0,    0,    0,    0,    0,    0,    0,    0,    0,    0,    0,    0,    0,    0,    0,    0,    0,    0,    0,    0,    0,    0,    0,    0,    0,    0,    0,    0,    0,    0,    0,    0,    0,    0,    0,    0,    0,    0,    0,    0,    0,    0,    0,    0,    0,    0,    0,    0,    0,    0,    0,    0,    0,    0,    0,    0,    0,   -4,   -4,   -5,   -5,   -5,   -2,   -5,   -5,  -27,  -23,    0,  -34,  -34,   -7,    0,   -9,   -9,
       0,  -12,    0,  -15,  -13,  -29,  -29,  -19,    0,    0,    0,    0,    0,    0,    0,    0,    0,    0,    0,  -14,    0,    0,    0,    0,    0,    0,    0,    0,    0,    0,    0,    0,    0,  -13,  -15,    0,    0,    0,    0,   -1,    0,    0,    0,    0,    0,    0,   -1,    0,    0,    0,   -8,    0,   -3,    0,  -14,  -13,    0,   -1,    0,    0,    0,   -9,    0,    0,    0,    0,    0,   -1,    0,    0,    0,    0,    0,    0,    0,    0,    0,    0,    0,    0,    0,    0,    0,    0,    0,    0,    0,    0,    0,    0,    0,    0,    0,    0,    0,    0,    0,    0,    0,    0,    0,    0,    0,    0,    0,    0,    0,   -1,   -3,   -1,    0,    0,    0,    0,    0,    0,    0,    0,    0,    0,    0,    0,    0,    0,    0,    0,    0,    0,    0,    0,    0,    0,    0,    0,    0,    0,    0,    0,    0,    0,    0,    0,    0,    0,    0,    0,    0,    0,    0,    0,    0,    0,    0,    0,    0,    0,    0,    0,    0,    0,    0,    0,    0,    0,    0,    0,    0,    0,    0,    0,    0,    0,    0,    0,    0,    0,    0,    0,    0,    0,    0,    0,    0,    0,    0,    0,    0,    0,    0,    0,    0,    0,    0,    0,    0,    0,    0,    0,    0,    0,    0,    0,    0,    0,    0,    0,    0,    0,    0,    0,    0,    0,    0,    0,    0,    0,    0,    0,    0,    0,    0,    0,    0,    0,    0,    0,    0,    0,    0,    0,    0,  -14,  -11,  -29,  -18,  -18,  -11,    0,   -1,   -1,
       0,    0,    0,    0,    0,    0,    0,    0,    0,    0,    0,    0,    0,    0,    0,    0,    0,    0,    0,    0,    0,    0,   -3,   -4,   -3,   -1,   -5,   -6,   -1,   -1,   -1,   -3,   -4,    0,    0,    0,    0,    0,    0,    0,    0,    0,    0,    0,    0,    0,    0,    0,    0,    0,    0,    0,    0,    0,    0,  -16,    0,    0,    0,    0,    0,    0,    0,    0,   -3,   -3,   -3,    0,    0,    0,    0,    0,    5,    0,    5,    0,    0,    0,    0,    0,    0,    0,    0,    0,    0,    0,    0,    0,    0,   -3,    0,   -3,    0,   -3,    0,    0,    0,    3,   -3,   -2,    0,    0,    0,    0,    0,    0,   -5,    0,    0,    0,    9,    0,    0,    0,    0,    0,    0,    8,    0,   42,   -3,    0,    0,   11,    0,    0,    0,    0,    0,    0,    0,    0,    0,    0,    0,    0,    0,    0,    0,    0,    0,    0,    0,    0,    0,    0,    0,    0,    0,    0,    0,    0,    0,    0,    0,    0,    0,    0,    0,    0,    0,    0,    0,    0,    0,    0,    0,    0,    0,    0,    0,    0,    0,    0,    0,    0,    0,    0,    0,    0,    0,    0,    0,    0,    0,    0,    0,    0,    0,    0,    0,    0,    0,    0,    0,    0,    0,    0,    0,    0,    0,    0,    0,    0,    0,    0,    0,    0,    0,    0,    0,    0,    0,    0,    0,    0,    0,    0,    0,    0,    0,    0,    0,    0,    0,    0,    0,    0,    0,    0,    0,    0,    0,    0,    0,    0,    0,  -18,    0,    0,
       0,  -16,    0,  -14,  -18,    0,    0,    0,    0,    0,    0,    0,    0,    0,    0,    0,    0,    0,    0,  -16,    0,   -7,   -8,   -4,  -14,   -8,  -57,   -9,  -39,  -28,  -17,  -58,  -14,  -16,  -16,    0,    0,    0,    0,   -7,   -2,    0,    0,    0,    0,    0,   -5,    0,   -9,   -4,  -12,  -10,   -5,   -7,  -15,    0,    0,  -10,    0,    0,    0,  -15,    0,    0,   -8,   -8,   -8,   -7,    0,    0,    0,    0,    0,    0,    0,    0,    0,    0,    0,    0,    0,  -10,    0,    0,    0,    0,   -2,   -2,    0,   -8,    0,   -8,    0,   -8,    0,    0,    0,    0,   -8,    0,    0,    0,    0,    0,    0,    0,  -57,   -5,   -5,   -7,    0,    0,    0,   -2,   -2,    0,   -3,    0,    0,    0,   -8,    0,    0,    0,    0,   -3,    0,    0,    0,    0,    0,    0,    0,    0,    0,    0,    0,    0,    0,    0,    0,    0,    0,    0,    0,    0,    0,    0,    0,    0,    0,    0,    0,    0,    0,    0,    0,    0,    0,    0,    0,    0,    0,    0,    0,    0,    0,    0,    0,    0,    0,    0,    0,    0,    0,    0,    0,    0,    0,    0,    0,    0,    0,    0,    0,    0,    0,    0,    0,    0,    0,    0,    0,    0,    0,    0,    0,    0,    0,    0,    0,    0,    0,    0,    0,    0,    0,    0,    0,    0,    0,    0,    0,    0,    0,    0,    0,    0,    0,    0,    0,    0,    0,    0,    0,    0,    0,    0,    0,    0,    0,  -19,  -16,    0,  -19,  -19,  -16,    0,   -7,   -7,
       0,    0,    0,    6,    0,  -23,  -23,  -19,    0,    0,    0,    0,    0,    0,    0,    0,    0,    0,    0,    0,    0,  -26,   -5,    0,  -36,   -3,  -41,   -1,  -13,   -6,  -29,  -30,  -17,    7,    7,  -10,    0,   -6,   -7,    0,   -2,    0,    0,    0,    0,   -1,    0,    0,    0,    0,    0,    0,    0,    7,    6,  -10,    0,    0,   -3,   -5,    0,    0,    0,    0,   -5,   -5,   -5,    0,  -10,   -6,   -6,   -6,    0,    0,    0,    0,  -10,   -6,   -6,   -6,    0,    0,   -6,   -6,   -6,   -6,   -2,   -2,    0,   -5,    0,   -5,    0,   -5,    0,    0,    0,    0,   -5,    0,    0,    8,   -6,    0,   -1,   -1,  -41,    0,    0,    0,    0,   -6,    0,   -2,   -2,    0,    0,    0,   -6,    0,   -5,    0,   -6,    0,    0,    0,    0,    0,    0,    0,    0,    0,    0,    0,    0,    0,    0,    0,    0,    0,    0,    0,    0,    0,    0,    0,    0,    0,    0,    0,    0,    0,    0,    0,    0,    0,    0,    0,    0,    0,    0,    0,    0,    0,    0,    0,    0,    0,    0,    0,    0,    0,    0,    0,    0,    0,    0,    0,    0,    0,    0,    0,    0,    0,    0,    0,    0,    0,    0,    0,    0,    0,    0,    0,    0,    0,    0,    0,    0,    0,    0,    0,    0,    0,    0,    0,    0,    0,    0,    0,    0,    0,    0,    0,    0,    0,    0,    0,    0,    0,    0,    0,    0,  -10,  -10,   -6,   -6,   -6,    0,   -6,   -6,    0,    0,  -23,    6,    6,    0,    0,    0,    0,
       0,    0,    0,    3,    0,  -23,  -23,  -19,    0,    0,    0,    0,    0,    0,    0,    0,    0,    0,    0,    0,    0,  -26,   -5,    0,  -36,   -3,  -41,   -1,  -13,   -6,  -29,  -30,  -17,    7,    5,  -10,    0,   -6,   -7,    0,   -2,    0,    0,    0,    0,   -1,    0,    0,    0,    0,    0,    0,    0,    5,    3,  -10,    0,    0,   -3,   -5,    0,    0,    0,    0,   -5,   -5,   -5,    0,  -10,   -6,   -6,   -6,    0,    0,    0,    0,  -10,   -6,   -6,   -6,    0,    0,   -6,   -6,   -6,   -6,   -2,   -2,    0,   -5,    0,   -5,    0,   -5,    0,    0,    0,    0,   -5,    0,    0,    8,   -6,    0,   -1,   -1,  -41,    0,    0,    0,    0,   -6,    0,   -2,   -2,    0,    0,    0,   -6,    0,   -5,    0,   -6,    0,    0,    0,    0,    0,    0,    0,    0,    0,    0,    0,    0,    0,    0,    0,    0,    0,    0,    0,    0,    0,    0,    0,    0,    0,    0,    0,    0,    0,    0,    0,    0,    0,    0,    0,    0,    0,    0,    0,    0,    0,    0,    0,    0,    0,    0,    0,    0,    0,    0,    0,    0,    0,    0,    0,    0,    0,    0,    0,    0,    0,    0,    0,    0,    0,    0,    0,    0,    0,    0,    0,    0,    0,    0,    0,    0,    0,    0,    0,    0,    0,    0,    0,    0,    0,    0,    0,    0,    0,    0,    0,    0,    0,    0,    0,    0,    0,    0,    0,    0,  -10,  -10,   -6,   -6,   -6,    0,   -6,   -6,    0,    0,  -23,    4,    4,    0,    0,    0,    0,
       0,    0,    0,   -5,   -8,    0,    0,    0,    0,    0,    0,    0,    0,    0,    0,    0,    0,    0,    0,   -9,    0,   -4,   -6,   -4,   -1,   -1,  -52,   -9,  -30,  -23,   -6,  -49,   -5,   -7,   -4,    0,    0,    0,    0,    0,   -2,    0,    0,    0,    0,    0,    0,    0,   -4,    0,    0,   -4,    0,    0,   -5,    0,    0,    0,    0,    0,    0,    0,    0,    0,   -6,   -6,   -6,    0,    0,    0,    0,    0,    0,    0,    0,    0,    0,    0,    0,    0,    0,   -4,    0,    0,    0,    0,   -2,   -2,    0,   -6,    0,   -6,    0,   -6,    0,    0,    0,    0,   -6,    0,    0,    0,    0,    0,    0,    0,  -52,    0,    0,    0,    0,    0,    0,   -2,   -2,    0,    0,    0,    0,    0,   -6,    0,    0,    0,    0,    0,    0,    0,    0,    0,    0,    0,    0,    0,    0,    0,    0,    0,    0,    0,    0,    0,    0,    0,    0,    0,    0,    0,    0,    0,    0,    0,    0,    0,    0,    0,    0,    0,    0,    0,    0,    0,    0,    0,    0,    0,    0,    0,    0,    0,    0,    0,    0,    0,    0,    0,    0,    0,    0,    0,    0,    0,    0,    0,    0,    0,    0,    0,    0,    0,    0,    0,    0,    0,    0,    0,    0,    0,    0,    0,    0,    0,    0,    0,    0,    0,    0,    0,    0,    0,    0,    0,    0,    0,    0,    0,    0,    0,    0,    0,    0,    0,    0,    0,    0,    0,    0,    0,    0,    0,    0,   -9,   -2,    0,   -8,   -8,   -8,    0,    0,    0,
       0,    0,    0,  -10,   -8,    0,    0,    0,    0,    0,    0,    0,    0,    0,    0,    0,    0,    0,    0,   -9,    0,   -4,   -6,   -4,   -1,   -1,  -52,   -9,  -30,  -23,   -6,  -49,   -5,   -7,   -7,    0,    0,    0,    0,    0,   -2,    0,    0,    0,    0,    0,    0,    0,   -4,    0,    0,   -4,    0,    0,   -8,    0,    0,    0,    0,    0,    0,    0,    0,    0,   -6,   -6,   -6,    0,    0,    0,    0,    0,    0,    0,    0,    0,    0,    0,    0,    0,    0,   -4,    0,    0,    0,    0,   -2,   -2,    0,   -6,    0,   -6,    0,   -6,    0,    0,    0,    0,   -6,    0,    0,    0,    0,    0,    0,    0,  -52,    0,    0,    0,    0,    0,    0,   -2,   -2,    0,    0,    0,    0,    0,   -6,    0,    0,    0,    0,    0,    0,    0,    0,    0,    0,    0,    0,    0,    0,    0,    0,    0,    0,    0,    0,    0,    0,    0,    0,    0,    0,    0,    0,    0,    0,    0,    0,    0,    0,    0,    0,    0,    0,    0,    0,    0,    0,    0,    0,    0,    0,    0,    0,    0,    0,    0,    0,    0,    0,    0,    0,    0,    0,    0,    0,    0,    0,    0,    0,    0,    0,    0,    0,    0,    0,    0,    0,    0,    0,    0,    0,    0,    0,    0,    0,    0,    0,    0,    0,    0,    0,    0,    0,    0,    0,    0,    0,    0,    0,    0,    0,    0,    0,    0,    0,    0,    0,    0,    0,    0,    0,    0,    0,    0,    0,   -9,   -2,    0,  -10,  -10,   -8,    0,    0,    0,
       0,    7,    0,   12,    0,    0,    0,    0,    0,    0,    0,    0,    0,    0,    0,    0,    0,    0,    0,    4,    0,    0,   -6,   -5,    0,   -1,  -46,  -10,  -25,  -17,    0,  -36,    0,   11,   11,   -5,    0,   -6,   -5,    0,    0,    0,    0,    0,    0,    0,    0,    0,    0,    0,    0,    0,    0,   11,   10,    0,    0,    0,  -10,   -3,    0,    0,    0,    0,   -6,   -6,   -6,    0,   -5,   -6,   -6,   -6,    0,    0,    0,    0,   -7,   -6,   -6,   -6,    0,    0,   -6,   -6,   -6,   -6,    0,    0,    0,   -6,    0,   -6,    0,   -6,    0,    0,    0,    0,   -6,    0,    0,    0,   -6,    0,    0,    0,  -46,    0,    0,    0,    0,   -6,    0,    0,    0,    0,    0,    0,   -6,    0,   -6,    0,   -6,    0,    0,    0,    0,    0,    0,    0,    0,    0,    0,    0,    0,    0,    0,    0,    0,    0,    0,    0,    0,    0,    0,    0,    0,    0,    0,    0,    0,    0,    0,    0,    0,    0,    0,    0,    0,    0,    0,    0,    0,    0,    0,    0,    0,    0,    0,    0,    0,    0,    0,    0,    0,    0,    0,    0,    0,    0,    0,    0,    0,    0,    0,    0,    0,    0,    0,    0,    0,    0,    0,    0,    0,    0,    0,    0,    0,    0,    0,    0,    0,    0,    0,    0,    0,    0,    0,    0,    0,    0,    0,    0,    0,    0,    0,    0,    0,    0,    0,    0,    0,   -5,   -5,   -6,   -6,   -6,    0,   -6,   -6,   -4,   -1,    0,    7,    7,    9,    0,    0,    0,
       0,    0,  -10,    0,    0,  -35,  -35,  -28,    0,    0,    0,    0,    0,    0,    0,    0,    0,  -19,  -19,    0,  -18,  -63,    0,  -16,  -30,    0,    0,    0,    0,    0,    0,    0,    0,    0,    0, -103,   -5,  -98,  -99,  -50,  -93,    0,    0,   -5,  -79,  -90,  -58,  -73,  -74,  -71,  -78,  -73,  -83,    0,    0,  -13,   -1,    0,  -69,  -56,    0,    0,  -62,  -46,    0,    0,    0,  -67, -103, -106, -109, -104,   17,  -16,   17,   15,  -42,  -98, -106,  -98,  -73,  -73, -110, -103,  -98, -104, -105,  -93,   -5,    0,    2,    0,   12,    0,    5,    8,  -42,   14,    0,   -5,  -79,  -79,  -98,  -63,  -89,  -82,    0,  -58,  -77,  -50,   24, -110,    0,  -93,  -94,    0,  -10,    0,  -98,    0,    0,    0,  -98,  -79,  -73,  -44,    0,    0,    0,    0,    0,    0,    0,    0,    0,    0,    0,    0,    0,    0,    0,    0,    0,    0,    0,    0,    0,    0,    0,    0,    0,    0,    0,    0,    0,    0,    0,    0,    0,    0,    0,    0,    0,    0,    0,    0,    0,    0,    0,    0,    0,    0,    0,    0,    0,    0,    0,    0,    0,    0,    0,    0,    0,    0,    0,    0,    0,    0,    0,    0,    0,    0,    0,    0,    0,    0,    0,    0,    0,    0,    0,    0,    0,    0,    0,    0,    0,    0,    0,    0,    0,    0,    0,    0,    0,    0,    0,    0,    0,    0,    0,    0,    0,  -87, -103, -106,  -62, -104,    0, -111,  -69,    0,    0,  -35,    0,    0,    0,    0,  -57,  -51,
       0,    0,    0,    0,   -2,    0,    0,    0,    0,    0,    0,    0,    0,    0,    0,    0,    0,    0,    0,   -7,    0,    0,   -3,   -5,   -3,   -4,  -52,   -8,  -29,  -21,   -1,  -44,   -5,  -12,  -12,    0,    0,    0,    0,    0,    0,    0,    9,    0,    0,    0,    0,    0,    0,    0,    0,    0,    0,    0,  -10,    0,    0,    0,    0,    0,    0,    0,    0,    0,   -3,   -3,   -3,    0,    0,    0,    0,    0,    0,    0,    0,    0,    0,    0,    0,    0,    0,    0,    0,    0,    0,    0,    0,    0,    0,   -3,    0,   -3,    0,   -3,    0,    0,    0,    0,   -3,    0,    0,    0,    0,    0,    0,    0,  -52,    0,    0,    0,    0,    0,    0,    0,    0,    0,    0,    0,    0,    0,   -3,    0,    0,    0,    0,    0,    0,    0,    0,    0,    0,    0,    0,    0,    0,    0,    0,    0,    0,    0,    0,    0,    0,    0,    0,    0,    0,    0,    0,    0,    0,    0,    0,    0,    0,    0,    0,    0,    0,    0,    0,    0,    0,    0,    0,    0,    0,    0,    0,    0,    0,    0,    0,    0,    0,    0,    0,    0,    0,    0,    0,    0,    0,    0,    0,    0,    0,    0,    0,    0,    0,    0,    0,    0,    0,    0,    0,    0,    0,    0,    0,    0,    0,    0,    0,    0,    0,    0,    0,    0,    0,    0,    0,    0,    0,    0,    0,    0,    0,    0,    0,    0,    0,    0,    0,    0,    0,    0,    0,    0,    0,   -2,    0,    0,   -9,   -9,   -7,    0,    0,    0,
       0,    0,    0,    0,    0,    0,    0,    0,    0,    0,    0,    0,    0,    0,    0,    0,    0,    0,    0,    0,    0,    0,    0,    0,    0,    0,    0,    0,    0,    0,    0,    0,    0,    0,    0,    0,    0,    0,    0,    0,    0,    9,   11,    0,    0,    0,    0,    0,    0,    0,    0,    0,    0,    0,    0,    0,    0,    0,    0,    0,    0,    0,    0,    0,    0,    0,    0,    0,    0,    0,    0,    0,   47,    0,   21,   37,    0,    0,    0,    0,    0,    0,    0,    0,    0,    0,    0,    0,    0,    0,    0,    0,   30,    0,   28,   39,    0,   19,    0,    0,    0,   28,    0,   13,    0,    0,    0,    0,    0,    0,    9,    0,    0,    0,    0,    0,    0,    9,    0,    9,    0,    9,    0,    0,    0,    0,    0,    0,    0,    0,    0,    0,    0,    0,    0,    0,    0,    0,    0,    0,    0,    0,    0,    0,    0,    0,    0,    0,    0,    0,    0,    0,    0,    0,    0,    0,    0,    0,    0,    0,    0,    0,    0,    0,    0,    0,    0,    0,    0,    0,    0,    0,    0,    0,    0,    0,    0,    0,    0,    0,    0,    0,    0,    0,    0,    0,    0,    0,    0,    0,    0,    0,    0,    0,    0,    0,    0,    0,    0,    0,    0,    0,    0,    0,    0,    0,    0,    0,    0,    0,    0,    0,    0,    0,    0,    0,    0,    0,    0,    0,    0,    0,    0,    0,    0,    0,    0,    0,    9,    0,    0,    0,    0,    0,    0,    0,    0,    0,    0,    0,
       0,    0,    0,    0,    0,  -25,  -24,  -20,    0,    0,    0,    0,    0,    0,    0,    0,    0,   -9,   -7,    0,    0,  -16,    0,    0,  -19,    0,    0,    0,    8,    5,    0,    8,    0,    0,    0,  -16,    0,  -14,  -15,  -13,  -19,    0,    0,    0,  -13,  -17,  -13,  -13,  -14,  -13,  -18,  -14,  -17,    0,    0,    0,    0,    0,  -10,  -10,    0,    0,  -11,    0,    0,    0,    0,  -13,  -16,  -14,  -14,  -14,    0,    0,    0,    0,    0,  -14,  -14,  -14,  -13,  -14,  -14,  -14,  -14,  -14,  -19,  -19,    0,    0,    0,    0,    0,    0,    0,    0,    0,    0,    0,    0,  -13,  -13,  -14,  -13,  -17,  -17,    0,  -13,  -17,  -13,    0,  -14,    0,  -19,  -19,    0,    0,    0,  -14,    0,    0,    0,  -14,  -13,  -13,    0,    0,    0,    0,    0,    0,    0,    0,    0,    0,    0,    0,    0,    0,    0,    0,    0,    0,    0,    0,    0,    0,    0,    0,    0,    0,    0,    0,    0,    0,    0,    0,    0,    0,    0,    0,    0,    0,    0,    0,    0,    0,    0,    0,    0,    0,    0,    0,    0,    0,    0,    0,    0,    0,    0,    0,    0,    0,    0,    0,    0,    0,    0,    0,    0,    0,    0,    0,    0,    0,    0,    0,    0,    0,    0,    0,    0,    0,    0,    0,    0,    0,    0,    0,    0,    0,    0,    0,    0,    0,    0,    0,    0,    0,    0,    0,    0,    0,  -16,  -16,  -14,  -14,  -14,    0,  -14,  -14,    0,    0,  -26,    0,    0,    0,    0,  -13,  -13,
       0,    0,    0,    0,    0,  -15,  -15,  -16,    0,    0,    0,    0,    0,    0,    0,    0,    0,    0,    0,    0,    0,    0,    0,    0,    0,    0,    0,    0,    0,    0,    0,    0,    0,    0,   -2,   -3,    0,    0,    0,    5,    0,    0,    0,    0,    0,    0,    6,    0,   13,   12,    7,   13,    0,    0,   -2,  -14,    0,    4,    0,    0,    0,    5,    0,    0,    0,    0,    0,    5,   -3,    0,    0,    0,    0,    0,    0,    0,    0,    0,    0,    0,    0,   13,    0,    0,    0,    0,    0,    0,    0,    0,    0,    0,    0,    0,    0,    0,    0,    0,    0,    0,    0,    0,    0,    0,    0,    0,    0,    6,    0,    5,    0,    0,    0,    0,    0,    0,    0,    0,    0,    0,    0,    0,    0,    0,    0,    0,    0,    0,    0,    0,    0,    0,    0,    0,    0,    0,    0,    0,    0,    0,    0,    0,    0,    0,    0,    0,    0,    0,    0,    0,    0,    0,    0,    0,    0,    0,    0,    0,    0,    0,    0,    0,    0,    0,    0,    0,    0,    0,    0,    0,    0,    0,    0,    0,    0,    0,    0,    0,    0,    0,    0,    0,    0,    0,    0,    0,    0,    0,    0,    0,    0,    0,    0,    0,    0,    0,    0,    0,    0,    0,    0,    0,    0,    0,    0,    0,    0,    0,    0,    0,    0,    0,    0,    0,    0,    0,    0,    0,    0,    0,    0,    0,    0,   -3,   -3,    0,    0,    0,    0,    0,    0,    3,    4,  -15,    0,    0,    0,    0,    5,    5,
       0,    0,  -17,    0,    0,  -41,  -41,  -38,    0,    0,    0,    0,    0,    0,    0,    0,    0,  -27,  -27,    0,    0,  -27,    0,   -6,  -30,    0,    0,    0,   12,    9,    0,   11,    0,    3,    4,  -55,    0,  -52,  -52,  -24,  -56,    0,    0,    0,  -45,  -54,  -27,  -41,  -39,  -35,  -36,  -40,  -42,    3,    0,  -20,   -9,    0,  -39,  -32,    0,    0,  -38,    0,    0,    0,    0,  -24,  -55,  -52,  -52,  -52,    0,    0,    0,    0,    0,  -52,  -52,  -52,  -41,  -40,  -52,  -52,  -52,  -52,  -56,  -56,    0,    0,    0,    0,    0,    0,    0,    0,    0,    0,    0,    0,  -45,  -45,  -52,  -45,  -54,  -54,    0,  -27,  -42,  -24,    0,  -52,    0,  -56,  -56,    0,    0,    0,  -52,    0,    0,    0,  -52,  -45,  -41,    0,    0,    0,    0,    0,    0,    0,    0,    0,    0,    0,    0,    0,    0,    0,    0,    0,    0,    0,    0,    0,    0,    0,    0,    0,    0,    0,    0,    0,    0,    0,    0,    0,    0,    0,    0,    0,    0,    0,    0,    0,    0,    0,    0,    0,    0,    0,    0,    0,    0,    0,    0,    0,    0,    0,    0,    0,    0,    0,    0,    0,    0,    0,    0,    0,    0,    0,    0,    0,    0,    0,    0,    0,    0,    0,    0,    0,    0,    0,    0,    0,    0,    0,    0,    0,    0,    0,    0,    0,    0,    0,    0,    0,    0,    0,    0,    0,    0,  -55,  -55,  -52,  -52,  -52,    0,  -52,  -52,    0,    0,  -42,    0,    0,    0,    0,  -24,  -24,
       0,    0,    0,    0,    0,  -21,  -21,  -18,    0,    0,    0,    0,    0,    0,    0,    0,    0,    0,    0,    0,    0,    0,    0,    0,    0,    0,    0,    0,    0,    0,    0,    0,    0,    0,   -2,   -9,    0,   -3,   -3,    6,    0,    0,    0,    0,    0,    0,    7,    0,   14,   14,    8,   14,    0,    0,    0,  -15,    0,    5,   -8,   -2,    0,    7,    0,    0,    0,    0,    0,    6,   -9,   -3,   -3,   -3,    0,    0,    0,    0,    0,   -3,   -3,   -3,    0,   14,   -3,   -3,   -3,   -3,    0,    0,    0,    0,    0,    0,    0,    0,    0,    0,    0,    0,    0,    0,    0,    0,   -3,    0,    0,    0,    0,    7,    0,    6,    0,   -3,    0,    0,    0,    0,    0,    0,   -3,    0,    0,    0,   -3,    0,    0,    0,    0,    0,    0,    0,    0,    0,    0,    0,    0,    0,    0,    0,    0,    0,    0,    0,    0,    0,    0,    0,    0,    0,    0,    0,    0,    0,    0,    0,    0,    0,    0,    0,    0,    0,    0,    0,    0,    0,    0,    0,    0,    0,    0,    0,    0,    0,    0,    0,    0,    0,    0,    0,    0,    0,    0,    0,    0,    0,    0,    0,    0,    0,    0,    0,    0,    0,    0,    0,    0,    0,    0,    0,    0,    0,    0,    0,    0,    0,    0,    0,    0,    0,    0,    0,    0,    0,    0,    0,    0,    0,    0,    0,    0,    0,    0,    0,    0,   -9,   -9,   -3,   -3,   -3,    0,   -3,   -3,    4,    5,  -21,    0,    0,    0,    0,    6,    6,
       0,    0,    0,    0,    0,    0,    0,    0,    0,    0,    0,    0,    0,    0,    0,    0,    0,    0,    0,    0,    0,    0,   -6,   -4,    0,   -1,  -47,   -8,  -22,  -14,    0,  -37,    0,   -7,  -10,   -5,    0,   -5,   -4,    0,    0,    0,    0,    0,    0,    0,    0,    0,    0,    0,    0,    0,    0,    0,   -2,    0,    0,    0,   -2,   -2,    0,    0,    0,    0,   -6,   -6,   -6,    0,   -5,   -5,   -5,   -5,    4,    0,    0,    0,   -6,   -5,   -5,   -5,    0,    0,   -5,   -5,   -5,   -5,    0,    0,    0,   -6,    0,   -6,    0,   -6,    0,    0,    0,    0,   -6,    0,    0,    0,   -5,    0,    0,    0,  -47,    0,    0,    0,   12,   -5,    0,    0,    0,    0,    0,   11,   -5,   42,   -6,    0,   -5,   11,    0,    0,    0,    0,    0,    0,    0,    0,    0,    0,    0,    0,    0,    0,    0,    0,    0,    0,    0,    0,    0,    0,    0,    0,    0,    0,    0,    0,    0,    0,    0,    0,    0,    0,    0,    0,    0,    0,    0,    0,    0,    0,    0,    0,    0,    0,    0,    0,    0,    0,    0,    0,    0,    0,    0,    0,    0,    0,    0,    0,    0,    0,    0,    0,    0,    0,    0,    0,    0,    0,    0,    0,    0,    0,    0,    0,    0,    0,    0,    0,    0,    0,    0,    0,    0,    0,    0,    0,    0,    0,    0,    0,    0,    0,    0,    0,    0,    0,    0,   -5,   -5,   -5,   -5,   -5,    0,   -5,   -5,    0,    0,    0,    0,    0,    0,    0,    0,    0,
       0,   10,    0,   15,    0,    0,    0,    0,    0,    0,    0,    0,    0,    0,    0,    0,    0,    0,    0,    0,    0,    0,   -3,   -5,   -3,   -1,   -4,   -5,    0,    0,    0,   -3,   -4,   17,   18,    0,    0,    0,    0,    0,    0,    0,    0,    0,    0,    0,    0,    0,    0,    0,    0,    0,    0,   15,   16,    0,    0,    0,    0,    0,    0,    0,    0,    0,   -3,   -3,   -3,    0,    0,    0,    0,    0,    0,    0,    0,    4,    0,    0,    0,    0,    0,    0,    0,    0,    0,    0,    0,    0,    0,   -3,    0,   -3,    0,   -3,    0,    0,    0,    0,   -3,    0,    0,    0,    0,    0,    0,    0,   -4,    0,    0,    0,    0,    0,    0,    0,    0,    0,    0,    0,    0,   26,   -3,    0,    0,    0,    0,    0,    0,    0,    0,    0,    0,    0,    0,    0,    0,    0,    0,    0,    0,    0,    0,    0,    0,    0,    0,    0,    0,    0,    0,    0,    0,    0,    0,    0,    0,    0,    0,    0,    0,    0,    0,    0,    0,    0,    0,    0,    0,    0,    0,    0,    0,    0,    0,    0,    0,    0,    0,    0,    0,    0,    0,    0,    0,    0,    0,    0,    0,    0,    0,    0,    0,    0,    0,    0,    0,    0,    0,    0,    0,    0,    0,    0,    0,    0,    0,    0,    0,    0,    0,    0,    0,    0,    0,    0,    0,    0,    0,    0,    0,    0,    0,    0,    0,    0,    0,    0,    0,    0,    0,    0,    0,    0,    9,    0,   15,   15,   11,    0,    0,    0,
       0,    0,    0,    0,   -1,    0,    0,    0,    0,    0,    0,    0,    0,    0,    0,    0,    0,    0,    0,    0,    0,   -5,    0,    0,    0,    0,   -1,    0,   -9,    0,    0,  -11,    0,    0,   -2,   -3,   -3,   -3,   -3,   -9,   -5,   -1,   -1,   -3,   -5,   -3,   -9,   -5,   -9,   -6,   -4,  -10,   -5,    0,    0,   -6,    0,   -2,    0,    0,    0,    0,    0,   -8,    0,    0,    0,   -9,   -3,   -3,   -3,   -3,   -1,   -1,   -1,    1,   -4,   -3,   -3,   -3,   -5,  -10,   -3,   -3,   -3,   -3,   -5,   -5,   -3,    0,   -3,    0,   -1,    0,   -1,   -1,   -1,   -1,    0,   -3,   -5,   -5,   -3,   -5,   -3,   -3,   -1,   -9,   -5,   -9,   -1,   -3,    0,   -5,   -5,    0,   -6,   -1,   -3,   -1,    0,   -1,   -3,   -5,   -5,   -6,    0,    0,    0,    0,    0,    0,    0,    0,    0,    0,    0,    0,    0,    0,    0,    0,    0,    0,    0,    0,    0,    0,    0,    0,    0,    0,    0,    0,    0,    0,    0,    0,    0,    0,    0,    0,    0,    0,    0,    0,    0,    0,    0,    0,    0,    0,    0,    0,    0,    0,    0,    0,    0,    0,    0,    0,    0,    0,    0,    0,    0,    0,    0,    0,    0,    0,    0,    0,    0,    0,    0,    0,    0,    0,    0,    0,    0,    0,    0,    0,    0,    0,    0,    0,    0,    0,    0,    0,    0,    0,    0,    0,    0,    0,    0,    0,    0,   -3,   -3,   -3,   -3,   -3,   -1,   -3,   -3,    0,    0,    0,    0,    0,    0,    0,   -9,   -9,
       0,    0,    0,    0,    0,    0,    0,    0,    0,    0,    0,    0,    0,    0,    0,    0,    0,    0,    0,    0,    0,    0,   -6,   -3,   -6,   -3,  -47,   -6,  -20,  -12,   -3,  -35,   -5,   -7,    0,   -8,    0,   -6,   -6,    0,    0,    0,   10,    0,    0,    0,    0,    0,    0,    0,    8,    0,    0,    0,    0,    0,    0,    0,    0,    0,    0,    0,    0,    0,   -6,   -6,   -6,    0,   -8,   -6,   -6,   -6,    0,    0,    0,    0,   -9,   -6,   -6,   -6,    0,    0,   -6,   -6,   -6,   -6,    0,    0,    0,   -6,    0,   -6,    0,   -6,    0,    0,    0,    0,   -6,    0,    0,    0,   -6,    0,    0,    0,  -47,    0,    0,    0,    0,   -6,    0,    0,    0,    0,    0,    0,   -6,    0,   -6,    0,   -6,    0,    0,    0,    0,    0,    0,    0,    0,    0,    0,    0,    0,    0,    0,    0,    0,    0,    0,    0,    0,    0,    0,    0,    0,    0,    0,    0,    0,    0,    0,    0,    0,    0,    0,    0,    0,    0,    0,    0,    0,    0,    0,    0,    0,    0,    0,    0,    0,    0,    0,    0,    0,    0,    0,    0,    0,    0,    0,    0,    0,    0,    0,    0,    0,    0,    0,    0,    0,    0,    0,    0,    0,    0,    0,    0,    0,    0,    0,    0,    0,    0,    0,    0,    0,    0,    0,    0,    0,    0,    0,    0,    0,    0,    0,    0,    0,    0,    0,    0,    0,   -8,   -8,   -6,   -6,   -6,    0,   -6,   -6,   -2,   -2,    0,   -7,   -7,    0,    0,    0,    0,
       0,    0,    0,    0,    0,    0,    0,    0,    0,    0,    0,    0,    0,    0,    0,    0,    0,    0,    0,    0,    0,   -7,    0,    0,    0,    0,    0,    0,   -7,    0,   -3,   -7,    0,    0,    0,   -1,   -5,   -3,   -3,  -17,   -9,   -4,   -4,   -5,   -6,   -7,  -16,   -6,  -18,  -13,  -18,  -19,  -12,    0,    0,    0,    0,    0,    0,    0,    0,    0,    0,    0,    0,    0,    0,  -17,   -1,   -3,   -3,   -3,   -4,   -4,   -4,   -4,    0,   -3,   -3,   -3,   -6,  -19,   -3,   -3,   -3,   -3,   -9,   -9,   -5,    0,   -5,    0,   -4,    0,   -4,   -4,   -4,   -4,    0,   -5,   -6,   -6,   -3,   -6,   -7,   -7,    0,  -16,  -12,  -17,   -4,   -3,    0,   -9,   -9,    0,    0,   -4,   -3,   -4,    0,   -4,   -3,   -6,   -6,    0,    0,    0,    0,    0,    0,    0,    0,    0,    0,    0,    0,    0,    0,    0,    0,    0,    0,    0,    0,    0,    0,    0,    0,    0,    0,    0,    0,    0,    0,    0,    0,    0,    0,    0,    0,    0,    0,    0,    0,    0,    0,    0,    0,    0,    0,    0,    0,    0,    0,    0,    0,    0,    0,    0,    0,    0,    0,    0,    0,    0,    0,    0,    0,    0,    0,    0,    0,    0,    0,    0,    0,    0,    0,    0,    0,    0,    0,    0,    0,    0,    0,    0,    0,    0,    0,    0,    0,    0,    0,    0,    0,    0,    0,    0,    0,    0,    0,   -1,   -1,   -3,   -3,   -3,   -4,   -3,   -3,    0,    0,   -2,    0,    0,    0,    0,  -17,  -17,
       0,    0,    0,    0,   -2,    0,    0,    0,    0,    0,    0,    0,    0,    0,    0,    0,    0,    0,    0,    0,    0,    0,    0,    0,    0,    0,    0,    0,    0,    0,    0,    0,    0,  -14,    0,   -3,    0,   -5,   -3,   -2,    0,    0,    0,    0,    0,    0,    0,    0,   -3,    0,    0,   -3,    0,    0,    0,    0,    0,    0,   -7,   -8,    0,    0,    0,    0,    0,    0,    0,   -2,   -3,   -5,   -5,   -5,    0,    0,    0,    0,    0,   -5,   -5,   -5,    0,   -3,   -5,   -5,   -5,   -5,    0,    0,    0,    0,    0,    0,    0,    0,    0,    0,    0,    0,    0,    0,    0,    0,   -5,    0,    0,    0,    0,    0,    0,   -2,    0,   -5,    0,    0,    0,    0,    0,    0,   -5,    0,    0,    0,   -5,    0,    0,    0,    0,    0,    0,    0,    0,    0,    0,    0,    0,    0,    0,    0,    0,    0,    0,    0,    0,    0,    0,    0,    0,    0,    0,    0,    0,    0,    0,    0,    0,    0,    0,    0,    0,    0,    0,    0,    0,    0,    0,    0,    0,    0,    0,    0,    0,    0,    0,    0,    0,    0,    0,    0,    0,    0,    0,    0,    0,    0,    0,    0,    0,    0,    0,    0,    0,    0,    0,    0,    0,    0,    0,    0,    0,    0,    0,    0,    0,    0,    0,    0,    0,    0,    0,    0,    0,    0,    0,    0,    0,    0,    0,    0,    0,    0,    0,    0,    0,   -3,   -3,   -5,   -5,   -5,    0,   -5,   -5,   -2,   -2,    0,   -9,   -9,    0,    0,   -2,   -2,
       0,   11,    0,   16,    0,    0,    0,    0,    0,    0,    0,    0,    0,    0,    0,    0,    0,    0,    0,    0,    0,    0,   -3,   -5,   -3,   -1,   -4,   -5,    0,    0,    0,   -3,   -4,   18,   18,    0,    0,    0,    0,    0,    0,    0,    0,    0,    0,    0,    0,    0,    0,    0,    0,    0,    0,   15,   17,    0,    0,    0,    0,    0,    0,    0,    0,    0,   -3,   -3,   -3,    0,    0,    0,    0,    0,    0,    0,    0,    4,    0,    0,    0,    0,    0,    0,    0,    0,    0,    0,    0,    0,    0,   -3,    0,   -3,    0,   -3,    0,    0,    0,    0,   -3,    0,    0,    0,    0,    0,    0,    0,   -4,    0,    0,    0,    0,    0,    0,    0,    0,    0,    0,    0,    0,   26,   -3,    0,    0,    0,    0,    0,    0,    0,    0,    0,    0,    0,    0,    0,    0,    0,    0,    0,    0,    0,    0,    0,    0,    0,    0,    0,    0,    0,    0,    0,    0,    0,    0,    0,    0,    0,    0,    0,    0,    0,    0,    0,    0,    0,    0,    0,    0,    0,    0,    0,    0,    0,    0,    0,    0,    0,    0,    0,    0,    0,    0,    0,    0,    0,    0,    0,    0,    0,    0,    0,    0,    0,    0,    0,    0,    0,    0,    0,    0,    0,    0,    0,    0,    0,    0,    0,    0,    0,    0,    0,    0,    0,    0,    0,    0,    0,    0,    0,    0,    0,    0,    0,    0,    0,    0,    0,    0,    0,    0,    0,    0,    0,   10,    0,   14,   14,   11,    0,    0,    0,
       0,    0,    0,   -2,    0,  -33,  -32,  -19,    0,    0,    0,    0,    0,    0,    0,    0,    0,    0,    0,    0,    0,  -21,    0,    0,  -33,    0,   -1,    0,   -9,    0,  -17,  -13,   -9,    0,  -10,  -14,   -5,  -10,  -11,    0,  -10,   -5,   -5,   -5,   -6,   -7,    0,   -5,    0,    0,   -6,    0,   -4,    0,   -2,    0,    0,    0,    0,    0,    0,    0,    0,    0,    0,    0,    0,    0,  -14,  -10,  -10,  -10,   -5,   -5,   -5,   -5,    0,  -10,  -10,  -10,   -5,    0,  -10,  -10,  -10,  -10,  -10,  -10,   -5,    0,   -5,    0,   -5,    0,   -5,   -5,   -5,   -5,    0,   -5,   -6,   -6,  -10,   -6,   -7,   -7,   -1,    0,   -4,    0,   -5,  -10,    0,  -10,  -10,    0,    0,   -5,  -10,   -5,    0,   -5,  -10,   -6,   -5,    0,    0,    0,    0,    0,    0,    0,    0,    0,    0,    0,    0,    0,    0,    0,    0,    0,    0,    0,    0,    0,    0,    0,    0,    0,    0,    0,    0,    0,    0,    0,    0,    0,    0,    0,    0,    0,    0,    0,    0,    0,    0,    0,    0,    0,    0,    0,    0,    0,    0,    0,    0,    0,    0,    0,    0,    0,    0,    0,    0,    0,    0,    0,    0,    0,    0,    0,    0,    0,    0,    0,    0,    0,    0,    0,    0,    0,    0,    0,    0,    0,    0,    0,    0,    0,    0,    0,    0,    0,    0,    0,    0,    0,    0,    0,    0,    0,    0,  -14,  -14,  -10,  -10,  -10,   -5,  -10,  -10,    0,    0,  -34,    0,    0,    0,    0,    0,    0,
       0,  -16,    0,  -14,  -14,    0,    0,    0,    0,    0,    0,    0,    0,    0,    0,    0,    0,    0,    0,  -16,    0,   -7,   -8,   -4,  -14,   -8,  -57,   -9,  -39,  -28,  -17,  -58,  -14,  -21,  -16,    0,    0,    0,    0,   -7,   -2,    0,    0,    0,    0,    0,   -5,    0,   -9,   -4,  -12,  -10,   -5,   -7,  -15,    0,    0,  -10,    0,    0,    0,  -15,    0,    0,   -8,   -8,   -8,   -7,    0,    0,    0,    0,    0,    0,    0,    0,    0,    0,    0,    0,    0,  -10,    0,    0,    0,    0,   -2,   -2,    0,   -8,    0,   -8,    0,   -8,    0,    0,    0,    0,   -8,    0,    0,    0,    0,    0,    0,    0,  -57,   -5,   -5,   -7,    0,    0,    0,   -2,   -2,    0,   -3,    0,    0,    0,   -8,    0,    0,    0,    0,   -3,    0,    0,    0,    0,    0,    0,    0,    0,    0,    0,    0,    0,    0,    0,    0,    0,    0,    0,    0,    0,    0,    0,    0,    0,    0,    0,    0,    0,    0,    0,    0,    0,    0,    0,    0,    0,    0,    0,    0,    0,    0,    0,    0,    0,    0,    0,    0,    0,    0,    0,    0,    0,    0,    0,    0,    0,    0,    0,    0,    0,    0,    0,    0,    0,    0,    0,    0,    0,    0,    0,    0,    0,    0,    0,    0,    0,    0,    0,    0,    0,    0,    0,    0,    0,    0,    0,    0,    0,    0,    0,    0,    0,    0,    0,    0,    0,    0,    0,    0,    0,    0,    0,    0,    0,    0,  -19,  -16,    0,  -24,  -24,  -16,    0,   -7,   -7,
       0,    0,    0,    0,    0,    0,    0,    0,    0,    0,    0,    0,    0,    0,    0,    0,    0,    0,    0,    0,    0,    0,    0,    0,    0,    0,    0,    0,    0,    0,    0,    0,    0,    0,   13,   -8,   -3,   -8,   -7,   -7,   -7,   -3,   -3,   -3,   -3,   -7,   -7,   -5,   -5,   -5,   -1,   -5,   -5,   13,   12,    0,    0,    0,    0,    0,    0,    0,    0,    0,    0,    0,    0,   -7,   -8,   -8,   -8,   -8,   -3,   -3,   -3,   -3,   -8,   -8,   -8,   -8,   -5,   -5,   -8,   -8,   -8,   -8,   -7,   -7,   -3,    0,   -3,    0,   -3,    0,   -3,   -3,   -3,   -3,    0,   -3,   -3,   -3,   -8,   -3,   -7,   -7,    0,   -7,   -5,   -7,   -2,   -8,    0,   -7,   -7,    0,   -4,   -3,   -8,   -3,    0,   -3,   -8,   -3,   -5,   -4,    0,    0,    0,    0,    0,    0,    0,    0,    0,    0,    0,    0,    0,    0,    0,    0,    0,    0,    0,    0,    0,    0,    0,    0,    0,    0,    0,    0,    0,    0,    0,    0,    0,    0,    0,    0,    0,    0,    0,    0,    0,    0,    0,    0,    0,    0,    0,    0,    0,    0,    0,    0,    0,    0,    0,    0,    0,    0,    0,    0,    0,    0,    0,    0,    0,    0,    0,    0,    0,    0,    0,    0,    0,    0,    0,    0,    0,    0,    0,    0,    0,    0,    0,    0,    0,    0,    0,    0,    0,    0,    0,    0,    0,    0,    0,    0,    0,   -8,   -8,   -8,   -8,   -8,   -3,   -8,   -8,    0,    0,    0,    3,    3,    0,    0,   -7,   -7,
       0,    0,    0,    0,    3,    0,    0,    0,    0,    0,    0,    0,    0,    0,    0,    0,    0,    0,    0,    0,    0,    0,   -3,   -5,   -3,   -1,   -4,   -5,    0,    0,    0,   -3,   -4,    0,    0,    0,    0,    0,    0,    0,    0,    0,    0,    0,    0,    0,    0,    0,    0,    0,    0,    0,    0,    0,    0,    0,    0,    0,    0,    0,    0,    6,    0,    0,   -3,   -3,   -3,    0,    0,    0,    0,    0,    0,    0,    0,    4,    0,    0,    0,    0,    0,    0,    0,    0,    0,    0,    0,    0,    0,   -3,    0,   -3,    0,   -3,    0,    0,    0,    0,   -3,    0,    0,    0,    0,    0,    0,    0,   -4,    0,    0,    0,    0,    0,    0,    0,    0,    0,    0,    0,    0,   26,   -3,    0,    0,    0,    0,    0,    0,    0,    0,    0,    0,    0,    0,    0,    0,    0,    0,    0,    0,    0,    0,    0,    0,    0,    0,    0,    0,    0,    0,    0,    0,    0,    0,    0,    0,    0,    0,    0,    0,    0,    0,    0,    0,    0,    0,    0,    0,    0,    0,    0,    0,    0,    0,    0,    0,    0,    0,    0,    0,    0,    0,    0,    0,    0,    0,    0,    0,    0,    0,    0,    0,    0,    0,    0,    0,    0,    0,    0,    0,    0,    0,    0,    0,    0,    0,    0,    0,    0,    0,    0,    0,    0,    0,    0,    0,    0,    0,    0,    0,    0,    0,    0,    0,    0,    0,    0,    0,    0,    0,    0,    0,    5,    0,    0,    4,    4,    0,    0,    0,    0,
       0,  -30,    0,    0,  -31,    0,    0,    0,    0,    0,    0,    0,    0,    0,    0,    0,    0,    0,    0,  -13,    0,    0,    0,    0,    0,    0,    0,    0,    0,    0,    0,    0,    0,  -35,  -11,    0,    0,    0,    0,    0,    0,    0,    0,    0,    0,    0,    0,    0,    0,    0,    0,    0,    0,    0,  -11,    0,    0,    0,  -13,  -17,    0,    0,    0,    0,    0,    0,    0,    0,    0,    0,    0,    0,    0,    0,    0,    0,    0,    0,    0,    0,    0,    0,    0,    0,    0,    0,    0,    0,    0,    0,    0,    0,    0,    0,    0,    0,    0,    0,    0,    0,    0,    0,    0,    0,    0,    0,    0,    0,    0,    0,    0,    0,    0,    0,    0,    0,    0,    0,    0,    0,    0,    0,    0,    0,    0,    0,    0,    0,    0,    0,    0,    0,    0,    0,    0,    0,    0,    0,    0,    0,    0,    0,    0,    0,    0,    0,    0,    0,    0,    0,    0,    0,    0,    0,    0,    0,    0,    0,    0,    0,    0,    0,    0,    0,    0,    0,    0,    0,    0,    0,    0,    0,    0,    0,    0,    0,    0,    0,    0,    0,    0,    0,    0,    0,    0,    0,    0,    0,    0,    0,    0,    0,    0,    0,    0,    0,    0,    0,    0,    0,    0,    0,    0,    0,    0,    0,    0,    0,    0,    0,    0,    0,    0,    0,    0,    0,    0,    0,    0,    0,    0,    0,    0,    0,    0,    0,    0,    0,    0,    0,    0,    0,  -30,    0,    0,    0,  -14,    0,    0,    0,
       0,    0,    0,    0,    0,    0,    0,    0,    0,    0,    0,    0,    0,    0,    0,    0,    0,    0,    0,    0,    0,    0,    0,    0,    0,    0,    0,    0,    0,    0,    0,    0,    0,    0,    0,    0,    0,    0,    0,    0,    0,    0,    0,    0,    0,    0,    0,    0,    0,    0,    0,    0,    0,    0,    0,    0,    0,    0,   -9,   -8,    0,    0,    0,    0,    0,    0,    0,    0,    0,    0,    0,    0,    0,    0,    0,    0,    0,    0,    0,    0,    0,    0,    0,    0,    0,    0,    0,    0,    0,    0,    0,    0,    0,    0,    0,    0,    0,    0,    0,    0,    0,    0,    0,    0,    0,    0,    0,    0,    0,    0,    0,    0,    0,    0,    0,    0,    0,    0,    0,    0,    0,    0,    0,    0,    0,    0,    0,    0,    0,   -8,    0,    0,    0,    0,    0,    0,    0,    0,    0,  -10,    0,    0,    0,    0,    0,  -10,  -15,  -12,   -5,  -12,   -3,   -1,  -10,  -10,   -6,    0,   -4,  -10,  -10,    0,  -10,  -13,  -15,   -2,    0,  -12,    0,   -4,   -1,    8,   -1,    0,  -10,  -10,   -6,  -14,   -1,  -11,    0,    0,    0,    0,    0,   -2,    0,  -13,    0,  -12,  -18,  -12,    0,    0,   -5,    0,  -11,    0,  -10,    0,  -10,  -11,   -6,  -11,  -12,    0,  -10,    0,  -12,   -3,   -9,   -9,   -1,    0,  -11,  -10,   -8,  -12,  -12,   -2,  -10,  -10,  -13,    0,    0,    0,    0,    0,    0,    0,    0,    0,    0,    0,    0,    0,    0,    0,    0,    0,    0,    0,
       0,  -31,    0,    0,  -31,    0,    0,    0,    0,    0,    0,    0,    0,    0,    0,    0,    0,    0,    0,   -9,    0,    0,    0,    0,    0,    0,    0,    0,    0,    0,    0,    0,    0,  -17,   -2,    0,    0,    0,    0,    0,    0,    0,    0,    0,    0,    0,    0,    0,    0,    0,    0,    0,    0,    0,    0,    0,    0,    0,    0,    0,    0,    0,    0,    0,    0,    0,    0,    0,    0,    0,    0,    0,    0,    0,    0,    0,    0,    0,    0,    0,    0,    0,    0,    0,    0,    0,    0,    0,    0,    0,    0,    0,    0,    0,    0,    0,    0,    0,    0,    0,    0,    0,    0,    0,    0,    0,    0,    0,    0,    0,    0,    0,    0,    0,    0,    0,    0,    0,    0,    0,    0,    0,    0,    0,    0,    0,    0,    0,  -34,    0,    0,    0,   -1,    0,  -21,   -4,    0,    0,    0,    0,    0,   -9,  -33,    0,    0,    0,   -1,    0,    0,    0,   -8,   -4,    0,    0,    0,   -2,    0,  -19,    0,  -10,    0,   -1,  -22,   -7,   -1,    0,    0,    0,    0,    0,    0,    0,    0,  -19,    0,    0,    0,    0,    0,    0,    0,    0,    0,    0,    0,    0,    0,    0,    0,    0,    0,    0,    0,    0,    0,    0,    0,    0,    0,    0,    0,    0,    0,    0,    0,    0,    0,    0,    0,    0,   -4,    0,    0,    0,    0,    0,    0,   -7,  -19,  -19,   -1,    0,  -10,    0,    0,    0,    0,    0,    0,    0,    0,  -32,  -31,    0,  -31,  -31,   -9,    0,    0,    0,
       0,    0,    0,    0,    0,  -46,  -47,  -39,    0,    0,    0,    0,    0,    0,    0,    0,    0,  -31,  -32,    0,    0,    0,    0,    0,    0,    0,    0,    0,    0,    0,    0,    0,    0,    0,    0,    0,    0,    0,    0,    0,    0,    0,    0,    0,    0,    0,    0,    0,    0,    0,    0,    0,    0,    0,    0,    0,    0,    0,  -50,  -40,    0,    0,  -42,    0,    0,    0,    0,    0,    0,    0,    0,    0,    0,    0,    0,    0,    0,    0,    0,    0,    0,    0,    0,    0,    0,    0,    0,    0,    0,    0,    0,    0,    0,    0,    0,    0,    0,    0,    0,    0,    0,    0,    0,    0,    0,    0,    0,    0,    0,    0,    0,    0,    0,    0,    0,    0,    0,    0,    0,    0,    0,    0,    0,    0,    0,    0,    0,    0,    0,  -13,   -1,    0,  -44,  -35,    0,  -47,  -41,    0,    0,  -15,    0,    0,    0,    0,  -18,  -87,  -36,  -81,  -55, -118,  -59,  -61,  -49,  -49,  -51,  -98,  -69,  -45,  -78,  -50,  -49,  -51,  -50,  -60,  -77, -128,    6,  -67,   -3,   10,   -3,    6,  -49,  -45,   -6,  -49,   -5,  -37,  -47,  -97,    0,  -49,    0,  -22,    0,  -50,    0,  -47,  -53,  -58,    0,  -83,  -55,    0,  -46,    0,  -44,    0,  -44,  -47,  -49,  -25,  -45,    0, -128,  -56, -128,    0,  -61,  -98,  -86,    0,  -49,  -49,  -13, -128, -128,  -75,  -45,  -78,  -84,    0,  -50,    0,    0,    0,    0,    0,    0,    0,    0,    0,    0,  -45,    0,    0,    0,    0,    0,    0,
       0,    0,    0,    0,    0,    0,    0,    0,    0,    0,    0,    0,    0,    0,    0,    0,    0,    0,    0,    0,    0,    0,    0,    0,    0,    0,    0,    0,    0,    0,    0,    0,    0,    0,    0,    0,    0,    0,    0,    0,    0,    0,    0,    0,    0,    0,    0,    0,    0,    0,    0,    0,    0,    0,    0,    0,    0,    0,    0,   -9,    0,    0,    0,    0,    0,    0,    0,    0,    0,    0,    0,    0,    0,    0,    0,    0,    0,    0,    0,    0,    0,    0,    0,    0,    0,    0,    0,    0,    0,    0,    0,    0,    0,    0,    0,    0,    0,    0,    0,    0,    0,    0,    0,    0,    0,    0,    0,    0,    0,    0,    0,    0,    0,    0,    0,    0,    0,    0,    0,    0,    0,    0,    0,    0,    0,    0,    0,    0,    0,   -8,    0,    0,    0,    0,    0,   -1,    0,    0,    0,  -12,    0,    0,    0,    0,   -2,   -6,  -10,   -9,    0,   -9,   -1,   -1,   -6,   -6,   -5,   -1,   -4,  -11,   -7,    0,   -6,  -13,  -15,   -4,   -1,   -9,    0,    0,   -1,   13,   -1,    0,   -6,  -11,    0,    0,    0,    0,    0,    0,    0,    0,    0,    0,    0,    0,    0,    0,    0,    0,    0,    0,    0,    0,    0,    0,    0,    0,    0,    0,    0,    0,    0,    0,   -6,    0,   -9,    0,   -5,   -5,   -1,    0,    0,   -6,   -8,   -9,   -9,   -4,  -11,  -11,  -13,    0,    0,    0,    0,    0,    0,    0,    0,    0,    0,    0,    0,    0,    0,    0,    0,    0,    0,    0,
       0,    0,    0,    0,    0,    0,    0,    0,    0,    0,    0,    0,    0,    0,    0,    0,    0,    0,    0,    0,    0,    0,    0,    0,    0,    0,    0,    0,    0,    0,    0,    0,    0,    0,   -2,    0,    0,    0,    0,    0,    0,    0,    0,    0,    0,    0,    0,    0,    0,    0,    0,    0,    0,    0,    0,    0,    0,    0,    0,    0,    0,    0,    0,    0,    0,    0,    0,    0,    0,    0,    0,    0,    0,    0,    0,    0,    0,    0,    0,    0,    0,    0,    0,    0,    0,    0,    0,    0,    0,    0,    0,    0,    0,    0,    0,    0,    0,    0,    0,    0,    0,    0,    0,    0,    0,    0,    0,    0,    0,    0,    0,    0,    0,    0,    0,    0,    0,    0,    0,    0,    0,    0,    0,    0,    0,    0,    0,    0,    0,    0,    0,    0,   -2,    0,    0,   -8,    0,    0,    0,   -3,    0,    0,    0,    0,   -4,   -1,   -6,   -1,   -3,   -1,  -11,   -9,   -5,   -5,   -5,   -9,   -7,  -13,   -1,  -11,   -5,   -5,  -16,  -10,   -7,   -1,    0,   -6,    0,    0,   -1,    0,   -5,  -13,    0,    0,    0,    0,    0,    0,    0,    0,    0,    0,    0,    0,    0,    0,    0,    0,    0,    0,   -3,    0,    0,    0,    0,    0,    0,    0,    0,    0,    0,    0,   -1,    0,   -1,    0,    0,    0,   -9,    0,    0,   -5,    0,   -1,   -1,  -10,  -13,  -13,   -5,    0,  -11,    0,    0,    0,    0,    0,    0,    0,    0,    0,    0,   -2,    0,    0,    0,    0,    0,    0,
       0,    0,    0,    0,    0,    0,    0,    0,    0,    0,    0,    0,    0,    0,    0,    0,    0,    0,    0,    0,    0,    0,    0,    0,    0,    0,    0,    0,    0,    0,    0,    0,    0,    0,    0,    0,    0,    0,    0,    0,    0,    0,    0,    0,    0,    0,    0,    0,    0,    0,    0,    0,    0,    0,    0,    0,    0,    0,    0,    0,    0,    0,    0,    0,    0,    0,    0,    0,    0,    0,    0,    0,    0,    0,    0,    0,    0,    0,    0,    0,    0,    0,    0,    0,    0,    0,    0,    0,    0,    0,    0,    0,    0,    0,    0,    0,    0,    0,    0,    0,    0,    0,    0,    0,    0,    0,    0,    0,    0,    0,    0,    0,    0,    0,    0,    0,    0,    0,    0,    0,    0,    0,    0,    0,    0,    0,    0,    0,    0,    0,    0,    0,   -2,    0,    0,    0,    0,    0,    0,    0,    0,    0,    0,    0,    0,   -8,   -6,   -8,   -6,   -8,   -6,   -5,   -5,   -5,   -3,   -9,   -6,   -5,   -7,   -1,   -5,   -6,   -7,   -5,   -6,   -8,    0,   -6,   -3,   -3,   -3,    0,   -5,   -5,    0,   -7,    0,   -6,    0,   -7,    0,   -1,    0,   -5,    0,   -7,    0,   -5,   -5,   -7,    0,   -8,   -6,    0,   -5,    0,   -5,    0,   -5,   -5,   -3,    0,   -2,    0,   -8,    0,   -8,    0,   -6,   -6,   -5,    0,   -5,   -5,    0,   -8,   -8,   -5,   -5,   -5,   -6,    0,   -1,    0,    0,    0,    0,    0,    0,    0,    0,    0,    0,    0,    0,    0,    0,    0,    0,    0,
       0,    0,    0,    0,    0,    0,    0,    0,    0,    0,    0,    0,    0,    0,    0,    0,    0,    0,    0,    0,    0,    0,    0,    0,    0,    0,    0,    0,    0,    0,    0,    0,    0,    0,   17,    0,    0,    0,    0,    0,    0,    0,    0,    0,    0,    0,    0,    0,    0,    0,    0,    0,    0,    0,   15,    0,    0,    0,    0,    0,    0,    0,    0,    0,    0,    0,    0,    0,    0,    0,    0,    0,    0,    0,    0,    0,    0,    0,    0,    0,    0,    0,    0,    0,    0,    0,    0,    0,    0,    0,    0,    0,    0,    0,    0,    0,    0,    0,    0,    0,    0,    0,    0,    0,    0,    0,    0,    0,    0,    0,    0,    0,    0,    0,    0,    0,    0,    0,    0,    0,    0,    0,    0,    0,    0,    0,    0,    0,    0,    0,    0,    0,   -2,    0,    0,    0,    0,    0,    0,    0,    0,    0,    0,    0,    0,   -8,   -6,   -8,   -6,   -8,   -6,   -5,   -5,   -5,   -3,   -9,   -6,   -5,   -7,   -1,   -5,   -6,   -7,   -5,   -6,   -8,    0,   -6,   -3,   -3,   -3,    0,   -5,   -5,    0,   -7,    0,   -6,    0,   -7,    0,   -1,    0,   -5,    0,   -7,    0,   -5,   -5,   -7,    0,   -8,   -6,    0,   -5,    0,   -5,    0,   -5,   -5,   -3,    0,   -2,    0,   -8,    0,   -8,    0,   -6,   -6,   -5,    0,   -5,   -5,    0,   -8,   -8,   -5,   -5,   -5,   -6,    0,   -1,    0,    0,    0,    0,    0,    0,    0,    0,    0,    0,    0,    5,    5,    0,    0,    0,    0,
       0,    0,    0,    0,    0,   -6,   -6,    0,    0,    0,    0,    0,    0,    0,    0,    0,    0,    0,    0,    0,    0,    0,    0,    0,    0,    0,    0,    0,    0,    0,    0,    0,    0,    0,   -2,    0,    0,    0,    0,    0,    0,    0,    0,    0,    0,    0,    0,    0,    0,    0,    0,    0,    0,    0,   -2,    0,    0,    0,    0,    0,    0,    0,    0,    0,    0,    0,    0,    0,    0,    0,    0,    0,    0,    0,    0,    0,    0,    0,    0,    0,    0,    0,    0,    0,    0,    0,    0,    0,    0,    0,    0,    0,    0,    0,    0,    0,    0,    0,    0,    0,    0,    0,    0,    0,    0,    0,    0,    0,    0,    0,    0,    0,    0,    0,    0,    0,    0,    0,    0,    0,    0,    0,    0,    0,    0,    0,    0,   -1,   -1,   -1,   -2,   -1,   -7,   -3,   -1,   -5,   -7,   -2,   -1,   -1,   -2,   -1,   -1,   -1,   -5,   -6,   -5,   -6,   -5,   -6,   -6,   -7,   -5,   -5,   -5,  -20,   -8,   -2,   -5,   -5,   -5,   -3,   -4,   -5,  -11,   -6,    0,   -7,    0,    0,   -3,    0,   -5,   -2,    0,    0,    0,    0,    0,    0,    0,    0,    0,    0,    0,    0,    0,    0,    0,    0,   -1,    0,   -5,   -1,    0,   -1,   -2,   -1,   -2,    0,   -5,    0,    0,   -1,   -6,    0,   -6,   -1,   -4,   -4,   -7,    0,    0,   -5,   -1,   -6,   -6,   -5,   -2,   -2,   -3,   -2,   -5,    0,    0,    0,    0,    0,    0,    0,    0,    0,    0,   -8,    0,    0,    0,    0,    0,    0,
       0,  -42,    0,    0,  -41,    0,   -2,    0,    0,    0,    0,    0,    0,    0,    0,    0,    0,    0,    0,  -11,    0,    0,    0,    0,    0,    0,    0,    0,    0,    0,    0,    0,    0,  -21,  -10,    0,    0,    0,    0,    0,    0,    0,    0,    0,    0,    0,    0,    0,    0,    0,    0,    0,    0,    0,   -2,    0,    0,    0,    0,   -2,    0,    0,    0,    0,    0,    0,    0,    0,    0,    0,    0,    0,    0,    0,    0,    0,    0,    0,    0,    0,    0,    0,    0,    0,    0,    0,    0,    0,    0,    0,    0,    0,    0,    0,    0,    0,    0,    0,    0,    0,    0,    0,    0,    0,    0,    0,    0,    0,    0,    0,    0,    0,    0,    0,    0,    0,    0,    0,    0,    0,    0,    0,    0,    0,    0,    0,    0,    0,  -43,    0,    0,    0,    0,    0,  -26,   -4,    0,    0,    0,    0,    0,  -12,  -39,    0,    0,    0,   -1,    0,    0,    0,   -7,   -3,   -1,   -1,   -1,   -3,   -1,  -20,    0,  -10,   -1,   -1,  -23,   -6,   -1,    0,   -1,    0,   -1,   -1,   -1,   -1,   -1,  -20,    0,   -1,  -31,  -23,   -3,   -3,    0,   -7,    0,   -9,   -7,   -1,  -33,  -17,  -17,    0,    0,    0,    0,    0,  -27,  -45,  -19,  -74,  -19,  -27,   -1,   -1,   -1,    0,    0,   -7,    0,    0,    0,    0,   -3,    0,   -9,   -1,    0,    0,    0,   -6,  -20,  -20,   -1,    0,  -14,    0,    0,    0,    0,    0,    0,    0,    0,  -47,  -42,    0,  -48,  -51,  -12,    0,    0,    0,
       0,  -27,    0,    0,  -27,    0,    0,    0,    0,    0,    0,    0,    0,    0,    0,    0,    0,    0,    0,   -2,    0,    0,    0,    0,    0,    0,    0,    0,    0,    0,    0,    0,    0,  -17,   -2,    0,    0,    0,    0,    0,    0,    0,    0,    0,    0,    0,    0,    0,    0,    0,    0,    0,    0,    0,    0,    0,    0,    0,    0,    0,    0,    0,    0,    0,    0,    0,    0,    0,    0,    0,    0,    0,    0,    0,    0,    0,    0,    0,    0,    0,    0,    0,    0,    0,    0,    0,    0,    0,    0,    0,    0,    0,    0,    0,    0,    0,    0,    0,    0,    0,    0,    0,    0,    0,    0,    0,    0,    0,    0,    0,    0,    0,    0,    0,    0,    0,    0,    0,    0,    0,    0,    0,    0,    0,    0,    0,    0,    0,  -33,    0,    0,    0,    0,    0,  -16,    0,    0,    0,    0,    0,    0,   -8,  -32,    0,    0,    0,   -3,    0,    0,    0,   -1,    0,   -1,   -1,    0,    0,    0,  -19,    0,    0,   -1,   -1,  -18,    0,    0,    0,    0,    0,    0,    0,    0,    0,   -1,  -19,    0,    0,    0,    0,    0,    0,    0,    0,    0,    0,    0,    0,    0,    0,    0,    0,    0,    0,    0,    0,    0,    0,    0,    0,    0,    0,    0,    0,    0,    0,    0,    0,    0,    0,    0,    0,    0,    0,    0,   -1,    0,    0,    0,    0,  -19,  -19,   -1,    0,    0,    0,    0,    0,    0,    0,    0,    0,    0,  -28,  -27,    0,  -30,  -30,   -7,    0,    0,    0,
       0,    0,    0,    0,    0,    0,    0,    0,    0,    0,    0,    0,    0,    0,    0,    0,    0,    0,    0,    0,    0,    0,    0,    0,    0,    0,    0,    0,    0,    0,    0,    0,    0,    0,    0,    0,    0,    0,    0,    0,    0,    0,    0,    0,    0,    0,    0,    0,    0,    0,    0,    0,    0,    0,    0,    0,    0,    0,  -15,  -16,    0,    0,    0,    0,    0,    0,    0,    0,    0,    0,    0,    0,    0,    0,    0,    0,    0,    0,    0,    0,    0,    0,    0,    0,    0,    0,    0,    0,    0,    0,    0,    0,    0,    0,    0,    0,    0,    0,    0,    0,    0,    0,    0,    0,    0,    0,    0,    0,    0,    0,    0,    0,    0,    0,    0,    0,    0,    0,    0,    0,    0,    0,    0,    0,    0,    0,    0,    0,    0,  -15,    0,    0,    0,    0,    0,    0,    0,    0,    0,  -20,    0,    0,    0,    0,    0,  -14,  -22,  -20,   -7,  -20,    0,    0,  -17,  -17,   -6,    0,    0,  -26,  -15,    0,  -17,  -28,  -28,   -4,    0,  -20,    0,   -3,    0,    6,    0,    0,  -17,  -26,  -10,  -22,    0,  -26,    0,    0,    0,    0,    0,    0,    0,  -21,    0,  -27,  -27,  -19,   -2,    0,   -7,    0,  -29,    0,  -26,    0,  -26,  -30,   -6,  -26,  -22,    0,  -14,    0,  -20,   -5,  -15,  -15,    0,    0,  -28,  -17,  -15,  -20,  -20,   -4,  -26,  -26,  -28,    0,    0,    0,    0,    0,    0,    0,    0,    0,    0,    0,    0,    0,    0,    0,    0,    0,    0,    0,
       0,    0,    0,    0,    0,  -45,  -45,  -39,    0,    0,    0,    0,    0,    0,    0,    0,    0,  -18,  -17,    0,    0,    0,    0,    0,    0,    0,    0,    0,    0,    0,    0,    0,    0,    3,    4,    0,    0,    0,    0,    0,    0,    0,    0,    0,    0,    0,    0,    0,    0,    0,    0,    0,    0,    0,    0,    0,    0,    0,  -32,  -26,    0,    0,  -23,    0,    0,    0,    0,    0,    0,    0,    0,    0,    0,    0,    0,    0,    0,    0,    0,    0,    0,    0,    0,    0,    0,    0,    0,    0,    0,    0,    0,    0,    0,    0,    0,    0,    0,    0,    0,    0,    0,    0,    0,    0,    0,    0,    0,    0,    0,    0,    0,    0,    0,    0,    0,    0,    0,    0,    0,    0,    0,    0,    0,    0,    0,    0,    0,    0,    0,  -16,  -13,    0,  -44,  -37,    0,  -41,  -41,    0,   -8,  -17,    0,    0,    0,   -4,  -19,  -50,  -28,  -50,  -39,  -74,  -34,  -41,  -33,  -33,  -36,  -75,  -45,  -17,  -47,  -26,  -33,  -27,  -23,  -35,  -51,  -89,    8,  -47,    0,   18,    0,    5,  -33,  -32,  -13,  -31,   -5,  -18,  -41,  -73,   -2,  -25,    0,  -13,    0,  -34,    0,  -20,   -9,  -47,    0,  -49,  -39,    0,  -18,    0,  -18,    0,  -18,  -18,  -35,  -14,  -26,    0,  -50,  -51,  -90,  -11,  -41,  -70,  -58,    0,  -21,  -33,  -16,  -87,  -87,  -39,  -34,  -29,  -50,    0,  -26,    0,    0,    0,    0,    0,    0,    0,    0,    0,    0,  -45,    0,    0,    0,    0,    0,    0,
       0,  -37,    0,    0,  -35,    0,    0,    0,    0,    0,    0,    0,    0,    0,    0,    0,    0,    0,    0,  -10,    0,    0,    0,    0,    0,    0,    0,    0,    0,    0,    0,    0,    0,  -29,   -9,    0,    0,    0,    0,    0,    0,    0,    0,    0,    0,    0,    0,    0,    0,    0,    0,    0,    0,    0,   -2,    0,    0,    0,    0,  -11,    0,    0,    0,    0,    0,    0,    0,    0,    0,    0,    0,    0,    0,    0,    0,    0,    0,    0,    0,    0,    0,    0,    0,    0,    0,    0,    0,    0,    0,    0,    0,    0,    0,    0,    0,    0,    0,    0,    0,    0,    0,    0,    0,    0,    0,    0,    0,    0,    0,    0,    0,    0,    0,    0,    0,    0,    0,    0,    0,    0,    0,    0,    0,    0,    0,    0,    0,    0,  -36,  -14,   -4,    0,    0,    4,  -21,    0,    4,    0,    0,  -18,    0,  -33,  -34,   -3,    0,   -6,  -14,   -8,   -3,   -8,    0,    0,   -7,   -7,    0,    0,    0,  -21,   -6,    0,   -7,  -21,  -25,    0,    0,   -8,    0,    0,    0,    0,    0,    0,   -7,  -21,  -12,  -14,  -32,  -24,    0,    0,    0,    0,    0,    0,  -30,  -13,  -30,  -19,  -19,   -8,   -3,    0,   -3,    0,  -27,  -39,  -21,  -74,  -21,  -27,    0,  -18,  -15,    0,   -6,    0,   -8,  -11,   -6,   -6,    0,   -4,  -25,   -7,  -14,   -8,   -8,    0,  -21,  -21,  -21,    0,    0,    0,    0,    0,    0,    0,    0,    0,    0,  -37,  -35,    0,  -41,  -41,   -9,    0,    0,    0,
       0,    0,    0,    0,    0,    0,    0,    0,    0,    0,    0,    0,    0,    0,    0,    0,    0,    0,    0,    0,    0,    0,    0,    0,    0,    0,    0,    0,    0,    0,    0,    0,    0,    0,    0,    0,    0,    0,    0,    0,    0,    0,    0,    0,    0,    0,    0,    0,    0,    0,    0,    0,    0,    0,    0,    0,    0,    0,    0,    0,    0,    0,    0,    0,    0,    0,    0,    0,    0,    0,    0,    0,    0,    0,    0,    0,    0,    0,    0,    0,    0,    0,    0,    0,    0,    0,    0,    0,    0,    0,    0,    0,    0,    0,    0,    0,    0,    0,    0,    0,    0,    0,    0,    0,    0,    0,    0,    0,    0,    0,    0,    0,    0,    0,    0,    0,    0,    0,    0,    0,    0,    0,    0,    0,    0,    0,    0,    0,    0,    0,    0,    0,   -2,    0,    0,   -8,    0,    0,    0,    0,    0,    0,    0,    0,   -4,   -1,   -5,   -1,   -1,   -1,  -10,   -9,   -5,   -5,   -5,   -9,   -6,  -12,   -1,   -9,   -5,   -4,  -15,  -10,   -7,   -1,    0,   -6,   -1,   -1,   -1,    0,   -5,  -12,    0,   -6,   -2,  -14,   -6,   -8,    0,   -7,    0,  -10,    0,   -5,   -6,  -12,  -12,   -1,    0,   -7,   -1,    0,  -16,   -6,  -12,   -6,  -12,  -16,   -5,   -4,   -1,    0,   -1,  -12,   -1,    0,   -1,   -1,   -9,    0,   -9,   -5,    0,   -1,   -1,  -10,  -12,  -12,   -4,    0,   -5,    0,    0,    0,    0,    0,    0,    0,    0,    0,    0,    0,    0,    0,    0,    0,    0,    0,
       0,    0,    0,    0,    0,    0,    0,    0,    0,    0,    0,    0,    0,    0,    0,    0,    0,    0,    0,    0,    0,    0,    0,    0,    0,    0,    0,    0,    0,    0,    0,    0,    0,    0,   -3,    0,    0,    0,    0,    0,    0,    0,    0,    0,    0,    0,    0,    0,    0,    0,    0,    0,    0,    0,   -2,    0,    0,    0,    0,    0,    0,    0,    0,    0,    0,    0,    0,    0,    0,    0,    0,    0,    0,    0,    0,    0,    0,    0,    0,    0,    0,    0,    0,    0,    0,    0,    0,    0,    0,    0,    0,    0,    0,    0,    0,    0,    0,    0,    0,    0,    0,    0,    0,    0,    0,    0,    0,    0,    0,    0,    0,    0,    0,    0,    0,    0,    0,    0,    0,    0,    0,    0,    0,    0,    0,    0,    0,    0,   -7,    0,    0,    0,   -4,    0,   -7,   -7,   -1,   -4,    0,    0,   -6,    0,   -6,   -3,   -3,   -3,   -6,   -4,   -3,   -4,   -9,   -9,   -4,   -4,   -5,  -13,   -7,   -5,   -3,   -9,   -4,   -4,   -7,   -9,  -10,   -4,    0,   -8,   -4,   -4,   -4,    0,   -4,   -5,    0,   -6,    0,   -6,   -6,  -10,    0,   -6,   -4,  -11,    0,   -5,   -8,   -5,   -5,   -4,    0,  -10,   -3,    0,   -6,  -15,   -5,  -15,   -5,   -6,   -5,    0,   -3,    0,   -3,  -11,   -4,    0,   -1,   -1,   -9,    0,   -5,   -4,    0,   -4,   -4,   -9,   -5,   -5,   -4,   -3,   -6,    0,    0,    0,    0,    0,    0,    0,    0,    0,    0,    0,    0,    0,    0,    0,    0,    0,
       0,  -14,    0,    0,  -14,    0,    0,    0,    0,    0,    0,    0,    0,    0,    0,    0,    0,    0,    0,    0,    0,    0,    0,    0,    0,    0,    0,    0,    0,    0,    0,    0,    0,    0,    0,    0,    0,    0,    0,    0,    0,    0,    0,    0,    0,    0,    0,    0,    0,    0,    0,    0,    0,    0,    0,    0,    0,    0,  -11,  -12,    0,    0,    0,    0,    0,    0,    0,    0,    0,    0,    0,    0,    0,    0,    0,    0,    0,    0,    0,    0,    0,    0,    0,    0,    0,    0,    0,    0,    0,    0,    0,    0,    0,    0,    0,    0,    0,    0,    0,    0,    0,    0,    0,    0,    0,    0,    0,    0,    0,    0,    0,    0,    0,    0,    0,    0,    0,    0,    0,    0,    0,    0,    0,    0,    0,    0,    0,    0,  -13,  -10,    0,    0,    0,    0,  -10,    0,    0,    0,    0,  -13,    0,  -15,  -12,    0,    0,   -8,  -17,  -13,   -2,  -13,    0,   -1,  -11,  -11,   -5,    0,    0,  -24,   -9,    0,  -11,  -24,  -23,   -2,    0,  -13,   -2,   -1,   -4,   -4,   -4,   -2,  -11,  -24,   -8,  -17,  -11,  -23,    3,    0,    0,    0,    0,    0,  -15,  -16,  -17,  -25,  -25,  -12,   -4,    0,   -2,    0,  -23,  -21,  -26,  -21,  -26,  -23,   -5,  -14,  -14,    0,   -8,    0,  -13,   -6,   -9,   -9,   -1,    0,    0,  -11,  -10,  -13,  -13,   -2,  -24,  -24,  -24,    0,    0,    0,    0,    0,    0,    0,    0,    0,    0,  -14,  -14,    0,  -14,  -14,    0,    0,    0,    0,
       0,    0,    0,    0,    0,    0,    0,    0,    0,    0,    0,    0,    0,    0,    0,    0,    0,    0,    0,    0,    0,    0,    0,    0,    0,    0,    0,    0,    0,    0,    0,    0,    0,    0,    0,    0,    0,    0,    0,    0,    0,    0,    0,    0,    0,    0,    0,    0,    0,    0,    0,    0,    0,    0,    0,    0,    0,    0,  -15,  -15,    0,    0,    0,    0,    0,    0,    0,    0,    0,    0,    0,    0,    0,    0,    0,    0,    0,    0,    0,    0,    0,    0,    0,    0,    0,    0,    0,    0,    0,    0,    0,    0,    0,    0,    0,    0,    0,    0,    0,    0,    0,    0,    0,    0,    0,    0,    0,    0,    0,    0,    0,    0,    0,    0,    0,    0,    0,    0,    0,    0,    0,    0,    0,    0,    0,    0,    0,    0,    0,  -14,    0,    0,    0,    0,    0,    0,    0,    0,    0,  -20,    0,    0,    0,    0,    0,  -14,  -22,  -20,   -7,  -20,    0,    0,  -17,  -17,   -6,    0,    0,  -26,  -15,    0,  -17,  -28,  -28,   -4,    0,  -20,    0,   -3,    0,    5,    0,    0,  -17,  -26,  -10,  -22,    0,  -26,    0,    0,    0,    0,    0,    0,    0,  -22,    0,  -27,  -28,  -19,    0,    0,   -7,    0,  -28,    0,  -26,    0,  -26,  -30,   -6,  -26,  -22,    0,  -14,    0,  -20,   -5,  -14,  -14,    0,    0,  -28,  -17,  -14,  -20,  -20,   -4,  -26,  -26,  -28,    0,    0,    0,    0,    0,    0,    0,    0,    0,    0,    0,    0,    0,    0,    0,    0,    0,    0,    0,
       0,    0,    0,    0,    0,   -2,    0,    0,    0,    0,    0,    0,    0,    0,    0,    0,    0,    0,    0,    0,    0,    0,    0,    0,    0,    0,    0,    0,    0,    0,    0,    0,    0,    0,   -2,    0,    0,    0,    0,    0,    0,    0,    0,    0,    0,    0,    0,    0,    0,    0,    0,    0,    0,    0,   -2,    0,    0,    0,    0,    0,    0,    0,    0,    0,    0,    0,    0,    0,    0,    0,    0,    0,    0,    0,    0,    0,    0,    0,    0,    0,    0,    0,    0,    0,    0,    0,    0,    0,    0,    0,    0,    0,    0,    0,    0,    0,    0,    0,    0,    0,    0,    0,    0,    0,    0,    0,    0,    0,    0,    0,    0,    0,    0,    0,    0,    0,    0,    0,    0,    0,    0,    0,    0,    0,    0,    0,    0,    0,   -2,    0,    0,    0,   -4,    0,   -7,   -7,   -1,   -2,    0,    0,   -6,    0,   -1,    0,   -3,   -3,   -6,   -4,   -1,   -4,   -7,   -7,   -4,   -4,   -5,  -11,   -7,   -4,   -3,   -7,   -4,   -4,   -6,   -6,   -9,   -4,    0,   -7,   -5,   -5,   -5,    0,   -4,   -4,    0,   -6,    0,   -5,   -6,   -9,    0,   -5,   -1,   -9,    0,   -5,   -8,   -4,   -4,   -4,   -2,   -9,   -1,    0,   -5,  -15,   -4,  -15,   -4,   -5,   -5,    0,   -2,    0,   -3,  -10,   -4,    0,   -1,   -1,   -7,    0,   -4,   -4,    0,   -4,   -4,   -6,   -4,   -4,   -4,  -11,  -11,    0,    0,    0,    0,    0,    0,    0,    0,    0,    0,   -3,    0,    0,    0,    0,    0,    0,
       0,    0,    0,  -10,    0,  -13,  -12,    0,    0,    0,    0,    0,    0,    0,    0,    0,    0,    0,    0,    0,    0,    0,    0,    0,    0,    0,    0,    0,    0,    0,    0,    0,    0,    0,  -11,    0,    0,    0,    0,    0,    0,    0,    0,    0,    0,    0,    0,    0,    0,    0,    0,    0,    0,    0,  -10,    0,    0,    0,    0,    0,    0,    0,    0,    0,    0,    0,    0,    0,    0,    0,    0,    0,    0,    0,    0,    0,    0,    0,    0,    0,    0,    0,    0,    0,    0,    0,    0,    0,    0,    0,    0,    0,    0,    0,    0,    0,    0,    0,    0,    0,    0,    0,    0,    0,    0,    0,    0,    0,    0,    0,    0,    0,    0,    0,    0,    0,    0,    0,    0,    0,    0,    0,    0,    0,    0,    0,    0,    0,  -16,    0,    0,    0,  -15,   -9,  -18,  -11,  -12,  -13,   -7,    0,  -15,    0,  -15,   -8,   -6,   -3,   -1,   -1,   -4,   -1,   -6,   -7,   -1,   -1,   -4,  -23,  -10,   -1,   -1,  -11,   -1,    0,    0,   -5,   -9,   -1,    0,   -4,   -4,   -4,   -4,    0,   -1,   -1,    0,   -1,   -3,    0,  -11,  -22,   -8,  -10,  -11,   -6,    0,   -1,  -13,   -1,   -1,   -1,   -3,  -15,   -4,    0,   -1,  -25,   -3,  -46,   -3,    0,   -4,    0,    0,    0,   -3,  -17,   -1,    0,   -1,   -1,   -7,   -7,    0,   -1,    0,   -1,   -1,   -5,   -1,   -1,    0,  -22,  -17,    0,    0,    0,    0,    0,    0,    0,    0,   -2,   -1,  -14,  -10,  -10,    0,    0,    0,    0,
       0,    0,    0,    0,    0,  -46,  -48,  -21,    0,    0,    0,    0,    0,    0,    0,    0,    0,    0,    0,    0,    0,    0,    0,    0,    0,    0,    0,    0,    0,    0,    0,    0,    0,    0,   -2,    0,    0,    0,    0,    0,    0,    0,    0,    0,    0,    0,    0,    0,    0,    0,    0,    0,    0,    0,    0,    0,    0,    0,   -2,   -6,    0,    0,    0,    0,    0,    0,    0,    0,    0,    0,    0,    0,    0,    0,    0,    0,    0,    0,    0,    0,    0,    0,    0,    0,    0,    0,    0,    0,    0,    0,    0,    0,    0,    0,    0,    0,    0,    0,    0,    0,    0,    0,    0,    0,    0,    0,    0,    0,    0,    0,    0,    0,    0,    0,    0,    0,    0,    0,    0,    0,    0,    0,    0,    0,    0,    0,    0,    0,    0,    0,    0,    0,  -45,  -31,    0,  -27,  -36,  -12,   -5,    0,  -15,    0,    0,   -3,   -5,  -18,   -1,  -11,   -3,  -11,    0,   -4,   -1,   -1,   -4,  -48,  -18,    0,  -11,    0,   -1,    0,    0,    0,  -16,  -11,    3,   -6,   -1,   -1,   -1,    3,   -1,    0,    0,    0,    0,    0,  -28,  -47,  -13,   -1,   -3,    0,    0,   -1,   -7,    0,    0,   -7,    0,  -29,   -3,    0,    0,  -11,    0,  -11,    0,    0,   -4,    0,   -1,    0,  -18,  -41,  -11,    0,   -3,   -3,   -4,   -2,    0,   -1,    0,  -11,  -11,    0,    0,    0,    0,  -22,    0,    0,    0,    0,    0,    0,    0,    0,    0,    0,    0,  -46,    0,    0,    0,    0,    0,    0,
       0,    0,    0,    0,    0,    0,    0,    0,    0,    0,    0,    0,    0,    0,    0,    0,    0,    0,    0,    0,    0,    0,    0,    0,    0,    0,    0,    0,    0,    0,    0,    0,    0,    0,    0,    0,    0,    0,    0,    0,    0,    0,    0,    0,    0,    0,    0,    0,    0,    0,    0,    0,    0,    0,    0,    0,    0,    0,    0,   -9,    0,    0,    0,    0,    0,    0,    0,    0,    0,    0,    0,    0,    0,    0,    0,    0,    0,    0,    0,    0,    0,    0,    0,    0,    0,    0,    0,    0,    0,    0,    0,    0,    0,    0,    0,    0,    0,    0,    0,    0,    0,    0,    0,    0,    0,    0,    0,    0,    0,    0,    0,    0,    0,    0,    0,    0,    0,    0,    0,    0,    0,    0,    0,    0,    0,    0,    0,    0,    0,   -9,    0,    0,    0,    0,    0,    0,    0,    0,    0,  -13,    0,    0,    0,    0,    0,   -5,  -10,   -9,    0,   -9,   -2,    0,   -5,   -5,   -3,    0,   -3,   -7,   -7,    0,   -5,  -10,  -13,   -1,    0,   -9,   10,   -3,    0,   17,    0,   10,   -5,   -7,   -6,  -10,    0,   -9,    0,    0,    0,    0,    0,   -1,    0,   -8,    0,   -9,   -9,   -8,    0,    0,    0,    0,   -9,   -4,   -7,   -4,   -7,   -9,   -3,  -19,  -20,    0,   -5,   -7,   -9,    0,   -4,   -4,    0,    0,   -7,   -5,   -9,   -9,   -9,   -1,   -7,   -7,  -10,    0,    0,    0,    0,    0,    0,    0,    0,    0,    0,    0,    0,    0,    0,    0,    0,    0,    0,    0,
       0,    0,    0,    0,    0,  -35,  -35,  -30,    0,    0,    0,    0,    0,    0,    0,    0,    0,  -27,  -26,    0,    0,    0,    0,    0,    0,    0,    0,    0,    0,    0,    0,    0,    0,    0,    0,    0,    0,    0,    0,    0,    0,    0,    0,    0,    0,    0,    0,    0,    0,    0,    0,    0,    0,    0,    0,    0,    0,    0,  -39,  -32,    0,    0,  -36,    0,    0,    0,    0,    0,    0,    0,    0,    0,    0,    0,    0,    0,    0,    0,    0,    0,    0,    0,    0,    0,    0,    0,    0,    0,    0,    0,    0,    0,    0,    0,    0,    0,    0,    0,    0,    0,    0,    0,    0,    0,    0,    0,    0,    0,    0,    0,    0,    0,    0,    0,    0,    0,    0,    0,    0,    0,    0,    0,    0,    0,    0,    0,    0,    0,    0,  -10,    0,    0,  -34,  -26,    0,  -35,  -30,    0,    0,  -14,    0,    0,    0,    0,  -12,  -58,  -29,  -57,  -50,  -93,  -48,  -50,  -41,  -41,  -45,  -60,  -55,  -40,  -56,  -41,  -41,  -41,  -41,  -50,  -54, -102,    8,  -51,    0,   16,    0,    8,  -41,  -40,   -2,  -41,   -5,  -36,  -36,  -56,    0,  -43,    0,  -17,    0,  -43,    0,  -43,  -46,  -48,    0,  -54,  -50,    0,  -41,    0,  -41,    0,  -41,  -42,  -44,  -29,  -40,    0,  -58,  -46, -108,    0,  -50,  -84,  -71,    0,  -44,  -41,  -10, -100, -100,  -62,  -40,  -71,  -69,    0,  -41,    0,    0,    0,    0,    0,    0,    0,    0,    0,    0,  -35,    0,    0,    0,    0,    0,    0,
       0,    0,    0,  -11,    0,  -15,  -15,  -10,    0,    0,    0,    0,    0,    0,    0,    0,    0,    0,    0,   -7,    0,    0,    0,    0,    0,    0,    0,    0,    0,    0,    0,    0,    0,    0,  -13,    0,    0,    0,    0,    0,    0,    0,    0,    0,    0,    0,    0,    0,    0,    0,    0,    0,    0,    0,  -11,    0,    0,    0,    0,    0,    0,    0,    0,    0,    0,    0,    0,    0,    0,    0,    0,    0,    0,    0,    0,    0,    0,    0,    0,    0,    0,    0,    0,    0,    0,    0,    0,    0,    0,    0,    0,    0,    0,    0,    0,    0,    0,    0,    0,    0,    0,    0,    0,    0,    0,    0,    0,    0,    0,    0,    0,    0,    0,    0,    0,    0,    0,    0,    0,    0,    0,    0,    0,    0,    0,    0,    0,    0,  -19,    0,   -4,    0,  -24,  -18,  -21,  -14,  -23,  -19,  -12,    0,  -21,    0,  -19,  -13,   -9,   -4,   -1,   -1,   -5,   -1,   -5,   -6,   -1,   -1,   -3,  -25,  -11,    0,   -1,  -11,   -1,    0,    0,   -4,   -8,   -1,    0,   -3,   -3,   -3,   -3,    0,   -1,    0,    0,   -1,   -4,    0,  -14,  -25,  -11,  -10,  -15,   -5,    0,   -1,  -14,    0,    0,   -1,   -4,  -17,   -5,    0,    0,  -27,    0,  -23,    0,    0,   -4,    0,    0,    0,   -4,  -23,   -1,    0,   -1,   -1,   -6,  -12,    0,   -1,    0,   -1,   -1,   -4,    0,    0,    0,  -11,   -6,    0,    0,    0,    0,    0,    0,    0,    0,   -2,   -2,  -17,  -11,  -11,    0,    0,    0,    0,
       0,    0,    0,    0,    0,    0,    0,    0,    0,    0,    0,    0,    0,    0,    0,    0,    0,    0,    0,    0,    0,    0,    0,    0,    0,    0,    0,    0,    0,    0,    0,    0,    0,    0,    0,    0,    0,    0,    0,    0,    0,    0,    0,    0,    0,    0,    0,    0,    0,    0,    0,    0,    0,    0,    0,    0,    0,    0,  -14,  -15,    0,    0,    0,    0,    0,    0,    0,    0,    0,    0,    0,    0,    0,    0,    0,    0,    0,    0,    0,    0,    0,    0,    0,    0,    0,    0,    0,    0,    0,    0,    0,    0,    0,    0,    0,    0,    0,    0,    0,    0,    0,    0,    0,    0,    0,    0,    0,    0,    0,    0,    0,    0,    0,    0,    0,    0,    0,    0,    0,    0,    0,    0,    0,    0,    0,    0,    0,    0,    0,  -15,    0,    0,    0,    5,    0,    0,    5,    0,    0,  -21,    0,    0,    0,    0,    0,  -12,  -22,  -18,   -5,  -18,    0,    0,  -14,  -14,   -4,    0,    0,  -26,  -13,    0,  -14,  -27,  -29,   -1,    0,  -18,    0,    0,    0,    7,    0,    0,  -14,  -26,  -11,  -22,    0,  -25,    0,    0,    0,    0,    0,    0,    0,  -21,    0,  -26,  -25,  -17,    0,    0,   -5,    0,  -27,    0,  -26,    0,  -26,  -30,   -4,  -29,  -25,    0,  -12,    0,  -18,   -6,  -13,  -13,    0,    0,  -27,  -14,  -15,  -18,  -18,   -1,  -26,  -26,  -27,    0,    0,    0,    0,    0,    0,    0,    0,    0,    0,    0,    0,    0,    0,    0,    0,    0,    0,    0,
       0,  -14,    0,    0,  -14,    0,    0,    0,    0,    0,    0,    0,    0,    0,    0,    0,    0,    0,    0,    0,    0,    0,    0,    0,    0,    0,    0,    0,    0,    0,    0,    0,    0,    0,    0,    0,    0,    0,    0,    0,    0,    0,    0,    0,    0,    0,    0,    0,    0,    0,    0,    0,    0,    0,    0,    0,    0,    0,  -11,  -12,    0,    0,    0,    0,    0,    0,    0,    0,    0,    0,    0,    0,    0,    0,    0,    0,    0,    0,    0,    0,    0,    0,    0,    0,    0,    0,    0,    0,    0,    0,    0,    0,    0,    0,    0,    0,    0,    0,    0,    0,    0,    0,    0,    0,    0,    0,    0,    0,    0,    0,    0,    0,    0,    0,    0,    0,    0,    0,    0,    0,    0,    0,    0,    0,    0,    0,    0,    0,  -13,  -10,    0,    0,    0,    0,  -10,    0,    0,    0,    0,  -13,    0,  -15,  -12,    0,    0,   -8,  -17,  -13,   -2,  -13,    0,   -1,  -11,  -11,   -5,    0,    0,  -24,   -9,    0,  -11,  -24,  -23,   -2,    0,  -13,   -2,   -1,   -4,   -4,   -4,   -2,  -11,  -24,   -8,  -17,  -11,  -23,    1,    0,    0,    0,    0,    0,  -15,  -16,  -17,  -25,  -25,  -12,   -4,    0,   -2,    0,  -23,  -21,  -26,  -21,  -26,  -23,   -5,  -14,  -14,    0,   -8,    0,  -13,   -6,   -9,   -9,   -1,    0,    0,  -11,  -10,  -13,  -13,   -2,  -24,  -24,  -24,    0,    0,    0,    0,    0,    0,    0,    0,    0,    0,  -14,  -14,    0,  -14,  -14,    0,    0,    0,    0,
       0,    0,    0,    0,   -2,    0,    0,    0,    0,    0,    0,    0,    0,    0,    0,    0,    0,    0,    0,   -8,    0,    0,    0,    0,    0,    0,    0,    0,    0,    0,    0,    0,    0,  -13,  -12,    0,    0,    0,    0,    0,    0,    0,    0,    0,    0,    0,    0,    0,    0,    0,    0,    0,    0,    0,  -10,    0,    0,    0,    0,    0,    0,    0,    0,    0,    0,    0,    0,    0,    0,    0,    0,    0,    0,    0,    0,    0,    0,    0,    0,    0,    0,    0,    0,    0,    0,    0,    0,    0,    0,    0,    0,    0,    0,    0,    0,    0,    0,    0,    0,    0,    0,    0,    0,    0,    0,    0,    0,    0,    0,    0,    0,    0,    0,    0,    0,    0,    0,    0,    0,    0,    0,    0,    0,    0,    0,    0,    0,    0,    0,    0,    0,    0,    0,    0,    0,    0,    0,    0,    0,    0,    0,    0,    0,    0,    0,    0,    0,    0,    0,    0,    0,    0,    0,    0,    0,    0,    0,    0,    0,    0,    0,    0,    0,    0,    0,    0,    0,    0,    0,    0,    0,    0,    0,    0,    0,    0,    0,    0,    0,    0,    0,    0,    0,    0,    0,    0,    0,    0,    0,    0,    0,    0,    0,    0,    0,    0,    0,    0,    0,    0,    0,    0,    0,   -3,    0,    0,    0,    0,    0,    0,    0,    0,    0,    0,   -4,    0,    0,    0,    0,    0,    0,    0,    0,    0,    0,    0,    0,    0,    0,    0,    0,   -2,   -2,    0,  -11,  -11,   -8,    0,    0,    0,
       0,   -3,    0,    0,   -5,    0,    0,    0,    0,    0,    0,    0,    0,    0,    0,    0,    0,    0,    0,   -3,    0,    0,    0,    0,    0,    0,    0,    0,    0,    0,    0,    0,    0,    0,    0,    0,    0,    0,    0,    0,    0,    0,    0,    0,    0,    0,    0,    0,    0,    0,    0,    0,    0,    0,    0,    0,    0,    0,    0,    0,    0,    0,    0,    0,    0,    0,    0,    0,    0,    0,    0,    0,    0,    0,    0,    0,    0,    0,    0,    0,    0,    0,    0,    0,    0,    0,    0,    0,    0,    0,    0,    0,    0,    0,    0,    0,    0,    0,    0,    0,    0,    0,    0,    0,    0,    0,    0,    0,    0,    0,    0,    0,    0,    0,    0,    0,    0,    0,    0,    0,    0,    0,    0,    0,    0,    0,    0,    0,    0,    0,    0,    0,    0,    0,    0,    0,    0,    0,    0,    0,    0,    0,    0,    0,    0,    0,    0,    0,    0,    0,   -7,   -6,    0,    0,    0,  -11,   -2,   -9,    0,  -12,    0,    0,   -4,   -6,   -5,    0,    0,    0,    0,    5,    0,    0,    0,   -9,    0,    0,    0,   -6,    0,   -9,    0,   -9,    0,   -7,    0,    0,    0,   -7,   -7,    0,    0,   -6,    0,    0,   -6,    0,   -9,    0,   -9,   -6,    0,    0,    0,   -7,    0,    0,    0,    0,    0,    0,   -6,    0,   -3,    0,   -3,    0,    0,   -6,   -9,   -9,    0,    0,   -5,    0,    0,    0,    0,    0,    0,    0,    0,    0,    0,    0,    0,    0,   -2,    0,    0,    0,
       0,  -12,    0,  -12,  -14,    0,    0,    0,    0,    0,    0,    0,    0,    0,    0,    0,    0,    0,    0,  -14,    0,    0,    0,    0,    0,    0,    0,    0,    0,    0,    0,    0,    0,  -20,  -15,    0,    0,    0,    0,    0,    0,    0,    0,    0,    0,    0,    0,    0,    0,    0,    0,    0,    0,    0,  -13,    0,    0,    0,    0,    0,    0,    0,    0,    0,    0,    0,    0,    0,    0,    0,    0,    0,    0,    0,    0,    0,    0,    0,    0,    0,    0,    0,    0,    0,    0,    0,    0,    0,    0,    0,    0,    0,    0,    0,    0,    0,    0,    0,    0,    0,    0,    0,    0,    0,    0,    0,    0,    0,    0,    0,    0,    0,    0,    0,    0,    0,    0,    0,    0,    0,    0,    0,    0,    0,    0,    0,    0,    0,    0,    0,    0,    0,    0,    0,    0,    0,    0,    0,    0,    0,    0,    0,    0,    0,    0,    0,    0,    0,    0,    0,   -2,    0,    0,    0,    0,   -5,    0,   -8,    0,   -5,    0,    0,   -3,    0,   -1,    0,    0,    0,    0,    0,    0,    0,    0,   -8,    0,    0,    0,   -3,    0,   -4,    0,   -3,    0,   -3,    0,    0,    0,   -7,   -7,    0,    0,   -1,    0,    0,   -3,    0,   -8,    0,   -8,   -3,    0,    0,   -3,   -7,    0,    0,    0,    0,    0,    0,    0,    0,    0,    0,   -6,    0,    0,    0,   -8,   -8,    0,    0,   -4,    0,    0,    0,    0,    0,    0,    0,    0,  -14,  -11,    0,  -19,  -19,  -13,    0,    0,    0,
       0,  -10,    0,   -7,  -12,    0,    0,    0,    0,    0,    0,    0,    0,    0,    0,    0,    0,    0,    0,  -11,    0,    0,    0,    0,    0,    0,    0,    0,    0,    0,    0,    0,    0,  -18,  -13,    0,    0,    0,    0,    0,    0,    0,    0,    0,    0,    0,    0,    0,    0,    0,    0,    0,    0,    0,  -13,    0,    0,    0,    0,    0,    0,    0,    0,    0,    0,    0,    0,    0,    0,    0,    0,    0,    0,    0,    0,    0,    0,    0,    0,    0,    0,    0,    0,    0,    0,    0,    0,    0,    0,    0,    0,    0,    0,    0,    0,    0,    0,    0,    0,    0,    0,    0,    0,    0,    0,    0,    0,    0,    0,    0,    0,    0,    0,    0,    0,    0,    0,    0,    0,    0,    0,    0,    0,    0,    0,    0,    0,    0,    0,    0,    0,    0,    0,    0,    0,    0,    0,    0,    0,    0,    0,    0,    0,    0,    0,    0,    0,   -1,    0,   -1,    0,    0,    0,    0,    0,   -1,    0,   -6,    0,    0,    0,    0,   -1,    0,    0,   -1,    0,    0,    0,    0,    0,    0,    0,   -6,    0,   -1,    0,   -1,    0,    0,    0,    0,    0,    0,    0,    0,    0,   -6,   -6,    0,    0,    0,    0,    0,   -1,    0,   -6,    0,   -6,   -1,    0,    0,    0,   -6,    0,    0,   -1,    0,    0,    0,    0,    0,    0,    0,   -5,   -1,   -1,    0,   -6,   -6,    0,    0,    0,    0,    0,    0,    0,    0,    0,    0,    0,  -12,  -10,    0,  -18,  -18,  -11,    0,    0,    0,
       0,   -5,    0,  -12,   -7,    0,    0,   -8,    0,    0,    0,    0,    0,    0,    0,    0,    0,    0,    0,   -8,    0,    0,    0,    0,    0,    0,    0,    0,    0,    0,    0,    0,    0,  -11,  -13,    0,    0,    0,    0,    0,    0,    0,    0,    0,    0,    0,    0,    0,    0,    0,    0,    0,    0,    0,  -12,    0,    0,    0,    0,    0,    0,    0,    0,    0,    0,    0,    0,    0,    0,    0,    0,    0,    0,    0,    0,    0,    0,    0,    0,    0,    0,    0,    0,    0,    0,    0,    0,    0,    0,    0,    0,    0,    0,    0,    0,    0,    0,    0,    0,    0,    0,    0,    0,    0,    0,    0,    0,    0,    0,    0,    0,    0,    0,    0,    0,    0,    0,    0,    0,    0,    0,    0,    0,    0,    0,    0,    0,    0,    0,    0,    0,    0,    0,    0,    0,    0,    0,    0,    0,    0,    0,    0,    0,    0,    0,    0,    0,    0,    0,    0,   -3,   -3,    0,    0,    0,  -13,   -3,   -3,    0,   -8,    0,    0,    0,   -1,   -5,    0,    0,    0,    0,    0,    0,    0,    0,   -3,    0,    0,    0,    0,    0,  -11,    0,   -7,    0,   -3,    0,    0,    0,   -2,   -2,    0,    0,   -8,    0,    0,    0,    0,   -3,    0,   -3,    0,    0,    0,    0,   -7,    0,    0,    0,    0,    0,    0,   -3,    0,    0,    0,   -1,    0,    0,   -1,   -3,   -3,    0,    0,   -2,    0,    0,    0,    0,    0,    0,    0,    0,   -7,   -2,   -2,  -10,  -10,   -9,    0,    0,    0,
       0,  -11,    0,   -2,  -10,    0,    0,    0,    0,    0,    0,    0,    0,    0,    0,    0,    0,    0,    0,   -3,    0,    0,    0,    0,    0,    0,    0,    0,    0,    0,    0,    0,    0,  -14,   -3,    0,    0,    0,    0,    0,    0,    0,    0,    0,    0,    0,    0,    0,    0,    0,    0,    0,    0,    0,   -3,    0,    0,    0,    0,    0,    0,    0,    0,    0,    0,    0,    0,    0,    0,    0,    0,    0,    0,    0,    0,    0,    0,    0,    0,    0,    0,    0,    0,    0,    0,    0,    0,    0,    0,    0,    0,    0,    0,    0,    0,    0,    0,    0,    0,    0,    0,    0,    0,    0,    0,    0,    0,    0,    0,    0,    0,    0,    0,    0,    0,    0,    0,    0,    0,    0,    0,    0,    0,    0,    0,    0,    0,    0,    0,    0,    0,    0,    0,    0,    0,    0,    0,    0,    0,    0,    0,    0,    0,    0,    0,   -3,   -4,   -3,    0,   -3,    0,    0,   -3,   -3,    0,   -2,    0,   -8,   -2,   -2,   -3,   -3,   -4,    0,   -1,   -3,    0,    0,    0,    0,    0,    0,   -3,   -8,    0,   -4,    0,   -4,    0,    0,    0,    0,    0,    0,    0,   -4,    0,   -7,   -7,   -2,    0,    0,    0,    0,   -5,    0,   -8,    0,   -8,   -4,    0,    0,    0,   -2,   -3,    0,   -3,    0,   -2,   -2,    0,    0,   -5,   -3,   -2,   -3,   -3,    0,   -8,   -8,   -3,    0,   -2,    0,    0,    0,    0,    0,    0,    0,    0,  -14,   -9,    0,  -21,  -21,   -2,    0,    0,    0,
       0,    0,    0,    0,   -1,    0,    0,    0,    0,    0,    0,    0,    0,    0,    0,    0,    0,    0,    0,    0,    0,    0,    0,    0,    0,    0,    0,    0,    0,    0,    0,    0,    0,   -9,  -12,    0,    0,    0,    0,    0,    0,    0,    0,    0,    0,    0,    0,    0,    0,    0,    0,    0,    0,    0,  -10,    0,    0,    0,  -11,   -9,    0,    0,    0,    0,    0,    0,    0,    0,    0,    0,    0,    0,    0,    0,    0,    0,    0,    0,    0,    0,    0,    0,    0,    0,    0,    0,    0,    0,    0,    0,    0,    0,    0,    0,    0,    0,    0,    0,    0,    0,    0,    0,    0,    0,    0,    0,    0,    0,    0,    0,    0,    0,    0,    0,    0,    0,    0,    0,    0,    0,    0,    0,    0,    0,    0,    0,    0,    0,    0,    0,    0,    0,    0,    0,    0,    0,    0,    0,    0,    0,    0,    0,    0,    0,    0,   -7,    0,   -7,    0,   -7,    0,    0,    0,    0,    0,   -1,    0,    0,   -5,    0,    0,    0,    0,    0,    0,   -7,    0,    0,    0,    0,    0,    0,    0,    0,    0,    0,    0,    0,    0,    0,    0,    0,    0,    0,    0,    0,    0,    0,    0,   -5,    0,    0,    0,    0,    0,    0,    0,    0,    0,    0,    0,    0,   -4,   -6,   -7,    0,   -7,    0,    0,    0,    0,    0,    0,    0,   -5,   -7,   -7,    0,    0,    0,    0,    0,    0,    0,    0,    0,    0,    0,    0,    0,    0,   -2,   -2,    0,   -9,   -9,    0,    0,    0,    0,
       0,  -11,    0,  -11,  -13,    0,    0,    0,    0,    0,    0,    0,    0,    0,    0,    0,    0,    0,    0,  -13,    0,    0,    0,    0,    0,    0,    0,    0,    0,    0,    0,    0,    0,  -18,  -15,    0,    0,    0,    0,    0,    0,    0,    0,    0,    0,    0,    0,    0,    0,    0,    0,    0,    0,    0,  -13,    0,    0,    0,    0,    0,    0,    0,    0,    0,    0,    0,    0,    0,    0,    0,    0,    0,    0,    0,    0,    0,    0,    0,    0,    0,    0,    0,    0,    0,    0,    0,    0,    0,    0,    0,    0,    0,    0,    0,    0,    0,    0,    0,    0,    0,    0,    0,    0,    0,    0,    0,    0,    0,    0,    0,    0,    0,    0,    0,    0,    0,    0,    0,    0,    0,    0,    0,    0,    0,    0,    0,    0,    0,    0,    0,    0,    0,    0,    0,    0,    0,    0,    0,    0,    0,    0,    0,    0,    0,    0,    0,    0,    0,    0,    0,    0,    0,    0,    0,    0,   -5,    0,   -7,    0,   -4,    0,    0,   -1,    0,   -1,    0,    0,    0,    0,    0,    0,    0,    0,   -7,    0,    0,    0,   -1,    0,   -5,    0,   -3,    0,   -1,    0,    0,    0,   -5,   -5,    0,    0,   -1,    0,    0,   -1,    0,   -7,    0,   -7,   -1,    0,    0,    0,   -7,    0,    0,    0,    0,    0,    0,    0,    0,    0,    0,   -5,    0,    0,    0,   -7,   -7,    0,    0,   -8,    0,    0,    0,    0,    0,    0,    0,    0,  -13,  -10,    0,  -18,  -18,  -13,    0,    0,    0,
       0,    0,    0,    0,   -2,    0,    0,    0,    0,    0,    0,    0,    0,    0,    0,    0,    0,    0,    0,   -7,    0,    0,    0,    0,    0,    0,    0,    0,    0,    0,    0,    0,    0,  -12,  -11,    0,    0,    0,    0,    0,    0,    0,    0,    0,    0,    0,    0,    0,    0,    0,    0,    0,    0,    0,  -10,    0,    0,    0,    0,    0,    0,    0,    0,    0,    0,    0,    0,    0,    0,    0,    0,    0,    0,    0,    0,    0,    0,    0,    0,    0,    0,    0,    0,    0,    0,    0,    0,    0,    0,    0,    0,    0,    0,    0,    0,    0,    0,    0,    0,    0,    0,    0,    0,    0,    0,    0,    0,    0,    0,    0,    0,    0,    0,    0,    0,    0,    0,    0,    0,    0,    0,    0,    0,    0,    0,    0,    0,    0,    0,    0,    0,    0,    0,    0,    0,    0,    0,    0,    0,    0,    0,    0,    0,    0,    0,    0,    0,    0,    0,    0,    0,    0,    0,    0,    0,    0,    0,    0,    0,    0,    0,    0,    0,    0,    0,    0,    0,    0,    0,    0,    0,    0,    0,    0,    0,    0,    0,    0,    0,    0,    0,    0,    0,    0,    0,    0,    0,    0,    0,    0,    0,    0,    0,    0,    0,    0,    0,    0,    0,    0,    0,    0,    0,   -3,    0,    0,    0,    0,    0,    0,    0,    0,    0,    0,   -5,    0,    0,    0,    0,    0,    0,    0,    0,    0,    0,    0,    0,    0,    0,    0,    0,   -2,    0,    0,   -9,   -9,   -7,    0,    0,    0,
       0,    0,    0,    0,    0,    0,    0,    0,    0,    0,    0,    0,    0,    0,    0,    0,    0,    0,    0,    0,    0,    0,    0,    0,    0,    0,    0,    0,    0,    0,    0,    0,    0,   -9,  -11,    0,    0,    0,    0,    0,    0,    0,    0,    0,    0,    0,    0,    0,    0,    0,    0,    0,    0,    0,   -9,    0,    0,    0,  -11,   -9,    0,    0,    0,    0,    0,    0,    0,    0,    0,    0,    0,    0,    0,    0,    0,    0,    0,    0,    0,    0,    0,    0,    0,    0,    0,    0,    0,    0,    0,    0,    0,    0,    0,    0,    0,    0,    0,    0,    0,    0,    0,    0,    0,    0,    0,    0,    0,    0,    0,    0,    0,    0,    0,    0,    0,    0,    0,    0,    0,    0,    0,    0,    0,    0,    0,    0,    0,    0,    0,    0,    0,    0,    0,    0,    0,    0,    0,    0,    0,    0,    0,    0,    0,    0,    0,   -8,   -4,   -9,    0,   -9,    0,    0,    0,    0,    0,    0,    0,    0,   -7,    0,    0,    0,    0,    0,    0,   -9,    0,    0,    0,    0,    0,    0,    0,    0,    0,   -3,    0,    0,    0,    0,    0,    0,    0,    0,    0,   -3,    0,    0,    0,   -7,    0,    0,    0,    0,    0,    0,    0,    0,    0,    0,    0,    0,   -9,   -5,   -8,    0,   -9,    0,   -3,   -3,    0,    0,    0,    0,   -7,   -9,   -9,    0,    0,    0,    0,    0,    0,    0,    0,    0,    0,    0,    0,    0,    0,    0,    0,    0,   -6,   -6,    0,    0,    0,    0,
       0,  -16,    0,  -14,  -18,    0,    0,    0,    0,    0,    0,    0,    0,    0,    0,    0,    0,    0,    0,  -16,    0,    0,    0,    0,    0,    0,    0,    0,    0,    0,    0,    0,    0,  -21,  -16,    0,    0,    0,    0,    0,    0,    0,    0,    0,    0,    0,    0,    0,    0,    0,    0,    0,    0,    0,  -15,    0,    0,    0,    0,    0,    0,    0,    0,    0,    0,    0,    0,    0,    0,    0,    0,    0,    0,    0,    0,    0,    0,    0,    0,    0,    0,    0,    0,    0,    0,    0,    0,    0,    0,    0,    0,    0,    0,    0,    0,    0,    0,    0,    0,    0,    0,    0,    0,    0,    0,    0,    0,    0,    0,    0,    0,    0,    0,    0,    0,    0,    0,    0,    0,    0,    0,    0,    0,    0,    0,    0,    0,    0,    0,    0,    0,    0,    0,    0,    0,    0,    0,    0,    0,    0,    0,    0,    0,    0,    0,    0,    0,    0,    0,    0,   -7,   -6,    0,    0,    0,  -11,   -2,  -10,    0,  -12,    0,    0,   -6,   -6,   -5,    0,    0,    0,    0,    0,    0,    0,    0,  -10,    0,    0,    0,   -7,    0,   -8,    0,   -9,    0,   -7,    0,    0,    0,   -8,   -8,    0,    0,   -5,    0,    0,   -8,    0,   -9,    0,   -9,   -8,    0,    0,    0,   -8,    0,    0,    0,    0,    0,    0,   -6,    0,   -4,    0,   -3,    0,    0,   -6,  -10,  -10,    0,    0,  -17,    0,    0,    0,    0,    0,    0,    0,    0,  -19,  -16,    0,  -24,  -24,  -16,    0,    0,    0,
       0,  -12,    0,   -2,  -14,    0,    0,    0,    0,    0,    0,    0,    0,    0,    0,    0,    0,    0,    0,  -13,    0,    0,    0,    0,    0,    0,    0,    0,    0,    0,    0,    0,    0,  -19,  -13,    0,    0,    0,    0,    0,    0,    0,    0,    0,    0,    0,    0,    0,    0,    0,    0,    0,    0,    0,  -12,    0,    0,    0,    0,    0,    0,    0,    0,    0,    0,    0,    0,    0,    0,    0,    0,    0,    0,    0,    0,    0,    0,    0,    0,    0,    0,    0,    0,    0,    0,    0,    0,    0,    0,    0,    0,    0,    0,    0,    0,    0,    0,    0,    0,    0,    0,    0,    0,    0,    0,    0,    0,    0,    0,    0,    0,    0,    0,    0,    0,    0,    0,    0,    0,    0,    0,    0,    0,    0,    0,    0,    0,    0,    0,    0,    0,    0,    0,    0,    0,    0,    0,    0,    0,    0,    0,    0,    0,    0,    0,    0,    0,    0,    0,    0,    0,    0,    0,    0,    0,    0,    0,   -7,    0,    0,    0,    0,   -4,    0,    0,    0,    0,    0,    0,    0,    0,    0,    0,   -7,    0,    0,    0,   -4,    0,    0,    0,    0,    0,    0,    0,    0,    0,   -6,   -6,    0,    0,    0,    0,    0,   -5,    0,   -7,    0,   -7,   -4,    0,    0,    0,   -5,    0,    0,    0,    0,    0,    0,    0,    0,   -1,    0,   -6,    0,    0,    0,   -7,   -7,    0,    0,    0,    0,    0,    0,    0,    0,    0,    0,    0,  -14,  -11,    0,  -19,  -19,  -13,    0,    0,    0,
       0,  -12,    0,  -14,  -14,    0,    0,    0,    0,    0,    0,    0,    0,    0,    0,    0,    0,    0,    0,  -15,    0,    0,    0,    0,    0,    0,    0,    0,    0,    0,    0,    0,    0,  -19,  -15,    0,    0,    0,    0,    0,    0,    0,    0,    0,    0,    0,    0,    0,    0,    0,    0,    0,    0,    0,  -14,    0,    0,    0,    0,    0,    0,    0,    0,    0,    0,    0,    0,    0,    0,    0,    0,    0,    0,    0,    0,    0,    0,    0,    0,    0,    0,    0,    0,    0,    0,    0,    0,    0,    0,    0,    0,    0,    0,    0,    0,    0,    0,    0,    0,    0,    0,    0,    0,    0,    0,    0,    0,    0,    0,    0,    0,    0,    0,    0,    0,    0,    0,    0,    0,    0,    0,    0,    0,    0,    0,    0,    0,    0,    0,    0,    0,    0,    0,    0,    0,    0,    0,    0,    0,    0,    0,    0,    0,    0,    0,    0,    0,    0,    0,    0,   -6,   -5,    0,    0,    0,  -11,   -2,   -7,    0,  -11,    0,    0,   -1,   -5,   -5,    0,    0,    0,    0,    0,    0,    0,    0,   -7,    0,    0,    0,   -4,    0,   -9,    0,   -9,    0,   -6,    0,    0,    0,   -6,   -6,    0,    0,   -6,    0,    0,   -4,    0,   -7,    0,   -7,   -4,    0,    0,    0,   -7,    0,    0,    0,    0,    0,    0,   -5,    0,   -1,    0,   -3,    0,    0,   -5,   -7,   -7,    0,    0,  -15,    0,    0,    0,    0,    0,    0,    0,    0,  -14,  -12,   -2,  -19,  -19,  -15,    0,    0,    0,
       0,   -8,    0,   -2,  -10,    0,    0,    0,    0,    0,    0,    0,    0,    0,    0,    0,    0,    0,    0,  -10,    0,    0,    0,    0,    0,    0,    0,    0,    0,    0,    0,    0,    0,  -15,  -13,    0,    0,    0,    0,    0,    0,    0,    0,    0,    0,    0,    0,    0,    0,    0,    0,    0,    0,    0,  -12,    0,    0,    0,   -7,   -8,    0,    0,    0,    0,    0,    0,    0,    0,    0,    0,    0,    0,    0,    0,    0,    0,    0,    0,    0,    0,    0,    0,    0,    0,    0,    0,    0,    0,    0,    0,    0,    0,    0,    0,    0,    0,    0,    0,    0,    0,    0,    0,    0,    0,    0,    0,    0,    0,    0,    0,    0,    0,    0,    0,    0,    0,    0,    0,    0,    0,    0,    0,    0,    0,    0,    0,    0,    0,    0,    0,    0,    0,    0,    0,    0,    0,    0,    0,    0,    0,    0,    0,    0,    0,    0,   -4,   -3,   -6,    0,   -6,    0,    0,    0,    0,    0,   -2,    0,   -3,   -4,    0,    0,    0,    0,    0,   -1,   -6,    0,    0,    0,    0,    0,    0,    0,   -3,    0,    0,    0,    0,    0,    0,    0,    0,    0,    0,    0,    0,    0,   -2,   -2,   -4,    0,    0,    0,    0,    0,    0,   -4,    0,   -4,    0,    0,    0,   -7,   -5,   -4,    0,   -6,    0,    0,    0,    0,    0,   -1,    0,   -8,   -6,   -6,    0,   -3,   -3,    0,    0,    0,    0,    0,    0,    0,    0,    0,    0,    0,  -11,   -3,    0,  -15,  -15,   -7,    0,    0,    0,
       0,    0,    0,   -2,    0,  -22,  -21,  -18,    0,    0,    0,    0,    0,    0,    0,    0,    0,    0,    0,    0,    0,    0,    0,    0,    0,    0,    0,    0,    0,    0,    0,    0,    0,    0,  -12,    0,    0,    0,    0,    0,    0,    0,    0,    0,    0,    0,    0,    0,    0,    0,    0,    0,    0,    0,  -10,    0,    0,    0,    0,    0,    0,    0,    0,    0,    0,    0,    0,    0,    0,    0,    0,    0,    0,    0,    0,    0,    0,    0,    0,    0,    0,    0,    0,    0,    0,    0,    0,    0,    0,    0,    0,    0,    0,    0,    0,    0,    0,    0,    0,    0,    0,    0,    0,    0,    0,    0,    0,    0,    0,    0,    0,    0,    0,    0,    0,    0,    0,    0,    0,    0,    0,    0,    0,    0,    0,    0,    0,    0,    0,    0,    0,    0,    0,    0,    0,    0,    0,    0,    0,    0,    0,    0,    0,    0,    0,  -11,    0,   -7,   -3,   -7,    0,   -3,    0,    0,    0,  -28,   -8,    0,   -7,    0,    0,    0,    0,    0,   -9,   -7,    0,   -6,    0,    0,    0,    0,    0,    0,    0,    0,    0,    2,    0,  -25,    0,    0,    0,    0,    0,    0,    0,    0,    0,   -6,    0,  -19,   -3,    0,    0,    0,    0,    0,    5,    0,    0,    0,    0,   -4,  -11,    0,   -7,    0,   -4,   -4,   -3,    0,    0,    0,    0,   -7,   -7,    0,    0,    0,    0,    0,    0,    0,    0,    0,    0,    0,    0,    0,    0,    0,    0,  -22,    0,    0,    0,    0,    0,    0,
       0,    0,    0,    0,    0,    0,    0,    0,    0,    0,    0,    0,    0,    0,    0,    0,    0,    0,    0,    0,    0,    0,    0,    0,    0,    0,    0,    0,    0,    0,    0,    0,    0,    0,   -2,    0,    0,    0,    0,    0,    0,    0,    0,    0,    0,    0,    0,    0,    0,    0,    0,    0,    0,    0,   -2,    0,    0,    0,  -13,  -10,    0,    0,    0,    0,    0,    0,    0,    0,    0,    0,    0,    0,    0,    0,    0,    0,    0,    0,    0,    0,    0,    0,    0,    0,    0,    0,    0,    0,    0,    0,    0,    0,    0,    0,    0,    0,    0,    0,    0,    0,    0,    0,    0,    0,    0,    0,    0,    0,    0,    0,    0,    0,    0,    0,    0,    0,    0,    0,    0,    0,    0,    0,    0,    0,    0,    0,    0,    0,    0,    0,    0,    0,    0,    0,    0,    0,    0,    0,    0,    0,    0,    0,    0,    0,    0,  -10,   -3,  -11,    0,  -11,    0,    0,    0,    0,    0,    0,    0,    0,   -9,    0,    0,    0,    0,    0,    0,  -11,    0,    0,    0,    0,    0,    0,    0,    0,    0,    0,    0,    0,    0,    0,    0,    0,    0,    0,    0,    0,    0,    0,    0,   -9,    0,    0,    0,    0,    0,    0,    0,    0,    0,    0,    0,    0,   -9,   -1,  -10,    0,  -11,    0,   -5,   -5,    0,    0,    0,    0,   -7,  -11,  -11,    0,    0,    0,    0,    0,    0,    0,    0,    0,    0,    0,    0,    0,    0,    0,    0,    0,    0,    0,    0,    0,    0,    0,
       0,  -13,    0,    0,  -14,    0,    0,    0,    0,    0,    0,    0,    0,    0,    0,    0,    0,    0,    0,  -12,    0,    0,    0,    0,    0,    0,    0,    0,    0,    0,    0,    0,    0,  -23,    0,    0,    0,    0,    0,    0,    0,    0,    0,    0,    0,    0,    0,    0,    0,    0,    0,    0,    0,    0,    0,    0,    0,    0,   -7,   -7,    0,    0,    0,    0,    0,    0,    0,    0,    0,    0,    0,    0,    0,    0,    0,    0,    0,    0,    0,    0,    0,    0,    0,    0,    0,    0,    0,    0,    0,    0,    0,    0,    0,    0,    0,    0,    0,    0,    0,    0,    0,    0,    0,    0,    0,    0,    0,    0,    0,    0,    0,    0,    0,    0,    0,    0,    0,    0,    0,    0,    0,    0,    0,    0,    0,    0,    0,    0,    0,    0,    0,    0,    0,    0,    0,    0,    0,    0,    0,    0,    0,    0,    0,    0,    0,   -1,   -7,   -4,    0,   -4,    0,    0,   -1,   -1,    0,    0,    0,  -12,   -1,    0,   -1,  -10,  -10,    0,    0,   -4,    0,    0,    0,    0,    0,    0,   -1,  -12,    0,   -8,    0,   -9,    0,    0,    0,    0,    0,    0,    0,   -6,    0,  -11,  -11,   -3,    0,    0,    0,    0,  -10,    0,  -12,    0,  -12,  -10,    0,    0,  -13,   -7,   -1,    0,   -4,    0,    0,    0,    0,    0,  -10,   -1,  -17,   -4,   -4,    0,  -12,  -12,  -10,    0,    0,    0,    0,    0,    0,    0,    0,    0,    0,  -13,  -11,    0,  -18,  -18,  -10,    0,    0,    0,
       0,  -39,    0,  -13,  -39,    0,    0,    0,    0,    0,    0,    0,    0,    0,    0,    0,    0,    0,    0,  -17,    0,    0,    0,    0,    0,    0,    0,    0,    0,    0,    0,    0,    0,  -28,  -15,    0,    0,    0,    0,    0,    0,    0,    0,    0,    0,    0,    0,    0,    0,    0,    0,    0,    0,    0,  -14,    0,    0,    0,    0,    0,    0,    0,    0,    0,    0,    0,    0,    0,    0,    0,    0,    0,    0,    0,    0,    0,    0,    0,    0,    0,    0,    0,    0,    0,    0,    0,    0,    0,    0,    0,    0,    0,    0,    0,    0,    0,    0,    0,    0,    0,    0,    0,    0,    0,    0,    0,    0,    0,    0,    0,    0,    0,    0,    0,    0,    0,    0,    0,    0,    0,    0,    0,    0,    0,    0,    0,    0,    0,    0,    0,    0,    0,    0,    0,    0,    0,    0,    0,    0,    0,    0,    0,    0,    0,    0,    0,    0,    0,    0,    0,   -6,   -3,    0,    0,    0,   -6,    0,  -18,    0,   -8,    0,    0,  -20,   -5,   -2,    0,    0,    0,    0,    0,    0,    0,    0,  -18,    0,    0,    0,  -21,    0,   -5,    0,   -4,    0,   -9,    0,    0,    0,  -15,  -15,    0,    0,   -1,    0,    0,  -28,    0,  -17,    0,  -17,  -29,    0,    0,   -1,   -7,    0,    0,    0,    0,    0,    0,   -3,    0,   -7,    0,   -5,    0,    0,   -5,  -18,  -18,    0,    0,  -11,    0,    0,    0,    0,    0,    0,    0,    0,  -40,  -39,    0,  -43,  -43,  -18,    0,    0,    0,
       0,  -20,    0,   -9,  -21,    0,    0,    0,    0,    0,    0,    0,    0,    0,    0,    0,    0,    0,    0,  -16,    0,    0,    0,    0,    0,    0,    0,    0,    0,    0,    0,    0,    0,  -22,  -11,    0,    0,    0,    0,    0,    0,    0,    0,    0,    0,    0,    0,    0,    0,    0,    0,    0,    0,    0,  -10,    0,    0,    0,    0,    0,    0,    0,    0,    0,    0,    0,    0,    0,    0,    0,    0,    0,    0,    0,    0,    0,    0,    0,    0,    0,    0,    0,    0,    0,    0,    0,    0,    0,    0,    0,    0,    0,    0,    0,    0,    0,    0,    0,    0,    0,    0,    0,    0,    0,    0,    0,    0,    0,    0,    0,    0,    0,    0,    0,    0,    0,    0,    0,    0,    0,    0,    0,    0,    0,    0,    0,    0,    0,    0,    0,    0,    0,    0,    0,    0,    0,    0,    0,    0,    0,    0,    0,    0,    0,    0,    0,    0,    0,    0,    0,   -3,   -1,    0,    0,    0,   -2,    0,  -13,    0,   -5,    0,    0,   -9,   -3,   -1,    0,    0,    0,    0,    0,    0,    0,    0,  -13,    0,    0,    0,    0,    0,    0,    0,    0,    0,    0,    0,    0,    0,    0,    0,    0,    0,    0,    0,    0,    0,    0,    0,    0,    0,    0,    0,    0,    0,    0,    0,    0,    0,    0,    0,    0,   -1,    0,    0,    0,    0,    0,    0,   -3,  -13,  -13,    0,    0,   -5,    0,    0,    0,    0,    0,    0,    0,    0,  -22,  -20,    0,  -25,  -25,  -16,    0,    0,    0,
       0,  -10,    0,   -4,  -12,    0,    0,    0,    0,    0,    0,    0,    0,    0,    0,    0,    0,    0,    0,  -11,    0,    0,    0,    0,    0,    0,    0,    0,    0,    0,    0,    0,    0,   -9,   -5,    0,    0,    0,    0,    0,    0,    0,    0,    0,    0,    0,    0,    0,    0,    0,    0,    0,    0,    0,   -7,    0,    0,    0,    0,    0,    0,    0,    0,    0,    0,    0,    0,    0,    0,    0,    0,    0,    0,    0,    0,    0,    0,    0,    0,    0,    0,    0,    0,    0,    0,    0,    0,    0,    0,    0,    0,    0,    0,    0,    0,    0,    0,    0,    0,    0,    0,    0,    0,    0,    0,    0,    0,    0,    0,    0,    0,    0,    0,    0,    0,    0,    0,    0,    0,    0,    0,    0,    0,    0,    0,    0,    0,    0,    0,    0,    0,    0,    0,    0,    0,    0,    0,    0,    0,    0,    0,    0,    0,    0,    0,    0,    0,   -1,    0,   -1,    0,    0,    0,    0,    0,   -1,    0,   -6,    0,    0,    0,    0,   -1,    0,    0,   -1,    0,    0,    0,    0,    0,    0,    0,   -6,    0,   -1,    0,   -1,    0,    0,    0,    0,    0,    0,    0,    0,    0,   -6,   -6,    0,    0,    0,    0,    0,   -1,    0,   -6,    0,   -6,   -1,    0,    0,    0,   -6,    0,    0,   -1,    0,    0,    0,    0,    0,    0,    0,   -5,   -1,   -1,    0,   -6,   -6,    0,    0,    0,    0,    0,    0,    0,    0,    0,    0,    0,  -12,  -10,    0,   -9,   -9,  -11,    0,    0,    0,
       0,   -8,    0,   -2,  -10,    0,    0,    0,    0,    0,    0,    0,    0,    0,    0,    0,    0,    0,    0,  -10,    0,    0,    0,    0,    0,    0,    0,    0,    0,    0,    0,    0,    0,  -15,  -13,    0,    0,    0,    0,    0,    0,    0,    0,    0,    0,    0,    0,    0,    0,    0,    0,    0,    0,    0,  -12,    0,    0,    0,    0,   -8,    0,    0,    0,    0,    0,    0,    0,    0,    0,    0,    0,    0,    0,    0,    0,    0,    0,    0,    0,    0,    0,    0,    0,    0,    0,    0,    0,    0,    0,    0,    0,    0,    0,    0,    0,    0,    0,    0,    0,    0,    0,    0,    0,    0,    0,    0,    0,    0,    0,    0,    0,    0,    0,    0,    0,    0,    0,    0,    0,    0,    0,    0,    0,    0,    0,    0,    0,    0,    0,    0,    0,    0,    0,    0,    0,    0,    0,    0,    0,    0,    0,    0,    0,    0,    0,   -3,   -2,   -5,    0,   -5,    0,    0,    0,    0,    0,   -2,    0,   -4,   -3,    0,    0,    0,    0,    0,   -1,   -5,    0,    0,    0,    0,    0,    0,    0,   -4,    0,    0,    0,    0,    0,    0,    0,    0,    0,    0,    0,    0,    0,    0,    0,    0,    0,    0,    0,    0,    0,    0,    0,    0,    0,    0,    0,    0,    0,    0,   -3,    0,   -5,    0,    0,    0,    0,    0,    0,    0,    0,   -5,   -5,    0,   -4,   -4,    0,    0,    0,    0,    0,    0,    0,    0,    0,    0,    0,  -10,   -3,    0,  -15,  -15,   -7,    0,    0,    0,
       0,    0,    0,  -10,   -8,    0,    0,    0,    0,    0,    0,    0,    0,    0,    0,    0,    0,    0,    0,   -8,    0,    0,    0,    0,    0,    0,    0,    0,    0,    0,    0,    0,    0,  -14,  -13,    0,    0,    0,    0,    0,    0,    0,    0,    0,    0,    0,    0,    0,    0,    0,    0,    0,    0,    0,  -11,    0,    0,    0,    0,    0,    0,    0,    0,    0,    0,    0,    0,    0,    0,    0,    0,    0,    0,    0,    0,    0,    0,    0,    0,    0,    0,    0,    0,    0,    0,    0,    0,    0,    0,    0,    0,    0,    0,    0,    0,    0,    0,    0,    0,    0,    0,    0,    0,    0,    0,    0,    0,    0,    0,    0,    0,    0,    0,    0,    0,    0,    0,    0,    0,    0,    0,    0,    0,    0,    0,    0,    0,    0,    0,    0,    0,    0,    0,    0,    0,    0,    0,    0,    0,    0,    0,    0,    0,    0,    0,    0,    0,    0,    0,    0,    0,    0,    0,    0,    0,   -5,    0,   -4,    0,    0,    0,    0,    0,    0,   -1,    0,    0,    0,    0,    0,    0,    0,    0,   -4,    0,    0,    0,    0,    0,    0,    0,    0,    0,    0,    0,    0,    0,    0,    0,    0,    0,    0,    0,    0,    0,    0,    0,    0,    0,    0,    0,    0,    0,    0,    0,    0,    0,    0,    0,    0,    0,    0,    0,    0,    0,    0,    0,    0,   -4,   -4,    0,    0,    0,    0,    0,    0,    0,    0,    0,    0,    0,   -9,   -2,    0,  -13,  -13,   -8,    0,    0,    0,
       0,    0,    0,    0,    0,    0,    0,    0,    0,    0,    0,    0,    0,    0,    0,    0,    0,    0,    0,    0,    0,    0,    0,    0,    0,    0,    0,    0,    0,    0,    0,    0,    0,    0,    0,    0,    0,    0,    0,    0,    0,    0,    0,    0,    0,    0,    0,    0,    0,    0,    0,    0,    0,    0,    0,    0,    0,    0,    0,    0,    0,    0,    0,    0,    0,    0,    0,    0,    0,    0,    0,    0,    0,    0,    0,    0,    0,    0,    0,    0,    0,    0,    0,    0,    0,    0,    0,    0,    0,    0,    0,    0,    0,    0,    0,    0,    0,    0,    0,    0,    0,    0,    0,    0,    0,    0,    0,    0,    0,    0,    0,    0,    0,    0,    0,    0,    0,    0,    0,    0,    0,    0,    0,    0,    0,    0,    0,    0,    0,    0,    0,    0,    0,    0,    0,    0,    0,    0,    0,    0,    0,    0,    0,    0,    0,    0,    0,    0,    0,    0,    0,    0,    0,    0,    0,    0,    0,    0,    0,    0,    0,    0,    0,    0,    0,    0,    0,    0,    0,    6,    0,    0,    0,    0,    0,    0,    0,    0,    0,    0,    0,    0,    0,    0,    0,    0,    0,    0,    0,    0,    0,    0,    0,    0,    0,    0,    0,    0,    0,    0,    0,    0,    0,    0,    0,    0,    0,    0,    0,    0,    0,    0,    0,    0,   -5,    0,    0,    0,    0,    0,    0,    0,    0,    0,    0,    0,    0,    0,    0,    0,    0,    0,    0,    0,    0,    0,    0,    0,    0,    0,
       0,   11,    0,    7,   17,    0,    0,    0,    0,    0,    0,    0,    0,    0,    0,    0,    0,    0,    0,   15,    0,    0,    0,    0,    0,    0,    0,    0,    0,    0,    0,    0,    0,    8,    8,    0,    0,    0,    0,    0,    0,    0,    0,    0,    0,    0,    0,    0,    0,    0,    0,    0,    0,    0,    8,    0,    0,    0,    0,    0,    0,    0,    0,    0,    0,    0,    0,    0,    0,    0,    0,    0,    0,    0,    0,    0,    0,    0,    0,    0,    0,    0,    0,    0,    0,    0,    0,    0,    0,    0,    0,    0,    0,    0,    0,    0,    0,    0,    0,    0,    0,    0,    0,    0,    0,    0,    0,    0,    0,    0,    0,    0,    0,    0,    0,    0,    0,    0,    0,    0,    0,    0,    0,    0,    0,    0,    0,    0,    0,    0,    0,    0,    0,    0,    0,    0,    0,    0,    0,    0,    0,    0,    0,    0,    0,    0,    0,    0,    0,    0,    0,    0,    0,    0,    0,    0,    0,    0,    0,    0,    0,    0,    0,    0,    0,    0,    0,    0,    7,   38,    7,    0,    0,    0,    0,    0,    0,    0,    0,    0,    0,    0,    0,    0,    0,    0,    0,    0,    0,    0,    0,    0,    0,    0,    0,    0,    0,    0,    0,    0,    0,    0,    0,    0,    0,    0,    0,    0,    0,    0,    0,    0,    0,    0,   -5,    0,    0,    0,    0,    0,    0,    0,    0,    0,    0,    0,    0,    0,    0,    0,    0,   15,    0,    0,   17,   17,    8,    0,    0,    0,
       0,    0,    0,    0,    0,    0,    0,    0,    0,    0,    0,    0,    0,    0,    0,    0,    0,    0,    0,    0,    0,    0,    0,    0,    0,    0,    0,    0,    0,    0,    0,    0,    0,    0,    0,    0,    0,    0,    0,    0,    0,    0,    0,    0,    0,    0,    0,    0,    0,    0,    0,    0,    0,    0,    0,    0,    0,    0,    0,    0,    0,    0,    0,    0,    0,    0,    0,    0,    0,    0,    0,    0,    0,    0,    0,    0,    0,    0,    0,    0,    0,    0,    0,    0,    0,    0,    0,    0,    0,    0,    0,    0,    0,    0,    0,    0,    0,    0,    0,    0,    0,    0,    0,    0,    0,    0,    0,    0,    0,    0,    0,    0,    0,    0,    0,    0,    0,    0,    0,    0,    0,    0,    0,    0,    0,    0,    0,    0,   -8,    0,    0,    0,    0,   -5,  -12,  -10,   -8,  -10,   -5,    0,  -11,    0,   -9,   -6,   -4,   -3,   -1,   -1,   -4,   -1,   -5,   -6,   -3,   -3,   -4,  -19,   -8,   -1,   -1,   -9,   -3,    0,    0,   -4,   -9,   -1,    0,    0,    0,    0,    0,    0,   -3,   -1,    0,    0,    0,    0,    0,    0,    0,    0,    0,    0,    0,    0,    0,    0,    0,    0,    0,    0,   -4,    0,    0,    0,    0,    0,    0,    0,    0,    0,    0,    0,   -3,    0,   -1,    0,    0,    0,   -6,    0,    0,   -3,    0,   -1,   -1,   -4,   -1,   -1,    0,  -11,   -9,    0,    0,    0,    0,    0,    0,    0,    0,    0,    0,    0,    0,    0,    0,    0,    0,    0,
       0,    0,    0,    0,    0,    0,    0,    0,    0,    0,    0,    0,    0,    0,    0,    0,    0,    0,    0,    0,    0,    0,    0,    0,    0,    0,    0,    0,    0,    0,    0,    0,    0,    0,    0,    0,    0,    0,    0,    0,    0,    0,    0,    0,    0,    0,    0,    0,    0,    0,    0,    0,    0,    0,    0,    0,    0,    0,    0,    0,    0,    0,    0,    0,    0,    0,    0,    0,    0,    0,    0,    0,    0,    0,    0,    0,    0,    0,    0,    0,    0,    0,    0,    0,    0,    0,    0,    0,    0,    0,    0,    0,    0,    0,    0,    0,    0,    0,    0,    0,    0,    0,    0,    0,    0,    0,    0,    0,    0,    0,    0,    0,    0,    0,    0,    0,    0,    0,    0,    0,    0,    0,    0,    0,    0,    0,    0,    0,    0,    0,    0,    0,    0,    0,    0,    0,    0,    0,    0,    0,    0,    0,    0,    0,    0,    0,    0,    0,    0,    0,   -1,   -4,    0,    0,    0,  -15,   -4,    0,    0,   -5,    0,    0,    0,    0,   -5,    0,    0,    0,    0,    0,    0,    0,    0,    0,    0,    0,    0,    0,    0,    0,    0,    0,    0,    0,    0,    0,    0,    0,    0,    0,    0,    0,    0,    0,    0,    0,    0,    0,    0,    0,    0,    0,    0,    0,    0,    0,    0,    0,    0,    0,   -4,    0,    0,    0,    0,    0,    0,    0,    0,    0,    0,    0,   -5,    0,    0,    0,    0,    0,    0,    0,    0,    0,    0,    0,    0,    0,    0,    0,    0,    0,
       0,    0,    0,    0,    0,    0,    0,    0,    0,    0,    0,    0,    0,    0,    0,    0,    0,    0,    0,    0,    0,    0,    0,    0,    0,    0,    0,    0,    0,    0,    0,    0,    0,    0,    0,    0,    0,    0,    0,    0,    0,    0,    0,    0,    0,    0,    0,    0,    0,    0,    0,    0,    0,    0,    0,    0,    0,    0,    0,    0,    0,    0,    0,    0,    0,    0,    0,    0,    0,    0,    0,    0,    0,    0,    0,    0,    0,    0,    0,    0,    0,    0,    0,    0,    0,    0,    0,    0,    0,    0,    0,    0,    0,    0,    0,    0,    0,    0,    0,    0,    0,    0,    0,    0,    0,    0,    0,    0,    0,    0,    0,    0,    0,    0,    0,    0,    0,    0,    0,    0,    0,    0,    0,    0,    0,    0,    0,    0,  -37,  -15,    0,    0,    0,    6,  -22,    0,    5,    0,    0,  -20,    0,  -34,  -36,   -4,    0,   -6,  -15,   -9,   -4,   -9,    0,    0,   -8,   -8,    0,    0,    0,  -23,   -7,    0,   -8,  -23,  -26,    0,    0,   -9,    0,    0,    0,    0,    0,    0,   -8,  -23,    0,    0,    0,    0,    0,    0,    0,    0,    0,    0,    0,    0,    0,    0,    0,    0,    0,    0,   -4,    0,    0,    0,    0,    0,    0,    0,    0,    0,    0,    0,   -6,    0,   -9,    0,    0,    0,    0,    0,    0,   -8,  -15,   -9,   -9,    0,  -23,  -23,  -23,    0,    0,    0,    0,    0,    0,    0,    0,    0,    0,    0,    0,    0,    0,    0,    0,    0,    0,    0,
       0,    0,    0,    0,    0,    0,    0,    0,    0,    0,    0,    0,    0,    0,    0,    0,    0,    0,    0,    0,    0,    0,    0,    0,    0,    0,    0,    0,    0,    0,    0,    0,    0,    0,    0,    0,    0,    0,    0,    0,    0,    0,    0,    0,    0,    0,    0,    0,    0,    0,    0,    0,    0,    0,    0,    0,    0,    0,    0,    0,    0,    0,    0,    0,    0,    0,    0,    0,    0,    0,    0,    0,    0,    0,    0,    0,    0,    0,    0,    0,    0,    0,    0,    0,    0,    0,    0,    0,    0,    0,    0,    0,    0,    0,    0,    0,    0,    0,    0,    0,    0,    0,    0,    0,    0,    0,    0,    0,    0,    0,    0,    0,    0,    0,    0,    0,    0,    0,    0,    0,    0,    0,    0,    0,    0,    0,    0,    0,    0,    0,    0,    0,    0,    0,    0,    0,    0,    0,    0,    0,    0,    0,    0,    0,    0,   -6,  -16,   -9,   -4,   -9,    0,    0,   -7,   -7,    0,    0,    0,  -25,   -7,    0,   -7,  -22,  -25,    0,    0,   -9,    0,    0,    0,    0,    0,    0,   -7,  -25,    0,    0,    0,    0,    0,    0,    0,    0,    0,    0,    0,    0,    0,    0,    0,    0,    0,    0,   -4,    0,    0,    0,    0,    0,    0,    0,    0,    0,    0,    0,   -6,    0,   -9,    0,    0,    0,    0,    0,    0,   -7,    0,   -9,   -9,    0,  -25,  -25,  -22,    0,    0,    0,    0,    0,    0,    0,    0,    0,    0,    0,    0,    0,    0,    0,    0,    0,    0,    0,
       0,    0,    0,    0,    0,    0,    0,    0,    0,    0,    0,    0,    0,    0,    0,    0,    0,    0,    0,    0,    0,    0,    0,    0,    0,    0,    0,    0,    0,    0,    0,    0,    0,    0,    0,    0,    0,    0,    0,    0,    0,    0,    0,    0,    0,    0,    0,    0,    0,    0,    0,    0,    0,    0,    0,    0,    0,    0,    0,    0,    0,    0,    0,    0,    0,    0,    0,    0,    0,    0,    0,    0,    0,    0,    0,    0,    0,    0,    0,    0,    0,    0,    0,    0,    0,    0,    0,    0,    0,    0,    0,    0,    0,    0,    0,    0,    0,    0,    0,    0,    0,    0,    0,    0,    0,    0,    0,    0,    0,    0,    0,    0,    0,    0,    0,    0,    0,    0,    0,    0,    0,    0,    0,    0,    0,    0,    0,    0,    0,  -10,    0,    0,    0,    0,    0,    0,    0,    0,    0,  -14,    0,    0,    0,    0,    0,   -8,  -20,  -12,   -4,  -12,    0,    0,  -12,  -12,   -4,    0,    0,  -30,   -9,    0,  -12,  -24,  -28,   -1,    0,  -12,    0,    0,    0,    0,    0,    0,  -12,  -30,    0,    0,    0,    0,    0,    0,    0,    0,    0,    0,    0,    0,    0,    0,    0,    0,    0,    0,   -4,    0,    0,    0,    0,    0,    0,    0,    0,    0,    0,    0,   -8,    0,  -12,    0,    0,    0,    0,    0,    0,  -12,  -10,  -12,  -12,   -1,  -30,  -30,  -24,    0,    0,    0,    0,    0,    0,    0,    0,    0,    0,    0,    0,    0,    0,    0,    0,    0,    0,    0,
       0,    0,    0,    0,    0,    0,    0,    0,    0,    0,    0,    0,    0,    0,    0,    0,    0,    0,    0,    0,    0,    0,    0,    0,    0,    0,    0,    0,    0,    0,    0,    0,    0,    0,    0,    0,    0,    0,    0,    0,    0,    0,    0,    0,    0,    0,    0,    0,    0,    0,    0,    0,    0,    0,    0,    0,    0,    0,    0,    0,    0,    0,    0,    0,    0,    0,    0,    0,    0,    0,    0,    0,    0,    0,    0,    0,    0,    0,    0,    0,    0,    0,    0,    0,    0,    0,    0,    0,    0,    0,    0,    0,    0,    0,    0,    0,    0,    0,    0,    0,    0,    0,    0,    0,    0,    0,    0,    0,    0,    0,    0,    0,    0,    0,    0,    0,    0,    0,    0,    0,    0,    0,    0,    0,    0,    0,    0,    0,    0,    0,    0,    0,    0,    0,    0,    0,    0,    0,    0,    0,    0,    0,    0,    0,    0,   -7,   -5,   -9,    0,   -9,    0,    0,    0,    0,    0,    0,    0,    0,   -6,    0,    0,    0,    0,    0,    0,   -9,    0,    0,    0,    0,    0,    0,    0,    0,    0,    0,    0,    0,    0,    0,    0,    0,    0,    0,    0,    0,    0,    0,    0,    0,    0,    0,    0,    0,    0,    0,    0,    0,    0,    0,    0,    0,    0,    0,   -7,    0,   -9,    0,    0,    0,    0,    0,    0,    0,    0,   -9,   -9,    0,    0,    0,    0,    0,    0,    0,    0,    0,    0,    0,    0,    0,    0,    0,    0,    0,    0,    0,    0,    0,    0,    0,
       0,    0,    0,    0,    0,    0,    0,    0,    0,    0,    0,    0,    0,    0,    0,    0,    0,    0,    0,    0,    0,    0,    0,    0,    0,    0,    0,    0,    0,    0,    0,    0,    0,    0,    0,    0,    0,    0,    0,    0,    0,    0,    0,    0,    0,    0,    0,    0,    0,    0,    0,    0,    0,    0,    0,    0,    0,    0,    0,    0,    0,    0,    0,    0,    0,    0,    0,    0,    0,    0,    0,    0,    0,    0,    0,    0,    0,    0,    0,    0,    0,    0,    0,    0,    0,    0,    0,    0,    0,    0,    0,    0,    0,    0,    0,    0,    0,    0,    0,    0,    0,    0,    0,    0,    0,    0,    0,    0,    0,    0,    0,    0,    0,    0,    0,    0,    0,    0,    0,    0,    0,    0,    0,    0,    0,    0,    0,    0,   -1,    0,    0,    0,    0,    0,   -7,   -2,   -1,   -4,    0,    0,   -6,    0,   -1,    0,   -3,   -3,   -6,   -3,   -1,   -3,   -7,   -7,   -4,   -4,   -5,  -13,   -8,   -1,   -3,   -7,   -4,   -3,   -6,   -7,   -9,   -3,    0,    0,    0,    0,    0,    0,   -4,   -1,    0,    0,    0,    0,    0,    0,    0,    0,    0,    0,    0,    0,    0,    0,    0,    0,    0,    0,   -1,    0,    0,    0,    0,    0,    0,    0,    0,    0,    0,    0,   -3,    0,   -3,    0,    0,    0,   -7,    0,    0,   -4,    0,   -3,   -3,   -7,   -1,   -1,   -3,   -6,   -7,    0,    0,    0,    0,    0,    0,    0,    0,    0,    0,    0,    0,    0,    0,    0,    0,    0,
       0,    0,    0,    0,    0,    0,    0,    0,    0,    0,    0,    0,    0,    0,    0,    0,    0,    0,    0,    0,    0,    0,    0,    0,    0,    0,    0,    0,    0,    0,    0,    0,    0,    0,    0,    0,    0,    0,    0,    0,    0,    0,    0,    0,    0,    0,    0,    0,    0,    0,    0,    0,    0,    0,    0,    0,    0,    0,    0,    0,    0,    0,    0,    0,    0,    0,    0,    0,    0,    0,    0,    0,    0,    0,    0,    0,    0,    0,    0,    0,    0,    0,    0,    0,    0,    0,    0,    0,    0,    0,    0,    0,    0,    0,    0,    0,    0,    0,    0,    0,    0,    0,    0,    0,    0,    0,    0,    0,    0,    0,    0,    0,    0,    0,    0,    0,    0,    0,    0,    0,    0,    0,    0,    0,    0,    0,    0,    0,    0,    0,    0,    0,    0,    0,    0,    0,    0,    0,    0,    0,    0,    0,    0,    0,    0,    0,    0,    0,    0,    0,    0,    0,    0,    0,    0,   -2,    0,   -6,    0,   -3,    0,    0,   -1,    0,   -1,    0,    0,    0,    0,    0,    0,    0,    0,   -6,    0,    0,    0,    0,    0,    0,    0,    0,    0,    0,    0,    0,    0,    0,    0,    0,    0,    0,    0,    0,    0,    0,    0,    0,    0,    0,    0,    0,    0,    0,    0,    0,    0,    0,    0,    0,    0,    0,    0,    0,    0,    0,    0,    0,   -6,   -6,    0,    0,   -3,    0,    0,    0,    0,    0,    0,    0,    0,    0,    0,    0,    0,    0,    0,    0,    0,    0,
       0,    0,    0,    0,    0,    0,    0,    0,    0,    0,    0,    0,    0,    0,    0,    0,    0,    0,    0,    0,    0,    0,    0,    0,    0,    0,    0,    0,    0,    0,    0,    0,    0,    0,    0,    0,    0,    0,    0,    0,    0,    0,    0,    0,    0,    0,    0,    0,    0,    0,    0,    0,    0,    0,    0,    0,    0,    0,    0,    0,    0,    0,    0,    0,    0,    0,    0,    0,    0,    0,    0,    0,    0,    0,    0,    0,    0,    0,    0,    0,    0,    0,    0,    0,    0,    0,    0,    0,    0,    0,    0,    0,    0,    0,    0,    0,    0,    0,    0,    0,    0,    0,    0,    0,    0,    0,    0,    0,    0,    0,    0,    0,    0,    0,    0,    0,    0,    0,    0,    0,    0,    0,    0,    0,    0,    0,    0,    0,    0,    0,    0,    0,    0,  -27,    0,  -25,  -31,    0,    0,    0,    0,    0,    0,    0,   -5,  -16,   -5,  -11,   -5,  -11,    0,   -5,   -5,   -5,   -6,  -41,  -21,    0,  -11,    0,   -5,    0,    0,    0,  -18,  -11,    0,    0,    0,    0,    0,    0,   -5,    0,    0,    0,    0,    0,    0,    0,    0,    0,    0,    0,    0,    0,    0,    0,    0,    0,    0,    0,   -5,    0,    0,    0,    0,    0,    0,    0,    0,    0,    0,    0,  -16,    0,  -11,    0,    0,    0,   -5,    0,    0,   -5,    0,  -11,  -11,    0,    0,    0,    0,    0,    0,    0,    0,    0,    0,    0,    0,    0,    0,    0,    0,    0,    0,    0,    0,    0,    0,    0,
       0,    0,    0,    0,    0,    0,    0,    0,    0,    0,    0,    0,    0,    0,    0,    0,    0,    0,    0,    0,    0,    0,    0,    0,    0,    0,    0,    0,    0,    0,    0,    0,    0,    0,    0,    0,    0,    0,    0,    0,    0,    0,    0,    0,    0,    0,    0,    0,    0,    0,    0,    0,    0,    0,    0,    0,    0,    0,    0,    0,    0,    0,    0,    0,    0,    0,    0,    0,    0,    0,    0,    0,    0,    0,    0,    0,    0,    0,    0,    0,    0,    0,    0,    0,    0,    0,    0,    0,    0,    0,    0,    0,    0,    0,    0,    0,    0,    0,    0,    0,    0,    0,    0,    0,    0,    0,    0,    0,    0,    0,    0,    0,    0,    0,    0,    0,    0,    0,    0,    0,    0,    0,    0,    0,    0,    0,    0,    0,    0,    0,    0,    0,    0,    0,    0,    0,    0,    0,    0,    0,    0,    0,    0,    0,    0,    0,    0,    0,    0,    0,   -3,   -4,    0,    0,    0,  -13,   -3,    0,    0,   -6,    0,    0,    0,   -3,   -5,    0,    0,    0,    0,    0,    0,    0,    0,    0,    0,    0,    0,    0,    0,    0,    0,    0,    0,    0,    0,    0,    0,    0,    0,    0,    0,    0,    0,    0,    0,    0,    0,    0,    0,    0,    0,    0,    0,    0,    0,    0,    0,    0,    0,    0,   -4,    0,    0,    0,    0,    0,    0,   -3,    0,    0,    0,    0,   -6,    0,    0,    0,    0,    0,    0,    0,    0,    0,    0,    0,    0,    0,    0,    0,    0,    0,
       0,    0,    0,    0,    0,    0,    0,    0,    0,    0,    0,    0,    0,    0,    0,    0,    0,    0,    0,    0,    0,    0,    0,    0,    0,    0,    0,    0,    0,    0,    0,    0,    0,    0,    0,    0,    0,    0,    0,    0,    0,    0,    0,    0,    0,    0,    0,    0,    0,    0,    0,    0,    0,    0,    0,    0,    0,    0,    0,    0,    0,    0,    0,    0,    0,    0,    0,    0,    0,    0,    0,    0,    0,    0,    0,    0,    0,    0,    0,    0,    0,    0,    0,    0,    0,    0,    0,    0,    0,    0,    0,    0,    0,    0,    0,    0,    0,    0,    0,    0,    0,    0,    0,    0,    0,    0,    0,    0,    0,    0,    0,    0,    0,    0,    0,    0,    0,    0,    0,    0,    0,    0,    0,    0,    0,    0,    0,    0,    0,  -13,    0,    0,    0,  -33,    0,  -38,  -37,    0,   -5,  -15,    0,    0,    0,   -1,  -15,  -50,  -26,  -47,  -46,  -80,  -39,  -46,  -41,  -41,  -39,  -75,  -46,  -26,  -45,  -32,  -41,  -32,  -31,  -41,  -48,  -85,    0,    0,    0,    0,    0,    0,  -41,  -26,    0,    0,    0,    0,    0,    0,    0,    0,    0,    0,    0,    0,    0,    0,    0,    0,    0,    0,  -46,    0,    0,    0,    0,    0,    0,    0,    0,    0,    0,    0,  -50,    0,  -47,    0,    0,    0,  -46,    0,    0,  -41,  -13,  -47,  -47,  -41,  -26,  -26,  -32,    0,  -32,    0,    0,    0,    0,    0,    0,    0,    0,    0,    0,    0,    0,    0,    0,    0,    0,    0,
       0,    0,    0,    0,    0,    0,    0,    0,    0,    0,    0,    0,    0,    0,    0,    0,    0,    0,    0,    0,    0,    0,    0,    0,    0,    0,    0,    0,    0,    0,    0,    0,    0,    0,    0,    0,    0,    0,    0,    0,    0,    0,    0,    0,    0,    0,    0,    0,    0,    0,    0,    0,    0,    0,    0,    0,    0,    0,    0,    0,    0,    0,    0,    0,    0,    0,    0,    0,    0,    0,    0,    0,    0,    0,    0,    0,    0,    0,    0,    0,    0,    0,    0,    0,    0,    0,    0,    0,    0,    0,    0,    0,    0,    0,    0,    0,    0,    0,    0,    0,    0,    0,    0,    0,    0,    0,    0,    0,    0,    0,    0,    0,    0,    0,    0,    0,    0,    0,    0,    0,    0,    0,    0,    0,    0,    0,    0,    0,    0,    0,    0,    0,    0,    0,    0,    0,    0,    0,    0,    0,    0,    0,    0,    0,    0,  -14,    0,  -10,   -6,  -10,   -1,   -4,    0,    0,    0,  -32,   -9,    0,   -9,    0,    0,    0,    0,   -1,  -10,  -10,    0,    0,    0,    0,    0,    0,    0,    0,    0,    0,    0,    0,    0,    0,    0,    0,    0,    0,    0,    0,    0,    0,    0,    0,    0,    0,   -6,    0,    0,    0,    0,    0,    0,    0,    0,    0,    0,    0,  -14,    0,  -10,    0,    0,    0,   -4,    0,    0,    0,    0,  -10,  -10,   -1,    0,    0,    0,    0,    0,    0,    0,    0,    0,    0,    0,    0,    0,    0,    0,    0,    0,    0,    0,    0,    0,    0,
       0,    0,    0,   -2,    0,  -22,  -21,  -18,    0,    0,    0,    0,    0,    0,    0,    0,    0,    0,    0,    0,    0,    0,    0,    0,    0,    0,    0,    0,    0,    0,    0,    0,    0,    0,  -12,    0,    0,    0,    0,    0,    0,    0,    0,    0,    0,    0,    0,    0,    0,    0,    0,    0,    0,    0,  -10,    0,    0,    0,    0,    0,    0,    0,    0,    0,    0,    0,    0,    0,    0,    0,    0,    0,    0,    0,    0,    0,    0,    0,    0,    0,    0,    0,    0,    0,    0,    0,    0,    0,    0,    0,    0,    0,    0,    0,    0,    0,    0,    0,    0,    0,    0,    0,    0,    0,    0,    0,    0,    0,    0,    0,    0,    0,    0,    0,    0,    0,    0,    0,    0,    0,    0,    0,    0,    0,    0,    0,    0,   -4,  -48,    0,    0,   -4,    0,  -26,  -22,  -22,  -30,  -25,  -15,    0,  -25,    0,  -45,  -10,  -13,  -11,    0,   -7,   -3,   -7,    0,   -3,    0,    0,    0,  -28,   -8,    0,   -7,    0,    0,    0,    0,    0,   -9,   -7,    0,   -6,    0,    0,    0,    0,    0,    0,    0,    0,    0,    2,    0,  -25,    0,    0,    0,    0,    0,    0,    0,    0,    0,   -6,   -4,  -19,   -3,   -4,    0,    0,    0,    0,    5,    0,    0,    0,    0,   -4,  -11,    0,   -7,    0,   -4,   -4,   -3,    0,    0,    0,    0,   -7,   -7,    0,    0,    0,    0,  -25,    0,    0,    0,    0,    0,    0,    0,    0,    0,    0,    0,  -22,    0,    0,    0,    0,    0,    0,
       0,    0,    0,    0,    0,    0,    0,    0,    0,    0,    0,    0,    0,    0,    0,    0,    0,    0,    0,    0,    0,    0,    0,    0,    0,    0,    0,    0,    0,    0,    0,    0,    0,    0,    0,    0,    0,    0,    0,    0,    0,    0,    0,    0,    0,    0,    0,    0,    0,    0,    0,    0,    0,    0,    0,    0,    0,    0,    0,    0,    0,    0,    0,    0,    0,    0,    0,    0,    0,    0,    0,    0,    0,    0,    0,    0,    0,    0,    0,    0,    0,    0,    0,    0,    0,    0,    0,    0,    0,    0,    0,    0,    0,    0,    0,    0,    0,    0,    0,    0,    0,    0,    0,    0,    0,    0,    0,    0,    0,    0,    0,    0,    0,    0,    0,    0,    0,    0,    0,    0,    0,    0,    0,    0,    0,    0,    0,    0,    0,    0,    0,    0,    0,    0,    0,    0,    0,    0,    0,    0,    0,    0,    0,    0,    0,    0,    0,    0,    0,    0,   -5,   -4,    0,    0,    0,   -8,    0,   -9,    0,   -9,    0,    0,   -4,   -4,   -1,    0,    0,    0,    0,    0,    0,    0,    0,   -9,    0,    0,    0,    0,    0,    0,    0,    0,    0,    0,    0,    0,    0,    0,    0,    0,    0,    0,    0,    0,    0,    0,    0,    0,    0,    0,    0,    0,    0,    0,    0,    0,    0,    0,    0,    0,   -4,    0,    0,    0,    0,    0,    0,   -4,   -9,   -9,    0,    0,   -9,    0,    0,    0,    0,    0,    0,    0,    0,    0,    0,    0,    0,    0,    0,    0,    0,    0,
       0,    0,    0,    0,    0,    0,    0,    0,    0,    0,    0,    0,    0,    0,    0,    0,    0,    0,    0,    0,    0,    0,    0,    0,    0,    0,    0,    0,    0,    0,    0,    0,    0,    0,    0,    0,    0,    0,    0,    0,    0,    0,    0,    0,    0,    0,    0,    0,    0,    0,    0,    0,    0,    0,    0,    0,    0,    0,    0,    0,    0,    0,    0,    0,    0,    0,    0,    0,    0,    0,    0,    0,    0,    0,    0,    0,    0,    0,    0,    0,    0,    0,    0,    0,    0,    0,    0,    0,    0,    0,    0,    0,    0,    0,    0,    0,    0,    0,    0,    0,    0,    0,    0,    0,    0,    0,    0,    0,    0,    0,    0,    0,    0,    0,    0,    0,    0,    0,    0,    0,    0,    0,    0,    0,    0,    0,    0,    0,    0,   -9,    0,    0,    0,   -4,    0,   -9,   -5,    0,   -1,  -11,    0,    0,    0,    0,   -4,  -27,  -12,  -27,  -13,  -27,   -9,  -13,  -13,  -13,  -14,  -23,  -19,    0,  -25,   -2,  -13,   -8,   -7,  -10,  -17,  -27,    0,    0,    0,    0,    0,    0,  -13,    0,    0,    0,    0,    0,    0,    0,    0,    0,    0,    0,    0,    0,    0,    0,    0,    0,    0,    0,  -13,    0,    0,    0,    0,    0,    0,    0,    0,    0,    0,    0,  -27,    0,  -27,    0,    0,    0,  -13,    0,    0,  -13,   -9,  -27,  -27,  -10,    0,    0,   -8,    0,   -2,    0,    0,    0,    0,    0,    0,    0,    0,    0,    0,    0,    0,    0,    0,    0,    0,    0,
       0,    0,    0,    0,    0,    0,    0,    0,    0,    0,    0,    0,    0,    0,    0,    0,    0,    0,    0,    0,    0,    0,    0,    0,    0,    0,    0,    0,    0,    0,    0,    0,    0,    0,    0,    0,    0,    0,    0,    0,    0,    0,    0,    0,    0,    0,    0,    0,    0,    0,    0,    0,    0,    0,    0,    0,    0,    0,    0,    0,    0,    0,    0,    0,    0,    0,    0,    0,    0,    0,    0,    0,    0,    0,    0,    0,    0,    0,    0,    0,    0,    0,    0,    0,    0,    0,    0,    0,    0,    0,    0,    0,    0,    0,    0,    0,    0,    0,    0,    0,    0,    0,    0,    0,    0,    0,    0,    0,    0,    0,    0,    0,    0,    0,    0,    0,    0,    0,    0,    0,    0,    0,    0,    0,    0,    0,    0,    0,    0,    0,    0,    0,    0,    0,    0,    0,    0,    0,    0,    0,    0,    0,    0,    0,    0,   -6,    0,   -6,    0,   -6,    0,    0,    0,    0,    0,   -4,   -1,    0,   -5,    0,    0,    0,    0,    0,   -1,   -6,    0,    0,    0,    0,    0,    0,    0,    0,    0,    0,    0,    0,    0,    0,    0,    0,    0,    0,    0,    0,    0,    0,    0,    0,    0,    0,    0,    0,    0,    0,    0,    0,    0,    0,    0,    0,    0,    0,   -6,    0,   -6,    0,    0,    0,    0,    0,    0,    0,    0,   -6,   -6,    0,    0,    0,    0,    0,    0,    0,    0,    0,    0,    0,    0,    0,    0,    0,    0,    0,    0,    0,    0,    0,    0,    0,
       0,    0,    0,    0,    0,    0,    0,    0,    0,    0,    0,    0,    0,    0,    0,    0,    0,    0,    0,    0,    0,    0,    0,    0,    0,    0,    0,    0,    0,    0,    0,    0,    0,    0,    0,    0,    0,    0,    0,    0,    0,    0,    0,    0,    0,    0,    0,    0,    0,    0,    0,    0,    0,    0,    0,    0,    0,    0,    0,    0,    0,    0,    0,    0,    0,    0,    0,    0,    0,    0,    0,    0,    0,    0,    0,    0,    0,    0,    0,    0,    0,    0,    0,    0,    0,    0,    0,    0,    0,    0,    0,    0,    0,    0,    0,    0,    0,    0,    0,    0,    0,    0,    0,    0,    0,    0,    0,    0,    0,    0,    0,    0,    0,    0,    0,    0,    0,    0,    0,    0,    0,    0,    0,    0,    0,    0,    0,    0,    0,   -3,    0,    0,   -2,    0,    0,    0,    0,    0,    0,   -4,    0,    0,    0,    0,   -2,  -18,   -9,  -18,  -14,  -18,  -13,  -13,  -11,  -11,  -10,  -21,  -15,  -13,   -9,   -5,  -11,  -14,   -9,  -13,   -9,  -18,    0,   -6,   -3,   -3,   -3,    0,  -11,  -13,    0,   -7,    0,   -6,    0,   -7,    0,   -1,    0,   -5,    0,   -7,    0,   -5,   -5,   -7,    0,   -8,  -14,    0,   -5,    0,   -5,    0,   -5,   -5,   -3,    0,   -2,    0,  -18,    0,  -18,    0,   -6,   -6,  -13,    0,   -5,  -11,   -3,  -18,  -18,  -13,  -13,  -13,  -14,    0,   -5,    0,    0,    0,    0,    0,    0,    0,    0,    0,    0,    0,    0,    0,    0,    0,    0,    0,
       0,    0,    0,    0,    3,  -28,  -28,  -23,    0,    0,    0,    0,    0,    0,    0,    0,    0,    0,    0,    0,    0,    0,    0,    0,    0,    0,    0,    0,    0,    0,    0,    0,    0,    0,    0,    0,    0,    0,    0,    0,    0,    0,    0,    0,    0,    0,    0,    0,    0,    0,    0,    0,    0,    0,    0,    0,    0,    0,  -11,   -5,    0,    0,    0,    0,    0,    0,    0,    0,    0,    0,    0,    0,    0,    0,    0,    0,    0,    0,    0,    0,    0,    0,    0,    0,    0,    0,    0,    0,    0,    0,    0,    0,    0,    0,    0,    0,    0,    0,    0,    0,    0,    0,    0,    0,    0,    0,    0,    0,    0,    0,    0,    0,    0,    0,    0,    0,    0,    0,    0,    0,    0,    0,    0,    0,    0,    0,    0,    0,    0,    0,    0,    0,    0,    0,    0,    0,    0,    0,    0,    0,    0,    0,    0,    0,    0,  -15,    0,   -9,    0,   -9,    0,    0,    0,    0,    0,  -31,   -8,    0,   -8,    0,    0,    0,    0,    0,   -7,   -9,    0,    0,    0,   26,    0,    0,    0,    0,    0,    0,    0,    0,    0,    0,    0,    0,    0,    0,    0,    0,    0,    0,    0,    0,    0,  -19,    0,    0,    0,    0,    0,    0,    0,    0,    0,    0,    0,    0,  -15,    0,   -9,    0,    0,    0,    0,    0,    0,    0,    0,   -9,   -9,    0,    0,    0,    0,    0,    0,    0,    0,    0,    0,    0,    0,    0,    0,    0,    0,  -28,    0,    0,    0,    0,    0,    0,
       0,    0,    0,    0,    0,  -46,  -47,  -39,    0,    0,    0,    0,    0,    0,    0,    0,    0,  -27,  -27,    0,    0,    0,    0,    0,    0,    0,    0,    0,    0,    0,    0,    0,    0,    0,    0,    0,    0,    0,    0,    0,    0,    0,    0,    0,    0,    0,    0,    0,    0,    0,    0,    0,    0,    0,    0,    0,    0,    0,  -90,  -73,    0,    0,  -77,    0,    0,    0,    0,    0,    0,    0,    0,    0,    0,    0,    0,    0,    0,    0,    0,    0,    0,    0,    0,    0,    0,    0,    0,    0,    0,    0,    0,    0,    0,    0,    0,    0,    0,    0,    0,    0,    0,    0,    0,    0,    0,    0,    0,    0,    0,    0,    0,    0,    0,    0,    0,    0,    0,    0,    0,    0,    0,    0,    0,    0,    0,    0,    0,    0,    0,  -24,   -1,    0,  -44,  -35,    0,  -92,  -41,    0,    0,  -13,    0,    0,    0,    0,  -18, -128,  -32, -128,  -55, -107, -114, -118,  -95,  -85,  -99, -128, -127,  -84,  -63,  -97,  -97,  -96,  -43, -115,  -63, -116,    6,  -67,   -3,   10,   -3,    6,  -91,  -72,   -6,  -49,   -5,  -37,  -47,  -97,    0,  -49,    0,  -22,    0,  -50,    0,  -47,  -53,  -58,    0,  -83, -101,    0,  -41,    0,  -84,    0,  -84,  -47,  -49,  -25,  -45,    0, -128,  -56, -128,    0, -117,  -98,  -86,    0,  -49,  -92,  -24, -114, -128,  -75,  -77,  -62,  -84,    0,  -97,    0,    0,    0,    0,    0,    0,    0,    0,    0,    0,  -45,    0,    0,    0,    0,    0,    0,
       0,  -10,    0,    0,  -13,    0,    0,    0,    0,    0,    0,    0,    0,    0,    0,    0,    0,    0,    0,    0,    0,    0,    0,    0,    0,    0,    0,    0,    0,    0,    0,    0,    0,    0,    0,    0,    0,    0,    0,    0,    0,    0,    0,    0,    0,    0,    0,    0,    0,    0,    0,    0,    0,    0,    0,    0,    0,    0,    0,    0,    0,    0,    0,    0,    0,    0,    0,    0,    0,    0,    0,    0,    0,    0,    0,    0,    0,    0,    0,    0,    0,    0,    0,    0,    0,    0,    0,    0,    0,    0,    0,    0,    0,    0,    0,    0,    0,    0,    0,    0,    0,    0,    0,    0,    0,    0,    0,    0,    0,    0,    0,    0,    0,    0,    0,    0,    0,    0,    0,    0,    0,    0,    0,    0,    0,    0,    0,    0,  -10,   -2,    0,    0,    0,    0,   -7,    0,    0,    0,    0,   -4,    0,   -6,   -9,    0,    0,    0,   -5,   -1,    0,   -1,   -1,    0,   -1,   -1,   -1,    0,   -1,  -22,   -1,    0,   -1,   -5,  -22,   -1,    0,   -1,    0,    0,    0,    0,    0,    0,   -1,  -22,    0,    0,    0,    0,    0,    0,    0,    0,    0,    0,    0,    0,    0,    0,    0,    0,    0,    0,    0,    0,    0,  -17,  -21,  -17,  -21,  -25,   -1,   -6,   -2,    0,    0,    0,   -1,    0,   -1,   -1,    0,    0,  -12,   -1,   -2,   -1,   -1,   -1,  -22,  -22,   -5,    0,    0,    0,    0,    0,    0,    0,    0,    0,    0,  -10,  -12,    0,   -9,   -9,    0,    0,    0,    0,
       0,   -9,    0,    0,  -12,    0,    0,    0,    0,    0,    0,    0,    0,    0,    0,    0,    0,    0,    0,   -9,    0,    0,    0,    0,    0,    0,    0,    0,    0,    0,    0,    0,    0,  -19,    0,    0,    0,    0,    0,    0,    0,    0,    0,    0,    0,    0,    0,    0,    0,    0,    0,    0,    0,    0,    0,    0,    0,    0,    0,   -1,    0,    0,    0,    0,    0,    0,    0,    0,    0,    0,    0,    0,    0,    0,    0,    0,    0,    0,    0,    0,    0,    0,    0,    0,    0,    0,    0,    0,    0,    0,    0,    0,    0,    0,    0,    0,    0,    0,    0,    0,    0,    0,    0,    0,    0,    0,    0,    0,    0,    0,    0,    0,    0,    0,    0,    0,    0,    0,    0,    0,    0,    0,    0,    0,    0,    0,    0,    0,    0,    0,    0,    0,    0,    0,    0,    0,    0,    0,    0,    0,    0,    0,    0,    0,    0,    0,   -4,    0,    0,    0,    0,    0,    0,    0,    0,    0,    0,  -10,    0,    0,    0,   -6,   -9,    0,    0,    0,    0,    0,    0,    0,    0,    0,    0,  -10,    0,    0,    0,    0,    0,    0,    0,    0,    0,    0,    0,    0,    0,    0,    0,    0,    0,    0,    0,    0,    0,    0,  -11,    0,  -11,   -9,    0,    0,  -12,    0,    0,    0,    0,    0,    0,    0,    0,    0,   -5,    0,    0,    0,    0,    0,  -10,  -10,   -6,    0,    0,    0,    0,    0,    0,    0,    0,    0,    0,  -12,  -10,    0,  -15,  -15,   -9,    0,    0,    0,
       0,    0,    0,    0,    0,    0,    0,    0,    0,    0,    0,    0,    0,    0,    0,    0,    0,    0,    0,    0,    0,    0,    0,    0,    0,    0,    0,    0,    0,    0,    0,    0,    0,    0,    0,    0,    0,    0,    0,    0,    0,    0,    0,    0,    0,    0,    0,    0,    0,    0,    0,    0,    0,    0,    0,    0,    0,    0,  -15,  -15,    0,    0,    0,    0,    0,    0,    0,    0,    0,    0,    0,    0,    0,    0,    0,    0,    0,    0,    0,    0,    0,    0,    0,    0,    0,    0,    0,    0,    0,    0,    0,    0,    0,    0,    0,    0,    0,    0,    0,    0,    0,    0,    0,    0,    0,    0,    0,    0,    0,    0,    0,    0,    0,    0,    0,    0,    0,    0,    0,    0,    0,    0,    0,    0,    0,    0,    0,    0,    0,  -14,    0,    0,    0,    7,    0,   10,    1,    8,    4,  -20,   11,    0,    0,    0,   10,  -14,  -22,  -20,   -7,  -35,    0,    0,  -17,  -17,   -6,    0,    0,  -26,  -15,    9,  -17,  -28,  -28,   -4,    0,  -20,    0,   -3,    0,    5,    0,    0,  -17,  -26,  -10,  -22,    0,  -26,    0,    0,    0,    0,    0,    0,    0,  -22,    0,  -27,  -28,  -19,    0,    0,   -7,    0,  -28,    0,  -26,    0,  -26,  -30,   -6,  -26,  -22,    0,  -14,    0,  -20,   -5,  -14,  -14,    0,    0,  -28,  -17,  -14,  -20,  -20,   -4,  -26,  -26,  -28,   11,    9,    0,    0,    0,    0,    0,    0,    0,    0,    0,    0,    0,    0,    0,    0,    0,    0,    0,
       0,    0,    0,    0,    0,    0,    0,    0,    0,    0,    0,    0,    0,    0,    0,    0,    0,    0,    0,    0,    0,    0,    0,    0,    0,    0,    0,    0,    0,    0,    0,    0,    0,    0,    0,    0,    0,    0,    0,    0,    0,    0,    0,    0,    0,    0,    0,    0,    0,    0,    0,    0,    0,    0,    0,    0,    0,    0,  -15,  -16,    0,    0,    0,    0,    0,    0,    0,    0,    0,    0,    0,    0,    0,    0,    0,    0,    0,    0,    0,    0,    0,    0,    0,    0,    0,    0,    0,    0,    0,    0,    0,    0,    0,    0,    0,    0,    0,    0,    0,    0,    0,    0,    0,    0,    0,    0,    0,    0,    0,    0,    0,    0,    0,    0,    0,    0,    0,    0,    0,    0,    0,    0,    0,    0,    0,    0,    0,    0,    0,  -15,    0,    0,    0,    2,    0,    6,    1,    4,    0,  -20,    7,    0,    0,    0,    7,  -14,  -22,  -20,   -7,  -37,    0,    0,  -17,  -17,   -6,    0,    0,  -26,  -15,    5,  -17,  -28,  -28,   -4,    0,  -20,    0,   -3,    0,    6,    0,    0,  -17,  -26,  -10,  -22,    0,  -26,    0,    0,    0,    0,    0,    0,    0,  -21,    0,  -27,  -27,  -19,   -2,    0,   -7,    0,  -29,    0,  -26,    0,  -26,  -30,   -6,  -26,  -22,    0,  -14,    0,  -20,   -5,  -15,  -27,    0,    0,  -28,  -17,  -15,  -38,  -38,   -4,  -26,  -26,  -28,    7,    5,    0,    0,    0,    0,    0,    0,    0,    0,    0,    0,    0,    0,    0,    0,    0,    0,    0,
       0,    0,    0,    0,    0,    0,    0,    0,    0,    0,    0,    0,    0,    0,    0,    0,    0,    0,    0,    0,    0,    0,    0,    0,    0,    0,    0,    0,    0,    0,    0,    0,    0,   -9,  -11,    0,    0,    0,    0,    0,    0,    0,    0,    0,    0,    0,    0,    0,    0,    0,    0,    0,    0,    0,   -9,    0,    0,    0,  -11,   -9,    0,    0,    0,    0,    0,    0,    0,    0,    0,    0,    0,    0,    0,    0,    0,    0,    0,    0,    0,    0,    0,    0,    0,    0,    0,    0,    0,    0,    0,    0,    0,    0,    0,    0,    0,    0,    0,    0,    0,    0,    0,    0,    0,    0,    0,    0,    0,    0,    0,    0,    0,    0,    0,    0,    0,    0,    0,    0,    0,    0,    0,    0,    0,    0,    0,    0,    0,    0,    0,    0,    0,    0,    0,    0,    0,    0,    0,    0,    0,    0,    0,    0,    0,    0,    0,  -16,   -4,  -18,    0,  -18,    0,    0,    0,    0,    0,    0,    0,    0,   -7,    0,    0,    0,    0,    0,    0,  -18,    0,    0,    0,    0,    0,    0,    0,    0,    0,   -3,    0,    0,    0,    0,    0,    0,    0,    0,    0,   -3,    0,    0,    0,   -7,    0,    0,    0,    0,    0,    0,    0,    0,    0,    0,    0,    0,  -19,   -5,  -16,    0,  -18,    0,   -6,   -6,    0,    0,    0,    0,   -7,  -18,  -18,    0,    0,    0,    0,    0,    0,    0,    0,    0,    0,    0,    0,    0,    0,    0,    0,    0,   -6,   -6,    0,    0,    0,    0,
       0,    0,    0,    0,    0,    0,    0,    0,    0,    0,    0,    0,    0,    0,    0,    0,    0,    0,    0,    0,    0,    0,    0,    0,    0,    0,    0,    0,    0,    0,    0,    0,    0,    0,    0,    0,    0,    0,    0,    0,    0,    0,    0,    0,    0,    0,    0,    0,    0,    0,    0,    0,    0,    0,    0,    0,    0,    0,  -15,  -15,    0,    0,    0,    0,    0,    0,    0,    0,    0,    0,    0,    0,    0,    0,    0,    0,    0,    0,    0,    0,    0,    0,    0,    0,    0,    0,    0,    0,    0,    0,    0,    0,    0,    0,    0,    0,    0,    0,    0,    0,    0,    0,    0,    0,    0,    0,    0,    0,    0,    0,    0,    0,    0,    0,    0,    0,    0,    0,    0,    0,    0,    0,    0,    0,    0,    0,    0,    0,    0,  -14,    0,    0,    0,    0,    0,    0,    0,    0,    0,  -19,    0,    0,    0,    0,    0,  -15,  -22,  -21,   -8,  -21,   -2,   -3,  -18,  -18,   -7,    0,   -2,  -27,  -16,    0,  -18,  -28,  -28,   -5,    0,  -21,    0,    0,    0,    0,   -3,    0,  -18,  -27,    0,    0,    0,    0,    0,    0,    0,    0,    0,    0,    0,    0,    0,    0,    0,    0,    0,    0,   -8,    0,    0,    0,  -27,    0,  -27,    0,   -7,    0,    0,    0,  -15,    0,  -21,   -5,  -15,  -15,   -3,    0,    0,  -18,  -14,  -21,  -21,   -5,  -27,  -27,  -28,    0,    0,    0,    0,    0,    0,    0,    0,    0,    0,    0,    0,    0,    0,    0,    0,    0,    0,    0,
       0,    0,    0,    0,    0,    0,    0,    0,    0,    0,    0,    0,    0,    0,    0,    0,    0,    0,    0,    0,    0,    0,    0,    0,    0,    0,    0,    0,    0,    0,    0,    0,    0,   -9,  -11,    0,    0,    0,    0,    0,    0,    0,    0,    0,    0,    0,    0,    0,    0,    0,    0,    0,    0,    0,  -10,    0,    0,    0,  -11,   -9,    0,    0,    0,    0,    0,    0,    0,    0,    0,    0,    0,    0,    0,    0,    0,    0,    0,    0,    0,    0,    0,    0,    0,    0,    0,    0,    0,    0,    0,    0,    0,    0,    0,    0,    0,    0,    0,    0,    0,    0,    0,    0,    0,    0,    0,    0,    0,    0,    0,    0,    0,    0,    0,    0,    0,    0,    0,    0,    0,    0,    0,    0,    0,    0,    0,    0,    0,    0,    0,    0,    0,    0,    0,    0,    0,    0,    0,    0,    0,    0,    0,    0,    0,    0,    0,   -8,   -5,   -9,    0,   -9,    0,    0,    0,    0,    0,    0,    0,   -2,   -7,    0,    0,    0,    0,    0,    0,   -9,    0,    0,    0,    0,    0,    0,    0,   -2,    0,    0,    0,    0,    0,    0,    0,    0,    0,    0,    0,    0,    0,    0,    0,    0,    0,    0,    0,    0,    0,    0,    0,    0,    0,    0,    0,    0,    0,    0,   -8,    0,   -9,    0,   -3,   -3,    0,    0,    0,    0,    0,   -9,   -9,    0,   -2,   -2,    0,    0,    0,    0,    0,    0,    0,    0,    0,    0,    0,    0,    0,    0,   -6,   -6,    0,    0,    0,    0,
       0,    0,    0,  -11,    0,  -30,  -30,  -25,    0,    0,    0,    0,    0,    0,    0,    0,    0,    0,    0,    0,    0,    0,    0,    0,    0,    0,    0,    0,    0,    0,    0,    0,    0,    0,  -14,    0,    0,    0,    0,    0,    0,    0,    0,    0,    0,    0,    0,    0,    0,    0,    0,    0,    0,    0,  -12,    0,    0,    0,  -11,   -6,    0,    0,    0,    0,    0,    0,    0,    0,    0,    0,    0,    0,    0,    0,    0,    0,    0,    0,    0,    0,    0,    0,    0,    0,    0,    0,    0,    0,    0,    0,    0,    0,    0,    0,    0,    0,    0,    0,    0,    0,    0,    0,    0,    0,    0,    0,    0,    0,    0,    0,    0,    0,    0,    0,    0,    0,    0,    0,    0,    0,    0,    0,    0,    0,    0,    0,    0,    0,    0,    0,    0,    0,    0,    0,    0,    0,    0,    0,    0,    0,    0,    0,    0,    0,    0,  -16,    0,   -9,    0,   -9,    0,    0,    0,    0,    0,  -33,   -9,    0,   -8,    0,    0,    0,    0,    0,   -7,   -9,    0,    0,    0,    0,    0,    0,    0,    0,    0,    0,    0,    0,    0,    0,    0,    0,    0,    0,    0,    0,    0,    0,    0,    0,    0,    0,    0,    0,    0,    0,    0,    0,    0,    0,    0,    0,    0,    0,  -16,    0,   -9,    0,    0,    0,    0,    0,    0,    0,    0,   -9,   -9,    0,    0,    0,    0,    0,    0,    0,    0,    0,    0,    0,    0,    0,    0,    0,    0,  -30,    0,    0,    0,    0,    0,    0,
       0,  -43,    0,    0,  -42,    0,    0,    0,    0,    0,    0,    0,    0,    0,    0,    0,    0,    0,    0,   -2,    0,    0,    0,    0,    0,    0,    0,    0,    0,    0,    0,    0,    0,  -24,    0,    0,    0,    0,    0,    0,    0,    0,    0,    0,    0,    0,    0,    0,    0,    0,    0,    0,    0,    0,    0,    0,    0,    0,    0,    0,    0,    0,    0,    0,    0,    0,    0,    0,    0,    0,    0,    0,    0,    0,    0,    0,    0,    0,    0,    0,    0,    0,    0,    0,    0,    0,    0,    0,    0,    0,    0,    0,    0,    0,    0,    0,    0,    0,    0,    0,    0,    0,    0,    0,    0,    0,    0,    0,    0,    0,    0,    0,    0,    0,    0,    0,    0,    0,    0,    0,    0,    0,    0,    0,    0,    0,    0,    0,  -41,    0,    0,    0,    0,    0,  -18,    0,    0,    0,    0,   -3,    0,  -18,  -38,    0,    0,    0,   -5,    0,    0,    0,    0,    0,   -1,   -1,    0,    0,    0,  -24,    0,    0,   -1,   -5,  -24,    0,    0,    0,    0,    0,    0,    0,    0,    0,   -1,  -24,    0,    0,    0,    0,    0,    0,    0,    0,    0,    0,    0,    0,    0,    0,    0,    0,    0,    0,    0,    0,    0,    0,    0,    0,    0,  -30,    0,   -4,   -1,    0,    0,    0,    0,    0,    0,    0,    0,    0,  -13,   -1,    0,    0,    0,    0,  -24,  -24,   -5,    0,    0,    0,    0,    0,    0,    0,    0,    0,    0,  -49,  -44,    0,  -51,  -53,   -7,    0,    0,    0,
       0,  -41,    0,    0,  -42,    0,    0,    0,    0,    0,    0,    0,    0,    0,    0,    0,    0,    0,    0,  -15,    0,    0,    0,    0,    0,    0,    0,    0,    0,    0,    0,    0,    0,  -35,    0,    0,    0,    0,    0,    0,    0,    0,    0,    0,    0,    0,    0,    0,    0,    0,    0,    0,    0,    0,    0,    0,    0,    0,    0,   -7,    0,    0,    0,    0,    0,    0,    0,    0,    0,    0,    0,    0,    0,    0,    0,    0,    0,    0,    0,    0,    0,    0,    0,    0,    0,    0,    0,    0,    0,    0,    0,    0,    0,    0,    0,    0,    0,    0,    0,    0,    0,    0,    0,    0,    0,    0,    0,    0,    0,    0,    0,    0,    0,    0,    0,    0,    0,    0,    0,    0,    0,    0,    0,    0,    0,    0,    0,    0,    0,    0,    0,    0,    0,    0,    0,    0,    0,    0,    0,    0,    0,    0,    0,    0,    0,    0,   -6,    0,    0,    0,    0,    0,    0,    0,    0,    0,    0,  -27,    0,    0,    0,  -11,  -27,    0,    0,    0,    0,    0,    0,    0,    0,    0,    0,  -27,    0,    0,    0,    0,    0,    0,    0,    0,    0,    0,    0,    0,    0,    0,    0,    0,    0,    0,    0,    0,    0,    0,    0,    0,    0,  -31,    0,    0,  -21,    0,    0,    0,    0,    0,    0,    0,    0,    0,  -14,    0,    0,    0,    0,    0,  -27,  -27,  -11,    0,    0,    0,    0,    0,    0,    0,    0,    0,    0,  -42,  -41,    0,  -45,  -45,  -16,    0,    0,    0,
       0,    0,    0,    0,    0,    0,    0,    0,    0,    0,    0,    0,    0,    0,    0,    0,    0,    0,    0,    0,    0,    0,    0,    0,    0,    0,    0,    0,    0,    0,    0,    0,    0,    0,    0,    0,    0,    0,    0,    0,    0,    0,    0,    0,    0,    0,    0,    0,    0,    0,    0,    0,    0,    0,    0,    0,    0,    0,    0,    0,    0,    0,    0,    0,    0,    0,    0,    0,    0,    0,    0,    0,    0,    0,    0,    0,    0,    0,    0,    0,    0,    0,    0,    0,    0,    0,    0,    0,    0,    0,    0,    0,    0,    0,    0,    0,    0,    0,    0,    0,    0,    0,    0,    0,    0,    0,    0,    0,    0,    0,    0,    0,    0,    0,    0,    0,    0,    0,    0,    0,    0,    0,    0,    0,    0,    0,    0,    0,  -37,   -6,    0,    0,    0,    0,  -15,    0,    0,    0,    0,   -7,    0,  -14,  -33,    0,    0,   -4,  -12,   -7,    0,   -7,    0,    0,   -7,   -7,    0,    0,    0,  -20,   -5,    0,   -7,  -14,  -18,    0,    0,   -7,    0,    0,    0,    0,    0,    0,   -7,  -20,    0,    0,    0,    0,    0,    0,    0,    0,    0,    0,    0,    0,    0,    0,    0,    0,    0,    0,    0,    0,    0,    0,    0,    0,    0,  -19,    0,   -5,   -3,    0,   -4,    0,   -7,   -4,   -4,   -4,    0,    0,  -15,   -7,   -6,   -7,   -7,    0,  -20,  -20,  -14,    0,    0,    0,    0,    0,    0,    0,    0,    0,    0,    0,    0,    0,    0,    0,    0,    0,    0,    0,
       0,    0,    0,    0,    0,    0,    0,    0,    0,    0,    0,    0,    0,    0,    0,    0,    0,    0,    0,    0,    0,    0,    0,    0,    0,    0,    0,    0,    0,    0,    0,    0,    0,    0,    0,    0,    0,    0,    0,    0,    0,    0,    0,    0,    0,    0,    0,    0,    0,    0,    0,    0,    0,    0,    0,    0,    0,    0,    0,    0,    0,    0,    0,    0,    0,    0,    0,    0,    0,    0,    0,    0,    0,    0,    0,    0,    0,    0,    0,    0,    0,    0,    0,    0,    0,    0,    0,    0,    0,    0,    0,    0,    0,    0,    0,    0,    0,    0,    0,    0,    0,    0,    0,    0,    0,    0,    0,    0,    0,    0,    0,    0,    0,    0,    0,    0,    0,    0,    0,    0,    0,    0,    0,    0,    0,    0,    0,    0,    0,    0,    0,    0,    0,    0,    0,    0,    0,    0,    0,    0,    0,    0,    0,    0,    0,    0,   -3,    0,    0,    0,    0,    0,    0,    0,    0,    0,    0,  -19,    0,    0,    0,   -3,  -20,    0,    0,    0,    0,    0,    0,    0,    0,    0,    0,  -19,    0,    0,    0,    0,    0,    0,    0,    0,    0,    0,    0,    0,    0,    0,    0,    0,    0,    0,    0,    0,    0,    0,    0,    0,    0,  -24,    0,    0,   -3,    0,    0,    0,    0,    0,    0,    0,    0,    0,  -13,    0,    0,    0,    0,    0,  -19,  -19,   -3,    0,    0,    0,    0,    0,    0,    0,    0,    0,    0,    0,    0,    0,    0,    0,    0,    0,    0,    0,
       0,  -22,    0,    0,  -23,    0,    0,    0,    0,    0,    0,    0,    0,    0,    0,    0,    0,    0,    0,  -14,    0,    0,    0,    0,    0,    0,    0,    0,    0,    0,    0,    0,    0,  -29,    0,    0,    0,    0,    0,    0,    0,    0,    0,    0,    0,    0,    0,    0,    0,    0,    0,    0,    0,    0,    0,    0,    0,    0,   -7,   -8,    0,    0,    0,    0,    0,    0,    0,    0,    0,    0,    0,    0,    0,    0,    0,    0,    0,    0,    0,    0,    0,    0,    0,    0,    0,    0,    0,    0,    0,    0,    0,    0,    0,    0,    0,    0,    0,    0,    0,    0,    0,    0,    0,    0,    0,    0,    0,    0,    0,    0,    0,    0,    0,    0,    0,    0,    0,    0,    0,    0,    0,    0,    0,    0,    0,    0,    0,    0,    0,    0,    0,    0,    0,    0,    0,    0,    0,    0,    0,    0,    0,    0,    0,    0,    0,   -1,   -8,   -4,    0,   -4,    0,    0,   -1,   -1,    0,    0,    0,  -20,   -1,    0,   -1,  -13,  -17,    0,    0,   -4,    0,    0,    0,    0,    0,    0,   -1,  -20,    0,    0,    0,    0,    0,    0,    0,    0,    0,    0,    0,    0,    0,    0,    0,    0,    0,    0,    0,    0,    0,    0,    0,    0,    0,  -19,    0,    0,  -15,    0,   -1,    0,   -4,    0,   -1,   -1,    0,    0,  -16,   -1,    0,   -4,   -4,    0,  -20,  -20,  -13,    0,    0,    0,    0,    0,    0,    0,    0,    0,    0,  -23,  -21,    0,  -28,  -28,  -14,    0,    0,    0,
       0,    0,    0,    0,    0,  -42,  -42,  -37,    0,    0,    0,    0,    0,    0,    0,    0,    0,  -21,  -21,    0,    0,    0,    0,    0,    0,    0,    0,    0,    0,    0,    0,    0,    0,    3,    4,    0,    0,    0,    0,    0,    0,    0,    0,    0,    0,    0,    0,    0,    0,    0,    0,    0,    0,    0,    3,    0,    0,    0,  -39,  -34,    0,    0,  -29,    0,    0,    0,    0,    0,    0,    0,    0,    0,    0,    0,    0,    0,    0,    0,    0,    0,    0,    0,    0,    0,    0,    0,    0,    0,    0,    0,    0,    0,    0,    0,    0,    0,    0,    0,    0,    0,    0,    0,    0,    0,    0,    0,    0,    0,    0,    0,    0,    0,    0,    0,    0,    0,    0,    0,    0,    0,    0,    0,    0,    0,    0,    0,    0,    0,    0,  -18,    0,    0,  -41,  -36,    0,  -41,  -40,    0,   -5,  -21,    0,    0,    0,    0,  -19,  -61,  -31,  -55,  -49,  -81,  -39,  -48,  -43,  -43,  -43,  -73,  -47,  -27,  -53,  -29,  -43,  -34,  -31,  -44,  -53,  -97,    0,    0,    0,    0,    0,    0,  -82,  -27,    0,    0,    0,    0,    0,    0,    0,    0,    0,    0,    0,    0,    0,    0,    0,    0,    0,    0,  -49,    0,  -27,    0,  -27,    0,  -27,    0,  -43,    0,    0,    0,  -61,    0,  -55,  -10,  -52,  -52,  -48,    0,    0,  -43,  -18,  -55,  -55,  -44,  -27,  -27,  -34,    0,  -29,    0,    0,    0,    0,    0,    0,    0,    0,    0,    0,  -42,    0,    0,    0,    0,    0,    0,
       0,    0,    0,   -2,    0,  -21,  -21,  -18,    0,    0,    0,    0,    0,    0,    0,    0,    0,    0,    0,    0,    0,    0,    0,    0,    0,    0,    0,    0,    0,    0,    0,    0,    0,    0,  -11,    0,    0,    0,    0,    0,    0,    0,    0,    0,    0,    0,    0,    0,    0,    0,    0,    0,    0,    0,  -10,    0,    0,    0,    0,    0,    0,    0,    0,    0,    0,    0,    0,    0,    0,    0,    0,    0,    0,    0,    0,    0,    0,    0,    0,    0,    0,    0,    0,    0,    0,    0,    0,    0,    0,    0,    0,    0,    0,    0,    0,    0,    0,    0,    0,    0,    0,    0,    0,    0,    0,    0,    0,    0,    0,    0,    0,    0,    0,    0,    0,    0,    0,    0,    0,    0,    0,    0,    0,    0,    0,    0,    0,    0,    0,    0,    0,    0,    0,    0,    0,    0,    0,    0,    0,    0,    0,    0,    0,    0,    0,  -11,    0,   -8,   -5,   -8,    0,   -3,    0,    0,    0,  -28,   -8,    0,   -8,    0,    0,    0,    0,    0,   -9,   -8,    0,    0,    0,    0,    0,    0,    0,    0,    0,    0,    0,    0,    0,    0,    0,    0,    0,    0,    0,    0,    0,    0,    0,    0,    0,    0,   -5,    0,    0,    0,    0,    0,    3,    0,    0,    0,    0,    0,  -11,    0,   -8,    0,   -5,   -5,   -3,    0,    0,    0,    0,   -8,   -8,    0,    0,    0,    0,    0,    0,    0,    0,    0,    0,    0,    0,    0,    0,    0,    0,  -22,    0,    0,    0,    0,    0,    0,
       0,    0,    0,    0,    0,  -37,  -79,  -30,    0,    0,    0,    0,    0,    0,    0,    0,    0,  -21,  -21,    0,    0,    0,    0,    0,    0,    0,    0,    0,    0,    0,    0,    0,    0,    1,    2,    0,    0,    0,    0,    0,    0,    0,    0,    0,    0,    0,    0,    0,    0,    0,    0,    0,    0,    0,    0,    0,    0,    0,  -68,  -62,    0,    0,  -53,    0,    0,    0,    0,    0,    0,    0,    0,    0,    0,    0,    0,    0,    0,    0,    0,    0,    0,    0,    0,    0,    0,    0,    0,    0,    0,    0,    0,    0,    0,    0,    0,    0,    0,    0,    0,    0,    0,    0,    0,    0,    0,    0,    0,    0,    0,    0,    0,    0,    0,    0,    0,    0,    0,    0,    0,    0,    0,    0,    0,    0,    0,    0,    0,    0,    0,  -18,    0,    0,  -41,  -65,    0,  -75,  -33,    0,   -5,  -21,    0,    0,    0,    0,  -19, -106,  -30,  -98,  -90,  -71,  -39,  -48,  -78,  -68,  -80, -128,  -89,  -27,  -42,  -29,  -78,  -34,  -31,  -44,  -48,  -77,    0,    0,    0,    0,    0,    0,  -70,  -27,    0,    0,    0,    0,    0,    0,    0,    0,    0,    0,    0,    0,    0,    0,    0,    0,    0,    0,  -86,    0,  -27,    0,  -27,    0,  -27,    0,  -37,    0,    0,    0, -106,    0,  -98,  -10,  -94,  -94,  -48,    0,    0,  -78,  -18,  -98,  -98,  -44,  -27,  -27,  -34,    0,  -29,    0,    0,    0,    0,    0,    0,    0,    0,    0,    0,  -81,    0,    0,    0,    0,    0,    0,
       0,    0,    0,   -2,    0,  -21,  -21,  -18,    0,    0,    0,    0,    0,    0,    0,    0,    0,    0,    0,    0,    0,    0,    0,    0,    0,    0,    0,    0,    0,    0,    0,    0,    0,    0,  -11,    0,    0,    0,    0,    0,    0,    0,    0,    0,    0,    0,    0,    0,    0,    0,    0,    0,    0,    0,  -10,    0,    0,    0,    0,    0,    0,    0,    0,    0,    0,    0,    0,    0,    0,    0,    0,    0,    0,    0,    0,    0,    0,    0,    0,    0,    0,    0,    0,    0,    0,    0,    0,    0,    0,    0,    0,    0,    0,    0,    0,    0,    0,    0,    0,    0,    0,    0,    0,    0,    0,    0,    0,    0,    0,    0,    0,    0,    0,    0,    0,    0,    0,    0,    0,    0,    0,    0,    0,    0,    0,    0,    0,    0,    0,    0,    0,    0,    0,    0,    0,    0,    0,    0,    0,    0,    0,    0,    0,    0,    0,  -11,    0,   -8,   -5,   -8,    0,   -3,    0,    0,    0,  -28,   -8,    3,   -8,    0,    0,    0,    0,    0,   -9,   -8,    0,    0,    0,    0,    0,    0,    0,    3,    0,    0,    0,    0,    0,    0,    0,    0,    0,    0,    0,    0,    0,    0,    0,    0,    0,    0,   -5,    0,    0,    0,    4,    0,    3,    0,    0,    0,    0,    0,  -11,    0,   -8,    0,   -5,   -5,   -3,    0,    0,    0,    0,   -8,   -8,    0,    3,    3,    0,    0,    0,    0,    0,    0,    0,    0,    0,    0,    0,    0,    0,  -22,    0,    0,    0,    0,    0,    0,
       0,    0,    0,    0,    0,    0,    0,    0,    0,    0,    0,    0,    0,    0,    0,    0,    0,    0,    0,    0,    0,    0,    0,    0,    0,    0,    0,    0,    0,    0,    0,    0,    0,    0,    0,    0,    0,    0,    0,    0,    0,    0,    0,    0,    0,    0,    0,    0,    0,    0,    0,    0,    0,    0,    0,    0,    0,    0,  -14,  -15,    0,    0,    0,    0,    0,    0,    0,    0,    0,    0,    0,    0,    0,    0,    0,    0,    0,    0,    0,    0,    0,    0,    0,    0,    0,    0,    0,    0,    0,    0,    0,    0,    0,    0,    0,    0,    0,    0,    0,    0,    0,    0,    0,    0,    0,    0,    0,    0,    0,    0,    0,    0,    0,    0,    0,    0,    0,    0,    0,    0,    0,    0,    0,    0,    0,    0,    0,    0,    0,  -15,    0,    0,    0,    8,    0,    6,    1,    4,    0,  -21,    7,    0,    0,    0,    7,  -12,  -22,  -18,   -5,  -18,    0,    0,  -14,  -14,   -4,    0,    0,  -26,  -13,    5,  -14,  -27,  -29,   -1,    0,  -18,    0,    0,    0,    7,    0,    0,  -14,  -26,  -11,  -22,    0,  -25,    0,    0,    0,    0,    0,    0,    0,  -21,    0,  -26,  -25,  -17,    0,    0,   -5,    0,  -27,    0,  -26,    0,  -26,  -30,   -4,  -29,  -25,    0,  -12,    0,  -18,   -6,  -13,  -13,    0,    0,  -27,  -14,  -15,  -18,  -18,   -1,  -26,  -26,  -27,    7,    5,    0,    0,    0,    0,    0,    0,    0,    0,    0,    0,    0,    0,    0,    0,    0,    0,    0,
       0,    0,    0,    0,    0,    0,    0,    0,    0,    0,    0,    0,    0,    0,    0,    0,    0,    0,    0,    0,    0,    0,    0,    0,    0,    0,    0,    0,    0,    0,    0,    0,    0,    0,   -2,    0,    0,    0,    0,    0,    0,    0,    0,    0,    0,    0,    0,    0,    0,    0,    0,    0,    0,    0,   -2,    0,    0,    0,  -13,  -10,    0,    0,    0,    0,    0,    0,    0,    0,    0,    0,    0,    0,    0,    0,    0,    0,    0,    0,    0,    0,    0,    0,    0,    0,    0,    0,    0,    0,    0,    0,    0,    0,    0,    0,    0,    0,    0,    0,    0,    0,    0,    0,    0,    0,    0,    0,    0,    0,    0,    0,    0,    0,    0,    0,    0,    0,    0,    0,    0,    0,    0,    0,    0,    0,    0,    0,    0,    0,    0,    0,    0,    0,    0,    0,    0,    0,    0,    0,    0,    0,    0,    0,    0,    0,    0,  -10,   -3,  -11,    0,  -11,    0,    0,    0,    0,    0,    0,    0,    0,   -9,    3,    0,    0,    0,    0,    0,  -11,    0,    0,    0,    0,    0,    0,    0,    0,    0,    0,    0,    0,    0,    0,    0,    0,    0,    0,    0,    0,    0,    0,    0,   -9,    0,    0,    0,    0,    0,    0,    0,    0,    0,    0,    0,    0,   -9,   -1,  -10,    0,  -11,    0,   -5,   -5,    0,    0,    0,    0,   -7,  -11,  -11,    0,    0,    0,    0,    0,    3,    0,    0,    0,    0,    0,    0,    0,    0,    0,    0,    0,    0,    0,    0,    0,    0,    0,
       0,  -30,    0,    0,  -29,    0,    0,    0,    0,    0,    0,    0,    0,    0,    0,    0,    0,    0,    0,   -2,    0,    0,    0,    0,    0,    0,    0,    0,    0,    0,    0,    0,    0,  -19,   -2,    0,    0,    0,    0,    0,    0,    0,    0,    0,    0,    0,    0,    0,    0,    0,    0,    0,    0,    0,   -2,    0,    0,    0,    0,    0,    0,    0,    0,    0,    0,    0,    0,    0,    0,    0,    0,    0,    0,    0,    0,    0,    0,    0,    0,    0,    0,    0,    0,    0,    0,    0,    0,    0,    0,    0,    0,    0,    0,    0,    0,    0,    0,    0,    0,    0,    0,    0,    0,    0,    0,    0,    0,    0,    0,    0,    0,    0,    0,    0,    0,    0,    0,    0,    0,    0,    0,    0,    0,    0,    0,    0,    0,    0,  -40,    0,    0,    0,    0,    0,  -19,    0,    0,    0,    0,    0,    0,   -9,  -37,    0,    0,    0,   -3,    0,    0,    0,    0,    0,    0,    0,    0,    0,    0,  -17,    0,    0,    0,   -1,  -15,    0,    0,    0,    0,    0,    0,    0,    0,    0,    0,  -17,    0,    0,    0,    0,    0,    0,    0,    0,    0,    0,    0,    0,    0,    0,    0,    0,    0,    0,    0,    0,  -18,  -42,  -16,  -29,  -16,    0,    0,    0,    0,    0,    0,    0,    0,    0,    0,    0,    0,    0,    0,    0,    0,    0,    0,    0,  -17,  -17,   -1,    0,    0,    0,    0,    0,    0,    0,    0,    0,    0,  -33,  -30,    0,  -41,  -42,   -7,    0,    0,    0,
       0,  -38,    0,    0,  -35,    0,    0,    0,    0,    0,    0,    0,    0,    0,    0,    0,    0,    0,    0,  -15,    0,    0,    0,    0,    0,    0,    0,    0,    0,    0,    0,    0,    0,  -28,  -13,    0,    0,    0,    0,    0,    0,    0,    0,    0,    0,    0,    0,    0,    0,    0,    0,    0,    0,    0,  -12,    0,    0,    0,    0,    0,    0,    0,    0,    0,    0,    0,    0,    0,    0,    0,    0,    0,    0,    0,    0,    0,    0,    0,    0,    0,    0,    0,    0,    0,    0,    0,    0,    0,    0,    0,    0,    0,    0,    0,    0,    0,    0,    0,    0,    0,    0,    0,    0,    0,    0,    0,    0,    0,    0,    0,    0,    0,    0,    0,    0,    0,    0,    0,    0,    0,    0,    0,    0,    0,    0,    0,    0,    0,    0,    0,    0,    0,    0,    0,    0,    0,    0,    0,    0,    0,    0,    0,    0,    0,    0,    0,    0,    0,    0,    0,    0,    0,    0,    0,    0,    0,    0,  -19,    0,    0,    0,   -1,  -19,    0,    0,    0,    0,    0,    0,    0,    0,    0,    0,  -19,    0,    0,    0,    0,    0,    0,    0,    0,    0,    0,    0,    0,    0,    0,    0,    0,    0,    0,    0,    0,  -22,    0,  -18,    0,  -18,    0,    0,    0,    0,    0,    0,    0,    0,    0,    0,    0,    0,    0,    0,    0,    0,    0,    0,    0,  -19,  -19,   -1,    0,    0,    0,    0,    0,    0,    0,    0,    0,    0,  -40,  -37,    0,  -41,  -41,  -15,    0,    0,    0,
       0,    0,    0,    0,    0,    0,    0,    0,    0,    0,    0,    0,    0,    0,    0,    0,    0,    0,    0,    0,    0,    0,    0,    0,    0,    0,    0,    0,    0,    0,    0,    0,    0,    0,   -2,    0,    0,    0,    0,    0,    0,    0,    0,    0,    0,    0,    0,    0,    0,    0,    0,    0,    0,    0,    0,    0,    0,    0,    0,    0,    0,    0,    0,    0,    0,    0,    0,    0,    0,    0,    0,    0,    0,    0,    0,    0,    0,    0,    0,    0,    0,    0,    0,    0,    0,    0,    0,    0,    0,    0,    0,    0,    0,    0,    0,    0,    0,    0,    0,    0,    0,    0,    0,    0,    0,    0,    0,    0,    0,    0,    0,    0,    0,    0,    0,    0,    0,    0,    0,    0,    0,    0,    0,    0,    0,    0,    0,    0,    0,    0,    0,    0,    0,    0,   -4,   -7,    0,    0,    0,    0,   -2,    0,    0,    0,    0,   -7,   -6,   -8,   -1,   -8,   -1,   -1,   -4,   -4,   -2,   -2,   -6,    0,   -7,    0,   -4,   -1,    0,   -1,   -2,   -8,    0,    0,    0,    0,    0,    0,   -4,    0,    0,    0,    0,    0,    0,    0,    0,    0,    0,    0,    0,    0,    0,    0,    0,    0,    0,    0,   -1,    0,    0,    0,    0,    0,    0,    0,    0,    0,   -3,    0,   -7,    0,   -8,    0,   -1,   -1,   -1,    0,    0,   -4,    0,   -8,   -8,   -1,    0,    0,   -1,   -2,    0,    0,    0,    0,    0,    0,    0,    0,    0,    0,    0,    0,    0,    0,    0,    0,    0,    0,
       0,    0,    0,    0,    0,    0,    0,    0,    0,    0,    0,    0,    0,    0,    0,    0,    0,    0,    0,    0,    0,    0,    0,    0,    0,    0,    0,    0,    0,    0,    0,    0,    0,    0,    0,    0,    0,    0,    0,    0,    0,    0,    0,    0,    0,    0,    0,    0,    0,    0,    0,    0,    0,    0,    0,    0,    0,    0,    0,    0,    0,    0,    0,    0,    0,    0,    0,    0,    0,    0,    0,    0,    0,    0,    0,    0,    0,    0,    0,    0,    0,    0,    0,    0,    0,    0,    0,    0,    0,    0,    0,    0,    0,    0,    0,    0,    0,    0,    0,    0,    0,    0,    0,    0,    0,    0,    0,    0,    0,    0,    0,    0,    0,    0,    0,    0,    0,    0,    0,    0,    0,    0,    0,    0,    0,    0,    0,    0,    0,   -5,    0,    0,    0,    0,    0,    0,    0,    0,    0,   -8,    0,    0,    0,    0,    0,   -4,  -13,   -6,   -3,   -6,   -6,   -4,   -9,   -9,   -6,    0,   -5,  -26,   -5,   -2,   -9,  -14,  -26,   -7,   -2,   -6,    0,    0,    0,    0,    0,    0,   -9,  -26,    0,    0,    0,    0,    0,    0,    0,    0,    0,    0,    0,    0,    0,    0,    0,    0,    0,    0,   -3,    0,    0,    0,    0,    0,    0,    0,    0,    0,    0,    0,   -4,    0,   -6,    0,   -5,   -5,   -4,    0,    0,   -9,   -5,   -6,   -6,   -7,  -26,  -26,  -14,    0,   -2,    0,    0,    0,    0,    0,    0,    0,    0,    0,    0,    0,    0,    0,    0,    0,    0,    0,
       0,    0,    0,    0,   -1,    0,    0,    0,    0,    0,    0,    0,    0,    0,    0,    0,    0,    0,    0,    0,    0,    0,    0,    0,    0,    0,    0,    0,    0,    0,    0,    0,    0,  -13,    0,    0,    0,    0,    0,    0,    0,    0,    0,    0,    0,    0,    0,    0,    0,    0,    0,    0,    0,    0,    0,    0,    0,    0,    0,   -2,    0,    0,    0,    0,    0,    0,    0,    0,    0,    0,    0,    0,    0,    0,    0,    0,    0,    0,    0,    0,    0,    0,    0,    0,    0,    0,    0,    0,    0,    0,    0,    0,    0,    0,    0,    0,    0,    0,    0,    0,    0,    0,    0,    0,    0,    0,    0,    0,    0,    0,    0,    0,    0,    0,    0,    0,    0,    0,    0,    0,    0,    0,    0,    0,    0,    0,    0,    0,    0,    0,    0,    0,    0,    0,    0,    0,    0,    0,    0,    0,    0,    0,    0,    0,    0,   -3,   -2,   -4,    0,   -4,    0,    0,    0,    0,    0,    0,    0,   -3,   -3,    0,    0,    0,    0,    0,    0,   -4,    0,    0,    0,    0,    0,    0,    0,   -3,    0,    0,    0,    0,    0,    0,    0,    0,    0,    0,    0,    0,    0,    0,    0,    0,    0,    0,    0,    0,    0,    0,    0,    0,    0,    0,    0,    0,    0,    0,   -3,    0,   -4,    0,    0,    0,    0,    0,    0,    0,    0,   -4,   -4,    0,   -3,   -3,    0,    0,    0,    0,    0,    0,    0,    0,    0,    0,    0,   -2,    0,    0,   -8,   -8,    0,    0,    0,    0,
       0,    0,    0,    0,    0,    0,    0,    0,    0,    0,    0,    0,    0,    0,    0,    0,    0,    0,    0,    0,    0,    0,    0,    0,    0,    0,    0,    0,    0,    0,    0,    0,    0,    0,    0,    0,    0,    0,    0,    0,    0,    0,    0,    0,    0,    0,    0,    0,    0,    0,    0,    0,    0,    0,    0,    0,    0,    0,    0,    0,    0,    0,    0,    0,    0,    0,    0,    0,    0,    0,    0,    0,    0,    0,    0,    0,    0,    0,    0,    0,    0,    0,    0,    0,    0,    0,    0,    0,    0,    0,    0,    0,    0,    0,    0,    0,    0,    0,    0,    0,    0,    0,    0,    0,    0,    0,    0,    0,    0,    0,    0,    0,    0,    0,    0,    0,    0,    0,    0,    0,    0,    0,    0,    0,    0,    0,    0,    0,    0,    0,    0,    0,    0,    0,    0,   -9,   -1,    0,    0,   -3,   -3,    0,    0,    0,   -5,   -1,   -6,   -3,   -5,   -3,  -18,  -13,   -6,   -6,   -6,  -13,   -8,  -19,   -3,  -18,   -6,   -5,  -22,  -14,  -10,   -3,    0,    0,    0,    0,    0,    0,   -6,  -19,    0,    0,    0,    0,    0,    0,    0,    0,    0,    0,    0,    0,    0,    0,    0,    0,    0,    0,   -5,    0,    0,    0,    0,    0,    0,  -23,    0,   -3,   -1,    0,   -1,    0,   -3,    0,   -3,   -3,  -13,    0,  -14,   -6,    0,   -3,   -3,  -14,  -19,  -19,   -5,   -3,  -18,    0,    0,    0,    0,    0,    0,    0,    0,    0,    0,   -2,    0,    0,    0,    0,    0,    0,
       0,    0,    0,    0,   -2,    0,    0,    0,    0,    0,    0,    0,    0,    0,    0,    0,    0,    0,    0,    0,    0,    0,    0,    0,    0,    0,    0,    0,    0,    0,    0,    0,    0,  -14,    0,    0,    0,    0,    0,    0,    0,    0,    0,    0,    0,    0,    0,    0,    0,    0,    0,    0,    0,    0,    0,    0,    0,    0,   -7,   -8,    0,    0,    0,    0,    0,    0,    0,    0,    0,    0,    0,    0,    0,    0,    0,    0,    0,    0,    0,    0,    0,    0,    0,    0,    0,    0,    0,    0,    0,    0,    0,    0,    0,    0,    0,    0,    0,    0,    0,    0,    0,    0,    0,    0,    0,    0,    0,    0,    0,    0,    0,    0,    0,    0,    0,    0,    0,    0,    0,    0,    0,    0,    0,    0,    0,    0,    0,    0,    0,    0,    0,    0,    0,    0,    0,    0,    0,    0,    0,    0,    0,    0,    0,    0,    0,   -3,   -4,   -5,    0,   -5,    0,    0,    0,    0,    0,    0,    0,   -3,   -3,    0,    0,   -3,    0,    0,    0,   -5,    0,    0,    0,    0,    0,    0,    0,   -3,    0,    0,    0,    0,    0,    0,    0,    0,    0,    0,    0,    0,    0,    0,    0,    0,    0,    0,    0,    0,    0,    0,    0,    0,    0,    0,    0,    0,   -8,    0,   -3,    0,   -5,    0,    0,    0,    0,    0,    0,    0,    0,   -5,   -5,    0,   -3,   -3,   -3,    0,    0,    0,    0,    0,    0,    0,    0,    0,    0,   -2,   -2,    0,   -9,   -9,    0,    0,    0,    0,
       0,    0,    0,    0,    0,  -42,  -89,  -34,    0,    0,    0,    0,    0,    0,    0,    0,    0,  -27,  -27,    0,    0,    0,    0,    0,    0,    0,    0,    0,    0,    0,    0,    0,    0,    0,    0,    0,    0,    0,    0,    0,    0,    0,    0,    0,    0,    0,    0,    0,    0,    0,    0,    0,    0,    0,    0,    0,    0,    0,  -91,  -74,    0,    0,  -78,    0,    0,    0,    0,    0,    0,    0,    0,    0,    0,    0,    0,    0,    0,    0,    0,    0,    0,    0,    0,    0,    0,    0,    0,    0,    0,    0,    0,    0,    0,    0,    0,    0,    0,    0,    0,    0,    0,    0,    0,    0,    0,    0,    0,    0,    0,    0,    0,    0,    0,    0,    0,    0,    0,    0,    0,    0,    0,    0,    0,    0,    0,    0,    0,    0,    0,  -13,   -1,    0,  -44,  -67,    0,  -89,  -37,    0,    0,  -15,    0,    0,    0,    0,  -18, -128,  -32, -128, -107, -107, -115, -119,  -94,  -86,  -98, -128, -126,  -85,  -62,  -96,  -94,  -98,  -46, -117,  -62, -117,    6,  -67,   -3,   10,   -3,    6,  -94,  -85,   -6,  -49,   -5,  -37,  -47,  -97,    0,  -49,    0,  -22,    0,  -50,    0,  -47,  -53,  -58,    0,  -83, -107,    0,  -46,    0,  -44,    0,  -44,  -47,  -49,  -25,  -45,    0, -128,  -56, -128,    0,  -61,  -98,  -86,    0,  -49,  -94,  -13, -128, -128,  -75,  -85,  -78,  -84,    0,  -96,    0,    0,    0,    0,    0,    0,    0,    0,    0,    0,  -86,    0,    0,    0,    0,    0,    0,
       0,    0,    0,    0,    0,    0,    0,    0,    0,    0,    0,    0,    0,    0,    0,    0,    0,    0,    0,    0,    0,    0,    0,    0,    0,    0,    0,    0,    0,    0,    0,    0,    0,    0,    0,    0,    0,    0,    0,    0,    0,    0,    0,    0,    0,    0,    0,    0,    0,    0,    0,    0,    0,    0,    0,    0,    0,    0,  -14,  -15,    0,    0,    0,    0,    0,    0,    0,    0,    0,    0,    0,    0,    0,    0,    0,    0,    0,    0,    0,    0,    0,    0,    0,    0,    0,    0,    0,    0,    0,    0,    0,    0,    0,    0,    0,    0,    0,    0,    0,    0,    0,    0,    0,    0,    0,    0,    0,    0,    0,    0,    0,    0,    0,    0,    0,    0,    0,    0,    0,    0,    0,    0,    0,    0,    0,    0,    0,    0,    0,  -15,    0,    0,    0,   12,    0,    8,    1,    6,    0,  -21,    9,    0,    0,    0,    9,  -12,  -22,  -18,   -5,  -33,    0,    0,  -14,  -14,   -4,    0,    0,  -26,  -13,    7,  -14,  -27,  -29,   -1,    0,  -18,    0,    0,    0,    7,    0,    0,  -14,  -26,  -11,  -22,    0,  -25,    0,    0,    0,    0,    0,    0,    0,  -21,    0,  -26,  -25,  -17,    0,    0,   -5,    0,  -27,    0,  -26,    0,  -26,  -30,   -4,  -29,  -25,    0,  -12,    0,  -18,   -6,  -13,  -13,    0,    0,  -27,  -14,  -15,  -18,  -18,   -1,  -26,  -26,  -27,    9,    7,    0,    0,    0,    0,    0,    0,    0,    0,    0,    0,    0,    0,    0,    0,    0,    0,    0,
       0,    0,    0,    0,    0,    0,    0,    0,    0,    0,    0,    0,    0,    0,    0,    0,    0,    0,    0,    0,    0,    0,    0,    0,    0,    0,    0,    0,    0,    0,    0,    0,    0,    0,   -2,    0,    0,    0,    0,    0,    0,    0,    0,    0,    0,    0,    0,    0,    0,    0,    0,    0,    0,    0,   -2,    0,    0,    0,  -13,  -10,    0,    0,    0,    0,    0,    0,    0,    0,    0,    0,    0,    0,    0,    0,    0,    0,    0,    0,    0,    0,    0,    0,    0,    0,    0,    0,    0,    0,    0,    0,    0,    0,    0,    0,    0,    0,    0,    0,    0,    0,    0,    0,    0,    0,    0,    0,    0,    0,    0,    0,    0,    0,    0,    0,    0,    0,    0,    0,    0,    0,    0,    0,    0,    0,    0,    0,    0,    0,    0,    0,    0,    0,    0,    0,    0,    0,    0,    0,    0,    0,    0,    0,    0,    0,    0,  -10,   -3,  -11,    0,  -11,    0,    0,    0,    0,    0,    0,    0,    0,   -9,    5,    0,    0,    0,    0,    0,  -11,    0,    0,    0,    0,    0,    0,    0,    0,    0,    0,    0,    0,    0,    0,    0,    0,    0,    0,    0,    0,    0,    0,    0,   -9,    0,    0,    0,    0,    0,    0,    0,    0,    0,    0,    0,    0,   -9,   -1,  -10,    0,  -11,    0,   -5,   -5,    0,    0,    0,    0,   -7,  -11,  -11,    0,    0,    0,    0,    0,    5,    0,    0,    0,    0,    0,    0,    0,    0,    0,    0,    0,    0,    0,    0,    0,    0,    0,
       0,    0,    0,    0,    0,    0,    0,    0,    0,    0,    0,    0,    0,    0,    0,    0,    0,    0,    0,    0,    0,    0,    0,    0,    0,    0,    0,    0,    0,    0,    0,    0,    0,    0,    0,    0,    0,    0,    0,    0,    0,    0,    0,    0,    0,    0,    0,    0,    0,    0,    0,    0,    0,    0,    0,    0,    0,    0,  -22,  -23,    0,    0,    0,    0,    0,    0,    0,    0,    0,    0,    0,    0,    0,    0,    0,    0,    0,    0,    0,    0,    0,    0,    0,    0,    0,    0,    0,    0,    0,    0,    0,    0,    0,    0,    0,    0,    0,    0,    0,    0,    0,    0,    0,    0,    0,    0,    0,    0,    0,    0,    0,    0,    0,    0,    0,    0,    0,    0,    0,    0,    0,    0,    0,    0,    0,    0,    0,    0,    0,  -23,    0,    0,    0,    5,    0,    0,    0,    0,    0,  -12,    0,    0,    0,    0,    0,  -23,  -15,  -30,   -5,  -30,    0,    0,  -24,  -24,   -4,    0,    0,  -43,   -9,    0,  -24,  -45,  -19,   -1,    0,  -30,    0,    0,    0,    7,    0,    0,  -24,  -43,  -11,  -22,    0,  -25,    0,    0,    0,    0,    0,    0,    0,  -21,    0,  -26,  -25,  -17,    0,    0,   -5,    0,  -27,    0,  -26,    0,  -26,  -30,   -4,  -29,  -25,    0,  -23,    0,  -30,   -6,  -13,  -13,    0,    0,  -27,  -24,  -23,  -30,  -30,   -1,  -43,  -43,  -45,    0,    0,    0,    0,    0,    0,    0,    0,    0,    0,    0,    0,    0,    0,    0,    0,    0,    0,    0,
       0,    0,    0,    0,    0,    0,    0,    0,    0,    0,    0,    0,    0,    0,    0,    0,    0,    0,    0,    0,    0,    0,    0,    0,    0,    0,    0,    0,    0,    0,    0,    0,    0,    0,   -2,    0,    0,    0,    0,    0,    0,    0,    0,    0,    0,    0,    0,    0,    0,    0,    0,    0,    0,    0,   -2,    0,    0,    0,  -17,  -15,    0,    0,    0,    0,    0,    0,    0,    0,    0,    0,    0,    0,    0,    0,    0,    0,    0,    0,    0,    0,    0,    0,    0,    0,    0,    0,    0,    0,    0,    0,    0,    0,    0,    0,    0,    0,    0,    0,    0,    0,    0,    0,    0,    0,    0,    0,    0,    0,    0,    0,    0,    0,    0,    0,    0,    0,    0,    0,    0,    0,    0,    0,    0,    0,    0,    0,    0,    0,    0,    0,    0,    0,    0,    0,    0,    0,    0,    0,    0,    0,    0,    0,    0,    0,    0,  -15,   -3,  -17,    0,  -17,    0,    0,    0,    0,    0,    0,    0,    0,   -4,    0,    0,    0,    0,    0,    0,  -17,    0,    0,    0,    0,    0,    0,    0,    0,    0,    0,    0,    0,    0,    0,    0,    0,    0,    0,    0,    0,    0,    0,    0,   -9,    0,    0,    0,    0,    0,    0,    0,    0,    0,    0,    0,    0,   -9,   -1,  -15,    0,  -17,    0,   -5,   -5,    0,    0,    0,    0,   -7,  -17,  -17,    0,    0,    0,    0,    0,    0,    0,    0,    0,    0,    0,    0,    0,    0,    0,    0,    0,    0,    0,    0,    0,    0,    0,
       5,   13,    0,   27,   -2,    0,    0,    0,    0,    0,    0,    0,    0,    0,    0,    0,    0,    0,    0,   -1,    0,    0,   -4,   -4,   -3,   -4,  -54,   -8,  -31,  -22,   -1,  -44,   -5,   18,   39,    0,   13,    0,    0,    0,    0,    0,    3,   13,    0,    0,    0,    0,    0,    0,    0,    0,    0,   43,   37,    0,    0,    0,    0,    0,    0,    0,    0,    0,   -4,   -4,   -4,    0,    0,    0,    0,    0,    0,    0,    0,    0,    0,    0,    0,    0,    0,    0,    0,    0,    0,    0,    0,    0,   13,   -4,   13,   -4,    0,   -4,    0,    0,    0,    0,   -4,   13,    0,    0,    0,    0,    0,    0,  -54,    0,    0,    0,    0,    0,    0,    0,    0,    0,    0,    0,    0,    0,   -4,    0,    0,    0,    0,    0,    0,    0,    0,    0,    0,    0,    0,    0,    0,    0,    0,    0,    0,    0,    0,    0,    0,    0,    0,    0,    0,    0,    0,    0,    0,    0,    0,    0,    0,    0,    0,    0,    0,    0,    0,    0,    0,    0,    0,    0,    0,    0,    0,    0,    0,    0,    0,    0,    0,    0,    0,    0,    0,    0,    0,    0,    0,    0,    0,    0,    0,    0,    0,    0,    0,    0,    0,    0,    0,    0,    0,    0,    0,    0,    0,    0,    0,    0,    0,    0,    0,    0,    0,    0,    0,    0,    0,    0,    0,    0,    0,    0,    0,    0,    0,    0,    0,    0,    0,    0,    0,    0,    0,    0,    0,    6,   11,    0,   28,   28,   13,    0,    0,    0,
       0,   12,    0,   17,   -2,    0,    0,    0,    0,    0,    0,    0,    0,    0,    0,    0,    0,    0,    0,   -1,    0,    0,   -4,   -4,   -3,   -4,  -54,   -8,  -31,  -22,   -1,  -44,   -5,   16,   18,    0,    5,    0,    0,    0,    0,    0,    3,    5,    0,    0,    0,    0,    0,    0,    0,    0,    0,   20,   17,    0,    0,    0,    0,    0,    0,    0,    0,    0,   -4,   -4,   -4,    0,    0,    0,    0,    0,    0,    0,    0,    0,    0,    0,    0,    0,    0,    0,    0,    0,    0,    0,    0,    0,    5,   -4,    5,   -4,    0,   -4,    0,    0,    0,    0,   -4,    5,    0,    0,    0,    0,    0,    0,  -54,    0,    0,    0,    0,    0,    0,    0,    0,    0,    0,    0,    0,    0,   -4,    0,    0,    0,    0,    0,    0,    0,    0,    0,    0,    0,    0,    0,    0,    0,    0,    0,    0,    0,    0,    0,    0,    0,    0,    0,    0,    0,    0,    0,    0,    0,    0,    0,    0,    0,    0,    0,    0,    0,    0,    0,    0,    0,    0,    0,    0,    0,    0,    0,    0,    0,    0,    0,    0,    0,    0,    0,    0,    0,    0,    0,    0,    0,    0,    0,    0,    0,    0,    0,    0,    0,    0,    0,    0,    0,    0,    0,    0,    0,    0,    0,    0,    0,    0,    0,    0,    0,    0,    0,    0,    0,    0,    0,    0,    0,    0,    0,    0,    0,    0,    0,    0,    0,    0,    0,    0,    0,    0,    0,    0,   -2,    7,    0,   13,   13,   12,    0,    0,    0,
       0,   -6,    0,   18,  -14,    0,    0,    0,    0,    0,    0,    0,    0,    0,    0,    0,    0,    0,    0,   -9,    0,    0,   -6,   -5,   -2,   -1,  -53,  -11,  -39,  -28,   -3,  -57,   -1,   11,   32,    0,    5,   -1,    0,   -3,    0,    0,    0,    5,    0,    0,   -2,    0,   -7,    0,    0,   -7,    0,   36,   31,    0,    0,   -6,    0,    0,    0,  -10,    0,    0,   -6,   -6,   -6,   -3,    0,   -1,   -1,   -1,    0,    0,    0,    0,   -1,   -1,   -1,   -1,    0,   -7,   -1,   -1,   -1,   -1,    0,    0,    5,   -6,    5,   -6,    0,   -6,    0,    0,    0,    0,   -6,    5,    0,    0,   -1,    0,    0,    0,  -53,   -2,    0,   -3,    0,   -1,    0,    0,    0,    0,   -1,    0,   -1,    0,   -6,    0,   -1,    0,    0,   -1,    0,    0,    0,    0,    0,    0,    0,    0,    0,    0,    0,    0,    0,    0,    0,    0,    0,    0,    0,    0,    0,    0,    0,    0,    0,    0,    0,    0,    0,    0,    0,    0,    0,    0,    0,    0,    0,    0,    0,    0,    0,    0,    0,    0,    0,    0,    0,    0,    0,    0,    0,    0,    0,    0,    0,    0,    0,    0,    0,    0,    0,    0,    0,    0,    0,    0,    0,    0,    0,    0,    0,    0,    0,    0,    0,    0,    0,    0,    0,    0,    0,    0,    0,    0,    0,    0,    0,    0,    0,    0,    0,    0,    0,    0,    0,    0,    0,    0,    0,   -1,   -1,   -1,    0,   -1,   -1,  -16,   -5,    0,   20,   20,    5,    0,   -3,   -3,
       0,  -10,    0,    6,  -14,    0,    0,    0,    0,    0,    0,    0,    0,    0,    0,    0,    0,    0,    0,  -12,    0,    0,   -6,   -5,   -2,   -1,  -53,  -11,  -39,  -28,   -3,  -57,   -1,    6,    9,    0,    0,   -1,    0,   -3,    0,    0,    0,    0,    0,    0,   -2,    0,   -7,    0,    0,   -7,    0,   11,    7,    0,    0,   -6,    0,    0,    0,  -10,    0,    0,   -6,   -6,   -6,   -3,    0,   -1,   -1,   -1,    0,    0,    0,    0,   -1,   -1,   -1,   -1,    0,   -7,   -1,   -1,   -1,   -1,    0,    0,    0,   -6,    0,   -6,    0,   -6,    0,    0,    0,    0,   -6,    0,    0,    0,   -1,    0,    0,    0,  -53,   -2,    0,   -3,    0,   -1,    0,    0,    0,    0,   -1,    0,   -1,    0,   -6,    0,   -1,    0,    0,   -1,    0,    0,    0,    0,    0,    0,    0,    0,    0,    0,    0,    0,    0,    0,    0,    0,    0,    0,    0,    0,    0,    0,    0,    0,    0,    0,    0,    0,    0,    0,    0,    0,    0,    0,    0,    0,    0,    0,    0,    0,    0,    0,    0,    0,    0,    0,    0,    0,    0,    0,    0,    0,    0,    0,    0,    0,    0,    0,    0,    0,    0,    0,    0,    0,    0,    0,    0,    0,    0,    0,    0,    0,    0,    0,    0,    0,    0,    0,    0,    0,    0,    0,    0,    0,    0,    0,    0,    0,    0,    0,    0,    0,    0,    0,    0,    0,    0,    0,    0,   -1,   -1,   -1,    0,   -1,   -1,  -25,  -12,    0,    3,    3,    1,    0,   -3,   -3,
       0,  -21,    0,    7,  -18,    0,    0,    0,    0,    0,    0,    0,    0,    0,    0,    0,    0,    0,    0,  -16,    0,   -7,   -8,   -4,  -14,   -8,  -57,   -9,  -39,  -28,  -17,  -58,  -14,    1,   22,    0,    0,    0,    0,   -7,   -2,    0,    0,    0,    0,    0,   -5,    0,   -9,   -4,  -12,  -10,   -5,   27,   21,    0,    0,  -10,    0,    0,    0,  -15,    0,    0,   -8,   -8,   -8,   -7,    0,    0,    0,    0,    0,    0,    0,    0,    0,    0,    0,    0,    0,  -10,    0,    0,    0,    0,   -2,   -2,    0,   -8,    0,   -8,    0,   -8,    0,    0,    0,    0,   -8,    0,    0,    0,    0,    0,    0,    0,  -57,   -5,   -5,   -7,    0,    0,    0,   -2,   -2,    0,   -3,    0,    0,    0,   -8,    0,    0,    0,    0,   -3,    0,    0,    0,    0,    0,    0,    0,    0,    0,    0,    0,    0,    0,    0,    0,    0,    0,    0,    0,    0,    0,    0,    0,    0,    0,    0,    0,    0,    0,    0,    0,    0,    0,    0,    0,    0,    0,    0,    0,    0,    0,    0,    0,    0,    0,    0,    0,    0,    0,    0,    0,    0,    0,    0,    0,    0,    0,    0,    0,    0,    0,    0,    0,    0,    0,    0,    0,    0,    0,    0,    0,    0,    0,    0,    0,    0,    0,    0,    0,    0,    0,    0,    0,    0,    0,    0,    0,    0,    0,    0,    0,    0,    0,    0,    0,    0,    0,    0,    0,    0,    0,    0,    0,    0,    0,  -30,  -21,    0,   10,   10,   -3,    0,   -7,   -7,
       0,  -23,    0,   -1,  -18,    0,    0,    0,    0,    0,    0,    0,    0,    0,    0,    0,    0,    0,    0,  -16,    0,   -7,   -8,   -4,  -14,   -8,  -57,   -9,  -39,  -28,  -17,  -58,  -14,   -1,    1,    0,    0,    0,    0,   -7,   -2,    0,    0,    0,    0,    0,   -5,    0,   -9,   -4,  -12,  -10,   -5,    4,    0,    0,    0,  -10,    0,    0,    0,  -15,    0,    0,   -8,   -8,   -8,   -7,    0,    0,    0,    0,    0,    0,    0,    0,    0,    0,    0,    0,    0,  -10,    0,    0,    0,    0,   -2,   -2,    0,   -8,    0,   -8,    0,   -8,    0,    0,    0,    0,   -8,    0,    0,    0,    0,    0,    0,    0,  -57,   -5,   -5,   -7,    0,    0,    0,   -2,   -2,    0,   -3,    0,    0,    0,   -8,    0,    0,    0,    0,   -3,    0,    0,    0,    0,    0,    0,    0,    0,    0,    0,    0,    0,    0,    0,    0,    0,    0,    0,    0,    0,    0,    0,    0,    0,    0,    0,    0,    0,    0,    0,    0,    0,    0,    0,    0,    0,    0,    0,    0,    0,    0,    0,    0,    0,    0,    0,    0,    0,    0,    0,    0,    0,    0,    0,    0,    0,    0,    0,    0,    0,    0,    0,    0,    0,    0,    0,    0,    0,    0,    0,    0,    0,    0,    0,    0,    0,    0,    0,    0,    0,    0,    0,    0,    0,    0,    0,    0,    0,    0,    0,    0,    0,    0,    0,    0,    0,    0,    0,    0,    0,    0,    0,    0,    0,    0,  -19,  -25,    0,   -5,   -5,   -5,    0,   -7,   -7,
       0,    0,    0,   -2,    0,  -22,  -21,  -18,    0,    0,    0,    0,    0,    0,    0,    0,    0,    0,    0,    0,    0,  -22,   -4,    0,  -36,   -1,  -48,   -1,  -11,   -5,  -25,  -27,  -12,    0,  -12,  -11,    0,   -7,   -8,    0,   -7,    0,    0,    0,    0,   -6,    0,    0,    0,    0,    0,    0,    0,    0,  -10,  -12,    0,    0,    0,    0,    0,    0,    0,    0,   -4,   -4,   -4,    0,  -11,   -7,   -7,   -7,    0,    0,    0,    0,  -11,   -7,   -7,   -7,    0,    0,   -7,   -7,   -7,   -7,   -7,   -7,    0,   -4,    0,   -4,    0,   -4,    0,    0,    0,    0,   -4,    0,    0,    0,   -7,    0,   -6,   -6,  -48,    0,    0,    0,    0,   -7,    0,   -7,   -7,    0,    0,    0,   -7,    0,   -4,    0,   -7,    0,    0,    0,    0,    0,    0,    0,    0,    0,    0,    0,    0,    0,    0,    0,    0,    0,    0,    0,    0,    0,    0,    0,    0,    0,    0,    0,    0,    0,    0,    0,    0,    0,    0,    0,    0,    0,    0,    0,    0,    0,    0,    0,    0,    0,    0,    0,    0,    0,    0,    0,    0,    0,    0,    0,    0,    0,    0,    0,    0,    0,    0,    0,    0,    0,    0,    0,    0,    0,    0,    0,    0,    0,    0,    0,    0,    0,    0,    0,    0,    0,    0,    0,    0,    0,    0,    0,    0,    0,    0,    0,    0,    0,    0,    0,    0,    0,    0,    0,    0,  -11,  -11,   -7,   -7,   -7,    0,   -7,   -7,    0,    0,  -42,    0,    0,    0,    0,    0,    0,
       0,  -24,    0,    0,    0,    0,    0,    0,    0,   -9,   -8,    0,    0,    0,  -18,    0,    0,    0,    0,    0,    0,   -8,    0,    0,  -29,   -6,  -32,    0,  -21,  -13,  -15,  -35,  -11,    0,    0,    0,    0,    0,    0,    0,    0,    0,    0,    0,    0,    0,    0,    0,    0,    0,  -12,   -5,   -3,    0,    0,    0,    0,    0,    0,    0,    0,    0,    0,  -13,    0,    0,    0,    0,    0,    0,    0,    0,    0,    0,    0,    0,    0,    0,    0,    0,    0,   -5,    0,    0,    0,    0,    0,    0,    0,    0,    0,    0,    0,    0,    0,    0,    0,    0,    0,    0,    0,    0,    0,    0,    0,    0,  -57,    0,   -3,    0,    0,    0,    0,    0,    0,   -6,   -2,    0,    0,    0,    0,    0,    0,    0,    0,   -2,  -13,    0,  -32,    0,   -5,    0,  -29,  -20,  -27,   -7,  -21,  -15,   -6,    0,  -15,  -14,  -30,   -6,   -6,    0,    0,    0,   -2,    0,  -11,   -9,    0,    0,    0,  -16,    0,   -5,    0,  -12,    0,    0,   -2,   -7,    0,    0,    0,    0,    0,    0,    0,    0,    0,   -5,    0,    0,    0,    0,    0,    0,    0,    0,    0,    0,    0,    0,    0,    0,    0,    0,    0,   -8,   -2,    0,   -3,  -35,   -5,  -64,   -5,   -3,    0,    0,    0,    0,    0,  -13,    0,    0,    0,    0,   -9,   -6,   -2,    0,    0,    0,    0,   -7,   -5,   -5,    0,  -21,  -17,    0,    0,    0,    0,    0,    0,    0,    0,    0,  -31,    0,  -35,  -36,    0,    0,    0,    0,
       0,    0,    0,    0,    0,  -56,  -56,    0,    0,    0,    0,    0,    0,    0,    0,    0,    0,    0,    0,    0,    0,  -38,    0,   -2,  -37,    0,    0,    0,    0,    0,    0,    0,    0,    0,    0,  -28,    0,  -22,  -26,   -2,  -18,    0,    0,    0,   -1,  -15,   -1,   -1,    0,    0,    0,    0,   -1,    0,    0,    0,    0,    0,    0,    0,    0,    0,    0,  -51,    6,    0,    0,   -2,  -28,  -22,  -22,  -22,   19,    0,    6,    0,  -17,  -22,  -22,  -22,   -1,    0,  -22,  -22,  -22,  -22,  -18,  -18,   17,   -2,    0,   10,    0,    0,    0,    6,    0,    4,   -2,    0,   -1,   -1,  -22,   -1,  -15,  -15,    0,   -1,   -1,   -2,   20,  -22,    0,  -18,  -18,    0,    0,   19,  -28,   58,    0,    0,  -29,   22,   -1,    0,    0,    0,    0,   -2,    0,    0,  -35,  -34,    3,  -39,  -36,    0,    0,   -2,    0,    0,    0,    0,   -5,  -28,   -2,  -22,  -11,  -22,   -2,  -12,   -1,   -1,   -1,  -34,  -12,    0,  -23,    0,   -1,    0,    0,   -9,  -20,  -22,    0,  -15,    0,    2,    0,    0,   -1,    0,    0,    0,    0,    0,    0,    0,    0,    0,    0,    0,    0,    0,    0,    0,    0,    0,    0,  -28,  -11,    0,    0,    0,    0,    0,    0,    0,   -1,   -5,  -13,    0,  -28,  -51,  -22,    0,  -14,  -14,  -12,    0,    0,   -1,   -2,  -22,  -22,   -9,    0,    0,    0,    0,    0,  -38,  -28,  -22,   -7,  -22,    0,  -22,  -14,    0,    0,    0,    0,    0,    0,    0,   -2,   -2,
       0,    0,  -12,    0,    0,  -57,  -57,  -30,    0,    0,    0,    0,    0,    0,    0,    0,    0,   -7,   -6,    0,  -11,  -38,    0,   -2,  -37,    0,    0,    0,    0,    0,    0,    0,    0,    0,    0,  -27,    0,  -22,  -26,   -1,  -18,    0,    0,    0,   -7,  -15,    0,   -2,    0,    0,   -1,    0,   -1,    0,    0,    0,    0,    0,  -27,  -31,    0,    0,  -15,  -51,    0,    0,    0,   -1,  -27,  -22,  -22,  -22,   13,    0,   17,   15,  -15,  -22,  -22,  -22,   -2,    0,  -22,  -22,  -22,  -22,  -18,  -18,   10,   -2,    4,    0,   11,    0,    5,    4,    0,   14,   -2,    0,   -7,   -8,  -22,   -7,  -15,  -15,    0,    0,   -1,   -1,   17,  -22,    0,  -18,  -18,    0,    0,   16,  -34,   51,    0,   12,  -34,   10,   -2,    0,    0,    0,    0,   -2,    0,    0,  -34,  -34,    0,  -39,  -36,    0,    0,   -2,    0,    0,    0,    0,    0,  -27,   -2,  -22,  -12,  -22,   -8,  -13,   -2,   -2,   -7,  -34,  -13,    0,  -24,   -1,   -2,    0,    0,  -10,  -20,  -22,    4,  -15,    0,   17,    0,    4,   -2,    0,    0,    0,    0,    0,    0,    0,    0,    0,    0,    0,    0,    0,    0,    0,    0,    0,    0,  -28,  -12,    0,    0,    0,    0,    0,    0,    0,   -2,   -5,  -14,    0,  -27,  -51,  -22,    0,  -14,  -14,  -13,    0,    0,   -2,   -2,  -22,  -22,  -12,    0,    0,    0,    0,   -1,  -45,  -27,  -22,  -14,  -22,    0,  -22,  -21,    0,    0,  -55,    0,    0,    0,    0,   -1,   -1,
       0,  -54,    0,    0,    0,    0,    0,    0,    0,    0,    0,    0,    0,    0,    0,    0,    0,    0,    0,    0,    0,    0,    0,  -17,    0,    0,  -35,  -14,  -39,  -29,    0,  -42,    0,    0,    0,    0,    0,    0,    0,   -6,    0,    0,    0,    0,    0,    0,   -7,    0,  -22,  -15,    0,  -22,    0,    0,    0,    0,    0,    0,    0,    0,    0,    0,    0,    0,    0,    0,    0,   -6,    0,    0,    0,    0,    0,    0,    0,    0,    0,    0,    0,    0,    0,  -22,    0,    0,    0,    0,    0,    0,    0,   -3,    0,    0,    0,    0,    0,    0,    0,    0,   -3,    0,    0,    0,    0,    0,    0,    0,  -35,   -7,    0,   -6,    0,    0,    0,    0,    0,    0,   -8,    0,    0,    0,    0,    0,    0,    0,    0,   -8,    0,    0,  -35,  -17,    0,    0,    0,    0,  -17,    0,    0,    0,    0,  -18,    0,  -49,  -33,    0,    0,    0,   -8,    0,    0,    0,    0,    0,    0,    0,    0,    0,    0,  -22,    0,    0,    0,  -17,  -19,    0,    0,    0,    0,    0,    0,    0,    0,    0,    0,  -22,    0,    0,    0,    0,    0,    0,    0,    0,    0,    0,    0,    0,    0,    0,    0,    0,    0,    0,    0,    0,  -20,  -42,  -23,  -79,  -23,  -24,    0,  -38,  -19,    0,    0,    0,    0,  -11,    0,    0,    0,    0,  -10,    0,  -17,    0,    0,    0,  -22,  -22,  -17,    0,    0,    0,    0,    0,    0,    0,    0,    0,    0,    0,  -55,    0,  -55,  -55,    0,    0,   -6,   -6,
       0,    0,  -11,    0,    0,  -54,  -54,  -23,    0,    0,    0,    0,    0,    0,    0,    0,    0,    0,    0,    0,   -2,  -29,    0,    0,  -37,    0,    0,    0,    0,    0,    0,    0,    0,    0,    0,  -15,    0,  -11,  -14,    0,   -8,    0,    0,    0,    0,   -2,    0,    0,    0,    0,    0,    0,    0,    0,    0,    0,    0,    0,  -15,  -17,    0,    0,   -2,  -44,    0,    0,    0,    0,  -15,  -11,  -11,  -11,    3,    0,    0,    0,  -15,  -11,  -11,  -11,    0,    0,  -11,  -11,  -11,  -11,   -8,   -8,    0,   -1,    0,    0,    0,    0,    0,    0,    0,    0,   -1,    0,    0,    5,  -11,    0,   -2,   -2,    0,    0,    0,    0,    9,  -11,    0,   -8,   -8,    0,    0,    8,  -11,   37,    0,    0,  -11,    9,    0,    0,    0,    0,    0,    0,    0,    0,  -34,  -32,    0,  -30,  -34,    0,    0,    0,    0,    0,    0,    0,    0,  -15,    0,  -11,   -2,  -11,    0,   -2,    0,    0,    0,  -25,   -7,    0,  -13,    0,    0,    0,    0,   -2,  -10,  -11,    0,   -2,    0,    0,    0,    0,    0,    0,    0,    0,    0,    0,    0,    0,    0,    0,    0,    0,    0,    0,    0,    0,    0,    0,    0,  -17,   -2,    0,    0,    0,    0,    0,    0,    0,    0,    0,   -4,    0,  -15,  -44,  -11,    0,   -2,   -2,   -2,    0,    0,    0,    0,  -11,  -11,   -2,    0,    0,    0,    0,    0,  -15,  -15,  -11,  -11,  -11,    0,  -11,  -11,    0,    0,  -54,    0,    0,    0,    0,    0,    0,
       0,    0,    0,    0,    0,  -56,  -56,    0,    0,    0,    0,    0,    0,    0,    0,    0,    0,    0,    0,    0,    0,  -38,    0,   -2,  -37,    0,    0,    0,    0,    0,    0,    0,    0,    0,    0,  -28,    0,  -22,  -26,   -2,  -18,    0,    0,    0,   -1,  -15,   -1,   -1,    0,    0,    0,    0,   -1,    0,    0,    0,    0,    0,    0,    0,    0,    0,    0,  -51,    6,    0,    0,   -2,  -28,  -22,  -22,  -22,   19,    0,    6,    0,  -17,  -22,  -22,  -22,   -1,    0,  -22,  -22,  -22,  -22,  -18,  -18,   17,   -2,    0,   10,    0,    0,    0,    6,    0,    4,   -2,    0,   -1,   -1,  -22,   -1,  -15,  -15,    0,   -1,   -1,   -2,   20,  -22,    0,  -18,  -18,    0,    0,   19,  -29,   58,    0,    0,  -29,   22,   -1,    0,    0,    0,    0,   -2,    0,    0,  -35,  -34,    3,  -39,  -36,    0,    0,   -2,    0,    0,    0,    0,   -5,  -28,   -2,  -22,  -11,  -22,   -2,  -12,   -1,   -1,   -1,  -34,  -12,    0,  -23,    0,   -1,    0,    0,   -9,  -20,  -22,    0,  -15,    0,    2,    0,    0,   -1,    0,    0,    0,    0,    0,    0,    0,    0,    0,    0,    0,    0,    0,    0,    0,    0,    0,    0,  -28,  -11,    0,    0,    0,    0,    0,    0,    0,   -1,   -5,  -13,    0,  -28,  -51,  -22,    0,  -14,  -14,  -12,    0,    0,   -1,   -2,  -22,  -22,   -9,    0,    0,    0,    0,    0,  -38,  -28,  -22,   -7,  -22,    0,  -22,  -14,    0,    0,    0,    0,    0,    0,    0,   -2,   -2,
       0,    0,  -11,    0,    0,  -55,  -56,  -23,    0,    0,    0,    0,    0,    0,    0,    0,    0,    0,    0,    0,   -2,  -30,    0,    0,  -37,    0,    0,    0,    0,    0,    0,    0,    0,    0,    0,  -15,    0,  -11,  -14,    0,   -8,    0,    0,    0,    0,   -2,    0,    0,    0,    0,    0,    0,    0,    0,    0,    0,    0,    0,  -15,  -17,    0,    0,   -2,  -44,    0,    0,    0,    0,  -15,  -11,  -11,  -11,    2,    0,    0,    0,  -15,  -11,  -11,  -11,    0,    0,  -11,  -11,  -11,  -11,   -8,   -8,    0,   -1,    0,    0,    0,    0,    0,    0,    0,    0,   -1,    0,    0,    5,  -11,    0,   -2,   -2,    0,    0,    0,    0,    8,  -11,    0,   -8,   -8,    0,    0,    7,  -11,   37,    0,    0,  -11,    9,    0,    0,    0,    0,    0,    0,    0,    0,  -34,  -32,    0,  -31,  -34,    0,    0,    0,    0,    0,    0,    0,    0,  -15,    0,  -11,   -2,  -11,    0,   -2,    0,    0,    0,  -25,   -7,    0,  -13,    0,    0,    0,    0,   -2,  -10,  -11,    0,   -2,    0,    0,    0,    0,    0,    0,    0,    0,    0,    0,    0,    0,    0,    0,    0,    0,    0,    0,    0,    0,    0,    0,    0,  -17,   -2,    0,    0,    0,    0,    0,    0,    0,    0,    0,   -4,    0,  -15,  -44,  -11,    0,   -2,   -2,   -2,    0,    0,    0,    0,  -11,  -11,   -2,    0,    0,    0,    0,    0,  -15,  -15,  -11,  -11,  -11,    0,  -11,  -11,    0,    0,  -54,    0,    0,    0,    0,    0,    0,
       0,    0,    0,    0,    0,    0,    0,    0,    0,  -12,  -11,    0,    0,   -2,  -20,    0,   -2,    0,    0,    0,    0,    0,    0,    0,    0,    0,    0,    0,    0,    0,    0,    0,    0,    0,    0,    0,    0,    0,    0,    0,    0,    0,    0,  -18,    0,    0,    0,    0,    0,    0,    0,    0,    0,    0,    0,    0,    0,    0,    0,    0,    0,    0,    0,    0,    0,    0,    0,    0,    0,    0,    0,    0,    0,    0,    0,    0,    0,    0,    0,    0,    0,    0,    0,    0,    0,    0,    0,    0,    0,    0,    0,    0,    0,    0,    0,    0,    0,    0,    0,  -18,    0,    0,    0,    0,    0,    0,    0,    0,    0,    0,    0,    0,    0,    0,    0,    0,    0,    0,    0,    0,    0,    0,    0,    0,    0,    0,    0,    0,    0,    0,    0,    0,    0,    0,    0,    0,    0,    0,    0,    0,    0,    0,    0,    0,    0,    0,    0,    0,    0,    0,    0,    0,    0,    0,    0,    0,    0,    0,    0,    0,    0,    0,    0,    0,    0,    0,    0,    0,    0,    0,    0,    0,    0,    0,    0,    0,    0,    0,    0,    0,    0,    0,    0,    0,    0,    0,    0,    0,    0,    0,    0,    0,    0,    0,    0,    0,    0,    0,    0,    0,    0,    0,    0,    0,    0,    0,    0,    0,    0,    0,    0,    0,    0,    0,    0,    0,    0,    0,    0,    0,    0,    0,    0,    0,    0,    0,    0,    0,    0,    0,    0,    0,    0,    0,    0,    0,    0,    0,    0,    0,
       0,    0,    0,    4,    2,  -13,  -13,  -12,    0,    0,    0,    0,    0,    0,    0,    0,    0,    0,    0,    0,    0,  -18,   -1,    0,  -26,   -1,    3,    0,   14,   11,    3,   14,    0,    5,    6,  -11,    0,   -7,   -7,    0,   -1,    0,    0,    0,    0,    0,    0,    0,    0,    0,    0,    0,    0,    3,    4,   -8,    0,    0,   -2,   -3,    0,    0,    0,    0,   -1,   -1,   -1,    0,  -11,   -7,   -7,   -7,   27,    0,    7,   21,  -12,   -7,   -7,   -7,    0,    0,   -7,   -7,   -7,   -7,   -1,   -1,    0,   -1,    0,   -1,   13,   -1,   12,   14,    0,    0,   -1,    0,    0,   10,   -7,    0,    0,    0,    3,    0,    0,    0,   32,   -7,    0,   -1,   -1,    0,    0,   33,   -2,   70,   -1,   17,   -4,   33,    0,    0,    0,    0,    0,    0,    0,    0,    0,    0,    0,    0,    0,    0,    0,    0,    0,    0,    0,    0,    0,    0,    0,    0,    0,    0,    0,    0,    0,    0,    0,    0,    0,    0,    0,    0,    0,    0,    0,    0,    0,    0,    0,    0,    0,    0,    0,    0,    0,    0,    0,    0,    0,    0,    0,    0,    0,    0,    0,    0,    0,    0,    0,    0,    0,    0,    0,    0,    0,    0,    0,    0,    0,    0,    0,    0,    0,    0,    0,    0,    0,    0,    0,    0,    0,    0,    0,    0,    0,    0,    0,    0,    0,    0,    0,    0,    0,    0,    0,  -11,  -11,   -7,   10,   -7,    6,   -7,    3,    0,    0,  -13,    4,    4,    0,    0,    0,    0,
       0,    0,    0,    0,    0,    0,    0,    0,    0,    0,    0,    0,    0,    0,    0,    0,    0,    0,    0,    0,    0,    0,   -3,   -5,   -3,   -1,   -4,   -5,    0,    0,    0,   -3,   -4,    0,    0,    0,    0,    0,    0,    0,    0,    0,    0,    0,    0,    0,    0,    0,    0,    0,    0,    0,    0,    0,    0,    0,    0,    0,    0,    0,    0,    0,    0,    0,   -3,   -3,   -3,    0,    0,    0,    0,    0,    0,    0,    0,    0,    0,    0,    0,    0,    0,    0,    0,    0,    0,    0,    0,    0,    0,   -3,    0,   -3,    0,   -3,    0,    0,    0,    0,   -3,    0,    0,    0,    0,    0,    0,    0,   -4,    0,    0,    0,    0,    0,    0,    0,    0,    0,    0,    0,    0,   26,   -3,    0,    0,    0,    0,    0,    0,    0,    0,    0,    0,    0,    0,    0,    0,    0,    0,    0,    0,    0,    0,    0,    0,    0,    0,    0,    0,    0,    0,    0,    0,    0,    0,    0,    0,    0,    0,    0,    0,    0,    0,    0,    0,    0,    0,    0,    0,    0,    0,    0,    0,    0,    0,    0,    0,    0,    0,    0,    0,    0,    0,    0,    0,    0,    0,    0,    0,    0,    0,    0,    0,    0,    0,    0,    0,    0,    0,    0,    0,    0,    0,    0,    0,    0,    0,    0,    0,    0,    0,    0,    0,    0,    0,    0,    0,    0,    0,    0,    0,    0,    0,    0,    0,    0,    0,    0,    0,    0,    0,    0,    0,    0,    0,    0,    0,    0,    0,    0,    0,    0,
};

static const EpdLigaturePair lato_16_bolditalicLigaturePairs[] = {
    { 0x00660066, 0xFB00 }, // f f -> U+FB00
    { 0x00660069, 0xFB01 }, // f i -> U+FB01
    { 0x0066006C, 0xFB02 }, // f l -> U+FB02
    { 0xFB000069, 0xFB03 }, // U+FB00 i -> U+FB03
    { 0xFB00006C, 0xFB04 }, // U+FB00 l -> U+FB04
};

static constexpr EpdFontData lato_16_bolditalic = {
    lato_16_bolditalicBitmaps,
    lato_16_bolditalicGlyphs,
    lato_16_bolditalicIntervals,
    52,
    40,
    33,
    -8,
    true,
    lato_16_bolditalicGroups,
    17,
    nullptr,
    lato_16_bolditalicKernLeftClasses,
    lato_16_bolditalicKernRightClasses,
    lato_16_bolditalicKernMatrix,
    721,
    726,
    244,
    240,
    lato_16_bolditalicLigaturePairs,
    5,
};
