/**
 * generated by fontconvert.py
 * name: lato_16_regular
 * size: 16
 * mode: 2-bit  compressed: true
 * Command used: fontconvert.py lato_16_regular 16 ../builtinFonts/source/Lato/Lato-Regular.ttf ../builtinFonts/source/ChareInk7/ChareInk7-Regular.ttf ../builtinFonts/source/NotoEmoji/NotoEmoji-Regular.ttf ../builtinFonts/source/NotoSymbols/NotoSansSymbols-Regular.ttf ../builtinFonts/source/NotoSansCJKsc/NotoSansCJKsc-Regular.otf --additional-intervals 0x03BB,0x03BB --additional-intervals 0x0410,0x0414 --additional-intervals 0x0418,0x0418 --additional-intervals 0x041B,0x041B --additional-intervals 0x041D,0x0423 --additional-intervals 0x0425,0x0425 --additional-intervals 0x0427,0x0427 --additional-intervals 0x042B,0x042C --additional-intervals 0x042E,0x0432 --additional-intervals 0x0434,0x0435 --additional-intervals 0x0437,0x0437 --additional-intervals 0x043A,0x043A --additional-intervals 0x043D,0x043E --additional-intervals 0x0440,0x0440 --additional-intervals 0x0442,0x0442 --additional-intervals 0x0446,0x0446 --additional-intervals 0x044C,0x044C --additional-intervals 0x044E,0x044E --additional-intervals 0x2113,0x2113 --additional-intervals 0x2669,0x266F --additional-intervals 0x1F600,0x1F607 --additional-intervals 0x1F609,0x1F614 --additional-intervals 0x1F618,0x1F618 --additional-intervals 0x1F61A,0x1F61A --additional-intervals 0x1F61C,0x1F61D --additional-intervals 0x1F620,0x1F622 --additional-intervals 0x1F624,0x1F625 --additional-intervals 0x1F629,0x1F629 --additional-intervals 0x1F62C,0x1F62E --additional-intervals 0x1F631,0x1F635 --additional-intervals 0x1F641,0x1F642 --additional-intervals 0x1F644,0x1F644 --additional-intervals 0x1F44B,0x1F44F --additional-intervals 0x2764,0x2764 --additional-intervals 0x4F1A,0x4F1A --additional-intervals 0x53BB,0x53BB --additional-intervals 0x5458,0x5458 --additional-intervals 0x59DA,0x59DA --additional-intervals 0x5B98,0x5B98 --additional-intervals 0x5BA4,0x5BA4 --additional-intervals 0x5E26,0x5E26 --additional-intervals 0x6211,0x6211 --additional-intervals 0x62C9,0x62C9 --additional-intervals 0x653E,0x653E --additional-intervals 0x6746,0x677F --additional-intervals 0x7532,0x7532 --additional-intervals 0x7684,0x7684 --additional-intervals 0x8BAE,0x8BAE --additional-intervals 0x8BF7,0x8BF7 --additional-intervals 0x91CA,0x91CA --font-include-intervals 1:0x03BB,0x03BB --font-include-intervals 1:0x0410,0x0414 --font-include-intervals 1:0x0418,0x0418 --font-include-intervals 1:0x041B,0x041B --font-include-intervals 1:0x041D,0x0423 --font-include-intervals 1:0x0425,0x0425 --font-include-intervals 1:0x0427,0x0427 --font-include-intervals 1:0x042B,0x042C --font-include-intervals 1:0x042E,0x0432 --font-include-intervals 1:0x0434,0x0435 --font-include-intervals 1:0x0437,0x0437 --font-include-intervals 1:0x043A,0x043A --font-include-intervals 1:0x043D,0x043E --font-include-intervals 1:0x0440,0x0440 --font-include-intervals 1:0x0442,0x0442 --font-include-intervals 1:0x0446,0x0446 --font-include-intervals 1:0x044C,0x044C --font-include-intervals 1:0x044E,0x044E --font-include-intervals 1:0x2113,0x2113 --font-include-intervals 2:0x1F600,0x1F607 --font-include-intervals 2:0x1F609,0x1F614 --font-include-intervals 2:0x1F618,0x1F618 --font-include-intervals 2:0x1F61A,0x1F61A --font-include-intervals 2:0x1F61C,0x1F61D --font-include-intervals 2:0x1F620,0x1F622 --font-include-intervals 2:0x1F624,0x1F625 --font-include-intervals 2:0x1F629,0x1F629 --font-include-intervals 2:0x1F62C,0x1F62E --font-include-intervals 2:0x1F631,0x1F635 --font-include-intervals 2:0x1F641,0x1F642 --font-include-intervals 2:0x1F644,0x1F644 --font-include-intervals 2:0x1F44B,0x1F44F --font-include-intervals 2:0x2764,0x2764 --font-include-intervals 3:0x2669,0x266F --font-include-intervals 4:0x4F1A,0x4F1A --font-include-intervals 4:0x53BB,0x53BB --font-include-intervals 4:0x5458,0x5458 --font-include-intervals 4:0x59DA,0x59DA --font-include-intervals 4:0x5B98,0x5B98 --font-include-intervals 4:0x5BA4,0x5BA4 --font-include-intervals 4:0x5E26,0x5E26 --font-include-intervals 4:0x6211,0x6211 --font-include-intervals 4:0x62C9,0x62C9 --font-include-intervals 4:0x653E,0x653E --font-include-intervals 4:0x6746,0x677F --font-include-intervals 4:0x7532,0x7532 --font-include-intervals 4:0x7684,0x7684 --font-include-intervals 4:0x8BAE,0x8BAE --font-include-intervals 4:0x8BF7,0x8BF7 --font-include-intervals 4:0x91CA,0x91CA --2bit --compress --pnum --darken-aa
 */
#pragma once
#include "EpdFontData.h"

static const uint8_t lato_16_regularBitmaps[42581] = {
    0xBD, 0x59, 0xBD, 0x8E, 0xDD, 0xC6, 0x15, 0x3E, 0x24, 0x05, 0xB1, 0x20, 0x10, 0xBA, 0x4C, 0x22,
    0x04, 0x74, 0x91, 0x42, 0x69, 0x32, 0x6D, 0x0A, 0xF9, 0x0E, 0x15, 0x3F, 0x40, 0x5E, 0xC1, 0x45,
    0x7A, 0x35, 0x29, 0x5C, 0x48, 0x4B, 0x26, 0x29, 0xD2, 0xE6, 0x0D, 0xE2, 0x37, 0xB0, 0x8A, 0x14,
    0x29, 0x76, 0x97, 0x74, 0x95, 0x22, 0x45, 0xE8, 0x27, 0x30, 0x01, 0x1B, 0x48, 0x91, 0xC2, 0x13,
    0x98, 0x88, 0x29, 0x68, 0xC8, 0xC9, 0xF7, 0x9D, 0x21, 0xEF, 0xDE, 0x95, 0xB4, 0xEB, 0x95, 0x6C,
    0xE4, 0x5E, 0xCE, 0xE1, 0xBD, 0xE4, 0xFC, 0x9D, 0xFF, 0x9F, 0xB1, 0x62, 0x6F, 0xF8, 0x1E, 0xE4,
    0x97, 0x72, 0xF5, 0xB1, 0xD2, 0xD5, 0x5D, 0x6D, 0xC5, 0x9B, 0x6B, 0xD7, 0x5C, 0xF1, 0x7A, 0x5E,
    0x8A, 0x64, 0x7D, 0xD9, 0x4A, 0x41, 0x50, 0xF6, 0x65, 0x2D, 0x65, 0x5B, 0x89, 0x94, 0xB5, 0x11,
    0xA9, 0x30, 0x56, 0x0C, 0xA6, 0xAB, 0x42, 0x08, 0xDE, 0x00, 0xCC, 0xF8, 0x73, 0x2E, 0xF2, 0x81,
    0x78, 0x91, 0xA7, 0x32, 0x0B, 0xFE, 0x00, 0x78, 0x99, 0x44, 0xE6, 0xC4, 0x49, 0x87, 0x2E, 0xAE,
    0x21, 0x48, 0x5C, 0x36, 0x4A, 0xEA, 0xB2, 0x41, 0x32, 0x97, 0xF7, 0x92, 0x8D, 0x05, 0xC0, 0x50,
    0xF6, 0x92, 0x1F, 0x17, 0x13, 0xF9, 0x39, 0xB7, 0xF7, 0x31, 0xC1, 0xDF, 0x08, 0xFE, 0x8A, 0x66,
    0x42, 0x2D, 0x49, 0x08, 0x93, 0xE4, 0x21, 0x2C, 0x52, 0x8E, 0xEE, 0x5C, 0xAA, 0xDE, 0xE1, 0x79,
    0x4D, 0x20, 0x04, 0x2D, 0x80, 0x3E, 0x2B, 0x5F, 0x00, 0x64, 0x01, 0x40, 0x02, 0x86, 0x49, 0xC1,
    0x9F, 0x69, 0xC0, 0xD6, 0xD2, 0xCF, 0x57, 0x80, 0xA1, 0xC1, 0xEB, 0xC1, 0x12, 0xC1, 0x0D, 0x3C,
    0xCC, 0xFA, 0x33, 0x69, 0x3E, 0xFC, 0xCC, 0x4B, 0xF3, 0xF2, 0xEB, 0x49, 0xCA, 0x10, 0x06, 0x91,
    0x0E, 0x7D, 0xB1, 0x2D, 0x82, 0x76, 0x07, 0xF7, 0x85, 0x33, 0x61, 0x90, 0x2B, 0xD1, 0xA5, 0x18,
    0xEC, 0x87, 0x4E, 0xAA, 0xF6, 0x03, 0x20, 0x6B, 0x81, 0xF2, 0x39, 0x30, 0x06, 0x4C, 0x27, 0x42,
    0xE0, 0x09, 0x08, 0xCC, 0xF0, 0x16, 0x34, 0x43, 0xCF, 0x33, 0x6C, 0x2D, 0x0C, 0xDC, 0x46, 0xC8,
    0xB8, 0x39, 0x8C, 0xEF, 0xB0, 0x4E, 0xF5, 0x47, 0xA0, 0x25, 0xB6, 0x18, 0x40, 0x40, 0x5F, 0xD6,
    0x07, 0x49, 0xA7, 0x0A, 0x28, 0xE5, 0xA3, 0x01, 0xA1, 0xCB, 0xDE, 0x28, 0xB9, 0xF9, 0xE4, 0x02,
    0xD4, 0x3F, 0x24, 0x33, 0x86, 0x79, 0x8C, 0xCF, 0xC2, 0x84, 0xC9, 0x05, 0x33, 0xA4, 0x81, 0x5B,
    0xAB, 0x38, 0x8B, 0x34, 0xBF, 0xC6, 0xFC, 0xD8, 0x06, 0xD6, 0xD2, 0x4D, 0x09, 0xFA, 0xDF, 0x53,
    0x28, 0xFA, 0x9C, 0x9F, 0x45, 0x61, 0x13, 0x85, 0x80, 0xF8, 0x49, 0xC7, 0xED, 0x64, 0xA0, 0xD0,
    0x01, 0xA4, 0x0D, 0x80, 0xB6, 0xB5, 0xFD, 0x33, 0x0C, 0x2F, 0x41, 0xE7, 0x4B, 0xC9, 0xFC, 0x0C,
    0x28, 0x58, 0x00, 0xD0, 0x3A, 0x0E, 0xAD, 0x1C, 0xFA, 0x48, 0xE3, 0xA5, 0x9C, 0x8A, 0x25, 0x90,
    0x2B, 0x23, 0xA6, 0xEA, 0xC0, 0x1A, 0xE7, 0xF9, 0x99, 0xE7, 0xE7, 0xF2, 0x1E, 0x78, 0x3F, 0x83,
    0xCD, 0x23, 0xC4, 0xA7, 0xAF, 0xEA, 0x28, 0x81, 0x67, 0xF2, 0x4C, 0x29, 0x15, 0xBF, 0xCF, 0xF0,
    0x3D, 0xA8, 0x6C, 0x9A, 0x9A, 0xBD, 0xF2, 0x31, 0x73, 0xD8, 0xAB, 0x97, 0x8F, 0x30, 0x58, 0xD1,
    0x00, 0xEA, 0x6D, 0xD9, 0x17, 0xFA, 0x26, 0x73, 0x29, 0xBF, 0x53, 0xB2, 0x7D, 0xF9, 0x8F, 0x4F,
    0x21, 0x45, 0x10, 0xA1, 0xB2, 0x35, 0xCA, 0x85, 0x59, 0xDE, 0x17, 0x0A, 0x84, 0x93, 0x4F, 0xDC,
    0x27, 0x17, 0xDF, 0xBA, 0x2A, 0xD4, 0x99, 0x07, 0x79, 0xEA, 0x8B, 0x6F, 0x47, 0x3C, 0x89, 0xAF,
    0x44, 0x39, 0x70, 0x2B, 0xA0, 0xBC, 0xB6, 0x0A, 0xEE, 0xD0, 0xD9, 0x28, 0xC9, 0x4C, 0x9B, 0xD7,
    0xA5, 0xFC, 0x4C, 0x7E, 0x05, 0xDC, 0x21, 0x7A, 0xB8, 0x4C, 0x6D, 0x7B, 0x3C, 0xA7, 0x14, 0xB6,
    0xD4, 0x1E, 0xF6, 0x14, 0xA0, 0x4C, 0x35, 0x89, 0xFC, 0x00, 0xD7, 0x52, 0xEE, 0x67, 0x8C, 0xC2,
    0x46, 0x9E, 0xBE, 0x63, 0x37, 0xE5, 0x71, 0x4E, 0x61, 0xB0, 0x50, 0x48, 0x59, 0x1F, 0x07, 0xC9,
    0x26, 0xE8, 0x45, 0x31, 0x4A, 0x49, 0x15, 0xCB, 0x9C, 0x21, 0x2A, 0xB6, 0x96, 0x74, 0xA6, 0x64,
    0xF8, 0x1D, 0x88, 0x6F, 0x8E, 0xC0, 0x6E, 0x60, 0x7F, 0xCB, 0xCE, 0x3A, 0x4C, 0x27, 0xD0, 0xA9,
    0x74, 0x52, 0x59, 0x93, 0xB0, 0x2D, 0xA4, 0x4B, 0xE6, 0x4E, 0x0C, 0x14, 0xDD, 0x41, 0xEF, 0xCA,
    0x97, 0xCE, 0xFE, 0xDD, 0xD9, 0xDC, 0xDD, 0xC3, 0xC3, 0xB7, 0xBD, 0x0C, 0x35, 0x94, 0xFA, 0x57,
    0xCC, 0xC5, 0x04, 0x7D, 0x4E, 0xBC, 0x60, 0x0F, 0x0B, 0x45, 0xF9, 0x52, 0x7E, 0x41, 0x20, 0x1B,
    0xA0, 0x18, 0x27, 0x24, 0x4D, 0x46, 0xC4, 0x0B, 0x72, 0xA2, 0xA2, 0x34, 0x37, 0x20, 0x4B, 0xC2,
    0x97, 0x39, 0x15, 0xA2, 0x1A, 0x28, 0xE5, 0x78, 0x24, 0xEB, 0xDE, 0xB5, 0x1C, 0xF9, 0x08, 0x8C,
    0x55, 0xBB, 0x04, 0x46, 0x01, 0xEC, 0xEB, 0x8E, 0x5C, 0x77, 0x06, 0x92, 0x20, 0x3A, 0x90, 0xBC,
    0xE4, 0xBA, 0x8D, 0xFC, 0x84, 0xD6, 0x12, 0x1F, 0x6A, 0x15, 0xD4, 0x70, 0x5B, 0xB7, 0x52, 0x33,
    0x53, 0x13, 0x70, 0xC6, 0x07, 0xAA, 0x5D, 0x6B, 0x34, 0xAD, 0xBA, 0xE8, 0x3D, 0x02, 0xAA, 0x4C,
    0x9C, 0xC5, 0xF4, 0xD8, 0x33, 0xF4, 0x65, 0xC6, 0x00, 0x8E, 0x68, 0xB4, 0x6F, 0x44, 0x81, 0xA0,
    0x24, 0x30, 0x04, 0x96, 0x60, 0xA5, 0xA5, 0xF0, 0x9E, 0xA4, 0x05, 0x28, 0x69, 0x38, 0x6C, 0x0F,
    0xD0, 0x61, 0x6B, 0xC0, 0xCF, 0x13, 0x19, 0xE8, 0x9F, 0xE3, 0x4E, 0x7B, 0x51, 0x32, 0x79, 0x15,
    0xDA, 0xD9, 0xAA, 0x45, 0xDE, 0xD4, 0xFD, 0xCD, 0x00, 0x3B, 0x98, 0xD1, 0x26, 0x95, 0xA7, 0x21,
    0xCA, 0x54, 0xB1, 0xCB, 0x15, 0x5B, 0x4B, 0x8B, 0xF2, 0x02, 0x76, 0x37, 0xF4, 0x45, 0x6B, 0x5C,
    0x24, 0x5D, 0xE2, 0xB7, 0x19, 0x96, 0xAD, 0x6D, 0xFF, 0xD3, 0xF9, 0x21, 0x76, 0xD9, 0xB5, 0x4F,
    0x06, 0xAC, 0x2F, 0xF7, 0xC3, 0x57, 0x3B, 0xE1, 0x9B, 0x76, 0x27, 0xBC, 0xDF, 0x79, 0xC4, 0xD9,
    0x23, 0x43, 0x2E, 0x8F, 0xD8, 0xBF, 0x04, 0x15, 0x61, 0x74, 0x61, 0x4B, 0xE7, 0xC2, 0xD3, 0x26,
    0xAD, 0xA4, 0x98, 0xA5, 0xA1, 0x51, 0x02, 0x9A, 0x56, 0xC1, 0x19, 0xED, 0xBD, 0x3D, 0xD2, 0xB3,
    0x22, 0x3D, 0x0B, 0xD2, 0x53, 0x05, 0x46, 0x59, 0x48, 0xD4, 0x7B, 0x05, 0xBB, 0x38, 0xE8, 0x52,
    0xDD, 0x2E, 0x30, 0xE9, 0x51, 0x60, 0x72, 0xB7, 0x8B, 0x42, 0xEC, 0xD6, 0xEE, 0x36, 0x71, 0xBD,
    0x26, 0x57, 0x6F, 0xEA, 0x66, 0x8F, 0x8C, 0x3E, 0x76, 0xD3, 0xC5, 0x13, 0xB2, 0x35, 0x9F, 0xF3,
    0x4D, 0x7E, 0x30, 0xE0, 0x8C, 0x42, 0x64, 0x23, 0xC0, 0xDF, 0x86, 0x2F, 0x16, 0x8C, 0xC8, 0xC9,
    0x47, 0xE0, 0x9B, 0xD0, 0xBA, 0x14, 0x73, 0x4E, 0x49, 0x87, 0x60, 0x61, 0xAF, 0x8A, 0x9B, 0x69,
    0x9B, 0x1D, 0xF4, 0xFA, 0x97, 0x2F, 0x6A, 0x70, 0xB9, 0x93, 0x92, 0x63, 0x53, 0xD2, 0x0A, 0x4B,
    0x02, 0xB5, 0x27, 0x2F, 0xC8, 0xCB, 0xBE, 0x9C, 0x2A, 0x67, 0xDB, 0x74, 0xC6, 0x10, 0x0F, 0x01,
    0xBD, 0xC0, 0xFC, 0x67, 0x6C, 0xC0, 0xF9, 0x12, 0xB4, 0x5B, 0x6C, 0x9D, 0x7A, 0x33, 0x56, 0xBE,
    0x00, 0xCF, 0x93, 0xEE, 0xDF, 0x2E, 0xF2, 0x81, 0xD8, 0x74, 0x11, 0x5B, 0x28, 0xB5, 0xA2, 0x89,
    0x45, 0x54, 0x83, 0xD6, 0xC8, 0xB3, 0x33, 0x81, 0x82, 0x44, 0xB9, 0xBF, 0xF6, 0xD9, 0x9F, 0x1F,
    0x04, 0x66, 0xAE, 0x3E, 0xBC, 0xF6, 0xFE, 0x80, 0x79, 0x19, 0x5C, 0x94, 0xF2, 0x23, 0x79, 0x24,
    0xCF, 0x8F, 0xCF, 0x13, 0x2C, 0x51, 0x8D, 0xC0, 0xBB, 0x97, 0x6A, 0xC1, 0x6D, 0x90, 0x12, 0x5B,
    0x6C, 0xC0, 0xBD, 0x06, 0x6F, 0x0A, 0x12, 0xB5, 0x3B, 0xFE, 0xC0, 0xD3, 0x82, 0x94, 0x1F, 0xD5,
    0x47, 0x21, 0xD4, 0x60, 0x7B, 0x75, 0xA5, 0xD3, 0xE7, 0x1F, 0x6F, 0xEA, 0x6F, 0x27, 0x5A, 0x25,
    0xFC, 0x68, 0x8E, 0x3F, 0x46, 0x9D, 0x8F, 0xF3, 0x62, 0x7E, 0xDE, 0xAC, 0x8B, 0xFC, 0xFE, 0xDD,
    0x36, 0xCF, 0x7D, 0xEC, 0x85, 0xE6, 0xEC, 0xF2, 0xF1, 0x8A, 0x00, 0x84, 0x2C, 0xA6, 0xD5, 0x66,
    0xA3, 0x04, 0x35, 0x51, 0x7E, 0xC0, 0x5A, 0x31, 0x63, 0x5C, 0x84, 0x76, 0xE0, 0x7C, 0x6B, 0x0F,
    0xE5, 0xF5, 0x0F, 0x76, 0x94, 0xAC, 0xB1, 0x45, 0xAD, 0x7B, 0xA0, 0x66, 0x02, 0xBC, 0xE3, 0x93,
    0xEA, 0x85, 0xE2, 0x87, 0x89, 0x40, 0x79, 0x15, 0xB7, 0xF3, 0xE8, 0x4D, 0x0C, 0xF5, 0xB0, 0x9B,
    0xCB, 0xBA, 0xAC, 0x8B, 0xE0, 0xA1, 0x7B, 0x62, 0x86, 0x39, 0xEF, 0x0F, 0x50, 0x97, 0x29, 0xEB,
    0x1F, 0xC1, 0xCA, 0xBB, 0xAC, 0x7F, 0xAA, 0xAE, 0xAF, 0x7F, 0x4A, 0xDF, 0xC7, 0xDB, 0x98, 0x0D,
    0x05, 0x6F, 0x8C, 0xA2, 0x1E, 0x65, 0x23, 0xA3, 0x86, 0x43, 0x3A, 0x35, 0xEE, 0x02, 0xD3, 0x85,
    0x19, 0x58, 0x55, 0x75, 0x33, 0x34, 0x7D, 0x54, 0xBE, 0xE8, 0x45, 0xE4, 0x18, 0x15, 0x80, 0x51,
    0xEA, 0x40, 0xB0, 0xA5, 0x07, 0x1A, 0x9D, 0x84, 0x68, 0xCF, 0xA0, 0xFE, 0xC7, 0x08, 0xC1, 0x0E,
    0xC7, 0x38, 0x41, 0x34, 0xB2, 0x4A, 0x56, 0x0E, 0x4E, 0x67, 0xD5, 0x00, 0xB7, 0xA8, 0x76, 0x93,
    0x48, 0x25, 0x03, 0x2B, 0x48, 0x33, 0x44, 0x1E, 0x72, 0xAB, 0x42, 0x46, 0xA1, 0x87, 0x38, 0x50,
    0xFB, 0x17, 0xC5, 0x11, 0x02, 0xAC, 0x3A, 0x1B, 0xD4, 0x0E, 0x21, 0x9E, 0xCB, 0x95, 0x17, 0xEC,
    0x66, 0x37, 0xB9, 0xE4, 0xF0, 0xAA, 0x27, 0xE5, 0x4B, 0x86, 0x6B, 0x18, 0xAC, 0x56, 0xC4, 0x29,
    0xF1, 0x74, 0x83, 0x0B, 0x37, 0xBB, 0xD0, 0x12, 0x62, 0xF1, 0x40, 0xD0, 0x11, 0x34, 0xC7, 0x5F,
    0x2B, 0x40, 0xCA, 0x2E, 0xB0, 0xD3, 0xEA, 0xC5, 0xB7, 0x61, 0xF9, 0x72, 0xEC, 0x62, 0xDB, 0x85,
    0x12, 0x7F, 0x04, 0xFC, 0x6B, 0xEB, 0xED, 0x2D, 0xF4, 0x8C, 0x11, 0x2B, 0xC0, 0xAA, 0x26, 0x84,
    0x1B, 0x28, 0xA3, 0xE1, 0xE6, 0x9E, 0x93, 0x30, 0xE6, 0x70, 0xB0, 0x78, 0xFA, 0x08, 0x46, 0x9D,
    0x74, 0xA9, 0xC6, 0x13, 0x7A, 0xB5, 0xB2, 0xC9, 0xE2, 0x1E, 0x69, 0x75, 0x27, 0xB0, 0x39, 0x8D,
    0xC0, 0xEA, 0xAB, 0xFE, 0x6A, 0x62, 0xA2, 0xB5, 0x51, 0xEF, 0x75, 0x4F, 0xD2, 0x55, 0xCD, 0x4D,
    0x37, 0xDE, 0x0F, 0x34, 0xC8, 0x34, 0xEB, 0x49, 0x87, 0xFD, 0x28, 0x42, 0xA2, 0x24, 0x24, 0x9A,
    0x81, 0x2E, 0x92, 0x92, 0xB9, 0xE8, 0xC0, 0x45, 0x22, 0xE6, 0x7C, 0xB7, 0xC8, 0x86, 0x6C, 0x24,
    0x4D, 0xC4, 0x2F, 0x62, 0xFE, 0x26, 0x58, 0x5F, 0xF5, 0x8C, 0xA3, 0xD6, 0xAB, 0xD9, 0xE2, 0xCC,
    0xD5, 0xB8, 0xAD, 0x18, 0x57, 0x3F, 0xEE, 0x64, 0x66, 0x5B, 0x4E, 0x9C, 0xC3, 0x4D, 0x8D, 0x23,
    0xD8, 0xEE, 0xD8, 0x77, 0x3E, 0x6D, 0x77, 0x19, 0xB3, 0x8D, 0xEB, 0xD9, 0xEE, 0xDA, 0x9F, 0x4C,
    0x6D, 0x99, 0x2A, 0x90, 0xC2, 0x74, 0xA2, 0x75, 0x12, 0xBE, 0x4A, 0x43, 0x4F, 0xFE, 0x56, 0xF5,
    0x8D, 0xFC, 0x95, 0x1B, 0xF9, 0x8B, 0x48, 0x3F, 0xC2, 0x28, 0xC3, 0xEC, 0x5F, 0x0E, 0xE4, 0x2F,
    0x42, 0xB1, 0x51, 0x62, 0x14, 0x05, 0x48, 0xEB, 0x00, 0xB9, 0xB7, 0x5F, 0xD1, 0x14, 0x16, 0x91,
    0x96, 0x4F, 0x54, 0x4C, 0xA1, 0x26, 0x6F, 0x0F, 0x18, 0xCB, 0x44, 0xF0, 0x8E, 0x13, 0x2C, 0x37,
    0x7C, 0xD4, 0x84, 0xBD, 0xFD, 0x95, 0xA8, 0xAA, 0xE7, 0xEE, 0x3D, 0x33, 0x76, 0xA1, 0xED, 0x66,
    0xE2, 0x55, 0xBA, 0x5D, 0xDF, 0xBA, 0x7A, 0xD3, 0xDF, 0x8C, 0x2F, 0x4A, 0x62, 0x6D, 0xE9, 0xD3,
    0x41, 0xC4, 0x85, 0x8E, 0x7A, 0xA1, 0x0E, 0x2C, 0x0C, 0x24, 0x36, 0x19, 0x03, 0xF9, 0x96, 0x92,
    0x66, 0x24, 0x53, 0xB1, 0x0F, 0x04, 0x08, 0x31, 0x96, 0x28, 0x93, 0xC5, 0xB4, 0x6B, 0x7C, 0xB4,
    0x07, 0x96, 0x6B, 0x94, 0xA3, 0x9A, 0xED, 0xBB, 0xCA, 0xC1, 0xDB, 0x36, 0xDA, 0x14, 0xB6, 0x18,
    0xF6, 0xF5, 0x41, 0xB9, 0xDF, 0x6B, 0x42, 0x06, 0x01, 0xEC, 0x69, 0x4D, 0xFB, 0xA0, 0x71, 0x62,
    0xCF, 0xFC, 0xAC, 0x08, 0x3D, 0xC3, 0xBA, 0xF2, 0x8B, 0x9E, 0xE4, 0x36, 0x7F, 0xE9, 0x19, 0x74,
    0xDB, 0xAA, 0xF7, 0x90, 0x8F, 0x15, 0xB7, 0x12, 0xF1, 0x2E, 0x6E, 0xC5, 0x98, 0x4D, 0xB8, 0x21,
    0x77, 0x72, 0xB8, 0xA5, 0x33, 0x25, 0xC7, 0x23, 0x39, 0xEF, 0x79, 0xEB, 0x18, 0x4A, 0x20, 0x4A,
    0xBA, 0xD4, 0x5B, 0xE5, 0xF5, 0x56, 0xCE, 0x7A, 0x83, 0x75, 0xE5, 0x2D, 0x69, 0xF5, 0xA6, 0x16,
    0xE5, 0xF5, 0x9B, 0x57, 0x8F, 0x44, 0xAF, 0xE8, 0xB9, 0x43, 0xCF, 0xFD, 0x79, 0xCA, 0xBD, 0x5F,
    0xC9, 0x67, 0x1F, 0x08, 0xC0, 0x08, 0xEF, 0x61, 0x39, 0xBD, 0x47, 0x7C, 0xE5, 0x7D, 0x86, 0x80,
    0x13, 0xF6, 0x90, 0xA0, 0xE9, 0x01, 0xCC, 0xE8, 0x99, 0xFB, 0x01, 0x64, 0xFE, 0x9C, 0x56, 0x80,
    0x81, 0x6A, 0x43, 0x60, 0x08, 0x4A, 0x82, 0x8C, 0x20, 0xF1, 0xD1, 0xB7, 0x09, 0xAD, 0x16, 0x25,
    0x7C, 0x52, 0xFD, 0x5A, 0x69, 0x3F, 0xEF, 0x43, 0xBF, 0xC8, 0xA7, 0x91, 0x3C, 0x45, 0x04, 0x33,
    0x70, 0x0C, 0xF5, 0x4B, 0xF3, 0x0E, 0x98, 0x1E, 0xD5, 0xAC, 0xA0, 0xB0, 0xEB, 0x4E, 0x60, 0x73,
    0x05, 0x43, 0xEC, 0x19, 0x47, 0xC5, 0x19, 0xE2, 0x6C, 0x71, 0xE6, 0xB8, 0x4A, 0x5C, 0x91, 0xD6,
    0x7B, 0x92, 0xB8, 0x93, 0x00, 0xE7, 0x16, 0xED, 0x83, 0x81, 0x38, 0x66, 0xE4, 0x06, 0x85, 0x9C,
    0x04, 0xE8, 0x4E, 0xDA, 0x1A, 0x9F, 0xF3, 0xBD, 0x71, 0xD1, 0x6E, 0xCD, 0x77, 0xB4, 0x27, 0x8A,
    0xEF, 0x86, 0xF0, 0xB6, 0xFE, 0xB6, 0x99, 0xB8, 0x33, 0x89, 0xDB, 0x94, 0xB8, 0x67, 0x89, 0x08,
    0xEC, 0x99, 0x4A, 0x44, 0x2D, 0xDE, 0xBA, 0x68, 0x54, 0x8E, 0xB7, 0xE6, 0xE4, 0xB6, 0xEE, 0x03,
    0xB6, 0xE1, 0xDB, 0x64, 0x3A, 0xB5, 0xDB, 0x17, 0xDA, 0x96, 0xDD, 0x36, 0xC1, 0x2D, 0xAD, 0x71,
    0x83, 0x9D, 0xBA, 0x1E, 0xC4, 0x17, 0x7A, 0x8B, 0x46, 0x4E, 0x07, 0xC5, 0xD5, 0xF5, 0xF3, 0xD3,
    0x5A, 0x4D, 0xA2, 0x46, 0xD4, 0x24, 0xC2, 0xAE, 0xAD, 0x89, 0xEA, 0xD9, 0x72, 0x1D, 0xF8, 0x5D,
    0x01, 0xD5, 0x53, 0x3C, 0x19, 0x39, 0x8C, 0xB4, 0xA6, 0x1A, 0x33, 0x4C, 0x5E, 0x12, 0xED, 0x49,
    0xFD, 0x8E, 0x9A, 0xAE, 0x3A, 0xAF, 0x9D, 0xB3, 0x2B, 0xBD, 0x6D, 0xA2, 0x57, 0x66, 0xCD, 0x07,
    0xF1, 0x31, 0xD2, 0xC0, 0x7C, 0x46, 0x50, 0xF0, 0x5C, 0x43, 0xB1, 0xCD, 0x61, 0x12, 0x5D, 0x06,
    0x70, 0x95, 0x26, 0x0E, 0x9A, 0x50, 0xA1, 0x1A, 0x01, 0x41, 0xD6, 0x32, 0x4F, 0xE1, 0xB7, 0x0C,
    0x70, 0xDD, 0xD2, 0x35, 0xFF, 0x1E, 0xDA, 0x33, 0x44, 0x5A, 0x61, 0xA8, 0x46, 0xA4, 0x34, 0x6D,
    0x8A, 0x31, 0x4C, 0xFE, 0x7C, 0xB7, 0xBB, 0x50, 0xF9, 0xBF, 0x81, 0x66, 0x97, 0xEC, 0x1F, 0x08,
    0x90, 0x1E, 0x0B, 0xEC, 0x47, 0x02, 0xFB, 0x10, 0xA5, 0xBF, 0x9C, 0xF2, 0xB5, 0xEE, 0xC6, 0x54,
    0x99, 0xD6, 0x90, 0xDB, 0x39, 0x5C, 0x8A, 0x96, 0xB3, 0x62, 0x8C, 0xE6, 0xA2, 0x3B, 0x62, 0xAC,
    0x6F, 0x7A, 0x0D, 0xBB, 0x5A, 0x3A, 0xA5, 0x46, 0x03, 0xB1, 0xA0, 0x19, 0x8D, 0x32, 0x32, 0x55,
    0x23, 0xCE, 0xBF, 0xEB, 0x16, 0xA3, 0x31, 0x1E, 0xB7, 0x35, 0x87, 0x98, 0xDE, 0x68, 0xAE, 0xA8,
    0x53, 0x8D, 0x56, 0x27, 0x67, 0x46, 0x97, 0x4D, 0x9A, 0x67, 0x2D, 0x31, 0x1B, 0x9E, 0x8F, 0x01,
    0xA3, 0x86, 0xE0, 0x7B, 0x20, 0xA9, 0x59, 0x46, 0x2C, 0x59, 0x60, 0x6C, 0xAB, 0x0B, 0xC1, 0x49,
    0x46, 0xDD, 0xD0, 0x99, 0xF3, 0xA0, 0xBB, 0xA2, 0x53, 0xD4, 0x15, 0x81, 0x15, 0x78, 0xDD, 0x30,
    0x8A, 0xAC, 0x3E, 0x65, 0x22, 0xC4, 0x2A, 0xC4, 0x6F, 0xFA, 0x28, 0x8E, 0x56, 0xF3, 0x2D, 0x4C,
    0x72, 0x56, 0xB8, 0x54, 0xBD, 0xCE, 0x05, 0x22, 0x63, 0xDD, 0xB6, 0xCF, 0x26, 0x86, 0x9C, 0x21,
    0x99, 0xD3, 0x59, 0x51, 0x40, 0x75, 0xCE, 0x13, 0x59, 0x96, 0xEE, 0x16, 0xC5, 0xFD, 0x4F, 0xA3,
    0x5C, 0xD2, 0x33, 0x9B, 0x7F, 0xC0, 0x11, 0x33, 0xF0, 0x2C, 0xFF, 0xD9, 0x8B, 0x65, 0xEC, 0x56,
    0x7E, 0xDD, 0x8A, 0xE9, 0x54, 0x67, 0x28, 0x67, 0x5A, 0x5E, 0x11, 0xCD, 0x58, 0x34, 0xF0, 0xA3,
    0x9C, 0x01, 0xD3, 0x2D, 0xBB, 0xD5, 0x2C, 0x6A, 0xDE, 0x64, 0xB3, 0x55, 0xAF, 0x45, 0x25, 0x4C,
    0x94, 0x80, 0xB8, 0xD0, 0xB1, 0x50, 0xF2, 0x56, 0xDA, 0x81, 0x74, 0x33, 0x3D, 0x27, 0x2F, 0xFF,
    0xA3, 0x41, 0xF4, 0xB7, 0x1A, 0x50, 0x47, 0x5A, 0x69, 0xFA, 0x2A, 0x1A, 0x86, 0xC7, 0x42, 0x66,
    0xFE, 0x8D, 0x56, 0x08, 0xD4, 0xCF, 0x58, 0x1D, 0xD5, 0xE8, 0x42, 0x2B, 0x55, 0x08, 0xCB, 0x17,
    0x5A, 0x3C, 0xA1, 0xEA, 0x8F, 0xCC, 0x38, 0xF8, 0x2A, 0x9A, 0x88, 0xE8, 0x93, 0x6C, 0x4D, 0x29,
    0x09, 0xA4, 0x7B, 0xA2, 0x7D, 0x32, 0x7A, 0x65, 0x8E, 0xE2, 0x90, 0x61, 0xD3, 0xC7, 0x7D, 0x48,
    0xAD, 0x09, 0xCA, 0x67, 0xBA, 0xE2, 0x97, 0x93, 0xEE, 0xCD, 0xE9, 0xDE, 0xE2, 0xAE, 0xDA, 0x37,
    0x07, 0xB2, 0x77, 0x85, 0x66, 0x2F, 0x1A, 0xFB, 0xDD, 0xE8, 0xB0, 0xBC, 0x10, 0xE3, 0x2A, 0x3A,
    0x25, 0xD6, 0x57, 0xB7, 0x82, 0x88, 0xBE, 0x1C, 0xAF, 0xBD, 0x5C, 0x6F, 0x7A, 0x29, 0xD7, 0x5E,
    0xBA, 0xE3, 0xCB, 0x63, 0x41, 0x24, 0xB8, 0xE0, 0x66, 0x79, 0xFB, 0x6F, 0x1C, 0x17, 0x4B, 0x6C,
    0x07, 0x89, 0x25, 0x37, 0x96, 0xDE, 0x98, 0xA8, 0xB0, 0x6C, 0xC2, 0x64, 0x8A, 0xA5, 0x39, 0x96,
    0xE8, 0x34, 0xD1, 0x7B, 0xE7, 0x8E, 0x45, 0xCB, 0xB5, 0xD2, 0x77, 0xF8, 0x72, 0x9C, 0xAE, 0x43,
    0xB1, 0xA3, 0x61, 0x7C, 0x46, 0x77, 0x0E, 0x4D, 0x98, 0x0E, 0x2C, 0xFB, 0xA1, 0x64, 0x5C, 0x6A,
    0x15, 0xD5, 0xD4, 0x19, 0x54, 0x35, 0x45, 0x5E, 0xA8, 0xB1, 0xA2, 0x86, 0xC8, 0x1D, 0xA4, 0xA2,
    0x18, 0xB1, 0xB1, 0xDF, 0x26, 0x1D, 0x6B, 0xDF, 0x90, 0x9E, 0x3F, 0x37, 0xF5, 0x8F, 0xAF, 0x4A,
    0x41, 0x4C, 0xC3, 0x07, 0x44, 0xA5, 0x03, 0xAA, 0xBC, 0x83, 0x7D, 0x81, 0xAA, 0x35, 0x4B, 0xD0,
    0xDA, 0x58, 0x95, 0x32, 0x43, 0xF7, 0x18, 0xCF, 0xC3, 0xBF, 0x86, 0x62, 0xCD, 0x86, 0x5B, 0x1D,
    0xE3, 0x03, 0x78, 0x89, 0x8E, 0x91, 0x90, 0x19, 0x43, 0x9B, 0x21, 0xA5, 0x4B, 0x67, 0x7A, 0x92,
    0x25, 0x46, 0x9F, 0xAF, 0x34, 0xBE, 0x83, 0xC5, 0x86, 0x90, 0x86, 0xC1, 0x0C, 0x0B, 0x3C, 0x89,
    0x37, 0xB3, 0x16, 0x5A, 0x58, 0xEE, 0x41, 0xDD, 0x87, 0xE1, 0xB4, 0xCA, 0xB5, 0xDD, 0x8A, 0x49,
    0xAF, 0xB6, 0x66, 0xF3, 0x16, 0x90, 0xFA, 0x16, 0x75, 0x37, 0x97, 0xA9, 0x3D, 0x5C, 0xE4, 0xAA,
    0x70, 0xF5, 0x86, 0xD6, 0xCC, 0x1E, 0xFD, 0x3C, 0xFA, 0x7B, 0x56, 0x1F, 0x59, 0x55, 0xC3, 0xFC,
    0x1E, 0xF2, 0xEE, 0x2F, 0x5F, 0x69, 0x4D, 0x2C, 0x95, 0x22, 0x78, 0x83, 0xD9, 0x45, 0x71, 0x25,
    0x0F, 0xCB, 0x39, 0x52, 0xB5, 0xA7, 0x62, 0x34, 0xBD, 0xC5, 0x9A, 0xF0, 0x36, 0x7D, 0xEA, 0xD0,
    0x47, 0x0B, 0x33, 0x18, 0x73, 0xBE, 0x97, 0x2B, 0x2E, 0xB6, 0x3D, 0xDA, 0xAD, 0x01, 0x97, 0xF7,
    0xE1, 0xE9, 0xBC, 0x96, 0x76, 0x58, 0xD9, 0x61, 0x21, 0x8C, 0x11, 0x17, 0x43, 0xE8, 0x69, 0xBB,
    0x9A, 0xE0, 0x6D, 0xF0, 0x4C, 0x9E, 0xEF, 0x7C, 0x09, 0x78, 0x4A, 0x8F, 0x5F, 0x0D, 0x8D, 0x67,
    0x72, 0x6D, 0xC1, 0xB7, 0x03, 0x0E, 0x17, 0x78, 0xE7, 0x7F, 0x3C, 0x6F, 0x0B, 0xF0, 0x3C, 0x87,
    0x93, 0xDE, 0x0B, 0xCA, 0x9A, 0x7C, 0x63, 0xFF, 0x0C, 0x5E, 0x2C, 0xF2, 0x60, 0xAF, 0xB2, 0xA4,
    0xF2, 0xE4, 0xBB, 0xF6, 0x81, 0x63, 0x51, 0x30, 0x45, 0x00, 0x75, 0x2B, 0xAF, 0x51, 0xDE, 0x59,
    0x18, 0x30, 0x4D, 0x66, 0x08, 0x75, 0x0E, 0x5E, 0xB3, 0x4A, 0x40, 0xE7, 0x70, 0xF7, 0x56, 0x1D,
    0x8B, 0xE7, 0xEA, 0x33, 0xDA, 0xEF, 0xFA, 0xE2, 0x30, 0x81, 0x76, 0x20, 0x44, 0xA7, 0xBF, 0x7F,
    0x2E, 0xDF, 0xF5, 0xD2, 0x20, 0xC7, 0xCE, 0x74, 0x59, 0xB7, 0x87, 0x7B, 0x05, 0x30, 0x63, 0x42,
    0x83, 0xB4, 0x99, 0x61, 0x51, 0x1E, 0x1D, 0x0B, 0x6A, 0x6E, 0x12, 0x18, 0xD3, 0x30, 0x4D, 0x61,
    0xB4, 0xC3, 0x60, 0x07, 0x5E, 0x4B, 0xFB, 0x68, 0x72, 0xCD, 0x94, 0x9B, 0xF9, 0x49, 0x36, 0x5D,
    0xDC, 0xF0, 0xF1, 0xC6, 0xC1, 0xE3, 0x78, 0xDA, 0xCB, 0x21, 0x8C, 0xCD, 0x05, 0x74, 0x01, 0xD6,
    0x92, 0x9A, 0x41, 0x8F, 0xB7, 0x50, 0x3F, 0x7F, 0x00, 0xE8, 0xCD, 0x42, 0x73, 0xF0, 0xBD, 0x78,
    0x75, 0x52, 0xB8, 0x9F, 0x4E, 0x0A, 0xF7, 0x97, 0x5A, 0xC3, 0xD5, 0x73, 0x23, 0x05, 0xF5, 0x75,
    0x10, 0xDF, 0x6A, 0x6D, 0xBF, 0x62, 0x0D, 0x5B, 0xC7, 0x5E, 0x55, 0x73, 0x7D, 0xA5, 0x1B, 0x83,
    0xC1, 0xA8, 0xEE, 0x62, 0x30, 0xFC, 0xA9, 0xC1, 0x60, 0xE8, 0xB9, 0x98, 0x9B, 0xA3, 0x75, 0x28,
    0xFA, 0xD3, 0xEF, 0xA1, 0xE8, 0xC8, 0xC3, 0xC6, 0x1B, 0x8D, 0x08, 0x4A, 0xAD, 0xBE, 0x73, 0x2B,
    0x52, 0xC3, 0x91, 0x5E, 0x4B, 0xF3, 0xD4, 0xEF, 0xB8, 0xD2, 0x30, 0x96, 0x01, 0x61, 0xDC, 0xB3,
    0x33, 0x95, 0xBD, 0x4E, 0x23, 0x77, 0x13, 0x5A, 0xEA, 0xA5, 0x61, 0xB5, 0x49, 0xCD, 0x84, 0x7D,
    0x1F, 0x79, 0x5F, 0xE2, 0x9B, 0x30, 0x15, 0x70, 0xC3, 0x1F, 0xA9, 0x2B, 0x41, 0xF9, 0x50, 0xAF,
    0x68, 0x1F, 0x70, 0x81, 0x19, 0xB7, 0x5F, 0x30, 0x0B, 0x89, 0x7F, 0x48, 0xE1, 0x34, 0x13, 0x73,
    0xC6, 0xB7, 0x69, 0xAC, 0xE0, 0x75, 0x1A, 0x41, 0x76, 0x38, 0x59, 0xFB, 0xAF, 0x4B, 0xC3, 0xEF,
    0x9D, 0x16, 0xE7, 0x63, 0x5D, 0xBE, 0xDD, 0xEB, 0xF2, 0xA5, 0xB2, 0x73, 0xC4, 0x52, 0x3C, 0xA1,
    0xC3, 0xE6, 0x72, 0x86, 0x42, 0xF0, 0x23, 0x88, 0xBE, 0xE0, 0x54, 0x2E, 0x69, 0x63, 0xAC, 0x56,
    0x59, 0x69, 0xA5, 0xAB, 0x65, 0x3F, 0xFF, 0x28, 0xE6, 0xED, 0x44, 0xED, 0x4C, 0xF4, 0xA8, 0xD3,
    0x6A, 0x84, 0x82, 0x4A, 0x20, 0xCF, 0xF0, 0xDA, 0xAA, 0xCD, 0xD7, 0x78, 0x54, 0x18, 0xB4, 0xAE,
    0x58, 0x7E, 0x0A, 0x07, 0x5A, 0x8C, 0x55, 0x59, 0x5F, 0xF0, 0x64, 0xAB, 0xD4, 0x14, 0xF8, 0x50,
    0xF4, 0xB4, 0x99, 0x4F, 0xB3, 0xCF, 0x41, 0x1D, 0x7F, 0x9E, 0x7D, 0xC9, 0xFC, 0x76, 0x4E, 0xBF,
    0xC1, 0xED, 0xC2, 0x25, 0x2F, 0x47, 0xF5, 0x90, 0x8C, 0x65, 0x40, 0xE1, 0x4E, 0x43, 0x60, 0x3D,
    0xA7, 0xC0, 0xB6, 0xAD, 0x44, 0x99, 0x55, 0xE9, 0x2D, 0x47, 0x9E, 0xB2, 0x4E, 0x88, 0x78, 0x99,
    0x93, 0x33, 0xD0, 0xA6, 0xA9, 0xE6, 0x46, 0x2B, 0x3D, 0x45, 0x9A, 0xF7, 0xD3, 0x9A, 0xA6, 0xD3,
    0x33, 0x33, 0x44, 0xB1, 0xCC, 0x53, 0x72, 0x57, 0xD0, 0x15, 0x23, 0xC0, 0x32, 0x2D, 0x66, 0x69,
    0xB6, 0xCC, 0xAD, 0x8A, 0x04, 0x32, 0x24, 0x50, 0xC9, 0x5A, 0xBF, 0x86, 0xAC, 0xB9, 0x23, 0x81,
    0x18, 0xA1, 0xA6, 0x33, 0xC3, 0x03, 0xCF, 0x33, 0x98, 0x95, 0x04, 0x6A, 0x34, 0xDD, 0x51, 0xDA,
    0xAC, 0x47, 0xDA, 0x68, 0x9C, 0x38, 0xED, 0xE7, 0x8E, 0xF9, 0xB8, 0x1F, 0xA7, 0x54, 0xC7, 0x53,
    0x09, 0xBB, 0x9F, 0x50, 0xC1, 0x46, 0xD3, 0x4E, 0xBB, 0x93, 0xAA, 0x7E, 0x14, 0x7C, 0x86, 0xA8,
    0xC5, 0xED, 0xF5, 0x7F, 0xCB, 0xD3, 0x5C, 0x56, 0x3A, 0xBB, 0x2C, 0x40, 0xDC, 0x5B, 0x83, 0x43,
    0xFF, 0xAA, 0x46, 0x19, 0xAC, 0xE5, 0x19, 0x2D, 0xBF, 0x06, 0x21, 0xE2, 0xC6, 0x88, 0xF8, 0x6D,
    0xF9, 0x1E, 0xA5, 0xEA, 0x1A, 0xA7, 0xB5, 0x43, 0x86, 0x93, 0xB5, 0x0F, 0x6E, 0xFF, 0xAC, 0x60,
    0x00, 0x62, 0x75, 0xF7, 0xEA, 0x41, 0x6E, 0x46, 0x82, 0x80, 0x60, 0x20, 0x87, 0xFE, 0x8B, 0x47,
    0xBE, 0x7B, 0x2F, 0x68, 0x76, 0xAF, 0xB9, 0x6B, 0x59, 0x23, 0xD6, 0x33, 0x08, 0x56, 0x26, 0x1C,
    0xAB, 0xFD, 0x01, 0x91, 0xA4, 0x65, 0x10, 0xA9, 0xC7, 0x10, 0xFF, 0x03, 0xCD, 0x5A, 0x3F, 0x93,
    0xE4, 0xC4, 0x15, 0x7F, 0x92, 0xCE, 0x2B, 0x40, 0x41, 0x13, 0x38, 0xE0, 0x4F, 0x20, 0x02, 0x07,
    0xE7, 0x2A, 0x73, 0xFD, 0x05, 0x76, 0xA7, 0x05, 0x04, 0x04, 0x0E, 0xF8, 0x0A, 0x0E, 0xC8, 0x71,
    0x40, 0x70, 0xC1, 0xEE, 0x49, 0xF6, 0x55, 0x39, 0x35, 0x1F, 0xE1, 0x42, 0x87, 0x0E, 0x08, 0x2E,
    0x98, 0x5D, 0xE9, 0x20, 0x20, 0x70, 0x22, 0x9B, 0xC0, 0x21, 0x2A, 0xE3, 0x2A, 0x42, 0x8B, 0xB2,
    0x0A, 0x74, 0x85, 0x46, 0xED, 0xDF, 0xEF, 0xB5, 0x66, 0x77, 0x76, 0x6F, 0xB9, 0x03, 0x6A, 0x0E,
    0xEF, 0x8C, 0xFA, 0x49, 0x23, 0xA9, 0x5F, 0xBF, 0xF7, 0xFA, 0xF5, 0xFB, 0xD7, 0x73, 0x4F, 0x3C,
    0xBE, 0xF7, 0x64, 0xFB, 0x39, 0xC2, 0x77, 0x85, 0xEF, 0xBD, 0x6B, 0xBF, 0x22, 0xAF, 0xA0, 0x1D,
    0x5E, 0xB4, 0xDC, 0x57, 0xE2, 0xFD, 0x90, 0xCE, 0x67, 0x93, 0xE9, 0x1E, 0xBE, 0x61, 0x9B, 0x8F,
    0xC5, 0x49, 0x68, 0xA5, 0xF4, 0xE8, 0x11, 0x9A, 0xDB, 0xB6, 0xAA, 0x17, 0xD3, 0xF6, 0xBF, 0xCC,
    0x1E, 0x7F, 0x3D, 0xC5, 0xDE, 0x8F, 0x52, 0xA2, 0x7F, 0xDC, 0x49, 0x68, 0x2D, 0x5A, 0x03, 0xBC,
    0xF5, 0x20, 0x92, 0x79, 0x0F, 0xEC, 0x6D, 0xD9, 0xA0, 0x9F, 0x69, 0xE5, 0x4C, 0x92, 0x4A, 0x36,
    0x24, 0x70, 0x7A, 0x1A, 0x70, 0xA0, 0x05, 0x38, 0x7D, 0xFF, 0x8C, 0xF7, 0xE2, 0x11, 0x20, 0xC5,
    0x5B, 0x62, 0x3D, 0xBA, 0xA0, 0x9B, 0xEF, 0x5F, 0x16, 0x79, 0xF9, 0x58, 0xE4, 0x61, 0x6D, 0xBF,
    0x19, 0x73, 0xEF, 0xBB, 0x6C, 0x70, 0x95, 0x69, 0xB2, 0xC6, 0x48, 0xD2, 0xE6, 0x92, 0x74, 0x6C,
    0xBC, 0xE6, 0x3D, 0x3E, 0xE3, 0x3B, 0x65, 0xF9, 0xCD, 0xC8, 0x3E, 0xEC, 0x7B, 0x06, 0x6C, 0x1B,
    0x57, 0x48, 0x3C, 0xD9, 0x46, 0x92, 0x01, 0x44, 0x67, 0x7D, 0x06, 0x76, 0x9B, 0x64, 0x10, 0x5B,
    0x45, 0x13, 0x18, 0x91, 0x19, 0x5F, 0x08, 0x06, 0x24, 0xB8, 0xFB, 0x20, 0xC1, 0x7C, 0x06, 0x12,
    0xB2, 0xFF, 0x80, 0xEF, 0xC4, 0x83, 0xF1, 0xD8, 0x17, 0x92, 0x82, 0x94, 0x46, 0x81, 0xC8, 0xA9,
    0x5C, 0xFD, 0x79, 0x1D, 0x18, 0x76, 0x3F, 0x3A, 0x87, 0x97, 0xEF, 0x94, 0x23, 0xB0, 0xFB, 0x2A,
    0x1B, 0x72, 0xB0, 0x03, 0x99, 0x56, 0x68, 0x38, 0x1B, 0x0E, 0x3D, 0x73, 0x64, 0xD0, 0xE8, 0x67,
    0x71, 0xB1, 0xAF, 0x56, 0x62, 0xDB, 0x13, 0xC9, 0xBA, 0x52, 0x92, 0xDE, 0x75, 0x60, 0x77, 0xCE,
    0x1A, 0x4C, 0x53, 0x21, 0x16, 0xA2, 0x8F, 0x3C, 0xC5, 0xC5, 0x9E, 0xDA, 0x5E, 0x10, 0x53, 0xB9,
    0xAA, 0x84, 0x00, 0x37, 0x20, 0xBC, 0x93, 0x55, 0xDC, 0x97, 0xEF, 0x8C, 0x38, 0x70, 0x21, 0xF2,
    0x01, 0x3A, 0x29, 0xF5, 0x14, 0xB4, 0xFD, 0x77, 0xCC, 0xBE, 0xC0, 0x01, 0xA1, 0x24, 0x7D, 0xE6,
    0xDF, 0xEE, 0x25, 0x6B, 0x6A, 0xDF, 0xAF, 0xC5, 0x24, 0x9B, 0xB8, 0xBF, 0x23, 0x77, 0x52, 0xCC,
    0xBF, 0x91, 0x43, 0xA2, 0xCE, 0x8A, 0x43, 0x03, 0x1A, 0xD3, 0xEA, 0x6E, 0x0E, 0x1C, 0x49, 0xF3,
    0xA1, 0x0D, 0xA7, 0xF0, 0xEB, 0x2E, 0x9F, 0x25, 0x8D, 0xBE, 0x99, 0x54, 0x87, 0x59, 0xC7, 0x0E,
    0x77, 0x88, 0xC5, 0x00, 0x01, 0xA6, 0xF1, 0x0E, 0x50, 0xE7, 0x73, 0x71, 0x8C, 0x81, 0x20, 0xD1,
    0x7E, 0x3B, 0x2C, 0x88, 0x50, 0x06, 0x16, 0x92, 0x40, 0x20, 0xC7, 0xD8, 0x80, 0x7C, 0x79, 0x35,
    0xC3, 0x7C, 0x81, 0xCF, 0x26, 0xF7, 0x8D, 0x7B, 0xA7, 0x39, 0x4E, 0x9A, 0xE3, 0xBC, 0x71, 0xF8,
    0xF9, 0x25, 0x95, 0x51, 0xFA, 0xC3, 0xB8, 0x5F, 0x27, 0xED, 0x60, 0x3E, 0xED, 0xF2, 0xAC, 0x59,
    0x99, 0xEA, 0x38, 0x17, 0x67, 0x1A, 0x73, 0xBF, 0xCD, 0x3E, 0xE9, 0x93, 0x6E, 0x94, 0xFE, 0x58,
    0x1E, 0xDC, 0xAE, 0xBD, 0x9F, 0xD8, 0x16, 0x05, 0xDB, 0x6D, 0xE3, 0xD3, 0xC5, 0xA1, 0x54, 0x66,
    0x8F, 0x30, 0x05, 0x10, 0x47, 0xE4, 0x7D, 0x0B, 0x71, 0x44, 0x43, 0x06, 0x7E, 0x0E, 0xA3, 0x21,
    0xEE, 0x21, 0x0E, 0x9E, 0x20, 0x8E, 0x68, 0x48, 0x7A, 0xC8, 0x01, 0xCF, 0x5A, 0x9E, 0x30, 0xA7,
    0x10, 0x47, 0x84, 0x21, 0x21, 0x8E, 0x68, 0x28, 0x29, 0x8E, 0x68, 0xB0, 0x15, 0xC4, 0x11, 0x41,
    0xFB, 0x20, 0x0E, 0x76, 0x80, 0x38, 0x1E, 0x0D, 0xD1, 0xF4, 0x83, 0xC4, 0xE1, 0xB8, 0x12, 0x06,
    0x68, 0xA1, 0xF1, 0x9D, 0x7B, 0x7B, 0x38, 0x92, 0xF5, 0x5A, 0x0E, 0x1F, 0xCA, 0x11, 0x20, 0xAE,
    0x71, 0x07, 0xF7, 0xA9, 0xA3, 0x44, 0xF5, 0x74, 0x80, 0x25, 0xE8, 0x2B, 0x05, 0xCF, 0x78, 0xF9,
    0xFC, 0x73, 0xD1, 0x23, 0x1B, 0x41, 0x88, 0x9C, 0xE4, 0xC5, 0x43, 0x53, 0x60, 0x4A, 0xC5, 0x8A,
    0x1C, 0x4B, 0xD4, 0x4B, 0xDA, 0xF0, 0xB2, 0xF6, 0x15, 0x57, 0xC4, 0xC8, 0x89, 0x3B, 0xCA, 0x8B,
    0xBB, 0x78, 0xC7, 0x4A, 0xB4, 0x91, 0x68, 0xA6, 0x6A, 0xFF, 0xCE, 0x54, 0xEB, 0xBC, 0x42, 0x77,
    0x33, 0x62, 0x1D, 0xA6, 0xBD, 0x69, 0xAC, 0xDC, 0xE6, 0xC2, 0x9B, 0x7E, 0x3A, 0x88, 0x01, 0xAA,
    0x14, 0xA0, 0xC3, 0x90, 0xCE, 0x6F, 0xDC, 0xE0, 0xCA, 0xCE, 0xF4, 0x8E, 0x54, 0x7F, 0x2F, 0x00,
    0x9D, 0x20, 0x13, 0x46, 0x0C, 0xD0, 0xFA, 0x3E, 0x6D, 0xC1, 0x20, 0x61, 0xAD, 0xD0, 0x3F, 0x01,
    0xC3, 0x53, 0xA7, 0xD0, 0x28, 0x8C, 0x14, 0xCA, 0x81, 0xC2, 0x78, 0xAF, 0x30, 0x7A, 0x10, 0x57,
    0x10, 0x96, 0xEB, 0x1C, 0x56, 0x79, 0x5E, 0xBD, 0x28, 0x6F, 0x8A, 0x2B, 0x5E, 0xEF, 0xE2, 0xDE,
    0xF7, 0x75, 0x05, 0x49, 0xC3, 0x6A, 0xD9, 0x5E, 0x0E, 0x31, 0x3F, 0x4F, 0x1C, 0xD6, 0x17, 0x38,
    0x54, 0x45, 0x5A, 0xF7, 0x4E, 0x7F, 0x24, 0x30, 0x7F, 0xD3, 0x5A, 0xD6, 0x80, 0xB8, 0xC6, 0x1D,
    0xDC, 0x8F, 0x55, 0xD9, 0xFB, 0x43, 0x59, 0xAF, 0xE4, 0xC8, 0x14, 0x16, 0x26, 0xF4, 0xD3, 0x2E,
    0xFD, 0x3B, 0xD7, 0x0A, 0x56, 0x8C, 0x79, 0xB7, 0x75, 0x58, 0x43, 0x56, 0xC6, 0x23, 0xF9, 0xFD,
    0x6D, 0x55, 0xC9, 0x23, 0x35, 0x46, 0x98, 0xF6, 0x9E, 0xF3, 0x7C, 0xD2, 0xC3, 0xD0, 0xF2, 0x02,
    0xCB, 0x12, 0x10, 0x13, 0x0C, 0x88, 0x99, 0x07, 0x3C, 0x56, 0x38, 0x12, 0xE2, 0x0C, 0x71, 0x25,
    0x2D, 0x61, 0xA6, 0xEB, 0xD4, 0x48, 0x0E, 0xB8, 0x52, 0xF9, 0x1F, 0x0B, 0x95, 0x7B, 0x4C, 0xBE,
    0x20, 0xCB, 0xD9, 0x9F, 0x85, 0x26, 0x1C, 0xAA, 0x64, 0xAA, 0x43, 0xC0, 0x9C, 0xB3, 0x80, 0x17,
    0x21, 0x73, 0x2C, 0x39, 0xAA, 0xD8, 0x40, 0x18, 0xAB, 0x09, 0x22, 0x3D, 0x0F, 0x29, 0x01, 0x0C,
    0x00, 0x7A, 0x30, 0xC0, 0xC9, 0x39, 0x25, 0x3A, 0xFA, 0xEA, 0x2A, 0x25, 0xEC, 0x11, 0xF5, 0x17,
    0x94, 0x38, 0x9F, 0xAB, 0x06, 0xAC, 0x62, 0xA8, 0xA4, 0xAC, 0x0D, 0x57, 0xD6, 0x00, 0x21, 0x00,
    0xF5, 0x9B, 0x09, 0x2D, 0x0D, 0x0F, 0x58, 0x31, 0x1C, 0xB9, 0x6A, 0xF7, 0x91, 0x90, 0x8C, 0xB5,
    0x0E, 0x3D, 0x70, 0x2C, 0xB0, 0x6F, 0x7D, 0x0B, 0x7D, 0x77, 0xBE, 0x83, 0xE2, 0xC9, 0x1D, 0xB8,
    0x59, 0xF2, 0x04, 0xDB, 0x83, 0x21, 0x0F, 0xB3, 0x8A, 0x6F, 0xE6, 0x05, 0x87, 0xDC, 0xA8, 0x35,
    0xF6, 0xCA, 0x7A, 0xDE, 0x80, 0xB6, 0x5F, 0xA5, 0x0D, 0x90, 0x9D, 0x98, 0x66, 0x20, 0x25, 0x7C,
    0x31, 0x9B, 0x92, 0x20, 0x9F, 0x8A, 0xA6, 0x13, 0xB6, 0xAB, 0xE2, 0x90, 0x35, 0xE0, 0x3A, 0xFE,
    0x0A, 0xB0, 0x4F, 0xFF, 0x56, 0xD1, 0xB5, 0x65, 0x15, 0x96, 0x18, 0x90, 0xE3, 0xC5, 0x12, 0x5E,
    0xD4, 0x52, 0x1B, 0x49, 0x1B, 0xEE, 0xAC, 0x09, 0x29, 0x71, 0x5C, 0xD3, 0x0C, 0xBB, 0x26, 0x34,
    0x5E, 0xEF, 0x7E, 0x7E, 0xA1, 0xD3, 0x20, 0x4A, 0x8D, 0x0D, 0x4B, 0x81, 0x42, 0x30, 0x43, 0x78,
    0xBD, 0x5C, 0xBC, 0xD6, 0x7A, 0x39, 0x97, 0xF2, 0xA2, 0xB8, 0xB6, 0x54, 0xF7, 0x43, 0x17, 0x22,
    0x79, 0x47, 0x2C, 0xA9, 0x5A, 0xA4, 0x48, 0xBD, 0x3D, 0x14, 0x53, 0x69, 0x6F, 0xE4, 0xCA, 0xC7,
    0xE9, 0x1D, 0xD7, 0xEA, 0x5A, 0x53, 0x4B, 0x42, 0xA7, 0x0F, 0x33, 0x30, 0xAA, 0x7B, 0x9F, 0xD4,
    0xC0, 0x10, 0x45, 0xD6, 0x73, 0x58, 0xD3, 0x3A, 0x95, 0x90, 0x05, 0xC3, 0x56, 0xFD, 0xA0, 0x86,
    0x15, 0x52, 0x73, 0xAA, 0x21, 0xC5, 0x44, 0x23, 0x06, 0x84, 0x05, 0x70, 0x77, 0xB4, 0xA8, 0x80,
    0x1B, 0x0D, 0x10, 0x4A, 0x7D, 0xCD, 0x29, 0x05, 0xAE, 0xB2, 0xEA, 0x3C, 0x49, 0x93, 0x69, 0x4B,
    0x45, 0x3E, 0x6F, 0x2D, 0x59, 0x49, 0x82, 0xD4, 0xA6, 0x4A, 0xA2, 0x0C, 0x98, 0xEE, 0x82, 0xFE,
    0x9B, 0x4C, 0xF9, 0x4B, 0x4A, 0xA1, 0x53, 0x6A, 0xE7, 0x41, 0x6F, 0x72, 0x82, 0xB2, 0xC6, 0xDD,
    0x70, 0xCA, 0xE3, 0x31, 0xAD, 0x18, 0x28, 0xBE, 0xC7, 0x47, 0xBF, 0xA5, 0xE4, 0x4D, 0x34, 0xDD,
    0x70, 0x9A, 0xB3, 0xC6, 0xAA, 0x6A, 0xE8, 0x23, 0x85, 0xE1, 0xCE, 0x8D, 0xD6, 0x10, 0xAB, 0xF4,
    0x7C, 0xAC, 0x94, 0x74, 0x1F, 0x5E, 0xC0, 0x70, 0xC7, 0x36, 0x37, 0x78, 0x55, 0x32, 0xB2, 0x1F,
    0x16, 0x77, 0x3C, 0x6C, 0xC9, 0x01, 0x29, 0xDF, 0x86, 0x73, 0xF2, 0xDF, 0x70, 0xCE, 0x3E, 0x0F,
    0x91, 0xB3, 0xF9, 0x44, 0x97, 0xAE, 0xD8, 0x3F, 0x86, 0xB3, 0x8B, 0xC2, 0xF9, 0x6C, 0x51, 0xAC,
    0x29, 0xA4, 0x10, 0xA0, 0xC8, 0x33, 0x3F, 0xC1, 0x10, 0x7A, 0xC6, 0x52, 0xDF, 0x2C, 0x66, 0x4A,
    0xCF, 0x18, 0x75, 0x5E, 0x82, 0x1A, 0x3D, 0x6F, 0x82, 0xED, 0x23, 0x12, 0x32, 0x9C, 0x0C, 0xE1,
    0x4C, 0x4E, 0x9C, 0xC8, 0xC2, 0x4B, 0x08, 0xCB, 0x99, 0xC1, 0x90, 0x13, 0xAB, 0xF4, 0xD6, 0xEC,
    0x8E, 0x28, 0xA2, 0x53, 0x5C, 0x88, 0x72, 0xE0, 0x10, 0xBC, 0x24, 0x33, 0x73, 0x2F, 0xA3, 0x24,
    0x07, 0x93, 0xB9, 0xC8, 0xBD, 0xD2, 0x41, 0x75, 0x3D, 0x97, 0x21, 0x0A, 0xD9, 0x81, 0xE5, 0x0E,
    0x0C, 0x56, 0x29, 0xBC, 0x1F, 0xE6, 0x2F, 0x58, 0xAB, 0x14, 0x38, 0x6F, 0xA9, 0xCD, 0x06, 0x3D,
    0x75, 0x77, 0xC0, 0x1C, 0x4C, 0x23, 0x44, 0x46, 0x9B, 0x7C, 0xAE, 0x3D, 0xB2, 0x20, 0xB4, 0xB5,
    0xC2, 0x13, 0xC5, 0xA1, 0x62, 0xC9, 0xFB, 0x90, 0x56, 0x24, 0xFC, 0xE5, 0x97, 0x01, 0xB2, 0xF6,
    0x5C, 0x3B, 0x20, 0xAB, 0x91, 0x6D, 0x13, 0x44, 0xF2, 0xD4, 0xC6, 0x48, 0x90, 0xED, 0x07, 0xBE,
    0xAB, 0x78, 0x83, 0xE6, 0xF9, 0x40, 0x00, 0x89, 0xCC, 0xAB, 0x9F, 0x6F, 0xEC, 0x97, 0x18, 0x40,
    0x63, 0xCC, 0x53, 0x68, 0xEB, 0x70, 0x4F, 0xD2, 0xF6, 0xC2, 0x39, 0x3E, 0xEF, 0xB1, 0x99, 0x9F,
    0x22, 0x20, 0x6D, 0xD8, 0x78, 0xFD, 0x73, 0x8D, 0x0B, 0xAD, 0xC3, 0x74, 0x53, 0xD8, 0x35, 0xD7,
    0xEF, 0xD6, 0x06, 0x14, 0xFB, 0x39, 0x7C, 0x91, 0x6C, 0x38, 0x8B, 0x58, 0x15, 0xA5, 0xEC, 0x19,
    0xB7, 0xFC, 0x05, 0x26, 0x45, 0xD2, 0x2F, 0x9A, 0xFC, 0x7E, 0xBF, 0x5A, 0xD6, 0xB8, 0xF2, 0xB6,
    0x8F, 0xE3, 0x48, 0x86, 0x3A, 0x9E, 0x70, 0x1C, 0xC9, 0xB0, 0x5F, 0xCC, 0x30, 0x80, 0x73, 0xA1,
    0x66, 0x70, 0x60, 0x90, 0x91, 0xCE, 0x1A, 0x6A, 0x94, 0x0D, 0xA1, 0xE9, 0x08, 0xD3, 0x9E, 0x30,
    0x99, 0x08, 0x23, 0x85, 0xB2, 0x51, 0x38, 0x2B, 0xAC, 0x69, 0x44, 0xB6, 0x30, 0xDC, 0xD9, 0x79,
    0xBA, 0xB9, 0xE8, 0x15, 0x30, 0x04, 0x6C, 0x01, 0xB3, 0x8E, 0xC2, 0x11, 0xC3, 0xE8, 0x4A, 0x09,
    0x2C, 0xD7, 0x6F, 0x30, 0x29, 0xC8, 0x2E, 0xE5, 0xD0, 0xE1, 0x9D, 0xBB, 0xD9, 0x6E, 0x4E, 0xA7,
    0xF9, 0x2F, 0x0D, 0xD8, 0xC4, 0x84, 0x60, 0x62, 0x09, 0x63, 0xD2, 0xCA, 0x0C, 0x57, 0xEA, 0x34,
    0x83, 0x84, 0x69, 0xF2, 0x04, 0xD0, 0xA3, 0x69, 0x82, 0xF1, 0x98, 0x26, 0xE4, 0x7E, 0xD3, 0x84,
    0x69, 0x9F, 0x26, 0x2C, 0x63, 0x80, 0xB2, 0x01, 0xB0, 0x1D, 0x80, 0x19, 0x00, 0x92, 0x69, 0x0D,
    0xA4, 0x1E, 0x57, 0x52, 0x12, 0x58, 0x02, 0x43, 0x90, 0x10, 0x44, 0x04, 0x30, 0x4B, 0xA9, 0x5A,
    0xA3, 0x68, 0xDE, 0x0D, 0x20, 0xD5, 0x0A, 0x5D, 0x4E, 0x39, 0xD5, 0x34, 0x92, 0x8B, 0x4C, 0x6D,
    0xAD, 0x1A, 0x6B, 0x18, 0xD8, 0x03, 0xDF, 0x80, 0x02, 0x04, 0x44, 0x34, 0x65, 0x66, 0xC8, 0x59,
    0x9D, 0x21, 0x89, 0x40, 0xAF, 0xB8, 0x66, 0xD5, 0x46, 0xAF, 0xB0, 0xAE, 0x77, 0x60, 0x79, 0x01,
    0x7D, 0x78, 0x33, 0xF4, 0x0A, 0x18, 0x02, 0xB6, 0x80, 0x39, 0x8C, 0xB2, 0xB8, 0x07, 0xB3, 0x78,
    0xA8, 0xB9, 0xD8, 0xDA, 0xD0, 0xAD, 0x3D, 0x9F, 0x77, 0x82, 0xC9, 0xF6, 0xA6, 0x53, 0x1E, 0x3F,
    0x50, 0x3A, 0x95, 0x5A, 0xA7, 0x4E, 0x61, 0x62, 0xE1, 0x06, 0xE9, 0x57, 0x73, 0xC3, 0x29, 0x3F,
    0x93, 0x8E, 0x0E, 0xEE, 0x73, 0xC0, 0xE4, 0x5F, 0xD4, 0xD2, 0xA4, 0x29, 0x8B, 0x9B, 0x4D, 0x73,
    0xA4, 0x52, 0x4D, 0x46, 0x7A, 0xED, 0x00, 0xA3, 0x9B, 0x2F, 0x67, 0x2D, 0x18, 0xFF, 0xB5, 0x44,
    0xF4, 0x64, 0x9B, 0xAC, 0xCB, 0x7A, 0x5B, 0xC5, 0x13, 0x8A, 0xA6, 0x35, 0x54, 0xC6, 0x82, 0x03,
    0x94, 0x1C, 0xA4, 0x66, 0xB4, 0x87, 0xE8, 0xAF, 0xB3, 0x88, 0x09, 0xB3, 0xFE, 0x0C, 0xC5, 0x97,
    0xBB, 0x88, 0x33, 0xCF, 0x59, 0x5A, 0x13, 0x17, 0x53, 0x71, 0xEF, 0xBF, 0x6D, 0x43, 0xCD, 0xE8,
    0x82, 0xAB, 0xB2, 0x27, 0x1D, 0x9E, 0x5C, 0xC5, 0xDF, 0x92, 0xAB, 0xF4, 0x1F, 0xE4, 0xCA, 0x54,
    0xE4, 0xCA, 0x29, 0x57, 0x6B, 0xF2, 0x13, 0x0D, 0x84, 0x48, 0xB2, 0xC1, 0x0F, 0x22, 0x36, 0x40,
    0x4B, 0x7E, 0x50, 0x32, 0x44, 0xFD, 0x16, 0x79, 0x33, 0xB8, 0x82, 0x2E, 0x80, 0x2B, 0xB0, 0x91,
    0x0D, 0x89, 0xD7, 0xE4, 0xC8, 0xB7, 0xE4, 0xCA, 0x93, 0xAB, 0xF8, 0x3B, 0x72, 0x95, 0x36, 0xE4,
    0xCA, 0xA8, 0xD7, 0x7B, 0x75, 0x11, 0x78, 0xB5, 0x0D, 0xC8, 0xD2, 0xE1, 0xBC, 0xDC, 0x7C, 0x29,
    0x8B, 0x2A, 0xB7, 0x32, 0xDE, 0x13, 0xE0, 0x54, 0x6C, 0x10, 0x65, 0x45, 0x5A, 0x73, 0xE6, 0x3C,
    0x18, 0xD4, 0xE2, 0x8B, 0xBA, 0x8B, 0xB5, 0x64, 0x5C, 0x72, 0x0E, 0x52, 0x46, 0x8F, 0x21, 0x33,
    0x55, 0xC3, 0xA8, 0x91, 0x9E, 0xCE, 0xE1, 0xE6, 0x66, 0x90, 0xF6, 0x6B, 0xD5, 0x2A, 0x96, 0x75,
    0xBF, 0x6B, 0x19, 0x82, 0x33, 0xE3, 0x90, 0xE9, 0x26, 0x90, 0x66, 0xA9, 0x70, 0x8E, 0x31, 0x91,
    0x02, 0xBB, 0x84, 0xBC, 0x37, 0x62, 0x2E, 0x43, 0x94, 0xAD, 0xF1, 0xF6, 0x36, 0x92, 0x3F, 0xBB,
    0x62, 0x00, 0x34, 0x04, 0x2F, 0x88, 0xD7, 0x33, 0xCA, 0x47, 0xFA, 0x81, 0xB9, 0xA7, 0x17, 0xD7,
    0x12, 0x1F, 0xFA, 0x1B, 0xAD, 0x20, 0x71, 0x25, 0xD7, 0xCA, 0x8E, 0x2B, 0xE8, 0x72, 0xF2, 0x47,
    0xAA, 0x26, 0x5F, 0x6A, 0x2D, 0x40, 0x13, 0xA5, 0xD8, 0x37, 0xDB, 0x39, 0xBA, 0x2E, 0x9B, 0xF8,
    0xA1, 0xF0, 0xFA, 0x58, 0xF2, 0x31, 0x57, 0x55, 0xBB, 0x91, 0x7C, 0xC0, 0x46, 0xC2, 0x84, 0x7B,
    0x8C, 0x0C, 0xEA, 0x9D, 0x76, 0xC6, 0xD8, 0x07, 0xC1, 0x0F, 0x9E, 0xD9, 0x9E, 0xB2, 0x60, 0xB8,
    0x7D, 0x1D, 0x2E, 0xB1, 0xBA, 0x9F, 0x01, 0x62, 0xCD, 0xC0, 0x1A, 0x66, 0x85, 0x3C, 0x4D, 0x8B,
    0xB8, 0x67, 0x04, 0xA7, 0xAC, 0xE4, 0x6A, 0xFA, 0x08, 0x3C, 0x2D, 0x00, 0xC4, 0xB3, 0xC1, 0x2D,
    0x84, 0x3D, 0xC3, 0x12, 0xFB, 0x6C, 0x58, 0x98, 0xC7, 0x03, 0xA6, 0x73, 0x96, 0x2F, 0x23, 0x13,
    0xD2, 0xDC, 0x8D, 0x1A, 0xB0, 0x80, 0x5B, 0x04, 0xEE, 0xAD, 0x8D, 0x6C, 0x2C, 0xC9, 0x38, 0x60,
    0x89, 0x7B, 0x5C, 0x08, 0xD0, 0x64, 0x0E, 0x42, 0x8A, 0x2F, 0xF2, 0x8E, 0x08, 0x9B, 0x59, 0xBA,
    0xBD, 0xF2, 0x51, 0x59, 0xBC, 0xB2, 0x6C, 0x9D, 0x04, 0x77, 0x8E, 0xC4, 0xE8, 0x03, 0x54, 0xF9,
    0xC0, 0xBB, 0x7B, 0x9C, 0xB5, 0x30, 0x7A, 0xED, 0xA4, 0xCD, 0xA0, 0xD9, 0xB6, 0x7E, 0x0B, 0xF7,
    0xFD, 0x57, 0x6D, 0x36, 0xB3, 0xCC, 0x37, 0x87, 0x38, 0x80, 0xBB, 0x1D, 0xC4, 0xFF, 0xAA, 0xEC,
    0x17, 0xBF, 0x6A, 0x00, 0x4A, 0x9E, 0x8F, 0xB1, 0x55, 0xD4, 0x9D, 0x20, 0x95, 0x79, 0x6D, 0xAF,
    0xF8, 0xE3, 0xD9, 0x40, 0x73, 0x67, 0xC9, 0xDE, 0x1D, 0xAF, 0x46, 0x31, 0x7B, 0xC1, 0x9F, 0x36,
    0xAC, 0x20, 0xD7, 0xDA, 0x78, 0xBD, 0x57, 0xD9, 0x30, 0x3D, 0x66, 0xD4, 0xDA, 0x7F, 0x1C, 0x9A,
    0xEF, 0x2F, 0x95, 0x3C, 0xF6, 0x31, 0x46, 0xC4, 0x4C, 0x1B, 0xBE, 0xC4, 0x43, 0xA5, 0x7A, 0x56,
    0x44, 0xCF, 0xA0, 0x96, 0x6F, 0x4A, 0x3E, 0x6A, 0x72, 0x6D, 0xFA, 0xA0, 0x57, 0x9D, 0x96, 0x54,
    0x81, 0xD5, 0x86, 0x5D, 0x4B, 0x5F, 0x70, 0x5F, 0x10, 0xE5, 0x07, 0xFB, 0x58, 0x73, 0xEC, 0x32,
    0xA4, 0xDA, 0x53, 0x30, 0xF0, 0x53, 0xB0, 0x0C, 0xAA, 0xC7, 0x2F, 0x48, 0xFD, 0xD6, 0xA6, 0x2E,
    0x6A, 0x6E, 0xF0, 0x70, 0xBB, 0x2E, 0xF3, 0xD5, 0x81, 0x6F, 0x75, 0xB9, 0xC0, 0xB6, 0xB4, 0x58,
    0x2C, 0xAD, 0x96, 0x1E, 0x96, 0x65, 0x7A, 0x76, 0xA5, 0xD5, 0x8B, 0x66, 0xD3, 0xC8, 0xE4, 0x5D,
    0xDC, 0x65, 0xB3, 0xDA, 0xA4, 0x0A, 0x7B, 0x48, 0xA1, 0x22, 0x90, 0x0D, 0xC1, 0x35, 0xDF, 0x3A,
    0x09, 0x95, 0x00, 0xC6, 0xB0, 0xDB, 0xF4, 0x5F, 0xF7, 0xE9, 0x48, 0xC9, 0x83, 0x8B, 0x39, 0xB7,
    0x5A, 0xD0, 0xA9, 0x10, 0x7F, 0xC0, 0xCF, 0xC7, 0xDC, 0x49, 0x19, 0x31, 0x2E, 0x63, 0x81, 0xF5,
    0x76, 0x1B, 0xED, 0x74, 0x19, 0xDB, 0xC9, 0x79, 0x69, 0xE4, 0x8D, 0x6C, 0x48, 0xB9, 0x69, 0x8C,
    0x85, 0xCD, 0x70, 0x82, 0xC8, 0xE7, 0x50, 0x53, 0x21, 0xFE, 0x83, 0x6A, 0xBF, 0xF8, 0xB5, 0x7C,
    0x00, 0xDC, 0x2B, 0xD4, 0xD4, 0x27, 0x53, 0x45, 0x0F, 0x76, 0x06, 0xD8, 0x07, 0xFE, 0xC1, 0x54,
    0xC9, 0x94, 0x37, 0x6C, 0xBC, 0xDE, 0x27, 0x6E, 0x6C, 0x5B, 0xB7, 0x09, 0x37, 0x27, 0x6E, 0x87,
    0x5A, 0xD5, 0xB3, 0xBE, 0xE9, 0x60, 0x3A, 0x8B, 0xBD, 0xDF, 0xF7, 0x43, 0xA9, 0xEB, 0x99, 0x5F,
    0x38, 0x8E, 0x0C, 0x5A, 0xF7, 0x5E, 0x75, 0x92, 0xB6, 0xEF, 0xCB, 0x47, 0x81, 0x6E, 0x16, 0xE9,
    0x7E, 0xE4, 0xB1, 0xCA, 0x9A, 0xF2, 0xBD, 0x16, 0xC7, 0x6A, 0x1B, 0xBA, 0xFE, 0x04, 0x24, 0xE1,
    0xF3, 0x58, 0x58, 0xF8, 0xF9, 0xA7, 0x96, 0xC9, 0xAA, 0xB0, 0x91, 0x1E, 0xF6, 0xD5, 0xCD, 0xBB,
    0x98, 0xC7, 0x5B, 0x21, 0xC3, 0x67, 0xD6, 0x38, 0xAE, 0xE8, 0x20, 0x4A, 0x3A, 0x08, 0xF5, 0x89,
    0x9E, 0x12, 0x2C, 0x29, 0x4E, 0xC7, 0x2D, 0x89, 0x05, 0xE8, 0x4F, 0xFC, 0xDB, 0xE1, 0x5E, 0x70,
    0x1F, 0x98, 0x88, 0x91, 0xD1, 0x72, 0x1F, 0x9C, 0x8B, 0x7C, 0xC0, 0xDD, 0x70, 0xD8, 0x34, 0xFC,
    0x92, 0xEC, 0x4F, 0x4F, 0x94, 0x9C, 0x91, 0xF8, 0x20, 0x83, 0x65, 0x3D, 0x65, 0xB0, 0x2D, 0x56,
    0x29, 0xAA, 0x91, 0x2C, 0x7A, 0x26, 0xC3, 0x8F, 0x69, 0xC1, 0xCD, 0xAA, 0x5F, 0xD7, 0xDC, 0x2F,
    0xA4, 0xAE, 0x0F, 0x2E, 0x8D, 0x43, 0x77, 0xC7, 0x05, 0x8C, 0x05, 0x88, 0x25, 0x98, 0x37, 0xFC,
    0x8F, 0x41, 0x01, 0xE2, 0xCB, 0x73, 0x1E, 0x08, 0x8A, 0xCB, 0x20, 0x3C, 0x75, 0x9C, 0x68, 0x28,
    0xCE, 0x14, 0xFA, 0x2A, 0x16, 0xC5, 0xB7, 0xE4, 0x9E, 0xF5, 0x36, 0x7E, 0xD5, 0x71, 0x77, 0xFC,
    0xD9, 0x73, 0x1B, 0x57, 0x8D, 0x48, 0xAE, 0x7F, 0xE2, 0xA0, 0x52, 0x63, 0xCD, 0x85, 0x7D, 0xCA,
    0xE7, 0x3D, 0x6E, 0x79, 0x9F, 0x06, 0x1E, 0xD3, 0x1A, 0x7D, 0x5D, 0xCB, 0xF5, 0x9F, 0xE7, 0x32,
    0xEE, 0x80, 0xBD, 0xB4, 0x98, 0xF9, 0x93, 0x02, 0x19, 0x2F, 0xA7, 0x6F, 0xCF, 0x65, 0x48, 0x9D,
    0xCB, 0x6C, 0xDC, 0x82, 0x27, 0xAB, 0x21, 0xBB, 0xFB, 0xF6, 0x57, 0x3E, 0xD7, 0xF7, 0x3D, 0x28,
    0xC2, 0x8E, 0x9F, 0x9D, 0x8F, 0x44, 0xFF, 0xCF, 0x83, 0x21, 0x47, 0x0C, 0x8E, 0x74, 0x0C, 0xC5,
    0x79, 0x2E, 0x2E, 0x4B, 0x4A, 0x8F, 0xB9, 0xAE, 0x50, 0xD6, 0x3E, 0x4D, 0x3A, 0x5B, 0x9C, 0xA6,
    0x8D, 0x2D, 0xCE, 0x4C, 0x01, 0x72, 0xB9, 0x59, 0xEB, 0xD6, 0x78, 0x01, 0xB9, 0x1F, 0x4B, 0x3C,
    0x19, 0x7D, 0x29, 0xC8, 0xB5, 0x24, 0xF7, 0xF8, 0x3C, 0xC8, 0x9D, 0xB7, 0xA1, 0x55, 0x73, 0x49,
    0x15, 0x51, 0x0F, 0xEA, 0x7F, 0x4C, 0xE3, 0x7E, 0x02, 0x83, 0x04, 0x57, 0xD5, 0x7D, 0xEE, 0xBF,
    0xE9, 0x63, 0xFF, 0x87, 0xFE, 0x3C, 0xB4, 0x62, 0x2D, 0x9E, 0xF8, 0x5F, 0x93, 0xFD, 0xE2, 0xB7,
    0x4B, 0x68, 0x85, 0xBD, 0x8F, 0xA4, 0x5B, 0x41, 0x60, 0x2F, 0xED, 0x15, 0x7F, 0xD2, 0xAE, 0xCE,
    0x43, 0x1F, 0x5E, 0xEF, 0x57, 0x36, 0x54, 0xCC, 0x90, 0x2A, 0xD2, 0xDF, 0xA8, 0x15, 0x8D, 0x3E,
    0xBA, 0x54, 0x62, 0x60, 0x8D, 0xDD, 0x71, 0x76, 0x50, 0xFE, 0xD5, 0x6C, 0xFA, 0x94, 0xE6, 0x6A,
    0x82, 0x38, 0x61, 0x32, 0x93, 0x41, 0x77, 0xE9, 0x90, 0x69, 0xCB, 0x44, 0xF5, 0x9E, 0x29, 0xE0,
    0x92, 0x55, 0x21, 0xC7, 0x38, 0x23, 0xE7, 0xBC, 0x1A, 0x4E, 0x70, 0x36, 0x2D, 0xBB, 0x22, 0x41,
    0xAF, 0xF8, 0x67, 0xA0, 0xB0, 0xE5, 0xAB, 0x05, 0xFC, 0x8B, 0x7F, 0x55, 0x9C, 0x3E, 0xAB, 0x38,
    0xFD, 0x3A, 0xC2, 0xF2, 0x1A, 0x09, 0x02, 0xBC, 0x27, 0xFE, 0x1D, 0x03, 0xC3, 0x1B, 0xA3, 0xF8,
    0x1D, 0x31, 0xA9, 0xB8, 0xA6, 0x31, 0xD9, 0x48, 0x06, 0x98, 0xF0, 0xDE, 0xB7, 0xB6, 0x9D, 0x11,
    0x50, 0x6D, 0xEC, 0xF8, 0xBD, 0xB8, 0xE5, 0x58, 0x03, 0x71, 0x46, 0x55, 0x0A, 0xF4, 0xE7, 0xFF,
    0x53, 0x10, 0xFF, 0x03, 0xCD, 0x5B, 0x3B, 0x8F, 0xDD, 0xC6, 0x15, 0x1E, 0x92, 0x86, 0x08, 0x88,
    0x05, 0x55, 0xE6, 0x01, 0x88, 0x2E, 0x6D, 0x23, 0x10, 0x9B, 0x94, 0xD2, 0x92, 0x8A, 0x8B, 0x94,
    0xF9, 0x09, 0x71, 0xE1, 0x22, 0xA9, 0xD4, 0xAA, 0x58, 0x5D, 0x52, 0x70, 0xE1, 0x76, 0x91, 0x32,
    0x95, 0x8A, 0x14, 0xEE, 0x9C, 0x22, 0x85, 0x8B, 0xDD, 0x25, 0x1D, 0x17, 0x29, 0x52, 0x84, 0x8E,
    0x0B, 0x97, 0x21, 0x60, 0x03, 0x29, 0xCD, 0xC0, 0x44, 0x4C, 0xC5, 0x43, 0x4E, 0xBE, 0xEF, 0xCC,
    0xF0, 0xBE, 0xB4, 0xDA, 0x97, 0xAE, 0x56, 0xF7, 0x2E, 0xE7, 0xDC, 0xBB, 0x7C, 0xCC, 0x9C, 0x73,
    0x66, 0xE6, 0xBC, 0xA9, 0x22, 0x63, 0x94, 0x52, 0x16, 0x6E, 0x7C, 0xB2, 0x5A, 0x60, 0x43, 0x58,
    0x75, 0x84, 0x86, 0xD0, 0x9B, 0x06, 0x40, 0x7F, 0xD0, 0x80, 0x41, 0x37, 0xF2, 0xD9, 0xAE, 0x00,
    0x8C, 0x9B, 0x0C, 0x30, 0xA9, 0xD3, 0x52, 0xA9, 0xB4, 0x8C, 0xF1, 0x70, 0x86, 0x73, 0x78, 0x14,
    0xD7, 0x95, 0x1A, 0x71, 0xAF, 0x52, 0x1A, 0xCF, 0x29, 0xDF, 0x18, 0xA3, 0x55, 0x00, 0x38, 0xAA,
    0x10, 0x27, 0x0B, 0xB9, 0x0D, 0x37, 0xF3, 0x91, 0x92, 0x8F, 0x27, 0x75, 0x96, 0xB3, 0xC3, 0x42,
    0x3A, 0x9F, 0x64, 0xA0, 0x18, 0x08, 0xC6, 0x5B, 0x48, 0x7A, 0x55, 0x8F, 0x73, 0x93, 0xCA, 0x8E,
    0x8A, 0xFC, 0x27, 0xF2, 0xBC, 0x34, 0xF4, 0x16, 0x35, 0xEA, 0x91, 0x69, 0x42, 0x63, 0x9A, 0xEC,
    0x79, 0xD4, 0x00, 0x85, 0x46, 0x4B, 0x8B, 0xD1, 0xD2, 0xA6, 0x7A, 0x88, 0xF3, 0xE6, 0xDF, 0x4D,
    0x34, 0x05, 0x8D, 0xBA, 0x9D, 0xDF, 0x26, 0xF6, 0x75, 0xCA, 0xC1, 0x5A, 0x0E, 0x19, 0x18, 0x2D,
    0x34, 0xB7, 0xFB, 0xCD, 0x91, 0xA8, 0xBE, 0xA7, 0xC2, 0xE6, 0x89, 0x45, 0x77, 0x0B, 0xD9, 0x9D,
    0x70, 0xE6, 0x7C, 0x7A, 0x83, 0xE7, 0xEB, 0xF4, 0x56, 0xA4, 0xB7, 0xB5, 0xF4, 0x66, 0xA4, 0xB7,
    0x4E, 0x89, 0x7C, 0x6E, 0xE9, 0x8D, 0xF1, 0x98, 0x11, 0xD2, 0x40, 0x35, 0xE8, 0xD5, 0x3C, 0x1C,
    0xBD, 0x80, 0x46, 0x6E, 0x70, 0x54, 0x97, 0x7C, 0x30, 0x95, 0x4E, 0x2C, 0xBD, 0xB1, 0xD0, 0x1B,
    0xCA, 0xF8, 0x81, 0x60, 0x14, 0x0B, 0x8D, 0x89, 0xC0, 0xF4, 0x2D, 0xF9, 0x4D, 0x2C, 0x54, 0x34,
    0x2C, 0xE9, 0x6E, 0x8A, 0xFC, 0x1E, 0x50, 0xD9, 0xA0, 0xDB, 0xD1, 0x1E, 0x91, 0xF6, 0x6F, 0xA3,
    0xE6, 0x74, 0x49, 0x7B, 0xD2, 0x54, 0xDE, 0x3A, 0xDD, 0x11, 0x78, 0x7D, 0x17, 0xFD, 0x3D, 0x20,
    0xF5, 0xE8, 0x3F, 0xD5, 0xEC, 0x5B, 0x50, 0x59, 0x2D, 0x03, 0x59, 0x8A, 0xC1, 0x20, 0xE3, 0xBE,
    0xB0, 0x52, 0x2A, 0xA2, 0x8C, 0xE5, 0x8A, 0x0B, 0x05, 0xA9, 0xF4, 0x4C, 0x1B, 0x1A, 0x15, 0xE0,
    0xEC, 0x7D, 0x15, 0xF7, 0x82, 0x71, 0xBB, 0xB6, 0xA2, 0x4A, 0xC2, 0x42, 0xAD, 0x60, 0xB5, 0x06,
    0xD7, 0xCF, 0x73, 0x15, 0xCC, 0xF7, 0x27, 0x96, 0x17, 0xD2, 0x4F, 0x88, 0x3E, 0xDF, 0x52, 0xFE,
    0xC4, 0x55, 0x83, 0xB5, 0x70, 0x0B, 0xC8, 0x25, 0xC6, 0x0C, 0x5C, 0x08, 0x53, 0xEE, 0x9E, 0xC0,
    0x45, 0x6F, 0x50, 0xB2, 0xEA, 0x6E, 0x95, 0x2B, 0x54, 0xD3, 0x89, 0xEB, 0xAF, 0x89, 0xFA, 0xA8,
    0x41, 0x8F, 0x39, 0x47, 0xE0, 0x34, 0x9E, 0x9E, 0xD1, 0x0A, 0x87, 0x01, 0x66, 0xA8, 0x8C, 0xFB,
    0xA8, 0xC3, 0x0C, 0xD6, 0xAA, 0x20, 0xEB, 0xFD, 0x67, 0x82, 0x8B, 0x70, 0x23, 0x5B, 0x10, 0x1E,
    0x27, 0xB8, 0xD1, 0xEF, 0xA3, 0x66, 0xBF, 0x39, 0xC3, 0x9D, 0xC8, 0xE9, 0x5D, 0x1C, 0x28, 0x35,
    0x24, 0xB9, 0xF7, 0x6C, 0x8D, 0x35, 0x3B, 0xE1, 0x4C, 0x20, 0x58, 0x44, 0xFD, 0x0A, 0x06, 0xFB,
    0xBE, 0x5A, 0xC2, 0xD6, 0xAE, 0x74, 0xB6, 0x70, 0x0B, 0xD9, 0x5D, 0xF0, 0xC4, 0x7B, 0xE6, 0x1F,
    0xE1, 0x9A, 0xE6, 0xD6, 0x54, 0x8B, 0x4C, 0xB0, 0xD3, 0x2B, 0xFE, 0xEC, 0x2F, 0x67, 0x7C, 0xC8,
    0x5C, 0xA5, 0xA1, 0x28, 0xB2, 0x13, 0x25, 0xC3, 0x0B, 0x1D, 0xBB, 0xE3, 0x8C, 0x6F, 0x19, 0x33,
    0xAC, 0x31, 0x26, 0xB5, 0x8C, 0xE9, 0xB6, 0xF8, 0x02, 0x99, 0x59, 0x0A, 0xD4, 0x14, 0xA9, 0xBE,
    0xC9, 0x01, 0x55, 0xDA, 0x12, 0x82, 0x04, 0x40, 0xC8, 0x57, 0xAE, 0xBE, 0x51, 0x60, 0x25, 0xB0,
    0x10, 0x98, 0xE5, 0x02, 0xCB, 0x97, 0xC0, 0x7C, 0x75, 0xA7, 0x7D, 0x6A, 0x5A, 0xF5, 0x66, 0x7B,
    0x4E, 0x5A, 0x37, 0xA2, 0x1D, 0xDD, 0x62, 0xC2, 0xE9, 0xE4, 0x86, 0x17, 0xEE, 0x00, 0x0A, 0xEE,
    0xFA, 0x81, 0xC0, 0xFB, 0x02, 0xD5, 0x0C, 0x0B, 0xEA, 0xC9, 0x40, 0x9E, 0x05, 0xED, 0x9A, 0xFC,
    0xF7, 0xB4, 0xF0, 0x43, 0x0B, 0xC7, 0xB4, 0xCC, 0x97, 0x16, 0x4E, 0x9D, 0x09, 0x0B, 0xB5, 0xBA,
    0x33, 0x2B, 0x03, 0xF6, 0xD3, 0x72, 0xFD, 0x84, 0x66, 0x3C, 0x16, 0xB5, 0x7D, 0x28, 0xFD, 0x63,
    0xBE, 0xA8, 0x61, 0x7A, 0xCA, 0xE8, 0x70, 0x12, 0x49, 0x5D, 0xD4, 0x84, 0x71, 0x4B, 0x18, 0x76,
    0x84, 0x81, 0x26, 0xF4, 0x04, 0xAA, 0x51, 0xE0, 0x24, 0xB0, 0xE2, 0x6A, 0x9B, 0xA1, 0x3D, 0xB3,
    0x76, 0x75, 0x5C, 0x3D, 0x65, 0x7B, 0xB0, 0xBD, 0xD9, 0x9E, 0x65, 0x14, 0x8E, 0x68, 0x47, 0x17,
    0x4C, 0x66, 0x0E, 0x2C, 0x81, 0x2C, 0x69, 0x01, 0xCB, 0x73, 0x64, 0x8C, 0xF0, 0x45, 0xD8, 0x92,
    0xD4, 0x60, 0xBA, 0x30, 0x45, 0x28, 0x15, 0xA2, 0x4F, 0xCF, 0x00, 0x72, 0x41, 0x6E, 0x11, 0x5E,
    0x08, 0x2B, 0x2C, 0x27, 0xC8, 0x08, 0xF4, 0x27, 0x6D, 0x6D, 0xDD, 0x0C, 0x6C, 0x76, 0x6D, 0x9C,
    0xDF, 0x38, 0xB3, 0x6C, 0x97, 0xBC, 0x57, 0xFA, 0xC5, 0x0E, 0xA8, 0xD9, 0x36, 0x65, 0x86, 0x58,
    0x38, 0x58, 0xE9, 0x49, 0x9B, 0xD6, 0x7E, 0x07, 0x64, 0x07, 0x62, 0x0D, 0xF4, 0x8F, 0xC1, 0x60,
    0xCD, 0x76, 0xE2, 0x76, 0x46, 0xE6, 0x1A, 0x76, 0xD0, 0xDB, 0x51, 0x1F, 0x6A, 0x3C, 0xD7, 0x61,
    0x67, 0xE5, 0xB7, 0xCA, 0xDB, 0x79, 0x58, 0xC7, 0x79, 0x80, 0xA7, 0x7D, 0xE8, 0x77, 0x55, 0xF4,
    0x37, 0x46, 0x93, 0xC7, 0x5D, 0x3F, 0x24, 0x25, 0x56, 0x83, 0xD0, 0xB2, 0x6B, 0xDA, 0xC4, 0x44,
    0x49, 0x1B, 0xD9, 0xBF, 0xF2, 0xFB, 0x86, 0xE8, 0x12, 0x45, 0x44, 0x29, 0xC6, 0xB6, 0xAD, 0x94,
    0x76, 0x40, 0xD7, 0x6B, 0xC7, 0x5F, 0x45, 0xE5, 0xCA, 0x4E, 0x3B, 0x20, 0x16, 0x22, 0x53, 0xD6,
    0x71, 0x4F, 0xAE, 0x8E, 0x3B, 0x9E, 0x87, 0x44, 0xF3, 0xA9, 0xFB, 0x68, 0x3A, 0xD2, 0x0C, 0xFD,
    0x9C, 0xFE, 0x91, 0xA2, 0x5A, 0xE0, 0x3A, 0x0C, 0xA4, 0xC7, 0x63, 0xBB, 0x06, 0x93, 0xE6, 0xE6,
    0xF6, 0x16, 0xD7, 0xE1, 0xF1, 0xAC, 0x7D, 0x86, 0xD9, 0xE8, 0xDA, 0xDD, 0x3A, 0x74, 0x1D, 0x46,
    0x22, 0x90, 0x12, 0x51, 0x94, 0x0B, 0x59, 0x8F, 0xC3, 0xB6, 0x15, 0x00, 0x65, 0x5C, 0x8A, 0xCF,
    0x38, 0x88, 0x5E, 0x36, 0xB9, 0x67, 0xBE, 0xF5, 0x4D, 0x4D, 0xBD, 0x9C, 0xE4, 0xD7, 0xD0, 0xCB,
    0xB1, 0x69, 0x2C, 0xB4, 0x5E, 0x8E, 0xB5, 0xFD, 0xC5, 0x7A, 0x6F, 0xA8, 0x97, 0xE3, 0x26, 0xE0,
    0x32, 0x6D, 0xBC, 0x49, 0x6C, 0xF9, 0xEC, 0x5B, 0x58, 0xEB, 0x1C, 0x9D, 0x48, 0x3C, 0xA2, 0x0C,
    0xE5, 0x2C, 0x64, 0xF4, 0xA6, 0x20, 0x41, 0x29, 0x21, 0x30, 0x4B, 0x2B, 0x13, 0xA2, 0xE7, 0xAD,
    0x53, 0xD2, 0x14, 0x9A, 0x1E, 0x55, 0x06, 0x8B, 0xFF, 0x00, 0x66, 0x0D, 0xBF, 0xF9, 0x3F, 0xCE,
    0x97, 0x11, 0x24, 0x4A, 0x88, 0x89, 0x8F, 0xA9, 0x93, 0xC9, 0xCC, 0x52, 0xD4, 0x3E, 0xCE, 0x9B,
    0x3E, 0x53, 0x21, 0x7A, 0x55, 0xAE, 0x79, 0xBA, 0x2A, 0x7F, 0xDE, 0xA5, 0x22, 0xE5, 0x9E, 0xE3,
    0xCE, 0x67, 0x1E, 0x15, 0x76, 0x27, 0xBB, 0x67, 0x14, 0x5B, 0x57, 0x38, 0xE3, 0xFC, 0x91, 0xFD,
    0xE5, 0x58, 0x50, 0xC7, 0xC2, 0x29, 0x8F, 0xFA, 0xAD, 0xD8, 0x32, 0xBB, 0x5E, 0x2B, 0xC7, 0x7C,
    0x31, 0x65, 0xC2, 0x61, 0x05, 0xFD, 0x6E, 0xBF, 0x79, 0x65, 0xE5, 0x73, 0xFB, 0x82, 0x7C, 0x7E,
    0xFD, 0xBC, 0xDA, 0x33, 0x3E, 0xB8, 0x8F, 0x65, 0x41, 0x2C, 0xA3, 0xC5, 0xF9, 0xCA, 0x1F, 0xBF,
    0x2B, 0x93, 0x89, 0xFB, 0xE8, 0x42, 0xB3, 0x85, 0xF5, 0x26, 0xBF, 0x5E, 0x2B, 0xAF, 0x3E, 0xE1,
    0xE0, 0x34, 0x74, 0xC2, 0x7F, 0x61, 0xC8, 0xE4, 0x23, 0x2C, 0xAA, 0x03, 0x6F, 0x5D, 0x59, 0x73,
    0x47, 0xEA, 0xAB, 0x03, 0x86, 0x27, 0x2C, 0xB8, 0x66, 0x07, 0x4A, 0xA2, 0x35, 0x64, 0x62, 0xFC,
    0x77, 0x2A, 0x79, 0x1F, 0x4C, 0x7E, 0x47, 0xD0, 0x5D, 0xA2, 0x75, 0x11, 0xA0, 0x34, 0x19, 0x39,
    0x0F, 0xA6, 0x87, 0x9D, 0x60, 0x72, 0xC4, 0x42, 0x26, 0xFA, 0xF1, 0x08, 0xA6, 0xF4, 0xD7, 0x04,
    0x9C, 0x6A, 0xB4, 0xF3, 0xBE, 0x2A, 0x52, 0x6D, 0x6A, 0xF7, 0x75, 0xEE, 0x03, 0x66, 0x36, 0x75,
    0xE5, 0xEB, 0xE2, 0xAE, 0xAF, 0xF6, 0xB5, 0x06, 0x0A, 0xBA, 0x0D, 0x02, 0xD6, 0x2F, 0x40, 0x80,
    0x05, 0x3F, 0x18, 0x5A, 0xDC, 0x47, 0x55, 0x1E, 0x8C, 0xF0, 0xAB, 0x70, 0x21, 0x5E, 0x81, 0xE6,
    0xEA, 0x20, 0x6E, 0xEE, 0x67, 0xC3, 0xE1, 0x61, 0x31, 0xFC, 0x65, 0x19, 0xDC, 0x19, 0x77, 0x73,
    0xA4, 0x6D, 0x57, 0x98, 0xB6, 0x2F, 0xCA, 0x75, 0x31, 0xC2, 0x20, 0xE0, 0x15, 0x0F, 0xF8, 0x9A,
    0x38, 0xEC, 0xE3, 0x96, 0x51, 0xAF, 0x7E, 0xC0, 0x12, 0x30, 0xA6, 0x7B, 0x15, 0xAC, 0xDE, 0x51,
    0x1F, 0x1E, 0xAA, 0x21, 0xFB, 0x55, 0x9F, 0xD0, 0x53, 0xCF, 0x77, 0xCB, 0xBA, 0x63, 0xBF, 0x7D,
    0x12, 0x22, 0x4E, 0x57, 0x47, 0xD3, 0x2B, 0xB1, 0x8E, 0xD3, 0x7B, 0xA5, 0xBF, 0xFC, 0x81, 0x3A,
    0x54, 0x4F, 0xEE, 0x64, 0x43, 0xD2, 0x25, 0x79, 0x56, 0x67, 0x75, 0xEA, 0x28, 0x4B, 0xCB, 0x8B,
    0xFE, 0xEE, 0xAA, 0xC7, 0xAA, 0x57, 0x98, 0xAE, 0x2E, 0x6B, 0x52, 0x55, 0x94, 0x45, 0x99, 0xBA,
    0x08, 0xC4, 0xD5, 0xFE, 0x4E, 0xB7, 0x3F, 0x23, 0xA3, 0x8F, 0xAF, 0x03, 0xF4, 0xA3, 0x0B, 0xEB,
    0x86, 0x04, 0x71, 0x3B, 0xAA, 0xBC, 0xA8, 0x47, 0xAC, 0x0D, 0x35, 0x7A, 0xD8, 0xDE, 0x50, 0x3D,
    0x25, 0x18, 0xD0, 0xB0, 0xA5, 0x79, 0xBC, 0xB1, 0x8C, 0x19, 0xE5, 0x7E, 0xD5, 0xA6, 0x96, 0xE1,
    0xEA, 0x44, 0xC2, 0xDF, 0x50, 0x58, 0x2E, 0xFA, 0xFA, 0x89, 0x95, 0xF0, 0x11, 0x04, 0x7C, 0xF2,
    0xEB, 0x56, 0x2D, 0xD6, 0xC5, 0xBB, 0xDE, 0x4D, 0x63, 0x24, 0xC2, 0x17, 0x7F, 0x5E, 0xDD, 0x81,
    0xBA, 0xAF, 0x20, 0x73, 0xAB, 0x41, 0x82, 0xBD, 0x90, 0xE0, 0xD1, 0xD7, 0x6D, 0xF2, 0xB0, 0xFF,
    0xA9, 0xFA, 0xD0, 0x8D, 0x79, 0x7A, 0xDD, 0x63, 0xE4, 0x38, 0x59, 0xCF, 0xC8, 0x3A, 0x39, 0x4C,
    0x36, 0xA7, 0x35, 0x03, 0x0D, 0x88, 0xBE, 0x78, 0xA3, 0x8D, 0x91, 0x8F, 0x8C, 0x48, 0x8D, 0x54,
    0xED, 0x23, 0x35, 0xF8, 0xE8, 0x33, 0xD2, 0xC3, 0xF0, 0xD4, 0x48, 0x63, 0xD7, 0x85, 0x7F, 0xC0,
    0xA0, 0x91, 0x51, 0xBA, 0x31, 0x90, 0x38, 0x90, 0x21, 0x80, 0x60, 0x19, 0x6D, 0x90, 0x26, 0xA2,
    0xA8, 0xB7, 0xA1, 0x1B, 0x43, 0x90, 0xD5, 0x6E, 0x3E, 0x9D, 0xE1, 0xE5, 0xC2, 0xE9, 0x54, 0xD3,
    0x2A, 0xAA, 0x67, 0x9D, 0x1E, 0x5F, 0xE8, 0x92, 0x44, 0xDD, 0x28, 0xF8, 0x22, 0x4C, 0x04, 0x3A,
    0x46, 0xF0, 0x6A, 0x84, 0xBD, 0x30, 0xC2, 0xAA, 0xA0, 0x35, 0xC9, 0x68, 0xC3, 0x48, 0xB4, 0x89,
    0x3F, 0xB5, 0x0D, 0xEF, 0x91, 0x60, 0x12, 0x43, 0x4C, 0x1C, 0x3E, 0xE8, 0x97, 0xF1, 0xFB, 0xD4,
    0x79, 0x6E, 0xF4, 0xE0, 0xEE, 0xEF, 0xA8, 0xEF, 0x0A, 0xDE, 0x9B, 0x8D, 0x56, 0xD9, 0x15, 0xB4,
    0x9E, 0xC0, 0xC9, 0x5F, 0x53, 0x83, 0x8D, 0xC6, 0x86, 0xB1, 0xE1, 0x24, 0x86, 0xBD, 0xD8, 0x4F,
    0xCB, 0x4D, 0x91, 0xEF, 0xE6, 0xB8, 0x8C, 0xAF, 0x78, 0x9D, 0x06, 0xA5, 0xDD, 0x1A, 0xE3, 0x0C,
    0xBC, 0x6C, 0x73, 0x42, 0x20, 0xBC, 0xD4, 0xC9, 0x4B, 0x3E, 0xEA, 0xC1, 0x93, 0xC3, 0xCF, 0xFA,
    0x91, 0x76, 0x08, 0xFC, 0x9F, 0x11, 0xCB, 0x68, 0x8C, 0x38, 0x35, 0xF9, 0x4E, 0xB1, 0x3A, 0x89,
    0xEB, 0x93, 0xB8, 0x3C, 0x49, 0xD4, 0x49, 0xAA, 0x4E, 0x1E, 0x28, 0x38, 0xB1, 0xD7, 0x3B, 0x2E,
    0x37, 0xEE, 0x42, 0x76, 0x91, 0x6D, 0x8B, 0xAB, 0xE1, 0x79, 0xCE, 0xE8, 0x21, 0xA8, 0xE8, 0x78,
    0x84, 0xED, 0x85, 0x78, 0x72, 0x9F, 0x5F, 0x0C, 0x10, 0x8B, 0xD6, 0xD8, 0xBC, 0xBE, 0x46, 0x08,
    0xD9, 0x9F, 0x18, 0xAF, 0x10, 0x9B, 0x88, 0xF6, 0x40, 0x2A, 0xB1, 0x5B, 0x3D, 0x83, 0x3F, 0x9C,
    0xDF, 0x95, 0xB1, 0x01, 0x3B, 0xC3, 0x18, 0xEC, 0xD9, 0xC7, 0xD4, 0x21, 0xE8, 0x1E, 0x99, 0x1C,
    0xC1, 0x95, 0xC5, 0xCB, 0xEE, 0x59, 0x3B, 0x24, 0x4C, 0xE2, 0x42, 0xF9, 0x12, 0x1C, 0x29, 0x56,
    0xE1, 0xDF, 0x75, 0x59, 0x3D, 0x89, 0x71, 0x9D, 0x13, 0xD4, 0x04, 0xF4, 0xDE, 0xE9, 0xE8, 0xE8,
    0x69, 0xA4, 0x7D, 0x6F, 0x08, 0xB0, 0xD3, 0xB5, 0x4E, 0x3A, 0x00, 0xC8, 0x7F, 0xAD, 0x61, 0xD9,
    0xC1, 0xF0, 0x37, 0x04, 0x45, 0x0D, 0x90, 0xB6, 0x9A, 0xC1, 0x52, 0x3A, 0xFD, 0xFA, 0x98, 0xA1,
    0x68, 0xBA, 0x06, 0x05, 0x41, 0x4A, 0x10, 0x13, 0x04, 0x5A, 0xA4, 0x3A, 0x87, 0x3C, 0x96, 0x9C,
    0x1D, 0xC9, 0x66, 0x2E, 0x91, 0x0A, 0xE6, 0xF6, 0x1A, 0x4E, 0x60, 0x9B, 0x66, 0x50, 0x06, 0x16,
    0x36, 0x0D, 0xEC, 0x49, 0x54, 0x20, 0x75, 0xE1, 0xE5, 0xDB, 0x9B, 0xA3, 0x4B, 0x3E, 0x87, 0x6A,
    0xFE, 0x47, 0x80, 0x88, 0xF8, 0x6E, 0x37, 0x94, 0x2D, 0xFD, 0x3E, 0x09, 0x87, 0xE5, 0x56, 0x49,
    0xD0, 0xDF, 0x7B, 0x57, 0xFD, 0xCE, 0xB9, 0x34, 0xF1, 0xDF, 0x5A, 0xE7, 0xE6, 0x28, 0xB3, 0x0F,
    0x93, 0x1D, 0xC2, 0xDA, 0xF2, 0x7B, 0x70, 0x62, 0x02, 0x72, 0x19, 0x70, 0xBB, 0x5D, 0xEE, 0x74,
    0xB2, 0xA5, 0xA3, 0x7B, 0xB3, 0xC8, 0x14, 0x45, 0xA6, 0x24, 0x03, 0x12, 0x2F, 0x73, 0xD3, 0x72,
    0x55, 0xB2, 0x1F, 0x8F, 0xFB, 0x0C, 0xD4, 0xFE, 0x8F, 0xEA, 0xCB, 0xB4, 0x20, 0xD4, 0x50, 0x41,
    0x68, 0xE6, 0x8D, 0x35, 0x17, 0xE3, 0xF5, 0xC0, 0x1B, 0xE2, 0xAC, 0x7E, 0x31, 0x99, 0x41, 0x73,
    0xC2, 0xE7, 0xD0, 0xBE, 0x29, 0x77, 0xC3, 0x5B, 0x69, 0x9D, 0x6D, 0xB0, 0x65, 0x62, 0x10, 0x47,
    0x9B, 0xDF, 0x13, 0x93, 0xC7, 0xDB, 0x4E, 0x30, 0x30, 0x4F, 0x98, 0x4B, 0xA4, 0xA4, 0x97, 0x48,
    0xC9, 0xC4, 0x3C, 0xE1, 0x2D, 0xF8, 0xAC, 0x34, 0x7A, 0x5A, 0x49, 0x65, 0xF6, 0x94, 0x45, 0x01,
    0x59, 0x01, 0x32, 0x24, 0xFB, 0x37, 0x89, 0x60, 0x32, 0x02, 0xAB, 0x6A, 0x0D, 0x16, 0x2B, 0x68,
    0xEC, 0x9D, 0xF6, 0x29, 0xDB, 0x83, 0xED, 0xCD, 0xF6, 0x6C, 0x47, 0xB1, 0x23, 0x32, 0x4B, 0xD9,
    0x3B, 0x4C, 0x04, 0xC1, 0x33, 0xB0, 0x94, 0x24, 0xA1, 0x64, 0x09, 0x21, 0x1F, 0x21, 0x21, 0x25,
    0xF3, 0x85, 0x21, 0x4E, 0x29, 0x24, 0x33, 0x5A, 0x86, 0x16, 0xE4, 0x9B, 0xC0, 0x5E, 0xCD, 0x68,
    0x3A, 0xC2, 0xA0, 0xD1, 0xF6, 0x59, 0xE9, 0x45, 0xFA, 0x53, 0xDE, 0x91, 0x5F, 0x32, 0x8C, 0x46,
    0x43, 0xCE, 0x1B, 0x24, 0x9D, 0x69, 0xC4, 0xF5, 0xDA, 0x4E, 0x56, 0xEC, 0x1B, 0x9F, 0x94, 0xA0,
    0x2C, 0xE9, 0x4E, 0xE6, 0x56, 0x5C, 0x16, 0xF8, 0x06, 0x38, 0x86, 0x75, 0x25, 0x95, 0x25, 0x35,
    0x07, 0x4C, 0xDE, 0xA7, 0xC7, 0x7B, 0x20, 0x16, 0xF0, 0x71, 0x9C, 0xEF, 0x37, 0xC7, 0xFC, 0x0E,
    0x22, 0x2D, 0xFC, 0x27, 0x05, 0xEE, 0x47, 0x78, 0x2A, 0xA1, 0x40, 0xBE, 0x7F, 0xEF, 0x06, 0xD6,
    0x98, 0x19, 0x02, 0x31, 0x12, 0x11, 0x8D, 0xFB, 0x48, 0x7E, 0x54, 0x4D, 0xF2, 0x3D, 0x19, 0xE7,
    0x33, 0x2B, 0xDF, 0xB9, 0x0A, 0x9D, 0xA2, 0x73, 0xA9, 0xF4, 0xB4, 0x73, 0x99, 0x75, 0x29, 0x99,
    0x91, 0x50, 0x63, 0xE7, 0x0C, 0x70, 0x49, 0x66, 0x17, 0x73, 0x49, 0x8F, 0x14, 0x5C, 0x75, 0x2E,
    0x4C, 0x19, 0x30, 0xDF, 0xBA, 0xFC, 0xB1, 0xBC, 0xB4, 0xBC, 0x79, 0xF9, 0xF8, 0xB2, 0xC3, 0x74,
    0x1E, 0x62, 0x39, 0xE8, 0x12, 0x8D, 0x25, 0x62, 0x44, 0xF5, 0x07, 0xF9, 0x01, 0xE4, 0xBF, 0x10,
    0xE4, 0x97, 0xE4, 0x3C, 0x1A, 0x5C, 0xEA, 0xE4, 0x21, 0xAB, 0x90, 0xFA, 0xE4, 0xEB, 0x1E, 0xF5,
    0x5A, 0x75, 0x80, 0x19, 0x66, 0x31, 0x93, 0x01, 0xBF, 0x0B, 0x7E, 0x79, 0xBD, 0x78, 0x6E, 0xDE,
    0x70, 0x2A, 0x49, 0x61, 0xF7, 0x65, 0x4F, 0x4A, 0xAB, 0x2C, 0x9A, 0xC6, 0xEA, 0x03, 0x23, 0xC9,
    0x7D, 0xF4, 0xA2, 0x8E, 0xA4, 0x4F, 0x49, 0xF1, 0x3F, 0x24, 0x37, 0x8B, 0xC1, 0xF2, 0xB3, 0x2A,
    0x05, 0x41, 0xEB, 0xA6, 0xD8, 0x12, 0x84, 0x6C, 0x2B, 0xC3, 0x3F, 0x88, 0x71, 0x49, 0xFF, 0x2F,
    0xED, 0x66, 0x9F, 0x50, 0xFC, 0x1D, 0x9B, 0xD5, 0x5F, 0x01, 0x3D, 0xBB, 0x79, 0x92, 0xA0, 0x7F,
    0xD4, 0xF2, 0x31, 0xA6, 0xE7, 0x7B, 0x97, 0xA8, 0x1E, 0x3D, 0xB9, 0x93, 0x5E, 0xA4, 0xF5, 0x27,
    0xC5, 0xB3, 0x94, 0x9B, 0x83, 0x95, 0x77, 0x58, 0x94, 0xE2, 0x86, 0xD2, 0x68, 0x93, 0xE5, 0x02,
    0xEF, 0xDA, 0x3B, 0x5A, 0x2A, 0xCC, 0x56, 0x57, 0xDD, 0x04, 0x4B, 0xB7, 0x25, 0x6D, 0xE6, 0x12,
    0xD1, 0x9A, 0x37, 0x86, 0xBF, 0x7C, 0x56, 0x3E, 0xED, 0xA6, 0x63, 0x7B, 0x0D, 0x42, 0xAC, 0x33,
    0x74, 0x28, 0x56, 0xD5, 0x67, 0x62, 0x51, 0xDD, 0xCE, 0x7F, 0xC6, 0x7E, 0x61, 0xAC, 0x07, 0xFF,
    0x91, 0xE0, 0x40, 0xBB, 0x8C, 0xC1, 0xBF, 0xE9, 0xD9, 0xCB, 0x20, 0x4D, 0xBF, 0xC0, 0x62, 0xAB,
    0x3D, 0x90, 0xF6, 0xFB, 0xD9, 0xEB, 0x8D, 0x86, 0x2C, 0xD3, 0x59, 0x35, 0xC0, 0x08, 0x41, 0xC8,
    0x01, 0x9D, 0x60, 0x82, 0xCF, 0x3F, 0x6C, 0x82, 0x31, 0x95, 0xE2, 0x3D, 0xB1, 0xEA, 0xC3, 0xB5,
    0x24, 0x4D, 0xCA, 0x4C, 0x84, 0x19, 0x90, 0x3B, 0xA4, 0xE8, 0xFE, 0x73, 0xEA, 0x2A, 0x5D, 0xC4,
    0x11, 0xAE, 0x6D, 0x22, 0x2E, 0x01, 0x09, 0x31, 0x53, 0xCC, 0x0C, 0x54, 0x14, 0xD8, 0x85, 0xE2,
    0x9F, 0x30, 0xB3, 0xE8, 0xD9, 0xA2, 0x12, 0xF1, 0x75, 0x94, 0xBE, 0x83, 0x86, 0x0A, 0xC6, 0xDE,
    0x34, 0xC8, 0x5B, 0xE2, 0x5E, 0xDF, 0x48, 0x49, 0x05, 0x37, 0x39, 0xBA, 0xCE, 0x18, 0x29, 0x77,
    0x51, 0x3E, 0xD3, 0xC6, 0x66, 0xCC, 0xCA, 0x27, 0x8B, 0x79, 0xBB, 0xC1, 0xA6, 0x43, 0xA2, 0x96,
    0xC9, 0x82, 0x94, 0x1B, 0x5D, 0x70, 0xC8, 0xDE, 0x56, 0xD9, 0xA9, 0xA7, 0x0B, 0xD3, 0x47, 0xF4,
    0x89, 0x9E, 0xD9, 0x21, 0x99, 0xCA, 0x64, 0x22, 0x73, 0x3D, 0x8D, 0xF9, 0xBA, 0x69, 0xA8, 0xD0,
    0x7D, 0x1D, 0x7C, 0xDF, 0xC5, 0xF5, 0xF0, 0xB3, 0x99, 0x88, 0xEB, 0xD0, 0x70, 0x69, 0x3C, 0x9F,
    0x2B, 0x5B, 0x45, 0x74, 0x55, 0x5E, 0xD7, 0x4E, 0x04, 0x3D, 0x41, 0xE1, 0xD3, 0x81, 0x4D, 0x5C,
    0xC6, 0xFD, 0x36, 0xAA, 0x85, 0xA0, 0x9A, 0xD8, 0x67, 0x92, 0x49, 0xE4, 0x1C, 0x51, 0xFD, 0xA5,
    0x5A, 0x98, 0x3F, 0xEA, 0xCC, 0xF4, 0xB7, 0xA0, 0x9B, 0x1E, 0x93, 0x6A, 0xEE, 0xB7, 0xA8, 0xB6,
    0x0B, 0x10, 0x75, 0x5E, 0xCF, 0x94, 0xC6, 0x89, 0x0C, 0x68, 0xC7, 0xD3, 0x5C, 0x2D, 0x79, 0x23,
    0x13, 0x90, 0xE4, 0xC7, 0xD1, 0x97, 0xBD, 0xFF, 0x23, 0xB6, 0x53, 0xA9, 0xDE, 0xBB, 0xFE, 0x22,
    0x62, 0xF6, 0x43, 0x57, 0x73, 0xA1, 0x95, 0xBA, 0x41, 0xF0, 0xD8, 0x85, 0x18, 0x9D, 0x76, 0xA0,
    0x1C, 0x0B, 0xAC, 0xF5, 0x8B, 0xFF, 0x7A, 0x77, 0x78, 0x98, 0xAA, 0x9E, 0x09, 0x11, 0x1C, 0xE7,
    0x87, 0xF6, 0x71, 0x9B, 0xAF, 0xDF, 0xF2, 0x40, 0x47, 0xC5, 0x82, 0x57, 0x4A, 0x43, 0xEA, 0xCD,
    0x41, 0xDD, 0x81, 0x79, 0x30, 0x30, 0xB7, 0xF9, 0x2E, 0x03, 0xAC, 0x99, 0xF5, 0xE5, 0x9A, 0xD9,
    0x97, 0x9B, 0x36, 0x6C, 0xA1, 0x37, 0xC6, 0x8C, 0xB0, 0x51, 0x1F, 0x80, 0x03, 0x7D, 0xCC, 0x96,
    0x7B, 0x7D, 0x4C, 0x7A, 0xA4, 0x31, 0x19, 0xC4, 0xB6, 0xF4, 0x1A, 0x2E, 0xD1, 0xE4, 0x59, 0x8D,
    0x5D, 0xC9, 0x98, 0x62, 0xDA, 0x4B, 0x72, 0x75, 0x14, 0xE0, 0x38, 0x7E, 0x21, 0x08, 0x24, 0x25,
    0x26, 0x02, 0xFE, 0x92, 0x4F, 0x9C, 0x09, 0x3E, 0xD8, 0x9E, 0xC9, 0xCC, 0x60, 0x37, 0x69, 0xDF,
    0x4E, 0x17, 0xFF, 0x1D, 0x71, 0x2C, 0xFF, 0x5D, 0x1D, 0xD0, 0xCD, 0xFA, 0x17, 0x44, 0x1F, 0xD8,
    0x47, 0xED, 0x5D, 0x46, 0x7D, 0xA0, 0xA4, 0x1E, 0xB0, 0x5A, 0xF0, 0xFE, 0xBA, 0xA8, 0x16, 0xD3,
    0x69, 0xDA, 0x21, 0xE0, 0xFE, 0xC4, 0x0E, 0xC2, 0xF0, 0x50, 0xB5, 0x62, 0xB3, 0xC6, 0x7D, 0x38,
    0xE5, 0x55, 0x2B, 0x41, 0x24, 0x70, 0x72, 0x62, 0x21, 0x1E, 0x0C, 0xAC, 0x29, 0x96, 0xC2, 0xB3,
    0xE8, 0xE3, 0x17, 0x6D, 0x7A, 0x16, 0x69, 0x5C, 0xA5, 0xB1, 0x52, 0x9E, 0x35, 0xE4, 0x59, 0x59,
    0x75, 0x89, 0xF9, 0x6F, 0xE7, 0x9B, 0xA7, 0x28, 0x58, 0xE1, 0x22, 0x4C, 0x8D, 0xDE, 0x03, 0x5A,
    0xF9, 0xEE, 0xC4, 0xF6, 0xFB, 0x13, 0x3B, 0xA1, 0xF1, 0x5D, 0x6A, 0x8E, 0x8C, 0x86, 0x47, 0xFA,
    0x94, 0x9E, 0xB8, 0x73, 0xB1, 0xF7, 0x80, 0xE4, 0x10, 0xAF, 0x4B, 0x04, 0xED, 0xC2, 0x4A, 0xE4,
    0xAD, 0x77, 0x0F, 0x76, 0x42, 0xBA, 0x18, 0xD4, 0xFE, 0x57, 0x14, 0x7A, 0x4F, 0x1B, 0x07, 0xE4,
    0x5F, 0x57, 0xCE, 0xF0, 0xE6, 0x48, 0xB7, 0x56, 0x11, 0x30, 0xEC, 0x3E, 0xB3, 0x8D, 0xBF, 0xD3,
    0x66, 0xC7, 0xE4, 0x67, 0xDC, 0xC5, 0xAC, 0x90, 0xF6, 0x50, 0xF7, 0x00, 0x56, 0x63, 0x0D, 0x44,
    0x4F, 0xF7, 0x61, 0x63, 0x2B, 0xD8, 0x97, 0x2A, 0x85, 0x2C, 0x3E, 0x40, 0xB4, 0xEB, 0x18, 0x42,
    0xA7, 0x1B, 0x76, 0x4A, 0xFA, 0x0D, 0xD0, 0x35, 0x44, 0xA0, 0xAB, 0xB3, 0x74, 0x55, 0xDC, 0xB7,
    0x91, 0xF8, 0xD7, 0x52, 0xAD, 0xDC, 0xBB, 0xA8, 0x29, 0xF8, 0x9E, 0xCF, 0xA6, 0x7D, 0x51, 0xEF,
    0x68, 0x52, 0xFD, 0xC6, 0xD6, 0x2C, 0xC6, 0xCE, 0x25, 0x61, 0x66, 0x93, 0xFE, 0xBE, 0xF2, 0xFE,
    0xE4, 0x38, 0x18, 0xCC, 0x75, 0x63, 0xF1, 0x77, 0x2E, 0x10, 0x91, 0xCD, 0x15, 0x34, 0x3A, 0xE8,
    0xD4, 0x59, 0x9F, 0xC2, 0xC6, 0x7A, 0xF1, 0xF2, 0x4D, 0x29, 0xC1, 0x6D, 0x14, 0xF6, 0xD4, 0xD2,
    0x8F, 0xBC, 0x82, 0x13, 0xD2, 0xA6, 0x29, 0xE3, 0x46, 0x0A, 0x18, 0xF1, 0x3A, 0x0E, 0xC8, 0x87,
    0x55, 0x55, 0xD0, 0xC0, 0x4E, 0x3E, 0x05, 0xF9, 0xD4, 0x87, 0xE9, 0x6F, 0x6A, 0xEB, 0xA1, 0x64,
    0x12, 0x95, 0x44, 0x27, 0x8B, 0xA8, 0xF3, 0x25, 0x9A, 0x7F, 0x12, 0x48, 0x61, 0xF3, 0x84, 0xD1,
    0x7B, 0x8E, 0x6F, 0xBC, 0xC1, 0x1F, 0xC4, 0xC3, 0x86, 0x16, 0xD2, 0xF4, 0xB9, 0xB3, 0xF7, 0x6D,
    0x8A, 0x4E, 0x65, 0x1F, 0xB7, 0xEA, 0x94, 0xA6, 0x4A, 0x8A, 0x32, 0x97, 0x8C, 0x85, 0x3B, 0xF1,
    0x3F, 0x60, 0xFA, 0x15, 0x8C, 0x16, 0x7F, 0x07, 0x43, 0xB6, 0x92, 0xB7, 0xCC, 0x72, 0x21, 0x5A,
    0xD0, 0x8A, 0xE5, 0xF5, 0x88, 0xC9, 0x15, 0x1C, 0xD2, 0x19, 0x66, 0x16, 0x53, 0xBC, 0x0D, 0x6B,
    0x28, 0x06, 0x56, 0xB8, 0xBB, 0x64, 0x7F, 0xFA, 0x5B, 0x11, 0x7C, 0x28, 0x00, 0xE0, 0xD7, 0x87,
    0xDE, 0xD1, 0x36, 0x23, 0x16, 0x74, 0x59, 0x59, 0x4A, 0xC4, 0x32, 0x68, 0xBC, 0x2F, 0x85, 0xAF,
    0xA4, 0x4C, 0x4A, 0x54, 0x62, 0x23, 0x4D, 0x5D, 0x63, 0x58, 0xBE, 0x7D, 0x15, 0x7F, 0x8A, 0xF4,
    0x56, 0xD4, 0x26, 0x71, 0x7E, 0xC2, 0x02, 0x38, 0x46, 0x80, 0x82, 0x0E, 0xB1, 0x1F, 0x90, 0xDD,
    0x1F, 0x06, 0x5F, 0x62, 0xFA, 0xF5, 0x71, 0xF0, 0x0D, 0xF7, 0xDE, 0xE0, 0x33, 0xBC, 0x71, 0xD2,
    0x79, 0x3F, 0xB6, 0x62, 0x8E, 0x52, 0xD5, 0xC3, 0x5C, 0xAC, 0xE4, 0xED, 0x24, 0x66, 0x59, 0x69,
    0x97, 0x89, 0xCF, 0x6E, 0xCD, 0x4B, 0x91, 0xCB, 0xC1, 0x0F, 0x5C, 0x30, 0xD1, 0x5F, 0x7B, 0xC9,
    0xFB, 0x9D, 0x6C, 0x15, 0xED, 0xBB, 0xB4, 0x3F, 0x7F, 0xA1, 0x0B, 0x8F, 0xD5, 0xDA, 0x52, 0x9D,
    0xDE, 0x71, 0x3A, 0x88, 0x75, 0xE3, 0x9C, 0x3C, 0xCC, 0x8B, 0x7D, 0x47, 0x80, 0xA4, 0x27, 0x9F,
    0x93, 0x0F, 0xF1, 0x37, 0x52, 0xEB, 0x22, 0x71, 0x0C, 0xDF, 0x46, 0x16, 0xAD, 0x26, 0x78, 0xF1,
    0xE5, 0x86, 0x4B, 0x43, 0x61, 0x30, 0x0D, 0x73, 0xCB, 0x5C, 0x61, 0xED, 0x26, 0x63, 0xD1, 0x79,
    0x52, 0xD2, 0x26, 0x66, 0x25, 0x56, 0x41, 0x9F, 0xEC, 0xC4, 0x86, 0xAE, 0xC3, 0x0E, 0x36, 0x88,
    0xAC, 0x09, 0x7F, 0x60, 0xF5, 0x23, 0xCD, 0x7C, 0x35, 0x71, 0xAD, 0x16, 0x62, 0xCA, 0xB3, 0xFF,
    0x44, 0x5E, 0xDE, 0xD0, 0x73, 0x49, 0xA9, 0x2D, 0xD6, 0x91, 0x10, 0x4D, 0x3B, 0x97, 0x91, 0x25,
    0xE5, 0x1C, 0xF8, 0x10, 0x70, 0x62, 0x63, 0xE7, 0x87, 0x12, 0xE1, 0x99, 0x96, 0xD0, 0x9E, 0xD9,
    0x67, 0x4E, 0x5A, 0xAB, 0xDC, 0xF2, 0xB3, 0x9D, 0x6B, 0xF1, 0x36, 0x6A, 0x40, 0x53, 0x9A, 0xCD,
    0xA9, 0xB5, 0x9D, 0xED, 0xAB, 0x2B, 0x12, 0xAD, 0x92, 0xB0, 0x01, 0xC3, 0x45, 0xFE, 0xAA, 0x03,
    0xB9, 0xD8, 0x6E, 0x5C, 0x9C, 0x5E, 0x76, 0x51, 0x6D, 0x5C, 0xEC, 0x96, 0x17, 0x8D, 0xCD, 0x48,
    0x4B, 0xE9, 0x60, 0x2E, 0xA8, 0x90, 0xFD, 0x9C, 0xE0, 0xB5, 0xD2, 0x58, 0xA0, 0xC3, 0x0A, 0xBA,
    0xCE, 0x45, 0xCF, 0x6A, 0x4B, 0xCC, 0x68, 0xF7, 0x5F, 0xE4, 0x92, 0x64, 0x24, 0xC5, 0x05, 0x01,
    0xA4, 0x3E, 0xD0, 0xDD, 0x89, 0xCE, 0xDB, 0x4C, 0xB2, 0xC6, 0x07, 0xCB, 0xB7, 0xE1, 0x04, 0x1C,
    0xEC, 0x05, 0xD5, 0xAC, 0xC5, 0x9D, 0xDF, 0x61, 0xDA, 0x7A, 0x07, 0x6D, 0x27, 0x54, 0xBF, 0x47,
    0xD3, 0x2C, 0x29, 0x19, 0x19, 0xF9, 0xAA, 0x9B, 0xD7, 0x51, 0xB5, 0x0F, 0xA4, 0xE3, 0x55, 0xD9,
    0x52, 0x5E, 0xC0, 0x59, 0x30, 0xF4, 0xB1, 0xF9, 0xB2, 0xDF, 0x4E, 0x48, 0xC7, 0x66, 0x46, 0x2E,
    0x18, 0xEE, 0xBB, 0x5E, 0x55, 0x54, 0x21, 0xAC, 0x09, 0x27, 0x32, 0xBC, 0x4A, 0x11, 0xD6, 0xFF,
    0x01, 0xED, 0x5B, 0xBD, 0x92, 0xE5, 0x46, 0x15, 0x6E, 0x49, 0xAE, 0xB9, 0xB0, 0x0A, 0x44, 0x40,
    0x80, 0x71, 0x15, 0x72, 0x68, 0x02, 0xAC, 0x17, 0xF0, 0x8E, 0x64, 0x43, 0x15, 0x01, 0x01, 0xAF,
    0x40, 0x40, 0x00, 0xD1, 0x12, 0x12, 0xCC, 0xAE, 0x64, 0x08, 0x08, 0xD9, 0x47, 0xD8, 0x80, 0x80,
    0x90, 0x90, 0x60, 0x76, 0x24, 0x43, 0x40, 0x40, 0xA2, 0xC2, 0x2F, 0x20, 0x0A, 0x57, 0x11, 0xA2,
    0x2A, 0x54, 0xF8, 0x1A, 0x4B, 0xB7, 0xF9, 0xBE, 0xEF, 0xB4, 0x74, 0xEF, 0x2C, 0x6B, 0x7B, 0xD7,
    0x9E, 0x65, 0x07, 0x8A, 0xBB, 0xB7, 0xCF, 0xE9, 0xD1, 0x95, 0xBA, 0xCF, 0x39, 0xDD, 0x7D, 0x7E,
    0xB5, 0xCE, 0xE1, 0x93, 0x8C, 0x84, 0x6E, 0x37, 0x39, 0xD7, 0x1E, 0xAA, 0x64, 0x72, 0xA9, 0xF7,
    0x23, 0x2E, 0xD6, 0xDE, 0x2F, 0xC9, 0x18, 0xF9, 0xE1, 0xCC, 0x7F, 0xBF, 0x4B, 0x16, 0xE7, 0x4A,
    0xEF, 0x32, 0xDC, 0x8B, 0x96, 0xF7, 0x78, 0x6C, 0xEF, 0xCA, 0xCE, 0xB9, 0x68, 0x76, 0x65, 0x85,
    0xC7, 0x17, 0x57, 0x73, 0x94, 0x83, 0xA1, 0x16, 0xFF, 0x4E, 0x51, 0x7D, 0x82, 0xBC, 0x3D, 0x70,
    0x58, 0x1F, 0xD7, 0x60, 0xB3, 0x0D, 0x3D, 0x39, 0x4D, 0x34, 0x3A, 0x4D, 0x8B, 0xDF, 0x41, 0x84,
    0xC7, 0xCD, 0x99, 0xF7, 0x93, 0x86, 0x38, 0x54, 0x22, 0xD6, 0xBD, 0x61, 0x93, 0x09, 0x14, 0x07,
    0x77, 0x37, 0xF6, 0xBE, 0xBF, 0x48, 0xA7, 0xF4, 0x9F, 0x53, 0xDE, 0x45, 0xBE, 0xC7, 0x0C, 0x57,
    0x9C, 0xAD, 0x04, 0x0A, 0xA0, 0xBA, 0x0E, 0xEC, 0xD7, 0xD2, 0xE1, 0xB7, 0xBC, 0x73, 0xB3, 0xC3,
    0xB3, 0x93, 0xE3, 0x28, 0x8E, 0xE3, 0xD9, 0x27, 0x7E, 0x28, 0x94, 0x99, 0x80, 0xD2, 0x91, 0xE4,
    0x1F, 0x12, 0x43, 0xBB, 0x41, 0x28, 0xEF, 0x88, 0xBC, 0xAF, 0x84, 0xF6, 0xE2, 0x10, 0x8F, 0xDF,
    0x0C, 0xA2, 0x9C, 0x28, 0x8E, 0x86, 0x62, 0x72, 0x45, 0x47, 0x31, 0x91, 0x1A, 0x88, 0xC9, 0xED,
    0x0E, 0x55, 0x3B, 0x38, 0x52, 0x4C, 0x31, 0x41, 0x4E, 0x22, 0x7A, 0xE7, 0x87, 0x40, 0xFB, 0x8F,
    0x9C, 0x16, 0x85, 0x60, 0xC6, 0x12, 0x5F, 0x10, 0x5C, 0x02, 0xFC, 0x63, 0x02, 0xF0, 0x1D, 0xC0,
    0xE4, 0x78, 0xED, 0x33, 0xC0, 0x42, 0xD0, 0x72, 0xD2, 0xB2, 0x69, 0xB1, 0xF0, 0xFE, 0x1F, 0x23,
    0xE6, 0x7C, 0x77, 0x0C, 0xB3, 0xB8, 0x47, 0xF1, 0xA3, 0xB5, 0x3B, 0xA7, 0xFD, 0xDA, 0x2D, 0xF3,
    0x6A, 0xED, 0x66, 0xAB, 0x30, 0xB5, 0x63, 0x3E, 0xE1, 0x03, 0x26, 0x1A, 0x41, 0xDF, 0xA3, 0xCD,
    0xA1, 0xBB, 0x60, 0x26, 0x8D, 0x53, 0x77, 0x60, 0xA4, 0x10, 0x67, 0xBE, 0x5A, 0x6C, 0xAB, 0xBA,
    0xF8, 0x40, 0xF6, 0xE2, 0x99, 0x5C, 0xCF, 0xE2, 0x74, 0xB1, 0xB5, 0x5A, 0xB4, 0xD5, 0xF4, 0x00,
    0xBB, 0xB5, 0x06, 0x50, 0x97, 0xF2, 0xF4, 0x76, 0x1F, 0x64, 0x8A, 0x01, 0xD6, 0x2E, 0x06, 0x58,
    0xBB, 0x5C, 0xEC, 0xD0, 0xE5, 0x8C, 0xE1, 0x31, 0x0C, 0xB0, 0x0E, 0xE6, 0xC3, 0x4C, 0xAD, 0x8B,
    0xD7, 0x49, 0x0F, 0x1A, 0x20, 0x90, 0xA3, 0xDD, 0x62, 0x44, 0x16, 0xBD, 0x75, 0xF3, 0xC1, 0xD5,
    0x8D, 0xBA, 0x64, 0xC8, 0x07, 0x8E, 0x67, 0x2D, 0x9E, 0xEF, 0xC4, 0xFC, 0x49, 0xD7, 0x15, 0x10,
    0xBD, 0x89, 0x21, 0xFB, 0xFD, 0x18, 0x1E, 0xC2, 0x92, 0x39, 0x13, 0x42, 0x84, 0xBF, 0x82, 0x0C,
    0x7E, 0xEC, 0x36, 0x11, 0xB8, 0x4D, 0x02, 0x81, 0xBA, 0x88, 0x07, 0x47, 0x24, 0x6F, 0x3D, 0xB2,
    0x7F, 0xD8, 0xB8, 0x9F, 0xD7, 0x1E, 0x36, 0xC2, 0xCA, 0xFB, 0xB0, 0xB1, 0xBE, 0x09, 0xAC, 0xDE,
    0x18, 0x5F, 0x56, 0xBE, 0xB9, 0x8E, 0xC6, 0x76, 0x3A, 0x6E, 0x5C, 0x77, 0x2B, 0xD3, 0x78, 0x3A,
    0xF0, 0xDC, 0xAE, 0x2C, 0x73, 0xF7, 0x1A, 0x47, 0x09, 0x69, 0x11, 0x97, 0x89, 0x1D, 0x6C, 0xB0,
    0x7A, 0xEE, 0x26, 0xE1, 0xEC, 0xE7, 0x83, 0xF0, 0xEE, 0x6F, 0x9D, 0x70, 0x1C, 0x7E, 0x77, 0xBF,
    0x0E, 0xD8, 0x1D, 0x71, 0xBD, 0x9F, 0x39, 0x00, 0x9A, 0x70, 0x36, 0xA5, 0x5A, 0x00, 0x9C, 0xFD,
    0x99, 0xFB, 0x0C, 0x74, 0xCF, 0x3C, 0xB0, 0xA5, 0xEE, 0xCF, 0xBA, 0x56, 0xB8, 0x6C, 0xAE, 0x84,
    0x5B, 0x27, 0x8C, 0x5B, 0x85, 0xC1, 0xBF, 0x30, 0xB8, 0xAF, 0x89, 0xC1, 0xBB, 0x9E, 0x2B, 0xF9,
    0x44, 0x22, 0x31, 0x65, 0x43, 0x3E, 0x53, 0xCC, 0x3B, 0xBF, 0x5C, 0x62, 0xBE, 0x83, 0x6B, 0x87,
    0x0B, 0x62, 0xC9, 0x7B, 0x37, 0xBE, 0x14, 0x94, 0x06, 0x34, 0x08, 0x65, 0xBD, 0x50, 0xD1, 0x2D,
    0xA6, 0x69, 0x21, 0x94, 0xBF, 0xF8, 0xC5, 0x90, 0xAD, 0xEA, 0xB9, 0xA0, 0xCE, 0x4F, 0x80, 0xE7,
    0x27, 0xFB, 0xE5, 0x14, 0x96, 0x2F, 0x04, 0x82, 0x94, 0x61, 0x85, 0xD2, 0x11, 0x27, 0xB0, 0x3E,
    0x52, 0x50, 0x6A, 0x81, 0xCB, 0xC1, 0x3D, 0x06, 0x7D, 0x8F, 0x41, 0xA9, 0x35, 0xF6, 0xDD, 0x49,
    0x2B, 0xBF, 0x70, 0x73, 0x5B, 0xAB, 0x6D, 0x6E, 0xCE, 0x8C, 0x79, 0x67, 0xDB, 0x64, 0xBB, 0xF1,
    0xB0, 0x76, 0xA8, 0x84, 0xAC, 0xD3, 0xAD, 0x9D, 0x71, 0xED, 0xEC, 0xD7, 0x9B, 0x97, 0xD0, 0x99,
    0xFD, 0xDA, 0x29, 0xBB, 0xD0, 0xC9, 0xC7, 0xD0, 0x49, 0xF7, 0xA1, 0x03, 0x23, 0x67, 0x1D, 0x28,
    0x83, 0xD0, 0xA9, 0xBB, 0xD0, 0x29, 0x86, 0xD0, 0xC9, 0xA6, 0xD0, 0x49, 0xE6, 0x4B, 0xEB, 0x38,
    0xAF, 0x5D, 0x0D, 0x50, 0xB3, 0xC3, 0x1B, 0x0B, 0xEE, 0xEF, 0x9E, 0x40, 0x16, 0x62, 0x96, 0x29,
    0x7D, 0xBB, 0xE5, 0xA8, 0x11, 0x8E, 0x86, 0xE6, 0x71, 0xD8, 0xB3, 0x2B, 0x5F, 0xE7, 0xCE, 0xD8,
    0xF2, 0x95, 0x71, 0x05, 0xDC, 0xD9, 0xF5, 0xC0, 0x93, 0x0B, 0x2C, 0xB9, 0xC0, 0x91, 0x33, 0x86,
    0x6A, 0x67, 0xFC, 0x00, 0x8B, 0x1D, 0x60, 0x71, 0x03, 0x2C, 0x66, 0x6A, 0x67, 0xBC, 0x10, 0x93,
    0x15, 0x62, 0x72, 0x42, 0x4C, 0x46, 0x88, 0xC9, 0x07, 0x31, 0xD9, 0x10, 0xAE, 0x03, 0x2E, 0x02,
    0xCE, 0x02, 0x4E, 0x02, 0x8E, 0x02, 0x76, 0x97, 0x61, 0x87, 0xB8, 0x7F, 0xC3, 0x0F, 0x0C, 0x45,
    0x4B, 0x30, 0x3C, 0x41, 0x4D, 0x94, 0x66, 0x06, 0xCD, 0xB5, 0xD9, 0xED, 0x8F, 0x30, 0x19, 0xFF,
    0xDD, 0xFA, 0xCC, 0x05, 0xAD, 0xDC, 0x0C, 0xAD, 0x94, 0x8C, 0x7E, 0x2A, 0x7A, 0xC0, 0x6A, 0x07,
    0x0F, 0xE8, 0x80, 0xAB, 0x09, 0x4E, 0x59, 0x32, 0xDD, 0x04, 0x3C, 0xCE, 0x7E, 0x0A, 0xA9, 0x41,
    0xA1, 0xE9, 0xA8, 0xF1, 0x22, 0xAC, 0xCC, 0x9D, 0xEA, 0xEB, 0x24, 0x75, 0x38, 0xE7, 0xD5, 0x49,
    0xCC, 0xB4, 0xBA, 0x8F, 0xBE, 0xD2, 0xF5, 0x8F, 0x5D, 0x29, 0xFB, 0xE3, 0x3D, 0x5C, 0x41, 0x8C,
    0x42, 0x3E, 0xE3, 0xFD, 0xAC, 0x29, 0x96, 0xCD, 0x6F, 0xC9, 0x7A, 0x6E, 0xF5, 0xBC, 0x2B, 0x68,
    0x60, 0x1A, 0xAA, 0xEB, 0x12, 0xD7, 0xA8, 0x2A, 0x4C, 0x89, 0x27, 0x5A, 0xFE, 0x78, 0x2F, 0x4B,
    0x64, 0x8A, 0x7A, 0xC1, 0xA6, 0xA3, 0xA4, 0x79, 0x5B, 0x29, 0x0D, 0x5F, 0x36, 0x7C, 0x3C, 0xEF,
    0x68, 0x49, 0xB2, 0xBE, 0xD6, 0xE0, 0x07, 0x4D, 0x94, 0x76, 0x25, 0x65, 0x68, 0x44, 0x90, 0xA8,
    0xAF, 0x6F, 0x1E, 0x80, 0x8B, 0xDA, 0x09, 0x0E, 0x1C, 0xFC, 0xBD, 0x87, 0x75, 0xF5, 0x35, 0x8D,
    0xA3, 0x86, 0x9B, 0xE0, 0x31, 0xDC, 0xF3, 0xFD, 0x0E, 0xB6, 0xBE, 0xFC, 0x28, 0xED, 0x41, 0x0A,
    0x76, 0x32, 0x1B, 0x77, 0x74, 0xD1, 0xB7, 0x6F, 0xE3, 0xBA, 0xFF, 0x6B, 0x9F, 0x1E, 0x92, 0xFE,
    0x47, 0xEE, 0x57, 0x65, 0x32, 0x66, 0x7F, 0xEC, 0x13, 0x98, 0x93, 0xCD, 0xA5, 0x58, 0x6E, 0xE6,
    0x0B, 0x83, 0x0B, 0x4B, 0x4B, 0x13, 0x8B, 0x43, 0xF1, 0xE3, 0x75, 0xF0, 0xAB, 0xE7, 0xFF, 0xC6,
    0x8F, 0x62, 0xC8, 0x27, 0xDA, 0x93, 0x3F, 0x77, 0x5F, 0xBA, 0xAD, 0x98, 0xB7, 0x65, 0xBE, 0xF6,
    0x91, 0x27, 0x9B, 0xCA, 0xAD, 0xAD, 0x69, 0x51, 0xCC, 0xE1, 0x95, 0xF7, 0x3B, 0x98, 0x2B, 0x6C,
    0x7E, 0xB1, 0x39, 0xC9, 0xE6, 0x31, 0x9B, 0xFB, 0x6C, 0xBE, 0x74, 0x7B, 0x02, 0xEB, 0x23, 0xF4,
    0x76, 0xA7, 0x3D, 0x65, 0x23, 0xD8, 0x68, 0x36, 0x72, 0x70, 0xAB, 0x35, 0xE3, 0xEA, 0x54, 0x93,
    0x92, 0x68, 0x4A, 0xF1, 0xC4, 0xE3, 0x02, 0x0F, 0x17, 0x57, 0xDC, 0x2D, 0xDA, 0x44, 0x8F, 0xAE,
    0x51, 0x4C, 0xB7, 0x58, 0x0E, 0xB2, 0x5C, 0x65, 0x99, 0xDA, 0x2F, 0xEE, 0x66, 0x7F, 0x93, 0x8E,
    0x6A, 0xDE, 0x60, 0xBA, 0xF4, 0xFD, 0x71, 0x3D, 0x09, 0xFE, 0x74, 0xDA, 0x7A, 0xE5, 0xFC, 0x86,
    0x80, 0x9C, 0x6A, 0xB9, 0xD4, 0x72, 0xA8, 0xE5, 0x4E, 0xCB, 0x99, 0x36, 0x57, 0x5A, 0x8E, 0x34,
    0xDD, 0xE8, 0xB4, 0x2B, 0x5C, 0x3C, 0x42, 0xF3, 0x1E, 0x26, 0xD3, 0x27, 0x77, 0x9A, 0xA3, 0xC6,
    0xD0, 0x5E, 0x7F, 0xF6, 0xC6, 0xE3, 0x45, 0x27, 0x9A, 0x3E, 0x34, 0x5D, 0x68, 0x79, 0xD0, 0x05,
    0xB5, 0xB9, 0x01, 0x28, 0x38, 0x9C, 0xAD, 0x25, 0x00, 0xFD, 0xF9, 0xF2, 0xF9, 0x87, 0x7F, 0x96,
    0xFA, 0xE3, 0x52, 0x24, 0xFD, 0x39, 0x38, 0x68, 0xD5, 0xD8, 0xBF, 0x51, 0x59, 0x60, 0x17, 0x36,
    0xA6, 0x01, 0xCD, 0xB9, 0xA7, 0x72, 0x90, 0x6D, 0xBE, 0x95, 0xA2, 0xC1, 0xCC, 0x16, 0x99, 0x41,
    0x5D, 0x42, 0x59, 0x3B, 0x77, 0x56, 0xBD, 0x78, 0x11, 0x7D, 0xE2, 0x49, 0xB9, 0x95, 0x22, 0x3A,
    0x6B, 0xEE, 0xB8, 0x04, 0x66, 0x2C, 0xA2, 0x21, 0xA2, 0x79, 0x2A, 0xBA, 0x17, 0x2E, 0xA2, 0xC8,
    0x6F, 0x76, 0x31, 0xE3, 0x22, 0x25, 0xD3, 0xEA, 0x55, 0xDE, 0x4E, 0x11, 0x3D, 0x92, 0xA7, 0xB3,
    0xFA, 0xDC, 0x20, 0xBA, 0xD9, 0x44, 0x44, 0x9B, 0xCD, 0x76, 0xD3, 0x22, 0x8A, 0xA1, 0xF1, 0x0B,
    0x1C, 0xEA, 0xBA, 0xA9, 0xBB, 0xAF, 0xCA, 0x2A, 0x51, 0x48, 0xD1, 0x3E, 0x04, 0x56, 0x73, 0x0B,
    0xDB, 0x4F, 0xFB, 0x8F, 0x3F, 0xE0, 0xAC, 0x45, 0xF3, 0x39, 0x7E, 0x2F, 0xE1, 0x06, 0x64, 0x7D,
    0xD1, 0xED, 0xA8, 0x0C, 0x60, 0xCA, 0x83, 0x56, 0x08, 0x10, 0x5A, 0x92, 0xE2, 0x96, 0x47, 0x20,
    0x68, 0x57, 0x6E, 0xB1, 0xAB, 0x02, 0xB3, 0x47, 0xD3, 0xB7, 0x51, 0xB7, 0xEB, 0xEE, 0x6E, 0x5B,
    0x92, 0xFD, 0x9B, 0x74, 0x5B, 0xAE, 0xC9, 0x2A, 0x7C, 0x2C, 0x37, 0x12, 0x64, 0x22, 0x98, 0x37,
    0xFF, 0x45, 0x12, 0x23, 0xF9, 0x24, 0x8F, 0xED, 0x98, 0xE6, 0xB9, 0x39, 0x89, 0x91, 0x6F, 0x4B,
    0xF6, 0x6D, 0xF8, 0x49, 0xE1, 0xF8, 0xE0, 0xB8, 0x04, 0xEC, 0xCD, 0xB9, 0x8A, 0x3F, 0x34, 0x9C,
    0xFC, 0x3D, 0xE4, 0xEB, 0xDE, 0xB7, 0xA7, 0xB3, 0xDF, 0x59, 0xDE, 0xA9, 0xF8, 0x99, 0xE1, 0x32,
    0x32, 0x7C, 0x15, 0xCD, 0xE1, 0x5C, 0x09, 0x43, 0x3A, 0x4A, 0x49, 0x40, 0x56, 0xC2, 0x21, 0x19,
    0x42, 0x16, 0x96, 0x30, 0xAB, 0xFC, 0xCE, 0x3A, 0xE0, 0xC5, 0x34, 0x07, 0x07, 0x29, 0x83, 0xB2,
    0x29, 0x15, 0x9D, 0x87, 0xC3, 0xDC, 0x1B, 0xCE, 0x3B, 0x3D, 0x3A, 0x51, 0xAA, 0x05, 0xE9, 0x4D,
    0x2C, 0x61, 0x17, 0xD0, 0xD3, 0x3E, 0x51, 0x0B, 0x27, 0xAD, 0x82, 0x24, 0x97, 0x02, 0xAC, 0x95,
    0x7D, 0x7D, 0x85, 0xDC, 0xC3, 0xB7, 0x5C, 0xBE, 0x77, 0xF7, 0x2D, 0xC3, 0x55, 0x9A, 0x86, 0xE3,
    0x39, 0x83, 0x60, 0x0B, 0x0D, 0x8C, 0x14, 0xE4, 0x8E, 0xD0, 0xBB, 0xE2, 0x23, 0x25, 0xE2, 0x6A,
    0x27, 0x34, 0x9B, 0x2E, 0xDC, 0xF2, 0x52, 0xF0, 0x47, 0xBF, 0xE4, 0xDA, 0xB7, 0x97, 0xB6, 0x6A,
    0x29, 0xDF, 0x02, 0x1B, 0x21, 0xF5, 0xCD, 0x99, 0xD7, 0x23, 0xCC, 0x3E, 0x61, 0xAF, 0xEE, 0x2D,
    0xEF, 0x5A, 0x45, 0xFE, 0x83, 0x08, 0x3E, 0x29, 0x5D, 0xC5, 0x2A, 0x93, 0x30, 0xF3, 0xE1, 0x64,
    0x77, 0x36, 0xC7, 0x40, 0xCC, 0x60, 0xBB, 0xC2, 0xCC, 0x73, 0xFF, 0x18, 0xE4, 0xE6, 0xD4, 0x8E,
    0x62, 0x82, 0xC9, 0x7B, 0xC8, 0x03, 0x90, 0x34, 0x65, 0x3D, 0x65, 0x96, 0xF5, 0xB4, 0xFA, 0xF0,
    0x54, 0xEB, 0x0F, 0x62, 0xAF, 0xF3, 0x42, 0x22, 0x5A, 0x5A, 0xD9, 0x9C, 0x2E, 0x32, 0x16, 0xB9,
    0x8F, 0x97, 0x1D, 0xC8, 0x60, 0xD8, 0x09, 0x63, 0x7B, 0x49, 0xBE, 0x2E, 0xAD, 0xA7, 0x6B, 0xF8,
    0x95, 0xA9, 0x6B, 0x72, 0xD0, 0xD2, 0x45, 0x1D, 0x57, 0xD5, 0x8F, 0xCD, 0x3E, 0xF0, 0x07, 0xC6,
    0x71, 0xD0, 0x78, 0xF0, 0x70, 0x33, 0x66, 0xD8, 0xFC, 0x5E, 0x00, 0xEB, 0x9A, 0x55, 0xE9, 0x14,
    0xB5, 0xBC, 0x6F, 0x4F, 0x19, 0xD2, 0x03, 0xB1, 0x7C, 0xE6, 0x4C, 0x6F, 0xD8, 0x95, 0x74, 0x87,
    0x5D, 0xB6, 0x3C, 0x3D, 0x77, 0xF9, 0x14, 0x61, 0xC5, 0x26, 0xAC, 0xFC, 0xF9, 0x84, 0x65, 0x57,
    0x36, 0x91, 0x6D, 0xC2, 0x02, 0xCC, 0x75, 0x7C, 0x9E, 0x14, 0x16, 0xB6, 0x56, 0x89, 0x85, 0xD9,
    0x84, 0x75, 0x0F, 0x6C, 0x26, 0x43, 0x5E, 0x45, 0x13, 0xF6, 0xC7, 0xD5, 0x5E, 0xF9, 0xF3, 0x53,
    0x6F, 0x95, 0x4A, 0x1B, 0xB7, 0x1E, 0xF2, 0xBE, 0x9E, 0x79, 0xD4, 0x4B, 0x48, 0xF0, 0x1C, 0x02,
    0x24, 0xE6, 0xDF, 0xB8, 0xDE, 0xA4, 0x90, 0xD2, 0x0E, 0xBB, 0x33, 0xE3, 0x36, 0xE5, 0x61, 0xA1,
    0x2A, 0xC0, 0xE8, 0x8C, 0x50, 0x60, 0x00, 0x64, 0x10, 0xAC, 0x45, 0x73, 0xDB, 0xBC, 0x36, 0x62,
    0xC7, 0x75, 0xB1, 0xFF, 0x88, 0x02, 0x43, 0x92, 0x7C, 0x96, 0xFE, 0x28, 0x56, 0x69, 0xED, 0xAE,
    0x1D, 0x5B, 0xE6, 0xCF, 0xA8, 0xAB, 0x94, 0x9B, 0x6A, 0x91, 0x79, 0x42, 0xB0, 0xBE, 0x50, 0xA0,
    0x8B, 0x9D, 0xB1, 0x92, 0x07, 0x0C, 0x72, 0x58, 0x98, 0x61, 0xD3, 0x5A, 0x2E, 0x0C, 0x5C, 0x42,
    0x4A, 0x98, 0x79, 0x45, 0xE5, 0x64, 0x13, 0xE5, 0x68, 0x95, 0xBE, 0x45, 0x32, 0x75, 0xA1, 0x74,
    0xB1, 0x75, 0x99, 0xBB, 0xB4, 0x54, 0xA6, 0x72, 0x9C, 0x65, 0xA7, 0x6C, 0x1D, 0x33, 0x91, 0x7B,
    0x39, 0x4C, 0x45, 0x4C, 0xB1, 0xFD, 0x61, 0xE0, 0x81, 0x6B, 0x9E, 0x0C, 0x2D, 0xD6, 0x04, 0xF9,
    0x67, 0x80, 0x94, 0x49, 0x58, 0x65, 0x44, 0x99, 0x05, 0x8D, 0x44, 0x25, 0x29, 0xE2, 0x11, 0x5F,
    0x94, 0x53, 0x56, 0x4E, 0x4D, 0x89, 0xE1, 0x52, 0xF4, 0x32, 0x71, 0xCC, 0xF5, 0xB2, 0x9B, 0xC5,
    0x1C, 0x77, 0x40, 0x60, 0x38, 0x99, 0x9E, 0x1A, 0xFE, 0xED, 0xB6, 0xF0, 0x8F, 0x24, 0x8F, 0xDC,
    0x3D, 0x16, 0xFE, 0xC5, 0xB3, 0x76, 0xCF, 0x62, 0x05, 0x96, 0x4F, 0x0D, 0xFF, 0x5A, 0xC5, 0x9C,
    0x07, 0xDD, 0x3F, 0xE7, 0x7A, 0x96, 0xC4, 0x24, 0xD3, 0x4E, 0x63, 0xC6, 0x12, 0x91, 0xAB, 0xA1,
    0x5F, 0x14, 0xFE, 0xED, 0xA5, 0x45, 0x79, 0x73, 0xA2, 0xBD, 0x9A, 0x6A, 0xD3, 0x64, 0xA6, 0x36,
    0xBF, 0x73, 0x4C, 0xDF, 0xEF, 0x96, 0x1B, 0x88, 0xFF, 0x0A, 0x3E, 0x81, 0x4C, 0xED, 0x3E, 0x1C,
    0xCC, 0x7B, 0xCC, 0x40, 0x69, 0x5E, 0x4D, 0xAB, 0x59, 0xE5, 0x02, 0x69, 0x4E, 0x8A, 0x82, 0x37,
    0x76, 0x2B, 0xFC, 0xAC, 0xE8, 0xF9, 0x3F, 0x27, 0xBE, 0x56, 0xE2, 0xCB, 0x25, 0xBE, 0xC8, 0xC4,
    0xB7, 0x3B, 0x11, 0x9C, 0xB9, 0x3F, 0xC5, 0x2B, 0x52, 0x01, 0x16, 0xFD, 0xF3, 0x46, 0x32, 0x11,
    0x3D, 0x4D, 0xE9, 0x7F, 0x92, 0x5C, 0xCB, 0x67, 0x90, 0x6B, 0x85, 0xBD, 0x05, 0xB9, 0x62, 0x63,
    0xED, 0x5F, 0xDB, 0xD3, 0xA6, 0x48, 0xE1, 0x51, 0xAE, 0xFD, 0x4A, 0x4F, 0xAE, 0x39, 0xB8, 0x98,
    0xF9, 0xB2, 0xA6, 0xC1, 0x7E, 0xED, 0x7E, 0x85, 0xF4, 0x2F, 0xBD, 0x82, 0xFC, 0x97, 0x1D, 0xBD,
    0x51, 0xB7, 0x95, 0x11, 0x56, 0xA2, 0x58, 0x80, 0x29, 0x42, 0x71, 0x49, 0x03, 0xAA, 0xBA, 0x32,
    0xAD, 0x5E, 0x49, 0x8B, 0x4B, 0xAA, 0x7F, 0xA4, 0x0A, 0xD7, 0xA4, 0xAE, 0x65, 0x17, 0xCF, 0x24,
    0x8F, 0xA3, 0x13, 0xAE, 0xCC, 0xC7, 0x13, 0x20, 0xEB, 0xBF, 0x4C, 0x75, 0xC0, 0xEA, 0x42, 0x55,
    0x4C, 0xD8, 0x5C, 0x3B, 0xAD, 0xE4, 0x3D, 0x2C, 0x2A, 0x9C, 0x8D, 0x06, 0xA9, 0x46, 0xCB, 0xE4,
    0x21, 0xD3, 0xE8, 0xCE, 0x1E, 0x9E, 0xD2, 0x34, 0x14, 0x96, 0x3A, 0xE8, 0xB6, 0xAC, 0xAD, 0xD4,
    0xE2, 0x70, 0xBC, 0xC4, 0x45, 0xF1, 0x24, 0xB8, 0xEE, 0x6D, 0x36, 0x72, 0x49, 0x25, 0xB0, 0xB6,
    0x44, 0xD7, 0x5E, 0x91, 0x59, 0xAA, 0x9B, 0x12, 0x44, 0x9F, 0x81, 0xFA, 0xD2, 0xED, 0x2D, 0x05,
    0xC4, 0x20, 0xE2, 0x8B, 0xA4, 0x80, 0xEC, 0xBB, 0xA8, 0x2E, 0x3A, 0x51, 0x56, 0xFF, 0xAF, 0x6D,
    0x9D, 0xD6, 0xB6, 0xB6, 0xDF, 0x83, 0xFA, 0x0D, 0x52, 0x70, 0x9B, 0x10, 0xD6, 0xDA, 0x96, 0xFB,
    0x9F, 0xA8, 0x6D, 0x9D, 0xD6, 0xAC, 0x9E, 0x15, 0xDF, 0x92, 0xDA, 0xD6, 0x7A, 0xDC, 0xD7, 0x28,
    0xC4, 0x05, 0x67, 0xD7, 0x5C, 0xDC, 0xDB, 0xEC, 0x0B, 0x69, 0x24, 0x09, 0x6B, 0xB4, 0x08, 0xE4,
    0x8E, 0xFB, 0x8F, 0xF8, 0x42, 0x4B, 0x58, 0xC2, 0xCF, 0x85, 0x23, 0xDF, 0x04, 0x3C, 0xDA, 0xF5,
    0xDD, 0x64, 0x38, 0x96, 0xBB, 0xCA, 0xB9, 0x56, 0x6C, 0xD7, 0x9F, 0xC4, 0xF1, 0x3E, 0xE0, 0xF0,
    0x9C, 0xC5, 0x87, 0x4B, 0x28, 0x17, 0x1E, 0x42, 0x85, 0x10, 0xE6, 0x42, 0xF3, 0x94, 0xEF, 0xD9,
    0xB9, 0xC9, 0xBC, 0x9D, 0x95, 0xD8, 0x3F, 0x74, 0x73, 0xCC, 0x32, 0x51, 0x01, 0xEE, 0x17, 0x5F,
    0xB5, 0x1D, 0x25, 0x30, 0x40, 0xFF, 0xA3, 0xCA, 0x45, 0x35, 0xAB, 0x74, 0x97, 0x0E, 0xC4, 0x0A,
    0x12, 0x81, 0xFD, 0x12, 0x7E, 0x55, 0x41, 0x52, 0xBE, 0x57, 0xB9, 0x7A, 0x7A, 0xD2, 0x63, 0x19,
    0x67, 0x40, 0x02, 0x75, 0x89, 0xB1, 0x40, 0x0B, 0x6A, 0x2D, 0xEE, 0xC0, 0x45, 0xD2, 0x11, 0xB1,
    0xF8, 0xAD, 0xFA, 0x34, 0xFF, 0xCB, 0xB4, 0x81, 0xED, 0xBC, 0x07, 0x5B, 0xFC, 0x7C, 0x76, 0x1A,
    0x79, 0x2A, 0x75, 0xA1, 0xBA, 0x96, 0x8A, 0x5A, 0xAA, 0x68, 0xA9, 0x9C, 0xA5, 0x5A, 0x96, 0x0A,
    0x59, 0xAA, 0x62, 0xA9, 0x84, 0xA5, 0xFA, 0x95, 0x8A, 0x57, 0xAA, 0x5C, 0xA9, 0x6C, 0xA5, 0x9A,
    0x95, 0x0A, 0x56, 0xAA, 0x56, 0xA9, 0x54, 0xA5, 0x3A, 0x95, 0x8A, 0x54, 0xAA, 0x50, 0xA9, 0x3C,
    0xA5, 0xDA, 0x94, 0x0A, 0x53, 0x56, 0x56, 0x9B, 0xC3, 0x4B, 0x28, 0xA5, 0xC5, 0x89, 0x2E, 0x6E,
    0xAE, 0x15, 0x95, 0x58, 0x52, 0x62, 0x41, 0x89, 0xE5, 0xA4, 0x83, 0x65, 0x64, 0xA6, 0xE7, 0x69,
    0xDB, 0xE1, 0x3B, 0x6C, 0x72, 0xB8, 0xE6, 0xD7, 0x5B, 0x4E, 0xED, 0x37, 0x3A, 0x8E, 0xC3, 0x4F,
    0x8E, 0xFD, 0xA2, 0xBB, 0xAD, 0x99, 0x04, 0x3B, 0xFC, 0x07, 0xCB, 0x9C, 0x26, 0x21, 0x73, 0xCA,
    0x9B, 0x49, 0xDA, 0x38, 0xB9, 0x68, 0xF8, 0xA9, 0xB0, 0xA5, 0x0C, 0x9B, 0x1B, 0xCB, 0x28, 0x98,
    0xFB, 0xB2, 0xA9, 0xB4, 0xA3, 0x88, 0xDA, 0x10, 0x72, 0xCF, 0xEE, 0x7F, 0x2F, 0xD3, 0xB0, 0x6A,
    0x5A, 0xDB, 0x3E, 0x12, 0xF9, 0xE6, 0xE9, 0x5F, 0x3F, 0x40, 0x2F, 0x39, 0xEF, 0x10, 0xDE, 0xB0,
    0xB2, 0xAD, 0xEA, 0x8F, 0xE1, 0x76, 0x3A, 0x5C, 0xA3, 0xEF, 0x92, 0x7E, 0x7F, 0x34, 0x32, 0x70,
    0xF9, 0xB0, 0x97, 0xA1, 0x69, 0x8E, 0x55, 0xB3, 0x7A, 0xE4, 0x20, 0x9E, 0x55, 0xB3, 0xF8, 0x43,
    0x1E, 0xF4, 0xDD, 0x9F, 0x58, 0x35, 0xCB, 0x9A, 0x83, 0x3C, 0x65, 0x56, 0xCD, 0x2E, 0xE9, 0xF1,
    0x47, 0x13, 0x21, 0x84, 0x00, 0x8F, 0x1F, 0x02, 0x07, 0x2C, 0x94, 0xB3, 0xBD, 0x50, 0xF0, 0x36,
    0xB1, 0x6A, 0xF6, 0xFE, 0xC0, 0xB4, 0x2D, 0xB4, 0x48, 0x3A, 0x25, 0x5E, 0xB5, 0x1F, 0xDF, 0xB3,
    0x6A, 0xE6, 0xB9, 0x1E, 0xF1, 0xC7, 0x14, 0xED, 0xAE, 0x63, 0x04, 0x62, 0x09, 0xDB, 0x57, 0x4F,
    0x4F, 0x5A, 0xBB, 0x6E, 0x26, 0x95, 0x77, 0x83, 0x3E, 0x90, 0xAC, 0x33, 0x7A, 0xFA, 0x77, 0x2D,
    0xD9, 0x90, 0x32, 0x0A, 0xCA, 0x49, 0x37, 0x0E, 0x0C, 0xDE, 0x87, 0x73, 0x05, 0x9D, 0xFC, 0x0B,
    0xBE, 0x98, 0x80, 0xE5, 0x7B, 0x9C, 0x0C, 0x45, 0xF5, 0x78, 0xD7, 0x15, 0xD5, 0x55, 0x56, 0xC1,
    0xD3, 0x3F, 0xA7, 0xA7, 0x7F, 0xC9, 0x08, 0x6A, 0x54, 0x35, 0x3D, 0xE5, 0x99, 0x80, 0xE0, 0x0A,
    0x46, 0x0E, 0x17, 0xB6, 0xB4, 0x4A, 0x21, 0x5E, 0x29, 0x6D, 0x51, 0x68, 0xEA, 0xAC, 0x9B, 0xB4,
    0xD8, 0x17, 0xB7, 0x3B, 0xB5, 0x58, 0x7C, 0xAF, 0xD7, 0x5B, 0x4E, 0x09, 0x0F, 0xFD, 0x04, 0x62,
    0xDF, 0x7A, 0xF3, 0x48, 0xEA, 0xBD, 0x85, 0xE3, 0x35, 0xD9, 0x07, 0x79, 0x7F, 0x16, 0xFC, 0x76,
    0xDB, 0xFE, 0xF0, 0xE3, 0x5F, 0xF3, 0x13, 0x9C, 0xBF, 0x29, 0x3B, 0xBC, 0x33, 0x15, 0x5D, 0x0C,
    0xBB, 0xCC, 0xC6, 0x64, 0x75, 0x0A, 0x85, 0x5B, 0x4F, 0x99, 0xFF, 0x68, 0x82, 0xBD, 0xA1, 0x26,
    0x51, 0x29, 0x40, 0x1E, 0x67, 0xAA, 0x77, 0xF6, 0x32, 0x25, 0xA8, 0xEF, 0x54, 0x77, 0x6E, 0xAD,
    0x92, 0x04, 0xC9, 0x31, 0x9F, 0x1B, 0x1E, 0x63, 0xA3, 0x9D, 0x63, 0xFB, 0xBC, 0x7A, 0xA3, 0x29,
    0x56, 0x14, 0xD2, 0x5D, 0xF6, 0xDE, 0x1E, 0x5E, 0x0F, 0x52, 0xFC, 0x13, 0x0A, 0x0C, 0x17, 0x59,
    0x75, 0xA2, 0xF1, 0x0E, 0x6A, 0x95, 0xF9, 0xD4, 0x9F, 0xDA, 0xF8, 0x2E, 0x0F, 0xDB, 0xB3, 0xDD,
    0xAB, 0x71, 0x8B, 0xEF, 0xC2, 0x55, 0xFB, 0x1D, 0xD7, 0x1B, 0xA2, 0xDD, 0xBF, 0xE5, 0xDC, 0xDD,
    0x6F, 0x9C, 0xD8, 0x33, 0x49, 0xAC, 0x41, 0xE9, 0x7B, 0xC0, 0x9A, 0xD2, 0xC3, 0xDD, 0xD3, 0x6B,
    0x85, 0x07, 0x7B, 0xC9, 0xC2, 0x04, 0xDB, 0x63, 0x8B, 0xCA, 0xB6, 0x77, 0x77, 0xA0, 0xF4, 0x5E,
    0x4F, 0xA7, 0x1D, 0x5C, 0x17, 0xAC, 0x58, 0x81, 0x33, 0x59, 0xB3, 0xBC, 0x4C, 0x63, 0x0B, 0x4F,
    0xAD, 0xCB, 0x2A, 0xD4, 0xA1, 0xAA, 0x10, 0x73, 0xD0, 0x8F, 0xDA, 0x2F, 0x27, 0xD1, 0xC4, 0x27,
    0x35, 0x2A, 0x16, 0xB6, 0x67, 0xBC, 0x57, 0xE3, 0x52, 0x4B, 0x42, 0x25, 0x81, 0x62, 0x9C, 0x44,
    0xBC, 0x0D, 0x81, 0x17, 0x23, 0xAB, 0x9B, 0xE4, 0x4B, 0x6B, 0xD6, 0x21, 0xC4, 0x1F, 0xEF, 0xA3,
    0x5C, 0x53, 0x5C, 0x5B, 0x33, 0x1D, 0x89, 0x17, 0xD8, 0x8A, 0xEF, 0x75, 0x8C, 0x8D, 0x87, 0x89,
    0x07, 0x74, 0x3B, 0x9F, 0x50, 0xCE, 0xCF, 0xF9, 0xDD, 0xF9, 0x2A, 0xC7, 0x6E, 0x79, 0x07, 0xA3,
    0xEC, 0xDF, 0x70, 0x3F, 0xBC, 0xC1, 0x17, 0x38, 0x52, 0xBC, 0x04, 0xEC, 0xBB, 0xF3, 0xB4, 0xBF,
    0x48, 0x86, 0x1F, 0x46, 0x21, 0x63, 0xC0, 0xF3, 0xF7, 0x9C, 0x5F, 0xF7, 0x80, 0xD5, 0x5C, 0xD8,
    0xEF, 0x49, 0x26, 0x8E, 0xE7, 0x3E, 0x1E, 0x55, 0x11, 0xBA, 0xCC, 0x6F, 0xF7, 0x0B, 0x1C, 0xF9,
    0x2F, 0x40, 0x78, 0xFA, 0x27, 0xE6, 0x3A, 0x46, 0xF9, 0xA6, 0xA4, 0xFA, 0x6E, 0xFE, 0xE2, 0x5F,
    0xE0, 0xE0, 0xE6, 0x76, 0x21, 0xE5, 0x12, 0xED, 0x95, 0x33, 0x1B, 0x77, 0x24, 0xFE, 0xE1, 0x89,
    0x33, 0x7C, 0xBB, 0x64, 0xA5, 0xB3, 0xAA, 0xC3, 0x8A, 0x24, 0x1F, 0x88, 0x14, 0xBD, 0x8F, 0xE2,
    0xE6, 0x45, 0xCB, 0xAA, 0xFC, 0xB6, 0xE2, 0x51, 0x05, 0xA6, 0x5C, 0x9E, 0x3D, 0x97, 0xE7, 0x6E,
    0x7A, 0x3A, 0x6F, 0xC6, 0x20, 0x36, 0xA3, 0xD1, 0xC8, 0x7A, 0xBC, 0xFF, 0xCA, 0xE8, 0xB6, 0x01,
    0xC8, 0x3B, 0x00, 0x04, 0xBF, 0xD7, 0x00, 0xAF, 0x15, 0x04, 0x75, 0x95, 0xF5, 0x67, 0x07, 0xE3,
    0x30, 0xE3, 0x42, 0x58, 0xAD, 0xA5, 0xCF, 0x79, 0x27, 0x2C, 0x12, 0xE2, 0x65, 0x8E, 0xA7, 0x18,
    0x50, 0x37, 0xC3, 0xDE, 0x71, 0x00, 0x54, 0x75, 0x91, 0x0E, 0x04, 0x40, 0x86, 0x94, 0xC5, 0x11,
    0x9A, 0xE1, 0x3F, 0xD3, 0x0C, 0xC3, 0xD1, 0xBA, 0x38, 0xD6, 0x41, 0x51, 0x45, 0x6E, 0x92, 0xBF,
    0x63, 0xB9, 0x3E, 0xC6, 0x0B, 0x72, 0xCC, 0x6E, 0x2C, 0x56, 0xB7, 0x7E, 0x1E, 0x2D, 0x22, 0x2B,
    0xBC, 0xD3, 0x2B, 0xCD, 0xFD, 0x15, 0xCB, 0x49, 0x25, 0xA3, 0xF2, 0x57, 0xB7, 0xD7, 0xBF, 0x95,
    0xB4, 0xD3, 0x2B, 0xCE, 0xC5, 0xB8, 0x16, 0x07, 0xA2, 0xD9, 0x0E, 0xF7, 0x35, 0x30, 0xAF, 0xF9,
    0xFE, 0x1D, 0x33, 0x3B, 0xF7, 0x06, 0x3E, 0x86, 0xB4, 0x13, 0xD7, 0x76, 0x51, 0xEE, 0x26, 0x5A,
    0x8E, 0x19, 0xF7, 0x6E, 0xCD, 0xB8, 0xEB, 0xE6, 0xE4, 0x58, 0x26, 0xA8, 0xF5, 0x16, 0x40, 0x07,
    0xB5, 0x51, 0xFA, 0xE6, 0x41, 0xDA, 0x5D, 0x26, 0xFD, 0xA6, 0x36, 0x66, 0x44, 0x81, 0x7E, 0x44,
    0x88, 0x8A, 0x20, 0xD5, 0x32, 0x5A, 0x9F, 0xA9, 0x80, 0xD2, 0xE1, 0x01, 0xD5, 0x0D, 0xDD, 0x8A,
    0x4B, 0x99, 0x76, 0x06, 0x1D, 0xD9, 0xBB, 0xE3, 0x2D, 0x78, 0xC9, 0xE0, 0x31, 0xA2, 0xE5, 0x42,
    0x8B, 0x0B, 0xA7, 0xF6, 0xCF, 0xA0, 0x68, 0xFA, 0xED, 0xCD, 0xBE, 0x96, 0xC2, 0xA0, 0x1E, 0xBB,
    0x8E, 0xE1, 0xDA, 0xBB, 0x0A, 0x50, 0x2E, 0xF9, 0x52, 0xD7, 0x1B, 0x2F, 0xF9, 0x05, 0x9D, 0x7A,
    0xF5, 0xA0, 0x1E, 0xB8, 0xA4, 0x7B, 0x13, 0x7E, 0xF8, 0x97, 0x6F, 0xFA, 0xDD, 0x2D, 0xE4, 0xB8,
    0xFC, 0x1E, 0x16, 0x9A, 0x75, 0xC4, 0xDF, 0xB0, 0x50, 0x58, 0x86, 0x2C, 0xA4, 0x6A, 0xE3, 0xCC,
    0xAC, 0x2B, 0x94, 0x52, 0x52, 0xBE, 0x01, 0x65, 0xA3, 0x08, 0x72, 0xCC, 0xE5, 0x45, 0x4B, 0x88,
    0xC9, 0x68, 0xF4, 0xE7, 0xAF, 0xA0, 0xDD, 0xC7, 0x21, 0xF1, 0x7D, 0xCE, 0xEC, 0x76, 0x13, 0xFB,
    0x50, 0x6A, 0xA4, 0x33, 0xCF, 0xC6, 0x28, 0x83, 0xC6, 0x3E, 0xA3, 0x46, 0x1A, 0x10, 0x9D, 0x95,
    0xCD, 0xFD, 0x07, 0xF2, 0x16, 0x5A, 0x05, 0x27, 0x28, 0x5C, 0x32, 0x5B, 0x85, 0x7C, 0x03, 0x73,
    0xD7, 0xCC, 0xEC, 0xBD, 0xEE, 0x4A, 0x84, 0x9C, 0xB5, 0x9F, 0x52, 0x4B, 0xB9, 0xDE, 0xD5, 0xF7,
    0x42, 0x11, 0xD4, 0xA4, 0x60, 0x76, 0x6E, 0x2D, 0x09, 0xFB, 0x4C, 0xF5, 0xAF, 0x1B, 0x03, 0xFA,
    0xBC, 0x45, 0x70, 0x11, 0xE2, 0x39, 0x28, 0x41, 0x02, 0x9E, 0x94, 0x1F, 0x90, 0x36, 0x7C, 0x11,
    0xA0, 0xC5, 0xFA, 0xD6, 0x1E, 0x2C, 0xCC, 0xD0, 0x1E, 0x9F, 0xFE, 0xE5, 0xCD, 0xF3, 0x1B, 0xAC,
    0xC1, 0x15, 0x53, 0x88, 0xA2, 0x55, 0xDA, 0xA5, 0xBC, 0xBE, 0xF1, 0xD2, 0xEA, 0x18, 0x2F, 0xB2,
    0x56, 0x81, 0xBA, 0x26, 0xFE, 0x4B, 0x44, 0xC9, 0x42, 0x37, 0x5E, 0x88, 0x65, 0x70, 0x53, 0x6D,
    0x41, 0xFE, 0x49, 0x5D, 0x73, 0x7E, 0x7E, 0xA0, 0x0C, 0xA3, 0xC0, 0xE7, 0x1C, 0xC0, 0x6A, 0xAE,
    0xEF, 0x7C, 0xE1, 0x9A, 0x2B, 0x4B, 0x55, 0x0B, 0x0F, 0x0E, 0xD3, 0x67, 0x8E, 0xF9, 0x33, 0x77,
    0x08, 0xFF, 0x1D, 0x69, 0xFA, 0x9C, 0xE0, 0x5F, 0x95, 0x55, 0x31, 0x8B, 0xDC, 0x46, 0x14, 0xFE,
    0x56, 0x82, 0x5B, 0x62, 0x81, 0xE7, 0xAA, 0x90, 0x22, 0xA0, 0x2B, 0x52, 0x1C, 0x21, 0xB7, 0x6A,
    0x02, 0x36, 0x64, 0xA4, 0x51, 0x97, 0x3F, 0xE2, 0xC2, 0x90, 0x22, 0x29, 0x17, 0xA2, 0xB3, 0x04,
    0x29, 0x52, 0xFA, 0xFE, 0x40, 0xE0, 0x0A, 0x17, 0x29, 0x1D, 0xB8, 0x42, 0x85, 0xCE, 0x1A, 0x70,
    0x99, 0x22, 0xC2, 0xBF, 0x40, 0x90, 0x6B, 0x52, 0x79, 0x08, 0x2A, 0x04, 0xD1, 0xEE, 0xE4, 0x1B,
    0x69, 0x57, 0x77, 0xB7, 0x4E, 0x0E, 0x3C, 0xF3, 0xA4, 0x9D, 0x79, 0xF3, 0x69, 0xDE, 0x9B, 0xF7,
    0xBD, 0x37, 0x1B, 0xE9, 0xA0, 0xF5, 0x3B, 0x0C, 0x38, 0xF5, 0x87, 0xC0, 0x08, 0xAD, 0x70, 0x0A,
    0x6F, 0x83, 0xA5, 0x85, 0xF8, 0x43, 0x2B, 0xDF, 0x3C, 0xC7, 0x65, 0xD8, 0x1A, 0x65, 0x4D, 0xF6,
    0xBD, 0xCE, 0xAD, 0xA1, 0xD8, 0xB9, 0xC9, 0x85, 0x21, 0x22, 0xB4, 0x0D, 0xD1, 0x09, 0xEA, 0xB4,
    0x4E, 0x15, 0x12, 0xCF, 0xD4, 0xCB, 0x8E, 0xC2, 0x41, 0xD4, 0xD4, 0xE6, 0xD8, 0xC0, 0x04, 0x3A,
    0xC0, 0x11, 0x38, 0xEB, 0x4C, 0x66, 0xB2, 0xBA, 0x8B, 0x1A, 0xCF, 0x5C, 0x2F, 0xDF, 0x75, 0xE2,
    0xA7, 0x26, 0x14, 0x85, 0x5C, 0xE1, 0x9C, 0xD8, 0x6F, 0x9B, 0xE0, 0x7D, 0xE1, 0x6F, 0x81, 0x5F,
    0x51, 0x4D, 0xAD, 0x93, 0x77, 0xBB, 0x12, 0x3A, 0xFC, 0xB9, 0x59, 0xBE, 0x33, 0x9E, 0xE9, 0x51,
    0x4A, 0x54, 0xC0, 0x76, 0x94, 0x0A, 0x3D, 0xB2, 0x37, 0x8B, 0x9E, 0x3E, 0x06, 0xB6, 0x08, 0x36,
    0x50, 0x36, 0xBD, 0x16, 0xBA, 0xF3, 0xF5, 0xA5, 0x57, 0xAC, 0x62, 0x59, 0x0D, 0x11, 0x54, 0xA1,
    0x8A, 0xA8, 0xF0, 0x53, 0x81, 0xAF, 0x00, 0xFA, 0x9A, 0xD3, 0xD7, 0x17, 0xF8, 0x9A, 0xB3, 0xC7,
    0x58, 0x20, 0xCE, 0xAA, 0xDE, 0x7C, 0x89, 0x50, 0x07, 0xC6, 0xEB, 0x50, 0x79, 0xAF, 0x02, 0x13,
    0x32, 0x10, 0xB4, 0x20, 0x52, 0x4A, 0x6D, 0x9D, 0x4C, 0x63, 0x4A, 0xE5, 0x4C, 0x62, 0x52, 0x4E,
    0xE3, 0x79, 0x3A, 0x63, 0x76, 0xF2, 0x08, 0xDE, 0x65, 0x60, 0x7C, 0xF6, 0xA0, 0xB1, 0xC5, 0x06,
    0x42, 0xAD, 0xD7, 0x4A, 0x2C, 0x2E, 0xE0, 0xB7, 0xF7, 0x64, 0xFA, 0x7A, 0x92, 0x83, 0xA5, 0x19,
    0x7C, 0xB0, 0x7A, 0x60, 0x30, 0x89, 0x10, 0x6D, 0x11, 0xF4, 0xF4, 0xC5, 0xF5, 0xF3, 0x95, 0xDA,
    0x04, 0x1D, 0xCF, 0xC9, 0x93, 0x26, 0xF7, 0x38, 0x09, 0xDB, 0xBC, 0x77, 0xE1, 0xCC, 0xFB, 0xB0,
    0x8D, 0x54, 0x22, 0xB3, 0x23, 0x08, 0x88, 0x8B, 0x23, 0xA6, 0x80, 0xEA, 0xA3, 0x16, 0x08, 0xD2,
    0x18, 0x19, 0xAE, 0x8F, 0xF3, 0x2E, 0x34, 0x3B, 0x22, 0x94, 0xB5, 0x14, 0x09, 0xE1, 0x24, 0x09,
    0x63, 0x15, 0x29, 0xBB, 0x11, 0x7F, 0xF6, 0xCC, 0x0D, 0xF2, 0xCF, 0x3C, 0x21, 0xFF, 0xCC, 0x19,
    0x32, 0x47, 0xFE, 0xC8, 0x22, 0xB9, 0x24, 0xA3, 0xA7, 0xB8, 0x74, 0x09, 0xB2, 0x6C, 0x43, 0xAB,
    0x97, 0xD4, 0xDF, 0x27, 0x46, 0xE8, 0xD7, 0xAA, 0x33, 0x32, 0x6F, 0xD7, 0xE2, 0x36, 0xAF, 0xF4,
    0xDD, 0x67, 0x69, 0x04, 0xC2, 0x6D, 0x84, 0x24, 0xDA, 0x20, 0xF6, 0x7B, 0xC4, 0x0F, 0xB7, 0xDA,
    0xDA, 0xD6, 0x3D, 0x80, 0xDF, 0xF0, 0x14, 0x9A, 0xE4, 0x8D, 0x54, 0x83, 0xA7, 0x01, 0x53, 0x04,
    0x9E, 0xF9, 0xE8, 0x25, 0xB6, 0x25, 0xD5, 0x10, 0xD4, 0x23, 0x4A, 0xF9, 0x52, 0x4E, 0x37, 0xF0,
    0x59, 0xF0, 0x33, 0xF8, 0xC6, 0x21, 0xDA, 0x0F, 0x11, 0xD7, 0x7B, 0xD8, 0x01, 0x22, 0x2C, 0x3E,
    0x40, 0x30, 0xE3, 0x76, 0xB0, 0x03, 0xC4, 0xB9, 0x7B, 0x4D, 0x19, 0x73, 0x8A, 0x47, 0x53, 0xF4,
    0x27, 0x26, 0x26, 0xEE, 0xCB, 0x60, 0x27, 0xD3, 0x94, 0x7C, 0x28, 0xBB, 0x8D, 0xD5, 0x6A, 0xF4,
    0x1E, 0x52, 0x40, 0x25, 0x10, 0xBD, 0xDB, 0x5A, 0x0C, 0x48, 0x14, 0x9E, 0x3E, 0x76, 0xFA, 0x20,
    0x55, 0x45, 0x0C, 0x49, 0x10, 0x69, 0x4F, 0x45, 0xA1, 0x38, 0xBE, 0xAD, 0x68, 0xCC, 0xED, 0x56,
    0x17, 0xFD, 0xC7, 0x0D, 0x31, 0x5F, 0x09, 0x87, 0xA5, 0x85, 0xC8, 0x79, 0x9F, 0x25, 0xF1, 0x1B,
    0x99, 0x67, 0x59, 0x8C, 0x92, 0x60, 0x39, 0x9A, 0x53, 0x3A, 0x2C, 0xEE, 0x26, 0xD2, 0x9E, 0xE6,
    0xFB, 0x55, 0xFE, 0x7F, 0x75, 0x04, 0xDF, 0x15, 0x63, 0xF8, 0x5E, 0xAA, 0x4D, 0x56, 0xDA, 0xEE,
    0xB7, 0x7F, 0x5A, 0x5F, 0xC3, 0x63, 0xAC, 0x9E, 0xB9, 0x28, 0x2E, 0x06, 0x44, 0xDD, 0x3A, 0xD9,
    0x76, 0x57, 0x51, 0x7B, 0xBC, 0x48, 0x27, 0xA5, 0x93, 0x67, 0xB7, 0x9E, 0x4E, 0xC7, 0xBA, 0x9D,
    0xA6, 0x38, 0x76, 0xE4, 0xB2, 0x46, 0xE8, 0x45, 0x43, 0xB7, 0x6C, 0x3B, 0x4E, 0xC7, 0x85, 0x00,
    0x8C, 0x8C, 0xCE, 0x5B, 0x46, 0x88, 0x1D, 0xB8, 0x22, 0x1B, 0x61, 0x1A, 0xF0, 0xB8, 0x15, 0x7E,
    0x70, 0xDB, 0xE4, 0xBD, 0xE9, 0xF3, 0x70, 0x69, 0x8B, 0xC8, 0x9A, 0x17, 0x5E, 0xDF, 0x57, 0xD9,
    0xEB, 0x8D, 0x9C, 0x6E, 0xA3, 0x07, 0x82, 0x0F, 0xED, 0x37, 0xA2, 0x48, 0x18, 0xA4, 0x40, 0x7B,
    0x0D, 0xD2, 0x13, 0x66, 0x59, 0x88, 0xA5, 0x76, 0x41, 0xCD, 0x68, 0xF6, 0x64, 0xCC, 0xBB, 0x63,
    0xAE, 0xF7, 0x08, 0xDE, 0x6E, 0x21, 0x5E, 0xBE, 0x2C, 0x12, 0xE1, 0x17, 0x6B, 0xEA, 0x8F, 0xF9,
    0x94, 0x78, 0x43, 0x3C, 0xCB, 0x82, 0xBF, 0xE5, 0x7C, 0xE5, 0xFA, 0xE9, 0x93, 0xE7, 0x51, 0x1B,
    0xB6, 0x4F, 0xD6, 0x7E, 0x1A, 0xFE, 0xDE, 0x2A, 0xDB, 0xAD, 0xAB, 0x92, 0x6F, 0x8E, 0x8F, 0x46,
    0x70, 0x0C, 0x35, 0xD4, 0x03, 0x3A, 0xF0, 0xEE, 0x5C, 0x5C, 0x7C, 0x31, 0x45, 0x62, 0x51, 0xE4,
    0xED, 0xF8, 0x5B, 0x37, 0x91, 0xFD, 0x0B, 0x38, 0xAA, 0x6D, 0xB1, 0xA8, 0x47, 0xC6, 0x6F, 0xA8,
    0xFE, 0xCE, 0xDA, 0xED, 0x05, 0xF0, 0x51, 0xE0, 0x7C, 0x97, 0x31, 0xFA, 0x81, 0x01, 0x2F, 0xAE,
    0x57, 0x2E, 0x0D, 0x75, 0x60, 0xC7, 0x62, 0x15, 0x3A, 0x6A, 0xB8, 0xD3, 0x0D, 0x2F, 0x2A, 0x97,
    0xF5, 0xDC, 0x93, 0xD5, 0x3E, 0x5A, 0x72, 0xAB, 0xFB, 0x9D, 0x67, 0x5B, 0xB4, 0x9E, 0xE2, 0x53,
    0x5A, 0xCF, 0x6F, 0x76, 0xFE, 0x3C, 0x9D, 0x3C, 0xF4, 0x76, 0x04, 0x23, 0xDD, 0x67, 0x70, 0x3F,
    0xFB, 0x53, 0xCC, 0x83, 0x79, 0x69, 0x06, 0x8B, 0x56, 0x75, 0xA7, 0x15, 0x64, 0x38, 0x64, 0xB2,
    0xAC, 0x54, 0xC5, 0x39, 0x47, 0xF5, 0xE6, 0x0A, 0xD9, 0x67, 0x6A, 0x10, 0x46, 0x4A, 0xD2, 0x39,
    0xB5, 0xC0, 0x70, 0x29, 0x29, 0x45, 0x29, 0xB2, 0x44, 0xB1, 0x14, 0xD6, 0x67, 0xFB, 0x9E, 0x9D,
    0xAB, 0x4D, 0xF8, 0x0B, 0x3F, 0xED, 0xB3, 0x93, 0x92, 0xCC, 0x54, 0x27, 0xAA, 0x17, 0x2D, 0xCE,
    0x5C, 0x17, 0x1B, 0xA6, 0x6C, 0x5C, 0x9E, 0x95, 0x67, 0x55, 0xEC, 0x50, 0x72, 0xAA, 0x87, 0x4E,
    0x0D, 0x71, 0x2C, 0x57, 0xFB, 0xFE, 0xCD, 0xDF, 0x9D, 0xB2, 0x43, 0x9C, 0xC4, 0x92, 0xB3, 0x3B,
    0xF2, 0x63, 0x93, 0x37, 0xE7, 0xCC, 0x89, 0x7D, 0xFF, 0x9C, 0x55, 0xC6, 0xBA, 0xD1, 0xD3, 0x2E,
    0x72, 0xAC, 0xAA, 0xCB, 0x4F, 0xAE, 0xCE, 0x32, 0x29, 0xD7, 0x2B, 0x23, 0xF8, 0x3F, 0xB3, 0xD4,
    0x65, 0x2C, 0xD7, 0xA1, 0x11, 0x8D, 0x68, 0x57, 0x46, 0x66, 0x57, 0xF1, 0xBF, 0x35, 0xCC, 0xB1,
    0x0D, 0xC0, 0x20, 0x0C, 0x44, 0xD1, 0x13, 0x29, 0x28, 0x28, 0x3C, 0x42, 0x46, 0x60, 0x04, 0xB2,
    0x59, 0xB2, 0x59, 0x32, 0x42, 0x46, 0x60, 0x04, 0x17, 0x14, 0x14, 0x80, 0x72, 0x57, 0xA4, 0x79,
    0x92, 0x65, 0x7F, 0x5B, 0x03, 0xB0, 0x4F, 0x82, 0x5B, 0xE4, 0x43, 0xF3, 0x43, 0x4C, 0xA4, 0x4A,
    0x36, 0xFF, 0x89, 0x5D, 0x8B, 0x21, 0x94, 0xE4, 0x45, 0x4A, 0x21, 0xA7, 0xBA, 0xA9, 0x64, 0x90,
    0xD0, 0x63, 0x65, 0xC0, 0x24, 0x79, 0x68, 0xB0, 0x17, 0x43, 0x3F, 0x17, 0xCA, 0x85, 0xD3, 0x79,
    0x6F, 0xFE, 0x01, 0xDD, 0x5D, 0x3B, 0x93, 0xE5, 0xC6, 0x75, 0x6E, 0x00, 0xD4, 0x5E, 0x4A, 0x50,
    0x11, 0x54, 0x95, 0xCA, 0x65, 0x17, 0x6D, 0x41, 0x81, 0x03, 0xAA, 0xCA, 0x32, 0x1C, 0x2A, 0xD8,
    0x1D, 0x80, 0x62, 0xA0, 0x40, 0x81, 0x7F, 0x80, 0x03, 0x27, 0xCE, 0x1C, 0xAC, 0x02, 0x87, 0xDC,
    0x05, 0x4C, 0x05, 0x0A, 0xBD, 0xE5, 0xC4, 0x81, 0x03, 0x31, 0x70, 0x64, 0x05, 0x52, 0xE0, 0x40,
    0xC1, 0xCE, 0x05, 0x48, 0x86, 0x0E, 0x0C, 0x52, 0x3F, 0x40, 0xA0, 0xC5, 0x2A, 0x97, 0xCB, 0xE5,
    0x22, 0x64, 0x42, 0x22, 0xA6, 0x88, 0x87, 0xCF, 0xF7, 0x9D, 0x6E, 0x00, 0x77, 0x5E, 0x3B, 0xB3,
    0x3B, 0xCB, 0x59, 0x69, 0x66, 0x70, 0xBA, 0xE7, 0x02, 0x68, 0x74, 0x37, 0x4E, 0x9F, 0x3E, 0xEF,
    0x1B, 0xB5, 0xC6, 0x04, 0x83, 0x31, 0x66, 0x96, 0x23, 0x2D, 0x8C, 0x09, 0x6B, 0xE3, 0x7E, 0xE6,
    0x79, 0xEE, 0x71, 0x8C, 0x52, 0x7F, 0xD2, 0x21, 0xD7, 0x15, 0x38, 0xAE, 0x78, 0x2D, 0xDB, 0x0D,
    0xEA, 0xD8, 0x44, 0x6D, 0x5A, 0xE1, 0x40, 0xFD, 0x8B, 0x7A, 0x6E, 0x29, 0xA0, 0x35, 0x0A, 0x4D,
    0xD0, 0xE1, 0x91, 0xD7, 0x86, 0xF3, 0x3C, 0x11, 0xCE, 0x35, 0x3E, 0x89, 0x7B, 0x40, 0x7F, 0xE0,
    0xD9, 0x89, 0x70, 0xBF, 0x81, 0xFA, 0xC9, 0xB8, 0x5E, 0x13, 0xB7, 0x02, 0xE3, 0xB9, 0x02, 0x3C,
    0x91, 0xE6, 0xF2, 0xCA, 0x78, 0xF2, 0x02, 0x82, 0xDE, 0x98, 0x48, 0xE6, 0x3F, 0xCD, 0xB6, 0x73,
    0xD1, 0xE1, 0xB8, 0xCA, 0xF8, 0x9E, 0xE6, 0x30, 0xA6, 0x94, 0x81, 0x98, 0x68, 0x9E, 0x1B, 0xE9,
    0xC6, 0x3C, 0x8F, 0xD2, 0x91, 0x66, 0x37, 0x9B, 0x40, 0x3E, 0xBD, 0x6B, 0x22, 0x0E, 0x36, 0x6E,
    0x00, 0xD3, 0xCA, 0x58, 0x14, 0x91, 0x0B, 0xCD, 0x0A, 0x31, 0x8F, 0x0E, 0x6E, 0x3F, 0xD7, 0x41,
    0xE8, 0xF5, 0x31, 0xEF, 0x8D, 0xD8, 0xCE, 0x4E, 0xDA, 0x7C, 0xD9, 0xF8, 0xD2, 0x7E, 0x2A, 0xB7,
    0x35, 0x77, 0xE4, 0xB6, 0x58, 0x5E, 0x8A, 0x31, 0x5E, 0x39, 0xC9, 0x2D, 0xC9, 0x9C, 0x79, 0xF2,
    0x6F, 0xD8, 0xED, 0xFA, 0xA8, 0x32, 0x3F, 0x4B, 0x32, 0x5E, 0xC7, 0xD6, 0xD0, 0x83, 0xB4, 0xC5,
    0xE5, 0x99, 0x74, 0xB8, 0xC7, 0xF4, 0x17, 0xD2, 0xE7, 0xD6, 0xF8, 0xB3, 0x60, 0x70, 0x28, 0x87,
    0x87, 0x21, 0x61, 0x3C, 0xC7, 0x72, 0x0C, 0xAF, 0xCA, 0xF1, 0x40, 0xA6, 0x78, 0xAE, 0xE3, 0x26,
    0x91, 0x6B, 0x7D, 0xB9, 0x67, 0xBC, 0xE0, 0xE7, 0x9E, 0xE9, 0x4A, 0x7F, 0x90, 0x3F, 0xA9, 0xD8,
    0xA9, 0x1F, 0x6F, 0xE8, 0xCF, 0x0C, 0x4F, 0xF3, 0xE7, 0x0D, 0xC6, 0xEF, 0xCD, 0xAE, 0x7D, 0x35,
    0x69, 0xCA, 0xB9, 0x28, 0x7B, 0xC5, 0x85, 0xD6, 0x21, 0x05, 0x2B, 0x72, 0xCD, 0xEE, 0x82, 0x8A,
    0xBF, 0x54, 0xFA, 0x0B, 0x2B, 0x82, 0x88, 0xA7, 0x2B, 0xAD, 0xD9, 0xF1, 0x5D, 0x68, 0x45, 0xA6,
    0x57, 0x3E, 0x97, 0xBF, 0xFB, 0x8D, 0xAD, 0xC8, 0xCB, 0x0B, 0x59, 0x17, 0x54, 0x15, 0x4C, 0x95,
    0x8A, 0x3C, 0x48, 0xDE, 0x93, 0x54, 0xE4, 0xD1, 0x71, 0x65, 0x3F, 0x91, 0xB7, 0xA5, 0xD7, 0x08,
    0x2A, 0x48, 0x25, 0x6C, 0xFD, 0x91, 0x95, 0xBC, 0x4E, 0xA5, 0x71, 0xB4, 0x9C, 0xA5, 0x35, 0x2B,
    0x9D, 0x9B, 0x21, 0xF3, 0x1C, 0x2B, 0x33, 0x7F, 0x26, 0x57, 0x91, 0xC9, 0xD3, 0x53, 0x82, 0x32,
    0xF6, 0x9A, 0xC9, 0x55, 0x4A, 0x57, 0x49, 0xCF, 0x54, 0xF2, 0x33, 0xD7, 0x8C, 0xB6, 0xF2, 0x5A,
    0xEF, 0xE8, 0x4B, 0x63, 0x2B, 0x93, 0x31, 0x4F, 0x4D, 0x65, 0xEE, 0xAF, 0x94, 0x85, 0x37, 0x07,
    0x23, 0x3A, 0xBA, 0xD2, 0x97, 0x2D, 0x1C, 0xAF, 0x01, 0x75, 0x35, 0x63, 0xDE, 0x65, 0x04, 0x44,
    0x15, 0x63, 0x5F, 0xBB, 0x59, 0x31, 0x3E, 0x6C, 0x05, 0xC4, 0xF5, 0x88, 0x95, 0x3B, 0x62, 0x57,
    0x18, 0x71, 0xE1, 0x88, 0x77, 0x39, 0x0A, 0xB1, 0x16, 0x90, 0x54, 0x02, 0xE4, 0x05, 0x8F, 0x58,
    0x68, 0x23, 0xF6, 0x0E, 0xD2, 0x0E, 0xA2, 0xCD, 0x88, 0x65, 0x3D, 0xA2, 0xF9, 0x11, 0xAB, 0x75,
    0xC4, 0x92, 0x1F, 0x81, 0x34, 0x23, 0x3A, 0x6F, 0xDB, 0x33, 0x39, 0x5A, 0x4E, 0x2A, 0xF4, 0x08,
    0x4F, 0x93, 0xA6, 0xE7, 0x85, 0xC0, 0x84, 0xAD, 0x22, 0xAF, 0x01, 0xED, 0x3C, 0xEC, 0x9A, 0x37,
    0xE0, 0x62, 0x80, 0x08, 0x20, 0x06, 0x48, 0x01, 0xA6, 0x01, 0x9D, 0x1C, 0x30, 0xCE, 0x01, 0x9D,
    0x1C, 0xD0, 0xC9, 0x01, 0x9D, 0x1C, 0xD0, 0xC9, 0x61, 0x94, 0xF6, 0x86, 0x51, 0x26, 0x61, 0x18,
    0xA5, 0x3F, 0xC3, 0x28, 0x23, 0x18, 0x46, 0x19, 0xC1, 0x30, 0x4A, 0x6F, 0x87, 0x09, 0xCB, 0x6D,
    0xC6, 0x8C, 0x62, 0x18, 0x83, 0x10, 0x65, 0x01, 0x19, 0x4E, 0xF0, 0xDD, 0x7E, 0xC5, 0xBC, 0x0E,
    0xD2, 0x95, 0x1D, 0x01, 0xD6, 0xA0, 0x2B, 0x21, 0xA8, 0x0D, 0xC8, 0xA4, 0xEB, 0x5B, 0x49, 0x3A,
    0x07, 0x4A, 0x57, 0x62, 0x76, 0xE4, 0x91, 0x11, 0x97, 0x43, 0xC8, 0x25, 0x10, 0x70, 0x25, 0x7A,
    0x9C, 0x0B, 0x19, 0xA8, 0x2C, 0x16, 0x93, 0x67, 0xB8, 0x2C, 0xAD, 0x40, 0xD4, 0xA2, 0xBA, 0x34,
    0x76, 0xDA, 0x4D, 0xF0, 0x1B, 0xB4, 0xEC, 0xCF, 0x44, 0x04, 0x5D, 0xE2, 0xE5, 0x86, 0xF6, 0x26,
    0xA4, 0xA5, 0x29, 0x9F, 0xF9, 0x90, 0x90, 0xF3, 0x84, 0x5D, 0x63, 0xB9, 0xBC, 0xD0, 0xB9, 0x0A,
    0xBA, 0x2F, 0x0C, 0xCC, 0x76, 0x8B, 0x92, 0x5E, 0x7B, 0xE8, 0xC9, 0x85, 0xC0, 0xED, 0x20, 0x64,
    0x30, 0xCA, 0x76, 0xE9, 0xB4, 0x37, 0xF5, 0x1C, 0xC5, 0x40, 0x02, 0x84, 0x79, 0x08, 0x9B, 0x9C,
    0xB3, 0x9D, 0x72, 0xEB, 0xC0, 0xB0, 0x93, 0x02, 0x5B, 0x48, 0xCA, 0xDD, 0xB1, 0x24, 0x92, 0x8C,
    0xA0, 0x51, 0x32, 0xC9, 0x32, 0x7A, 0x5F, 0x1E, 0x3E, 0x70, 0xB1, 0x8C, 0x3C, 0x55, 0xEA, 0x26,
    0xCA, 0xA9, 0x4E, 0x0B, 0xDC, 0x1E, 0xDB, 0xA9, 0xCE, 0xD9, 0x38, 0xA7, 0xBA, 0xE5, 0xE5, 0x04,
    0xA3, 0x23, 0x16, 0x57, 0x01, 0x8E, 0x8E, 0x60, 0x29, 0x28, 0xFD, 0x20, 0xED, 0x20, 0x4D, 0x48,
    0x0F, 0x41, 0xA9, 0x1B, 0x80, 0x5C, 0xD7, 0x2B, 0x6D, 0xB0, 0xF7, 0x4E, 0x0B, 0xA9, 0x78, 0x0D,
    0x0D, 0x78, 0xE3, 0xB2, 0x32, 0x78, 0x47, 0xBE, 0xD4, 0x26, 0xB7, 0x6E, 0x84, 0x5F, 0x20, 0x35,
    0xB6, 0xB7, 0xED, 0xC6, 0xF5, 0x91, 0xCB, 0x5A, 0x52, 0x80, 0x7F, 0xD3, 0xCC, 0x9E, 0xDD, 0x0D,
    0xDA, 0x53, 0x79, 0x64, 0xF6, 0xFC, 0x39, 0x09, 0xA5, 0x59, 0x4B, 0xD1, 0xF1, 0x2D, 0xC8, 0x4B,
    0x7A, 0x52, 0xB1, 0x3B, 0x28, 0x64, 0x7B, 0xD9, 0x14, 0x72, 0xB0, 0xA8, 0xB6, 0x45, 0xAC, 0x85,
    0xBC, 0x58, 0xCB, 0x2C, 0xE9, 0xEB, 0x66, 0x91, 0x6B, 0x31, 0xB2, 0x00, 0x71, 0x92, 0x42, 0x89,
    0x7E, 0x65, 0x0B, 0xAE, 0x99, 0xE8, 0x2A, 0xC5, 0xF3, 0xE6, 0x43, 0x85, 0x62, 0x80, 0xD2, 0xC5,
    0x95, 0xF4, 0x11, 0x95, 0xB4, 0x08, 0xB9, 0x7B, 0x0A, 0x2E, 0x48, 0xCF, 0x7D, 0xF2, 0x00, 0x8A,
    0x01, 0x20, 0xE0, 0x39, 0xB7, 0xDA, 0x06, 0xCB, 0x48, 0x2A, 0x20, 0x20, 0x51, 0xAD, 0x5B, 0xAD,
    0x4C, 0x9D, 0x54, 0x26, 0x12, 0x4E, 0xFC, 0xA2, 0xF7, 0x93, 0x3F, 0x90, 0x94, 0x0A, 0x3F, 0x35,
    0xCF, 0x95, 0xE3, 0xD3, 0x48, 0x5C, 0x85, 0x1C, 0xEE, 0xB8, 0xD6, 0x3A, 0x7B, 0x57, 0xD4, 0x48,
    0x05, 0x4B, 0x23, 0x41, 0xCB, 0x29, 0x09, 0x94, 0x7D, 0xD6, 0x44, 0x46, 0x82, 0x5B, 0x8F, 0xFE,
    0xE9, 0xFE, 0x0E, 0x12, 0xD7, 0x68, 0x9F, 0x33, 0xB9, 0x1E, 0x95, 0xA4, 0xCA, 0x95, 0x70, 0xCB,
    0x63, 0xEF, 0x0B, 0xAA, 0x86, 0x20, 0x08, 0x51, 0x77, 0x67, 0x32, 0x61, 0xA6, 0x1C, 0x21, 0x59,
    0x41, 0xF4, 0x5B, 0x09, 0x19, 0xFF, 0xC5, 0x89, 0x3B, 0x78, 0x59, 0xA0, 0x79, 0x04, 0xE4, 0x0C,
    0xED, 0x59, 0xB2, 0x8D, 0x78, 0x9D, 0x5B, 0x50, 0xBD, 0x6C, 0xD7, 0x73, 0x6A, 0xD2, 0x4E, 0xEE,
    0xE5, 0x83, 0x64, 0x74, 0xD9, 0xED, 0xED, 0x11, 0xAF, 0x9B, 0x77, 0x8C, 0xB9, 0x67, 0x84, 0x8C,
    0xA5, 0xDF, 0xED, 0x30, 0xE5, 0x2D, 0x78, 0x9B, 0xE2, 0x76, 0x77, 0xAE, 0x5B, 0xDB, 0xCC, 0x2D,
    0x7B, 0x4A, 0xA8, 0xFC, 0xE8, 0x16, 0x5A, 0x1C, 0xEA, 0x4F, 0x43, 0xE5, 0x41, 0x2D, 0x6C, 0x57,
    0xB8, 0xFD, 0x53, 0xD6, 0x53, 0xF9, 0x4E, 0x65, 0x3A, 0x95, 0xE3, 0x54, 0x76, 0x93, 0xBC, 0xA6,
    0x32, 0x9A, 0xE4, 0x32, 0x5B, 0xB2, 0x98, 0xAD, 0xA2, 0x53, 0x45, 0x16, 0x23, 0xAF, 0xF8, 0x56,
    0x84, 0x16, 0x54, 0xD8, 0x67, 0x2B, 0xB2, 0x66, 0x52, 0x74, 0xD8, 0xD5, 0x2B, 0xCC, 0x67, 0xF4,
    0x4B, 0xCC, 0xBF, 0x49, 0x7E, 0x5C, 0x0D, 0xD2, 0x5E, 0x1A, 0x57, 0x83, 0x60, 0xE2, 0x24, 0x45,
    0x54, 0x79, 0x83, 0x14, 0x61, 0x23, 0x22, 0x5B, 0x35, 0x04, 0xED, 0xAE, 0x95, 0xC2, 0xEF, 0xA3,
    0x5A, 0x0A, 0x33, 0x24, 0x15, 0x8A, 0x32, 0x35, 0x28, 0xD2, 0x3D, 0x8B, 0x78, 0x60, 0x11, 0xF5,
    0x2C, 0x82, 0x96, 0x85, 0x57, 0xB0, 0x20, 0x72, 0x1F, 0x16, 0xA3, 0x7D, 0x69, 0xD7, 0x04, 0xA0,
    0x69, 0x0A, 0x9E, 0xB2, 0x01, 0x48, 0x80, 0x99, 0xB1, 0xCB, 0x28, 0xC7, 0xEE, 0x24, 0xAC, 0xCD,
    0x9D, 0xB9, 0x0A, 0x80, 0x36, 0x8D, 0x60, 0x89, 0xAC, 0xE2, 0x18, 0xD4, 0x7A, 0x00, 0x65, 0xF0,
    0x06, 0xCA, 0x75, 0x13, 0x57, 0xF4, 0x4C, 0x58, 0x96, 0x1B, 0x98, 0xAF, 0x70, 0xD6, 0x2B, 0xF5,
    0x2E, 0x6D, 0x41, 0x5B, 0xD3, 0x96, 0xF5, 0x29, 0xFA, 0x44, 0xC8, 0x9F, 0x9D, 0xD1, 0x9E, 0xAC,
    0xFC, 0xC4, 0x17, 0xCD, 0xC7, 0x9C, 0xE0, 0xD9, 0xF2, 0x1E, 0x12, 0x41, 0x64, 0xAE, 0xD6, 0x11,
    0x4B, 0x14, 0x7B, 0xE9, 0xE6, 0x98, 0xF4, 0x73, 0x9C, 0x4F, 0x5A, 0xA5, 0xFA, 0xFD, 0xF3, 0x94,
    0xB4, 0xB3, 0x8D, 0xA4, 0xBD, 0x81, 0x57, 0x95, 0xB4, 0x5F, 0xBA, 0x50, 0xD2, 0xC6, 0x7E, 0x30,
    0x10, 0x98, 0xEB, 0x71, 0x40, 0xCF, 0x08, 0x5E, 0x34, 0x6E, 0x99, 0xBC, 0xC6, 0x21, 0xBC, 0x33,
    0xCF, 0x8F, 0xEC, 0x3B, 0xF2, 0xE7, 0xEF, 0x7F, 0x34, 0x67, 0x61, 0x17, 0x36, 0x71, 0x1D, 0xD7,
    0x61, 0x23, 0x54, 0xA5, 0x10, 0x1A, 0xD0, 0xE7, 0xB8, 0x72, 0x28, 0x01, 0x85, 0x16, 0x0B, 0x9C,
    0xB6, 0x50, 0x3F, 0xC7, 0x35, 0xB2, 0x5E, 0x78, 0xBD, 0xDE, 0xAB, 0xED, 0x68, 0x9B, 0x68, 0x7F,
    0x70, 0xCF, 0x3A, 0xD3, 0x07, 0xEA, 0x3A, 0x0A, 0xAC, 0x9A, 0xD9, 0xCE, 0x0F, 0x26, 0x47, 0x78,
    0x5D, 0x65, 0x71, 0x67, 0xBE, 0x68, 0x9D, 0xC6, 0xA4, 0xC2, 0x9C, 0x44, 0xBF, 0xE6, 0x9E, 0xFE,
    0x59, 0xCF, 0x39, 0x51, 0xEE, 0x9A, 0xF3, 0x40, 0x39, 0x25, 0xE0, 0x27, 0xBB, 0x4F, 0x07, 0x22,
    0xC7, 0xC4, 0x49, 0x2A, 0x89, 0x40, 0x69, 0x65, 0x77, 0xF3, 0x80, 0xAF, 0x00, 0x74, 0x97, 0x5B,
    0xBF, 0x37, 0xF1, 0x54, 0x49, 0x1C, 0x4B, 0x2B, 0x2E, 0x11, 0x73, 0xBB, 0x50, 0x65, 0x77, 0x2B,
    0xC1, 0xAB, 0xB6, 0xE2, 0x52, 0x58, 0x02, 0x53, 0xAE, 0x0A, 0x72, 0x00, 0x99, 0x4E, 0x01, 0x8D,
    0xB9, 0xDF, 0x46, 0x78, 0x88, 0xCA, 0xDF, 0x7F, 0xFB, 0xDF, 0xE4, 0xA4, 0xAE, 0x0E, 0x46, 0x65,
    0x4A, 0x9B, 0xDF, 0x95, 0xD2, 0x6A, 0x45, 0x96, 0xD2, 0x7D, 0x6E, 0x7E, 0xA7, 0x2B, 0x76, 0x34,
    0x8E, 0xEF, 0xB7, 0x5C, 0x30, 0x39, 0xC8, 0x6B, 0x55, 0x4A, 0x50, 0x4C, 0xA3, 0xD0, 0x52, 0x8F,
    0x6B, 0x43, 0xEC, 0x2D, 0x14, 0x8C, 0x2A, 0x7C, 0x12, 0x3B, 0x4A, 0x87, 0xB3, 0x0A, 0xC7, 0xD3,
    0x70, 0x59, 0xF0, 0xF2, 0x97, 0xB4, 0xBC, 0xB7, 0x00, 0xD4, 0xBD, 0x86, 0x3B, 0xD1, 0x53, 0xC3,
    0xAD, 0x7A, 0x8A, 0x42, 0x2C, 0xF7, 0x35, 0xDD, 0xE1, 0x08, 0xD3, 0x33, 0x50, 0x3F, 0x1F, 0x79,
    0x7D, 0xCF, 0x7B, 0x1B, 0xD7, 0xCE, 0x53, 0xEE, 0x04, 0xCF, 0x2C, 0x47, 0x0B, 0x9B, 0xFD, 0x08,
    0xA4, 0x6E, 0xA6, 0xF8, 0x80, 0xE9, 0x49, 0x7A, 0x28, 0x65, 0xA2, 0x0C, 0xEA, 0x78, 0x63, 0xCD,
    0x1A, 0xAA, 0x0E, 0x5E, 0x76, 0xCD, 0xCD, 0x4E, 0x29, 0x50, 0x65, 0xA3, 0x45, 0x42, 0x5A, 0x3E,
    0x5F, 0xF6, 0xD4, 0x7C, 0x6D, 0x41, 0x5E, 0xC8, 0xCB, 0x7C, 0x9F, 0xA2, 0x91, 0x96, 0x17, 0x98,
    0x74, 0x9E, 0xDC, 0xB4, 0xE3, 0xD3, 0x45, 0xDE, 0x79, 0xC4, 0x51, 0xF9, 0x64, 0x9B, 0x29, 0x73,
    0x15, 0x64, 0x90, 0x1F, 0x25, 0x18, 0x9E, 0x0A, 0x73, 0x8E, 0x70, 0x8F, 0xAA, 0x97, 0x10, 0x19,
    0x9D, 0x8A, 0x8D, 0x8A, 0xFC, 0xB7, 0x7C, 0x36, 0xF2, 0x69, 0x58, 0x95, 0x6E, 0x8B, 0xD3, 0x52,
    0x07, 0xBB, 0x96, 0xA7, 0xCF, 0xAF, 0xF7, 0xB9, 0x76, 0x5C, 0xBB, 0xEE, 0x39, 0xAA, 0x13, 0x59,
    0xFB, 0x61, 0xE6, 0x82, 0xFD, 0x5A, 0xFA, 0xE9, 0x2B, 0x72, 0xCB, 0x0B, 0x05, 0x1B, 0x38, 0x9B,
    0xA4, 0x91, 0x36, 0x73, 0x0C, 0x7F, 0x02, 0x80, 0xEE, 0xD3, 0x5B, 0xC0, 0xA2, 0x0A, 0xCD, 0xD1,
    0x01, 0xD9, 0x40, 0x70, 0x71, 0xE8, 0x8C, 0x00, 0x18, 0x61, 0x8E, 0x27, 0xE5, 0x78, 0x6C, 0x2E,
    0xD2, 0x07, 0x2E, 0x11, 0x35, 0x3D, 0x74, 0x7C, 0x39, 0xE4, 0xC3, 0x1C, 0x6C, 0x49, 0x0E, 0x4E,
    0x30, 0xA7, 0xA8, 0xE9, 0x95, 0x22, 0x27, 0xCA, 0xD8, 0xD2, 0x47, 0x79, 0xF6, 0x87, 0xEC, 0x33,
    0x8F, 0x9A, 0xA6, 0xA8, 0xFB, 0x73, 0x2D, 0x73, 0x5C, 0xA7, 0x27, 0xA1, 0x6C, 0xFC, 0x61, 0x3D,
    0xF0, 0x88, 0xE4, 0x48, 0xEA, 0xF2, 0x0D, 0xF9, 0x7C, 0xFE, 0xAF, 0x3A, 0x9C, 0x02, 0x6B, 0xB2,
    0xF2, 0x4A, 0xE5, 0x70, 0x80, 0x57, 0x27, 0xC2, 0xF7, 0x64, 0x56, 0xBF, 0xC9, 0xC5, 0x1C, 0x53,
    0xFA, 0xE4, 0xAB, 0x85, 0x68, 0x96, 0xA6, 0xC2, 0x37, 0x1C, 0x9D, 0x88, 0xFC, 0x28, 0x52, 0x42,
    0x89, 0xAD, 0x4E, 0x24, 0xD9, 0x4C, 0xA6, 0x2E, 0xA5, 0x74, 0x89, 0x9B, 0x1C, 0x10, 0x0D, 0x14,
    0x4E, 0x44, 0xB8, 0x44, 0xB6, 0xE6, 0xD2, 0x04, 0x27, 0x3B, 0x0A, 0x4A, 0x30, 0x45, 0x90, 0x61,
    0x05, 0x46, 0x8E, 0x32, 0x2F, 0xA5, 0x1C, 0x49, 0x26, 0x6C, 0xBF, 0x1C, 0xA9, 0xD4, 0x8F, 0x8D,
    0x6A, 0x5F, 0x70, 0x2E, 0xCF, 0x06, 0x6A, 0x16, 0xDC, 0x01, 0xBE, 0x3F, 0xCF, 0xF0, 0x52, 0xF5,
    0xFE, 0x41, 0x39, 0xF8, 0x6B, 0x98, 0x15, 0x22, 0xA0, 0xAD, 0x02, 0x74, 0x8E, 0x20, 0xCE, 0x1C,
    0x48, 0x8C, 0x03, 0x54, 0x84, 0x1D, 0x01, 0x3C, 0x04, 0x78, 0x0C, 0x80, 0x3E, 0x88, 0xDC, 0x15,
    0x55, 0x61, 0xAB, 0x8A, 0x0E, 0xFB, 0x83, 0x25, 0x93, 0x5E, 0x04, 0x8E, 0x64, 0x85, 0x61, 0xC1,
    0x15, 0x22, 0x10, 0x34, 0xA2, 0x2B, 0x68, 0x65, 0x72, 0x84, 0x11, 0x32, 0x83, 0x68, 0x6A, 0x1F,
    0x97, 0xCA, 0x4D, 0x0E, 0xC7, 0x56, 0x73, 0x9B, 0xDA, 0x43, 0xF8, 0x94, 0x6F, 0x8A, 0x31, 0x67,
    0xF0, 0x31, 0x15, 0xC9, 0x24, 0x93, 0xEC, 0x43, 0x20, 0xE2, 0xE3, 0x53, 0x08, 0x6C, 0x3D, 0x09,
    0x9E, 0xDF, 0x03, 0x37, 0x44, 0xA0, 0xC2, 0xE6, 0x9D, 0x43, 0xAE, 0x92, 0xB7, 0xF5, 0x5E, 0x4F,
    0x8B, 0xA4, 0x62, 0x7E, 0x0C, 0xAB, 0x81, 0xB4, 0xF9, 0x76, 0x4F, 0xAE, 0xD1, 0xEF, 0x43, 0xB0,
    0x45, 0x72, 0x43, 0x07, 0x4D, 0x46, 0x4F, 0x0E, 0x52, 0x1A, 0x9B, 0x8C, 0x6D, 0x3A, 0x2D, 0xA4,
    0x80, 0x56, 0x02, 0xE3, 0x14, 0x9E, 0xEB, 0x63, 0x69, 0x61, 0x12, 0x34, 0xC8, 0x0B, 0xB3, 0x62,
    0x19, 0x39, 0x1C, 0x53, 0x0E, 0x96, 0x39, 0x77, 0xE7, 0x42, 0x62, 0xDF, 0x1F, 0xE3, 0xFD, 0xCB,
    0xF5, 0xB8, 0x0F, 0xF7, 0x8F, 0x14, 0x99, 0xC0, 0xF9, 0x87, 0x90, 0xD6, 0x21, 0xA7, 0xCB, 0x71,
    0x3C, 0x8C, 0xDE, 0x6F, 0x44, 0x48, 0xFF, 0x48, 0x64, 0xF4, 0x77, 0x45, 0x44, 0x17, 0x61, 0xFF,
    0x81, 0x1C, 0xD2, 0xA1, 0xB9, 0x95, 0xA3, 0x96, 0xA3, 0x90, 0x03, 0x72, 0xBE, 0x1C, 0x41, 0x1D,
    0x65, 0x41, 0x13, 0x15, 0x41, 0x97, 0x0A, 0xFF, 0x0F, 0xD6, 0xBC, 0xDB, 0xEA, 0xB8, 0x9F, 0xB9,
    0x7D, 0x11, 0xD0, 0xDB, 0x91, 0x54, 0x00, 0x22, 0x3F, 0x56, 0xBD, 0xAC, 0x78, 0x70, 0x50, 0xDC,
    0x11, 0xA1, 0x41, 0xAC, 0xCD, 0x28, 0x33, 0x37, 0x92, 0x12, 0x80, 0xE4, 0x62, 0x2D, 0xE3, 0x5A,
    0xDC, 0x03, 0x6A, 0x02, 0xC5, 0xDD, 0x8A, 0x59, 0x55, 0xE4, 0xC0, 0x21, 0x8E, 0x9D, 0x87, 0x5E,
    0xC7, 0xE7, 0x60, 0x16, 0xEE, 0x86, 0x7C, 0x07, 0xE0, 0x41, 0x3B, 0x11, 0x40, 0x4F, 0x11, 0x42,
    0x63, 0x11, 0xC9, 0x00, 0x30, 0xC2, 0xC1, 0x3C, 0x84, 0x0A, 0x64, 0x18, 0x86, 0xD4, 0xEF, 0x87,
    0x21, 0xF9, 0x61, 0x3B, 0x0C, 0xD1, 0xBF, 0xD7, 0xC3, 0xB0, 0xFB, 0xA4, 0x1A, 0x86, 0x60, 0x96,
    0x33, 0xD0, 0x85, 0x0C, 0x82, 0xB9, 0x02, 0xFE, 0x14, 0xC0, 0x58, 0x30, 0x52, 0x78, 0x3B, 0xFF,
    0x58, 0xF5, 0x9D, 0xC1, 0xA5, 0x87, 0x20, 0x25, 0xB7, 0x91, 0xDA, 0x08, 0x77, 0x2E, 0xA6, 0x59,
    0x91, 0xF3, 0x41, 0x49, 0xF7, 0x20, 0x80, 0x29, 0x50, 0x59, 0x41, 0x76, 0x08, 0xF4, 0x6C, 0x0A,
    0x5C, 0x8F, 0x31, 0x68, 0xDE, 0xCB, 0x56, 0xD8, 0xDE, 0x55, 0x1F, 0x7E, 0xD9, 0x31, 0xC4, 0x23,
    0xC4, 0x7B, 0xD1, 0x4E, 0xC4, 0xCD, 0x5C, 0x04, 0xA2, 0xC8, 0xF0, 0xFB, 0x51, 0x75, 0x49, 0xE7,
    0x1C, 0x3E, 0x27, 0x63, 0xC6, 0x46, 0x51, 0x27, 0x35, 0xD6, 0xCA, 0x98, 0x5C, 0x2C, 0x98, 0xA2,
    0x93, 0xE8, 0xAD, 0x74, 0x5B, 0x14, 0x18, 0x26, 0x4B, 0xAD, 0x99, 0x75, 0x7F, 0xCE, 0x91, 0xDB,
    0xED, 0x50, 0x96, 0x9D, 0xAC, 0xFC, 0x10, 0x5C, 0xB1, 0x88, 0xED, 0x23, 0xB9, 0x80, 0x8C, 0x40,
    0x39, 0xEE, 0x1B, 0x01, 0x25, 0x28, 0x75, 0x8A, 0xCE, 0x24, 0xD8, 0x34, 0x14, 0xAB, 0x6A, 0x33,
    0x28, 0xA5, 0x08, 0xBA, 0x00, 0xFA, 0xA2, 0x00, 0xEA, 0xAE, 0x10, 0x54, 0x80, 0xF2, 0x21, 0x6D,
    0xC4, 0xE8, 0x65, 0x4C, 0x01, 0x1B, 0x98, 0x11, 0x0E, 0xCE, 0xA0, 0xC6, 0x96, 0x77, 0xCD, 0xC1,
    0x36, 0x90, 0x2E, 0x92, 0xE1, 0xB1, 0x59, 0x85, 0xC4, 0x2B, 0xC0, 0xD7, 0xB0, 0x62, 0x3D, 0xF2,
    0x20, 0xBB, 0x93, 0x54, 0xCC, 0x7E, 0xB1, 0xD8, 0x28, 0x26, 0x6C, 0x1D, 0x46, 0x7F, 0x93, 0x62,
    0x6F, 0xA0, 0x04, 0x3A, 0xE6, 0xB2, 0x18, 0x09, 0xB5, 0xAE, 0x9F, 0xEB, 0x35, 0x7A, 0xBD, 0xDE,
    0x2B, 0xED, 0x08, 0x5B, 0xA3, 0x6D, 0x92, 0x42, 0x5D, 0xA9, 0x27, 0x44, 0x50, 0xA2, 0x6A, 0xD4,
    0x04, 0x50, 0x9B, 0xC9, 0xC6, 0x04, 0xFD, 0x14, 0xF4, 0x2D, 0x38, 0x8D, 0x77, 0x4C, 0x2E, 0x28,
    0x02, 0x48, 0x30, 0x1B, 0x39, 0xD8, 0x05, 0x68, 0xB3, 0xFC, 0x9E, 0xBA, 0x33, 0xAE, 0x4F, 0xF0,
    0x33, 0x42, 0x3D, 0xF0, 0x8E, 0x4B, 0x35, 0x14, 0xDE, 0x0C, 0xC0, 0x5E, 0x52, 0xCF, 0x6A, 0x09,
    0x30, 0xBB, 0x0B, 0x41, 0xA5, 0xE4, 0xEA, 0xEC, 0xB1, 0x97, 0x23, 0xCF, 0x44, 0x16, 0x93, 0x5D,
    0x43, 0x08, 0x51, 0xEB, 0xFD, 0xEB, 0xF7, 0x5A, 0xDD, 0xCD, 0xCF, 0x1E, 0x64, 0x74, 0x86, 0xE7,
    0x01, 0xE7, 0x45, 0xB9, 0x36, 0xDB, 0x4F, 0xCC, 0xF3, 0x2F, 0xE6, 0x8D, 0x98, 0x6B, 0xED, 0xFD,
    0xC1, 0x55, 0x8A, 0x12, 0xAA, 0x4D, 0x02, 0x45, 0xF2, 0x73, 0x01, 0xF0, 0x2B, 0xC6, 0xFA, 0x8D,
    0x0B, 0xE1, 0xC0, 0xE2, 0x02, 0x5A, 0xC9, 0xC2, 0x13, 0xAA, 0x57, 0xF8, 0x9D, 0xFB, 0x57, 0x94,
    0x50, 0x7A, 0x09, 0xF9, 0x16, 0xA1, 0x01, 0x97, 0x03, 0x20, 0xEE, 0x1E, 0x5B, 0xF4, 0x1E, 0x0C,
    0xCD, 0x1E, 0xF4, 0xFF, 0x00, 0xC4, 0x05, 0x4E, 0xE0, 0x92, 0xD1, 0x5E, 0x3C, 0x58, 0x5D, 0xCC,
    0x79, 0x87, 0x63, 0xEF, 0xCF, 0x61, 0x98, 0x0A, 0x34, 0xA3, 0x46, 0x3B, 0xB1, 0x3D, 0xCC, 0x0D,
    0x47, 0x93, 0x64, 0xDC, 0xB3, 0xD5, 0x7E, 0xC4, 0xC9, 0xF0, 0x3B, 0xF8, 0x8F, 0x78, 0x54, 0x74,
    0xF9, 0xBD, 0x52, 0x81, 0x80, 0x88, 0xF2, 0x32, 0x4C, 0x8A, 0x45, 0x59, 0x44, 0xD4, 0x71, 0x62,
    0x3F, 0xF7, 0x68, 0x4E, 0xC3, 0xFF, 0xE0, 0x03, 0xA1, 0xCA, 0xDE, 0xCB, 0x35, 0x23, 0xC9, 0xCD,
    0x08, 0x7A, 0xA3, 0xB0, 0x83, 0x76, 0x52, 0xA1, 0x90, 0x60, 0x1F, 0x75, 0xFD, 0x7C, 0xF4, 0x78,
    0x8D, 0x5E, 0x6F, 0xEF, 0xD5, 0x76, 0xB4, 0x4D, 0x1A, 0x89, 0xC5, 0x1C, 0x00, 0xE6, 0x67, 0x27,
    0xAC, 0x0D, 0x16, 0xAB, 0x2C, 0x3A, 0x3D, 0xA4, 0x1E, 0x80, 0xDD, 0xC1, 0x5B, 0x8E, 0xB0, 0x15,
    0xBE, 0xD9, 0x9A, 0x7D, 0x20, 0x7B, 0xBA, 0x7C, 0x2E, 0xBF, 0x51, 0x1D, 0xB4, 0x49, 0x01, 0x2D,
    0x06, 0xAE, 0xB1, 0x82, 0x09, 0x68, 0x18, 0xDF, 0xF8, 0x3B, 0xAB, 0x69, 0xFC, 0x06, 0x98, 0x32,
    0xD3, 0x09, 0x47, 0x22, 0xE4, 0x03, 0x07, 0xEA, 0x37, 0xD9, 0xB6, 0xF7, 0xCE, 0x42, 0x8A, 0x0F,
    0xC1, 0xAC, 0x9C, 0xFA, 0x7C, 0xCE, 0xD9, 0x5C, 0xA6, 0xF8, 0x33, 0x39, 0x13, 0xCC, 0x8F, 0xCA,
    0x42, 0xD4, 0xC5, 0xD2, 0x33, 0x98, 0x13, 0x03, 0x78, 0x9F, 0x5C, 0x00, 0x78, 0x36, 0xAA, 0x1C,
    0x90, 0x99, 0xEB, 0x54, 0x88, 0x4B, 0x17, 0x5F, 0x82, 0x41, 0x9D, 0x5F, 0x96, 0x35, 0x43, 0x3D,
    0x29, 0x65, 0x13, 0xF8, 0xDB, 0xBC, 0xB3, 0x78, 0x5C, 0x5D, 0x9F, 0x15, 0x3F, 0xDC, 0x4D, 0x97,
    0xA9, 0xD8, 0x53, 0xA8, 0x1A, 0x79, 0x3C, 0x69, 0x37, 0x15, 0x84, 0x8E, 0xE6, 0x31, 0x2D, 0x1E,
    0x3C, 0xE4, 0x75, 0x25, 0x54, 0xE4, 0x82, 0x3A, 0xC5, 0x4E, 0x90, 0x2E, 0x19, 0xE9, 0x1E, 0x86,
    0x6D, 0xF1, 0x9B, 0x62, 0x5D, 0xF0, 0x86, 0x7C, 0xEE, 0xC2, 0xB9, 0x88, 0xC5, 0xF6, 0x96, 0x42,
    0x38, 0xD1, 0x57, 0x55, 0x3C, 0xE9, 0xF7, 0x28, 0xAC, 0xF2, 0xBF, 0xAC, 0xE5, 0xEF, 0x28, 0xB4,
    0xEA, 0x0D, 0x99, 0x8D, 0xEB, 0xFE, 0x99, 0x07, 0xF4, 0x15, 0x9C, 0xDD, 0xDE, 0xA9, 0x3F, 0xFB,
    0xA7, 0xFD, 0xA3, 0x45, 0x4A, 0xCC, 0x35, 0xB0, 0xD5, 0x44, 0x2A, 0x87, 0xBB, 0xA2, 0x8A, 0xB6,
    0x45, 0xB1, 0x2D, 0xC8, 0x82, 0x42, 0x9C, 0xC3, 0x32, 0x63, 0x21, 0x1B, 0x4D, 0xAA, 0x4C, 0x27,
    0x58, 0x51, 0x59, 0x96, 0x96, 0x19, 0xA5, 0x77, 0xD2, 0x40, 0x86, 0xD4, 0xEB, 0xB9, 0xE5, 0x09,
    0x83, 0x44, 0xE6, 0xB6, 0xA6, 0xD9, 0x61, 0xBA, 0x86, 0x0B, 0xCD, 0xBC, 0xEC, 0x6A, 0xB0, 0x09,
    0x07, 0x9D, 0x37, 0xF2, 0xF3, 0xF4, 0x7C, 0xC8, 0xB3, 0x7A, 0xA5, 0xAC, 0xA0, 0xF3, 0x56, 0x41,
    0x0E, 0x71, 0x8B, 0xE0, 0x2C, 0xEE, 0x4F, 0xC4, 0xFD, 0x2C, 0x80, 0x89, 0xEE, 0x00, 0xB1, 0x15,
    0xCF, 0xAF, 0x07, 0xE8, 0x17, 0x87, 0xE6, 0x69, 0x3D, 0x17, 0x7C, 0xF9, 0xD6, 0xD6, 0xB1, 0xE6,
    0xD9, 0x05, 0x06, 0xBA, 0xDD, 0xE5, 0x56, 0xE7, 0x0E, 0xDC, 0xF2, 0x1E, 0xDD, 0xA8, 0x50, 0x63,
    0x94, 0xE3, 0xC3, 0xB2, 0xDD, 0x53, 0x39, 0x0E, 0x04, 0x09, 0xA7, 0xAD, 0x7F, 0xD0, 0x2D, 0xF0,
    0x8D, 0xCF, 0xC2, 0xDB, 0x3B, 0xF9, 0xE0, 0x40, 0x12, 0x5D, 0x8E, 0x42, 0x47, 0x97, 0x8C, 0xA4,
    0x1F, 0x78, 0x0F, 0x15, 0xE8, 0x0B, 0xB7, 0x11, 0xB3, 0x9B, 0xFC, 0xD6, 0xEB, 0xC4, 0xB8, 0x08,
    0x15, 0x8A, 0xC9, 0xC4, 0x20, 0x10, 0xAB, 0xFE, 0x63, 0x56, 0xE3, 0xBA, 0x51, 0x85, 0x8B, 0x2A,
    0xB1, 0xAC, 0x27, 0x69, 0x5A, 0xA4, 0x96, 0x48, 0x54, 0xF9, 0xA6, 0xE2, 0x77, 0xB6, 0x12, 0x1C,
    0x56, 0xD2, 0x53, 0x15, 0xB9, 0x3D, 0xD3, 0x4A, 0x26, 0xB3, 0xCB, 0x0A, 0x3A, 0xAA, 0x0E, 0xAE,
    0x30, 0x1D, 0xF4, 0xD6, 0x1F, 0x2D, 0x52, 0xDD, 0x25, 0xC4, 0x82, 0x3A, 0x81, 0x20, 0x3F, 0x4F,
    0x31, 0x90, 0x48, 0x14, 0x65, 0x8D, 0x07, 0x1F, 0xC6, 0x23, 0x41, 0x0F, 0x5F, 0x44, 0xDF, 0xB0,
    0xF6, 0x7B, 0x40, 0x31, 0x8F, 0x40, 0xD8, 0x3E, 0x17, 0x46, 0x0A, 0x1B, 0xAF, 0x4F, 0xB3, 0x48,
    0xDE, 0xA2, 0x90, 0x30, 0x6C, 0x8B, 0xD5, 0x91, 0x78, 0x36, 0x44, 0xED, 0xE3, 0x07, 0x82, 0xDC,
    0x27, 0x7D, 0x2A, 0xDE, 0x10, 0x73, 0x1B, 0x83, 0x22, 0x55, 0x21, 0x75, 0xBF, 0x7E, 0x7F, 0xA1,
    0x4D, 0x20, 0x25, 0x97, 0xAD, 0xF0, 0x49, 0xD6, 0x03, 0x75, 0x83, 0x54, 0xB5, 0xAB, 0x78, 0x34,
    0xA8, 0x39, 0xBA, 0x03, 0xF4, 0x07, 0xE7, 0x7A, 0x74, 0x08, 0xC9, 0x2F, 0x58, 0xC3, 0xB5, 0x38,
    0x4C, 0x06, 0x2A, 0x19, 0xB1, 0x9D, 0x6F, 0x99, 0x03, 0xEC, 0x59, 0x40, 0x89, 0x37, 0x4B, 0x70,
    0xDE, 0x59, 0x0B, 0xD0, 0x40, 0x8A, 0xB6, 0x52, 0xBC, 0xE0, 0x14, 0x48, 0x99, 0xE2, 0x19, 0x16,
    0xF0, 0x5F, 0x9C, 0xE0, 0x25, 0xAA, 0x20, 0xF6, 0xCA, 0x13, 0x14, 0x31, 0xCD, 0x99, 0x78, 0x40,
    0x87, 0x0D, 0xA6, 0x7E, 0x6D, 0xA0, 0x4F, 0x90, 0xE9, 0x46, 0x45, 0x1E, 0x8B, 0x3A, 0xA3, 0x5A,
    0xCC, 0x54, 0x81, 0x68, 0x54, 0x9F, 0xA8, 0x86, 0x7F, 0x4B, 0xF3, 0x06, 0x57, 0xD8, 0x0F, 0x97,
    0x4B, 0x52, 0x5B, 0xA8, 0xD7, 0x59, 0xA2, 0xAD, 0xD0, 0xF8, 0xA8, 0x5A, 0xC7, 0x6F, 0x8E, 0xF0,
    0x5E, 0xA4, 0x88, 0xAA, 0x4F, 0x87, 0xCA, 0x11, 0xF6, 0x05, 0x6F, 0x46, 0x07, 0x7D, 0xD4, 0x93,
    0x59, 0x4C, 0xAA, 0x65, 0x71, 0x3C, 0xCA, 0x2C, 0xBE, 0x34, 0x62, 0xF6, 0x15, 0x84, 0x8D, 0x3E,
    0x9D, 0xDA, 0xA9, 0x8A, 0xFF, 0x8E, 0xBB, 0xE5, 0xAC, 0x2A, 0xCA, 0x47, 0xF3, 0x55, 0xDC, 0x5B,
    0xA2, 0x95, 0x91, 0xED, 0xA9, 0xD5, 0xD3, 0x2D, 0xE7, 0xA5, 0x48, 0x94, 0x58, 0xA4, 0xD6, 0x6C,
    0xAA, 0xCB, 0x62, 0xD2, 0xF5, 0x32, 0x70, 0x81, 0xFB, 0x03, 0xFB, 0x1D, 0x74, 0x3B, 0x35, 0xE2,
    0x50, 0x73, 0x4F, 0xCF, 0x18, 0xCE, 0xE3, 0x68, 0xD1, 0x07, 0xC5, 0x9B, 0x30, 0x16, 0x99, 0x32,
    0x80, 0xB9, 0xC8, 0x4C, 0xC2, 0xA5, 0x55, 0x50, 0xEC, 0xB4, 0x70, 0x38, 0x12, 0x7E, 0x0E, 0x76,
    0x4C, 0x32, 0x70, 0x68, 0xA4, 0xA5, 0x9F, 0x2C, 0x98, 0x3A, 0xD0, 0xF1, 0x16, 0xB2, 0x22, 0x98,
    0xEC, 0xD2, 0xFA, 0x38, 0x62, 0x72, 0x64, 0x6D, 0xE0, 0x49, 0x9F, 0xE0, 0x39, 0x3F, 0x96, 0x06,
    0x53, 0xAA, 0x6D, 0x41, 0x79, 0x1E, 0x07, 0x74, 0xA3, 0xA0, 0x5E, 0x41, 0x30, 0xEC, 0xD7, 0xFD,
    0xB1, 0xD9, 0x7D, 0x24, 0xCB, 0x26, 0x7A, 0x57, 0x40, 0xFC, 0xF7, 0xBD, 0x10, 0x3C, 0x4F, 0x64,
    0x39, 0x01, 0x61, 0x73, 0xEC, 0xF5, 0xEA, 0x3B, 0x57, 0x3A, 0x27, 0xA3, 0x42, 0x5D, 0x4F, 0x80,
    0x5B, 0x54, 0xF1, 0xAA, 0x57, 0x54, 0xF0, 0x59, 0xAB, 0x7E, 0x9E, 0x9F, 0x6A, 0x19, 0x7D, 0xA8,
    0x2A, 0x6B, 0xA1, 0xC2, 0xAA, 0xBA, 0x2E, 0xE8, 0xF4, 0x01, 0xB5, 0xBF, 0x51, 0x25, 0x2F, 0xBD,
    0x43, 0x0C, 0xAD, 0x81, 0xCE, 0x8E, 0x62, 0xED, 0x44, 0xF4, 0xC1, 0xCB, 0x43, 0x6A, 0xF0, 0xDB,
    0x9C, 0xA2, 0x9F, 0xB8, 0xD8, 0x71, 0x9F, 0x00, 0x31, 0x19, 0x88, 0x19, 0xB9, 0xDD, 0x33, 0x72,
    0xEE, 0x1B, 0x13, 0x89, 0x13, 0xF5, 0xA1, 0x50, 0x51, 0xD3, 0xEF, 0x48, 0x98, 0x66, 0xB9, 0x37,
    0x5F, 0x0C, 0x67, 0x23, 0xFD, 0xE1, 0x89, 0x32, 0x60, 0x0F, 0x3E, 0xA7, 0x0A, 0xFD, 0xFF, 0x08,
    0x5B, 0x3A, 0xAE, 0xD4, 0x2A, 0x2B, 0x3D, 0xD4, 0x7E, 0x28, 0x14, 0x35, 0xF7, 0x3E, 0xC5, 0x8E,
    0x34, 0xA4, 0x61, 0x2D, 0x6C, 0x79, 0x2A, 0xB3, 0x21, 0x2F, 0x48, 0xA0, 0x58, 0x6C, 0xBD, 0x7E,
    0x84, 0x33, 0xA1, 0xEC, 0x35, 0x42, 0xD1, 0x1E, 0x46, 0x3A, 0x8A, 0x9D, 0xDE, 0xE7, 0x5B, 0x97,
    0xF1, 0x59, 0x0D, 0x06, 0x32, 0x4A, 0x20, 0xAE, 0xE0, 0x02, 0x96, 0x86, 0xE0, 0x12, 0xDE, 0xB1,
    0x74, 0x93, 0xEE, 0x23, 0xB3, 0x9A, 0x14, 0xD2, 0x1F, 0x91, 0x44, 0xC4, 0xFF, 0x51, 0xD3, 0xD6,
    0xBA, 0x68, 0x27, 0x61, 0xD7, 0x2F, 0x86, 0x90, 0xFC, 0xC2, 0xE0, 0x71, 0xE3, 0x82, 0xE6, 0x4A,
    0x50, 0x00, 0xC3, 0x94, 0x97, 0x09, 0xC5, 0x52, 0x88, 0x42, 0xB4, 0xC9, 0xD8, 0x9B, 0xE2, 0x8A,
    0xBA, 0x23, 0xE9, 0x1B, 0x55, 0x48, 0x2D, 0x3C, 0x7B, 0x84, 0x80, 0x94, 0x6A, 0x15, 0x4A, 0xE8,
    0xB3, 0x1C, 0xAA, 0x73, 0xA3, 0x7A, 0x68, 0x3B, 0x9D, 0x7E, 0xBA, 0x78, 0x8C, 0xEC, 0x3E, 0x05,
    0x9E, 0x86, 0x9F, 0xAB, 0x8D, 0x4A, 0x5E, 0xBA, 0x37, 0x95, 0x3F, 0x15, 0xE2, 0x83, 0xA1, 0x0B,
    0x69, 0x90, 0xA1, 0x53, 0x89, 0x3D, 0x50, 0xF7, 0x70, 0x2C, 0xE2, 0x92, 0xD3, 0x54, 0x40, 0x8D,
    0x25, 0x58, 0x24, 0xEF, 0x22, 0xD5, 0x69, 0x1C, 0x39, 0x06, 0xBA, 0x43, 0x62, 0x06, 0x76, 0xBD,
    0x5A, 0x0C, 0xD4, 0x4F, 0x08, 0x33, 0x44, 0x1F, 0x20, 0x98, 0x50, 0x14, 0x33, 0x92, 0xCA, 0x53,
    0xEE, 0x37, 0x6A, 0x75, 0x31, 0x4A, 0x97, 0x23, 0x45, 0x2A, 0x0F, 0x8E, 0x4A, 0xC4, 0xC2, 0x12,
    0x2B, 0x4D, 0xD1, 0xA5, 0x5F, 0xDC, 0xAF, 0x15, 0xA1, 0x64, 0xDD, 0xD4, 0xDC, 0x43, 0xE1, 0x4B,
    0xC3, 0x87, 0xCA, 0x6A, 0x51, 0x1C, 0x0A, 0x5A, 0xF5, 0x7A, 0xAC, 0x38, 0x67, 0xA3, 0xAE, 0x19,
    0xCA, 0x68, 0x59, 0xD0, 0x12, 0x8F, 0x28, 0x14, 0xC1, 0xB6, 0x31, 0xB1, 0x42, 0x8C, 0xA2, 0x87,
    0xCD, 0xA8, 0xD4, 0x59, 0xCC, 0x21, 0x01, 0xB9, 0x35, 0xBA, 0x78, 0xC2, 0x2D, 0xCF, 0x6A, 0x38,
    0x92, 0x8A, 0x1E, 0x50, 0x51, 0xC3, 0x67, 0x06, 0x5D, 0x54, 0x93, 0x43, 0x49, 0x69, 0x07, 0xC9,
    0x73, 0xC7, 0xE4, 0x19, 0xDB, 0x65, 0xB9, 0xE1, 0xCD, 0x06, 0x4F, 0x3E, 0x0E, 0x1A, 0xD8, 0xA2,
    0x86, 0xA0, 0x91, 0x29, 0x03, 0x27, 0x21, 0xB8, 0x26, 0xFD, 0x6D, 0x04, 0xD9, 0x76, 0x4D, 0x20,
    0xA2, 0x9C, 0xE0, 0x96, 0x14, 0x9D, 0x07, 0x3D, 0x72, 0xC2, 0x6D, 0xE6, 0x63, 0xD1, 0xEB, 0xC4,
    0x56, 0xDD, 0x56, 0x9E, 0x43, 0xD8, 0x4B, 0x67, 0x0B, 0x0B, 0x49, 0xE0, 0xC9, 0xD7, 0x90, 0xE9,
    0x18, 0xD6, 0x3B, 0x16, 0x97, 0xB9, 0x78, 0xF5, 0x9B, 0xCB, 0xEC, 0x59, 0xB9, 0x2E, 0x04, 0x43,
    0x90, 0xC2, 0xBB, 0xB3, 0x5C, 0xA4, 0x1C, 0xDA, 0xB8, 0x52, 0xF4, 0xE0, 0xCE, 0xAC, 0x76, 0x9D,
    0xB7, 0x00, 0xEE, 0x8A, 0xB6, 0x25, 0x35, 0x3E, 0xDC, 0xA1, 0xA6, 0x96, 0x5E, 0xB8, 0x9E, 0x78,
    0x4B, 0x88, 0xC8, 0xC1, 0x8D, 0xE3, 0x1B, 0x8B, 0x74, 0x19, 0xD1, 0x31, 0xC3, 0xF0, 0x75, 0xF1,
    0x0D, 0x66, 0x87, 0xCC, 0x09, 0x3A, 0x52, 0x66, 0x34, 0xD8, 0xC8, 0x23, 0xC0, 0x07, 0x3D, 0xB6,
    0x47, 0x4A, 0x9B, 0xDC, 0x04, 0xA3, 0x18, 0xA4, 0x54, 0x59, 0x9F, 0x7C, 0x47, 0xF9, 0x33, 0x15,
    0xC6, 0x16, 0xDC, 0xEC, 0x72, 0xC5, 0x84, 0x3D, 0x38, 0xE1, 0x96, 0x0A, 0x7F, 0xC1, 0x1D, 0x21,
    0x8F, 0xD3, 0xF7, 0xDA, 0x5C, 0x9D, 0x6A, 0x60, 0x21, 0x90, 0x61, 0x7F, 0x7C, 0x65, 0xAD, 0xC9,
    0xB5, 0xF4, 0x7F, 0x03, 0x57, 0xCC, 0xC0, 0xFD, 0x96, 0x75, 0xC2, 0x68, 0x0B, 0xEB, 0x15, 0x86,
    0xF5, 0xF6, 0x93, 0x71, 0xA3, 0x05, 0xCC, 0xB1, 0x0A, 0xB3, 0x54, 0x56, 0xA7, 0x38, 0x77, 0xC8,
    0x7A, 0x1D, 0xE8, 0xC2, 0xDC, 0xE8, 0xF4, 0x5D, 0xB1, 0x3F, 0x97, 0x3A, 0x6D, 0x75, 0x74, 0xDA,
    0x6A, 0x9C, 0xD3, 0x96, 0x3F, 0x10, 0x91, 0x0E, 0x9D, 0xB6, 0x88, 0xE1, 0x0A, 0x9F, 0xDD, 0x69,
    0xEB, 0x8C, 0x12, 0x9D, 0x73, 0x25, 0x06, 0xA7, 0x87, 0xE8, 0xEF, 0x31, 0xF7, 0x93, 0x45, 0x5D,
    0x7C, 0x7C, 0x45, 0x25, 0x3A, 0xE6, 0x62, 0xD7, 0x93, 0x41, 0xE7, 0x00, 0xC4, 0x97, 0x1B, 0x6C,
    0x3B, 0xD1, 0x90, 0x2E, 0x2B, 0xC6, 0xF9, 0x15, 0xD2, 0x06, 0x64, 0x19, 0x33, 0xFD, 0x10, 0x17,
    0xD4, 0xEE, 0xE2, 0x34, 0x8B, 0x69, 0x12, 0x55, 0x03, 0x69, 0xCA, 0x8D, 0x7D, 0x6F, 0x54, 0x77,
    0x88, 0x2D, 0x9F, 0x8A, 0x81, 0x71, 0xE3, 0x18, 0xA4, 0x30, 0xDF, 0x7A, 0x13, 0x55, 0x5C, 0x5E,
    0x34, 0x0D, 0xA6, 0xB5, 0x34, 0x34, 0x69, 0x97, 0x45, 0xAC, 0xA4, 0x02, 0x82, 0x9B, 0x7E, 0x03,
    0x45, 0xAC, 0x2C, 0x2C, 0x72, 0x14, 0x03, 0x56, 0xD2, 0x1E, 0x16, 0xC7, 0x94, 0xFA, 0x80, 0x87,
    0x1C, 0xC7, 0x22, 0x68, 0x38, 0x19, 0x43, 0x66, 0x19, 0xEF, 0xE6, 0x21, 0xE3, 0xEE, 0x92, 0x37,
    0xC9, 0x7C, 0x54, 0x74, 0xE2, 0x69, 0xEF, 0x9A, 0x83, 0x9F, 0x17, 0x6D, 0x3A, 0xE2, 0x1F, 0xC9,
    0x07, 0xE1, 0x87, 0x50, 0xB9, 0xB5, 0xB8, 0xB8, 0x47, 0x7F, 0xEF, 0xC5, 0xE6, 0x50, 0x2D, 0x70,
    0xF3, 0x33, 0x66, 0x31, 0x4E, 0x5D, 0xB7, 0x14, 0x05, 0xD9, 0x3D, 0xDD, 0x88, 0x35, 0x34, 0xE3,
    0x8E, 0xF5, 0xF6, 0x50, 0xAC, 0x55, 0x4E, 0xB0, 0xB5, 0x11, 0x30, 0xC6, 0x28, 0x5E, 0x1B, 0x37,
    0x1C, 0x3E, 0x3D, 0x68, 0x15, 0xF3, 0x65, 0x1E, 0x35, 0xFC, 0xC0, 0xCC, 0xF4, 0x32, 0xD5, 0xB5,
    0x81, 0x98, 0xBD, 0x42, 0x3D, 0x1C, 0xE1, 0x22, 0xAD, 0xE4, 0xB6, 0x24, 0x92, 0xEB, 0x05, 0x32,
    0xBA, 0x63, 0xAD, 0xCE, 0x34, 0x91, 0x6B, 0x63, 0x26, 0x7D, 0xA3, 0xB7, 0x8F, 0x30, 0xF1, 0xFB,
    0xAD, 0x7B, 0x70, 0xF4, 0x7E, 0xE3, 0xBA, 0x13, 0xFE, 0x4F, 0xED, 0x3A, 0x29, 0x8E, 0xA8, 0xAE,
    0xEB, 0x01, 0xE8, 0x98, 0x0E, 0x08, 0x8A, 0x1F, 0x37, 0xCC, 0x69, 0x1D, 0xFC, 0xE3, 0x75, 0x92,
    0x87, 0xA5, 0xE6, 0xAF, 0xB6, 0xC4, 0x60, 0x0D, 0xEC, 0x09, 0x97, 0x40, 0x95, 0xD5, 0xAD, 0xC5,
    0xD9, 0xC3, 0x89, 0x16, 0x41, 0x4B, 0xE5, 0x15, 0xF8, 0x05, 0xAC, 0x40, 0xBA, 0xE5, 0xC3, 0xB6,
    0x10, 0x90, 0x77, 0x10, 0x4B, 0x03, 0xB8, 0xD7, 0x2C, 0x57, 0x6F, 0x0C, 0x6B, 0x12, 0x2B, 0x65,
    0x65, 0xEF, 0x95, 0x15, 0x19, 0xB4, 0x92, 0x14, 0xB6, 0x12, 0xBD, 0xD7, 0xE9, 0x35, 0xD1, 0x2F,
    0x5A, 0x5D, 0xE1, 0xBB, 0xCF, 0x1A, 0x5D, 0xE5, 0x18, 0x22, 0x91, 0xC0, 0x87, 0x87, 0x38, 0x56,
    0x3B, 0x18, 0x2B, 0x5D, 0xF1, 0xA5, 0x63, 0xD3, 0x8F, 0x4F, 0x0F, 0x4C, 0xA3, 0x47, 0xB6, 0x83,
    0x5A, 0x15, 0x78, 0xF5, 0xC1, 0xC8, 0x7C, 0xBD, 0x32, 0xA1, 0x16, 0x7C, 0xB7, 0x72, 0xED, 0x72,
    0x72, 0xFE, 0xB0, 0xCF, 0x19, 0x4B, 0xC5, 0x7D, 0x13, 0x0B, 0x4F, 0x97, 0x84, 0xF5, 0x42, 0xB4,
    0xBE, 0x74, 0x2A, 0xF3, 0x02, 0x6B, 0x73, 0xEB, 0xFD, 0xA3, 0x4F, 0x39, 0x2C, 0xEC, 0x39, 0x7B,
    0xA5, 0xBD, 0xCF, 0xB6, 0x62, 0xDB, 0xA4, 0x2B, 0xD8, 0xE4, 0x9E, 0x67, 0xE6, 0x7F, 0xC4, 0xD3,
    0x5D, 0x5F, 0x6C, 0xCF, 0x6C, 0x3F, 0x6D, 0xAF, 0x19, 0x8F, 0x15, 0xCE, 0x99, 0x7A, 0x5F, 0x83,
    0x3B, 0x35, 0xD1, 0x47, 0x42, 0xBE, 0xA5, 0xF9, 0x48, 0x78, 0x0F, 0x18, 0x44, 0x30, 0xF0, 0x3D,
    0x56, 0xE8, 0x29, 0xC0, 0x13, 0xA9, 0x51, 0x1C, 0x0E, 0x9B, 0xE8, 0x03, 0xF1, 0x47, 0x66, 0x03,
    0x1E, 0x2D, 0xFA, 0xAF, 0xE1, 0x31, 0x9E, 0x15, 0x84, 0x1C, 0x32, 0x2C, 0x8B, 0xA5, 0x4B, 0x3E,
    0x56, 0xE4, 0x69, 0x82, 0x59, 0x27, 0xB7, 0xEE, 0x92, 0xD3, 0xA8, 0xF5, 0x67, 0xAE, 0xF2, 0x1D,
    0x45, 0xA9, 0xC9, 0xB4, 0xCF, 0x5D, 0x3B, 0x71, 0x51, 0x25, 0x3D, 0x5D, 0x29, 0x5C, 0x3B, 0x59,
    0x62, 0x5B, 0x06, 0x3A, 0x40, 0xE3, 0xB6, 0xB7, 0x8E, 0x8D, 0x56, 0x3B, 0x31, 0x3D, 0x41, 0x3B,
    0x61, 0x1D, 0x48, 0x03, 0xFD, 0xB0, 0xCE, 0x21, 0x27, 0xA9, 0x80, 0x10, 0x34, 0x1B, 0xB4, 0xFB,
    0x19, 0xA7, 0xAB, 0xC6, 0xDA, 0xFC, 0x60, 0x07, 0x7E, 0x47, 0xF4, 0x0F, 0x12, 0xC3, 0xF1, 0xB3,
    0x57, 0xC8, 0xC1, 0x1B, 0x68, 0x36, 0x30, 0x77, 0x74, 0x3A, 0x1D, 0x54, 0xF3, 0x4C, 0x9C, 0x3E,
    0xDE, 0xC2, 0xFD, 0xE6, 0x9A, 0xD4, 0xDC, 0x29, 0xC4, 0x87, 0xBC, 0x10, 0x93, 0x40, 0x17, 0x35,
    0xF9, 0x40, 0xAD, 0x30, 0x55, 0x03, 0x1F, 0xC7, 0x4E, 0xB8, 0x50, 0x2C, 0x77, 0x34, 0x2E, 0x32,
    0xCD, 0x9F, 0xB0, 0xF2, 0x8A, 0xA9, 0xBF, 0x6A, 0xCE, 0xFD, 0xF9, 0x3D, 0xD5, 0x20, 0x59, 0xB7,
    0xD9, 0x94, 0xF0, 0x6E, 0x50, 0x08, 0x42, 0xBE, 0x1E, 0x64, 0x7F, 0x71, 0x30, 0xF4, 0x2F, 0x48,
    0xCB, 0x44, 0x9F, 0x91, 0x10, 0x8C, 0x1B, 0x5C, 0x85, 0xE9, 0xCD, 0x4D, 0x67, 0x6E, 0xEE, 0x32,
    0x74, 0xE5, 0x4E, 0xAB, 0x25, 0xD0, 0x25, 0x73, 0xEE, 0x64, 0xE5, 0x02, 0xF2, 0x05, 0xA8, 0xA1,
    0x62, 0x0D, 0x79, 0x69, 0xAC, 0xF7, 0xB6, 0x0D, 0x86, 0x29, 0x9B, 0xD8, 0x3A, 0x36, 0xD1, 0xC5,
    0xC9, 0xFA, 0x31, 0x5D, 0x00, 0x9E, 0xCE, 0xB2, 0xCF, 0xAD, 0x31, 0x00, 0x76, 0xE5, 0x13, 0x67,
    0xF0, 0xEC, 0x71, 0x8F, 0x73, 0xFB, 0x65, 0xA0, 0x0C, 0x76, 0x0F, 0x8F, 0xB6, 0x13, 0x21, 0x70,
    0xE8, 0xD6, 0xFC, 0x36, 0x48, 0x45, 0x42, 0xEF, 0xE3, 0x9D, 0x65, 0x1A, 0x88, 0x53, 0xB9, 0xB2,
    0x11, 0x33, 0x42, 0xBE, 0x87, 0xB2, 0x4E, 0xB2, 0x5D, 0x17, 0xF5, 0x08, 0x2B, 0x10, 0x7D, 0x0B,
    0x78, 0xD3, 0x1F, 0x78, 0x73, 0xC9, 0xC1, 0x4F, 0x0E, 0x67, 0x19, 0x8A, 0x61, 0x5C, 0x34, 0x50,
    0xFA, 0xFE, 0xC4, 0xE9, 0x2A, 0xC9, 0xE4, 0xC8, 0x63, 0xE1, 0xC4, 0xE6, 0xD6, 0xA0, 0xFB, 0x81,
    0xBA, 0xD9, 0xEF, 0x44, 0xEA, 0xEA, 0x60, 0x2F, 0x3E, 0xB2, 0xBD, 0x14, 0x3C, 0x07, 0xB6, 0x14,
    0xE1, 0x18, 0x56, 0x73, 0x1D, 0x08, 0x07, 0x1E, 0xC8, 0xF3, 0x81, 0x89, 0xE2, 0x6E, 0x2F, 0x8D,
    0x24, 0x0C, 0x0E, 0x0C, 0x8A, 0xD8, 0x7C, 0xDD, 0x2C, 0x53, 0xCD, 0x07, 0x5B, 0xFB, 0x57, 0xF4,
    0x3D, 0xBB, 0x5D, 0xC6, 0xCE, 0xC3, 0xEC, 0x4B, 0x5E, 0x76, 0x80, 0x68, 0x49, 0x6B, 0x03, 0x1A,
    0x4B, 0xDA, 0x2E, 0x65, 0xAC, 0xFD, 0x11, 0xD8, 0x21, 0xD9, 0x9D, 0xDB, 0x6F, 0x80, 0x46, 0xDC,
    0x35, 0x97, 0xFC, 0x84, 0xBA, 0x5B, 0x95, 0x45, 0x32, 0xAB, 0xCA, 0xB1, 0xB9, 0x07, 0xE5, 0xBC,
    0xD9, 0x7D, 0xD8, 0xBE, 0x45, 0x1B, 0x5C, 0x58, 0xB4, 0xE6, 0x2A, 0x3F, 0xD7, 0xEC, 0xC6, 0x66,
    0xA4, 0x6E, 0x80, 0x6E, 0xA4, 0x89, 0x1B, 0x29, 0x9C, 0x1D, 0xF5, 0x67, 0xB9, 0xF7, 0x07, 0xAE,
    0xD2, 0x58, 0xCA, 0x63, 0xB7, 0x87, 0x57, 0x34, 0xEC, 0x5E, 0xBA, 0x8B, 0x0A, 0x75, 0x07, 0x8F,
    0xA1, 0xF1, 0x90, 0x97, 0x82, 0xE5, 0xA0, 0xBB, 0xF7, 0xE4, 0x38, 0xAE, 0xD7, 0x5D, 0x78, 0xAF,
    0x39, 0xB4, 0x62, 0x9E, 0xF3, 0xF3, 0x77, 0x0F, 0x6D, 0x14, 0x83, 0xCE, 0x4F, 0x04, 0x65, 0x88,
    0x7D, 0x41, 0xFA, 0xC4, 0xF0, 0x83, 0xFA, 0xD2, 0x06, 0x5C, 0xF3, 0xA0, 0x2E, 0x7E, 0x61, 0x5D,
    0x42, 0x35, 0xC2, 0xB8, 0xB3, 0xBA, 0xFE, 0xFB, 0x10, 0xDE, 0xFF, 0x97, 0x1D, 0x94, 0x07, 0xBD,
    0x62, 0xEC, 0x13, 0x43, 0xC7, 0x66, 0x68, 0x65, 0x45, 0x37, 0xF7, 0xC0, 0xC0, 0xD9, 0x48, 0x7D,
    0x2D, 0x18, 0x02, 0xA6, 0x31, 0x60, 0x1A, 0x04, 0xA6, 0x51, 0x60, 0x6B, 0x18, 0x98, 0x0D, 0x04,
    0xA3, 0x9E, 0x84, 0x30, 0x22, 0x8C, 0x09, 0x53, 0x75, 0x80, 0x65, 0x34, 0xE8, 0xC0, 0x08, 0xAD,
    0x8E, 0x5A, 0x8A, 0x56, 0x75, 0x69, 0xD4, 0x81, 0x64, 0x6A, 0x7F, 0x19, 0x68, 0x89, 0x51, 0x1B,
    0xCD, 0x40, 0x2B, 0x8D, 0xC0, 0x84, 0xFE, 0x03, 0x54, 0x1F, 0x31, 0x32, 0xCC, 0x30, 0x34, 0xCC,
    0x30, 0x36, 0x8C, 0x01, 0x00, 0x03, 0x83, 0x01, 0x04, 0x82, 0xBD, 0xE8, 0xA6, 0x85, 0xA7, 0xD7,
    0x18, 0x41, 0xE5, 0xA2, 0xA2, 0x85, 0xB3, 0x5F, 0x9C, 0x60, 0x0D, 0xDC, 0xD5, 0x0C, 0xFC, 0xD5,
    0xA4, 0x47, 0xD2, 0x3C, 0x3D, 0xD6, 0xB6, 0x2E, 0x6B, 0xD6, 0xC0, 0xA3, 0xAA, 0x22, 0xEB, 0xC8,
    0xCB, 0x81, 0x71, 0x44, 0xC7, 0x02, 0xC4, 0xCC, 0x63, 0x60, 0xE7, 0x31, 0x30, 0xF4, 0x98, 0x31,
    0xC6, 0x14, 0xDC, 0x03, 0x80, 0x86, 0x0C, 0xC6, 0x1E, 0x03, 0x6B, 0x8F, 0x81, 0xB9, 0xC7, 0x80,
    0x61, 0x91, 0x21, 0x7B, 0x24, 0x1D, 0x61, 0x75, 0x8E, 0xEB, 0xA6, 0x0D, 0xE6, 0xC8, 0xCF, 0xC4,
    0xC0, 0xE4, 0x56, 0x04, 0x68, 0x1C, 0xBC, 0xE8, 0x1A, 0x07, 0xB9, 0xA9, 0xE4, 0xD4, 0x90, 0xE4,
    0xE6, 0x0E, 0xFD, 0x5C, 0xED, 0x9F, 0x5A, 0x84, 0x65, 0x1E, 0x56, 0xC8, 0x4F, 0xD2, 0x4C, 0x95,
    0x48, 0x02, 0x77, 0x23, 0xEF, 0x55, 0xD9, 0x3B, 0xDB, 0xC4, 0x38, 0xE7, 0xFA, 0x59, 0x77, 0x36,
    0x02, 0x1A, 0x9D, 0x22, 0x3B, 0xE6, 0x21, 0xDC, 0xDD, 0x83, 0x87, 0xA2, 0x07, 0x67, 0x62, 0x07,
    0xF0, 0xAF, 0x37, 0xD9, 0x4B, 0x54, 0x03, 0x75, 0x85, 0x78, 0xA4, 0xA0, 0x9A, 0xC6, 0xDD, 0xAF,
    0xC7, 0x31, 0xF8, 0x5C, 0xCE, 0xD3, 0x69, 0xA4, 0x52, 0x65, 0x28, 0x54, 0xA1, 0x70, 0xAF, 0xF1,
    0x2E, 0x74, 0x01, 0xBB, 0x96, 0x7B, 0x99, 0xFF, 0xDE, 0x30, 0xEE, 0x7E, 0xD5, 0xCD, 0xFE, 0xE7,
    0xE2, 0x5E, 0x36, 0x5B, 0xF7, 0x32, 0xF5, 0x65, 0x96, 0xE7, 0x08, 0x69, 0xF5, 0xB3, 0xC3, 0x58,
    0x27, 0xAF, 0x3B, 0x7D, 0x3C, 0xFF, 0x4C, 0x26, 0x8F, 0x97, 0xBF, 0xA7, 0xB1, 0xE1, 0x93, 0xAF,
    0x50, 0x70, 0xB8, 0x39, 0x5F, 0x0A, 0x72, 0xBB, 0xFD, 0x37, 0xE6, 0x5A, 0xB7, 0xAD, 0xC0, 0x39,
    0xAB, 0x80, 0x3F, 0x3F, 0x7D, 0x00, 0x91, 0x70, 0x9C, 0x77, 0x6E, 0x7B, 0xD0, 0x92, 0x38, 0xBB,
    0x64, 0x1A, 0x57, 0x02, 0xA5, 0x0B, 0x42, 0x97, 0xE4, 0x28, 0xFD, 0x12, 0x84, 0xBE, 0xF1, 0xBE,
    0x2F, 0x5C, 0x34, 0x39, 0xF5, 0xCC, 0x2B, 0x48, 0x96, 0x13, 0xAB, 0x26, 0x73, 0xB2, 0x39, 0x1B,
    0x5E, 0x8D, 0xC9, 0xB1, 0x41, 0x2B, 0x71, 0x42, 0x47, 0x0A, 0xA3, 0x46, 0xA3, 0x73, 0x5E, 0x58,
    0xD9, 0xE8, 0xF9, 0x37, 0x66, 0xD2, 0xB6, 0x91, 0x8D, 0x47, 0x67, 0x0E, 0xA5, 0x00, 0x60, 0xEB,
    0x53, 0xCD, 0xEE, 0x42, 0xBD, 0x64, 0x6D, 0xCE, 0x84, 0x4E, 0x67, 0xA7, 0x42, 0xA7, 0xFD, 0x1B,
    0x08, 0x9D, 0x4E, 0xB7, 0xA1, 0xD3, 0xCD, 0x99, 0xD0, 0xE9, 0xF1, 0x92, 0xD0, 0xE9, 0xDA, 0x85,
    0x4E, 0xB7, 0x2E, 0x74, 0xBA, 0x77, 0xA1, 0xD3, 0x50, 0x70, 0x6B, 0x9F, 0x8D, 0x0B, 0x9D, 0x9E,
    0xAD, 0x3D, 0x48, 0xB7, 0xB7, 0x55, 0xC7, 0x77, 0xC5, 0xCA, 0x91, 0xF5, 0xA9, 0x8E, 0xE9, 0xF8,
    0x2C, 0x3E, 0xEA, 0x52, 0xEC, 0x21, 0xD5, 0xF7, 0xCC, 0x23, 0x43, 0x17, 0x69, 0xD9, 0x35, 0x7A,
    0xE8, 0x81, 0x52, 0x7A, 0xFF, 0x9D, 0xEF, 0x5A, 0x9D, 0xBF, 0xDD, 0x43, 0x10, 0x98, 0x78, 0xA5,
    0x8F, 0xFB, 0x7A, 0xE7, 0xA0, 0x2D, 0xF3, 0xD5, 0xD3, 0x64, 0x83, 0x27, 0x4C, 0xEA, 0x53, 0x6D,
    0xB9, 0x88, 0x87, 0x4F, 0x2E, 0x1E, 0x88, 0x1F, 0x7F, 0xA6, 0xD9, 0x5E, 0xA2, 0x4E, 0x68, 0xA7,
    0x6C, 0x27, 0xE5, 0xC2, 0xF6, 0x26, 0xC5, 0xF9, 0xEA, 0x6D, 0x0D, 0x0B, 0x87, 0x96, 0x64, 0xD6,
    0x98, 0xB6, 0x65, 0x5F, 0x8A, 0x4E, 0x85, 0x85, 0x57, 0x2F, 0x59, 0x69, 0x5C, 0xA4, 0x95, 0x4E,
    0x98, 0x9B, 0x88, 0x54, 0x5D, 0x5D, 0xE1, 0xBE, 0xAD, 0xD2, 0x12, 0x53, 0x78, 0xD8, 0x5D, 0x24,
    0x9A, 0xA9, 0x48, 0x33, 0x8B, 0x0F, 0x99, 0x68, 0x76, 0xB2, 0x97, 0x0F, 0x95, 0xDC, 0xAA, 0x04,
    0x87, 0xBC, 0xA1, 0x7E, 0xE1, 0x95, 0xF3, 0x0B, 0x7F, 0x89, 0x3E, 0x64, 0x79, 0x05, 0x6E, 0xDC,
    0xA7, 0x9E, 0x19, 0x88, 0xF1, 0x6F, 0x72, 0xFC, 0xDC, 0x98, 0xAF, 0x61, 0x33, 0x91, 0x1E, 0xD3,
    0xB0, 0x61, 0x68, 0x18, 0x83, 0x68, 0xC5, 0xE5, 0xA4, 0x01, 0xD3, 0xEA, 0xEF, 0xB2, 0x04, 0xFA,
    0xA8, 0xBD, 0x44, 0x8D, 0x25, 0x18, 0x38, 0xC3, 0xB0, 0x35, 0x0E, 0x5B, 0x03, 0xB1, 0x35, 0x12,
    0x5B, 0x5E, 0xDE, 0xB8, 0x98, 0x64, 0xD5, 0x5A, 0xAB, 0x66, 0xD6, 0xD1, 0x5A, 0x85, 0x14, 0xAF,
    0xCC, 0x64, 0x4D, 0x76, 0x6A, 0x9E, 0x21, 0x93, 0xC1, 0x8C, 0x04, 0x81, 0x32, 0x21, 0xC9, 0xE5,
    0x30, 0x63, 0x6B, 0x44, 0x4F, 0x17, 0x18, 0x6E, 0x7B, 0x34, 0xB2, 0xCF, 0xB4, 0xBB, 0x32, 0x2C,
    0x13, 0xCD, 0xB1, 0x7B, 0x23, 0x8D, 0x5D, 0xFA, 0xF4, 0xC9, 0xB8, 0x50, 0x72, 0xDE, 0xCB, 0x27,
    0xEB, 0x83, 0xA3, 0x0B, 0x01, 0x36, 0x0D, 0x38, 0x2E, 0x0B, 0xCB, 0x35, 0x6A, 0x0C, 0x8B, 0x86,
    0x92, 0x33, 0x83, 0x85, 0x98, 0x5D, 0x12, 0x30, 0x0A, 0x09, 0xAC, 0x42, 0x09, 0x66, 0x33, 0x11,
    0x34, 0x19, 0x93, 0x3C, 0xA3, 0x17, 0xA0, 0x51, 0x4B, 0x52, 0x02, 0xB3, 0x54, 0x82, 0xC0, 0xAF,
    0x04, 0xA1, 0xE9, 0x09, 0xF8, 0x90, 0x44, 0x63, 0x89, 0x72, 0xB4, 0xC2, 0xD0, 0x45, 0xB6, 0x4C,
    0xFB, 0x22, 0xF7, 0x51, 0x6F, 0xD2, 0x8D, 0x0E, 0xBE, 0x18, 0xA1, 0x7A, 0xBF, 0xDC, 0x15, 0x82,
    0x77, 0x57, 0x2C, 0x4B, 0xF7, 0x46, 0xA3, 0xC4, 0x14, 0x6C, 0x8A, 0xD0, 0xA6, 0xBB, 0xD2, 0x95,
    0xBB, 0xD2, 0xA7, 0xBB, 0xA2, 0xC1, 0xBF, 0x4B, 0x6F, 0x97, 0x5E, 0x7D, 0xAD, 0x69, 0xCA, 0xB4,
    0x29, 0x8E, 0x18, 0xE9, 0x02, 0x1C, 0x26, 0xF7, 0x00, 0xD6, 0x62, 0xC6, 0x9E, 0xF0, 0x36, 0x23,
    0x65, 0x94, 0x00, 0x31, 0xDE, 0xC5, 0xA8, 0xC2, 0x16, 0xB2, 0x60, 0xEE, 0x4D, 0x8E, 0x5D, 0x10,
    0xA8, 0xFE, 0x33, 0xF3, 0x12, 0x90, 0x99, 0xF3, 0xED, 0xE6, 0xD4, 0x79, 0x32, 0x9A, 0x06, 0x2D,
    0x5B, 0x1E, 0x25, 0x5B, 0xF9, 0x92, 0xA8, 0x5D, 0xFB, 0xE0, 0xE1, 0x25, 0x45, 0x60, 0xA5, 0x12,
    0xE9, 0x81, 0xE8, 0x8A, 0x04, 0x60, 0x94, 0x8C, 0x25, 0xA3, 0x5A, 0x38, 0x86, 0x7A, 0x91, 0xC2,
    0x1A, 0x14, 0x8D, 0x43, 0x0C, 0x8F, 0xE1, 0x00, 0x9B, 0x8B, 0x66, 0x9A, 0x98, 0x0C, 0xFD, 0x80,
    0xE1, 0x8E, 0x55, 0xB8, 0xA6, 0xC4, 0x16, 0x09, 0xFC, 0x8B, 0x6B, 0x16, 0x10, 0xF7, 0x7A, 0xB5,
    0x94, 0x32, 0x40, 0x8D, 0xE1, 0x69, 0x1D, 0x0B, 0x0C, 0x0F, 0xBE, 0xC4, 0x95, 0x76, 0x27, 0x63,
    0x31, 0x91, 0xF5, 0x56, 0x43, 0x77, 0x4F, 0x92, 0x1A, 0x28, 0x41, 0x0D, 0xD4, 0xB1, 0x35, 0xE8,
    0x95, 0x98, 0xF6, 0x9E, 0x5E, 0x49, 0xF4, 0x0E, 0x54, 0x61, 0x8A, 0x36, 0x1B, 0x16, 0x3B, 0x7D,
    0x42, 0x30, 0x98, 0xCD, 0xD3, 0xF1, 0x08, 0x14, 0x49, 0xA5, 0x49, 0xD3, 0xA4, 0x9F, 0x40, 0x3A,
    0x81, 0x10, 0xCC, 0xE3, 0x0A, 0xCB, 0x82, 0x9B, 0x83, 0xD5, 0xCF, 0xA9, 0x3E, 0x2F, 0x7E, 0x57,
    0xAD, 0xF9, 0x2D, 0x21, 0xEB, 0xEF, 0xCE, 0xC6, 0xA5, 0x87, 0x89, 0xA9, 0xC2, 0x93, 0xBB, 0x9A,
    0xB5, 0x85, 0x80, 0x9B, 0x0C, 0xD7, 0x71, 0xB5, 0x24, 0x80, 0x7A, 0x16, 0xB8, 0xBA, 0x53, 0x3C,
    0x4B, 0x3B, 0x1A, 0xEC, 0x3F, 0x0F, 0x1B, 0x25, 0xDD, 0x45, 0xB0, 0xBF, 0x9A, 0xB7, 0xF6, 0xC2,
    0x3F, 0x3C, 0xE1, 0x62, 0x58, 0x54, 0x83, 0x27, 0x7B, 0x75, 0x2B, 0x4F, 0xB2, 0x2D, 0x87, 0x4D,
    0x42, 0xAE, 0xA7, 0x2D, 0x5D, 0x84, 0x92, 0x2B, 0x6F, 0xAA, 0xDD, 0xB3, 0x25, 0x30, 0x74, 0x81,
    0x97, 0xBB, 0x04, 0x2E, 0x70, 0xBC, 0x66, 0x46, 0x2E, 0xCD, 0x99, 0xB4, 0x96, 0xD6, 0x47, 0xEF,
    0x99, 0xCA, 0xDF, 0xAA, 0xFF, 0x4F, 0x60, 0x53, 0xD1, 0x88, 0x1D, 0x21, 0x6F, 0x46, 0xBB, 0x8C,
    0xF4, 0x3A, 0xD2, 0x2E, 0x26, 0x10, 0xB3, 0xE5, 0x64, 0xCB, 0xBD, 0x2D, 0xF3, 0x0B, 0xCA, 0xFD,
    0xA9, 0x72, 0x3C, 0xD4, 0x11, 0x07, 0x56, 0x49, 0xAF, 0xAC, 0x93, 0xC9, 0xF2, 0x4A, 0x4D, 0x31,
    0xB3, 0x35, 0xC9, 0x7C, 0x6C, 0xD6, 0xE1, 0x76, 0xC6, 0xCD, 0xC1, 0x93, 0x8A, 0xDF, 0x32, 0x40,
    0x31, 0xD0, 0x30, 0xD1, 0x60, 0xDC, 0x0D, 0x0E, 0x11, 0x59, 0xE4, 0x5A, 0xA4, 0x97, 0x16, 0x1B,
    0xA1, 0xCF, 0x99, 0x16, 0x06, 0x27, 0xE6, 0xAB, 0xD6, 0x45, 0x0B, 0x65, 0xF4, 0xAC, 0x96, 0x55,
    0xED, 0x5D, 0x5F, 0x5A, 0x95, 0x25, 0xCE, 0xAB, 0xA8, 0xA1, 0x4E, 0x23, 0x86, 0x77, 0x7C, 0x05,
    0x82, 0x98, 0x7E, 0x9F, 0xE9, 0x47, 0x8E, 0xFD, 0x8E, 0x6E, 0xC4, 0x5E, 0xAF, 0xDE, 0xC4, 0x88,
    0x05, 0xDC, 0x16, 0xF9, 0x41, 0x41, 0x41, 0x1D, 0x74, 0x96, 0x9E, 0xA9, 0xD2, 0xD8, 0x1E, 0x9A,
    0x4F, 0xD1, 0xA7, 0x69, 0x86, 0xBD, 0xF4, 0x1F, 0x6A, 0x43, 0x36, 0x06, 0x5C, 0x48, 0x43, 0x76,
    0x25, 0x56, 0x87, 0x1B, 0xF1, 0x2E, 0xF8, 0x2B, 0x78, 0x55, 0x77, 0x36, 0xC6, 0x5F, 0x35, 0x8D,
    0x55, 0x08, 0xB6, 0x2F, 0x85, 0xE1, 0x49, 0x34, 0x01, 0x7B, 0x38, 0x34, 0xED, 0xC5, 0x27, 0xA8,
    0xDE, 0xFB, 0x00, 0xAC, 0xC1, 0xC4, 0x95, 0xE3, 0x84, 0x18, 0x5E, 0x93, 0x4C, 0xE8, 0xDD, 0x5E,
    0xB4, 0x4F, 0xB1, 0xDA, 0x9D, 0x11, 0x01, 0x75, 0xDF, 0x71, 0x3A, 0xE1, 0x6D, 0xA7, 0xA7, 0xE8,
    0x5C, 0x22, 0x48, 0xA7, 0x67, 0xD2, 0x89, 0xFF, 0x39, 0xC0, 0xD7, 0x88, 0x63, 0xB9, 0xE6, 0x35,
    0xAA, 0x6F, 0x26, 0x8A, 0x49, 0xD4, 0x4C, 0x56, 0xC9, 0x75, 0x4F, 0x45, 0x48, 0x84, 0x3A, 0xC6,
    0xED, 0x17, 0x9E, 0x1E, 0x43, 0x09, 0xDB, 0xB0, 0xA0, 0xE7, 0xF9, 0xE0, 0x46, 0x63, 0xAE, 0xE8,
    0xA6, 0x31, 0x2F, 0x6A, 0x96, 0x0B, 0x00, 0xB9, 0x12, 0x4E, 0x2D, 0xCD, 0x03, 0x2A, 0x49, 0x51,
    0x32, 0xB0, 0x29, 0x3B, 0x34, 0xDF, 0xD6, 0x26, 0x59, 0x44, 0x46, 0x99, 0xE2, 0x3D, 0x5A, 0x6E,
    0x7F, 0x45, 0xAB, 0xED, 0x67, 0xD4, 0xB9, 0xD9, 0x7C, 0x14, 0xC5, 0xF9, 0x68, 0x72, 0x55, 0xB8,
    0x37, 0x1A, 0xA5, 0x8B, 0x08, 0x4F, 0x11, 0x30, 0xAC, 0x07, 0x15, 0xBC, 0x07, 0x1A, 0x44, 0x66,
    0xB4, 0xF4, 0xC4, 0x84, 0xCD, 0x93, 0x36, 0xE5, 0x31, 0x5E, 0x3C, 0x7D, 0xE9, 0x9F, 0xB2, 0x77,
    0xE6, 0x64, 0x82, 0x5D, 0x77, 0xA5, 0xA9, 0xCA, 0xD5, 0x00, 0x52, 0xB9, 0xD4, 0x72, 0xA3, 0x4B,
    0x56, 0xA2, 0x99, 0x34, 0x07, 0x9B, 0x96, 0x8E, 0x69, 0x4A, 0x32, 0x32, 0x1A, 0x15, 0xD7, 0xD2,
    0x7F, 0x0E, 0xCB, 0xE0, 0x6D, 0xBA, 0x40, 0x1B, 0x68, 0x9E, 0x2D, 0xF2, 0x9B, 0x86, 0x48, 0xD9,
    0x40, 0xA9, 0xAB, 0xFA, 0xA1, 0xEC, 0x0F, 0x9D, 0x9D, 0xC9, 0xA0, 0xE8, 0x14, 0xD0, 0xD9, 0x59,
    0xA7, 0x80, 0x3C, 0x1F, 0x7B, 0x8B, 0x79, 0xD8, 0x53, 0x86, 0xE6, 0x14, 0x30, 0x5B, 0xC8, 0xB8,
    0x98, 0xD5, 0xFB, 0xED, 0x48, 0x49, 0x69, 0x95, 0x3D, 0x3B, 0x9C, 0x02, 0xEB, 0x70, 0x70, 0x36,
    0x1F, 0xC9, 0x70, 0x51, 0x3E, 0x12, 0xA6, 0xD9, 0xDB, 0x1D, 0xE4, 0x23, 0xA9, 0x17, 0xA8, 0x9F,
    0xE8, 0xD9, 0xE8, 0x23, 0x86, 0x50, 0x68, 0x3E, 0x92, 0x8C, 0x3E, 0x95, 0x68, 0xCD, 0x5F, 0xF2,
    0x91, 0x90, 0x15, 0xF4, 0x54, 0xBC, 0x9E, 0xBB, 0x7C, 0xD1, 0x40, 0x3E, 0x21, 0x91, 0x66, 0xCB,
    0x20, 0xB9, 0x64, 0x0D, 0x92, 0x6B, 0x43, 0xE4, 0x2C, 0x5B, 0x83, 0xE4, 0xF6, 0x2E, 0x34, 0x8E,
    0xD4, 0x8D, 0x35, 0x7E, 0x06, 0x45, 0xAA, 0xDF, 0x33, 0xB5, 0x14, 0xD3, 0xD0, 0x31, 0x9C, 0xC4,
    0x03, 0x4F, 0xAD, 0x69, 0x0B, 0x2F, 0xC6, 0x95, 0x06, 0x4B, 0xB3, 0x8E, 0x98, 0x1B, 0x81, 0xA5,
    0x72, 0xA7, 0x2F, 0x72, 0x69, 0x5D, 0x3A, 0x83, 0x6D, 0x8A, 0x8C, 0xE8, 0xCA, 0xA5, 0x8C, 0x53,
    0xAC, 0xE1, 0x0A, 0xAD, 0x00, 0x74, 0x63, 0x90, 0xB4, 0x37, 0xB6, 0xAC, 0xDE, 0x13, 0xD9, 0x5C,
    0x26, 0x71, 0x31, 0x4F, 0x07, 0x61, 0x35, 0x6F, 0xAD, 0xEB, 0x67, 0x3C, 0xFD, 0x44, 0x70, 0x33,
    0xD4, 0xD8, 0xBB, 0x72, 0xFE, 0xE7, 0x8D, 0x9A, 0xFC, 0x4A, 0x90, 0xEB, 0x5C, 0xE1, 0xD9, 0xC4,
    0x42, 0x87, 0xB0, 0xB6, 0x02, 0xF7, 0x05, 0x00, 0x31, 0x90, 0xD2, 0x41, 0xE4, 0x37, 0xFB, 0x5C,
    0x3A, 0x13, 0xA3, 0x47, 0xFE, 0xFE, 0x9F, 0x5A, 0x97, 0xB6, 0xF5, 0x34, 0x50, 0xCF, 0x82, 0xCB,
    0xC9, 0x79, 0x71, 0xA5, 0x74, 0x38, 0xBD, 0x05, 0x39, 0x40, 0x4A, 0x50, 0x08, 0x88, 0xBB, 0x93,
    0xB2, 0xDD, 0xD9, 0xB4, 0xB6, 0x98, 0x18, 0x0A, 0x75, 0xA7, 0xC0, 0x85, 0x39, 0x71, 0x4E, 0x05,
    0x79, 0x46, 0x7A, 0x4C, 0x72, 0x94, 0x72, 0xA4, 0x9F, 0xFC, 0xB4, 0x8D, 0x69, 0xA0, 0xFE, 0x89,
    0xB8, 0x9F, 0xEC, 0xD6, 0xE3, 0x20, 0xD0, 0xF3, 0x3A, 0x9B, 0xEA, 0x9D, 0x7D, 0xB6, 0x08, 0x36,
    0x22, 0xD4, 0xFF, 0x8B, 0x3F, 0xAF, 0x3A, 0x81, 0xE2, 0xBA, 0xE0, 0x7C, 0x25, 0xE6, 0x1F, 0xBC,
    0x63, 0xAC, 0x03, 0xB2, 0xD0, 0x7B, 0xE4, 0xD9, 0x43, 0x6E, 0xD1, 0xF3, 0x03, 0x5A, 0x61, 0x6A,
    0x22, 0x57, 0x13, 0x28, 0xFB, 0x1B, 0x23, 0x33, 0xA2, 0x4A, 0xF3, 0xEA, 0xA8, 0x1D, 0x57, 0xDF,
    0xC1, 0x9A, 0x0C, 0x9B, 0x07, 0xA4, 0xC3, 0xED, 0x71, 0xC8, 0xB4, 0xC1, 0xC7, 0xBA, 0x58, 0x25,
    0x68, 0x0B, 0x8E, 0x05, 0x89, 0xBA, 0xA5, 0x86, 0xF3, 0xBC, 0x04, 0x8F, 0xAC, 0x4E, 0x30, 0xAE,
    0x68, 0xB6, 0x7C, 0xB8, 0x65, 0xCB, 0xA9, 0x3F, 0xC2, 0x16, 0x9E, 0x11, 0xF9, 0xF2, 0xDE, 0x2B,
    0x5B, 0x5D, 0x62, 0x95, 0x4B, 0x66, 0x6E, 0x13, 0xAA, 0xA8, 0x0B, 0x0A, 0x9D, 0x06, 0x5E, 0xF7,
    0x11, 0xE5, 0x78, 0x57, 0x3A, 0x7F, 0x2C, 0x46, 0x6D, 0x04, 0x58, 0xDD, 0x65, 0xD0, 0xFF, 0x91,
    0xA8, 0xC7, 0x12, 0xA6, 0x4D, 0x91, 0xCC, 0x58, 0xF4, 0x1D, 0x3E, 0x50, 0x24, 0x69, 0xAF, 0xB4,
    0x37, 0x72, 0xEF, 0xCB, 0xE0, 0xA1, 0xBD, 0x92, 0x6D, 0xAA, 0x8B, 0x0B, 0x83, 0x83, 0x9E, 0xDF,
    0x6C, 0x54, 0x17, 0xCF, 0x86, 0xE5, 0xE2, 0xAD, 0xEF, 0x17, 0xD5, 0x0E, 0x05, 0x39, 0x12, 0x9C,
    0x4F, 0x4F, 0x38, 0x29, 0x91, 0x4E, 0x8A, 0x6F, 0x7D, 0x74, 0x5E, 0x53, 0x5E, 0xD4, 0x7A, 0x16,
    0x5D, 0x52, 0x3C, 0xF3, 0xBC, 0xC5, 0x9B, 0x79, 0x0B, 0x39, 0x6F, 0x81, 0xCE, 0x9B, 0xF6, 0x24,
    0x51, 0x9A, 0xF2, 0x04, 0x32, 0x68, 0x2E, 0xCC, 0x70, 0x2E, 0x67, 0xFF, 0xC6, 0xC5, 0x65, 0x3D,
    0xF6, 0xAD, 0x61, 0x79, 0xEF, 0x12, 0x40, 0xA7, 0x73, 0xBD, 0xBA, 0x8D, 0x6C, 0x7E, 0x7E, 0x6F,
    0x73, 0x94, 0x9A, 0x5E, 0xE7, 0x60, 0x50, 0xA7, 0x9E, 0xBD, 0xD2, 0xE4, 0x54, 0xFB, 0x71, 0x6A,
    0x12, 0x94, 0x67, 0xBB, 0x95, 0xBC, 0x25, 0xD7, 0xCC, 0xE2, 0x39, 0x2F, 0x59, 0x3C, 0x35, 0x93,
    0x22, 0x2E, 0xB9, 0x43, 0xC2, 0xB7, 0xEA, 0x41, 0x19, 0x27, 0xC2, 0xA4, 0x87, 0x30, 0xF8, 0x9D,
    0x0B, 0x56, 0x96, 0x86, 0xEB, 0x07, 0x01, 0x2E, 0xF0, 0x43, 0xDC, 0x61, 0x01, 0xEF, 0x64, 0xFD,
    0x5E, 0x1E, 0x34, 0x48, 0x51, 0x9F, 0xDD, 0x52, 0x8A, 0x88, 0x07, 0xF2, 0x40, 0x14, 0x92, 0x0B,
    0x81, 0x6B, 0x5D, 0x54, 0xB6, 0xFD, 0xCA, 0x83, 0x82, 0x56, 0xFE, 0xA4, 0x5B, 0xD3, 0xDB, 0x6B,
    0x61, 0x33, 0xDA, 0x1F, 0x16, 0x36, 0xBB, 0xBD, 0xCD, 0x64, 0x7F, 0x58, 0xD8, 0x50, 0x09, 0x57,
    0xB4, 0xDB, 0x62, 0x77, 0x50, 0x68, 0x3A, 0x51, 0x9B, 0x4F, 0xD4, 0x26, 0x14, 0xB5, 0x19, 0x45,
    0x6D, 0x4A, 0x51, 0x9B, 0xBF, 0xDE, 0x66, 0xAF, 0xD7, 0xDC, 0xF5, 0x8D, 0x66, 0xAE, 0xAF, 0xB7,
    0xC4, 0xC6, 0xF9, 0x9D, 0x65, 0x5B, 0xC3, 0x4C, 0xB9, 0xD8, 0xC7, 0x35, 0xA2, 0xD5, 0xC2, 0x2A,
    0x5A, 0x61, 0xB1, 0x42, 0x0D, 0x69, 0x4D, 0xCC, 0x0A, 0x35, 0x81, 0x35, 0x33, 0xAB, 0x68, 0x34,
    0xAB, 0x06, 0xB3, 0x32, 0x96, 0xD5, 0x30, 0x94, 0xD5, 0x30, 0x92, 0xD5, 0x4C, 0xD6, 0xA6, 0xA1,
    0x6E, 0x3A, 0x4E, 0xCB, 0xB1, 0x21, 0x0B, 0xBE, 0x65, 0x88, 0xCD, 0xED, 0xE5, 0x18, 0x55, 0xFF,
    0x43, 0xDF, 0x85, 0x57, 0xBE, 0x0A, 0x55, 0x82, 0x66, 0x2C, 0x38, 0x31, 0x37, 0x92, 0xC5, 0xE5,
    0x00, 0xA3, 0xC4, 0xE8, 0x12, 0x4B, 0xE3, 0xF1, 0xF8, 0xA2, 0x69, 0x6C, 0xFB, 0xD5, 0x8D, 0x50,
    0x29, 0xAF, 0x92, 0x9D, 0x03, 0x07, 0x8C, 0xE2, 0x86, 0x35, 0xB6, 0x58, 0x81, 0x1B, 0xB6, 0x90,
    0xCE, 0x14, 0xD9, 0xA9, 0x68, 0xD6, 0x6B, 0xA5, 0x4A, 0x24, 0x20, 0xCF, 0x4C, 0x96, 0x99, 0x1C,
    0x73, 0xB8, 0x61, 0x0B, 0xAF, 0x90, 0x25, 0x31, 0x98, 0x17, 0x70, 0x89, 0x44, 0x75, 0x59, 0x76,
    0x10, 0x30, 0xC6, 0xE0, 0x8B, 0xC9, 0x34, 0x92, 0x2B, 0x3E, 0x95, 0x19, 0xC4, 0x9F, 0xED, 0xD1,
    0x99, 0xB3, 0x47, 0x6B, 0x6C, 0x5A, 0x60, 0x63, 0xF3, 0x02, 0x1B, 0x9B, 0x18, 0xD8, 0xD8, 0xCC,
    0xC0, 0xF4, 0x9A, 0xC1, 0xB4, 0xA1, 0x8F, 0x70, 0x48, 0x63, 0x72, 0xE0, 0x4F, 0x98, 0x1A, 0xC4,
    0x24, 0xBF, 0xAC, 0x90, 0xFB, 0xD3, 0xA4, 0x7F, 0x2D, 0xA5, 0x4C, 0x44, 0x09, 0x25, 0x04, 0xA4,
    0x70, 0x94, 0xD8, 0xF1, 0x50, 0xEE, 0x44, 0x0C, 0x47, 0x29, 0x51, 0x51, 0x0D, 0x95, 0x14, 0x83,
    0x0D, 0xF7, 0xDA, 0xA7, 0x85, 0xC6, 0x47, 0xE4, 0xAA, 0xBC, 0x48, 0x46, 0xAB, 0xC4, 0x18, 0x5C,
    0x14, 0x84, 0x96, 0xE2, 0x73, 0xCA, 0x52, 0x59, 0x03, 0x2D, 0xE7, 0xCC, 0x96, 0xAB, 0x83, 0xBD,
    0x59, 0x58, 0xDE, 0x55, 0x19, 0xEB, 0x3C, 0xAC, 0x82, 0x6E, 0xF1, 0x97, 0x66, 0xFE, 0x25, 0xC3,
    0x04, 0x4C, 0x86, 0x19, 0x98, 0x0C, 0x53, 0x30, 0x19, 0xE6, 0x60, 0x32, 0xE2, 0xED, 0xFF, 0x70,
    0x40, 0x52, 0x25, 0xFC, 0x21, 0x0D, 0x93, 0xB8, 0xA3, 0xBE, 0x29, 0xAE, 0x38, 0x4C, 0xC4, 0x24,
    0x31, 0xD3, 0x9F, 0x20, 0xC9, 0x71, 0x80, 0xA7, 0x0F, 0xB2, 0x11, 0x0C, 0xCB, 0xEF, 0x77, 0x08,
    0xE1, 0x4D, 0x34, 0x2C, 0x3E, 0x45, 0x81, 0x95, 0x6E, 0x36, 0xBC, 0xA0, 0x35, 0x30, 0x2A, 0xC2,
    0x5D, 0xC8, 0xA0, 0xDC, 0xC9, 0xFE, 0x88, 0xB7, 0x24, 0xCB, 0x57, 0x00, 0x04, 0xCA, 0x83, 0x95,
    0xCD, 0x66, 0x1F, 0x7E, 0xA1, 0xBE, 0x44, 0x20, 0xAC, 0x12, 0x9A, 0x9E, 0xC3, 0x06, 0xCE, 0xED,
    0xC3, 0x41, 0x57, 0x6F, 0x24, 0xB1, 0x5D, 0x58, 0xFD, 0xB9, 0x8E, 0x02, 0x8F, 0x6E, 0x00, 0xC3,
    0x2A, 0x39, 0xC3, 0x9B, 0xBC, 0x50, 0x73, 0xB2, 0xAB, 0xEE, 0xC1, 0x20, 0xC7, 0x03, 0xF5, 0x1B,
    0x9D, 0x0F, 0xF5, 0xCA, 0xE8, 0x2C, 0xAF, 0xD8, 0x2D, 0x48, 0x67, 0xFC, 0xCF, 0xAC, 0xC0, 0xF3,
    0xA9, 0x96, 0xE1, 0x2F, 0xAC, 0xC6, 0xFE, 0x7D, 0x2D, 0x93, 0xEF, 0x2A, 0xB3, 0x9E, 0x5A, 0xA6,
    0xFD, 0xD8, 0x73, 0x1B, 0xA4, 0x4B, 0x0B, 0xAC, 0xA9, 0x48, 0x5A, 0x2D, 0x35, 0x93, 0xA8, 0x33,
    0xFE, 0xF1, 0xA9, 0xD3, 0x36, 0xCA, 0x64, 0xB4, 0xDE, 0x3B, 0x6A, 0x9A, 0xB5, 0x1E, 0xCD, 0x4A,
    0x7B, 0x52, 0x4B, 0xD0, 0x6D, 0x32, 0x14, 0xDC, 0xDA, 0x51, 0xF3, 0x2C, 0xA5, 0x07, 0x3D, 0x37,
    0xBE, 0xBD, 0x68, 0x84, 0x7B, 0xA0, 0xA4, 0x8A, 0xD9, 0xCB, 0x52, 0xFD, 0x36, 0x52, 0x35, 0x3D,
    0xD0, 0x10, 0x15, 0x8D, 0xC6, 0xA1, 0x9F, 0x82, 0xCC, 0x4A, 0x62, 0xAC, 0xB8, 0xA0, 0xC1, 0xAA,
    0x26, 0x39, 0xE1, 0xB2, 0xCA, 0x75, 0x75, 0x29, 0xFB, 0x6B, 0x06, 0x17, 0xCC, 0x9D, 0x20, 0x45,
    0x65, 0xF9, 0xC6, 0x58, 0x66, 0x92, 0xD0, 0x70, 0x16, 0x7F, 0x58, 0x24, 0xC7, 0x2F, 0xEE, 0x08,
    0xAB, 0xE2, 0x17, 0x5F, 0x11, 0xDB, 0x5C, 0x9C, 0x21, 0x4A, 0xC0, 0xA7, 0x93, 0x6F, 0xF7, 0x85,
    0x7C, 0xD3, 0x96, 0x2F, 0xC8, 0xE0, 0xCB, 0x22, 0xF1, 0xA0, 0x4D, 0xA3, 0xBC, 0xD3, 0xDF, 0x6C,
    0xDE, 0x9A, 0xD7, 0x40, 0xA6, 0x7D, 0x7D, 0x63, 0x54, 0xA2, 0xA6, 0x27, 0xA6, 0x84, 0xBA, 0x0E,
    0x51, 0x17, 0x2F, 0xD9, 0xE8, 0x19, 0xC7, 0x8A, 0xA9, 0x09, 0x42, 0x1D, 0x1C, 0xAD, 0xB0, 0x65,
    0x61, 0xCE, 0xA0, 0x4F, 0x06, 0xC3, 0x55, 0x7B, 0x9E, 0x2D, 0x17, 0x57, 0x77, 0xF5, 0x7C, 0xD7,
    0xD8, 0x82, 0xD2, 0x26, 0xD3, 0x10, 0x69, 0x43, 0x1C, 0x48, 0x24, 0xC3, 0xA4, 0x0D, 0x3B, 0x84,
    0x7C, 0x03, 0x67, 0x10, 0x24, 0xA3, 0x96, 0x17, 0x26, 0x52, 0x6C, 0x5E, 0x7D, 0x5D, 0x37, 0x3A,
    0xE7, 0x0A, 0xC8, 0x04, 0x47, 0xA5, 0xF2, 0x51, 0x48, 0x5E, 0x37, 0x3C, 0x16, 0xE4, 0x39, 0x82,
    0x5B, 0xA5, 0x20, 0x4D, 0x54, 0x33, 0x60, 0xC3, 0xA0, 0xEF, 0xF2, 0xD2, 0x7F, 0x6E, 0xAC, 0x0B,
    0x84, 0x55, 0x3E, 0x24, 0xDB, 0x70, 0x1F, 0xA3, 0x89, 0xC8, 0x5E, 0xAC, 0x71, 0xB7, 0xB1, 0xAC,
    0x20, 0xF9, 0x16, 0x37, 0x39, 0x50, 0x5F, 0x3C, 0x8D, 0x6F, 0x62, 0x3E, 0x36, 0xE2, 0xEA, 0xE4,
    0x36, 0xB4, 0xA5, 0xB2, 0x9C, 0x3A, 0x4D, 0x12, 0x7F, 0x6F, 0xE5, 0xD6, 0xB7, 0xD4, 0x45, 0x7B,
    0xD2, 0x2E, 0xD8, 0xE2, 0xAD, 0xA0, 0x7E, 0x41, 0x04, 0x56, 0x79, 0x23, 0xCC, 0xD4, 0xD0, 0x59,
    0xC0, 0x7F, 0xD7, 0x9F, 0x5B, 0xFA, 0x6A, 0x90, 0x8B, 0xF6, 0xA4, 0x9B, 0x48, 0x0B, 0x0A, 0x2C,
    0xA8, 0x1D, 0x2A, 0x60, 0xE6, 0x98, 0xD5, 0x61, 0xF3, 0x65, 0x5B, 0x99, 0xD5, 0xBF, 0x31, 0x82,
    0x31, 0x5A, 0xF3, 0xFC, 0xDD, 0x21, 0xCF, 0x99, 0x2E, 0x11, 0x1F, 0xE7, 0x31, 0xCB, 0x51, 0xFD,
    0x65, 0x1B, 0xAA, 0x29, 0x69, 0xF0, 0xE1, 0x3B, 0x47, 0x2F, 0x3A, 0x6A, 0xCF, 0xE4, 0x3D, 0x35,
    0xB1, 0x86, 0x0D, 0x57, 0x6A, 0x89, 0xB5, 0xDF, 0xBF, 0x11, 0xB6, 0x76, 0xE3, 0xB1, 0x12, 0x07,
    0xFD, 0xB5, 0xEE, 0xD7, 0x66, 0x59, 0x80, 0x7E, 0xBF, 0x39, 0x28, 0x3A, 0xBD, 0x0C, 0xE6, 0x42,
    0x16, 0x69, 0xC2, 0x31, 0x31, 0x14, 0xBD, 0xB3, 0xE0, 0xD6, 0xBF, 0x82, 0x0B, 0xE1, 0x58, 0x1A,
    0x92, 0x65, 0x6E, 0x36, 0xAB, 0x10, 0xBF, 0xEA, 0x0F, 0xF1, 0x9C, 0x0A, 0xD6, 0x6F, 0xFE, 0xBB,
    0xCD, 0xD1, 0xFA, 0x12, 0xEB, 0xB3, 0xEB, 0xD2, 0x02, 0xC7, 0x96, 0x94, 0xDE, 0xC8, 0x88, 0xBD,
    0x36, 0xA4, 0x6F, 0x95, 0xAA, 0x51, 0x01, 0xF5, 0x93, 0x83, 0x9F, 0x17, 0xEB, 0xEB, 0x40, 0x4C,
    0x17, 0x82, 0x94, 0xC7, 0xB5, 0x02, 0x31, 0x32, 0x1C, 0xF4, 0xF7, 0x79, 0x24, 0x6F, 0xFD, 0x9D,
    0x09, 0xAE, 0x5F, 0x07, 0xB9, 0xFA, 0x05, 0x9C, 0x1E, 0xE4, 0x92, 0x28, 0xF4, 0xF4, 0x20, 0x3D,
    0xE1, 0xCD, 0x9E, 0x0D, 0x17, 0xBE, 0xF8, 0x89, 0xB8, 0x1E, 0x2E, 0xDC, 0xC8, 0x34, 0x29, 0x55,
    0x28, 0x69, 0x32, 0x50, 0x78, 0x48, 0x27, 0xCC, 0x8B, 0x97, 0x89, 0x7E, 0x57, 0x1D, 0xAD, 0x9B,
    0x5D, 0x7D, 0xB4, 0xD9, 0xEC, 0x9E, 0x3D, 0x67, 0xA6, 0xF3, 0x9B, 0x9C, 0x87, 0x53, 0x88, 0xF2,
    0xA2, 0x7D, 0xAB, 0x8B, 0xFD, 0x0E, 0xAA, 0x33, 0xDC, 0xE1, 0x6D, 0x24, 0x18, 0x8E, 0x99, 0x82,
    0x25, 0xAD, 0xA6, 0x05, 0xEA, 0x27, 0x2F, 0xF2, 0xFC, 0x91, 0xA3, 0x9C, 0xB0, 0x2A, 0x09, 0x0E,
    0x19, 0xCC, 0xDB, 0xC9, 0xD2, 0xCC, 0x8B, 0x8E, 0x79, 0x41, 0x8F, 0xD6, 0x82, 0xF6, 0x01, 0xDD,
    0x4D, 0xBB, 0x17, 0x7C, 0x2A, 0x4D, 0xCF, 0xD8, 0x7C, 0xD8, 0x4E, 0xDE, 0x03, 0x95, 0xFB, 0x91,
    0xDC, 0xFE, 0x8D, 0x28, 0xBB, 0xE5, 0xF9, 0x7C, 0xCB, 0xC3, 0xBB, 0xA5, 0x4B, 0x35, 0x00, 0xFF,
    0xDD, 0x76, 0xE8, 0x56, 0xBE, 0x3A, 0x07, 0xE4, 0xEA, 0x3C, 0xD2, 0x75, 0x13, 0x79, 0xA2, 0x9F,
    0x57, 0x00, 0x1A, 0x48, 0xE1, 0x7C, 0x51, 0x3E, 0xE3, 0xFE, 0x9A, 0x09, 0x65, 0xA1, 0xD6, 0xEF,
    0x10, 0x31, 0x77, 0xF0, 0x07, 0x12, 0x8D, 0x20, 0x4C, 0x83, 0x6F, 0x9D, 0x83, 0x19, 0x1B, 0x50,
    0x3F, 0x39, 0x64, 0x59, 0x5F, 0xA8, 0x6F, 0x86, 0x31, 0x09, 0x22, 0xFF, 0xD2, 0x1F, 0x0E, 0x16,
    0xF0, 0xDF, 0x83, 0xB4, 0x25, 0x37, 0x9E, 0x5A, 0xFA, 0x29, 0xA3, 0xF8, 0x4A, 0xDB, 0xEB, 0x6B,
    0x47, 0xF1, 0x4D, 0x0E, 0xA8, 0xE9, 0xED, 0x68, 0xA1, 0x05, 0x8C, 0xE8, 0x18, 0x6C, 0xD6, 0x9C,
    0x67, 0x8A, 0xF1, 0xC3, 0xB7, 0x28, 0x3A, 0x43, 0x09, 0x8F, 0x86, 0x82, 0x28, 0x6C, 0x13, 0xF0,
    0xCD, 0xBD, 0xBE, 0x63, 0x1E, 0x55, 0xF5, 0xBB, 0x73, 0xBE, 0x28, 0x6C, 0xEB, 0x98, 0x37, 0x5C,
    0xE4, 0x98, 0x57, 0x6F, 0xBE, 0x28, 0x6C, 0xEB, 0x98, 0x57, 0x32, 0x33, 0x51, 0xDA, 0x3B, 0x37,
    0x04, 0x07, 0xBD, 0x6E, 0x31, 0x79, 0xA9, 0x0F, 0xA4, 0x37, 0x17, 0x57, 0x77, 0xCC, 0x3B, 0xCC,
    0x5E, 0x7F, 0xCA, 0x31, 0xAF, 0xB2, 0x8E, 0x79, 0x50, 0x6A, 0x6B, 0xE2, 0x8E, 0x43, 0xC0, 0x64,
    0xD9, 0x90, 0x1B, 0x65, 0x9E, 0xC0, 0xF1, 0xE4, 0x59, 0xEA, 0xB6, 0x03, 0xD5, 0xBC, 0x40, 0xA3,
    0xE1, 0x74, 0x31, 0x09, 0x65, 0x7E, 0xFD, 0x9A, 0x79, 0x26, 0x64, 0xFC, 0x80, 0x14, 0xF5, 0xD3,
    0xCE, 0x7D, 0x7B, 0x9A, 0xA6, 0xE3, 0x53, 0x68, 0xBF, 0x4F, 0x2D, 0x62, 0xF2, 0xBD, 0xF8, 0x5D,
    0xD5, 0xD4, 0xCD, 0xCC, 0xA0, 0x21, 0xD3, 0x84, 0x18, 0x9C, 0xDA, 0x46, 0xC5, 0xE8, 0xA6, 0xA3,
    0xEE, 0x8C, 0x98, 0xC1, 0x99, 0xDB, 0x53, 0x5E, 0x30, 0x93, 0x67, 0xA4, 0x29, 0x14, 0x91, 0x58,
    0x99, 0x6E, 0x08, 0x13, 0xD5, 0xC6, 0xD4, 0xAB, 0xCF, 0x36, 0xEB, 0x87, 0xA6, 0xFE, 0xA0, 0xBD,
    0x27, 0xC5, 0x18, 0xF6, 0xB4, 0x03, 0xA3, 0xD5, 0x0E, 0x99, 0xAF, 0x11, 0x3F, 0x4D, 0x1F, 0x5D,
    0x28, 0x3D, 0xB2, 0xFF, 0x07, 0xD5, 0x5B, 0xBD, 0x92, 0xDC, 0xC6, 0x11, 0x6E, 0x00, 0xE4, 0xA1,
    0x74, 0x08, 0x40, 0x39, 0xA2, 0x19, 0x18, 0x0E, 0x69, 0x56, 0x89, 0x48, 0x1D, 0x90, 0x07, 0xB0,
    0x54, 0x65, 0x05, 0x0E, 0x58, 0xD6, 0x13, 0x38, 0xB4, 0x94, 0x48, 0x81, 0x03, 0x07, 0x77, 0x02,
    0x54, 0x0E, 0x95, 0xDC, 0x1B, 0x98, 0x8F, 0xE0, 0x50, 0xC1, 0x1D, 0x01, 0x49, 0x55, 0x76, 0x0A,
    0xD9, 0x2F, 0x00, 0x4B, 0xAC, 0x52, 0x0A, 0xD1, 0x28, 0x09, 0x52, 0x61, 0x31, 0xEE, 0xAF, 0x7B,
    0x80, 0xC5, 0x9E, 0x8E, 0x3C, 0x9E, 0x75, 0x38, 0xEE, 0xEE, 0x15, 0x7A, 0x77, 0xB1, 0x98, 0x99,
    0xEE, 0x6F, 0x7A, 0xBA, 0xBF, 0xF9, 0x39, 0xA2, 0xA4, 0x24, 0x7E, 0x25, 0x15, 0x64, 0xD1, 0x40,
    0x1A, 0x48, 0x67, 0xE8, 0x58, 0xBA, 0x5D, 0xCF, 0xD2, 0x6B, 0x56, 0x2C, 0x83, 0x26, 0x63, 0x19,
    0x56, 0x09, 0xCB, 0xA8, 0x8C, 0x73, 0xA2, 0x38, 0x0F, 0xB9, 0x70, 0xC2, 0xF7, 0xB8, 0x28, 0xFF,
    0x4E, 0xB4, 0xE2, 0x67, 0x89, 0x7A, 0x2E, 0x47, 0xAE, 0x31, 0xA6, 0x27, 0x8F, 0xE5, 0x8A, 0x7C,
    0xBE, 0x99, 0xC9, 0x63, 0xFC, 0x30, 0x8A, 0xE4, 0x28, 0x1E, 0x95, 0x49, 0x8A, 0x0A, 0x33, 0xA9,
    0x7C, 0x90, 0x86, 0x68, 0xE3, 0x15, 0xA6, 0xA2, 0x5B, 0xB9, 0x96, 0xB8, 0xE3, 0x14, 0x2D, 0x85,
    0x66, 0xA0, 0xE4, 0x38, 0x4B, 0x6F, 0x4B, 0x7D, 0x72, 0x71, 0xED, 0x41, 0x45, 0x1F, 0x98, 0xCA,
    0x37, 0xA6, 0x4A, 0x7E, 0x08, 0x2A, 0x56, 0xA9, 0xEA, 0xE5, 0x0A, 0xF9, 0x8A, 0xAB, 0xE2, 0x11,
    0xDF, 0x37, 0xDF, 0x54, 0xC1, 0xE0, 0x55, 0x53, 0x13, 0x51, 0xAA, 0x55, 0xE3, 0xC2, 0x67, 0xCA,
    0xAA, 0x09, 0x03, 0x7A, 0x53, 0xA4, 0x5B, 0x43, 0x06, 0xA2, 0xCB, 0xDE, 0x4C, 0xBB, 0x2D, 0x43,
    0x2E, 0x2B, 0x55, 0x81, 0x5F, 0x34, 0xAA, 0x72, 0xC8, 0x0F, 0x86, 0xFC, 0xD3, 0x1B, 0x57, 0x87,
    0x58, 0x92, 0x43, 0xA2, 0xBD, 0xF8, 0xF3, 0x16, 0x58, 0x3D, 0xE7, 0xDB, 0x4E, 0x0B, 0x4B, 0xFD,
    0xFA, 0x23, 0x96, 0xFB, 0xE9, 0x1D, 0x3A, 0xF3, 0xDA, 0x3A, 0xFF, 0xBA, 0x03, 0x23, 0x70, 0xCF,
    0xE1, 0xB6, 0x93, 0x2F, 0x1A, 0xA8, 0x95, 0x92, 0xF3, 0x03, 0xEB, 0xE3, 0xD5, 0x47, 0x6C, 0x43,
    0xBE, 0x61, 0x03, 0xB0, 0x13, 0xF0, 0x04, 0x3D, 0x52, 0xF8, 0xAC, 0x80, 0x51, 0x8C, 0x20, 0x20,
    0x24, 0x60, 0x48, 0x00, 0x11, 0xAA, 0x56, 0xD4, 0xAB, 0x08, 0x21, 0x62, 0xBE, 0xF7, 0x08, 0xBF,
    0x32, 0x94, 0x24, 0x58, 0x46, 0x02, 0x8A, 0xAF, 0xEE, 0xDE, 0xC7, 0xF8, 0xF6, 0x20, 0x13, 0x58,
    0x76, 0x09, 0xCC, 0xF7, 0x26, 0x9F, 0x10, 0x24, 0xDC, 0xC6, 0xB0, 0x7C, 0xD7, 0x70, 0x19, 0xFF,
    0x1B, 0x38, 0xE0, 0xC7, 0x8C, 0xDC, 0x3D, 0xFA, 0xD3, 0xDC, 0x80, 0x3D, 0x83, 0x7A, 0x0D, 0xAB,
    0x3B, 0x3C, 0x62, 0x3D, 0xFF, 0x48, 0x89, 0xD4, 0x21, 0x02, 0x03, 0x2C, 0xE6, 0x9E, 0x28, 0x4C,
    0x4A, 0x91, 0x61, 0x51, 0x3C, 0x8B, 0x53, 0x97, 0xE1, 0x4B, 0x59, 0x4F, 0x11, 0x09, 0x44, 0x91,
    0xBA, 0x2B, 0x9F, 0x7F, 0x35, 0xE6, 0x6F, 0x29, 0xC5, 0x9D, 0xC4, 0x88, 0x40, 0xB0, 0x08, 0x61,
    0x3F, 0xDD, 0x78, 0x20, 0x2D, 0xFD, 0x56, 0xBC, 0x14, 0xF7, 0x8B, 0xE7, 0xF9, 0x1A, 0xD8, 0x03,
    0x01, 0x76, 0x7F, 0x7B, 0xFD, 0x13, 0xD5, 0x84, 0x9D, 0x35, 0xE3, 0x2F, 0x94, 0xB0, 0x09, 0xC5,
    0xF3, 0xD2, 0xE9, 0x3A, 0xF1, 0xCE, 0xB9, 0x73, 0x5E, 0xC9, 0xA8, 0x76, 0x3B, 0x9F, 0x55, 0x09,
    0xCC, 0x63, 0xA8, 0xF2, 0x7B, 0x74, 0x60, 0xE8, 0xF4, 0x6B, 0x74, 0xC4, 0x35, 0x15, 0x97, 0x17,
    0xBA, 0xE6, 0x76, 0x21, 0xE8, 0x76, 0x41, 0xEA, 0x9B, 0x90, 0xC2, 0x4F, 0xCC, 0xDA, 0x14, 0xA8,
    0xC8, 0xAA, 0x61, 0x90, 0x2F, 0x82, 0x22, 0x03, 0x22, 0xCD, 0x48, 0xA6, 0x18, 0x5A, 0x51, 0xE4,
    0x04, 0x4A, 0x95, 0xC9, 0xD6, 0xC7, 0xC3, 0x0B, 0xF3, 0xED, 0xCB, 0xD0, 0xA3, 0x11, 0xBD, 0x2A,
    0x4B, 0xEF, 0x4B, 0x58, 0x9B, 0xA1, 0x67, 0x11, 0x0C, 0x80, 0xE0, 0xB3, 0xA0, 0x7A, 0x3A, 0x21,
    0x18, 0x55, 0x85, 0xF3, 0x2A, 0xB9, 0x98, 0x62, 0x01, 0xB4, 0x48, 0x6D, 0xB4, 0xB6, 0x1A, 0xEF,
    0x87, 0xFF, 0x80, 0x6A, 0xA2, 0x9C, 0xE2, 0xE3, 0x99, 0x95, 0x55, 0x66, 0x6B, 0x71, 0xBE, 0xA7,
    0x99, 0x93, 0xE3, 0x99, 0x7C, 0xE5, 0xC7, 0xC3, 0x9B, 0x61, 0x8A, 0x66, 0x7D, 0x24, 0x17, 0xD3,
    0xD2, 0xD9, 0xAC, 0xF3, 0xB3, 0xBD, 0xD2, 0x76, 0xA1, 0x92, 0x98, 0x4E, 0xEA, 0x7D, 0x0A, 0xB1,
    0x1F, 0xFD, 0x6E, 0xD7, 0xF0, 0xDB, 0x3F, 0xE6, 0xD0, 0xD3, 0x5A, 0x2F, 0x40, 0x04, 0x8A, 0x69,
    0x79, 0xFC, 0x36, 0xB8, 0xE0, 0x1F, 0x44, 0xFA, 0xB8, 0x73, 0x33, 0x74, 0x66, 0xF8, 0xC5, 0x82,
    0xDF, 0xB0, 0xE5, 0xFE, 0x37, 0x67, 0x87, 0x0E, 0x8F, 0xAA, 0x40, 0xD9, 0xE1, 0xE2, 0x18, 0xBE,
    0x3C, 0xBF, 0xEC, 0x0B, 0xA1, 0x1E, 0x91, 0xCC, 0x76, 0xC1, 0x13, 0x91, 0x5F, 0x82, 0x33, 0xF9,
    0x05, 0x06, 0x2C, 0x8A, 0xA2, 0x32, 0x96, 0xB0, 0x84, 0xAF, 0x05, 0xB5, 0xE2, 0x24, 0x4D, 0x17,
    0xF5, 0xEE, 0xE7, 0x97, 0xA0, 0xBC, 0xCF, 0xE3, 0xEA, 0x48, 0x4D, 0x3A, 0x63, 0xD0, 0x92, 0x73,
    0x3D, 0x36, 0xA5, 0xC3, 0x05, 0x30, 0x2E, 0xBA, 0xF8, 0xB9, 0x1C, 0xD7, 0x2B, 0x3E, 0x2B, 0xF5,
    0x4E, 0xED, 0xFA, 0xA5, 0x46, 0x61, 0x5C, 0xF8, 0x1C, 0x0B, 0x9A, 0x79, 0xD8, 0x46, 0x75, 0x5C,
    0xBA, 0x0D, 0x77, 0x40, 0xC7, 0x98, 0xF5, 0x1C, 0x9B, 0x4F, 0x0A, 0x06, 0x19, 0xD7, 0xA9, 0x8D,
    0xD5, 0x89, 0xBD, 0x38, 0xB3, 0xFE, 0x3A, 0x68, 0xFD, 0x9E, 0xCB, 0x31, 0x17, 0x1E, 0xD2, 0xA9,
    0x6E, 0xAF, 0x56, 0xCA, 0x88, 0x0B, 0x9F, 0x91, 0x31, 0x31, 0x78, 0x6E, 0xB5, 0x20, 0xE4, 0xDC,
    0x1E, 0x77, 0x8C, 0xAB, 0x8F, 0x2E, 0x6E, 0x2F, 0xEC, 0x8B, 0xB9, 0x0F, 0x6F, 0x1C, 0xF2, 0xDD,
    0x43, 0x6D, 0xDF, 0x65, 0x7B, 0x9D, 0xFC, 0x4A, 0x6C, 0x76, 0x7A, 0xAF, 0xF4, 0xCC, 0x27, 0x65,
    0xF0, 0x4F, 0x93, 0x06, 0x9A, 0xC9, 0xAE, 0xC7, 0xAE, 0xEC, 0xAF, 0x25, 0x7F, 0x29, 0xDD, 0xFF,
    0x18, 0xFA, 0xC9, 0xEB, 0x6A, 0xFA, 0x52, 0x68, 0x36, 0x97, 0x0B, 0xBF, 0xC4, 0x9C, 0xB4, 0xE1,
    0x3E, 0xEC, 0x85, 0x27, 0xF0, 0xE3, 0x7B, 0xF9, 0x7E, 0x3A, 0x6B, 0x4F, 0x14, 0x12, 0x21, 0x71,
    0xF2, 0x55, 0x05, 0x6C, 0x56, 0x71, 0xD9, 0x62, 0xB6, 0x35, 0xCC, 0xDD, 0x9E, 0x40, 0xF9, 0x4A,
    0xAD, 0x08, 0xC0, 0x6F, 0xA3, 0xFE, 0x16, 0xD1, 0x01, 0x6C, 0xEA, 0x79, 0xB5, 0xC1, 0x79, 0xE2,
    0xE6, 0x67, 0xA0, 0x11, 0x6C, 0x08, 0xE0, 0x10, 0xD0, 0x41, 0xC1, 0x0E, 0x76, 0xF6, 0x00, 0xE4,
    0x84, 0x80, 0x8E, 0x8A, 0xD3, 0x89, 0x9C, 0xAC, 0x27, 0x84, 0xC0, 0x89, 0x00, 0x14, 0x09, 0x52,
    0x02, 0xD5, 0x7A, 0xB6, 0xE9, 0xB5, 0x88, 0x36, 0x7F, 0xC7, 0x6C, 0xD3, 0xFB, 0xAF, 0x10, 0x2A,
    0x46, 0xEC, 0x0E, 0xFD, 0x66, 0xA6, 0x00, 0x82, 0x55, 0xAD, 0x42, 0x28, 0xF9, 0xAB, 0x0A, 0xC3,
    0x01, 0x47, 0xC5, 0x25, 0x8B, 0xD9, 0xD6, 0xDE, 0x9F, 0xE2, 0x5B, 0x50, 0xCB, 0xBC, 0xB8, 0x00,
    0x7F, 0x10, 0x4D, 0xBF, 0x16, 0x4D, 0x3B, 0x68, 0x7A, 0x77, 0x8E, 0x95, 0x6B, 0x30, 0x46, 0x80,
    0xB3, 0x79, 0x34, 0x80, 0x24, 0xC6, 0x08, 0x9E, 0x61, 0xCE, 0x91, 0x36, 0x2C, 0xB9, 0x96, 0xA0,
    0x64, 0x16, 0x6D, 0xAC, 0xA8, 0xC6, 0x9A, 0x25, 0xBE, 0x8A, 0xE0, 0x44, 0xE4, 0x82, 0x28, 0x73,
    0x9A, 0x8F, 0x8D, 0x41, 0x7D, 0xCF, 0x48, 0x19, 0x13, 0x26, 0xC5, 0xCE, 0x5B, 0x58, 0x60, 0xE0,
    0xBE, 0x6B, 0x29, 0x69, 0x4B, 0xEA, 0x4E, 0xC4, 0xB5, 0x46, 0xCF, 0x5A, 0x3E, 0x0E, 0x0A, 0xE9,
    0x65, 0xAD, 0x9C, 0x50, 0x92, 0x65, 0xD0, 0x1C, 0xB2, 0xEB, 0x7C, 0x28, 0x9E, 0xC3, 0x8E, 0xB3,
    0xE1, 0x37, 0x4B, 0xC5, 0x09, 0xF8, 0x6D, 0xD2, 0xCA, 0xB8, 0xBA, 0x56, 0xDB, 0x33, 0xA7, 0x76,
    0xCC, 0xBF, 0x2B, 0xF7, 0x2B, 0x53, 0x7A, 0x65, 0xA6, 0xBA, 0x20, 0x56, 0x47, 0x3D, 0x2D, 0x65,
    0x3F, 0x4F, 0xD0, 0x10, 0x44, 0x88, 0x4E, 0xB9, 0xAE, 0xF6, 0x23, 0xCE, 0xAD, 0x51, 0x7A, 0x6D,
    0xB1, 0xF2, 0x45, 0x39, 0x6F, 0xB2, 0xF9, 0xC0, 0xDA, 0xBC, 0x97, 0x5F, 0x71, 0x0C, 0x3D, 0x37,
    0x1F, 0xC6, 0x75, 0xD6, 0xDD, 0xEA, 0x9C, 0xC6, 0x2B, 0x5D, 0x09, 0x1C, 0x97, 0xFB, 0x8B, 0x9A,
    0xA4, 0xBF, 0x71, 0x42, 0x9F, 0x7A, 0x35, 0x97, 0x4F, 0x83, 0xFA, 0xA2, 0xBF, 0x24, 0xBD, 0xDC,
    0x9F, 0x18, 0xCF, 0x31, 0x8D, 0xF9, 0x13, 0x13, 0x92, 0xA4, 0x4C, 0xCA, 0xD8, 0x5A, 0x12, 0xE7,
    0x17, 0xFD, 0x89, 0x53, 0x13, 0xCA, 0xA0, 0x77, 0x0B, 0x40, 0xC0, 0xD1, 0x81, 0x3D, 0x3C, 0x43,
    0xE4, 0x72, 0x4C, 0xBD, 0xC7, 0x1E, 0xB7, 0xC2, 0x9A, 0x84, 0x74, 0x43, 0x8B, 0x01, 0xE0, 0xF5,
    0x88, 0x4A, 0x4E, 0x2F, 0x2D, 0x0F, 0xE2, 0x8D, 0x46, 0x64, 0x51, 0xCC, 0x64, 0xB6, 0x96, 0x46,
    0x9F, 0xD4, 0x52, 0x5A, 0x83, 0xD6, 0xA6, 0x35, 0x6B, 0x2B, 0xDA, 0x22, 0xD3, 0x34, 0x61, 0xBE,
    0xC5, 0x90, 0x9E, 0x49, 0x91, 0xCA, 0xC0, 0x74, 0x89, 0x4E, 0x25, 0x3A, 0x89, 0x7B, 0x4D, 0xD2,
    0x03, 0xAF, 0x88, 0xB6, 0x41, 0xCB, 0x1D, 0xCA, 0x21, 0x8C, 0x5B, 0x7B, 0x8A, 0xF4, 0x90, 0xA0,
    0xAF, 0x55, 0xA4, 0x9B, 0x42, 0x7F, 0x4D, 0xE0, 0x0C, 0xEC, 0x02, 0xBD, 0x96, 0x95, 0x5A, 0xA4,
    0xBE, 0x79, 0xAB, 0xF5, 0xB8, 0xC2, 0x2A, 0x42, 0xBE, 0x52, 0x24, 0xDC, 0x3C, 0x99, 0xAF, 0x13,
    0x7E, 0x2A, 0xE1, 0x57, 0x54, 0x74, 0x66, 0xE9, 0x6B, 0xCB, 0x00, 0x0D, 0xF0, 0x09, 0xDC, 0xCA,
    0xAA, 0x0D, 0xE1, 0xC0, 0x2E, 0xF0, 0x2B, 0x55, 0x7C, 0x29, 0x3C, 0x75, 0xFD, 0x00, 0x0E, 0xE7,
    0x37, 0x18, 0x82, 0x51, 0xFF, 0x67, 0xCC, 0xC1, 0x25, 0x45, 0x77, 0x60, 0xE3, 0xCE, 0xF1, 0x66,
    0xDE, 0xA7, 0x2D, 0x74, 0x47, 0xF7, 0xC9, 0xC8, 0x1B, 0xB8, 0x0A, 0xBF, 0x1D, 0xB9, 0x4B, 0xF2,
    0x42, 0xEE, 0xB2, 0x00, 0x98, 0xBE, 0x38, 0x9F, 0x9D, 0x32, 0x26, 0xE2, 0x95, 0x61, 0x24, 0xDF,
    0x76, 0x09, 0xCC, 0x7B, 0xD3, 0xB2, 0x70, 0xA0, 0xAB, 0xC2, 0xBC, 0x29, 0x42, 0x6F, 0xCE, 0x68,
    0xD8, 0x79, 0xE4, 0x06, 0x13, 0x13, 0x4C, 0xEC, 0x8B, 0xB4, 0xE0, 0xF4, 0xCC, 0xE8, 0x30, 0x63,
    0x0A, 0x6A, 0x86, 0xC0, 0x6B, 0x98, 0xC8, 0xA8, 0x68, 0x37, 0x45, 0x23, 0xBF, 0x32, 0xB9, 0x09,
    0x6A, 0x2E, 0xC1, 0xD0, 0xA0, 0xAC, 0xD6, 0x22, 0xF5, 0x29, 0xAB, 0x50, 0x5E, 0x61, 0x99, 0x85,
    0xEE, 0x77, 0x81, 0x5D, 0x90, 0xF0, 0x0B, 0xA2, 0xA3, 0x17, 0x00, 0xBB, 0x6D, 0xFE, 0xE9, 0xAC,
    0x46, 0x4B, 0x9C, 0xC7, 0xD6, 0x0E, 0xBF, 0x3D, 0xB2, 0x56, 0x5C, 0xAB, 0x93, 0xE2, 0x3E, 0xA3,
    0xCB, 0x9C, 0x85, 0xA5, 0xF7, 0x95, 0xF4, 0x6B, 0x99, 0xAD, 0x43, 0xBA, 0x06, 0xF0, 0x97, 0xBB,
    0xED, 0x96, 0xA1, 0x9B, 0xC1, 0x20, 0xF3, 0xAF, 0x9A, 0xDC, 0x6F, 0xF9, 0x77, 0xB7, 0x4A, 0x46,
    0x6B, 0x64, 0x40, 0x8A, 0x29, 0xD7, 0x0C, 0xB1, 0x44, 0x23, 0xD9, 0xE5, 0xE1, 0x07, 0x8F, 0x74,
    0x0F, 0x30, 0xC5, 0x44, 0x21, 0x28, 0xB7, 0x3D, 0x90, 0x5E, 0x9C, 0xD7, 0x83, 0xD7, 0x85, 0xEA,
    0xCB, 0x53, 0x3F, 0x45, 0xCD, 0x6C, 0x7D, 0x8C, 0xB4, 0x84, 0xA7, 0x84, 0x35, 0x98, 0xD6, 0x88,
    0xEC, 0x8A, 0x15, 0x3C, 0x83, 0x0D, 0x46, 0x94, 0x62, 0x82, 0x89, 0xE5, 0x53, 0x5E, 0xF6, 0xF2,
    0x1A, 0xC1, 0xE5, 0xB1, 0xC2, 0x6F, 0x46, 0x7A, 0x2B, 0xF0, 0x75, 0xA4, 0x58, 0xEA, 0x2E, 0xE6,
    0x4A, 0xF6, 0x97, 0xB9, 0x0D, 0x85, 0x9C, 0x8A, 0x8D, 0xB7, 0x6C, 0xF6, 0x66, 0xB4, 0xC0, 0x30,
    0x16, 0xD7, 0xBE, 0xD0, 0xAA, 0x5B, 0x92, 0x86, 0x1A, 0xDB, 0xE9, 0xE2, 0x01, 0xB2, 0x80, 0xAA,
    0x1D, 0x32, 0xF6, 0x88, 0x18, 0x54, 0x8C, 0x99, 0x45, 0x0C, 0x60, 0xB4, 0xEF, 0x4E, 0x46, 0x0E,
    0x80, 0xE7, 0x21, 0x80, 0x3A, 0x64, 0xC8, 0x7E, 0x6C, 0x19, 0x6E, 0x53, 0xFD, 0x7C, 0xB8, 0x7D,
    0xCD, 0x63, 0x8E, 0x85, 0x5E, 0x8F, 0x06, 0x68, 0x8A, 0x9D, 0x2F, 0xFC, 0xED, 0x1E, 0xA0, 0xC5,
    0xE6, 0xAE, 0xB6, 0x1A, 0xF0, 0x64, 0x79, 0x40, 0x2D, 0x39, 0xB5, 0xEC, 0x74, 0xA4, 0xA7, 0xCA,
    0x4F, 0x2D, 0x41, 0x05, 0xD1, 0xDB, 0x3D, 0x40, 0xC3, 0x73, 0xB8, 0x2B, 0xAF, 0x05, 0xDD, 0x05,
    0x77, 0x1D, 0x60, 0xD2, 0x52, 0x80, 0x4A, 0x26, 0xB3, 0xA9, 0xCC, 0xE6, 0x32, 0x4E, 0x66, 0x53,
    0xF8, 0xDF, 0x3D, 0x24, 0xB1, 0x10, 0x89, 0x95, 0x48, 0x72, 0xBE, 0x2D, 0x66, 0xF1, 0x6E, 0x79,
    0xD7, 0xDC, 0xCD, 0xC8, 0x48, 0x3F, 0xCD, 0x0A, 0x63, 0xA6, 0x1A, 0xDF, 0xBC, 0xFA, 0x3A, 0x31,
    0x9C, 0x29, 0x22, 0xED, 0x07, 0x63, 0x7A, 0xCA, 0xC6, 0xBC, 0x7D, 0x45, 0x02, 0xD0, 0xAD, 0x38,
    0x86, 0x39, 0x38, 0x5B, 0x24, 0xB9, 0x3D, 0x6C, 0xFD, 0x21, 0x2D, 0x6A, 0xEC, 0xE2, 0x20, 0xB1,
    0x63, 0x3A, 0x62, 0x36, 0xB7, 0x5A, 0x1E, 0x2A, 0xEA, 0xA3, 0x78, 0x88, 0x55, 0x5A, 0xAF, 0xB9,
    0xCC, 0x85, 0xDD, 0xA2, 0x82, 0x7B, 0x28, 0xC9, 0x8B, 0x26, 0x32, 0xDF, 0x35, 0xAE, 0xF9, 0x78,
    0xBD, 0x01, 0x84, 0xE3, 0x68, 0x98, 0x36, 0xE0, 0xC2, 0x67, 0x87, 0x8F, 0xF0, 0x30, 0xE5, 0xC5,
    0x98, 0x7C, 0x47, 0x66, 0x13, 0xF9, 0xA8, 0xC3, 0x6D, 0x5B, 0xE2, 0xB5, 0x81, 0x92, 0xD8, 0xBD,
    0x52, 0x1C, 0xFF, 0xC3, 0x24, 0x1B, 0xAC, 0x2C, 0xD4, 0xC3, 0x7F, 0x57, 0x03, 0x89, 0xA3, 0x1B,
    0x09, 0x9E, 0xDD, 0x3D, 0xAC, 0xE7, 0x19, 0x14, 0xF3, 0x9B, 0xE3, 0xD9, 0xC4, 0xDB, 0xEE, 0xD3,
    0x0D, 0x9E, 0xBE, 0xF9, 0xB2, 0xFB, 0x37, 0x44, 0xB2, 0x96, 0xC8, 0x87, 0xA4, 0xE4, 0xAD, 0x53,
    0xAC, 0xE8, 0x8A, 0xDE, 0x04, 0x28, 0x51, 0x08, 0x94, 0x42, 0xC0, 0x12, 0x6D, 0x10, 0xC8, 0x05,
    0x30, 0x61, 0x6F, 0xD2, 0x75, 0x99, 0x6E, 0x7C, 0x5B, 0x5F, 0xD2, 0x69, 0x4C, 0x3B, 0x2E, 0x4F,
    0x47, 0xB0, 0xE8, 0x97, 0xA4, 0x27, 0xC0, 0x74, 0x53, 0x01, 0x98, 0x1C, 0x42, 0x9C, 0xB0, 0xF8,
    0xAE, 0xC5, 0x86, 0x22, 0xAF, 0xDB, 0x73, 0x11, 0xDC, 0xBB, 0x40, 0xC8, 0x66, 0x24, 0xC0, 0x24,
    0xA0, 0x49, 0x80, 0x93, 0x14, 0xCF, 0x4C, 0xA1, 0x8B, 0xEA, 0x35, 0xAD, 0x1F, 0x5B, 0x94, 0xE5,
    0xC2, 0x5D, 0x05, 0x54, 0xE9, 0x69, 0xBF, 0xDE, 0x11, 0xC9, 0x95, 0xDC, 0x2D, 0x0E, 0xA8, 0x0C,
    0xCE, 0x71, 0x78, 0x12, 0xBD, 0xAD, 0x6F, 0x81, 0xC2, 0xFC, 0x96, 0x02, 0x7A, 0x7B, 0x17, 0x3D,
    0x54, 0x3C, 0x45, 0x3E, 0xBE, 0xDB, 0x8C, 0x47, 0x7B, 0x43, 0x00, 0x1A, 0xA2, 0xC2, 0x37, 0x16,
    0x03, 0x34, 0xA8, 0x7F, 0x25, 0x1D, 0xB8, 0xC2, 0xF9, 0x43, 0x3A, 0x10, 0x36, 0x44, 0x0F, 0xD8,
    0x53, 0x77, 0xD5, 0x35, 0xDD, 0x55, 0x84, 0x89, 0x29, 0xE6, 0x87, 0xEF, 0x74, 0xB3, 0x2C, 0xB2,
    0xB8, 0x6B, 0x0A, 0x1B, 0xDE, 0xD5, 0x00, 0x79, 0xE6, 0x75, 0x60, 0x27, 0xF9, 0x1B, 0x6F, 0x07,
    0xD7, 0x0A, 0xA5, 0x9D, 0x90, 0x4F, 0x09, 0x48, 0x84, 0x7C, 0xCD, 0xCA, 0x75, 0x72, 0xB2, 0xF3,
    0x64, 0x8D, 0xA8, 0xC9, 0x19, 0x72, 0x65, 0xE4, 0x1E, 0xEE, 0x1A, 0x60, 0x81, 0xD5, 0xBA, 0x1A,
    0x25, 0x78, 0xF2, 0xCD, 0x04, 0xC7, 0x93, 0x43, 0xD0, 0x5C, 0x54, 0x4E, 0x11, 0x0A, 0x82, 0x49,
    0x0A, 0x4C, 0xA2, 0xCF, 0x30, 0x08, 0xC2, 0xAF, 0x65, 0xEF, 0xF4, 0x7B, 0x19, 0x8D, 0x1A, 0x6E,
    0x4C, 0xBE, 0x46, 0x23, 0xFB, 0x7F, 0xA4, 0x4E, 0xDE, 0xCA, 0x69, 0x6F, 0xB4, 0x9B, 0x08, 0xDE,
    0xB4, 0xAC, 0x82, 0x58, 0x9A, 0x20, 0xAA, 0xF2, 0xBA, 0x76, 0x86, 0x67, 0x4F, 0xF5, 0xA8, 0xB6,
    0xCF, 0xE7, 0x7B, 0x18, 0x57, 0x2E, 0xE7, 0x76, 0x20, 0x66, 0x3D, 0x72, 0xFF, 0x80, 0xBA, 0x32,
    0xAC, 0xD0, 0x24, 0xA8, 0x3F, 0x1A, 0xC6, 0xB3, 0xC6, 0x41, 0x3F, 0x6D, 0xFE, 0xCA, 0x6A, 0x43,
    0x3D, 0xB6, 0x2B, 0x81, 0x7A, 0xBD, 0x93, 0x7D, 0xBA, 0x8D, 0x28, 0x9D, 0xE3, 0x89, 0xC5, 0x4C,
    0x1E, 0x5C, 0x0B, 0x4C, 0xBC, 0x10, 0x9F, 0x80, 0x35, 0x88, 0x38, 0x25, 0x9C, 0x99, 0x95, 0xD4,
    0x63, 0x33, 0xCF, 0xDB, 0xBA, 0xC4, 0x54, 0xDA, 0xB4, 0x33, 0x23, 0x87, 0x5B, 0x08, 0xA8, 0x0F,
    0x3F, 0x0B, 0xD1, 0xC6, 0x4D, 0x19, 0x40, 0xF7, 0x65, 0x75, 0x14, 0x42, 0xC6, 0xDA, 0xF1, 0x6B,
    0x71, 0x3B, 0xAE, 0x3A, 0x94, 0xC4, 0x73, 0x7F, 0xCA, 0x3B, 0x0F, 0xBC, 0x76, 0xCB, 0x07, 0x70,
    0xFC, 0x25, 0xFE, 0x2B, 0x03, 0x21, 0xB3, 0xCD, 0x72, 0x3A, 0xEF, 0xF5, 0x1A, 0x90, 0xFC, 0x1F,
    0xB5, 0x54, 0xBD, 0x6E, 0xDB, 0x30, 0x10, 0x3E, 0x89, 0x45, 0x3D, 0x10, 0xE8, 0xBD, 0x41, 0x39,
    0x77, 0x11, 0xD7, 0x0C, 0x96, 0xA5, 0x22, 0x43, 0x5F, 0xA7, 0x63, 0x06, 0x39, 0x11, 0x90, 0x17,
    0xC9, 0x43, 0x78, 0xF0, 0x60, 0x57, 0x7C, 0x04, 0x3E, 0x82, 0x1E, 0x81, 0x40, 0x3D, 0x08, 0x88,
    0x5A, 0xF6, 0x3B, 0x52, 0x76, 0x11, 0xA4, 0x48, 0x02, 0x14, 0xA1, 0xC9, 0xF3, 0xF1, 0xEE, 0xBB,
    0x1F, 0xF1, 0x8E, 0x8C, 0xB1, 0x8D, 0xB1, 0x1D, 0x62, 0xF4, 0xB2, 0x9A, 0x18, 0x83, 0xAC, 0x28,
    0xE3, 0x1F, 0xB4, 0x56, 0xEF, 0x38, 0x11, 0xC0, 0xC9, 0xA2, 0x65, 0xFC, 0xDD, 0xEB, 0x96, 0x69,
    0x43, 0x35, 0x75, 0xB4, 0xC5, 0x7F, 0x43, 0x55, 0xD2, 0x5B, 0x70, 0xA6, 0xE5, 0x9E, 0xA1, 0x35,
    0xD0, 0x5E, 0x25, 0x69, 0x05, 0xA9, 0x15, 0x39, 0x64, 0x15, 0xAD, 0xE9, 0x26, 0x49, 0xC5, 0x6A,
    0x0B, 0xFB, 0x0E, 0x92, 0x1A, 0x1A, 0x9D, 0x43, 0xE8, 0xAF, 0x9E, 0x95, 0xDB, 0x70, 0x5F, 0x73,
    0xDB, 0x31, 0x6D, 0x4D, 0x0B, 0xBE, 0x61, 0x57, 0xE9, 0x25, 0x0B, 0xAB, 0x1D, 0xB6, 0xE6, 0x9B,
    0xE7, 0xFB, 0x91, 0xAF, 0x05, 0x6C, 0x56, 0x0E, 0xE0, 0xAB, 0x4F, 0x4B, 0x92, 0x95, 0x16, 0x3C,
    0x60, 0x82, 0x49, 0x5A, 0xD8, 0xAE, 0x99, 0x6E, 0x3E, 0x2F, 0x80, 0xEC, 0x10, 0x9E, 0x3B, 0x43,
    0x98, 0x50, 0xC1, 0x1C, 0x30, 0x5D, 0xA6, 0x10, 0x2A, 0xBC, 0x44, 0x4A, 0x90, 0xE6, 0xF1, 0x31,
    0x12, 0x8A, 0x12, 0xF3, 0xF6, 0xCD, 0x44, 0xBD, 0x1B, 0xF9, 0x9F, 0xAC, 0x2E, 0x24, 0xD9, 0x26,
    0x2F, 0x6F, 0x4E, 0x77, 0xF0, 0xA4, 0xE3, 0x44, 0x26, 0xFE, 0x16, 0x6B, 0xBA, 0x8B, 0xB1, 0x47,
    0xD3, 0x3A, 0x59, 0xC2, 0x8B, 0x4C, 0x74, 0x82, 0x11, 0xAC, 0x45, 0x6F, 0x68, 0xDF, 0x38, 0xEB,
    0x39, 0x64, 0x0A, 0x89, 0xD3, 0xBE, 0x8C, 0x8B, 0x3F, 0xE2, 0x08, 0x8F, 0x5E, 0xB8, 0xE6, 0x3A,
    0x90, 0xE9, 0x85, 0xAB, 0x69, 0x42, 0xAF, 0xC8, 0x38, 0xE0, 0x37, 0x9F, 0xB9, 0xF2, 0x74, 0xE6,
    0xD4, 0x78, 0xE6, 0x38, 0x37, 0x09, 0x2C, 0x6C, 0xAE, 0x35, 0xBC, 0xDC, 0x66, 0x0E, 0x9E, 0xB3,
    0x29, 0x95, 0x31, 0xC7, 0x4A, 0xED, 0xE6, 0x91, 0xD6, 0x20, 0x01, 0xCD, 0x7D, 0x3C, 0x29, 0xC9,
    0x93, 0x1A, 0xED, 0x0F, 0xDA, 0x1F, 0xC1, 0xCD, 0x9C, 0xBA, 0x0F, 0x26, 0x27, 0x43, 0xD6, 0xA0,
    0x4B, 0x69, 0x35, 0xA2, 0x95, 0x13, 0x87, 0x1E, 0x5B, 0x38, 0x34, 0xFD, 0xA2, 0x3D, 0xD2, 0x62,
    0x51, 0x4C, 0x70, 0x3D, 0xEB, 0xF1, 0x28, 0xDF, 0xA5, 0xB2, 0x67, 0x49, 0x2E, 0x47, 0xFB, 0xD8,
    0xB3, 0x67, 0x07, 0x07, 0xBD, 0xDC, 0x18, 0xB9, 0x45, 0x7B, 0xDA, 0x41, 0xFA, 0x85, 0xFD, 0x1D,
    0xBB, 0x1F, 0xEC, 0x7E, 0xD9, 0x7E, 0xB6, 0x34, 0x35, 0x45, 0xA8, 0xCB, 0xD0, 0xA9, 0x71, 0xAF,
    0xDC, 0x4E, 0x39, 0x00, 0x8A, 0x07, 0xF6, 0x83, 0x3A, 0x01, 0xA4, 0x02, 0xBB, 0x19, 0xD9, 0xF4,
    0xB3, 0xF6, 0xB6, 0x98, 0xD8, 0x35, 0x65, 0xC0, 0xAD, 0x01, 0x69, 0x3B, 0xE5, 0x0D, 0xC1, 0xA4,
    0xA2, 0xDD, 0xAA, 0x5F, 0xCB, 0x67, 0x86, 0x32, 0x28, 0x44, 0x34, 0xB8, 0x75, 0x1D, 0x22, 0xA2,
    0x0A, 0x0E, 0x87, 0x16, 0xE8, 0x01, 0x2A, 0x9C, 0x5B, 0x8D, 0xFB, 0xC9, 0x6E, 0xE5, 0xD5, 0xA8,
    0x1D, 0xB7, 0x0D, 0x30, 0x13, 0x7D, 0xA7, 0xA6, 0x3C, 0xBD, 0x3E, 0x8B, 0xB0, 0x29, 0x42, 0x45,
    0x97, 0x03, 0x5D, 0x06, 0x54, 0xC3, 0xF5, 0x8C, 0x09, 0xE6, 0x03, 0xF6, 0xB7, 0x16, 0x35, 0x34,
    0x11, 0xBE, 0xAD, 0xB3, 0xAD, 0x1E, 0x4D, 0xAF, 0x46, 0x76, 0xB2, 0xF4, 0xA8, 0xBD, 0x01, 0x37,
    0xB4, 0xEA, 0xE7, 0x8C, 0xDA, 0x8C, 0x54, 0x44, 0x39, 0xFA, 0x54, 0x50, 0x42, 0x2A, 0x44, 0x6B,
    0x7A, 0x3E, 0xB6, 0xF2, 0x1C, 0x2D, 0x6B, 0x9B, 0x7B, 0x17, 0xDE, 0x13, 0x95, 0x62, 0xB7, 0xE9,
    0x85, 0x59, 0xEC, 0x69, 0xBA, 0xDC, 0x40, 0xA9, 0x74, 0x7A, 0x49, 0x98, 0x9E, 0x20, 0x4E, 0x17,
    0x44, 0x52, 0x4A, 0xDF, 0x99, 0x0B, 0xE2, 0x70, 0x46, 0xA4, 0xBE, 0x59, 0x5D, 0x10, 0x36, 0xF7,
    0x1A, 0xC6, 0x3E, 0x63, 0xF1, 0x72, 0xB7, 0x9B, 0x27, 0x69, 0x3E, 0x97, 0xBD, 0x84, 0xFA, 0x03,
    0xDD, 0x52, 0xB1, 0x6E, 0xDC, 0x30, 0x0C, 0x7D, 0x8E, 0x83, 0xBA, 0x00, 0x51, 0x68, 0xC9, 0x90,
    0x29, 0x5A, 0x3B, 0x34, 0xA7, 0x25, 0x43, 0x06, 0xDF, 0x89, 0x9F, 0xD2, 0xCF, 0xC8, 0xE0, 0xC3,
    0xE9, 0xA3, 0x32, 0x64, 0x68, 0x71, 0xDE, 0x3B, 0xF4, 0x3E, 0x21, 0x7B, 0x17, 0x0F, 0x02, 0xA2,
    0xC1, 0x0E, 0x43, 0xDA, 0x97, 0x04, 0xC9, 0x92, 0xCC, 0x15, 0x9F, 0x0D, 0x8A, 0x92, 0x28, 0xBE,
    0x47, 0x51, 0x41, 0x14, 0x6C, 0x3D, 0x17, 0xEA, 0x73, 0xD3, 0x0F, 0xB5, 0x41, 0x1D, 0x9D, 0x6A,
    0x50, 0x97, 0xA8, 0xA0, 0x14, 0xE8, 0xB7, 0x0C, 0x38, 0x46, 0x64, 0x08, 0x9F, 0xFC, 0xE3, 0xE6,
    0x0F, 0x3B, 0xE2, 0x96, 0x78, 0x27, 0x43, 0x94, 0x01, 0xC4, 0x0B, 0x9C, 0xC0, 0x0B, 0x2E, 0x81,
    0x1F, 0x40, 0x9C, 0xF3, 0x9F, 0x06, 0xD8, 0x41, 0xC7, 0x57, 0x01, 0xFB, 0x09, 0x3E, 0x03, 0x5B,
    0x20, 0xA3, 0xBE, 0x87, 0x4B, 0x08, 0x93, 0xED, 0xF9, 0xED, 0xD2, 0x5D, 0xD3, 0x2B, 0xB6, 0x3E,
    0x2D, 0xF7, 0xEE, 0xA5, 0x57, 0xD8, 0x41, 0x0F, 0xAC, 0x81, 0xCE, 0x8E, 0x54, 0x03, 0xEA, 0x03,
    0x68, 0x0E, 0x6B, 0x56, 0x9A, 0xF3, 0xAF, 0x3D, 0x77, 0x8E, 0xD7, 0x1E, 0x7E, 0x44, 0x98, 0x53,
    0x69, 0xFD, 0xFA, 0x5F, 0xF2, 0xD0, 0x33, 0xC7, 0x3B, 0x4A, 0xBF, 0x2C, 0xB9, 0x55, 0x68, 0x05,
    0x14, 0xD4, 0x83, 0xA5, 0xF2, 0x8C, 0xEA, 0x70, 0xC4, 0x5E, 0x92, 0xE2, 0x65, 0xBA, 0x13, 0x7E,
    0x01, 0x70, 0x9C, 0x7E, 0xBD, 0x68, 0xBB, 0xDB, 0x61, 0x1E, 0xB7, 0x37, 0xED, 0xE5, 0xB7, 0x33,
    0xB4, 0x4A, 0xD7, 0xA9, 0x11, 0x53, 0x6A, 0xD4, 0x28, 0xA9, 0x0C, 0x3A, 0x5F, 0xE9, 0xCA, 0x77,
    0x3C, 0x14, 0x99, 0xA6, 0x58, 0xFC, 0xAB, 0xD1, 0x27, 0x64, 0xAF, 0x32, 0x28, 0x23, 0x64, 0xB4,
    0xD9, 0x88, 0xBF, 0x43, 0x10, 0x56, 0xBC, 0x52, 0x33, 0x79, 0x61, 0x8A, 0x74, 0x26, 0x51, 0xD3,
    0x9B, 0xAB, 0x44, 0x44, 0x7A, 0xDD, 0x13, 0x66, 0x89, 0x6E, 0x66, 0xC9, 0xAA, 0x09, 0xD5, 0x23,
    0x94, 0xF3, 0x4F, 0xA7, 0x6A, 0xD8, 0x5D, 0xAE, 0xE0, 0xF3, 0x6D, 0x5D, 0xBD, 0x69, 0x2B, 0x2F,
    0x6D, 0xBD, 0x0E, 0xD8, 0xFD, 0x6F, 0x6D, 0x5D, 0x7D, 0xDC, 0xD6, 0x2C, 0xE3, 0xB8, 0xC9, 0xAB,
    0x1C, 0x9E, 0x8D, 0x4A, 0x9C, 0x4E, 0x43, 0x23, 0x51, 0xD6, 0xBE, 0x0B, 0x51, 0xFC, 0xDF, 0x7A,
    0x34, 0xD1, 0x36, 0xA4, 0x3A, 0x6B, 0x85, 0xA9, 0x55, 0xE9, 0xBE, 0x68, 0x84, 0x9B, 0x09, 0x0A,
    0x75, 0x22, 0xF5, 0x6D, 0x7D, 0x58, 0xA0, 0xFE, 0xB2, 0xD4, 0x51, 0x0A, 0x1E, 0x6E, 0x8B, 0x46,
    0xB9, 0xE8, 0x33, 0x18, 0xE1, 0x36, 0xD8, 0x78, 0x8D, 0xF7, 0x0B, 0xEB, 0x73, 0xE5, 0x46, 0xE9,
    0x98, 0xD3, 0xE9, 0x4B, 0xB0, 0x9D, 0x4F, 0xAD, 0x97, 0xBD, 0x8E, 0xDE, 0x44, 0x14, 0x86, 0x8F,
    0xC7, 0x61, 0x2D, 0xE1, 0xC2, 0x2D, 0x52, 0xA4, 0x38, 0x17, 0x40, 0xE2, 0x86, 0x72, 0x89, 0x0D,
    0x14, 0x94, 0xDC, 0x02, 0x77, 0x90, 0x36, 0x45, 0x88, 0x2D, 0xA5, 0xA0, 0x24, 0xE2, 0x12, 0xB8,
    0x01, 0x28, 0x22, 0x94, 0x22, 0x59, 0x5B, 0x49, 0x41, 0x41, 0x11, 0xA7, 0xA2, 0x48, 0xB1, 0x83,
    0x44, 0x17, 0x89, 0x1D, 0x88, 0x05, 0x06, 0xC6, 0x1E, 0xDE, 0xF7, 0xCC, 0x7E, 0xCE, 0x66, 0xB3,
    0xBB, 0x02, 0xC4, 0xA7, 0xE4, 0xF1, 0xEC, 0x78, 0x7E, 0xCE, 0x9C, 0xBF, 0x39, 0x96, 0x6A, 0x6D,
    0x44, 0x92, 0x10, 0x9C, 0x48, 0x36, 0x67, 0x60, 0x31, 0x08, 0x7A, 0x6A, 0xFC, 0x07, 0x09, 0x39,
    0x50, 0x3E, 0x92, 0x2C, 0x84, 0x71, 0xA3, 0x65, 0x3F, 0x59, 0x47, 0x36, 0x64, 0x39, 0x90, 0xF9,
    0x4C, 0x9A, 0x80, 0x9F, 0x48, 0xA5, 0xD4, 0x31, 0x17, 0x10, 0x6B, 0xEE, 0xF8, 0xF6, 0x1E, 0x7B,
    0x8A, 0x82, 0xBC, 0xF2, 0x8A, 0x46, 0x97, 0x29, 0x55, 0xD0, 0x3E, 0x84, 0x05, 0x1D, 0xFB, 0x65,
    0x80, 0xCC, 0xFB, 0xD7, 0xF7, 0xA5, 0xB0, 0xFB, 0xD7, 0xB0, 0xD5, 0x40, 0xD6, 0xDD, 0xFE, 0x3E,
    0xA5, 0xBA, 0x0D, 0xB6, 0x72, 0x4B, 0xF9, 0x00, 0xEC, 0xE5, 0x7E, 0xE4, 0x2D, 0xF6, 0xB8, 0x5B,
    0x1C, 0xE3, 0x1E, 0x50, 0x72, 0x77, 0x1F, 0x1C, 0xC8, 0x72, 0x74, 0xD4, 0x80, 0x73, 0xEE, 0x92,
    0xA4, 0xAB, 0x75, 0x15, 0x34, 0xE3, 0x7E, 0xC3, 0xC6, 0x2D, 0x77, 0x94, 0x3C, 0x04, 0x88, 0x9B,
    0x86, 0x3F, 0x21, 0x49, 0xFA, 0xD8, 0x2A, 0xC7, 0x8D, 0xE6, 0x83, 0x8E, 0xD2, 0xF6, 0x54, 0x68,
    0xAE, 0x72, 0xEA, 0xAC, 0x24, 0xD8, 0xBD, 0x80, 0xD5, 0x44, 0xDE, 0x95, 0x7C, 0xD2, 0xB3, 0xE9,
    0x99, 0xAB, 0x41, 0x35, 0xAC, 0x73, 0xEA, 0x26, 0x7D, 0xEC, 0x21, 0x4F, 0xFA, 0xDC, 0x43, 0x36,
    0x8E, 0x05, 0x67, 0x4A, 0x98, 0x3A, 0x7D, 0x4B, 0x76, 0x64, 0x35, 0x90, 0xA5, 0x25, 0x8B, 0x29,
    0xA5, 0x9C, 0x4B, 0xAA, 0x72, 0xFE, 0xF0, 0x6B, 0x68, 0x8E, 0xE5, 0x2C, 0x74, 0x77, 0x48, 0xA2,
    0x96, 0x0D, 0x2E, 0xC2, 0xA3, 0xEB, 0x1F, 0x83, 0x56, 0x8B, 0x38, 0xE3, 0x2D, 0xFA, 0x9B, 0x88,
    0x73, 0x17, 0xC0, 0xEE, 0x13, 0xD5, 0x00, 0x11, 0xAA, 0xB1, 0x1D, 0x70, 0x92, 0x62, 0x84, 0xC3,
    0x98, 0x46, 0xF4, 0xED, 0x19, 0xA8, 0x29, 0x74, 0xAB, 0x92, 0x6F, 0x7D, 0xED, 0x19, 0x7D, 0xB2,
    0xED, 0x61, 0x66, 0xBA, 0x8E, 0x8B, 0x73, 0xC3, 0x44, 0xF0, 0x0F, 0x49, 0x55, 0xB3, 0xEA, 0x3A,
    0x72, 0x45, 0x7C, 0xE5, 0xB2, 0xD0, 0xF8, 0xE0, 0xAB, 0x60, 0x83, 0x6D, 0xFB, 0xA3, 0x29, 0x48,
    0xF9, 0xF2, 0xC9, 0xBC, 0x48, 0xF1, 0xA2, 0xF1, 0xE0, 0xCF, 0x42, 0x7A, 0xE5, 0xA4, 0x74, 0xCA,
    0xE1, 0x34, 0x2B, 0x65, 0xAD, 0x0C, 0xA4, 0x39, 0x24, 0xD3, 0xA7, 0xE0, 0xB6, 0x1D, 0x7F, 0xFB,
    0xCA, 0xAB, 0x84, 0xF1, 0x8C, 0x28, 0x13, 0x22, 0x1B, 0xE5, 0x40, 0xFE, 0x65, 0xC9, 0x97, 0x8E,
    0xFC, 0xC5, 0x93, 0x6E, 0x51, 0x42, 0x53, 0x43, 0xCB, 0xD8, 0x09, 0xBD, 0xD2, 0xB8, 0xDC, 0xB2,
    0x3F, 0x75, 0xC5, 0xD0, 0xBF, 0xEA, 0x5F, 0x8D, 0x93, 0x3B, 0xEC, 0x97, 0xFA, 0x13, 0xB2, 0x7C,
    0x4A, 0x16, 0x87, 0x64, 0x1A, 0x48, 0xA3, 0x94, 0xC8, 0x56, 0x59, 0x0F, 0xA9, 0xC6, 0x58, 0xAA,
    0x6E, 0x92, 0xC2, 0x31, 0x1A, 0x7A, 0x58, 0x39, 0x90, 0xB9, 0x25, 0xB7, 0x7F, 0xBA, 0xCB, 0x31,
    0xB7, 0xCE, 0x38, 0x46, 0xC7, 0x27, 0x7D, 0xB3, 0x5B, 0x27, 0xAE, 0x19, 0x75, 0xFF, 0x2F, 0xD9,
    0x87, 0x39, 0x3E, 0x02, 0x8D, 0xD6, 0x4B, 0xA5, 0x8E, 0xAB, 0xCE, 0x8F, 0x87, 0x9A, 0xB9, 0x17,
    0x59, 0xCE, 0x7A, 0xC4, 0x77, 0x26, 0x3E, 0x32, 0x9C, 0xA5, 0xEB, 0xE5, 0xE6, 0x98, 0x87, 0x09,
    0x8B, 0x41, 0x87, 0xF7, 0x7B, 0x78, 0x43, 0xD5, 0x48, 0x9F, 0xCD, 0x52, 0x75, 0xD2, 0x27, 0x8B,
    0x94, 0x33, 0x46, 0x06, 0x78, 0xE5, 0xD0, 0x23, 0x9C, 0x12, 0x8C, 0xA4, 0x4D, 0x33, 0xDF, 0xD3,
    0xE4, 0x82, 0x47, 0x36, 0xE9, 0x23, 0xF5, 0xE5, 0x87, 0x33, 0x76, 0x58, 0xAB, 0xE0, 0xF0, 0xE8,
    0x3F, 0x0E, 0x1D, 0xBC, 0x37, 0x9D, 0x28, 0x0F, 0x82, 0x37, 0xF7, 0xDC, 0x35, 0x77, 0x74, 0x1A,
    0x08, 0x9A, 0xC5, 0x86, 0xE3, 0x80, 0xF2, 0x33, 0xFE, 0x89, 0xCE, 0xEA, 0x06, 0x07, 0x60, 0x58,
    0x5D, 0x73, 0x0A, 0x26, 0xDE, 0xA8, 0x18, 0x02, 0xD1, 0xB2, 0x08, 0x9D, 0x7E, 0xD7, 0x40, 0x54,
    0xF8, 0x62, 0x80, 0x84, 0x88, 0xF9, 0x39, 0x1F, 0x6A, 0x91, 0xFE, 0xF4, 0x18, 0xC4, 0xD0, 0x5D,
    0xD8, 0x9F, 0x79, 0xB8, 0x7C, 0x62, 0x8D, 0xE3, 0x91, 0x8B, 0xEF, 0x86, 0x64, 0xD6, 0xC6, 0x73,
    0xB8, 0x1F, 0x1B, 0xF9, 0xD1, 0x20, 0x8B, 0x86, 0xC4, 0x51, 0x27, 0x07, 0xD4, 0x63, 0xCA, 0xCC,
    0xB5, 0x6B, 0xD4, 0x4E, 0xB3, 0x28, 0x1A, 0x4C, 0x3F, 0xC9, 0x1A, 0x33, 0x10, 0x56, 0xEF, 0x52,
    0xCB, 0xC8, 0x49, 0x2D, 0x8F, 0x45, 0xCA, 0x23, 0xE5, 0x1D, 0x30, 0x1F, 0xFE, 0x13, 0xA1, 0x2C,
    0xEB, 0x91, 0xDA, 0x41, 0xE8, 0x02, 0x64, 0x2A, 0xC1, 0x9A, 0x95, 0x26, 0xD0, 0x53, 0xB1, 0xAC,
    0x7D, 0xAF, 0xBF, 0x68, 0x71, 0x32, 0x24, 0x7C, 0x68, 0x7B, 0x82, 0xB2, 0xCB, 0x01, 0xEA, 0xAB,
    0x99, 0x39, 0x6A, 0xBE, 0x6D, 0x89, 0x83, 0x33, 0xA0, 0x2F, 0x74, 0x08, 0xFC, 0x9C, 0x73, 0x4B,
    0x8F, 0x3B, 0x65, 0x79, 0x08, 0x8D, 0xDA, 0xDB, 0xF2, 0xEA, 0x47, 0xB5, 0x6A, 0x28, 0xE1, 0xFC,
    0x7B, 0x61, 0x8A, 0x79, 0xA6, 0x43, 0xDA, 0x6D, 0xDA, 0x91, 0x9E, 0x80, 0xFC, 0x51, 0xC6, 0xE4,
    0xAC, 0x97, 0x60, 0xAF, 0x93, 0x16, 0xD9, 0x84, 0xE6, 0x54, 0x7B, 0xCC, 0x98, 0xEC, 0x92, 0xAD,
    0x7F, 0xC7, 0x38, 0xF2, 0x78, 0x56, 0xBC, 0x40, 0xE3, 0x65, 0x1A, 0xD3, 0x3E, 0x76, 0xC9, 0x46,
    0x26, 0x7A, 0xEC, 0xC8, 0x19, 0x34, 0x5F, 0xF8, 0x49, 0xD7, 0x29, 0x2C, 0x59, 0xF3, 0xCC, 0xA2,
    0xE9, 0x17, 0x4E, 0x04, 0x66, 0x3B, 0xEF, 0xA3, 0x2E, 0x3A, 0x32, 0x70, 0x5F, 0x9C, 0x13, 0x84,
    0xAB, 0x81, 0xD5, 0xA8, 0xF6, 0xC4, 0x6A, 0x91, 0x89, 0x2F, 0xB5, 0x9F, 0xC1, 0x94, 0x78, 0x5A,
    0x1C, 0xB3, 0x7A, 0x4D, 0xDA, 0x48, 0x62, 0x5C, 0xCD, 0x91, 0x78, 0x0D, 0xE2, 0x35, 0x77, 0xEC,
    0x1B, 0xB2, 0xD2, 0xDD, 0x0B, 0xC7, 0x65, 0xBC, 0xE2, 0xCD, 0x94, 0x9D, 0x11, 0x2D, 0xED, 0xC7,
    0x43, 0xD2, 0x7C, 0x66, 0xE5, 0xF9, 0x7C, 0x8E, 0xB5, 0x18, 0x44, 0x16, 0xA1, 0x6D, 0x98, 0x28,
    0x25, 0xE3, 0x88, 0x16, 0xD3, 0xCC, 0x02, 0xA8, 0x73, 0x25, 0xE7, 0xDE, 0x03, 0x04, 0x2A, 0x81,
    0x55, 0x75, 0xCF, 0x96, 0x5A, 0x08, 0xD3, 0xFE, 0x90, 0x9B, 0xEB, 0xCE, 0x84, 0x08, 0xF6, 0x5D,
    0xB3, 0x1E, 0xE2, 0xF3, 0x01, 0x6E, 0x45, 0x6D, 0xE0, 0x5A, 0x28, 0x5C, 0x9C, 0x32, 0x31, 0x08,
    0xAB, 0x59, 0x93, 0x4D, 0xE6, 0xB4, 0x84, 0xC8, 0xD9, 0x2A, 0x26, 0xA8, 0x90, 0x91, 0xEC, 0xEA,
    0x0E, 0xB9, 0x1D, 0x71, 0x99, 0xBB, 0x96, 0x0F, 0xFE, 0x61, 0x17, 0xB6, 0x4A, 0x66, 0x69, 0xCF,
    0x16, 0x42, 0xB3, 0x7A, 0x3C, 0xB3, 0x05, 0x7F, 0xA8, 0x3F, 0x9A, 0x38, 0x88, 0x51, 0x8A, 0x35,
    0x61, 0x4C, 0x26, 0x22, 0xB4, 0xF0, 0x6A, 0xC5, 0x7E, 0xC8, 0x8F, 0xEA, 0x85, 0x85, 0xC5, 0xF0,
    0x85, 0xAA, 0xC5, 0x06, 0x16, 0x8F, 0xDC, 0xEE, 0x61, 0xD9, 0xB9, 0xD4, 0xEB, 0xCC, 0x4A, 0xD5,
    0xE3, 0x00, 0x9A, 0x3C, 0xEB, 0x4F, 0xE6, 0xDD, 0x41, 0x36, 0x07, 0x7D, 0xD5, 0x3A, 0xD8, 0x5A,
    0xCB, 0xD6, 0xF2, 0xA7, 0x5B, 0x39, 0x57, 0xA8, 0xA9, 0x9B, 0x03, 0xE4, 0x3B, 0x66, 0x13, 0x9A,
    0x07, 0x16, 0x9E, 0x5F, 0x83, 0xF6, 0x09, 0x42, 0x14, 0xE3, 0x0A, 0xA8, 0xAF, 0x2E, 0x30, 0xB8,
    0x3A, 0xA4, 0x37, 0x62, 0xEE, 0xD5, 0x0C, 0xAB, 0xBD, 0x47, 0x77, 0x7A, 0x48, 0xCF, 0x5A, 0xD2,
    0xD0, 0x24, 0x01, 0x17, 0x49, 0x7A, 0xF8, 0xC5, 0x53, 0x9B, 0x7E, 0x7F, 0x98, 0xB9, 0xFC, 0xEE,
    0x8A, 0x3B, 0xC8, 0x78, 0x33, 0x55, 0x32, 0x25, 0xF3, 0xFB, 0xF2, 0x8D, 0x70, 0xE3, 0x84, 0xE6,
    0x31, 0x6E, 0x97, 0xD1, 0xB9, 0xBC, 0x70, 0x65, 0xB9, 0x16, 0xA5, 0x4B, 0x69, 0xCA, 0x94, 0x57,
    0x73, 0xEA, 0x32, 0xCD, 0x93, 0x07, 0x84, 0x96, 0x36, 0x95, 0xA6, 0x38, 0xAF, 0xE0, 0xBD, 0xD2,
    0xBD, 0xF6, 0x67, 0xBD, 0x8D, 0x5B, 0x38, 0x77, 0xE6, 0x2A, 0x96, 0xEB, 0x1D, 0x6F, 0x75, 0x31,
    0xF0, 0xFB, 0x54, 0xE9, 0x4E, 0xB3, 0x0F, 0xF7, 0xB4, 0x46, 0xF2, 0x1A, 0xF8, 0xA1, 0x31, 0xE1,
    0xD9, 0x8F, 0x61, 0xC8, 0x16, 0x63, 0x0B, 0x24, 0x0D, 0x33, 0xB2, 0xBE, 0x22, 0x91, 0x45, 0x06,
    0xAD, 0xBB, 0x06, 0xAD, 0xC7, 0x36, 0xF6, 0x27, 0xD8, 0x4A, 0xF6, 0x79, 0x18, 0x23, 0x6B, 0xC9,
    0x71, 0x4F, 0xD4, 0x5D, 0xDE, 0x14, 0x63, 0x39, 0x90, 0x05, 0x57, 0x1C, 0xD3, 0x99, 0x94, 0x55,
    0x59, 0x1F, 0x25, 0xB8, 0x2D, 0xE9, 0xD6, 0x1D, 0x8B, 0x63, 0xBB, 0x15, 0x0D, 0xD7, 0x95, 0x51,
    0x69, 0xEF, 0x9C, 0x48, 0x15, 0x9A, 0xAE, 0x63, 0x1A, 0x97, 0x58, 0xDF, 0xAC, 0xB3, 0x7A, 0xB9,
    0xD7, 0x93, 0x2E, 0x4A, 0xFA, 0x49, 0x6E, 0xEB, 0x78, 0xA0, 0xE0, 0x22, 0xE1, 0xB9, 0x74, 0x85,
    0x1A, 0x82, 0xD0, 0xA7, 0xE0, 0x9B, 0x14, 0xD7, 0xBD, 0x36, 0x26, 0x26, 0x17, 0x04, 0x0A, 0x74,
    0xCC, 0x52, 0xAA, 0xD7, 0x61, 0x5A, 0xAD, 0xE1, 0xE4, 0x4C, 0x83, 0xD5, 0xC0, 0x1A, 0x15, 0x0B,
    0xB5, 0xEB, 0x71, 0x05, 0x9C, 0x4F, 0xF0, 0xB8, 0xB4, 0x8B, 0x2E, 0xA9, 0x1E, 0xDA, 0x46, 0x54,
    0xF7, 0xE0, 0x3A, 0x65, 0xF8, 0x12, 0x2F, 0x6E, 0x42, 0xBB, 0x57, 0xA1, 0xE9, 0xAE, 0x7D, 0x11,
    0xBE, 0x1E, 0x2F, 0xC3, 0xD3, 0xA1, 0x66, 0xCE, 0xF5, 0x97, 0x71, 0x99, 0x3A, 0xB9, 0xDC, 0xE8,
    0xE9, 0x34, 0x78, 0x79, 0xF7, 0xF1, 0xB0, 0x6F, 0x71, 0x97, 0x0A, 0xEE, 0x6C, 0x42, 0x67, 0x34,
    0x38, 0x2A, 0x5A, 0xEA, 0x7C, 0x3B, 0xD2, 0xE5, 0x8B, 0x93, 0x95, 0xF6, 0xB3, 0xDF, 0xF1, 0x45,
    0xB0, 0x24, 0x16, 0x5F, 0x04, 0xCE, 0xF0, 0x7B, 0x64, 0x3C, 0xB6, 0xE3, 0xA8, 0x55, 0xF4, 0xC5,
    0x76, 0x8C, 0xEC, 0x54, 0x55, 0x24, 0xEC, 0xC8, 0x2F, 0x1A, 0x12, 0x96, 0x64, 0x2E, 0x9A, 0x0A,
    0xB9, 0x24, 0xC9, 0x52, 0x30, 0x40, 0xDB, 0xA3, 0xBD, 0x55, 0x77, 0x9F, 0x76, 0x35, 0xFF, 0x39,
    0x76, 0xA4, 0x9E, 0x7D, 0x1B, 0x73, 0xE8, 0x9B, 0xBF, 0x93, 0x6F, 0x97, 0x2D, 0xCE, 0xFF, 0x0F,
    0xB0, 0x1C, 0xEE, 0x14, 0x92, 0xF9, 0xED, 0x1E, 0xD3, 0x2B, 0x0D, 0x0A, 0x3F, 0xF1, 0x36, 0xEA,
    0x5F, 0x5F, 0xE8, 0x3D, 0xC4, 0xDB, 0x87, 0x7E, 0x59, 0x87, 0x2D, 0xBD, 0xEA, 0x17, 0x8B, 0x7E,
    0xBC, 0xA4, 0xBA, 0x94, 0xE6, 0xE1, 0xB6, 0xD9, 0xF9, 0xA8, 0xA6, 0x5B, 0x2D, 0xD9, 0x50, 0x64,
    0x69, 0x41, 0x76, 0x01, 0xF0, 0x09, 0x60, 0x3C, 0xF2, 0x94, 0x59, 0x03, 0xEB, 0x91, 0x85, 0x60,
    0xC8, 0xAD, 0x09, 0x44, 0xF4, 0x25, 0x0A, 0x36, 0x8F, 0xA2, 0xE8, 0x2B, 0x46, 0xB9, 0xC1, 0x57,
    0x4B, 0x93, 0x87, 0x26, 0x1F, 0x5A, 0x56, 0xC8, 0x3D, 0xF1, 0x2D, 0xAA, 0x88, 0xCE, 0xF0, 0xB2,
    0x37, 0x3E, 0xE3, 0x57, 0x20, 0x0C, 0x60, 0x58, 0x46, 0xFD, 0x0D, 0x25, 0xCC, 0xB1, 0x11, 0x80,
    0x20, 0x10, 0x44, 0xD1, 0x8F, 0x04, 0x06, 0x04, 0x96, 0x40, 0x09, 0x96, 0x80, 0x9D, 0x49, 0x63,
    0x8E, 0x96, 0x40, 0x09, 0x94, 0xC0, 0x38, 0x06, 0x04, 0x2A, 0x2E, 0x63, 0xF2, 0x36, 0xB9, 0x7F,
    0xE0, 0x2F, 0xA0, 0x3D, 0x60, 0xEB, 0x0A, 0x53, 0x9A, 0xC1, 0x47, 0x11, 0x10, 0x9B, 0x86, 0x5B,
    0x43, 0x35, 0x37, 0x43, 0x71, 0x05, 0x5B, 0xC2, 0x81, 0x3D, 0x5F, 0x05, 0x4D, 0xE9, 0xDC, 0x16,
    0xE5, 0x45, 0x3F, 0xF6, 0x2C, 0x5C, 0x67, 0xFC, 0x31, 0xFD, 0xD8, 0x76, 0x5C, 0x62, 0xA8, 0x21,
    0xEA, 0x50, 0x19, 0x21, 0xC3, 0x07, 0xB5, 0x54, 0x4B, 0x6E, 0x83, 0x40, 0x0C, 0x1D, 0x42, 0x24,
    0x22, 0x65, 0xC1, 0xB6, 0x8B, 0x2A, 0x5C, 0x20, 0x6D, 0x4E, 0xD0, 0x38, 0x47, 0xE9, 0xA2, 0xE7,
    0x28, 0x5C, 0xAC, 0x09, 0x47, 0xC8, 0x11, 0x38, 0x02, 0x8B, 0x2E, 0x5C, 0x95, 0x30, 0xB5, 0x9F,
    0x67, 0x48, 0xA0, 0xFF, 0x45, 0x58, 0x3C, 0x0B, 0x7B, 0xEC, 0xB1, 0x9F, 0x9F, 0xC6, 0xB9, 0xF8,
    0xAD, 0x83, 0x7D, 0x31, 0x33, 0xEB, 0xCC, 0x2E, 0x5B, 0xB3, 0x9B, 0xDA, 0xEC, 0xC1, 0x4C, 0x1A,
    0xC2, 0x79, 0x08, 0x93, 0xC7, 0xD7, 0x46, 0x1B, 0xFD, 0xB1, 0x4C, 0xCC, 0x1B, 0xEA, 0x2C, 0xA7,
    0x07, 0xF6, 0x93, 0x3E, 0x46, 0xDF, 0x1D, 0x4A, 0xEC, 0xE4, 0xB8, 0x3F, 0x4A, 0xAE, 0x7F, 0x95,
    0x42, 0xFE, 0x24, 0xAE, 0x2D, 0xED, 0x66, 0x1D, 0xE5, 0xC7, 0x65, 0x4B, 0xE9, 0xEB, 0xA6, 0x26,
    0x77, 0x22, 0x47, 0x6E, 0x3B, 0x17, 0x98, 0x4B, 0x57, 0x68, 0xED, 0x1A, 0x70, 0xF1, 0x35, 0x61,
    0x10, 0x0E, 0xFF, 0x7D, 0xB0, 0x54, 0x05, 0x8A, 0xC2, 0x81, 0x34, 0x1E, 0xF0, 0xF1, 0x40, 0x3D,
    0x65, 0x2D, 0xFA, 0x47, 0x85, 0x62, 0x5E, 0xAC, 0x13, 0xEB, 0x86, 0x70, 0xC2, 0xE3, 0x3E, 0xC2,
    0xA1, 0x2B, 0x01, 0x88, 0xDD, 0x28, 0xC5, 0x20, 0x1B, 0xB4, 0x63, 0x01, 0x58, 0x85, 0x2D, 0x05,
    0xEB, 0xC1, 0xA2, 0xB0, 0x32, 0x5B, 0xDE, 0xE8, 0x5B, 0x87, 0x6E, 0x5F, 0x8C, 0x35, 0xD5, 0x40,
    0x1F, 0x34, 0xA1, 0xD3, 0xA9, 0x46, 0x74, 0xDA, 0x83, 0x4D, 0x6F, 0x5A, 0xF3, 0x41, 0x6B, 0x9F,
    0x59, 0x8B, 0x7E, 0x93, 0x52, 0x3F, 0xE4, 0x0D, 0x75, 0x62, 0xDD, 0x78, 0x8F, 0x68, 0xCD, 0x58,
    0x5B, 0x4F, 0x58, 0x9B, 0x2B, 0x6C, 0x71, 0x9B, 0x1C, 0x4F, 0xBD, 0x04, 0x73, 0x2F, 0x27, 0x69,
    0x2F, 0x69, 0x3D, 0x51, 0x95, 0x32, 0xE5, 0x4D, 0xDE, 0x90, 0xD8, 0x8A, 0x5C, 0x7F, 0x2F, 0x44,
    0x3C, 0xFC, 0x9F, 0xC4, 0x95, 0xA6, 0xA1, 0x00, 0x4A, 0xA1, 0x28, 0xCA, 0x3B, 0x3A, 0xF4, 0xE1,
    0x4A, 0x5C, 0x8E, 0x36, 0xAC, 0xA1, 0x85, 0xFC, 0x40, 0x21, 0x82, 0x12, 0xF1, 0xD0, 0x88, 0x29,
    0xE6, 0x1D, 0x73, 0x33, 0x64, 0xC5, 0x10, 0x0F, 0x83, 0x12, 0x06, 0x71, 0x0C, 0xBD, 0x31, 0x54,
    0xC5, 0xE0, 0x30, 0x32, 0x1A, 0x84, 0x68, 0x72, 0x33, 0x12, 0xBF, 0x0F, 0xD4, 0x83, 0xB2, 0x3C,
    0x18, 0x01, 0x4A, 0x14, 0x58, 0x2A, 0x26, 0xBD, 0x62, 0xC6, 0x8A, 0x45, 0xA3, 0x58, 0x56, 0xAC,
    0x6E, 0xB9, 0x50, 0xDC, 0x8A, 0x45, 0xA3, 0x58, 0x56, 0x82, 0xE2, 0x16, 0xCC, 0x90, 0x5E, 0x60,
    0x09, 0x65, 0x85, 0x22, 0x0E, 0x45, 0xCE, 0x6E, 0x93, 0xFB, 0xEA, 0x62, 0x4B, 0x8B, 0xB3, 0xC2,
    0xFF, 0xD8, 0xBC, 0x04, 0x9E, 0x10, 0x60, 0x04, 0x18, 0x01, 0x46, 0x80, 0x91, 0xC1, 0xC8, 0x60,
    0x64, 0x30, 0x32, 0xD0, 0x81, 0xCD, 0x48, 0xC3, 0xA4, 0xE3, 0xD9, 0x13, 0x74, 0x96, 0x35, 0xBF,
    0x8E, 0x20, 0xEE, 0x47, 0x97, 0xE0, 0xFA, 0xAC, 0x53, 0x2C, 0xB0, 0x85, 0x52, 0x37, 0x92, 0x60,
    0x3B, 0x19, 0x36, 0x55, 0x60, 0x6B, 0xEA, 0x76, 0x6F, 0x98, 0xC2, 0x77, 0xE7, 0x2D, 0x87, 0x8D,
    0xDB, 0xF6, 0x87, 0xB7, 0xE2, 0xA7, 0xB7, 0x91, 0xBE, 0x7C, 0x1B, 0x1F, 0xBE, 0x7A, 0x1B, 0x17,
    0x02, 0x37, 0x1A, 0x7D, 0x2E, 0x6A, 0x4A, 0xBA, 0xAC, 0xA5, 0xAC, 0x4D, 0x3A, 0x2A, 0x6A, 0x57,
    0x52, 0x29, 0x63, 0x68, 0x23, 0x99, 0xDE, 0x99, 0xA0, 0x8D, 0x52, 0xD3, 0x6E, 0x47, 0xEF, 0x8D,
    0xB4, 0xD4, 0x03, 0x3E, 0x00, 0xCD, 0x54, 0xCB, 0x6D, 0xDC, 0x30, 0x10, 0x7D, 0x2B, 0x01, 0x11,
    0x10, 0x1D, 0x54, 0x80, 0x0F, 0x2C, 0x41, 0xD7, 0x1C, 0xB2, 0xA6, 0x3A, 0x72, 0x0A, 0xD8, 0x78,
    0x85, 0x54, 0x92, 0x12, 0x52, 0x80, 0x63, 0x11, 0x48, 0x01, 0x11, 0x90, 0x06, 0x78, 0x70, 0x01,
    0x3A, 0xEC, 0x41, 0x41, 0xB4, 0x62, 0xE6, 0x0D, 0x45, 0xCA, 0x31, 0x7C, 0x4A, 0x2E, 0x21, 0xE0,
    0xB7, 0xF4, 0xF0, 0xF1, 0xCD, 0x70, 0x3E, 0x42, 0x15, 0x7A, 0xC0, 0x86, 0x09, 0xB8, 0x2D, 0x16,
    0xC8, 0xBA, 0x27, 0x58, 0x42, 0xDB, 0x09, 0x18, 0x39, 0x46, 0xD3, 0xE3, 0x66, 0x15, 0x08, 0xE1,
    0x7B, 0x5F, 0x5E, 0xE5, 0x4A, 0xE3, 0x11, 0xFA, 0xD6, 0xC1, 0xF6, 0xC2, 0xB4, 0xDD, 0x99, 0x37,
    0x1E, 0x37, 0xB8, 0x27, 0x7C, 0x25, 0x2C, 0x38, 0xA3, 0xB8, 0xC8, 0x79, 0x35, 0xC1, 0xF8, 0x3B,
    0x87, 0x3A, 0xAC, 0xA2, 0x36, 0x3C, 0x41, 0x94, 0x64, 0xB9, 0x88, 0xE5, 0x05, 0xB5, 0xC7, 0xFF,
    0x8F, 0x21, 0x2F, 0xEB, 0x98, 0x19, 0xC9, 0x19, 0x6A, 0xE6, 0xAC, 0xE4, 0xAB, 0x10, 0x34, 0x71,
    0xFB, 0xC9, 0xCC, 0x93, 0x65, 0x3F, 0x61, 0x22, 0xCD, 0xC8, 0x93, 0x29, 0x81, 0xF1, 0xE9, 0x0A,
    0x29, 0xC5, 0x55, 0xA0, 0x9A, 0x93, 0x40, 0xB4, 0x4B, 0x0D, 0x0A, 0xCA, 0x57, 0x54, 0x6A, 0xD4,
    0x4E, 0x8D, 0x21, 0xC7, 0x22, 0xBB, 0x85, 0x7F, 0xE4, 0xF0, 0x46, 0xC3, 0xAA, 0xB5, 0xF4, 0x78,
    0x22, 0x50, 0xEE, 0xC0, 0x6B, 0xA5, 0xBA, 0x56, 0x06, 0xED, 0xB7, 0x99, 0x71, 0xA1, 0xEB, 0xCC,
    0x68, 0x34, 0xCC, 0xCC, 0x78, 0xF8, 0x83, 0x11, 0x1D, 0x64, 0xC6, 0x11, 0xDA, 0x20, 0xD6, 0xDB,
    0xC9, 0x7A, 0x6D, 0x14, 0xBC, 0x05, 0x92, 0xFB, 0xD8, 0x44, 0x51, 0x26, 0xEA, 0x40, 0xB3, 0xA1,
    0x21, 0xC5, 0x98, 0x50, 0x46, 0x64, 0x1A, 0x50, 0xD1, 0x3D, 0x1A, 0x87, 0xE4, 0x03, 0xA6, 0xDB,
    0xC5, 0x44, 0xE6, 0xBC, 0xE0, 0xA3, 0xA8, 0xAE, 0x2A, 0x66, 0x55, 0xCC, 0x76, 0x8C, 0xAD, 0xFD,
    0x44, 0x99, 0xE6, 0x9B, 0xE2, 0x0F, 0xCA, 0x54, 0xBF, 0x28, 0x53, 0x06, 0x62, 0x11, 0xFA, 0x5C,
    0x84, 0x0D, 0x1F, 0x19, 0x40, 0xE8, 0xA4, 0x44, 0x75, 0xF0, 0xE7, 0x20, 0x02, 0x3F, 0x17, 0xE3,
    0x2C, 0x86, 0xA9, 0x72, 0x47, 0x49, 0x7C, 0xE9, 0x8F, 0x30, 0x8A, 0xDC, 0x47, 0x7B, 0xE4, 0x44,
    0x7E, 0xBC, 0xFB, 0x9E, 0x52, 0xFF, 0x0C, 0x96, 0x23, 0xA0, 0x00, 0xB3, 0x76, 0x9C, 0x8C, 0x09,
    0xE5, 0xFC, 0x66, 0x61, 0x0E, 0x2C, 0x1F, 0xDF, 0x74, 0x92, 0xE7, 0xBA, 0x17, 0x72, 0xE9, 0xFE,
    0x12, 0x98, 0x04, 0x91, 0x6E, 0x98, 0x89, 0x76, 0x4C, 0xA5, 0x79, 0xC8, 0x25, 0xC9, 0x70, 0x98,
    0x13, 0x14, 0x97, 0x0C, 0x53, 0x2A, 0xD4, 0x4B, 0x60, 0xD9, 0xAA, 0x0C, 0xF5, 0x98, 0x40, 0x6B,
    0xF8, 0x1A, 0x68, 0x8F, 0xE8, 0x67, 0x85, 0x01, 0x1C, 0xD8, 0xEF, 0x81, 0xCE, 0xC2, 0xB8, 0x0D,
    0x8C, 0x0D, 0xE3, 0x97, 0x77, 0x37, 0xFC, 0x1A, 0x0D, 0xDA, 0x07, 0xD8, 0xED, 0x1F, 0x76, 0x3B,
    0x5B, 0xDC, 0x6C, 0xAD, 0x75, 0x42, 0x1E, 0x00, 0xC6, 0xC3, 0xB7, 0xD6, 0x91, 0x92, 0xED, 0xA7,
    0xD8, 0xC2, 0xEC, 0x38, 0xB6, 0xF8, 0xB3, 0x81, 0xC9, 0xEB, 0x35, 0xDB, 0x0B, 0x7B, 0x1F, 0x85,
    0xA5, 0x4C, 0xCD, 0x2A, 0x0D, 0xE0, 0x61, 0xAE, 0x31, 0x70, 0x4D, 0xEA, 0xCC, 0x14, 0xCB, 0x3F,
    0xED, 0x95, 0x9D, 0x25, 0x16, 0x23, 0xDC, 0x43, 0x7E, 0xC3, 0xF6, 0xB1, 0x73, 0x7C, 0x3F, 0x5F,
    0x3D, 0x64, 0xAA, 0x6C, 0x8C, 0x6E, 0x9C, 0xBE, 0xAD, 0x96, 0x59, 0x1F, 0x3C, 0x5D, 0xF0, 0x07,
    0x9C, 0xFC, 0xCF, 0xCF, 0xE2, 0x49, 0x3A, 0xBF, 0x01, 0xB5, 0x7C, 0x4F, 0x8C, 0xDC, 0x56, 0x7A,
    0xE7, 0x63, 0x51, 0x32, 0xB5, 0xA2, 0x62, 0xEA, 0x20, 0x01, 0xB3, 0x1E, 0x3B, 0xF4, 0x61, 0x0E,
    0x93, 0x59, 0x59, 0xD4, 0xC1, 0x07, 0x25, 0xE8, 0x26, 0x19, 0x6B, 0x77, 0x0D, 0xAC, 0x0F, 0xD2,
    0x41, 0x3D, 0x02, 0x76, 0x0E, 0xED, 0xE3, 0xC6, 0x39, 0xC8, 0xC0, 0x1A, 0x58, 0x1F, 0xBA, 0xBB,
    0x68, 0x2B, 0xC0, 0x1C, 0x0C, 0x6C, 0xEB, 0x10, 0x9F, 0xA5, 0x83, 0x06, 0x98, 0xE9, 0x01, 0x22,
    0x1F, 0x04, 0x44, 0xD8, 0x29, 0x35, 0x29, 0x0B, 0x58, 0x1F, 0x74, 0xE8, 0x4A, 0x0C, 0x23, 0x40,
    0x06, 0x48, 0x97, 0xAD, 0x4C, 0x82, 0x68, 0x16, 0xDB, 0xB4, 0x55, 0x8E, 0x69, 0x89, 0x55, 0xCC,
    0xEF, 0xF7, 0x7D, 0x8F, 0xDD, 0x55, 0xD5, 0xDD, 0x52, 0xDB, 0xD8, 0x6D, 0xA8, 0xF4, 0xFB, 0xBA,
    0xC9, 0x22, 0xDF, 0x7B, 0x7C, 0xEF, 0xFB, 0xF3, 0xFB, 0xBE, 0x47, 0x63, 0x9E, 0xFE, 0x73, 0x18,
    0x9F, 0xA0, 0xFD, 0xA4, 0xF8, 0xF4, 0xF1, 0x29, 0xF1, 0xA9, 0xF1, 0x19, 0xE1, 0x93, 0xE0, 0x83,
    0x83, 0x81, 0x9F, 0xEA, 0xC7, 0x23, 0x1A, 0xFD, 0x3C, 0x6F, 0x3A, 0x5B, 0x2F, 0x9A, 0x70, 0x6C,
    0x4C, 0x82, 0x53, 0xBB, 0xF8, 0x4A, 0x32, 0x34, 0x26, 0xCA, 0x76, 0x2E, 0xEF, 0xDC, 0xC6, 0x27,
    0xC7, 0x81, 0xBC, 0xA9, 0x4D, 0xD0, 0x7C, 0x3B, 0x67, 0x82, 0xB1, 0x99, 0xE3, 0x9D, 0xE6, 0x78,
    0xCB, 0xEF, 0xFC, 0x9F, 0xDF, 0x73, 0x16, 0x4D, 0xB7, 0xC2, 0x45, 0x9A, 0x2A, 0x19, 0x3B, 0x4D,
    0x89, 0x9B, 0x36, 0xFD, 0x6E, 0x65, 0xD6, 0x4D, 0x32, 0x98, 0xED, 0xDB, 0xFE, 0x37, 0x5F, 0xC2,
    0xA5, 0x22, 0xFC, 0xED, 0x87, 0x72, 0x60, 0x8C, 0x5F, 0xC7, 0x29, 0x0E, 0x64, 0xFF, 0x0F, 0x6E,
    0xFE, 0xA6, 0x31, 0xB7, 0x9E, 0xF2, 0xEF, 0x90, 0xB9, 0xD5, 0x98, 0xBF, 0x6E, 0x8A, 0x75, 0xBF,
    0xE8, 0x79, 0xC5, 0x2D, 0xFC, 0x0B, 0xB2, 0x5B, 0x91, 0xB9, 0x75, 0xC7, 0xE4, 0xA5, 0x59, 0x49,
    0xCD, 0x3B, 0xC6, 0xA0, 0xD5, 0xB7, 0x3B, 0xFD, 0xDB, 0x51, 0x3F, 0x6F, 0xE4, 0xDF, 0x83, 0xFE,
    0xBA, 0xDB, 0xBF, 0x3D, 0xF3, 0xCF, 0xEF, 0xDF, 0xCE, 0xE5, 0xE8, 0x93, 0x7E, 0x7E, 0xA5, 0x7F,
    0xCB, 0xED, 0x1B, 0xFC, 0xEB, 0xE0, 0xE1, 0x79, 0x18, 0x7D, 0x5F, 0x3F, 0xA9, 0xFF, 0x9E, 0x29,
    0xFD, 0x6B, 0xF8, 0x34, 0xA6, 0x8C, 0xC6, 0xE6, 0xAB, 0x66, 0x68, 0x9A, 0x26, 0xF3, 0x9A, 0xDF,
    0x67, 0xC9, 0xD8, 0xCF, 0xBA, 0xA5, 0x9F, 0xAD, 0xE0, 0x73, 0x01, 0x1F, 0x9C, 0xF3, 0xBE, 0x9E,
    0xC7, 0x4F, 0x3E, 0x32, 0x4F, 0x9A, 0xBE, 0x83, 0x73, 0xC3, 0xE6, 0x83, 0xAC, 0x5B, 0xE9, 0xB9,
    0xEF, 0xC8, 0x79, 0x9D, 0xD4, 0x60, 0x7A, 0xC8, 0x87, 0x7D, 0x76, 0xD6, 0xF0, 0xDF, 0x0B, 0x37,
    0xF0, 0x5F, 0x84, 0xAB, 0x77, 0xF0, 0x15, 0xE3, 0x8C, 0xFE, 0x78, 0xDD, 0x04, 0x5F, 0x7C, 0x52,
    0x1A, 0xAF, 0x3C, 0x1B, 0x15, 0x49, 0xA7, 0xC0, 0x20, 0x97, 0x67, 0x4F, 0x0F, 0x9A, 0x4E, 0xD1,
    0x98, 0x57, 0x3E, 0x3A, 0x7B, 0xEA, 0xAF, 0xEF, 0x77, 0x8A, 0x7F, 0xCE, 0xE6, 0x20, 0x25, 0x6F,
    0x74, 0x8A, 0x07, 0xC5, 0xBB, 0x90, 0x42, 0xBF, 0x53, 0x7C, 0x51, 0x7C, 0x04, 0xE9, 0x79, 0x48,
    0x83, 0xC1, 0xD3, 0xA5, 0x77, 0xAC, 0xF4, 0x79, 0xFF, 0xAC, 0x95, 0xBE, 0x28, 0xE6, 0xAC, 0xF4,
    0xA0, 0x38, 0xD5, 0x4A, 0x59, 0x60, 0xA5, 0x2D, 0xE3, 0x97, 0x2A, 0x8D, 0x8D, 0x6B, 0xA5, 0xDA,
    0x38, 0x56, 0xC2, 0xA4, 0x1D, 0x8A, 0x74, 0x17, 0xDD, 0x9A, 0x13, 0xE9, 0x5E, 0x81, 0xF9, 0x2D,
    0xD2, 0x06, 0xFA, 0xE6, 0x55, 0x94, 0x46, 0xEC, 0xAF, 0x48, 0x43, 0x3E, 0xE9, 0x25, 0x48, 0x18,
    0x74, 0xFC, 0x84, 0x90, 0xB8, 0x78, 0x70, 0xE2, 0xFF, 0x79, 0xDE, 0x9F, 0xD7, 0xC9, 0x57, 0x3F,
    0xEF, 0x0F, 0x75, 0x4A, 0xCC, 0x3F, 0xEF, 0x17, 0x2A, 0x05, 0xFF, 0x33, 0xB2, 0xD3, 0xA4, 0xF3,
    0x7F, 0x6F, 0xB7, 0x33, 0x26, 0xDF, 0x9E, 0x3B, 0x61, 0xBA, 0xEF, 0x3A, 0xD5, 0x1B, 0xE1, 0xB1,
    0x96, 0xF6, 0x54, 0xFB, 0x25, 0xCC, 0x3E, 0xB9, 0xDB, 0x78, 0xAC, 0x87, 0xAB, 0x44, 0x6E, 0x15,
    0x0D, 0x02, 0xB9, 0x79, 0x93, 0x76, 0x78, 0xC0, 0xE7, 0xF2, 0xC4, 0x15, 0xBA, 0xBA, 0xB2, 0xBD,
    0xE6, 0xB3, 0x85, 0x85, 0x4B, 0x4D, 0x3F, 0x19, 0x35, 0xF8, 0x49, 0xEA, 0xE4, 0x6F, 0x88, 0x5E,
    0xF9, 0x07, 0x7A, 0xCD, 0x0B, 0xFB, 0x35, 0x22, 0x68, 0xE4, 0x67, 0xD0, 0xE2, 0xD1, 0xB5, 0x5F,
    0x8F, 0xD7, 0xD6, 0xD6, 0xAE, 0xA2, 0xDF, 0xB6, 0x59, 0x50, 0x1F, 0x72, 0xDF, 0x24, 0x33, 0x1C,
    0x2D, 0x43, 0xD5, 0x80, 0x4E, 0xB9, 0x58, 0x84, 0x61, 0x5F, 0x5B, 0xCF, 0x53, 0x93, 0xE2, 0xE4,
    0xAF, 0xB1, 0xF4, 0x1C, 0xBD, 0x0E, 0xA7, 0x4D, 0xD3, 0x3C, 0xEC, 0xA6, 0xA6, 0x79, 0x88, 0x7B,
    0x07, 0x85, 0x91, 0x71, 0xF0, 0xA7, 0xD6, 0xB2, 0x1D, 0x9A, 0xA0, 0x38, 0x00, 0xBA, 0x7A, 0xDD,
    0xB4, 0x45, 0x67, 0x6D, 0xED, 0xE6, 0xC3, 0xB5, 0xB5, 0x03, 0x7F, 0xBF, 0xC5, 0xAE, 0x7E, 0xBF,
    0x6E, 0xF1, 0x27, 0xDA, 0xDF, 0x1B, 0x13, 0xFD, 0x2D, 0xCC, 0x71, 0x19, 0xEF, 0x4C, 0xE7, 0x04,
    0xB4, 0x65, 0x4D, 0xE4, 0x78, 0xF3, 0x29, 0xE3, 0xE9, 0x44, 0x85, 0x9E, 0x1E, 0x0C, 0xF4, 0xAA,
    0x6E, 0x29, 0xA7, 0x39, 0x3F, 0xC3, 0x89, 0xE3, 0x35, 0x5C, 0x76, 0xDC, 0xB6, 0x97, 0x38, 0xFE,
    0x45, 0x1A, 0x15, 0xCE, 0xBF, 0xA4, 0x13, 0x4D, 0x79, 0x0E, 0x8F, 0x91, 0x3F, 0xFD, 0x1D, 0xE4,
    0x3D, 0xFC, 0x03, 0xE0, 0xEC, 0xF7, 0x66, 0x15, 0xE4, 0x02, 0x7F, 0x2E, 0xD8, 0xFB, 0x57, 0x3B,
    0x28, 0xBD, 0x9B, 0xC2, 0xE4, 0x80, 0xB8, 0x62, 0x71, 0xA4, 0xD8, 0xA9, 0xDF, 0x04, 0x3A, 0x69,
    0x50, 0x36, 0x62, 0x15, 0xF2, 0x22, 0xE7, 0xBC, 0xF8, 0x61, 0x83, 0x39, 0x38, 0x30, 0xCF, 0x35,
    0x34, 0x17, 0x4D, 0x9A, 0x73, 0x8E, 0x3A, 0x4D, 0x91, 0x5C, 0x95, 0xE7, 0xBE, 0xC7, 0x2A, 0xA0,
    0x15, 0x72, 0x39, 0xE5, 0xE3, 0x5D, 0xC2, 0x7C, 0x2B, 0xCC, 0xB5, 0xC2, 0x92, 0xF9, 0x31, 0x84,
    0x79, 0x0A, 0x4B, 0x10, 0x96, 0x4D, 0x82, 0x49, 0x0E, 0xA1, 0xA6, 0x10, 0x9E, 0x77, 0xBF, 0x28,
    0xCD, 0xC9, 0x6F, 0xBB, 0xC1, 0x86, 0xFB, 0x00, 0x67, 0x97, 0xA7, 0xBD, 0x4D, 0x77, 0xAB, 0x80,
    0x2E, 0x88, 0xDD, 0xC6, 0x6D, 0xF0, 0xCC, 0xCA, 0xD8, 0x39, 0xEF, 0x7E, 0x8E, 0x07, 0x85, 0x4B,
    0xC8, 0x05, 0xDD, 0xC1, 0x9C, 0x15, 0x8A, 0x25, 0x13, 0xBA, 0xE8, 0x80, 0x57, 0xF4, 0x4C, 0xEE,
    0xA2, 0x4B, 0x7E, 0x51, 0xE1, 0x5B, 0x5B, 0x03, 0x3C, 0xDD, 0x61, 0xD8, 0xB8, 0x0F, 0xD0, 0xE7,
    0x71, 0xD9, 0x5C, 0x76, 0x07, 0x38, 0xA9, 0x29, 0xEB, 0xC8, 0x1D, 0x24, 0x5C, 0x8C, 0xD7, 0x13,
    0x77, 0x70, 0x0C, 0x3D, 0x1B, 0x9A, 0x58, 0x5A, 0x08, 0xCB, 0xDA, 0x13, 0x21, 0xCA, 0x4D, 0xED,
    0x0E, 0x0E, 0x19, 0xB3, 0x12, 0xBD, 0x3F, 0x74, 0x07, 0x30, 0x34, 0xB5, 0xEF, 0x95, 0x10, 0x52,
    0x77, 0xE8, 0x44, 0x05, 0xFF, 0x82, 0x75, 0x93, 0xE3, 0xB7, 0x08, 0x0B, 0x09, 0xB7, 0xEE, 0x60,
    0xBA, 0xBC, 0x24, 0xEA, 0xB7, 0xA9, 0xF7, 0x5C, 0xA3, 0x89, 0xC5, 0xA8, 0x5D, 0x30, 0x1C, 0xF7,
    0x5C, 0x27, 0x58, 0xD1, 0xE2, 0x1D, 0x79, 0xF0, 0x8B, 0xE8, 0x85, 0x4E, 0xE2, 0x59, 0xD4, 0x99,
    0x9F, 0x99, 0x6D, 0x5C, 0xB6, 0x57, 0xDA, 0x0F, 0x67, 0xCF, 0x5F, 0xE1, 0xF5, 0x8D, 0x1E, 0x37,
    0x13, 0xB8, 0xA2, 0x13, 0x4E, 0xCF, 0x2B, 0x77, 0x90, 0xC7, 0xDD, 0xA7, 0xE0, 0xEC, 0xF9, 0xBC,
    0xCE, 0xA5, 0xF6, 0xB8, 0xA8, 0x42, 0xA7, 0xD5, 0xA1, 0xD9, 0xF4, 0x42, 0xE6, 0x32, 0xE0, 0x73,
    0x97, 0x2F, 0x6E, 0xA3, 0xF4, 0xFF, 0x52, 0xA9, 0x83, 0xD5, 0xD9, 0x41, 0xB9, 0xFE, 0xB8, 0xD4,
    0xFB, 0xD4, 0xA2, 0xF9, 0x55, 0x1D, 0x06, 0x7D, 0x47, 0x17, 0x78, 0x2A, 0x8A, 0xCD, 0x19, 0x89,
    0x8E, 0x83, 0x42, 0x73, 0xDE, 0xA2, 0xFE, 0x4E, 0x74, 0xE1, 0x10, 0x1F, 0xFF, 0x25, 0x8E, 0xC5,
    0x7F, 0x09, 0x95, 0x3F, 0xB7, 0xBF, 0x82, 0x91, 0x66, 0x8C, 0x77, 0x10, 0x0F, 0xE3, 0xB3, 0x85,
    0x8B, 0xCF, 0x54, 0x48, 0xB6, 0xFD, 0x55, 0x8B, 0x27, 0x17, 0xEC, 0x0A, 0x0E, 0xB2, 0xA0, 0xA0,
    0x89, 0xD8, 0x07, 0x67, 0x15, 0xD9, 0xC9, 0xC5, 0xCF, 0x16, 0x3F, 0xBB, 0xF4, 0xBB, 0xDD, 0xDF,
    0x3B, 0x9A, 0x3D, 0x97, 0xBA, 0x3B, 0x8A, 0x22, 0xB2, 0xE3, 0xB5, 0x8D, 0x29, 0xDB, 0xE1, 0x96,
    0x91, 0xD9, 0x07, 0xB5, 0x61, 0xA5, 0x36, 0x94, 0xFE, 0x20, 0xFB, 0x45, 0xE4, 0xF1, 0x83, 0x62,
    0xA5, 0xD8, 0x58, 0x54, 0xFB, 0xB8, 0xDF, 0xB8, 0xB4, 0x3F, 0x3F, 0x56, 0xE3, 0xF9, 0xC3, 0x51,
    0xF8, 0x1A, 0xDA, 0x7F, 0xB9, 0x19, 0x87, 0xAF, 0x0F, 0xD9, 0xFE, 0xAB, 0xC1, 0x9F, 0x8E, 0x4C,
    0x34, 0xAE, 0xE0, 0xF6, 0x75, 0xCD, 0xBF, 0xC3, 0xB5, 0x83, 0x2C, 0x2C, 0x8C, 0xA0, 0x3F, 0x50,
    0x74, 0x33, 0x45, 0x55, 0x76, 0xBC, 0xF0, 0xAE, 0x71, 0xFE, 0xE9, 0x68, 0x61, 0xF1, 0x77, 0x7C,
    0x40, 0x95, 0x51, 0x5B, 0x5E, 0x19, 0xAF, 0x4F, 0x93, 0x8F, 0x05, 0x3F, 0xE0, 0x94, 0xAB, 0x9C,
    0x73, 0x5C, 0xEA, 0xE6, 0x71, 0x73, 0xA5, 0xBC, 0x03, 0x9D, 0xDD, 0x34, 0x57, 0xBE, 0xAC, 0xCD,
    0x7F, 0x68, 0x9A, 0x7F, 0xEC, 0x3C, 0x29, 0xB1, 0xFE, 0xD0, 0x97, 0xA6, 0x80, 0x9B, 0x48, 0x4C,
    0x61, 0x33, 0xA0, 0x14, 0xC7, 0x34, 0x1D, 0xB8, 0xDE, 0xD8, 0x9C, 0x25, 0x46, 0x0D, 0x27, 0x4C,
    0x65, 0x9A, 0xCB, 0xE9, 0x12, 0xD0, 0xAF, 0x83, 0x82, 0xD8, 0x1D, 0xF8, 0x65, 0xAF, 0xB3, 0x56,
    0x61, 0xF5, 0x37, 0xD0, 0x35, 0xE5, 0x11, 0x2A, 0x16, 0x57, 0x94, 0x79, 0xA4, 0x43, 0x90, 0xAA,
    0x36, 0xF4, 0xFA, 0x8A, 0xAD, 0x76, 0x14, 0xE5, 0x1D, 0x73, 0x56, 0x2B, 0x3A, 0x95, 0xA2, 0x81,
    0x92, 0x3D, 0xB9, 0x72, 0x91, 0xFD, 0x1A, 0x26, 0x4D, 0xDD, 0xA2, 0xCE, 0xA3, 0xD8, 0x8E, 0x66,
    0x4C, 0x83, 0xFB, 0x47, 0x44, 0xAF, 0xA0, 0x4A, 0x89, 0xE9, 0x80, 0xC4, 0x82, 0x03, 0xEA, 0xF8,
    0x98, 0x97, 0xC7, 0xE2, 0x8B, 0x7B, 0xB8, 0x7C, 0x8F, 0xBE, 0xBF, 0x53, 0xE2, 0xF9, 0x45, 0xE8,
    0xE7, 0x10, 0x7D, 0xE8, 0x8E, 0xD9, 0x93, 0xCA, 0xC4, 0x34, 0x07, 0x5C, 0x38, 0xF8, 0x6A, 0xCD,
    0x86, 0x00, 0x7B, 0x6E, 0x8B, 0x03, 0xC1, 0x25, 0xCE, 0x37, 0xE0, 0x32, 0xEE, 0x44, 0x3C, 0xEE,
    0x2B, 0xCA, 0x03, 0x89, 0x3D, 0x99, 0x48, 0x87, 0x57, 0x14, 0xC3, 0x91, 0x98, 0xAC, 0x8B, 0xC1,
    0xF0, 0x69, 0x7E, 0x92, 0x28, 0x46, 0xDE, 0xA5, 0xD6, 0x55, 0xAD, 0x5D, 0x67, 0x8B, 0x3A, 0xA5,
    0x99, 0xB0, 0x6C, 0x87, 0x17, 0x7E, 0xB1, 0x20, 0x02, 0xA7, 0xF7, 0xEB, 0x34, 0xC0, 0x14, 0xDE,
    0xA0, 0x60, 0x38, 0xA3, 0x3F, 0xBB, 0xF4, 0xB5, 0x08, 0xA1, 0x2C, 0x8D, 0x88, 0x6E, 0x0B, 0xDB,
    0x16, 0xD1, 0x97, 0x12, 0x01, 0xA3, 0x37, 0x08, 0x44, 0x18, 0x3F, 0x2E, 0xD9, 0xDC, 0x68, 0xA1,
    0xF9, 0xB2, 0xE4, 0x44, 0x4C, 0xCC, 0x68, 0x50, 0x45, 0xA2, 0x8E, 0xEB, 0xB4, 0x4E, 0x54, 0x30,
    0xBD, 0x65, 0x11, 0x30, 0x2E, 0xB5, 0x8C, 0x71, 0x65, 0x92, 0x4A, 0x2C, 0x58, 0x65, 0xC2, 0x52,
    0xB4, 0x64, 0x25, 0xC1, 0x17, 0x46, 0xB4, 0x12, 0x7F, 0x01, 0xDF, 0xC1, 0xC4, 0x28, 0x8D, 0x8E,
    0x26, 0x03, 0x2C, 0xB8, 0x19, 0x43, 0xA7, 0x6E, 0xD8, 0x3F, 0x67, 0xE8, 0x97, 0xD0, 0x41, 0x7E,
    0x1F, 0x7A, 0xAB, 0x8F, 0xEF, 0x87, 0x77, 0x2F, 0x7D, 0xD9, 0xA4, 0xDE, 0xC8, 0x24, 0x9D, 0xE6,
    0x1B, 0x3A, 0x57, 0xE6, 0x25, 0xA7, 0xB9, 0x87, 0xAB, 0xBC, 0x32, 0x39, 0x40, 0xAD, 0x71, 0x75,
    0x07, 0xBB, 0x05, 0x0E, 0xF2, 0x68, 0x4A, 0x70, 0x16, 0xBA, 0x1F, 0x5E, 0xD4, 0x73, 0xA2, 0xF6,
    0x64, 0x0A, 0x21, 0x26, 0xCD, 0xB4, 0x70, 0xF4, 0xD7, 0x8F, 0xAF, 0xEB, 0x39, 0x7E, 0x7B, 0x72,
    0xB0, 0x4B, 0x88, 0x86, 0x56, 0x48, 0x6A, 0x51, 0x29, 0x5C, 0x69, 0x56, 0xF8, 0xCD, 0xD6, 0xDF,
    0xAF, 0xE5, 0xF4, 0xD1, 0x1E, 0x3D, 0x28, 0xE5, 0x9C, 0xCE, 0xA3, 0x2F, 0xF4, 0xCA, 0xEE, 0xA7,
    0x03, 0xFD, 0x4B, 0x70, 0xAF, 0xBD, 0xFB, 0x39, 0x2B, 0x24, 0x6D, 0x7B, 0x4E, 0xB5, 0xC2, 0x91,
    0x5D, 0x4D, 0xFD, 0x6E, 0xC2, 0x1E, 0x33, 0x6A, 0x8F, 0x81, 0xEA, 0xA8, 0xB6, 0x9F, 0x10, 0x8C,
    0xFA, 0x85, 0xBB, 0x4E, 0x0E, 0xC5, 0x5C, 0x4D, 0x0A, 0x18, 0xA8, 0x35, 0xFE, 0x70, 0xA0, 0x42,
    0xED, 0x7B, 0xB0, 0x2D, 0x94, 0x46, 0xE3, 0x88, 0x70, 0x68, 0x9B, 0x83, 0xC0, 0xDA, 0x0A, 0x8D,
    0x5D, 0x9C, 0xBF, 0xD9, 0x2A, 0x34, 0xC2, 0xC0, 0x40, 0x89, 0xBD, 0xE6, 0x40, 0xA9, 0xDB, 0x86,
    0x81, 0x12, 0xC1, 0xC7, 0x40, 0x61, 0x99, 0x54, 0x3A, 0x50, 0x06, 0x0B, 0x50, 0x06, 0x8A, 0xC2,
    0x2B, 0x22, 0x60, 0x1D, 0x1C, 0x69, 0x05, 0x6D, 0xAA, 0xBB, 0x2D, 0x0C, 0xAC, 0xE0, 0x59, 0xE1,
    0x22, 0xD5, 0x25, 0x85, 0x9C, 0x86, 0x9D, 0x42, 0x32, 0xDE, 0x6B, 0x9C, 0xC2, 0x5D, 0xB8, 0x26,
    0xB1, 0x41, 0x68, 0xD4, 0x24, 0xEC, 0xA0, 0x28, 0xA9, 0x93, 0x97, 0x17, 0x22, 0x2E, 0x57, 0x98,
    0xA4, 0x45, 0xAF, 0xF0, 0x0A, 0xE0, 0x79, 0x97, 0xCB, 0x0A, 0x2A, 0xFF, 0xFD, 0x12, 0xAB, 0x2A,
    0x49, 0x83, 0xA2, 0xC2, 0xA2, 0xEA, 0x62, 0xD1, 0x2D, 0xE1, 0xD4, 0xBC, 0x74, 0xFB, 0x31, 0x56,
    0x12, 0xB4, 0xE0, 0xE0, 0x04, 0xF4, 0x53, 0x33, 0x2F, 0xAA, 0xA7, 0xB3, 0x15, 0x61, 0x69, 0xD4,
    0xC6, 0xDD, 0x0C, 0x8A, 0x1A, 0xAB, 0xC3, 0xBF, 0xE6, 0x15, 0xCB, 0xE8, 0x4D, 0xB0, 0xE8, 0xA6,
    0x09, 0x8C, 0x7F, 0x84, 0xF6, 0x84, 0xD7, 0x0A, 0x13, 0x87, 0x8C, 0x5F, 0xB0, 0xA2, 0x80, 0x1E,
    0x3A, 0x70, 0x3B, 0xD4, 0xB0, 0xE4, 0x0C, 0xD0, 0x1F, 0x6B, 0xBB, 0x23, 0xF6, 0x10, 0xD8, 0x2C,
    0x0E, 0x88, 0x5E, 0xED, 0x31, 0x6E, 0x41, 0xD4, 0xE4, 0x40, 0x67, 0x87, 0x1E, 0x8E, 0x82, 0xDF,
    0x08, 0xDD, 0x8A, 0x71, 0x96, 0x09, 0x1D, 0x1A, 0x8C, 0x8F, 0x84, 0x41, 0x99, 0x72, 0xAA, 0xF9,
    0x98, 0x8F, 0x5A, 0x8C, 0x0A, 0xC5, 0x5C, 0x7F, 0xE7, 0x0D, 0x89, 0x5C, 0xE4, 0xC4, 0xBC, 0x10,
    0x74, 0xC7, 0x32, 0x3F, 0x46, 0x5C, 0xE9, 0xC0, 0x31, 0x9B, 0x81, 0x69, 0xF2, 0xCB, 0x39, 0x46,
    0xF4, 0xA2, 0xA1, 0x10, 0x40, 0xF8, 0xD4, 0x19, 0x70, 0x06, 0xD9, 0x09, 0x83, 0x58, 0x29, 0x80,
    0x3D, 0x61, 0x48, 0x1A, 0x3D, 0x81, 0xF7, 0x49, 0x15, 0xFB, 0x15, 0x34, 0x04, 0xAE, 0x77, 0xA7,
    0xAC, 0xE9, 0xC6, 0x9A, 0xAF, 0xCB, 0xB3, 0x64, 0x63, 0x3A, 0x5F, 0x96, 0xC7, 0xF3, 0xCC, 0x1C,
    0x77, 0x3F, 0x2F, 0xCD, 0x29, 0x1C, 0x0D, 0x18, 0xE3, 0x22, 0x3A, 0x8D, 0xDE, 0x23, 0xBA, 0xC3,
    0x44, 0xDA, 0x17, 0x0E, 0x5E, 0x12, 0xEC, 0x66, 0x47, 0x88, 0x0C, 0x1A, 0x89, 0x98, 0x86, 0x93,
    0xED, 0x94, 0x71, 0x72, 0x30, 0x1A, 0x72, 0x89, 0xD2, 0x6B, 0x52, 0xC1, 0xCE, 0x60, 0xFF, 0xF9,
    0x80, 0x71, 0xA3, 0x22, 0xEF, 0x94, 0x82, 0x27, 0x2C, 0xF6, 0x76, 0x23, 0xE6, 0x83, 0x20, 0xE6,
    0xC1, 0x14, 0x72, 0x3E, 0x4C, 0x61, 0x37, 0x53, 0xCC, 0x0B, 0xC5, 0xA6, 0x0C, 0x52, 0xA0, 0xD3,
    0x54, 0x82, 0x6E, 0x33, 0xA7, 0xB8, 0x95, 0x08, 0xFA, 0xD7, 0x8E, 0x09, 0x06, 0x8B, 0x60, 0x70,
    0x80, 0x98, 0x0F, 0x21, 0x11, 0xF3, 0x21, 0x22, 0xD6, 0x16, 0x6F, 0x73, 0x5E, 0x02, 0x31, 0x1F,
    0xE6, 0x8D, 0xB6, 0xAB, 0x67, 0xB1, 0x56, 0xC4, 0xEA, 0x79, 0x97, 0xC8, 0x07, 0x42, 0xA4, 0x9E,
    0x13, 0x2C, 0x14, 0xE5, 0xE1, 0xEF, 0x1E, 0x8A, 0x68, 0x1B, 0x5F, 0x90, 0x50, 0x39, 0xA2, 0x77,
    0x51, 0x4E, 0xA1, 0x2C, 0xC3, 0x19, 0xEC, 0x36, 0xE3, 0x29, 0x3C, 0xD9, 0xBD, 0xA8, 0xC7, 0x13,
    0x93, 0x1C, 0x22, 0xE6, 0x26, 0x61, 0xB3, 0x4C, 0x93, 0x25, 0x89, 0x60, 0x91, 0x44, 0xEF, 0xC3,
    0xD6, 0x35, 0x65, 0x1C, 0x7C, 0x8C, 0x39, 0xD5, 0x54, 0xB1, 0xFB, 0x15, 0x70, 0x6B, 0x4E, 0xD0,
    0xBF, 0xF9, 0x4A, 0x6C, 0x1E, 0x63, 0x5D, 0x44, 0x47, 0xE6, 0x0D, 0x22, 0xA0, 0x30, 0x82, 0xB9,
    0xC1, 0xF7, 0xE2, 0x08, 0x61, 0x12, 0x57, 0x52, 0xC4, 0xC5, 0x54, 0x1A, 0x58, 0xAD, 0x1A, 0x78,
    0xF6, 0xED, 0x48, 0xEC, 0xE5, 0xBC, 0x89, 0xB0, 0xA8, 0x04, 0xD1, 0x6F, 0x41, 0x28, 0x06, 0x41,
    0xAC, 0xD1, 0x4E, 0x39, 0x67, 0x22, 0xF0, 0x7D, 0x0E, 0x7C, 0xBD, 0x88, 0x56, 0x8E, 0xC6, 0xE0,
    0x18, 0x4D, 0x6B, 0x7A, 0x30, 0x45, 0xBA, 0x2D, 0xFC, 0x44, 0x55, 0xA2, 0x3B, 0xE8, 0xAA, 0x26,
    0x9C, 0x10, 0xF0, 0x5C, 0x6A, 0xD5, 0x9F, 0xD3, 0xC2, 0xE1, 0x9F, 0x7D, 0x7D, 0x21, 0xD6, 0x50,
    0xD7, 0x9E, 0x43, 0x43, 0x33, 0x23, 0xC0, 0xE2, 0xCC, 0x8B, 0x00, 0x45, 0xAA, 0x42, 0xB7, 0x49,
    0x55, 0x78, 0xB2, 0xD5, 0x5F, 0x16, 0xE1, 0xD1, 0x83, 0x61, 0x8F, 0x42, 0xE7, 0xD1, 0xA0, 0x14,
    0x01, 0x8A, 0xF4, 0xCD, 0x9A, 0x02, 0x2D, 0x4E, 0x25, 0x37, 0xBD, 0x32, 0xC0, 0xE3, 0xAF, 0xC5,
    0xE2, 0x60, 0x90, 0xEA, 0x43, 0x54, 0xA4, 0x18, 0x90, 0xDA, 0xCF, 0xA0, 0x48, 0xA1, 0x66, 0x6A,
    0xCC, 0x02, 0x97, 0xCE, 0x40, 0x8D, 0xD9, 0x8E, 0xA8, 0x2F, 0xB3, 0x02, 0x16, 0x7E, 0x0D, 0x95,
    0xEE, 0x7E, 0x2E, 0x34, 0x24, 0x2E, 0x0D, 0xA3, 0x26, 0x0A, 0xD4, 0x1D, 0x5C, 0x87, 0x9B, 0x78,
    0xE3, 0x40, 0x8A, 0xF4, 0xB0, 0x04, 0x53, 0xA1, 0xF0, 0x2F, 0xFD, 0x09, 0x94, 0x78, 0x04, 0x0B,
    0x07, 0xB8, 0x4E, 0x1F, 0x1F, 0x5D, 0xA8, 0x15, 0x39, 0x37, 0x13, 0xA3, 0x5C, 0x6C, 0x22, 0x87,
    0xB9, 0xB6, 0xE9, 0x58, 0xE8, 0x62, 0x26, 0x72, 0xF2, 0xF5, 0x18, 0x77, 0x0F, 0xDF, 0x5A, 0x1B,
    0xAF, 0xDD, 0x70, 0xB7, 0x96, 0x18, 0x1E, 0xD6, 0xEE, 0x56, 0x2C, 0xE8, 0x5F, 0x7B, 0x49, 0x8E,
    0x07, 0xE1, 0x21, 0x41, 0x2A, 0x52, 0xE2, 0xB2, 0xC5, 0xDA, 0xE2, 0x2D, 0x8B, 0x2F, 0x5B, 0x34,
    0x07, 0x40, 0x09, 0xAD, 0x42, 0x99, 0x2E, 0x82, 0x6F, 0x4D, 0x4F, 0x97, 0x3D, 0x7D, 0xFD, 0x93,
    0x12, 0x23, 0x2D, 0x5C, 0x98, 0xF5, 0xCD, 0xA1, 0x1C, 0x9B, 0x46, 0x8D, 0xE6, 0xC6, 0x86, 0x4C,
    0xA8, 0x3C, 0xB8, 0xC7, 0xEB, 0xBB, 0xF0, 0xA0, 0xF3, 0x4C, 0xB8, 0xB0, 0x22, 0x24, 0x37, 0x09,
    0x83, 0x82, 0x98, 0xBD, 0x2B, 0x2E, 0x7E, 0xB7, 0xC6, 0x70, 0x60, 0x96, 0x7A, 0xC3, 0x1F, 0xF8,
    0x32, 0xD1, 0x2E, 0x18, 0xDF, 0xC6, 0xAE, 0x70, 0x31, 0x2F, 0x8D, 0xEC, 0x9A, 0x55, 0x93, 0xDD,
    0xD1, 0xEB, 0x9B, 0xD6, 0xED, 0xDC, 0x2F, 0x16, 0x93, 0xF6, 0x3D, 0x9B, 0x5C, 0x3A, 0xB9, 0x58,
    0x58, 0x93, 0xAE, 0xB1, 0x6A, 0x34, 0x6B, 0x4F, 0x0F, 0x44, 0x4E, 0xED, 0xBE, 0xFF, 0xA5, 0xA6,
    0x91, 0xFB, 0x7B, 0xCD, 0x96, 0xB4, 0x37, 0xD8, 0xD8, 0x90, 0x50, 0x2E, 0x09, 0xEE, 0x0D, 0x25,
    0x66, 0x0D, 0x0A, 0x21, 0x03, 0x87, 0x41, 0x41, 0x96, 0x30, 0xE9, 0x07, 0x45, 0x50, 0xD1, 0x4F,
    0x0C, 0x0A, 0xF4, 0x30, 0xD4, 0x71, 0x19, 0xE6, 0x7D, 0xA2, 0x5F, 0xC1, 0x4A, 0x53, 0xB3, 0x7D,
    0x24, 0xB3, 0x8F, 0x97, 0x8D, 0x6C, 0xEC, 0xBD, 0x8D, 0xD6, 0x6D, 0x38, 0x30, 0xDA, 0x98, 0x7D,
    0xBF, 0xEB, 0xCC, 0x1A, 0x52, 0x71, 0xD6, 0xD5, 0x76, 0x7C, 0x17, 0xC4, 0xE2, 0x90, 0xA0, 0xA6,
    0x45, 0x18, 0xD2, 0x1B, 0x6B, 0x6B, 0xF9, 0x43, 0xD8, 0x3A, 0xCE, 0x8D, 0x4C, 0x0D, 0x29, 0x86,
    0x9E, 0x86, 0xD4, 0x15, 0x2C, 0x0C, 0x6D, 0x7B, 0xF4, 0x0D, 0xB4, 0xE3, 0x46, 0x26, 0x86, 0x34,
    0x3A, 0x9F, 0x99, 0xF5, 0x72, 0x64, 0xBA, 0xB8, 0xEE, 0xBF, 0x42, 0xC9, 0x61, 0x31, 0x77, 0xBE,
    0x2A, 0x4F, 0xB8, 0x43, 0x44, 0x8B, 0x50, 0x9E, 0xC1, 0x00, 0xF7, 0x81, 0x92, 0x8D, 0x60, 0x83,
    0xA8, 0x74, 0x31, 0x84, 0x19, 0x94, 0x30, 0xCC, 0x7B, 0x90, 0xBD, 0x02, 0x5B, 0x33, 0x04, 0x1E,
    0xC1, 0xEF, 0x85, 0xB6, 0xCB, 0xD9, 0xB7, 0xBD, 0x6B, 0xB9, 0x62, 0xDE, 0x68, 0x7F, 0x93, 0x6A,
    0xD6, 0x93, 0x60, 0x58, 0xF1, 0xBD, 0x84, 0xD0, 0xF6, 0x7F, 0x47, 0xA0, 0x4B, 0xF1, 0x16, 0x98,
    0x50, 0x1B, 0x1B, 0x06, 0x99, 0xA5, 0x93, 0x29, 0x04, 0xDB, 0x42, 0x8D, 0x78, 0x41, 0x62, 0x99,
    0x46, 0x4C, 0x2E, 0x1C, 0x8B, 0xA6, 0x08, 0x33, 0x0A, 0x77, 0xBE, 0x81, 0x5F, 0x46, 0xE1, 0xEB,
    0xAF, 0x2A, 0x97, 0xF1, 0x0E, 0x7C, 0x0B, 0xB8, 0x5C, 0xD4, 0x73, 0x9F, 0x97, 0xAF, 0x8A, 0xC2,
    0x13, 0xEF, 0x82, 0x82, 0xB8, 0x17, 0xEF, 0x42, 0x48, 0xDA, 0xF6, 0xBC, 0xD4, 0x0A, 0x87, 0x0E,
    0xDA, 0x0B, 0x0E, 0x8E, 0x08, 0xDD, 0xC6, 0x8E, 0x46, 0x32, 0xC9, 0x79, 0x05, 0xD9, 0x2C, 0x1E,
    0x6E, 0xB9, 0x10, 0x99, 0x58, 0x3B, 0x88, 0xF0, 0x09, 0x0E, 0xC6, 0xE2, 0x87, 0x29, 0x11, 0xEB,
    0xA5, 0x30, 0xC3, 0x1D, 0x84, 0x8E, 0x74, 0xBE, 0x24, 0x26, 0x59, 0xE7, 0xF3, 0x92, 0x54, 0x66,
    0xDF, 0xFD, 0x5B, 0x62, 0xB7, 0x54, 0xCC, 0x6B, 0xF7, 0x63, 0x62, 0xB3, 0xEE, 0xDE, 0x03, 0x35,
    0xE7, 0x34, 0x37, 0xDF, 0xB8, 0x32, 0x80, 0xF6, 0xDF, 0x5A, 0xDD, 0x38, 0xD7, 0x47, 0xAC, 0xB4,
    0xF1, 0xF3, 0x0D, 0x0F, 0x18, 0xAC, 0x5E, 0x39, 0xED, 0x23, 0x52, 0x0C, 0xCF, 0x67, 0x2F, 0x06,
    0x85, 0xD7, 0x4F, 0x38, 0x1C, 0x99, 0x57, 0xDC, 0xE1, 0x68, 0x60, 0x29, 0x71, 0x54, 0x12, 0xE0,
    0x19, 0xE0, 0x1D, 0x2E, 0xB1, 0x20, 0x73, 0x6A, 0x45, 0x57, 0x1A, 0x89, 0xF6, 0x0E, 0x98, 0x02,
    0xC0, 0x54, 0x92, 0x98, 0x3B, 0x78, 0xAF, 0x31, 0x6B, 0x0C, 0x0A, 0xAE, 0x20, 0xCD, 0xC4, 0x54,
    0x5C, 0x36, 0x30, 0xF9, 0x1E, 0x81, 0x2F, 0xBE, 0x3A, 0x6F, 0xB1, 0x67, 0xB1, 0xB6, 0x58, 0x29,
    0x2A, 0x37, 0x8D, 0xFB, 0x20, 0xF2, 0xB8, 0x0E, 0xEE, 0xE7, 0x1C, 0xC7, 0x05, 0x4A, 0x7E, 0xA3,
    0xC5, 0x42, 0x1C, 0x98, 0x2C, 0x91, 0x49, 0x18, 0x15, 0xEB, 0x82, 0xC9, 0xA0, 0x96, 0x99, 0x92,
    0x0C, 0x6F, 0x0B, 0xE6, 0xF5, 0xF1, 0x8F, 0x88, 0x4D, 0x8E, 0x76, 0x23, 0xFC, 0x6C, 0x6E, 0xA6,
    0x39, 0x10, 0xE3, 0x50, 0x80, 0xA9, 0x2C, 0xDD, 0x8D, 0x9F, 0x67, 0x3E, 0xA9, 0xCB, 0x8D, 0xF7,
    0x61, 0x86, 0x80, 0x58, 0x42, 0x66, 0x04, 0x53, 0xC8, 0xF1, 0x9F, 0x77, 0x07, 0x1C, 0x07, 0x73,
    0xC2, 0xEB, 0xF7, 0xE4, 0x79, 0x79, 0xFD, 0x57, 0x05, 0xFD, 0xC2, 0x4C, 0x61, 0x30, 0x83, 0x61,
    0x26, 0x4B, 0x65, 0x2D, 0xE7, 0xB8, 0x60, 0xB9, 0x8E, 0x75, 0xE9, 0x34, 0xD5, 0x3E, 0x76, 0xF3,
    0x88, 0x22, 0x94, 0x9A, 0x60, 0x4E, 0xC7, 0x1D, 0x49, 0x40, 0x1A, 0x1A, 0x38, 0xF2, 0xCD, 0xB7,
    0x46, 0x11, 0x7A, 0x11, 0x76, 0xF3, 0x47, 0x8C, 0xEB, 0x69, 0x2F, 0x27, 0x91, 0x43, 0x3F, 0x85,
    0x30, 0x14, 0x82, 0xB0, 0x9B, 0xC0, 0x0B, 0xB4, 0x9B, 0xEE, 0x3F, 0xE5, 0x15, 0x1C, 0x4E, 0xE7,
    0x32, 0xF4, 0x6E, 0xA7, 0x99, 0xC3, 0x30, 0x3E, 0x4E, 0x61, 0x37, 0x91, 0x12, 0x41, 0x4F, 0xAE,
    0x1D, 0xFB, 0x95, 0x50, 0x6A, 0x8B, 0xFA, 0x7D, 0xDA, 0x4D, 0xA1, 0x38, 0x2C, 0xD6, 0x16, 0x6F,
    0x5B, 0x3C, 0xA3, 0x78, 0xC1, 0x28, 0xF6, 0xF6, 0x44, 0xBA, 0x21, 0xC4, 0xC7, 0x6B, 0x8A, 0x1A,
    0x48, 0x91, 0x3F, 0x2C, 0x76, 0xE9, 0x4D, 0xF2, 0x0F, 0xC3, 0x83, 0xE3, 0xC9, 0xCB, 0x1F, 0x0A,
    0x76, 0x69, 0xFC, 0x26, 0x50, 0x18, 0xE4, 0xA1, 0xB8, 0x18, 0xE2, 0x0F, 0x80, 0xFD, 0x50, 0xEC,
    0x96, 0xA4, 0xC3, 0x2E, 0xD2, 0x88, 0x3B, 0xA2, 0x4A, 0xD7, 0x05, 0x3B, 0x20, 0xAE, 0x18, 0x8F,
    0xB8, 0x5B, 0xE7, 0x0B, 0xC6, 0x0F, 0xDE, 0xE6, 0xEB, 0x19, 0x03, 0x91, 0xE0, 0xDA, 0x39, 0x23,
    0xB8, 0x08, 0x6B, 0xBB, 0x89, 0x35, 0xC0, 0x29, 0x8E, 0x19, 0xB7, 0x4C, 0xFC, 0xA4, 0x30, 0x3D,
    0x60, 0x84, 0x38, 0xF5, 0x55, 0xA0, 0x38, 0xB2, 0x21, 0x29, 0x56, 0xFA, 0x5C, 0x29, 0xBC, 0x99,
    0x75, 0x22, 0xB4, 0x14, 0x78, 0xD7, 0x10, 0x99, 0x11, 0x06, 0x40, 0x61, 0x8A, 0x87, 0xCA, 0x00,
    0xEC, 0x5C, 0x2D, 0x0E, 0x4F, 0x98, 0x52, 0x69, 0xBC, 0xB3, 0x4F, 0xCE, 0x6C, 0xF8, 0x6C, 0xC1,
    0x99, 0x14, 0x0E, 0xFF, 0xEC, 0x77, 0xFF, 0x69, 0xE1, 0xA7, 0xDF, 0x5E, 0xA4, 0xDA, 0xFC, 0xBD,
    0x90, 0xB3, 0xDB, 0x82, 0x24, 0xC7, 0x55, 0x43, 0x0D, 0xAC, 0x79, 0x82, 0x5F, 0x71, 0x41, 0x84,
    0x08, 0xF4, 0x96, 0x68, 0xD5, 0xA4, 0x71, 0x54, 0xE8, 0x6E, 0x66, 0x95, 0x38, 0xB8, 0x4F, 0xFE,
    0xAE, 0xE8, 0xC9, 0xFD, 0x1E, 0x7D, 0x5A, 0x0A, 0xC9, 0xD5, 0x79, 0xD0, 0x2F, 0x13, 0xDA, 0x56,
    0xF7, 0x5E, 0xFF, 0x6A, 0xC8, 0x65, 0x12, 0xDC, 0x83, 0xD1, 0xDD, 0x4C, 0xC9, 0x6C, 0xF4, 0x61,
    0x8B, 0x84, 0xD9, 0xE8, 0x4B, 0x58, 0x88, 0x95, 0x63, 0x19, 0xAD, 0x63, 0x4C, 0xF0, 0x36, 0xB6,
    0x5F, 0x5E, 0x53, 0xA8, 0x10, 0x6E, 0x96, 0x2A, 0x74, 0xCF, 0x8D, 0x44, 0xC0, 0xD0, 0xF3, 0x98,
    0xDB, 0x87, 0xE7, 0x1B, 0x8D, 0x24, 0xC2, 0x2E, 0xE4, 0x4A, 0x6E, 0xFF, 0x15, 0xC9, 0x8D, 0x4C,
    0xC5, 0xAA, 0x33, 0x31, 0xCA, 0x14, 0x79, 0x6E, 0x1D, 0x8B, 0x61, 0x8B, 0x27, 0xBB, 0x0B, 0xB3,
    0x24, 0xE1, 0xD3, 0x51, 0xBF, 0x98, 0x6E, 0xA3, 0xB2, 0xD5, 0x46, 0x57, 0xFB, 0x77, 0x71, 0xF0,
    0x98, 0xF4, 0x90, 0xAF, 0x35, 0x5B, 0xD2, 0xC0, 0xC8, 0x3A, 0x7A, 0x8D, 0x3A, 0x7A, 0x5E, 0xA5,
    0x8E, 0x5E, 0x02, 0x47, 0x2F, 0xB2, 0x8E, 0x1E, 0x62, 0xD3, 0xCB, 0xE2, 0xD0, 0xE4, 0x55, 0xD7,
    0x3A, 0x34, 0xAF, 0xE8, 0x7D, 0x3E, 0x9A, 0x25, 0x8F, 0x6D, 0x16, 0x32, 0xDB, 0x46, 0xAB, 0x2D,
    0xE5, 0x49, 0x3F, 0x0D, 0x67, 0xBF, 0x87, 0xBF, 0x9F, 0xB0, 0x86, 0x2A, 0x9E, 0xC0, 0xCE, 0x2C,
    0x3E, 0xD2, 0x7E, 0x6D, 0x23, 0xE2, 0x2A, 0x2A, 0x24, 0x97, 0x41, 0xDB, 0x40, 0xD0, 0xA7, 0xBE,
    0xC2, 0xE4, 0x09, 0xD7, 0x6B, 0xC1, 0x84, 0xC4, 0x07, 0x08, 0xDE, 0x3A, 0x06, 0x19, 0x03, 0x23,
    0x33, 0x8C, 0xB1, 0x24, 0x60, 0x8B, 0x07, 0x71, 0x87, 0x2E, 0x47, 0x37, 0x8B, 0x91, 0x23, 0x8A,
    0x5E, 0x1B, 0xE3, 0xFA, 0x11, 0x14, 0xEE, 0x90, 0xBC, 0x6D, 0xBD, 0x82, 0x51, 0xC6, 0xFD, 0xCA,
    0xDA, 0xD1, 0xFB, 0xFE, 0x78, 0xE2, 0xD1, 0x9C, 0x98, 0xF5, 0xB4, 0x3A, 0xE5, 0x89, 0x56, 0x58,
    0x6E, 0x05, 0x26, 0x38, 0xC8, 0x9E, 0x96, 0x9C, 0xF7, 0x14, 0x86, 0x74, 0xA1, 0x44, 0x90, 0x70,
    0x49, 0x84, 0xB7, 0xC5, 0xBF, 0x90, 0x31, 0xA3, 0x20, 0x26, 0x87, 0x2E, 0x97, 0xF9, 0xF6, 0x66,
    0x43, 0xDE, 0xE2, 0xB9, 0xDC, 0x32, 0x5B, 0x30, 0xC6, 0xE3, 0x1B, 0x14, 0xFC, 0xC7, 0x62, 0x9E,
    0xC2, 0xDA, 0x12, 0xB4, 0x8C, 0x86, 0x44, 0x88, 0x1B, 0x6B, 0xC1, 0xFE, 0xD7, 0x93, 0x3E, 0x4C,
    0x24, 0x7E, 0xBE, 0x7A, 0x34, 0x94, 0x14, 0x0F, 0x7C, 0xAF, 0x5A, 0xDA, 0x0E, 0x8B, 0xFC, 0xB6,
    0x04, 0x34, 0xF4, 0xBE, 0x34, 0xC2, 0x79, 0xAD, 0x54, 0x55, 0x25, 0xBA, 0x03, 0x6E, 0x97, 0x79,
    0x51, 0x84, 0x22, 0x30, 0x12, 0x26, 0xFB, 0x10, 0x64, 0xE8, 0xBD, 0x81, 0x15, 0xDC, 0x32, 0x54,
    0x01, 0x24, 0x88, 0x5D, 0xC6, 0x4C, 0x40, 0x8A, 0x90, 0xD4, 0x56, 0xF0, 0x87, 0x53, 0x86, 0x25,
    0xB6, 0xB8, 0x62, 0xB1, 0x67, 0x51, 0x7B, 0x62, 0xD4, 0xC0, 0x86, 0x92, 0x40, 0xAD, 0x61, 0x58,
    0x3C, 0x9B, 0x6C, 0x09, 0x38, 0x9F, 0x81, 0x5A, 0x12, 0x93, 0xD8, 0xE4, 0x5C, 0xA2, 0xB9, 0x71,
    0xD3, 0xBD, 0xAB, 0xEE, 0x4C, 0xD3, 0xFF, 0xEF, 0xB2, 0x3E, 0xC8, 0xEB, 0x4B, 0x36, 0xBC, 0xE7,
    0x2C, 0x5C, 0x82, 0x89, 0xDD, 0x9A, 0x17, 0xBF, 0xCC, 0xDD, 0x3C, 0x4D, 0xEA, 0x19, 0x8A, 0x14,
    0x91, 0x35, 0x87, 0x32, 0x14, 0xB5, 0x07, 0x45, 0xAA, 0xFE, 0x1B, 0x03, 0x32, 0x72, 0x74, 0x34,
    0x2C, 0x4C, 0x3A, 0xBF, 0x13, 0x4A, 0xFE, 0x99, 0x01, 0x19, 0x9F, 0x17, 0x0D, 0x0B, 0xC3, 0x41,
    0x1A, 0x12, 0xCE, 0x7B, 0x28, 0x4C, 0x59, 0xE7, 0x34, 0x24, 0xF8, 0x1A, 0x9E, 0x9C, 0x06, 0x94,
    0x34, 0x28, 0x5E, 0x1B, 0x58, 0x9E, 0xD4, 0x75, 0xBA, 0x97, 0x83, 0x45, 0x0C, 0x25, 0x52, 0xDA,
    0x41, 0x3D, 0x69, 0x06, 0xBB, 0x34, 0x4E, 0x13, 0x78, 0xF2, 0xF2, 0x67, 0x7F, 0x8A, 0x25, 0x0E,
    0x6F, 0x28, 0x73, 0xE5, 0x7B, 0x49, 0xE1, 0x29, 0x96, 0xAA, 0x0F, 0xF2, 0x4A, 0xB1, 0x19, 0x59,
    0xCC, 0xE5, 0x4A, 0x9D, 0xE6, 0xDA, 0x2A, 0xD1, 0xDD, 0x5C, 0x5D, 0x65, 0x3B, 0xFD, 0x8D, 0x2B,
    0xBC, 0x6F, 0x19, 0xAC, 0xB2, 0x3D, 0x97, 0xCA, 0x48, 0xCE, 0x72, 0x07, 0xB1, 0xC5, 0xDA, 0x3A,
    0x18, 0xEF, 0x5A, 0xC7, 0xE2, 0xE5, 0xA7, 0x38, 0x16, 0xC7, 0xC5, 0xD1, 0xCA, 0xC8, 0xE0, 0x5B,
    0xA7, 0xB9, 0x12, 0x74, 0x16, 0xF6, 0x21, 0x30, 0xE2, 0x83, 0xA3, 0x30, 0xE2, 0xB1, 0x65, 0x7E,
    0x27, 0x50, 0x98, 0x55, 0x49, 0x70, 0x94, 0xCF, 0x81, 0xF2, 0xBE, 0x81, 0xB0, 0x32, 0x10, 0xC3,
    0x1A, 0xD6, 0x8A, 0x5C, 0x10, 0xB1, 0xE8, 0xCF, 0x54, 0xF0, 0x37, 0xBF, 0x97, 0x85, 0x0C, 0x9E,
    0x42, 0x72, 0x30, 0xE0, 0x7B, 0x33, 0xE1, 0x50, 0x3F, 0xD5, 0xEB, 0x90, 0xED, 0x95, 0xEB, 0x5F,
    0x51, 0x4C, 0xEC, 0xFD, 0x5F, 0xB1, 0x78, 0xE4, 0xD9, 0xED, 0xCD, 0xB5, 0xFC, 0x60, 0x1B, 0xDF,
    0x12, 0x36, 0xC6, 0x1D, 0xEC, 0x93, 0x64, 0xA1, 0x11, 0x0B, 0xF7, 0x13, 0x90, 0x0F, 0x7B, 0x9A,
    0x70, 0x9B, 0xE3, 0xF0, 0xE9, 0x20, 0x44, 0x14, 0xA6, 0x02, 0x3A, 0x7C, 0x18, 0x2E, 0xE9, 0x20,
    0x1A, 0x93, 0x6C, 0x28, 0xDC, 0x2F, 0x9A, 0x81, 0x0A, 0x68, 0x09, 0x69, 0x07, 0x4C, 0x92, 0x2D,
    0x0A, 0x49, 0x99, 0x57, 0xA1, 0x08, 0x55, 0x33, 0x10, 0x21, 0x1F, 0xFD, 0x0F, 0x15, 0x9E, 0x6C,
    0xB9, 0x22, 0x74, 0xBE, 0xD9, 0xB8, 0x27, 0x82, 0xFB, 0x77, 0xF7, 0x70, 0x65, 0x4C, 0x75, 0xFF,
    0x93, 0x8F, 0xAF, 0x40, 0x80, 0x25, 0xF8, 0x39, 0xEF, 0x0E, 0x42, 0x34, 0x91, 0x66, 0x44, 0xE0,
    0x87, 0xDA, 0x86, 0xBD, 0x48, 0xE1, 0x28, 0x3D, 0x47, 0x0A, 0x52, 0x06, 0x67, 0x85, 0xF6, 0x2F,
    0x91, 0x08, 0x43, 0x51, 0x38, 0x5E, 0xE1, 0x68, 0x72, 0x04, 0x5D, 0xCE, 0x95, 0x7E, 0x28, 0x48,
    0x19, 0xCC, 0x38, 0x60, 0xD3, 0x08, 0xE6, 0x6F, 0x8D, 0x0E, 0x0C, 0x4D, 0x5A, 0x31, 0x81, 0x32,
    0x1F, 0xC5, 0x01, 0x03, 0x76, 0x85, 0xC6, 0xD8, 0x41, 0x4D, 0xE1, 0x0B, 0x13, 0x6E, 0xB1, 0x50,
    0xCC, 0x4B, 0xC5, 0xA6, 0x3A, 0x8A, 0xC2, 0x16, 0x60, 0x8F, 0xEB, 0x01, 0x31, 0xFC, 0x65, 0x41,
    0x77, 0xF3, 0x3C, 0x5D, 0xAB, 0xC2, 0xDF, 0xFC, 0x2F, 0x40, 0x3F, 0x83, 0xE3, 0x25, 0x77, 0x8A,
    0x42, 0xC5, 0xD8, 0x62, 0xCF, 0xE2, 0xBB, 0x16, 0xCF, 0x28, 0x42, 0x4F, 0xEC, 0x89, 0x74, 0xB4,
    0x48, 0xF9, 0x55, 0x44, 0xD5, 0x17, 0xA9, 0xD5, 0x17, 0xA9, 0xF9, 0xAF, 0x6B, 0xBF, 0xD8, 0x97,
    0xA8, 0x38, 0x6C, 0xED, 0xFA, 0x6C, 0x32, 0x79, 0x5F, 0x82, 0xA3, 0x4D, 0x86, 0xCF, 0x26, 0xC9,
    0x87, 0x3C, 0x1E, 0x3F, 0x1B, 0x77, 0x27, 0xD7, 0xF3, 0x91, 0x24, 0xD7, 0x1D, 0xEB, 0x47, 0x78,
    0x4D, 0xD3, 0xFA, 0x11, 0xA5, 0xF5, 0x23, 0xA8, 0x30, 0xBD, 0x7A, 0xC7, 0x8F, 0xD8, 0x21, 0x8C,
    0xD2, 0x6E, 0xAD, 0x7E, 0x44, 0x22, 0x7E, 0x44, 0x50, 0xBD, 0xB4, 0x8F, 0x1F, 0xF1, 0x94, 0xC0,
    0xB4, 0xC5, 0xC4, 0x06, 0xA4, 0x2D, 0xBE, 0x00, 0xE2, 0x8D, 0x01, 0x59, 0x6A, 0x84, 0x1E, 0xC4,
    0x58, 0x4E, 0xA0, 0x7C, 0xAF, 0xB6, 0x79, 0x5E, 0xA1, 0x30, 0x6D, 0x4A, 0x93, 0x24, 0x81, 0x30,
    0x99, 0x23, 0x45, 0xDA, 0x57, 0xC1, 0x55, 0xC9, 0xA1, 0x77, 0x9A, 0x0F, 0xE4, 0xFB, 0xEE, 0xE6,
    0x15, 0xF9, 0xDD, 0xDF, 0x78, 0x4F, 0xAE, 0x1F, 0xAC, 0xEA, 0xF5, 0x22, 0x7B, 0xDD, 0x15, 0x8B,
    0x3D, 0x8B, 0x67, 0x2D, 0x1E, 0x6F, 0xEF, 0xBB, 0x83, 0x6B, 0x68, 0xE7, 0x2F, 0x19, 0x90, 0x8A,
    0x7E, 0xDA, 0xC6, 0x99, 0xFE, 0xED, 0x56, 0x98, 0xB6, 0x4A, 0xCA, 0x6F, 0x93, 0x61, 0x76, 0xB8,
    0xBA, 0x96, 0x68, 0x93, 0x5A, 0x14, 0x23, 0x84, 0x4C, 0xD7, 0x3A, 0x02, 0x23, 0xFE, 0x39, 0xCA,
    0x3C, 0xAA, 0xE1, 0x3A, 0x28, 0x23, 0x06, 0x52, 0xF0, 0x69, 0xB9, 0x22, 0x3A, 0x18, 0x1A, 0x1B,
    0xFF, 0xE7, 0xE3, 0x36, 0xA7, 0x36, 0x94, 0x6A, 0xA2, 0x41, 0xD4, 0xDC, 0x00, 0x8C, 0x79, 0xC9,
    0x2A, 0x6F, 0xAE, 0xFA, 0x85, 0x0F, 0xFF, 0xF1, 0x2A, 0x9F, 0xCF, 0x0B, 0xE5, 0x33, 0xE7, 0xD5,
    0xF6, 0x73, 0x7C, 0x33, 0x28, 0x5E, 0x26, 0x62, 0x1E, 0xC8, 0x7C, 0x00, 0xDD, 0xC1, 0xB5, 0x17,
    0x16, 0x74, 0xB5, 0xC8, 0xB8, 0x07, 0xD4, 0x02, 0xAE, 0xCC, 0x87, 0x91, 0x11, 0x17, 0x8C, 0x64,
    0x3D, 0xCC, 0x59, 0x61, 0x5E, 0x14, 0x4B, 0xF5, 0xFF, 0x99, 0xC8, 0x3B, 0x3F, 0x45, 0xE4, 0x79,
    0x93, 0x44, 0xDE, 0x70, 0x87, 0xC8, 0xAB, 0xA7, 0x88, 0xBC, 0x1A, 0x2B, 0xE2, 0xB9, 0x94, 0x25,
    0x43, 0xE2, 0x7F, 0x5F, 0x34, 0xDB, 0xC5, 0x2D, 0xDB, 0x45, 0x2E, 0xDF, 0xAD, 0x2A, 0x6E, 0xA6,
    0xDD, 0xDB, 0x45, 0x35, 0x2F, 0x48, 0x5A, 0x73, 0xED, 0xFA, 0x76, 0xEF, 0x69, 0xC5, 0x93, 0xEF,
    0x8E, 0x21, 0x27, 0xC5, 0x0E, 0x5E, 0x80, 0x75, 0x38, 0x0F, 0x6A, 0xA2, 0x47, 0x9F, 0x4E, 0x30,
    0xB4, 0x18, 0x59, 0x4C, 0x4A, 0xC5, 0xEE, 0x50, 0x31, 0xAF, 0x15, 0x9F, 0x6C, 0x09, 0x76, 0x9E,
    0x6C, 0xAC, 0x12, 0xDD, 0xDF, 0xDE, 0xDF, 0x20, 0x7A, 0xF7, 0xEF, 0xC9, 0xEF, 0xC1, 0x07, 0x77,
    0xE5, 0x78, 0xE4, 0xEB, 0x75, 0x62, 0x8B, 0xA7, 0x2C, 0x1E, 0xB2, 0x48, 0x17, 0xF2, 0x61, 0xBE,
    0x56, 0x13, 0x65, 0xC0, 0x26, 0x50, 0x28, 0xF5, 0x1D, 0x3C, 0x9A, 0xCE, 0xBA, 0xD6, 0x93, 0xB5,
    0x9B, 0x3B, 0xC8, 0xA1, 0xFA, 0x15, 0x30, 0x51, 0x7B, 0xBB, 0x8D, 0xB6, 0x7C, 0x51, 0x91, 0xFE,
    0xC2, 0x24, 0x1E, 0xBD, 0xF9, 0xF0, 0xAA, 0x1C, 0x0F, 0xEC, 0x79, 0x44, 0x4E, 0x68, 0x49, 0x0A,
    0x32, 0x03, 0x53, 0x2A, 0xC2, 0x89, 0x0D, 0xC9, 0x01, 0xA1, 0x0A, 0x03, 0xAA, 0xB9, 0xC2, 0x38,
    0xA4, 0x11, 0xFD, 0xBD, 0x47, 0xBF, 0x2D, 0x88, 0xEE, 0x83, 0x4F, 0x59, 0xF0, 0x54, 0xB9, 0xF7,
    0xFE, 0xA6, 0x4F, 0x44, 0xF0, 0x99, 0xB2, 0x4E, 0x83, 0xB1, 0x27, 0x8C, 0xE9, 0x90, 0xA1, 0x27,
    0x42, 0xFB, 0xE1, 0x29, 0xB7, 0x8F, 0xC2, 0x09, 0x67, 0x78, 0x04, 0x41, 0x25, 0xC3, 0x01, 0xB4,
    0xCB, 0xB5, 0x28, 0xC5, 0x3E, 0x8C, 0x31, 0x2D, 0xA2, 0xB2, 0xE6, 0x67, 0x03, 0xE0, 0x48, 0xC8,
    0x54, 0xB7, 0xFF, 0x0E, 0x30, 0xDD, 0xAE, 0xD9, 0x7C, 0xC6, 0x3C, 0xF2, 0x6D, 0x51, 0x5A, 0x8B,
    0xD6, 0x5E, 0xA4, 0x48, 0xA2, 0xE2, 0xF8, 0x3F, 0xD2, 0xFC, 0x62, 0x5E, 0x57, 0xE2, 0xD3, 0x17,
    0x54, 0x29, 0x3E, 0xEE, 0x2F, 0xD9, 0x69, 0xD2, 0x91, 0x92, 0x7C, 0x83, 0xBE, 0xE6, 0xBD, 0xB8,
    0x1E, 0x78, 0x59, 0x14, 0x33, 0x1D, 0xD9, 0xBD, 0xAE, 0x90, 0x62, 0x6A, 0xC6, 0x92, 0xA5, 0xDF,
    0xB1, 0x03, 0x1A, 0x4F, 0x06, 0x1B, 0xF7, 0xE5, 0xD1, 0x74, 0x83, 0x7B, 0xD5, 0x7E, 0x44, 0xB9,
    0x5D, 0x5F, 0x88, 0xA4, 0x75, 0x7D, 0xA1, 0xFA, 0x7A, 0x40, 0x0C, 0x59, 0xDD, 0x21, 0x76, 0xF1,
    0x84, 0xF6, 0xE7, 0xCD, 0xFD, 0xED, 0x42, 0x6A, 0x9F, 0xDB, 0x0E, 0x4A, 0xC0, 0x0D, 0x8C, 0xEC,
    0xF1, 0xC4, 0x62, 0x6C, 0x31, 0x87, 0xA7, 0x41, 0xFF, 0x99, 0x7A, 0x0A, 0x78, 0x77, 0xB4, 0xD0,
    0x43, 0x26, 0xF0, 0xC3, 0x73, 0x52, 0x74, 0x83, 0x92, 0xA0, 0x52, 0x72, 0x52, 0x29, 0x66, 0x42,
    0xC5, 0xA4, 0x70, 0x58, 0x30, 0x12, 0x41, 0x26, 0x90, 0x47, 0x10, 0x4F, 0xE4, 0xF4, 0xE1, 0x3A,
    0x4D, 0xBD, 0xC4, 0x32, 0x38, 0xB7, 0xC9, 0xFF, 0xA3, 0x94, 0x69, 0x6D, 0x22, 0xFF, 0x80, 0xFA,
    0xE1, 0x60, 0xE3, 0xF5, 0x82, 0x36, 0x25, 0x38, 0xFF, 0x9A, 0x54, 0x06, 0x47, 0x2C, 0x3D, 0x18,
    0x0D, 0x61, 0x17, 0x52, 0xF4, 0xA6, 0x96, 0xBC, 0x95, 0x87, 0x84, 0xD8, 0xBB, 0x6C, 0x6F, 0x7F,
    0xC5, 0xBC, 0xCC, 0xF6, 0x91, 0x23, 0x64, 0xBB, 0xC4, 0x7F, 0x26, 0x41, 0x43, 0x93, 0x48, 0x82,
    0xC6, 0x63, 0xE9, 0x02, 0x4C, 0x24, 0xB5, 0x63, 0xDA, 0x48, 0xE9, 0x4A, 0x90, 0xB2, 0x02, 0xEE,
    0xED, 0xBD, 0xC6, 0xC1, 0xE9, 0x2B, 0x2A, 0x11, 0x9D, 0x5A, 0x3B, 0x93, 0x6A, 0x80, 0x45, 0xA4,
    0xEF, 0x43, 0xFC, 0x03, 0x21, 0xA8, 0x52, 0x6B, 0x35, 0x72, 0x1B, 0x57, 0x29, 0x11, 0x15, 0xA5,
    0x2F, 0xE0, 0x79, 0xFE, 0x92, 0x85, 0x78, 0x12, 0x8F, 0xE1, 0x59, 0x09, 0x76, 0x4B, 0x45, 0x38,
    0x67, 0x8A, 0x3D, 0xC1, 0xCE, 0xD6, 0x65, 0x41, 0xF8, 0x47, 0x29, 0xD1, 0xDF, 0x78, 0x43, 0x7E,
    0x0F, 0x56, 0x53, 0x41, 0xF6, 0x9F, 0x18, 0x5B, 0xAC, 0x2D, 0xDE, 0xB6, 0x78, 0xC6, 0xA2, 0xD9,
    0x03, 0xEF, 0x08, 0xF1, 0x9C, 0xAA, 0x47, 0x38, 0x81, 0x6D, 0x7F, 0xF7, 0xFC, 0xD9, 0xE1, 0x4B,
    0xA0, 0x97, 0x31, 0x6D, 0x62, 0xEB, 0x59, 0x0A, 0xD6, 0x6D, 0x8C, 0xA0, 0x08, 0x12, 0x12, 0x45,
    0x5B, 0x92, 0x98, 0xE7, 0x9C, 0x60, 0x78, 0x2A, 0x73, 0x83, 0xF3, 0x68, 0x45, 0xFE, 0x4C, 0xFB,
    0xA4, 0xF9, 0xAA, 0x26, 0x53, 0xDE, 0xA4, 0xE9, 0x0B, 0x22, 0x23, 0xFC, 0x67, 0xDD, 0x4B, 0xFF,
    0x3A, 0x74, 0x51, 0x04, 0x07, 0x36, 0x09, 0xB8, 0x84, 0x74, 0xE5, 0xDD, 0xA1, 0xB7, 0x3E, 0xEF,
    0x0C, 0x83, 0xF7, 0xCA, 0x60, 0xE5, 0x07, 0x08, 0x89, 0xB1, 0x88, 0x62, 0x68, 0xB0, 0x08, 0x19,
    0x72, 0x90, 0x08, 0x19, 0x8A, 0x2B, 0xE6, 0x63, 0xB0, 0x6F, 0xB5, 0x5B, 0xD6, 0x20, 0x19, 0xC8,
    0x69, 0xDD, 0x8E, 0x49, 0xEF, 0xBA, 0xE5, 0x99, 0xB8, 0x93, 0xF9, 0x85, 0xE4, 0x65, 0xF1, 0x08,
    0xB4, 0x2E, 0x6C, 0x9D, 0xEC, 0x44, 0x4C, 0x1E, 0x50, 0x48, 0x07, 0x35, 0x8D, 0x31, 0xEB, 0xBC,
    0x2F, 0x23, 0x56, 0x71, 0x48, 0xA2, 0xB1, 0x1F, 0x43, 0xD9, 0x57, 0x72, 0x62, 0xDF, 0x71, 0x68,
    0xB1, 0x2B, 0x76, 0x79, 0x07, 0x61, 0xB9, 0xEE, 0xD8, 0xE3, 0xCB, 0x98, 0xFF, 0x0B, 0x87, 0x49,
    0x64, 0x21, 0x33, 0x2E, 0x94, 0x77, 0x8B, 0x18, 0x07, 0xC5, 0x75, 0x8E, 0x78, 0xCD, 0x58, 0x39,
    0xA0, 0xFA, 0xC3, 0x7A, 0x08, 0xA9, 0xFE, 0x1C, 0x86, 0x0D, 0x68, 0x42, 0x67, 0x8C, 0x7A, 0x45,
    0x84, 0xBD, 0xEE, 0xB8, 0x47, 0x57, 0x74, 0xE8, 0x8D, 0xE7, 0xA9, 0x22, 0x86, 0xC1, 0xCA, 0x29,
    0x61, 0x6D, 0x82, 0x58, 0x39, 0x91, 0xC8, 0xE2, 0xBC, 0xC5, 0x9E, 0x3C, 0xA7, 0x73, 0x18, 0x07,
    0x3E, 0x9F, 0x4F, 0x07, 0x67, 0x2C, 0x6A, 0xBB, 0x74, 0x1C, 0x24, 0x1A, 0x88, 0xAD, 0xF1, 0x8B,
    0xAD, 0x8A, 0x23, 0x1E, 0x8F, 0x52, 0x1B, 0xD3, 0xD9, 0xD8, 0x0E, 0xED, 0x3B, 0xB4, 0x87, 0xDF,
    0x58, 0x1D, 0x14, 0x8F, 0x20, 0x8D, 0xF8, 0xE1, 0x6B, 0x25, 0xD2, 0x74, 0x98, 0x6B, 0xF7, 0x4A,
    0xA4, 0xED, 0x89, 0x03, 0x56, 0xCC, 0x20, 0xBE, 0xEE, 0x33, 0x94, 0x46, 0x7C, 0x5D, 0x90, 0x82,
    0x4C, 0x06, 0x2C, 0x53, 0x2E, 0x69, 0x1F, 0x8B, 0x0A, 0xAC, 0x54, 0x03, 0xFB, 0xC8, 0x7A, 0xB2,
    0x26, 0x67, 0x64, 0x04, 0x02, 0xFB, 0x5A, 0xC3, 0xEB, 0xBA, 0x5B, 0x1F, 0xFC, 0x03, 0xAA, 0xF5,
    0x8C, 0xB7, 0x71, 0x85, 0xF5, 0x87, 0x85, 0xF8, 0x8B, 0xA0, 0xD6, 0x42, 0xB9, 0x5F, 0x94, 0x0A,
    0x91, 0x5F, 0x25, 0x46, 0x88, 0x7C, 0x52, 0xB4, 0x44, 0xE8, 0xE5, 0x33, 0x6D, 0x22, 0x89, 0x98,
    0x14, 0x1A, 0x3F, 0x37, 0x36, 0x09, 0xA5, 0xED, 0x15, 0x7E, 0x0B, 0x7E, 0xA3, 0xFA, 0x6D, 0xC1,
    0xFB, 0x5A, 0x8B, 0xCE, 0x56, 0xEC, 0xA3, 0x27, 0xB5, 0xDE, 0xEB, 0x60, 0x28, 0xFA, 0x21, 0x12,
    0x7D, 0xFF, 0xBF, 0x33, 0xC5, 0xFB, 0x34, 0x74, 0x98, 0x9C, 0xBE, 0x60, 0x92, 0x59, 0x44, 0x79,
    0x51, 0x04, 0xFF, 0x04, 0x9B, 0x59, 0x0A, 0x56, 0x2A, 0x22, 0xC7, 0xAD, 0xB8, 0x2E, 0xC7, 0x11,
    0x3F, 0xBD, 0x41, 0x04, 0x81, 0x2D, 0xDF, 0xF7, 0x36, 0xDE, 0xF8, 0x80, 0x18, 0xAC, 0xBE, 0x26,
    0xC7, 0xC3, 0x40, 0xAF, 0x97, 0x58, 0xBC, 0x63, 0xB1, 0x67, 0xF1, 0x55, 0x8B, 0x66, 0x5F, 0xFC,
    0xCF, 0x37, 0xE1, 0x47, 0xC0, 0x8F, 0x3E, 0x6F, 0xFD, 0xE7, 0x16, 0xF7, 0xD1, 0x0F, 0xD1, 0x2E,
    0x0C, 0xC4, 0x61, 0xDE, 0x41, 0xF2, 0x31, 0x69, 0x7B, 0x1C, 0xEB, 0xA2, 0xF5, 0xAE, 0xA7, 0x70,
    0xBB, 0x24, 0xBC, 0xC5, 0x3C, 0x53, 0x47, 0x50, 0xF5, 0x03, 0x92, 0x4B, 0xA5, 0x20, 0x93, 0x2A,
    0x4B, 0x98, 0xBE, 0xA8, 0x18, 0xB1, 0x88, 0x82, 0x18, 0x60, 0x70, 0xF3, 0x98, 0x22, 0xFB, 0x0A,
    0x8C, 0x80, 0x35, 0x70, 0xD9, 0x22, 0x59, 0xB4, 0x0A, 0x78, 0x8B, 0xAB, 0x0A, 0x78, 0x26, 0xC2,
    0x62, 0xF1, 0xA4, 0x50, 0xD2, 0x05, 0x9E, 0x65, 0xF6, 0xAB, 0xEF, 0x15, 0x73, 0x62, 0xC7, 0x15,
    0x93, 0x54, 0x10, 0x6A, 0xCB, 0xFB, 0x1D, 0xFC, 0x38, 0x8F, 0x5B, 0x0F, 0x90, 0x74, 0xED, 0x90,
    0xE1, 0x2E, 0x77, 0x11, 0xD4, 0xA1, 0x0D, 0x31, 0x42, 0x6B, 0x58, 0x43, 0xA5, 0x50, 0x24, 0x11,
    0x52, 0x2A, 0x76, 0x6C, 0x21, 0x81, 0xD1, 0xF3, 0x68, 0x1F, 0x2A, 0xE8, 0x85, 0x16, 0xA5, 0xBF,
    0xA8, 0xA0, 0x99, 0x1E, 0x87, 0x6E, 0xE6, 0x88, 0x9B, 0x9D, 0xF7, 0x25, 0x9F, 0xA2, 0xFC, 0x1B,
    0x2B, 0x68, 0x90, 0xBD, 0x72, 0x48, 0xCA, 0x2E, 0x0B, 0xBA, 0x5B, 0x91, 0xA0, 0x7F, 0x2D, 0x38,
    0x47, 0x0C, 0xC2, 0xA3, 0xF2, 0x3B, 0x12, 0x3B, 0xF0, 0x90, 0x4A, 0xF2, 0x6F, 0x1E, 0x11, 0xFC,
    0x1B, 0xC8, 0x81, 0x92, 0x05, 0x11, 0x3E, 0xF1, 0x65, 0xF2, 0x6D, 0x4E, 0xF9, 0x23, 0xE1, 0xDB,
    0x1C, 0x24, 0x91, 0x43, 0xDC, 0x59, 0x71, 0x45, 0xD1, 0xA9, 0x15, 0x3D, 0x38, 0x17, 0xDF, 0xC2,
    0xAF, 0xE5, 0xA6, 0x1E, 0xF2, 0x40, 0xDC, 0xBF, 0xC5, 0xAD, 0x3A, 0xCE, 0xF4, 0x7C, 0x98, 0x37,
    0xBA, 0xFE, 0x9F, 0x8D, 0x5A, 0xE4, 0xDD, 0x95, 0xED, 0x3D, 0x35, 0xEC, 0xC4, 0x5B, 0x6B, 0x8F,
    0xD7, 0x6E, 0xD0, 0x5E, 0x48, 0xCE, 0x63, 0xDE, 0xE6, 0x3E, 0x96, 0x2D, 0xE6, 0xE6, 0x27, 0x38,
    0x7E, 0x1D, 0x76, 0xA3, 0x2B, 0x71, 0x69, 0xD3, 0x17, 0xC4, 0xA3, 0x58, 0x42, 0xB1, 0x69, 0xE9,
    0x8E, 0x2A, 0x8B, 0x4B, 0x82, 0xFE, 0x9D, 0x39, 0xC1, 0x60, 0xFE, 0x07, 0x82, 0xD1, 0xBC, 0x11,
    0x8C, 0x2D, 0xF6, 0x2C, 0xDE, 0xB6, 0x78, 0xC6, 0xA2, 0x11, 0x6C, 0x2C, 0xC2, 0x7B, 0x9A, 0x37,
    0xFF, 0xCD, 0x0C, 0x4F, 0xEE, 0xB4, 0x67, 0x3F, 0xDC, 0xD7, 0xA1, 0x9E, 0x14, 0x4E, 0x6A, 0x6E,
    0xA1, 0xF5, 0xA5, 0x27, 0x05, 0x3B, 0x5D, 0x24, 0x29, 0x67, 0xFD, 0x69, 0x29, 0x8C, 0x11, 0x81,
    0x93, 0x81, 0x9E, 0xB5, 0x94, 0xC8, 0x30, 0xB1, 0xE3, 0x8C, 0xDF, 0xD4, 0x52, 0x0F, 0x57, 0xAB,
    0x54, 0xB0, 0x3E, 0xC7, 0xB9, 0x6A, 0xEE, 0x64, 0x9D, 0xA1, 0x78, 0xB2, 0x59, 0x34, 0xE4, 0xDF,
    0x4D, 0xFE, 0xE9, 0xA7, 0xB4, 0x8D, 0xC6, 0x7C, 0xF3, 0xB7, 0xD7, 0x50, 0x92, 0x84, 0xE8, 0xF3,
    0x51, 0x3F, 0x2F, 0x62, 0xFA, 0x65, 0x0F, 0xFA, 0xE4, 0xE2, 0x03, 0xE3, 0xDD, 0xEB, 0x9F, 0x85,
    0x70, 0x08, 0x49, 0x5C, 0xAD, 0x72, 0x46, 0x19, 0x95, 0x15, 0xE2, 0x56, 0x38, 0xD5, 0x0A, 0x87,
    0x5A, 0xC1, 0x7C, 0x3F, 0x61, 0x2F, 0x55, 0x7A, 0x90, 0x40, 0x6E, 0x96, 0x98, 0x79, 0x41, 0x1D,
    0xE5, 0xAB, 0x54, 0x89, 0xAA, 0x42, 0xBC, 0xAD, 0x8D, 0x29, 0x47, 0xD9, 0x06, 0xA2, 0x66, 0x8C,
    0x9A, 0x4B, 0xD9, 0xE6, 0xA4, 0x8E, 0x77, 0x40, 0x47, 0xBC, 0x4F, 0x23, 0x00, 0xF6, 0xC9, 0x56,
    0x96, 0xF0, 0x3F, 0x0D, 0x48, 0x07, 0xC9, 0x40, 0x09, 0x14, 0xDD, 0x45, 0xD0, 0x61, 0x29, 0x7B,
    0xDB, 0x0E, 0x67, 0x4A, 0x05, 0x2E, 0x39, 0xE9, 0x61, 0x29, 0x31, 0xA2, 0xDE, 0x44, 0x76, 0x11,
    0xDA, 0x85, 0x91, 0x18, 0x72, 0xCC, 0xB0, 0x64, 0xF4, 0xFD, 0xA1, 0x57, 0x06, 0x3E, 0x58, 0x1A,
    0xE6, 0xDC, 0xDC, 0x12, 0x31, 0x3A, 0xF2, 0xF7, 0x4E, 0x75, 0x9A, 0xCB, 0x5F, 0xB7, 0x27, 0x1E,
    0x68, 0x1C, 0x76, 0x25, 0xB8, 0xF6, 0xAB, 0xE0, 0x99, 0x25, 0x0C, 0x2A, 0x6B, 0xD5, 0xF7, 0xC3,
    0x83, 0x9E, 0xBF, 0x8B, 0x88, 0x98, 0x48, 0x74, 0xE9, 0x36, 0xBE, 0x8D, 0xFB, 0x52, 0x6A, 0xD9,
    0x04, 0x1F, 0x8F, 0x64, 0x77, 0x1F, 0xD8, 0xC1, 0x82, 0xE5, 0xE7, 0x52, 0xB9, 0xE3, 0x6B, 0xC0,
    0x9F, 0x75, 0x87, 0x5A, 0xD1, 0x04, 0x3F, 0x18, 0xE8, 0x0D, 0xED, 0xB8, 0xEE, 0x6C, 0xE3, 0xCB,
    0x6D, 0xA0, 0xDF, 0xA2, 0x78, 0xAD, 0x4F, 0xC1, 0x83, 0x9E, 0x3F, 0x7B, 0xDE, 0x4E, 0x62, 0x6F,
    0x0A, 0x9F, 0x96, 0xD8, 0xD3, 0xF9, 0xE5, 0xFF, 0xDE, 0x26, 0xF6, 0xEE, 0xDF, 0x57, 0x0F, 0xD6,
    0xFF, 0x58, 0x13, 0x7B, 0xBE, 0xAD, 0xE0, 0xF2, 0x2D, 0x21, 0xE7, 0x93, 0x90, 0x8B, 0xC4, 0xCB,
    0x94, 0xC4, 0x9E, 0x6F, 0x13, 0x7B, 0xBE, 0x25, 0xE4, 0xFC, 0xE2, 0x7B, 0xAC, 0x83, 0xFD, 0xDB,
    0xE7, 0xDA, 0xF6, 0x05, 0x9B, 0x1B, 0xF2, 0x85, 0x64, 0xF5, 0x93, 0x52, 0xE7, 0xFD, 0xDD, 0x91,
    0x4D, 0x3C, 0xB2, 0xAA, 0x2E, 0x6A, 0x03, 0x44, 0x25, 0x0C, 0x23, 0x9D, 0xEF, 0x55, 0x5B, 0x49,
    0x75, 0x5A, 0xEF, 0x75, 0x5D, 0x27, 0xDC, 0xD0, 0x6C, 0x63, 0xAC, 0x35, 0xD9, 0xBB, 0xF0, 0xC0,
    0xE7, 0x3D, 0xE3, 0xFC, 0x43, 0xBB, 0x2B, 0x24, 0xAA, 0x69, 0x74, 0x6C, 0xE2, 0x4A, 0x37, 0x46,
    0x84, 0x96, 0xB1, 0x0B, 0x2D, 0xF5, 0x1F, 0x4A, 0x6C, 0xCE, 0x80, 0x6B, 0x55, 0x0D, 0x69, 0xB3,
    0x8A, 0x6D, 0x94, 0x48, 0x04, 0x7F, 0x78, 0x39, 0x95, 0x0A, 0x11, 0x26, 0xDD, 0x64, 0xF3, 0xDF,
    0x0A, 0x10, 0x39, 0xE8, 0x14, 0xE1, 0x02, 0x1E, 0x41, 0xF3, 0xB1, 0xD6, 0x07, 0x61, 0x33, 0x04,
    0x77, 0xB0, 0xB1, 0x3A, 0x54, 0xEA, 0xCB, 0x9B, 0x5C, 0x71, 0x33, 0x2C, 0x60, 0xF2, 0x8C, 0xBF,
    0xE9, 0x67, 0x3E, 0xE3, 0xFA, 0x45, 0x57, 0xE2, 0x02, 0x56, 0x4A, 0x04, 0x77, 0xB4, 0x52, 0x82,
    0xD5, 0xA4, 0x4C, 0x68, 0xC5, 0x50, 0x16, 0xEF, 0x86, 0x74, 0xB6, 0x0A, 0xA9, 0x30, 0xAC, 0xFD,
    0x81, 0xB6, 0x93, 0x55, 0xD8, 0x21, 0xF5, 0xF5, 0x88, 0x88, 0xA9, 0x8F, 0x07, 0x11, 0xD2, 0xED,
    0x44, 0x0C, 0x14, 0x92, 0x3E, 0x64, 0x82, 0x41, 0xEC, 0x43, 0xB9, 0x97, 0x63, 0x35, 0x54, 0xD4,
    0x7E, 0xEF, 0xA0, 0xF6, 0x3B, 0xB2, 0x86, 0x05, 0x8E, 0xCB, 0x43, 0x56, 0xCC, 0xA0, 0x34, 0xD9,
    0x12, 0x5D, 0xA1, 0xC5, 0x44, 0x06, 0x30, 0x82, 0x21, 0xAF, 0xA4, 0x42, 0x42, 0xF3, 0x9E, 0xC9,
    0xC7, 0x43, 0xC1, 0xBC, 0xBC, 0x2E, 0xC8, 0x29, 0x24, 0xB8, 0x2C, 0xD8, 0x69, 0x84, 0x86, 0x81,
    0x43, 0xF1, 0xBC, 0x2C, 0x18, 0x7F, 0x4B, 0x18, 0xD0, 0x3A, 0xB8, 0x6C, 0x84, 0x60, 0xA5, 0x63,
    0xC5, 0xE3, 0xB1, 0xC5, 0x9E, 0xC5, 0x77, 0x2D, 0x9E, 0xB1, 0x68, 0xBE, 0x2F, 0xEE, 0xFA, 0xE1,
    0x72, 0x99, 0x7F, 0xA6, 0x70, 0x72, 0x61, 0x9D, 0xA6, 0xD5, 0x2F, 0xD4, 0xA2, 0x1E, 0x5E, 0x7C,
    0x98, 0xB4, 0x85, 0x65, 0x7A, 0xCE, 0xB6, 0x20, 0xEB, 0x69, 0x5E, 0xA9, 0xDE, 0x20, 0x9B, 0xE7,
    0xEC, 0xC2, 0xDA, 0x50, 0x81, 0x2C, 0x9D, 0x0A, 0xB5, 0x15, 0xF2, 0x91, 0x15, 0x9E, 0x6C, 0xAA,
    0xE0, 0x90, 0xA9, 0xA3, 0xE0, 0xFE, 0xF6, 0x13, 0xFD, 0x8B, 0x77, 0xDF, 0x5E, 0x27, 0xF8, 0x40,
    0x48, 0x37, 0xD4, 0x34, 0xF8, 0x56, 0x40, 0x05, 0xC5, 0xE1, 0x85, 0xF5, 0x9F, 0x0E, 0xCD, 0x29,
    0x69, 0x2A, 0xCE, 0x39, 0xA2, 0x6D, 0x2E, 0x77, 0xF5, 0x22, 0x68, 0x85, 0x70, 0x46, 0x48, 0x3E,
    0xCC, 0xAD, 0x40, 0xC5, 0x4B, 0xC1, 0x9F, 0xAA, 0x2C, 0xDA, 0xE6, 0x71, 0x26, 0x04, 0xE5, 0xFE,
    0xA6, 0x84, 0xCF, 0xBA, 0x0B, 0x2A, 0xC0, 0xF8, 0xF7, 0x98, 0xCD, 0x3A, 0x2F, 0x42, 0xC4, 0xCA,
    0xAA, 0x29, 0x61, 0xFB, 0x1C, 0x70, 0x76, 0x56, 0x88, 0x4A, 0x2B, 0x60, 0x58, 0xAC, 0x30, 0xB6,
    0x42, 0xBE, 0x65, 0x85, 0x66, 0x63, 0x43, 0x6E, 0xE1, 0x34, 0x9F, 0x6C, 0xC9, 0x4D, 0xDD, 0xAD,
    0x7B, 0x1B, 0x2A, 0x6C, 0xDE, 0x0D, 0xA4, 0x9C, 0xD7, 0xDF, 0x28, 0x54, 0x08, 0x56, 0x0B, 0x6D,
    0x6C, 0x12, 0x58, 0x21, 0x6E, 0x85, 0x17, 0x55, 0xF8, 0x81, 0x36, 0x43, 0xF7, 0x38, 0x4D, 0x0B,
    0x42, 0x65, 0x71, 0xC7, 0xE4, 0x3A, 0x05, 0xAF, 0xED, 0x60, 0x47, 0xD5, 0x0A, 0xDC, 0xD2, 0xC3,
    0x53, 0x89, 0xAE, 0x9D, 0xC0, 0xC2, 0x95, 0xD2, 0xA7, 0x09, 0xFC, 0xFA, 0x92, 0xE2, 0xC0, 0xDD,
    0x41, 0x38, 0xE0, 0xA0, 0x10, 0x07, 0x0C, 0xD8, 0x25, 0xAF, 0xC6, 0xC0, 0xBD, 0xD0, 0xE3, 0x08,
    0x59, 0x07, 0x4C, 0x02, 0x74, 0x25, 0x10, 0xC8, 0xDF, 0x1F, 0xA1, 0xAF, 0x08, 0xCC, 0x3E, 0x1D,
    0x6A, 0x81, 0x46, 0x59, 0x68, 0x19, 0xAE, 0x3E, 0x1B, 0xB7, 0x59, 0x96, 0x82, 0x0B, 0x3F, 0x9F,
    0x17, 0x0C, 0xBA, 0x27, 0x30, 0x41, 0xBB, 0x26, 0x94, 0x04, 0xFB, 0x8A, 0x41, 0xB1, 0x44, 0x48,
    0x02, 0xA0, 0x97, 0x28, 0x71, 0x88, 0x98, 0xD5, 0x2B, 0xE1, 0xB0, 0xBD, 0x0D, 0xAE, 0xBE, 0x86,
    0x07, 0x77, 0x1C, 0x67, 0xE5, 0xB9, 0xB6, 0x5F, 0x2A, 0x0A, 0xB9, 0x47, 0x57, 0xD6, 0xAF, 0xBE,
    0xC0, 0x80, 0xED, 0x19, 0x75, 0x51, 0x2A, 0x96, 0x20, 0xB3, 0xE0, 0x71, 0xAA, 0xB1, 0x42, 0x37,
    0xC7, 0x6E, 0xAD, 0x20, 0x33, 0xED, 0x1E, 0xB2, 0x19, 0x7D, 0xF2, 0xC7, 0xA7, 0x15, 0x97, 0x63,
    0xC5, 0xDA, 0x62, 0x15, 0x5B, 0xFD, 0x12, 0x5B, 0xFD, 0xA2, 0xE8, 0xE3, 0xC1, 0x6A, 0xFF, 0x15,
    0x13, 0x22, 0xC6, 0xA7, 0x5B, 0x08, 0x39, 0x00, 0xCA, 0x82, 0x88, 0x2D, 0xC6, 0x45, 0x02, 0x7F,
    0x24, 0xF7, 0x81, 0x1C, 0x8F, 0xF3, 0x1B, 0x44, 0xEC, 0xEA, 0x92, 0xEF, 0x75, 0x1A, 0x99, 0x3B,
    0x18, 0x8F, 0xA1, 0xA0, 0xB7, 0xB5, 0x24, 0x18, 0x5C, 0x8E, 0x15, 0xA3, 0x63, 0x82, 0x31, 0x03,
    0x2F, 0xEE, 0xB4, 0xB3, 0x58, 0x5B, 0xFC, 0x48, 0xF1, 0xE5, 0xE3, 0x8A, 0xF3, 0x66, 0x1A, 0xE7,
    0x2C, 0x2E, 0x09, 0x26, 0x98, 0x7F, 0x44, 0x06, 0xCC, 0x44, 0xBF, 0x19, 0x98, 0xD9, 0x08, 0x25,
    0xD8, 0xC1, 0xD8, 0x62, 0xB7, 0xAF, 0x18, 0x54, 0x8A, 0x92, 0x22, 0x09, 0x24, 0x18, 0xD7, 0xCA,
    0xB3, 0x40, 0x36, 0x8B, 0xE2, 0x40, 0x21, 0x28, 0xB1, 0x70, 0x64, 0x39, 0x33, 0x38, 0x76, 0x8A,
    0xC5, 0xBF, 0x0F, 0x52, 0x58, 0xF9, 0xEE, 0x00, 0x1C, 0x1D, 0xB7, 0x00, 0x21, 0xE7, 0x4F, 0x4A,
    0xBB, 0xE9, 0x21, 0x16, 0x27, 0xBB, 0x10, 0x83, 0xB3, 0xC3, 0x54, 0xDA, 0x0C, 0xE7, 0x83, 0xD4,
    0xEB, 0x7B, 0x1B, 0xC7, 0x80, 0xB0, 0x40, 0xAB, 0xD8, 0xFF, 0x0D, 0x0C, 0x03, 0xC6, 0xE8, 0xCE,
    0x30, 0x09, 0x40, 0x67, 0x60, 0x62, 0xDC, 0xB1, 0xB8, 0x14, 0x80, 0xF4, 0x4A, 0x5F, 0xBD, 0x7D,
    0x26, 0xC0, 0xB9, 0x29, 0x8B, 0x2D, 0xCC, 0x05, 0x8B, 0xCA, 0x5D, 0x12, 0xB3, 0x25, 0xC5, 0x87,
    0xB5, 0xA2, 0x14, 0x08, 0x18, 0xD9, 0xBE, 0xBE, 0xDD, 0xDF, 0xFD, 0x89, 0xBD, 0x93, 0x12, 0xA0,
    0x0B, 0x47, 0xD3, 0x14, 0x13, 0x88, 0xEB, 0x2B, 0x51, 0x14, 0x50, 0xBF, 0x22, 0x30, 0x25, 0x76,
    0x11, 0xA0, 0xC1, 0xE4, 0x66, 0x2D, 0x0A, 0xC1, 0xC6, 0xD0, 0x77, 0xC5, 0x22, 0xE6, 0xEC, 0x69,
    0xA2, 0x5C, 0x02, 0x3D, 0x68, 0xFA, 0x6F, 0xAD, 0xAF, 0xDD, 0x4C, 0x3B, 0x1A, 0xC0, 0xA7, 0x20,
    0xF8, 0x44, 0x2F, 0x7B, 0x20, 0xF8, 0xF8, 0xBE, 0x92, 0x60, 0x7D, 0x4E, 0xDE, 0x74, 0x12, 0xC4,
    0xC7, 0xA5, 0xFA, 0x83, 0x84, 0x16, 0x71, 0x5E, 0x5C, 0xD0, 0x48, 0xE6, 0x28, 0xF1, 0xB6, 0xE4,
    0x4E, 0x4F, 0x9B, 0x33, 0xAC, 0x16, 0xD2, 0x5D, 0x9E, 0x2D, 0x3A, 0x16, 0x3B, 0x8C, 0xDA, 0xA0,
    0x49, 0xD4, 0xD1, 0xDB, 0xC6, 0xC3, 0x4A, 0x24, 0xC4, 0x7B, 0xBC, 0x54, 0x66, 0x37, 0x71, 0xD1,
    0xB7, 0x58, 0x2A, 0x71, 0xD1, 0x2D, 0xF4, 0x78, 0x2E, 0xE7, 0x1D, 0x47, 0x1C, 0xC5, 0x9D, 0x0C,
    0xF3, 0x3E, 0x77, 0xCB, 0xE2, 0x95, 0x00, 0xB9, 0xA4, 0xD7, 0xD3, 0x60, 0xAC, 0xEB, 0x53, 0x18,
    0xCE, 0xAE, 0xCE, 0x1B, 0xD9, 0xC1, 0xC0, 0x90, 0xAE, 0x91, 0x4D, 0x22, 0x23, 0xCC, 0x87, 0xAE,
    0x12, 0x18, 0xBD, 0x9F, 0xC0, 0x8E, 0x72, 0x07, 0x03, 0x26, 0x39, 0xB8, 0x88, 0x2D, 0x3A, 0x0C,
    0x78, 0xB6, 0x97, 0xB9, 0xAF, 0x1E, 0x95, 0xB9, 0xD1, 0x21, 0xC9, 0xED, 0x89, 0x7D, 0x05, 0xBB,
    0xBB, 0x2C, 0x18, 0x0A, 0x81, 0x41, 0x77, 0xF6, 0x96, 0xC5, 0x97, 0x2D, 0x9A, 0x67, 0xA3, 0xF3,
    0x53, 0x8B, 0x8D, 0xB5, 0xB3, 0xCD, 0xE0, 0x19, 0x44, 0x8E, 0x93, 0x0B, 0x61, 0x83, 0xB2, 0x28,
    0xF6, 0x1F, 0x05, 0xA4, 0xDF, 0xF2, 0xEF, 0x7C, 0xE4, 0xC4, 0x3F, 0xB9, 0x50, 0x49, 0x65, 0xAA,
    0xD8, 0xEB, 0x9C, 0xEB, 0x62, 0x02, 0x45, 0xDF, 0x2A, 0x72, 0x1E, 0x41, 0x81, 0x16, 0x8A, 0xF9,
    0x80, 0x3B, 0x38, 0xAE, 0xCA, 0x8E, 0x8E, 0xCA, 0x88, 0xBF, 0xA5, 0xFE, 0x46, 0x6C, 0xFD, 0x8D,
    0xD3, 0x82, 0xDE, 0xD6, 0x31, 0xC1, 0xE0, 0x72, 0x47, 0x77, 0xD3, 0x46, 0x8A, 0x71, 0xE4, 0xD0,
    0xFF, 0xB8, 0xB1, 0x34, 0xE3, 0x77, 0x7C, 0x07, 0x7F, 0xE3, 0xE8, 0xAF, 0x87, 0xF6, 0x39, 0x4B,
    0x31, 0xA4, 0xD4, 0xD3, 0xEF, 0xE9, 0x7F, 0xCA, 0x06, 0xD4, 0x50, 0x0A, 0x82, 0x05, 0xB9, 0x55,
    0x4F, 0x0A, 0xAA, 0x3A, 0x8A, 0xB5, 0x53, 0x59, 0xFF, 0xB4, 0xB6, 0x85, 0x55, 0x3D, 0x76, 0xF6,
    0x5C, 0xA9, 0x8B, 0xE7, 0x75, 0xB0, 0x99, 0x4C, 0x80, 0x30, 0xF1, 0xC2, 0x72, 0xEA, 0x50, 0x42,
    0x9E, 0x2E, 0x8A, 0xEF, 0x07, 0x48, 0x40, 0x20, 0x27, 0x23, 0x8E, 0x21, 0xDE, 0xBC, 0x80, 0xCB,
    0xE2, 0x65, 0x37, 0xF5, 0x3B, 0x30, 0x66, 0xD7, 0x41, 0xE4, 0xE8, 0x9B, 0x37, 0xB6, 0xB4, 0xA0,
    0xDD, 0x83, 0xBB, 0x21, 0xF9, 0x85, 0xC5, 0x40, 0x86, 0x34, 0x94, 0x02, 0xAF, 0xEB, 0x52, 0x50,
    0xD5, 0x83, 0x1F, 0xD1, 0x93, 0xC2, 0xAE, 0x9A, 0x53, 0xA3, 0xC3, 0xFA, 0xB3, 0xB7, 0x43, 0x7D,
    0xC3, 0xC5, 0xF1, 0x90, 0xB3, 0x2E, 0x4A, 0xB5, 0x90, 0x8A, 0x49, 0x14, 0x13, 0xFD, 0xBD, 0x14,
    0x72, 0x48, 0x2A, 0x75, 0x40, 0x3F, 0xB4, 0xF9, 0x97, 0x73, 0xB2, 0xC5, 0x31, 0xDD, 0xDE, 0x12,
    0xB6, 0xDF, 0x7C, 0x70, 0x52, 0x3B, 0x1F, 0x38, 0x0F, 0x9C, 0x3F, 0xE7, 0xF7, 0x65, 0x4B, 0x98,
    0xCC, 0x87, 0x64, 0x2C, 0xAF, 0xD4, 0x51, 0x0B, 0x8B, 0xF9, 0x90, 0xD8, 0x7A, 0xCA, 0x29, 0xDC,
    0x29, 0x28, 0x93, 0x82, 0x12, 0xF8, 0xDF, 0x85, 0x16, 0x96, 0xE4, 0x83, 0xE4, 0x0E, 0xDE, 0xEE,
    0x80, 0xED, 0x35, 0xC9, 0xBC, 0x84, 0xE0, 0x4B, 0x31, 0x7B, 0x8E, 0x75, 0x21, 0xBB, 0xDE, 0xDC,
    0xAD, 0x3F, 0x8C, 0xA9, 0x47, 0xFD, 0x9B, 0x47, 0x60, 0x28, 0x56, 0x48, 0xEC, 0xCD, 0x7B, 0x08,
    0xE4, 0xE1, 0x7F, 0x2E, 0xB9, 0x5F, 0x22, 0x49, 0xC0, 0x0D, 0x71, 0x8F, 0x4A, 0xAE, 0x8B, 0x1E,
    0x27, 0xF4, 0x2D, 0x6E, 0x09, 0xCB, 0x85, 0xD8, 0x1B, 0xCA, 0x5B, 0x0F, 0x22, 0x6E, 0xBB, 0xA3,
    0xDF, 0x80, 0xD1, 0x96, 0x1D, 0x1C, 0xF0, 0xF2, 0xBF, 0xA2, 0x03, 0xCF, 0x70, 0x0D, 0x01, 0x5B,
    0x14, 0xDC, 0x1F, 0x73, 0xAB, 0x64, 0x14, 0x9D, 0x87, 0x0B, 0x87, 0x0B, 0xF3, 0xAD, 0x51, 0x12,
    0x9F, 0x99, 0xED, 0x70, 0x5A, 0xC9, 0x47, 0xC0, 0x78, 0x0D, 0x1B, 0x62, 0x6F, 0xF6, 0xB9, 0xE9,
    0x0C, 0x3C, 0xE1, 0xD3, 0x60, 0xFA, 0x7B, 0xA3, 0x85, 0x4B, 0xDF, 0x2E, 0x2C, 0x7E, 0xF7, 0xEF,
    0x4D, 0xDF, 0xEF, 0x62, 0x6B, 0xCF, 0xBF, 0x2F, 0x6C, 0xFF, 0x1C, 0xB2, 0x14, 0x7E, 0x68, 0xDF,
    0xBE, 0x11, 0x59, 0x0F, 0x29, 0xB1, 0x16, 0x41, 0xFC, 0xD1, 0x25, 0x0D, 0x9E, 0xF1, 0x98, 0x98,
    0xA3, 0xE1, 0xE3, 0x62, 0x2D, 0x45, 0x11, 0x2F, 0x2C, 0x5E, 0xF9, 0x1A, 0x4F, 0x0C, 0x5A, 0xFB,
    0xE7, 0x03, 0x58, 0x82, 0x39, 0xBA, 0x71, 0x8A, 0xD7, 0x32, 0x45, 0x71, 0x54, 0x81, 0x7F, 0x45,
    0x87, 0x0C, 0xF8, 0x17, 0xF8, 0x60, 0x23, 0x70, 0x90, 0xAD, 0x68, 0x3D, 0x09, 0x66, 0xB4, 0x22,
    0xB3, 0xE4, 0x7C, 0x97, 0x15, 0xAA, 0x17, 0x04, 0xB9, 0x41, 0x43, 0xDE, 0x6D, 0x55, 0x07, 0xFA,
    0x8E, 0xAB, 0x65, 0x8B, 0x3F, 0x0A, 0x8D, 0xA0, 0x69, 0x31, 0xDA, 0xC6, 0xC4, 0xBA, 0x41, 0x8A,
    0xB1, 0x89, 0xC5, 0xED, 0x1B, 0xC9, 0x1B, 0x2D, 0x7C, 0x68, 0x97, 0x39, 0x49, 0x9E, 0x96, 0xF6,
    0x25, 0x32, 0x13, 0x74, 0x6D, 0x7F, 0x7B, 0x3B, 0xCF, 0xF5, 0x08, 0x16, 0xCE, 0xA9, 0x99, 0x9B,
    0x85, 0x5F, 0xDD, 0x05, 0x6D, 0xC8, 0xAC, 0x71, 0x94, 0x0D, 0x99, 0xB5, 0x85, 0xF1, 0x42, 0xD9,
    0xAB, 0x90, 0xBA, 0x88, 0x9C, 0xB4, 0x1A, 0xC9, 0x64, 0x91, 0x25, 0x39, 0x13, 0xF3, 0xD6, 0xAF,
    0xF4, 0xA5, 0x03, 0xD8, 0x16, 0x43, 0xD2, 0x99, 0x28, 0x1E, 0xDD, 0xC4, 0xFB, 0x21, 0xFC, 0x42,
    0x37, 0x43, 0xCA, 0x36, 0x3C, 0x62, 0xC9, 0x17, 0x20, 0x80, 0x60, 0xAD, 0xAC, 0x23, 0x5B, 0xDB,
    0xBD, 0x6F, 0xDD, 0xC4, 0x3E, 0x87, 0x91, 0x7D, 0x8F, 0x8C, 0x68, 0x50, 0x47, 0xB7, 0xBE, 0xC0,
    0x25, 0x08, 0xC5, 0x03, 0xEC, 0xA6, 0xB2, 0xC9, 0x24, 0x19, 0x75, 0x46, 0xB4, 0x30, 0x08, 0x56,
    0x86, 0x3C, 0x31, 0xCF, 0xBA, 0x7D, 0xEE, 0xFE, 0x1A, 0xB1, 0x28, 0x1B, 0x1E, 0xE0, 0xDB, 0x51,
    0x65, 0xDF, 0x8D, 0x96, 0xD9, 0xBA, 0xF1, 0xA9, 0xED, 0x4A, 0x9D, 0xC2, 0xD6, 0x9A, 0x96, 0xF6,
    0xF7, 0xDA, 0xD1, 0x52, 0xA7, 0xDC, 0x62, 0x54, 0xD8, 0xF2, 0x52, 0x8B, 0x1D, 0xEB, 0x11, 0x68,
    0x31, 0x46, 0xD1, 0x5E, 0x07, 0xFD, 0xB7, 0xDB, 0x82, 0x3C, 0x4B, 0xE1, 0x2A, 0xEE, 0x91, 0x12,
    0x48, 0xA4, 0x74, 0x74, 0x07, 0x63, 0x9B, 0x4F, 0x6E, 0xF1, 0x19, 0xC7, 0xFF, 0xD0, 0x62, 0xAE,
    0xC7, 0xF1, 0x2E, 0x28, 0xC5, 0x52, 0xFF, 0x9E, 0x67, 0x8A, 0x23, 0x29, 0x30, 0x4C, 0xF1, 0x0A,
    0xB3, 0x58, 0x52, 0x79, 0x7C, 0x38, 0xC1, 0x68, 0xA2, 0xF7, 0x3F, 0x14, 0xFE, 0xE6, 0xF0, 0xCD,
    0xE6, 0x2E, 0x3D, 0x9E, 0xBC, 0x19, 0xBF, 0x21, 0x91, 0xF2, 0xCD, 0xCC, 0x6F, 0xF7, 0xE0, 0x80,
    0xAF, 0xEA, 0xBF, 0x18, 0xBC, 0xDF, 0x47, 0xF0, 0x95, 0xC5, 0xC1, 0x15, 0x30, 0x7B, 0x5D, 0xBC,
    0x59, 0x0E, 0x61, 0x1D, 0xA8, 0x1E, 0x7F, 0x75, 0xD5, 0xB8, 0x78, 0x4F, 0x86, 0xBB, 0xF1, 0x57,
    0xF2, 0x9E, 0x8C, 0x4E, 0xF0, 0x17, 0xB0, 0x5E, 0x85, 0x2D, 0xCD, 0xAC, 0x38, 0x38, 0x9F, 0x60,
    0xA5, 0x88, 0xB9, 0xAF, 0x58, 0xD6, 0x1E, 0x15, 0x51, 0xF6, 0x47, 0x70, 0x19, 0x92, 0xFE, 0x21,
    0xCC, 0x98, 0xE3, 0x48, 0x6D, 0xE9, 0x02, 0x6B, 0xF0, 0x82, 0x88, 0x95, 0x85, 0xD4, 0x69, 0x72,
    0x29, 0x4D, 0xC3, 0xDE, 0x94, 0x4F, 0x88, 0x28, 0x19, 0x2D, 0x78, 0x3C, 0x3C, 0xFF, 0x9E, 0x9C,
    0xD7, 0x95, 0x3D, 0x29, 0xB2, 0x53, 0x89, 0xA4, 0x67, 0xFD, 0x8E, 0xC5, 0x97, 0x59, 0xE2, 0xBA,
    0x22, 0x7B, 0x88, 0xF4, 0x7A, 0xCF, 0x42, 0xFB, 0xF3, 0x6F, 0xBD, 0x92, 0xB1, 0x11, 0x85, 0x30,
    0x0C, 0x43, 0x05, 0x94, 0x14, 0x0C, 0xF0, 0x0B, 0x46, 0x60, 0x84, 0x8C, 0x16, 0x46, 0xF8, 0x13,
    0xE5, 0x67, 0x04, 0x46, 0xC8, 0x10, 0x14, 0x14, 0x01, 0x7F, 0xD9, 0x0E, 0x1B, 0x70, 0x70, 0xC7,
    0x53, 0x81, 0xB9, 0x28, 0x92, 0x31, 0x56, 0xC4, 0x82, 0x50, 0x07, 0x29, 0x10, 0x8C, 0x3B, 0xBA,
    0x8A, 0x29, 0xA3, 0x3F, 0x8C, 0x7B, 0xE3, 0x9C, 0x11, 0x85, 0x4F, 0x09, 0x46, 0x7E, 0x9D, 0x6D,
    0xE6, 0x71, 0xA2, 0x97, 0x0D, 0x98, 0x15, 0xF1, 0x0B, 0xE0, 0xE4, 0xDB, 0x1D, 0x04, 0x4D, 0x34,
    0xA8, 0x91, 0x55, 0x7D, 0xAC, 0xFC, 0x65, 0x79, 0x08, 0x3C, 0x57, 0x32, 0x16, 0xC5, 0x6F, 0xE5,
    0x9D, 0x35, 0x84, 0x4E, 0x33, 0xB0, 0x08, 0x0C, 0x51, 0xEA, 0x94, 0x83, 0xC2, 0xC2, 0x79, 0x06,
    0x60, 0xFE, 0x1F, 0x01, 0xC2, 0x09, 0xA1, 0x08, 0x06, 0xDE, 0x98, 0x15, 0x8C, 0x05, 0xAD, 0x83,
    0x56, 0xC2, 0x2D, 0x56, 0x83, 0xD4, 0xE0, 0xE2, 0x23, 0x2F, 0x88, 0xFA, 0x5C, 0xE4, 0xE2, 0xA2,
    0xD0, 0xE7, 0xE5, 0x3E, 0x93, 0xFB, 0x4C, 0x3E, 0x92, 0xDC, 0xE0, 0x2D, 0xBE, 0x2E, 0xC9, 0xF7,
    0x25, 0x79, 0xB9, 0x2F, 0xC8, 0x1F, 0xD5, 0x5B, 0x5D, 0x8C, 0x14, 0x57, 0x76, 0x3E, 0x55, 0x05,
    0x14, 0x50, 0x4C, 0x17, 0x51, 0xB2, 0xAB, 0xE5, 0x67, 0xA6, 0x1D, 0x29, 0x91, 0x1C, 0xD2, 0x33,
    0x0D, 0xB2, 0x1F, 0x5A, 0xD9, 0x9A, 0xA9, 0x22, 0x3C, 0x92, 0xC8, 0x3C, 0x2C, 0x79, 0xB0, 0xA5,
    0xC8, 0x0F, 0x2B, 0x25, 0xB1, 0x56, 0x62, 0x1E, 0x5A, 0x5A, 0x1E, 0x06, 0x77, 0x61, 0x22, 0xED,
    0x83, 0xBD, 0x31, 0x2F, 0x51, 0x1E, 0x92, 0x28, 0x44, 0xF2, 0x4A, 0xF1, 0x58, 0x5A, 0x5A, 0x2B,
    0x12, 0x4D, 0xA4, 0x81, 0xAE, 0x65, 0x1E, 0x2C, 0x2D, 0x91, 0xB7, 0x2C, 0xA4, 0xE4, 0x21, 0xDA,
    0xA4, 0x6C, 0x63, 0x29, 0x36, 0xD6, 0xFA, 0x22, 0xCA, 0x4B, 0xCF, 0xB8, 0xA7, 0x6F, 0xBE, 0x73,
    0xEE, 0xAD, 0x9E, 0xC1, 0x33, 0xFC, 0xD8, 0x60, 0x0C, 0x4D, 0xC3, 0x3D, 0x5D, 0x7D, 0xBB, 0xEA,
    0xDE, 0xEF, 0x7E, 0xE7, 0xE7, 0x9E, 0x73, 0x21, 0xC2, 0x2B, 0x21, 0xF3, 0x72, 0xFA, 0x56, 0xA0,
    0x66, 0x75, 0xC5, 0x4F, 0xA5, 0xDD, 0xE3, 0xBD, 0x2B, 0x1F, 0xDF, 0xD0, 0xA7, 0x15, 0x0B, 0xBE,
    0x7E, 0xBF, 0x78, 0x2A, 0xC8, 0x88, 0xC2, 0x30, 0x5B, 0xA0, 0x18, 0xD7, 0x42, 0xAF, 0x98, 0xA2,
    0x93, 0xB3, 0x44, 0x41, 0xD2, 0x0F, 0x52, 0xD5, 0x25, 0xF2, 0xF2, 0x19, 0xB7, 0x60, 0x21, 0x2C,
    0xC3, 0x74, 0x81, 0x85, 0xC9, 0x69, 0x2F, 0x9F, 0x52, 0xE8, 0x13, 0x85, 0x49, 0x19, 0xA8, 0x16,
    0xAE, 0x78, 0xF9, 0xB4, 0xAB, 0x22, 0xF4, 0x49, 0xCA, 0x90, 0xD4, 0x24, 0x84, 0x7C, 0xDA, 0xA1,
    0xA2, 0x46, 0x34, 0x53, 0x86, 0x89, 0x9B, 0x05, 0x44, 0xB3, 0xD3, 0x5E, 0x86, 0x3F, 0x29, 0x75,
    0xC3, 0x24, 0xF1, 0x52, 0x2F, 0xA3, 0xC8, 0xCB, 0xC9, 0x4B, 0x9D, 0x9C, 0xEA, 0xA4, 0x20, 0x50,
    0x41, 0x7E, 0xB6, 0x9B, 0xF0, 0x85, 0x72, 0x7F, 0x8E, 0xA1, 0xE0, 0x8B, 0xAE, 0x53, 0xCC, 0x61,
    0x98, 0x8A, 0x54, 0x77, 0xA1, 0x0E, 0xE1, 0x29, 0xC2, 0x43, 0xD0, 0x01, 0xAF, 0xA2, 0x9E, 0x10,
    0xCF, 0xC1, 0xC9, 0xFD, 0x8C, 0xA6, 0x21, 0xC8, 0xE5, 0x10, 0x18, 0xC8, 0x5C, 0xBD, 0x02, 0x1F,
    0x64, 0xCE, 0x03, 0xA2, 0x39, 0x03, 0x46, 0xEE, 0xCB, 0xA4, 0xC9, 0xD5, 0xDA, 0xC0, 0x41, 0x7B,
    0xDF, 0xE0, 0x7F, 0x8F, 0x89, 0xEC, 0xAF, 0x4A, 0x13, 0xD6, 0xE5, 0xBB, 0x9A, 0x2B, 0x7D, 0x43,
    0xBA, 0x28, 0x4D, 0x16, 0xF2, 0xD5, 0x66, 0xE9, 0xF1, 0xD5, 0x68, 0x86, 0x16, 0xD1, 0xB4, 0x82,
    0x8C, 0x9F, 0x30, 0xE9, 0x94, 0xFC, 0xC4, 0x30, 0x89, 0x78, 0x04, 0xDE, 0x47, 0xE3, 0x3C, 0x2C,
    0x5F, 0x6B, 0x02, 0x52, 0xF1, 0xD9, 0x13, 0x45, 0x8B, 0xDC, 0x3E, 0x39, 0x83, 0x06, 0x6E, 0x82,
    0xCE, 0xE3, 0x18, 0x6B, 0x33, 0x0F, 0x6B, 0xD4, 0x72, 0x87, 0x7D, 0xFF, 0x75, 0x6A, 0xD5, 0xD3,
    0xC8, 0xBB, 0x42, 0xF1, 0x2A, 0xD5, 0xE8, 0xBF, 0xA9, 0x9E, 0xE3, 0x89, 0x7E, 0xD2, 0xC9, 0x29,
    0x40, 0xA3, 0x14, 0x37, 0x3C, 0xE5, 0x10, 0x82, 0x9A, 0xA0, 0x49, 0x08, 0x2A, 0x48, 0x17, 0xD1,
    0x74, 0x5D, 0xAD, 0x68, 0x9C, 0x5A, 0x74, 0x00, 0xE3, 0xA1, 0x06, 0x0F, 0xB2, 0x65, 0x26, 0xAC,
    0x80, 0x22, 0x60, 0x29, 0x84, 0x06, 0xBC, 0xB6, 0x71, 0xEA, 0x5C, 0x92, 0xB5, 0xD6, 0x85, 0xCC,
    0xF9, 0x4D, 0x4B, 0x8A, 0xDF, 0xB1, 0x6D, 0x05, 0xC6, 0x07, 0xB9, 0xE1, 0x4A, 0xAE, 0x6C, 0xDB,
    0xBD, 0xAD, 0x75, 0x33, 0xD3, 0x7A, 0x55, 0x9B, 0x9A, 0x36, 0x24, 0xD3, 0x7F, 0x9A, 0xE4, 0xF6,
    0x6E, 0xE9, 0x66, 0xDF, 0x12, 0xC8, 0xDC, 0x4F, 0x35, 0x9E, 0x3E, 0x43, 0xDE, 0xF0, 0x6F, 0x15,
    0x0F, 0x2B, 0xC0, 0xD2, 0xF3, 0xA2, 0x62, 0x94, 0xDD, 0x03, 0xE7, 0x33, 0x6E, 0x55, 0x67, 0x98,
    0x90, 0xFF, 0x9F, 0x3D, 0xD5, 0xE6, 0x1B, 0x6A, 0x3D, 0xE0, 0x36, 0x28, 0x69, 0x82, 0xDB, 0x7A,
    0x46, 0x35, 0x6E, 0x3B, 0xA6, 0x75, 0x6F, 0x14, 0x74, 0xAA, 0xCD, 0x37, 0xD6, 0xBA, 0x8F, 0x76,
    0x3B, 0xAD, 0xCC, 0x73, 0xCB, 0xB7, 0x6C, 0x48, 0x9B, 0xD1, 0xFE, 0xB6, 0x50, 0xC3, 0x7C, 0x26,
    0xFD, 0xD1, 0x62, 0x47, 0x27, 0xE4, 0x68, 0xAD, 0x62, 0x5D, 0x62, 0xE0, 0xBC, 0x4E, 0x9D, 0x44,
    0x48, 0x48, 0xC1, 0xF2, 0x1F, 0x7F, 0x16, 0xB0, 0xC6, 0xF4, 0x34, 0xD6, 0x8A, 0x5F, 0xC7, 0x0F,
    0xFF, 0x8B, 0x45, 0xE4, 0x7B, 0xFC, 0xCF, 0x09, 0xAD, 0x87, 0x0C, 0xDB, 0xF0, 0xEF, 0x57, 0x8E,
    0xF2, 0xDA, 0xA7, 0xFC, 0xBB, 0x03, 0x6F, 0xF5, 0x89, 0xDB, 0x0E, 0x40, 0x73, 0x57, 0x74, 0x61,
    0x9E, 0xB3, 0xB2, 0xD0, 0x36, 0xC8, 0xDF, 0x36, 0x0E, 0xB4, 0xFC, 0x79, 0x0B, 0x7D, 0x76, 0x7C,
    0x91, 0xC7, 0x9D, 0xF6, 0x74, 0x89, 0xD6, 0xBF, 0x61, 0x3E, 0xD3, 0x25, 0x3B, 0xBF, 0xA6, 0x6D,
    0xC3, 0xC2, 0xB4, 0xBE, 0x5E, 0x59, 0xEC, 0x2C, 0xA3, 0xBD, 0xAE, 0xCB, 0x58, 0x1B, 0x9C, 0xC8,
    0x35, 0xB8, 0x09, 0x8E, 0x09, 0xB7, 0x73, 0xE4, 0x2D, 0x27, 0xC0, 0xB5, 0x9E, 0x02, 0x37, 0xAC,
    0x9C, 0xAB, 0xDC, 0xEC, 0x25, 0x1E, 0xC5, 0x29, 0xB3, 0x0E, 0xA3, 0x75, 0xF1, 0x53, 0x75, 0xDB,
    0xBA, 0x55, 0xEB, 0xF8, 0xC5, 0xF5, 0xAD, 0xD6, 0x9D, 0xDE, 0xCF, 0x6F, 0xE7, 0xC5, 0x1F, 0x54,
    0xD6, 0x64, 0xB7, 0x6D, 0x5B, 0x81, 0x6D, 0x99, 0x6F, 0xEE, 0x59, 0x6A, 0x31, 0xFD, 0xC2, 0xF2,
    0xC5, 0xA7, 0x9F, 0xE6, 0xC7, 0x83, 0xCA, 0xB4, 0xDD, 0xFB, 0x8D, 0x0E, 0x9F, 0x23, 0x67, 0x35,
    0xEC, 0x9D, 0xF9, 0xA5, 0xD7, 0x73, 0x8B, 0xB1, 0x30, 0xBD, 0x75, 0xE6, 0x73, 0x4C, 0xD4, 0xCB,
    0xE3, 0xCB, 0x97, 0x33, 0xCC, 0xA1, 0x0C, 0xAF, 0x2E, 0x2D, 0xAD, 0x06, 0xC5, 0xB4, 0x77, 0x73,
    0xE9, 0xCA, 0x3F, 0x4D, 0xC1, 0x4A, 0xFC, 0xE6, 0xF2, 0x3B, 0x61, 0x0B, 0x96, 0x64, 0xE6, 0xF2,
    0x27, 0xE3, 0x11, 0x77, 0xC8, 0x07, 0xD1, 0x94, 0x9B, 0xC3, 0x6C, 0xF4, 0xA3, 0x30, 0xBD, 0xB0,
    0x8B, 0x68, 0xA1, 0x15, 0x17, 0x93, 0xFC, 0xE0, 0x56, 0x77, 0x81, 0xD7, 0xAE, 0xD1, 0xEA, 0x4E,
    0xB9, 0xAC, 0xAC, 0xAD, 0xB9, 0x80, 0x07, 0x1B, 0xB6, 0xEA, 0x2E, 0x4F, 0x3E, 0x68, 0xF9, 0x99,
    0x18, 0x81, 0x93, 0x8E, 0xCC, 0xC9, 0x3B, 0x69, 0x4C, 0x00, 0x5A, 0xB6, 0x22, 0xF8, 0x5E, 0x74,
    0x84, 0xC2, 0x36, 0x49, 0x87, 0x71, 0x65, 0x6C, 0xC4, 0xB4, 0x35, 0x1A, 0xB7, 0x32, 0x31, 0x27,
    0xDE, 0xA7, 0xDC, 0xB9, 0xA4, 0x70, 0xC0, 0xED, 0x0C, 0xF5, 0x04, 0xD8, 0x40, 0x68, 0x81, 0xD7,
    0xBC, 0xB1, 0xB7, 0xCE, 0xF7, 0xA8, 0xB2, 0x2A, 0xC6, 0xEE, 0x76, 0xAE, 0x39, 0x3D, 0x86, 0x10,
    0x6A, 0x2F, 0x7F, 0xC9, 0xD8, 0x0E, 0x51, 0x11, 0x5E, 0x8F, 0x8C, 0xEC, 0xCA, 0x28, 0x6B, 0xCA,
    0xA0, 0xC0, 0x81, 0xB9, 0xD7, 0x84, 0xB5, 0x59, 0x68, 0x1A, 0x64, 0xB5, 0x2C, 0xB2, 0x42, 0xD6,
    0xC6, 0x5A, 0x53, 0x33, 0xE1, 0xF5, 0x8A, 0x33, 0x7E, 0x17, 0x8A, 0xE2, 0x9C, 0xD5, 0x03, 0x86,
    0xC2, 0x5C, 0x51, 0x05, 0xC1, 0x2C, 0xE2, 0xDD, 0x2D, 0xEC, 0x5A, 0xAD, 0x09, 0x76, 0x75, 0xD1,
    0x39, 0x5C, 0x4E, 0xE8, 0xDB, 0x1A, 0x36, 0x75, 0xD7, 0x5E, 0xAD, 0x57, 0x8E, 0x50, 0xD1, 0x36,
    0x23, 0x74, 0xF2, 0x28, 0xD0, 0x1F, 0xCF, 0xF7, 0x86, 0x5E, 0xD6, 0x00, 0xA9, 0xA0, 0x8E, 0x5E,
    0x5A, 0x23, 0x16, 0x54, 0x80, 0x11, 0xC6, 0x7D, 0x57, 0x67, 0x13, 0xAC, 0x46, 0xD7, 0x9C, 0x8B,
    0x18, 0x33, 0xC6, 0xDF, 0x04, 0x47, 0x2C, 0x76, 0xF0, 0x13, 0x4C, 0x46, 0xBE, 0x0F, 0xE6, 0xE2,
    0x95, 0x00, 0x46, 0x60, 0xEB, 0x9C, 0xA5, 0x13, 0x42, 0xA8, 0x6D, 0x5A, 0x2F, 0x9B, 0x11, 0x6C,
    0xFD, 0x89, 0x1D, 0xCA, 0xD6, 0xE3, 0x0F, 0x00, 0x9D, 0x61, 0xE9, 0x1C, 0x05, 0x86, 0xA6, 0x53,
    0x1B, 0xA0, 0xF3, 0xD7, 0x43, 0xB7, 0x8D, 0x68, 0x87, 0x50, 0x3D, 0x2E, 0xA8, 0x27, 0xD0, 0x95,
    0x17, 0x9C, 0xF7, 0x14, 0x43, 0x57, 0xB4, 0x58, 0x25, 0xD4, 0x46, 0xC4, 0xD6, 0xA0, 0x0B, 0xE0,
    0x27, 0x9C, 0x9F, 0xA2, 0x73, 0x53, 0x0F, 0xDF, 0x82, 0xF7, 0x50, 0xDD, 0xC8, 0xEB, 0xE9, 0x4F,
    0xBC, 0xAC, 0x68, 0x4F, 0x7A, 0x74, 0x6E, 0x97, 0x7F, 0x3A, 0x8F, 0xEA, 0x1F, 0x40, 0xE8, 0x1D,
    0xC9, 0x1A, 0x41, 0xEF, 0xC3, 0x7F, 0xED, 0xFD, 0xDA, 0x4B, 0x43, 0x6F, 0x09, 0x7D, 0x22, 0xD8,
    0xEE, 0xE4, 0x26, 0xBE, 0x52, 0x0C, 0x5D, 0x93, 0xCE, 0x85, 0x3C, 0x2C, 0xE5, 0x96, 0xFF, 0xDC,
    0xE7, 0xB9, 0x9C, 0xA2, 0x7D, 0xC3, 0xC4, 0xCF, 0xD7, 0xCD, 0xD4, 0xE3, 0xB9, 0x0F, 0xD6, 0xA3,
    0xB1, 0x0E, 0xBA, 0x6D, 0x95, 0xF1, 0x1E, 0xD1, 0x6E, 0x1D, 0x7A, 0x30, 0xF5, 0xF8, 0x85, 0xA1,
    0xD4, 0x08, 0x41, 0x12, 0xBF, 0x43, 0xB1, 0xB5, 0xD1, 0x16, 0x45, 0xA6, 0x35, 0xDF, 0x44, 0xD9,
    0x85, 0x23, 0xB3, 0x88, 0x81, 0xD8, 0x74, 0x44, 0x00, 0xF8, 0x95, 0xCF, 0xD3, 0xBF, 0x28, 0x1E,
    0x6E, 0x42, 0x78, 0xFF, 0x23, 0x8C, 0x30, 0x6A, 0xC9, 0xCD, 0x97, 0x70, 0x8B, 0xF6, 0xEE, 0x3D,
    0x18, 0x4F, 0x72, 0x18, 0xBF, 0xEE, 0x3A, 0x30, 0x53, 0x71, 0xC9, 0x86, 0x47, 0x79, 0x70, 0xDD,
    0x65, 0x83, 0xA7, 0xA6, 0x5C, 0x58, 0x8C, 0x64, 0x0B, 0x8B, 0x9F, 0x1B, 0x28, 0x2F, 0xC1, 0x8E,
    0x69, 0xF3, 0xB4, 0x4E, 0x9F, 0xC2, 0x57, 0xCC, 0x50, 0x5B, 0x4D, 0xC4, 0x0F, 0x46, 0x6C, 0x78,
    0x59, 0xCB, 0x7B, 0x7D, 0x25, 0xA1, 0xBD, 0x7A, 0xBF, 0x93, 0x3F, 0xEB, 0xFF, 0x89, 0x10, 0x74,
    0x8C, 0xF2, 0x56, 0x20, 0xF8, 0xD4, 0x43, 0xCA, 0xA7, 0x27, 0x2D, 0x49, 0xFF, 0x2E, 0x0B, 0x07,
    0x96, 0xA6, 0xB0, 0xF2, 0xCF, 0x19, 0xA2, 0x86, 0xBB, 0x79, 0x16, 0x4D, 0x50, 0x35, 0x9D, 0x92,
    0xB9, 0x09, 0x59, 0xE7, 0x0C, 0x67, 0x2C, 0x5D, 0x19, 0x75, 0xC6, 0x41, 0x46, 0x32, 0xC2, 0x7D,
    0x3D, 0xF2, 0xEB, 0xB0, 0x5F, 0x8F, 0xFE, 0x66, 0xF8, 0x3F, 0x74, 0xB5, 0x97, 0x70, 0x86, 0xD5,
    0x1E, 0xFE, 0xA0, 0x27, 0xDC, 0x0D, 0x15, 0x69, 0xE1, 0x6E, 0x1D, 0x42, 0xC2, 0xDC, 0x35, 0x02,
    0xB8, 0x2B, 0x5F, 0x31, 0x77, 0xA5, 0x33, 0x53, 0x96, 0xE3, 0xAA, 0x87, 0xAB, 0xF6, 0xCB, 0xDB,
    0xAC, 0xDA, 0x97, 0xCE, 0xEA, 0x93, 0xA6, 0xF6, 0x23, 0x0F, 0xD7, 0x04, 0x3E, 0x29, 0x43, 0xB7,
    0xD2, 0x77, 0x57, 0x44, 0xED, 0xF3, 0xFD, 0x5E, 0x32, 0x7B, 0x77, 0xB5, 0x5F, 0x83, 0x4E, 0x28,
    0x79, 0x7F, 0xD0, 0x85, 0x96, 0x88, 0x80, 0x4E, 0x68, 0xB8, 0xA9, 0xC5, 0x1C, 0x11, 0xF0, 0x4B,
    0xAA, 0xBD, 0x73, 0x7C, 0xBD, 0xD2, 0x3B, 0x95, 0xCE, 0xE7, 0xFE, 0x08, 0x3D, 0xD6, 0x76, 0x73,
    0xD3, 0xC9, 0xA2, 0xC2, 0xAF, 0xEC, 0x5A, 0x7D, 0x97, 0xF0, 0x59, 0xEE, 0xED, 0x64, 0xE3, 0x16,
    0x42, 0x1E, 0xB1, 0xC1, 0xD0, 0x4B, 0x7C, 0x9A, 0x34, 0x12, 0xFE, 0x44, 0x56, 0xF2, 0xA9, 0x6D,
    0x3D, 0x51, 0x80, 0xB8, 0x03, 0x7B, 0x84, 0xDE, 0xBB, 0x70, 0xC2, 0x8A, 0x96, 0x17, 0xDD, 0x0F,
    0xCB, 0x4E, 0x09, 0x29, 0xDD, 0xEE, 0x26, 0x88, 0xCC, 0x69, 0x04, 0xDC, 0x5D, 0x25, 0x80, 0x5F,
    0xC1, 0x49, 0x82, 0xE7, 0xF0, 0x48, 0x52, 0x90, 0x01, 0x74, 0x1F, 0x62, 0x39, 0x83, 0xA8, 0x06,
    0x8F, 0x2D, 0xA4, 0x88, 0xDA, 0x46, 0x98, 0x32, 0xA8, 0xCB, 0x70, 0x43, 0x53, 0x54, 0xA1, 0x3A,
    0x67, 0x35, 0xFB, 0xAC, 0x50, 0xE4, 0xD4, 0xC8, 0xC0, 0xAD, 0xE9, 0xF5, 0x3A, 0xB5, 0x5E, 0xD3,
    0xEA, 0x75, 0x4A, 0xBD, 0xA6, 0xD3, 0x5F, 0x3B, 0x31, 0x39, 0xF0, 0x64, 0x63, 0xD7, 0x36, 0x37,
    0x14, 0x62, 0xA6, 0xFC, 0x06, 0x31, 0xDD, 0x3E, 0x5F, 0x04, 0x31, 0x85, 0x35, 0x20, 0xA6, 0x87,
    0x38, 0x23, 0x18, 0x80, 0x8F, 0x1E, 0x5B, 0x89, 0xFD, 0x8F, 0x35, 0x31, 0xB7, 0xCE, 0xCF, 0xCB,
    0x2E, 0x6A, 0x1F, 0x3F, 0xA2, 0xCF, 0x31, 0xEC, 0x47, 0x44, 0x2F, 0x60, 0xC3, 0xD1, 0xEC, 0xD3,
    0xB7, 0xDF, 0xA0, 0xFA, 0x2A, 0xB4, 0x2F, 0xD0, 0x08, 0xC2, 0x35, 0x0C, 0x57, 0xEF, 0xAC, 0xD3,
    0x4B, 0xD0, 0x5C, 0xC7, 0x84, 0xFC, 0x5B, 0x9A, 0x62, 0x7D, 0x8D, 0x60, 0x99, 0x56, 0x79, 0x8B,
    0xC2, 0xAF, 0x82, 0x17, 0x80, 0x5F, 0x08, 0xC1, 0x32, 0x84, 0xE1, 0x2B, 0xD8, 0xCC, 0x84, 0x15,
    0x8D, 0x26, 0xC8, 0xDA, 0x4E, 0x8B, 0x6A, 0xC3, 0x12, 0x15, 0x5F, 0xB4, 0xA8, 0x93, 0x3A, 0x43,
    0x74, 0x6D, 0x3B, 0x2B, 0xCA, 0xBF, 0x9E, 0xF1, 0x2E, 0x29, 0x9D, 0xF5, 0x9D, 0x8C, 0x89, 0x2B,
    0xAF, 0xCD, 0x84, 0x76, 0xB5, 0x4C, 0xAD, 0x4A, 0x88, 0x10, 0xB3, 0xE3, 0x3D, 0x81, 0x7B, 0x83,
    0x67, 0x8B, 0x68, 0x6A, 0x14, 0xAC, 0x9C, 0x2F, 0x89, 0x37, 0x62, 0xD4, 0x1B, 0x72, 0xFC, 0x6D,
    0x4C, 0x38, 0x06, 0x26, 0x01, 0xA7, 0x7C, 0x5C, 0x60, 0xA1, 0x5E, 0xB1, 0x8E, 0x77, 0x88, 0xEC,
    0x42, 0xCD, 0x9E, 0x53, 0xA6, 0x6C, 0xA2, 0x47, 0x6D, 0x34, 0x91, 0x61, 0x79, 0x18, 0xAC, 0xDB,
    0x51, 0xB1, 0xEE, 0x65, 0xCB, 0xBA, 0x6A, 0xE3, 0xDA, 0x30, 0x44, 0x04, 0xEB, 0xB6, 0xDD, 0x66,
    0x0E, 0x67, 0xC5, 0x93, 0x24, 0x84, 0xAD, 0x6C, 0x21, 0x71, 0x23, 0xE8, 0x67, 0x02, 0xC8, 0x45,
    0xF1, 0x24, 0x10, 0xB0, 0x02, 0x5D, 0x89, 0x24, 0x9F, 0xEF, 0x6F, 0xCA, 0xBA, 0x4A, 0xB0, 0x18,
    0x82, 0x75, 0x8C, 0x98, 0x03, 0x43, 0x1B, 0xB1, 0x1B, 0x68, 0xE2, 0x59, 0x0D, 0x6C, 0xB0, 0xFE,
    0x6C, 0x55, 0x8C, 0x0B, 0x76, 0x58, 0xBC, 0x79, 0x81, 0xAF, 0x73, 0x8E, 0xF1, 0x32, 0x8D, 0xBC,
    0xDF, 0x68, 0x16, 0x5F, 0xD9, 0x1C, 0x3E, 0xCA, 0x00, 0x32, 0xA1, 0x3D, 0x77, 0x0A, 0x20, 0x23,
    0xEF, 0x0E, 0x01, 0xA4, 0x73, 0x08, 0xB0, 0xFC, 0x3E, 0xA0, 0xF3, 0x7F, 0x88, 0xBB, 0x3C, 0x83,
    0xCE, 0x63, 0xBF, 0x22, 0xDA, 0x39, 0x0F, 0xE8, 0xB6, 0xFC, 0x35, 0x7A, 0xA4, 0x54, 0x8C, 0x7C,
    0xD4, 0xE8, 0x59, 0x0D, 0xCE, 0x85, 0x34, 0x04, 0x3A, 0x77, 0x88, 0xFD, 0xA6, 0x40, 0xC7, 0xEA,
    0xF9, 0x50, 0xA1, 0x73, 0xD6, 0xA0, 0x5B, 0x1E, 0xC5, 0x8E, 0x23, 0xE8, 0x06, 0x23, 0xE8, 0x12,
    0x0B, 0x1D, 0xC3, 0x65, 0x98, 0x5B, 0x56, 0xD0, 0x45, 0x15, 0x74, 0xF5, 0x0A, 0xBA, 0x20, 0x99,
    0xAC, 0x66, 0x61, 0xA7, 0xE3, 0xE6, 0x6D, 0x92, 0x38, 0x91, 0x8A, 0x2E, 0xF3, 0x0A, 0x51, 0xA2,
    0x52, 0x5E, 0x5E, 0x52, 0x79, 0x0A, 0xB0, 0x38, 0xF0, 0x1B, 0xC9, 0x76, 0x9A, 0xAD, 0x10, 0x6B,
    0x6F, 0x14, 0x94, 0x09, 0x91, 0x9E, 0x6A, 0x5B, 0xDA, 0x5D, 0xE8, 0x76, 0x2F, 0x58, 0x1A, 0xB6,
    0x23, 0x33, 0x30, 0x15, 0xC9, 0xE3, 0x83, 0xCF, 0xF2, 0x86, 0x98, 0xFE, 0xA9, 0x38, 0x0B, 0x1D,
    0x1E, 0x6B, 0x3F, 0x4C, 0x11, 0xBF, 0x60, 0x43, 0xA4, 0x38, 0xDF, 0xE4, 0x0F, 0xDF, 0x1A, 0xCE,
    0xB9, 0xD8, 0x24, 0x61, 0x6B, 0x9F, 0xEF, 0x77, 0x25, 0x6B, 0x04, 0xED, 0x85, 0xC0, 0x33, 0x5D,
    0x64, 0x70, 0x79, 0xEE, 0x75, 0x89, 0xCA, 0x3A, 0xD7, 0x10, 0xBF, 0x4C, 0x19, 0xE8, 0x56, 0x0D,
    0xB9, 0x00, 0xDD, 0xCE, 0xF4, 0x21, 0xB2, 0x4E, 0x54, 0x06, 0xAC, 0x73, 0xD8, 0xCE, 0x97, 0xAC,
    0xB0, 0xFC, 0xDD, 0xCB, 0x60, 0xDD, 0xB8, 0xFC, 0xEA, 0xC8, 0xFA, 0xF8, 0xC5, 0x2A, 0xDA, 0x9A,
    0x0E, 0x3A, 0x36, 0xB8, 0x2E, 0xBC, 0x4C, 0xB1, 0x5B, 0x07, 0xEB, 0x38, 0x08, 0x57, 0xF7, 0xAB,
    0xB0, 0x1B, 0x59, 0x87, 0xFC, 0xE1, 0x6E, 0x61, 0x1D, 0x76, 0x05, 0xA5, 0x61, 0x5D, 0xE7, 0x7C,
    0x6E, 0x58, 0x17, 0x0C, 0x1F, 0x2B, 0x85, 0x75, 0x12, 0x64, 0xAF, 0x58, 0x61, 0x25, 0x10, 0x06,
    0x74, 0xB1, 0x86, 0x47, 0xD3, 0x6F, 0xA7, 0x91, 0xEC, 0x06, 0xF4, 0xCD, 0xAC, 0x6D, 0x84, 0x1B,
    0x79, 0xD7, 0x08, 0xAA, 0x50, 0x5A, 0xFA, 0x28, 0xA5, 0x7A, 0x48, 0x9D, 0xC1, 0xCB, 0xA8, 0x22,
    0x06, 0x21, 0x7B, 0x3A, 0xEB, 0x16, 0x01, 0x43, 0x37, 0x64, 0xE8, 0x7A, 0x92, 0x87, 0xB9, 0x07,
    0x74, 0x53, 0xDB, 0x0A, 0x03, 0x9D, 0x96, 0xB4, 0x52, 0x83, 0x85, 0x7E, 0x65, 0xEB, 0x94, 0x81,
    0x8E, 0xEF, 0x6D, 0xA0, 0x43, 0xA4, 0xFE, 0x88, 0x14, 0x36, 0xB3, 0x0A, 0x3B, 0x73, 0x47, 0x85,
    0xB5, 0x79, 0xE0, 0xB5, 0x0D, 0x47, 0xA2, 0xED, 0x6B, 0xB0, 0x26, 0x5C, 0x65, 0x1F, 0x8E, 0x77,
    0xEF, 0x75, 0xAD, 0xC3, 0x9B, 0x80, 0xAC, 0x77, 0x5E, 0xAF, 0x7A, 0xB7, 0x20, 0xF0, 0xD7, 0xEC,
    0x9B, 0x59, 0xE8, 0x3B, 0x56, 0x28, 0xC9, 0x0A, 0x8A, 0x73, 0x69, 0xEA, 0x73, 0xF6, 0xDB, 0x4D,
    0xAD, 0xBB, 0x37, 0x7A, 0xAB, 0x3C, 0xDA, 0xB2, 0x5B, 0x41, 0xA7, 0x5A, 0x15, 0x86, 0x11, 0x27,
    0x6A, 0x03, 0xE4, 0x85, 0x27, 0xC9, 0x5F, 0x06, 0xFF, 0xBD, 0x4C, 0xA0, 0x2B, 0x70, 0x0D, 0x23,
    0x74, 0xDE, 0x60, 0x23, 0x3C, 0x1A, 0xF3, 0x68, 0x16, 0x6B, 0x86, 0x68, 0x64, 0x9A, 0x78, 0xEE,
    0x76, 0xC3, 0x71, 0xCD, 0x6E, 0x38, 0x30, 0xBE, 0xD5, 0x47, 0xE4, 0x26, 0x9C, 0x2E, 0x5B, 0x10,
    0x28, 0x6C, 0x1D, 0x3A, 0xE7, 0x20, 0x64, 0x6D, 0x4B, 0x0C, 0xE0, 0xBF, 0x9B, 0x77, 0x4D, 0x4E,
    0x39, 0x5D, 0xA7, 0xB0, 0x2E, 0x78, 0xD0, 0x84, 0xF5, 0x2B, 0x7C, 0xE0, 0xD3, 0xE3, 0xB8, 0x8E,
    0x5D, 0xAD, 0x27, 0x02, 0x5C, 0x30, 0x86, 0x71, 0xFF, 0x0A, 0xBB, 0xD3, 0xB0, 0x0E, 0x99, 0x2F,
    0xC3, 0x3A, 0x92, 0xD4, 0x30, 0xDB, 0x2D, 0x67, 0x41, 0x58, 0xE7, 0x72, 0x14, 0xC5, 0xAC, 0x73,
    0xE6, 0xDF, 0x7C, 0x52, 0x3C, 0xEC, 0xC8, 0xD6, 0x99, 0x14, 0x56, 0x31, 0x4A, 0x6A, 0xAD, 0xCB,
    0x6E, 0x19, 0xA1, 0xBB, 0x31, 0xCD, 0x75, 0x7F, 0xD0, 0xC5, 0x1C, 0x54, 0x32, 0x74, 0x7B, 0xE7,
    0xE7, 0xE7, 0x13, 0x0B, 0x1D, 0x59, 0xE8, 0xE8, 0xC9, 0x0D, 0x4E, 0x36, 0xBA, 0x89, 0xF9, 0x73,
    0xFC, 0x06, 0x1A, 0x5A, 0xDE, 0xF7, 0xB7, 0xCD, 0xBD, 0x1B, 0x74, 0x1D, 0x40, 0x97, 0x33, 0x74,
    0x07, 0x00, 0x5D, 0xFA, 0xA4, 0x43, 0xE7, 0x63, 0x08, 0x2E, 0x36, 0x47, 0xED, 0x19, 0x56, 0xD4,
    0x17, 0xA0, 0xB0, 0x4F, 0x6D, 0xAA, 0xB0, 0xFB, 0x06, 0x80, 0x4E, 0xBC, 0x83, 0xB6, 0x0A, 0x4B,
    0xDA, 0x2A, 0x2C, 0x5D, 0xFA, 0xF2, 0x1E, 0x96, 0x2D, 0x9B, 0x40, 0xD7, 0xB1, 0x21, 0xB1, 0x6C,
    0xFA, 0x04, 0xBA, 0x14, 0xCE, 0xF7, 0x21, 0xBA, 0x89, 0xB1, 0x0A, 0xBA, 0x7A, 0xD5, 0x39, 0xAE,
    0xA0, 0xFB, 0x59, 0x61, 0x6E, 0xE8, 0xC8, 0x5C, 0x7D, 0xDE, 0x64, 0xB5, 0x6C, 0xE1, 0x28, 0x69,
    0x18, 0xE8, 0x42, 0x18, 0x16, 0x81, 0xAE, 0x66, 0xC0, 0x0B, 0x61, 0x5F, 0x82, 0x8A, 0x75, 0x81,
    0x99, 0xCE, 0x29, 0x23, 0x38, 0x79, 0xCF, 0x74, 0xA6, 0xE2, 0x56, 0xBE, 0x68, 0x46, 0x7F, 0x43,
    0xDB, 0x69, 0x14, 0x5B, 0xEF, 0xCC, 0xBA, 0x6D, 0xEC, 0x7C, 0x97, 0x01, 0x9D, 0xFF, 0x31, 0xB2,
    0x32, 0x97, 0xEE, 0x05, 0x5D, 0x95, 0xAA, 0xB0, 0xDE, 0x41, 0x3C, 0xAC, 0x09, 0x4E, 0x9C, 0x65,
    0xB7, 0x34, 0xD0, 0xA5, 0x5C, 0x20, 0x7C, 0x0C, 0x59, 0xD7, 0xE2, 0x7C, 0x0B, 0x43, 0xC7, 0x9E,
    0xAC, 0x04, 0xEB, 0xEA, 0xB2, 0x20, 0xA7, 0xF3, 0xEE, 0x8C, 0xB9, 0x4F, 0xB1, 0x91, 0x48, 0x9B,
    0x28, 0xAC, 0x47, 0x07, 0xE9, 0xC5, 0x1D, 0x80, 0xCE, 0x03, 0x62, 0x97, 0x2E, 0x72, 0x67, 0xE4,
    0xB4, 0xEA, 0xE5, 0x7D, 0x43, 0x37, 0x52, 0xD8, 0x03, 0xF3, 0x67, 0x0D, 0xEB, 0x62, 0xEB, 0x26,
    0xBE, 0x59, 0x85, 0x3D, 0x65, 0x77, 0x13, 0xAF, 0x94, 0x36, 0x38, 0x31, 0x20, 0x02, 0x3A, 0x61,
    0xD6, 0x53, 0x9C, 0x0D, 0xE5, 0x1D, 0x2B, 0x43, 0x67, 0x76, 0xAC, 0xB6, 0x08, 0x32, 0x20, 0xEB,
    0x26, 0x30, 0x0D, 0xA0, 0x81, 0x3E, 0x2F, 0x0D, 0xEE, 0x6C, 0xEB, 0x9A, 0xA9, 0x28, 0xEC, 0xF7,
    0x51, 0xC8, 0x11, 0xA1, 0x47, 0xFA, 0x86, 0xE4, 0x01, 0x7C, 0x44, 0x30, 0x62, 0x45, 0x03, 0x08,
    0x5C, 0xC6, 0xC6, 0x26, 0x00, 0x42, 0x43, 0xAE, 0xF4, 0x24, 0xEF, 0x84, 0xE4, 0x18, 0xE2, 0x13,
    0xB6, 0x75, 0x4D, 0x12, 0x1F, 0x82, 0x1D, 0x83, 0xC3, 0x81, 0x86, 0xCC, 0xC2, 0xA9, 0x76, 0x49,
    0x2C, 0x3C, 0xD2, 0xE0, 0x64, 0x6B, 0x42, 0xDF, 0x62, 0xD6, 0x9D, 0xC6, 0xFE, 0xB0, 0x59, 0x82,
    0x75, 0x66, 0x13, 0xC1, 0xC1, 0x09, 0x77, 0xD9, 0xB2, 0xB9, 0x9B, 0xD8, 0x8B, 0x10, 0x82, 0x3D,
    0xAC, 0xC3, 0x31, 0x9B, 0xD9, 0x91, 0x2D, 0xB8, 0x28, 0xB5, 0xDF, 0xF7, 0x1E, 0x76, 0xB1, 0xDA,
    0xC3, 0x9E, 0xA8, 0xF6, 0xB0, 0x7E, 0xC5, 0xBA, 0x7A, 0xC5, 0xBA, 0xB8, 0x62, 0x5D, 0x50, 0xB9,
    0x09, 0xBF, 0x72, 0x13, 0x27, 0x2A, 0x37, 0xB1, 0xF0, 0x60, 0xAC, 0xFB, 0x62, 0x0E, 0xBE, 0xAA,
    0x7F, 0xDC, 0x05, 0xBA, 0xAA, 0xEE, 0x71, 0x17, 0x85, 0x95, 0x3D, 0x6C, 0x87, 0xE3, 0x3A, 0x87,
    0x27, 0x35, 0x07, 0xE8, 0x30, 0x38, 0x8F, 0xC6, 0x18, 0xBA, 0x8B, 0xB4, 0xB3, 0xE9, 0x33, 0xEB,
    0xC2, 0x74, 0x2C, 0x3E, 0x23, 0x3A, 0xA8, 0xC6, 0xE2, 0x23, 0xEC, 0x26, 0x3E, 0xEE, 0xEE, 0xDC,
    0x81, 0xC4, 0x12, 0x9F, 0x7A, 0xF0, 0x92, 0x31, 0x83, 0xA1, 0x53, 0x9C, 0xB4, 0x6E, 0x02, 0xA5,
    0xBA, 0x75, 0x6E, 0xC2, 0x65, 0xBF, 0xB3, 0x87, 0xF3, 0x75, 0x7A, 0x65, 0x5E, 0xEB, 0xC3, 0x79,
    0x14, 0xEA, 0x4F, 0xF1, 0x87, 0xEB, 0x47, 0x3A, 0x3D, 0x18, 0x6A, 0xE4, 0xE0, 0x3D, 0x16, 0x86,
    0x80, 0xEE, 0x30, 0x0B, 0x03, 0x86, 0xAE, 0x03, 0x81, 0x09, 0xAA, 0x42, 0x08, 0x5C, 0xD8, 0x9D,
    0xF3, 0xD2, 0x83, 0x35, 0x86, 0xAE, 0x7E, 0x26, 0xDD, 0x3D, 0x26, 0xD0, 0xA1, 0x7A, 0x39, 0x61,
    0xA0, 0xCB, 0xF9, 0xA1, 0x3C, 0xEF, 0x65, 0xC7, 0x42, 0xD7, 0xD4, 0xD9, 0x17, 0xCA, 0x47, 0x5F,
    0x27, 0x86, 0xB7, 0x47, 0x29, 0x2E, 0xDF, 0xF5, 0x69, 0x60, 0x68, 0xEF, 0x0C, 0x0C, 0xE1, 0x46,
    0xEB, 0x92, 0x7D, 0xC2, 0xC7, 0xBE, 0x18, 0xBD, 0x60, 0xC8, 0x69, 0xCF, 0x6E, 0xE1, 0x22, 0xA1,
    0x5B, 0xE7, 0xEC, 0x13, 0x1F, 0xE4, 0xC0, 0xE6, 0x7C, 0x33, 0x57, 0xBB, 0xED, 0x2C, 0x9A, 0xBF,
    0x1A, 0x61, 0xE8, 0x18, 0x0C, 0x39, 0x75, 0x2C, 0x18, 0x36, 0x87, 0x16, 0xC3, 0xE6, 0xC0, 0x62,
    0xD8, 0x2C, 0x2D, 0x86, 0xCD, 0xDC, 0x62, 0xD8, 0x24, 0x8B, 0xA1, 0x64, 0x0E, 0x18, 0xC3, 0x46,
    0x85, 0xE1, 0x4C, 0xDF, 0x62, 0xD8, 0x31, 0x18, 0xF6, 0xDD, 0x11, 0x86, 0xE9, 0x17, 0x31, 0xFC,
    0x26, 0x23, 0xBD, 0x8D, 0x8E, 0xE3, 0x1C, 0x9A, 0x73, 0x4C, 0x3F, 0x1C, 0xFB, 0x08, 0x24, 0x21,
    0x10, 0x62, 0x16, 0x12, 0xE9, 0x85, 0xD8, 0x02, 0x4B, 0xE7, 0x7A, 0xE9, 0x70, 0x05, 0xA9, 0x6B,
    0x2B, 0x48, 0x50, 0x61, 0x18, 0x8E, 0x97, 0xEF, 0xE4, 0x38, 0x78, 0xFB, 0x2F, 0x2A, 0xDC, 0x3B,
    0x6F, 0x76, 0xB5, 0x58, 0x95, 0x45, 0x51, 0x61, 0x37, 0xA1, 0xEF, 0x7C, 0xCD, 0x8E, 0x03, 0xC7,
    0x05, 0xE4, 0x86, 0x31, 0xE3, 0xCE, 0xD0, 0xF5, 0x9F, 0x8E, 0x0C, 0x74, 0x03, 0x49, 0xDE, 0x02,
    0xBA, 0x7F, 0x14, 0x33, 0x0E, 0xE8, 0xC6, 0x45, 0x00, 0x74, 0x91, 0x7C, 0x05, 0xE8, 0x5A, 0xBF,
    0x17, 0x19, 0xE8, 0x7E, 0x5B, 0x96, 0x0D, 0xD0, 0xF9, 0x67, 0xB2, 0x3B, 0x42, 0xF7, 0x22, 0x9A,
    0x17, 0x19, 0xB1, 0xE1, 0x7A, 0xE8, 0x92, 0x27, 0x03, 0xBA, 0xF8, 0xDE, 0xAC, 0x2B, 0x37, 0xB2,
    0xEE, 0x3B, 0xE8, 0x9C, 0x32, 0xEB, 0xF0, 0x40, 0x0F, 0xAE, 0x6E, 0x52, 0xBE, 0x9B, 0x03, 0x74,
    0x26, 0xF4, 0x03, 0x74, 0x63, 0x32, 0x9B, 0xAF, 0xBE, 0x35, 0x3B, 0x58, 0xE1, 0xBC, 0x50, 0x05,
    0xC9, 0x03, 0x1B, 0xAE, 0xB8, 0xEF, 0xD8, 0x70, 0xC5, 0x3B, 0xCA, 0xE5, 0x41, 0xD6, 0x5C, 0x8F,
    0xB7, 0xAE, 0x80, 0xAE, 0xE6, 0x96, 0x38, 0xB7, 0x04, 0xE8, 0x7E, 0x80, 0xD2, 0xD1, 0x0E, 0x86,
    0x6E, 0x20, 0x4A, 0x03, 0xE8, 0xFA, 0xB2, 0xCA, 0xF8, 0x70, 0x92, 0x05, 0x9E, 0x57, 0x83, 0xCB,
    0x4B, 0x4D, 0x33, 0x5C, 0x33, 0x77, 0x5F, 0xE7, 0x16, 0xBA, 0xBF, 0xB8, 0x4B, 0x19, 0xAD, 0x67,
    0x0F, 0x73, 0xD4, 0x97, 0xE9, 0x84, 0x60, 0x73, 0xC9, 0xFE, 0x15, 0xB3, 0x23, 0x27, 0xE3, 0x78,
    0x7B, 0xF3, 0x5B, 0x8A, 0x0F, 0xBB, 0x61, 0x93, 0xCE, 0xB6, 0xB7, 0x44, 0xB8, 0x59, 0x4F, 0xEB,
    0x9C, 0x3B, 0x9C, 0x96, 0x1C, 0xA8, 0x97, 0xC9, 0x61, 0x1B, 0x2F, 0x0B, 0x2A, 0xAD, 0x0C, 0x2B,
    0x46, 0x8D, 0x57, 0x69, 0xCC, 0x46, 0x75, 0x76, 0x26, 0xA2, 0x4B, 0xE7, 0x39, 0xDC, 0x8D, 0x90,
    0x2A, 0x1F, 0x72, 0x19, 0x3C, 0xAA, 0xB2, 0x22, 0x8D, 0x8D, 0x42, 0x24, 0xE1, 0x39, 0x6A, 0x62,
    0xF1, 0x7B, 0xB0, 0xC9, 0xDE, 0xF0, 0xE8, 0x60, 0xA6, 0x77, 0x1D, 0x79, 0xF4, 0xEB, 0xC3, 0xC5,
    0xEE, 0x9E, 0x10, 0x35, 0x1C, 0xF5, 0xFD, 0xB1, 0x2E, 0xD5, 0x9A, 0xD7, 0xFB, 0xF8, 0xB7, 0xCB,
    0x3F, 0xC4, 0x7B, 0x6C, 0x4E, 0x4A, 0x22, 0x0D, 0x9A, 0x56, 0x22, 0x48, 0x25, 0x99, 0x97, 0x70,
    0x96, 0x82, 0x62, 0x37, 0x0B, 0xED, 0x2D, 0xC1, 0xC2, 0x82, 0x7C, 0x35, 0x35, 0x15, 0x4B, 0x3D,
    0xA2, 0x8E, 0x74, 0x0E, 0xE7, 0x21, 0xA9, 0x97, 0x24, 0xEB, 0xD0, 0x70, 0x80, 0x8F, 0x3D, 0xE5,
    0x32, 0x5F, 0x9D, 0x2E, 0x3C, 0x6E, 0x05, 0x6C, 0x08, 0x4D, 0x45, 0x63, 0x39, 0x79, 0xC1, 0x98,
    0xCA, 0xC4, 0xFC, 0x75, 0x4B, 0x5B, 0xFA, 0x08, 0x44, 0xCF, 0xFA, 0x55, 0x79, 0x7D, 0xAA, 0x3A,
    0x88, 0x17, 0xF2, 0xC9, 0x3D, 0x74, 0xC4, 0x49, 0x2C, 0x17, 0x5B, 0x4A, 0x78, 0x12, 0x07, 0x59,
    0x4C, 0xF3, 0x73, 0x15, 0x1C, 0xE1, 0x9B, 0x05, 0xC5, 0xC9, 0x0A, 0xC3, 0xA8, 0x56, 0xA1, 0x51,
    0x81, 0x39, 0xDE, 0xB0, 0x27, 0x91, 0x6A, 0x8D, 0x08, 0xD5, 0x0E, 0xA8, 0x4E, 0xAD, 0x71, 0x09,
    0x3A, 0x03, 0x7D, 0xAC, 0x4D, 0x7E, 0x8A, 0xAD, 0x1D, 0x0B, 0xCD, 0xA5, 0x25, 0x73, 0xA5, 0xEE,
    0xBC, 0x2F, 0x7D, 0xC6, 0x27, 0xAC, 0xCD, 0x6D, 0x34, 0x6C, 0xA9, 0x07, 0xC8, 0x1B, 0x95, 0x6D,
    0x3D, 0x6B, 0x6D, 0x6D, 0xB7, 0x0D, 0x81, 0xCF, 0x3B, 0x15, 0xB8, 0xE2, 0x6B, 0x25, 0x79, 0xEC,
    0xA8, 0x99, 0x5E, 0x84, 0x02, 0xD7, 0x0F, 0xCB, 0x41, 0xBC, 0x29, 0x66, 0xD6, 0x6E, 0x53, 0xE0,
    0x79, 0x49, 0xD9, 0x99, 0x12, 0x17, 0x5F, 0xE2, 0x44, 0xD0, 0xA0, 0x7D, 0x7D, 0x4B, 0x2D, 0xEB,
    0x27, 0x9C, 0x97, 0x8E, 0x7D, 0x05, 0x37, 0x81, 0xEC, 0xAE, 0x71, 0x13, 0x6D, 0x50, 0x5B, 0x14,
    0x56, 0xD1, 0x49, 0x51, 0x58, 0x5C, 0x9E, 0x12, 0x37, 0x31, 0xC5, 0xDC, 0x67, 0x37, 0xC1, 0x27,
    0xF9, 0x92, 0xDB, 0xDD, 0x44, 0x8B, 0x72, 0xE3, 0x26, 0xDA, 0x3C, 0x6B, 0x28, 0xAC, 0x23, 0xDA,
    0xC7, 0x09, 0x81, 0xCC, 0xA4, 0xA1, 0xE0, 0x39, 0xC9, 0x39, 0x7B, 0x87, 0x84, 0x00, 0xD7, 0x53,
    0xB9, 0xB3, 0xD3, 0x77, 0x16, 0x45, 0x61, 0x61, 0xC0, 0x42, 0xB1, 0x75, 0xFB, 0xF9, 0x04, 0x59,
    0x95, 0x4B, 0x91, 0x84, 0x00, 0x67, 0x06, 0x14, 0xDB, 0xBA, 0x5E, 0x55, 0x5E, 0x14, 0x41, 0x5C,
    0x2D, 0xCE, 0x0E, 0x48, 0xB8, 0x32, 0x85, 0x74, 0x5F, 0xF6, 0x58, 0xE7, 0x52, 0xF0, 0xFB, 0xA6,
    0x40, 0xD7, 0xCC, 0xB9, 0x8C, 0xB8, 0xBE, 0xD0, 0x23, 0x57, 0xE4, 0xB4, 0x45, 0xC6, 0x41, 0xED,
    0x5D, 0x73, 0x29, 0x9C, 0x14, 0xD5, 0x1C, 0x51, 0x07, 0x2C, 0x0C, 0x01, 0x5D, 0xD8, 0x3A, 0x78,
    0xEE, 0xF2, 0x2F, 0x01, 0xDD, 0x38, 0x0B, 0x6F, 0x23, 0xD2, 0xAB, 0x4B, 0x9E, 0x15, 0x91, 0xDE,
    0x98, 0x5C, 0x01, 0x74, 0xC1, 0x49, 0x08, 0xFF, 0x23, 0x51, 0x0A, 0xFF, 0xFC, 0xE1, 0x16, 0x7A,
    0x1E, 0x4A, 0x80, 0xF7, 0x0A, 0x8F, 0x83, 0xF7, 0x17, 0x21, 0x5F, 0xEA, 0xC0, 0x4D, 0x98, 0xCE,
    0x48, 0xB9, 0x4B, 0x2C, 0xE2, 0x5C, 0xCD, 0xDA, 0xA6, 0x90, 0x01, 0xE8, 0x42, 0x93, 0x4E, 0x2F,
    0x54, 0xFD, 0x0A, 0x82, 0x90, 0x98, 0xF7, 0x17, 0xAF, 0x26, 0x34, 0xD1, 0xE0, 0x6A, 0xC5, 0xAB,
    0xAC, 0xB6, 0x1C, 0xD7, 0x6D, 0x22, 0x34, 0xF5, 0xDF, 0x34, 0x78, 0x7B, 0xFB, 0x2A, 0x2A, 0x35,
    0xE8, 0xDC, 0xF5, 0x5E, 0x45, 0x18, 0x06, 0xD3, 0xDE, 0xF6, 0x70, 0x02, 0xB3, 0x86, 0x13, 0x41,
    0x2D, 0xEF, 0xE8, 0xFC, 0xFC, 0x4F, 0x51, 0xBB, 0x81, 0xBF, 0x00, 0xBA, 0xFB, 0xBD, 0x74, 0xC2,
    0x08, 0x01, 0xCE, 0x2B, 0xB1, 0x30, 0x8E, 0x84, 0xE8, 0xDB, 0xA8, 0x3C, 0x0E, 0xC7, 0x22, 0x72,
    0x6E, 0xC1, 0x1E, 0xD7, 0xC6, 0x30, 0xF0, 0x1E, 0x0B, 0x18, 0xB8, 0xAB, 0x41, 0xE3, 0x89, 0xB0,
    0x5C, 0xF3, 0xC2, 0xAC, 0x15, 0xB0, 0xE3, 0x98, 0xEF, 0x02, 0x6C, 0xDD, 0x35, 0x86, 0xB7, 0x29,
    0xC7, 0x0F, 0x52, 0xE3, 0x24, 0x6C, 0x74, 0xFC, 0xF5, 0xD3, 0x4F, 0x9C, 0xA6, 0xDD, 0xDE, 0xC6,
    0xD9, 0xED, 0x67, 0xFC, 0x2A, 0x57, 0x6B, 0x1C, 0xEB, 0xFD, 0xA6, 0xF2, 0x38, 0xF0, 0x90, 0xCC,
    0x00, 0x9F, 0x21, 0x95, 0x3D, 0x1A, 0x67, 0xE8, 0x59, 0x73, 0x65, 0x16, 0x52, 0x67, 0x44, 0x3A,
    0x5F, 0xA2, 0x14, 0x11, 0x58, 0x73, 0x1D, 0x26, 0xAF, 0xD0, 0x8F, 0x33, 0x54, 0x42, 0x3F, 0xCE,
    0xB7, 0x3C, 0x00, 0xFD, 0xE8, 0xF9, 0x4A, 0xAA, 0x57, 0xE0, 0x39, 0xFA, 0xDF, 0x7E, 0x6C, 0x6C,
    0x63, 0x70, 0xF3, 0xD0, 0x6B, 0x6F, 0x0B, 0xD9, 0xE2, 0x67, 0x0E, 0xBD, 0xB6, 0x24, 0x25, 0xEC,
    0x21, 0x4B, 0x31, 0xBE, 0xF6, 0x3E, 0x66, 0xE9, 0x19, 0x7E, 0xE4, 0x2F, 0x44, 0xE2, 0xD3, 0xAE,
    0x46, 0xC2, 0xC0, 0x22, 0x23, 0x61, 0x9F, 0xB1, 0xF8, 0x8B, 0x1F, 0x1E, 0x7A, 0xED, 0xCA, 0x33,
    0x40, 0xB5, 0x7F, 0x45, 0xFF, 0xEE, 0x6B, 0xFA, 0x26, 0xFC, 0x4B, 0x51, 0xF7, 0x53, 0xB7, 0x58,
    0xF0, 0x52, 0x37, 0x8F, 0x1C, 0x9C, 0xD7, 0xC5, 0xC1, 0x32, 0x17, 0xE0, 0xE6, 0xD8, 0xC4, 0xB9,
    0xD8, 0xBC, 0xCF, 0x52, 0xE1, 0x53, 0xCD, 0xC9, 0x59, 0xCA, 0xAD, 0xD4, 0x46, 0x3F, 0xEC, 0xDA,
    0x20, 0x45, 0xDC, 0xB9, 0x81, 0x6B, 0x65, 0xFD, 0x3C, 0xD1, 0xF2, 0x42, 0x90, 0x87, 0xBD, 0x1F,
    0x61, 0xA2, 0xCD, 0x62, 0xD8, 0x8F, 0x27, 0x72, 0xAE, 0x18, 0x7A, 0x9F, 0x5C, 0xFC, 0xEE, 0x2E,
    0x39, 0x7E, 0x15, 0xFC, 0xC3, 0xF0, 0xBB, 0x7F, 0x1A, 0x71, 0x16, 0xA6, 0xDE, 0xFA, 0xF5, 0x1F,
    0x5D, 0x99, 0xA0, 0xE6, 0x80, 0xE6, 0x66, 0xDF, 0x89, 0xAE, 0x1E, 0xCD, 0xE2, 0x81, 0xAB, 0xDE,
    0xFF, 0x55, 0xE3, 0x67, 0x3F, 0x57, 0xF1, 0x20, 0x38, 0xB3, 0xF4, 0x83, 0xDA, 0xB3, 0xC9, 0x5C,
    0x3C, 0x98, 0x72, 0x02, 0x3E, 0x38, 0x3B, 0x11, 0x0F, 0x60, 0x8F, 0xBB, 0x28, 0xF5, 0x06, 0xCD,
    0x01, 0x16, 0xB0, 0xC0, 0x09, 0x5F, 0xEF, 0xE8, 0x0D, 0xCE, 0xC6, 0xD1, 0x05, 0x2C, 0x8A, 0x2B,
    0x07, 0x7F, 0x67, 0x40, 0x0E, 0x7C, 0x31, 0xC7, 0x1E, 0x11, 0x35, 0x95, 0xBE, 0x9C, 0x26, 0xD0,
    0x83, 0xE7, 0x7F, 0xD2, 0x14, 0xE7, 0xBB, 0x95, 0x33, 0xFE, 0xC7, 0xBE, 0x3A, 0x45, 0x7B, 0x7C,
    0x2A, 0x1E, 0x14, 0xFD, 0x2F, 0xAC, 0xDA, 0xB6, 0x55, 0x50, 0xF4, 0x75, 0x49, 0xC0, 0xDC, 0x63,
    0x0F, 0x02, 0x7C, 0x67, 0xC8, 0x52, 0xB4, 0x57, 0x45, 0x83, 0xBA, 0x3A, 0x45, 0x20, 0x67, 0x57,
    0xEC, 0x57, 0x1C, 0x3F, 0x73, 0xE7, 0x3B, 0x50, 0x94, 0x19, 0x24, 0x14, 0xAD, 0xFD, 0xB9, 0x4D,
    0x5E, 0x35, 0xAA, 0x34, 0x42, 0xCB, 0xB7, 0x81, 0x34, 0x12, 0xAF, 0x26, 0x90, 0x66, 0xC1, 0xE6,
    0xFD, 0xA8, 0x4A, 0x5E, 0x51, 0x75, 0x76, 0xC5, 0x52, 0x34, 0x1C, 0x5A, 0x8A, 0x22, 0x08, 0x78,
    0x44, 0xCE, 0xE5, 0x2A, 0xDB, 0x3A, 0x86, 0xEE, 0x34, 0x17, 0x25, 0xB7, 0xDC, 0x1D, 0x3A, 0x97,
    0x2D, 0xE4, 0x90, 0x2D, 0x24, 0x86, 0x3F, 0xCD, 0x79, 0xBF, 0xC6, 0x6E, 0x54, 0x1B, 0x93, 0x42,
    0xA9, 0x83, 0x83, 0x83, 0xB4, 0xA4, 0x66, 0x55, 0x71, 0x88, 0x85, 0xF2, 0x60, 0xB7, 0xB0, 0x57,
    0xBA, 0x05, 0x07, 0xB7, 0x38, 0x3F, 0xD5, 0x55, 0xF6, 0x57, 0x48, 0x4D, 0xCB, 0x7D, 0xD6, 0xE7,
    0xFD, 0x4C, 0x96, 0x06, 0xD0, 0x99, 0x2C, 0x0D, 0xA0, 0xDB, 0xF5, 0x1F, 0x7C, 0xD2, 0x80, 0xA1,
    0xE3, 0xC1, 0xA7, 0x02, 0x1D, 0xCF, 0x54, 0xA0, 0x0B, 0x2B, 0xE8, 0xF8, 0xCA, 0xC3, 0x2A, 0x4A,
    0x22, 0xCC, 0xA4, 0xF8, 0x43, 0xA7, 0xC7, 0x56, 0xD5, 0x9C, 0x3D, 0xE5, 0x27, 0xB1, 0xAB, 0xF9,
    0xBF, 0xBA, 0x85, 0x6E, 0x71, 0x26, 0x61, 0x63, 0x1B, 0xA6, 0xED, 0x3F, 0xCC, 0xD9, 0x30, 0xF2,
    0xA1, 0x7E, 0x31, 0x8C, 0xFE, 0x52, 0xDF, 0x11, 0xE8, 0x26, 0xE9, 0x2F, 0x4D, 0xF6, 0x00, 0x26,
    0xC0, 0x1C, 0x7E, 0x76, 0xD3, 0x7B, 0xEC, 0x7C, 0xB9, 0x14, 0x7E, 0x4C, 0x4A, 0xE1, 0xEF, 0x2D,
    0x50, 0xFF, 0x94, 0x94, 0x71, 0x73, 0x0E, 0x72, 0xBE, 0x74, 0x29, 0xDC, 0xF9, 0x77, 0xCB, 0x3A,
    0xF6, 0x60, 0x96, 0x75, 0x45, 0xC5, 0x3A, 0x55, 0xB1, 0x4E, 0x59, 0xE8, 0x9C, 0xE4, 0x9B, 0x4B,
    0x99, 0x36, 0x39, 0x0B, 0xCA, 0x7E, 0x79, 0xC8, 0x45, 0x0A, 0xB0, 0x4E, 0x2A, 0xBB, 0x93, 0x9B,
    0xB3, 0x0E, 0x07, 0xA2, 0xF2, 0xED, 0xBC, 0xF3, 0x7D, 0x17, 0x95, 0xFD, 0x69, 0xCE, 0xFB, 0xE1,
    0x28, 0xFE, 0x4C, 0x29, 0x0A, 0x9B, 0xF0, 0xFF, 0xB3, 0x60, 0x85, 0x95, 0x93, 0xE4, 0x40, 0xAC,
    0x1C, 0xB8, 0x37, 0x78, 0xE7, 0xEB, 0xE5, 0x0D, 0x17, 0x4F, 0x40, 0x48, 0x93, 0xCA, 0x7F, 0x16,
    0xB9, 0x0D, 0x3A, 0xF9, 0xCF, 0x32, 0x0C, 0x1D, 0x27, 0x94, 0x04, 0x3A, 0xAE, 0xDE, 0xDA, 0x52,
    0xB8, 0x32, 0xD0, 0xE9, 0xAA, 0x14, 0xAE, 0xD7, 0xA0, 0xCB, 0x0C, 0x74, 0xDB, 0x1E, 0xF7, 0xA2,
    0xE4, 0x7D, 0xB9, 0x63, 0x3E, 0x8D, 0xFF, 0x00, 0x95, 0xB5, 0xAD, 0x6F, 0x1A, 0xD6, 0x71, 0xE0,
    0x21, 0xD0, 0x85, 0x98, 0x85, 0x40, 0x57, 0xE3, 0x9C, 0xE9, 0x93, 0x5A, 0x94, 0x7C, 0x04, 0xD0,
    0x8D, 0x0E, 0x9B, 0xD9, 0x67, 0xE1, 0xD0, 0xF4, 0xF0, 0x05, 0x7B, 0xD8, 0xEC, 0x04, 0x76, 0x2E,
    0x4F, 0x18, 0x74, 0x5B, 0xB9, 0x6E, 0xC0, 0xD9, 0x66, 0x84, 0x5C, 0x1D, 0xAE, 0x71, 0xF8, 0x1A,
    0x29, 0xA6, 0x55, 0x76, 0x13, 0x9D, 0x81, 0xF7, 0xBF, 0x1A, 0xD0, 0xED, 0x8F, 0x7F, 0xEC, 0x3F,
    0xF7, 0x01, 0xFE, 0x47, 0x58, 0x63, 0x4B, 0x2D, 0x70, 0xBC, 0x54, 0x15, 0xFB, 0x69, 0xCC, 0x47,
    0x9A, 0xB9, 0x8B, 0x5C, 0x43, 0xC4, 0xC7, 0x27, 0xBA, 0x85, 0x9F, 0x95, 0x8E, 0x9A, 0x96, 0x3D,
    0x08, 0xDF, 0x87, 0xA1, 0x33, 0x27, 0xAF, 0xBE, 0x74, 0x79, 0x68, 0xEF, 0x7C, 0x5A, 0x29, 0x6C,
    0xFE, 0xE0, 0xD0, 0xFD, 0x3F,
};

static const EpdGlyph lato_16_regularGlyphs[] = {
    { 0, 0, 0, 0, 0, 0, 0 }, // U+0000
    { 0, 0, 0, 0, 0, 0, 0 }, // U+0001
    { 0, 0, 0, 0, 0, 0, 0 }, // U+0002
    { 0, 0, 0, 0, 0, 0, 0 }, // U+0003
    { 0, 0, 0, 0, 0, 0, 0 }, // U+0004
    { 0, 0, 0, 0, 0, 0, 0 }, // U+0005
    { 0, 0, 0, 0, 0, 0, 0 }, // U+0006
    { 0, 0, 0, 0, 0, 0, 0 }, // U+0007
    { 0, 0, 0, 0, 0, 0, 0 }, // U+0008
    { 0, 0, 0, 0, 0, 0, 0 }, // U+0009
    { 0, 0, 0, 0, 0, 0, 0 }, // U+000A
    { 0, 0, 0, 0, 0, 0, 0 }, // U+000B
    { 0, 0, 0, 0, 0, 0, 0 }, // U+000C
    { 0, 0, 0, 0, 0, 0, 0 }, // U+000D
    { 0, 0, 0, 0, 0, 0, 0 }, // U+000E
    { 0, 0, 0, 0, 0, 0, 0 }, // U+000F
    { 0, 0, 0, 0, 0, 0, 0 }, // U+0010
    { 0, 0, 0, 0, 0, 0, 0 }, // U+0011
    { 0, 0, 0, 0, 0, 0, 0 }, // U+0012
    { 0, 0, 0, 0, 0, 0, 0 }, // U+0013
    { 0, 0, 0, 0, 0, 0, 0 }, // U+0014
    { 0, 0, 0, 0, 0, 0, 0 }, // U+0015
    { 0, 0, 0, 0, 0, 0, 0 }, // U+0016
    { 0, 0, 0, 0, 0, 0, 0 }, // U+0017
    { 0, 0, 0, 0, 0, 0, 0 }, // U+0018
    { 0, 0, 0, 0, 0, 0, 0 }, // U+0019
    { 0, 0, 0, 0, 0, 0, 0 }, // U+001A
    { 0, 0, 0, 0, 0, 0, 0 }, // U+001B
    { 0, 0, 0, 0, 0, 0, 0 }, // U+001C
    { 0, 0, 0, 0, 0, 0, 0 }, // U+001D
    { 0, 0, 0, 0, 0, 0, 0 }, // U+001E
    { 0, 0, 0, 0, 0, 0, 0 }, // U+001F
    { 0, 0, 137, 0, 0, 0, 0 }, // U+0020
    { 5, 24, 143, 2, 24, 30, 0 }, // !
    { 9, 8, 198, 2, 24, 18, 30 }, // "
    { 19, 24, 344, 1, 24, 114, 48 }, // #
    { 17, 32, 300, 1, 28, 136, 162 }, // $
    { 24, 24, 427, 1, 24, 144, 298 }, // %
    { 23, 24, 380, 1, 24, 138, 442 }, // &
    { 3, 8, 109, 2, 24, 6, 580 }, // '
    { 7, 31, 142, 1, 26, 55, 586 }, // (
    { 7, 31, 142, 1, 26, 55, 641 }, // )
    { 10, 11, 227, 2, 25, 28, 696 }, // *
    { 17, 16, 309, 1, 19, 68, 724 }, // +
    { 5, 9, 121, 1, 4, 12, 792 }, // ,
    { 9, 2, 198, 2, 11, 5, 804 }, // -
    { 5, 4, 126, 1, 4, 5, 809 }, // .
    { 13, 26, 241, 1, 24, 85, 814 }, // /
    { 19, 24, 351, 1, 24, 114, 899 }, // 0
    { 10, 24, 211, 0, 24, 60, 1013 }, // 1
    { 17, 24, 302, 1, 24, 102, 1073 }, // 2
    { 17, 24, 307, 1, 24, 102, 1175 }, // 3
    { 19, 24, 319, 0, 24, 114, 1277 }, // 4
    { 16, 24, 290, 1, 24, 96, 1391 }, // 5
    { 17, 24, 302, 1, 24, 102, 1487 }, // 6
    { 18, 24, 283, 0, 24, 108, 1589 }, // 7
    { 17, 24, 313, 1, 24, 102, 1697 }, // 8
    { 16, 24, 291, 1, 24, 96, 1799 }, // 9
    { 5, 16, 133, 2, 16, 20, 1895 }, // :
    { 5, 21, 139, 2, 16, 27, 1915 }, // ;
    { 14, 16, 309, 2, 19, 56, 1942 }, // <
    { 15, 8, 309, 2, 15, 30, 1998 }, // =
    { 14, 16, 309, 3, 19, 56, 2028 }, // >
    { 13, 24, 239, 1, 24, 78, 2084 }, // ?
    { 26, 26, 446, 1, 22, 169, 2162 }, // @
    { 23, 24, 361, 0, 24, 138, 2331 }, // A
    { 17, 24, 345, 3, 24, 102, 2469 }, // B
    { 21, 24, 356, 1, 24, 126, 2571 }, // C
    { 21, 24, 406, 3, 24, 126, 2697 }, // D
    { 15, 24, 308, 3, 24, 90, 2823 }, // E
    { 15, 24, 302, 3, 24, 90, 2913 }, // F
    { 22, 24, 390, 1, 24, 132, 3003 }, // G
    { 20, 24, 407, 3, 24, 120, 3135 }, // H
    { 4, 24, 149, 3, 24, 24, 3255 }, // I
    { 12, 24, 225, 0, 24, 72, 3279 }, // J
    { 19, 24, 353, 3, 24, 114, 3351 }, // K
    { 14, 24, 274, 3, 24, 84, 3465 }, // L
    { 25, 24, 495, 3, 24, 150, 3549 }, // M
    { 20, 24, 407, 3, 24, 120, 3699 }, // N
    { 24, 24, 427, 1, 24, 144, 3819 }, // O
    { 16, 24, 320, 3, 24, 96, 3963 }, // P
    { 25, 29, 427, 1, 24, 182, 4059 }, // Q
    { 18, 24, 334, 3, 24, 108, 4241 }, // R
    { 16, 24, 289, 1, 24, 96, 4349 }, // S
    { 20, 24, 315, 0, 24, 120, 4445 }, // T
    { 20, 24, 392, 2, 24, 120, 4565 }, // U
    { 23, 24, 361, 0, 24, 138, 4685 }, // V
    { 34, 24, 552, 0, 24, 204, 4823 }, // W
    { 22, 24, 346, 0, 24, 132, 5027 }, // X
    { 21, 24, 333, 0, 24, 126, 5159 }, // Y
    { 19, 24, 321, 0, 24, 114, 5285 }, // Z
    { 7, 30, 163, 3, 25, 53, 5399 }, // [
    { 13, 26, 241, 1, 24, 85, 5452 }, // <backslash>
    { 7, 30, 163, 1, 25, 53, 5537 }, // ]
    { 15, 12, 309, 2, 24, 45, 5590 }, // ^
    { 14, 2, 245, 1, -3, 7, 5635 }, // _
    { 7, 5, 213, 2, 24, 9, 5642 }, // `
    { 14, 17, 265, 1, 17, 60, 5651 }, // a
    { 16, 24, 299, 2, 24, 96, 5711 }, // b
    { 14, 17, 255, 1, 17, 60, 5807 }, // c
    { 16, 24, 299, 1, 24, 96, 5867 }, // d
    { 16, 17, 282, 1, 17, 68, 5963 }, // e
    { 12, 24, 187, 0, 24, 72, 6031 }, // f
    { 16, 23, 277, 1, 17, 92, 6103 }, // g
    { 15, 24, 298, 2, 24, 90, 6195 }, // h
    { 6, 24, 128, 1, 24, 36, 6285 }, // i
    { 9, 30, 128, -2, 24, 68, 6321 }, // j
    { 15, 24, 271, 2, 24, 90, 6389 }, // k
    { 4, 24, 126, 2, 24, 24, 6479 }, // l
    { 23, 17, 439, 2, 17, 98, 6503 }, // m
    { 15, 17, 298, 2, 17, 64, 6601 }, // n
    { 17, 17, 302, 1, 17, 73, 6665 }, // o
    { 16, 23, 299, 2, 17, 92, 6738 }, // p
    { 16, 23, 299, 1, 17, 92, 6830 }, // q
    { 10, 17, 194, 2, 17, 43, 6922 }, // r
    { 12, 17, 231, 1, 17, 51, 6965 }, // s
    { 12, 23, 191, 0, 23, 69, 7016 }, // t
    { 15, 17, 297, 2, 17, 64, 7085 }, // u
    { 17, 17, 275, 0, 17, 73, 7149 }, // v
    { 26, 17, 419, 0, 17, 111, 7222 }, // w
    { 17, 17, 266, 0, 17, 73, 7333 }, // x
    { 17, 23, 275, 0, 17, 98, 7406 }, // y
    { 14, 17, 241, 0, 17, 60, 7504 }, // z
    { 8, 30, 161, 1, 25, 60, 7564 }, // {
    { 4, 31, 134, 2, 25, 31, 7624 }, // |
    { 8, 30, 161, 1, 25, 60, 7655 }, // }
    { 17, 6, 309, 1, 13, 26, 7715 }, // ~
    { 0, 0, 0, 0, 0, 0, 7741 }, // U+007F
    { 0, 0, 0, 0, 0, 0, 0 }, // U+0080
    { 0, 0, 0, 0, 0, 0, 0 }, // U+0081
    { 0, 0, 0, 0, 0, 0, 0 }, // U+0082
    { 0, 0, 0, 0, 0, 0, 0 }, // U+0083
    { 0, 0, 0, 0, 0, 0, 0 }, // U+0084
    { 0, 0, 0, 0, 0, 0, 0 }, // U+0085
    { 0, 0, 0, 0, 0, 0, 0 }, // U+0086
    { 0, 0, 0, 0, 0, 0, 0 }, // U+0087
    { 0, 0, 0, 0, 0, 0, 0 }, // U+0088
    { 0, 0, 0, 0, 0, 0, 0 }, // U+0089
    { 0, 0, 0, 0, 0, 0, 0 }, // U+008A
    { 0, 0, 0, 0, 0, 0, 0 }, // U+008B
    { 0, 0, 0, 0, 0, 0, 0 }, // U+008C
    { 0, 0, 0, 0, 0, 0, 0 }, // U+008D
    { 0, 0, 0, 0, 0, 0, 0 }, // U+008E
    { 0, 0, 0, 0, 0, 0, 0 }, // U+008F
    { 0, 0, 0, 0, 0, 0, 0 }, // U+0090
    { 0, 0, 0, 0, 0, 0, 0 }, // U+0091
    { 0, 0, 0, 0, 0, 0, 0 }, // U+0092
    { 0, 0, 0, 0, 0, 0, 0 }, // U+0093
    { 0, 0, 0, 0, 0, 0, 0 }, // U+0094
    { 0, 0, 0, 0, 0, 0, 0 }, // U+0095
    { 0, 0, 0, 0, 0, 0, 0 }, // U+0096
    { 0, 0, 0, 0, 0, 0, 0 }, // U+0097
    { 0, 0, 0, 0, 0, 0, 0 }, // U+0098
    { 0, 0, 0, 0, 0, 0, 0 }, // U+0099
    { 0, 0, 0, 0, 0, 0, 0 }, // U+009A
    { 0, 0, 0, 0, 0, 0, 0 }, // U+009B
    { 0, 0, 0, 0, 0, 0, 0 }, // U+009C
    { 0, 0, 0, 0, 0, 0, 0 }, // U+009D
    { 0, 0, 0, 0, 0, 0, 0 }, // U+009E
    { 0, 0, 0, 0, 0, 0, 0 }, // U+009F
    { 0, 0, 137, 0, 0, 0, 0 }, // U+00A0
    { 5, 23, 134, 2, 17, 29, 0 }, // U+00A1
    { 16, 25, 288, 1, 21, 100, 29 }, // U+00A2
    { 19, 24, 309, 0, 24, 114, 129 }, // U+00A3
    { 15, 16, 309, 2, 19, 60, 243 }, // U+00A4
    { 20, 24, 351, 1, 24, 120, 303 }, // U+00A5
    { 3, 31, 135, 3, 25, 24, 423 }, // U+00A6
    { 14, 26, 264, 1, 24, 91, 447 }, // U+00A7
    { 11, 4, 213, 1, 23, 11, 538 }, // U+00A8
    { 25, 24, 443, 1, 24, 150, 549 }, // U+00A9
    { 9, 11, 196, 1, 24, 25, 699 }, // U+00AA
    { 12, 14, 229, 1, 16, 42, 724 }, // U+00AB
    { 15, 7, 309, 2, 12, 27, 766 }, // U+00AC
    { 0, 0, 0, 0, 0, 0, 793 }, // U+00AD
    { 25, 24, 443, 1, 24, 150, 793 }, // U+00AE
    { 11, 2, 213, 1, 22, 6, 943 }, // U+00AF
    { 12, 11, 221, 1, 24, 33, 949 }, // U+00B0
    { 17, 19, 309, 1, 20, 81, 982 }, // U+00B1
    { 9, 12, 178, 1, 27, 27, 1063 }, // U+00B2
    { 9, 12, 178, 1, 27, 27, 1090 }, // U+00B3
    { 8, 5, 213, 4, 24, 10, 1117 }, // U+00B4
    { 19, 23, 346, 2, 17, 110, 1127 }, // U+00B5
    { 21, 27, 374, 1, 24, 142, 1237 }, // U+00B6
    { 6, 5, 139, 1, 12, 8, 1379 }, // U+00B7
    { 6, 7, 213, 4, 1, 11, 1387 }, // U+00B8
    { 9, 12, 178, 1, 27, 27, 1398 }, // U+00B9
    { 11, 11, 214, 1, 24, 31, 1425 }, // U+00BA
    { 11, 14, 229, 2, 16, 39, 1456 }, // U+00BB
    { 22, 24, 391, 1, 24, 132, 1495 }, // U+00BC
    { 22, 24, 387, 1, 24, 132, 1627 }, // U+00BD
    { 23, 24, 396, 1, 24, 138, 1759 }, // U+00BE
    { 13, 23, 235, 1, 17, 75, 1897 }, // U+00BF
    { 23, 31, 361, 0, 31, 179, 1972 }, // U+00C0
    { 23, 31, 361, 0, 31, 179, 2151 }, // U+00C1
    { 23, 31, 361, 0, 31, 179, 2330 }, // U+00C2
    { 23, 30, 361, 0, 30, 173, 2509 }, // U+00C3
    { 23, 30, 361, 0, 30, 173, 2682 }, // U+00C4
    { 23, 31, 361, 0, 31, 179, 2855 }, // U+00C5
    { 31, 24, 496, -1, 24, 186, 3034 }, // U+00C6
    { 21, 30, 356, 1, 24, 158, 3220 }, // U+00C7
    { 15, 31, 308, 3, 31, 117, 3378 }, // U+00C8
    { 15, 31, 308, 3, 31, 117, 3495 }, // U+00C9
    { 15, 31, 308, 3, 31, 117, 3612 }, // U+00CA
    { 15, 30, 308, 3, 30, 113, 3729 }, // U+00CB
    { 9, 31, 149, -2, 31, 70, 3842 }, // U+00CC
    { 9, 31, 149, 2, 31, 70, 3912 }, // U+00CD
    { 11, 31, 149, -1, 31, 86, 3982 }, // U+00CE
    { 11, 30, 149, -1, 30, 83, 4068 }, // U+00CF
    { 24, 24, 410, 0, 24, 144, 4151 }, // U+00D0
    { 20, 30, 407, 3, 30, 150, 4295 }, // U+00D1
    { 24, 31, 427, 1, 31, 186, 4445 }, // U+00D2
    { 24, 31, 427, 1, 31, 186, 4631 }, // U+00D3
    { 24, 31, 427, 1, 31, 186, 4817 }, // U+00D4
    { 24, 30, 427, 1, 30, 180, 5003 }, // U+00D5
    { 24, 30, 427, 1, 30, 180, 5183 }, // U+00D6
    { 16, 16, 309, 2, 19, 64, 5363 }, // U+00D7
    { 24, 27, 427, 1, 25, 162, 5427 }, // U+00D8
    { 20, 31, 392, 2, 31, 155, 5589 }, // U+00D9
    { 20, 31, 392, 2, 31, 155, 5744 }, // U+00DA
    { 20, 31, 392, 2, 31, 155, 5899 }, // U+00DB
    { 20, 30, 392, 2, 30, 150, 6054 }, // U+00DC
    { 21, 31, 333, 0, 31, 163, 6204 }, // U+00DD
    { 16, 24, 319, 3, 24, 96, 6367 }, // U+00DE
    { 17, 24, 309, 2, 24, 102, 6463 }, // U+00DF
    { 14, 24, 265, 1, 24, 84, 6565 }, // U+00E0
    { 14, 24, 265, 1, 24, 84, 6649 }, // U+00E1
    { 14, 24, 265, 1, 24, 84, 6733 }, // U+00E2
    { 14, 24, 265, 1, 24, 84, 6817 }, // U+00E3
    { 14, 23, 265, 1, 23, 81, 6901 }, // U+00E4
    { 14, 25, 265, 1, 25, 88, 6982 }, // U+00E5
    { 25, 17, 429, 1, 17, 107, 7070 }, // U+00E6
    { 14, 23, 255, 1, 17, 81, 7177 }, // U+00E7
    { 16, 24, 282, 1, 24, 96, 7258 }, // U+00E8
    { 16, 24, 282, 1, 24, 96, 7354 }, // U+00E9
    { 16, 24, 282, 1, 24, 96, 7450 }, // U+00EA
    { 16, 23, 282, 1, 23, 92, 7546 }, // U+00EB
    { 8, 24, 128, -1, 24, 48, 7638 }, // U+00EC
    { 7, 24, 128, 2, 24, 42, 7686 }, // U+00ED
    { 11, 24, 128, -1, 24, 66, 7728 }, // U+00EE
    { 10, 23, 128, -1, 23, 58, 7794 }, // U+00EF
    { 17, 24, 302, 1, 24, 102, 7852 }, // U+00F0
    { 15, 24, 298, 2, 24, 90, 7954 }, // U+00F1
    { 17, 24, 302, 1, 24, 102, 8044 }, // U+00F2
    { 17, 24, 302, 1, 24, 102, 8146 }, // U+00F3
    { 17, 24, 302, 1, 24, 102, 8248 }, // U+00F4
    { 17, 24, 302, 1, 24, 102, 8350 }, // U+00F5
    { 17, 23, 302, 1, 23, 98, 8452 }, // U+00F6
    { 17, 16, 309, 1, 19, 68, 8550 }, // U+00F7
    { 17, 20, 302, 1, 19, 85, 8618 }, // U+00F8
    { 15, 24, 297, 2, 24, 90, 8703 }, // U+00F9
    { 15, 24, 297, 2, 24, 90, 8793 }, // U+00FA
    { 15, 24, 297, 2, 24, 90, 8883 }, // U+00FB
    { 15, 23, 297, 2, 23, 87, 8973 }, // U+00FC
    { 17, 30, 275, 0, 24, 128, 9060 }, // U+00FD
    { 16, 30, 299, 2, 24, 120, 9188 }, // U+00FE
    { 17, 29, 275, 0, 23, 124, 9308 }, // U+00FF
    { 23, 28, 361, 0, 28, 161, 0 }, // U+0100
    { 14, 22, 265, 1, 22, 77, 161 }, // U+0101
    { 23, 31, 361, 0, 31, 179, 238 }, // U+0102
    { 14, 24, 265, 1, 24, 84, 417 }, // U+0103
    { 24, 30, 360, 0, 24, 180, 501 }, // U+0104
    { 16, 23, 265, 1, 17, 92, 681 }, // U+0105
    { 21, 31, 356, 1, 31, 163, 773 }, // U+0106
    { 14, 24, 255, 1, 24, 84, 936 }, // U+0107
    { 21, 31, 356, 1, 31, 163, 1020 }, // U+0108
    { 14, 24, 255, 1, 24, 84, 1183 }, // U+0109
    { 21, 30, 356, 1, 30, 158, 1267 }, // U+010A
    { 14, 24, 255, 1, 24, 84, 1425 }, // U+010B
    { 21, 31, 356, 1, 31, 163, 1509 }, // U+010C
    { 14, 24, 255, 1, 24, 84, 1672 }, // U+010D
    { 21, 31, 406, 3, 31, 163, 1756 }, // U+010E
    { 21, 24, 299, 1, 24, 126, 1919 }, // U+010F
    { 24, 24, 410, 0, 24, 144, 2045 }, // U+0110
    { 18, 24, 299, 1, 24, 108, 2189 }, // U+0111
    { 15, 28, 308, 3, 28, 105, 2297 }, // U+0112
    { 16, 22, 282, 1, 22, 88, 2402 }, // U+0113
    { 15, 31, 308, 3, 31, 117, 2490 }, // U+0114
    { 16, 24, 282, 1, 24, 96, 2607 }, // U+0115
    { 15, 30, 308, 3, 30, 113, 2703 }, // U+0116
    { 16, 24, 282, 1, 24, 96, 2816 }, // U+0117
    { 15, 30, 308, 3, 24, 113, 2912 }, // U+0118
    { 16, 23, 282, 1, 17, 92, 3025 }, // U+0119
    { 15, 31, 308, 3, 31, 117, 3117 }, // U+011A
    { 16, 24, 282, 1, 24, 96, 3234 }, // U+011B
    { 22, 31, 390, 1, 31, 171, 3330 }, // U+011C
    { 16, 30, 277, 1, 24, 120, 3501 }, // U+011D
    { 22, 31, 390, 1, 31, 171, 3621 }, // U+011E
    { 16, 30, 277, 1, 24, 120, 3792 }, // U+011F
    { 22, 30, 390, 1, 30, 165, 3912 }, // U+0120
    { 16, 30, 277, 1, 24, 120, 4077 }, // U+0121
    { 22, 30, 390, 1, 24, 165, 4197 }, // U+0122
    { 16, 30, 277, 1, 24, 120, 4362 }, // U+0123
    { 20, 31, 407, 3, 31, 155, 4482 }, // U+0124
    { 19, 30, 298, -2, 30, 143, 4637 }, // U+0125
    { 25, 24, 411, 0, 24, 150, 4780 }, // U+0126
    { 18, 24, 298, -1, 24, 108, 4930 }, // U+0127
    { 12, 30, 149, -1, 30, 90, 5038 }, // U+0128
    { 10, 24, 128, -1, 24, 60, 5128 }, // U+0129
    { 10, 28, 149, 0, 28, 70, 5188 }, // U+012A
    { 10, 22, 128, -1, 22, 55, 5258 }, // U+012B
    { 11, 31, 149, -1, 31, 86, 5313 }, // U+012C
    { 10, 24, 128, -1, 24, 60, 5399 }, // U+012D
    { 7, 30, 150, 1, 24, 53, 5459 }, // U+012E
    { 6, 30, 128, 1, 24, 45, 5512 }, // U+012F
    { 5, 30, 149, 2, 30, 38, 5557 }, // U+0130
    { 4, 17, 128, 2, 17, 17, 5595 }, // U+0131
    { 19, 24, 392, 3, 24, 114, 5612 }, // U+0132
    { 14, 30, 264, 1, 24, 105, 5726 }, // U+0133
    { 15, 31, 225, 0, 31, 117, 5831 }, // U+0134
    { 12, 30, 128, -2, 24, 90, 5948 }, // U+0135
    { 19, 30, 353, 3, 24, 143, 6038 }, // U+0136
    { 15, 30, 271, 2, 24, 113, 6181 }, // U+0137
    { 15, 17, 271, 2, 17, 64, 6294 }, // U+0138
    { 15, 31, 274, 2, 31, 117, 6358 }, // U+0139
    { 10, 31, 126, 1, 31, 78, 6475 }, // U+013A
    { 14, 30, 274, 3, 24, 105, 6553 }, // U+013B
    { 4, 30, 126, 2, 24, 30, 6658 }, // U+013C
    { 14, 24, 274, 3, 24, 84, 6688 }, // U+013D
    { 9, 24, 126, 2, 24, 54, 6772 }, // U+013E
    { 14, 24, 285, 3, 24, 84, 6826 }, // U+013F
    { 11, 24, 198, 2, 24, 66, 6910 }, // U+0140
    { 17, 24, 282, 0, 24, 102, 6976 }, // U+0141
    { 10, 24, 165, 0, 24, 60, 7078 }, // U+0142
    { 20, 31, 407, 3, 31, 155, 7138 }, // U+0143
    { 15, 24, 298, 2, 24, 90, 7293 }, // U+0144
    { 20, 30, 407, 3, 24, 150, 7383 }, // U+0145
    { 15, 23, 298, 2, 17, 87, 7533 }, // U+0146
    { 20, 31, 407, 3, 31, 155, 7620 }, // U+0147
    { 15, 24, 298, 2, 24, 90, 7775 }, // U+0148
    { 18, 26, 322, 0, 26, 117, 7865 }, // U+0149
    { 20, 30, 407, 3, 24, 150, 7982 }, // U+014A
    { 15, 23, 298, 2, 17, 87, 8132 }, // U+014B
    { 24, 28, 427, 1, 28, 168, 8219 }, // U+014C
    { 17, 22, 302, 1, 22, 94, 8387 }, // U+014D
    { 24, 31, 427, 1, 31, 186, 8481 }, // U+014E
    { 17, 24, 302, 1, 24, 102, 8667 }, // U+014F
    { 24, 31, 427, 1, 31, 186, 8769 }, // U+0150
    { 17, 24, 302, 1, 24, 102, 8955 }, // U+0151
    { 34, 24, 582, 1, 24, 204, 9057 }, // U+0152
    { 27, 17, 466, 1, 17, 115, 9261 }, // U+0153
    { 18, 31, 334, 3, 31, 140, 9376 }, // U+0154
    { 10, 24, 194, 2, 24, 60, 9516 }, // U+0155
    { 18, 30, 334, 3, 24, 135, 9576 }, // U+0156
    { 10, 23, 194, 2, 17, 58, 9711 }, // U+0157
    { 18, 31, 334, 3, 31, 140, 9769 }, // U+0158
    { 11, 24, 194, 1, 24, 66, 9909 }, // U+0159
    { 16, 31, 289, 1, 31, 124, 9975 }, // U+015A
    { 12, 24, 231, 1, 24, 72, 10099 }, // U+015B
    { 16, 31, 289, 1, 31, 124, 10171 }, // U+015C
    { 12, 24, 231, 1, 24, 72, 10295 }, // U+015D
    { 16, 30, 289, 1, 24, 120, 10367 }, // U+015E
    { 12, 23, 231, 1, 17, 69, 10487 }, // U+015F
    { 16, 31, 289, 1, 31, 124, 10556 }, // U+0160
    { 12, 24, 231, 1, 24, 72, 10680 }, // U+0161
    { 20, 30, 315, 0, 24, 150, 10752 }, // U+0162
    { 12, 28, 191, 0, 22, 84, 10902 }, // U+0163
    { 20, 31, 315, 0, 31, 155, 10986 }, // U+0164
    { 14, 24, 191, 0, 24, 84, 11141 }, // U+0165
    { 20, 24, 323, 0, 24, 120, 11225 }, // U+0166
    { 12, 23, 193, 0, 23, 69, 11345 }, // U+0167
    { 20, 30, 392, 2, 30, 150, 11414 }, // U+0168
    { 15, 24, 297, 2, 24, 90, 11564 }, // U+0169
    { 20, 28, 392, 2, 28, 140, 11654 }, // U+016A
    { 15, 22, 297, 2, 22, 83, 11794 }, // U+016B
    { 20, 31, 392, 2, 31, 155, 11877 }, // U+016C
    { 15, 24, 297, 2, 24, 90, 12032 }, // U+016D
    { 20, 31, 392, 2, 31, 155, 12122 }, // U+016E
    { 15, 25, 297, 2, 25, 94, 12277 }, // U+016F
    { 20, 31, 392, 2, 31, 155, 12371 }, // U+0170
    { 15, 24, 297, 2, 24, 90, 12526 }, // U+0171
    { 20, 30, 392, 2, 24, 150, 12616 }, // U+0172
    { 16, 23, 297, 2, 17, 92, 12766 }, // U+0173
    { 34, 31, 552, 0, 31, 264, 12858 }, // U+0174
    { 26, 24, 419, 0, 24, 156, 13122 }, // U+0175
    { 21, 31, 333, 0, 31, 163, 13278 }, // U+0176
    { 17, 30, 275, 0, 24, 128, 13441 }, // U+0177
    { 21, 30, 333, 0, 30, 158, 13569 }, // U+0178
    { 19, 31, 321, 0, 31, 148, 13727 }, // U+0179
    { 14, 24, 241, 0, 24, 84, 13875 }, // U+017A
    { 19, 30, 321, 0, 30, 143, 13959 }, // U+017B
    { 14, 24, 241, 0, 24, 84, 14102 }, // U+017C
    { 19, 31, 321, 0, 31, 148, 14186 }, // U+017D
    { 14, 24, 241, 0, 24, 84, 14334 }, // U+017E
    { 12, 24, 151, 0, 24, 72, 14418 }, // U+017F
    { 27, 26, 452, 1, 26, 176, 0 }, // U+01A0
    { 20, 20, 326, 1, 20, 100, 176 }, // U+01A1
    { 26, 27, 448, 2, 27, 176, 276 }, // U+01AF
    { 20, 20, 338, 2, 20, 100, 452 }, // U+01B0
    { 42, 31, 733, 3, 31, 326, 552 }, // U+01C4
    { 37, 24, 648, 3, 24, 222, 878 }, // U+01C5
    { 32, 24, 546, 1, 24, 192, 1100 }, // U+01C6
    { 26, 24, 512, 3, 24, 156, 1292 }, // U+01C7
    { 21, 30, 408, 3, 24, 158, 1448 }, // U+01C8
    { 13, 30, 263, 2, 24, 98, 1606 }, // U+01C9
    { 34, 24, 640, 3, 24, 204, 1704 }, // U+01CA
    { 29, 30, 537, 3, 24, 218, 1908 }, // U+01CB
    { 23, 30, 430, 2, 24, 173, 2126 }, // U+01CC
    { 23, 31, 361, 0, 31, 179, 2299 }, // U+01CD
    { 14, 24, 265, 1, 24, 84, 2478 }, // U+01CE
    { 11, 31, 149, -1, 31, 86, 2562 }, // U+01CF
    { 12, 24, 128, -2, 24, 72, 2648 }, // U+01D0
    { 24, 31, 427, 1, 31, 186, 2720 }, // U+01D1
    { 17, 24, 302, 1, 24, 102, 2906 }, // U+01D2
    { 20, 31, 392, 2, 31, 155, 3008 }, // U+01D3
    { 15, 24, 297, 2, 24, 90, 3163 }, // U+01D4
    { 20, 32, 392, 2, 32, 160, 3253 }, // U+01D5
    { 15, 27, 297, 2, 27, 102, 3413 }, // U+01D6
    { 20, 35, 392, 2, 35, 175, 3515 }, // U+01D7
    { 15, 29, 297, 2, 29, 109, 3690 }, // U+01D8
    { 20, 35, 392, 2, 35, 175, 3799 }, // U+01D9
    { 15, 29, 297, 2, 29, 109, 3974 }, // U+01DA
    { 20, 35, 392, 2, 35, 175, 4083 }, // U+01DB
    { 15, 29, 297, 2, 29, 109, 4258 }, // U+01DC
    { 16, 17, 282, 1, 17, 68, 4367 }, // U+01DD
    { 23, 32, 361, 0, 32, 184, 4435 }, // U+01DE
    { 14, 27, 265, 1, 27, 95, 4619 }, // U+01DF
    { 23, 33, 361, 0, 33, 190, 4714 }, // U+01E0
    { 14, 27, 265, 1, 27, 95, 4904 }, // U+01E1
    { 31, 28, 496, -1, 28, 217, 4999 }, // U+01E2
    { 25, 22, 429, 1, 22, 138, 5216 }, // U+01E3
    { 24, 24, 407, 1, 24, 144, 5354 }, // U+01E4
    { 19, 23, 295, 0, 17, 110, 5498 }, // U+01E5
    { 22, 31, 390, 1, 31, 171, 5608 }, // U+01E6
    { 16, 30, 277, 1, 24, 120, 5779 }, // U+01E7
    { 19, 31, 353, 3, 31, 148, 5899 }, // U+01E8
    { 19, 31, 271, -2, 31, 148, 6047 }, // U+01E9
    { 24, 30, 427, 1, 24, 180, 6195 }, // U+01EA
    { 17, 23, 302, 1, 17, 98, 6375 }, // U+01EB
    { 24, 34, 427, 1, 28, 204, 6473 }, // U+01EC
    { 17, 28, 302, 1, 22, 119, 6677 }, // U+01ED
    { 18, 31, 313, 0, 31, 140, 6796 }, // U+01EE
    { 15, 30, 234, -1, 24, 113, 6936 }, // U+01EF
    { 12, 30, 128, -2, 24, 90, 7049 }, // U+01F0
    { 42, 24, 733, 3, 24, 252, 7139 }, // U+01F1
    { 37, 24, 648, 3, 24, 222, 7391 }, // U+01F2
    { 32, 24, 546, 1, 24, 192, 7613 }, // U+01F3
    { 22, 31, 390, 1, 31, 171, 7805 }, // U+01F4
    { 16, 30, 277, 1, 24, 120, 7976 }, // U+01F5
    { 31, 24, 567, 3, 24, 186, 8096 }, // U+01F6
    { 19, 30, 374, 3, 24, 143, 8282 }, // U+01F7
    { 20, 31, 407, 3, 31, 155, 8425 }, // U+01F8
    { 15, 24, 298, 2, 24, 90, 8580 }, // U+01F9
    { 23, 35, 361, 0, 35, 202, 8670 }, // U+01FA
    { 14, 29, 265, 1, 29, 102, 8872 }, // U+01FB
    { 31, 31, 496, -1, 31, 241, 8974 }, // U+01FC
    { 25, 24, 429, 1, 24, 150, 9215 }, // U+01FD
    { 24, 33, 426, 1, 31, 198, 9365 }, // U+01FE
    { 17, 25, 302, 1, 24, 107, 9563 }, // U+01FF
    { 23, 31, 361, 0, 31, 179, 9670 }, // U+0200
    { 15, 24, 265, 0, 24, 90, 9849 }, // U+0201
    { 23, 30, 361, 0, 30, 173, 9939 }, // U+0202
    { 14, 24, 265, 1, 24, 84, 10112 }, // U+0203
    { 16, 31, 308, 2, 31, 124, 10196 }, // U+0204
    { 16, 24, 282, 1, 24, 96, 10320 }, // U+0205
    { 15, 30, 308, 3, 30, 113, 10416 }, // U+0206
    { 16, 24, 282, 1, 24, 96, 10529 }, // U+0207
    { 13, 31, 149, -4, 31, 101, 10625 }, // U+0208
    { 12, 24, 128, -4, 24, 72, 10726 }, // U+0209
    { 11, 30, 149, -1, 30, 83, 10798 }, // U+020A
    { 10, 24, 128, -1, 24, 60, 10881 }, // U+020B
    { 24, 31, 427, 1, 31, 186, 10941 }, // U+020C
    { 17, 24, 302, 1, 24, 102, 11127 }, // U+020D
    { 24, 30, 427, 1, 30, 180, 11229 }, // U+020E
    { 17, 24, 302, 1, 24, 102, 11409 }, // U+020F
    { 20, 31, 334, 1, 31, 155, 11511 }, // U+0210
    { 13, 24, 194, -1, 24, 78, 11666 }, // U+0211
    { 18, 30, 334, 3, 30, 135, 11744 }, // U+0212
    { 10, 24, 194, 2, 24, 60, 11879 }, // U+0213
    { 20, 31, 392, 2, 31, 155, 11939 }, // U+0214
    { 15, 24, 297, 2, 24, 90, 12094 }, // U+0215
    { 20, 30, 392, 2, 30, 150, 12184 }, // U+0216
    { 15, 24, 297, 2, 24, 90, 12334 }, // U+0217
    { 16, 30, 289, 1, 24, 120, 12424 }, // U+0218
    { 12, 23, 231, 1, 17, 69, 12544 }, // U+0219
    { 20, 30, 315, 0, 24, 150, 12613 }, // U+021A
    { 12, 29, 191, 0, 23, 87, 12763 }, // U+021B
    { 18, 24, 313, 0, 24, 108, 12850 }, // U+021C
    { 15, 23, 234, -1, 17, 87, 12958 }, // U+021D
    { 20, 31, 407, 3, 31, 155, 13045 }, // U+021E
    { 19, 31, 298, -2, 31, 148, 13200 }, // U+021F
    { 8, 5, 0, -12, 24, 10, 0 }, // U+0300
    { 8, 5, 0, -9, 24, 10, 10 }, // U+0301
    { 11, 5, 0, -12, 24, 14, 20 }, // U+0302
    { 11, 3, 0, -12, 24, 9, 34 }, // U+0303
    { 11, 2, 0, -12, 22, 6, 43 }, // U+0304
    { 20, 2, 0, -10, 28, 10, 49 }, // U+0305
    { 10, 4, 0, -12, 24, 10, 59 }, // U+0306
    { 5, 4, 0, -9, 24, 5, 69 }, // U+0307
    { 11, 4, 0, -12, 23, 11, 74 }, // U+0308
    { 7, 7, 0, -10, 24, 13, 85 }, // U+0309
    { 7, 6, 0, -10, 25, 11, 98 }, // U+030A
    { 12, 5, 0, -11, 24, 15, 109 }, // U+030B
    { 11, 5, 0, -12, 24, 14, 124 }, // U+030C
    { 3, 7, 0, 5, 26, 6, 138 }, // U+030D
    { 8, 7, 0, 3, 26, 14, 144 }, // U+030E
    { 12, 5, 0, -1, 24, 15, 158 }, // U+030F
    { 11, 8, 0, 1, 28, 22, 173 }, // U+0310
    { 10, 5, 0, 2, 24, 13, 195 }, // U+0311
    { 4, 5, 0, -8, 24, 5, 208 }, // U+0312
    { 5, 8, 0, 4, 26, 10, 213 }, // U+0313
    { 5, 8, 0, 4, 26, 10, 223 }, // U+0314
    { 4, 5, 0, 5, 24, 5, 233 }, // U+0315
    { 8, 5, 0, -10, -1, 10, 238 }, // U+0316
    { 7, 5, 0, -10, -1, 9, 248 }, // U+0317
    { 9, 7, 0, 2, -2, 16, 257 }, // U+0318
    { 9, 7, 0, 2, -2, 16, 273 }, // U+0319
    { 9, 8, 0, 2, 27, 18, 289 }, // U+031A
    { 6, 7, 0, 4, 20, 11, 307 }, // U+031B
    { 4, 6, 0, 1, 25, 6, 318 }, // U+031C
    { 9, 8, 0, 2, 0, 18, 324 }, // U+031D
    { 9, 8, 0, 2, -1, 18, 342 }, // U+031E
    { 9, 7, 0, 2, -2, 16, 360 }, // U+031F
    { 9, 2, 0, 2, -4, 5, 376 }, // U+0320
    { 9, 6, 0, 1, 0, 14, 381 }, // U+0321
    { 8, 6, 0, 3, 0, 12, 395 }, // U+0322
    { 5, 4, 0, -9, -2, 5, 407 }, // U+0323
    { 11, 4, 0, -12, -1, 11, 412 }, // U+0324
    { 7, 6, 0, 3, -1, 11, 423 }, // U+0325
    { 4, 5, 0, -9, -1, 5, 434 }, // U+0326
    { 7, 7, 0, -10, 1, 13, 439 }, // U+0327
    { 7, 7, 0, -10, 1, 13, 452 }, // U+0328
    { 3, 7, 0, 5, -1, 6, 465 }, // U+0329
    { 12, 4, 0, 0, -2, 12, 471 }, // U+032A
    { 12, 4, 0, 0, -1, 12, 483 }, // U+032B
    { 11, 5, 0, -12, -1, 14, 495 }, // U+032C
    { 11, 5, 0, -12, -1, 14, 509 }, // U+032D
    { 10, 5, 0, -12, -1, 13, 523 }, // U+032E
    { 10, 5, 0, 2, 24, 13, 536 }, // U+032F
    { 11, 4, 0, -12, -2, 11, 549 }, // U+0330
    { 11, 2, 0, -12, -2, 6, 560 }, // U+0331
    { 13, 2, 0, 0, -3, 7, 566 }, // U+0332
    { 13, 2, 0, 0, -3, 7, 573 }, // U+0333
    { 13, 4, 0, -13, 16, 13, 580 }, // U+0334
    { 4, 31, 0, -7, 25, 31, 593 }, // U+0335
    { 14, 2, 0, -7, 11, 7, 624 }, // U+0336
    { 14, 19, 0, -7, 18, 67, 631 }, // U+0337
    { 18, 26, 0, -9, 24, 117, 698 }, // U+0338
    { 4, 6, 0, 1, 25, 6, 815 }, // U+0339
    { 12, 5, 0, 0, -1, 15, 821 }, // U+033A
    { 9, 7, 0, 2, -1, 16, 836 }, // U+033B
    { 12, 4, 0, 0, -1, 12, 852 }, // U+033C
    { 9, 9, 0, 2, 27, 21, 864 }, // U+033D
    { 5, 10, 0, 4, 29, 13, 885 }, // U+033E
    { 20, 6, 0, -10, 32, 30, 898 }, // U+033F
    { 8, 5, 0, -12, 24, 10, 928 }, // U+0340
    { 8, 5, 0, -9, 24, 10, 938 }, // U+0341
    { 11, 3, 0, -12, 24, 9, 948 }, // U+0342
    { 5, 8, 0, 4, 26, 10, 957 }, // U+0343
    { 12, 6, 0, -12, 25, 18, 967 }, // U+0344
    { 5, 6, 0, -6, 0, 8, 985 }, // U+0345
    { 12, 4, 0, 0, -2, 12, 993 }, // U+0346
    { 13, 2, 0, 0, -3, 7, 1005 }, // U+0347
    { 8, 7, 0, 3, 26, 14, 1012 }, // U+0348
    { 9, 8, 0, 2, 27, 18, 1026 }, // U+0349
    { 11, 8, 0, 1, 26, 22, 1044 }, // U+034A
    { 11, 11, 0, -12, 28, 31, 1066 }, // U+034B
    { 11, 8, 0, -12, 27, 22, 1097 }, // U+034C
    { 18, 6, 0, 0, -2, 27, 1119 }, // U+034D
    { 6, 7, 0, 6, -2, 11, 1146 }, // U+034E
    { 0, 0, 0, 0, 0, 0, 1157 }, // U+034F
    { 6, 9, 0, 4, 27, 14, 1157 }, // U+0350
    { 4, 7, 0, 4, 26, 7, 1171 }, // U+0351
    { 11, 7, 0, 1, 26, 20, 1178 }, // U+0352
    { 9, 9, 0, 2, 27, 21, 1198 }, // U+0353
    { 6, 8, 0, 3, -1, 12, 1219 }, // U+0354
    { 6, 8, 0, 4, -1, 12, 1231 }, // U+0355
    { 14, 8, 0, 0, -1, 28, 1243 }, // U+0356
    { 5, 7, 0, 5, 27, 9, 1271 }, // U+0357
    { 5, 4, 0, -9, 24, 5, 1280 }, // U+0358
    { 7, 6, 0, 1, -1, 11, 1285 }, // U+0359
    { 11, 5, 0, 2, -1, 14, 1296 }, // U+035A
    { 8, 10, 0, 3, 28, 20, 1310 }, // U+035B
    { 34, 5, 0, 1, -3, 43, 1330 }, // U+035C
    { 34, 5, 0, 1, 24, 43, 1373 }, // U+035D
    { 34, 2, 0, 1, 23, 17, 1416 }, // U+035E
    { 34, 2, 0, 1, -4, 17, 1433 }, // U+035F
    { 33, 5, 0, 1, 24, 42, 1450 }, // U+0360
    { 34, 5, 0, -17, 25, 43, 1492 }, // U+0361
    { 33, 6, 0, 1, -2, 50, 1535 }, // U+0362
    { 7, 8, 0, 1, 27, 14, 1585 }, // U+0363
    { 8, 8, 0, 1, 26, 16, 1599 }, // U+0364
    { 4, 11, 0, 1, 30, 11, 1615 }, // U+0365
    { 8, 8, 0, 1, 26, 16, 1626 }, // U+0366
    { 8, 8, 0, 1, 27, 16, 1642 }, // U+0367
    { 7, 8, 0, 1, 26, 14, 1658 }, // U+0368
    { 8, 11, 0, 1, 30, 22, 1672 }, // U+0369
    { 8, 11, 0, 1, 30, 22, 1694 }, // U+036A
    { 12, 8, 0, 1, 27, 24, 1716 }, // U+036B
    { 6, 8, 0, 1, 27, 12, 1740 }, // U+036C
    { 6, 10, 0, 1, 28, 15, 1752 }, // U+036D
    { 8, 8, 0, 1, 27, 16, 1767 }, // U+036E
    { 8, 8, 0, 1, 27, 16, 1783 }, // U+036F
    { 18, 24, 287, 0, 24, 108, 0 }, // U+03BB
    { 15, 31, 308, 3, 31, 117, 0 }, // U+0400
    { 15, 30, 308, 3, 30, 113, 117 }, // U+0401
    { 24, 24, 394, 0, 24, 144, 230 }, // U+0402
    { 15, 31, 287, 3, 31, 117, 374 }, // U+0403
    { 21, 24, 360, 1, 24, 126, 491 }, // U+0404
    { 16, 24, 289, 1, 24, 96, 617 }, // U+0405
    { 4, 24, 149, 3, 24, 24, 713 }, // U+0406
    { 11, 30, 149, -1, 30, 83, 737 }, // U+0407
    { 12, 24, 225, 0, 24, 72, 820 }, // U+0408
    { 35, 24, 562, -1, 24, 210, 892 }, // U+0409
    { 33, 24, 582, 3, 24, 198, 1102 }, // U+040A
    { 24, 24, 398, 0, 24, 144, 1300 }, // U+040B
    { 19, 31, 358, 3, 31, 148, 1444 }, // U+040C
    { 20, 31, 407, 3, 31, 155, 1592 }, // U+040D
    { 21, 30, 334, 0, 30, 158, 1747 }, // U+040E
    { 19, 30, 392, 3, 24, 143, 1905 }, // U+040F
    { 23, 24, 360, 0, 24, 138, 2048 }, // U+0410
    { 17, 24, 331, 3, 24, 102, 2186 }, // U+0411
    { 17, 24, 345, 3, 24, 102, 2288 }, // U+0412
    { 15, 24, 287, 3, 24, 90, 2390 }, // U+0413
    { 26, 30, 419, 0, 24, 195, 2480 }, // U+0414
    { 15, 24, 308, 3, 24, 90, 2675 }, // U+0415
    { 34, 24, 554, 0, 24, 204, 2765 }, // U+0416
    { 18, 24, 307, 0, 24, 108, 2969 }, // U+0417
    { 20, 24, 407, 3, 24, 120, 3077 }, // U+0418
    { 20, 30, 407, 3, 30, 150, 3197 }, // U+0419
    { 19, 24, 358, 3, 24, 114, 3347 }, // U+041A
    { 22, 24, 387, -1, 24, 132, 3461 }, // U+041B
    { 25, 24, 495, 3, 24, 150, 3593 }, // U+041C
    { 20, 24, 407, 3, 24, 120, 3743 }, // U+041D
    { 24, 24, 427, 1, 24, 144, 3863 }, // U+041E
    { 19, 24, 392, 3, 24, 114, 4007 }, // U+041F
    { 16, 24, 320, 3, 24, 96, 4121 }, // U+0420
    { 21, 24, 356, 1, 24, 126, 4217 }, // U+0421
    { 20, 24, 315, 0, 24, 120, 4343 }, // U+0422
    { 21, 24, 334, 0, 24, 126, 4463 }, // U+0423
    { 24, 25, 417, 1, 25, 150, 4589 }, // U+0424
    { 22, 24, 346, 0, 24, 132, 4739 }, // U+0425
    { 22, 30, 416, 3, 24, 165, 4871 }, // U+0426
    { 18, 24, 352, 1, 24, 108, 5036 }, // U+0427
    { 30, 24, 574, 3, 24, 180, 5144 }, // U+0428
    { 34, 30, 598, 3, 24, 255, 5324 }, // U+0429
    { 24, 24, 393, 0, 24, 144, 5579 }, // U+042A
    { 24, 24, 480, 3, 24, 144, 5723 }, // U+042B
    { 17, 24, 324, 3, 24, 102, 5867 }, // U+042C
    { 21, 24, 360, 0, 24, 126, 5969 }, // U+042D
    { 30, 24, 557, 3, 24, 180, 6095 }, // U+042E
    { 20, 24, 355, -1, 24, 120, 6275 }, // U+042F
    { 14, 17, 265, 1, 17, 60, 6395 }, // U+0430
    { 17, 25, 312, 1, 25, 107, 6455 }, // U+0431
    { 14, 17, 265, 2, 17, 60, 6562 }, // U+0432
    { 12, 17, 220, 2, 17, 51, 6622 }, // U+0433
    { 20, 23, 330, 0, 17, 115, 6673 }, // U+0434
    { 16, 17, 282, 1, 17, 68, 6788 }, // U+0435
    { 26, 17, 420, 0, 17, 111, 6856 }, // U+0436
    { 14, 17, 239, 0, 17, 60, 6967 }, // U+0437
    { 15, 17, 307, 2, 17, 64, 7027 }, // U+0438
    { 15, 24, 307, 2, 24, 90, 7091 }, // U+0439
    { 15, 17, 276, 2, 17, 64, 7181 }, // U+043A
    { 17, 17, 312, 0, 17, 73, 7245 }, // U+043B
    { 19, 17, 376, 2, 17, 81, 7318 }, // U+043C
    { 15, 17, 300, 2, 17, 64, 7399 }, // U+043D
    { 17, 17, 302, 1, 17, 73, 7463 }, // U+043E
    { 15, 17, 300, 2, 17, 64, 7536 }, // U+043F
    { 16, 23, 299, 2, 17, 92, 7600 }, // U+0440
    { 14, 17, 255, 1, 17, 60, 7692 }, // U+0441
    { 17, 17, 270, 0, 17, 73, 7752 }, // U+0442
    { 17, 23, 275, 0, 17, 98, 7825 }, // U+0443
    { 21, 30, 376, 1, 24, 158, 7923 }, // U+0444
    { 17, 17, 266, 0, 17, 73, 8081 }, // U+0445
    { 18, 23, 322, 2, 17, 104, 8154 }, // U+0446
    { 14, 17, 275, 1, 17, 60, 8258 }, // U+0447
    { 23, 17, 439, 2, 17, 98, 8318 }, // U+0448
    { 26, 23, 461, 2, 17, 150, 8416 }, // U+0449
    { 19, 17, 311, 0, 17, 81, 8566 }, // U+044A
    { 20, 17, 385, 2, 17, 85, 8647 }, // U+044B
    { 13, 17, 255, 2, 17, 56, 8732 }, // U+044C
    { 15, 17, 257, 0, 17, 64, 8788 }, // U+044D
    { 23, 17, 417, 2, 17, 98, 8852 }, // U+044E
    { 14, 17, 263, 0, 17, 60, 8950 }, // U+044F
    { 16, 24, 282, 1, 24, 96, 9010 }, // U+0450
    { 16, 23, 282, 1, 23, 92, 9106 }, // U+0451
    { 18, 31, 294, -1, 25, 140, 9198 }, // U+0452
    { 12, 24, 220, 2, 24, 72, 9338 }, // U+0453
    { 14, 17, 257, 1, 17, 60, 9410 }, // U+0454
    { 12, 17, 231, 1, 17, 51, 9470 }, // U+0455
    { 6, 24, 128, 1, 24, 36, 9521 }, // U+0456
    { 10, 23, 128, -1, 23, 58, 9557 }, // U+0457
    { 9, 30, 128, -2, 24, 68, 9615 }, // U+0458
    { 27, 17, 447, 0, 17, 115, 9683 }, // U+0459
    { 24, 17, 435, 2, 17, 102, 9798 }, // U+045A
    { 18, 25, 298, -1, 25, 113, 9900 }, // U+045B
    { 15, 24, 276, 2, 24, 90, 10013 }, // U+045C
    { 15, 24, 307, 2, 24, 90, 10103 }, // U+045D
    { 17, 30, 275, 0, 24, 128, 10193 }, // U+045E
    { 15, 23, 300, 2, 17, 87, 10321 }, // U+045F
    { 33, 24, 574, 1, 24, 198, 10408 }, // U+0460
    { 23, 17, 414, 1, 17, 98, 10606 }, // U+0461
    { 23, 24, 387, 0, 24, 138, 10704 }, // U+0462
    { 18, 22, 300, 0, 22, 99, 10842 }, // U+0463
    { 28, 24, 508, 3, 24, 168, 10941 }, // U+0464
    { 20, 17, 371, 2, 17, 85, 11109 }, // U+0465
    { 25, 24, 372, -1, 24, 150, 11194 }, // U+0466
    { 19, 17, 296, 0, 17, 81, 11344 }, // U+0467
    { 30, 24, 531, 3, 24, 180, 11425 }, // U+0468
    { 24, 17, 418, 2, 17, 102, 11605 }, // U+0469
    { 27, 24, 438, 0, 24, 162, 11707 }, // U+046A
    { 21, 17, 342, 0, 17, 90, 11869 }, // U+046B
    { 34, 24, 598, 3, 24, 204, 11959 }, // U+046C
    { 27, 17, 465, 2, 17, 115, 12163 }, // U+046D
    { 17, 31, 297, 0, 24, 132, 12278 }, // U+046E
    { 14, 28, 235, 0, 21, 98, 12410 }, // U+046F
    { 25, 24, 435, 1, 24, 150, 12508 }, // U+0470
    { 22, 30, 407, 2, 24, 165, 12658 }, // U+0471
    { 24, 24, 427, 1, 24, 144, 12823 }, // U+0472
    { 17, 17, 302, 1, 17, 73, 12967 }, // U+0473
    { 23, 24, 372, 0, 24, 138, 13040 }, // U+0474
    { 18, 17, 287, 0, 17, 77, 13178 }, // U+0475
    { 23, 31, 372, 0, 31, 179, 13255 }, // U+0476
    { 18, 24, 287, 0, 24, 108, 13434 }, // U+0477
    { 43, 30, 699, 1, 24, 323, 13542 }, // U+0478
    { 35, 23, 574, 1, 17, 202, 13865 }, // U+0479
    { 26, 27, 451, 1, 26, 176, 14067 }, // U+047A
    { 19, 20, 335, 1, 19, 95, 14243 }, // U+047B
    { 33, 32, 574, 1, 32, 264, 14338 }, // U+047C
    { 24, 25, 416, 1, 25, 150, 14602 }, // U+047D
    { 33, 30, 574, 1, 30, 248, 14752 }, // U+047E
    { 23, 23, 414, 1, 23, 133, 15000 }, // U+047F
    { 20, 30, 340, 1, 24, 150, 15133 }, // U+0480
    { 14, 23, 245, 1, 17, 81, 15283 }, // U+0481
    { 24, 25, 387, 0, 24, 150, 15364 }, // U+0482
    { 15, 6, 0, -1, 24, 23, 15514 }, // U+0483
    { 14, 5, 0, 0, 24, 18, 15537 }, // U+0484
    { 5, 6, 0, 4, 24, 8, 15555 }, // U+0485
    { 5, 6, 0, 4, 24, 8, 15563 }, // U+0486
    { 35, 30, 597, 1, 27, 263, 15571 }, // U+0488
    { 34, 34, 578, 1, 28, 289, 15834 }, // U+0489
    { 23, 36, 423, 3, 30, 207, 16123 }, // U+048A
    { 18, 30, 326, 2, 24, 135, 16330 }, // U+048B
    { 21, 24, 351, 0, 24, 126, 16465 }, // U+048C
    { 17, 17, 278, 0, 17, 73, 16591 }, // U+048D
    { 16, 24, 320, 3, 24, 96, 16664 }, // U+048E
    { 16, 23, 299, 2, 17, 92, 16760 }, // U+048F
    { 15, 29, 287, 3, 29, 109, 16852 }, // U+0490
    { 12, 21, 220, 2, 21, 63, 16961 }, // U+0491
    { 19, 24, 314, 0, 24, 114, 17024 }, // U+0492
    { 15, 17, 244, 0, 17, 64, 17138 }, // U+0493
    { 17, 30, 337, 3, 24, 128, 17202 }, // U+0494
    { 14, 23, 261, 2, 17, 81, 17330 }, // U+0495
    { 36, 30, 580, 0, 24, 270, 17411 }, // U+0496
    { 28, 23, 448, 0, 17, 161, 17681 }, // U+0497
    { 18, 30, 307, 0, 24, 135, 17842 }, // U+0498
    { 14, 23, 239, 0, 17, 81, 17977 }, // U+0499
    { 21, 30, 381, 3, 24, 158, 18058 }, // U+049A
    { 17, 23, 304, 2, 17, 98, 18216 }, // U+049B
    { 20, 24, 375, 3, 24, 120, 18314 }, // U+049C
    { 16, 17, 296, 2, 17, 68, 18434 }, // U+049D
    { 24, 24, 384, 0, 24, 144, 18502 }, // U+049E
    { 19, 17, 299, 0, 17, 81, 18646 }, // U+049F
    { 27, 24, 426, 0, 24, 162, 18727 }, // U+04A0
    { 21, 17, 332, 0, 17, 90, 18889 }, // U+04A1
    { 23, 30, 431, 3, 24, 173, 18979 }, // U+04A2
    { 18, 23, 322, 2, 17, 104, 19152 }, // U+04A3
    { 31, 24, 545, 3, 24, 186, 19256 }, // U+04A4
    { 23, 17, 398, 2, 17, 98, 19442 }, // U+04A5
    { 32, 30, 578, 3, 24, 240, 19540 }, // U+04A6
    { 25, 23, 436, 2, 17, 144, 19780 }, // U+04A7
    { 26, 24, 443, 1, 24, 156, 19924 }, // U+04A8
    { 19, 17, 328, 1, 17, 81, 20080 }, // U+04A9
    { 21, 30, 356, 1, 24, 158, 20161 }, // U+04AA
    { 14, 23, 255, 1, 17, 81, 20319 }, // U+04AB
    { 20, 30, 317, 0, 24, 150, 20400 }, // U+04AC
    { 17, 23, 272, 0, 17, 98, 20550 }, // U+04AD
    { 21, 24, 332, 0, 24, 126, 20648 }, // U+04AE
    { 17, 23, 274, 0, 17, 98, 20774 }, // U+04AF
    { 21, 24, 342, 0, 24, 126, 20872 }, // U+04B0
    { 17, 23, 276, 0, 17, 98, 20998 }, // U+04B1
    { 23, 30, 364, 0, 24, 173, 21096 }, // U+04B2
    { 18, 23, 291, 0, 17, 104, 21269 }, // U+04B3
    { 30, 30, 484, 0, 24, 225, 21373 }, // U+04B4
    { 23, 23, 379, 0, 17, 133, 21598 }, // U+04B5
    { 22, 30, 376, 1, 24, 165, 21731 }, // U+04B6
    { 17, 23, 297, 1, 17, 98, 21896 }, // U+04B7
    { 18, 24, 352, 1, 24, 108, 21994 }, // U+04B8
    { 14, 17, 274, 1, 17, 60, 22102 }, // U+04B9
    { 17, 24, 339, 3, 24, 102, 22162 }, // U+04BA
    { 14, 17, 272, 2, 17, 60, 22264 }, // U+04BB
    { 27, 24, 452, 0, 24, 162, 22324 }, // U+04BC
    { 21, 17, 348, 0, 17, 90, 22486 }, // U+04BD
    { 27, 30, 452, 0, 24, 203, 22576 }, // U+04BE
    { 21, 23, 348, 0, 17, 121, 22779 }, // U+04BF
    { 4, 24, 149, 3, 24, 24, 22900 }, // U+04C0
    { 34, 30, 554, 0, 30, 255, 22924 }, // U+04C1
    { 26, 24, 420, 0, 24, 156, 23179 }, // U+04C2
    { 19, 30, 374, 3, 24, 143, 23335 }, // U+04C3
    { 15, 23, 286, 2, 17, 87, 23478 }, // U+04C4
    { 26, 30, 407, -1, 24, 195, 23565 }, // U+04C5
    { 21, 23, 335, 0, 17, 121, 23760 }, // U+04C6
    { 20, 30, 407, 3, 24, 150, 23881 }, // U+04C7
    { 15, 23, 300, 2, 17, 87, 24031 }, // U+04C8
    { 23, 30, 427, 3, 24, 173, 24118 }, // U+04C9
    { 18, 23, 323, 2, 17, 104, 24291 }, // U+04CA
    { 18, 30, 352, 1, 24, 135, 24395 }, // U+04CB
    { 14, 23, 274, 1, 17, 81, 24530 }, // U+04CC
    { 29, 30, 515, 3, 24, 218, 24611 }, // U+04CD
    { 23, 23, 399, 2, 17, 133, 24829 }, // U+04CE
    { 4, 24, 149, 3, 24, 24, 24962 }, // U+04CF
    { 23, 30, 360, 0, 30, 173, 24986 }, // U+04D0
    { 14, 24, 265, 1, 24, 84, 25159 }, // U+04D1
    { 23, 30, 360, 0, 30, 173, 25243 }, // U+04D2
    { 14, 23, 265, 1, 23, 81, 25416 }, // U+04D3
    { 31, 24, 496, -1, 24, 186, 25497 }, // U+04D4
    { 25, 17, 429, 1, 17, 107, 25683 }, // U+04D5
    { 15, 30, 308, 3, 30, 113, 25790 }, // U+04D6
    { 16, 24, 282, 1, 24, 96, 25903 }, // U+04D7
    { 22, 24, 385, 1, 24, 132, 25999 }, // U+04D8
    { 16, 17, 282, 1, 17, 68, 26131 }, // U+04D9
    { 22, 30, 385, 1, 30, 165, 26199 }, // U+04DA
    { 16, 23, 282, 1, 23, 92, 26364 }, // U+04DB
    { 34, 30, 554, 0, 30, 255, 26456 }, // U+04DC
    { 26, 23, 420, 0, 23, 150, 26711 }, // U+04DD
    { 18, 30, 307, 0, 30, 135, 26861 }, // U+04DE
    { 14, 23, 239, 0, 23, 81, 26996 }, // U+04DF
    { 18, 24, 313, 0, 24, 108, 27077 }, // U+04E0
    { 15, 23, 236, -1, 17, 87, 27185 }, // U+04E1
    { 20, 28, 407, 3, 28, 140, 27272 }, // U+04E2
    { 15, 22, 307, 2, 22, 83, 27412 }, // U+04E3
    { 20, 30, 407, 3, 30, 150, 27495 }, // U+04E4
    { 15, 23, 307, 2, 23, 87, 27645 }, // U+04E5
    { 24, 30, 427, 1, 30, 180, 27732 }, // U+04E6
    { 17, 23, 302, 1, 23, 98, 27912 }, // U+04E7
    { 24, 24, 427, 1, 24, 144, 28010 }, // U+04E8
    { 17, 17, 302, 1, 17, 73, 28154 }, // U+04E9
    { 24, 30, 427, 1, 30, 180, 28227 }, // U+04EA
    { 17, 23, 302, 1, 23, 98, 28407 }, // U+04EB
    { 21, 30, 360, 0, 30, 158, 28505 }, // U+04EC
    { 15, 23, 257, 0, 23, 87, 28663 }, // U+04ED
    { 21, 28, 334, 0, 28, 147, 28750 }, // U+04EE
    { 17, 28, 275, 0, 22, 119, 28897 }, // U+04EF
    { 21, 30, 334, 0, 30, 158, 29016 }, // U+04F0
    { 17, 29, 275, 0, 23, 124, 29174 }, // U+04F1
    { 21, 31, 334, 0, 31, 163, 29298 }, // U+04F2
    { 17, 30, 275, 0, 24, 128, 29461 }, // U+04F3
    { 18, 30, 352, 1, 30, 135, 29589 }, // U+04F4
    { 14, 23, 275, 1, 23, 81, 29724 }, // U+04F5
    { 15, 30, 287, 3, 24, 113, 29805 }, // U+04F6
    { 12, 23, 221, 2, 17, 69, 29918 }, // U+04F7
    { 24, 30, 480, 3, 30, 180, 29987 }, // U+04F8
    { 20, 23, 385, 2, 23, 115, 30167 }, // U+04F9
    { 19, 30, 314, 0, 24, 143, 30282 }, // U+04FA
    { 15, 23, 244, 0, 17, 87, 30425 }, // U+04FB
    { 23, 30, 368, 0, 24, 173, 30512 }, // U+04FC
    { 18, 23, 291, 0, 17, 104, 30685 }, // U+04FD
    { 21, 24, 370, 1, 24, 126, 30789 }, // U+04FE
    { 17, 17, 283, 0, 17, 73, 30915 }, // U+04FF
    { 23, 30, 361, 0, 24, 173, 0 }, // U+1EA0
    { 14, 23, 265, 1, 17, 81, 173 }, // U+1EA1
    { 23, 31, 361, 0, 31, 179, 254 }, // U+1EA2
    { 14, 24, 265, 1, 24, 84, 433 }, // U+1EA3
    { 23, 33, 361, 0, 33, 190, 517 }, // U+1EA4
    { 18, 27, 265, 1, 27, 122, 707 }, // U+1EA5
    { 23, 33, 361, 0, 33, 190, 829 }, // U+1EA6
    { 17, 27, 265, -2, 27, 115, 1019 }, // U+1EA7
    { 23, 34, 361, 0, 34, 196, 1134 }, // U+1EA8
    { 15, 28, 265, 1, 28, 105, 1330 }, // U+1EA9
    { 23, 35, 361, 0, 35, 202, 1435 }, // U+1EAA
    { 14, 29, 265, 1, 29, 102, 1637 }, // U+1EAB
    { 23, 37, 361, 0, 31, 213, 1739 }, // U+1EAC
    { 14, 30, 265, 1, 24, 105, 1952 }, // U+1EAD
    { 23, 34, 361, 0, 34, 196, 2057 }, // U+1EAE
    { 14, 29, 265, 1, 29, 102, 2253 }, // U+1EAF
    { 23, 34, 361, 0, 34, 196, 2355 }, // U+1EB0
    { 14, 29, 265, 1, 29, 102, 2551 }, // U+1EB1
    { 23, 34, 361, 0, 34, 196, 2653 }, // U+1EB2
    { 14, 30, 265, 1, 30, 105, 2849 }, // U+1EB3
    { 23, 35, 361, 0, 35, 202, 2954 }, // U+1EB4
    { 14, 29, 265, 1, 29, 102, 3156 }, // U+1EB5
    { 23, 37, 361, 0, 31, 213, 3258 }, // U+1EB6
    { 14, 30, 265, 1, 24, 105, 3471 }, // U+1EB7
    { 15, 30, 308, 3, 24, 113, 3576 }, // U+1EB8
    { 16, 23, 282, 1, 17, 92, 3689 }, // U+1EB9
    { 15, 31, 308, 3, 31, 117, 3781 }, // U+1EBA
    { 16, 24, 282, 1, 24, 96, 3898 }, // U+1EBB
    { 15, 30, 308, 3, 30, 113, 3994 }, // U+1EBC
    { 16, 24, 282, 1, 24, 96, 4107 }, // U+1EBD
    { 18, 33, 308, 3, 33, 149, 4203 }, // U+1EBE
    { 19, 27, 282, 1, 27, 129, 4352 }, // U+1EBF
    { 18, 33, 308, 0, 33, 149, 4481 }, // U+1EC0
    { 18, 27, 282, -1, 27, 122, 4630 }, // U+1EC1
    { 16, 34, 308, 3, 34, 136, 4752 }, // U+1EC2
    { 16, 28, 282, 1, 28, 112, 4888 }, // U+1EC3
    { 15, 35, 308, 3, 35, 132, 5000 }, // U+1EC4
    { 16, 29, 282, 1, 29, 116, 5132 }, // U+1EC5
    { 15, 37, 308, 3, 31, 139, 5248 }, // U+1EC6
    { 16, 30, 282, 1, 24, 120, 5387 }, // U+1EC7
    { 7, 31, 149, 1, 31, 55, 5507 }, // U+1EC8
    { 7, 24, 128, 0, 24, 42, 5562 }, // U+1EC9
    { 5, 30, 149, 2, 24, 38, 5604 }, // U+1ECA
    { 6, 30, 128, 1, 24, 45, 5642 }, // U+1ECB
    { 24, 30, 427, 1, 24, 180, 5687 }, // U+1ECC
    { 17, 23, 302, 1, 17, 98, 5867 }, // U+1ECD
    { 24, 31, 427, 1, 31, 186, 5965 }, // U+1ECE
    { 17, 24, 302, 1, 24, 102, 6151 }, // U+1ECF
    { 24, 33, 427, 1, 33, 198, 6253 }, // U+1ED0
    { 19, 27, 302, 1, 27, 129, 6451 }, // U+1ED1
    { 24, 33, 427, 1, 33, 198, 6580 }, // U+1ED2
    { 19, 27, 302, -1, 27, 129, 6778 }, // U+1ED3
    { 24, 34, 427, 1, 34, 204, 6907 }, // U+1ED4
    { 17, 28, 302, 1, 28, 119, 7111 }, // U+1ED5
    { 24, 35, 427, 1, 35, 210, 7230 }, // U+1ED6
    { 17, 29, 302, 1, 29, 124, 7440 }, // U+1ED7
    { 24, 37, 427, 1, 31, 222, 7564 }, // U+1ED8
    { 17, 30, 302, 1, 24, 128, 7786 }, // U+1ED9
    { 27, 31, 452, 1, 31, 210, 7914 }, // U+1EDA
    { 20, 24, 326, 1, 24, 120, 8124 }, // U+1EDB
    { 27, 31, 452, 1, 31, 210, 8244 }, // U+1EDC
    { 20, 24, 326, 1, 24, 120, 8454 }, // U+1EDD
    { 27, 31, 452, 1, 31, 210, 8574 }, // U+1EDE
    { 20, 24, 326, 1, 24, 120, 8784 }, // U+1EDF
    { 27, 30, 452, 1, 30, 203, 8904 }, // U+1EE0
    { 20, 24, 326, 1, 24, 120, 9107 }, // U+1EE1
    { 27, 32, 452, 1, 26, 216, 9227 }, // U+1EE2
    { 20, 26, 326, 1, 20, 130, 9443 }, // U+1EE3
    { 20, 30, 392, 2, 24, 150, 9573 }, // U+1EE4
    { 15, 23, 297, 2, 17, 87, 9723 }, // U+1EE5
    { 20, 31, 392, 2, 31, 155, 9810 }, // U+1EE6
    { 15, 24, 297, 2, 24, 90, 9965 }, // U+1EE7
    { 26, 31, 448, 2, 31, 202, 10055 }, // U+1EE8
    { 20, 24, 338, 2, 24, 120, 10257 }, // U+1EE9
    { 26, 31, 448, 2, 31, 202, 10377 }, // U+1EEA
    { 20, 24, 338, 2, 24, 120, 10579 }, // U+1EEB
    { 26, 31, 448, 2, 31, 202, 10699 }, // U+1EEC
    { 20, 24, 338, 2, 24, 120, 10901 }, // U+1EED
    { 26, 30, 448, 2, 30, 195, 11021 }, // U+1EEE
    { 20, 24, 338, 2, 24, 120, 11216 }, // U+1EEF
    { 26, 33, 448, 2, 27, 215, 11336 }, // U+1EF0
    { 20, 26, 338, 2, 20, 130, 11551 }, // U+1EF1
    { 21, 31, 333, 0, 31, 163, 11681 }, // U+1EF2
    { 17, 30, 275, 0, 24, 128, 11844 }, // U+1EF3
    { 21, 30, 333, 0, 24, 158, 11972 }, // U+1EF4
    { 17, 23, 275, 0, 17, 98, 12130 }, // U+1EF5
    { 21, 31, 333, 0, 31, 163, 12228 }, // U+1EF6
    { 17, 30, 275, 0, 24, 128, 12391 }, // U+1EF7
    { 21, 30, 333, 0, 30, 158, 12519 }, // U+1EF8
    { 17, 30, 275, 0, 24, 128, 12677 }, // U+1EF9
    { 0, 0, 267, 0, 0, 0, 0 }, // U+2000
    { 0, 0, 400, 0, 0, 0, 0 }, // U+2001
    { 0, 0, 267, 0, 0, 0, 0 }, // U+2002
    { 0, 0, 400, 0, 0, 0, 0 }, // U+2003
    { 0, 0, 178, 0, 0, 0, 0 }, // U+2004
    { 0, 0, 133, 0, 0, 0, 0 }, // U+2005
    { 0, 0, 89, 0, 0, 0, 0 }, // U+2006
    { 0, 0, 309, 0, 0, 0, 0 }, // U+2007
    { 0, 0, 113, 0, 0, 0, 0 }, // U+2008
    { 0, 0, 67, 0, 0, 0, 0 }, // U+2009
    { 0, 0, 33, 0, 0, 0, 0 }, // U+200A
    { 0, 0, 0, 0, 0, 0, 0 }, // U+200B
    { 0, 0, 0, 0, 0, 0, 0 }, // U+200C
    { 0, 0, 0, 0, 0, 0, 0 }, // U+200D
    { 0, 0, 0, 0, 0, 0, 0 }, // U+200E
    { 0, 0, 0, 0, 0, 0, 0 }, // U+200F
    { 9, 2, 198, 2, 11, 5, 0 }, // U+2010
    { 14, 2, 288, 2, 11, 7, 5 }, // U+2012
    { 15, 2, 309, 2, 11, 8, 12 }, // U+2013
    { 23, 2, 423, 2, 11, 12, 20 }, // U+2014
    { 23, 2, 423, 2, 11, 12, 32 }, // U+2015
    { 10, 31, 236, 2, 25, 78, 44 }, // U+2016
    { 14, 6, 246, 1, -2, 21, 122 }, // U+2017
    { 5, 11, 114, 1, 26, 14, 143 }, // U+2018
    { 5, 11, 114, 1, 26, 14, 157 }, // U+2019
    { 5, 11, 115, 1, 5, 14, 171 }, // U+201A
    { 5, 11, 114, 1, 26, 14, 185 }, // U+201B
    { 10, 11, 195, 1, 26, 28, 199 }, // U+201C
    { 10, 11, 195, 1, 26, 28, 227 }, // U+201D
    { 10, 11, 196, 1, 5, 28, 255 }, // U+201E
    { 10, 11, 195, 1, 26, 28, 283 }, // U+201F
    { 17, 30, 309, 1, 24, 128, 311 }, // U+2020
    { 17, 30, 309, 1, 24, 128, 439 }, // U+2021
    { 13, 12, 309, 3, 16, 39, 567 }, // U+2022
    { 22, 4, 400, 1, 4, 22, 606 }, // U+2026
    { 0, 0, 0, 0, 0, 0, 628 }, // U+202A
    { 0, 0, 0, 0, 0, 0, 628 }, // U+202B
    { 0, 0, 0, 0, 0, 0, 628 }, // U+202C
    { 0, 0, 0, 0, 0, 0, 628 }, // U+202D
    { 0, 0, 0, 0, 0, 0, 628 }, // U+202E
    { 0, 0, 133, 0, 0, 0, 628 }, // U+202F
    { 37, 24, 620, 1, 24, 222, 628 }, // U+2030
    { 6, 11, 174, 3, 27, 17, 850 }, // U+2032
    { 12, 11, 279, 3, 27, 33, 867 }, // U+2033
    { 19, 11, 382, 3, 27, 53, 900 }, // U+2034
    { 7, 14, 150, 1, 16, 25, 953 }, // U+2039
    { 6, 14, 150, 2, 16, 21, 978 }, // U+203A
    { 11, 24, 248, 2, 24, 66, 999 }, // U+203C
    { 14, 25, 259, 1, 25, 88, 1065 }, // U+203D
    { 21, 2, 343, 0, 28, 11, 1153 }, // U+203E
    { 17, 24, 75, -6, 24, 102, 1164 }, // U+2044
    { 5, 33, 139, 2, 27, 42, 1266 }, // U+205E
    { 0, 0, 107, 0, 0, 0, 1308 }, // U+205F
    { 0, 0, 0, 0, 0, 0, 1308 }, // U+2060
    { 0, 0, 0, 0, 0, 0, 1308 }, // U+2061
    { 0, 0, 0, 0, 0, 0, 1308 }, // U+2062
    { 0, 0, 0, 0, 0, 0, 1308 }, // U+2063
    { 0, 0, 0, 0, 0, 0, 1308 }, // U+2064
    { 0, 0, 0, 0, 0, 0, 1308 }, // U+2066
    { 0, 0, 0, 0, 0, 0, 1308 }, // U+2067
    { 0, 0, 0, 0, 0, 0, 1308 }, // U+2068
    { 0, 0, 0, 0, 0, 0, 1308 }, // U+2069
    { 0, 0, 0, 0, 0, 0, 1308 }, // U+206A
    { 0, 0, 0, 0, 0, 0, 1308 }, // U+206B
    { 0, 0, 0, 0, 0, 0, 1308 }, // U+206C
    { 0, 0, 0, 0, 0, 0, 1308 }, // U+206D
    { 0, 0, 0, 0, 0, 0, 1308 }, // U+206E
    { 0, 0, 0, 0, 0, 0, 1308 }, // U+206F
    { 10, 12, 178, 1, 27, 30, 0 }, // U+2070
    { 3, 12, 109, 2, 28, 9, 30 }, // U+2071
    { 11, 12, 178, 0, 27, 33, 39 }, // U+2074
    { 9, 12, 178, 1, 27, 27, 72 }, // U+2075
    { 9, 12, 178, 1, 27, 27, 99 }, // U+2076
    { 9, 12, 178, 1, 27, 27, 126 }, // U+2077
    { 9, 12, 178, 1, 27, 27, 153 }, // U+2078
    { 9, 12, 178, 1, 27, 27, 180 }, // U+2079
    { 9, 8, 178, 1, 25, 18, 207 }, // U+207A
    { 9, 2, 178, 1, 22, 5, 225 }, // U+207B
    { 9, 5, 178, 1, 24, 12, 230 }, // U+207C
    { 4, 16, 89, 1, 29, 16, 242 }, // U+207D
    { 5, 16, 89, 0, 29, 20, 258 }, // U+207E
    { 8, 9, 163, 1, 24, 18, 278 }, // U+207F
    { 10, 12, 178, 1, 8, 30, 296 }, // U+2080
    { 9, 12, 178, 1, 8, 27, 326 }, // U+2081
    { 9, 12, 178, 1, 8, 27, 353 }, // U+2082
    { 9, 12, 178, 1, 8, 27, 380 }, // U+2083
    { 11, 12, 178, 0, 8, 33, 407 }, // U+2084
    { 9, 12, 178, 1, 8, 27, 440 }, // U+2085
    { 9, 12, 178, 1, 8, 27, 467 }, // U+2086
    { 9, 12, 178, 1, 8, 27, 494 }, // U+2087
    { 9, 12, 178, 1, 8, 27, 521 }, // U+2088
    { 9, 12, 178, 1, 8, 27, 548 }, // U+2089
    { 9, 8, 178, 1, 6, 18, 575 }, // U+208A
    { 9, 2, 178, 1, 3, 5, 593 }, // U+208B
    { 9, 5, 178, 1, 5, 12, 598 }, // U+208C
    { 4, 16, 89, 1, 10, 16, 610 }, // U+208D
    { 5, 16, 89, 0, 10, 20, 626 }, // U+208E
    { 8, 9, 185, 2, 5, 18, 646 }, // U+208F
    { 8, 9, 147, 0, 5, 18, 664 }, // U+2090
    { 9, 9, 153, 0, 5, 21, 682 }, // U+2091
    { 10, 9, 163, 0, 5, 23, 703 }, // U+2092
    { 10, 9, 152, 0, 5, 23, 726 }, // U+2093
    { 9, 9, 153, 0, 5, 21, 749 }, // U+2094
    { 22, 24, 392, 1, 24, 132, 0 }, // U+20A0
    { 21, 32, 367, 1, 28, 168, 132 }, // U+20A1
    { 21, 24, 374, 1, 24, 126, 300 }, // U+20A2
    { 18, 24, 325, 1, 24, 108, 426 }, // U+20A3
    { 19, 24, 334, 1, 24, 114, 534 }, // U+20A4
    { 24, 24, 441, 2, 20, 144, 648 }, // U+20A5
    { 24, 24, 425, 1, 24, 144, 792 }, // U+20A6
    { 21, 24, 359, 1, 24, 126, 936 }, // U+20A7
    { 27, 24, 508, 3, 24, 162, 1062 }, // U+20A8
    { 33, 24, 564, 1, 24, 198, 1224 }, // U+20A9
    { 22, 19, 452, 3, 19, 105, 1422 }, // U+20AA
    { 18, 28, 323, 1, 24, 126, 1527 }, // U+20AB
    { 22, 24, 394, 1, 24, 132, 1653 }, // U+20AC
    { 23, 24, 397, 1, 24, 138, 1785 }, // U+20AD
    { 19, 24, 338, 1, 24, 114, 1923 }, // U+20AE
    { 38, 30, 646, 1, 24, 285, 2037 }, // U+20AF
    { 19, 32, 331, 0, 25, 152, 2322 }, // U+20B0
    { 19, 24, 309, 0, 24, 114, 2474 }, // U+20B1
    { 22, 32, 392, 1, 28, 176, 2588 }, // U+20B2
    { 22, 24, 397, 1, 24, 132, 2764 }, // U+20B3
    { 18, 24, 323, 1, 24, 108, 2896 }, // U+20B4
    { 21, 32, 369, 1, 28, 168, 3004 }, // U+20B5
    { 19, 24, 344, 1, 24, 114, 3172 }, // U+20B8
    { 17, 24, 308, 1, 24, 102, 3286 }, // U+20B9
    { 18, 24, 309, 1, 24, 108, 3388 }, // U+20BA
    { 17, 24, 287, 1, 24, 102, 0 }, // U+2113
    { 31, 20, 533, 1, 20, 155, 0 }, // U+2190
    { 20, 30, 400, 2, 26, 150, 155 }, // U+2191
    { 31, 20, 533, 1, 20, 155, 305 }, // U+2192
    { 20, 30, 400, 2, 24, 150, 460 }, // U+2193
    { 31, 20, 533, 1, 20, 155, 610 }, // U+2194
    { 20, 32, 400, 2, 26, 160, 765 }, // U+2195
    { 22, 22, 400, 2, 21, 121, 925 }, // U+2196
    { 23, 22, 400, 0, 21, 127, 1046 }, // U+2197
    { 23, 22, 400, 0, 22, 127, 1173 }, // U+2198
    { 22, 22, 400, 2, 22, 121, 1300 }, // U+2199
    { 20, 30, 400, 2, 26, 150, 1421 }, // U+21A8
    { 17, 24, 308, 1, 24, 102, 0 }, // U+2202
    { 21, 30, 369, 1, 24, 158, 102 }, // U+220F
    { 20, 30, 364, 1, 24, 150, 260 }, // U+2211
    { 15, 2, 309, 2, 12, 8, 410 }, // U+2212
    { 18, 24, 256, -1, 24, 108, 418 }, // U+2215
    { 6, 5, 139, 1, 12, 8, 526 }, // U+2219
    { 21, 29, 334, 0, 29, 153, 534 }, // U+221A
    { 22, 11, 393, 1, 15, 61, 687 }, // U+221E
    { 17, 16, 317, 2, 16, 68, 748 }, // U+221F
    { 17, 18, 320, 1, 18, 77, 816 }, // U+2229
    { 17, 33, 270, 0, 27, 141, 893 }, // U+222B
    { 15, 10, 309, 2, 16, 38, 1034 }, // U+2248
    { 15, 16, 309, 2, 19, 60, 1072 }, // U+2260
    { 15, 13, 309, 2, 18, 49, 1132 }, // U+2261
    { 13, 18, 309, 3, 19, 59, 1181 }, // U+2264
    { 14, 18, 309, 3, 19, 63, 1240 }, // U+2265
    { 2, 31, 0, -1, 25, 16, 0 }, // U+2669
    { 13, 22, 240, 1, 22, 72, 16 }, // U+266A
    { 19, 25, 342, 1, 23, 119, 88 }, // U+266B
    { 19, 25, 342, 1, 23, 119, 207 }, // U+266C
    { 9, 21, 185, 1, 20, 48, 326 }, // U+266D
    { 10, 21, 190, 1, 14, 53, 374 }, // U+266E
    { 16, 28, 295, 1, 20, 112, 427 }, // U+266F
    { 38, 35, 677, 2, 29, 333, 539 }, // U+2764
    { 32, 33, 533, 1, 29, 264, 872 }, // U+4F1A
    { 31, 32, 533, 1, 29, 248, 1136 }, // U+53BB
    { 30, 31, 533, 2, 27, 233, 1384 }, // U+5458
    { 33, 33, 533, 0, 29, 273, 1617 }, // U+59DA
    { 29, 32, 533, 2, 29, 232, 1890 }, // U+5B98
    { 31, 32, 533, 1, 29, 248, 2122 }, // U+5BA4
    { 31, 32, 533, 1, 28, 248, 2370 }, // U+5E26
    { 32, 31, 533, 1, 28, 248, 2618 }, // U+6211
    { 32, 33, 533, 1, 29, 264, 2866 }, // U+62C9
    { 33, 33, 533, 0, 29, 273, 3130 }, // U+653E
    { 33, 33, 533, 0, 29, 273, 3403 }, // U+6746
    { 33, 33, 533, 0, 29, 273, 3676 }, // U+6747
    { 32, 33, 533, 1, 29, 264, 3949 }, // U+6748
    { 32, 33, 533, 0, 29, 264, 4213 }, // U+6749
    { 30, 33, 533, 1, 29, 248, 4477 }, // U+674A
    { 32, 33, 533, 1, 29, 264, 4725 }, // U+674B
    { 33, 33, 533, 0, 29, 273, 4989 }, // U+674C
    { 31, 32, 533, 1, 29, 248, 5262 }, // U+674D
    { 32, 32, 533, 1, 29, 256, 5510 }, // U+674E
    { 32, 33, 533, 1, 29, 264, 5766 }, // U+674F
    { 32, 32, 533, 0, 29, 256, 6030 }, // U+6750
    { 33, 32, 533, 0, 29, 264, 6286 }, // U+6751
    { 31, 33, 533, 1, 29, 256, 6550 }, // U+6752
    { 31, 33, 533, 1, 29, 256, 6806 }, // U+6753
    { 31, 33, 533, 1, 29, 256, 7062 }, // U+6754
    { 32, 33, 533, 1, 29, 264, 7318 }, // U+6755
    { 33, 33, 533, 0, 29, 273, 7582 }, // U+6756
    { 32, 33, 533, 1, 29, 264, 7855 }, // U+6757
    { 32, 31, 533, 1, 27, 248, 8119 }, // U+6758
    { 33, 32, 533, 0, 29, 264, 8367 }, // U+6759
    { 31, 32, 533, 1, 29, 248, 8631 }, // U+675A
    { 30, 33, 533, 1, 29, 248, 8879 }, // U+675B
    { 32, 33, 533, 0, 29, 264, 9127 }, // U+675C
    { 33, 32, 533, 0, 29, 264, 9391 }, // U+675D
    { 32, 32, 533, 1, 29, 256, 9655 }, // U+675E
    { 32, 32, 533, 1, 28, 256, 9911 }, // U+675F
    { 31, 33, 533, 1, 29, 256, 10167 }, // U+6760
    { 32, 32, 533, 1, 29, 256, 10423 }, // U+6761
    { 32, 32, 533, 1, 29, 256, 10679 }, // U+6762
    { 31, 33, 533, 0, 29, 256, 10935 }, // U+6763
    { 32, 33, 533, 0, 29, 264, 11191 }, // U+6764
    { 32, 32, 533, 1, 28, 256, 11455 }, // U+6765
    { 32, 33, 533, 1, 29, 264, 11711 }, // U+6766
    { 32, 33, 533, 1, 29, 264, 11975 }, // U+6767
    { 31, 33, 533, 1, 29, 256, 12239 }, // U+6768
    { 31, 33, 533, 1, 29, 256, 12495 }, // U+6769
    { 31, 33, 533, 1, 29, 256, 12751 }, // U+676A
    { 32, 33, 533, 1, 29, 264, 13007 }, // U+676B
    { 32, 33, 533, 1, 29, 264, 13271 }, // U+676C
    { 32, 33, 533, 1, 29, 264, 13535 }, // U+676D
    { 31, 33, 533, 1, 29, 256, 13799 }, // U+676E
    { 33, 33, 533, 0, 29, 273, 14055 }, // U+676F
    { 31, 33, 533, 1, 29, 256, 14328 }, // U+6770
    { 32, 33, 533, 1, 29, 264, 14584 }, // U+6771
    { 32, 31, 533, 1, 27, 248, 14848 }, // U+6772
    { 32, 33, 533, 1, 29, 264, 15096 }, // U+6773
    { 32, 33, 533, 1, 29, 264, 15360 }, // U+6774
    { 32, 33, 533, 1, 29, 264, 15624 }, // U+6775
    { 33, 32, 533, 0, 29, 264, 15888 }, // U+6776
    { 33, 32, 533, 0, 29, 264, 16152 }, // U+6777
    { 31, 33, 533, 1, 29, 256, 16416 }, // U+6778
    { 32, 33, 533, 1, 29, 264, 16672 }, // U+6779
    { 32, 33, 533, 1, 29, 264, 16936 }, // U+677A
    { 32, 33, 533, 1, 29, 264, 17200 }, // U+677B
    { 32, 33, 533, 1, 29, 264, 17464 }, // U+677C
    { 31, 33, 533, 1, 29, 256, 17728 }, // U+677D
    { 31, 33, 533, 1, 29, 256, 17984 }, // U+677E
    { 32, 33, 533, 1, 29, 264, 18240 }, // U+677F
    { 26, 30, 533, 4, 26, 195, 18504 }, // U+7532
    { 29, 32, 533, 2, 29, 232, 18699 }, // U+7684
    { 32, 32, 533, 1, 28, 256, 18931 }, // U+8BAE
    { 31, 32, 533, 1, 28, 248, 19187 }, // U+8BF7
    { 32, 32, 533, 1, 28, 256, 19435 }, // U+91CA
    { 22, 24, 355, 0, 24, 132, 0 }, // U+FB00
    { 17, 24, 305, 0, 24, 102, 132 }, // U+FB01
    { 18, 24, 314, 0, 24, 108, 234 }, // U+FB02
    { 27, 24, 473, 0, 24, 162, 342 }, // U+FB03
    { 28, 24, 482, 0, 24, 168, 504 }, // U+FB04
    { 34, 35, 677, 4, 29, 298, 0 }, // U+1F44B
    { 25, 35, 677, 9, 29, 219, 298 }, // U+1F44C
    { 32, 35, 677, 5, 29, 280, 517 }, // U+1F44D
    { 32, 35, 677, 5, 29, 280, 797 }, // U+1F44E
    { 32, 35, 677, 5, 29, 280, 1077 }, // U+1F44F
    { 34, 35, 677, 4, 29, 298, 1357 }, // U+1F600
    { 34, 35, 677, 4, 29, 298, 1655 }, // U+1F601
    { 42, 35, 677, 0, 29, 368, 1953 }, // U+1F602
    { 34, 35, 677, 4, 29, 298, 2321 }, // U+1F603
    { 34, 35, 677, 4, 29, 298, 2619 }, // U+1F604
    { 37, 35, 677, 3, 29, 324, 2917 }, // U+1F605
    { 34, 35, 677, 4, 29, 298, 3241 }, // U+1F606
    { 33, 35, 677, 5, 29, 289, 3539 }, // U+1F607
    { 34, 35, 677, 4, 29, 298, 3828 }, // U+1F609
    { 34, 35, 677, 4, 29, 298, 4126 }, // U+1F60A
    { 35, 35, 677, 4, 29, 307, 4424 }, // U+1F60B
    { 34, 35, 677, 4, 29, 298, 4731 }, // U+1F60C
    { 34, 35, 677, 4, 29, 298, 5029 }, // U+1F60D
    { 35, 35, 677, 4, 29, 307, 5327 }, // U+1F60E
    { 34, 35, 677, 4, 29, 298, 5634 }, // U+1F60F
    { 34, 35, 677, 4, 29, 298, 5932 }, // U+1F610
    { 34, 35, 677, 4, 29, 298, 6230 }, // U+1F611
    { 34, 35, 677, 4, 29, 298, 6528 }, // U+1F612
    { 34, 35, 677, 4, 29, 298, 6826 }, // U+1F613
    { 34, 35, 677, 4, 29, 298, 7124 }, // U+1F614
    { 34, 35, 677, 4, 29, 298, 7422 }, // U+1F618
    { 34, 35, 677, 4, 29, 298, 7720 }, // U+1F61A
    { 34, 36, 677, 4, 29, 306, 8018 }, // U+1F61C
    { 34, 36, 677, 4, 29, 306, 8324 }, // U+1F61D
    { 34, 35, 677, 4, 29, 298, 8630 }, // U+1F620
    { 34, 35, 677, 4, 29, 298, 8928 }, // U+1F621
    { 34, 35, 677, 4, 29, 298, 9226 }, // U+1F622
    { 36, 35, 677, 3, 29, 315, 9524 }, // U+1F624
    { 36, 35, 677, 3, 29, 315, 9839 }, // U+1F625
    { 34, 35, 677, 4, 29, 298, 10154 }, // U+1F629
    { 34, 35, 677, 4, 29, 298, 10452 }, // U+1F62C
    { 34, 36, 677, 4, 29, 306, 10750 }, // U+1F62D
    { 34, 35, 677, 4, 29, 298, 11056 }, // U+1F62E
    { 40, 36, 677, 1, 29, 360, 11354 }, // U+1F631
    { 34, 35, 677, 4, 29, 298, 11714 }, // U+1F632
    { 34, 35, 677, 4, 29, 298, 12012 }, // U+1F633
    { 35, 35, 677, 4, 29, 307, 12310 }, // U+1F634
    { 34, 35, 677, 4, 29, 298, 12617 }, // U+1F635
    { 34, 35, 677, 4, 29, 298, 12915 }, // U+1F641
    { 34, 35, 677, 4, 29, 298, 13213 }, // U+1F642
    { 34, 35, 677, 4, 29, 298, 13511 }, // U+1F644
};

static const EpdUnicodeInterval lato_16_regularIntervals[] = {
    { 0x0, 0x17F, 0x0 },
    { 0x1A0, 0x1A1, 0x180 },
    { 0x1AF, 0x1B0, 0x182 },
    { 0x1C4, 0x21F, 0x184 },
    { 0x300, 0x36F, 0x1E0 },
    { 0x3BB, 0x3BB, 0x250 },
    { 0x400, 0x486, 0x251 },
    { 0x488, 0x4FF, 0x2D8 },
    { 0x1EA0, 0x1EF9, 0x350 },
    { 0x2000, 0x2010, 0x3AA },
    { 0x2012, 0x2022, 0x3BB },
    { 0x2026, 0x2026, 0x3CC },
    { 0x202A, 0x2030, 0x3CD },
    { 0x2032, 0x2034, 0x3D4 },
    { 0x2039, 0x203A, 0x3D7 },
    { 0x203C, 0x203E, 0x3D9 },
    { 0x2044, 0x2044, 0x3DC },
    { 0x205E, 0x2064, 0x3DD },
    { 0x2066, 0x2071, 0x3E4 },
    { 0x2074, 0x2094, 0x3F0 },
    { 0x20A0, 0x20B5, 0x411 },
    { 0x20B8, 0x20BA, 0x427 },
    { 0x2113, 0x2113, 0x42A },
    { 0x2190, 0x2199, 0x42B },
    { 0x21A8, 0x21A8, 0x435 },
    { 0x2202, 0x2202, 0x436 },
    { 0x220F, 0x220F, 0x437 },
    { 0x2211, 0x2212, 0x438 },
    { 0x2215, 0x2215, 0x43A },
    { 0x2219, 0x221A, 0x43B },
    { 0x221E, 0x221F, 0x43D },
    { 0x2229, 0x2229, 0x43F },
    { 0x222B, 0x222B, 0x440 },
    { 0x2248, 0x2248, 0x441 },
    { 0x2260, 0x2261, 0x442 },
    { 0x2264, 0x2265, 0x444 },
    { 0x2669, 0x266F, 0x446 },
    { 0x2764, 0x2764, 0x44D },
    { 0x4F1A, 0x4F1A, 0x44E },
    { 0x53BB, 0x53BB, 0x44F },
    { 0x5458, 0x5458, 0x450 },
    { 0x59DA, 0x59DA, 0x451 },
    { 0x5B98, 0x5B98, 0x452 },
    { 0x5BA4, 0x5BA4, 0x453 },
    { 0x5E26, 0x5E26, 0x454 },
    { 0x6211, 0x6211, 0x455 },
    { 0x62C9, 0x62C9, 0x456 },
    { 0x653E, 0x653E, 0x457 },
    { 0x6746, 0x677F, 0x458 },
    { 0x7532, 0x7532, 0x492 },
    { 0x7684, 0x7684, 0x493 },
    { 0x8BAE, 0x8BAE, 0x494 },
    { 0x8BF7, 0x8BF7, 0x495 },
    { 0x91CA, 0x91CA, 0x496 },
    { 0xFB00, 0xFB04, 0x497 },
    { 0x1F44B, 0x1F44F, 0x49C },
    { 0x1F600, 0x1F607, 0x4A1 },
    { 0x1F609, 0x1F614, 0x4A9 },
    { 0x1F618, 0x1F618, 0x4B5 },
    { 0x1F61A, 0x1F61A, 0x4B6 },
    { 0x1F61C, 0x1F61D, 0x4B7 },
    { 0x1F620, 0x1F622, 0x4B9 },
    { 0x1F624, 0x1F625, 0x4BC },
    { 0x1F629, 0x1F629, 0x4BE },
    { 0x1F62C, 0x1F62E, 0x4BF },
    { 0x1F631, 0x1F635, 0x4C2 },
    { 0x1F641, 0x1F642, 0x4C7 },
    { 0x1F644, 0x1F644, 0x4C9 },
};

static const EpdFontGroup lato_16_regularGroups[] = {
    { 0, 3292, 8447, 128, 0 },
    { 3292, 2936, 10170, 128, 128 },
    { 6228, 3565, 15481, 128, 256 },
    { 9793, 3607, 14060, 96, 384 },
    { 13400, 997, 2019, 112, 480 },
    { 14397, 86, 120, 1, 592 },
    { 14483, 8866, 33229, 255, 593 },
    { 23349, 2331, 13611, 90, 848 },
    { 25680, 592, 1531, 68, 938 },
    { 26272, 391, 972, 35, 1006 },
    { 26663, 1588, 3786, 25, 1041 },
    { 28251, 91, 120, 1, 1066 },
    { 28342, 495, 1618, 11, 1067 },
    { 28837, 516, 1463, 16, 1078 },
    { 29353, 8257, 20326, 81, 1094 },
    { 37610, 172, 720, 5, 1175 },
    { 37782, 4799, 14492, 46, 1180 },
};

static const EpdKernClassEntry lato_16_regularKernLeftClasses[] = {
    { 0x0022, 1 }, // "
    { 0x0026, 2 }, // &
    { 0x0027, 1 }, // '
    { 0x0028, 3 }, // (
    { 0x002A, 4 }, // *
    { 0x002C, 5 }, // ,
    { 0x002E, 6 }, // .
    { 0x002F, 7 }, // /
    { 0x0030, 8 }, // 0
    { 0x0032, 9 }, // 2
    { 0x0033, 10 }, // 3
    { 0x0034, 11 }, // 4
    { 0x0035, 12 }, // 5
    { 0x0036, 13 }, // 6
    { 0x0037, 14 }, // 7
    { 0x0038, 10 }, // 8
    { 0x0039, 15 }, // 9
    { 0x003A, 16 }, // :
    { 0x003B, 17 }, // ;
    { 0x0040, 18 }, // @
    { 0x0041, 19 }, // A
    { 0x0042, 20 }, // B
    { 0x0043, 21 }, // C
    { 0x0044, 22 }, // D
    { 0x0045, 23 }, // E
    { 0x0046, 24 }, // F
    { 0x0047, 25 }, // G
    { 0x0048, 26 }, // H
    { 0x0049, 26 }, // I
    { 0x004A, 27 }, // J
    { 0x004B, 28 }, // K
    { 0x004C, 29 }, // L
    { 0x004D, 26 }, // M
    { 0x004E, 26 }, // N
    { 0x004F, 30 }, // O
    { 0x0050, 31 }, // P
    { 0x0051, 32 }, // Q
    { 0x0052, 33 }, // R
    { 0x0053, 34 }, // S
    { 0x0054, 35 }, // T
    { 0x0055, 36 }, // U
    { 0x0056, 37 }, // V
    { 0x0057, 38 }, // W
    { 0x0058, 39 }, // X
    { 0x0059, 40 }, // Y
    { 0x005A, 41 }, // Z
    { 0x005B, 42 }, // [
    { 0x005C, 43 }, // <backslash>
    { 0x0061, 44 }, // a
    { 0x0062, 45 }, // b
    { 0x0063, 46 }, // c
    { 0x0064, 47 }, // d
    { 0x0065, 48 }, // e
    { 0x0066, 49 }, // f
    { 0x0067, 50 }, // g
    { 0x0068, 51 }, // h
    { 0x0069, 52 }, // i
    { 0x006A, 52 }, // j
    { 0x006B, 53 }, // k
    { 0x006C, 54 }, // l
    { 0x006D, 51 }, // m
    { 0x006E, 51 }, // n
    { 0x006F, 55 }, // o
    { 0x0070, 45 }, // p
    { 0x0071, 56 }, // q
    { 0x0072, 57 }, // r
    { 0x0073, 58 }, // s
    { 0x0074, 59 }, // t
    { 0x0075, 56 }, // u
    { 0x0076, 60 }, // v
    { 0x0077, 61 }, // w
    { 0x0078, 62 }, // x
    { 0x0079, 63 }, // y
    { 0x007A, 64 }, // z
    { 0x007B, 65 }, // {
    { 0x007C, 66 }, // |
    { 0x00A0, 67 }, // U+00A0
    { 0x00A1, 68 }, // U+00A1
    { 0x00AB, 69 }, // U+00AB
    { 0x00AD, 70 }, // U+00AD
    { 0x00B0, 71 }, // U+00B0
    { 0x00BB, 72 }, // U+00BB
    { 0x00BF, 73 }, // U+00BF
    { 0x00C0, 19 }, // U+00C0
    { 0x00C1, 19 }, // U+00C1
    { 0x00C2, 19 }, // U+00C2
    { 0x00C3, 19 }, // U+00C3
    { 0x00C4, 19 }, // U+00C4
    { 0x00C5, 19 }, // U+00C5
    { 0x00C6, 23 }, // U+00C6
    { 0x00C7, 21 }, // U+00C7
    { 0x00C8, 23 }, // U+00C8
    { 0x00C9, 23 }, // U+00C9
    { 0x00CA, 23 }, // U+00CA
    { 0x00CB, 23 }, // U+00CB
    { 0x00CC, 26 }, // U+00CC
    { 0x00CD, 26 }, // U+00CD
    { 0x00CE, 74 }, // U+00CE
    { 0x00CF, 75 }, // U+00CF
    { 0x00D0, 22 }, // U+00D0
    { 0x00D1, 26 }, // U+00D1
    { 0x00D2, 30 }, // U+00D2
    { 0x00D3, 30 }, // U+00D3
    { 0x00D4, 30 }, // U+00D4
    { 0x00D5, 30 }, // U+00D5
    { 0x00D6, 30 }, // U+00D6
    { 0x00D8, 30 }, // U+00D8
    { 0x00D9, 36 }, // U+00D9
    { 0x00DA, 36 }, // U+00DA
    { 0x00DB, 36 }, // U+00DB
    { 0x00DC, 36 }, // U+00DC
    { 0x00DD, 40 }, // U+00DD
    { 0x00DE, 76 }, // U+00DE
    { 0x00DF, 77 }, // U+00DF
    { 0x00E0, 44 }, // U+00E0
    { 0x00E1, 44 }, // U+00E1
    { 0x00E2, 44 }, // U+00E2
    { 0x00E3, 44 }, // U+00E3
    { 0x00E4, 44 }, // U+00E4
    { 0x00E5, 44 }, // U+00E5
    { 0x00E6, 48 }, // U+00E6
    { 0x00E7, 46 }, // U+00E7
    { 0x00E8, 48 }, // U+00E8
    { 0x00E9, 48 }, // U+00E9
    { 0x00EA, 48 }, // U+00EA
    { 0x00EB, 48 }, // U+00EB
    { 0x00EC, 52 }, // U+00EC
    { 0x00ED, 78 }, // U+00ED
    { 0x00EE, 79 }, // U+00EE
    { 0x00EF, 80 }, // U+00EF
    { 0x00F0, 81 }, // U+00F0
    { 0x00F1, 51 }, // U+00F1
    { 0x00F2, 55 }, // U+00F2
    { 0x00F3, 55 }, // U+00F3
    { 0x00F4, 55 }, // U+00F4
    { 0x00F5, 55 }, // U+00F5
    { 0x00F6, 55 }, // U+00F6
    { 0x00F8, 82 }, // U+00F8
    { 0x00F9, 56 }, // U+00F9
    { 0x00FA, 56 }, // U+00FA
    { 0x00FB, 56 }, // U+00FB
    { 0x00FC, 56 }, // U+00FC
    { 0x00FD, 63 }, // U+00FD
    { 0x00FE, 45 }, // U+00FE
    { 0x00FF, 63 }, // U+00FF
    { 0x0100, 19 }, // U+0100
    { 0x0101, 44 }, // U+0101
    { 0x0102, 19 }, // U+0102
    { 0x0103, 44 }, // U+0103
    { 0x0104, 83 }, // U+0104
    { 0x0105, 84 }, // U+0105
    { 0x0106, 21 }, // U+0106
    { 0x0107, 85 }, // U+0107
    { 0x0108, 21 }, // U+0108
    { 0x0109, 46 }, // U+0109
    { 0x010A, 21 }, // U+010A
    { 0x010B, 46 }, // U+010B
    { 0x010C, 21 }, // U+010C
    { 0x010D, 86 }, // U+010D
    { 0x010E, 22 }, // U+010E
    { 0x010F, 87 }, // U+010F
    { 0x0110, 22 }, // U+0110
    { 0x0111, 88 }, // U+0111
    { 0x0112, 23 }, // U+0112
    { 0x0113, 48 }, // U+0113
    { 0x0114, 23 }, // U+0114
    { 0x0115, 48 }, // U+0115
    { 0x0116, 23 }, // U+0116
    { 0x0117, 48 }, // U+0117
    { 0x0118, 89 }, // U+0118
    { 0x0119, 48 }, // U+0119
    { 0x011A, 23 }, // U+011A
    { 0x011B, 48 }, // U+011B
    { 0x011C, 25 }, // U+011C
    { 0x011D, 50 }, // U+011D
    { 0x011E, 25 }, // U+011E
    { 0x011F, 50 }, // U+011F
    { 0x0120, 25 }, // U+0120
    { 0x0121, 50 }, // U+0121
    { 0x0122, 25 }, // U+0122
    { 0x0123, 50 }, // U+0123
    { 0x0124, 26 }, // U+0124
    { 0x0125, 51 }, // U+0125
    { 0x0126, 90 }, // U+0126
    { 0x0127, 51 }, // U+0127
    { 0x0128, 26 }, // U+0128
    { 0x0129, 91 }, // U+0129
    { 0x012A, 92 }, // U+012A
    { 0x012B, 93 }, // U+012B
    { 0x012C, 26 }, // U+012C
    { 0x012D, 94 }, // U+012D
    { 0x012E, 26 }, // U+012E
    { 0x012F, 95 }, // U+012F
    { 0x0130, 26 }, // U+0130
    { 0x0131, 52 }, // U+0131
    { 0x0132, 27 }, // U+0132
    { 0x0133, 52 }, // U+0133
    { 0x0134, 96 }, // U+0134
    { 0x0135, 97 }, // U+0135
    { 0x0136, 28 }, // U+0136
    { 0x0137, 53 }, // U+0137
    { 0x0138, 53 }, // U+0138
    { 0x0139, 29 }, // U+0139
    { 0x013A, 54 }, // U+013A
    { 0x013B, 29 }, // U+013B
    { 0x013C, 54 }, // U+013C
    { 0x013D, 98 }, // U+013D
    { 0x013E, 99 }, // U+013E
    { 0x013F, 100 }, // U+013F
    { 0x0140, 101 }, // U+0140
    { 0x0141, 29 }, // U+0141
    { 0x0142, 102 }, // U+0142
    { 0x0143, 26 }, // U+0143
    { 0x0144, 51 }, // U+0144
    { 0x0145, 26 }, // U+0145
    { 0x0146, 51 }, // U+0146
    { 0x0147, 26 }, // U+0147
    { 0x0148, 51 }, // U+0148
    { 0x0149, 51 }, // U+0149
    { 0x014A, 26 }, // U+014A
    { 0x014B, 51 }, // U+014B
    { 0x014C, 30 }, // U+014C
    { 0x014D, 55 }, // U+014D
    { 0x014E, 30 }, // U+014E
    { 0x014F, 55 }, // U+014F
    { 0x0150, 30 }, // U+0150
    { 0x0151, 103 }, // U+0151
    { 0x0152, 23 }, // U+0152
    { 0x0153, 48 }, // U+0153
    { 0x0154, 33 }, // U+0154
    { 0x0155, 104 }, // U+0155
    { 0x0156, 33 }, // U+0156
    { 0x0157, 57 }, // U+0157
    { 0x0158, 33 }, // U+0158
    { 0x0159, 105 }, // U+0159
    { 0x015A, 34 }, // U+015A
    { 0x015B, 106 }, // U+015B
    { 0x015C, 34 }, // U+015C
    { 0x015D, 58 }, // U+015D
    { 0x015E, 34 }, // U+015E
    { 0x015F, 58 }, // U+015F
    { 0x0160, 34 }, // U+0160
    { 0x0161, 107 }, // U+0161
    { 0x0162, 35 }, // U+0162
    { 0x0163, 59 }, // U+0163
    { 0x0164, 35 }, // U+0164
    { 0x0165, 108 }, // U+0165
    { 0x0166, 109 }, // U+0166
    { 0x0167, 59 }, // U+0167
    { 0x0168, 36 }, // U+0168
    { 0x0169, 56 }, // U+0169
    { 0x016A, 36 }, // U+016A
    { 0x016B, 56 }, // U+016B
    { 0x016C, 36 }, // U+016C
    { 0x016D, 56 }, // U+016D
    { 0x016E, 36 }, // U+016E
    { 0x016F, 56 }, // U+016F
    { 0x0170, 36 }, // U+0170
    { 0x0171, 110 }, // U+0171
    { 0x0172, 36 }, // U+0172
    { 0x0173, 111 }, // U+0173
    { 0x0174, 38 }, // U+0174
    { 0x0175, 61 }, // U+0175
    { 0x0176, 40 }, // U+0176
    { 0x0177, 63 }, // U+0177
    { 0x0178, 40 }, // U+0178
    { 0x0179, 41 }, // U+0179
    { 0x017A, 112 }, // U+017A
    { 0x017B, 41 }, // U+017B
    { 0x017C, 64 }, // U+017C
    { 0x017D, 41 }, // U+017D
    { 0x017E, 64 }, // U+017E
    { 0x017F, 113 }, // U+017F
    { 0x01A0, 114 }, // U+01A0
    { 0x01A1, 115 }, // U+01A1
    { 0x01AF, 116 }, // U+01AF
    { 0x01B0, 117 }, // U+01B0
    { 0x01C4, 41 }, // U+01C4
    { 0x01C5, 118 }, // U+01C5
    { 0x01C6, 64 }, // U+01C6
    { 0x01C7, 27 }, // U+01C7
    { 0x01C8, 52 }, // U+01C8
    { 0x01C9, 52 }, // U+01C9
    { 0x01CA, 27 }, // U+01CA
    { 0x01CB, 52 }, // U+01CB
    { 0x01CC, 52 }, // U+01CC
    { 0x01CD, 19 }, // U+01CD
    { 0x01CE, 44 }, // U+01CE
    { 0x01CF, 26 }, // U+01CF
    { 0x01D0, 119 }, // U+01D0
    { 0x01D1, 30 }, // U+01D1
    { 0x01D2, 55 }, // U+01D2
    { 0x01D3, 36 }, // U+01D3
    { 0x01D4, 56 }, // U+01D4
    { 0x01D5, 36 }, // U+01D5
    { 0x01D6, 56 }, // U+01D6
    { 0x01D7, 36 }, // U+01D7
    { 0x01D8, 56 }, // U+01D8
    { 0x01D9, 36 }, // U+01D9
    { 0x01DA, 56 }, // U+01DA
    { 0x01DB, 36 }, // U+01DB
    { 0x01DC, 56 }, // U+01DC
    { 0x01DD, 55 }, // U+01DD
    { 0x01DE, 19 }, // U+01DE
    { 0x01DF, 44 }, // U+01DF
    { 0x01E0, 19 }, // U+01E0
    { 0x01E1, 44 }, // U+01E1
    { 0x01E2, 23 }, // U+01E2
    { 0x01E3, 48 }, // U+01E3
    { 0x01E4, 120 }, // U+01E4
    { 0x01E5, 121 }, // U+01E5
    { 0x01E6, 25 }, // U+01E6
    { 0x01E7, 50 }, // U+01E7
    { 0x01E8, 28 }, // U+01E8
    { 0x01E9, 53 }, // U+01E9
    { 0x01EA, 30 }, // U+01EA
    { 0x01EB, 55 }, // U+01EB
    { 0x01EC, 30 }, // U+01EC
    { 0x01ED, 55 }, // U+01ED
    { 0x01EE, 122 }, // U+01EE
    { 0x01EF, 123 }, // U+01EF
    { 0x01F0, 124 }, // U+01F0
    { 0x01F1, 41 }, // U+01F1
    { 0x01F2, 64 }, // U+01F2
    { 0x01F3, 64 }, // U+01F3
    { 0x01F4, 25 }, // U+01F4
    { 0x01F5, 50 }, // U+01F5
    { 0x01F7, 125 }, // U+01F7
    { 0x01F8, 26 }, // U+01F8
    { 0x01F9, 51 }, // U+01F9
    { 0x01FA, 19 }, // U+01FA
    { 0x01FB, 44 }, // U+01FB
    { 0x01FC, 23 }, // U+01FC
    { 0x01FD, 48 }, // U+01FD
    { 0x01FE, 30 }, // U+01FE
    { 0x01FF, 126 }, // U+01FF
    { 0x0200, 19 }, // U+0200
    { 0x0201, 44 }, // U+0201
    { 0x0202, 19 }, // U+0202
    { 0x0203, 44 }, // U+0203
    { 0x0204, 23 }, // U+0204
    { 0x0205, 48 }, // U+0205
    { 0x0206, 23 }, // U+0206
    { 0x0207, 48 }, // U+0207
    { 0x0208, 127 }, // U+0208
    { 0x0209, 128 }, // U+0209
    { 0x020A, 129 }, // U+020A
    { 0x020B, 130 }, // U+020B
    { 0x020C, 30 }, // U+020C
    { 0x020D, 55 }, // U+020D
    { 0x020E, 30 }, // U+020E
    { 0x020F, 55 }, // U+020F
    { 0x0210, 33 }, // U+0210
    { 0x0211, 57 }, // U+0211
    { 0x0212, 33 }, // U+0212
    { 0x0213, 57 }, // U+0213
    { 0x0214, 36 }, // U+0214
    { 0x0215, 56 }, // U+0215
    { 0x0216, 36 }, // U+0216
    { 0x0217, 56 }, // U+0217
    { 0x0218, 34 }, // U+0218
    { 0x0219, 58 }, // U+0219
    { 0x021A, 35 }, // U+021A
    { 0x021B, 59 }, // U+021B
    { 0x021C, 122 }, // U+021C
    { 0x021D, 123 }, // U+021D
    { 0x021E, 26 }, // U+021E
    { 0x021F, 51 }, // U+021F
    { 0x03BB, 131 }, // U+03BB
    { 0x0401, 132 }, // U+0401
    { 0x0402, 133 }, // U+0402
    { 0x0403, 134 }, // U+0403
    { 0x0404, 135 }, // U+0404
    { 0x0405, 136 }, // U+0405
    { 0x0406, 137 }, // U+0406
    { 0x0407, 138 }, // U+0407
    { 0x0408, 139 }, // U+0408
    { 0x0409, 140 }, // U+0409
    { 0x040A, 140 }, // U+040A
    { 0x040B, 141 }, // U+040B
    { 0x040C, 142 }, // U+040C
    { 0x040D, 137 }, // U+040D
    { 0x040E, 143 }, // U+040E
    { 0x040F, 137 }, // U+040F
    { 0x0410, 144 }, // U+0410
    { 0x0411, 145 }, // U+0411
    { 0x0412, 146 }, // U+0412
    { 0x0413, 134 }, // U+0413
    { 0x0414, 147 }, // U+0414
    { 0x0415, 132 }, // U+0415
    { 0x0416, 148 }, // U+0416
    { 0x0417, 149 }, // U+0417
    { 0x0418, 137 }, // U+0418
    { 0x0419, 137 }, // U+0419
    { 0x041A, 142 }, // U+041A
    { 0x041B, 137 }, // U+041B
    { 0x041C, 137 }, // U+041C
    { 0x041D, 137 }, // U+041D
    { 0x041E, 150 }, // U+041E
    { 0x041F, 137 }, // U+041F
    { 0x0420, 151 }, // U+0420
    { 0x0421, 152 }, // U+0421
    { 0x0422, 153 }, // U+0422
    { 0x0423, 143 }, // U+0423
    { 0x0424, 154 }, // U+0424
    { 0x0425, 155 }, // U+0425
    { 0x0426, 147 }, // U+0426
    { 0x0427, 137 }, // U+0427
    { 0x0428, 137 }, // U+0428
    { 0x0429, 147 }, // U+0429
    { 0x042A, 140 }, // U+042A
    { 0x042B, 137 }, // U+042B
    { 0x042C, 140 }, // U+042C
    { 0x042D, 150 }, // U+042D
    { 0x042E, 150 }, // U+042E
    { 0x042F, 137 }, // U+042F
    { 0x0430, 156 }, // U+0430
    { 0x0431, 157 }, // U+0431
    { 0x0432, 158 }, // U+0432
    { 0x0433, 159 }, // U+0433
    { 0x0434, 160 }, // U+0434
    { 0x0435, 161 }, // U+0435
    { 0x0436, 162 }, // U+0436
    { 0x0437, 158 }, // U+0437
    { 0x0438, 163 }, // U+0438
    { 0x0439, 163 }, // U+0439
    { 0x043A, 164 }, // U+043A
    { 0x043B, 163 }, // U+043B
    { 0x043C, 163 }, // U+043C
    { 0x043D, 163 }, // U+043D
    { 0x043E, 165 }, // U+043E
    { 0x043F, 163 }, // U+043F
    { 0x0440, 166 }, // U+0440
    { 0x0441, 167 }, // U+0441
    { 0x0442, 168 }, // U+0442
    { 0x0443, 169 }, // U+0443
    { 0x0444, 165 }, // U+0444
    { 0x0445, 170 }, // U+0445
    { 0x0446, 160 }, // U+0446
    { 0x0447, 163 }, // U+0447
    { 0x0448, 163 }, // U+0448
    { 0x0449, 160 }, // U+0449
    { 0x044A, 171 }, // U+044A
    { 0x044B, 163 }, // U+044B
    { 0x044C, 171 }, // U+044C
    { 0x044D, 165 }, // U+044D
    { 0x044E, 165 }, // U+044E
    { 0x044F, 163 }, // U+044F
    { 0x0451, 161 }, // U+0451
    { 0x0452, 172 }, // U+0452
    { 0x0453, 173 }, // U+0453
    { 0x0454, 174 }, // U+0454
    { 0x0455, 175 }, // U+0455
    { 0x0456, 176 }, // U+0456
    { 0x0457, 177 }, // U+0457
    { 0x0458, 176 }, // U+0458
    { 0x0459, 171 }, // U+0459
    { 0x045A, 171 }, // U+045A
    { 0x045B, 178 }, // U+045B
    { 0x045C, 164 }, // U+045C
    { 0x045D, 163 }, // U+045D
    { 0x045E, 169 }, // U+045E
    { 0x045F, 163 }, // U+045F
    { 0x0460, 179 }, // U+0460
    { 0x0461, 180 }, // U+0461
    { 0x0462, 140 }, // U+0462
    { 0x0463, 181 }, // U+0463
    { 0x0464, 135 }, // U+0464
    { 0x0465, 174 }, // U+0465
    { 0x0466, 182 }, // U+0466
    { 0x0467, 183 }, // U+0467
    { 0x0468, 182 }, // U+0468
    { 0x0469, 183 }, // U+0469
    { 0x046A, 184 }, // U+046A
    { 0x046B, 185 }, // U+046B
    { 0x046C, 184 }, // U+046C
    { 0x046D, 186 }, // U+046D
    { 0x046E, 187 }, // U+046E
    { 0x046F, 188 }, // U+046F
    { 0x0470, 189 }, // U+0470
    { 0x0471, 190 }, // U+0471
    { 0x0472, 150 }, // U+0472
    { 0x0473, 165 }, // U+0473
    { 0x0474, 191 }, // U+0474
    { 0x0475, 192 }, // U+0475
    { 0x0476, 191 }, // U+0476
    { 0x0477, 192 }, // U+0477
    { 0x0478, 193 }, // U+0478
    { 0x0479, 169 }, // U+0479
    { 0x047A, 150 }, // U+047A
    { 0x047B, 165 }, // U+047B
    { 0x047C, 179 }, // U+047C
    { 0x047D, 194 }, // U+047D
    { 0x047E, 179 }, // U+047E
    { 0x047F, 180 }, // U+047F
    { 0x0480, 195 }, // U+0480
    { 0x0481, 196 }, // U+0481
    { 0x048A, 197 }, // U+048A
    { 0x048B, 163 }, // U+048B
    { 0x048C, 140 }, // U+048C
    { 0x048D, 171 }, // U+048D
    { 0x048E, 151 }, // U+048E
    { 0x048F, 166 }, // U+048F
    { 0x0490, 134 }, // U+0490
    { 0x0491, 198 }, // U+0491
    { 0x0492, 199 }, // U+0492
    { 0x0493, 159 }, // U+0493
    { 0x0494, 200 }, // U+0494
    { 0x0495, 201 }, // U+0495
    { 0x0496, 202 }, // U+0496
    { 0x0497, 203 }, // U+0497
    { 0x0498, 149 }, // U+0498
    { 0x0499, 158 }, // U+0499
    { 0x049A, 204 }, // U+049A
    { 0x049B, 205 }, // U+049B
    { 0x049C, 206 }, // U+049C
    { 0x049D, 207 }, // U+049D
    { 0x049E, 142 }, // U+049E
    { 0x049F, 164 }, // U+049F
    { 0x04A0, 142 }, // U+04A0
    { 0x04A1, 164 }, // U+04A1
    { 0x04A2, 147 }, // U+04A2
    { 0x04A3, 160 }, // U+04A3
    { 0x04A4, 134 }, // U+04A4
    { 0x04A5, 168 }, // U+04A5
    { 0x04A6, 208 }, // U+04A6
    { 0x04A7, 209 }, // U+04A7
    { 0x04A8, 210 }, // U+04A8
    { 0x04A9, 211 }, // U+04A9
    { 0x04AA, 152 }, // U+04AA
    { 0x04AB, 167 }, // U+04AB
    { 0x04AC, 153 }, // U+04AC
    { 0x04AD, 168 }, // U+04AD
    { 0x04AE, 212 }, // U+04AE
    { 0x04AF, 213 }, // U+04AF
    { 0x04B0, 214 }, // U+04B0
    { 0x04B1, 215 }, // U+04B1
    { 0x04B2, 216 }, // U+04B2
    { 0x04B3, 217 }, // U+04B3
    { 0x04B4, 147 }, // U+04B4
    { 0x04B5, 160 }, // U+04B5
    { 0x04B6, 147 }, // U+04B6
    { 0x04B7, 160 }, // U+04B7
    { 0x04B8, 137 }, // U+04B8
    { 0x04B9, 163 }, // U+04B9
    { 0x04BA, 218 }, // U+04BA
    { 0x04BB, 219 }, // U+04BB
    { 0x04BC, 220 }, // U+04BC
    { 0x04BD, 161 }, // U+04BD
    { 0x04BE, 220 }, // U+04BE
    { 0x04BF, 161 }, // U+04BF
    { 0x04C0, 137 }, // U+04C0
    { 0x04C1, 148 }, // U+04C1
    { 0x04C2, 162 }, // U+04C2
    { 0x04C3, 221 }, // U+04C3
    { 0x04C4, 222 }, // U+04C4
    { 0x04C5, 147 }, // U+04C5
    { 0x04C6, 160 }, // U+04C6
    { 0x04C7, 137 }, // U+04C7
    { 0x04C8, 163 }, // U+04C8
    { 0x04C9, 147 }, // U+04C9
    { 0x04CA, 160 }, // U+04CA
    { 0x04CB, 137 }, // U+04CB
    { 0x04CC, 163 }, // U+04CC
    { 0x04CD, 147 }, // U+04CD
    { 0x04CE, 160 }, // U+04CE
    { 0x04CF, 137 }, // U+04CF
    { 0x04D0, 144 }, // U+04D0
    { 0x04D1, 156 }, // U+04D1
    { 0x04D2, 144 }, // U+04D2
    { 0x04D3, 156 }, // U+04D3
    { 0x04D4, 132 }, // U+04D4
    { 0x04D5, 161 }, // U+04D5
    { 0x04D6, 132 }, // U+04D6
    { 0x04D7, 161 }, // U+04D7
    { 0x04D8, 150 }, // U+04D8
    { 0x04D9, 165 }, // U+04D9
    { 0x04DA, 150 }, // U+04DA
    { 0x04DB, 165 }, // U+04DB
    { 0x04DC, 148 }, // U+04DC
    { 0x04DD, 162 }, // U+04DD
    { 0x04DE, 149 }, // U+04DE
    { 0x04DF, 158 }, // U+04DF
    { 0x04E0, 223 }, // U+04E0
    { 0x04E1, 224 }, // U+04E1
    { 0x04E2, 137 }, // U+04E2
    { 0x04E3, 163 }, // U+04E3
    { 0x04E4, 137 }, // U+04E4
    { 0x04E5, 163 }, // U+04E5
    { 0x04E6, 150 }, // U+04E6
    { 0x04E7, 165 }, // U+04E7
    { 0x04E8, 150 }, // U+04E8
    { 0x04E9, 165 }, // U+04E9
    { 0x04EA, 150 }, // U+04EA
    { 0x04EB, 165 }, // U+04EB
    { 0x04EC, 150 }, // U+04EC
    { 0x04ED, 165 }, // U+04ED
    { 0x04EE, 143 }, // U+04EE
    { 0x04EF, 169 }, // U+04EF
    { 0x04F0, 143 }, // U+04F0
    { 0x04F1, 169 }, // U+04F1
    { 0x04F2, 143 }, // U+04F2
    { 0x04F3, 225 }, // U+04F3
    { 0x04F4, 137 }, // U+04F4
    { 0x04F5, 163 }, // U+04F5
    { 0x04F6, 134 }, // U+04F6
    { 0x04F7, 159 }, // U+04F7
    { 0x04F8, 137 }, // U+04F8
    { 0x04F9, 163 }, // U+04F9
    { 0x04FA, 226 }, // U+04FA
    { 0x04FB, 159 }, // U+04FB
    { 0x04FC, 227 }, // U+04FC
    { 0x04FD, 228 }, // U+04FD
    { 0x04FE, 229 }, // U+04FE
    { 0x04FF, 230 }, // U+04FF
    { 0x1EA0, 19 }, // U+1EA0
    { 0x1EA1, 44 }, // U+1EA1
    { 0x1EA2, 19 }, // U+1EA2
    { 0x1EA3, 44 }, // U+1EA3
    { 0x1EA4, 19 }, // U+1EA4
    { 0x1EA5, 231 }, // U+1EA5
    { 0x1EA6, 19 }, // U+1EA6
    { 0x1EA7, 44 }, // U+1EA7
    { 0x1EA8, 19 }, // U+1EA8
    { 0x1EA9, 232 }, // U+1EA9
    { 0x1EAA, 19 }, // U+1EAA
    { 0x1EAB, 44 }, // U+1EAB
    { 0x1EAC, 19 }, // U+1EAC
    { 0x1EAD, 44 }, // U+1EAD
    { 0x1EAE, 19 }, // U+1EAE
    { 0x1EAF, 44 }, // U+1EAF
    { 0x1EB0, 19 }, // U+1EB0
    { 0x1EB1, 44 }, // U+1EB1
    { 0x1EB2, 19 }, // U+1EB2
    { 0x1EB3, 44 }, // U+1EB3
    { 0x1EB4, 19 }, // U+1EB4
    { 0x1EB5, 44 }, // U+1EB5
    { 0x1EB6, 19 }, // U+1EB6
    { 0x1EB7, 44 }, // U+1EB7
    { 0x1EB8, 23 }, // U+1EB8
    { 0x1EB9, 48 }, // U+1EB9
    { 0x1EBA, 23 }, // U+1EBA
    { 0x1EBB, 48 }, // U+1EBB
    { 0x1EBC, 23 }, // U+1EBC
    { 0x1EBD, 48 }, // U+1EBD
    { 0x1EBE, 23 }, // U+1EBE
    { 0x1EBF, 233 }, // U+1EBF
    { 0x1EC0, 23 }, // U+1EC0
    { 0x1EC1, 48 }, // U+1EC1
    { 0x1EC2, 23 }, // U+1EC2
    { 0x1EC3, 234 }, // U+1EC3
    { 0x1EC4, 23 }, // U+1EC4
    { 0x1EC5, 48 }, // U+1EC5
    { 0x1EC6, 23 }, // U+1EC6
    { 0x1EC7, 48 }, // U+1EC7
    { 0x1EC8, 26 }, // U+1EC8
    { 0x1EC9, 52 }, // U+1EC9
    { 0x1ECA, 26 }, // U+1ECA
    { 0x1ECB, 52 }, // U+1ECB
    { 0x1ECC, 30 }, // U+1ECC
    { 0x1ECD, 55 }, // U+1ECD
    { 0x1ECE, 30 }, // U+1ECE
    { 0x1ECF, 55 }, // U+1ECF
    { 0x1ED0, 30 }, // U+1ED0
    { 0x1ED1, 235 }, // U+1ED1
    { 0x1ED2, 30 }, // U+1ED2
    { 0x1ED3, 55 }, // U+1ED3
    { 0x1ED4, 30 }, // U+1ED4
    { 0x1ED5, 236 }, // U+1ED5
    { 0x1ED6, 30 }, // U+1ED6
    { 0x1ED7, 55 }, // U+1ED7
    { 0x1ED8, 30 }, // U+1ED8
    { 0x1ED9, 55 }, // U+1ED9
    { 0x1EDA, 114 }, // U+1EDA
    { 0x1EDB, 115 }, // U+1EDB
    { 0x1EDC, 114 }, // U+1EDC
    { 0x1EDD, 115 }, // U+1EDD
    { 0x1EDE, 114 }, // U+1EDE
    { 0x1EDF, 115 }, // U+1EDF
    { 0x1EE0, 114 }, // U+1EE0
    { 0x1EE1, 115 }, // U+1EE1
    { 0x1EE2, 114 }, // U+1EE2
    { 0x1EE3, 115 }, // U+1EE3
    { 0x1EE4, 36 }, // U+1EE4
    { 0x1EE5, 56 }, // U+1EE5
    { 0x1EE6, 36 }, // U+1EE6
    { 0x1EE7, 56 }, // U+1EE7
    { 0x1EE8, 116 }, // U+1EE8
    { 0x1EE9, 117 }, // U+1EE9
    { 0x1EEA, 116 }, // U+1EEA
    { 0x1EEB, 117 }, // U+1EEB
    { 0x1EEC, 116 }, // U+1EEC
    { 0x1EED, 117 }, // U+1EED
    { 0x1EEE, 116 }, // U+1EEE
    { 0x1EEF, 117 }, // U+1EEF
    { 0x1EF0, 116 }, // U+1EF0
    { 0x1EF1, 117 }, // U+1EF1
    { 0x1EF2, 40 }, // U+1EF2
    { 0x1EF3, 63 }, // U+1EF3
    { 0x1EF4, 40 }, // U+1EF4
    { 0x1EF5, 237 }, // U+1EF5
    { 0x1EF6, 40 }, // U+1EF6
    { 0x1EF7, 63 }, // U+1EF7
    { 0x1EF8, 40 }, // U+1EF8
    { 0x1EF9, 63 }, // U+1EF9
    { 0x2014, 70 }, // U+2014
    { 0x2015, 70 }, // U+2015
    { 0x2018, 238 }, // U+2018
    { 0x2019, 239 }, // U+2019
    { 0x201A, 240 }, // U+201A
    { 0x201B, 241 }, // U+201B
    { 0x201C, 238 }, // U+201C
    { 0x201D, 239 }, // U+201D
    { 0x201E, 240 }, // U+201E
    { 0x201F, 242 }, // U+201F
    { 0x2039, 69 }, // U+2039
    { 0x203A, 72 }, // U+203A
    { 0x2219, 243 }, // U+2219
    { 0xFB00, 244 }, // U+FB00
    { 0xFB01, 245 }, // U+FB01
    { 0xFB02, 54 }, // U+FB02
    { 0xFB03, 245 }, // U+FB03
    { 0xFB04, 54 }, // U+FB04
};

static const EpdKernClassEntry lato_16_regularKernRightClasses[] = {
    { 0x0021, 1 }, // !
    { 0x0022, 2 }, // "
    { 0x0026, 3 }, // &
    { 0x0027, 2 }, // '
    { 0x0029, 4 }, // )
    { 0x002A, 5 }, // *
    { 0x002C, 6 }, // ,
    { 0x002E, 7 }, // .
    { 0x002F, 8 }, // /
    { 0x0030, 9 }, // 0
    { 0x0031, 10 }, // 1
    { 0x0032, 11 }, // 2
    { 0x0033, 12 }, // 3
    { 0x0034, 13 }, // 4
    { 0x0035, 14 }, // 5
    { 0x0036, 15 }, // 6
    { 0x0037, 16 }, // 7
    { 0x0038, 17 }, // 8
    { 0x0039, 18 }, // 9
    { 0x003A, 19 }, // :
    { 0x003B, 20 }, // ;
    { 0x003F, 21 }, // ?
    { 0x0040, 22 }, // @
    { 0x0041, 23 }, // A
    { 0x0042, 24 }, // B
    { 0x0043, 25 }, // C
    { 0x0044, 24 }, // D
    { 0x0045, 24 }, // E
    { 0x0046, 24 }, // F
    { 0x0047, 25 }, // G
    { 0x0048, 24 }, // H
    { 0x0049, 24 }, // I
    { 0x004A, 26 }, // J
    { 0x004B, 24 }, // K
    { 0x004C, 24 }, // L
    { 0x004D, 24 }, // M
    { 0x004E, 24 }, // N
    { 0x004F, 25 }, // O
    { 0x0050, 24 }, // P
    { 0x0051, 25 }, // Q
    { 0x0052, 24 }, // R
    { 0x0053, 27 }, // S
    { 0x0054, 28 }, // T
    { 0x0055, 29 }, // U
    { 0x0056, 30 }, // V
    { 0x0057, 31 }, // W
    { 0x0058, 32 }, // X
    { 0x0059, 33 }, // Y
    { 0x005A, 34 }, // Z
    { 0x005C, 35 }, // <backslash>
    { 0x005D, 36 }, // ]
    { 0x0061, 37 }, // a
    { 0x0062, 38 }, // b
    { 0x0063, 39 }, // c
    { 0x0064, 40 }, // d
    { 0x0065, 39 }, // e
    { 0x0066, 41 }, // f
    { 0x0067, 42 }, // g
    { 0x0068, 38 }, // h
    { 0x0069, 43 }, // i
    { 0x006A, 44 }, // j
    { 0x006B, 38 }, // k
    { 0x006C, 45 }, // l
    { 0x006D, 46 }, // m
    { 0x006E, 46 }, // n
    { 0x006F, 39 }, // o
    { 0x0070, 46 }, // p
    { 0x0071, 47 }, // q
    { 0x0072, 46 }, // r
    { 0x0073, 48 }, // s
    { 0x0074, 49 }, // t
    { 0x0075, 50 }, // u
    { 0x0076, 51 }, // v
    { 0x0077, 52 }, // w
    { 0x0078, 53 }, // x
    { 0x0079, 54 }, // y
    { 0x007A, 55 }, // z
    { 0x007C, 56 }, // |
    { 0x007D, 57 }, // }
    { 0x00A0, 58 }, // U+00A0
    { 0x00A9, 59 }, // U+00A9
    { 0x00AA, 60 }, // U+00AA
    { 0x00AB, 61 }, // U+00AB
    { 0x00AD, 62 }, // U+00AD
    { 0x00AE, 59 }, // U+00AE
    { 0x00B0, 63 }, // U+00B0
    { 0x00BA, 64 }, // U+00BA
    { 0x00BB, 65 }, // U+00BB
    { 0x00C0, 23 }, // U+00C0
    { 0x00C1, 23 }, // U+00C1
    { 0x00C2, 23 }, // U+00C2
    { 0x00C3, 23 }, // U+00C3
    { 0x00C4, 23 }, // U+00C4
    { 0x00C5, 23 }, // U+00C5
    { 0x00C6, 66 }, // U+00C6
    { 0x00C7, 25 }, // U+00C7
    { 0x00C8, 24 }, // U+00C8
    { 0x00C9, 24 }, // U+00C9
    { 0x00CA, 24 }, // U+00CA
    { 0x00CB, 24 }, // U+00CB
    { 0x00CC, 24 }, // U+00CC
    { 0x00CD, 24 }, // U+00CD
    { 0x00CE, 67 }, // U+00CE
    { 0x00CF, 68 }, // U+00CF
    { 0x00D0, 69 }, // U+00D0
    { 0x00D1, 24 }, // U+00D1
    { 0x00D2, 25 }, // U+00D2
    { 0x00D3, 25 }, // U+00D3
    { 0x00D4, 25 }, // U+00D4
    { 0x00D5, 25 }, // U+00D5
    { 0x00D6, 25 }, // U+00D6
    { 0x00D8, 25 }, // U+00D8
    { 0x00D9, 29 }, // U+00D9
    { 0x00DA, 29 }, // U+00DA
    { 0x00DB, 29 }, // U+00DB
    { 0x00DC, 29 }, // U+00DC
    { 0x00DD, 33 }, // U+00DD
    { 0x00DE, 24 }, // U+00DE
    { 0x00DF, 70 }, // U+00DF
    { 0x00E0, 71 }, // U+00E0
    { 0x00E1, 37 }, // U+00E1
    { 0x00E2, 72 }, // U+00E2
    { 0x00E3, 73 }, // U+00E3
    { 0x00E4, 74 }, // U+00E4
    { 0x00E5, 37 }, // U+00E5
    { 0x00E6, 37 }, // U+00E6
    { 0x00E7, 39 }, // U+00E7
    { 0x00E8, 75 }, // U+00E8
    { 0x00E9, 39 }, // U+00E9
    { 0x00EA, 76 }, // U+00EA
    { 0x00EB, 77 }, // U+00EB
    { 0x00EC, 78 }, // U+00EC
    { 0x00ED, 79 }, // U+00ED
    { 0x00EE, 80 }, // U+00EE
    { 0x00EF, 81 }, // U+00EF
    { 0x00F0, 82 }, // U+00F0
    { 0x00F1, 46 }, // U+00F1
    { 0x00F2, 83 }, // U+00F2
    { 0x00F3, 39 }, // U+00F3
    { 0x00F4, 84 }, // U+00F4
    { 0x00F5, 39 }, // U+00F5
    { 0x00F6, 85 }, // U+00F6
    { 0x00F8, 86 }, // U+00F8
    { 0x00F9, 87 }, // U+00F9
    { 0x00FA, 50 }, // U+00FA
    { 0x00FB, 50 }, // U+00FB
    { 0x00FC, 50 }, // U+00FC
    { 0x00FD, 54 }, // U+00FD
    { 0x00FE, 38 }, // U+00FE
    { 0x00FF, 54 }, // U+00FF
    { 0x0100, 23 }, // U+0100
    { 0x0101, 88 }, // U+0101
    { 0x0102, 23 }, // U+0102
    { 0x0103, 89 }, // U+0103
    { 0x0104, 23 }, // U+0104
    { 0x0105, 37 }, // U+0105
    { 0x0106, 25 }, // U+0106
    { 0x0107, 39 }, // U+0107
    { 0x0108, 25 }, // U+0108
    { 0x0109, 90 }, // U+0109
    { 0x010A, 25 }, // U+010A
    { 0x010B, 39 }, // U+010B
    { 0x010C, 25 }, // U+010C
    { 0x010D, 91 }, // U+010D
    { 0x010E, 24 }, // U+010E
    { 0x010F, 40 }, // U+010F
    { 0x0110, 69 }, // U+0110
    { 0x0111, 40 }, // U+0111
    { 0x0112, 24 }, // U+0112
    { 0x0113, 39 }, // U+0113
    { 0x0114, 24 }, // U+0114
    { 0x0115, 92 }, // U+0115
    { 0x0116, 24 }, // U+0116
    { 0x0117, 39 }, // U+0117
    { 0x0118, 24 }, // U+0118
    { 0x0119, 39 }, // U+0119
    { 0x011A, 24 }, // U+011A
    { 0x011B, 93 }, // U+011B
    { 0x011C, 25 }, // U+011C
    { 0x011D, 94 }, // U+011D
    { 0x011E, 25 }, // U+011E
    { 0x011F, 95 }, // U+011F
    { 0x0120, 25 }, // U+0120
    { 0x0121, 42 }, // U+0121
    { 0x0122, 25 }, // U+0122
    { 0x0123, 42 }, // U+0123
    { 0x0124, 24 }, // U+0124
    { 0x0125, 96 }, // U+0125
    { 0x0126, 69 }, // U+0126
    { 0x0127, 97 }, // U+0127
    { 0x0128, 98 }, // U+0128
    { 0x0129, 99 }, // U+0129
    { 0x012A, 100 }, // U+012A
    { 0x012B, 101 }, // U+012B
    { 0x012C, 24 }, // U+012C
    { 0x012D, 102 }, // U+012D
    { 0x012E, 24 }, // U+012E
    { 0x012F, 43 }, // U+012F
    { 0x0130, 24 }, // U+0130
    { 0x0131, 103 }, // U+0131
    { 0x0132, 24 }, // U+0132
    { 0x0133, 43 }, // U+0133
    { 0x0134, 26 }, // U+0134
    { 0x0135, 104 }, // U+0135
    { 0x0136, 24 }, // U+0136
    { 0x0137, 38 }, // U+0137
    { 0x0138, 46 }, // U+0138
    { 0x0139, 24 }, // U+0139
    { 0x013A, 45 }, // U+013A
    { 0x013B, 24 }, // U+013B
    { 0x013C, 45 }, // U+013C
    { 0x013D, 24 }, // U+013D
    { 0x013E, 45 }, // U+013E
    { 0x013F, 24 }, // U+013F
    { 0x0140, 45 }, // U+0140
    { 0x0141, 105 }, // U+0141
    { 0x0142, 106 }, // U+0142
    { 0x0143, 24 }, // U+0143
    { 0x0144, 46 }, // U+0144
    { 0x0145, 24 }, // U+0145
    { 0x0146, 46 }, // U+0146
    { 0x0147, 24 }, // U+0147
    { 0x0148, 107 }, // U+0148
    { 0x0149, 108 }, // U+0149
    { 0x014A, 24 }, // U+014A
    { 0x014B, 46 }, // U+014B
    { 0x014C, 25 }, // U+014C
    { 0x014D, 39 }, // U+014D
    { 0x014E, 25 }, // U+014E
    { 0x014F, 109 }, // U+014F
    { 0x0150, 25 }, // U+0150
    { 0x0151, 39 }, // U+0151
    { 0x0152, 25 }, // U+0152
    { 0x0153, 39 }, // U+0153
    { 0x0154, 24 }, // U+0154
    { 0x0155, 46 }, // U+0155
    { 0x0156, 24 }, // U+0156
    { 0x0157, 46 }, // U+0157
    { 0x0158, 24 }, // U+0158
    { 0x0159, 110 }, // U+0159
    { 0x015A, 27 }, // U+015A
    { 0x015B, 48 }, // U+015B
    { 0x015C, 27 }, // U+015C
    { 0x015D, 111 }, // U+015D
    { 0x015E, 27 }, // U+015E
    { 0x015F, 48 }, // U+015F
    { 0x0160, 27 }, // U+0160
    { 0x0161, 112 }, // U+0161
    { 0x0162, 28 }, // U+0162
    { 0x0163, 49 }, // U+0163
    { 0x0164, 28 }, // U+0164
    { 0x0165, 113 }, // U+0165
    { 0x0166, 114 }, // U+0166
    { 0x0167, 113 }, // U+0167
    { 0x0168, 29 }, // U+0168
    { 0x0169, 50 }, // U+0169
    { 0x016A, 29 }, // U+016A
    { 0x016B, 50 }, // U+016B
    { 0x016C, 29 }, // U+016C
    { 0x016D, 50 }, // U+016D
    { 0x016E, 29 }, // U+016E
    { 0x016F, 50 }, // U+016F
    { 0x0170, 29 }, // U+0170
    { 0x0171, 50 }, // U+0171
    { 0x0172, 29 }, // U+0172
    { 0x0173, 50 }, // U+0173
    { 0x0174, 31 }, // U+0174
    { 0x0175, 52 }, // U+0175
    { 0x0176, 33 }, // U+0176
    { 0x0177, 54 }, // U+0177
    { 0x0178, 33 }, // U+0178
    { 0x0179, 34 }, // U+0179
    { 0x017A, 55 }, // U+017A
    { 0x017B, 34 }, // U+017B
    { 0x017C, 55 }, // U+017C
    { 0x017D, 34 }, // U+017D
    { 0x017E, 115 }, // U+017E
    { 0x017F, 41 }, // U+017F
    { 0x01A0, 25 }, // U+01A0
    { 0x01A1, 39 }, // U+01A1
    { 0x01AF, 29 }, // U+01AF
    { 0x01B0, 50 }, // U+01B0
    { 0x01C4, 24 }, // U+01C4
    { 0x01C6, 40 }, // U+01C6
    { 0x01C7, 24 }, // U+01C7
    { 0x01C9, 45 }, // U+01C9
    { 0x01CA, 24 }, // U+01CA
    { 0x01CC, 46 }, // U+01CC
    { 0x01CD, 23 }, // U+01CD
    { 0x01CE, 116 }, // U+01CE
    { 0x01CF, 24 }, // U+01CF
    { 0x01D0, 117 }, // U+01D0
    { 0x01D1, 25 }, // U+01D1
    { 0x01D2, 118 }, // U+01D2
    { 0x01D3, 29 }, // U+01D3
    { 0x01D4, 119 }, // U+01D4
    { 0x01D5, 29 }, // U+01D5
    { 0x01D6, 50 }, // U+01D6
    { 0x01D7, 29 }, // U+01D7
    { 0x01D8, 50 }, // U+01D8
    { 0x01D9, 29 }, // U+01D9
    { 0x01DA, 50 }, // U+01DA
    { 0x01DB, 29 }, // U+01DB
    { 0x01DC, 50 }, // U+01DC
    { 0x01DD, 120 }, // U+01DD
    { 0x01DE, 23 }, // U+01DE
    { 0x01DF, 37 }, // U+01DF
    { 0x01E0, 23 }, // U+01E0
    { 0x01E1, 37 }, // U+01E1
    { 0x01E2, 66 }, // U+01E2
    { 0x01E3, 37 }, // U+01E3
    { 0x01E4, 25 }, // U+01E4
    { 0x01E5, 121 }, // U+01E5
    { 0x01E6, 25 }, // U+01E6
    { 0x01E7, 122 }, // U+01E7
    { 0x01E8, 24 }, // U+01E8
    { 0x01E9, 38 }, // U+01E9
    { 0x01EA, 25 }, // U+01EA
    { 0x01EB, 39 }, // U+01EB
    { 0x01EC, 25 }, // U+01EC
    { 0x01ED, 39 }, // U+01ED
    { 0x01EE, 123 }, // U+01EE
    { 0x01EF, 124 }, // U+01EF
    { 0x01F0, 125 }, // U+01F0
    { 0x01F1, 24 }, // U+01F1
    { 0x01F3, 40 }, // U+01F3
    { 0x01F4, 25 }, // U+01F4
    { 0x01F5, 42 }, // U+01F5
    { 0x01F7, 24 }, // U+01F7
    { 0x01F8, 24 }, // U+01F8
    { 0x01F9, 46 }, // U+01F9
    { 0x01FA, 23 }, // U+01FA
    { 0x01FB, 37 }, // U+01FB
    { 0x01FC, 66 }, // U+01FC
    { 0x01FD, 37 }, // U+01FD
    { 0x01FE, 25 }, // U+01FE
    { 0x01FF, 86 }, // U+01FF
    { 0x0200, 23 }, // U+0200
    { 0x0201, 126 }, // U+0201
    { 0x0202, 23 }, // U+0202
    { 0x0203, 37 }, // U+0203
    { 0x0204, 24 }, // U+0204
    { 0x0205, 127 }, // U+0205
    { 0x0206, 24 }, // U+0206
    { 0x0207, 39 }, // U+0207
    { 0x0208, 24 }, // U+0208
    { 0x0209, 128 }, // U+0209
    { 0x020A, 129 }, // U+020A
    { 0x020B, 130 }, // U+020B
    { 0x020C, 25 }, // U+020C
    { 0x020D, 131 }, // U+020D
    { 0x020E, 25 }, // U+020E
    { 0x020F, 39 }, // U+020F
    { 0x0210, 24 }, // U+0210
    { 0x0211, 132 }, // U+0211
    { 0x0212, 24 }, // U+0212
    { 0x0213, 46 }, // U+0213
    { 0x0214, 29 }, // U+0214
    { 0x0215, 133 }, // U+0215
    { 0x0216, 29 }, // U+0216
    { 0x0217, 50 }, // U+0217
    { 0x0218, 27 }, // U+0218
    { 0x0219, 48 }, // U+0219
    { 0x021A, 28 }, // U+021A
    { 0x021B, 113 }, // U+021B
    { 0x021C, 123 }, // U+021C
    { 0x021D, 134 }, // U+021D
    { 0x021E, 24 }, // U+021E
    { 0x021F, 38 }, // U+021F
    { 0x03BB, 135 }, // U+03BB
    { 0x0401, 136 }, // U+0401
    { 0x0402, 137 }, // U+0402
    { 0x0403, 136 }, // U+0403
    { 0x0404, 138 }, // U+0404
    { 0x0405, 139 }, // U+0405
    { 0x0406, 136 }, // U+0406
    { 0x0407, 140 }, // U+0407
    { 0x0408, 141 }, // U+0408
    { 0x0409, 142 }, // U+0409
    { 0x040A, 136 }, // U+040A
    { 0x040B, 137 }, // U+040B
    { 0x040C, 136 }, // U+040C
    { 0x040D, 136 }, // U+040D
    { 0x040E, 143 }, // U+040E
    { 0x040F, 136 }, // U+040F
    { 0x0410, 144 }, // U+0410
    { 0x0411, 136 }, // U+0411
    { 0x0412, 136 }, // U+0412
    { 0x0413, 136 }, // U+0413
    { 0x0414, 145 }, // U+0414
    { 0x0415, 136 }, // U+0415
    { 0x0416, 146 }, // U+0416
    { 0x0417, 147 }, // U+0417
    { 0x0418, 136 }, // U+0418
    { 0x0419, 136 }, // U+0419
    { 0x041A, 136 }, // U+041A
    { 0x041B, 142 }, // U+041B
    { 0x041C, 136 }, // U+041C
    { 0x041D, 136 }, // U+041D
    { 0x041E, 138 }, // U+041E
    { 0x041F, 136 }, // U+041F
    { 0x0420, 136 }, // U+0420
    { 0x0421, 138 }, // U+0421
    { 0x0422, 137 }, // U+0422
    { 0x0423, 143 }, // U+0423
    { 0x0424, 148 }, // U+0424
    { 0x0425, 149 }, // U+0425
    { 0x0426, 136 }, // U+0426
    { 0x0427, 150 }, // U+0427
    { 0x0428, 136 }, // U+0428
    { 0x0429, 136 }, // U+0429
    { 0x042A, 151 }, // U+042A
    { 0x042B, 136 }, // U+042B
    { 0x042C, 136 }, // U+042C
    { 0x042D, 152 }, // U+042D
    { 0x042E, 136 }, // U+042E
    { 0x042F, 153 }, // U+042F
    { 0x0430, 154 }, // U+0430
    { 0x0431, 155 }, // U+0431
    { 0x0432, 156 }, // U+0432
    { 0x0433, 156 }, // U+0433
    { 0x0434, 157 }, // U+0434
    { 0x0435, 158 }, // U+0435
    { 0x0436, 159 }, // U+0436
    { 0x0437, 160 }, // U+0437
    { 0x0438, 156 }, // U+0438
    { 0x0439, 161 }, // U+0439
    { 0x043A, 156 }, // U+043A
    { 0x043B, 162 }, // U+043B
    { 0x043C, 156 }, // U+043C
    { 0x043D, 156 }, // U+043D
    { 0x043E, 158 }, // U+043E
    { 0x043F, 156 }, // U+043F
    { 0x0440, 156 }, // U+0440
    { 0x0441, 158 }, // U+0441
    { 0x0442, 163 }, // U+0442
    { 0x0443, 164 }, // U+0443
    { 0x0444, 158 }, // U+0444
    { 0x0445, 165 }, // U+0445
    { 0x0446, 156 }, // U+0446
    { 0x0447, 166 }, // U+0447
    { 0x0448, 156 }, // U+0448
    { 0x0449, 156 }, // U+0449
    { 0x044A, 167 }, // U+044A
    { 0x044B, 156 }, // U+044B
    { 0x044C, 156 }, // U+044C
    { 0x044D, 168 }, // U+044D
    { 0x044E, 156 }, // U+044E
    { 0x044F, 169 }, // U+044F
    { 0x0451, 170 }, // U+0451
    { 0x0452, 171 }, // U+0452
    { 0x0453, 156 }, // U+0453
    { 0x0454, 158 }, // U+0454
    { 0x0455, 172 }, // U+0455
    { 0x0456, 173 }, // U+0456
    { 0x0457, 174 }, // U+0457
    { 0x0458, 175 }, // U+0458
    { 0x0459, 162 }, // U+0459
    { 0x045A, 156 }, // U+045A
    { 0x045B, 176 }, // U+045B
    { 0x045C, 156 }, // U+045C
    { 0x045D, 177 }, // U+045D
    { 0x045E, 178 }, // U+045E
    { 0x045F, 156 }, // U+045F
    { 0x0460, 179 }, // U+0460
    { 0x0461, 180 }, // U+0461
    { 0x0462, 181 }, // U+0462
    { 0x0463, 182 }, // U+0463
    { 0x0464, 136 }, // U+0464
    { 0x0465, 156 }, // U+0465
    { 0x0466, 183 }, // U+0466
    { 0x0467, 184 }, // U+0467
    { 0x0468, 136 }, // U+0468
    { 0x0469, 156 }, // U+0469
    { 0x046A, 185 }, // U+046A
    { 0x046B, 186 }, // U+046B
    { 0x046C, 136 }, // U+046C
    { 0x046D, 156 }, // U+046D
    { 0x046E, 187 }, // U+046E
    { 0x046F, 188 }, // U+046F
    { 0x0470, 189 }, // U+0470
    { 0x0471, 190 }, // U+0471
    { 0x0472, 138 }, // U+0472
    { 0x0473, 158 }, // U+0473
    { 0x0474, 191 }, // U+0474
    { 0x0475, 192 }, // U+0475
    { 0x0476, 191 }, // U+0476
    { 0x0477, 193 }, // U+0477
    { 0x0478, 138 }, // U+0478
    { 0x0479, 158 }, // U+0479
    { 0x047A, 138 }, // U+047A
    { 0x047B, 158 }, // U+047B
    { 0x047C, 179 }, // U+047C
    { 0x047D, 194 }, // U+047D
    { 0x047E, 179 }, // U+047E
    { 0x047F, 180 }, // U+047F
    { 0x0480, 138 }, // U+0480
    { 0x0481, 158 }, // U+0481
    { 0x048A, 136 }, // U+048A
    { 0x048B, 156 }, // U+048B
    { 0x048C, 195 }, // U+048C
    { 0x048D, 156 }, // U+048D
    { 0x048E, 136 }, // U+048E
    { 0x048F, 156 }, // U+048F
    { 0x0490, 136 }, // U+0490
    { 0x0491, 156 }, // U+0491
    { 0x0492, 136 }, // U+0492
    { 0x0493, 196 }, // U+0493
    { 0x0494, 136 }, // U+0494
    { 0x0495, 156 }, // U+0495
    { 0x0496, 146 }, // U+0496
    { 0x0497, 159 }, // U+0497
    { 0x0498, 147 }, // U+0498
    { 0x0499, 160 }, // U+0499
    { 0x049A, 136 }, // U+049A
    { 0x049B, 156 }, // U+049B
    { 0x049C, 136 }, // U+049C
    { 0x049D, 156 }, // U+049D
    { 0x049E, 197 }, // U+049E
    { 0x049F, 156 }, // U+049F
    { 0x04A0, 137 }, // U+04A0
    { 0x04A1, 198 }, // U+04A1
    { 0x04A2, 136 }, // U+04A2
    { 0x04A3, 156 }, // U+04A3
    { 0x04A4, 136 }, // U+04A4
    { 0x04A5, 156 }, // U+04A5
    { 0x04A6, 136 }, // U+04A6
    { 0x04A7, 156 }, // U+04A7
    { 0x04A8, 138 }, // U+04A8
    { 0x04A9, 158 }, // U+04A9
    { 0x04AA, 138 }, // U+04AA
    { 0x04AB, 158 }, // U+04AB
    { 0x04AC, 137 }, // U+04AC
    { 0x04AD, 163 }, // U+04AD
    { 0x04AE, 199 }, // U+04AE
    { 0x04AF, 200 }, // U+04AF
    { 0x04B0, 201 }, // U+04B0
    { 0x04B1, 202 }, // U+04B1
    { 0x04B2, 149 }, // U+04B2
    { 0x04B3, 203 }, // U+04B3
    { 0x04B4, 137 }, // U+04B4
    { 0x04B5, 163 }, // U+04B5
    { 0x04B6, 150 }, // U+04B6
    { 0x04B7, 166 }, // U+04B7
    { 0x04B8, 150 }, // U+04B8
    { 0x04B9, 166 }, // U+04B9
    { 0x04BA, 136 }, // U+04BA
    { 0x04BB, 156 }, // U+04BB
    { 0x04BC, 204 }, // U+04BC
    { 0x04BD, 205 }, // U+04BD
    { 0x04BE, 204 }, // U+04BE
    { 0x04BF, 205 }, // U+04BF
    { 0x04C0, 206 }, // U+04C0
    { 0x04C1, 146 }, // U+04C1
    { 0x04C2, 159 }, // U+04C2
    { 0x04C3, 136 }, // U+04C3
    { 0x04C4, 156 }, // U+04C4
    { 0x04C5, 142 }, // U+04C5
    { 0x04C6, 162 }, // U+04C6
    { 0x04C7, 136 }, // U+04C7
    { 0x04C8, 156 }, // U+04C8
    { 0x04C9, 136 }, // U+04C9
    { 0x04CA, 156 }, // U+04CA
    { 0x04CB, 150 }, // U+04CB
    { 0x04CC, 166 }, // U+04CC
    { 0x04CD, 136 }, // U+04CD
    { 0x04CE, 156 }, // U+04CE
    { 0x04CF, 136 }, // U+04CF
    { 0x04D0, 144 }, // U+04D0
    { 0x04D1, 207 }, // U+04D1
    { 0x04D2, 144 }, // U+04D2
    { 0x04D3, 208 }, // U+04D3
    { 0x04D4, 209 }, // U+04D4
    { 0x04D5, 154 }, // U+04D5
    { 0x04D6, 136 }, // U+04D6
    { 0x04D7, 210 }, // U+04D7
    { 0x04D8, 211 }, // U+04D8
    { 0x04D9, 212 }, // U+04D9
    { 0x04DA, 211 }, // U+04DA
    { 0x04DB, 213 }, // U+04DB
    { 0x04DC, 146 }, // U+04DC
    { 0x04DD, 159 }, // U+04DD
    { 0x04DE, 147 }, // U+04DE
    { 0x04DF, 214 }, // U+04DF
    { 0x04E0, 215 }, // U+04E0
    { 0x04E1, 216 }, // U+04E1
    { 0x04E2, 136 }, // U+04E2
    { 0x04E3, 217 }, // U+04E3
    { 0x04E4, 136 }, // U+04E4
    { 0x04E5, 156 }, // U+04E5
    { 0x04E6, 218 }, // U+04E6
    { 0x04E7, 219 }, // U+04E7
    { 0x04E8, 138 }, // U+04E8
    { 0x04E9, 158 }, // U+04E9
    { 0x04EA, 138 }, // U+04EA
    { 0x04EB, 219 }, // U+04EB
    { 0x04EC, 152 }, // U+04EC
    { 0x04ED, 220 }, // U+04ED
    { 0x04EE, 143 }, // U+04EE
    { 0x04EF, 221 }, // U+04EF
    { 0x04F0, 143 }, // U+04F0
    { 0x04F1, 222 }, // U+04F1
    { 0x04F2, 143 }, // U+04F2
    { 0x04F3, 164 }, // U+04F3
    { 0x04F4, 150 }, // U+04F4
    { 0x04F5, 223 }, // U+04F5
    { 0x04F6, 136 }, // U+04F6
    { 0x04F7, 156 }, // U+04F7
    { 0x04F8, 136 }, // U+04F8
    { 0x04F9, 156 }, // U+04F9
    { 0x04FA, 136 }, // U+04FA
    { 0x04FB, 156 }, // U+04FB
    { 0x04FC, 149 }, // U+04FC
    { 0x04FD, 165 }, // U+04FD
    { 0x04FE, 224 }, // U+04FE
    { 0x04FF, 225 }, // U+04FF
    { 0x1EA0, 23 }, // U+1EA0
    { 0x1EA1, 37 }, // U+1EA1
    { 0x1EA2, 23 }, // U+1EA2
    { 0x1EA3, 226 }, // U+1EA3
    { 0x1EA4, 23 }, // U+1EA4
    { 0x1EA5, 72 }, // U+1EA5
    { 0x1EA6, 23 }, // U+1EA6
    { 0x1EA7, 227 }, // U+1EA7
    { 0x1EA8, 23 }, // U+1EA8
    { 0x1EA9, 72 }, // U+1EA9
    { 0x1EAA, 23 }, // U+1EAA
    { 0x1EAB, 72 }, // U+1EAB
    { 0x1EAC, 23 }, // U+1EAC
    { 0x1EAD, 72 }, // U+1EAD
    { 0x1EAE, 23 }, // U+1EAE
    { 0x1EAF, 228 }, // U+1EAF
    { 0x1EB0, 23 }, // U+1EB0
    { 0x1EB1, 228 }, // U+1EB1
    { 0x1EB2, 23 }, // U+1EB2
    { 0x1EB3, 228 }, // U+1EB3
    { 0x1EB4, 23 }, // U+1EB4
    { 0x1EB5, 228 }, // U+1EB5
    { 0x1EB6, 23 }, // U+1EB6
    { 0x1EB7, 89 }, // U+1EB7
    { 0x1EB8, 24 }, // U+1EB8
    { 0x1EB9, 39 }, // U+1EB9
    { 0x1EBA, 24 }, // U+1EBA
    { 0x1EBB, 39 }, // U+1EBB
    { 0x1EBC, 24 }, // U+1EBC
    { 0x1EBD, 229 }, // U+1EBD
    { 0x1EBE, 24 }, // U+1EBE
    { 0x1EBF, 76 }, // U+1EBF
    { 0x1EC0, 24 }, // U+1EC0
    { 0x1EC1, 230 }, // U+1EC1
    { 0x1EC2, 24 }, // U+1EC2
    { 0x1EC3, 76 }, // U+1EC3
    { 0x1EC4, 24 }, // U+1EC4
    { 0x1EC5, 76 }, // U+1EC5
    { 0x1EC6, 24 }, // U+1EC6
    { 0x1EC7, 76 }, // U+1EC7
    { 0x1EC8, 24 }, // U+1EC8
    { 0x1EC9, 231 }, // U+1EC9
    { 0x1ECA, 24 }, // U+1ECA
    { 0x1ECB, 43 }, // U+1ECB
    { 0x1ECC, 25 }, // U+1ECC
    { 0x1ECD, 39 }, // U+1ECD
    { 0x1ECE, 25 }, // U+1ECE
    { 0x1ECF, 39 }, // U+1ECF
    { 0x1ED0, 25 }, // U+1ED0
    { 0x1ED1, 84 }, // U+1ED1
    { 0x1ED2, 25 }, // U+1ED2
    { 0x1ED3, 232 }, // U+1ED3
    { 0x1ED4, 25 }, // U+1ED4
    { 0x1ED5, 84 }, // U+1ED5
    { 0x1ED6, 25 }, // U+1ED6
    { 0x1ED7, 84 }, // U+1ED7
    { 0x1ED8, 25 }, // U+1ED8
    { 0x1ED9, 84 }, // U+1ED9
    { 0x1EDA, 25 }, // U+1EDA
    { 0x1EDB, 39 }, // U+1EDB
    { 0x1EDC, 25 }, // U+1EDC
    { 0x1EDD, 83 }, // U+1EDD
    { 0x1EDE, 25 }, // U+1EDE
    { 0x1EDF, 39 }, // U+1EDF
    { 0x1EE0, 25 }, // U+1EE0
    { 0x1EE1, 39 }, // U+1EE1
    { 0x1EE2, 25 }, // U+1EE2
    { 0x1EE3, 39 }, // U+1EE3
    { 0x1EE4, 29 }, // U+1EE4
    { 0x1EE5, 50 }, // U+1EE5
    { 0x1EE6, 29 }, // U+1EE6
    { 0x1EE7, 50 }, // U+1EE7
    { 0x1EE8, 29 }, // U+1EE8
    { 0x1EE9, 50 }, // U+1EE9
    { 0x1EEA, 29 }, // U+1EEA
    { 0x1EEB, 50 }, // U+1EEB
    { 0x1EEC, 29 }, // U+1EEC
    { 0x1EED, 50 }, // U+1EED
    { 0x1EEE, 29 }, // U+1EEE
    { 0x1EEF, 50 }, // U+1EEF
    { 0x1EF0, 29 }, // U+1EF0
    { 0x1EF1, 50 }, // U+1EF1
    { 0x1EF2, 33 }, // U+1EF2
    { 0x1EF3, 54 }, // U+1EF3
    { 0x1EF4, 33 }, // U+1EF4
    { 0x1EF5, 54 }, // U+1EF5
    { 0x1EF6, 33 }, // U+1EF6
    { 0x1EF7, 54 }, // U+1EF7
    { 0x1EF8, 33 }, // U+1EF8
    { 0x1EF9, 54 }, // U+1EF9
    { 0x2014, 233 }, // U+2014
    { 0x2015, 233 }, // U+2015
    { 0x2018, 234 }, // U+2018
    { 0x2019, 235 }, // U+2019
    { 0x201A, 236 }, // U+201A
    { 0x201B, 237 }, // U+201B
    { 0x201C, 234 }, // U+201C
    { 0x201D, 235 }, // U+201D
    { 0x201E, 236 }, // U+201E
    { 0x201F, 238 }, // U+201F
    { 0x2026, 7 }, // U+2026
    { 0x2039, 61 }, // U+2039
    { 0x203A, 65 }, // U+203A
    { 0x203C, 1 }, // U+203C
    { 0x203D, 239 }, // U+203D
    { 0x2219, 240 }, // U+2219
    { 0xFB00, 41 }, // U+FB00
    { 0xFB01, 241 }, // U+FB01
    { 0xFB02, 242 }, // U+FB02
    { 0xFB03, 41 }, // U+FB03
    { 0xFB04, 41 }, // U+FB04
};

static const int8_t lato_16_regularKernMatrix[] = {
       0,    0,  -10,    0,    0,  -54,  -54,  -26,    0,    0,    0,    0,  -18,    0,  -12,    0,    0,    0,    0,    0,    0,    0,  -30,    0,    0,  -38,    0,    0,    0,    0,    0,    0,    0,    0,    0,    0,   -8,    0,  -11,  -13,    0,   -8,    0,    0,    0,    0,  -13,   -5,    0,    0,    0,    0,    0,    0,    0,    0,    0,    0,    0,    0,  -13,    0,    0,    0,    0,  -46,    0,    0,    0,    0,   -8,   -8,   -8,   -8,  -11,  -11,  -11,    9,    0,   12,    7,  -12,  -11,  -11,  -11,  -11,    0,   -8,   -8,  -11,  -11,  -11,  -11,   -8,   -8,    0,    0,    0,    7,    0,    2,    4,    0,   13,    0,    0,    0,    0,  -11,    0,   -5,   -5,    0,    0,    0,   -8,   11,  -11,    0,    0,   -8,   -8,    0,    0,   13,  -13,  -11,   30,    0,    4,  -11,   10,    0,    0,    0,    0,    0,    0,    0,    0,  -38,  -30,    0,  -30,  -32,    0,    0,    0,    0,    0,    0,    0,    0,   -8,    0,    0,  -19,  -11,    0,    0,    0,  -22,    0,    0,    0,    0,    0,    0,   -6,  -11,    0,   -5,    0,    7,    0,    0,    0,    0,    0,    0,    0,    0,    0,    0,    0,    0,    0,    0,    0,    0,    0,    0,    0,    0,    0,    0,    0,    0,    0,    0,    0,    0,    0,    0,    0,    0,   -8,   -8,  -45,  -11,    0,    0,    0,    0,    0,    0,    0,    0,  -11,    0,    0,    0,    0,    0,    0,   -8,   -5,   -8,  -11,  -15,    0,  -17,    0,    0,    0,  -54,    0,    0,    0,    0,    0,    0,
       0,  -15,    0,    0,    0,    0,    0,    0,    0,    0,    0,    0,    0,    0,    0,    0,    0,    0,    0,    0,    0,    0,   12,    0,    0,    5,    0,  -26,    0,  -23,  -16,   10,  -29,    5,    0,    0,    0,    0,    0,    0,    0,    0,    0,    0,    0,    0,    0,    0,    0,    0,   -5,    0,    9,   -5,    0,    0,    0,    0,    0,    0,    0,    0,    0,    0,    0,   13,    0,    0,    0,    0,    0,    0,    0,    0,    0,    0,    0,    0,    0,    0,    0,    0,    0,    0,    0,    0,    0,    0,    0,    0,    0,    0,    0,    0,    0,    0,    0,    0,    0,    0,    0,    0,    0,    0,    0,    0,    0,    0,    0,    0,    0,    0,    0,  -23,    0,    0,    0,    0,    0,    0,   11,    0,    0,   -6,    0,    0,    0,    0,    0,    0,    0,    0,    0,   -6,    0,    0,    0,    0,    0,    0,    0,    0,    0,    0,    0,    0,    0,    0,    0,    0,    0,    0,    0,    0,    0,    0,    0,    0,    0,    0,    0,    0,    0,    0,    0,    0,    0,    0,    0,    0,    0,    0,    0,    0,    0,    0,    0,    0,    0,    0,    0,    0,    0,    0,    0,    0,    0,    0,    0,    0,    0,    0,    0,    0,    0,    0,    0,    0,    0,    0,    0,    0,    0,    0,    0,    0,    0,    0,    0,    0,    0,    0,    0,    0,    0,    0,    0,    0,    0,    0,    0,    0,    0,    0,    0,    0,    0,    0,    0,    0,    0,    0,    0,    0,  -10,    0,  -17,  -17,    0,    0,    0,    0,
       0,    0,    0,    0,    0,    0,    0,    0,   -5,    0,    0,    0,  -12,    0,  -13,    0,    0,    0,    0,    0,    0,    0,    0,    0,  -11,    0,    0,    0,    0,    3,    0,    0,    3,    0,    0,    0,  -10,    0,  -16,  -15,   -9,    0,    0,    9,    0,   -4,  -15,  -10,  -10,  -12,  -12,  -10,    0,   -5,    0,    0,    0,    0,    0,    0,    0,    0,    0,    0,    0,    0,    0,    0,    0,    0,  -10,  -10,  -10,  -10,  -16,  -16,  -16,   13,    0,    3,    7,  -13,  -16,  -16,  -16,  -16,  -12,  -10,  -10,  -16,  -16,  -16,  -16,    0,    0,    8,    0,    4,    2,    0,    6,    9,    0,    9,    0,    0,   -4,   -1,  -16,   -4,  -10,  -10,  -10,    0,    0,  -10,   16,  -16,  -12,  -13,    2,    0,    0,    6,   17,   -2,  -13,   44,    0,    0,  -16,   11,  -12,    6,    0,    0,    0,  -11,    0,    0,    0,    0,    5,    0,    0,    0,    0,  -12,    0,    0,    0,    0,    0,  -10,  -12,   -4,    0,  -16,    0,   -9,   -4,    0,  -11,   -5,    0,  -14,  -11,  -10,    0,  -16,    0,  -10,    0,    7,    9,    0,   -4,   -5,    0,    0,    0,    0,    0,    0,    0,    0,    0,    0,    0,    0,    0,    0,    0,    0,    0,   -4,    0,  -11,    4,  -11,    2,  -11,    0,    0,  -17,    0,  -10,  -10,    0,  -16,    0,  -13,  -13,   -9,    0,    5,   -4,  -11,  -16,  -10,   -5,   -5,  -14,    0,    0,  -10,   10,  -10,  -16,   -1,    0,   -2,    0,    0,    0,    0,    0,    0,    0,    0,   -9,   -9,
       0,    0,    0,    0,    0,    0,    0,    0,    0,    0,    0,    0,    0,    0,    0,    0,    0,    0,    0,    0,    0,    0,  -30,    0,    0,  -37,    0,    0,    0,    0,    0,    0,    0,    0,    0,    0,  -11,    0,  -14,  -17,    0,  -11,    0,    0,    0,    0,  -17,  -10,    0,    0,    0,    0,    0,    0,    0,    0,    0,    0,    0,    0,    0,    0,    0,    0,    0,  -46,    0,    0,    0,    0,  -11,  -11,  -11,  -11,  -14,  -14,  -14,    0,    0,    3,   10,  -15,  -14,  -14,  -14,  -14,    0,  -11,  -11,  -14,  -14,  -14,  -14,  -11,  -11,    0,    5,    0,    8,    0,    5,    3,    0,    5,    0,    0,    0,    0,  -14,    0,  -10,  -10,    0,    0,    0,  -11,    0,  -14,    0,   -8,  -11,  -11,    0,    0,    2,  -11,  -14,   17,    0,    6,  -14,    0,    0,    0,   -6,    0,    0,    0,    0,    0,  -37,  -30,    0,  -29,  -31,    0,    0,    0,    0,    0,    0,    0,    0,  -11,    0,    0,  -22,  -14,    0,   -3,    0,  -24,    0,    0,    0,    0,    0,   -4,  -11,  -14,    6,  -10,    0,   10,    0,    5,    0,    0,    0,    0,    0,    0,    0,    0,    0,    0,    0,    0,    0,    0,    0,    0,    0,    0,    0,    0,    0,    0,    0,    0,    0,    0,    0,    0,   -9,    0,  -11,  -11,  -45,  -14,    0,   -8,   -8,   -3,    0,    0,    0,    0,  -14,   -4,    0,    0,    0,    0,    0,  -11,  -11,  -11,  -14,  -14,    0,  -14,    0,    0,    0,    0,    0,    0,    0,    0,    0,    0,
       0,  -54,    0,    0,    0,    0,    0,    0,   -6,  -25,    0,    0,    0,    0,    0,    0,    0,   -7,    0,    0,    0,    0,    0,    0,  -14,    0,    0,  -38,  -12,  -40,  -29,    0,  -43,    0,    0,    0,    0,    0,    0,    0,    0,    0,    0,    0,    0,    0,    0,    0,    0,    0,  -19,  -12,    0,  -20,    0,    0,    0,    0,    0,    0,    0,    0,    0,    0,    0,    0,    0,    0,    0,    0,    0,    0,    0,    0,    0,    0,    0,    0,    0,    0,    0,    0,    0,    0,    0,    0,    0,    0,    0,    0,    0,    0,    0,    0,    0,    0,    0,    0,    0,    0,    0,    0,    0,    0,    0,    0,    0,    0,    0,    0,    0,    0,    0,  -38,    0,    0,    0,    0,    0,    0,    0,    0,    0,   -4,    0,    0,    0,    0,    0,    0,    0,    0,    0,   -4,    0,    0,  -38,  -14,    0,    0,    0,    0,  -14,    0,    0,    0,    0,  -16,    0,  -53,  -33,    0,    0,    0,    0,    0,    0,    0,    0,    0,    0,    0,  -22,  -20,    0,  -26,  -17,    0,    0,    0,    0,    0,    0,    0,    0,    0,    0,  -20,    0,    0,    0,    0,    0,    0,    0,    0,    0,    0,    0,    0,    0,    0,    0,    0,    0,    0,    0,  -22,  -42,  -20,  -38,  -20,    0,  -39,  -22,    0,    0,    0,    0,    0,   -5,    0,    0,    0,    0,   -5,    0,  -14,    0,    0,  -20,  -20,  -26,    0,    0,    0,    0,    0,    0,    0,    0,    0,    0,  -57,  -57,    0,  -57,  -61,    0,    0,    0,    0,
       0,  -54,    0,    0,    0,    0,    0,    0,   -5,  -24,    0,    0,    0,    0,    0,   -5,    0,   -7,    0,    0,    0,    0,    0,    0,  -12,    0,    0,  -38,  -11,  -39,  -29,    0,  -44,    0,    0,    0,    0,    0,    0,    0,    0,    0,    0,    0,    0,    0,    0,    0,    0,    0,  -18,  -11,    0,  -20,    0,    0,    0,    0,    0,    0,    0,    0,    0,    0,    0,    0,    0,    0,    0,    0,    0,    0,    0,    0,    0,    0,    0,    0,    0,    0,    0,    0,    0,    0,    0,    0,    0,    0,    0,    0,    0,    0,    0,    0,    0,    0,    0,    0,    0,    0,    0,    0,    0,    0,    0,    0,    0,    0,    0,    0,    0,    0,    0,  -38,    0,    0,    0,    0,    0,    0,    0,    0,    0,  -14,    0,    0,    0,    0,    0,    0,    0,    0,    0,  -14,    0,    0,  -38,  -12,    0,    0,    0,    0,  -16,    0,    0,    0,    0,  -15,    0,  -55,  -33,    0,    0,    0,    0,    0,    0,    0,    0,    0,    0,    0,  -22,  -20,    0,  -26,  -17,    0,    0,    0,    0,    0,    0,    0,    0,    0,    0,  -20,    0,    0,    0,    0,    0,    0,    0,    0,    0,    0,    0,    0,    0,    0,    0,    0,    0,    0,    0,  -22,  -43,  -19,  -39,  -19,    0,  -38,  -22,    0,    0,    0,    0,    0,   -4,    0,    0,    0,    0,  -15,    0,  -12,    0,    0,  -20,  -20,  -26,    0,    0,    0,    0,    0,    0,    0,    0,    0,    0,  -57,  -57,    0,  -57,  -63,    0,    0,    0,    0,
       0,    0,    0,    0,    0,    0,    0, -119,    0,    0,    0,    0,  -21,    0,  -21,    0,    0,    0,    0,    0,    0,    0,  -30,    0,   -5,  -30,    0,    0,    0,    2,    0,    0,    2,    0,    0,    0,  -21,    0,  -24,  -25,   -5,  -22,    0,    0,    0,  -15,  -25,  -20,   -6,  -14,    0,    0,   -5,    0,   -8,    0,    0,    0,    0,    0,    0,    0,    0,    0,    0,  -40,    0,    0,    0,    0,  -21,  -21,  -21,  -21,  -24,  -24,  -24,   13,    0,    0,    3,  -18,  -24,  -24,  -24,  -24,  -14,  -21,  -21,  -24,  -24,  -24,  -24,  -22,  -22,    0,    0,    0,    0,    0,    2,    7,    0,    0,    0,    0,  -15,   -5,  -24,  -12,  -20,  -20,   -6,    0,   -8,  -21,   14,  -24,  -14,  -19,  -22,  -22,    0,    0,   15,   -7,  -16,   49,    0,    0,  -18,    9,  -11,    0,    0,    0,    0,   -5,    0,    0,  -30,  -26,    3,  -30,  -27,    0,    0,   -5,    0,    0,    0,    0,   -7,  -21,  -11,  -15,  -37,  -24,  -11,  -16,  -15,  -39,   -5,    0,   -5,   -6,   -5,  -16,  -25,  -24,    0,  -20,    0,    3,    0,    0,  -15,    0,    0,    0,    0,    0,    0,    0,    0,    0,    0,    0,    0,    0,    0,    0,    0,    0,    0,  -15,    0,   -5,    3,   -5,    1,   -5,   -5,    0,  -17,    0,  -21,  -21,  -39,  -24,    0,  -19,  -19,  -16,    0,   -6,  -15,   -5,  -24,  -16,    0,    0,   -6,    0,   -5,  -21,    9,  -21,  -24,   -1,    0,   -2,    0,    0,    0,    0,    0,    0,    0,    0,   -5,   -5,
       0,    0,    0,   -5,    0,   -6,   -5,   -6,    0,    0,    0,    0,    0,    0,    0,   -4,    0,    0,    0,    0,    0,    0,    0,    0,    0,    0,    0,    0,    0,    0,    0,    0,    0,    0,    0,  -13,    0,    0,    0,    0,    0,    0,    0,    0,    0,    0,    0,    0,    0,    0,    0,    0,    0,    0,    0,    0,  -10,    0,    0,    0,    0,    0,    0,    0,    0,    0,    0,    0,    0,    0,    0,    0,    0,    0,    0,    0,    0,    0,    0,    0,    0,    0,    0,    0,    0,    0,    0,    0,    0,    0,    0,    0,    0,    0,    0,    0,    0,    0,    0,    0,    0,    0,    0,    0,    0,    0,    0,    0,    0,    0,    0,    0,    0,    0,    0,    0,    0,    0,    0,    0,    0,    0,    0,    0,    0,    0,    0,    0,    0,    0,    0,    0,    0,    0,    0,    0,    0,    0,    0,    0,    0,    0,    0,    0,    0,    0,    0,    0,    0,    0,    0,    0,    0,    0,    0,    0,    0,    0,    0,    0,    0,    0,    0,    0,    0,    0,    0,    0,    0,    0,    0,    0,    0,    0,    0,    0,    0,    0,    0,    0,    0,    0,    0,    0,    0,    0,    0,    0,    0,    0,    0,    0,    0,    0,    0,    0,    0,    0,    0,    0,    0,    0,    0,    0,    0,    0,    0,    0,    0,    0,    0,    0,    0,    0,    0,    0,    0,    0,    0,    0,    0,    0,    0,    0,    0,    0,    0,    0,    0,    0,    0,    0,    0,    0,    0,    0,    0,    0,    0,    0,    0,    0,
       0,    0,    0,    0,    0,    0,    0,    0,    0,    0,    0,    0,   -5,    0,    0,    0,    0,    0,    0,    0,    0,    0,    0,    0,    0,    0,    0,    0,    0,    0,    0,    0,    0,    0,    0,    0,    0,    0,    0,    0,    0,    0,    0,    0,    0,    0,    0,    0,    0,    0,    0,    0,    0,    0,    0,    0,    0,    0,    0,    0,    0,    0,    0,    0,    0,    0,    0,    0,    0,    0,    0,    0,    0,    0,    0,    0,    0,    0,    0,    0,    0,    0,    0,    0,    0,    0,    0,    0,    0,    0,    0,    0,    0,    0,    0,    0,    0,    0,    0,    0,    0,    0,    0,    0,    0,    0,    0,    0,    0,    0,    0,    0,    0,    0,    0,    0,    0,    0,    0,    0,    0,    0,    0,    0,    0,    0,    0,    0,    0,    0,    0,    0,    0,    0,    0,    0,    0,    0,    0,    0,    0,    0,    0,    0,    0,    0,    0,    0,    0,    0,    0,    0,    0,    0,    0,    0,    0,    0,    0,    0,    0,    0,    0,    0,    0,    0,    0,    0,    0,    0,    0,    0,    0,    0,    0,    0,    0,    0,    0,    0,    0,    0,    0,    0,    0,    0,    0,    0,    0,    0,    0,    0,    0,    0,    0,    0,    0,    0,    0,    0,    0,    0,    0,    0,    0,    0,    0,    0,    0,    0,    0,    0,    0,    0,    0,    0,    0,    0,    0,    0,    0,    0,    0,    0,    0,    0,    0,    0,    0,    0,    0,    0,    0,    0,    0,    0,    0,    0,    0,    0,    0,    0,
       0,    0,    0,    0,    0,    0,    0,    0,    0,    0,    0,    0,    0,    0,    0,    0,    0,    0,    0,    0,    0,    0,    0,    0,    0,    0,    0,    0,    0,    0,    0,    0,    0,    0,    0,   -6,    0,    0,    0,    0,    0,    0,    0,    0,    0,    0,    0,    0,    0,    0,    0,    0,    0,    0,    0,    0,   -5,    0,    0,    0,    0,    0,    0,    0,    0,    0,    0,    0,    0,    0,    0,    0,    0,    0,    0,    0,    0,    0,    0,    0,    0,    0,    0,    0,    0,    0,    0,    0,    0,    0,    0,    0,    0,    0,    0,    0,    0,    0,    0,    0,    0,    0,    0,    0,    0,    0,    0,    0,    0,    0,    0,    0,    0,    0,    0,    0,    0,    0,    0,    0,    0,    0,    0,    0,    0,    0,    0,    0,    0,    0,    0,    0,    0,    0,    0,    0,    0,    0,    0,    0,    0,    0,    0,    0,    0,    0,    0,    0,    0,    0,    0,    0,    0,    0,    0,    0,    0,    0,    0,    0,    0,    0,    0,    0,    0,    0,    0,    0,    0,    0,    0,    0,    0,    0,    0,    0,    0,    0,    0,    0,    0,    0,    0,    0,    0,    0,    0,    0,    0,    0,    0,    0,    0,    0,    0,    0,    0,    0,    0,    0,    0,    0,    0,    0,    0,    0,    0,    0,    0,    0,    0,    0,    0,    0,    0,    0,    0,    0,    0,    0,    0,    0,    0,    0,    0,    0,    0,    0,    0,    0,    0,    0,    0,    0,    0,    0,    0,    0,    0,    0,    0,    0,
       0,   -6,    0,   -5,    0,    0,    0,    0,    0,   -5,   -5,    0,    0,    0,    0,   -6,    0,   -4,    0,    0,    0,    0,    0,    0,    0,    0,    0,    0,    0,    0,    0,    0,    0,    0,   -6,   -6,    0,    0,    0,    0,    0,    0,    0,    0,    0,    0,    0,    0,    0,    0,    0,    0,    0,    0,    0,    0,   -4,    0,    0,    0,    0,    0,   -6,    0,    0,    0,    0,    0,    0,    0,    0,    0,    0,    0,    0,    0,    0,    0,    0,    0,    0,    0,    0,    0,    0,    0,    0,    0,    0,    0,    0,    0,    0,    0,    0,    0,    0,    0,    0,    0,    0,    0,    0,    0,    0,    0,    0,    0,    0,    0,    0,    0,    0,    0,    0,    0,    0,    0,    0,    0,    0,    0,    0,    0,    0,    0,    0,    0,    0,    0,    0,    0,    0,    0,    0,    0,    0,    0,    0,    0,    0,    0,    0,    0,    0,    0,    0,    0,    0,    0,    0,    0,    0,    0,    0,    0,    0,    0,    0,    0,    0,    0,    0,    0,    0,    0,    0,    0,    0,    0,    0,    0,    0,    0,    0,    0,    0,    0,    0,    0,    0,    0,    0,    0,    0,    0,    0,    0,    0,    0,    0,    0,    0,    0,    0,    0,    0,    0,    0,    0,    0,    0,    0,    0,    0,    0,    0,    0,    0,    0,    0,    0,    0,    0,    0,    0,    0,    0,    0,    0,    0,    0,    0,    0,    0,    0,    0,    0,    0,    0,    0,    0,    0,    0,    0,    0,    0,    0,    0,    0,    0,    0,
       0,    0,    0,    0,    0,    0,    0,    0,    0,   -4,    0,    0,    0,    0,    0,    0,    0,    0,    0,    0,    0,    0,    0,    0,    0,    0,    0,    0,    0,    0,    0,    0,    0,    0,    0,    0,    0,    0,    0,    0,    0,    0,    0,    0,    0,    0,    0,    0,    0,    0,    0,    0,    0,    0,    0,    0,    0,    0,    0,    0,    0,    0,    0,    0,    0,    0,    0,    0,    0,    0,    0,    0,    0,    0,    0,    0,    0,    0,    0,    0,    0,    0,    0,    0,    0,    0,    0,    0,    0,    0,    0,    0,    0,    0,    0,    0,    0,    0,    0,    0,    0,    0,    0,    0,    0,    0,    0,    0,    0,    0,    0,    0,    0,    0,    0,    0,    0,    0,    0,    0,    0,    0,    0,    0,    0,    0,    0,    0,    0,    0,    0,    0,    0,    0,    0,    0,    0,    0,    0,    0,    0,    0,    0,    0,    0,    0,    0,    0,    0,    0,    0,    0,    0,    0,    0,    0,    0,    0,    0,    0,    0,    0,    0,    0,    0,    0,    0,    0,    0,    0,    0,    0,    0,    0,    0,    0,    0,    0,    0,    0,    0,    0,    0,    0,    0,    0,    0,    0,    0,    0,    0,    0,    0,    0,    0,    0,    0,    0,    0,    0,    0,    0,    0,    0,    0,    0,    0,    0,    0,    0,    0,    0,    0,    0,    0,    0,    0,    0,    0,    0,    0,    0,    0,    0,    0,    0,    0,    0,    0,    0,    0,    0,    0,    0,    0,    0,    0,    0,    0,    0,    0,    0,
       0,   -6,    0,    0,    0,    0,    0,    0,    0,  -15,    0,    0,    0,    0,    0,   -6,    0,    0,    0,    0,    0,    0,    0,    0,    0,    0,    0,    0,    0,    0,    0,    0,    0,    0,   -5,   -5,    0,    0,    0,    0,    0,    0,    0,    0,    0,    0,    0,    0,    0,    0,    0,    0,    0,    0,    0,    0,   -4,    0,    0,    0,    0,    0,   -6,    0,    0,    0,    0,    0,    0,    0,    0,    0,    0,    0,    0,    0,    0,    0,    0,    0,    0,    0,    0,    0,    0,    0,    0,    0,    0,    0,    0,    0,    0,    0,    0,    0,    0,    0,    0,    0,    0,    0,    0,    0,    0,    0,    0,    0,    0,    0,    0,    0,    0,    0,    0,    0,    0,    0,    0,    0,    0,    0,    0,    0,    0,    0,    0,    0,    0,    0,    0,    0,    0,    0,    0,    0,    0,    0,    0,    0,    0,    0,    0,    0,    0,    0,    0,    0,    0,    0,    0,    0,    0,    0,    0,    0,    0,    0,    0,    0,    0,    0,    0,    0,    0,    0,    0,    0,    0,    0,    0,    0,    0,    0,    0,    0,    0,    0,    0,    0,    0,    0,    0,    0,    0,    0,    0,    0,    0,    0,    0,    0,    0,    0,    0,    0,    0,    0,    0,    0,    0,    0,    0,    0,    0,    0,    0,    0,    0,    0,    0,    0,    0,    0,    0,    0,    0,    0,    0,    0,    0,    0,    0,    0,    0,    0,    0,    0,    0,    0,    0,    0,    0,    0,    0,    0,    0,    0,    0,    0,    0,    0,
       0,    0,    0,    0,    0,  -40,  -39,  -35,    0,    0,    0,    0,  -22,    0,  -21,    0,    0,    0,    0,    0,    0,    0,    0,    0,    0,    0,    0,    0,    0,    0,    0,    0,    0,    0,    0,    0,    0,    0,    0,    0,    0,    0,    0,    0,    0,    0,    0,    0,    0,    0,    0,    0,    0,    0,    0,    0,    0,    0,    0,    0,    0,  -16,    0,    0,    0,    0,    0,    0,    0,    0,    0,    0,    0,    0,    0,    0,    0,    0,    0,    0,    0,    0,    0,    0,    0,    0,    0,    0,    0,    0,    0,    0,    0,    0,    0,    0,    0,    0,    0,    0,    0,    0,    0,    0,    0,    0,    0,    0,    0,    0,    0,    0,    0,    0,    0,    0,    0,    0,    0,    0,    0,    0,    0,    0,    0,    0,    0,    0,    0,    0,    0,    0,    0,    0,    0,    0,    0,    0,    0,    0,    0,    0,    0,    0,    0,    0,    0,    0,    0,    0,    0,    0,    0,    0,    0,    0,    0,    0,    0,    0,    0,    0,    0,    0,    0,    0,    0,    0,    0,    0,    0,    0,    0,    0,    0,    0,    0,    0,    0,    0,    0,    0,    0,    0,    0,    0,    0,    0,    0,    0,    0,    0,    0,    0,    0,    0,    0,    0,    0,    0,    0,    0,    0,    0,    0,    0,    0,    0,    0,    0,    0,    0,    0,    0,    0,    0,    0,    0,    0,    0,    0,    0,    0,    0,    0,    0,    0,    0,    0,    0,    0,    0,  -16,    0,    0,    0,    0,    0,    0,  -15,    0,    0,
       0,    0,    0,    0,    0,  -32,  -31,  -23,    0,    0,    0,    0,   -4,    0,   -4,    0,    0,    0,    0,    0,    0,    0,    0,    0,    0,    0,    0,    0,    0,    0,    0,    0,    0,    0,    0,  -11,    0,    0,    0,    0,    0,    0,    0,    0,    0,    0,    0,    0,    0,    0,    0,    0,    0,    0,    0,    0,   -6,    0,    0,    0,    0,    0,    0,    0,    0,    0,    0,    0,    0,    0,    0,    0,    0,    0,    0,    0,    0,    0,    0,    0,    0,    0,    0,    0,    0,    0,    0,    0,    0,    0,    0,    0,    0,    0,    0,    0,    0,    0,    0,    0,    0,    0,    0,    0,    0,    0,    0,    0,    0,    0,    0,    0,    0,    0,    0,    0,    0,    0,    0,    0,    0,    0,    0,    0,    0,    0,    0,    0,    0,    0,    0,    0,    0,    0,    0,    0,    0,    0,    0,    0,    0,    0,    0,    0,    0,    0,    0,    0,    0,    0,    0,    0,    0,    0,    0,    0,    0,    0,    0,    0,    0,    0,    0,    0,    0,    0,    0,    0,    0,    0,    0,    0,    0,    0,    0,    0,    0,    0,    0,    0,    0,    0,    0,    0,    0,    0,    0,    0,    0,    0,    0,    0,    0,    0,    0,    0,    0,    0,    0,    0,    0,    0,    0,    0,    0,    0,    0,    0,    0,    0,    0,    0,    0,    0,    0,    0,    0,    0,    0,    0,    0,    0,    0,    0,    0,    0,    0,    0,    0,    0,    0,    0,    0,    0,    0,    0,    0,    0,    0,    0,    0,    0,
       0,    0,    0,    0,    0,    0,    0,    0,    0,    0,    0,    0,    0,    0,    0,    0,    0,    0,    0,    0,    0,    0,    0,    0,    0,    0,    0,  -28,    0,   -8,   -5,    0,  -20,    0,    0,    0,    0,    0,    0,    0,    0,    0,    0,    0,    0,    0,    0,    0,    0,    0,    0,    0,    0,    0,    0,    0,    0,    0,    0,    0,    0,    0,    0,    0,    0,    0,    0,    0,    0,    0,    0,    0,    0,    0,    0,    0,    0,    0,    0,    0,    0,    0,    0,    0,    0,    0,    0,    0,    0,    0,    0,    0,    0,    0,    0,    0,    0,    0,    0,    0,    0,    0,    0,    0,    0,    0,    0,    0,    0,    0,    0,    0,    0,  -19,    0,    0,    0,    0,    0,    0,    0,    0,    0,    0,    0,    0,    0,    0,    0,    0,    0,    0,    0,    0,    0,    0,  -28,    0,    0,    0,    0,    0,   -7,    0,    0,    0,    0,    0,    0,    0,  -23,    0,    0,    0,    0,    0,    0,    0,    0,    0,    0,    0,    0,    0,    0,    0,    0,    0,    0,    0,    0,    0,    0,    0,    0,    0,    0,    0,    0,    0,    0,    0,    0,    0,    0,    0,    0,    0,    0,    0,    0,    0,    0,    0,    0,    0,    0,    0,  -20,    0,  -20,    0,    0,    0,    0,    0,    0,    0,    0,    0,    0,    0,    0,    0,    0,    0,    0,    0,    0,    0,    0,    0,    0,    0,    0,    0,    0,    0,    0,    0,    0,    0,    0,    0,    0,    0,    0,    0,    0,    0,    0,    0,
       0,    0,    0,    0,    0,    0,    0,    0,    0,    0,    0,    0,    0,    0,    0,    0,    0,    0,    0,    0,    0,    0,    0,    0,    0,    0,    0,  -28,    0,   -8,   -5,    0,  -20,    0,    0,    0,    0,    0,    0,    0,    0,    0,    0,    0,    0,    0,    0,    0,    0,    0,    0,    0,    0,    0,    0,    0,    0,    0,    0,    0,    0,    0,    0,    0,    0,    0,    0,    0,    0,    0,    0,    0,    0,    0,    0,    0,    0,    0,    0,    0,    0,    0,    0,    0,    0,    0,    0,    0,    0,    0,    0,    0,    0,    0,    0,    0,    0,    0,    0,    0,    0,    0,    0,    0,    0,    0,    0,    0,    0,    0,    0,    0,    0,  -19,    0,    0,    0,    0,    0,    0,    0,    0,    0,    0,    0,    0,    0,    0,    0,    0,    0,    0,    0,    0,    0,    0,  -28,    0,    0,    0,    0,    0,   -7,    0,    0,    0,    0,    0,    0,    0,  -23,    0,    0,    0,    0,    0,    0,    0,    0,    0,    0,    0,    0,    0,    0,    0,    0,    0,    0,    0,    0,    0,    0,    0,    0,    0,    0,    0,    0,    0,    0,    0,    0,    0,    0,    0,    0,    0,    0,    0,    0,    0,    0,    0,    0,    0,    0,    0,  -19,    0,  -19,    0,    0,    0,    0,    0,    0,    0,    0,    0,    0,    0,    0,    0,    0,    0,    0,    0,    0,    0,    0,    0,    0,    0,    0,    0,    0,    0,    0,    0,    0,    0,    0,    0,    0,    0,    0,    0,    0,    0,    0,    0,
       0,    0,    0,    0,    0,    0,    0,    0,    0,    0,    0,    0,    0,    0,    0,    0,    0,    0,    0,    0,    0,    0,    0,    0,    0,    0,    0,  -17,    0,   -5,    0,    0,  -18,    0,    0,    0,    0,    0,    0,    0,    0,    0,    0,    0,    0,    0,    0,    0,    0,    0,    0,    0,    0,    0,    0,    0,    0,    0,    0,    0,    0,    0,    0,    0,    0,    0,    0,    0,    0,    0,    0,    0,    0,    0,    0,    0,    0,    0,    0,    0,    0,    0,    0,    0,    0,    0,    0,    0,    0,    0,    0,    0,    0,    0,    0,    0,    0,    0,    0,    0,    0,    0,    0,    0,    0,    0,    0,    0,    0,    0,    0,    0,    0,  -17,    0,    0,    0,    0,    0,    0,    0,    0,    0,    0,    0,    0,    0,    0,    0,    0,    0,    0,    0,    0,    0,    0,    0,    0,    0,    0,    0,    0,    0,    0,    0,    0,    0,    0,    0,    0,    0,    0,    0,    0,    0,    0,    0,    0,    0,    0,    0,    0,    0,    0,    0,    0,    0,    0,    0,    0,    0,    0,    0,    0,    0,    0,    0,    0,    0,    0,    0,    0,    0,    0,    0,    0,    0,    0,    0,    0,    0,    0,    0,    0,    0,    0,    0,    0,    0,    0,    0,    0,    0,    0,    0,    0,    0,    0,    0,    0,    0,    0,    0,    0,    0,    0,    0,    0,    0,    0,    0,    0,    0,    0,    0,    0,    0,    0,    0,    0,    0,    0,    0,    0,    0,    0,    0,    0,    0,    0,    0,    0,
       0,  -30,    0,    0,  -30,    0,    0,    0,    0,    0,    0,    0,    0,    0,    0,    0,    0,    0,    0,    0,    0,    0,    0,    0,  -10,    0,    0,  -38,   -9,  -29,  -23,    0,  -37,    0,  -30,  -10,    0,   -1,   -7,   -6,  -12,    0,   -1,   -1,   -1,   -1,   -6,    0,  -16,   -7,  -21,  -16,    0,  -23,    0,    0,   -5,  -18,   -5,  -26,    0,    0,    0,  -29,    0,    0,    0,    0,    0,   -1,    0,    0,    0,    0,   -7,   -7,   -7,   -1,   -1,   -1,   -1,   -6,   -7,   -7,   -7,   -7,   -7,    0,    0,   -7,   -7,   -7,   -7,    0,    0,   -1,   -1,    0,   -1,    0,   -1,   -1,   -1,   -1,   -2,   -1,   -1,   -1,   -7,   -1,    0,    0,  -16,  -72,    0,    0,   -1,   -7,   -7,   -5,   10,    0,   -2,  -24,   -1,    0,   -7,   -1,    0,   -1,   -7,   -1,   -7,  -24,    0,    0,    0,    0,    0,    0,    0,    0,    0,    0,    0,    0,    0,    0,    0,    0,    0,    0,    0,    0,    0,    0,    0,    0,    0,    0,    0,    0,    0,    0,    0,    0,    0,    0,    0,    0,    0,    0,    0,    0,    0,    0,    0,    0,    0,    0,    0,    0,    0,    0,    0,    0,    0,    0,    0,    0,    0,    0,    0,    0,    0,    0,    0,    0,    0,    0,    0,    0,    0,    0,    0,    0,    0,    0,    0,    0,    0,    0,    0,    0,    0,    0,    0,    0,    0,    0,    0,    0,    0,    0,    0,    0,    0,    0,   -7,   -7,   -1,   -7,    0,  -31,  -30,    0,  -35,  -35,  -10,    0,  -12,  -12,
       0,    0,    0,    0,    0,    0,    0,    0,    0,    0,    0,    0,    0,    0,    0,    0,    0,    0,    0,    0,    0,    0,   -5,    0,    0,   -4,    0,   -8,    0,   -7,   -3,   -6,  -12,    0,    0,   -6,   -4,   -5,   -4,   -4,   -8,  -10,   -6,   -6,   -5,   -6,   -4,  -11,   -8,   -6,   -6,   -3,  -10,   -7,   -9,    0,   -5,    0,    0,    0,    0,    0,    0,    0,    0,  -10,    0,    0,    0,   -5,   -4,   -4,   -4,   -4,   -4,   -4,   -4,   -6,   -6,   -5,   -6,   -4,   -4,   -4,   -4,   -4,   -6,   -4,   -4,   -4,   -4,   -4,   -4,  -10,  -10,   -5,   -5,    0,   -6,    0,   -6,   -6,   -6,   -4,   -2,   -5,   -6,   -6,   -4,   -6,  -11,  -11,   -8,  -14,   -9,   -4,   -6,   -4,   -6,   -4,  -10,  -10,    0,   -6,   -6,   -4,   -4,   -6,    0,   -6,   -4,   -6,   -6,   -6,    0,    0,    0,    0,    0,    0,    0,    0,    0,    0,    0,    0,    0,    0,    0,    0,    0,    0,    0,    0,    0,    0,    0,    0,    0,    0,    0,    0,    0,    0,    0,    0,    0,    0,    0,    0,    0,    0,    0,    0,    0,    0,    0,    0,    0,    0,    0,    0,    0,    0,    0,    0,    0,    0,    0,    0,    0,    0,    0,    0,    0,    0,    0,    0,    0,    0,    0,    0,    0,    0,    0,    0,    0,    0,    0,    0,    0,    0,    0,    0,    0,    0,    0,    0,    0,    0,    0,    0,    0,    0,    0,   -4,   -4,   -4,   -4,   -4,   -6,   -4,    0,    0,    0,    0,    0,    0,    0,    0,   -8,   -8,
       0,    0,    0,    0,    2,    0,    0,    0,    0,    0,    0,    0,    0,    0,    0,    0,    0,    0,    0,    0,    0,    0,    0,    0,   -7,    0,    0,    0,    0,    0,    0,    0,    0,    0,    0,    0,    0,    0,   -5,   -4,   -7,   -6,    0,    0,    0,   -2,   -4,    0,   -8,   -4,   -9,   -6,    0,   -9,    0,    0,    0,    0,    0,    0,    0,    0,    0,    0,    0,   -3,    0,    0,    0,    0,    0,    0,    0,    0,   -5,   -5,   -5,    0,    0,    6,   11,   -5,   -5,   -5,   -5,   -5,   -4,    0,    0,   -5,   -5,   -5,   -5,   -6,   -6,    0,    6,    0,   10,    0,    6,    3,   -2,    7,    0,    0,   -2,   -2,   -5,   -2,    0,    0,   -8,    0,    0,    0,    0,   -5,   -4,    0,   -6,   -6,    0,   -8,    0,    0,   -5,    0,    0,    0,   -5,   -2,   -4,   -8,    0,    0,    0,    0,    0,    0,    0,    0,    0,    0,    0,    0,    0,    0,    0,    0,    0,    0,    0,    0,    0,    0,    0,    0,    0,    0,    0,    0,    0,    0,    0,    0,    0,    0,    0,    0,    0,    0,    0,    0,    0,    0,    0,    0,    0,    0,    0,    0,    0,    0,    0,    0,    0,    0,    0,    0,    0,    0,    0,    0,    0,    0,    0,    0,    0,    0,    0,    0,    0,    0,    0,    0,    0,    0,    0,    0,    0,    0,    0,    0,    0,    0,    0,    0,    0,    0,    0,    0,    0,    0,    0,    0,    0,    0,   -5,   -5,    0,   -5,    0,    0,    0,    0,    0,    0,    0,    0,   -7,   -7,
       0,    0,    0,  -11,    0,  -14,  -12,   -6,    0,    0,    0,    0,    0,    0,    0,    0,    0,    0,    0,    0,    0,    0,  -10,    0,    0,  -19,    0,  -18,    0,  -11,   -6,  -15,  -21,   -9,    0,  -14,   -7,   -5,   -4,   -4,   -2,   -6,   -5,   -5,   -5,   -6,   -4,   -5,   -1,   -4,   -1,    0,   -9,   -2,   -6,    0,  -11,    0,    0,    0,    0,    0,    0,    0,    0,  -18,    0,    0,   -3,   -5,   -7,   -7,   -7,   -7,   -4,   -4,   -4,   -5,   -5,   -5,   -5,   -5,   -4,   -4,   -4,   -4,   -4,   -7,   -7,   -4,   -4,   -4,   -4,   -6,   -6,   -5,   -5,    0,   -5,    0,   -5,   -5,   -5,   -5,   -5,   -5,   -6,   -6,   -4,   -6,   -5,   -5,   -1,  -27,   -6,   -7,   -5,   -4,   -4,   -2,   -6,   -6,   -9,    0,   -5,   -7,   -4,   -5,    0,   -5,   -4,   -6,   -4,    0,    0,    0,    0,    0,    0,    0,    0,    0,    0,    0,    0,    0,    0,    0,    0,    0,    0,    0,    0,    0,    0,    0,    0,    0,    0,    0,    0,    0,    0,    0,    0,    0,    0,    0,    0,    0,    0,    0,    0,    0,    0,    0,    0,    0,    0,    0,    0,    0,    0,    0,    0,    0,    0,    0,    0,    0,    0,    0,    0,    0,    0,    0,    0,    0,    0,    0,    0,    0,    0,    0,    0,    0,    0,    0,    0,    0,    0,    0,    0,    0,    0,    0,    0,    0,    0,    0,    0,    0,    0,    0,    0,   -7,   -7,   -7,   -4,   -4,   -5,   -4,    0,    0,    0,  -11,    0,    0,    0,    0,   -2,   -2,
       0,    0,    0,    0,    0,    0,    0,    0,    0,    0,    0,    0,    0,    0,    0,    0,    0,    0,    0,    0,    0,    0,    0,    0,   -8,    0,    0,    0,    0,    0,    0,    0,    0,    0,    0,    0,   -3,   -2,  -13,  -11,  -11,   -8,   -1,   -1,   -2,   -7,  -11,   -4,  -12,  -11,  -12,   -9,    0,  -12,    0,    0,    0,    0,    0,    0,   -5,    0,    0,    0,    0,    0,    0,    0,    0,   -9,   -3,   -3,   -3,   -3,  -13,  -13,  -13,    4,   -4,    6,    3,  -13,  -13,  -13,  -13,  -13,  -11,   -3,   -3,  -13,  -13,  -13,  -13,   -8,   -8,   -2,   -2,    0,    3,    0,   -1,    0,   -9,    7,    0,   -2,   -7,   -7,  -13,   -7,   -4,   -4,  -12,    0,    0,   -3,    7,  -13,  -11,   -9,   -8,   -8,    0,  -11,   -1,   -3,  -13,   -1,    0,   -1,  -13,   -7,  -11,  -11,    0,    0,    0,    0,    0,    0,    0,    0,    0,    0,    0,    0,    0,    0,    0,    0,    0,    0,    0,    0,    0,    0,    0,    0,    0,    0,    0,    0,    0,    0,    0,    0,    0,    0,    0,    0,    0,    0,    0,    0,    0,    0,    0,    0,    0,    0,    0,    0,    0,    0,    0,    0,    0,    0,    0,    0,    0,    0,    0,    0,    0,    0,    0,    0,    0,    0,    0,    0,    0,    0,    0,    0,    0,    0,    0,    0,    0,    0,    0,    0,    0,    0,    0,    0,    0,    0,    0,    0,    0,    0,    0,   -3,    0,   -3,  -13,  -23,   -1,  -13,    0,    0,    0,    0,    0,    0,    0,    0,  -11,  -11,
       0,    0,    0,    0,    0,  -48,  -51,  -24,    0,    0,    0,    0,    0,    0,    0,    0,    0,    0,   -4,   -4,    0,    0,  -31,    0,   -3,  -50,   -9,    0,    0,    0,    0,    0,    0,    0,    0,    0,  -38,   -5,  -23,  -24,  -12,  -26,   -1,   -1,   -5,  -23,  -24,  -24,  -12,  -20,   -9,   -7,  -15,   -8,  -21,    0,    0,  -12,    0,    0,  -12,   -8,    0,    0,  -11,  -45,    0,    0,    0,  -20,  -38,  -38,  -38,  -38,  -23,  -23,  -23,    7,  -11,    8,    5,  -28,  -23,  -23,  -23,  -23,  -20,  -38,  -38,  -23,  -23,  -23,  -23,  -26,  -26,   -5,   -6,    0,    5,    0,    0,    3,  -23,    9,    0,   -5,  -23,  -23,  -23,  -44,  -24,  -24,  -12,    0,  -21,  -38,   10,  -23,  -20,  -30,  -26,  -26,    0,   -9,   -1,  -38,  -23,   -1,    0,   -1,  -23,  -23,  -20,   -9,    0,    0,    0,    0,    0,    0,    0,    0,    0,    0,    0,    0,    0,    0,    0,    0,    0,    0,    0,    0,    0,    0,    0,    0,    0,    0,    0,    0,    0,    0,    0,    0,    0,    0,    0,    0,    0,    0,    0,    0,    0,    0,    0,    0,    0,    0,    0,    0,    0,    0,    0,    0,    0,    0,    0,    0,    0,    0,    0,    0,    0,    0,    0,    0,    0,    0,    0,    0,    0,    0,    0,    0,    0,    0,    0,    0,    0,    0,    0,    0,    0,    0,    0,    0,    0,    0,    0,    0,    0,    0,    0,  -38,  -49,  -38,  -23,  -33,   -1,  -35,   -8,    0,    0,  -48,    0,    0,    0,    0,  -12,  -12,
       0,    0,    0,    0,    0,    0,    0,    0,    0,    0,    0,    0,    0,    0,    0,    0,    0,    0,    0,    0,    0,    0,   -3,    0,    0,    0,    0,   -2,    0,   -7,   -2,    0,   -9,    0,    0,   -5,   -2,   -2,   -3,   -3,   -9,   -6,   -2,   -2,   -2,   -4,   -3,   -3,   -9,   -5,   -9,   -6,   -5,  -10,   -5,    0,    0,    0,    0,    0,    0,    0,    0,    0,    0,   -4,    0,    0,    0,   -2,   -2,   -2,   -2,   -2,   -3,   -3,   -3,   -2,   -2,   -2,   -1,   -3,   -3,   -3,   -3,   -3,   -5,   -2,   -2,   -3,   -3,   -3,   -3,   -6,   -6,   -2,   -2,    0,   -2,    0,   -2,   -2,   -2,   -2,    0,   -2,   -4,   -4,   -3,   -4,   -3,   -3,   -9,   -2,   -5,   -2,   -2,   -3,   -5,   -3,   -6,   -6,    0,   -6,   -2,   -2,   -3,   -2,    0,   -2,   -3,   -4,   -5,   -6,    0,    0,    0,    0,    0,    0,    0,    0,    0,    0,    0,    0,    0,    0,    0,    0,    0,    0,    0,    0,    0,    0,    0,    0,    0,    0,    0,    0,    0,    0,    0,    0,    0,    0,    0,    0,    0,    0,    0,    0,    0,    0,    0,    0,    0,    0,    0,    0,    0,    0,    0,    0,    0,    0,    0,    0,    0,    0,    0,    0,    0,    0,    0,    0,    0,    0,    0,    0,    0,    0,    0,    0,    0,    0,    0,    0,    0,    0,    0,    0,    0,    0,    0,    0,    0,    0,    0,    0,    0,    0,    0,   -2,   -2,   -2,   -3,   -3,   -2,   -3,    0,    0,    0,    0,    0,    0,    0,    0,   -9,   -9,
       0,    0,    0,    0,    0,    0,    0,    0,    0,    0,    0,    0,    0,    0,    0,    0,    0,    0,    0,    0,    0,    0,    0,    0,    0,    0,    0,    0,    0,    0,    0,    0,    0,    0,    0,    0,   -8,   -4,   -8,   -8,   -8,   -9,   -4,   -4,   -4,   -4,   -8,   -8,   -8,   -5,   -6,   -5,   -2,   -6,   -6,    0,    0,    0,    0,    0,    0,    0,    0,    0,    0,    0,    0,    0,    0,   -4,   -8,   -8,   -8,   -8,   -8,   -8,   -8,   -4,   -4,   -6,   -4,   -9,   -8,   -8,   -8,   -8,   -5,   -8,   -8,   -8,   -8,   -8,   -8,   -9,   -9,   -4,   -4,    0,   -4,    0,   -4,   -4,   -4,   -5,    0,   -4,   -4,   -4,   -8,   -4,   -8,   -8,   -8,    0,   -6,   -8,   -4,   -8,   -5,   -8,   -9,   -9,    0,   -4,   -4,   -8,   -8,   -4,    0,   -4,   -8,   -4,   -5,   -4,    0,    0,    0,    0,    0,    0,    0,    0,    0,    0,    0,    0,    0,    0,    0,    0,    0,    0,    0,    0,    0,    0,    0,    0,    0,    0,    0,    0,    0,    0,    0,    0,    0,    0,    0,    0,    0,    0,    0,    0,    0,    0,    0,    0,    0,    0,    0,    0,    0,    0,    0,    0,    0,    0,    0,    0,    0,    0,    0,    0,    0,    0,    0,    0,    0,    0,    0,    0,    0,    0,    0,    0,    0,    0,    0,    0,    0,    0,    0,    0,    0,    0,    0,    0,    0,    0,    0,    0,    0,    0,    0,   -8,   -8,   -8,   -8,   -8,   -4,   -8,    0,    0,    0,    0,    0,    0,    0,    0,   -8,   -8,
       0,    0,    0,    0,    0,   -6,   -5,   -5,    0,    0,    0,    0,    0,    0,    0,    0,    0,    0,    0,    0,    0,    0,   -5,    0,    0,   -9,    0,    0,    0,    0,    0,    0,    0,    0,    0,    0,  -11,   -5,  -10,   -9,   -7,  -11,   -5,   -5,   -5,   -6,   -9,  -11,   -6,   -7,   -4,   -2,   -6,   -4,   -9,    0,    0,    0,    0,    0,    0,    0,    0,    0,    0,  -10,    0,    0,    0,   -5,  -11,  -11,  -11,  -11,  -10,  -10,  -10,   -5,  -11,   -5,   -5,  -11,  -10,  -10,  -10,  -10,   -7,  -11,  -11,  -10,  -10,  -10,  -10,  -11,  -11,   -5,   -5,    0,   -5,    0,   -5,   -5,  -11,   -4,    0,   -5,   -6,   -6,  -10,   -6,  -11,  -11,   -6,    0,   -9,  -11,   -6,  -10,   -7,   -7,  -11,  -11,    0,   -3,   -5,  -11,  -10,   -5,    0,   -5,  -10,   -6,   -7,   -3,    0,    0,    0,    0,    0,    0,    0,    0,    0,    0,    0,    0,    0,    0,    0,    0,    0,    0,    0,    0,    0,    0,    0,    0,    0,    0,    0,    0,    0,    0,    0,    0,    0,    0,    0,    0,    0,    0,    0,    0,    0,    0,    0,    0,    0,    0,    0,    0,    0,    0,    0,    0,    0,    0,    0,    0,    0,    0,    0,    0,    0,    0,    0,    0,    0,    0,    0,    0,    0,    0,    0,    0,    0,    0,    0,    0,    0,    0,    0,    0,    0,    0,    0,    0,    0,    0,    0,    0,    0,    0,    0,  -11,  -19,  -11,  -10,  -10,   -5,  -10,    0,    0,    0,   -3,    0,    0,    0,    0,   -7,   -7,
       0,    0,    0,    0,    0,    0,    0,    0,    0,    0,    0,    0,    0,    0,    0,    0,    0,    0,    0,    0,    0,    0,    0,    0,  -23,    0,    0,    0,    0,    0,    0,    0,    0,    0,    0,    0,   -2,    0,  -20,  -17,  -13,    0,    0,    0,    0,    0,  -17,   -2,  -19,  -14,  -27,  -21,    0,  -28,    0,    0,    0,    0,  -11,    0,  -15,  -15,    0,    0,    0,    0,    0,    0,    0,    0,   -2,   -2,   -2,   -2,  -20,  -20,  -20,   15,    0,    0,    3,  -19,  -20,  -20,  -20,  -35,  -14,   -2,   -2,  -20,  -20,  -20,  -20,    0,    0,    0,    0,    0,    0,    0,    3,   12,    0,    0,    0,    0,    0,    0,  -20,    0,   -2,   -2,  -19,    0,    0,   -2,   19,  -20,  -14,  -13,   11,    0,    0,  -20,    0,   -2,  -20,    0,    0,    0,  -20,    0,  -14,  -30,    0,    0,    0,    0,    0,    0,    0,    0,    0,    0,    0,    0,    0,    0,    0,    0,    0,    0,    0,    0,    0,    0,    0,    0,    0,    0,    0,    0,    0,    0,    0,    0,    0,    0,    0,    0,    0,    0,    0,    0,    0,    0,    0,    0,    0,    0,    0,    0,    0,    0,    0,    0,    0,    0,    0,    0,    0,    0,    0,    0,    0,    0,    0,    0,    0,    0,    0,    0,    0,    0,    0,    0,    0,    0,    0,    0,    0,    0,    0,    0,    0,    0,    0,    0,    0,    0,    0,    0,    0,    0,    0,   -2,   11,   -2,  -20,  -24,    0,  -26,  -15,    0,    0,    0,    0,    0,    0,    0,  -13,  -13,
       0,  -53,    0,    0,  -55,    0,    0,    0,    0,    0,    0,    0,    0,    0,    0,    0,    0,    0,    0,    0,    0,    0,    0,    0,  -18,    0,    0,  -50,  -14,  -47,  -34,    0,  -50,    0,  -38,    0,    0,    0,  -19,  -15,  -17,    0,    0,    0,    0,    0,  -15,   -3,  -23,  -15,  -49,  -38,    0,  -50,    0,    0,    0,  -16,  -10,  -54,  -25,  -38,    0,  -55,   -8,    0,    0,    0,    0,    0,    0,    0,    0,    0,  -19,  -19,  -19,    0,    0,    0,    0,  -18,  -19,  -19,  -19,  -19,  -15,    0,    0,  -19,  -19,  -19,  -19,    0,    0,    0,    0,    0,    0,    0,    0,    0,    0,    0,    0,    0,    0,    0,  -19,    0,   -3,   -3,  -23,  -50,    0,    0,    0,  -19,  -15,  -12,    2,    0,    0,  -49,    0,    0,  -19,    0,    0,    0,  -19,    0,  -15,  -49,    0,    0,    0,    0,    0,    0,    0,    0,    0,    0,    0,    0,    0,    0,    0,    0,    0,    0,    0,    0,    0,    0,    0,    0,    0,    0,    0,    0,    0,    0,    0,    0,    0,    0,    0,    0,    0,    0,    0,    0,    0,    0,    0,    0,    0,    0,    0,    0,    0,    0,    0,    0,    0,    0,    0,    0,    0,    0,    0,    0,    0,    0,    0,    0,    0,    0,    0,    0,    0,    0,    0,    0,    0,    0,    0,    0,    0,    0,    0,    0,    0,    0,    0,    0,    0,    0,    0,    0,    0,    0,    0,    0,    0,    0,  -19,  -19,    0,  -19,  -38,  -53,  -53,    0,  -54,  -54,   -8,  -77,  -17,  -17,
       0,    0,    0,  -10,    0,  -14,  -13,   -6,    0,    0,    0,    0,    0,    0,    0,    0,    0,    0,    0,    0,    0,    0,  -10,    0,    0,  -19,    0,  -17,    0,  -11,   -6,  -15,  -20,   -9,    0,  -13,   -7,   -5,   -3,   -4,   -2,   -6,   -5,   -5,   -5,   -5,   -4,   -4,   -1,   -4,   -1,    0,   -8,   -2,   -6,    0,  -11,    0,    0,    0,    0,    0,    0,    0,    0,  -18,    0,    0,   -3,   -5,   -7,   -7,   -7,   -7,   -3,   -3,   -3,   -5,   -5,   -5,   -5,   -5,   -3,   -3,   -3,   -3,   -4,   -7,   -7,   -3,   -3,   -3,   -3,   -6,   -6,   -5,   -5,    0,   -5,    0,   -5,   -5,   -5,   -5,   -5,   -5,   -5,   -5,   -3,   -5,   -4,   -4,   -1,  -26,   -6,   -7,   -5,   -3,   -4,   -2,   -6,   -6,   -8,    0,   -5,   -7,   -3,   -5,    0,   -5,   -3,   -5,   -4,    0,    0,    0,    0,    0,    0,    0,    0,    0,    0,    0,    0,    0,    0,    0,    0,    0,    0,    0,    0,    0,    0,    0,    0,    0,    0,    0,    0,    0,    0,    0,    0,    0,    0,    0,    0,    0,    0,    0,    0,    0,    0,    0,    0,    0,    0,    0,    0,    0,    0,    0,    0,    0,    0,    0,    0,    0,    0,    0,    0,    0,    0,    0,    0,    0,    0,    0,    0,    0,    0,    0,    0,    0,    0,    0,    0,    0,    0,    0,    0,    0,    0,    0,    0,    0,    0,    0,    0,    0,    0,    0,    0,   -7,   -7,   -7,   -3,   -3,   -5,   -3,    0,    0,    0,  -10,    0,    0,    0,    0,   -2,   -2,
       0,    0,   -4,    0,    0,  -51,  -54,  -24,    0,    0,    0,    0,    0,    0,    0,    0,    0,    0,    0,    0,    0,    0,  -27,    0,    0,  -44,    0,    0,    0,   -4,    0,   -7,   -8,    0,    0,   -5,   -9,   -2,  -14,  -14,    0,  -11,   -2,   -2,   -2,   -5,  -14,   -7,    0,   -2,    0,    0,    0,    0,    0,    0,    0,  -15,    0,    0,   -6,  -12,    0,    0,    0,  -44,    0,    0,    0,   -2,   -9,   -9,   -9,   -9,  -14,  -14,  -14,   -2,   -2,    8,   -2,  -23,  -14,  -14,  -14,  -14,   -2,   -9,   -9,  -14,  -14,  -14,  -14,  -11,  -11,   -2,   -1,    0,    2,    0,   -2,   -2,   -5,    9,   -2,   -2,   -5,   -5,  -14,   -5,   -7,   -7,    0,    0,    0,   -9,   -2,  -14,   -2,   -4,  -11,  -11,   -2,    0,   -2,   -9,  -14,   -2,    0,   -2,  -14,   -5,   -2,    0,    0,    0,    0,    0,    0,    0,    0,    0,    0,    0,    0,    0,    0,    0,    0,    0,    0,    0,    0,    0,    0,    0,    0,    0,    0,    0,    0,    0,    0,    0,    0,    0,    0,    0,    0,    0,    0,    0,    0,    0,    0,    0,    0,    0,    0,    0,    0,    0,    0,    0,    0,    0,    0,    0,    0,    0,    0,    0,    0,    0,    0,    0,    0,    0,    0,    0,    0,    0,    0,    0,    0,    0,    0,    0,    0,    0,    0,    0,    0,    0,    0,    0,    0,    0,    0,    0,    0,    0,    0,    0,    0,   -9,   -9,   -9,  -14,  -14,   -2,  -14,  -12,    0,    0,  -51,    0,    0,    0,    0,    0,    0,
       0,    0,    0,   -8,    0,  -14,  -13,   -6,    0,    0,    0,    0,    0,    0,    0,    0,    0,    0,    0,    0,    0,    0,  -10,    0,    0,  -19,    0,  -17,    0,  -11,   -6,  -15,  -20,   -9,    0,   -3,   -7,   -5,   -3,   -4,   -2,   -6,   -5,   -5,   -5,   -5,   -4,   -4,   -1,   -4,   -1,    0,   -8,   -2,   -6,    0,   -2,    0,    0,    0,    0,    0,    0,    0,    0,  -18,    0,    0,   -3,   -5,   -7,   -7,   -7,   -7,   -3,   -3,   -3,   -5,   -5,   -5,   -5,   -5,   -3,   -3,   -3,   -3,   -4,   -7,   -7,   -3,   -3,   -3,   -3,   -6,   -6,   -5,   -5,    0,   -5,    0,   -5,   -5,   -5,   -5,   -5,   -5,   -5,   -5,   -3,   -5,   -4,   -4,   -1,  -26,   -6,   -7,   -5,   -3,   -4,   -2,   -6,   -6,   -8,    0,   -5,   -7,   -3,   -5,    0,   -5,   -3,   -5,   -4,    0,    0,    0,    0,    0,    0,    0,    0,    0,    0,    0,    0,    0,    0,    0,    0,    0,    0,    0,    0,    0,    0,    0,    0,    0,    0,    0,    0,    0,    0,    0,    0,    0,    0,    0,    0,    0,    0,    0,    0,    0,    0,    0,    0,    0,    0,    0,    0,    0,    0,    0,    0,    0,    0,    0,    0,    0,    0,    0,    0,    0,    0,    0,    0,    0,    0,    0,    0,    0,    0,    0,    0,    0,    0,    0,    0,    0,    0,    0,    0,    0,    0,    0,    0,    0,    0,    0,    0,    0,    0,    0,    0,   -7,   -7,   -7,   -3,   -3,   -5,   -3,    0,    0,    0,  -13,    0,    0,    0,    0,   -2,   -2,
       0,    0,    0,    0,    0,    0,    0,    0,    0,    0,    0,    0,    0,    0,    0,    0,    0,    0,    0,    0,    0,    0,    0,    0,   -4,    0,    0,  -13,   -2,  -10,   -6,    0,  -15,    0,    0,    0,   -4,   -3,  -17,  -14,   -8,   -2,   -4,   -4,   -3,   -4,  -14,   -4,   -9,  -11,   -9,   -7,    0,   -9,    0,    0,    0,    0,    0,    0,  -11,    0,    0,    0,    0,    0,    0,    0,   -2,   -3,   -4,   -4,   -4,   -4,  -17,  -17,  -17,   -4,   -4,   -5,   -4,  -19,  -17,  -17,  -17,  -31,  -11,   -4,   -4,  -17,  -17,  -17,  -17,   -2,   -2,   -3,   -3,    0,   -4,    0,   -4,   -4,   -4,   -4,   -2,   -3,   -4,   -4,  -17,   -4,   -4,   -4,   -9,  -24,    0,   -4,   -4,  -17,  -11,  -12,    8,   -2,    0,  -11,   -4,   -4,  -17,   -4,    0,   -4,  -17,   -4,  -11,  -11,    0,    0,    0,    0,    0,    0,    0,    0,    0,    0,    0,    0,    0,    0,    0,    0,    0,    0,    0,    0,    0,    0,    0,    0,    0,    0,    0,    0,    0,    0,    0,    0,    0,    0,    0,    0,    0,    0,    0,    0,    0,    0,    0,    0,    0,    0,    0,    0,    0,    0,    0,    0,    0,    0,    0,    0,    0,    0,    0,    0,    0,    0,    0,    0,    0,    0,    0,    0,    0,    0,    0,    0,    0,    0,    0,    0,    0,    0,    0,    0,    0,    0,    0,    0,    0,    0,    0,    0,    0,    0,    0,   -4,   -4,   -4,  -17,  -17,   -4,  -17,    0,    0,    0,    0,    0,    0,    0,    0,   -8,   -8,
       0,    0,    0,    0,    0,    0,    0,    0,    0,    0,    0,    0,    0,    0,    0,    0,    0,    0,    0,    0,    0,    0,   -7,    0,    0,   -1,    0,    0,    0,   -7,   -2,   -2,   -8,    0,    0,   -5,   -4,   -5,   -2,   -2,  -12,   -8,   -2,   -2,   -5,   -6,   -2,   -7,  -12,   -5,  -13,   -9,  -13,  -14,   -9,    0,    0,    0,    0,    0,    0,    0,    0,    0,    0,  -11,    0,    0,    0,   -5,   -4,   -4,   -4,   -4,   -2,   -2,   -2,   -2,   -2,   -2,   -1,   -2,   -2,   -2,   -2,   -2,   -5,   -4,   -4,   -2,   -2,   -2,   -2,   -8,   -8,   -5,   -5,    0,   -2,    0,   -2,   -2,   -2,   -2,   -1,   -5,   -6,   -6,   -2,   -6,   -7,   -7,  -12,    0,   -9,   -4,   -2,   -2,   -5,   -2,   -8,   -8,    0,   -9,   -2,   -4,   -2,   -2,    0,   -2,   -2,   -6,   -5,   -9,    0,    0,    0,    0,    0,    0,    0,    0,    0,    0,    0,    0,    0,    0,    0,    0,    0,    0,    0,    0,    0,    0,    0,    0,    0,    0,    0,    0,    0,    0,    0,    0,    0,    0,    0,    0,    0,    0,    0,    0,    0,    0,    0,    0,    0,    0,    0,    0,    0,    0,    0,    0,    0,    0,    0,    0,    0,    0,    0,    0,    0,    0,    0,    0,    0,    0,    0,    0,    0,    0,    0,    0,    0,    0,    0,    0,    0,    0,    0,    0,    0,    0,    0,    0,    0,    0,    0,    0,    0,    0,    0,   -4,   -4,   -4,   -2,   -2,   -2,   -2,    0,    0,    0,    0,    0,    0,    0,    0,  -12,  -12,
       0,    0,  -14,    0,    0,  -38,  -38,  -33,    0,    0,    0,    0,    0,    0,    0,    0,    0,    0,  -28,  -27,    0,  -24,  -37,    0,  -17,  -37,   -2,    0,    0,    0,    0,    0,    0,    0,    0,    0,  -61,   -5,  -65,  -65,  -30,  -65,   -2,   -2,   -5,  -59,  -65,  -61,  -33,  -56,  -46,  -47,  -47,  -46,  -52,    0,    0,  -16,   -9,    0,  -43,  -33,    0,    0,  -39,  -48,    0,    0,    0,  -31, -112, -110, -114, -110, -126, -124, -123,   11,  -21,   13,    7,  -44, -128, -126, -125,  -65,  -56, -119, -115, -122, -122,  -65, -123, -118, -125,   -5,   -1,    0,    9,    0,    4,   10,  -52,   14,    0,   -5,  -59,  -59,  -65,  -86, -103,  -96,  -33,    0,  -93, -106,   18, -125,  -56,  -60,  -65, -118,    0,  -26,   -2,  -61,  -65,   -2,    0,   -2,  -65,  -59,  -56,  -49,    0,    0,    0,    0,    0,    0,    0,    0,    0,    0,    0,    0,    0,    0,    0,    0,    0,    0,    0,    0,    0,    0,    0,    0,    0,    0,    0,    0,    0,    0,    0,    0,    0,    0,    0,    0,    0,    0,    0,    0,    0,    0,    0,    0,    0,    0,    0,    0,    0,    0,    0,    0,    0,    0,    0,    0,    0,    0,    0,    0,    0,    0,    0,    0,    0,    0,    0,    0,    0,    0,    0,    0,    0,    0,    0,    0,    0,    0,    0,    0,    0,    0,    0,    0,    0,    0,    0,    0,    0,    0,    0,  -61,  -72, -102, -128,  -93,   -2,  -95,  -33,    0,    0,  -35,    0,    0,    0,    0,  -64,  -65,
       0,    0,    0,    0,    0,  -12,  -11,   -6,    0,    0,    0,    0,    0,    0,    0,    0,    0,    0,    0,    0,    0,    0,   -9,    0,    0,  -15,    0,    0,    0,    0,    0,    0,    0,    0,    0,    0,  -13,   -5,  -10,  -10,   -7,  -13,   -6,   -6,   -5,   -8,  -10,  -13,   -6,   -8,   -4,   -2,   -6,   -4,  -10,    0,    0,    0,    0,    0,    0,    0,    0,    0,    0,  -15,    0,    0,    0,  -13,  -13,  -13,  -13,  -13,  -10,  -10,  -10,   -6,  -14,   -6,   -6,  -12,  -10,  -10,  -10,  -10,   -8,  -13,  -13,  -10,  -10,  -10,  -10,  -13,  -13,   -5,   -5,    0,   -6,    0,   -6,   -6,  -14,   -5,   -1,   -5,   -8,   -8,  -10,   -8,  -13,  -13,   -6,    0,  -10,  -13,   -7,  -10,   -8,   -9,  -13,  -13,    0,   -3,   -6,  -13,  -10,   -6,    0,   -6,  -10,   -8,   -8,   -3,    0,    0,    0,    0,    0,    0,    0,    0,    0,    0,    0,    0,    0,    0,    0,    0,    0,    0,    0,    0,    0,    0,    0,    0,    0,    0,    0,    0,    0,    0,    0,    0,    0,    0,    0,    0,    0,    0,    0,    0,    0,    0,    0,    0,    0,    0,    0,    0,    0,    0,    0,    0,    0,    0,    0,    0,    0,    0,    0,    0,    0,    0,    0,    0,    0,    0,    0,    0,    0,    0,    0,    0,    0,    0,    0,    0,    0,    0,    0,    0,    0,    0,    0,    0,    0,    0,    0,    0,    0,    0,    0,  -13,  -22,  -13,  -10,  -10,   -6,  -10,    0,    0,    0,   -9,    0,    0,    0,    0,   -7,   -7,
       0,    0,  -15,    3,    0,  -40,  -39,  -34,    0,    0,    0,    0,    0,    0,    0,    0,    0,    0,   -8,   -7,    0,  -14,  -29,    0,  -11,  -37,   -8,    0,    0,    0,    0,    0,    0,    0,    2,    5,  -39,   -2,  -40,  -38,  -14,  -40,    0,    0,   -2,  -30,  -38,  -37,  -15,  -27,  -13,  -13,  -15,  -12,  -24,    0,    4,  -19,   -5,    0,  -27,  -17,    0,    0,  -18,  -42,    0,    0,    0,  -21,  -70,  -39,  -39,  -74,  -78,  -40,  -40,   20,  -12,    7,   12,  -35,  -40,  -40,  -40,  -40,  -27,  -39,  -74,  -40,  -74,  -40,  -75,  -40,  -76,   -2,    2,    0,    8,    0,   12,   16,  -29,    9,   -2,   -2,  -30,  -30,  -40,  -41,  -71,  -55,  -15,    0,  -40,  -66,   26,  -77,  -27,  -35,  -40,  -69,    0,   -3,    0,  -39,  -40,    0,    0,    0,  -40,  -30,  -27,  -12,    0,    0,    0,    0,    0,    0,    0,    0,    0,    0,    0,    0,    0,    0,    0,    0,    0,    0,    0,    0,    0,    0,    0,    0,    0,    0,    0,    0,    0,    0,    0,    0,    0,    0,    0,    0,    0,    0,    0,    0,    0,    0,    0,    0,    0,    0,    0,    0,    0,    0,    0,    0,    0,    0,    0,    0,    0,    0,    0,    0,    0,    0,    0,    0,    0,    0,    0,    0,    0,    0,    0,    0,    0,    0,    0,    0,    0,    0,    0,    0,    0,    0,    0,    0,    0,    0,    0,    0,    0,    0,    0,  -39,  -37,  -65,  -40,  -45,    3,  -47,  -17,    0,    0,  -36,    0,    0,    0,    0,  -14,  -14,
       0,    0,   -8,    0,    0,  -29,  -28,  -25,    0,    0,    0,    0,    0,    0,    0,    0,    0,    0,   -5,   -5,    0,   -5,  -23,    0,   -5,  -31,   -3,    0,    0,    0,    0,    0,    0,    0,    0,    0,  -30,   -3,  -30,  -29,  -11,  -30,   -2,   -2,   -3,  -23,  -29,  -28,  -12,  -20,   -8,   -8,  -10,   -8,  -17,    0,    0,   -7,    0,    0,  -19,   -9,    0,    0,   -8,  -37,    0,    0,   -3,  -20,  -30,  -30,  -30,  -30,  -30,  -30,  -30,   14,  -13,    5,    7,  -31,  -30,  -30,  -30,  -30,  -20,  -30,  -30,  -30,  -30,  -30,  -30,  -30,  -30,   -3,    0,    0,    3,    0,    5,   10,  -24,    6,   -3,   -3,  -23,  -23,  -30,  -33,  -28,  -46,  -12,    0,  -17,  -56,   17,  -30,  -20,  -28,  -30,  -58,    0,   -3,   -2,  -30,  -30,   -2,    0,   -2,  -30,  -23,  -20,   -6,    0,    0,    0,    0,    0,    0,    0,    0,    0,    0,    0,    0,    0,    0,    0,    0,    0,    0,    0,    0,    0,    0,    0,    0,    0,    0,    0,    0,    0,    0,    0,    0,    0,    0,    0,    0,    0,    0,    0,    0,    0,    0,    0,    0,    0,    0,    0,    0,    0,    0,    0,    0,    0,    0,    0,    0,    0,    0,    0,    0,    0,    0,    0,    0,    0,    0,    0,    0,    0,    0,    0,    0,    0,    0,    0,    0,    0,    0,    0,    0,    0,    0,    0,    0,    0,    0,    0,    0,    0,    0,    0,  -30,  -26,  -54,  -30,  -34,   -2,  -36,   -9,    0,    0,  -26,    0,    0,    0,    0,  -11,  -11,
       0,    0,    0,    0,    0,    0,    0,    0,    0,    0,    0,    0,    0,    0,    0,    0,    0,    0,    0,    0,    0,    0,    0,    0,  -15,    0,    0,    0,    0,    0,    0,    0,    0,    0,    0,    0,   -4,   -2,  -21,  -17,  -16,   -3,    0,    0,   -2,   -6,  -17,   -4,  -20,  -17,  -25,  -22,    0,  -25,    0,    0,    0,    0,   -9,    0,  -15,  -13,    0,    0,    0,    0,    0,    0,    0,   -7,   -4,   -4,   -4,   -4,  -21,  -21,  -21,   16,   -5,    0,    5,  -20,  -21,  -21,  -21,  -38,  -17,   -4,   -4,  -21,  -21,  -21,  -21,   -3,   -3,   -2,   -2,    0,    0,    0,    5,   12,   -6,    0,    0,   -2,   -6,   -6,  -21,   -6,   -4,   -4,  -20,    0,    0,   -4,   19,  -21,  -17,  -14,    4,   -3,    0,  -16,    0,   -4,  -21,    0,    0,    0,  -21,   -6,  -17,  -27,    0,    0,    0,    0,    0,    0,    0,    0,    0,    0,    0,    0,    0,    0,    0,    0,    0,    0,    0,    0,    0,    0,    0,    0,    0,    0,    0,    0,    0,    0,    0,    0,    0,    0,    0,    0,    0,    0,    0,    0,    0,    0,    0,    0,    0,    0,    0,    0,    0,    0,    0,    0,    0,    0,    0,    0,    0,    0,    0,    0,    0,    0,    0,    0,    0,    0,    0,    0,    0,    0,    0,    0,    0,    0,    0,    0,    0,    0,    0,    0,    0,    0,    0,    0,    0,    0,    0,    0,    0,    0,    0,   -4,    9,   -4,  -21,  -23,    0,  -25,  -13,    0,    0,    0,    0,    0,    0,    0,  -16,  -16,
       0,    0,  -21,    3,    0,  -43,  -44,  -39,    0,    0,    0,    0,    0,    0,    0,    0,    0,    0,  -20,  -19,    0,  -25,  -37,    0,  -20,  -41,  -12,    0,    0,    0,    0,    0,    0,    0,    2,    5,  -59,   -2,  -58,  -58,  -26,  -53,    0,    0,   -2,  -45,  -58,  -57,  -26,  -45,  -30,  -28,  -28,  -30,  -39,    0,    4,  -21,  -16,    0,  -41,  -34,    0,    0,  -30,  -51,    0,    0,    0,  -27,  -99,  -59, -114, -105, -106,  -58, -112,   20,  -19,    0,    9,  -42, -107,  -58, -114,  -58,  -86, -110, -103,  -58, -101, -109, -102,  -53,  -96,   -2,   -2,    0,    5,    0,    9,   18,  -45,    0,   -2,   -5,  -84,  -45, -111,  -61, -108,  -85,  -26,    0,  -62,  -95,   26, -104,  -83,  -55,  -53,  -89,    0,  -10,    0,  -59,  -58,    0,    0,    0,  -58,  -45,  -45,  -28,    0,    0,    0,    0,    0,    0,    0,    0,    0,    0,    0,    0,    0,    0,    0,    0,    0,    0,    0,    0,    0,    0,    0,    0,    0,    0,    0,    0,    0,    0,    0,    0,    0,    0,    0,    0,    0,    0,    0,    0,    0,    0,    0,    0,    0,    0,    0,    0,    0,    0,    0,    0,    0,    0,    0,    0,    0,    0,    0,    0,    0,    0,    0,    0,    0,    0,    0,    0,    0,    0,    0,    0,    0,    0,    0,    0,    0,    0,    0,    0,    0,    0,    0,    0,    0,    0,    0,    0,    0,    0,    0, -115,  -63,  -94,  -58,  -72,    3,  -74,  -34,    0,    0,  -41,    0,    0,    0,    0,  -26,  -54,
       0,    0,    0,    0,    0,    0,    0,    0,    0,    0,    0,    0,    0,    0,    0,    0,    0,    0,    0,    0,    0,    0,    0,    0,   -9,    0,    0,    0,    0,    0,    0,    0,    0,    0,    0,    0,   -2,   -2,  -13,  -11,  -13,   -6,   -1,   -1,   -2,   -7,  -11,   -4,  -14,  -12,  -17,  -14,    0,  -16,    0,    0,    0,    0,   -5,    0,   -4,   -3,    0,    0,    0,    0,    0,    0,    0,   -8,   -2,   -2,   -2,   -2,  -13,  -13,  -13,    8,   -5,    1,    6,  -12,  -13,  -13,  -13,  -13,  -12,   -2,   -2,  -13,  -13,  -13,  -13,   -6,   -6,   -2,   -1,    0,    3,    0,    2,    4,   -9,    3,   -1,   -2,   -7,   -7,  -13,   -7,   -4,   -4,  -14,    0,    0,   -2,   11,  -13,  -12,   -8,   -6,   -6,    0,  -14,   -1,   -2,  -13,   -1,    0,   -1,  -13,   -7,  -12,  -14,    0,    0,    0,    0,    0,    0,    0,    0,    0,    0,    0,    0,    0,    0,    0,    0,    0,    0,    0,    0,    0,    0,    0,    0,    0,    0,    0,    0,    0,    0,    0,    0,    0,    0,    0,    0,    0,    0,    0,    0,    0,    0,    0,    0,    0,    0,    0,    0,    0,    0,    0,    0,    0,    0,    0,    0,    0,    0,    0,    0,    0,    0,    0,    0,    0,    0,    0,    0,    0,    0,    0,    0,    0,    0,    0,    0,    0,    0,    0,    0,    0,    0,    0,    0,    0,    0,    0,    0,    0,    0,    0,   -2,    6,   -2,  -13,  -19,   -1,  -21,   -3,    0,    0,    0,    0,    0,    0,    0,  -13,  -13,
       0,    0,    0,    0,    0,    0,    0,    0,  -13,  -10,   -4,   -5,  -13,   -4,  -15,    0,   -6,   -5,    0,    0,    0,    0,  -10,    0,  -13,    0,   -5,    0,    0,    5,    0,    0,    5,    0,    0,    0,  -16,    0,  -18,  -18,  -13,    0,    0,   11,    0,  -14,  -18,  -16,  -14,  -15,  -15,  -13,  -11,  -12,  -12,    0,    0,    0,    0,    0,    0,    0,    0,    0,    0,  -14,   14,    9,    0,    0,  -16,  -16,  -16,  -16,  -18,  -18,  -18,   15,    0,    0,    7,  -16,  -18,  -18,  -18,  -18,  -15,  -16,  -16,  -18,  -18,  -18,  -18,    0,    0,   21,    0,   14,    2,    6,    7,   10,    0,   11,   -5,    0,  -14,   -3,  -18,  -11,  -16,  -16,  -14,    0,  -12,  -16,   17,  -18,  -15,  -16,    0,    0,    0,    7,   18,   -4,  -13,   43,   11,    0,  -15,   10,  -12,    7,    0,    0,    0,  -13,   -5,    9,    0,    0,    6,   -6,    0,    0,   -4,  -14,    0,    0,    0,   -5,    0,  -16,  -14,  -14,    0,  -18,  -12,  -15,  -14,  -13,  -14,  -12,  -11,  -16,  -14,  -15,  -14,  -18,    0,  -16,    0,    7,   11,    0,  -14,  -12,    0,    0,    0,    0,    0,    0,    0,    0,    0,    0,    0,    0,    0,    0,    0,    0,    0,  -14,    0,  -14,    5,  -14,    3,  -14,  -11,  -11,  -18,    0,  -16,  -16,  -13,  -18,   -5,  -16,  -16,  -15,    0,    6,  -14,  -13,  -18,  -15,  -12,  -12,  -16,    0,  -11,  -16,   21,  -16,  -18,   12,    0,   10,    0,    0,    0,    0,    0,    0,    0,    0,  -13,  -13,
       0,  -26,    0,    0,    0,    0,    0,    0,   -5,  -23,    0,    0,    0,    0,    0,    0,    0,   -5,    0,    0,    0,    0,    0,    0,   -6,    0,    0,  -34,   -6,  -34,  -25,    0,  -39,    0,    0,    0,    0,    0,    0,    0,   -6,    0,    0,    0,    0,    0,    0,    0,   -8,    0,  -20,  -14,    0,  -19,    0,    0,    0,    0,    0,    0,    0,    0,    0,    0,    0,    0,    0,    0,    0,    0,    0,    0,    0,    0,    0,    0,    0,    0,    0,    0,    0,    0,    0,    0,    0,    0,    0,    0,    0,    0,    0,    0,    0,    0,    0,    0,    0,    0,    0,    0,    0,    0,    0,    0,    0,    0,    0,    0,    0,    0,    0,    0,   -8,  -31,    0,    0,    0,    0,    0,    0,    3,    0,    0,   -7,    0,    0,    0,    0,    0,    0,    0,    0,    0,   -7,    0,    0,  -34,   -6,    0,    0,    0,    0,  -13,    0,    0,    0,    0,  -13,    0,  -26,  -30,    0,    0,    0,   -6,    0,    0,    0,    0,    0,    0,    0,  -23,  -19,    0,  -18,  -20,    0,    0,    0,    0,    0,    0,    0,    0,    0,    0,  -19,    0,    0,    0,    0,    0,    0,    0,    0,    0,    0,    0,    0,    0,    0,    0,    0,    0,    0,    0,  -23,  -39,  -19,  -31,  -19,    0,  -20,  -18,    0,    0,    0,    0,    0,    0,    0,    0,    0,    0,   -7,    0,   -6,    0,    0,  -19,  -19,  -18,    0,    0,    0,    0,    0,    0,    0,    0,    0,    0,    0,  -26,    0,  -30,  -30,    0,    0,   -6,   -6,
       0,   -6,    0,   -9,  -11,    0,    0,    0,    0,    0,    0,    0,    0,    0,    0,    0,    0,    0,    0,    0,  -12,    0,    0,   -5,   -6,    0,   -5,  -66,  -10,  -35,  -25,   -5,  -56,   -5,  -22,  -16,    0,    0,    0,    0,   -4,    0,    0,    0,    0,    0,    0,    0,   -3,    0,   -6,   -2,    0,   -6,    0,    0,  -14,    0,    0,   -4,    0,    0,    0,   -5,    0,    0,   -5,   -5,   -5,    0,    0,    0,    0,    0,    0,    0,    0,    0,    0,    0,    0,    0,    0,    0,    0,    0,    0,    0,    0,    0,    0,    0,    0,    0,    0,    0,    0,   -5,    0,   -5,    0,    0,    0,    0,   -5,    0,    0,    0,    0,    0,    0,    0,   -3,  -66,    0,    0,    0,    0,    0,    0,    0,    0,    0,   -2,    0,    0,    0,    0,   -5,    0,    0,    0,    0,   -2,    0,    0,    0,    0,    0,    0,    0,    0,    0,    0,    0,    0,    0,    0,    0,    0,    0,    0,    0,    0,    0,    0,    0,    0,    0,    0,    0,    0,    0,    0,    0,    0,    0,    0,    0,    0,    0,    0,    0,    0,    0,    0,    0,    0,    0,    0,    0,    0,    0,    0,    0,    0,    0,    0,    0,    0,    0,    0,    0,    0,    0,    0,    0,    0,    0,    0,    0,    0,    0,    0,    0,    0,    0,    0,    0,    0,    0,    0,    0,    0,    0,    0,    0,    0,    0,    0,    0,    0,    0,    0,    0,    0,    0,    0,    0,    0,    0,    0,    0,  -10,   -8,    0,  -13,  -13,  -13,    0,   -4,   -4,
       0,  -11,    0,  -15,  -15,    0,    0,   -5,    0,    0,    0,    0,    0,    0,    0,    0,    0,    0,    0,    0,  -16,    0,   -7,   -8,   -2,  -17,   -7,  -65,  -10,  -38,  -29,  -20,  -54,  -13,  -23,  -18,    0,    0,    0,    0,   -4,    0,    0,    0,    0,    0,    0,    0,   -3,    0,   -6,   -3,  -11,   -7,   -5,    0,  -16,    0,    0,   -7,    0,    0,    0,  -10,    0,    0,   -8,   -8,   -8,    0,    0,    0,    0,    0,    0,    0,    0,    0,    0,    0,    0,    0,    0,    0,    0,    0,    0,    0,    0,    0,    0,    0,    0,    0,    0,    0,    0,   -8,    0,   -8,    0,    0,    0,    0,   -8,    0,    0,    0,    0,    0,    0,    0,   -3,  -65,   -5,    0,    0,    0,    0,    0,    0,    0,    0,   -2,    0,    0,    0,    0,   -8,    0,    0,    0,    0,   -2,    0,    0,    0,    0,    0,    0,    0,    0,    0,    0,    0,    0,    0,    0,    0,    0,    0,    0,    0,    0,    0,    0,    0,    0,    0,    0,    0,    0,    0,    0,    0,    0,    0,    0,    0,    0,    0,    0,    0,    0,    0,    0,    0,    0,    0,    0,    0,    0,    0,    0,    0,    0,    0,    0,    0,    0,    0,    0,    0,    0,    0,    0,    0,    0,    0,    0,    0,    0,    0,    0,    0,    0,    0,    0,    0,    0,    0,    0,    0,    0,    0,    0,    0,    0,    0,    0,    0,    0,    0,    0,    0,    0,    0,    0,    0,    0,    0,    0,    0,  -13,  -13,    0,  -18,  -18,  -16,    0,   -4,   -4,
       0,    0,    0,   -9,   -3,    0,    0,    0,    0,    0,    0,    0,    0,    0,    0,    0,    0,    0,    0,    0,   -5,    0,    0,   -3,   -6,    0,   -2,  -57,  -10,  -31,  -22,    0,  -47,    0,  -16,  -15,    0,    0,   -5,   -4,    0,    0,    0,    0,    0,    0,   -4,    0,    0,    0,    0,    0,    0,    0,    0,    0,  -14,    0,    0,    0,  -10,   -4,    0,    0,    0,    0,   -3,   -3,   -3,    0,    0,    0,    0,    0,   -5,   -5,   -5,    0,    0,    0,    0,   -6,   -5,   -5,   -5,   -5,    0,    0,    0,   -5,   -5,   -5,   -5,    0,    0,    0,    0,   -3,    0,   -3,    0,    0,    0,    0,   -3,    0,    0,    0,   -5,    0,    0,    0,    0,  -57,    0,    0,    0,   -5,    0,    0,    0,    0,    0,    0,    0,    0,   -5,    0,   -3,    0,   -5,    0,    0,    0,    0,    0,    0,    0,    0,    0,    0,    0,    0,    0,    0,    0,    0,    0,    0,    0,    0,    0,    0,    0,    0,    0,    0,    0,    0,    0,    0,    0,    0,    0,    0,    0,    0,    0,    0,    0,    0,    0,    0,    0,    0,    0,    0,    0,    0,    0,    0,    0,    0,    0,    0,    0,    0,    0,    0,    0,    0,    0,    0,    0,    0,    0,    0,    0,    0,    0,    0,    0,    0,    0,    0,    0,    0,    0,    0,    0,    0,    0,    0,    0,    0,    0,    0,    0,    0,    0,    0,    0,    0,    0,    0,    0,    0,    0,   -5,   -5,    0,   -5,   -4,    0,   -3,    0,   -9,   -9,   -5,    0,    0,    0,
       0,    0,    0,    0,    0,    0,    0,    0,    0,    0,    0,    0,    0,    0,    0,    0,    0,    0,    0,    0,    0,    0,   -1,   -4,   -5,   -2,   -3,   -5,   -5,   -2,   -3,   -2,   -2,   -4,    0,    0,    0,    0,    0,    0,    0,    0,    0,    0,    0,    0,    0,    0,    0,    0,    0,    0,    0,    0,    0,    0,    0,    0,    0,    0,    0,    0,    0,    0,    0,    0,   -4,   -4,   -4,    0,    0,    0,    0,    0,    0,    0,    0,    0,    0,    5,    0,    0,    0,    0,    0,    0,    0,    0,    0,    0,    0,    0,    0,    0,    0,    0,    0,   -4,    0,   -4,    0,    0,    0,    6,   -4,    0,    0,    0,    0,    0,    0,    0,    0,   -5,    0,    0,    5,    0,    0,    0,    0,    0,    0,    0,    6,    0,    0,   26,   -4,    0,    0,    5,    0,    0,    0,    0,    0,    0,    0,    0,    0,    0,    0,    0,    0,    0,    0,    0,    0,    0,    0,    0,    0,    0,    0,    0,    0,    0,    0,    0,    0,    0,    0,    0,    0,    0,    0,    0,    0,    0,    0,    0,    0,    0,    0,    0,    0,    0,    0,    0,    0,    0,    0,    0,    0,    0,    0,    0,    0,    0,    0,    0,    0,    0,    0,    0,    0,    0,    0,    0,    0,    0,    0,    0,    0,    0,    0,    0,    0,    0,    0,    0,    0,    0,    0,    0,    0,    0,    0,    0,    0,    0,    0,    0,    0,    0,    5,    0,    0,    0,    0,    0,    0,    0,    0,    0,    0,    0,    0,    0,    0,    0,
       0,   -9,    0,  -12,  -13,    0,    0,    0,    0,    0,    0,    0,    0,    0,    0,    0,    0,    0,    0,    0,  -13,    0,   -4,   -8,   -2,   -6,   -8,  -62,  -10,  -40,  -32,   -9,  -60,   -6,  -22,  -17,    0,    0,    0,    0,   -3,    0,    0,    0,    0,    0,    0,    0,   -2,    0,   -6,   -3,   -3,   -7,    0,    0,  -15,    0,    0,    0,    0,    0,    0,   -9,    0,    0,   -8,   -8,   -8,    0,    0,    0,    0,    0,    0,    0,    0,    0,    0,    0,    0,    0,    0,    0,    0,    0,    0,    0,    0,    0,    0,    0,    0,    0,    0,    0,    0,   -8,    0,   -8,    0,    0,    0,    0,   -8,    0,    0,    0,    0,    0,    0,    0,   -2,  -62,    0,    0,    0,    0,    0,    0,    0,    0,    0,   -2,    0,    0,    0,    0,   -8,    0,    0,    0,    0,   -2,    0,    0,    0,    0,    0,    0,    0,    0,    0,    0,    0,    0,    0,    0,    0,    0,    0,    0,    0,    0,    0,    0,    0,    0,    0,    0,    0,    0,    0,    0,    0,    0,    0,    0,    0,    0,    0,    0,    0,    0,    0,    0,    0,    0,    0,    0,    0,    0,    0,    0,    0,    0,    0,    0,    0,    0,    0,    0,    0,    0,    0,    0,    0,    0,    0,    0,    0,    0,    0,    0,    0,    0,    0,    0,    0,    0,    0,    0,    0,    0,    0,    0,    0,    0,    0,    0,    0,    0,    0,    0,    0,    0,    0,    0,    0,    0,    0,    0,    0,  -11,   -9,    0,  -15,  -15,  -13,    0,   -3,   -3,
       0,    0,    0,    2,    0,  -13,  -12,  -17,    0,    0,    0,    0,    0,    0,    0,    0,    0,    0,    0,    0,    0,    0,  -24,   -1,    0,  -36,   -2,    0,    0,    9,    5,    4,    9,    0,    0,    3,   -2,    0,   -9,   -9,    0,   -3,    0,    0,    0,    0,   -9,    0,    0,    0,    0,    0,    0,    0,    0,    0,    2,  -10,    0,    0,   -6,   -8,    0,    0,    0,    0,   -1,   -1,   -1,    0,   -2,   -2,   -2,   -2,   -9,   -9,   -9,   15,    0,    5,   14,  -17,   -9,   -9,   -9,   -9,    0,   -2,   -2,   -9,   -9,   -9,   -9,   -3,   -3,    0,    0,   -1,   11,   -1,   10,   13,    0,    6,   -1,    0,    0,    7,   -9,    0,    0,    0,    0,    0,    0,   -2,   20,   -9,    0,    0,   -3,   -3,    0,    0,   21,    2,   -9,   51,   -1,    9,   -9,   19,    0,    0,    0,    0,    0,    0,    0,    0,    0,    0,    0,    0,    0,    0,    0,    0,    0,    0,    0,    0,    0,    0,    0,    0,    0,    0,    0,    0,    0,    0,    0,    0,    0,    0,    0,    0,    0,    0,    0,    0,    0,    0,    0,    0,    0,    0,    0,    0,    0,    0,    0,    0,    0,    0,    0,    0,    0,    0,    0,    0,    0,    0,    0,    0,    0,    0,    0,    0,    0,    0,    0,    0,    0,    0,    0,    0,    0,    0,    0,    0,    0,    0,    0,    0,    0,    0,    0,    0,    0,    0,    0,    0,    0,   -2,   14,   -2,   -9,   -6,    0,   -8,   -8,    0,    0,  -15,    0,    0,    0,    0,    0,    0,
       0,    0,    0,    0,    0,    0,    0,    0,    0,    0,    0,    0,    0,    0,    0,    0,    0,    0,    0,    0,    0,    0,   -2,   -6,   -4,    0,   -2,  -53,   -7,  -21,  -14,   -1,  -37,   -2,   -7,    0,    0,    0,   -4,   -4,    0,   -1,    0,    0,    0,    0,   -4,    0,    0,    0,    0,    0,    0,    0,    0,    0,    0,    0,    0,    0,    0,    0,    0,    0,    0,    0,   -6,   -6,   -6,    0,    0,    0,    0,    0,   -4,   -4,   -4,    0,    0,    0,    0,   -6,   -4,   -4,   -4,   -4,    0,    0,    0,   -4,   -4,   -4,   -4,   -1,   -1,    0,    0,   -6,    0,   -6,    0,    0,    0,    0,   -6,    0,    0,    0,   -4,    0,    0,    0,    0,  -53,    0,    0,    0,   -4,    0,    0,   -1,   -1,    0,    0,    0,    0,   -4,    0,   -6,    0,   -4,    0,    0,    0,    0,    0,    0,    0,    0,    0,    0,    0,    0,    0,    0,    0,    0,    0,    0,    0,    0,    0,    0,    0,    0,    0,    0,    0,    0,    0,    0,    0,    0,    0,    0,    0,    0,    0,    0,    0,    0,    0,    0,    0,    0,    0,    0,    0,    0,    0,    0,    0,    0,    0,    0,    0,    0,    0,    0,    0,    0,    0,    0,    0,    0,    0,    0,    0,    0,    0,    0,    0,    0,    0,    0,    0,    0,    0,    0,    0,    0,    0,    0,    0,    0,    0,    0,    0,    0,    0,    0,    0,    0,    0,    0,    0,    0,    0,   -4,   -4,    0,   -4,    0,    0,    0,    0,    0,    0,    0,    0,    0,    0,
       0,   -5,    0,   -9,  -11,    0,    0,    0,    0,    0,    0,    0,    0,    0,    0,    0,    0,    0,    0,    0,  -12,    0,    0,   -5,   -6,    0,   -5,  -66,  -10,  -35,  -25,   -4,  -55,   -5,  -22,  -16,    0,    0,    0,    0,   -4,    0,    0,    0,    0,    0,    0,    0,   -4,    0,   -6,   -1,    0,   -7,    0,    0,  -14,    0,    0,    0,    0,    0,    0,   -5,    0,    0,   -5,   -5,   -5,    0,    0,    0,    0,    0,    0,    0,    0,    0,    0,    0,    0,    0,    0,    0,    0,    0,    0,    0,    0,    0,    0,    0,    0,    0,    0,    0,    0,   -5,    0,   -5,    0,    0,    0,    0,   -5,    0,    0,    0,    0,    0,    0,    0,   -4,  -66,    0,    0,    0,    0,    0,    0,    0,    0,    0,   -2,    0,    0,    0,    0,   -5,    0,    0,    0,    0,   -2,    0,    0,    0,    0,    0,    0,    0,    0,    0,    0,    0,    0,    0,    0,    0,    0,    0,    0,    0,    0,    0,    0,    0,    0,    0,    0,    0,    0,    0,    0,    0,    0,    0,    0,    0,    0,    0,    0,    0,    0,    0,    0,    0,    0,    0,    0,    0,    0,    0,    0,    0,    0,    0,    0,    0,    0,    0,    0,    0,    0,    0,    0,    0,    0,    0,    0,    0,    0,    0,    0,    0,    0,    0,    0,    0,    0,    0,    0,    0,    0,    0,    0,    0,    0,    0,    0,    0,    0,    0,    0,    0,    0,    0,    0,    0,    0,    0,    0,    0,  -10,   -8,    0,  -13,  -13,  -13,    0,   -4,   -4,
       0,    0,    0,    0,    0,    0,    0,    0,    0,    0,    0,    0,    0,    0,    0,    0,    0,    0,    0,    0,    0,    0,   -1,   -4,   -5,   -2,   -3,   -2,   -6,    0,   -2,    0,    0,   -3,    0,    0,    0,    0,    0,    0,    0,    0,    0,    0,    0,    0,    0,    0,    0,    0,    0,    0,    0,    0,    0,    0,    0,    0,    0,    0,    0,    0,    0,    0,    0,    0,   -4,   -4,   -4,    0,    0,    0,    0,    0,    0,    0,    0,    0,    0,    0,    3,    0,    0,    0,    0,    0,    0,    0,    0,    0,    0,    0,    0,    0,    0,    0,    0,   -4,    0,   -4,    0,    0,    0,    0,   -4,    0,    0,    0,    0,    0,    0,    0,    0,   -2,    0,    0,    0,    0,    0,    0,    0,    0,    0,    0,    0,    0,    0,   18,   -4,    0,    0,    0,    0,    0,    0,    0,    0,    0,    0,    0,    0,    0,    0,    0,    0,    0,    0,    0,    0,    0,    0,    0,    0,    0,    0,    0,    0,    0,    0,    0,    0,    0,    0,    0,    0,    0,    0,    0,    0,    0,    0,    0,    0,    0,    0,    0,    0,    0,    0,    0,    0,    0,    0,    0,    0,    0,    0,    0,    0,    0,    0,    0,    0,    0,    0,    0,    0,    0,    0,    0,    0,    0,    0,    0,    0,    0,    0,    0,    0,    0,    0,    0,    0,    0,    0,    0,    0,    0,    0,    0,    0,    0,    0,    0,    0,    0,    0,    0,    0,    0,    0,    0,    0,    0,    0,    0,    0,    0,    0,    0,    0,    0,
       0,    0,    0,    0,    0,    0,    0,    0,    0,    0,    0,    0,    0,    0,    0,    0,    0,    0,    0,    0,    0,    0,    0,    0,  -11,    0,    0,  -47,   -7,  -17,  -11,    0,  -28,    0,  -11,  -11,    0,    0,  -15,  -14,    0,    0,    0,    0,    0,    0,  -14,    0,    0,    0,    0,    0,    0,    0,    0,    0,   -6,    0,    0,    0,  -15,  -12,    0,    0,    0,    0,    0,    0,    0,    0,    0,    0,    0,    0,  -15,  -15,  -15,    0,    0,    0,    0,  -17,  -15,  -15,  -15,  -15,    0,    0,    0,  -15,  -15,  -15,  -15,    0,    0,    0,    0,    0,    0,    0,    0,    0,    0,    0,    0,    0,    0,    4,  -15,    0,    0,    0,    0,  -47,    0,    0,    0,  -15,    0,   -6,    8,    0,    0,    0,    0,    0,  -15,    0,    0,    0,  -15,    0,    0,    0,    0,    0,    0,    0,    0,    0,    0,    0,    0,    0,    0,    0,    0,    0,    0,    0,    0,    0,    0,    0,    0,    0,    0,    0,    0,    0,    0,    0,    0,    0,    0,    0,    0,    0,    0,    0,    0,    0,    0,    0,    0,    0,    0,    0,    0,    0,    0,    0,    0,    0,    0,    0,    0,    0,    0,    0,    0,    0,    0,    0,    0,    0,    0,    0,    0,    0,    0,    0,    0,    0,    0,    0,    0,    0,    0,    0,    0,    0,    0,    0,    0,    0,    0,    0,    0,    0,    0,    0,    0,    0,    0,    0,    0,    0,  -15,  -15,    0,  -15,  -12,    0,    0,    0,    0,    0,    0,    0,    0,    0,
       0,    0,    0,    0,    0,    0,    0,    0,    0,    0,    0,    0,    0,    0,    0,    0,    0,    0,    0,    0,    0,    0,   -1,   -4,   -5,   -2,   -3,   -5,   -5,   -2,   -3,   -2,   -2,   -4,    0,    0,    0,    0,    0,    0,    0,    0,    0,    0,    0,    0,    0,    0,    0,    0,    0,    0,    0,    0,    0,    0,    0,    0,    0,    0,    0,    0,    0,    0,    0,    0,   -4,   -4,   -4,    0,    0,    0,    0,    0,    0,    0,    0,    0,    0,    5,    0,    0,    0,    0,    0,    0,    0,    0,    0,    0,    0,    0,    0,    0,    0,    0,    0,   -4,    0,   -4,    0,    0,    0,    6,   -4,    0,    0,    0,    0,    0,    0,    0,    0,   -5,    0,    0,    5,    0,    0,    0,    0,    0,    0,    0,    6,    0,    0,   26,   -4,    0,    0,    5,    0,    0,    0,    0,    0,    0,    0,    0,    0,    0,    0,    0,    0,    0,    0,    0,    0,    0,    0,    0,    0,    0,    0,    0,    0,    0,    0,    0,    0,    0,    0,    0,    0,    0,    0,    0,    0,    0,    0,    0,    0,    0,    0,    0,    0,    0,    0,    0,    0,    0,    0,    0,    0,    0,    0,    0,    0,    0,    0,    0,    0,    0,    0,    0,    0,    0,    0,    0,    0,    0,    0,    0,    0,    0,    0,    0,    0,    0,    0,    0,    0,    0,    0,    0,    0,    0,    0,    0,    0,    0,    0,    0,    0,    0,    5,    0,    0,    0,    0,    0,    0,    0,    0,    0,    0,    0,    0,  -17,    0,    0,
       0,  -11,    0,  -16,  -14,    0,    0,    0,    0,    0,    0,    0,    0,    0,    0,    0,    0,    0,    0,    0,  -16,    0,   -7,   -8,   -4,  -17,   -8,  -66,  -10,  -40,  -30,  -21,  -59,  -13,  -24,  -18,    0,    0,    0,    0,   -6,   -1,    0,    0,    0,    0,    0,    0,   -5,    0,   -7,   -4,  -12,   -9,   -5,    0,  -16,    0,    0,   -5,    0,    0,    0,  -10,    0,    0,   -8,   -8,   -8,    0,    0,    0,    0,    0,    0,    0,    0,    0,    0,    0,    0,    0,    0,    0,    0,    0,    0,    0,    0,    0,    0,    0,    0,   -1,   -1,    0,    0,   -8,    0,   -8,    0,    0,    0,    0,   -8,    0,    0,    0,    0,    0,    0,    0,   -5,  -66,   -5,    0,    0,    0,    0,    0,   -1,   -1,    0,   -4,    0,    0,    0,    0,   -8,    0,    0,    0,    0,   -4,    0,    0,    0,    0,    0,    0,    0,    0,    0,    0,    0,    0,    0,    0,    0,    0,    0,    0,    0,    0,    0,    0,    0,    0,    0,    0,    0,    0,    0,    0,    0,    0,    0,    0,    0,    0,    0,    0,    0,    0,    0,    0,    0,    0,    0,    0,    0,    0,    0,    0,    0,    0,    0,    0,    0,    0,    0,    0,    0,    0,    0,    0,    0,    0,    0,    0,    0,    0,    0,    0,    0,    0,    0,    0,    0,    0,    0,    0,    0,    0,    0,    0,    0,    0,    0,    0,    0,    0,    0,    0,    0,    0,    0,    0,    0,    0,    0,    0,    0,  -13,  -11,    0,  -17,  -17,  -16,    0,   -6,   -6,
       0,    0,    0,   -4,    0,    0,    0,    0,    0,    0,    0,    0,    0,    0,    0,    0,    0,    0,    0,    0,   -5,    0,    0,   -4,   -5,   -2,   -3,  -58,   -8,  -29,  -22,   -5,  -45,   -6,  -15,  -14,    0,    0,    0,    0,    0,    0,    0,    0,    0,    0,    0,    0,    0,    0,    0,    0,    0,    0,    0,    0,  -12,    0,    0,    0,    0,    0,    0,    0,    0,    0,   -4,   -4,   -4,    0,    0,    0,    0,    0,    0,    0,    0,    0,    0,    0,    0,    0,    0,    0,    0,    0,    0,    0,    0,    0,    0,    0,    0,    0,    0,    0,    0,   -4,    0,   -4,    0,    0,    0,    0,   -4,    0,    0,    0,    0,    0,    0,    0,    0,  -58,    0,    0,    0,    0,    0,    0,    0,    0,    0,    0,    0,    0,    0,    0,   -4,    0,    0,    0,    0,    0,    0,    0,    0,    0,    0,    0,    0,    0,    0,    0,    0,    0,    0,    0,    0,    0,    0,    0,    0,    0,    0,    0,    0,    0,    0,    0,    0,    0,    0,    0,    0,    0,    0,    0,    0,    0,    0,    0,    0,    0,    0,    0,    0,    0,    0,    0,    0,    0,    0,    0,    0,    0,    0,    0,    0,    0,    0,    0,    0,    0,    0,    0,    0,    0,    0,    0,    0,    0,    0,    0,    0,    0,    0,    0,    0,    0,    0,    0,    0,    0,    0,    0,    0,    0,    0,    0,    0,    0,    0,    0,    0,    0,    0,    0,    0,    0,    0,    0,    0,    0,    0,    0,    0,    0,   -5,    0,    0,    0,
       0,    0,    0,  -11,    0,  -22,  -21,  -22,    0,    0,    0,    0,    0,    0,    0,    0,    0,    0,    0,    0,    0,    0,  -29,   -5,    0,  -41,   -2,  -46,   -1,  -10,   -6,  -28,  -26,  -16,    0,  -14,   -4,    0,  -11,  -10,    0,   -6,    0,    0,    0,    0,  -10,   -2,    0,    0,    0,    0,    0,    0,    0,    0,  -12,  -11,    0,    0,   -8,  -11,    0,    0,    0,    0,   -5,   -5,   -5,    0,   -4,   -4,   -4,   -4,  -11,  -11,  -11,    0,    0,    0,    0,  -18,  -11,  -11,  -11,  -11,    0,   -4,   -4,  -11,  -11,  -11,  -11,   -6,   -6,    0,    0,   -5,    0,   -5,    0,    0,    0,    0,   -5,    0,    0,    5,  -11,    0,   -2,   -2,    0,  -46,    0,   -4,    0,  -11,    0,    0,   -6,   -6,    0,    0,    0,   -4,  -11,    0,   -5,    0,  -11,    0,    0,    0,    0,    0,    0,    0,    0,    0,    0,    0,    0,    0,    0,    0,    0,    0,    0,    0,    0,    0,    0,    0,    0,    0,    0,    0,    0,    0,    0,    0,    0,    0,    0,    0,    0,    0,    0,    0,    0,    0,    0,    0,    0,    0,    0,    0,    0,    0,    0,    0,    0,    0,    0,    0,    0,    0,    0,    0,    0,    0,    0,    0,    0,    0,    0,    0,    0,    0,    0,    0,    0,    0,    0,    0,    0,    0,    0,    0,    0,    0,    0,    0,    0,    0,    0,    0,    0,    0,    0,    0,    0,    0,    0,   -4,   -4,   -4,  -11,  -11,    0,  -11,  -11,    0,    0,  -25,    0,    0,    0,    0,    0,    0,
       0,    0,    0,  -12,   -4,    0,    0,    0,    0,    0,    0,    0,    0,    0,    0,    0,    0,    0,    0,    0,   -6,    0,   -3,   -8,   -5,   -3,   -1,  -60,  -10,  -31,  -25,   -9,  -52,   -5,  -18,  -16,    0,    0,    0,    0,    0,   -2,    0,    0,    0,    0,    0,    0,    0,    0,   -4,    0,    0,   -5,    0,    0,  -14,    0,    0,    0,    0,    0,    0,    0,    0,    0,   -8,   -8,   -8,    0,    0,    0,    0,    0,    0,    0,    0,    0,    0,    0,    0,    0,    0,    0,    0,    0,    0,    0,    0,    0,    0,    0,    0,   -2,   -2,    0,    0,   -8,    0,   -8,    0,    0,    0,    0,   -8,    0,    0,    0,    0,    0,    0,    0,    0,  -60,    0,    0,    0,    0,    0,    0,   -2,   -2,    0,    0,    0,    0,    0,    0,   -8,    0,    0,    0,    0,    0,    0,    0,    0,    0,    0,    0,    0,    0,    0,    0,    0,    0,    0,    0,    0,    0,    0,    0,    0,    0,    0,    0,    0,    0,    0,    0,    0,    0,    0,    0,    0,    0,    0,    0,    0,    0,    0,    0,    0,    0,    0,    0,    0,    0,    0,    0,    0,    0,    0,    0,    0,    0,    0,    0,    0,    0,    0,    0,    0,    0,    0,    0,    0,    0,    0,    0,    0,    0,    0,    0,    0,    0,    0,    0,    0,    0,    0,    0,    0,    0,    0,    0,    0,    0,    0,    0,    0,    0,    0,    0,    0,    0,    0,    0,    0,    0,    0,    0,    0,   -3,   -3,    0,   -9,   -9,   -6,    0,    0,    0,
       0,    0,    0,    0,    0,    0,    0,    0,    0,    0,    0,    0,    0,    0,    0,    0,    0,    0,    0,    0,    0,    0,    0,    0,    0,    0,    0,  -47,   -3,  -15,   -8,    0,  -30,    0,   -5,    0,    0,    0,   -1,    0,    0,    0,    0,    0,    0,    0,    0,    0,    0,    0,    0,    0,    0,    0,    0,    0,    0,    0,    0,    0,    0,    0,    0,    0,    0,    0,    0,    0,    0,    0,    0,    0,    0,    0,   -1,   -1,   -1,    0,    0,    0,    0,   -2,   -1,   -1,   -1,   -1,    0,    0,    0,   -1,   -1,   -1,   -1,    0,    0,    0,    0,    0,    0,    0,    0,    0,    0,    0,    0,    0,    0,    0,   -1,    0,    0,    0,    0,  -47,    0,    0,    0,   -1,    0,    0,    4,    0,    0,    0,    0,    0,   -1,    0,    0,    0,   -1,    0,    0,    0,    0,    0,    0,    0,    0,    0,    0,    0,    0,    0,    0,    0,    0,    0,    0,    0,    0,    0,    0,    0,    0,    0,    0,    0,    0,    0,    0,    0,    0,    0,    0,    0,    0,    0,    0,    0,    0,    0,    0,    0,    0,    0,    0,    0,    0,    0,    0,    0,    0,    0,    0,    0,    0,    0,    0,    0,    0,    0,    0,    0,    0,    0,    0,    0,    0,    0,    0,    0,    0,    0,    0,    0,    0,    0,    0,    0,    0,    0,    0,    0,    0,    0,    0,    0,    0,    0,    0,    0,    0,    0,    0,    0,    0,    0,   -1,   -1,    0,   -1,    0,    0,    0,    0,    0,    0,    0,    0,    0,    0,
       0,    0,    0,  -12,    0,  -19,  -18,  -20,    0,    0,    0,    0,    0,    0,    0,    0,    0,    0,    0,    0,    0,    0,  -21,   -6,   -1,  -39,   -3,  -46,   -4,  -13,   -8,  -25,  -30,  -15,    0,  -15,   -6,    0,   -7,   -7,    0,   -6,    0,    0,    0,    0,   -7,   -5,    0,    0,    0,    0,    0,    0,    0,    0,  -14,  -13,    0,    0,   -5,    0,    0,    0,    0,    0,   -6,   -6,   -6,    0,   -6,   -6,   -6,   -6,   -7,   -7,   -7,    0,    0,    0,    0,  -12,   -7,   -7,   -7,   -7,    0,   -6,   -6,   -7,   -7,   -7,   -7,   -6,   -6,    0,    0,   -6,    0,   -6,    0,    0,    0,    0,   -6,    0,    0,    0,   -7,    0,   -5,   -5,    0,  -46,    0,   -6,    0,   -7,    0,   -4,   -6,   -6,    0,    0,    0,   -6,   -7,    0,   -6,    0,   -7,    0,    0,    0,    0,    0,    0,    0,    0,    0,    0,    0,    0,    0,    0,    0,    0,    0,    0,    0,    0,    0,    0,    0,    0,    0,    0,    0,    0,    0,    0,    0,    0,    0,    0,    0,    0,    0,    0,    0,    0,    0,    0,    0,    0,    0,    0,    0,    0,    0,    0,    0,    0,    0,    0,    0,    0,    0,    0,    0,    0,    0,    0,    0,    0,    0,    0,    0,    0,    0,    0,    0,    0,    0,    0,    0,    0,    0,    0,    0,    0,    0,    0,    0,    0,    0,    0,    0,    0,    0,    0,    0,    0,    0,    0,   -6,   -6,   -6,   -7,   -7,    0,   -7,    0,    0,    0,  -20,    0,    0,    0,    0,    0,    0,
       0,    0,    0,  -10,    0,  -13,  -11,  -14,    0,    0,    0,    0,    0,    0,    0,    0,    0,    0,    0,    0,    0,    0,  -16,   -5,    0,  -33,   -2,  -47,   -2,  -13,   -8,  -22,  -28,  -12,    0,  -13,   -3,    0,   -4,   -4,    0,   -3,    0,    0,    0,    0,   -4,   -2,    0,    0,    0,    0,    0,    0,    0,    0,  -11,  -11,    0,    0,    0,    0,    0,    0,    0,    0,   -5,   -5,   -5,    0,   -3,   -3,   -3,   -3,   -4,   -4,   -4,    0,    0,    0,    0,   -7,   -4,   -4,   -4,   -4,    0,   -3,   -3,   -4,   -4,   -4,   -4,   -3,   -3,    0,    0,   -5,    0,   -5,    0,    0,    0,    0,   -5,    0,    0,    0,   -4,    0,   -2,   -2,    0,  -47,    0,   -3,    0,   -4,    0,   -2,   -3,   -3,    0,    0,    0,   -3,   -4,    0,   -5,    0,   -4,    0,    0,    0,    0,    0,    0,    0,    0,    0,    0,    0,    0,    0,    0,    0,    0,    0,    0,    0,    0,    0,    0,    0,    0,    0,    0,    0,    0,    0,    0,    0,    0,    0,    0,    0,    0,    0,    0,    0,    0,    0,    0,    0,    0,    0,    0,    0,    0,    0,    0,    0,    0,    0,    0,    0,    0,    0,    0,    0,    0,    0,    0,    0,    0,    0,    0,    0,    0,    0,    0,    0,    0,    0,    0,    0,    0,    0,    0,    0,    0,    0,    0,    0,    0,    0,    0,    0,    0,    0,    0,    0,    0,    0,    0,   -3,   -3,   -3,   -4,   -4,    0,   -4,    0,    0,    0,  -13,    0,    0,    0,    0,    0,    0,
       0,    0,    0,    0,    0,    0,    0,    0,    0,    0,    0,    0,    0,    0,    0,    0,    0,    0,    0,    0,    0,    0,    0,   -2,   -8,    0,   -1,  -47,   -6,  -15,  -10,    0,  -28,    0,   -5,  -11,    0,    0,  -12,  -11,    0,    0,    0,    0,    0,    0,  -11,    0,    0,    0,    0,    0,    0,    0,    0,    0,   -6,    0,    0,    0,  -14,   -9,    0,    0,    0,    0,   -2,   -2,   -2,    0,    0,    0,    0,    0,  -12,  -12,  -12,    0,    0,    0,    0,  -14,  -12,  -12,  -12,  -12,    0,    0,    0,  -12,  -12,  -12,  -12,    0,    0,    0,    0,   -2,    0,   -2,    0,    0,    0,    0,   -2,    0,    0,    0,  -12,    0,    0,    0,    0,  -47,    0,    0,    0,  -12,    0,   -4,    8,    0,    0,    0,    0,    0,  -12,    0,   -2,    0,  -12,    0,    0,    0,    0,    0,    0,    0,    0,    0,    0,    0,    0,    0,    0,    0,    0,    0,    0,    0,    0,    0,    0,    0,    0,    0,    0,    0,    0,    0,    0,    0,    0,    0,    0,    0,    0,    0,    0,    0,    0,    0,    0,    0,    0,    0,    0,    0,    0,    0,    0,    0,    0,    0,    0,    0,    0,    0,    0,    0,    0,    0,    0,    0,    0,    0,    0,    0,    0,    0,    0,    0,    0,    0,    0,    0,    0,    0,    0,    0,    0,    0,    0,    0,    0,    0,    0,    0,    0,    0,    0,    0,    0,    0,    0,    0,    0,    0,  -12,  -12,    0,  -12,   -9,    0,    0,    0,    0,    0,    0,    0,    0,    0,
       0,    0,    0,  -11,    0,  -20,  -19,  -20,    0,    0,    0,    0,    0,    0,    0,    0,    0,    0,    0,    0,    0,    0,  -22,   -6,   -1,  -40,   -3,  -45,   -2,  -11,   -7,  -24,  -28,  -15,    0,  -15,   -5,    0,   -7,   -7,    0,   -6,    0,    0,    0,    0,   -7,   -5,    0,    0,    0,    0,    0,    0,    0,    0,  -13,  -13,    0,    0,   -5,    0,    0,    0,    0,    0,   -6,   -6,   -6,    0,   -5,   -5,   -5,   -5,   -7,   -7,   -7,    0,    0,    0,    0,  -12,   -7,   -7,   -7,   -7,    0,   -5,   -5,   -7,   -7,   -7,   -7,   -6,   -6,    0,    0,   -6,    0,   -6,    0,    0,    0,    0,   -6,    0,    0,    0,   -7,    0,   -5,   -5,    0,  -45,    0,   -5,    0,   -7,    0,   -4,   -6,   -6,    0,    0,    0,   -5,   -7,    0,   -6,    0,   -7,    0,    0,    0,    0,    0,    0,    0,    0,    0,    0,    0,    0,    0,    0,    0,    0,    0,    0,    0,    0,    0,    0,    0,    0,    0,    0,    0,    0,    0,    0,    0,    0,    0,    0,    0,    0,    0,    0,    0,    0,    0,    0,    0,    0,    0,    0,    0,    0,    0,    0,    0,    0,    0,    0,    0,    0,    0,    0,    0,    0,    0,    0,    0,    0,    0,    0,    0,    0,    0,    0,    0,    0,    0,    0,    0,    0,    0,    0,    0,    0,    0,    0,    0,    0,    0,    0,    0,    0,    0,    0,    0,    0,    0,    0,   -5,   -5,   -5,   -7,   -7,    0,   -7,    0,    0,    0,  -21,    0,    0,    0,    0,    0,    0,
       0,    0,    0,    0,    0,    0,    0,    0,    0,    0,    0,    0,    0,    0,    0,    0,    0,    0,    0,    0,    0,    0,    0,   -6,   -4,    0,   -1,  -50,   -8,  -20,  -15,    0,  -36,    0,   -7,  -12,    0,    0,   -5,   -4,    0,    0,    0,    0,    0,    0,   -4,    0,    0,    0,    0,    0,    0,    0,    0,    0,  -11,    0,    0,    0,   -6,   -4,    0,    0,    0,    0,   -6,   -6,   -6,    0,    0,    0,    0,    0,   -5,   -5,   -5,    0,    0,    0,    0,   -7,   -5,   -5,   -5,   -5,    0,    0,    0,   -5,   -5,   -5,   -5,    0,    0,    0,    0,   -6,    0,   -6,    0,    0,    0,    0,   -6,    0,    0,    0,   -5,    0,    0,    0,    0,  -50,    0,    0,    0,   -5,    0,    0,    0,    0,    0,    0,    0,    0,   -5,    0,   -6,    0,   -5,    0,    0,    0,    0,    0,    0,    0,    0,    0,    0,    0,    0,    0,    0,    0,    0,    0,    0,    0,    0,    0,    0,    0,    0,    0,    0,    0,    0,    0,    0,    0,    0,    0,    0,    0,    0,    0,    0,    0,    0,    0,    0,    0,    0,    0,    0,    0,    0,    0,    0,    0,    0,    0,    0,    0,    0,    0,    0,    0,    0,    0,    0,    0,    0,    0,    0,    0,    0,    0,    0,    0,    0,    0,    0,    0,    0,    0,    0,    0,    0,    0,    0,    0,    0,    0,    0,    0,    0,    0,    0,    0,    0,    0,    0,    0,    0,    0,   -5,   -5,    0,   -5,   -4,    0,    0,    0,    0,    0,    0,    0,    0,    0,
       0,    0,    0,    0,    0,    0,    0,    0,  -10,   -6,    0,   -5,  -10,   -4,  -13,    0,   -5,    0,    0,    0,    0,    0,   -6,    0,  -11,   -4,   -5,    0,    0,    4,    0,    0,    4,    0,    0,    0,  -14,    0,  -16,  -16,  -11,    0,    0,   10,    0,  -12,  -16,  -15,  -12,  -13,  -14,  -11,   -6,  -10,  -11,    0,    0,    0,    0,    0,    0,    0,    0,    0,    0,  -13,   13,    8,    0,    0,  -14,  -14,  -14,  -14,  -16,  -16,  -16,   14,    0,    0,    7,  -14,  -16,  -16,  -16,  -16,  -13,  -14,  -14,  -16,  -16,  -16,  -16,    0,    0,   20,    0,   13,    2,    5,    6,    9,    0,   10,   -5,    0,  -12,   -2,  -16,  -12,  -15,  -15,  -12,    0,  -11,  -14,   16,  -16,  -13,  -14,    0,    0,    0,    7,   17,   -4,  -13,   42,   10,    0,  -14,   10,  -11,    6,    0,    0,    0,  -11,   -5,    8,   -4,    0,    5,   -6,    0,    0,   -4,  -12,    0,    0,    0,   -5,    0,  -14,  -13,  -12,    0,  -16,  -11,  -14,  -12,  -13,  -13,  -10,   -6,  -14,  -13,  -14,  -14,  -16,    0,  -15,    0,    7,   10,    0,  -12,  -10,    0,    0,    0,    0,    0,    0,    0,    0,    0,    0,    0,    0,    0,    0,    0,    0,    0,  -12,    0,  -13,    4,  -13,    2,  -13,   -6,   -5,  -16,    0,  -14,  -14,  -12,  -16,   -5,  -14,  -14,  -14,    0,    5,  -12,  -11,  -16,  -14,  -10,  -10,  -14,    0,   -6,  -14,   21,  -14,  -16,   12,    0,   10,    0,    0,    0,    0,    0,    0,    0,    0,  -11,  -11,
       0,    0,    0,    0,    0,    0,    0,    0,    0,    0,    0,    0,    0,    0,    0,    0,    0,    0,    0,    0,    0,    0,    0,    0,    0,    0,    0,    0,    0,    0,    0,    0,    0,    0,    0,    0,    0,    0,    0,    0,    0,    0,    0,    0,    0,    0,    0,    0,    0,    0,    0,    0,    0,    0,    0,    0,    0,    0,    0,    0,    0,    0,    0,    0,    0,    0,    0,    0,    0,    0,    0,    0,    0,    0,    0,    0,    0,    0,    0,    2,    0,    0,    0,    0,    0,    0,    0,    0,    0,    0,    0,    0,    0,    0,    0,    6,    0,    0,    0,    0,    0,    0,    0,    3,    0,    0,    0,    0,    0,    0,    0,    0,    0,    0,    0,    0,    0,    0,    0,    0,    0,    0,    0,    0,    3,    0,    0,   22,    0,    0,    0,    0,    0,    0,    0,    0,    0,    0,    0,    0,    0,    0,    0,    0,    0,    0,    0,    0,    0,    0,    0,    0,    0,    0,    0,    0,    0,    0,    0,    0,    0,    0,    0,    0,    0,    0,    0,    0,    0,    0,    0,    0,    0,    0,    0,    0,    0,    0,    0,    0,    0,    0,    0,    0,    0,    0,    0,    0,    0,    0,    0,    0,    0,    0,    0,    0,    0,    0,    0,    0,    0,    0,    0,    0,    0,    0,    0,    0,    0,    0,    0,    0,    0,    0,    0,    0,    0,    0,    0,    0,    0,    0,    0,    0,    0,    0,   13,    0,    0,    5,    0,    3,    0,    0,    0,    0,    0,    0,    0,    0,    0,    0,
       0,    0,    0,    0,    0,    0,    0,    0,    0,    0,    0,    0,    0,    0,    0,    0,    0,    0,    0,    0,    0,    0,  -18,    0,    0,  -15,    0,  -16,    0,  -19,   -7,    0,  -21,    0,    0,    0,    0,    0,    0,    0,    0,    0,    0,    0,    0,    0,    0,    0,    0,    0,  -13,  -11,    0,  -13,    0,    0,    0,    0,    0,    0,    0,    0,    0,    0,    0,  -20,    0,    0,    0,    0,    0,    0,    0,    0,    0,    0,    0,    0,    0,    0,    0,    0,    0,    0,    0,    0,    0,    0,    0,    0,    0,    0,    0,    0,    0,    0,    0,    0,    0,    0,    0,    0,    0,    0,   -5,  -21,    0,  -25,    0,    0,    0,    0,   -4,  -15,    0,    0,    0,    0,    0,    0,   -9,    0,    0,   -9,    0,    0,    0,    0,    0,    0,    0,    0,    0,   -9,    0,    0,    0,    0,    0,    0,    0,    0,    0,    0,    0,    0,    0,    0,    0,    0,    0,    0,    0,    0,    0,    0,    0,    0,    0,    0,    0,    0,    0,    0,    0,    0,    0,    0,    0,    0,    0,    0,    0,    0,    0,    0,    0,    0,    0,    0,    0,    0,    0,    0,    0,    0,    0,    0,    0,    0,    0,    0,    0,    0,    0,    0,    0,    0,    0,    0,    0,    0,    0,    0,    0,    0,    0,    0,    0,    0,    0,    0,    0,    0,    0,    0,    0,    0,    0,    0,    0,    0,    0,    0,    0,    0,    0,    0,    0,    0,    0,    0,    0,    0,    0,    0,   -5,   -5,    0,    0,    0,    0,
       0,    0,    0,    0,    0,    0,    0,    0,    0,    0,    0,    0,    0,    0,    0,    0,    0,    0,    0,    0,    0,    0,    0,    0,    0,    0,    0,  -35,    0,  -14,   -7,    0,  -23,    0,    0,    0,    0,    0,    0,    0,    0,    0,    0,    0,    0,    0,    0,    0,    0,    0,    0,    0,    0,    0,    0,    0,    0,    0,    0,    0,    0,    0,    0,    0,    0,    0,    0,    0,    0,    0,    0,    0,    0,    0,    0,    0,    0,    0,    0,    0,    0,    0,    0,    0,    0,    0,    0,    0,    0,    0,    0,    0,    0,    0,    0,    0,    0,    0,    0,    0,    0,    0,    0,    0,    0,    0,    0,    0,    0,    0,    0,    0,    0,  -27,    0,    0,    0,    0,    0,    0,    0,    0,    0,    0,    0,    0,    0,    0,    0,    0,    0,    0,    0,    0,    0,    0,    0,    0,    0,    0,    0,    0,    0,    0,    0,    0,    0,    0,    0,    0,    0,    0,    0,    0,    0,    0,    0,    0,    0,    0,    0,    0,    0,    0,    0,    0,    0,    0,    0,    0,    0,    0,    0,    0,    0,    0,    0,    0,    0,    0,    0,    0,    0,    0,    0,    0,    0,    0,    0,    0,    0,    0,    0,    0,    0,    0,    0,    0,    0,    0,    0,    0,    0,    0,    0,    0,    0,    0,    0,    0,    0,    0,    0,    0,    0,    0,    0,    0,    0,    0,    0,    0,    0,    0,    0,    0,    0,    0,    0,    0,    0,    0,    0,    0,    0,    0,    0,    0,    0,    0,    0,    0,
       0,    0,    0,    0,    0,    0,    0,    0,    0,    0,    0,    0,    0,    0,    0,    0,    0,    0,    0,    0,    0,    0,    0,    0,    0,   -6,    0,  -40,    0,  -18,   -8,    0,  -30,    0,    0,    0,    0,    0,    0,    0,    0,    0,    0,    0,    0,    0,    0,    0,    0,    0,    0,    0,    0,    0,    0,    0,    0,    0,    0,    0,    0,    0,    0,    0,    0,    0,    0,    0,    0,    0,    0,    0,    0,    0,    0,    0,    0,    0,    0,    0,    0,    0,    0,    0,    0,    0,    0,    0,    0,    0,    0,    0,    0,    0,    0,    0,    0,    0,    0,    0,    0,    0,    0,    0,    0,    0,    0,    0,    0,    0,    0,    0,    0,  -69,    0,    0,    0,    0,    0,    0,    0,    0,    0,    0,    0,    0,    0,    0,    0,    0,    0,    0,    0,    0,    0,    0,  -40,    0,    0,    0,   -6,   -4,  -18,    0,    0,    0,    0,    0,    0,    0,  -35,    0,    0,    0,    0,    0,    0,    0,    0,    0,    0,   -5,    0,    0,    0,    0,    0,    0,    0,    0,    0,    0,    0,    0,    0,    0,    0,    0,    0,    0,    0,    0,    0,    0,    0,    0,    0,    0,    0,    0,    0,    0,    0,    0,    0,    0,    0,    0,  -29,    0,  -54,    0,    0,    0,    0,    0,    0,    0,    0,    0,    0,    0,    0,    0,    0,    0,    0,    0,    0,    0,    0,    0,    0,    0,    0,    0,    0,    0,    0,    0,    0,    0,    0,    0,    0,    0,   -5,   -5,    0,    0,    0,    0,
       0,    0,    0,    0,    0,    0,    0,    0,    0,    0,    0,    0,    0,    0,    0,  -16,    0,    0,    0,    0,    0,    0,    0,    0,    0,  -29,    0,  -33,    0,  -17,   -9,  -13,  -34,   -3,    0,    0,    0,    0,    0,    0,    0,    0,    0,    0,    0,    0,    0,    0,    0,    0,    0,    0,   -9,    0,   -5,    0,    0,    0,    0,    0,    0,    0,    0,    0,    0,   -9,    0,    0,    0,    0,    0,    0,    0,    0,    0,    0,    0,    0,    0,    0,    0,    0,    0,    0,    0,    0,    0,    0,    0,    0,    0,    0,    0,    0,    0,    0,    0,    0,    0,    0,    0,    0,    0,    0,    0,    0,    0,    0,    0,    0,    0,    0,    0,  -59,   -5,    0,    0,    0,    0,    0,    0,    0,    0,   -3,    0,    0,    0,    0,    0,    0,    0,    0,    0,   -3,  -12,    0,  -33,    0,    0,    0,  -29,  -18,  -23,    0,  -19,  -13,    0,    0,  -13,  -16,  -27,    0,    0,    0,    0,    0,  -18,    0,   -9,   -4,    0,  -22,  -11,    0,   -9,    0,   -7,    0,    0,    0,    0,    0,    0,    0,    0,    0,    0,    0,    0,    0,    0,    0,    0,    0,    0,    0,    0,    0,    0,    0,    0,    0,    0,    0,    0,    0,    0,  -11,  -34,    0,  -62,    0,   -9,    0,    0,    0,    0,    0,   -8,    0,    0,    0,    0,   -4,    0,   -3,    0,    0,    0,    0,    0,    0,    0,  -17,  -11,    0,    0,    0,    0,    0,    0,    0,    0,    0,  -17,    0,  -23,  -23,    0,    0,    0,    0,
       0,    0,    0,    0,    0,    0,    0,    0,    0,    0,    0,    0,  -17,    0,   -7,    0,    0,    0,    0,    0,    0,    0,    0,    0,    0,    0,    0,    0,    0,    0,    0,    0,    0,    0,    0,    0,    0,    0,    0,    0,    0,    0,    0,    0,    0,    0,    0,    0,    0,    0,    0,    0,    0,    0,    0,    0,    0,    0,    0,    0,    0,    0,    0,    0,    0,    0,    0,    0,    0,    0,    0,    0,    0,    0,    0,    0,    0,    0,    0,    0,    0,    0,    0,    0,    0,    0,    0,    0,    0,    0,    0,    0,    0,    0,    0,    0,    0,    0,    0,    0,    0,    0,    0,    0,    0,    0,    0,    0,    0,    0,    0,    0,    0,    0,    0,    0,    0,    0,    0,    0,    0,    0,    0,    0,    0,    0,    0,    0,    0,    0,    0,    0,    0,    0,    0,    0,    0,    0,    0,    0,    0,    0,    0,    0,    0,    0,    0,    0,    0,    0,    0,    0,    0,    0,    0,    0,    0,    0,    0,    0,    0,    0,    0,    0,    0,    0,    0,    0,    0,    0,    0,    0,    0,    0,    0,    0,    0,    0,    0,    0,    0,    0,    0,    0,    0,    0,    0,    0,    0,    0,    0,    0,    0,    0,    0,    0,    0,    0,    0,    0,    0,    0,    0,    0,    0,    0,    0,    0,    0,    0,    0,    0,    0,    0,    0,    0,    0,    0,    0,    0,    0,    0,    0,    0,    0,    0,    0,    0,    0,    0,    0,    0,    0,    0,    0,    0,    0,    0,    0,    0,    0,    0,
       0,  -13,    0,    0,    0,    0,    0,    0,    0,    0,    0,    0,    0,    0,    0,    0,    0,    0,    0,    0,    0,    0,    0,    0,    0,  -22,    0,  -43,    0,  -27,  -19,  -15,  -41,   -4,    0,    0,    0,    0,    0,    0,    0,    0,    0,    0,    0,    0,    0,    0,    0,    0,   -5,    0,  -14,  -10,  -10,    0,    0,    0,    0,    0,    0,    0,    0,    0,    0,   -6,    0,    0,    0,    0,    0,    0,    0,    0,    0,    0,    0,    0,    0,    0,    0,    0,    0,    0,    0,    0,    0,    0,    0,    0,    0,    0,    0,    0,    0,    0,    0,    0,    0,    0,    0,    0,    0,    0,    0,    0,    0,    0,    0,    0,    0,    0,    0,  -77,  -10,    0,    0,    0,    0,    0,    0,    0,    0,    0,    0,    0,    0,    0,    0,    0,    0,    0,    0,    0,  -15,    0,  -43,    0,    0,    0,  -22,  -15,  -31,    0,  -16,  -15,    0,    0,  -15,  -13,  -38,    0,  -11,    0,    0,    0,  -17,    0,  -13,  -10,    0,  -19,  -13,  -10,  -14,    0,  -13,    0,    0,    0,    0,    0,    0,    0,    0,    0,    0,  -10,    0,    0,    0,    0,    0,    0,    0,    0,    0,    0,    0,    0,    0,    0,    0,    0,    0,    0,    0,  -13,  -41,   -6,  -70,   -6,  -14,   -5,    0,    0,    0,    0,   -6,    0,    0,    0,    0,  -10,    0,    0,    0,    0,    0,    0,  -10,  -10,    0,  -22,  -18,    0,    0,    0,    0,    0,    0,    0,    0,    0,  -16,    0,  -22,  -22,    0,    0,    0,    0,
       0,    0,    0,    0,    0,    0,    0,    0,    0,    0,    0,    0,    0,    0,    0,    0,    0,    0,    0,    0,    0,    0,   -9,   -6,  -14,  -11,   -6,  -46,  -15,  -30,  -24,   -9,  -38,   -8,    0,    0,  -14,   -7,  -17,  -17,   -5,    0,   -7,    2,   -7,   -7,  -17,  -14,  -11,  -14,  -13,  -11,   -6,   -5,   -7,    0,    0,    0,    0,    0,    0,    0,    0,    0,    0,  -10,   -6,   -6,  -12,   -7,  -14,  -14,  -14,  -14,  -17,  -17,  -17,   -7,   -7,   -7,   -7,  -18,  -17,  -17,  -17,  -17,  -14,  -14,  -14,  -17,  -17,  -17,  -17,    0,    0,   -7,   -7,   -6,   -7,   -6,   -7,   -7,   -7,    2,  -15,   -7,   -7,   -7,  -17,   -7,  -14,  -14,  -11,  -39,   -7,  -14,   -7,  -17,  -14,  -14,    0,    0,   -8,    5,    2,  -14,  -17,   -7,   -6,   -7,  -17,   -7,  -14,    3,    0,    0,    0,    0,    0,    0,    0,    0,    0,    0,    0,    0,    0,    0,    0,    0,    0,    0,    0,    0,    0,    0,    0,    0,    0,    0,    0,    0,    0,    0,    0,    0,    0,    0,    0,    0,    0,    0,    0,    0,    0,    0,    0,    0,    0,    0,    0,    0,    0,    0,    0,    0,    0,    0,    0,    0,    0,    0,    0,    0,    0,    0,    0,    0,    0,    0,    0,    0,    0,    0,    0,    0,    0,    0,    0,    0,    0,    0,    0,    0,    0,    0,    0,    0,    0,    0,    0,    0,    0,    0,    0,  -14,  -14,  -14,  -17,  -17,   -7,  -17,    0,    0,    0,    0,    0,    0,    0,    0,   -5,   -5,
       0,    0,    0,    4,    0,    0,    0,    0,    0,    0,    0,    0,    0,    0,    0,    0,    0,    0,    0,    0,    0,    0,    0,    0,    0,    0,    0,    0,    0,    0,    0,    0,    0,    0,    0,   17,   -8,   -4,   -8,   -8,   -8,   -9,   -4,   -4,   -4,   -4,   -8,   -8,   -8,   -5,   -6,   -5,   -2,   -6,   -6,    0,   16,    0,    0,    0,    0,    0,    0,    0,    0,    0,    0,    0,    0,   -4,   -8,   -8,   -8,   -8,   -8,   -8,   -8,   -4,   -4,   -6,   -4,   -9,   -8,   -8,   -8,   -8,   -5,   -8,   -8,   -8,   -8,   -8,   -8,   -9,   -9,   -4,   -4,    0,   -4,    0,   -4,   -4,   -4,   -5,    0,   -4,   -4,   -4,   -8,   -4,   -8,   -8,   -8,    0,   -6,   -8,   -4,   -8,   -5,   -8,   -9,   -9,    0,   -4,   -4,   -8,   -8,   -4,    0,   -4,   -8,   -4,   -5,   -4,    0,    0,    0,    0,    0,    0,    0,    0,    0,    0,    0,    0,    0,    0,    0,    0,    0,    0,    0,    0,    0,    0,    0,    0,    0,    0,    0,    0,    0,    0,    0,    0,    0,    0,    0,    0,    0,    0,    0,    0,    0,    0,    0,    0,    0,    0,    0,    0,    0,    0,    0,    0,    0,    0,    0,    0,    0,    0,    0,    0,    0,    0,    0,    0,    0,    0,    0,    0,    0,    0,    0,    0,    0,    0,    0,    0,    0,    0,    0,    0,    0,    0,    0,    0,    0,    0,    0,    0,    0,    0,    0,   -8,   -8,   -8,   -8,   -8,   -4,   -8,    0,    0,    0,    0,    3,    3,    0,    0,   -8,   -8,
       0,    0,    0,    0,    0,    0,    0,    0,    0,    0,    0,    0,    0,    0,    0,    0,    0,    0,    0,    0,    0,    0,    0,    0,    0,    0,    0,    0,    0,    0,    0,    0,    0,    0,    0,   10,   -8,   -4,   -8,   -8,   -8,   -9,   -4,   -4,   -4,   -4,   -8,   -8,   -8,   -5,   -6,   -5,   -2,   -6,   -6,    0,    9,    0,    0,    0,    0,    0,    0,    0,    0,    0,    0,    0,    0,   -4,   -8,   -8,   -8,   -8,   -8,   -8,   -8,   -4,   -4,   -6,   -4,   -9,   -8,   -8,   -8,   -8,   -5,   -8,   -8,   -8,   -8,   -8,   -8,   -9,   -9,   -4,   -4,    0,   -4,    0,   -4,   -4,   -4,   -5,    0,   -4,   -4,   -4,   -8,   -4,   -8,   -8,   -8,    0,   -6,   -8,   -4,   -8,   -5,   -8,   -9,   -9,    0,   -4,   -4,   -8,   -8,   -4,    0,   -4,   -8,   -4,   -5,   -4,    0,    0,    0,    0,    0,    0,    0,    0,    0,    0,    0,    0,    0,    0,    0,    0,    0,    0,    0,    0,    0,    0,    0,    0,    0,    0,    0,    0,    0,    0,    0,    0,    0,    0,    0,    0,    0,    0,    0,    0,    0,    0,    0,    0,    0,    0,    0,    0,    0,    0,    0,    0,    0,    0,    0,    0,    0,    0,    0,    0,    0,    0,    0,    0,    0,    0,    0,    0,    0,    0,    0,    0,    0,    0,    0,    0,    0,    0,    0,    0,    0,    0,    0,    0,    0,    0,    0,    0,    0,    0,    0,   -8,   -8,   -8,   -8,   -8,   -4,   -8,    0,    0,    0,    0,    0,    0,    0,    0,   -8,   -8,
       0,    0,    0,   -6,    0,  -16,  -19,  -10,    0,    0,    0,    0,    0,    0,    0,    0,    0,    0,    0,    0,   -5,    0,  -12,    0,    0,  -23,   -1,  -18,    0,  -11,   -6,  -19,  -23,  -12,    0,  -11,   -2,   -2,    0,    0,    0,   -2,   -2,   -2,   -2,   -2,    0,    0,    0,   -1,    0,    0,   -2,    0,   -1,    0,   -5,    0,    0,    0,    0,    0,    0,    0,    0,    0,    0,    0,    0,   -2,   -2,   -2,   -2,   -2,    0,    0,    0,   -2,   -2,   -2,   -2,    0,    0,    0,    0,    0,   -1,   -2,   -2,    0,    0,    0,    0,   -2,   -2,   -2,   -2,    0,   -2,    0,   -2,   -2,   -2,   -2,    0,   -2,   -2,   -2,    0,   -2,    0,    0,    0,  -18,   -1,   -2,   -2,    0,   -1,    0,   -2,   -2,    0,    0,   -2,   -2,    0,   -2,    0,   -2,    0,   -2,   -1,    0,    0,    0,    0,    0,    0,    0,    0,    0,    0,    0,    0,    0,    0,    0,    0,    0,    0,    0,    0,    0,    0,    0,    0,    0,    0,    0,    0,    0,    0,    0,    0,    0,    0,    0,    0,    0,    0,    0,    0,    0,    0,    0,    0,    0,    0,    0,    0,    0,    0,    0,    0,    0,    0,    0,    0,    0,    0,    0,    0,    0,    0,    0,    0,    0,    0,    0,    0,    0,    0,    0,    0,    0,    0,    0,    0,    0,    0,    0,    0,    0,    0,    0,    0,    0,    0,    0,    0,    0,    0,    0,    0,   -2,   -2,   -2,    0,    0,   -2,    0,    0,    0,    0,  -16,   -4,   -4,    0,    0,    0,    0,
       0,    0,    0,    0,    0,    0,    0,    0,    0,    0,    0,    0,    0,    0,    0,    0,    0,    0,    0,    0,    0,    0,    0,    0,    0,    0,    0,    0,    0,    0,    0,    0,    0,    0,   -5,  -11,    0,    0,    0,    0,   -6,   -2,    0,    0,    0,    0,    0,   -2,   -6,    0,   -8,   -5,   -4,   -9,    0,    0,   -5,    0,    0,    0,    0,    0,    0,    0,    0,    0,    0,    0,    0,    0,    0,    0,    0,    0,    0,    0,    0,    0,    0,    0,    0,    0,    0,    0,    0,    0,    0,    0,    0,    0,    0,    0,    0,   -2,   -2,    0,    0,    0,    0,    0,    0,    0,    0,    0,    0,    0,    0,    0,    0,    0,   -2,   -2,   -6,    0,    0,    0,    0,    0,    0,    0,   -2,   -2,    0,    0,    0,    0,    0,    0,    0,    0,    0,    0,    0,    0,    0,    0,    0,    0,    0,    0,    0,    0,    0,    0,    0,    0,    0,    0,    0,    0,    0,    0,    0,    0,    0,    0,    0,    0,    0,    0,    0,    0,    0,    0,    0,    0,    0,    0,    0,    0,    0,    0,    0,    0,    0,    0,    0,    0,    0,    0,    0,    0,    0,    0,    0,    0,    0,    0,    0,    0,    0,    0,    0,    0,    0,    0,    0,    0,    0,    0,    0,    0,    0,    0,    0,    0,    0,    0,    0,    0,    0,    0,    0,    0,    0,    0,    0,    0,    0,    0,    0,    0,    0,    0,    0,    0,    0,    0,    0,    0,    0,    0,    0,    0,    0,    0,    0,    0,    0,    0,   -6,   -6,
       6,   14,    0,   20,    2,    0,    0,    0,    0,    0,    0,    0,    0,    0,    0,    0,    0,    0,    0,    0,    0,    0,   -1,   -4,   -5,   -2,   -3,   -2,   -6,    0,   -2,    0,    0,   -3,   20,   22,    0,    9,    0,    0,    0,    0,    0,    0,    9,    0,    0,    0,    0,    0,    0,    0,    0,    0,    0,    6,   21,    0,    0,    3,    0,    0,    0,    0,    0,    0,   -4,   -4,   -4,    9,    0,    0,    0,    0,    0,    0,    0,    0,    0,    0,    3,    0,    0,    0,    0,    0,    0,    0,    0,    0,    0,    0,    0,    0,    0,    9,    9,   -4,    0,   -4,    0,    0,    0,    0,   -4,    9,    0,    0,    0,   15,    0,   10,    0,   -2,    5,    0,    0,    0,    0,    0,    0,    0,    0,    0,    0,    0,    0,   18,   -4,    0,    0,    0,    0,    0,    0,    0,    0,    0,    0,    0,    0,    0,    0,    0,    0,    0,    0,    0,    0,    0,    0,    0,    0,    0,    0,    0,    0,    0,    0,    0,    0,    0,    0,    0,    0,    0,    0,    0,    0,    0,    0,    0,    0,    0,    0,    0,    0,    0,    0,    0,    0,    0,    0,    0,    0,    0,    0,    0,    0,    0,    0,    0,    0,    0,    0,    0,    0,    0,    0,    0,    0,    0,    0,    0,    0,    0,    0,    0,    0,    0,    0,    0,    0,    0,    0,    0,    0,    0,    0,    0,    0,    0,    0,    0,    0,    0,    0,    0,    0,    0,    0,    0,    0,    6,   13,    0,   14,   14,   12,    0,    0,    0,
       5,   14,    0,    6,    6,    0,    0,    0,    0,    0,    0,    0,    0,    0,    0,    0,    0,    0,    0,    0,    5,    0,   -1,   -4,   -5,   -2,   -3,   -2,   -6,    0,   -2,    0,    0,   -3,    2,    0,    0,    8,    0,    0,    0,    0,    0,    0,    8,    0,    0,    0,    0,    0,    0,    0,    0,    0,    0,    5,    0,    0,    0,    4,    0,    0,    0,   18,    0,    0,   -4,   -4,   -4,    8,    0,    0,    0,    0,    0,    0,    0,    0,    0,    0,    3,    0,    0,    0,    0,    0,    0,    0,    0,    0,    0,    0,    0,    0,    0,    8,    8,   -4,    0,   -4,    0,    0,    0,    0,   -4,    8,    0,    0,    0,    0,    0,    0,    0,   -2,    0,    0,    0,    0,    0,    0,    0,    0,    0,    0,    0,    0,    0,   18,   -4,    0,    0,    0,    0,    0,    0,    0,    0,    0,    0,    0,    0,    0,    0,    0,    0,    0,    0,    0,    0,    0,    0,    0,    0,    0,    0,    0,    0,    0,    0,    0,    0,    0,    0,    0,    0,    0,    0,    0,    0,    0,    0,    0,    0,    0,    0,    0,    0,    0,    0,    0,    0,    0,    0,    0,    0,    0,    0,    0,    0,    0,    0,    0,    0,    0,    0,    0,    0,    0,    0,    0,    0,    0,    0,    0,    0,    0,    0,    0,    0,    0,    0,    0,    0,    0,    0,    0,    0,    0,    0,    0,    0,    0,    0,    0,    0,    0,    0,    0,    0,    0,    0,    0,    0,   17,    5,    0,   16,   16,    7,    0,    0,    0,
       0,    9,    0,   10,   13,    0,    0,    0,    0,    0,    0,    0,    0,    0,    0,    0,    0,    0,    0,    0,   12,    0,   -1,   -4,   -5,   -2,   -3,   -2,   -6,    0,   -2,    0,    0,   -3,    5,   10,    0,    2,    0,    0,    0,    0,    6,    6,    2,    0,    0,    0,    0,    0,    0,    0,    0,    0,    0,    0,   10,    0,    0,    5,    0,    0,    0,   11,    0,    0,   -4,   -4,   -4,    2,    0,    0,    0,    0,    0,    0,    0,    6,    6,    6,    3,    0,    0,    0,    0,    0,    0,    0,    0,    0,    0,    0,    0,    0,    0,    2,    2,   -4,    6,   -4,    6,    6,    6,    6,   -4,    2,    0,    0,    0,    0,    0,    0,    0,   -2,    0,    0,    6,    0,    0,    0,    0,    0,    0,    0,    6,    0,    0,   18,   -4,    6,    0,    0,    0,    0,    0,    0,    0,    0,    0,    0,    0,    0,    0,    0,    0,    0,    0,    0,    0,    0,    0,    0,    0,    0,    0,    0,    0,    0,    0,    0,    0,    0,    0,    0,    0,    0,    0,    0,    0,    0,    0,    0,    0,    0,    0,    0,    0,    0,    0,    0,    0,    0,    0,    0,    0,    0,    0,    0,    0,    0,    0,    0,    0,    0,    0,    0,    0,    0,    0,    0,    0,    0,    0,    0,    0,    0,    0,    0,    0,    0,    0,    0,    0,    0,    0,    0,    0,    0,    0,    0,    0,    0,    0,    0,    0,    0,    0,    0,    0,    0,    6,    0,    0,   10,    4,    0,   13,   13,    8,    0,    0,    0,
       0,    0,    0,  -11,    0,    0,    0,   -6,    0,    0,    0,    0,    0,    0,    0,    0,    0,    0,    0,    0,   -4,    0,    0,    0,    0,    0,    0,    0,    0,    0,    0,    0,    0,    0,  -11,  -14,    0,    0,    0,    0,   -2,    0,    0,    0,    0,    0,    0,    0,    0,    0,   -2,    0,   -8,   -3,   -3,    0,  -12,    0,    0,    0,    0,    0,    0,    0,    0,    0,    0,    0,    0,    0,    0,    0,    0,    0,    0,    0,    0,    0,    0,    0,    0,    0,    0,    0,    0,    0,    0,    0,    0,    0,    0,    0,    0,    0,    0,    0,    0,    0,    0,    0,    0,    0,    0,    0,    0,    0,    0,    0,    0,    0,    0,    0,    0,    0,   -3,    0,    0,    0,    0,    0,    0,    0,    0,    0,    0,    0,    0,    0,    0,    0,    0,    0,    0,    0,    0,    0,    0,    0,    0,    0,    0,    0,    0,    0,    0,    0,    0,    0,    0,    0,    0,    0,    0,    0,    0,    0,    0,    0,    0,    0,    0,    0,    0,    0,    0,    0,    0,    0,    0,    0,    0,    0,    0,    0,    0,    0,    0,    0,    0,    0,    0,    0,    0,    0,    0,    0,    0,    0,    0,    0,    0,    0,    0,    0,    0,    0,    0,    0,    0,    0,    0,    0,    0,    0,    0,    0,    0,    0,    0,    0,    0,    0,    0,    0,    0,    0,    0,    0,    0,    0,    0,    0,    0,    0,    0,    0,    0,    0,    0,    0,    0,    0,    0,    0,    0,    0,    0,    0,   -9,    0,   -2,   -2,
       0,  -19,    0,  -16,  -14,    0,    0,    0,    0,    0,    0,    0,    0,    0,    0,    0,    0,    0,    0,    0,  -16,    0,   -7,   -8,   -4,  -17,   -8,  -66,  -10,  -40,  -30,  -21,  -59,  -13,  -24,  -18,    0,    0,    0,    0,   -6,   -1,    0,    0,    0,    0,    0,    0,   -5,    0,   -7,   -4,  -12,   -9,   -5,    0,  -16,    0,    0,   -5,    0,    0,    0,   -3,    0,    0,   -8,   -8,   -8,    0,    0,    0,    0,    0,    0,    0,    0,    0,    0,    0,    0,    0,    0,    0,    0,    0,    0,    0,    0,    0,    0,    0,    0,   -1,   -1,    0,    0,   -8,    0,   -8,    0,    0,    0,    0,   -8,    0,    0,    0,    0,    0,    0,    0,   -5,  -66,   -5,    0,    0,    0,    0,    0,   -1,   -1,    0,   -4,    0,    0,    0,    0,   -8,    0,    0,    0,    0,   -4,    0,    0,    0,    0,    0,    0,    0,    0,    0,    0,    0,    0,    0,    0,    0,    0,    0,    0,    0,    0,    0,    0,    0,    0,    0,    0,    0,    0,    0,    0,    0,    0,    0,    0,    0,    0,    0,    0,    0,    0,    0,    0,    0,    0,    0,    0,    0,    0,    0,    0,    0,    0,    0,    0,    0,    0,    0,    0,    0,    0,    0,    0,    0,    0,    0,    0,    0,    0,    0,    0,    0,    0,    0,    0,    0,    0,    0,    0,    0,    0,    0,    0,    0,    0,    0,    0,    0,    0,    0,    0,    0,    0,    0,    0,    0,    0,    0,    0,    0,  -20,  -11,    0,  -10,  -10,  -16,    0,   -6,   -6,
       0,  -30,    0,    3,  -30,    0,    0,    0,    0,    0,    0,    0,    0,    0,    0,    0,    0,    0,    0,    0,    0,    0,    0,    0,  -10,    0,    0,  -38,   -9,  -29,  -23,    0,  -37,    0,  -30,    3,    0,   -1,   -7,   -6,  -12,    0,   -1,   21,   -1,   -1,   -6,    0,  -16,   -7,  -21,  -16,    0,  -23,    0,    0,    3,  -18,   -5,  -26,    0,    0,    0,  -29,    0,    0,    0,    0,    0,   -1,    0,    0,    0,    0,   -7,   -7,   -7,   -1,   -1,   -1,   -1,   -6,   -7,   -7,   -7,   -7,   -7,    0,    0,   -7,   -7,   -7,   -7,    0,    0,   -1,   -1,    0,   -1,    0,   -1,   -1,   -1,   -1,   -2,   -1,   -1,   -1,   -7,   -1,    0,    0,  -16,  -72,    0,    0,   -1,   -7,   -7,   -5,   10,    0,   -2,  -24,   -1,    0,   -7,   -1,    0,   -1,   -7,   -1,   -7,  -24,    0,    0,    0,    0,    0,    0,    0,    0,    0,    0,    0,    0,    0,    0,    0,    0,    0,    0,    0,    0,    0,    0,    0,    0,    0,    0,    0,    0,    0,    0,    0,    0,    0,    0,    0,    0,    0,    0,    0,    0,    0,    0,    0,    0,    0,    0,    0,    0,    0,    0,    0,    0,    0,    0,    0,    0,    0,    0,    0,    0,    0,    0,    0,    0,    0,    0,    0,    0,    0,    0,    0,    0,    0,    0,    0,    0,    0,    0,    0,    0,    0,    0,    0,    0,    0,    0,    0,    0,    0,    0,    0,    0,    0,    0,   -7,   -7,   -1,   -7,    0,  -31,  -30,    5,  -35,  -35,  -10,    0,  -12,  -12,
       0,   -6,    0,   -9,  -11,    0,    0,    0,    0,    0,    0,    0,    0,    0,    0,    0,    0,    0,    0,    0,  -12,    0,    0,   -5,   -6,    0,   -5,  -66,  -10,  -35,  -25,   -5,  -56,   -5,  -22,   -8,    0,    0,    0,    0,   -4,    0,    0,   16,    0,    0,    0,    0,   -3,    0,   -6,   -2,    0,   -6,    0,    0,   -8,    0,    0,   -4,    0,    0,    0,   -5,    0,    0,   -5,   -5,   -5,    0,    0,    0,    0,    0,    0,    0,    0,    0,    0,    0,    0,    0,    0,    0,    0,    0,    0,    0,    0,    0,    0,    0,    0,    0,    0,    0,    0,   -5,    0,   -5,    0,    0,    0,    0,   -5,    0,    0,    0,    0,    0,    0,    0,   -3,  -66,    0,    0,    0,    0,    0,    0,    0,    0,    0,   -2,    0,    0,    0,    0,   -5,    0,    0,    0,    0,   -2,    0,    0,    0,    0,    0,    0,    0,    0,    0,    0,    0,    0,    0,    0,    0,    0,    0,    0,    0,    0,    0,    0,    0,    0,    0,    0,    0,    0,    0,    0,    0,    0,    0,    0,    0,    0,    0,    0,    0,    0,    0,    0,    0,    0,    0,    0,    0,    0,    0,    0,    0,    0,    0,    0,    0,    0,    0,    0,    0,    0,    0,    0,    0,    0,    0,    0,    0,    0,    0,    0,    0,    0,    0,    0,    0,    0,    0,    0,    0,    0,    0,    0,    0,    0,    0,    0,    0,    0,    0,    0,    0,    0,    0,    0,    0,    0,    0,    0,    0,  -10,   -8,    0,  -13,  -13,  -13,    0,   -4,   -4,
       0,    0,    0,   -6,   -3,    0,    0,    0,    0,    0,    0,    0,    0,    0,    0,    0,    0,    0,    0,    0,   -5,    0,    0,   -3,   -6,    0,   -2,  -57,  -10,  -31,  -22,    0,  -47,    0,   -9,   -8,    0,    0,   -5,   -4,    0,    0,    0,    0,    0,    0,   -4,    0,    0,    0,    0,    0,    0,    0,    0,    0,   -8,    0,    0,    0,  -10,   -4,    0,    0,    0,    0,   -3,   -3,   -3,    0,    0,    0,    0,    0,   -5,   -5,   -5,    0,    0,    0,    0,   -6,   -5,   -5,   -5,   -5,    0,    0,    0,   -5,   -5,   -5,   -5,    0,    0,    0,    0,   -3,    0,   -3,    0,    0,    0,    0,   -3,    0,    0,    0,   -5,    0,    0,    0,    0,  -57,    0,    0,    0,   -5,    0,    0,    0,    0,    0,    0,    0,    0,   -5,    0,   -3,    0,   -5,    0,    0,    0,    0,    0,    0,    0,    0,    0,    0,    0,    0,    0,    0,    0,    0,    0,    0,    0,    0,    0,    0,    0,    0,    0,    0,    0,    0,    0,    0,    0,    0,    0,    0,    0,    0,    0,    0,    0,    0,    0,    0,    0,    0,    0,    0,    0,    0,    0,    0,    0,    0,    0,    0,    0,    0,    0,    0,    0,    0,    0,    0,    0,    0,    0,    0,    0,    0,    0,    0,    0,    0,    0,    0,    0,    0,    0,    0,    0,    0,    0,    0,    0,    0,    0,    0,    0,    0,    0,    0,    0,    0,    0,    0,    0,    0,    0,   -5,   -5,    0,   -5,   -4,    0,   -3,    0,   -9,   -9,   -5,    0,    0,    0,
       0,    0,    0,   -9,   -3,    0,    0,    0,    0,    0,    0,    0,    0,    0,    0,    0,    0,    0,    0,    0,   -5,    0,    0,   -3,   -6,    0,   -2,  -57,  -10,  -31,  -22,    0,  -47,    0,  -11,  -10,    0,    0,   -5,   -4,    0,    0,    0,    0,    0,    0,   -4,    0,    0,    0,    0,    0,    0,    0,    0,    0,  -10,    0,    0,    0,  -10,   -4,    0,    0,    0,    0,   -3,   -3,   -3,    0,    0,    0,    0,    0,   -5,   -5,   -5,    0,    0,    0,    0,   -6,   -5,   -5,   -5,   -5,    0,    0,    0,   -5,   -5,   -5,   -5,    0,    0,    0,    0,   -3,    0,   -3,    0,    0,    0,    0,   -3,    0,    0,    0,   -5,    0,    0,    0,    0,  -57,    0,    0,    0,   -5,    0,    0,    0,    0,    0,    0,    0,    0,   -5,    0,   -3,    0,   -5,    0,    0,    0,    0,    0,    0,    0,    0,    0,    0,    0,    0,    0,    0,    0,    0,    0,    0,    0,    0,    0,    0,    0,    0,    0,    0,    0,    0,    0,    0,    0,    0,    0,    0,    0,    0,    0,    0,    0,    0,    0,    0,    0,    0,    0,    0,    0,    0,    0,    0,    0,    0,    0,    0,    0,    0,    0,    0,    0,    0,    0,    0,    0,    0,    0,    0,    0,    0,    0,    0,    0,    0,    0,    0,    0,    0,    0,    0,    0,    0,    0,    0,    0,    0,    0,    0,    0,    0,    0,    0,    0,    0,    0,    0,    0,    0,    0,   -5,   -5,    0,   -5,   -4,    0,   -3,    0,   -9,   -9,   -5,    0,    0,    0,
      24,   33,    0,   40,   31,    0,    0,    0,    0,    0,    0,    0,    0,    0,    0,    0,    0,    0,    0,    0,   30,    0,   -1,   -4,   -5,   -2,   -3,   -5,   -5,   -2,   -3,   -2,   -2,   -4,   43,   39,    0,   30,    0,    0,    3,    0,   28,   28,   30,    0,    0,    0,    0,    0,    9,    8,    8,   10,    0,   24,   38,    6,    0,   29,    0,    0,    0,   25,    0,    0,   -4,   -4,   -4,   30,    0,    0,    0,    0,    0,    0,    0,   28,   28,    5,   28,    0,    0,    0,    0,    0,    0,    0,    0,    0,    0,    0,    0,    0,    0,   30,   30,   -4,   28,   -4,   28,   28,   28,    6,   -4,   30,    0,    0,    0,    0,    0,    0,    0,   -5,   28,    0,    5,    0,    0,    0,    0,    0,    0,    0,    6,    0,    0,   26,   -4,   28,    0,    5,    0,    0,    0,    0,    0,    0,    0,    0,    0,    0,    0,    0,    0,    0,    0,    0,    0,    0,    0,    0,    0,    0,    0,    0,    0,    0,    0,    0,    0,    0,    0,    0,    0,    0,    0,    0,    0,    0,    0,    0,    0,    0,    0,    0,    0,    0,    0,    0,    0,    0,    0,    0,    0,    0,    0,    0,    0,    0,    0,    0,    0,    0,    0,    0,    0,    0,    0,    0,    0,    0,    0,    0,    0,    0,    0,    0,    0,    0,    0,    0,    0,    0,    0,    0,    0,    0,    0,    0,    0,    0,    0,    0,    0,    0,    5,    0,    0,    0,   28,    0,    0,   27,   33,    0,   33,   33,   35,    0,    3,    3,
       0,    0,    0,    0,    6,    0,    0,    0,    0,    0,    0,    0,    0,    0,    0,    0,    0,    0,    0,    0,    2,    0,   -1,   -4,   -5,   -2,   -3,   -5,   -5,   -2,   -3,   -2,   -2,   -4,    0,    0,    0,    0,    0,    0,    0,    0,    0,    0,    0,    0,    0,    0,    0,    0,    0,    0,    0,    0,    0,    0,    0,    0,    0,    0,    0,    0,    0,    3,    0,    0,   -4,   -4,   -4,    0,    0,    0,    0,    0,    0,    0,    0,    0,    0,    5,    0,    0,    0,    0,    0,    0,    0,    0,    0,    0,    0,    0,    0,    0,    0,    0,    0,   -4,    0,   -4,    0,    0,    0,    6,   -4,    0,    0,    0,    0,    0,    0,    0,    0,   -5,    0,    0,    5,    0,    0,    0,    0,    0,    0,    0,    6,    0,    0,   26,   -4,    0,    0,    5,    0,    0,    0,    0,    0,    0,    0,    0,    0,    0,    0,    0,    0,    0,    0,    0,    0,    0,    0,    0,    0,    0,    0,    0,    0,    0,    0,    0,    0,    0,    0,    0,    0,    0,    0,    0,    0,    0,    0,    0,    0,    0,    0,    0,    0,    0,    0,    0,    0,    0,    0,    0,    0,    0,    0,    0,    0,    0,    0,    0,    0,    0,    0,    0,    0,    0,    0,    0,    0,    0,    0,    0,    0,    0,    0,    0,    0,    0,    0,    0,    0,    0,    0,    0,    0,    0,    0,    0,    0,    0,    0,    0,    0,    0,    5,    0,    0,    0,    0,    0,    0,    2,    0,    0,    3,    3,    0,    0,    0,    0,
       0,    0,    0,    0,    0,    0,    0,    0,    0,    0,    0,    0,    0,    0,    0,    0,    0,    0,    0,    0,    0,    0,    0,    0,   -8,    0,    0,    0,    0,    0,    0,    0,    0,    0,    0,    0,   -3,   -2,  -13,  -11,  -11,   -8,   -1,    4,   -2,   -7,  -11,   -4,  -12,  -11,  -12,   -9,    0,  -12,    0,    0,    0,    0,    0,    0,   -5,    0,    0,    0,    0,    0,    0,    0,    0,   -9,   -3,   -3,   -3,   -3,  -13,  -13,  -13,    4,   -4,    6,    3,  -13,  -13,  -13,  -13,  -13,  -11,   -3,   -3,  -13,  -13,  -13,  -13,   -8,   -8,   -2,   -2,    0,    3,    0,   -1,    0,   -9,    7,    0,   -2,   -7,   -7,  -13,   -7,   -4,   -4,  -12,    0,    0,   -3,    7,  -13,  -11,   -9,   -8,   -8,    0,  -11,   -1,   -3,  -13,   -1,    0,   -1,  -13,   -7,  -11,  -11,    0,    0,    0,    0,    0,    0,    0,    0,    0,    0,    0,    0,    0,    0,    0,    0,    0,    0,    0,    0,    0,    0,    0,    0,    0,    0,    0,    0,    0,    0,    0,    0,    0,    0,    0,    0,    0,    0,    0,    0,    0,    0,    0,    0,    0,    0,    0,    0,    0,    0,    0,    0,    0,    0,    0,    0,    0,    0,    0,    0,    0,    0,    0,    0,    0,    0,    0,    0,    0,    0,    0,    0,    0,    0,    0,    0,    0,    0,    0,    0,    0,    0,    0,    0,    0,    0,    0,    0,    0,    0,    0,   -3,    0,   -3,  -13,  -23,   -1,  -13,    0,    0,    0,    0,    0,    0,    0,    0,  -11,  -11,
       0,    0,    0,    0,    0,    0,    0,    0,    0,    0,    0,    0,    0,    0,    0,    0,    0,    0,    0,    0,    0,    0,    0,    0,   -3,    0,    0,    0,    0,    0,   -3,    0,    0,    0,    0,    0,  -18,  -10,  -19,  -18,  -13,  -20,  -10,  -10,  -10,  -10,  -18,  -18,  -17,  -12,   -6,   -5,   -1,   -5,  -13,    0,    0,    0,    0,    0,    0,    0,    0,    0,    0,    0,    0,    0,    0,  -10,  -18,  -18,  -18,  -18,  -19,  -19,  -19,  -10,  -10,   -6,  -10,   -9,  -19,  -19,  -19,  -19,  -12,  -18,  -18,  -19,  -19,  -19,  -19,  -20,  -20,  -10,  -10,    0,  -10,    0,  -10,  -10,  -10,   -5,    0,  -10,  -10,  -10,  -19,  -10,  -18,  -18,  -17,    0,  -13,  -18,  -10,  -19,  -12,   -8,  -20,  -20,    0,   -4,  -10,  -18,  -19,  -10,    0,  -10,  -19,  -10,  -12,   -4,    0,    0,    0,    0,    0,    0,    0,    0,    0,    0,    0,    0,    0,    0,    0,    0,    0,    0,    0,    0,    0,    0,    0,    0,    0,    0,    0,    0,    0,    0,    0,    0,    0,    0,    0,    0,    0,    0,    0,    0,    0,    0,    0,    0,    0,    0,    0,    0,    0,    0,    0,    0,    0,    0,    0,    0,    0,    0,    0,    0,    0,    0,    0,    0,    0,    0,    0,    0,    0,    0,    0,    0,    0,    0,    0,    0,    0,    0,    0,    0,    0,    0,    0,    0,    0,    0,    0,    0,    0,    0,    0,  -18,  -18,  -18,  -19,  -19,  -10,  -19,    0,    0,    0,    0,    0,    0,    0,    0,  -13,  -13,
       0,   10,    0,   14,    9,    0,    0,    0,    0,    0,    0,    0,    0,    0,    0,    0,    0,    0,    0,    0,   10,    0,   -1,   -4,   -5,   -2,   -3,   -2,   -6,    0,   -2,    0,    0,   -3,   12,   15,    0,    3,    0,    0,    0,    0,    4,    4,    3,    0,    0,    0,    0,    0,    0,    0,    0,    0,    0,    0,   14,    0,    0,    7,    0,    0,    0,    5,    0,    0,   -4,   -4,   -4,    3,    0,    0,    0,    0,    0,    0,    0,    4,    4,    4,    3,    0,    0,    0,    0,    0,    0,    0,    0,    0,    0,    0,    0,    0,    0,    3,    3,   -4,    4,   -4,    4,    4,    4,    4,   -4,    3,    0,    0,    0,    0,    0,    0,    0,   -2,    0,    0,    4,    0,    0,    0,    0,    0,    0,    0,    4,    0,    0,   18,   -4,    4,    0,    0,    0,    0,    0,    0,    0,    0,    0,    0,    0,    0,    0,    0,    0,    0,    0,    0,    0,    0,    0,    0,    0,    0,    0,    0,    0,    0,    0,    0,    0,    0,    0,    0,    0,    0,    0,    0,    0,    0,    0,    0,    0,    0,    0,    0,    0,    0,    0,    0,    0,    0,    0,    0,    0,    0,    0,    0,    0,    0,    0,    0,    0,    0,    0,    0,    0,    0,    0,    0,    0,    0,    0,    0,    0,    0,    0,    0,    0,    0,    0,    0,    0,    0,    0,    0,    0,    0,    0,    0,    0,    0,    0,    0,    0,    0,    0,    0,    0,    0,    4,    0,    0,    6,    9,    0,   11,   11,   13,    0,    0,    0,
       0,    0,    0,    0,    0,    0,    0,    0,    0,    0,    0,    0,    0,    0,    0,    0,    0,    0,    0,    0,    0,    0,    0,    0,    0,    0,    0,    0,    0,    0,    0,    0,    0,    0,    0,    7,   -8,   -4,   -8,   -8,   -8,   -9,   -4,   -4,   -4,   -4,   -8,   -8,   -8,   -5,   -6,   -5,   -2,   -6,   -6,    0,    6,    0,    0,    0,    0,    0,    0,    0,    0,    0,    0,    0,    0,   -4,   -8,   -8,   -8,   -8,   -8,   -8,   -8,   -4,   -4,   -6,   -4,   -9,   -8,   -8,   -8,   -8,   -5,   -8,   -8,   -8,   -8,   -8,   -8,   -9,   -9,   -4,   -4,    0,   -4,    0,   -4,   -4,   -4,   -5,    0,   -4,   -4,   -4,   -8,   -4,   -8,   -8,   -8,    0,   -6,   -8,   -4,   -8,   -5,   -8,   -9,   -9,    0,   -4,   -4,   -8,   -8,   -4,    0,   -4,   -8,   -4,   -5,   -4,    0,    0,    0,    0,    0,    0,    0,    0,    0,    0,    0,    0,    0,    0,    0,    0,    0,    0,    0,    0,    0,    0,    0,    0,    0,    0,    0,    0,    0,    0,    0,    0,    0,    0,    0,    0,    0,    0,    0,    0,    0,    0,    0,    0,    0,    0,    0,    0,    0,    0,    0,    0,    0,    0,    0,    0,    0,    0,    0,    0,    0,    0,    0,    0,    0,    0,    0,    0,    0,    0,    0,    0,    0,    0,    0,    0,    0,    0,    0,    0,    0,    0,    0,    0,    0,    0,    0,    0,    0,    0,    0,   -8,   -8,   -8,   -8,   -8,   -4,   -8,    0,    0,    0,    0,    0,    0,    0,    0,   -8,   -8,
       0,    4,    0,    8,    8,    0,    0,    0,    0,    0,    0,    0,    0,    0,    0,    0,    0,    0,    0,    0,   12,    0,   -1,   -4,   -5,   -2,   -3,   -2,   -6,    0,   -2,    0,    0,   -3,    3,    9,    0,    0,    0,    0,    0,    0,    0,    0,    0,    0,    0,    0,    0,    0,    0,    0,    0,    0,    0,    0,    9,    0,    0,    3,    0,    0,    0,    8,    0,    0,   -4,   -4,   -4,    0,    0,    0,    0,    0,    0,    0,    0,    0,    0,    0,    3,    0,    0,    0,    0,    0,    0,    0,    0,    0,    0,    0,    0,    0,    0,    0,    0,   -4,    0,   -4,    0,    0,    0,    0,   -4,    0,    0,    0,    0,    0,    0,    0,    0,   -2,    0,    0,    0,    0,    0,    0,    0,    0,    0,    0,    0,    0,    0,   18,   -4,    0,    0,    0,    0,    0,    0,    0,    0,    0,    0,    0,    0,    0,    0,    0,    0,    0,    0,    0,    0,    0,    0,    0,    0,    0,    0,    0,    0,    0,    0,    0,    0,    0,    0,    0,    0,    0,    0,    0,    0,    0,    0,    0,    0,    0,    0,    0,    0,    0,    0,    0,    0,    0,    0,    0,    0,    0,    0,    0,    0,    0,    0,    0,    0,    0,    0,    0,    0,    0,    0,    0,    0,    0,    0,    0,    0,    0,    0,    0,    0,    0,    0,    0,    0,    0,    0,    0,    0,    0,    0,    0,    0,    0,    0,    0,    0,    0,    0,    0,    0,    0,    0,    0,    0,    7,    3,    0,    8,    8,    7,    0,    0,    0,
       0,    7,    0,   12,    6,    0,    0,    0,    0,    0,    0,    0,    0,    0,    0,    0,    0,    0,    0,    0,    7,    0,   -1,   -4,   -5,   -2,   -3,   -2,   -6,    0,   -2,    0,    0,   -3,   10,   13,    0,    0,    0,    0,    0,    0,    0,    0,    0,    0,    0,    0,    0,    0,    0,    0,    0,    0,    0,    0,   12,    0,    0,    4,    0,    0,    0,    3,    0,    0,   -4,   -4,   -4,    0,    0,    0,    0,    0,    0,    0,    0,    0,    0,    0,    3,    0,    0,    0,    0,    0,    0,    0,    0,    0,    0,    0,    0,    0,    0,    0,    0,   -4,    0,   -4,    0,    0,    0,    0,   -4,    0,    0,    0,    0,    0,    0,    0,    0,   -2,    0,    0,    0,    0,    0,    0,    0,    0,    0,    0,    0,    0,    0,   18,   -4,    0,    0,    0,    0,    0,    0,    0,    0,    0,    0,    0,    0,    0,    0,    0,    0,    0,    0,    0,    0,    0,    0,    0,    0,    0,    0,    0,    0,    0,    0,    0,    0,    0,    0,    0,    0,    0,    0,    0,    0,    0,    0,    0,    0,    0,    0,    0,    0,    0,    0,    0,    0,    0,    0,    0,    0,    0,    0,    0,    0,    0,    0,    0,    0,    0,    0,    0,    0,    0,    0,    0,    0,    0,    0,    0,    0,    0,    0,    0,    0,    0,    0,    0,    0,    0,    0,    0,    0,    0,    0,    0,    0,    0,    0,    0,    0,    0,    0,    0,    0,    0,    0,    0,    0,    4,    7,    0,    8,    8,   10,    0,    0,    0,
       0,    0,    0,    0,    0,    0,    0,    0,    0,    0,    0,    0,    0,    0,    0,    0,    0,    0,    0,    0,    0,    0,   -1,   -4,   -5,   -2,   -3,   -2,   -6,    0,   -2,    0,    0,   -3,    0,    0,    0,    0,    0,    0,    0,    0,    0,    9,    0,    0,    0,    0,    0,    0,    0,    0,    0,    0,    0,    0,    0,    0,    0,    0,    0,    0,    0,    0,    0,    0,   -4,   -4,   -4,    0,    0,    0,    0,    0,    0,    0,    0,    0,    0,    0,    3,    0,    0,    0,    0,    0,    0,    0,    0,    0,    0,    0,    0,    0,    0,    0,    0,   -4,    0,   -4,    0,    0,    0,    0,   -4,    0,    0,    0,    0,    0,    0,    0,    0,   -2,    0,    0,    0,    0,    0,    0,    0,    0,    0,    0,    0,    0,    0,   18,   -4,    0,    0,    0,    0,    0,    0,    0,    0,    0,    0,    0,    0,    0,    0,    0,    0,    0,    0,    0,    0,    0,    0,    0,    0,    0,    0,    0,    0,    0,    0,    0,    0,    0,    0,    0,    0,    0,    0,    0,    0,    0,    0,    0,    0,    0,    0,    0,    0,    0,    0,    0,    0,    0,    0,    0,    0,    0,    0,    0,    0,    0,    0,    0,    0,    0,    0,    0,    0,    0,    0,    0,    0,    0,    0,    0,    0,    0,    0,    0,    0,    0,    0,    0,    0,    0,    0,    0,    0,    0,    0,    0,    0,    0,    0,    0,    0,    0,    0,    0,    0,    0,    0,    0,    0,    0,    0,    0,    0,    0,    0,    0,    0,    0,
       0,    0,    0,    5,    0,   -6,   -5,   -5,    0,    0,    0,    0,    0,    0,    0,    0,    0,    0,    0,    0,    0,    0,   -5,    0,    0,   -9,    0,    0,    0,    0,    0,    0,    0,    0,    0,   18,  -11,   -5,  -10,   -9,   -7,  -11,   -5,   -5,   -5,   -6,   -9,  -11,   -6,   -7,   -4,   -2,   -6,   -4,   -9,    3,   17,    0,    0,    0,    0,    0,    0,    0,    0,  -10,    0,    0,    0,   -5,  -11,  -11,  -11,  -11,  -10,  -10,  -10,   -5,  -11,   -5,   -5,  -11,  -10,  -10,  -10,  -10,   -7,  -11,  -11,  -10,  -10,  -10,  -10,  -11,  -11,   -5,   -5,    0,   -5,    0,   -5,   -5,  -11,   -4,    0,   -5,   -6,   -6,  -10,   -6,  -11,  -11,   -6,    0,   -9,  -11,   -6,  -10,   -7,   -7,  -11,  -11,    0,   -3,   -5,  -11,  -10,   -5,    0,   -5,  -10,   -6,   -7,   -3,    0,    0,    0,    0,    0,    0,    0,    0,    0,    0,    0,    0,    0,    0,    0,    0,    0,    0,    0,    0,    0,    0,    0,    0,    0,    0,    0,    0,    0,    0,    0,    0,    0,    0,    0,    0,    0,    0,    0,    0,    0,    0,    0,    0,    0,    0,    0,    0,    0,    0,    0,    0,    0,    0,    0,    0,    0,    0,    0,    0,    0,    0,    0,    0,    0,    0,    0,    0,    0,    0,    0,    0,    0,    0,    0,    0,    0,    0,    0,    0,    0,    0,    0,    0,    0,    0,    0,    0,    0,    0,    0,  -11,  -19,  -11,  -10,  -10,   -5,  -10,    0,    0,    0,   -3,    4,    4,    0,    0,   -7,   -7,
       4,   13,    0,    4,    5,    0,    0,    0,    0,    0,    0,    0,    0,    0,    0,    0,    0,    0,    0,    0,    4,    0,   -1,   -4,   -5,   -2,   -3,   -2,   -6,    0,   -2,    0,    0,   -3,    0,    0,    0,    6,    0,    0,    0,    0,    0,    0,    6,    0,    0,    0,    0,    0,    0,    0,    0,    0,    0,    3,    0,    0,    0,    3,    0,    0,    0,   17,    0,    0,   -4,   -4,   -4,    6,    0,    0,    0,    0,    0,    0,    0,    0,    0,    0,    3,    0,    0,    0,    0,    0,    0,    0,    0,    0,    0,    0,    0,    0,    0,    6,    6,   -4,    0,   -4,    0,    0,    0,    0,   -4,    6,    0,    0,    0,    0,    0,    0,    0,   -2,    0,    0,    0,    0,    0,    0,    0,    0,    0,    0,    0,    0,    0,   18,   -4,    0,    0,    0,    0,    0,    0,    0,    0,    0,    0,    0,    0,    0,    0,    0,    0,    0,    0,    0,    0,    0,    0,    0,    0,    0,    0,    0,    0,    0,    0,    0,    0,    0,    0,    0,    0,    0,    0,    0,    0,    0,    0,    0,    0,    0,    0,    0,    0,    0,    0,    0,    0,    0,    0,    0,    0,    0,    0,    0,    0,    0,    0,    0,    0,    0,    0,    0,    0,    0,    0,    0,    0,    0,    0,    0,    0,    0,    0,    0,    0,    0,    0,    0,    0,    0,    0,    0,    0,    0,    0,    0,    0,    0,    0,    0,    0,    0,    0,    0,    0,    0,    0,    0,    0,   16,    4,    0,   15,   15,    6,    0,    0,    0,
       0,  -99,    0,    0,  -48,    0,    0,    0,    0,    0,    0,    0,    0,    0,    0,    0,    0,    0,    0,    0,    0,    0,    0,    0,  -18,    0,    0,  -91,  -14,  -77,  -61,    0,  -80,    0,  -36,    0,    0,    0,  -19,  -15,  -17,    0,    0,    0,    0,    0,  -15,   -3,  -23,  -15,  -49,  -38,    0,  -50,    0,    0,    0,  -16,  -10,  -54,  -25,  -38,    0,  -55,   -8,    0,    0,    0,    0,    0,    0,    0,    0,    0,  -19,  -19,  -19,    0,    0,    0,    0,  -18,  -19,  -19,  -19,  -19,  -15,    0,    0,  -19,  -19,  -19,  -19,    0,    0,    0,    0,    0,    0,    0,    0,    0,    0,    0,    0,    0,    0,    0,  -19,    0,   -3,   -3,  -23,  -91,    0,    0,    0,  -19,  -15,  -12,    2,    0,    0,  -49,    0,    0,  -19,    0,    0,    0,  -19,    0,  -15,  -49,    0,    0,    0,    0,    0,    0,    0,    0,    0,    0,    0,    0,    0,    0,    0,    0,    0,    0,    0,    0,    0,    0,    0,    0,    0,    0,    0,    0,    0,    0,    0,    0,    0,    0,    0,    0,    0,    0,    0,    0,    0,    0,    0,    0,    0,    0,    0,    0,    0,    0,    0,    0,    0,    0,    0,    0,    0,    0,    0,    0,    0,    0,    0,    0,    0,    0,    0,    0,    0,    0,    0,    0,    0,    0,    0,    0,    0,    0,    0,    0,    0,    0,    0,    0,    0,    0,    0,    0,    0,    0,    0,    0,    0,    0,  -19,  -19,    0,  -19,  -38,  -53, -102,    0,  -47,  -48,   -8,  -77,  -17,  -17,
      27,   37,    0,   41,   34,    0,    0,    0,    0,    0,    0,    0,    0,    0,    0,    0,    0,    0,    0,    0,   33,    0,   -1,   -4,   -5,   -2,   -3,   -5,   -5,   -2,   -3,   -2,   -2,   -4,   44,   42,    0,   33,    0,    0,    7,    0,   31,   31,   33,    0,    0,    0,    5,    0,   13,   11,   11,   13,    0,   27,   42,    9,    0,   32,    0,    0,    0,   28,    0,    0,   -4,   -4,   -4,   33,    0,    0,    0,    0,    0,    0,    0,   31,   31,    5,   31,    0,    0,    0,    0,    0,    0,    0,    0,    0,   21,    0,    0,    0,    0,   33,   33,   -4,   31,   -4,   31,   31,   31,    6,   -4,   33,   18,    0,    0,    0,    0,   35,    5,   -5,   31,    0,    5,    0,    0,    0,    0,    0,    0,    0,    6,    0,    0,   26,   -4,   31,    0,    5,    0,    0,    0,    0,    0,    0,    0,    0,    0,    0,    0,    0,    0,    0,    0,    0,    0,    0,    0,    0,    0,    0,    0,    0,    0,    0,    0,    0,    0,    0,    0,    0,    0,    0,    0,    0,    0,    0,    0,    0,    0,    0,    0,    0,    0,    0,    0,    0,    0,    0,    0,    0,    0,    0,    0,    0,    0,    0,    0,    0,    0,    0,    0,    0,    0,    0,    0,    0,    0,    0,    0,    0,    0,    0,    0,    0,    0,    0,    0,    0,    0,    0,    0,    0,    0,    0,    0,    0,    0,    0,    0,    0,    0,    0,    5,    0,    0,    0,   31,    0,    0,   30,   36,    0,   37,   37,   38,  -17,    7,    7,
       0,  -11,    0,    0,  -17,    0,    0,    0,    0,    0,    0,    0,    0,    0,    0,    0,    0,    0,    0,    0,   -5,    0,    0,    0,   -2,    0,    0,  -47,   -4,  -25,  -18,    0,  -36,    0,  -18,    0,    0,   -2,   -6,   -5,   -8,    0,   -2,   -2,   -2,   -2,   -5,    0,   -7,   -6,  -16,   -9,    0,  -16,    0,    0,    0,  -12,    0,   -7,    0,    0,    0,   -8,    0,    0,    0,    0,    0,   -2,    0,    0,    0,    0,   -6,   -6,   -6,   -2,   -2,   -2,   -2,    0,   -6,   -6,   -6,   -6,   -6,    0,    0,   -6,   -6,   -6,   -6,    0,    0,   -2,   -2,    0,   -2,    0,   -2,   -2,   -2,   -2,    0,   -2,   -2,   -2,   -6,   -2,    0,    0,   -7,  -47,    0,    0,   -2,   -6,   -6,    0,    0,    0,    0,    0,   -2,    0,   -6,   -2,    0,   -2,   -6,   -2,   -6,    0,    0,    0,    0,    0,    0,    0,    0,    0,    0,    0,    0,    0,    0,    0,    0,    0,    0,    0,    0,    0,    0,    0,    0,    0,    0,    0,    0,    0,    0,    0,    0,    0,    0,    0,    0,    0,    0,    0,    0,    0,    0,    0,    0,    0,    0,    0,    0,    0,    0,    0,    0,    0,    0,    0,    0,    0,    0,    0,    0,    0,    0,    0,    0,    0,    0,    0,    0,    0,    0,    0,    0,    0,    0,    0,    0,    0,    0,    0,    0,    0,    0,    0,    0,    0,    0,    0,    0,    0,    0,    0,    0,    0,    0,    0,   -6,   -6,   -2,   -6,    0,  -17,  -19,    0,  -27,  -27,    0,    0,   -8,   -8,
       0,   -6,    0,  -16,   -7,  -25,  -24,  -20,    0,    0,    0,    0,    0,    0,    0,    0,    0,    0,    0,    0,  -15,    0,    0,    0,    0,    0,    0,    0,    0,    0,    0,    0,    0,    0,  -15,  -16,    0,    0,    0,    0,   -1,    0,    0,    0,    0,    0,    0,    0,   -1,    0,    0,    0,   -2,    0,   -3,    0,  -14,  -14,    0,    0,    0,    0,    0,   -3,    0,    0,    0,    0,    0,    0,    0,    0,    0,    0,    0,    0,    0,    0,    0,    0,    0,    0,    0,    0,    0,    0,    0,    0,    0,    0,    0,    0,    0,    0,    0,    0,    0,    0,    0,    0,    0,    0,    0,    0,    0,    0,    0,    0,    0,    0,    0,    0,   -1,    0,   -3,    0,    0,    0,    0,    0,    0,    0,    0,    0,    0,    0,    0,    0,    0,    0,    0,    0,    0,    0,    0,    0,    0,    0,    0,    0,    0,    0,    0,    0,    0,    0,    0,    0,    0,    0,    0,    0,    0,    0,    0,    0,    0,    0,    0,    0,    0,    0,    0,    0,    0,    0,    0,    0,    0,    0,    0,    0,    0,    0,    0,    0,    0,    0,    0,    0,    0,    0,    0,    0,    0,    0,    0,    0,    0,    0,    0,    0,    0,    0,    0,    0,    0,    0,    0,    0,    0,    0,    0,    0,    0,    0,    0,    0,    0,    0,    0,    0,    0,    0,    0,    0,    0,    0,    0,    0,    0,    0,    0,    0,    0,    0,    0,    0,    0,    0,    0,    0,    0,   -8,   -8,  -27,  -13,  -13,  -11,    0,   -1,   -1,
       0,    0,    0,    0,    0,    0,    0,    0,    0,    0,    0,    0,    0,    0,    0,    0,    0,    0,    0,    0,    0,    0,   -1,   -4,   -5,   -2,   -3,   -5,   -5,   -2,   -3,   -2,   -2,   -4,    0,    0,    0,    0,    0,    0,    0,    0,    0,    0,    0,    0,    0,    0,    0,    0,    0,    0,    0,    0,    0,    0,    0,  -18,    0,    0,    0,    0,    0,    0,    0,    0,   -4,   -4,   -4,    0,    0,    0,    0,    0,    0,    0,    0,    0,    0,    5,    0,    0,    0,    0,    0,    0,    0,    0,    0,    0,    0,    0,    0,    0,    0,    0,    0,   -4,    0,   -4,    0,    0,    0,    6,   -4,   -2,    0,    0,    0,    0,    0,    0,    0,   -5,    0,    0,    5,    0,    0,    0,    0,    0,    0,    0,    6,    0,    0,   26,   -4,    0,    0,    5,    0,    0,    0,    0,    0,    0,    0,    0,    0,    0,    0,    0,    0,    0,    0,    0,    0,    0,    0,    0,    0,    0,    0,    0,    0,    0,    0,    0,    0,    0,    0,    0,    0,    0,    0,    0,    0,    0,    0,    0,    0,    0,    0,    0,    0,    0,    0,    0,    0,    0,    0,    0,    0,    0,    0,    0,    0,    0,    0,    0,    0,    0,    0,    0,    0,    0,    0,    0,    0,    0,    0,    0,    0,    0,    0,    0,    0,    0,    0,    0,    0,    0,    0,    0,    0,    0,    0,    0,    0,    0,    0,    0,    0,    0,    5,    0,    0,    0,    0,    0,    0,    0,    0,    0,    0,    0,    0,  -17,    0,    0,
       0,  -11,    0,  -16,  -14,    0,    0,    0,    0,    0,    0,    0,    0,    0,    0,    0,    0,    0,    0,    0,  -16,    0,   -7,   -8,   -4,  -17,   -8,  -66,  -10,  -40,  -30,  -21,  -59,  -13,  -18,  -15,    0,    0,    0,    0,   -6,   -1,    0,    0,    0,    0,    0,    0,   -5,    0,   -7,   -4,  -12,   -9,   -5,    0,  -14,    0,    0,   -5,    0,    0,    0,  -10,    0,    0,   -8,   -8,   -8,    0,    0,    0,    0,    0,    0,    0,    0,    0,    0,    0,    0,    0,    0,    0,    0,    0,    0,    0,    0,    0,    0,    0,    0,   -1,   -1,    0,    0,   -8,    0,   -8,    0,    0,    0,    0,   -8,    0,    0,    0,    0,    0,    0,    0,   -5,  -66,   -5,    0,    0,    0,    0,    0,   -1,   -1,    0,   -4,    0,    0,    0,    0,   -8,    0,    0,    0,    0,   -4,    0,    0,    0,    0,    0,    0,    0,    0,    0,    0,    0,    0,    0,    0,    0,    0,    0,    0,    0,    0,    0,    0,    0,    0,    0,    0,    0,    0,    0,    0,    0,    0,    0,    0,    0,    0,    0,    0,    0,    0,    0,    0,    0,    0,    0,    0,    0,    0,    0,    0,    0,    0,    0,    0,    0,    0,    0,    0,    0,    0,    0,    0,    0,    0,    0,    0,    0,    0,    0,    0,    0,    0,    0,    0,    0,    0,    0,    0,    0,    0,    0,    0,    0,    0,    0,    0,    0,    0,    0,    0,    0,    0,    0,    0,    0,    0,    0,    0,    0,  -13,  -11,    0,  -17,  -17,  -16,    0,   -6,   -6,
       0,    4,    0,    3,    0,  -22,  -21,  -22,    0,    0,    0,    0,    0,    0,    0,    0,    0,    0,    0,    0,    0,    0,  -29,   -5,    0,  -41,   -2,  -46,   -1,  -10,   -6,  -28,  -26,  -16,    8,    3,   -4,    0,  -11,  -10,    0,   -6,    0,    0,    0,    0,  -10,   -2,    0,    0,    0,    0,    0,    0,    0,    0,    3,  -11,    0,    0,   -8,  -11,    0,    0,    0,    0,   -5,   -5,   -5,    0,   -4,   -4,   -4,   -4,  -11,  -11,  -11,    0,    0,    0,    0,  -18,  -11,  -11,  -11,  -11,    0,   -4,   -4,  -11,  -11,  -11,  -11,   -6,   -6,    0,    0,   -5,    0,   -5,    0,    0,    0,    0,   -5,    0,    0,    5,  -11,    0,   -2,   -2,    0,  -46,    0,   -4,    0,  -11,    0,    0,   -6,   -6,    0,    0,    0,   -4,  -11,    0,   -5,    0,  -11,    0,    0,    0,    0,    0,    0,    0,    0,    0,    0,    0,    0,    0,    0,    0,    0,    0,    0,    0,    0,    0,    0,    0,    0,    0,    0,    0,    0,    0,    0,    0,    0,    0,    0,    0,    0,    0,    0,    0,    0,    0,    0,    0,    0,    0,    0,    0,    0,    0,    0,    0,    0,    0,    0,    0,    0,    0,    0,    0,    0,    0,    0,    0,    0,    0,    0,    0,    0,    0,    0,    0,    0,    0,    0,    0,    0,    0,    0,    0,    0,    0,    0,    0,    0,    0,    0,    0,    0,    0,    0,    0,    0,    0,    0,   -4,   -4,   -4,  -11,  -11,    0,  -11,  -11,    0,    3,  -25,    3,    3,    2,    0,    0,    0,
       0,    2,    0,    2,    0,  -22,  -21,  -22,    0,    0,    0,    0,    0,    0,    0,    0,    0,    0,    0,    0,    0,    0,  -29,   -5,    0,  -41,   -2,  -46,   -1,  -10,   -6,  -28,  -26,  -16,    5,    1,   -4,    0,  -11,  -10,    0,   -6,    0,    0,    0,    0,  -10,   -2,    0,    0,    0,    0,    0,    0,    0,    0,    1,  -11,    0,    0,   -8,  -11,    0,    0,    0,    0,   -5,   -5,   -5,    0,   -4,   -4,   -4,   -4,  -11,  -11,  -11,    0,    0,    0,    0,  -18,  -11,  -11,  -11,  -11,    0,   -4,   -4,  -11,  -11,  -11,  -11,   -6,   -6,    0,    0,   -5,    0,   -5,    0,    0,    0,    0,   -5,    0,    0,    5,  -11,    4,   -2,   -2,    0,  -46,    0,   -4,    0,  -11,    0,    0,   -6,   -6,    0,    0,    0,   -4,  -11,    0,   -5,    0,  -11,    0,    0,    0,    0,    0,    0,    0,    0,    0,    0,    0,    0,    0,    0,    0,    0,    0,    0,    0,    0,    0,    0,    0,    0,    0,    0,    0,    0,    0,    0,    0,    0,    0,    0,    0,    0,    0,    0,    0,    0,    0,    0,    0,    0,    0,    0,    0,    0,    0,    0,    0,    0,    0,    0,    0,    0,    0,    0,    0,    0,    0,    0,    0,    0,    0,    0,    0,    0,    0,    0,    0,    0,    0,    0,    0,    0,    0,    0,    0,    0,    0,    0,    0,    0,    0,    0,    0,    0,    0,    0,    0,    0,    0,    0,   -4,   -4,   -4,  -11,  -11,    0,  -11,  -11,    0,    2,  -25,    2,    2,    3,    0,    0,    0,
       0,    0,    0,   -9,   -4,    0,    0,    0,    0,    0,    0,    0,    0,    0,    0,    0,    0,    0,    0,    0,   -6,    0,   -3,   -8,   -5,   -3,   -1,  -60,  -10,  -31,  -25,   -9,  -52,   -5,  -12,  -10,    0,    0,    0,    0,    0,   -2,    0,    0,    0,    0,    0,    0,    0,    0,   -4,    0,    0,   -5,    0,    0,  -10,    0,    0,    0,    0,    0,    0,    0,    0,    0,   -8,   -8,   -8,    0,    0,    0,    0,    0,    0,    0,    0,    0,    0,    0,    0,    0,    0,    0,    0,    0,    0,    0,    0,    0,    0,    0,    0,   -2,   -2,    0,    0,   -8,    0,   -8,    0,    0,    0,    0,   -8,    0,    0,    0,    0,    0,    0,    0,    0,  -60,    0,    0,    0,    0,    0,    0,   -2,   -2,    0,    0,    0,    0,    0,    0,   -8,    0,    0,    0,    0,    0,    0,    0,    0,    0,    0,    0,    0,    0,    0,    0,    0,    0,    0,    0,    0,    0,    0,    0,    0,    0,    0,    0,    0,    0,    0,    0,    0,    0,    0,    0,    0,    0,    0,    0,    0,    0,    0,    0,    0,    0,    0,    0,    0,    0,    0,    0,    0,    0,    0,    0,    0,    0,    0,    0,    0,    0,    0,    0,    0,    0,    0,    0,    0,    0,    0,    0,    0,    0,    0,    0,    0,    0,    0,    0,    0,    0,    0,    0,    0,    0,    0,    0,    0,    0,    0,    0,    0,    0,    0,    0,    0,    0,    0,    0,    0,    0,    0,    0,    0,   -3,   -3,    0,   -9,   -9,   -6,    0,    0,    0,
       0,    0,    0,  -12,   -4,    0,    0,    0,    0,    0,    0,    0,    0,    0,    0,    0,    0,    0,    0,    0,   -6,    0,   -3,   -8,   -5,   -3,   -1,  -60,  -10,  -31,  -25,   -9,  -52,   -5,  -14,  -13,    0,    0,    0,    0,    0,   -2,    0,    0,    0,    0,    0,    0,    0,    0,   -4,    0,    0,   -5,    0,    0,  -14,    0,    0,    0,    0,    0,    0,    0,    0,    0,   -8,   -8,   -8,    0,    0,    0,    0,    0,    0,    0,    0,    0,    0,    0,    0,    0,    0,    0,    0,    0,    0,    0,    0,    0,    0,    0,    0,   -2,   -2,    0,    0,   -8,    0,   -8,    0,    0,    0,    0,   -8,    0,    0,    0,    0,    0,    0,    0,    0,  -60,    0,    0,    0,    0,    0,    0,   -2,   -2,    0,    0,    0,    0,    0,    0,   -8,    0,    0,    0,    0,    0,    0,    0,    0,    0,    0,    0,    0,    0,    0,    0,    0,    0,    0,    0,    0,    0,    0,    0,    0,    0,    0,    0,    0,    0,    0,    0,    0,    0,    0,    0,    0,    0,    0,    0,    0,    0,    0,    0,    0,    0,    0,    0,    0,    0,    0,    0,    0,    0,    0,    0,    0,    0,    0,    0,    0,    0,    0,    0,    0,    0,    0,    0,    0,    0,    0,    0,    0,    0,    0,    0,    0,    0,    0,    0,    0,    0,    0,    0,    0,    0,    0,    0,    0,    0,    0,    0,    0,    0,    0,    0,    0,    0,    0,    0,    0,    0,    0,    0,    0,   -3,   -3,    0,   -9,   -9,   -6,    0,    0,    0,
      10,   19,    0,   24,   15,    0,    0,    0,    0,    0,    0,    0,    0,    0,    0,    0,    0,    0,    0,    0,   17,    0,    0,    0,    0,    0,    0,  -47,   -3,  -15,   -8,    0,  -30,    0,   23,   25,    0,   13,   -1,    0,    0,    0,   11,   11,   13,    0,    0,    0,    0,    0,    0,    0,    0,    2,    0,   10,   25,    0,    0,   15,    0,    0,    0,   12,    0,    0,    0,    0,    0,   13,    0,    0,    0,    0,   -1,   -1,   -1,   11,    0,   11,   11,   -2,   -1,   -1,   -1,   -1,    0,    0,    0,   -1,    0,   -1,   -1,    0,    0,   13,   13,    0,   11,    0,   11,   11,   11,   11,    0,   13,    0,    0,   -1,    0,    0,   15,    0,  -47,    0,    0,   11,   -1,    0,    0,    4,    0,    0,    0,   11,    0,   -1,   11,    0,   11,   -1,    0,    0,    0,    0,    0,    0,    0,    0,    0,    0,    0,    0,    0,    0,    0,    0,    0,    0,    0,    0,    0,    0,    0,    0,    0,    0,    0,    0,    0,    0,    0,    0,    0,    0,    0,    0,    0,    0,    0,    0,    0,    0,    0,    0,    0,    0,    0,    0,    0,    0,    0,    0,    0,    0,    0,    0,    0,    0,    0,    0,    0,    0,    0,    0,    0,    0,    0,    0,    0,    0,    0,    0,    0,    0,    0,    0,    0,    0,    0,    0,    0,    0,    0,    0,    0,    0,    0,    0,    0,    0,    0,    0,    0,    0,    0,    0,    0,   -1,   -1,   11,   -1,    0,   14,   19,    0,   19,   19,   21,    0,    0,    0,
       0,    0,  -14,    0,    0,  -38,  -38,  -30,    0,    0,    0,    0,    0,    0,    0,    0,    0,    0,  -19,  -19,    0,  -24,  -71,    0,  -26,  -37,   -2,    0,    0,    0,    0,    0,    0,    0,    0,    0, -110,   -5, -113, -113,  -55, -112,   -2,   -2,   -5, -102, -103, -105,  -60,  -96,  -82,  -81,  -86,  -82,  -98,    0,    0,  -15,   -4,    0,  -76,  -59,    0,    0,  -68,  -48,    0,    0,    0,  -31, -112, -110, -114, -110, -126, -124, -123,   11,  -21,   13,    7,  -44, -128, -126, -125, -113,  -96, -119, -115, -122, -122, -113, -123, -118, -125,   -5,   -1,    0,    9,    0,    4,   10,  -52,   14,    0,   -5, -102, -102, -113,  -86, -103,  -96,  -60,    0,  -93, -106,   18, -125,  -96,  -60, -112, -118,    0,  -26,   -2, -110, -113,   -2,    0,   -2, -113, -102,  -96,  -49,    0,    0,    0,    0,    0,    0,    0,    0,    0,    0,    0,    0,    0,    0,    0,    0,    0,    0,    0,    0,    0,    0,    0,    0,    0,    0,    0,    0,    0,    0,    0,    0,    0,    0,    0,    0,    0,    0,    0,    0,    0,    0,    0,    0,    0,    0,    0,    0,    0,    0,    0,    0,    0,    0,    0,    0,    0,    0,    0,    0,    0,    0,    0,    0,    0,    0,    0,    0,    0,    0,    0,    0,    0,    0,    0,    0,    0,    0,    0,    0,    0,    0,    0,    0,    0,    0,    0,    0,    0,    0,    0, -110,  -72, -102, -128,  -93,   -2,  -95,  -59,    0,    0,  -35,    0,    0,    0,    0,  -64,  -57,
       0,    0,    0,   -4,    0,    0,    0,    0,    0,    0,    0,    0,    0,    0,    0,    0,    0,    0,    0,    0,   -5,    0,    0,   -4,   -5,   -2,   -3,  -58,   -8,  -29,  -22,   -5,  -45,   -6,  -12,  -12,    0,    0,    0,    0,    0,    0,    0,    0,    0,    0,    0,    0,    0,    0,    0,    0,    0,    0,    0,    0,  -12,    0,    0,    0,    0,    0,    0,    0,    0,    0,   -4,   -4,   -4,    0,    0,    0,    0,    0,    0,    0,    0,    0,    0,    0,    0,    0,    0,    0,    0,    0,    0,    0,    0,    0,    0,    0,    0,    0,    0,    0,    0,   -4,    0,   -4,    0,    0,    0,    0,   -4,    0,    0,    0,    0,    0,    0,    0,    0,  -58,    0,    0,    0,    0,    0,    0,    0,    0,    0,    0,    0,    0,    0,    0,   -4,    0,    0,    0,    0,    0,    0,    0,    0,    0,    0,    0,    0,    0,    0,    0,    0,    0,    0,    0,    0,    0,    0,    0,    0,    0,    0,    0,    0,    0,    0,    0,    0,    0,    0,    0,    0,    0,    0,    0,    0,    0,    0,    0,    0,    0,    0,    0,    0,    0,    0,    0,    0,    0,    0,    0,    0,    0,    0,    0,    0,    0,    0,    0,    0,    0,    0,    0,    0,    0,    0,    0,    0,    0,    0,    0,    0,    0,    0,    0,    0,    0,    0,    0,    0,    0,    0,    0,    0,    0,    0,    0,    0,    0,    0,    0,    0,    0,    0,    0,    0,    0,    0,    0,    0,    0,    0,    0,    0,    0,   -5,    0,    0,    0,
       0,    0,    0,   -4,    0,    0,    0,    0,    0,    0,    0,    0,    0,    0,    0,    0,    0,    0,    0,    0,   -5,    0,    0,   -4,   -5,   -2,   -3,  -58,   -8,  -29,  -22,   -5,  -45,   -6,  -15,  -10,    0,    0,    0,    0,    0,    0,    0,   14,    0,    0,    0,    0,    0,    0,    0,    0,    0,    0,    0,    0,   -9,    0,    0,    0,    0,    0,    0,    0,    0,    0,   -4,   -4,   -4,    0,    0,    0,    0,    0,    0,    0,    0,    0,    0,    0,    0,    0,    0,    0,    0,    0,    0,    0,    0,    0,    0,    0,    0,    0,    0,    0,    0,   -4,    0,   -4,    0,    0,    0,    0,   -4,    0,    0,    0,    0,    0,    0,    0,    0,  -58,    0,    0,    0,    0,    0,    0,    0,    0,    0,    0,    0,    0,    0,    0,   -4,    0,    0,    0,    0,    0,    0,    0,    0,    0,    0,    0,    0,    0,    0,    0,    0,    0,    0,    0,    0,    0,    0,    0,    0,    0,    0,    0,    0,    0,    0,    0,    0,    0,    0,    0,    0,    0,    0,    0,    0,    0,    0,    0,    0,    0,    0,    0,    0,    0,    0,    0,    0,    0,    0,    0,    0,    0,    0,    0,    0,    0,    0,    0,    0,    0,    0,    0,    0,    0,    0,    0,    0,    0,    0,    0,    0,    0,    0,    0,    0,    0,    0,    0,    0,    0,    0,    0,    0,    0,    0,    0,    0,    0,    0,    0,    0,    0,    0,    0,    0,    0,    0,    0,    0,    0,    0,    0,    0,    0,   -5,    0,    0,    0,
       0,    0,    0,    0,    0,    0,    0,    0,    0,    0,    0,    0,    0,    0,    0,    0,    0,    0,    0,    0,    0,    0,    0,   -6,   -4,    0,   -1,  -50,   -8,  -20,  -15,    0,  -36,    0,   -7,  -10,    0,    0,   -5,   -4,    0,    0,    0,    0,    0,    0,   -4,    0,    0,    0,    0,    0,    0,    0,    0,    0,  -11,    0,    0,    0,   -6,   -4,    0,    0,    0,    0,   -6,   -6,   -6,    0,    0,    0,    0,    0,   -5,   -5,   -5,    0,    0,    0,    0,   -7,   -5,   -5,   -5,   -5,    0,    0,    0,   -5,   -5,   -5,   -5,    0,    0,    0,    0,   -6,    0,   -6,    0,    0,    0,    0,   -6,    0,    0,    0,   -5,    0,    0,    0,    0,  -50,    0,    0,    0,   -5,    0,    0,    0,    0,    0,    0,    0,    0,   -5,    0,   -6,    0,   -5,    0,    0,    0,    0,    0,    0,    0,    0,    0,    0,    0,    0,    0,    0,    0,    0,    0,    0,    0,    0,    0,    0,    0,    0,    0,    0,    0,    0,    0,    0,    0,    0,    0,    0,    0,    0,    0,    0,    0,    0,    0,    0,    0,    0,    0,    0,    0,    0,    0,    0,    0,    0,    0,    0,    0,    0,    0,    0,    0,    0,    0,    0,    0,    0,    0,    0,    0,    0,    0,    0,    0,    0,    0,    0,    0,    0,    0,    0,    0,    0,    0,    0,    0,    0,    0,    0,    0,    0,    0,    0,    0,    0,    0,    0,    0,    0,    0,   -5,   -5,    0,   -5,   -4,    0,    0,    0,    0,    0,    0,    0,    0,    0,
       0,    0,    0,    0,    0,    0,    0,    0,    0,    0,    0,    0,    0,    0,    0,    0,    0,    0,    0,    0,    0,    0,    0,    0,    0,    0,    0,    0,    0,    0,    0,    0,    0,    0,    0,    0,    0,    0,    0,    0,    0,    0,    7,    7,    0,    0,    0,    0,    0,    0,    0,    0,    0,    0,    0,    0,    0,    0,    0,    0,    0,    0,    0,    0,    0,    0,    0,    0,    0,    0,    0,    0,    0,    0,    0,    0,    0,   39,    0,   18,   28,    0,    0,    0,    0,    0,    0,    0,    0,    0,    0,    0,    0,    0,    0,    0,    0,    0,   25,    0,   24,   49,    0,   19,    0,    0,    0,   23,    0,   13,    0,    0,    0,    0,    0,    0,    7,    0,    0,    0,    0,    0,    0,    0,    7,    0,    0,    7,    0,    7,    0,    0,    0,    0,    0,    0,    0,    0,    0,    0,    0,    0,    0,    0,    0,    0,    0,    0,    0,    0,    0,    0,    0,    0,    0,    0,    0,    0,    0,    0,    0,    0,    0,    0,    0,    0,    0,    0,    0,    0,    0,    0,    0,    0,    0,    0,    0,    0,    0,    0,    0,    0,    0,    0,    0,    0,    0,    0,    0,    0,    0,    0,    0,    0,    0,    0,    0,    0,    0,    0,    0,    0,    0,    0,    0,    0,    0,    0,    0,    0,    0,    0,    0,    0,    0,    0,    0,    0,    0,    0,    0,    0,    0,    0,    0,    0,    0,    0,    0,    0,    7,    0,    0,    0,    0,    0,    0,    0,    0,    0,    0,    0,
       0,    0,   -6,    0,    0,  -28,  -27,  -22,    0,    0,    0,    0,    0,    0,    0,    0,    0,    0,   -6,   -6,    0,    0,  -18,    0,   -2,  -23,    0,    0,    0,    4,    0,    0,    4,    0,    0,    0,  -24,    0,  -18,  -18,  -14,  -20,    0,    0,    0,  -14,  -18,  -20,  -14,  -17,  -14,  -13,  -17,  -15,  -20,    0,    0,   -4,    0,    0,  -14,   -5,    0,    0,  -13,    0,    0,    0,    0,    0,  -24,  -24,  -24,  -24,  -18,  -18,  -18,    0,    0,    0,    0,    0,  -18,  -18,  -18,  -18,  -17,  -24,  -24,  -18,  -18,  -18,  -18,  -20,  -20,    0,    0,    0,    0,    0,    0,    0,    0,    0,    0,    0,  -14,  -14,  -18,  -14,  -20,  -20,  -14,    0,  -20,  -24,    0,  -18,  -17,    0,  -20,  -20,    0,    0,    0,  -24,  -18,    0,    0,    0,  -18,  -14,  -17,    0,    0,    0,    0,    0,    0,    0,    0,    0,    0,    0,    0,    0,    0,    0,    0,    0,    0,    0,    0,    0,    0,    0,    0,    0,    0,    0,    0,    0,    0,    0,    0,    0,    0,    0,    0,    0,    0,    0,    0,    0,    0,    0,    0,    0,    0,    0,    0,    0,    0,    0,    0,    0,    0,    0,    0,    0,    0,    0,    0,    0,    0,    0,    0,    0,    0,    0,    0,    0,    0,    0,    0,    0,    0,    0,    0,    0,    0,    0,    0,    0,    0,    0,    0,    0,    0,    0,    0,    0,    0,    0,    0,  -24,  -24,  -24,  -18,  -18,    0,  -18,   -5,    0,    0,  -23,    0,    0,    0,    0,  -14,  -14,
       0,    0,    0,    0,    0,  -11,   -7,  -15,    0,    0,    0,    0,    0,    0,    0,    0,    0,    0,    0,    0,    0,    0,    0,    0,    0,    0,    0,    0,    0,    0,    0,    0,    0,    0,    0,   -5,    0,    0,    0,    0,    4,    0,    0,    0,    0,    0,    0,    0,    5,    0,   10,    9,    9,   11,    0,    0,   -5,  -15,    0,    3,    0,    0,    0,    5,    0,    0,    0,    0,    0,    0,    0,    0,    0,    0,    0,    0,    0,    0,    0,    0,    0,    0,    0,    0,    0,    0,    0,    0,    0,    0,    0,    0,    0,    0,    0,    0,    0,    0,    0,    0,    0,    0,    0,    0,    0,    0,    0,    0,    0,    0,    0,    0,    5,    0,    0,    0,    0,    0,    0,    0,    0,    0,    0,    0,    0,    0,    0,    0,    0,    0,    0,    0,    0,    0,    0,    0,    0,    0,    0,    0,    0,    0,    0,    0,    0,    0,    0,    0,    0,    0,    0,    0,    0,    0,    0,    0,    0,    0,    0,    0,    0,    0,    0,    0,    0,    0,    0,    0,    0,    0,    0,    0,    0,    0,    0,    0,    0,    0,    0,    0,    0,    0,    0,    0,    0,    0,    0,    0,    0,    0,    0,    0,    0,    0,    0,    0,    0,    0,    0,    0,    0,    0,    0,    0,    0,    0,    0,    0,    0,    0,    0,    0,    0,    0,    0,    0,    0,    0,    0,    0,    0,    0,    0,    0,    0,    0,    0,    0,    0,    0,    0,    0,    0,    3,    2,  -11,    2,    2,    0,    0,    4,    4,
       0,    0,  -17,    5,    2,  -41,  -40,  -37,    0,    0,    0,    0,    0,    0,    0,    0,    0,    0,  -23,  -22,    0,    0,  -24,    0,   -6,  -29,    0,    4,    0,   12,    8,    7,   12,    0,    5,    6,  -50,    0,  -45,  -44,  -21,  -46,    0,    0,    0,  -38,  -44,  -50,  -23,  -35,  -35,  -33,  -33,  -36,  -38,    0,    5,  -22,  -15,    0,  -36,  -27,    0,    0,  -34,    0,    0,    0,    0,    0,  -50,  -50,  -50,  -50,  -45,  -45,  -45,    0,    0,    0,    0,    0,  -45,  -45,  -45,  -45,  -35,  -50,  -50,  -45,  -45,  -45,  -45,  -46,  -46,    0,    0,    0,    0,    0,    0,    0,    0,    0,    0,    0,  -38,  -38,  -45,  -38,  -50,  -50,  -23,    4,  -38,  -50,    0,  -45,  -35,    0,  -46,  -46,    0,    0,    0,  -50,  -45,    0,    0,    0,  -45,  -38,  -35,    0,    0,    0,    0,    0,    0,    0,    0,    0,    0,    0,    0,    0,    0,    0,    0,    0,    0,    0,    0,    0,    0,    0,    0,    0,    0,    0,    0,    0,    0,    0,    0,    0,    0,    0,    0,    0,    0,    0,    0,    0,    0,    0,    0,    0,    0,    0,    0,    0,    0,    0,    0,    0,    0,    0,    0,    0,    0,    0,    0,    0,    0,    0,    0,    0,    0,    0,    0,    0,    0,    0,    0,    0,    0,    0,    0,    0,    0,    0,    0,    0,    0,    0,    0,    0,    0,    0,    0,    0,    0,    0,    0,  -50,  -50,  -50,  -45,  -45,    0,  -45,  -27,    0,    0,  -37,    0,    0,    2,    0,  -21,  -21,
       0,    0,    0,    0,    2,  -11,  -11,  -17,    0,    0,    0,    0,    0,    0,    0,    0,    0,    0,    0,    0,    0,    0,    0,    0,    0,    0,    0,    0,    0,    0,    0,    0,    0,    0,    0,   -5,    0,    0,   -2,   -2,    5,    0,    0,    0,    0,    0,   -2,    0,    6,    0,   11,   10,   10,   11,    0,    0,   -5,  -16,    0,    4,  -11,    0,    0,    6,    0,    0,    0,    0,    0,    0,    0,    0,    0,    0,   -2,   -2,   -2,    0,    0,    0,    0,    0,   -2,   -2,   -2,   -2,    0,    0,    0,   -2,   -2,   -2,   -2,    0,    0,    0,    0,    0,    0,    0,    0,    0,    0,    0,    0,    0,    0,    0,   -2,    0,    0,    0,    6,    0,    0,    0,    0,   -2,    0,    0,    0,    0,    0,    0,    0,    0,   -2,    0,    0,    0,   -2,    0,    0,    0,    0,    0,    0,    0,    0,    0,    0,    0,    0,    0,    0,    0,    0,    0,    0,    0,    0,    0,    0,    0,    0,    0,    0,    0,    0,    0,    0,    0,    0,    0,    0,    0,    0,    0,    0,    0,    0,    0,    0,    0,    0,    0,    0,    0,    0,    0,    0,    0,    0,    0,    0,    0,    0,    0,    0,    0,    0,    0,    0,    0,    0,    0,    0,    0,    0,    0,    0,    0,    0,    0,    0,    0,    0,    0,    0,    0,    0,    0,    0,    0,    0,    0,    0,    0,    0,    0,    0,    0,    0,    0,    0,    0,    0,    0,   -2,   -2,    0,   -2,    0,    4,    3,  -16,    3,    3,    0,    0,    5,    5,
       0,    0,    0,    0,    0,    0,    0,    0,    0,    0,    0,    0,    0,    0,    0,    0,    0,    0,    0,    0,    0,    0,    0,   -6,   -4,    0,   -1,  -50,   -8,  -20,  -15,    0,  -36,    0,   -7,  -12,    0,    0,   -5,   -4,    0,    0,    0,    0,    0,    0,   -4,    0,    0,    0,    0,    0,    0,    0,    0,    0,  -11,    0,    0,    0,   -6,   -4,    0,    0,    0,    0,   -6,   -6,   -6,    0,    0,    0,    0,    0,   -5,   -5,   -5,    3,    0,    0,    0,   -7,   -5,   -5,   -5,   -5,    0,    0,    0,   -5,   -5,   -5,   -5,    0,    0,    0,    0,   -6,    0,   -6,    0,    3,    0,    0,   -6,    0,    0,    0,   -5,    0,    0,    0,    0,  -50,    0,    0,   10,   -5,    0,    0,    0,    0,    0,    0,   11,    0,   -5,   29,   -6,    0,   -5,    7,    0,    0,    0,    0,    0,    0,    0,    0,    0,    0,    0,    0,    0,    0,    0,    0,    0,    0,    0,    0,    0,    0,    0,    0,    0,    0,    0,    0,    0,    0,    0,    0,    0,    0,    0,    0,    0,    0,    0,    0,    0,    0,    0,    0,    0,    0,    0,    0,    0,    0,    0,    0,    0,    0,    0,    0,    0,    0,    0,    0,    0,    0,    0,    0,    0,    0,    0,    0,    0,    0,    0,    0,    0,    0,    0,    0,    0,    0,    0,    0,    0,    0,    0,    0,    0,    0,    0,    0,    0,    0,    0,    0,    0,    0,    4,    0,   -5,   -5,    0,   -5,   -4,    0,    0,    0,    0,    0,    0,    0,    0,    0,
       5,   14,    0,   19,    3,    0,    0,    0,    0,    0,    0,    0,    0,    0,    0,    0,    0,    0,    0,    0,    4,    0,   -1,   -4,   -5,   -2,   -3,   -2,   -6,    0,   -2,    0,    0,   -3,   17,   20,    0,    7,    0,    0,    0,    0,    2,    2,    7,    0,    0,    0,    0,    0,    0,    0,    0,    0,    0,    4,   19,    0,    0,    5,    0,    0,    0,    0,    0,    0,   -4,   -4,   -4,    7,    0,    0,    0,    0,    0,    0,    0,    2,    2,    2,    3,    0,    0,    0,    0,    0,    0,    0,    0,    0,    0,    0,    0,    0,    0,    7,    7,   -4,    2,   -4,    2,    2,    2,    2,   -4,    7,    0,    0,    0,    0,    0,    0,    0,   -2,    0,    0,    2,    0,    0,    0,    0,    0,    0,    0,    2,    0,    0,   18,   -4,    2,    0,    0,    0,    0,    0,    0,    0,    0,    0,    0,    0,    0,    0,    0,    0,    0,    0,    0,    0,    0,    0,    0,    0,    0,    0,    0,    0,    0,    0,    0,    0,    0,    0,    0,    0,    0,    0,    0,    0,    0,    0,    0,    0,    0,    0,    0,    0,    0,    0,    0,    0,    0,    0,    0,    0,    0,    0,    0,    0,    0,    0,    0,    0,    0,    0,    0,    0,    0,    0,    0,    0,    0,    0,    0,    0,    0,    0,    0,    0,    0,    0,    0,    0,    0,    0,    0,    0,    0,    0,    0,    0,    0,    0,    0,    0,    0,    0,    0,    0,    0,    2,    0,    0,    6,   13,    0,   13,   13,   13,    0,    0,    0,
       0,    0,    2,    0,    0,    0,    0,    0,    0,    0,    0,    0,    0,    0,    0,    0,    0,    0,    0,    0,    0,    0,   -3,    0,    0,    0,    0,   -2,    0,   -7,   -2,    0,   -9,    0,    0,   -5,   -2,   -2,   -4,   -5,   -9,   -6,   -2,   -2,   -2,   -4,   -5,   -3,   -9,   -5,   -9,   -6,   -5,  -10,   -5,    0,    0,  -15,    0,    0,    0,    0,    0,    0,    0,   -4,    0,    0,    0,   -2,   -2,   -2,   -2,   -2,   -4,   -4,   -4,   -2,   -2,   -2,   -1,   -3,   -4,   -4,   -4,   -4,   -5,   -2,   -2,   -4,   -4,   -4,   -4,   -6,   -6,   -2,   -2,    0,   -2,    0,   -2,   -2,   -2,   -2,    0,   -2,   -4,   -4,   -4,   -4,   -3,   -3,   -9,   -2,   -5,   -2,   -2,   -4,   -5,   -3,   -6,   -6,    0,   -6,   -2,   -2,   -4,   -2,    0,   -2,   -4,   -4,   -5,   -6,    0,    0,    0,    0,    0,    0,    0,    0,    0,    0,    0,    0,    0,    0,    0,    0,    0,    0,    0,    0,    0,    0,    0,    0,    0,    0,    0,    0,    0,    0,    0,    0,    0,    0,    0,    0,    0,    0,    0,    0,    0,    0,    0,    0,    0,    0,    0,    0,    0,    0,    0,    0,    0,    0,    0,    0,    0,    0,    0,    0,    0,    0,    0,    0,    0,    0,    0,    0,    0,    0,    0,    0,    0,    0,    0,    0,    0,    0,    0,    0,    0,    0,    0,    0,    0,    0,    0,    0,    0,    0,    0,   -2,   -2,   -2,   -4,   -4,   -2,   -4,    0,    0,    0,    0,    0,    0,    0,    0,   -9,   -9,
       0,    0,    0,    3,    0,    0,    0,    5,    0,    0,    0,    0,    0,    0,    0,    0,    0,    0,    0,    0,    0,    0,   -2,   -6,   -4,    0,   -2,  -53,   -7,  -21,  -14,   -1,  -37,   -2,   -7,    0,    0,    0,   -4,   -4,    0,   -1,    0,   14,    0,    0,   -4,    0,    0,    0,    0,    0,   10,    0,    0,    0,    2,   -5,    0,    0,    0,    0,    0,    0,    0,    0,   -6,   -6,   -6,    0,    0,    0,    0,    0,   -4,   -4,   -4,    0,    0,    0,    0,   -6,   -4,   -4,   -4,   -4,    0,    0,    0,   -4,   -4,   -4,   -4,   -1,   -1,    0,    0,   -6,    0,   -6,    0,    0,    0,    0,   -6,    0,    0,    0,   -4,    0,    0,    0,    0,  -53,    0,    0,    0,   -4,    0,    0,   -1,   -1,    0,    0,    0,    0,   -4,    0,   -6,    0,   -4,    0,    0,    0,    0,    0,    0,    0,    0,    0,    0,    0,    0,    0,    0,    0,    0,    0,    0,    0,    0,    0,    0,    0,    0,    0,    0,    0,    0,    0,    0,    0,    0,    0,    0,    0,    0,    0,    0,    0,    0,    0,    0,    0,    0,    0,    0,    0,    0,    0,    0,    0,    0,    0,    0,    0,    0,    0,    0,    0,    0,    0,    0,    0,    0,    0,    0,    0,    0,    0,    0,    0,    0,    0,    0,    0,    0,    0,    0,    0,    0,    0,    0,    0,    0,    0,    0,    0,    0,    0,    0,    0,    0,    0,    0,    0,    0,    0,   -4,   -4,    0,   -4,    0,    0,    0,    0,    0,    0,    0,    0,    0,    0,
       0,    0,    0,    0,    0,    0,    0,    0,    0,    0,    0,    0,    0,    0,    0,    0,    0,    0,    0,    0,    0,    0,   -7,    0,    0,   -3,    0,    0,    0,   -6,   -2,   -1,   -6,    0,    0,    0,   -5,   -5,   -3,   -3,  -15,   -8,   -4,   -4,   -5,   -6,   -3,   -7,  -14,   -5,  -15,  -10,  -19,  -17,  -14,    0,    0,    0,    0,    0,    0,    0,    0,    0,    0,    0,    0,    0,    0,   -5,   -5,   -5,   -5,   -5,   -3,   -3,   -3,   -4,   -4,   -4,   -4,    0,   -3,   -3,   -3,   -3,   -5,   -5,   -5,   -3,   -3,   -3,   -3,   -8,   -8,   -5,   -5,    0,   -4,    0,   -4,   -4,   -4,   -4,    0,   -5,   -6,   -6,   -3,   -6,   -7,   -7,  -14,    0,  -14,   -5,   -4,   -3,   -5,    0,   -8,   -8,    0,    0,   -4,   -5,   -3,   -4,    0,   -4,   -3,   -6,   -5,    0,    0,    0,    0,    0,    0,    0,    0,    0,    0,    0,    0,    0,    0,    0,    0,    0,    0,    0,    0,    0,    0,    0,    0,    0,    0,    0,    0,    0,    0,    0,    0,    0,    0,    0,    0,    0,    0,    0,    0,    0,    0,    0,    0,    0,    0,    0,    0,    0,    0,    0,    0,    0,    0,    0,    0,    0,    0,    0,    0,    0,    0,    0,    0,    0,    0,    0,    0,    0,    0,    0,    0,    0,    0,    0,    0,    0,    0,    0,    0,    0,    0,    0,    0,    0,    0,    0,    0,    0,    0,    0,    0,   -5,   -5,   -5,   -3,   -3,   -4,   -3,    0,    0,    0,    0,    0,    0,    0,    0,  -15,  -15,
       0,    0,    0,    0,    0,    0,    0,    0,    0,    0,    0,    0,    0,    0,    0,    0,    0,    0,    0,    0,    0,    0,    0,    0,    0,    0,    0,    0,    0,    0,    0,    0,    0,    0,  -17,    0,    0,    0,   -4,   -2,   -2,    0,    0,    0,    0,    0,   -2,    0,    0,    0,   -3,   -1,    0,   -4,    0,    0,    0,    0,    0,    0,   -9,   -5,    0,    0,    0,    0,    0,    0,    0,    0,    0,    0,    0,    0,   -4,   -4,   -4,    0,    0,    0,    0,    0,   -4,   -4,   -4,   -4,    0,    0,    0,   -4,   -4,   -4,   -4,    0,    0,    0,    0,    0,    0,    0,    0,    0,    0,    0,    0,    0,    0,    0,   -4,    0,    0,    0,    0,    0,    0,    0,    0,   -4,    0,    0,    0,    0,    0,    0,    0,    0,   -4,    0,    0,    0,   -4,    0,    0,    0,    0,    0,    0,    0,    0,    0,    0,    0,    0,    0,    0,    0,    0,    0,    0,    0,    0,    0,    0,    0,    0,    0,    0,    0,    0,    0,    0,    0,    0,    0,    0,    0,    0,    0,    0,    0,    0,    0,    0,    0,    0,    0,    0,    0,    0,    0,    0,    0,    0,    0,    0,    0,    0,    0,    0,    0,    0,    0,    0,    0,    0,    0,    0,    0,    0,    0,    0,    0,    0,    0,    0,    0,    0,    0,    0,    0,    0,    0,    0,    0,    0,    0,    0,    0,    0,    0,    0,    0,    0,    0,    0,    0,    0,    0,   -4,   -4,    0,   -4,   -5,    0,    0,    0,    0,    0,   -5,    0,   -2,   -2,
       3,   13,    0,   18,    2,    0,    0,    0,    0,    0,    0,    0,    0,    0,    0,    0,    0,    0,    0,    0,    3,    0,   -1,   -4,   -5,   -2,   -3,   -2,   -6,    0,   -2,    0,    0,   -3,   15,   19,    0,    6,    0,    0,    0,    0,    0,    0,    6,    0,    0,    0,    0,    0,    0,    0,    0,    0,    0,    3,   18,    0,    0,    4,    0,    0,    0,    0,    0,    0,   -4,   -4,   -4,    6,    0,    0,    0,    0,    0,    0,    0,    0,    0,    0,    3,    0,    0,    0,    0,    0,    0,    0,    0,    0,    0,    0,    0,    0,    0,    6,    6,   -4,    0,   -4,    0,    0,    0,    0,   -4,    6,    0,    0,    0,    0,    0,    0,    0,   -2,    0,    0,    0,    0,    0,    0,    0,    0,    0,    0,    0,    0,    0,   18,   -4,    0,    0,    0,    0,    0,    0,    0,    0,    0,    0,    0,    0,    0,    0,    0,    0,    0,    0,    0,    0,    0,    0,    0,    0,    0,    0,    0,    0,    0,    0,    0,    0,    0,    0,    0,    0,    0,    0,    0,    0,    0,    0,    0,    0,    0,    0,    0,    0,    0,    0,    0,    0,    0,    0,    0,    0,    0,    0,    0,    0,    0,    0,    0,    0,    0,    0,    0,    0,    0,    0,    0,    0,    0,    0,    0,    0,    0,    0,    0,    0,    0,    0,    0,    0,    0,    0,    0,    0,    0,    0,    0,    0,    0,    0,    0,    0,    0,    0,    0,    0,    0,    0,    0,    0,    5,   12,    0,   13,   13,   12,    0,    0,    0,
       0,    0,    0,   -4,    0,  -39,  -36,  -21,    0,    0,    0,    0,    0,    0,    0,    0,    0,    0,    0,    0,    0,    0,  -26,    0,    0,  -35,   -1,   -2,    0,   -7,   -2,  -14,  -11,   -9,    0,  -12,  -13,   -7,  -13,  -13,    0,  -12,   -7,   -7,   -7,   -9,  -13,   -9,    0,   -7,    0,    0,   -2,    0,   -4,    0,  -10,    0,    0,    0,    0,    0,    0,    0,    0,    0,    0,    0,    0,   -7,  -13,  -13,  -13,  -13,  -13,  -13,  -13,   -7,   -7,   -7,   -7,    0,  -13,  -13,  -13,  -13,   -7,  -13,  -13,  -13,  -13,  -13,  -13,  -12,  -12,   -7,   -7,    0,   -7,    0,   -7,   -7,   -7,   -7,    0,   -7,   -9,   -9,  -13,   -9,   -9,   -9,    0,   -2,   -4,  -13,   -7,  -13,   -7,    0,  -12,  -12,    0,    0,   -7,  -13,  -13,   -7,    0,   -7,  -13,   -9,   -7,    0,    0,    0,    0,    0,    0,    0,    0,    0,    0,    0,    0,    0,    0,    0,    0,    0,    0,    0,    0,    0,    0,    0,    0,    0,    0,    0,    0,    0,    0,    0,    0,    0,    0,    0,    0,    0,    0,    0,    0,    0,    0,    0,    0,    0,    0,    0,    0,    0,    0,    0,    0,    0,    0,    0,    0,    0,    0,    0,    0,    0,    0,    0,    0,    0,    0,    0,    0,    0,    0,    0,    0,    0,    0,    0,    0,    0,    0,    0,    0,    0,    0,    0,    0,    0,    0,    0,    0,    0,    0,    0,    0,  -13,  -13,  -13,  -13,  -13,   -7,  -13,    0,    0,    0,  -32,    0,    0,    0,    0,    0,    0,
       0,  -11,    0,  -16,  -14,    0,    0,    0,    0,    0,    0,    0,    0,    0,    0,    0,    0,    0,    0,    0,  -16,    0,   -7,   -8,   -4,  -17,   -8,  -66,  -10,  -40,  -30,  -21,  -59,  -13,  -24,  -18,    0,    0,    0,    0,   -6,   -1,    0,    0,    0,    0,    0,    0,   -5,    0,   -7,   -4,  -12,   -9,   -5,    0,  -16,    0,    0,   -5,    0,    0,    0,   -7,    0,    0,   -8,   -8,   -8,    0,    0,    0,    0,    0,    0,    0,    0,    0,    0,    0,    0,    0,    0,    0,    0,    0,    0,    0,    0,    0,    0,    0,    0,   -1,   -1,    0,    0,   -8,    0,   -8,    0,    0,    0,    0,   -8,    0,    0,    0,    0,    0,    0,    0,   -5,  -66,   -5,    0,    0,    0,    0,    0,   -1,   -1,    0,   -4,    0,    0,    0,    0,   -8,    0,    0,    0,    0,   -4,    0,    0,    0,    0,    0,    0,    0,    0,    0,    0,    0,    0,    0,    0,    0,    0,    0,    0,    0,    0,    0,    0,    0,    0,    0,    0,    0,    0,    0,    0,    0,    0,    0,    0,    0,    0,    0,    0,    0,    0,    0,    0,    0,    0,    0,    0,    0,    0,    0,    0,    0,    0,    0,    0,    0,    0,    0,    0,    0,    0,    0,    0,    0,    0,    0,    0,    0,    0,    0,    0,    0,    0,    0,    0,    0,    0,    0,    0,    0,    0,    0,    0,    0,    0,    0,    0,    0,    0,    0,    0,    0,    0,    0,    0,    0,    0,    0,    0,    0,  -23,  -11,    0,  -13,  -13,  -16,    0,   -6,   -6,
       0,    0,    0,    0,    0,    0,    0,    0,    0,    0,    0,    0,    0,    0,    0,    0,    0,    0,    0,    0,    0,    0,    0,    0,    0,    0,    0,    0,    0,    0,    0,    0,    0,    0,    0,    3,   -8,   -4,   -8,   -8,   -8,   -9,   -4,   -4,   -4,   -4,   -8,   -8,   -8,   -5,   -6,   -5,   -2,   -6,   -6,    0,    2,    0,    0,    0,    0,    0,    0,    0,    0,    0,    0,    0,    0,   -4,   -8,   -8,   -8,   -8,   -8,   -8,   -8,   -4,   -4,   -6,   -4,   -9,   -8,   -8,   -8,   -8,   -5,   -8,   -8,   -8,   -8,   -8,   -8,   -9,   -9,   -4,   -4,    0,   -4,    0,   -4,   -4,   -4,   -5,    0,   -4,   -4,   -4,   -8,   -4,   -8,   -8,   -8,    0,   -6,   -8,   -4,   -8,   -5,   -8,   -9,   -9,    0,   -4,   -4,   -8,   -8,   -4,    0,   -4,   -8,   -4,   -5,   -4,    0,    0,    0,    0,    0,    0,    0,    0,    0,    0,    0,    0,    0,    0,    0,    0,    0,    0,    0,    0,    0,    0,    0,    0,    0,    0,    0,    0,    0,    0,    0,    0,    0,    0,    0,    0,    0,    0,    0,    0,    0,    0,    0,    0,    0,    0,    0,    0,    0,    0,    0,    0,    0,    0,    0,    0,    0,    0,    0,    0,    0,    0,    0,    0,    0,    0,    0,    0,    0,    0,    0,    0,    0,    0,    0,    0,    0,    0,    0,    0,    0,    0,    0,    0,    0,    0,    0,    0,    0,    0,    0,   -8,   -8,   -8,   -8,   -8,   -4,   -8,    0,    0,    0,    0,    0,    0,    0,    0,   -8,   -8,
       0,    0,    0,    0,    0,    0,    0,    0,    0,    0,    0,    0,    0,    0,    0,    0,    0,    0,    0,    0,    0,    0,   -1,   -4,   -5,   -2,   -3,   -2,   -6,    0,   -2,    0,    0,   -3,    0,    0,    0,    0,    0,    0,    0,    0,    0,    0,    0,    0,    0,    0,    0,    0,    0,    0,    0,    0,    0,    0,    0,    0,    0,    0,    0,    0,    0,    4,    0,    0,   -4,   -4,   -4,    0,    0,    0,    0,    0,    0,    0,    0,    0,    0,    0,    3,    0,    0,    0,    0,    0,    0,    0,    0,    0,    0,    0,    0,    0,    0,    0,    0,   -4,    0,   -4,    0,    0,    0,    0,   -4,    0,    0,    0,    0,    0,    0,    0,    0,   -2,    0,    0,    0,    0,    0,    0,    0,    0,    0,    0,    0,    0,    0,   18,   -4,    0,    0,    0,    0,    0,    0,    0,    0,    0,    0,    0,    0,    0,    0,    0,    0,    0,    0,    0,    0,    0,    0,    0,    0,    0,    0,    0,    0,    0,    0,    0,    0,    0,    0,    0,    0,    0,    0,    0,    0,    0,    0,    0,    0,    0,    0,    0,    0,    0,    0,    0,    0,    0,    0,    0,    0,    0,    0,    0,    0,    0,    0,    0,    0,    0,    0,    0,    0,    0,    0,    0,    0,    0,    0,    0,    0,    0,    0,    0,    0,    0,    0,    0,    0,    0,    0,    0,    0,    0,    0,    0,    0,    0,    0,    0,    0,    0,    0,    0,    0,    0,    0,    0,    0,    3,    0,    0,    2,    2,    0,    0,    0,    0,
       0,    0,    0,    0,    0,    0,    0,    0,    0,    0,    0,    0,    0,    0,    0,    0,    0,    0,    0,    0,    0,    0,    0,    0,    0,    0,    0,    0,    0,    0,    0,    0,    0,    0,    0,   12,   -8,   -4,   -8,   -8,   -8,   -9,   -4,   -4,   -4,   -4,   -8,   -8,   -8,   -5,   -6,   -5,   -2,   -6,   -6,    0,   11,    0,    0,    0,    0,    0,    0,    0,    0,    0,    0,    0,    0,   -4,   -8,   -8,   -8,   -8,   -8,   -8,   -8,   -4,   -4,   -6,   -4,   -9,   -8,   -8,   -8,   -8,   -5,   -8,   -8,   -8,   -8,   -8,   -8,   -9,   -9,   -4,   -4,    0,   -4,    0,   -4,   -4,   -4,   -5,    0,   -4,   -4,   -4,   -8,   -4,   -8,   -8,   -8,    0,   -6,   -8,   -4,   -8,   -5,   -8,   -9,   -9,    0,   -4,   -4,   -8,   -8,   -4,    0,   -4,   -8,   -4,   -5,   -4,    0,    0,    0,    0,    0,    0,    0,    0,    0,    0,    0,    0,    0,    0,    0,    0,    0,    0,    0,    0,    0,    0,    0,    0,    0,    0,    0,    0,    0,    0,    0,    0,    0,    0,    0,    0,    0,    0,    0,    0,    0,    0,    0,    0,    0,    0,    0,    0,    0,    0,    0,    0,    0,    0,    0,    0,    0,    0,    0,    0,    0,    0,    0,    0,    0,    0,    0,    0,    0,    0,    0,    0,    0,    0,    0,    0,    0,    0,    0,    0,    0,    0,    0,    0,    0,    0,    0,    0,    0,    0,    0,   -8,   -8,   -8,   -8,   -8,   -4,   -8,    0,    0,    0,    0,    0,    0,    0,    0,   -8,   -8,
       0,    7,    0,    2,    8,    0,    0,    0,    0,    0,    0,    0,    0,    0,    0,    0,    0,    0,    0,    0,    7,    0,   -1,   -4,   -5,   -2,   -3,   -2,   -6,    0,   -2,    0,    0,   -3,    0,    0,    0,    0,    0,    0,    0,    0,    0,    0,    0,    0,    0,    0,    0,    0,    0,    0,    0,    0,    0,    0,    2,    0,    0,    0,    0,    0,    0,   11,    0,    0,   -4,   -4,   -4,    0,    0,    0,    0,    0,    0,    0,    0,    0,    0,    0,    3,    0,    0,    0,    0,    0,    0,    0,    0,    0,    0,    0,    0,    0,    0,    0,    0,   -4,    0,   -4,    0,    0,    0,    0,   -4,    0,    0,    0,    0,    0,    0,    0,    0,   -2,    0,    0,    0,    0,    0,    0,    0,    0,    0,    0,    0,    0,    0,   18,   -4,    0,    0,    0,    0,    0,    0,    0,    0,    0,    0,    0,    0,    0,    0,    0,    0,    0,    0,    0,    0,    0,    0,    0,    0,    0,    0,    0,    0,    0,    0,    0,    0,    0,    0,    0,    0,    0,    0,    0,    0,    0,    0,    0,    0,    0,    0,    0,    0,    0,    0,    0,    0,    0,    0,    0,    0,    0,    0,    0,    0,    0,    0,    0,    0,    0,    0,    0,    0,    0,    0,    0,    0,    0,    0,    0,    0,    0,    0,    0,    0,    0,    0,    0,    0,    0,    0,    0,    0,    0,    0,    0,    0,    0,    0,    0,    0,    0,    0,    0,    0,    0,    0,    0,    0,   10,    0,    0,   10,   10,    2,    0,    0,    0,
       0,  -30,    0,    0,  -31,    0,    0,    0,    0,    0,    0,    0,    0,    0,    0,    0,    0,    0,    0,    0,  -13,    0,    0,    0,    0,    0,    0,    0,    0,    0,    0,    0,    0,    0,  -38,  -13,    0,    0,    0,    0,    0,    0,    0,    0,    0,    0,    0,    0,    0,    0,    0,    0,    0,    0,    0,    0,  -13,    0,    0,    0,  -14,  -16,    0,    0,    0,    0,    0,    0,    0,    0,    0,    0,    0,    0,    0,    0,    0,    0,    0,    0,    0,    0,    0,    0,    0,    0,    0,    0,    0,    0,    0,    0,    0,    0,    0,    0,    0,    0,    0,    0,    0,    0,    0,    0,    0,    0,    0,    0,    0,    0,    0,    0,    0,    0,    0,    0,    0,    0,    0,    0,    0,    0,    0,    0,    0,    0,    0,    0,    0,    0,    0,    0,    0,    0,    0,    0,    0,    0,    0,    0,    0,    0,    0,    0,    0,    0,    0,    0,    0,    0,    0,    0,    0,    0,    0,    0,    0,    0,    0,    0,    0,    0,    0,    0,    0,    0,    0,    0,    0,    0,    0,    0,    0,    0,    0,    0,    0,    0,    0,    0,    0,    0,    0,    0,    0,    0,    0,    0,    0,    0,    0,    0,    0,    0,    0,    0,    0,    0,    0,    0,    0,    0,    0,    0,    0,    0,    0,    0,    0,    0,    0,    0,    0,    0,    0,    0,    0,    0,    0,    0,    0,    0,    0,    0,    0,    0,    0,    0,    0,    0,    0,    0,  -16,    0,  -30,    0,    0,    0,  -16,    0,    0,    0,
       0,    0,    0,    0,    0,    0,    0,    0,    0,    0,    0,    0,    0,    0,    0,    0,    0,    0,    0,    0,    0,    0,    0,    0,    0,    0,    0,    0,    0,    0,    0,    0,    0,    0,    0,    0,    0,    0,    0,    0,    0,    0,    0,    0,    0,    0,    0,    0,    0,    0,    0,    0,    0,    0,    0,    0,    0,    0,    0,    0,   -5,    0,    0,    0,    0,    0,    0,    0,    0,    0,    0,    0,    0,    0,    0,    0,    0,    0,    0,    0,    0,    0,    0,    0,    0,    0,    0,    0,    0,    0,    0,    0,    0,    0,    0,    0,    0,    0,    0,    0,    0,    0,    0,    0,    0,    0,    0,    0,    0,    0,    0,    0,    0,    0,    0,    0,    0,    0,    0,    0,    0,    0,    0,    0,    0,    0,    0,    0,    0,    0,    0,    0,    0,    0,    0,    0,    0,   -8,    0,    0,    0,    0,    0,    0,    0,    0,    0,  -10,    0,    0,    0,    0,    0,   -3,  -17,   -7,    0,  -13,    0,   -4,   -7,    0,  -13,  -12,    0,  -14,  -12,   -4,    0,  -13,    0,   -5,   -1,    3,   -1,    0,   -7,  -12,   -6,  -16,   -3,  -11,    0,    0,    0,    0,    0,   -4,    0,  -15,    0,  -12,  -12,  -12,    0,   -7,    0,  -13,    0,  -12,    0,  -12,    0,   -7,  -21,    0,   -3,   -3,    0,  -13,   -2,   -9,   -9,   -4,    0,  -13,   -7,   -8,  -13,   -4,  -12,  -12,  -14,    0,    0,    0,    0,    0,    0,    0,    0,    0,    0,    0,    0,    0,    0,    0,    0,    0,    0,    0,
       0,  -21,    0,    0,  -23,    0,    0,    0,    0,    0,    0,    0,    0,    0,    0,    0,    0,    0,    0,    0,   -6,    0,    0,    0,    0,    0,    0,    0,    0,    0,    0,    0,    0,    0,  -16,   -6,    0,    0,    0,    0,    0,    0,    0,    0,    0,    0,    0,    0,    0,    0,    0,    0,    0,    0,    0,    0,   -4,    0,    0,    0,    0,    0,    0,    0,    0,    0,    0,    0,    0,    0,    0,    0,    0,    0,    0,    0,    0,    0,    0,    0,    0,    0,    0,    0,    0,    0,    0,    0,    0,    0,    0,    0,    0,    0,    0,    0,    0,    0,    0,    0,    0,    0,    0,    0,    0,    0,    0,    0,    0,    0,    0,    0,    0,    0,    0,    0,    0,    0,    0,    0,    0,    0,    0,    0,    0,    0,    0,    0,    0,    0,    0,    0,    0,    0,    0,    0,  -32,    0,    0,    0,    0,    0,  -23,   -2,    0,   -3,    0,    0,   -5,   -8,  -29,    0,   -3,    0,   -1,   -1,   -1,    0,   -8,   -6,   -1,    0,  -31,  -16,  -10,   -2,  -27,   -6,   -4,    0,    0,    0,    0,    0,   -1,    0,   -1,  -16,    0,    0,    0,    0,    0,    0,    0,    0,    0,    0,    0,    0,    0,    0,    0,    0,    0,   -1,    0,  -31,    0,    0,    0,    0,  -10,    0,    0,    0,    0,    0,    0,    0,    0,    0,    0,   -6,    0,    0,   -1,    0,    0,   -6,  -16,  -16,   -2,   -5,  -10,    0,    0,    0,    0,    0,    0,    0,    0,  -21,  -20,    0,  -21,  -21,  -10,    0,    0,    0,
       0,    0,    0,    0,    0,  -50,  -53,  -42,    0,    0,    0,    0,    0,    0,    0,    0,    0,    0,  -35,  -35,    0,    0,    0,    0,    0,    0,    0,    0,    0,    0,    0,    0,    0,    0,    0,    0,    0,    0,    0,    0,    0,    0,    0,    0,    0,    0,    0,    0,    0,    0,    0,    0,    0,    0,    0,    0,    0,    0,    0,    0,  -55,  -42,    0,    0,  -47,    0,    0,    0,    0,    0,    0,    0,    0,    0,    0,    0,    0,    0,    0,    0,    0,    0,    0,    0,    0,    0,    0,    0,    0,    0,    0,    0,    0,    0,    0,    0,    0,    0,    0,    0,    0,    0,    0,    0,    0,    0,    0,    0,    0,    0,    0,    0,    0,    0,    0,    0,    0,    0,    0,    0,    0,    0,    0,    0,    0,    0,    0,    0,    0,    0,    0,    0,    0,    0,    0,    0,    0,  -19,   -2,    0,  -49,  -35,    0,  -49,  -40,    0,    0,  -21,    0,    0,    0,    0,  -24,  -79,  -42,  -62, -104,  -92,  -55,  -67,  -62, -104,  -53,  -53,  -51,  -59,  -54,  -69,  -88, -128,   12,  -78,   -2,    6,   -2,    5,  -62,  -53,   -9,  -56,  -13,  -46,  -50, -113,    0,  -54,    0,  -33,    0,  -56,    0,  -54,  -74,  -60,    0,  -62,    0,  -53,    0,  -52,    0,  -52,  -51,    0,  -67,    0, -128, -128,  -60, -128,   -1,  -73, -128, -108,    0,  -56,  -62,  -19, -128, -115,  -53,  -53, -107,    0,  -51,    0,    0,    0,    0,    0,    0,    0,  -42,    0,    0,  -49,    0,    0,    0,    0,    0,    0,
       0,    0,    0,    0,    0,    0,    0,    0,    0,    0,    0,    0,    0,    0,    0,    0,    0,    0,    0,    0,    0,    0,    0,    0,    0,    0,    0,    0,    0,    0,    0,    0,    0,    0,    0,    0,    0,    0,    0,    0,    0,    0,    0,    0,    0,    0,    0,    0,    0,    0,    0,    0,    0,    0,    0,    0,    0,    0,    0,    0,    0,    0,    0,    0,    0,    0,    0,    0,    0,    0,    0,    0,    0,    0,    0,    0,    0,    0,    0,    0,    0,    0,    0,    0,    0,    0,    0,    0,    0,    0,    0,    0,    0,    0,    0,    0,    0,    0,    0,    0,    0,    0,    0,    0,    0,    0,    0,    0,    0,    0,    0,    0,    0,    0,    0,    0,    0,    0,    0,    0,    0,    0,    0,    0,    0,    0,    0,    0,    0,    0,    0,    0,    0,    0,    0,    0,    0,   -9,    0,    0,    0,    0,    0,    0,    0,    0,    0,  -13,    0,    0,    0,    0,   -3,   -1,  -13,   -6,    0,   -9,    0,   -3,   -6,    0,  -14,  -12,    0,  -18,  -13,   -3,   -5,   -9,    0,    0,   -1,    7,   -1,    0,   -6,  -12,    0,    0,    0,    0,    0,    0,    0,    0,    0,    0,    0,    0,    0,    0,    0,    0,    0,   -6,    0,  -14,    0,    0,    0,    0,    0,    0,    0,    0,   -1,   -1,    0,   -9,    0,   -5,   -5,   -3,    0,    0,   -6,   -9,   -9,   -3,  -12,  -12,  -18,    0,    0,    0,    0,    0,    0,    0,    0,    0,    0,    0,    0,    0,    0,    0,    0,    0,    0,    0,
       0,    0,    0,    0,    0,    0,    0,    0,    0,    0,    0,    0,    0,    0,    0,    0,    0,    0,    0,    0,    0,    0,    0,    0,    0,    0,    0,    0,    0,    0,    0,    0,    0,    0,    0,   -5,    0,    0,    0,    0,    0,    0,    0,    0,    0,    0,    0,    0,    0,    0,    0,    0,    0,    0,    0,    0,    0,    0,    0,    0,    0,    0,    0,    0,    0,    0,    0,    0,    0,    0,    0,    0,    0,    0,    0,    0,    0,    0,    0,    0,    0,    0,    0,    0,    0,    0,    0,    0,    0,    0,    0,    0,    0,    0,    0,    0,    0,    0,    0,    0,    0,    0,    0,    0,    0,    0,    0,    0,    0,    0,    0,    0,    0,    0,    0,    0,    0,    0,    0,    0,    0,    0,    0,    0,    0,    0,    0,    0,    0,    0,    0,    0,    0,    0,    0,    0,    0,    0,    0,    0,   -1,    0,    0,   -6,   -2,    0,    0,    0,   -2,    0,    0,    0,   -4,   -4,   -6,   -6,   -9,   -2,  -11,  -11,   -6,   -7,  -18,  -14,  -13,   -7,  -17,  -11,  -10,   -2,    0,   -7,    0,    0,   -2,    0,   -6,  -14,    0,    0,    0,    0,    0,    0,    0,    0,    0,    0,    0,    0,    0,    0,    0,    0,    0,   -6,    0,  -18,    0,    0,    0,    0,  -13,    0,    0,    0,   -4,   -4,    0,   -2,    0,    0,    0,  -11,    0,    0,   -6,    0,   -2,  -11,  -14,  -14,   -7,   -2,  -13,    0,    0,    0,    0,    0,    0,    0,    0,    0,    0,    0,    0,    0,    0,    0,    0,    0,
       0,    0,    0,    0,    0,    0,    0,    0,    0,    0,    0,    0,    0,    0,    0,    0,    0,    0,    0,    0,    0,    0,    0,    0,    0,    0,    0,    0,    0,    0,    0,    0,    0,    0,    0,    0,    0,    0,    0,    0,    0,    0,    0,    0,    0,    0,    0,    0,    0,    0,    0,    0,    0,    0,    0,    0,    0,    0,    0,    0,    0,    0,    0,    0,    0,    0,    0,    0,    0,    0,    0,    0,    0,    0,    0,    0,    0,    0,    0,    0,    0,    0,    0,    0,    0,    0,    0,    0,    0,    0,    0,    0,    0,    0,    0,    0,    0,    0,    0,    0,    0,    0,    0,    0,    0,    0,    0,    0,    0,    0,    0,    0,    0,    0,    0,    0,    0,    0,    0,    0,    0,    0,    0,    0,    0,    0,    0,    0,    0,    0,    0,    0,    0,    0,    0,    0,    0,    0,    0,    0,    0,    0,    0,    0,    0,    0,    0,    0,    0,    0,    0,    0,    0,   -8,   -6,   -4,   -7,   -8,   -4,   -7,   -4,   -5,   -5,   -6,   -2,   -8,   -5,   -7,   -7,   -8,    0,   -8,   -4,   -4,   -4,    0,   -4,   -6,    0,   -7,    0,   -6,    0,   -9,    0,   -3,    0,   -6,    0,   -7,    0,   -6,   -6,   -7,    0,   -4,    0,   -5,    0,   -6,    0,   -6,   -2,    0,   -9,    0,   -8,   -8,    0,   -8,    0,   -8,   -8,   -7,    0,   -5,   -4,    0,   -8,   -7,   -6,   -6,   -8,    0,   -2,    0,    0,    0,    0,    0,    0,    0,    0,    0,    0,    0,    0,    0,    0,    0,    0,    0,
       0,    0,    0,    0,    0,    0,    0,    0,    0,    0,    0,    0,    0,    0,    0,    0,    0,    0,    0,    0,    0,    0,    0,    0,    0,    0,    0,    0,    0,    0,    0,    0,    0,    0,    0,   10,    0,    0,    0,    0,    0,    0,    0,    0,    0,    0,    0,    0,    0,    0,    0,    0,    0,    0,    0,    0,    9,    0,    0,    0,    0,    0,    0,    0,    0,    0,    0,    0,    0,    0,    0,    0,    0,    0,    0,    0,    0,    0,    0,    0,    0,    0,    0,    0,    0,    0,    0,    0,    0,    0,    0,    0,    0,    0,    0,    0,    0,    0,    0,    0,    0,    0,    0,    0,    0,    0,    0,    0,    0,    0,    0,    0,    0,    0,    0,    0,    0,    0,    0,    0,    0,    0,    0,    0,    0,    0,    0,    0,    0,    0,    0,    0,    0,    0,    0,    0,    0,    0,    0,    0,    0,    0,    0,    0,    0,    0,    0,    0,    0,    0,    0,    0,    0,   -8,   -6,   -4,   -7,   -8,   -4,   -7,   -4,   -5,   -5,   -6,   -2,   -8,   -5,   -7,   -7,   -8,    0,   -8,   -4,   -4,   -4,    0,   -4,   -6,    0,   -7,    0,   -6,    0,   -9,    0,   -3,    0,   -6,    0,   -7,    0,   -6,   -6,   -7,    0,   -4,    0,   -5,    0,   -6,    0,   -6,   -2,    0,   -9,    0,   -8,   -8,    0,   -8,    0,   -8,   -8,   -7,    0,   -5,   -4,    0,   -8,   -7,   -6,   -6,   -8,    0,   -2,    0,    0,    0,    0,    0,    0,    0,    0,    0,    0,    0,    0,    0,    0,    0,    0,    0,
       0,    0,    0,    0,    0,   -6,   -5,   -5,    0,    0,    0,    0,    0,    0,    0,    0,    0,    0,    0,    0,    0,    0,    0,    0,    0,    0,    0,    0,    0,    0,    0,    0,    0,    0,    0,    0,    0,    0,    0,    0,    0,    0,    0,    0,    0,    0,    0,    0,    0,    0,    0,    0,    0,    0,    0,    0,    0,    0,    0,    0,    0,    0,    0,    0,    0,    0,    0,    0,    0,    0,    0,    0,    0,    0,    0,    0,    0,    0,    0,    0,    0,    0,    0,    0,    0,    0,    0,    0,    0,    0,    0,    0,    0,    0,    0,    0,    0,    0,    0,    0,    0,    0,    0,    0,    0,    0,    0,    0,    0,    0,    0,    0,    0,    0,    0,    0,    0,    0,    0,    0,    0,    0,    0,    0,    0,    0,    0,    0,    0,    0,    0,    0,    0,    0,    0,    0,    0,    0,    0,    0,   -9,   -3,    0,   -5,   -9,    0,    0,    0,    0,    0,    0,    0,   -3,  -10,   -9,   -6,  -19,  -10,   -8,  -11,   -6,  -19,   -3,   -4,   -5,   -6,   -4,  -10,  -15,  -10,    0,  -11,    0,    0,   -5,    0,   -6,   -4,    0,    0,    0,    0,    0,    0,    0,    0,    0,    0,    0,    0,    0,    0,    0,    0,    0,   -6,    0,   -3,    0,   -4,    0,   -4,   -5,    0,    0,    0,  -10,  -10,    0,  -10,    0,   -7,   -7,  -11,    0,    0,   -6,    0,  -10,  -10,   -4,   -4,   -6,    0,   -5,    0,    0,    0,    0,    0,    0,    0,    0,    0,    0,   -3,    0,    0,    0,    0,    0,    0,
       0,  -37,    0,   -5,  -38,    0,   -4,    0,    0,    0,    0,    0,    0,    0,    0,    0,    0,    0,    0,    0,  -13,    0,    0,    0,    0,    0,    0,    0,    0,    0,    0,    0,    0,    0,  -23,  -12,    0,    0,    0,    0,    0,    0,    0,    0,    0,    0,    0,    0,    0,    0,    0,    0,    0,    0,    0,    0,   -5,    0,    0,    0,    0,   -3,    0,    0,    0,    0,    0,    0,    0,    0,    0,    0,    0,    0,    0,    0,    0,    0,    0,    0,    0,    0,    0,    0,    0,    0,    0,    0,    0,    0,    0,    0,    0,    0,    0,    0,    0,    0,    0,    0,    0,    0,    0,    0,    0,    0,    0,    0,    0,    0,    0,    0,    0,    0,    0,    0,    0,    0,    0,    0,    0,    0,    0,    0,    0,    0,    0,    0,    0,    0,    0,    0,    0,    0,    0,    0,  -46,    0,    0,    0,    0,    0,  -29,   -3,    0,    0,    0,    0,   -4,  -11,  -40,    0,   -2,    0,   -1,   -1,    0,    0,  -10,   -5,   -1,    0,  -31,  -19,  -12,   -2,  -29,   -5,   -5,    0,   -1,   -1,   -1,   -1,   -1,   -1,   -1,  -19,    0,   -2,  -35,  -23,   -3,   -5,    0,   -7,   -2,  -10,   -5,   -1,  -30,  -16,  -16,    0,    0,   -1,    0,  -31,  -43,  -18,  -69,  -18,  -12,  -10,   -3,    0,    0,    0,   -5,    0,    0,    0,    0,   -5,    0,   -9,   -1,    0,    0,   -5,  -19,  -19,   -2,   -6,  -16,    0,    0,    0,    0,    0,    0,    0,   -3,  -41,  -37,    0,  -44,  -47,  -14,    0,    0,    0,
       0,  -19,    0,    0,  -22,    0,    0,    0,    0,    0,    0,    0,    0,    0,    0,    0,    0,    0,    0,    0,   -5,    0,    0,    0,    0,    0,    0,    0,    0,    0,    0,    0,    0,    0,  -18,   -6,    0,    0,    0,    0,    0,    0,    0,    0,    0,    0,    0,    0,    0,    0,    0,    0,    0,    0,    0,    0,   -4,    0,    0,    0,    0,    0,    0,    0,    0,    0,    0,    0,    0,    0,    0,    0,    0,    0,    0,    0,    0,    0,    0,    0,    0,    0,    0,    0,    0,    0,    0,    0,    0,    0,    0,    0,    0,    0,    0,    0,    0,    0,    0,    0,    0,    0,    0,    0,    0,    0,    0,    0,    0,    0,    0,    0,    0,    0,    0,    0,    0,    0,    0,    0,    0,    0,    0,    0,    0,    0,    0,    0,    0,    0,    0,    0,    0,    0,    0,    0,  -35,    0,    0,    0,    0,    0,  -17,    0,    0,    0,    0,    0,    0,   -6,  -30,    0,    0,    0,   -2,   -1,    0,    0,    0,    0,   -1,    0,  -26,  -18,    0,   -3,  -23,    0,    0,    0,   -1,    0,    0,    0,   -1,   -1,   -1,  -18,    0,    0,    0,    0,    0,    0,    0,    0,    0,    0,    0,    0,    0,    0,    0,    0,    0,   -1,    0,  -26,    0,    0,    0,    0,    0,    0,    0,    0,    0,    0,    0,    0,    0,    0,    0,    0,    0,    0,   -1,    0,    0,    0,  -18,  -18,   -3,    0,    0,    0,    0,    0,    0,    0,    0,    0,    0,  -20,  -19,    0,  -22,  -22,   -5,    0,    0,    0,
       0,    0,    0,    0,    0,    0,    0,    0,    0,    0,    0,    0,    0,    0,    0,    0,    0,    0,    0,    0,    0,    0,    0,    0,    0,    0,    0,    0,    0,    0,    0,    0,    0,    0,    0,    0,    0,    0,    0,    0,    0,    0,    0,    0,    0,    0,    0,    0,    0,    0,    0,    0,    0,    0,    0,    0,    0,    0,    0,    0,  -15,  -14,    0,    0,    0,    0,    0,    0,    0,    0,    0,    0,    0,    0,    0,    0,    0,    0,    0,    0,    0,    0,    0,    0,    0,    0,    0,    0,    0,    0,    0,    0,    0,    0,    0,    0,    0,    0,    0,    0,    0,    0,    0,    0,    0,    0,    0,    0,    0,    0,    0,    0,    0,    0,    0,    0,    0,    0,    0,    0,    0,    0,    0,    0,    0,    0,    0,    0,    0,    0,    0,    0,    0,    0,    0,    0,    0,  -18,    0,    0,    0,    3,    0,    0,    3,    0,    0,  -25,    0,    0,    0,    0,    0,   -4,  -22,   -4,    2,  -21,    0,   -2,   -4,    0,  -32,  -27,    0,  -36,  -29,   -2,    0,  -21,    0,   -3,   -2,   -1,   -2,    0,   -4,  -27,  -13,  -23,    0,  -25,    0,    0,    0,    0,    0,    0,    0,  -20,    0,  -27,  -40,  -18,   -2,   -4,   -2,  -32,    0,  -27,    0,  -27,    0,  -17,  -37,    0,   -4,   -4,    0,  -21,   -5,  -14,  -14,   -2,    0,  -32,   -4,  -18,  -21,   -2,  -27,  -27,  -36,    0,    0,    0,    0,    0,    0,    0,    0,    0,  -14,    0,    0,    0,    0,    0,    0,    0,    0,    0,
       0,    0,    0,    5,    0,  -46,  -45,  -38,    0,    0,    0,    0,    0,    0,    0,    0,    0,    0,  -14,  -13,    0,    0,    0,    0,    0,    0,    0,    0,    0,    0,    0,    0,    0,    0,    3,    6,    0,    0,    0,    0,    0,    0,    0,    0,    0,    0,    0,    0,    0,    0,    0,    0,    0,    0,    0,    0,    5,    0,    0,    0,  -32,  -21,    0,    0,  -22,    0,    0,    0,    0,    0,    0,    0,    0,    0,    0,    0,    0,    0,    0,    0,    0,    0,    0,    0,    0,    0,    0,    0,    0,    0,    0,    0,    0,    0,    0,    0,    0,    0,    0,    0,    0,    0,    0,    0,    0,    0,    0,    0,    0,    0,    0,    0,    0,    0,    0,    0,    0,    0,    0,    0,    0,    0,    0,    0,    0,    0,    0,    0,    0,    0,    0,    0,    0,    0,    0,    0,    0,  -13,  -10,    0,  -40,  -33,    0,  -33,  -37,    0,   -5,  -14,    0,    0,    0,   -3,  -15,  -47,  -27,  -36,  -70,  -48,  -25,  -39,  -36,  -73,  -14,  -16,  -21,  -27,  -15,  -38,  -49,  -93,    5,  -45,    0,   12,    0,    5,  -36,  -16,  -10,  -30,    0,  -16,  -34,  -78,   -2,  -25,    0,  -15,    0,  -33,    0,  -18,  -17,  -46,    0,  -36,    0,  -14,    0,  -16,    0,  -16,  -21,   -7,  -37,    0,  -82,  -84,  -47,  -91,   -7,  -42,  -79,  -61,    0,  -18,  -36,  -13,  -95,  -65,  -16,  -16,  -27,    0,  -21,    0,    0,    0,    0,    0,    0,    0,  -21,    0,    0,  -41,    0,    0,    2,    0,    0,    0,
       0,  -30,    0,    0,  -29,    0,    0,    0,    0,    0,    0,    0,    0,    0,    0,    0,    0,    0,    0,    0,    0,    0,    0,    0,    0,    0,    0,    0,    0,    0,    0,    0,    0,    0,  -30,   -5,    0,    0,    0,    0,    0,    0,    0,    0,    0,    0,    0,    0,    0,    0,    0,    0,    0,    0,    0,    0,   -5,    0,    0,    0,    0,    0,    0,    0,    0,    0,    0,    0,    0,    0,    0,    0,    0,    0,    0,    0,    0,    0,    0,    0,    0,    0,    0,    0,    0,    0,    0,    0,    0,    0,    0,    0,    0,    0,    0,    0,    0,    0,    0,    0,    0,    0,    0,    0,    0,    0,    0,    0,    0,    0,    0,    0,    0,    0,    0,    0,    0,    0,    0,    0,    0,    0,    0,    0,    0,    0,    0,    0,    0,    0,    0,    0,    0,    0,    0,    0,  -37,   -9,    0,    0,    0,    7,  -16,    0,    6,    0,    0,  -13,    0,  -29,  -31,    0,    0,    0,  -12,   -1,    5,   -7,    0,    0,   -1,    5,  -30,  -22,    0,  -24,  -27,    0,    0,   -7,   -1,    0,   -1,   -1,   -1,   -1,   -1,  -22,   -8,  -14,  -29,  -23,    0,    0,    0,    0,    2,    2,  -27,  -12,  -27,  -20,  -20,   -6,    0,   -1,    0,  -30,  -36,  -22,  -66,  -22,    0,  -25,  -23,    0,    0,    0,    0,   -7,   -7,   -5,   -5,    0,    0,  -24,   -1,   -9,   -7,    0,  -22,  -22,  -24,    0,    0,    0,    0,    0,    0,    0,    0,    0,    0,  -31,  -29,    0,  -35,  -35,  -10,    0,    0,    0,
       0,    0,    0,    0,    0,    0,    0,    0,    0,    0,    0,    0,    0,    0,    0,    0,    0,    0,    0,    0,    0,    0,    0,    0,    0,    0,    0,    0,    0,    0,    0,    0,    0,    0,    0,    0,    0,    0,    0,    0,    0,    0,    0,    0,    0,    0,    0,    0,    0,    0,    0,    0,    0,    0,    0,    0,    0,    0,    0,    0,    0,    0,    0,    0,    0,    0,    0,    0,    0,    0,    0,    0,    0,    0,    0,    0,    0,    0,    0,    0,    0,    0,    0,    0,    0,    0,    0,    0,    0,    0,    0,    0,    0,    0,    0,    0,    0,    0,    0,    0,    0,    0,    0,    0,    0,    0,    0,    0,    0,    0,    0,    0,    0,    0,    0,    0,    0,    0,    0,    0,    0,    0,    0,    0,    0,    0,    0,    0,    0,    0,    0,    0,    0,    0,    0,    0,    0,    0,    0,    0,    0,    0,    0,   -5,   -2,    0,    0,    0,   -2,    0,    0,    0,   -4,   -2,   -5,   -5,   -8,   -1,  -10,  -10,   -5,   -6,  -17,  -13,  -10,   -6,  -16,  -10,   -8,   -1,    0,   -6,   -2,   -2,   -2,    0,   -5,  -13,    0,   -6,   -6,  -14,   -6,  -10,    0,   -7,    0,  -12,    0,   -5,   -3,  -11,  -11,   -2,    0,   -5,    0,  -17,   -2,  -12,   -2,  -12,  -10,   -3,   -5,    0,   -2,   -2,  -10,   -1,    0,   -1,   -1,  -10,    0,   -9,   -5,    0,   -1,  -10,  -13,  -13,   -6,    0,   -6,    0,    0,    0,    0,    0,    0,    0,    0,    0,    0,    0,    0,    0,    0,    0,    0,    0,
       0,    0,    0,    0,    0,    0,    0,    0,    0,    0,    0,    0,    0,    0,    0,    0,    0,    0,    0,    0,    0,    0,    0,    0,    0,    0,    0,    0,    0,    0,    0,    0,    0,    0,    0,   -6,    0,    0,    0,    0,    0,    0,    0,    0,    0,    0,    0,    0,    0,    0,    0,    0,    0,    0,    0,    0,   -5,    0,    0,    0,    0,    0,    0,    0,    0,    0,    0,    0,    0,    0,    0,    0,    0,    0,    0,    0,    0,    0,    0,    0,    0,    0,    0,    0,    0,    0,    0,    0,    0,    0,    0,    0,    0,    0,    0,    0,    0,    0,    0,    0,    0,    0,    0,    0,    0,    0,    0,    0,    0,    0,    0,    0,    0,    0,    0,    0,    0,    0,    0,    0,    0,    0,    0,    0,    0,    0,    0,    0,    0,    0,    0,    0,    0,    0,    0,    0,   -8,    0,    0,    0,   -4,    0,   -6,   -5,   -3,   -6,    0,    0,   -6,    0,   -6,    0,   -3,   -4,   -7,   -6,  -14,   -4,  -10,  -13,   -6,  -12,   -9,   -6,  -10,   -7,   -8,  -12,  -14,   -4,    0,  -11,   -6,   -6,   -6,    0,   -6,   -6,    0,   -7,    0,   -7,   -5,  -13,   -2,   -8,   -5,  -16,    0,   -6,   -7,   -6,   -6,   -4,    0,   -6,    0,   -9,  -12,   -6,  -12,   -6,  -10,    0,  -11,    0,   -4,   -4,  -10,   -4,    0,   -4,   -4,  -13,    0,   -7,   -6,    0,   -4,  -12,   -6,   -6,   -7,   -4,   -8,    0,    0,    0,    0,    0,    0,    0,    0,    0,    0,    0,    0,    0,    0,    0,    0,    0,
       0,  -10,    0,    0,  -10,    0,    0,    0,    0,    0,    0,    0,    0,    0,    0,    0,    0,    0,    0,    0,    0,    0,    0,    0,    0,    0,    0,    0,    0,    0,    0,    0,    0,    0,   -6,    0,    0,    0,    0,    0,    0,    0,    0,    0,    0,    0,    0,    0,    0,    0,    0,    0,    0,    0,    0,    0,    0,    0,    0,    0,  -12,   -9,    0,    0,    0,    0,    0,    0,    0,    0,    0,    0,    0,    0,    0,    0,    0,    0,    0,    0,    0,    0,    0,    0,    0,    0,    0,    0,    0,    0,    0,    0,    0,    0,    0,    0,    0,    0,    0,    0,    0,    0,    0,    0,    0,    0,    0,    0,    0,    0,    0,    0,    0,    0,    0,    0,    0,    0,    0,    0,    0,    0,    0,    0,    0,    0,    0,    0,    0,    0,    0,    0,    0,    0,    0,    0,  -12,  -10,    0,    0,    0,    0,   -9,    2,    0,    0,    0,  -13,    0,  -15,  -11,    0,    0,   -2,  -18,   -5,    0,  -16,    0,   -2,   -5,    0,  -26,  -25,    0,  -29,  -23,   -2,    0,  -16,   -4,   -3,   -5,   -5,   -5,   -4,   -5,  -25,   -7,  -20,  -11,  -21,    3,    0,    0,    0,    0,    0,  -15,  -18,  -15,  -25,  -25,  -14,   -3,   -5,   -3,  -26,  -18,  -25,  -34,  -25,    0,  -12,  -27,    0,   -2,   -2,    3,  -16,   -5,  -11,  -11,   -2,    0,    0,   -5,  -10,  -16,   -2,  -25,  -25,  -29,    0,    0,    0,    0,    0,    0,    0,    0,    0,   -9,  -10,  -11,    0,  -10,  -10,    0,    0,    0,    0,
       0,    0,    0,    0,    0,    0,    0,    0,    0,    0,    0,    0,    0,    0,    0,    0,    0,    0,    0,    0,    0,    0,    0,    0,    0,    0,    0,    0,    0,    0,    0,    0,    0,    0,    0,    0,    0,    0,    0,    0,    0,    0,    0,    0,    0,    0,    0,    0,    0,    0,    0,    0,    0,    0,    0,    0,    0,    0,    0,    0,  -15,  -13,    0,    0,    0,    0,    0,    0,    0,    0,    0,    0,    0,    0,    0,    0,    0,    0,    0,    0,    0,    0,    0,    0,    0,    0,    0,    0,    0,    0,    0,    0,    0,    0,    0,    0,    0,    0,    0,    0,    0,    0,    0,    0,    0,    0,    0,    0,    0,    0,    0,    0,    0,    0,    0,    0,    0,    0,    0,    0,    0,    0,    0,    0,    0,    0,    0,    0,    0,    0,    0,    0,    0,    0,    0,    0,    0,  -17,    0,    0,    0,    3,    0,    0,    3,    0,    0,  -25,    0,    0,    0,    0,    0,   -4,  -22,   -5,    2,  -21,    0,   -2,   -5,    2,  -33,  -27,    0,  -35,  -29,   -3,    0,  -21,    0,   -4,   -2,   -1,   -2,    0,   -5,  -27,  -13,  -23,    0,  -24,    0,    0,    0,    0,    0,    0,    0,  -20,    0,  -27,  -40,  -18,   -2,   -5,   -2,  -33,    0,  -27,    0,  -27,    0,  -16,  -37,    0,   -4,   -4,    0,  -21,   -5,  -15,  -15,   -2,    0,  -32,   -5,  -17,  -21,   -3,  -27,  -27,  -35,    0,    0,    0,    0,    0,    0,    0,    0,    0,  -13,    0,    0,    0,    0,    0,    0,    0,    0,    0,
       0,    0,    0,    0,    0,    0,    0,    0,    0,    0,    0,    0,    0,    0,    0,    0,    0,    0,    0,    0,    0,    0,    0,    0,    0,    0,    0,    0,    0,    0,    0,    0,    0,    0,    0,   -6,    0,    0,    0,    0,    0,    0,    0,    0,    0,    0,    0,    0,    0,    0,    0,    0,    0,    0,    0,    0,   -5,    0,    0,    0,    0,    0,    0,    0,    0,    0,    0,    0,    0,    0,    0,    0,    0,    0,    0,    0,    0,    0,    0,    0,    0,    0,    0,    0,    0,    0,    0,    0,    0,    0,    0,    0,    0,    0,    0,    0,    0,    0,    0,    0,    0,    0,    0,    0,    0,    0,    0,    0,    0,    0,    0,    0,    0,    0,    0,    0,    0,    0,    0,    0,    0,    0,    0,    0,    0,    0,    0,    0,    0,    0,    0,    0,    0,    0,    0,    0,   -2,    0,    0,    0,   -2,    0,   -5,   -2,   -3,   -4,    0,    0,   -5,    0,   -2,    0,   -3,   -4,   -6,   -6,  -14,   -4,   -8,  -10,   -6,  -11,   -5,   -5,   -8,   -5,   -5,   -9,  -13,   -4,    0,   -9,   -6,   -6,   -6,    0,   -6,   -5,    0,   -6,    0,   -5,   -4,  -14,   -2,   -7,   -2,  -12,    0,   -6,   -5,   -5,   -5,   -4,   -2,   -6,   -2,   -5,   -9,   -5,   -9,   -5,   -8,    0,   -8,    0,   -4,   -4,   -7,   -4,    0,   -2,   -2,  -10,    0,   -4,   -6,    0,   -4,   -9,   -5,   -5,   -5,   -9,  -12,    0,    0,    0,    0,    0,    0,    0,    0,    0,    0,    0,    0,    0,    0,    0,    0,    0,
       0,    0,    0,  -10,    0,  -14,  -13,   -6,    0,    0,    0,    0,    0,    0,    0,    0,    0,    0,    0,    0,    0,    0,    0,    0,    0,    0,    0,    0,    0,    0,    0,    0,    0,    0,    0,  -13,    0,    0,    0,    0,    0,    0,    0,    0,    0,    0,    0,    0,    0,    0,    0,    0,    0,    0,    0,    0,  -11,    0,    0,    0,    0,    0,    0,    0,    0,    0,    0,    0,    0,    0,    0,    0,    0,    0,    0,    0,    0,    0,    0,    0,    0,    0,    0,    0,    0,    0,    0,    0,    0,    0,    0,    0,    0,    0,    0,    0,    0,    0,    0,    0,    0,    0,    0,    0,    0,    0,    0,    0,    0,    0,    0,    0,    0,    0,    0,    0,    0,    0,    0,    0,    0,    0,    0,    0,    0,    0,    0,    0,    0,    0,    0,    0,    0,    0,    0,    0,  -17,    0,    0,    0,  -19,  -11,  -14,  -10,  -16,  -17,   -9,    0,  -15,    0,  -15,   -8,   -5,   -7,   -2,   -5,  -24,   -3,  -10,   -7,   -5,  -23,    0,   -2,   -8,    0,    0,   -6,   -8,   -3,   -1,   -5,   -5,   -5,   -5,   -1,   -5,   -2,    0,   -2,    0,    0,  -10,  -24,   -9,  -11,  -11,   -6,    0,   -4,  -10,    0,    0,   -3,   -3,   -5,   -3,    0,  -20,    0,  -36,    0,   -8,    0,    0,    0,   -7,   -7,  -17,   -3,    0,   -2,   -2,   -7,   -8,    0,   -5,    0,   -3,   -6,   -2,   -2,    0,  -22,  -14,    0,    0,    0,    0,    0,    0,    0,    0,    0,    0,  -10,    0,    0,    0,    0,    0,    0,
       0,    0,    0,    0,    0,  -51,  -54,  -24,    0,    0,    0,    0,    0,    0,    0,    0,    0,    0,    0,    0,    0,    0,    0,    0,    0,    0,    0,    0,    0,    0,    0,    0,    0,    0,    0,   -5,    0,    0,    0,    0,    0,    0,    0,    0,    0,    0,    0,    0,    0,    0,    0,    0,    0,    0,    0,    0,    0,    0,    0,    0,   -6,  -12,    0,    0,    0,    0,    0,    0,    0,    0,    0,    0,    0,    0,    0,    0,    0,    0,    0,    0,    0,    0,    0,    0,    0,    0,    0,    0,    0,    0,    0,    0,    0,    0,    0,    0,    0,    0,    0,    0,    0,    0,    0,    0,    0,    0,    0,    0,    0,    0,    0,    0,    0,    0,    0,    0,    0,    0,    0,    0,    0,    0,    0,    0,    0,    0,    0,    0,    0,    0,    0,    0,    0,    0,    0,    0,    0,    0,    0,    0,  -44,  -31,    0,  -26,  -37,   -8,   -2,    0,   -7,    0,    0,    0,   -3,   -9,   -3,   -5,  -46,  -14,    0,   -3,   -5,  -45,    0,    0,    0,    0,    0,   -2,  -15,  -14,    8,   -7,   -1,   -1,   -1,    2,   -5,    0,    0,   -1,    0,    0,  -29,  -50,  -12,   -2,    0,    0,    0,   -2,   -3,    0,    0,  -11,    0,   -5,    0,    0,   -7,    0,   -7,    0,    0,    0,    0,    0,   -9,   -9,  -43,  -14,    0,   -4,   -4,   -3,   -2,    0,   -5,    0,  -14,   -2,    0,    0,    0,   -9,    0,    0,    0,    0,    0,    0,    0,    0,  -12,    0,    0,  -51,    0,    0,    0,    0,    0,    0,
       0,    0,    0,    0,    2,    0,    0,    0,    0,    0,    0,    0,    0,    0,    0,    0,    0,    0,    0,    0,    0,    0,    0,    0,    0,    0,    0,    0,    0,    0,    0,    0,    0,    0,    0,    0,    0,    0,    0,    0,    0,    0,    0,    0,    0,    0,    0,    0,    0,    0,    0,    0,    0,    0,    0,    0,    0,    0,    0,    0,    0,    0,    0,    0,    0,    0,    0,    0,    0,    0,    0,    0,    0,    0,    0,    0,    0,    0,    0,    0,    0,    0,    0,    0,    0,    0,    0,    0,    0,    0,    0,    0,    0,    0,    0,    0,    0,    0,    0,    0,    0,    0,    0,    0,    0,    0,    0,    0,    0,    0,    0,    0,    0,    0,    0,    0,    0,    0,    0,    0,    0,    0,    0,    0,    0,    0,    0,    0,    0,    0,    0,    0,    0,    0,    0,    0,    0,   -7,    0,    0,    0,    3,    0,    0,    0,    0,    0,  -12,    0,    0,    0,    0,   -2,    0,  -10,   -2,    0,   -5,    0,   -1,   -2,    0,  -11,   -9,    0,  -15,  -10,   -1,   -2,   -5,   14,    0,    0,   11,    0,    6,   -2,   -9,   -4,  -10,    0,   -9,    0,    0,    0,    0,    0,   -2,    0,   -7,    0,  -10,  -10,   -5,    0,   -2,    0,  -11,    0,   -9,    0,   -9,    0,   -5,  -24,    0,    0,    0,   -3,   -5,    0,    0,    0,   -1,    0,   -9,   -2,   -7,   -5,   -1,   -9,   -9,  -15,    0,    0,    0,    0,    0,    0,    0,    0,    0,    0,    0,    0,    0,    0,    0,    0,    0,    0,    0,
       0,    0,    0,    0,    0,  -38,  -38,  -33,    0,    0,    0,    0,    0,    0,    0,    0,    0,    0,  -28,  -27,    0,    0,    0,    0,    0,    0,    0,    0,    0,    0,    0,    0,    0,    0,    0,    0,    0,    0,    0,    0,    0,    0,    0,    0,    0,    0,    0,    0,    0,    0,    0,    0,    0,    0,    0,    0,    0,    0,    0,    0,  -43,  -33,    0,    0,  -39,    0,    0,    0,    0,    0,    0,    0,    0,    0,    0,    0,    0,    0,    0,    0,    0,    0,    0,    0,    0,    0,    0,    0,    0,    0,    0,    0,    0,    0,    0,    0,    0,    0,    0,    0,    0,    0,    0,    0,    0,    0,    0,    0,    0,    0,    0,    0,    0,    0,    0,    0,    0,    0,    0,    0,    0,    0,    0,    0,    0,    0,    0,    0,    0,    0,    0,    0,    0,    0,    0,    0,    0,  -17,   -2,    0,  -37,  -26,    0,  -37,  -31,    0,    0,  -18,    0,    0,    0,    0,  -19,  -61,  -36,  -59,  -64,  -65,  -48,  -58,  -59,  -62,  -48,  -46,  -47,  -50,  -45,  -57,  -61, -123,    9,  -61,   -2,    7,   -2,    3,  -59,  -46,   -8,  -53,  -13,  -41,  -38,  -66,    0,  -52,    0,  -30,    0,  -57,    0,  -48,  -68,  -53,    0,  -59,    0,  -48,    0,  -46,    0,  -46,  -47,   -4,  -60,    0, -110, -109,  -48, -126,    0,  -60, -112,  -93,    0,  -50,  -59,  -17, -125,  -97,  -46,  -46,  -95,    0,  -47,    0,    0,    0,    0,    0,    0,    0,  -33,    0,    0,  -35,    0,    0,    0,    0,    0,    0,
       0,    0,    0,  -12,    0,  -17,  -15,  -13,    0,    0,    0,    0,    0,    0,    0,    0,    0,    0,    0,    0,   -5,    0,    0,    0,    0,    0,    0,    0,    0,    0,    0,    0,    0,    0,    0,  -14,    0,    0,    0,    0,    0,    0,    0,    0,    0,    0,    0,    0,    0,    0,    0,    0,    0,    0,    0,    0,  -12,    0,    0,    0,    0,    0,    0,    0,    0,    0,    0,    0,    0,    0,    0,    0,    0,    0,    0,    0,    0,    0,    0,    0,    0,    0,    0,    0,    0,    0,    0,    0,    0,    0,    0,    0,    0,    0,    0,    0,    0,    0,    0,    0,    0,    0,    0,    0,    0,    0,    0,    0,    0,    0,    0,    0,    0,    0,    0,    0,    0,    0,    0,    0,    0,    0,    0,    0,    0,    0,    0,    0,    0,    0,    0,    0,    0,    0,    0,    0,  -19,    0,   -3,    0,  -30,  -20,  -17,  -14,  -25,  -25,  -13,    0,  -21,    0,  -18,  -13,   -9,   -7,   -2,   -5,  -28,   -3,   -9,   -6,   -5,  -28,    0,    0,   -7,    0,    0,   -6,   -7,   -3,    0,   -3,   -4,   -4,   -4,    0,   -5,    0,    0,   -1,    0,    0,  -15,  -27,  -13,  -11,  -14,   -5,    0,   -3,  -11,    0,    0,   -3,   -3,   -5,   -3,    0,  -22,    0,  -18,    0,   -7,    0,    0,    0,   -7,   -7,  -24,   -3,    0,   -4,   -4,   -6,  -13,    0,   -5,    0,   -3,   -6,    0,    0,    0,  -11,   -5,    0,    0,    0,    0,    0,    0,    0,    0,    0,    0,  -14,    0,    0,    0,    0,    0,    0,
       0,    0,    0,    0,    0,    0,    0,    0,    0,    0,    0,    0,    0,    0,    0,    0,    0,    0,    0,    0,    0,    0,    0,    0,    0,    0,    0,    0,    0,    0,    0,    0,    0,    0,    0,    0,    0,    0,    0,    0,    0,    0,    0,    0,    0,    0,    0,    0,    0,    0,    0,    0,    0,    0,    0,    0,    0,    0,    0,    0,  -15,  -13,    0,    0,    0,    0,    0,    0,    0,    0,    0,    0,    0,    0,    0,    0,    0,    0,    0,    0,    0,    0,    0,    0,    0,    0,    0,    0,    0,    0,    0,    0,    0,    0,    0,    0,    0,    0,    0,    0,    0,    0,    0,    0,    0,    0,    0,    0,    0,    0,    0,    0,    0,    0,    0,    0,    0,    0,    0,    0,    0,    0,    0,    0,    0,    0,    0,    0,    0,    0,    0,    0,    0,    0,    0,    0,    0,  -15,    0,    0,    0,    3,    0,    0,    3,    0,    0,  -22,    0,    0,    0,    0,    0,   -4,  -21,   -6,    2,  -21,    0,   -3,   -6,    2,  -30,  -25,    0,  -34,  -26,   -3,    0,  -21,    0,   -4,    0,    5,    0,    0,   -6,  -25,  -11,  -23,    0,  -23,    0,    0,    0,    0,    0,    0,    0,  -20,    0,  -25,  -33,  -19,    0,   -6,    0,  -30,    0,  -24,    0,  -24,    0,  -12,  -36,    0,   -4,   -4,    0,  -21,   -5,  -14,  -14,   -3,    0,  -29,   -6,  -15,  -21,   -3,  -25,  -25,  -34,    0,    0,    0,    0,    0,    0,    0,    0,    0,  -13,    0,    0,    0,    0,    0,    0,    0,    0,    0,
       0,   -6,    0,   -9,  -11,    0,    0,    0,    0,    0,    0,    0,    0,    0,    0,    0,    0,    0,    0,    0,  -12,    0,    0,    0,    0,    0,    0,    0,    0,    0,    0,    0,    0,    0,  -22,  -16,    0,    0,    0,    0,    0,    0,    0,    0,    0,    0,    0,    0,    0,    0,    0,    0,    0,    0,    0,    0,  -14,    0,    0,    0,    0,    0,    0,    0,    0,    0,    0,    0,    0,    0,    0,    0,    0,    0,    0,    0,    0,    0,    0,    0,    0,    0,    0,    0,    0,    0,    0,    0,    0,    0,    0,    0,    0,    0,    0,    0,    0,    0,    0,    0,    0,    0,    0,    0,    0,    0,    0,    0,    0,    0,    0,    0,    0,    0,    0,    0,    0,    0,    0,    0,    0,    0,    0,    0,    0,    0,    0,    0,    0,    0,    0,    0,    0,    0,    0,    0,    0,    0,    0,    0,    0,    0,    0,    0,    0,    0,    0,    0,    0,    0,    0,    0,    0,    0,    0,    0,    0,    0,    0,    0,    0,    0,   -7,   -6,    0,    0,   -6,    0,    0,    0,    0,    0,    0,    0,    0,    0,    0,   -6,    0,    0,    0,   -5,    0,    0,    0,    0,    0,    0,    0,    0,    0,   -5,   -5,    0,    0,    0,    0,   -7,    0,   -6,    0,   -6,    0,    0,    0,   -5,    0,    0,    0,    0,    0,    0,    0,    0,    0,   -3,    0,   -6,    0,    0,   -6,   -6,    0,    0,    0,    0,    0,    0,    0,    0,    0,    0,    0,  -10,   -8,    0,  -13,  -13,  -13,    0,    0,    0,
       0,    0,    0,    0,   -7,    0,    0,   -5,    0,    0,    0,    0,    0,    0,    0,    0,    0,    0,    0,    0,    0,    0,    0,    0,    0,    0,    0,    0,    0,    0,    0,    0,    0,    0,    0,   -5,    0,    0,    0,    0,    0,    0,    0,    0,    0,    0,    0,    0,    0,    0,    0,    0,    0,    0,    0,    0,   -4,    0,    0,    0,    0,    0,    0,    0,    0,    0,    0,    0,    0,    0,    0,    0,    0,    0,    0,    0,    0,    0,    0,    0,    0,    0,    0,    0,    0,    0,    0,    0,    0,    0,    0,    0,    0,    0,    0,    0,    0,    0,    0,    0,    0,    0,    0,    0,    0,    0,    0,    0,    0,    0,    0,    0,    0,    0,    0,    0,    0,    0,    0,    0,    0,    0,    0,    0,    0,    0,    0,    0,    0,    0,    0,    0,    0,    0,    0,    0,    0,    0,    0,    0,    0,    0,    0,    0,    0,    0,    0,    0,    0,    0,    0,    0,    0,    0,    0,    0,  -10,    0,  -11,   -6,    0,   -8,  -14,  -10,  -13,    0,  -12,   -5,   -3,    0,    0,    0,    0,    0,    0,    0,    0,  -10,    0,    0,    0,  -12,    0,   -7,    0,   -9,    0,   -9,    0,    0,    0,   -9,   -9,    0,    0,    0,    0,  -14,    0,   -9,    0,   -9,  -13,    0,    0,   -9,    0,    0,    0,    0,    0,    0,    0,   -6,    0,   -6,    0,   -4,    0,   -5,  -10,  -10,    0,    0,   -5,    0,    0,    0,    0,    0,    0,    0,    0,    0,    0,    0,    0,    0,    0,    0,    0,    0,
       0,   -7,    0,  -13,  -11,    0,    0,    0,    0,    0,    0,    0,    0,    0,    0,    0,    0,    0,    0,    0,  -13,    0,    0,    0,    0,    0,    0,    0,    0,    0,    0,    0,    0,    0,  -22,  -18,    0,    0,    0,    0,    0,    0,    0,    0,    0,    0,    0,    0,    0,    0,    0,    0,    0,    0,    0,    0,  -15,    0,    0,    0,    0,    0,    0,    0,    0,    0,    0,    0,    0,    0,    0,    0,    0,    0,    0,    0,    0,    0,    0,    0,    0,    0,    0,    0,    0,    0,    0,    0,    0,    0,    0,    0,    0,    0,    0,    0,    0,    0,    0,    0,    0,    0,    0,    0,    0,    0,    0,    0,    0,    0,    0,    0,    0,    0,    0,    0,    0,    0,    0,    0,    0,    0,    0,    0,    0,    0,    0,    0,    0,    0,    0,    0,    0,    0,    0,    0,    0,    0,    0,    0,    0,    0,    0,    0,    0,    0,    0,    0,    0,    0,    0,    0,    0,    0,    0,    0,   -2,    0,   -2,    0,    0,    0,   -4,   -7,   -6,    0,   -3,    0,   -2,    0,    0,    0,    0,    0,    0,    0,    0,   -7,    0,    0,    0,   -3,    0,   -4,    0,   -3,    0,   -4,    0,    0,    0,   -6,   -6,    0,    0,    0,    0,   -4,    0,   -6,    0,   -6,   -6,    0,    0,   -8,    0,    0,    0,    0,    0,    0,    0,    0,    0,   -2,    0,   -6,    0,    0,   -7,   -7,    0,    0,   -7,    0,    0,    0,    0,    0,    0,    0,    0,   -9,   -4,    0,  -12,  -12,  -13,    0,    0,    0,
       0,    0,    0,  -12,    0,  -30,  -29,  -27,    0,    0,    0,    0,    0,    0,    0,    0,    0,    0,    0,    0,    0,    0,    0,    0,    0,    0,    0,    0,    0,    0,    0,    0,    0,    0,   -5,  -15,    0,    0,    0,    0,    0,    0,    0,    0,    0,    0,    0,    0,    0,    0,    0,    0,    0,    0,    0,    0,  -13,    0,    0,    0,  -14,  -14,    0,    0,    0,    0,    0,    0,    0,    0,    0,    0,    0,    0,    0,    0,    0,    0,    0,    0,    0,    0,    0,    0,    0,    0,    0,    0,    0,    0,    0,    0,    0,    0,    0,    0,    0,    0,    0,    0,    0,    0,    0,    0,    0,    0,    0,    0,    0,    0,    0,    0,    0,    0,    0,    0,    0,    0,    0,    0,    0,    0,    0,    0,    0,    0,    0,    0,    0,    0,    0,    0,    0,    0,    0,    0,    0,    0,    0,    0,    0,    0,    0,    0,    0,    0,    0,    0,    0,    0,    0,    0,    0,   -3,    0,    0,  -33,  -13,    0,    0,    0,  -32,    0,    0,    0,    0,    0,    0,  -15,  -13,    0,   -2,    0,    0,    0,    0,    0,    0,    0,    0,    0,    0,    0,  -36,    0,    0,    0,    0,    0,    0,    0,    0,    0,   -8,    0,    0,    0,    0,    0,    0,    0,    0,    0,    0,   -3,   -5,   -3,   -3,    0,  -13,    0,    0,    0,    0,    0,    0,    0,    0,  -13,    0,    0,    0,    0,    0,    0,    0,    0,    0,    0,    0,    0,    0,  -14,    0,    0,  -34,    0,    0,    0,    0,    0,    0,
       0,   -7,    0,    0,  -12,    0,    0,    0,    0,    0,    0,    0,    0,    0,    0,    0,    0,    0,    0,    0,  -11,    0,    0,    0,    0,    0,    0,    0,    0,    0,    0,    0,    0,    0,  -26,    0,    0,    0,    0,    0,    0,    0,    0,    0,    0,    0,    0,    0,    0,    0,    0,    0,    0,    0,    0,    0,    0,    0,    0,    0,   -6,   -5,    0,    0,    0,    0,    0,    0,    0,    0,    0,    0,    0,    0,    0,    0,    0,    0,    0,    0,    0,    0,    0,    0,    0,    0,    0,    0,    0,    0,    0,    0,    0,    0,    0,    0,    0,    0,    0,    0,    0,    0,    0,    0,    0,    0,    0,    0,    0,    0,    0,    0,    0,    0,    0,    0,    0,    0,    0,    0,    0,    0,    0,    0,    0,    0,    0,    0,    0,    0,    0,    0,    0,    0,    0,    0,    0,    0,    0,    0,    0,    0,    0,    0,    0,    0,    0,    0,    0,    0,    0,    0,    0,    0,   -7,    0,    0,   -5,    0,    0,    0,    0,  -11,  -12,    0,  -14,  -10,    0,    0,   -5,    0,    0,    0,    0,    0,    0,    0,  -12,    0,   -9,    0,   -9,    0,    2,    0,    0,    0,    0,    0,   -7,    0,  -11,  -11,   -3,    0,    0,    0,  -11,    0,  -12,    0,  -12,    0,    0,  -12,  -10,    0,    0,    0,   -5,    0,    0,    0,    0,    0,   -3,    0,  -18,   -5,    0,  -12,  -12,  -14,    0,    0,    0,    0,    0,    0,    0,    0,    0,   -5,  -10,   -9,    0,  -12,  -12,  -13,    0,    0,    0,
       0,   -9,    0,  -12,  -13,    0,    0,    0,    0,    0,    0,    0,    0,    0,    0,    0,    0,    0,    0,    0,  -13,    0,    0,    0,    0,    0,    0,    0,    0,    0,    0,    0,    0,    0,  -22,  -17,    0,    0,    0,    0,    0,    0,    0,    0,    0,    0,    0,    0,    0,    0,    0,    0,    0,    0,    0,    0,  -15,    0,    0,    0,    0,    0,    0,    0,    0,    0,    0,    0,    0,    0,    0,    0,    0,    0,    0,    0,    0,    0,    0,    0,    0,    0,    0,    0,    0,    0,    0,    0,    0,    0,    0,    0,    0,    0,    0,    0,    0,    0,    0,    0,    0,    0,    0,    0,    0,    0,    0,    0,    0,    0,    0,    0,    0,    0,    0,    0,    0,    0,    0,    0,    0,    0,    0,    0,    0,    0,    0,    0,    0,    0,    0,    0,    0,    0,    0,    0,    0,    0,    0,    0,    0,    0,    0,    0,    0,    0,    0,    0,    0,    0,    0,    0,    0,    0,    0,    0,   -2,    0,   -2,    0,    0,    0,   -4,   -7,   -3,    0,   -3,    0,    0,    0,    0,    0,    0,    0,    0,    0,    0,   -7,    0,    0,    0,   -3,    0,   -3,    0,   -2,    0,    0,    0,    0,    0,   -6,   -6,    0,    0,    0,    0,   -4,    0,   -6,    0,   -6,   -3,    0,    0,   -8,    0,    0,    0,    0,    0,    0,    0,    0,    0,   -2,    0,   -2,    0,    0,   -7,   -7,    0,    0,   -4,    0,    0,    0,    0,    0,    0,    0,    0,  -11,   -9,    0,  -15,  -15,  -13,    0,    0,    0,
       0,    0,    0,    0,    0,    0,    0,    0,    0,    0,    0,    0,    0,    0,    0,    0,    0,    0,    0,    0,    0,    0,    0,    0,    0,    0,    0,    0,    0,    0,    0,    0,    0,    0,  -11,  -12,    0,    0,    0,    0,    0,    0,    0,    0,    0,    0,    0,    0,    0,    0,    0,    0,    0,    0,    0,    0,  -11,    0,    0,    0,  -13,   -9,    0,    0,    0,    0,    0,    0,    0,    0,    0,    0,    0,    0,    0,    0,    0,    0,    0,    0,    0,    0,    0,    0,    0,    0,    0,    0,    0,    0,    0,    0,    0,    0,    0,    0,    0,    0,    0,    0,    0,    0,    0,    0,    0,    0,    0,    0,    0,    0,    0,    0,    0,    0,    0,    0,    0,    0,    0,    0,    0,    0,    0,    0,    0,    0,    0,    0,    0,    0,    0,    0,    0,    0,    0,    0,    0,    0,    0,    0,    0,    0,    0,    0,    0,    0,    0,    0,    0,    0,    0,    0,    0,    0,   -4,    0,    0,  -11,    0,    0,    0,    0,    0,    0,    0,    0,    0,    0,    0,  -11,    0,    0,    0,    0,    0,    0,    0,    0,    0,   -1,    0,    0,    0,    0,    0,    0,    0,    0,    0,   -2,    0,    0,    0,   -9,    0,    0,    0,    0,    0,    0,    0,    0,    0,    0,   -5,   -4,    0,    0,    0,  -11,    0,   -2,   -2,    0,    0,    0,    0,  -10,  -11,    0,    0,    0,    0,    0,    0,    0,    0,    0,    0,    0,    0,    0,   -9,    0,    0,    0,    0,    0,    0,    0,    0,    0,
       0,    0,    0,   -4,    0,    0,    0,    0,    0,    0,    0,    0,    0,    0,    0,    0,    0,    0,    0,    0,   -5,    0,    0,    0,    0,    0,    0,    0,    0,    0,    0,    0,    0,    0,  -14,  -14,    0,    0,    0,    0,    0,    0,    0,    0,    0,    0,    0,    0,    0,    0,    0,    0,    0,    0,    0,    0,  -12,    0,    0,    0,    0,    0,    0,    0,    0,    0,    0,    0,    0,    0,    0,    0,    0,    0,    0,    0,    0,    0,    0,    0,    0,    0,    0,    0,    0,    0,    0,    0,    0,    0,    0,    0,    0,    0,    0,    0,    0,    0,    0,    0,    0,    0,    0,    0,    0,    0,    0,    0,    0,    0,    0,    0,    0,    0,    0,    0,    0,    0,    0,    0,    0,    0,    0,    0,    0,    0,    0,    0,    0,    0,    0,    0,    0,    0,    0,    0,    0,    0,    0,    0,    0,    0,    0,    0,    0,    0,    0,    0,    0,    0,    0,    0,    0,    0,    0,    0,    0,    0,    0,    0,    0,    0,    0,    0,    0,    0,    0,    0,    0,    0,    0,    0,    0,    0,    0,    0,    0,    0,    0,    0,    0,    0,    0,    0,    0,    0,    0,    0,    0,    0,    0,    0,    0,    0,    0,    0,    0,    0,    0,    0,    0,    0,    0,    0,    0,   -4,    0,    0,    0,    0,    0,    0,    0,    0,    0,    0,    0,   -5,    0,    0,    0,    0,    0,    0,    0,    0,    0,    0,    0,    0,    0,    0,    0,    0,    0,    0,    0,    0,   -5,    0,    0,    0,
       0,    0,    0,    0,    0,    0,    0,    0,    0,    0,    0,    0,    0,    0,    0,    0,    0,    0,    0,    0,    0,    0,    0,    0,    0,    0,    0,    0,    0,    0,    0,    0,    0,    0,  -11,  -12,    0,    0,    0,    0,    0,    0,    0,    0,    0,    0,    0,    0,    0,    0,    0,    0,    0,    0,    0,    0,  -11,    0,    0,    0,  -13,   -9,    0,    0,    0,    0,    0,    0,    0,    0,    0,    0,    0,    0,    0,    0,    0,    0,    0,    0,    0,    0,    0,    0,    0,    0,    0,    0,    0,    0,    0,    0,    0,    0,    0,    0,    0,    0,    0,    0,    0,    0,    0,    0,    0,    0,    0,    0,    0,    0,    0,    0,    0,    0,    0,    0,    0,    0,    0,    0,    0,    0,    0,    0,    0,    0,    0,    0,    0,    0,    0,    0,    0,    0,    0,    0,    0,    0,    0,    0,    0,    0,    0,    0,    0,    0,    0,    0,    0,    0,    0,    0,    0,    0,   -4,    0,    0,  -11,    0,    0,    0,    0,    0,    0,    0,    0,    0,    0,    0,  -11,    0,    0,    0,    0,    0,    0,    0,    0,    0,   -2,    0,    0,    0,    0,    0,    0,    0,    0,    0,   -2,    0,    0,    0,   -9,    0,    0,    0,    0,    0,    0,    0,    0,    0,    0,   -5,   -4,    0,    0,    0,  -11,    0,   -2,   -2,    0,    0,    0,    0,  -10,  -11,    0,    0,    0,    0,    0,    0,    0,    0,    0,    0,    0,    0,    0,   -9,    0,    0,    0,    0,    0,    0,    0,    0,    0,
       0,  -11,    0,  -16,  -14,    0,    0,    0,    0,    0,    0,    0,    0,    0,    0,    0,    0,    0,    0,    0,  -16,    0,    0,    0,    0,    0,    0,    0,    0,    0,    0,    0,    0,    0,  -24,  -18,    0,    0,    0,    0,    0,    0,    0,    0,    0,    0,    0,    0,    0,    0,    0,    0,    0,    0,    0,    0,  -16,    0,    0,    0,    0,    0,    0,    0,    0,    0,    0,    0,    0,    0,    0,    0,    0,    0,    0,    0,    0,    0,    0,    0,    0,    0,    0,    0,    0,    0,    0,    0,    0,    0,    0,    0,    0,    0,    0,    0,    0,    0,    0,    0,    0,    0,    0,    0,    0,    0,    0,    0,    0,    0,    0,    0,    0,    0,    0,    0,    0,    0,    0,    0,    0,    0,    0,    0,    0,    0,    0,    0,    0,    0,    0,    0,    0,    0,    0,    0,    0,    0,    0,    0,    0,    0,    0,    0,    0,    0,    0,    0,    0,    0,    0,    0,    0,    0,    0,    0,  -10,    0,  -11,   -5,    0,   -8,  -11,   -9,  -12,    0,  -10,   -5,   -3,    0,    0,    0,    0,    0,    0,    0,    0,   -9,    0,    0,    0,   -9,    0,   -8,    0,   -8,    0,   -8,    0,    0,    0,   -7,   -7,    0,    0,    0,    0,  -11,    0,   -7,    0,   -7,  -12,    0,    0,   -8,    0,    0,    0,    0,    0,    0,    0,   -5,    0,   -4,    0,   -4,    0,   -5,   -9,   -9,    0,    0,  -16,    0,    0,    0,    0,    0,    0,    0,    0,  -13,  -11,    0,  -17,  -17,  -16,    0,    0,    0,
       0,   -9,    0,  -16,  -12,    0,    0,    0,    0,    0,    0,    0,    0,    0,    0,    0,    0,    0,    0,    0,  -15,    0,    0,    0,    0,    0,    0,    0,    0,    0,    0,    0,    0,    0,  -23,  -18,    0,    0,    0,    0,    0,    0,    0,    0,    0,    0,    0,    0,    0,    0,    0,    0,    0,    0,    0,    0,  -16,    0,    0,    0,    0,    0,    0,    0,    0,    0,    0,    0,    0,    0,    0,    0,    0,    0,    0,    0,    0,    0,    0,    0,    0,    0,    0,    0,    0,    0,    0,    0,    0,    0,    0,    0,    0,    0,    0,    0,    0,    0,    0,    0,    0,    0,    0,    0,    0,    0,    0,    0,    0,    0,    0,    0,    0,    0,    0,    0,    0,    0,    0,    0,    0,    0,    0,    0,    0,    0,    0,    0,    0,    0,    0,    0,    0,    0,    0,    0,    0,    0,    0,    0,    0,    0,    0,    0,    0,    0,    0,    0,    0,    0,    0,    0,    0,    0,    0,    0,  -10,    0,  -10,   -5,    0,   -8,   -7,   -7,  -11,    0,   -7,   -5,   -2,    0,    0,    0,    0,    0,    0,    0,    0,   -7,    0,    0,    0,   -6,    0,   -8,    0,   -7,    0,   -6,    0,    0,    0,   -6,   -6,    0,    0,    0,    0,   -7,    0,   -6,    0,   -6,  -11,    0,    0,   -8,    0,    0,    0,    0,    0,    0,    0,   -5,    0,   -2,    0,   -2,    0,   -5,   -7,   -7,    0,    0,  -14,    0,    0,    0,    0,    0,    0,    0,    0,  -10,   -9,    0,  -14,  -14,  -15,    0,    0,    0,
       0,    0,    0,   -9,   -3,    0,    0,    0,    0,    0,    0,    0,    0,    0,    0,    0,    0,    0,    0,    0,   -5,    0,    0,    0,    0,    0,    0,    0,    0,    0,    0,    0,    0,    0,  -16,  -15,    0,    0,    0,    0,    0,    0,    0,    0,    0,    0,    0,    0,    0,    0,    0,    0,    0,    0,    0,    0,  -14,    0,    0,    0,  -10,   -4,    0,    0,    0,    0,    0,    0,    0,    0,    0,    0,    0,    0,    0,    0,    0,    0,    0,    0,    0,    0,    0,    0,    0,    0,    0,    0,    0,    0,    0,    0,    0,    0,    0,    0,    0,    0,    0,    0,    0,    0,    0,    0,    0,    0,    0,    0,    0,    0,    0,    0,    0,    0,    0,    0,    0,    0,    0,    0,    0,    0,    0,    0,    0,    0,    0,    0,    0,    0,    0,    0,    0,    0,    0,    0,    0,    0,    0,    0,    0,    0,    0,    0,    0,    0,    0,    0,    0,    0,    0,    0,    0,    0,   -1,    0,    0,   -5,    0,    0,    0,    0,    0,    0,    0,    0,    0,    0,    0,   -5,    0,    0,    0,    0,    0,    0,    0,    0,    0,    0,    0,    0,    0,    0,    0,    0,    0,    0,    0,    0,    0,    0,    0,   -3,    0,    0,    0,    0,    0,    0,    0,    0,    0,    0,    0,   -3,    0,    0,    0,   -5,    0,    0,    0,    0,    0,    0,    0,   -6,   -5,    0,    0,    0,    0,    0,    0,    0,    0,    0,    0,    0,    0,    0,   -4,    0,   -3,    0,   -9,   -9,   -5,    0,    0,    0,
       0,    0,    0,  -11,    0,  -23,  -22,  -23,    0,    0,    0,    0,    0,    0,    0,    0,    0,    0,    0,    0,    0,    0,    0,    0,    0,    0,    0,    0,    0,    0,    0,    0,    0,    0,   -5,  -14,    0,    0,    0,    0,    0,    0,    0,    0,    0,    0,    0,    0,    0,    0,    0,    0,    0,    0,    0,    0,  -13,    0,    0,    0,  -13,  -11,    0,    0,    0,    0,    0,    0,    0,    0,    0,    0,    0,    0,    0,    0,    0,    0,    0,    0,    0,    0,    0,    0,    0,    0,    0,    0,    0,    0,    0,    0,    0,    0,    0,    0,    0,    0,    0,    0,    0,    0,    0,    0,    0,    0,    0,    0,    0,    0,    0,    0,    0,    0,    0,    0,    0,    0,    0,    0,    0,    0,    0,    0,    0,    0,    0,    0,    0,    0,    0,    0,    0,    0,    0,    0,    0,    0,    0,    0,    0,    0,    0,    0,    0,    0,    0,    0,    0,    0,    0,    0,    0,   -3,    0,    0,  -28,  -11,    0,    0,    0,  -27,    0,    0,    0,    0,    0,    0,  -12,  -11,    0,   -1,    0,    0,    0,    0,    0,    0,    0,    0,    0,    0,    0,  -31,    0,    0,    0,    0,    0,    0,    0,    0,    0,   -7,    0,    0,    0,    0,    0,    0,    0,    0,    0,    0,   -3,   -5,   -3,   -3,    0,  -11,    0,    0,    0,    0,    0,    0,    0,    0,  -11,    0,    0,    0,    0,    0,    0,    0,    0,    0,    0,    0,    0,    0,  -11,    0,    0,  -26,    0,    0,    0,    0,    0,    0,
       0,    0,    0,  -11,    0,  -20,  -19,  -20,    0,    0,    0,    0,    0,    0,    0,    0,    0,    0,    0,    0,    0,    0,    0,    0,    0,    0,    0,    0,    0,    0,    0,    0,    0,    0,    0,  -15,    0,    0,    0,    0,    0,    0,    0,    0,    0,    0,    0,    0,    0,    0,    0,    0,    0,    0,    0,    0,  -13,    0,    0,    0,   -5,    0,    0,    0,    0,    0,    0,    0,    0,    0,    0,    0,    0,    0,    0,    0,    0,    0,    0,    0,    0,    0,    0,    0,    0,    0,    0,    0,    0,    0,    0,    0,    0,    0,    0,    0,    0,    0,    0,    0,    0,    0,    0,    0,    0,    0,    0,    0,    0,    0,    0,    0,    0,    0,    0,    0,    0,    0,    0,    0,    0,    0,    0,    0,    0,    0,    0,    0,    0,    0,    0,    0,    0,    0,    0,    0,    0,    0,    0,    0,    0,    0,    0,    0,    0,    0,    0,    0,    0,    0,    0,    0,    0,   -5,    0,    0,  -25,   -7,    0,   -2,    0,  -25,    0,    0,    0,    0,    0,   -2,   -8,   -7,    0,   -5,    0,    0,    0,    0,    0,    0,    0,    0,    0,    0,    0,  -25,    0,    0,    0,    0,    0,    0,    0,    0,    0,   -6,    0,    0,    0,    0,    0,    0,    0,    5,    0,    0,   -2,   -6,   -5,   -5,    0,   -7,    0,   -4,   -4,   -2,    0,    0,    0,   -1,   -7,   -2,    0,    0,    0,    0,    0,    0,    0,    0,    0,    0,    0,    0,    0,    0,    0,  -21,    0,    0,    0,    0,    0,    0,
       0,    0,    0,    0,    0,    0,    0,    0,    0,    0,    0,    0,    0,    0,    0,    0,    0,    0,    0,    0,    0,    0,    0,    0,    0,    0,    0,    0,    0,    0,    0,    0,    0,    0,   -5,  -11,    0,    0,    0,    0,    0,    0,    0,    0,    0,    0,    0,    0,    0,    0,    0,    0,    0,    0,    0,    0,   -6,    0,    0,    0,  -14,   -9,    0,    0,    0,    0,    0,    0,    0,    0,    0,    0,    0,    0,    0,    0,    0,    0,    0,    0,    0,    0,    0,    0,    0,    0,    0,    0,    0,    0,    0,    0,    0,    0,    0,    0,    0,    0,    0,    0,    0,    0,    0,    0,    0,    0,    0,    0,    0,    0,    0,    0,    0,    0,    0,    0,    0,    0,    0,    0,    0,    0,    0,    0,    0,    0,    0,    0,    0,    0,    0,    0,    0,    0,    0,    0,    0,    0,    0,    0,    0,    0,    0,    0,    0,    0,    0,    0,    0,    0,    0,    0,    0,    0,   -3,    0,    2,  -12,    0,    0,    0,    0,    0,    0,    0,    0,    0,    0,    0,  -12,    0,    0,    0,    0,    0,    0,    0,    0,    0,    0,    0,    0,    0,    0,    0,    0,    0,    0,    0,    0,    0,    0,    0,  -10,    0,    0,    0,    0,    0,    0,    0,    2,    0,    0,   -6,   -2,    0,    0,    0,  -12,    0,   -4,   -4,    0,    0,    0,    0,   -8,  -12,    0,    0,    0,    0,    0,    0,    0,    0,    0,    0,    0,    0,    0,   -9,    0,    0,    0,    0,    0,    0,    0,    0,    0,
       0,  -39,    0,  -13,  -41,    0,    0,    0,    0,    0,    0,    0,    0,    0,    0,    0,    0,    0,    0,    0,  -17,    0,    0,    0,    0,    0,    0,    0,    0,    0,    0,    0,    0,    0,  -36,  -18,    0,    0,    0,    0,    0,    0,    0,    0,    0,    0,    0,    0,    0,    0,    0,    0,    0,    0,    0,    0,  -15,    0,    0,    0,    0,   -7,    0,    0,    0,    0,    0,    0,    0,    0,    0,    0,    0,    0,    0,    0,    0,    0,    0,    0,    0,    0,    0,    0,    0,    0,    0,    0,    0,    0,    0,    0,    0,    0,    0,    0,    0,    0,    0,    0,    0,    0,    0,    0,    0,    0,    0,    0,    0,    0,    0,    0,    0,    0,    0,    0,    0,    0,    0,    0,    0,    0,    0,    0,    0,    0,    0,    0,    0,    0,    0,    0,    0,    0,    0,    0,    0,    0,    0,    0,    0,    0,    0,    0,    0,    0,    0,    0,    0,    0,    0,    0,    0,    0,    0,    0,    0,    0,   -2,    0,    0,    0,  -37,  -24,   -7,   -8,  -33,    0,   -2,    0,    0,    0,    0,    0,    0,    0,    0,  -24,    0,   -2,    0,  -25,    0,   -2,    0,   -2,    0,   -7,    0,    0,    0,  -22,  -22,    0,    0,    0,    0,  -37,    0,  -23,    0,  -23,   -7,    0,  -14,   -9,    0,    0,    0,    0,    0,    0,    0,    0,    0,  -10,    0,   -9,    0,    0,  -24,  -24,   -8,    0,   -9,    0,    0,    0,    0,    0,    0,    0,   -7,  -40,  -39,    0,  -42,  -42,  -20,    0,    0,    0,
       0,  -14,    0,  -11,  -18,    0,    0,    0,    0,    0,    0,    0,    0,    0,    0,    0,    0,    0,    0,    0,  -16,    0,    0,    0,    0,    0,    0,    0,    0,    0,    0,    0,    0,    0,  -25,  -13,    0,    0,    0,    0,    0,    0,    0,    0,    0,    0,    0,    0,    0,    0,    0,    0,    0,    0,    0,    0,  -12,    0,    0,    0,    0,    0,    0,    0,    0,    0,    0,    0,    0,    0,    0,    0,    0,    0,    0,    0,    0,    0,    0,    0,    0,    0,    0,    0,    0,    0,    0,    0,    0,    0,    0,    0,    0,    0,    0,    0,    0,    0,    0,    0,    0,    0,    0,    0,    0,    0,    0,    0,    0,    0,    0,    0,    0,    0,    0,    0,    0,    0,    0,    0,    0,    0,    0,    0,    0,    0,    0,    0,    0,    0,    0,    0,    0,    0,    0,    0,    0,    0,    0,    0,    0,    0,    0,    0,    0,    0,    0,    0,    0,    0,    0,    0,    0,    0,    0,    0,   -2,    0,   -6,   -3,    0,    0,  -14,  -10,   -8,    0,  -13,   -2,    0,    0,    0,    0,    0,    0,    0,    0,    0,  -10,    0,    0,    0,    0,    0,    0,    0,    0,    0,    0,    0,    0,    0,    0,    0,    0,    0,    0,    0,  -14,    0,    0,    0,    0,   -8,    0,    0,    0,    0,    0,    0,    0,    0,    0,    0,   -3,    0,    0,    0,    0,    0,   -2,  -10,  -10,    0,    0,   -8,    0,    0,    0,    0,    0,    0,    0,    0,  -16,  -16,    0,  -19,  -19,  -16,    0,    0,    0,
       0,    0,    0,   -7,    0,  -30,  -29,  -27,    0,    0,    0,    0,    0,    0,    0,    0,    0,    0,    0,    0,    0,    0,    0,    0,    0,    0,    0,    0,    0,    0,    0,    0,    0,    0,   -2,   -7,    0,    0,    0,    0,    0,    0,    0,    0,    0,    0,    0,    0,    0,    0,    0,    0,    0,    0,    0,    0,   -7,    0,    0,    0,  -14,  -14,    0,    0,    0,    0,    0,    0,    0,    0,    0,    0,    0,    0,    0,    0,    0,    0,    0,    0,    0,    0,    0,    0,    0,    0,    0,    0,    0,    0,    0,    0,    0,    0,    0,    0,    0,    0,    0,    0,    0,    0,    0,    0,    0,    0,    0,    0,    0,    0,    0,    0,    0,    0,    0,    0,    0,    0,    0,    0,    0,    0,    0,    0,    0,    0,    0,    0,    0,    0,    0,    0,    0,    0,    0,    0,    0,    0,    0,    0,    0,    0,    0,    0,    0,    0,    0,    0,    0,    0,    0,    0,    0,   -3,    0,    0,  -33,  -13,    0,    0,    0,  -32,    0,    0,    0,    0,    0,    0,  -15,  -13,    0,   -2,    0,    0,    0,    0,    0,    0,    0,    0,    0,    0,    0,  -36,    0,    0,    0,    0,    0,    0,    0,    0,    0,   -8,    0,    0,    0,    0,    0,    0,    0,    0,    0,    0,   -3,   -5,   -3,   -3,    0,  -13,    0,    0,    0,    0,    0,    0,    0,    0,  -13,    0,    0,    0,    0,    0,    0,    0,    0,    0,    0,    0,    0,    0,  -14,    0,    0,  -34,    0,    0,    0,    0,    0,    0,
       0,    0,    0,  -10,   -4,    0,    0,    0,    0,    0,    0,    0,    0,    0,    0,    0,    0,    0,    0,    0,   -5,    0,    0,    0,    0,    0,    0,    0,    0,    0,    0,    0,    0,    0,  -16,  -15,    0,    0,    0,    0,    0,    0,    0,    0,    0,    0,    0,    0,    0,    0,    0,    0,    0,    0,    0,    0,  -14,    0,    0,    0,    0,    0,    0,    0,    0,    0,    0,    0,    0,    0,    0,    0,    0,    0,    0,    0,    0,    0,    0,    0,    0,    0,    0,    0,    0,    0,    0,    0,    0,    0,    0,    0,    0,    0,    0,    0,    0,    0,    0,    0,    0,    0,    0,    0,    0,    0,    0,    0,    0,    0,    0,    0,    0,    0,    0,    0,    0,    0,    0,    0,    0,    0,    0,    0,    0,    0,    0,    0,    0,    0,    0,    0,    0,    0,    0,    0,    0,    0,    0,    0,    0,    0,    0,    0,    0,    0,    0,    0,    0,    0,    0,    0,    0,    0,   -2,    0,    0,   -5,    0,    0,    0,    0,    0,   -2,    0,    0,    0,    0,   -1,   -5,    0,    0,    0,    0,    0,    0,    0,   -2,    0,    0,    0,    0,    0,    0,    0,    0,    0,    0,    0,    0,    0,    0,    0,    0,    0,    0,    0,    0,    0,    0,    0,    0,    0,    0,    0,    0,    0,    0,    0,   -5,    0,    0,    0,    0,    0,    0,    0,    0,   -5,    0,   -2,   -2,    0,    0,    0,    0,    0,    0,    0,    0,    0,    0,    0,    0,   -3,    0,   -9,   -9,   -5,    0,    0,    0,
       0,    0,    0,  -12,   -4,    0,    0,    0,    0,    0,    0,    0,    0,    0,    0,    0,    0,    0,    0,    0,   -6,    0,    0,    0,    0,    0,    0,    0,    0,    0,    0,    0,    0,    0,  -18,  -16,    0,    0,    0,    0,    0,    0,    0,    0,    0,    0,    0,    0,    0,    0,    0,    0,    0,    0,    0,    0,  -14,    0,    0,    0,    0,    0,    0,    0,    0,    0,    0,    0,    0,    0,    0,    0,    0,    0,    0,    0,    0,    0,    0,    0,    0,    0,    0,    0,    0,    0,    0,    0,    0,    0,    0,    0,    0,    0,    0,    0,    0,    0,    0,    0,    0,    0,    0,    0,    0,    0,    0,    0,    0,    0,    0,    0,    0,    0,    0,    0,    0,    0,    0,    0,    0,    0,    0,    0,    0,    0,    0,    0,    0,    0,    0,    0,    0,    0,    0,    0,    0,    0,    0,    0,    0,    0,    0,    0,    0,    0,    0,    0,    0,    0,    0,    0,    0,    0,    0,    0,   -2,    0,    0,    0,    0,    0,    0,   -5,    0,    0,    0,    0,   -2,    0,    0,    0,    0,    0,    0,    0,    0,   -5,    0,    0,    0,    0,    0,    0,    0,    0,    0,    0,    0,    0,    0,    0,    0,    0,    0,    0,    0,    0,    0,    0,    0,    0,    0,    0,    0,    0,    0,    0,    0,    0,    0,    0,    0,    0,    0,    0,    0,    0,    0,    0,   -5,   -5,    0,    0,    0,    0,    0,    0,    0,    0,    0,    0,    0,   -3,   -3,    0,   -9,   -9,   -6,    0,    0,    0,
       0,    0,    0,    0,    0,    0,    0,    0,    0,    0,    0,    0,    0,    0,    0,    0,    0,    0,    0,    0,    0,    0,    0,    0,    0,    0,    0,    0,    0,    0,    0,    0,    0,    0,    0,    0,    0,    0,    0,    0,    0,    0,    0,    0,    0,    0,    0,    0,    0,    0,    0,    0,    0,    0,    0,    0,    0,    0,    0,    0,    0,    0,    0,    0,    0,    0,    0,    0,    0,    0,    0,    0,    0,    0,    0,    0,    0,    0,    0,    0,    0,    0,    0,    0,    0,    0,    0,    0,    0,    0,    0,    0,    0,    0,    0,    0,    0,    0,    0,    0,    0,    0,    0,    0,    0,    0,    0,    0,    0,    0,    0,    0,    0,    0,    0,    0,    0,    0,    0,    0,    0,    0,    0,    0,    0,    0,    0,    0,    0,    0,    0,    0,    0,    0,    0,    0,    0,    0,    0,    0,    0,    0,    0,    0,    0,    0,    0,    0,    0,    0,    0,    0,    0,    0,    0,    0,    0,    0,    0,    0,    0,    0,    0,    0,    0,    0,    0,    0,    0,    0,    0,    0,    0,    3,    0,    0,    0,    0,    0,    0,    0,    0,    0,    0,    0,    0,    0,    0,    0,    0,    0,    0,    0,    0,    0,    0,    0,    0,    0,    0,    0,    0,    0,    0,    0,    0,    0,    0,    0,    0,    0,    0,    0,    0,    0,    0,    0,   -5,    0,    0,    0,    0,    0,    0,    0,    0,    0,    0,    0,    0,    0,    0,    0,    0,    0,    0,    0,    0,    0,    0,    0,    0,
       0,    9,    0,   10,   13,    0,    0,    0,    0,    0,    0,    0,    0,    0,    0,    0,    0,    0,    0,    0,   12,    0,    0,    0,    0,    0,    0,    0,    0,    0,    0,    0,    0,    0,    5,   10,    0,    0,    0,    0,    0,    0,    0,    0,    0,    0,    0,    0,    0,    0,    0,    0,    0,    0,    0,    0,   10,    0,    0,    0,    0,    0,    0,    0,    0,    0,    0,    0,    0,    0,    0,    0,    0,    0,    0,    0,    0,    0,    0,    0,    0,    0,    0,    0,    0,    0,    0,    0,    0,    0,    0,    0,    0,    0,    0,    0,    0,    0,    0,    0,    0,    0,    0,    0,    0,    0,    0,    0,    0,    0,    0,    0,    0,    0,    0,    0,    0,    0,    0,    0,    0,    0,    0,    0,    0,    0,    0,    0,    0,    0,    0,    0,    0,    0,    0,    0,    0,    0,    0,    0,    0,    0,    0,    0,    0,    0,    0,    0,    0,    0,    0,    0,    0,    0,    0,    0,    0,    0,    0,    0,    0,    0,    0,    0,    0,    0,    0,    0,    0,    0,    0,    0,    6,   27,    6,    0,    0,    0,    0,    0,    0,    0,    0,    0,    0,    0,    0,    0,    0,    0,    0,    0,    0,    0,    0,    0,    0,    0,    0,    0,    0,    0,    0,    0,    0,    0,    0,    0,    0,    0,    0,    0,    0,    0,    0,    0,    0,   -5,    0,    0,    0,    0,    0,    0,    0,    0,    0,    0,    0,    0,    0,    0,    0,   10,    4,    0,   13,   13,    8,    0,    0,    0,
       0,  -11,    0,   -9,  -14,    0,    0,    0,    0,    0,    0,    0,    0,    0,    0,    0,    0,    0,    0,    0,  -14,    0,    0,    0,    0,    0,    0,    0,    0,    0,    0,    0,    0,    0,  -23,  -16,    0,    0,    0,    0,    0,    0,    0,    0,    0,    0,    0,    0,    0,    0,    0,    0,    0,    0,    0,    0,  -14,    0,    0,    0,    0,    0,    0,    0,    0,    0,    0,    0,    0,    0,    0,    0,    0,    0,    0,    0,    0,    0,    0,    0,    0,    0,    0,    0,    0,    0,    0,    0,    0,    0,    0,    0,    0,    0,    0,    0,    0,    0,    0,    0,    0,    0,    0,    0,    0,    0,    0,    0,    0,    0,    0,    0,    0,    0,    0,    0,    0,    0,    0,    0,    0,    0,    0,    0,    0,    0,    0,    0,    0,    0,    0,    0,    0,    0,    0,    0,    0,    0,    0,    0,    0,    0,    0,    0,    0,    0,    0,    0,    0,    0,    0,    0,    0,    0,    0,    0,    0,    0,    0,    0,    0,    0,   -9,   -8,    0,    0,   -8,    0,    0,    0,    0,    0,    0,    0,    0,    0,    0,   -8,    0,    0,    0,    0,    0,    0,    0,    0,    0,    0,    0,    0,    0,    0,    0,    0,    0,    0,    0,   -9,    0,    0,    0,    0,    0,    0,    0,    0,    0,    0,    0,    0,    0,    0,    0,    0,    0,    0,    0,    0,    0,    0,   -8,   -8,    0,    0,    0,    0,    0,    0,    0,    0,    0,    0,    0,  -13,  -13,    0,  -18,  -18,  -14,    0,    0,    0,
       0,    0,    0,    0,    0,    0,    0,    0,    0,    0,    0,    0,    0,    0,    0,    0,    0,    0,    0,    0,    0,    0,    0,    0,    0,    0,    0,    0,    0,    0,    0,    0,    0,    0,    0,    0,    0,    0,    0,    0,    0,    0,    0,    0,    0,    0,    0,    0,    0,    0,    0,    0,    0,    0,    0,    0,    0,    0,    0,    0,    0,    0,    0,    0,    0,    0,    0,    0,    0,    0,    0,    0,    0,    0,    0,    0,    0,    0,    0,    0,    0,    0,    0,    0,    0,    0,    0,    0,    0,    0,    0,    0,    0,    0,    0,    0,    0,    0,    0,    0,    0,    0,    0,    0,    0,    0,    0,    0,    0,    0,    0,    0,    0,    0,    0,    0,    0,    0,    0,    0,    0,    0,    0,    0,    0,    0,    0,    0,    0,    0,    0,    0,    0,    0,    0,    0,   -8,    0,    0,    0,    0,   -6,   -8,   -8,  -11,  -13,   -6,    0,  -10,    0,   -7,   -6,   -4,   -6,   -4,   -5,  -21,   -4,   -8,   -7,   -5,  -19,    0,    0,   -6,    0,    0,   -6,   -8,   -4,    0,    0,    0,    0,    0,    0,   -5,    0,    0,    0,    0,    0,    0,    0,    0,    0,    0,    0,    0,    0,    0,    0,    0,    0,    0,   -5,    0,    0,    0,    0,    0,    0,   -6,    0,    0,    0,   -6,   -6,    0,   -4,    0,    0,    0,   -7,    0,    0,   -5,    0,   -4,   -6,    0,    0,    0,  -10,   -6,    0,    0,    0,    0,    0,    0,    0,    0,    0,    0,    0,    0,    0,    0,    0,    0,    0,
       0,    0,    0,    0,    0,    0,    0,    0,    0,    0,    0,    0,    0,    0,    0,    0,    0,    0,    0,    0,    0,    0,    0,    0,    0,    0,    0,    0,    0,    0,    0,    0,    0,    0,    0,    0,    0,    0,    0,    0,    0,    0,    0,    0,    0,    0,    0,    0,    0,    0,    0,    0,    0,    0,    0,    0,    0,    0,    0,    0,    0,    0,    0,    0,    0,    0,    0,    0,    0,    0,    0,    0,    0,    0,    0,    0,    0,    0,    0,    0,    0,    0,    0,    0,    0,    0,    0,    0,    0,    0,    0,    0,    0,    0,    0,    0,    0,    0,    0,    0,    0,    0,    0,    0,    0,    0,    0,    0,    0,    0,    0,    0,    0,    0,    0,    0,    0,    0,    0,    0,    0,    0,    0,    0,    0,    0,    0,    0,    0,    0,    0,    0,    0,    0,    0,    0,    0,    0,    0,    0,    0,    0,    0,    0,    0,    0,    0,    0,    0,    0,    0,    0,    0,    0,    0,    0,  -16,    0,   -4,   -3,    0,  -15,    0,   -1,   -3,    0,    0,   -2,   -2,    0,    0,    0,    0,    0,    0,    0,    0,   -1,    0,    0,    0,    0,    0,    0,    0,    0,    0,    0,    0,    0,    0,    0,    0,    0,    0,    0,    0,    0,    0,    0,    0,    0,   -3,    0,    0,    0,    0,    0,    0,    0,    0,    0,    0,   -3,    0,    0,    0,    0,    0,   -2,   -1,   -1,    0,    0,   -3,    0,    0,    0,    0,    0,    0,    0,    0,    0,    0,    0,    0,    0,    0,    0,    0,    0,
       0,    0,    0,  -11,    0,  -23,  -22,  -23,    0,    0,    0,    0,    0,    0,    0,    0,    0,    0,    0,    0,    0,    0,    0,    0,    0,    0,    0,    0,    0,    0,    0,    0,    0,    0,   -5,  -14,    0,    0,    0,    0,    0,    0,    0,    0,    0,    0,    0,    0,    0,    0,    0,    0,    0,    0,    0,    0,  -13,    0,    0,    0,  -13,  -11,    0,    0,    0,    0,    0,    0,    0,    0,    0,    0,    0,    0,    0,    0,    0,    0,    0,    0,    0,    0,    0,    0,    0,    0,    0,    0,    0,    0,    0,    0,    0,    0,    0,    0,    0,    0,    0,    0,    0,    0,    0,    0,    0,    0,    0,    0,    0,    0,    0,    0,    0,    0,    0,    0,    0,    0,    0,    0,    0,    0,    0,    0,    0,    0,    0,    0,    0,    0,    0,    0,    0,    0,    0,    0,    0,    0,    0,    0,    0,    0,    0,    0,    0,    0,    0,    0,    0,    0,    0,    0,    0,   -3,    0,    0,  -19,  -11,    0,    0,    0,  -42,    0,    0,    0,    0,    0,    0,  -12,  -11,    0,   -1,    0,    0,    0,    0,    0,    0,    0,    0,    0,    0,    0,  -31,    0,    0,    0,    0,    0,    0,    0,    0,    0,   -7,    0,    0,    0,    0,    0,    0,    0,    0,    0,    0,   -3,   -5,   -3,   -3,    0,  -11,    0,    0,    0,    0,    0,    0,    0,    0,  -11,    0,    0,    0,    0,    0,    0,    0,    0,    0,    0,    0,    0,    0,  -11,    0,    0,  -26,    0,    0,    0,    0,    0,    0,
       0,    0,    0,    0,    0,    0,    0,    0,    0,    0,    0,    0,    0,    0,    0,    0,    0,    0,    0,    0,    0,    0,    0,    0,    0,    0,    0,    0,    0,    0,    0,    0,    0,    0,    0,    0,    0,    0,    0,    0,    0,    0,    0,    0,    0,    0,    0,    0,    0,    0,    0,    0,    0,    0,    0,    0,    0,    0,    0,    0,    0,    0,    0,    0,    0,    0,    0,    0,    0,    0,    0,    0,    0,    0,    0,    0,    0,    0,    0,    0,    0,    0,    0,    0,    0,    0,    0,    0,    0,    0,    0,    0,    0,    0,    0,    0,    0,    0,    0,    0,    0,    0,    0,    0,    0,    0,    0,    0,    0,    0,    0,    0,    0,    0,    0,    0,    0,    0,    0,    0,    0,    0,    0,    0,    0,    0,    0,    0,    0,    0,    0,    0,    0,    0,    0,    0,  -38,  -10,    0,    0,    0,    8,  -17,    0,    7,    0,    0,  -15,    0,  -31,  -33,    0,    0,    0,  -13,   -1,    6,   -7,    0,    0,   -1,    6,  -31,  -23,    0,  -25,  -28,    0,    0,   -7,    0,    0,    0,    0,    0,    0,   -1,  -23,    0,    0,    0,    0,    0,    0,    0,    0,    0,    0,    0,    0,    0,    0,    0,    0,    0,   -1,    0,  -31,    0,    0,    0,    0,    0,    0,    0,    0,    0,    0,    0,   -7,    0,    0,    0,    0,    0,    0,   -1,  -10,   -7,    0,  -23,  -23,  -25,    0,    0,    0,    0,    0,    0,    0,    0,    0,    0,    0,    0,    0,    0,    0,    0,    0,    0,    0,
       0,    0,    0,    0,    0,    0,    0,    0,    0,    0,    0,    0,    0,    0,    0,    0,    0,    0,    0,    0,    0,    0,    0,    0,    0,    0,    0,    0,    0,    0,    0,    0,    0,    0,    0,    0,    0,    0,    0,    0,    0,    0,    0,    0,    0,    0,    0,    0,    0,    0,    0,    0,    0,    0,    0,    0,    0,    0,    0,    0,    0,    0,    0,    0,    0,    0,    0,    0,    0,    0,    0,    0,    0,    0,    0,    0,    0,    0,    0,    0,    0,    0,    0,    0,    0,    0,    0,    0,    0,    0,    0,    0,    0,    0,    0,    0,    0,    0,    0,    0,    0,    0,    0,    0,    0,    0,    0,    0,    0,    0,    0,    0,    0,    0,    0,    0,    0,    0,    0,    0,    0,    0,    0,    0,    0,    0,    0,    0,    0,    0,    0,    0,    0,    0,    0,    0,    0,    0,    0,    0,    0,    0,    0,    0,    0,    0,    0,    0,    0,    0,    0,    0,    0,    0,  -13,    0,    4,   -8,    0,    0,    0,    3,  -31,  -26,    0,  -26,  -26,    0,    0,   -8,    0,    0,    0,    0,    0,    0,    0,  -26,    0,    0,    0,    0,    0,    0,    0,    0,    0,    0,    0,    0,    0,    0,    0,    0,    0,    0,    0,  -31,    0,    0,    0,    0,    0,    0,    0,    0,    0,    0,    0,   -8,    0,    0,    0,    0,    0,    0,    0,    0,   -8,    0,  -26,  -26,  -26,    0,    0,    0,    0,    0,    0,    0,    0,    0,    0,    0,    0,    0,    0,    0,    0,    0,    0,    0,
       0,    0,    0,    0,    0,    0,    0,    0,    0,    0,    0,    0,    0,    0,    0,    0,    0,    0,    0,    0,    0,    0,    0,    0,    0,    0,    0,    0,    0,    0,    0,    0,    0,    0,    0,    0,    0,    0,    0,    0,    0,    0,    0,    0,    0,    0,    0,    0,    0,    0,    0,    0,    0,    0,    0,    0,    0,    0,    0,    0,    0,    0,    0,    0,    0,    0,    0,    0,    0,    0,    0,    0,    0,    0,    0,    0,    0,    0,    0,    0,    0,    0,    0,    0,    0,    0,    0,    0,    0,    0,    0,    0,    0,    0,    0,    0,    0,    0,    0,    0,    0,    0,    0,    0,    0,    0,    0,    0,    0,    0,    0,    0,    0,    0,    0,    0,    0,    0,    0,    0,    0,    0,    0,    0,    0,    0,    0,    0,    0,    0,    0,    0,    0,    0,    0,    0,    0,   -8,    0,    0,    0,    3,    0,    0,    3,    0,    0,  -13,    0,    0,    0,    0,    0,    0,  -19,   -5,    0,  -11,    0,    0,   -5,    0,  -35,  -33,    0,  -29,  -31,   -2,    0,  -11,    0,    0,    0,    0,    0,    0,   -5,  -33,    0,    0,    0,    0,    0,    0,    0,    0,    0,    0,    0,    0,    0,    0,    0,    0,    0,   -5,    0,  -35,    0,    0,    0,    0,    0,    0,    0,    0,    0,    0,    0,  -11,    0,    0,    0,    0,    0,    0,   -5,   -8,  -11,   -2,  -33,  -33,  -29,    0,    0,    0,    0,    0,    0,    0,    0,    0,    0,    0,    0,    0,    0,    0,    0,    0,    0,    0,
       0,    0,    0,    0,    0,    0,    0,    0,    0,    0,    0,    0,    0,    0,    0,    0,    0,    0,    0,    0,    0,    0,    0,    0,    0,    0,    0,    0,    0,    0,    0,    0,    0,    0,    0,    0,    0,    0,    0,    0,    0,    0,    0,    0,    0,    0,    0,    0,    0,    0,    0,    0,    0,    0,    0,    0,    0,    0,    0,    0,    0,    0,    0,    0,    0,    0,    0,    0,    0,    0,    0,    0,    0,    0,    0,    0,    0,    0,    0,    0,    0,    0,    0,    0,    0,    0,    0,    0,    0,    0,    0,    0,    0,    0,    0,    0,    0,    0,    0,    0,    0,    0,    0,    0,    0,    0,    0,    0,    0,    0,    0,    0,    0,    0,    0,    0,    0,    0,    0,    0,    0,    0,    0,    0,    0,    0,    0,    0,    0,    0,    0,    0,    0,    0,    0,    0,    0,    0,    0,    0,    0,    0,    0,    0,    0,    0,    0,    0,    0,    0,    0,    0,    0,    0,   -6,    0,    0,   -8,    0,    0,    0,    0,    0,    0,    0,    0,    0,    0,    0,   -8,    0,    0,    0,    0,    0,    0,    0,    0,    0,    0,    0,    0,    0,    0,    0,    0,    0,    0,    0,    0,    0,    0,    0,    0,    0,    0,    0,    0,    0,    0,    0,    0,    0,    0,    0,    0,    0,    0,    0,   -8,    0,    0,    0,    0,    0,    0,    0,    0,   -8,    0,    0,    0,    0,    0,    0,    0,    0,    0,    0,    0,    0,    0,    0,    0,    0,    0,    0,    0,    0,    0,    0,    0,
       0,    0,    0,    0,    0,    0,    0,    0,    0,    0,    0,    0,    0,    0,    0,    0,    0,    0,    0,    0,    0,    0,    0,    0,    0,    0,    0,    0,    0,    0,    0,    0,    0,    0,    0,    0,    0,    0,    0,    0,    0,    0,    0,    0,    0,    0,    0,    0,    0,    0,    0,    0,    0,    0,    0,    0,    0,    0,    0,    0,    0,    0,    0,    0,    0,    0,    0,    0,    0,    0,    0,    0,    0,    0,    0,    0,    0,    0,    0,    0,    0,    0,    0,    0,    0,    0,    0,    0,    0,    0,    0,    0,    0,    0,    0,    0,    0,    0,    0,    0,    0,    0,    0,    0,    0,    0,    0,    0,    0,    0,    0,    0,    0,    0,    0,    0,    0,    0,    0,    0,    0,    0,    0,    0,    0,    0,    0,    0,    0,    0,    0,    0,    0,    0,    0,    0,    0,    0,    0,    0,    0,    0,    0,    0,    0,    0,    0,    0,    0,    0,    0,    0,    0,    0,   -6,    0,    2,   -8,    0,    0,    0,    0,    0,    0,    0,    0,    0,    0,    0,   -8,    0,    0,    0,    0,    0,    0,    0,    0,    0,    0,    0,    0,    0,    0,    0,    0,    0,    0,    0,    0,    0,    0,    0,    0,    0,    0,    0,    0,    0,    0,    0,    0,    0,    0,    0,    0,    0,    0,    0,   -8,    0,    0,    0,    0,    0,    0,    0,    0,   -8,    0,    0,    0,    0,    0,    0,    0,    0,    0,    0,    0,    0,    0,    0,    0,    0,    0,    0,    0,    0,    0,    0,    0,
       0,    0,    0,    0,    0,    0,    0,    0,    0,    0,    0,    0,    0,    0,    0,    0,    0,    0,    0,    0,    0,    0,    0,    0,    0,    0,    0,    0,    0,    0,    0,    0,    0,    0,    0,    0,    0,    0,    0,    0,    0,    0,    0,    0,    0,    0,    0,    0,    0,    0,    0,    0,    0,    0,    0,    0,    0,    0,    0,    0,    0,    0,    0,    0,    0,    0,    0,    0,    0,    0,    0,    0,    0,    0,    0,    0,    0,    0,    0,    0,    0,    0,    0,    0,    0,    0,    0,    0,    0,    0,    0,    0,    0,    0,    0,    0,    0,    0,    0,    0,    0,    0,    0,    0,    0,    0,    0,    0,    0,    0,    0,    0,    0,    0,    0,    0,    0,    0,    0,    0,    0,    0,    0,    0,    0,    0,    0,    0,    0,    0,    0,    0,    0,    0,    0,    0,   -2,    0,    0,    0,    0,    0,   -5,   -4,   -2,   -4,    0,    0,   -5,    0,   -2,    0,   -3,   -4,   -6,   -6,  -14,   -4,   -8,  -10,   -6,  -12,   -5,   -5,   -8,   -5,   -5,  -10,  -13,   -4,    0,    0,    0,    0,    0,    0,   -6,   -5,    0,    0,    0,    0,    0,    0,    0,    0,    0,    0,    0,    0,    0,    0,    0,    0,    0,   -6,    0,   -5,    0,    0,    0,    0,   -8,    0,    0,    0,   -4,   -4,    0,   -4,    0,    0,    0,  -10,    0,    0,   -6,    0,   -4,  -10,   -5,   -5,   -5,   -5,   -8,    0,    0,    0,    0,    0,    0,    0,    0,    0,    0,    0,    0,    0,    0,    0,    0,    0,
       0,    0,    0,    0,    0,    0,    0,    0,    0,    0,    0,    0,    0,    0,    0,    0,    0,    0,    0,    0,    0,    0,    0,    0,    0,    0,    0,    0,    0,    0,    0,    0,    0,    0,    0,    0,    0,    0,    0,    0,    0,    0,    0,    0,    0,    0,    0,    0,    0,    0,    0,    0,    0,    0,    0,    0,    0,    0,    0,    0,    0,    0,    0,    0,    0,    0,    0,    0,    0,    0,    0,    0,    0,    0,    0,    0,    0,    0,    0,    0,    0,    0,    0,    0,    0,    0,    0,    0,    0,    0,    0,    0,    0,    0,    0,    0,    0,    0,    0,    0,    0,    0,    0,    0,    0,    0,    0,    0,    0,    0,    0,    0,    0,    0,    0,    0,    0,    0,    0,    0,    0,    0,    0,    0,    0,    0,    0,    0,    0,    0,    0,    0,    0,    0,    0,    0,    0,    0,    0,    0,    0,    0,    0,    0,    0,    0,    0,    0,    0,    0,    0,    0,    0,    0,    0,    0,   -2,    0,   -2,    0,    0,    0,   -3,   -6,   -5,    0,   -2,    0,   -2,    0,    0,    0,    0,    0,    0,    0,    0,   -6,    0,    0,    0,    0,    0,    0,    0,    0,    0,    0,    0,    0,    0,    0,    0,    0,    0,    0,    0,   -3,    0,    0,    0,    0,   -5,    0,    0,    0,    0,    0,    0,    0,    0,    0,    0,    0,    0,    0,    0,    0,    0,    0,   -6,   -6,    0,    0,   -5,    0,    0,    0,    0,    0,    0,    0,    0,    0,    0,    0,    0,    0,    0,    0,    0,    0,
       0,    0,    0,    0,    0,    0,    0,    0,    0,    0,    0,    0,    0,    0,    0,    0,    0,    0,    0,    0,    0,    0,    0,    0,    0,    0,    0,    0,    0,    0,    0,    0,    0,    0,    0,    0,    0,    0,    0,    0,    0,    0,    0,    0,    0,    0,    0,    0,    0,    0,    0,    0,    0,    0,    0,    0,    0,    0,    0,    0,    0,    0,    0,    0,    0,    0,    0,    0,    0,    0,    0,    0,    0,    0,    0,    0,    0,    0,    0,    0,    0,    0,    0,    0,    0,    0,    0,    0,    0,    0,    0,    0,    0,    0,    0,    0,    0,    0,    0,    0,    0,    0,    0,    0,    0,    0,    0,    0,    0,    0,    0,    0,    0,    0,    0,    0,    0,    0,    0,    0,    0,    0,    0,    0,    0,    0,    0,    0,    0,    0,    0,    0,    0,    0,    0,    0,    0,    0,    0,    0,    0,  -28,    0,  -27,  -33,   -2,    0,    0,    0,    0,    0,    0,   -6,  -11,   -7,   -8,  -43,  -13,   -2,   -4,   -8,  -45,    0,    0,    0,    0,    0,   -3,  -16,  -13,    0,    0,    0,    0,    0,    0,   -8,    0,    0,    0,    0,    0,    0,    0,    0,    0,    0,    0,    0,    0,    0,    0,    0,    0,    0,   -8,    0,    0,    0,    0,    0,    0,    0,    0,    0,    0,  -11,  -11,    0,  -13,    0,    0,    0,   -4,    0,    0,   -8,    0,  -13,   -3,    0,    0,    0,    0,    0,    0,    0,    0,    0,    0,    0,    0,    0,    0,    0,    0,    0,    0,    0,    0,    0,    0,
       0,    0,    0,    0,    0,    0,    0,    0,    0,    0,    0,    0,    0,    0,    0,    0,    0,    0,    0,    0,    0,    0,    0,    0,    0,    0,    0,    0,    0,    0,    0,    0,    0,    0,    0,    0,    0,    0,    0,    0,    0,    0,    0,    0,    0,    0,    0,    0,    0,    0,    0,    0,    0,    0,    0,    0,    0,    0,    0,    0,    0,    0,    0,    0,    0,    0,    0,    0,    0,    0,    0,    0,    0,    0,    0,    0,    0,    0,    0,    0,    0,    0,    0,    0,    0,    0,    0,    0,    0,    0,    0,    0,    0,    0,    0,    0,    0,    0,    0,    0,    0,    0,    0,    0,    0,    0,    0,    0,    0,    0,    0,    0,    0,    0,    0,    0,    0,    0,    0,    0,    0,    0,    0,    0,    0,    0,    0,    0,    0,    0,    0,    0,    0,    0,    0,    0,    0,    0,    0,    0,    0,    0,    0,    0,    0,    0,    0,    0,    0,    0,    0,    0,    0,    0,    0,    0,  -13,    0,   -5,   -4,    0,  -12,    0,   -3,   -5,    0,    0,   -3,   -2,    0,    0,    0,    0,    0,    0,    0,    0,   -3,    0,    0,    0,    0,    0,    0,    0,    0,    0,    0,    0,    0,    0,    0,    0,    0,    0,    0,    0,    0,    0,    0,    0,    0,   -5,    0,    0,    0,    0,    0,    0,    0,    0,    0,    0,   -4,    0,    0,    0,    0,    0,   -3,   -3,   -3,    0,    0,   -5,    0,    0,    0,    0,    0,    0,    0,    0,    0,    0,    0,    0,    0,    0,    0,    0,    0,
       0,    0,    0,    0,    0,    0,    0,    0,    0,    0,    0,    0,    0,    0,    0,    0,    0,    0,    0,    0,    0,    0,    0,    0,    0,    0,    0,    0,    0,    0,    0,    0,    0,    0,    0,    0,    0,    0,    0,    0,    0,    0,    0,    0,    0,    0,    0,    0,    0,    0,    0,    0,    0,    0,    0,    0,    0,    0,    0,    0,    0,    0,    0,    0,    0,    0,    0,    0,    0,    0,    0,    0,    0,    0,    0,    0,    0,    0,    0,    0,    0,    0,    0,    0,    0,    0,    0,    0,    0,    0,    0,    0,    0,    0,    0,    0,    0,    0,    0,    0,    0,    0,    0,    0,    0,    0,    0,    0,    0,    0,    0,    0,    0,    0,    0,    0,    0,    0,    0,    0,    0,    0,    0,    0,    0,    0,    0,    0,    0,    0,    0,    0,    0,    0,    0,    0,    0,  -16,    0,    0,    0,  -31,    0,  -34,  -36,    0,   -3,  -18,    0,    0,    0,   -4,  -18,  -56,  -33,  -42,  -77,  -50,  -34,  -47,  -42,  -77,  -30,  -28,  -30,  -36,  -30,  -47,  -50,  -98,    0,    0,    0,    0,    0,    0,  -42,  -28,    0,    0,    0,    0,    0,    0,    0,    0,    0,    0,    0,    0,    0,    0,    0,    0,    0,  -42,    0,  -30,    0,    0,    0,    0,  -30,    0,    0,    0,  -56,  -56,    0,  -50,    0,    0,    0,  -47,    0,    0,  -42,  -16,  -50,  -47,  -28,  -28,  -36,    0,  -30,    0,    0,    0,    0,    0,    0,    0,    0,    0,    0,    0,    0,    0,    0,    0,    0,    0,
       0,    0,    0,    0,    0,    0,    0,    0,    0,    0,    0,    0,    0,    0,    0,    0,    0,    0,    0,    0,    0,    0,    0,    0,    0,    0,    0,    0,    0,    0,    0,    0,    0,    0,    0,    0,    0,    0,    0,    0,    0,    0,    0,    0,    0,    0,    0,    0,    0,    0,    0,    0,    0,    0,    0,    0,    0,    0,    0,    0,    0,    0,    0,    0,    0,    0,    0,    0,    0,    0,    0,    0,    0,    0,    0,    0,    0,    0,    0,    0,    0,    0,    0,    0,    0,    0,    0,    0,    0,    0,    0,    0,    0,    0,    0,    0,    0,    0,    0,    0,    0,    0,    0,    0,    0,    0,    0,    0,    0,    0,    0,    0,    0,    0,    0,    0,    0,    0,    0,    0,    0,    0,    0,    0,    0,    0,    0,    0,    0,    0,    0,    0,    0,    0,    0,    0,    0,    0,    0,    0,    0,    0,    0,    0,    0,    0,    0,    0,    0,    0,    0,    0,    0,   -9,    0,    0,  -31,  -13,    0,   -4,    0,  -29,    0,    0,    0,    0,    0,   -2,  -13,  -13,    0,    0,    0,    0,    0,    0,    0,    0,    0,    0,    0,    0,    0,    0,    0,    0,    0,    0,    0,    0,    0,    0,    0,    0,    0,    0,    0,    0,    0,    0,    0,    0,    0,    0,    0,    0,   -9,   -9,    0,  -13,    0,    0,    0,   -4,    0,    0,    0,    0,  -13,   -2,    0,    0,    0,    0,    0,    0,    0,    0,    0,    0,    0,    0,    0,    0,    0,    0,    0,    0,    0,    0,    0,    0,
       0,    0,    0,  -11,    0,  -20,  -19,  -20,    0,    0,    0,    0,    0,    0,    0,    0,    0,    0,    0,    0,    0,    0,    0,    0,    0,    0,    0,    0,    0,    0,    0,    0,    0,    0,    0,  -15,    0,    0,    0,    0,    0,    0,    0,    0,    0,    0,    0,    0,    0,    0,    0,    0,    0,    0,    0,    0,  -13,    0,    0,    0,   -5,    0,    0,    0,    0,    0,    0,    0,    0,    0,    0,    0,    0,    0,    0,    0,    0,    0,    0,    0,    0,    0,    0,    0,    0,    0,    0,    0,    0,    0,    0,    0,    0,    0,    0,    0,    0,    0,    0,    0,    0,    0,    0,    0,    0,    0,    0,    0,    0,    0,    0,    0,    0,    0,    0,    0,    0,    0,    0,    0,    0,    0,    0,    0,    0,    0,    0,    0,    0,    0,    0,    0,    0,    0,    0,   -6,  -45,   -1,    0,   -6,    0,  -27,  -23,  -22,  -32,  -26,  -17,    0,  -24,    0,  -43,  -11,  -14,   -5,    0,    0,  -25,   -7,    0,   -2,    0,  -25,    0,    0,    0,    0,    0,   -2,   -8,   -7,    0,   -5,    0,    0,    0,    0,    0,    0,    0,    0,    0,    0,    0,  -25,    0,    0,    0,    0,    0,    0,    0,    0,    0,   -6,   -6,    0,   -6,    0,    0,    0,    0,    5,    0,    0,   -2,   -6,   -5,   -5,    0,   -7,    0,   -4,   -4,   -2,    0,    0,    0,   -1,   -7,   -2,    0,    0,    0,  -24,    0,    0,    0,    0,    0,    0,    0,    0,    0,    0,    0,  -21,    0,    0,    0,    0,    0,    0,
       0,    0,    0,    0,    0,    0,    0,    0,    0,    0,    0,    0,    0,    0,    0,    0,    0,    0,    0,    0,    0,    0,    0,    0,    0,    0,    0,    0,    0,    0,    0,    0,    0,    0,    0,    0,    0,    0,    0,    0,    0,    0,    0,    0,    0,    0,    0,    0,    0,    0,    0,    0,    0,    0,    0,    0,    0,    0,    0,    0,    0,    0,    0,    0,    0,    0,    0,    0,    0,    0,    0,    0,    0,    0,    0,    0,    0,    0,    0,    0,    0,    0,    0,    0,    0,    0,    0,    0,    0,    0,    0,    0,    0,    0,    0,    0,    0,    0,    0,    0,    0,    0,    0,    0,    0,    0,    0,    0,    0,    0,    0,    0,    0,    0,    0,    0,    0,    0,    0,    0,    0,    0,    0,    0,    0,    0,    0,    0,    0,    0,    0,    0,    0,    0,    0,    0,    0,    0,    0,    0,    0,    0,    0,    0,    0,    0,    0,    0,    0,    0,    0,    0,    0,    0,    0,    0,   -8,    0,   -9,   -4,    0,   -7,   -7,   -7,  -10,    0,   -6,   -4,   -2,    0,    0,    0,    0,    0,    0,    0,    0,   -7,    0,    0,    0,    0,    0,    0,    0,    0,    0,    0,    0,    0,    0,    0,    0,    0,    0,    0,    0,   -7,    0,    0,    0,    0,  -10,    0,    0,    0,    0,    0,    0,    0,    0,    0,    0,   -4,    0,    0,    0,    0,    0,   -4,   -7,   -7,    0,    0,  -10,    0,    0,    0,    0,    0,    0,    0,    0,    0,    0,    0,    0,    0,    0,    0,    0,    0,
       0,    0,    0,    0,    0,    0,    0,    0,    0,    0,    0,    0,    0,    0,    0,    0,    0,    0,    0,    0,    0,    0,    0,    0,    0,    0,    0,    0,    0,    0,    0,    0,    0,    0,    0,    0,    0,    0,    0,    0,    0,    0,    0,    0,    0,    0,    0,    0,    0,    0,    0,    0,    0,    0,    0,    0,    0,    0,    0,    0,    0,    0,    0,    0,    0,    0,    0,    0,    0,    0,    0,    0,    0,    0,    0,    0,    0,    0,    0,    0,    0,    0,    0,    0,    0,    0,    0,    0,    0,    0,    0,    0,    0,    0,    0,    0,    0,    0,    0,    0,    0,    0,    0,    0,    0,    0,    0,    0,    0,    0,    0,    0,    0,    0,    0,    0,    0,    0,    0,    0,    0,    0,    0,    0,    0,    0,    0,    0,    0,    0,    0,    0,    0,    0,    0,    0,    0,  -12,    0,    0,    0,   -9,    0,  -10,  -12,    0,   -2,  -14,    0,    0,    0,   -2,   -5,  -20,  -14,  -15,  -27,  -30,   -2,  -14,  -15,  -25,   -3,   -2,   -2,   -9,   -3,  -14,  -22,  -30,    0,    0,    0,    0,    0,    0,  -15,   -2,    0,    0,    0,    0,    0,    0,    0,    0,    0,    0,    0,    0,    0,    0,    0,    0,    0,  -15,    0,   -3,    0,    0,    0,    0,   -2,    0,    0,    0,  -20,  -20,    0,  -30,    0,    0,    0,  -14,    0,    0,  -15,  -12,  -30,  -14,   -2,   -2,   -9,    0,   -2,    0,    0,    0,    0,    0,    0,    0,    0,    0,    0,    0,    0,    0,    0,    0,    0,    0,
       0,    0,    0,    0,    0,    0,    0,    0,    0,    0,    0,    0,    0,    0,    0,    0,    0,    0,    0,    0,    0,    0,    0,    0,    0,    0,    0,    0,    0,    0,    0,    0,    0,    0,    0,    0,    0,    0,    0,    0,    0,    0,    0,    0,    0,    0,    0,    0,    0,    0,    0,    0,    0,    0,    0,    0,    0,    0,    0,    0,    0,    0,    0,    0,    0,    0,    0,    0,    0,    0,    0,    0,    0,    0,    0,    0,    0,    0,    0,    0,    0,    0,    0,    0,    0,    0,    0,    0,    0,    0,    0,    0,    0,    0,    0,    0,    0,    0,    0,    0,    0,    0,    0,    0,    0,    0,    0,    0,    0,    0,    0,    0,    0,    0,    0,    0,    0,    0,    0,    0,    0,    0,    0,    0,    0,    0,    0,    0,    0,    0,    0,    0,    0,    0,    0,    0,    0,    0,    0,    0,    0,    0,    0,    0,    0,    0,    0,    0,    0,    0,    0,    0,    0,    0,    0,    0,   -3,   -6,    0,    0,    0,    0,    0,    0,    0,    0,    0,    0,   -1,   -6,    0,    0,    0,    0,    0,    0,    0,    0,    0,    0,    0,    0,    0,    0,    0,    0,    0,    0,    0,    0,    0,    0,    0,    0,    0,    0,    0,    0,    0,    0,    0,    0,    0,    0,    0,    0,    0,    0,    0,   -6,    0,    0,    0,    0,    0,    0,    0,    0,   -6,    0,    0,    0,    0,    0,    0,    0,    0,    0,    0,    0,    0,    0,    0,    0,    0,    0,    0,    0,    0,    0,    0,    0,
       0,    0,    0,    0,    0,   -4,    0,    0,    0,    0,    0,    0,    0,    0,    0,    0,    0,    0,    0,    0,    0,    0,    0,    0,    0,    0,    0,    0,    0,    0,    0,    0,    0,    0,    0,   -5,    0,    0,    0,    0,    0,    0,    0,    0,    0,    0,    0,    0,    0,    0,    0,    0,    0,    0,    0,    0,   -5,    0,    0,    0,    0,    0,    0,    0,    0,    0,    0,    0,    0,    0,    0,    0,    0,    0,    0,    0,    0,    0,    0,    0,    0,    0,    0,    0,    0,    0,    0,    0,    0,    0,    0,    0,    0,    0,    0,    0,    0,    0,    0,    0,    0,    0,    0,    0,    0,    0,    0,    0,    0,    0,    0,    0,    0,    0,    0,    0,    0,    0,    0,    0,    0,    0,    0,    0,    0,    0,    0,    0,    0,    0,    0,    0,    0,    0,    0,    0,    0,   -5,    0,    0,    0,    0,   -2,   -2,   -2,   -2,    0,   -5,    0,   -2,    0,    0,   -2,  -21,  -12,  -13,  -10,  -22,  -12,  -19,  -13,  -13,  -15,  -17,   -9,  -22,  -10,  -18,  -12,  -22,    0,   -8,   -4,   -4,   -4,    0,  -13,  -17,    0,   -7,    0,   -6,    0,   -9,    0,   -3,    0,   -6,    0,   -7,    0,   -6,   -6,   -7,    0,  -13,    0,  -15,    0,   -6,    0,   -6,   -9,    0,   -9,    0,  -21,  -21,    0,  -22,    0,   -8,   -8,  -19,    0,   -5,  -13,   -5,  -22,  -18,  -17,  -17,  -22,    0,   -9,    0,    0,    0,    0,    0,    0,    0,    0,    0,    0,   -3,    0,    0,    0,    0,    0,    0,
       0,    0,    0,  -12,    0,  -30,  -29,  -27,    0,    0,    0,    0,    0,    0,    0,    0,    0,    0,    0,    0,    0,    0,    0,    0,    0,    0,    0,    0,    0,    0,    0,    0,    0,    0,   -5,  -15,    0,    0,    0,    0,    0,    0,    0,    0,    0,    0,    0,    0,    0,    0,    0,    0,    0,    0,    0,    0,  -13,    0,    0,    0,  -14,  -14,    0,    0,    0,    0,    0,    0,    0,    0,    0,    0,    0,    0,    0,    0,    0,    0,    0,    0,    0,    0,    0,    0,    0,    0,    0,    0,    0,    0,    0,    0,    0,    0,    0,    0,    0,    0,    0,    0,    0,    0,    0,    0,    0,    0,    0,    0,    0,    0,    0,    0,    0,    0,    0,    0,    0,    0,    0,    0,    0,    0,    0,    0,    0,    0,    0,    0,    0,    0,    0,    0,    0,    0,    0,    0,    0,    0,    0,    0,    0,    0,    0,    0,    0,    0,    0,    0,    0,    0,    0,    0,    0,   -3,    0,    0,  -33,  -13,    0,    0,    0,  -32,    0,    0,    0,    0,    0,    0,  -15,  -13,    0,   -2,    0,   12,    0,    0,    0,    0,    0,    0,    0,    0,    0,  -36,    0,    0,    0,    0,    0,    0,    0,    0,    0,   -8,    0,    0,    0,    0,    0,    0,    0,    0,    0,    0,   -3,   -5,   -3,   -3,    0,  -13,    0,    0,    0,    0,    0,    0,    0,    0,  -13,    0,    0,    0,    0,    0,    0,    0,    0,    0,    0,    0,    0,    0,  -14,    0,    0,  -34,    0,    0,    0,    0,    0,    0,
       0,    0,    0,    0,    0,  -50,  -53,  -42,    0,    0,    0,    0,    0,    0,    0,    0,    0,    0,  -30,  -31,    0,    0,    0,    0,    0,    0,    0,    0,    0,    0,    0,    0,    0,    0,    0,    0,    0,    0,    0,    0,    0,    0,    0,    0,    0,    0,    0,    0,    0,    0,    0,    0,    0,    0,    0,    0,    0,    0,    0,    0, -101,  -79,    0,    0,  -87,    0,    0,    0,    0,    0,    0,    0,    0,    0,    0,    0,    0,    0,    0,    0,    0,    0,    0,    0,    0,    0,    0,    0,    0,    0,    0,    0,    0,    0,    0,    0,    0,    0,    0,    0,    0,    0,    0,    0,    0,    0,    0,    0,    0,    0,    0,    0,    0,    0,    0,    0,    0,    0,    0,    0,    0,    0,    0,    0,    0,    0,    0,    0,    0,    0,    0,    0,    0,    0,    0,    0,    0,  -19,   -2,    0,  -49,  -35,    0,  -49,  -40,    0,    0,  -21,    0,    0,    0,    0,  -24, -128,  -40, -118,  -95, -128, -108, -128, -106, -128, -102, -101, -101, -111,  -49, -128,  -72, -128,   12,  -78,   -2,    6,   -2,    5, -117,  -93,   -9,  -56,  -13,  -46,  -50, -113,    0,  -54,    0,  -33,    0,  -56,    0,  -54,  -74,  -60,    0, -113,    0, -108,    0, -100,    0, -100, -101,    0,  -67,    0, -128, -128,  -60, -128,   -1, -128, -128, -108,    0,  -56, -117,  -19, -128, -115,  -98,  -95, -107,    0, -101,    0,    0,    0,    0,    0,    0,    0,  -79,    0,    0,  -49,    0,    0,    0,    0,    0,    0,
       0,   -3,    0,    0,   -8,    0,    0,    0,    0,    0,    0,    0,    0,    0,    0,    0,    0,    0,    0,    0,    0,    0,    0,    0,    0,    0,    0,    0,    0,    0,    0,    0,    0,    0,    0,    0,    0,    0,    0,    0,    0,    0,    0,    0,    0,    0,    0,    0,    0,    0,    0,    0,    0,    0,    0,    0,    0,    0,    0,    0,    0,    0,    0,    0,    0,    0,    0,    0,    0,    0,    0,    0,    0,    0,    0,    0,    0,    0,    0,    0,    0,    0,    0,    0,    0,    0,    0,    0,    0,    0,    0,    0,    0,    0,    0,    0,    0,    0,    0,    0,    0,    0,    0,    0,    0,    0,    0,    0,    0,    0,    0,    0,    0,    0,    0,    0,    0,    0,    0,    0,    0,    0,    0,    0,    0,    0,    0,    0,    0,    0,    0,    0,    0,    0,    0,    0,   -7,    0,    0,    0,    0,    0,   -3,    0,    0,    0,    0,   -2,    0,   -3,   -7,    0,    0,    0,   -3,   -2,    0,   -1,    0,   -1,   -2,    0,  -25,  -19,    0,   -7,  -23,    0,    0,   -1,    0,    0,    0,    0,    0,    0,   -2,  -19,    0,    0,    0,    0,    0,    0,    0,    0,    0,    0,    0,    0,    0,    0,    0,    0,    0,   -2,    0,  -25,  -12,  -18,  -12,  -18,    0,  -10,   -8,    0,    0,    0,    0,   -1,    0,   -1,   -1,   -1,    0,  -12,   -2,    0,   -1,    0,  -19,  -19,   -7,    0,    0,    0,    0,    0,    0,    0,    0,    0,    0,   -4,   -5,    0,    0,    0,    0,    0,    0,    0,
       0,   -5,    0,    0,   -9,    0,    0,    0,    0,    0,    0,    0,    0,    0,    0,    0,    0,    0,    0,    0,   -6,    0,    0,    0,    0,    0,    0,    0,    0,    0,    0,    0,    0,    0,  -21,    0,    0,    0,    0,    0,    0,    0,    0,    0,    0,    0,    0,    0,    0,    0,    0,    0,    0,    0,    0,    0,    0,    0,    0,    0,    0,    0,    0,    0,    0,    0,    0,    0,    0,    0,    0,    0,    0,    0,    0,    0,    0,    0,    0,    0,    0,    0,    0,    0,    0,    0,    0,    0,    0,    0,    0,    0,    0,    0,    0,    0,    0,    0,    0,    0,    0,    0,    0,    0,    0,    0,    0,    0,    0,    0,    0,    0,    0,    0,    0,    0,    0,    0,    0,    0,    0,    0,    0,    0,    0,    0,    0,    0,    0,    0,    0,    0,    0,    0,    0,    0,    0,    0,    0,    0,    0,    0,    0,    0,    0,    0,    0,    0,    0,    0,    0,    0,    0,    0,   -3,    0,    0,    0,    0,    0,    0,    0,   -7,   -9,    0,   -6,   -7,    0,    0,    0,    0,    0,    0,    0,    0,    0,    0,   -9,    0,    0,    0,    0,    0,    0,    0,    0,    0,    0,    0,    0,    0,    0,    0,    0,    0,    0,    0,   -7,    0,   -8,    0,   -8,    0,    0,  -12,    0,    0,    0,    0,    0,    0,    0,    0,    0,    0,   -4,    0,    0,    0,    0,   -9,   -9,   -6,    0,    0,    0,    0,    0,    0,    0,    0,    0,    0,   -5,   -5,    0,   -6,   -6,   -7,    0,    0,    0,
       0,    0,    0,    0,    0,    0,    0,    0,    0,    0,    0,    0,    0,    0,    0,    0,    0,    0,    0,    0,    0,    0,    0,    0,    0,    0,    0,    0,    0,    0,    0,    0,    0,    0,    0,    0,    0,    0,    0,    0,    0,    0,    0,    0,    0,    0,    0,    0,    0,    0,    0,    0,    0,    0,    0,    0,    0,    0,    0,    0,  -15,  -13,    0,    0,    0,    0,    0,    0,    0,    0,    0,    0,    0,    0,    0,    0,    0,    0,    0,    0,    0,    0,    0,    0,    0,    0,    0,    0,    0,    0,    0,    0,    0,    0,    0,    0,    0,    0,    0,    0,    0,    0,    0,    0,    0,    0,    0,    0,    0,    0,    0,    0,    0,    0,    0,    0,    0,    0,    0,    0,    0,    0,    0,    0,    0,    0,    0,    0,    0,    0,    0,    0,    0,    0,    0,    0,    0,  -17,    0,    0,    0,   12,    0,    9,    3,    6,    3,  -25,    6,    0,    0,    0,    8,   -4,  -22,   -5,    2,  -21,    2,   -2,   -5,    7,  -33,  -27,    4,  -35,  -29,   -3,    5,  -21,    0,   -4,   -2,   -1,   -2,    0,   -5,  -27,  -13,  -23,    0,  -24,    0,    0,    0,    0,    0,    0,    0,  -20,    0,  -27,  -40,  -18,   -2,   -5,   -2,  -33,    0,  -27,    0,  -27,    4,  -16,  -37,    0,   -4,   -4,    0,  -21,   -5,  -15,  -15,   -2,    0,  -32,   -5,  -17,  -21,   -3,  -27,  -27,  -35,    6,    4,    0,    0,    0,    0,    0,    0,    0,  -13,    0,    0,    0,    0,    0,    0,    0,    0,    0,
       0,    0,    0,    0,    0,    0,    0,    0,    0,    0,    0,    0,    0,    0,    0,    0,    0,    0,    0,    0,    0,    0,    0,    0,    0,    0,    0,    0,    0,    0,    0,    0,    0,    0,  -11,   -9,    0,    0,    0,    0,    0,    0,    0,    0,    0,    0,    0,    0,    0,    0,    0,    0,    0,    0,    0,    0,   -9,    0,    0,    0,  -13,   -9,    0,    0,    0,    0,    0,    0,    0,    0,    0,    0,    0,    0,    0,    0,    0,    0,    0,    0,    0,    0,    0,    0,    0,    0,    0,    0,    0,    0,    0,    0,    0,    0,    0,    0,    0,    0,    0,    0,    0,    0,    0,    0,    0,    0,    0,    0,    0,    0,    0,    0,    0,    0,    0,    0,    0,    0,    0,    0,    0,    0,    0,    0,    0,    0,    0,    0,    0,    0,    0,    0,    0,    0,    0,    0,    0,    0,    0,    0,    0,    0,    0,    0,    0,    0,    0,    0,    0,    0,    0,    0,    0,    0,   -4,    0,    0,  -11,    0,    0,    0,    0,    0,    0,    0,    0,    0,    0,    2,  -11,    0,    0,    0,    0,    0,    0,    0,    0,    0,   -1,    0,    0,    0,    0,    0,    0,    0,    0,    0,   -2,    0,    0,    0,   -9,    0,    0,    0,    0,    0,    0,    0,    0,    0,    0,   -5,   -4,    0,    0,    0,  -11,    0,   -2,   -2,    0,    0,    0,    0,  -10,  -11,    0,    0,    0,    0,    0,    0,    0,    0,    0,    0,    0,    0,    0,   -9,    0,    0,    0,    0,    0,    0,    0,    0,    0,
       0,    0,    0,    0,    0,    0,    0,    0,    0,    0,    0,    0,    0,    0,    0,    0,    0,    0,    0,    0,    0,    0,    0,    0,    0,    0,    0,    0,    0,    0,    0,    0,    0,    0,    0,    0,    0,    0,    0,    0,    0,    0,    0,    0,    0,    0,    0,    0,    0,    0,    0,    0,    0,    0,    0,    0,    0,    0,    0,    0,  -15,  -14,    0,    0,    0,    0,    0,    0,    0,    0,    0,    0,    0,    0,    0,    0,    0,    0,    0,    0,    0,    0,    0,    0,    0,    0,    0,    0,    0,    0,    0,    0,    0,    0,    0,    0,    0,    0,    0,    0,    0,    0,    0,    0,    0,    0,    0,    0,    0,    0,    0,    0,    0,    0,    0,    0,    0,    0,    0,    0,    0,    0,    0,    0,    0,    0,    0,    0,    0,    0,    0,    0,    0,    0,    0,    0,    0,  -18,    0,    0,    0,   11,    0,    7,    3,    5,    2,  -25,    5,    0,    0,    0,    7,   -4,  -22,   -4,    0,  -21,    0,   -2,   -4,    3,  -32,  -27,    3,  -36,  -29,   -2,    3,  -21,    0,   -3,   -2,   -1,   -2,    0,   -4,  -27,  -13,  -23,    0,  -25,    0,    0,    0,    0,    0,    0,    0,  -20,    0,  -27,  -40,  -18,   -2,   -4,   -2,  -32,    0,  -27,    0,  -27,    3,  -17,  -37,    0,   -4,   -4,    0,  -21,   -5,  -14,  -14,   -2,    0,  -32,   -4,  -18,  -21,   -2,  -27,  -27,  -36,    5,    3,    0,    0,    0,    0,    0,    0,    0,  -14,    0,    0,    0,    0,    0,    0,    0,    0,    0,
       0,    0,    0,    0,    0,    0,    0,    0,    0,    0,    0,    0,    0,    0,    0,    0,    0,    0,    0,    0,    0,    0,    0,    0,    0,    0,    0,    0,    0,    0,    0,    0,    0,    0,  -11,   -9,    0,    0,    0,    0,    0,    0,    0,    0,    0,    0,    0,    0,    0,    0,    0,    0,    0,    0,    0,    0,  -11,    0,    0,    0,  -13,   -9,    0,    0,    0,    0,    0,    0,    0,    0,    0,    0,    0,    0,    0,    0,    0,    0,    0,    0,    0,    0,    0,    0,    0,    0,    0,    0,    0,    0,    0,    0,    0,    0,    0,    0,    0,    0,    0,    0,    0,    0,    0,    0,    0,    0,    0,    0,    0,    0,    0,    0,    0,    0,    0,    0,    0,    0,    0,    0,    0,    0,    0,    0,    0,    0,    0,    0,    0,    0,    0,    0,    0,    0,    0,    0,    0,    0,    0,    0,    0,    0,    0,    0,    0,    0,    0,    0,    0,    0,    0,    0,    0,    0,   -4,    0,    0,  -11,    0,    0,    0,    0,    0,    0,    0,    0,    0,    0,    2,  -11,    0,    0,    0,    0,    0,    0,    0,    0,    0,   -2,    0,    0,    0,    0,    0,    0,    0,    0,    0,   -2,    0,    0,    0,   -9,    0,    0,    0,    0,    0,    0,    0,    0,    2,    0,   -5,   -4,    0,    0,    0,  -11,    0,   -2,   -2,    0,    0,    0,    0,  -10,  -11,    0,    0,    0,    0,    0,    0,    0,    0,    0,    0,    0,    0,    0,   -9,    0,    0,    0,    0,    0,    0,    0,    0,    0,
       0,    0,    0,    0,    0,    0,    0,    0,    0,    0,    0,    0,    0,    0,    0,    0,    0,    0,    0,    0,    0,    0,    0,    0,    0,    0,    0,    0,    0,    0,    0,    0,    0,    0,    0,    0,    0,    0,    0,    0,    0,    0,    0,    0,    0,    0,    0,    0,    0,    0,    0,    0,    0,    0,    0,    0,    0,    0,    0,    0,  -15,  -13,    0,    0,    0,    0,    0,    0,    0,    0,    0,    0,    0,    0,    0,    0,    0,    0,    0,    0,    0,    0,    0,    0,    0,    0,    0,    0,    0,    0,    0,    0,    0,    0,    0,    0,    0,    0,    0,    0,    0,    0,    0,    0,    0,    0,    0,    0,    0,    0,    0,    0,    0,    0,    0,    0,    0,    0,    0,    0,    0,    0,    0,    0,    0,    0,    0,    0,    0,    0,    0,    0,    0,    0,    0,    0,    0,  -17,    0,    0,    0,    0,    0,    0,    0,    0,    0,  -25,    0,    0,    0,    0,    0,   -5,  -23,   -6,    0,  -22,    0,   -3,   -6,    0,  -32,  -29,    0,  -35,  -29,   -4,    0,  -22,    0,    0,    0,    0,   -3,    0,   -6,  -29,    0,    0,    0,    0,    0,    0,    0,    0,    0,    0,    0,    0,    0,    0,    0,    0,    0,   -6,    0,  -32,    0,  -29,    0,  -29,    0,    0,    0,    0,   -5,   -5,    0,  -22,   -6,  -15,  -15,   -3,    0,    0,   -6,  -17,  -22,   -4,  -29,  -29,  -35,    0,    0,    0,    0,    0,    0,    0,    0,    0,  -13,    0,    0,    0,    0,    0,    0,    0,    0,    0,
       0,    0,    0,    0,    0,    0,    0,    0,    0,    0,    0,    0,    0,    0,    0,    0,    0,    0,    0,    0,    0,    0,    0,    0,    0,    0,    0,    0,    0,    0,    0,    0,    0,    0,  -12,  -13,    0,    0,    0,    0,    0,    0,    0,    0,    0,    0,    0,    0,    0,    0,    0,    0,    0,    0,    0,    0,  -12,    0,    0,    0,  -13,   -4,    0,    0,    0,    0,    0,    0,    0,    0,    0,    0,    0,    0,    0,    0,    0,    0,    0,    0,    0,    0,    0,    0,    0,    0,    0,    0,    0,    0,    0,    0,    0,    0,    0,    0,    0,    0,    0,    0,    0,    0,    0,    0,    0,    0,    0,    0,    0,    0,    0,    0,    0,    0,    0,    0,    0,    0,    0,    0,    0,    0,    0,    0,    0,    0,    0,    0,    0,    0,    0,    0,    0,    0,    0,    0,    0,    0,    0,    0,    0,    0,    0,    0,    0,    0,    0,    0,    0,    0,    0,    0,    0,    0,   -5,    0,    0,  -10,    0,    0,    0,    0,    0,    0,    0,    0,    0,    0,    0,  -10,    0,    0,    0,    0,    0,    0,    0,    0,    0,    0,    0,    0,    0,    0,    0,    0,    0,    0,    0,    0,    0,    0,    0,    0,    0,    0,    0,    0,    0,    0,    0,    0,    0,    0,    0,    0,    0,    0,    0,  -10,    0,   -5,   -5,    0,    0,    0,    0,    0,  -10,    0,    0,    0,    0,    0,    0,    0,    0,    0,    0,    0,    0,    0,   -4,    0,    0,    0,    0,    0,    0,    0,    0,    0,
       0,  -38,    0,    0,  -39,    0,    0,    0,    0,    0,    0,    0,    0,    0,    0,    0,    0,    0,    0,    0,   -6,    0,    0,    0,    0,    0,    0,    0,    0,    0,    0,    0,    0,    0,  -26,    0,    0,    0,    0,    0,    0,    0,    0,    0,    0,    0,    0,    0,    0,    0,    0,    0,    0,    0,    0,    0,    0,    0,    0,    0,    0,    0,    0,    0,    0,    0,    0,    0,    0,    0,    0,    0,    0,    0,    0,    0,    0,    0,    0,    0,    0,    0,    0,    0,    0,    0,    0,    0,    0,    0,    0,    0,    0,    0,    0,    0,    0,    0,    0,    0,    0,    0,    0,    0,    0,    0,    0,    0,    0,    0,    0,    0,    0,    0,    0,    0,    0,    0,    0,    0,    0,    0,    0,    0,    0,    0,    0,    0,    0,    0,    0,    0,    0,    0,    0,    0,  -45,    0,    0,    0,    0,    0,  -20,    0,    0,    0,    0,    0,    0,  -16,  -38,    0,    0,    0,   -2,    0,    0,    0,    0,    0,    0,    0,  -34,  -23,    0,   -6,  -30,    0,    0,    0,    0,    0,    0,    0,    0,    0,    0,  -23,    0,    0,    0,    0,    0,    0,    0,    0,    0,    0,    0,    0,    0,    0,    0,    0,    0,    0,    0,  -34,    0,    0,    0,    0,    0,  -15,   -7,    0,    0,    0,    0,    0,    0,    0,    0,    0,    0,  -15,    0,    0,    0,    0,  -23,  -23,   -6,    0,    0,    0,    0,    0,    0,    0,    0,    0,    0,  -43,  -41,    0,  -48,  -49,  -11,    0,    0,    0,
       0,  -40,    0,    0,  -42,    0,    0,    0,    0,    0,    0,    0,    0,    0,    0,    0,    0,    0,    0,    0,  -15,    0,    0,    0,    0,    0,    0,    0,    0,    0,    0,    0,    0,    0,  -39,    0,    0,    0,    0,    0,    0,    0,    0,    0,    0,    0,    0,    0,    0,    0,    0,    0,    0,    0,    0,    0,    0,    0,    0,    0,    0,   -3,    0,    0,    0,    0,    0,    0,    0,    0,    0,    0,    0,    0,    0,    0,    0,    0,    0,    0,    0,    0,    0,    0,    0,    0,    0,    0,    0,    0,    0,    0,    0,    0,    0,    0,    0,    0,    0,    0,    0,    0,    0,    0,    0,    0,    0,    0,    0,    0,    0,    0,    0,    0,    0,    0,    0,    0,    0,    0,    0,    0,    0,    0,    0,    0,    0,    0,    0,    0,    0,    0,    0,    0,    0,    0,    0,    0,    0,    0,    0,    0,    0,    0,    0,    0,    0,    0,    0,    0,    0,    0,    0,    0,   -3,    0,    0,    0,    0,    0,    0,    0,  -37,  -29,    0,  -18,  -33,    0,    0,    0,    0,    0,    0,    0,    0,    0,    0,  -29,    0,    0,    0,    0,    0,    0,    0,    0,    0,    0,    0,    0,    0,    0,    0,    0,    0,    0,    0,  -37,    0,    0,    0,    0,    0,    0,  -21,    0,    0,    0,    0,    0,    0,    0,    0,    0,    0,  -18,    0,    0,    0,    0,  -29,  -29,  -18,    0,    0,    0,    0,    0,    0,    0,    0,    0,   -3,  -40,  -40,    0,  -42,  -42,  -18,    0,    0,    0,
       0,    0,    0,    0,    0,    0,    0,    0,    0,    0,    0,    0,    0,    0,    0,    0,    0,    0,    0,    0,    0,    0,    0,    0,    0,    0,    0,    0,    0,    0,    0,    0,    0,    0,    0,    0,    0,    0,    0,    0,    0,    0,    0,    0,    0,    0,    0,    0,    0,    0,    0,    0,    0,    0,    0,    0,    0,    0,    0,    0,    0,    0,    0,    0,    0,    0,    0,    0,    0,    0,    0,    0,    0,    0,    0,    0,    0,    0,    0,    0,    0,    0,    0,    0,    0,    0,    0,    0,    0,    0,    0,    0,    0,    0,    0,    0,    0,    0,    0,    0,    0,    0,    0,    0,    0,    0,    0,    0,    0,    0,    0,    0,    0,    0,    0,    0,    0,    0,    0,    0,    0,    0,    0,    0,    0,    0,    0,    0,    0,    0,    0,    0,    0,    0,    0,    0,  -40,   -5,    0,    0,    0,    2,  -15,    0,    0,    0,    0,   -6,    0,  -13,  -33,    0,    0,    0,  -11,    0,    0,   -6,    0,    0,    0,    0,  -20,  -21,    0,  -19,  -18,    0,    0,   -6,    0,    0,    0,    0,    0,    0,    0,  -21,    0,    0,    0,    0,    0,    0,    0,    0,    0,    0,    0,    0,    0,    0,    0,    0,    0,    0,    0,  -20,    0,    0,    0,    0,    0,   -7,  -16,    0,    0,    0,    0,   -6,   -2,   -3,   -3,    0,    0,  -16,    0,   -5,   -6,    0,  -21,  -21,  -19,    0,    0,    0,    0,    0,    0,    0,    0,    0,    0,    0,    0,    0,    0,    0,    0,    0,    0,    0,
       0,    0,    0,    0,    0,    0,    0,    0,    0,    0,    0,    0,    0,    0,    0,    0,    0,    0,    0,    0,    0,    0,    0,    0,    0,    0,    0,    0,    0,    0,    0,    0,    0,    0,    0,    0,    0,    0,    0,    0,    0,    0,    0,    0,    0,    0,    0,    0,    0,    0,    0,    0,    0,    0,    0,    0,    0,    0,    0,    0,    0,    0,    0,    0,    0,    0,    0,    0,    0,    0,    0,    0,    0,    0,    0,    0,    0,    0,    0,    0,    0,    0,    0,    0,    0,    0,    0,    0,    0,    0,    0,    0,    0,    0,    0,    0,    0,    0,    0,    0,    0,    0,    0,    0,    0,    0,    0,    0,    0,    0,    0,    0,    0,    0,    0,    0,    0,    0,    0,    0,    0,    0,    0,    0,    0,    0,    0,    0,    0,    0,    0,    0,    0,    0,    0,    0,    0,    0,    0,    0,    0,    0,    0,    0,    0,    0,    0,    0,    0,    0,    0,    0,    0,    0,    0,    0,    0,    0,    0,    0,    0,    0,  -27,  -19,    0,   -3,  -24,    0,    0,    0,    0,    0,    0,    0,    0,    0,    0,  -19,    0,    0,    0,    0,    0,    0,    0,    0,    0,    0,    0,    0,    0,    0,    0,    0,    0,    0,    0,  -27,    0,    0,    0,    0,    0,    0,   -3,    0,    0,    0,    0,    0,    0,    0,    0,    0,    0,  -15,    0,    0,    0,    0,  -19,  -19,   -3,    0,    0,    0,    0,    0,    0,    0,    0,    0,    0,    0,    0,    0,    0,    0,    0,    0,    0,    0,
       0,    0,    0,    4,    0,  -43,  -43,  -38,    0,    0,    0,    0,    0,    0,    0,    0,    0,    0,  -20,  -19,    0,    0,    0,    0,    0,    0,    0,    0,    0,    0,    0,    0,    0,    0,    3,    5,    0,    0,    0,    0,    0,    0,    0,    0,    0,    0,    0,    0,    0,    0,    0,    0,    0,    0,    0,    0,    4,    0,    0,    0,  -41,  -34,    0,    0,  -29,    0,    0,    0,    0,    0,    0,    0,    0,    0,    0,    0,    0,    0,    0,    0,    0,    0,    0,    0,    0,    0,    0,    0,    0,    0,    0,    0,    0,    0,    0,    0,    0,    0,    0,    0,    0,    0,    0,    0,    0,    0,    0,    0,    0,    0,    0,    0,    0,    0,    0,    0,    0,    0,    0,    0,    0,    0,    0,    0,    0,    0,    0,    0,    0,    0,    0,    0,    0,    0,    0,    0,    0,  -20,    0,    0,  -40,  -32,    0,  -36,  -38,    0,   -3,  -22,    0,    0,    0,    0,  -18,  -59,  -36,  -45,  -68,  -58,  -30,  -47,  -45,  -66,  -26,  -29,  -28,  -37,  -26,  -48,  -54, -111,    0,    0,    0,    0,    0,    0,  -45,  -29,    0,    0,    0,    0,    0,    0,    0,    0,    0,    0,    0,    0,    0,    0,    0,    0,    0,  -45,    0,  -26,    0,  -29,    0,  -29,  -28,    0,    0,    0,  -59,  -59,    0,  -58,   -8,  -55,  -55,  -47,    0,    0,  -45,  -20,  -58,  -48,  -29,  -29,  -37,    0,  -28,    0,    0,    0,    0,    0,    0,    0,  -34,    0,    0,  -41,    0,    0,    0,    0,    0,    0,
       0,    0,    0,  -11,    0,  -19,  -19,  -19,    0,    0,    0,    0,    0,    0,    0,    0,    0,    0,    0,    0,    0,    0,    0,    0,    0,    0,    0,    0,    0,    0,    0,    0,    0,    0,   -5,  -14,    0,    0,    0,    0,    0,    0,    0,    0,    0,    0,    0,    0,    0,    0,    0,    0,    0,    0,    0,    0,  -13,    0,    0,    0,   -6,    0,    0,    0,    0,    0,    0,    0,    0,    0,    0,    0,    0,    0,    0,    0,    0,    0,    0,    0,    0,    0,    0,    0,    0,    0,    0,    0,    0,    0,    0,    0,    0,    0,    0,    0,    0,    0,    0,    0,    0,    0,    0,    0,    0,    0,    0,    0,    0,    0,    0,    0,    0,    0,    0,    0,    0,    0,    0,    0,    0,    0,    0,    0,    0,    0,    0,    0,    0,    0,    0,    0,    0,    0,    0,    0,    0,    0,    0,    0,    0,    0,    0,    0,    0,    0,    0,    0,    0,    0,    0,    0,    0,   -6,    0,    0,  -25,   -7,    0,   -2,    0,  -25,    0,    0,    0,    0,    0,   -2,   -8,   -7,    0,    0,    0,    0,    0,    0,    0,    0,    0,    0,    0,    0,    0,    0,    0,    0,    0,    0,    0,    0,    0,    0,    0,    0,    0,    0,    0,    0,    0,    0,    0,    3,    0,    0,    0,    0,   -6,   -6,    0,   -7,    0,   -4,   -4,   -2,    0,    0,    0,    0,   -7,   -2,    0,    0,    0,    0,    0,    0,    0,    0,    0,    0,    0,    0,    0,    0,    0,  -21,    0,    0,    0,    0,    0,    0,
       0,    0,    0,    2,    0,  -39,  -83,  -31,    0,    0,    0,    0,    0,    0,    0,    0,    0,    0,  -20,  -19,    0,    0,    0,    0,    0,    0,    0,    0,    0,    0,    0,    0,    0,    0,    1,    3,    0,    0,    0,    0,    0,    0,    0,    0,    0,    0,    0,    0,    0,    0,    0,    0,    0,    0,    0,    0,    2,    0,    0,    0,  -70,  -62,    0,    0,  -54,    0,    0,    0,    0,    0,    0,    0,    0,    0,    0,    0,    0,    0,    0,    0,    0,    0,    0,    0,    0,    0,    0,    0,    0,    0,    0,    0,    0,    0,    0,    0,    0,    0,    0,    0,    0,    0,    0,    0,    0,    0,    0,    0,    0,    0,    0,    0,    0,    0,    0,    0,    0,    0,    0,    0,    0,    0,    0,    0,    0,    0,    0,    0,    0,    0,    0,    0,    0,    0,    0,    0,    0,  -35,    0,    0,  -40,  -59,    0,  -66,  -31,    0,   -3,  -18,    0,    0,    0,    0,  -18, -106,  -31,  -81,  -58, -102,  -30,  -47,  -72, -125,  -26,  -29,  -28,  -71,  -26,  -48,  -50,  -88,    0,    0,    0,    0,    0,    0,  -81,  -29,    0,    0,    0,    0,    0,    0,    0,    0,    0,    0,    0,    0,    0,    0,    0,    0,    0,  -75,    0,  -26,    0,  -29,    0,  -29,  -28,    0,    0,    0, -106, -106,    0, -102,   -8,  -98,  -98,  -47,    0,    0,  -81,  -35, -102,  -48,  -29,  -29,  -71,    0,  -28,    0,    0,    0,    0,    0,    0,    0,  -62,    0,    0,  -77,    0,    0,    0,    0,    0,    0,
       0,    0,    0,  -11,    0,  -19,  -19,  -19,    0,    0,    0,    0,    0,    0,    0,    0,    0,    0,    0,    0,    0,    0,    0,    0,    0,    0,    0,    0,    0,    0,    0,    0,    0,    0,   -5,  -14,    0,    0,    0,    0,    0,    0,    0,    0,    0,    0,    0,    0,    0,    0,    0,    0,    0,    0,    0,    0,  -13,    0,    0,    0,   -6,    0,    0,    0,    0,    0,    0,    0,    0,    0,    0,    0,    0,    0,    0,    0,    0,    0,    0,    0,    0,    0,    0,    0,    0,    0,    0,    0,    0,    0,    0,    0,    0,    0,    0,    0,    0,    0,    0,    0,    0,    0,    0,    0,    0,    0,    0,    0,    0,    0,    0,    0,    0,    0,    0,    0,    0,    0,    0,    0,    0,    0,    0,    0,    0,    0,    0,    0,    0,    0,    0,    0,    0,    0,    0,    0,    0,    0,    0,    0,    0,    0,    0,    0,    0,    0,    0,    0,    0,    0,    0,    0,    0,   -6,    0,    0,  -25,   -7,    0,   -2,    0,  -25,    0,    4,    2,    0,    0,   -2,   -8,   -7,    0,    0,    0,    0,    0,    0,    0,    4,    0,    0,    0,    0,    0,    0,    0,    0,    0,    0,    0,    0,    0,    0,    0,    0,    0,    0,    0,    0,    0,    3,    0,    3,    2,    0,    0,    0,   -6,   -6,    0,   -7,    0,   -4,   -4,   -2,    0,    0,    0,    0,   -7,   -2,    4,    4,    0,    0,    2,    0,    0,    0,    0,    0,    0,    0,    0,    0,    0,  -21,    0,    0,    0,    0,    0,    0,
       0,    0,    0,    0,    0,    0,    0,    0,    0,    0,    0,    0,    0,    0,    0,    0,    0,    0,    0,    0,    0,    0,    0,    0,    0,    0,    0,    0,    0,    0,    0,    0,    0,    0,    0,    0,    0,    0,    0,    0,    0,    0,    0,    0,    0,    0,    0,    0,    0,    0,    0,    0,    0,    0,    0,    0,    0,    0,    0,    0,  -15,  -13,    0,    0,    0,    0,    0,    0,    0,    0,    0,    0,    0,    0,    0,    0,    0,    0,    0,    0,    0,    0,    0,    0,    0,    0,    0,    0,    0,    0,    0,    0,    0,    0,    0,    0,    0,    0,    0,    0,    0,    0,    0,    0,    0,    0,    0,    0,    0,    0,    0,    0,    0,    0,    0,    0,    0,    0,    0,    0,    0,    0,    0,    0,    0,    0,    0,    0,    0,    0,    0,    0,    0,    0,    0,    0,    0,  -15,    0,    0,    0,    9,    0,    5,    0,    3,    0,  -22,    3,    0,    0,    0,    5,   -4,  -21,   -6,    0,  -21,    0,   -3,   -6,    4,  -30,  -25,    0,  -34,  -26,   -3,    0,  -21,    0,   -4,    0,    5,    0,    0,   -6,  -25,  -11,  -23,    0,  -23,    0,    0,    0,    0,    0,    0,    0,  -20,    0,  -25,  -33,  -19,    0,   -6,    0,  -30,    0,  -24,    0,  -24,    0,  -12,  -36,    0,   -4,   -4,    0,  -21,   -5,  -14,  -14,   -3,    0,  -29,   -6,  -15,  -21,   -3,  -25,  -25,  -34,    3,    0,    0,    0,    0,    0,    0,    0,    0,  -13,    0,    0,    0,    0,    0,    0,    0,    0,    0,
       0,    0,    0,    0,    0,    0,    0,    0,    0,    0,    0,    0,    0,    0,    0,    0,    0,    0,    0,    0,    0,    0,    0,    0,    0,    0,    0,    0,    0,    0,    0,    0,    0,    0,   -5,   -9,    0,    0,    0,    0,    0,    0,    0,    0,    0,    0,    0,    0,    0,    0,    0,    0,    0,    0,    0,    0,   -6,    0,    0,    0,  -14,   -9,    0,    0,    0,    0,    0,    0,    0,    0,    0,    0,    0,    0,    0,    0,    0,    0,    0,    0,    0,    0,    0,    0,    0,    0,    0,    0,    0,    0,    0,    0,    0,    0,    0,    0,    0,    0,    0,    0,    0,    0,    0,    0,    0,    0,    0,    0,    0,    0,    0,    0,    0,    0,    0,    0,    0,    0,    0,    0,    0,    0,    0,    0,    0,    0,    0,    0,    0,    0,    0,    0,    0,    0,    0,    0,    0,    0,    0,    0,    0,    0,    0,    0,    0,    0,    0,    0,    0,    0,    0,    0,    0,    0,   -3,    0,    0,  -12,    0,    0,    0,    0,    0,    0,    2,    0,    0,    0,    2,  -12,    0,    0,    0,    0,    0,    0,    0,    0,    0,    0,    0,    0,    0,    0,    0,    0,    0,    0,    0,    0,    0,    0,    0,  -10,    0,    0,    0,    0,    0,    0,    0,    2,    2,    0,   -6,   -2,    0,    0,    0,  -12,    0,   -4,   -4,    0,    0,    0,    0,   -8,  -12,    0,    0,    0,    0,    0,    2,    0,    0,    0,    0,    0,    0,    0,   -9,    0,    0,    0,    0,    0,    0,    0,    0,    0,
       0,  -27,    0,    0,  -28,    0,    0,    0,    0,    0,    0,    0,    0,    0,    0,    0,    0,    0,    0,    0,   -6,    0,    0,    0,    0,    0,    0,    0,    0,    0,    0,    0,    0,    0,  -22,   -6,    0,    0,    0,    0,    0,    0,    0,    0,    0,    0,    0,    0,    0,    0,    0,    0,    0,    0,    0,    0,   -5,    0,    0,    0,    0,    0,    0,    0,    0,    0,    0,    0,    0,    0,    0,    0,    0,    0,    0,    0,    0,    0,    0,    0,    0,    0,    0,    0,    0,    0,    0,    0,    0,    0,    0,    0,    0,    0,    0,    0,    0,    0,    0,    0,    0,    0,    0,    0,    0,    0,    0,    0,    0,    0,    0,    0,    0,    0,    0,    0,    0,    0,    0,    0,    0,    0,    0,    0,    0,    0,    0,    0,    0,    0,    0,    0,    0,    0,    0,    0,  -44,    0,    0,    0,    0,    0,  -20,    0,    0,    0,    0,    0,    0,   -9,  -38,    0,    0,    0,   -1,    0,    0,    0,    0,    0,    0,    0,  -24,  -17,    0,   -2,  -21,    0,    0,    0,    0,    0,    0,    0,    0,    0,    0,  -17,    0,    0,    0,    0,    0,    0,    0,    0,    0,    0,    0,    0,    0,    0,    0,    0,    0,    0,    0,  -24,  -41,  -16,  -27,  -16,    0,    0,    0,    0,    0,    0,    0,    0,    0,    0,    0,    0,    0,    0,    0,    0,    0,    0,  -17,  -17,   -2,    0,    0,    0,    0,    0,    0,    0,    0,    0,    0,  -31,  -30,    0,  -38,  -38,   -6,    0,    0,    0,
       0,  -41,    0,    0,  -42,    0,    0,    0,    0,    0,    0,    0,    0,    0,    0,    0,    0,    0,    0,    0,  -16,    0,    0,    0,    0,    0,    0,    0,    0,    0,    0,    0,    0,    0,  -36,  -17,    0,    0,    0,    0,    0,    0,    0,    0,    0,    0,    0,    0,    0,    0,    0,    0,    0,    0,    0,    0,  -15,    0,    0,    0,    0,    0,    0,    0,    0,    0,    0,    0,    0,    0,    0,    0,    0,    0,    0,    0,    0,    0,    0,    0,    0,    0,    0,    0,    0,    0,    0,    0,    0,    0,    0,    0,    0,    0,    0,    0,    0,    0,    0,    0,    0,    0,    0,    0,    0,    0,    0,    0,    0,    0,    0,    0,    0,    0,    0,    0,    0,    0,    0,    0,    0,    0,    0,    0,    0,    0,    0,    0,    0,    0,    0,    0,    0,    0,    0,    0,    0,    0,    0,    0,    0,    0,    0,    0,    0,    0,    0,    0,    0,    0,    0,    0,    0,    0,    0,    0,    0,    0,    0,    0,    0,    0,  -37,  -25,    0,   -8,  -33,    0,    0,    0,    0,    0,    0,    0,    0,    0,    0,  -25,    0,    0,    0,    0,    0,    0,    0,    0,    0,    0,    0,    0,    0,    0,    0,    0,    0,    0,    0,  -37,    0,  -22,    0,  -22,    0,    0,    0,    0,    0,    0,    0,    0,    0,    0,    0,    0,    0,    0,    0,    0,    0,    0,  -25,  -25,   -8,    0,    0,    0,    0,    0,    0,    0,    0,    0,    0,  -42,  -41,    0,  -44,  -44,  -18,    0,    0,    0,
       0,    0,    0,    0,    0,    0,    0,    0,    0,    0,    0,    0,    0,    0,    0,    0,    0,    0,    0,    0,    0,    0,    0,    0,    0,    0,    0,    0,    0,    0,    0,    0,    0,    0,    0,   -5,    0,    0,    0,    0,    0,    0,    0,    0,    0,    0,    0,    0,    0,    0,    0,    0,    0,    0,    0,    0,   -4,    0,    0,    0,    0,    0,    0,    0,    0,    0,    0,    0,    0,    0,    0,    0,    0,    0,    0,    0,    0,    0,    0,    0,    0,    0,    0,    0,    0,    0,    0,    0,    0,    0,    0,    0,    0,    0,    0,    0,    0,    0,    0,    0,    0,    0,    0,    0,    0,    0,    0,    0,    0,    0,    0,    0,    0,    0,    0,    0,    0,    0,    0,    0,    0,    0,    0,    0,    0,    0,    0,    0,    0,    0,    0,    0,    0,    0,    0,    0,   -5,    0,    0,    0,    0,    0,   -6,   -5,   -2,   -3,    0,    0,   -4,    0,   -3,    0,   -2,   -2,   -3,   -3,   -3,   -5,    0,   -3,   -3,   -2,    0,    0,   -1,    0,    0,   -3,   -5,   -5,    0,    0,    0,    0,    0,    0,   -3,    0,    0,    0,    0,    0,    0,    0,    0,    0,    0,    0,    0,    0,    0,    0,    0,    0,    0,   -3,    0,    0,    0,    0,    0,    0,   -1,    0,    0,    0,   -2,   -2,    0,   -5,    0,   -2,   -2,   -3,    0,    0,   -3,    0,   -5,   -3,    0,    0,    0,   -4,   -1,    0,    0,    0,    0,    0,    0,    0,    0,    0,    0,    0,    0,    0,    0,    0,    0,    0,
       0,    0,    0,    0,    0,    0,    0,    0,    0,    0,    0,    0,    0,    0,    0,    0,    0,    0,    0,    0,    0,    0,    0,    0,    0,    0,    0,    0,    0,    0,    0,    0,    0,    0,    0,    0,    0,    0,    0,    0,    0,    0,    0,    0,    0,    0,    0,    0,    0,    0,    0,    0,    0,    0,    0,    0,    0,    0,    0,    0,    0,    0,    0,    0,    0,    0,    0,    0,    0,    0,    0,    0,    0,    0,    0,    0,    0,    0,    0,    0,    0,    0,    0,    0,    0,    0,    0,    0,    0,    0,    0,    0,    0,    0,    0,    0,    0,    0,    0,    0,    0,    0,    0,    0,    0,    0,    0,    0,    0,    0,    0,    0,    0,    0,    0,    0,    0,    0,    0,    0,    0,    0,    0,    0,    0,    0,    0,    0,    0,    0,    0,    0,    0,    0,    0,    0,    0,   -3,    0,    0,    0,    0,    0,    0,    0,    0,    0,   -6,    0,    0,    0,    0,    0,   -2,  -10,   -6,    0,   -5,   -4,   -4,   -6,    0,  -34,  -27,   -3,  -18,  -30,   -5,   -3,   -5,    0,    0,    0,    0,    0,    0,   -6,  -27,    0,    0,    0,    0,    0,    0,    0,    0,    0,    0,    0,    0,    0,    0,    0,    0,    0,   -6,    0,  -34,    0,    0,    0,    0,   -3,    0,    0,    0,   -2,   -2,    0,   -5,    0,   -4,   -4,   -4,    0,    0,   -6,   -3,   -5,   -5,  -27,  -27,  -18,    0,   -3,    0,    0,    0,    0,    0,    0,    0,    0,    0,    0,    0,    0,    0,    0,    0,    0,    0,
       0,    0,    0,    0,    0,    0,    0,    0,    0,    0,    0,    0,    0,    0,    0,    0,    0,    0,    0,    0,    0,    0,    0,    0,    0,    0,    0,    0,    0,    0,    0,    0,    0,    0,  -14,    0,    0,    0,    0,    0,    0,    0,    0,    0,    0,    0,    0,    0,    0,    0,    0,    0,    0,    0,    0,    0,    0,    0,    0,    0,    0,    0,    0,    0,    0,    0,    0,    0,    0,    0,    0,    0,    0,    0,    0,    0,    0,    0,    0,    0,    0,    0,    0,    0,    0,    0,    0,    0,    0,    0,    0,    0,    0,    0,    0,    0,    0,    0,    0,    0,    0,    0,    0,    0,    0,    0,    0,    0,    0,    0,    0,    0,    0,    0,    0,    0,    0,    0,    0,    0,    0,    0,    0,    0,    0,    0,    0,    0,    0,    0,    0,    0,    0,    0,    0,    0,    0,    0,    0,    0,    0,    0,    0,    0,    0,    0,    0,    0,    0,    0,    0,    0,    0,    0,   -3,    0,    0,   -3,    0,    0,    0,    0,    0,   -2,    0,   -1,    0,    0,    0,   -3,    0,    0,    0,    0,    0,    0,    0,   -2,    0,    0,    0,    0,    0,    0,    0,    0,    0,    0,    0,    0,    0,    0,    0,    0,    0,    0,    0,    0,    0,    0,    0,    0,    0,    0,    0,    0,    0,    0,    0,   -3,    0,    0,    0,    0,    0,    0,    0,    0,   -3,    0,   -2,   -2,   -1,    0,    0,    0,    0,    0,    0,    0,    0,    0,    0,    0,    0,    0,    0,    0,    0,    0,    0,    0,
       0,    0,    0,    0,    0,    0,    0,    0,    0,    0,    0,    0,    0,    0,    0,    0,    0,    0,    0,    0,    0,    0,    0,    0,    0,    0,    0,    0,    0,    0,    0,    0,    0,    0,    0,    0,    0,    0,    0,    0,    0,    0,    0,    0,    0,    0,    0,    0,    0,    0,    0,    0,    0,    0,    0,    0,    0,    0,    0,    0,    0,    0,    0,    0,    0,    0,    0,    0,    0,    0,    0,    0,    0,    0,    0,    0,    0,    0,    0,    0,    0,    0,    0,    0,    0,    0,    0,    0,    0,    0,    0,    0,    0,    0,    0,    0,    0,    0,    0,    0,    0,    0,    0,    0,    0,    0,    0,    0,    0,    0,    0,    0,    0,    0,    0,    0,    0,    0,    0,    0,    0,    0,    0,    0,    0,    0,    0,    0,    0,    0,    0,    0,    0,    0,    0,    0,    0,    0,    0,    0,    0,    0,    0,   -7,   -3,   -2,    0,    0,   -1,    0,    0,    0,   -5,   -5,   -5,   -6,  -16,   -3,  -18,  -14,   -6,  -14,  -21,  -16,  -19,   -5,  -20,  -13,  -11,   -3,    0,    0,    0,    0,    0,    0,   -6,  -16,    0,    0,    0,    0,    0,    0,    0,    0,    0,    0,    0,    0,    0,    0,    0,    0,    0,   -6,   -2,  -21,    0,    0,    0,    0,  -19,   -4,   -5,    0,   -5,   -5,    0,   -3,    0,   -3,   -3,  -14,    0,  -13,   -6,    0,   -3,  -13,  -16,  -16,   -5,   -1,  -19,    0,    0,    0,    0,    0,    0,    0,    0,    0,    0,    0,    0,    0,    0,    0,    0,    0,
       0,    0,    0,    0,    0,    0,    0,    0,    0,    0,    0,    0,    0,    0,    0,    0,    0,    0,    0,    0,    0,    0,    0,    0,    0,    0,    0,    0,    0,    0,    0,    0,    0,    0,  -17,    0,    0,    0,    0,    0,    0,    0,    0,    0,    0,    0,    0,    0,    0,    0,    0,    0,    0,    0,    0,    0,    0,    0,    0,    0,   -9,   -5,    0,    0,    0,    0,    0,    0,    0,    0,    0,    0,    0,    0,    0,    0,    0,    0,    0,    0,    0,    0,    0,    0,    0,    0,    0,    0,    0,    0,    0,    0,    0,    0,    0,    0,    0,    0,    0,    0,    0,    0,    0,    0,    0,    0,    0,    0,    0,    0,    0,    0,    0,    0,    0,    0,    0,    0,    0,    0,    0,    0,    0,    0,    0,    0,    0,    0,    0,    0,    0,    0,    0,    0,    0,    0,    0,    0,    0,    0,    0,    0,    0,    0,    0,    0,    0,    0,    0,    0,    0,    0,    0,    0,   -4,    0,    0,   -4,    0,    0,    0,    0,    0,   -4,    0,   -4,    0,    0,    0,   -4,    0,    0,    0,    0,    0,    0,    0,   -4,    0,    0,    0,    0,    0,    0,    0,    0,    0,    0,    0,    0,    0,    0,    0,    0,    0,    0,    0,    0,    0,    0,    0,    0,    0,    0,   -9,    0,    0,    0,    0,   -4,    0,    0,    0,    0,    0,    0,    0,    0,   -4,    0,   -4,   -4,   -4,    0,    0,    0,    0,    0,    0,    0,    0,    0,   -5,    0,    0,    0,    0,    0,   -5,    0,    0,    0,
       0,    0,    0,   -4,    0,  -20,  -19,  -20,    0,    0,    0,    0,    0,    0,    0,    0,    0,    0,    0,    0,    0,    0,    0,    0,    0,    0,    0,    0,    0,    0,    0,    0,    0,    0,    0,   -4,    0,    0,    0,    0,    0,    0,    0,    0,    0,    0,    0,    0,    0,    0,    0,    0,    0,    0,    0,    0,   -3,    0,    0,    0,   -5,    0,    0,    0,    0,    0,    0,    0,    0,    0,    0,    0,    0,    0,    0,    0,    0,    0,    0,    0,    0,    0,    0,    0,    0,    0,    0,    0,    0,    0,    0,    0,    0,    0,    0,    0,    0,    0,    0,    0,    0,    0,    0,    0,    0,    0,    0,    0,    0,    0,    0,    0,    0,    0,    0,    0,    0,    0,    0,    0,    0,    0,    0,    0,    0,    0,    0,    0,    0,    0,    0,    0,    0,    0,    0,    0,    0,    0,    0,    0,    0,    0,    0,    0,    0,    0,    0,    0,    0,    0,    0,    0,    0,   -5,    0,    0,  -25,   -7,    0,   -2,    0,  -25,    0,    0,    0,    0,    0,   -2,   -8,   -7,    0,   -5,    0,    0,    0,    0,    0,    0,    0,    0,    0,    0,    0,  -25,    0,    0,    0,    0,    0,    0,    0,    0,    0,   -6,    0,    0,    0,    0,    0,    0,    0,    5,    0,    0,   -2,   -6,   -5,   -5,    0,   -7,    0,   -4,   -4,   -2,    0,    0,    0,   -1,   -7,   -2,    0,    0,    0,    0,    0,    0,    0,    0,    0,    0,    0,    0,    0,    0,    0,  -21,    0,    0,    0,    0,    0,    0,
       0,    0,    0,    0,    0,  -46,  -98,  -36,    0,    0,    0,    0,    0,    0,    0,    0,    0,    0,  -29,  -30,    0,    0,    0,    0,    0,    0,    0,    0,    0,    0,    0,    0,    0,    0,    0,    0,    0,    0,    0,    0,    0,    0,    0,    0,    0,    0,    0,    0,    0,    0,    0,    0,    0,    0,    0,    0,    0,    0,    0,    0, -101,  -78,    0,    0,  -87,    0,    0,    0,    0,    0,    0,    0,    0,    0,    0,    0,    0,    0,    0,    0,    0,    0,    0,    0,    0,    0,    0,    0,    0,    0,    0,    0,    0,    0,    0,    0,    0,    0,    0,    0,    0,    0,    0,    0,    0,    0,    0,    0,    0,    0,    0,    0,    0,    0,    0,    0,    0,    0,    0,    0,    0,    0,    0,    0,    0,    0,    0,    0,    0,    0,    0,    0,    0,    0,    0,    0,    0,  -19,   -2,    0,  -49,  -67,    0,  -92,  -37,    0,    0,  -21,    0,    0,    0,    0,  -24, -128,  -40, -117,  -82, -128, -107, -128, -105, -128, -102, -101, -100, -110,  -49, -128,  -70, -128,   12,  -78,   -2,    6,   -2,    5, -116, -101,   -9,  -56,  -13,  -46,  -50, -113,    0,  -54,    0,  -33,    0,  -56,    0,  -54,  -74,  -60,    0, -117,    0, -102,    0,  -52,    0,  -52, -100,    0,  -67,    0, -128, -128,  -60, -128,   -1,  -73, -128, -108,    0,  -56, -117,  -19, -128, -115, -101, -101, -107,    0, -100,    0,    0,    0,    0,    0,    0,    0,  -79,    0,    0,  -91,    0,    0,    0,    0,    0,    0,
       0,    0,    0,    0,    0,    0,    0,    0,    0,    0,    0,    0,    0,    0,    0,    0,    0,    0,    0,    0,    0,    0,    0,    0,    0,    0,    0,    0,    0,    0,    0,    0,    0,    0,    0,    0,    0,    0,    0,    0,    0,    0,    0,    0,    0,    0,    0,    0,    0,    0,    0,    0,    0,    0,    0,    0,    0,    0,    0,    0,  -15,  -13,    0,    0,    0,    0,    0,    0,    0,    0,    0,    0,    0,    0,    0,    0,    0,    0,    0,    0,    0,    0,    0,    0,    0,    0,    0,    0,    0,    0,    0,    0,    0,    0,    0,    0,    0,    0,    0,    0,    0,    0,    0,    0,    0,    0,    0,    0,    0,    0,    0,    0,    0,    0,    0,    0,    0,    0,    0,    0,    0,    0,    0,    0,    0,    0,    0,    0,    0,    0,    0,    0,    0,    0,    0,    0,    0,  -15,    0,    0,    0,   11,    0,    6,    0,    4,    0,  -22,    4,    0,    0,    0,    6,   -4,  -21,   -6,    0,  -21,    0,   -3,   -6,    4,  -30,  -25,    2,  -34,  -26,   -3,    3,  -21,    0,   -4,    0,    5,    0,    0,   -6,  -25,  -11,  -23,    0,  -23,    0,    0,    0,    0,    0,    0,    0,  -20,    0,  -25,  -33,  -19,    0,   -6,    0,  -30,    0,  -24,    0,  -24,    2,  -12,  -36,    0,   -4,   -4,    0,  -21,   -5,  -14,  -14,   -3,    0,  -29,   -6,  -15,  -21,   -3,  -25,  -25,  -34,    4,    2,    0,    0,    0,    0,    0,    0,    0,  -13,    0,    0,    0,    0,    0,    0,    0,    0,    0,
       0,    0,    0,    0,    0,    0,    0,    0,    0,    0,    0,    0,    0,    0,    0,    0,    0,    0,    0,    0,    0,    0,    0,    0,    0,    0,    0,    0,    0,    0,    0,    0,    0,    0,   -5,  -11,    0,    0,    0,    0,    0,    0,    0,    0,    0,    0,    0,    0,    0,    0,    0,    0,    0,    0,    0,    0,   -6,    0,    0,    0,  -14,   -9,    0,    0,    0,    0,    0,    0,    0,    0,    0,    0,    0,    0,    0,    0,    0,    0,    0,    0,    0,    0,    0,    0,    0,    0,    0,    0,    0,    0,    0,    0,    0,    0,    0,    0,    0,    0,    0,    0,    0,    0,    0,    0,    0,    0,    0,    0,    0,    0,    0,    0,    0,    0,    0,    0,    0,    0,    0,    0,    0,    0,    0,    0,    0,    0,    0,    0,    0,    0,    0,    0,    0,    0,    0,    0,    0,    0,    0,    0,    0,    0,    0,    0,    0,    0,    0,    0,    0,    0,    0,    0,    0,    0,   -3,    0,    0,  -12,    0,    0,    0,    0,    0,    0,    0,    0,    0,    0,    2,  -12,    0,    0,    0,    0,    0,    0,    0,    0,    0,    0,    0,    0,    0,    0,    0,    0,    0,    0,    0,    0,    0,    0,    0,  -10,    0,    0,    0,    0,    0,    0,    0,    2,    0,    0,   -6,   -2,    0,    0,    0,  -12,    0,   -4,   -4,    0,    0,    0,    0,   -8,  -12,    0,    0,    0,    0,    0,    0,    0,    0,    0,    0,    0,    0,    0,   -9,    0,    0,    0,    0,    0,    0,    0,    0,    0,
       0,    0,    0,    0,    0,    0,    0,    0,    0,    0,    0,    0,    0,    0,    0,    0,    0,    0,    0,    0,    0,    0,    0,    0,    0,    0,    0,    0,    0,    0,    0,    0,    0,    0,    0,    0,    0,    0,    0,    0,    0,    0,    0,    0,    0,    0,    0,    0,    0,    0,    0,    0,    0,    0,    0,    0,    0,    0,    0,    0,  -23,  -17,    0,    0,    0,    0,    0,    0,    0,    0,    0,    0,    0,    0,    0,    0,    0,    0,    0,    0,    0,    0,    0,    0,    0,    0,    0,    0,    0,    0,    0,    0,    0,    0,    0,    0,    0,    0,    0,    0,    0,    0,    0,    0,    0,    0,    0,    0,    0,    0,    0,    0,    0,    0,    0,    0,    0,    0,    0,    0,    0,    0,    0,    0,    0,    0,    0,    0,    0,    0,    0,    0,    0,    0,    0,    0,    0,  -23,    0,    0,    0,    3,    0,    0,    0,    0,    0,  -11,    0,    0,    0,    0,    0,   -4,  -15,   -6,    0,  -35,    0,   -3,   -6,    2,  -47,  -41,    0,  -54,  -16,   -3,    0,  -35,    0,   -4,    0,    5,    0,    0,   -6,  -41,  -11,  -23,    0,  -23,    0,    0,    0,    0,    0,    0,    0,  -20,    0,  -25,  -33,  -19,    0,   -6,    0,  -47,    0,  -24,    0,  -24,    0,  -12,  -36,    0,   -4,   -4,    0,  -35,   -5,  -14,  -14,   -3,    0,  -29,   -6,  -23,  -35,   -3,  -41,  -41,  -54,    0,    0,    0,    0,    0,    0,    0,    0,    0,  -17,    0,    0,    0,    0,    0,    0,    0,    0,    0,
       0,    0,    0,    0,    0,    0,    0,    0,    0,    0,    0,    0,    0,    0,    0,    0,    0,    0,    0,    0,    0,    0,    0,    0,    0,    0,    0,    0,    0,    0,    0,    0,    0,    0,   -5,  -11,    0,    0,    0,    0,    0,    0,    0,    0,    0,    0,    0,    0,    0,    0,    0,    0,    0,    0,    0,    0,   -6,    0,    0,    0,  -18,  -11,    0,    0,    0,    0,    0,    0,    0,    0,    0,    0,    0,    0,    0,    0,    0,    0,    0,    0,    0,    0,    0,    0,    0,    0,    0,    0,    0,    0,    0,    0,    0,    0,    0,    0,    0,    0,    0,    0,    0,    0,    0,    0,    0,    0,    0,    0,    0,    0,    0,    0,    0,    0,    0,    0,    0,    0,    0,    0,    0,    0,    0,    0,    0,    0,    0,    0,    0,    0,    0,    0,    0,    0,    0,    0,    0,    0,    0,    0,    0,    0,    0,    0,    0,    0,    0,    0,    0,    0,    0,    0,    0,    0,    0,    0,    0,  -16,    0,    0,    0,    0,    0,    0,    0,    0,    0,    0,    0,  -16,    0,    0,    0,    0,    0,    0,    0,    0,    0,    0,    0,    0,    0,    0,    0,    0,    0,    0,    0,    0,    0,    0,    0,  -10,    0,    0,    0,    0,    0,    0,    0,    2,    0,    0,   -6,   -2,    0,    0,    0,  -16,    0,   -4,   -4,    0,    0,    0,    0,   -8,  -16,    0,    0,    0,    0,    0,    0,    0,    0,    0,    0,    0,    0,    0,  -11,    0,    0,    0,    0,    0,    0,    0,    0,    0,
       0,   -1,    0,   10,  -11,    0,    0,    0,    0,    0,    0,    0,    0,    0,    0,    0,    0,    0,    0,    0,  -12,    0,    0,   -5,   -6,    0,   -5,  -66,  -10,  -35,  -25,   -5,  -56,   -5,    8,   20,    0,    4,    0,    0,   -4,    0,    0,    0,    4,    0,    0,    0,   -3,    0,   -6,   -2,    0,   -6,    0,   12,   20,    0,    0,   -4,    0,    0,    0,   -5,    0,    0,   -5,   -5,   -5,    4,    0,    0,    0,    0,    0,    0,    0,    0,    0,    0,    0,    0,    0,    0,    0,    0,    0,    0,    0,    0,    0,    0,    0,    0,    0,    4,    4,   -5,    0,   -5,    0,    0,    0,    0,   -5,    4,    0,    0,    0,    0,    0,    0,   -3,  -66,    0,    0,    0,    0,    0,    0,    0,    0,    0,   -2,    0,    0,    0,    0,   -5,    0,    0,    0,    0,   -2,    0,    0,    0,    0,    0,    0,    0,    0,    0,    0,    0,    0,    0,    0,    0,    0,    0,    0,    0,    0,    0,    0,    0,    0,    0,    0,    0,    0,    0,    0,    0,    0,    0,    0,    0,    0,    0,    0,    0,    0,    0,    0,    0,    0,    0,    0,    0,    0,    0,    0,    0,    0,    0,    0,    0,    0,    0,    0,    0,    0,    0,    0,    0,    0,    0,    0,    0,    0,    0,    0,    0,    0,    0,    0,    0,    0,    0,    0,    0,    0,    0,    0,    0,    0,    0,    0,    0,    0,    0,    0,    0,    0,    0,    0,    0,    0,    0,    0,    0,  -11,   -6,    0,    8,    8,    0,    0,   -4,   -4,
       0,   -2,    0,    4,  -11,    0,    0,    0,    0,    0,    0,    0,    0,    0,    0,    0,    0,    0,    0,    0,  -12,    0,    0,   -5,   -6,    0,   -5,  -66,  -10,  -35,  -25,   -5,  -56,   -5,    2,    3,    0,    0,    0,    0,   -4,    0,    0,    0,    0,    0,    0,    0,   -3,    0,   -6,   -2,    0,   -6,    0,    0,    3,    0,    0,   -4,    0,    0,    0,   -5,    0,    0,   -5,   -5,   -5,    0,    0,    0,    0,    0,    0,    0,    0,    0,    0,    0,    0,    0,    0,    0,    0,    0,    0,    0,    0,    0,    0,    0,    0,    0,    0,    0,    0,   -5,    0,   -5,    0,    0,    0,    0,   -5,    0,    0,    0,    0,    0,    0,    0,   -3,  -66,    0,    0,    0,    0,    0,    0,    0,    0,    0,   -2,    0,    0,    0,    0,   -5,    0,    0,    0,    0,   -2,    0,    0,    0,    0,    0,    0,    0,    0,    0,    0,    0,    0,    0,    0,    0,    0,    0,    0,    0,    0,    0,    0,    0,    0,    0,    0,    0,    0,    0,    0,    0,    0,    0,    0,    0,    0,    0,    0,    0,    0,    0,    0,    0,    0,    0,    0,    0,    0,    0,    0,    0,    0,    0,    0,    0,    0,    0,    0,    0,    0,    0,    0,    0,    0,    0,    0,    0,    0,    0,    0,    0,    0,    0,    0,    0,    0,    0,    0,    0,    0,    0,    0,    0,    0,    0,    0,    0,    0,    0,    0,    0,    0,    0,    0,    0,    0,    0,    0,    0,  -18,   -9,    0,   -2,   -2,  -13,    0,   -4,   -4,
       0,   -5,    0,   11,  -13,    0,    0,    0,    0,    0,    0,    0,    0,    0,    0,    0,    0,    0,    0,    0,  -11,    0,   -4,   -8,   -2,   -6,   -8,  -62,  -10,  -40,  -32,   -9,  -60,   -6,   10,   22,    0,    6,    0,    0,   -3,    0,    0,    0,    6,    0,    0,    0,   -2,    0,   -6,   -3,   -3,   -7,    0,   15,   22,    0,    0,    0,    0,    0,    0,   -9,    0,    0,   -8,   -8,   -8,    6,    0,    0,    0,    0,    0,    0,    0,    0,    0,    0,    0,    0,    0,    0,    0,    0,    0,    0,    0,    0,    0,    0,    0,    0,    0,    6,    6,   -8,    0,   -8,    0,    0,    0,    0,   -8,    6,    0,    0,    0,    0,    0,    0,   -2,  -62,    0,    0,    0,    0,    0,    0,    0,    0,    0,   -2,    0,    0,    0,    0,   -8,    0,    0,    0,    0,   -2,    0,    0,    0,    0,    0,    0,    0,    0,    0,    0,    0,    0,    0,    0,    0,    0,    0,    0,    0,    0,    0,    0,    0,    0,    0,    0,    0,    0,    0,    0,    0,    0,    0,    0,    0,    0,    0,    0,    0,    0,    0,    0,    0,    0,    0,    0,    0,    0,    0,    0,    0,    0,    0,    0,    0,    0,    0,    0,    0,    0,    0,    0,    0,    0,    0,    0,    0,    0,    0,    0,    0,    0,    0,    0,    0,    0,    0,    0,    0,    0,    0,    0,    0,    0,    0,    0,    0,    0,    0,    0,    0,    0,    0,    0,    0,    0,    0,    0,    0,  -14,   -6,    0,    9,    9,    2,    0,   -3,   -3,
       0,   -6,    0,    5,   -9,    0,    0,    0,    0,    0,    0,    0,    0,    0,    0,    0,    0,    0,    0,    0,  -10,    0,   -4,   -8,   -2,   -6,   -8,  -62,  -10,  -40,  -32,   -9,  -60,   -6,    4,    5,    0,    0,    0,    0,   -3,    0,    0,    0,    0,    0,    0,    0,   -2,    0,   -6,   -3,   -3,   -7,    0,    0,    5,    0,    0,    0,    0,    0,    0,   -9,    0,    0,   -8,   -8,   -8,    0,    0,    0,    0,    0,    0,    0,    0,    0,    0,    0,    0,    0,    0,    0,    0,    0,    0,    0,    0,    0,    0,    0,    0,    0,    0,    0,    0,   -8,    0,   -8,    0,    0,    0,    0,   -8,    0,    0,    0,    0,    0,    0,    0,   -2,  -62,    0,    0,    0,    0,    0,    0,    0,    0,    0,   -2,    0,    0,    0,    0,   -8,    0,    0,    0,    0,   -2,    0,    0,    0,    0,    0,    0,    0,    0,    0,    0,    0,    0,    0,    0,    0,    0,    0,    0,    0,    0,    0,    0,    0,    0,    0,    0,    0,    0,    0,    0,    0,    0,    0,    0,    0,    0,    0,    0,    0,    0,    0,    0,    0,    0,    0,    0,    0,    0,    0,    0,    0,    0,    0,    0,    0,    0,    0,    0,    0,    0,    0,    0,    0,    0,    0,    0,    0,    0,    0,    0,    0,    0,    0,    0,    0,    0,    0,    0,    0,    0,    0,    0,    0,    0,    0,    0,    0,    0,    0,    0,    0,    0,    0,    0,    0,    0,    0,    0,    0,  -18,   -9,    0,   -1,   -1,    2,    0,   -3,   -3,
       0,  -16,    0,   -1,  -14,    0,    0,    0,    0,    0,    0,    0,    0,    0,    0,    0,    0,    0,    0,    0,  -16,    0,   -7,   -8,   -4,  -17,   -8,  -66,  -10,  -40,  -30,  -21,  -59,  -13,   -1,   11,    0,    0,    0,    0,   -6,   -1,    0,    0,    0,    0,    0,    0,   -5,    0,   -7,   -4,  -12,   -9,   -5,    5,   12,    0,    0,   -5,    0,    0,    0,  -10,    0,    0,   -8,   -8,   -8,    0,    0,    0,    0,    0,    0,    0,    0,    0,    0,    0,    0,    0,    0,    0,    0,    0,    0,    0,    0,    0,    0,    0,    0,   -1,   -1,    0,    0,   -8,    0,   -8,    0,    0,    0,    0,   -8,    0,    0,    0,    0,    0,    0,    0,   -5,  -66,   -5,    0,    0,    0,    0,    0,   -1,   -1,    0,   -4,    0,    0,    0,    0,   -8,    0,    0,    0,    0,   -4,    0,    0,    0,    0,    0,    0,    0,    0,    0,    0,    0,    0,    0,    0,    0,    0,    0,    0,    0,    0,    0,    0,    0,    0,    0,    0,    0,    0,    0,    0,    0,    0,    0,    0,    0,    0,    0,    0,    0,    0,    0,    0,    0,    0,    0,    0,    0,    0,    0,    0,    0,    0,    0,    0,    0,    0,    0,    0,    0,    0,    0,    0,    0,    0,    0,    0,    0,    0,    0,    0,    0,    0,    0,    0,    0,    0,    0,    0,    0,    0,    0,    0,    0,    0,    0,    0,    0,    0,    0,    0,    0,    0,    0,    0,    0,    0,    0,    0,    0,  -24,  -17,    0,   -2,   -2,   -7,    0,   -6,   -6,
       0,  -19,    0,   -7,  -14,    0,    0,    0,    0,    0,    0,    0,    0,    0,    0,    0,    0,    0,    0,    0,  -16,    0,   -7,   -8,   -4,  -17,   -8,  -66,  -10,  -40,  -30,  -21,  -59,  -13,   -8,   -6,    0,    0,    0,    0,   -6,   -1,    0,    0,    0,    0,    0,    0,   -5,    0,   -7,   -4,  -12,   -9,   -5,    0,   -5,    0,    0,   -5,    0,    0,    0,  -10,    0,    0,   -8,   -8,   -8,    0,    0,    0,    0,    0,    0,    0,    0,    0,    0,    0,    0,    0,    0,    0,    0,    0,    0,    0,    0,    0,    0,    0,    0,   -1,   -1,    0,    0,   -8,    0,   -8,    0,    0,    0,    0,   -8,    0,    0,    0,    0,    0,    0,    0,   -5,  -66,   -5,    0,    0,    0,    0,    0,   -1,   -1,    0,   -4,    0,    0,    0,    0,   -8,    0,    0,    0,    0,   -4,    0,    0,    0,    0,    0,    0,    0,    0,    0,    0,    0,    0,    0,    0,    0,    0,    0,    0,    0,    0,    0,    0,    0,    0,    0,    0,    0,    0,    0,    0,    0,    0,    0,    0,    0,    0,    0,    0,    0,    0,    0,    0,    0,    0,    0,    0,    0,    0,    0,    0,    0,    0,    0,    0,    0,    0,    0,    0,    0,    0,    0,    0,    0,    0,    0,    0,    0,    0,    0,    0,    0,    0,    0,    0,    0,    0,    0,    0,    0,    0,    0,    0,    0,    0,    0,    0,    0,    0,    0,    0,    0,    0,    0,    0,    0,    0,    0,    0,    0,  -13,  -11,    0,  -11,  -11,   -8,    0,   -6,   -6,
       0,    0,    0,  -11,    0,  -20,  -19,  -20,    0,    0,    0,    0,    0,    0,    0,    0,    0,    0,    0,    0,    0,    0,  -22,   -6,   -1,  -40,   -3,  -45,   -2,  -11,   -7,  -24,  -28,  -15,    0,  -15,   -5,    0,   -7,   -7,    0,   -6,    0,    0,    0,    0,   -7,   -5,    0,    0,    0,    0,    0,    0,    0,    0,  -13,  -13,    0,    0,   -5,    0,    0,    0,    0,    0,   -6,   -6,   -6,    0,   -5,   -5,   -5,   -5,   -7,   -7,   -7,    0,    0,    0,    0,  -12,   -7,   -7,   -7,   -7,    0,   -5,   -5,   -7,   -7,   -7,   -7,   -6,   -6,    0,    0,   -6,    0,   -6,    0,    0,    0,    0,   -6,    0,    0,    0,   -7,    0,   -5,   -5,    0,  -45,    0,   -5,    0,   -7,    0,   -4,   -6,   -6,    0,    0,    0,   -5,   -7,    0,   -6,    0,   -7,    0,    0,    0,    0,    0,    0,    0,    0,    0,    0,    0,    0,    0,    0,    0,    0,    0,    0,    0,    0,    0,    0,    0,    0,    0,    0,    0,    0,    0,    0,    0,    0,    0,    0,    0,    0,    0,    0,    0,    0,    0,    0,    0,    0,    0,    0,    0,    0,    0,    0,    0,    0,    0,    0,    0,    0,    0,    0,    0,    0,    0,    0,    0,    0,    0,    0,    0,    0,    0,    0,    0,    0,    0,    0,    0,    0,    0,    0,    0,    0,    0,    0,    0,    0,    0,    0,    0,    0,    0,    0,    0,    0,    0,    0,   -5,   -5,   -5,   -7,   -7,    0,   -7,    0,    0,    0,  -39,    0,    0,    0,    0,    0,    0,
       0,    0,    0,    0,    0,  -57,  -57,    0,    0,    0,    0,    0,    0,    0,    0,    0,    0,    0,    0,    0,    0,    0,  -33,    0,    0,  -38,    0,    0,    0,    0,    0,    0,    0,    0,    0,    0,  -11,    0,  -15,  -17,    0,  -11,    0,    0,    0,    0,  -17,   -9,    0,    0,    0,    0,    0,    0,    0,    0,    0,    0,    0,    0,    0,    0,    0,    0,    0,  -49,    6,    0,    0,    0,  -11,  -11,  -11,  -11,  -15,  -15,  -15,   12,    0,    5,    0,  -14,  -15,  -15,  -15,  -15,    0,  -11,  -11,  -15,  -15,  -15,  -15,  -11,  -11,   13,    0,    9,    0,    0,    0,    7,    0,    6,    0,    0,    0,    0,  -15,    0,   -9,   -9,    0,    0,    0,  -11,   13,  -15,    0,   -9,  -11,  -11,    0,    0,   14,  -14,  -27,   38,    5,    0,  -15,   14,    0,    0,    0,    0,    0,    0,    0,    0,  -38,  -31,    2,  -32,  -32,    0,    0,    0,    0,    0,    0,    0,    0,  -11,    0,    0,  -21,  -15,    0,    0,    0,  -23,    0,    0,    0,    0,    0,    0,  -12,  -15,    0,   -9,    0,    0,    0,    0,    0,    0,    0,    0,    0,    0,    0,    0,    0,    0,    0,    0,    0,    0,    0,    0,    0,    0,    0,    0,    0,    0,    2,    0,    2,    0,    0,    0,   -7,    0,  -11,  -11,  -48,  -15,    0,   -9,   -9,    0,    0,    0,    0,    0,  -15,    0,    0,    0,    0,    0,    0,  -11,    4,  -11,  -15,   -9,    0,  -11,    0,    0,    0,    0,    0,    0,    0,    0,    0,    0,
       0,    0,  -10,    0,    0,  -57,  -57,  -30,    0,    0,    0,    0,    0,    0,    0,    0,    0,    0,    0,    0,    0,   -6,  -35,    0,    0,  -37,    0,    0,    0,    0,    0,    0,    0,    0,    0,    0,  -14,    0,  -17,  -21,    0,  -13,    0,    0,    0,    0,  -21,  -12,    0,    0,    0,    0,    0,    0,    0,    0,    0,   -5,    0,    0,  -22,  -23,    0,    0,   -5,  -51,    0,    0,    0,    0,  -14,  -14,  -14,  -14,  -17,  -17,  -17,    8,    0,   14,   10,  -12,  -17,  -17,  -17,  -17,    0,  -14,  -14,  -17,  -17,  -17,  -17,  -13,  -13,    7,    2,    2,   10,    0,    6,    6,    0,   15,    0,    0,    0,    0,  -17,    0,  -12,  -12,    0,    0,    0,  -14,   11,  -17,    0,  -11,  -13,  -13,    0,    0,   12,  -23,  -17,   34,    0,    7,  -17,    9,    0,    0,    0,    0,    0,    0,    0,    0,  -37,  -31,    0,  -35,  -33,    0,    0,    0,    0,    0,    0,    0,    0,  -14,    0,    0,  -22,  -17,    0,   -9,    0,  -25,    0,    0,    0,    0,    0,   -9,  -14,  -17,    5,  -12,    0,   10,    0,    2,    0,    0,    0,    0,    0,    0,    0,    0,    0,    0,    0,    0,    0,    0,    0,    0,    0,    0,    0,    0,    0,    0,    0,    0,    0,    0,    0,    0,  -11,    0,  -14,  -14,  -50,  -17,    0,  -11,  -11,   -9,    0,    0,    0,    0,  -17,   -9,    0,    0,    0,    0,    0,  -14,   -7,  -14,  -17,  -19,    0,  -21,  -23,    0,    0,  -56,    0,    0,    0,    0,    0,    0,
       0,  -54,    0,    0,    0,    0,    0,    0,    0,    0,    0,    0,    0,    0,    0,    0,    0,    0,    0,    0,    0,    0,    0,    0,  -10,    0,    0,  -35,   -9,  -36,  -26,    0,  -41,    0,    0,    0,    0,    0,    0,    0,    0,    0,    0,    0,    0,    0,    0,    0,    0,    0,  -21,  -13,    0,  -23,    0,    0,    0,    0,    0,    0,    0,    0,    0,    0,    0,    0,    0,    0,    0,    0,    0,    0,    0,    0,    0,    0,    0,    0,    0,    0,    0,    0,    0,    0,    0,    0,    0,    0,    0,    0,    0,    0,    0,    0,    0,    0,    0,    0,    0,    0,    0,    0,    0,    0,   -3,    0,    0,    0,    0,    0,    0,    0,    0,  -35,    0,    0,    0,    0,    0,    0,    0,    0,    0,  -17,    0,    0,    0,    0,    0,    0,    0,    0,    0,  -17,    0,    0,  -35,  -10,    0,    0,    0,    0,  -14,    0,    0,    0,    0,  -13,    0,  -52,  -31,    0,    0,    0,    0,    0,    0,    0,    0,    0,    0,    0,  -26,  -23,    0,  -29,  -20,    0,    0,    0,    0,    0,    0,    0,    0,    0,    0,  -23,    0,    0,    0,    0,    0,    0,    0,    0,    0,    0,    0,    0,    0,    0,    0,    0,    0,    0,    0,  -26,  -40,  -21,  -77,  -21,    0,  -34,  -24,    0,    0,    0,    0,    0,    0,    0,    0,    0,    0,  -18,    0,  -10,    0,    0,  -23,  -23,  -29,    0,    0,    0,    0,    0,    0,    0,    0,    0,    0,    0,  -56,    0,  -56,  -57,    0,    0,    0,    0,
       0,    0,  -11,    0,    0,  -57,  -57,  -26,    0,    0,    0,    0,    0,    0,    0,    0,    0,    0,    0,    0,    0,    0,  -30,    0,    0,  -37,    0,    0,    0,    0,    0,    0,    0,    0,    0,    0,   -5,    0,  -12,  -15,    0,   -5,    0,    0,    0,    0,  -15,   -3,    0,    0,    0,    0,    0,    0,    0,    0,    0,    0,    0,    0,  -16,  -17,    0,    0,    0,  -46,    0,    0,    0,    0,   -5,   -5,   -5,   -5,  -12,  -12,  -12,    8,    0,    2,    0,  -13,  -12,  -12,  -12,  -12,    0,   -5,   -5,  -12,  -12,  -12,  -12,   -5,   -5,    0,    0,    0,    0,    0,    0,    4,    0,    3,    0,    0,    0,    0,  -12,    0,   -3,   -3,    0,    0,    0,   -5,   11,  -12,    0,   -5,   -5,   -5,    0,    0,   12,   -5,  -12,   29,    0,    0,  -12,   10,    0,    0,    0,    0,    0,    0,    0,    0,  -37,  -30,    0,  -29,  -31,    0,    0,    0,    0,    0,    0,    0,    0,   -5,    0,    0,  -19,  -12,    0,   -3,    0,  -22,    0,    0,    0,    0,    0,   -3,  -10,  -12,    0,   -3,    0,    0,    0,    0,    0,    0,    0,    0,    0,    0,    0,    0,    0,    0,    0,    0,    0,    0,    0,    0,    0,    0,    0,    0,    0,    0,    0,    0,    0,    0,    0,    0,    0,    0,   -5,   -5,  -46,  -12,    0,   -5,   -5,   -3,    0,    0,    0,    0,  -12,   -3,    0,    0,    0,    0,    0,   -5,    3,   -5,  -12,   -6,    0,   -7,  -17,    0,    0,  -56,    0,    0,    0,    0,    0,    0,
       0,    0,  -11,    0,    0,  -61,  -63,  -26,    0,    0,    0,    0,    0,    0,    0,    0,    0,    0,    0,    0,    0,    0,  -30,    0,    0,  -37,    0,    0,    0,    0,    0,    0,    0,    0,    0,    0,   -5,    0,  -12,  -15,    0,   -5,    0,    0,    0,    0,  -15,   -3,    0,    0,    0,    0,    0,    0,    0,    0,    0,    0,    0,    0,  -16,  -17,    0,    0,    0,  -46,    0,    0,    0,    0,   -5,   -5,   -5,   -5,  -12,  -12,  -12,    8,    0,    2,    0,  -13,  -12,  -12,  -12,  -12,    0,   -5,   -5,  -12,  -12,  -12,  -12,   -5,   -5,    0,    0,    0,    0,    0,    0,    4,    0,    3,    0,    0,    0,    0,  -12,    0,   -3,   -3,    0,    0,    0,   -5,   11,  -12,    0,   -5,   -5,   -5,    0,    0,   12,   -5,  -12,   29,    0,    0,  -12,   10,    0,    0,    0,    0,    0,    0,    0,    0,  -37,  -30,    0,  -29,  -31,    0,    0,    0,    0,    0,    0,    0,    0,   -5,    0,    0,  -19,  -12,    0,   -3,    0,  -22,    0,    0,    0,    0,    0,   -3,  -10,  -12,    0,   -3,    0,    0,    0,    0,    0,    0,    0,    0,    0,    0,    0,    0,    0,    0,    0,    0,    0,    0,    0,    0,    0,    0,    0,    0,    0,    0,    0,    0,    0,    0,    0,    0,    0,    0,   -5,   -5,  -46,  -12,    0,   -5,   -5,   -3,    0,    0,    0,    0,  -12,   -3,    0,    0,    0,    0,    0,   -5,    3,   -5,  -12,   -6,    0,   -7,  -17,    0,    0,  -57,    0,    0,    0,    0,    0,    0,
       0,    0,    0,    0,    0,    0,    0,    0,    0,   -5,    0,    0,    0,    0,    0,  -15,    0,    0,    0,    0,    0,    0,    0,    0,    0,    0,    0,    0,    0,    0,    0,    0,    0,    0,    0,    0,    0,    0,    0,    0,    0,    0,    0,    0,  -17,    0,    0,    0,    0,    0,    0,    0,    0,    0,    0,    0,    0,    0,    0,    0,    0,    0,    0,    0,    0,    0,    0,    0,    0,    0,    0,    0,    0,    0,    0,    0,    0,    0,    0,    0,    0,    0,    0,    0,    0,    0,    0,    0,    0,    0,    0,    0,    0,    0,    0,    0,    0,    0,    0,    0,    0,    0,    0,    0,    0,  -17,    0,    0,    0,    0,    0,    0,    0,    0,    0,    0,    0,    0,    0,    0,    0,    0,    0,    0,    0,    0,    0,    0,    0,    0,    0,    0,    0,    0,    0,    0,    0,    0,    0,    0,    0,    0,    0,    0,    0,    0,    0,    0,    0,    0,    0,    0,    0,    0,    0,    0,    0,    0,    0,    0,    0,    0,    0,    0,    0,    0,    0,    0,    0,    0,    0,    0,    0,    0,    0,    0,    0,    0,    0,    0,    0,    0,    0,    0,    0,    0,    0,    0,    0,    0,    0,    0,    0,    0,    0,    0,    0,    0,    0,    0,    0,    0,    0,    0,    0,    0,    0,    0,    0,    0,    0,    0,    0,    0,    0,    0,    0,    0,    0,    0,    0,    0,    0,    0,    0,    0,    0,    0,    0,    0,    0,    0,    0,    0,    0,    0,    0,    0,    0,    0,    0,    0,
       0,    0,    0,    2,    0,  -13,  -12,  -17,    0,    0,    0,    0,    0,    0,    0,    0,    0,    0,    0,    0,    0,    0,  -24,   -1,    0,  -36,   -2,    0,    0,    9,    5,    4,    9,    0,    0,    3,   -2,    0,   -9,   -9,    0,   -3,    0,    0,    0,    0,   -9,    0,    0,    0,    0,    0,    0,    0,    0,    0,    2,  -10,    0,    0,   -6,   -8,    0,    0,    0,    0,   -1,   -1,   -1,    0,   -2,   -2,   -2,   -2,   -9,   -9,   -9,   15,    0,    2,   14,  -17,   -9,   -9,   -9,   -9,    0,   -2,   -2,   -9,   -9,   -9,   -9,   -3,   -3,    0,    0,   -1,   11,   -1,   10,   13,    0,    3,   -1,    0,    0,    7,   -9,    0,    0,    0,    0,    0,    0,   -2,   20,   -9,    0,    0,   -3,   -3,    0,    0,   21,    2,   -9,   51,   -1,    9,   -9,   19,    0,    0,    0,    0,    0,    0,    0,    0,    0,    0,    0,    0,    0,    0,    0,    0,    0,    0,    0,    0,    0,    0,    0,    0,    0,    0,    0,    0,    0,    0,    0,    0,    0,    0,    0,    0,    0,    0,    0,    0,    0,    0,    0,    0,    0,    0,    0,    0,    0,    0,    0,    0,    0,    0,    0,    0,    0,    0,    0,    0,    0,    0,    0,    0,    0,    0,    0,    0,    0,    0,    0,    0,    0,    0,    0,    0,    0,    0,    0,    0,    0,    0,    0,    0,    0,    0,    0,    0,    0,    0,    0,    0,    0,   -2,   14,   -2,   -9,   -6,    0,   -8,   -8,    0,    0,  -15,    0,    0,    0,    0,    0,    0,
       0,    0,    0,    0,    0,    0,    0,    0,    0,    0,    0,    0,    0,    0,    0,    0,    0,    0,    0,    0,    0,    0,   -1,   -4,   -5,   -2,   -3,   -2,   -6,    0,   -2,    0,    0,   -3,    0,    0,    0,    0,    0,    0,    0,    0,    0,    0,    0,    0,    0,    0,    0,    0,    0,    0,    0,    0,    0,    0,    0,    0,    0,    0,    0,    0,    0,    0,    0,    0,   -4,   -4,   -4,    0,    0,    0,    0,    0,    0,    0,    0,    0,    0,    0,    0,    0,    0,    0,    0,    0,    0,    0,    0,    0,    0,    0,    0,    0,    0,    0,    0,   -4,    0,   -4,    0,    0,    0,    0,   -4,    0,    0,    0,    0,    0,    0,    0,    0,   -2,    0,    0,    0,    0,    0,    0,    0,    0,    0,    0,    0,    0,    0,   18,   -4,    0,    0,    0,    0,    0,    0,    0,    0,    0,    0,    0,    0,    0,    0,    0,    0,    0,    0,    0,    0,    0,    0,    0,    0,    0,    0,    0,    0,    0,    0,    0,    0,    0,    0,    0,    0,    0,    0,    0,    0,    0,    0,    0,    0,    0,    0,    0,    0,    0,    0,    0,    0,    0,    0,    0,    0,    0,    0,    0,    0,    0,    0,    0,    0,    0,    0,    0,    0,    0,    0,    0,    0,    0,    0,    0,    0,    0,    0,    0,    0,    0,    0,    0,    0,    0,    0,    0,    0,    0,    0,    0,    0,    0,    0,    0,    0,    0,    0,    0,    0,    0,    0,    0,    0,    0,    0,    0,    0,    0,    0,    0,    0,    0,
};

static const EpdLigaturePair lato_16_regularLigaturePairs[] = {
    { 0x00660066, 0xFB00 }, // f f -> U+FB00
    { 0x00660069, 0xFB01 }, // f i -> U+FB01
    { 0x0066006C, 0xFB02 }, // f l -> U+FB02
    { 0xFB000069, 0xFB03 }, // U+FB00 i -> U+FB03
    { 0xFB00006C, 0xFB04 }, // U+FB00 l -> U+FB04
};

static constexpr EpdFontData lato_16_regular = {
    lato_16_regularBitmaps,
    lato_16_regularGlyphs,
    lato_16_regularIntervals,
    68,
    40,
    33,
    -8,
    true,
    lato_16_regularGroups,
    17,
    nullptr,
    lato_16_regularKernLeftClasses,
    lato_16_regularKernRightClasses,
    lato_16_regularKernMatrix,
    723,
    727,
    245,
    242,
    lato_16_regularLigaturePairs,
    5,
};
